"HS Code","Category"
"220300","Aluminum"
"281520","Energy Mineral"
"310420","Energy Mineral"
"310430","Energy Mineral"
"310490","Energy Mineral"
"310510","Energy Mineral"
"310520","Energy Mineral"
"310560","Energy Mineral"
"400912","Auto"
"400922","Auto"
"400932","Auto"
"400942","Auto"
"401110","Auto"
"401120","Auto"
"401219","Auto"
"401220","Auto"
"401310","Auto"
"401699","Auto"
"440710","Lumber (old)"
"440910","Lumber (old)"
"441520","Lumber (old)"
"441899","Lumber (old)"
"442199","Lumber (old)"
"660390","Aluminum"
"681511","Energy Mineral"
"681512","Energy Mineral"
"681513","Energy Mineral"
"681519","Energy Mineral"
"700721","Auto"
"700910","Auto"
"720610","Steel"
"720690","Steel"
"720711","Steel"
"720712","Steel"
"720719","Steel"
"720720","Steel"
"720810","Steel"
"720825","Steel"
"720826","Steel"
"720827","Steel"
"720836","Steel"
"720837","Steel"
"720838","Steel"
"720839","Steel"
"720840","Steel"
"720851","Steel"
"720852","Steel"
"720853","Steel"
"720854","Steel"
"720890","Steel"
"720915","Steel"
"720916","Steel"
"720917","Steel"
"720918","Steel"
"720925","Steel"
"720926","Steel"
"720927","Steel"
"720928","Steel"
"720990","Steel"
"721011","Steel"
"721012","Steel"
"721020","Steel"
"721030","Steel"
"721041","Steel"
"721049","Steel"
"721050","Steel"
"721061","Steel"
"721069","Steel"
"721070","Steel"
"721090","Steel"
"721113","Steel"
"721114","Steel"
"721119","Steel"
"721123","Steel"
"721129","Steel"
"721190","Steel"
"721210","Steel"
"721220","Steel"
"721230","Steel"
"721240","Steel"
"721250","Steel"
"721260","Steel"
"721310","Steel"
"721320","Steel"
"721391","Steel"
"721399","Steel"
"721410","Steel"
"721420","Steel"
"721430","Steel"
"721491","Steel"
"721499","Steel"
"721510","Steel"
"721550","Steel"
"721590","Steel"
"721610","Steel"
"721621","Steel"
"721622","Steel"
"721631","Steel"
"721632","Steel"
"721633","Steel"
"721640","Steel"
"721650","Steel"
"721710","Steel"
"721720","Steel"
"721730","Steel"
"721790","Steel"
"721810","Steel"
"721891","Steel"
"721899","Steel"
"721911","Steel"
"721912","Steel"
"721913","Steel"
"721914","Steel"
"721921","Steel"
"721922","Steel"
"721923","Steel"
"721924","Steel"
"721931","Steel"
"721932","Steel"
"721933","Steel"
"721934","Steel"
"721935","Steel"
"721990","Steel"
"722011","Steel"
"722012","Steel"
"722020","Steel"
"722090","Steel"
"722100","Steel"
"722211","Steel"
"722219","Steel"
"722220","Steel"
"722230","Steel"
"722240","Steel"
"722300","Steel"
"722410","Steel"
"722490","Steel"
"722511","Steel"
"722519","Steel"
"722530","Steel"
"722540","Steel"
"722591","Steel"
"722592","Steel"
"722599","Steel"
"722611","Steel"
"722619","Steel"
"722620","Steel"
"722691","Steel"
"722692","Steel"
"722699","Steel"
"722710","Steel"
"722720","Steel"
"722790","Steel"
"722810","Steel"
"722820","Steel"
"722830","Steel"
"722840","Steel"
"722850","Steel"
"722860","Steel"
"722870","Steel"
"722880","Steel"
"722920","Steel"
"722990","Steel"
"730110","Steel"
"730120","Steel"
"730210","Steel"
"730230","Steel"
"730240","Steel"
"730290","Steel"
"730411","Steel"
"730419","Steel"
"730422","Steel"
"730423","Steel"
"730424","Steel"
"730429","Steel"
"730431","Steel"
"730439","Steel"
"730441","Steel"
"730449","Steel"
"730451","Steel"
"730459","Steel"
"730490","Steel"
"730511","Steel"
"730512","Steel"
"730519","Steel"
"730520","Steel"
"730531","Steel"
"730539","Steel"
"730590","Steel"
"730611","Steel"
"730619","Steel"
"730621","Steel"
"730629","Steel"
"730630","Steel"
"730640","Steel"
"730650","Steel"
"730661","Steel"
"730669","Steel"
"730690","Steel"
"730721","Steel"
"730722","Steel"
"730723","Steel"
"730729","Steel"
"730791","Steel"
"730792","Steel"
"730793","Steel"
"730799","Steel"
"730810","Steel"
"730820","Steel"
"730830","Steel"
"730840","Steel"
"730890","Steel"
"730900","Steel"
"731010","Steel"
"731021","Steel"
"731029","Steel"
"731100","Steel"
"731210","Steel"
"731290","Steel"
"731300","Steel"
"731412","Steel"
"731414","Steel"
"731419","Steel"
"731420","Steel"
"731431","Steel"
"731439","Steel"
"731441","Steel"
"731442","Steel"
"731449","Steel"
"731450","Steel"
"731511","Steel"
"731512","Steel"
"731519","Steel"
"731520","Steel"
"731581","Steel"
"731582","Steel"
"731589","Steel"
"731590","Steel"
"731600","Steel"
"731700","Steel"
"731811","Steel"
"731812","Steel"
"731813","Steel"
"731814","Steel"
"731815","Steel"
"731816","Steel"
"731819","Steel"
"731821","Steel"
"731822","Steel"
"731823","Steel"
"731824","Steel"
"731829","Steel"
"731940","Steel"
"731990","Steel"
"732010","Steel"
"732010","Auto"
"732020","Steel"
"732020","Auto"
"732090","Steel"
"732111","Steel"
"732112","Steel"
"732119","Steel"
"732181","Steel"
"732182","Steel"
"732189","Steel"
"732190","Steel"
"732219","Steel"
"732289","Steel"
"732310","Steel"
"732393","Steel"
"732394","Steel"
"732399","Steel"
"732410","Steel"
"732429","Steel"
"732490","Steel"
"732591","Steel"
"732599","Steel"
"732611","Steel"
"732619","Steel"
"732620","Steel"
"732690","Steel"
"740610","Copper"
"740620","Copper"
"740710","Copper"
"740721","Copper"
"740729","Copper"
"740811","Copper"
"740819","Copper"
"740821","Copper"
"740822","Copper"
"740829","Copper"
"740911","Copper"
"740919","Copper"
"740921","Copper"
"740929","Copper"
"740931","Copper"
"740939","Copper"
"740940","Copper"
"740990","Copper"
"741011","Copper"
"741012","Copper"
"741021","Copper"
"741022","Copper"
"741110","Copper"
"741121","Copper"
"741122","Copper"
"741129","Copper"
"741210","Copper"
"741220","Copper"
"741300","Copper"
"741510","Copper"
"741521","Copper"
"741529","Copper"
"741533","Copper"
"741539","Copper"
"741810","Copper"
"741820","Copper"
"741920","Copper"
"741980","Copper"
"760110","Aluminum"
"760120","Aluminum"
"760410","Aluminum"
"760421","Aluminum"
"760429","Aluminum"
"760511","Aluminum"
"760519","Aluminum"
"760521","Aluminum"
"760529","Aluminum"
"760611","Aluminum"
"760612","Aluminum"
"760691","Aluminum"
"760692","Aluminum"
"760711","Aluminum"
"760719","Aluminum"
"760720","Aluminum"
"760810","Aluminum"
"760820","Aluminum"
"760900","Aluminum"
"761010","Aluminum"
"761090","Aluminum"
"761290","Aluminum"
"761410","Aluminum"
"761490","Aluminum"
"761510","Aluminum"
"761520","Aluminum"
"761610","Aluminum"
"761699","Aluminum"
"830120","Auto"
"830210","Aluminum"
"830210","Auto"
"830220","Aluminum"
"830230","Aluminum"
"830230","Auto"
"830241","Aluminum"
"830242","Aluminum"
"830249","Aluminum"
"830250","Aluminum"
"830260","Aluminum"
"830510","Aluminum"
"830630","Aluminum"
"840731","Auto"
"840732","Auto"
"840733","Auto"
"840734","Auto"
"840820","Auto"
"840991","Auto"
"840999","Auto"
"841330","Auto"
"841391","Auto"
"841430","Auto"
"841459","Aluminum"
"841459","Auto"
"841480","Auto"
"841520","Auto"
"841590","Aluminum"
"841810","Steel"
"841830","Steel"
"841840","Steel"
"841899","Aluminum"
"841950","Aluminum"
"841990","Aluminum"
"842123","Auto"
"842132","Auto"
"842211","Steel"
"842290","Aluminum"
"842490","Aluminum"
"842549","Auto"
"842691","Auto"
"843110","Auto"
"843131","Steel"
"843142","Steel"
"843149","Steel"
"843210","Steel"
"843290","Steel"
"845011","Steel"
"845020","Steel"
"845121","Steel"
"845129","Steel"
"847130","Auto"
"847141","Auto"
"847149","Auto"
"847150","Auto"
"847160","Auto"
"847170","Auto"
"847180","Auto"
"847190","Auto"
"847330","Aluminum"
"847989","Aluminum"
"847990","Aluminum"
"848190","Aluminum"
"848210","Auto"
"848220","Auto"
"848240","Auto"
"848250","Auto"
"848310","Auto"
"848690","Aluminum"
"848790","Aluminum"
"850132","Auto"
"850133","Auto"
"850134","Auto"
"850140","Auto"
"850151","Auto"
"850152","Auto"
"850300","Aluminum"
"850710","Auto"
"850760","Auto"
"850790","Auto"
"850870","Aluminum"
"850980","Steel"
"851110","Auto"
"851120","Auto"
"851130","Auto"
"851140","Auto"
"851150","Auto"
"851180","Auto"
"851190","Auto"
"851220","Auto"
"851230","Auto"
"851240","Auto"
"851290","Auto"
"851390","Aluminum"
"851590","Aluminum"
"851660","Steel"
"851690","Aluminum"
"851771","Aluminum"
"851779","Aluminum"
"851981","Auto"
"852560","Auto"
"852721","Auto"
"852729","Auto"
"852990","Aluminum"
"853641","Auto"
"853690","Aluminum"
"853710","Auto"
"853720","Auto"
"853810","Aluminum"
"853910","Auto"
"854190","Aluminum"
"854390","Aluminum"
"854430","Auto"
"854442","Copper"
"854449","Copper"
"854790","Steel"
"854790","Aluminum"
"870322","Auto"
"870323","Auto"
"870324","Auto"
"870331","Auto"
"870332","Auto"
"870333","Auto"
"870340","Auto"
"870350","Auto"
"870360","Auto"
"870370","Auto"
"870380","Auto"
"870390","Auto"
"870431","Auto"
"870441","Auto"
"870451","Auto"
"870460","Auto"
"870600","Auto"
"870710","Auto"
"870790","Auto"
"870810","Steel"
"870810","Aluminum"
"870810","Auto"
"870821","Auto"
"870822","Auto"
"870829","Steel"
"870829","Aluminum"
"870829","Auto"
"870830","Auto"
"870840","Auto"
"870850","Auto"
"870870","Auto"
"870880","Aluminum"
"870880","Auto"
"870891","Auto"
"870893","Auto"
"870894","Auto"
"870895","Auto"
"870899","Aluminum"
"870899","Auto"
"871680","Aluminum"
"871690","Auto"
"880730","Aluminum"
"901390","Aluminum"
"901510","Auto"
"902910","Auto"
"902920","Auto"
"903190","Aluminum"
"940120","Auto"
"940199","Aluminum"
"940310","Aluminum"
"940320","Steel"
"940321","Aluminum"
"940399","Steel"
"940399","Aluminum"
"940599","Steel"
"940599","Aluminum"
"940620","Steel"
"940690","Steel"
"950611","Aluminum"
"950651","Aluminum"
"950659","Aluminum"
"950670","Aluminum"
"950691","Aluminum"
"950699","Aluminum"
"950730","Aluminum"
"950790","Aluminum"
"960390","Aluminum"
"970421","Auto"
"2504101010","Energy Mineral"
"2504105000","Energy Mineral"
"2504900000","Energy Mineral"
"2511101010","Energy Mineral"
"2511105000","Energy Mineral"
"2529210000","Energy Mineral"
"2529220000","Energy Mineral"
"2530901000","Energy Mineral"
"2602000040","Energy Mineral"
"2602000060","Energy Mineral"
"2603000030","Energy Mineral"
"2604000040","Energy Mineral"
"2.605e+09","Energy Mineral"
"2606000030","Energy Mineral"
"2606000060","Energy Mineral"
"2606000090","Energy Mineral"
"2607000030","Energy Mineral"
"2608000030","Energy Mineral"
"2.609e+09","Energy Mineral"
"2610000020","Energy Mineral"
"2610000040","Energy Mineral"
"2610000060","Energy Mineral"
"2611003000","Energy Mineral"
"2611006000","Energy Mineral"
"2612100000","Energy Mineral"
"2612200000","Energy Mineral"
"2614003000","Energy Mineral"
"2614006020","Energy Mineral"
"2614006040","Energy Mineral"
"2615100000","Energy Mineral"
"2615903000","Energy Mineral"
"2615906030","Energy Mineral"
"2615906060","Energy Mineral"
"2615906090","Energy Mineral"
"2616100030","Energy Mineral"
"2616900030","Energy Mineral"
"2617100000","Energy Mineral"
"2617900030","Energy Mineral"
"2620110000","Energy Mineral"
"2620193000","Energy Mineral"
"2620196030","Energy Mineral"
"2620210030","Energy Mineral"
"2620300030","Energy Mineral"
"2620400030","Energy Mineral"
"2620910000","Energy Mineral"
"2620991000","Energy Mineral"
"2620992000","Energy Mineral"
"2620993000","Energy Mineral"
"2620997520","Energy Mineral"
"2701110000","Energy Mineral"
"2701120010","Energy Mineral"
"2701120050","Energy Mineral"
"2701190050","Energy Mineral"
"2707100000","Energy Mineral"
"2707200000","Energy Mineral"
"2707300010","Energy Mineral"
"2707300020","Energy Mineral"
"2707300030","Energy Mineral"
"2707400000","Energy Mineral"
"2707500000","Energy Mineral"
"2707910000","Energy Mineral"
"2707991000","Energy Mineral"
"2707992000","Energy Mineral"
"2707994000","Energy Mineral"
"2707995100","Energy Mineral"
"2707995500","Energy Mineral"
"2707999010","Energy Mineral"
"2711110000","Energy Mineral"
"2711120000","Energy Mineral"
"2711120010","Energy Mineral"
"2711130010","Energy Mineral"
"2711140010","Energy Mineral"
"2711140020","Energy Mineral"
"2711140030","Energy Mineral"
"2711140040","Energy Mineral"
"2711190010","Energy Mineral"
"2804500020","Energy Mineral"
"2804800000","Energy Mineral"
"2805199010","Energy Mineral"
"2805300000","Energy Mineral"
"2805300005","Energy Mineral"
"2805300010","Energy Mineral"
"2805300015","Energy Mineral"
"2805300020","Energy Mineral"
"2805300050","Energy Mineral"
"2805300090","Energy Mineral"
"2811110000","Energy Mineral"
"2811191000","Energy Mineral"
"2811291000","Energy Mineral"
"2813901000","Energy Mineral"
"2.817e+09","Energy Mineral"
"2818200000","Energy Mineral"
"2818300000","Energy Mineral"
"2819100000","Energy Mineral"
"2819900000","Energy Mineral"
"2820100000","Energy Mineral"
"2820900000","Energy Mineral"
"2822000010","Energy Mineral"
"2822000090","Energy Mineral"
"2.823e+09","Energy Mineral"
"2825200000","Energy Mineral"
"2825300010","Energy Mineral"
"2825300050","Energy Mineral"
"2825400000","Energy Mineral"
"2825600000","Energy Mineral"
"2825800000","Energy Mineral"
"2825901000","Energy Mineral"
"2825901500","Energy Mineral"
"2825902000","Energy Mineral"
"2825903000","Energy Mineral"
"2826120000","Energy Mineral"
"2826300000","Energy Mineral"
"2826909010","Energy Mineral"
"2827350000","Energy Mineral"
"2827391000","Energy Mineral"
"2827392500","Energy Mineral"
"2827394000","Energy Mineral"
"2827396000","Energy Mineral"
"2827396500","Energy Mineral"
"2827491000","Energy Mineral"
"2830901000","Energy Mineral"
"2830901500","Energy Mineral"
"2833240000","Energy Mineral"
"2833270000","Energy Mineral"
"2833291000","Energy Mineral"
"2833293000","Energy Mineral"
"2833294000","Energy Mineral"
"2833294500","Energy Mineral"
"2833295110","Energy Mineral"
"2834290500","Energy Mineral"
"2836910010","Energy Mineral"
"2836910050","Energy Mineral"
"2836991000","Energy Mineral"
"2836992000","Energy Mineral"
"2841300000","Energy Mineral"
"2841501000","Energy Mineral"
"2841610000","Energy Mineral"
"2841690010","Energy Mineral"
"2841690090","Energy Mineral"
"2841800010","Energy Mineral"
"2841800020","Energy Mineral"
"2841800050","Energy Mineral"
"2841901000","Energy Mineral"
"2841903000","Energy Mineral"
"2844101000","Energy Mineral"
"2844102010","Energy Mineral"
"2844102025","Energy Mineral"
"2844420000","Energy Mineral"
"2844430021","Energy Mineral"
"2846100010","Energy Mineral"
"2846100050","Energy Mineral"
"2846902005","Energy Mineral"
"2846902015","Energy Mineral"
"2846902040","Energy Mineral"
"2846902082","Energy Mineral"
"2846902084","Energy Mineral"
"2846904000","Energy Mineral"
"2846908070","Energy Mineral"
"2846908075","Energy Mineral"
"2846908090","Energy Mineral"
"2849902000","Energy Mineral"
"2849903000","Energy Mineral"
"2850001000","Energy Mineral"
"2850002000","Energy Mineral"
"2853909010","Energy Mineral"
"2915293000","Energy Mineral"
"3206200030","Energy Mineral"
"3206420000","Energy Mineral"
"3606903000","Energy Mineral"
"3801101000","Energy Mineral"
"3801105000","Energy Mineral"
"3801105010","Energy Mineral"
"3801105090","Energy Mineral"
"3801200000","Energy Mineral"
"3801300000","Energy Mineral"
"3801900000","Energy Mineral"
"3815110000","Energy Mineral"
"3818000010","Energy Mineral"
"3824993100","Energy Mineral"
"3824993500","Energy Mineral"
"3824993600","Energy Mineral"
"3826001000","Energy Mineral"
"3826003000","Energy Mineral"
"7110110000","Energy Mineral"
"7110110010","Energy Mineral"
"7110110020","Energy Mineral"
"7110110050","Energy Mineral"
"7110190000","Energy Mineral"
"7110210000","Energy Mineral"
"7110290000","Energy Mineral"
"7110310000","Energy Mineral"
"7110390000","Energy Mineral"
"7110410010","Energy Mineral"
"7110410030","Energy Mineral"
"7110410050","Energy Mineral"
"7110490010","Energy Mineral"
"7110490050","Energy Mineral"
"7112920000","Energy Mineral"
"7115100000","Energy Mineral"
"7115906000","Energy Mineral"
"7118900020","Energy Mineral"
"7202111000","Energy Mineral"
"7202115000","Energy Mineral"
"7202191000","Energy Mineral"
"7202195000","Energy Mineral"
"7202300000","Energy Mineral"
"7202410000","Energy Mineral"
"7202491000","Energy Mineral"
"7202495010","Energy Mineral"
"7202495090","Energy Mineral"
"7202500000","Energy Mineral"
"7202600000","Energy Mineral"
"7202800000","Energy Mineral"
"7202910000","Energy Mineral"
"7202920000","Energy Mineral"
"7202934000","Energy Mineral"
"7202938000","Energy Mineral"
"7202991000","Energy Mineral"
"7204210000","Energy Mineral"
"7204410020","Energy Mineral"
"7204410040","Energy Mineral"
"7204410060","Energy Mineral"
"7204410080","Energy Mineral"
"7204490020","Energy Mineral"
"7204490040","Energy Mineral"
"7204490060","Energy Mineral"
"7204490070","Energy Mineral"
"7205100000","Energy Mineral"
"7205290000","Energy Mineral"
"7206100000","Energy Mineral"
"7206900000","Energy Mineral"
"7207110000","Energy Mineral"
"7207120010","Energy Mineral"
"7207120050","Energy Mineral"
"7207190030","Energy Mineral"
"7207190090","Energy Mineral"
"7207200025","Energy Mineral"
"7207200045","Energy Mineral"
"7207200075","Energy Mineral"
"7207200090","Energy Mineral"
"7208101500","Energy Mineral"
"7208103000","Energy Mineral"
"7208106000","Energy Mineral"
"7208245090","Energy Mineral"
"7208253000","Energy Mineral"
"7208256000","Energy Mineral"
"7208260030","Energy Mineral"
"7208260060","Energy Mineral"
"7208270060","Energy Mineral"
"7208360030","Energy Mineral"
"7208360060","Energy Mineral"
"7208370030","Energy Mineral"
"7208370060","Energy Mineral"
"7208380015","Energy Mineral"
"7208380030","Energy Mineral"
"7208380090","Energy Mineral"
"7208390030","Energy Mineral"
"7208390090","Energy Mineral"
"7208403030","Energy Mineral"
"7208403060","Energy Mineral"
"7208406060","Energy Mineral"
"7208510030","Energy Mineral"
"7208510045","Energy Mineral"
"7208510060","Energy Mineral"
"7208520000","Energy Mineral"
"7208530000","Energy Mineral"
"7208540000","Energy Mineral"
"7208900000","Energy Mineral"
"7209150000","Energy Mineral"
"7209160060","Energy Mineral"
"7209160070","Energy Mineral"
"7209160091","Energy Mineral"
"7209170060","Energy Mineral"
"7209170070","Energy Mineral"
"7209170091","Energy Mineral"
"7209181530","Energy Mineral"
"7209181560","Energy Mineral"
"7209182520","Energy Mineral"
"7209182585","Energy Mineral"
"7209186020","Energy Mineral"
"7209186090","Energy Mineral"
"7209250000","Energy Mineral"
"7209260000","Energy Mineral"
"7209270000","Energy Mineral"
"7209280000","Energy Mineral"
"7209900000","Energy Mineral"
"7211130000","Energy Mineral"
"7211140030","Energy Mineral"
"7211140045","Energy Mineral"
"7211140090","Energy Mineral"
"7211191000","Energy Mineral"
"7211191500","Energy Mineral"
"7211192000","Energy Mineral"
"7211193000","Energy Mineral"
"7211194500","Energy Mineral"
"7211195000","Energy Mineral"
"7211196000","Energy Mineral"
"7211197530","Energy Mineral"
"7211197560","Energy Mineral"
"7211197590","Energy Mineral"
"7211231500","Energy Mineral"
"7211232000","Energy Mineral"
"7211233000","Energy Mineral"
"7211234500","Energy Mineral"
"7211236030","Energy Mineral"
"7211236060","Energy Mineral"
"7211236090","Energy Mineral"
"7211292030","Energy Mineral"
"7211292090","Energy Mineral"
"7211294500","Energy Mineral"
"7211296030","Energy Mineral"
"7211296080","Energy Mineral"
"7211900000","Energy Mineral"
"7212600000","Energy Mineral"
"7213100000","Energy Mineral"
"7213913011","Energy Mineral"
"7213913015","Energy Mineral"
"7213913093","Energy Mineral"
"7213990030","Energy Mineral"
"7213990060","Energy Mineral"
"7213990090","Energy Mineral"
"7214100000","Energy Mineral"
"7214910016","Energy Mineral"
"7214910020","Energy Mineral"
"7214990016","Energy Mineral"
"7214990021","Energy Mineral"
"7214990026","Energy Mineral"
"7214990060","Energy Mineral"
"7215500016","Energy Mineral"
"7215500018","Energy Mineral"
"7215500020","Energy Mineral"
"7217101000","Energy Mineral"
"7217102000","Energy Mineral"
"7217103000","Energy Mineral"
"7217104030","Energy Mineral"
"7217104040","Energy Mineral"
"7217104045","Energy Mineral"
"7217104090","Energy Mineral"
"7217105030","Energy Mineral"
"7217105090","Energy Mineral"
"7217106000","Energy Mineral"
"7217107000","Energy Mineral"
"7218100000","Energy Mineral"
"7218910015","Energy Mineral"
"7218910030","Energy Mineral"
"7218910060","Energy Mineral"
"7218990015","Energy Mineral"
"7218990030","Energy Mineral"
"7218990045","Energy Mineral"
"7218990060","Energy Mineral"
"7218990090","Energy Mineral"
"7219110030","Energy Mineral"
"7219110060","Energy Mineral"
"7219120002","Energy Mineral"
"7219120006","Energy Mineral"
"7219120021","Energy Mineral"
"7219120026","Energy Mineral"
"7219120051","Energy Mineral"
"7219120056","Energy Mineral"
"7219120066","Energy Mineral"
"7219120071","Energy Mineral"
"7219120081","Energy Mineral"
"7219130002","Energy Mineral"
"7219130031","Energy Mineral"
"7219130051","Energy Mineral"
"7219130071","Energy Mineral"
"7219130081","Energy Mineral"
"7219140030","Energy Mineral"
"7219210005","Energy Mineral"
"7219210020","Energy Mineral"
"7219210040","Energy Mineral"
"7219210060","Energy Mineral"
"7219220005","Energy Mineral"
"7219220015","Energy Mineral"
"7219220020","Energy Mineral"
"7219220025","Energy Mineral"
"7219220035","Energy Mineral"
"7219220040","Energy Mineral"
"7219220045","Energy Mineral"
"7219220070","Energy Mineral"
"7219220075","Energy Mineral"
"7219220080","Energy Mineral"
"7219230030","Energy Mineral"
"7219230060","Energy Mineral"
"7219240030","Energy Mineral"
"7219240060","Energy Mineral"
"7219310010","Energy Mineral"
"7219310050","Energy Mineral"
"7219320020","Energy Mineral"
"7219320025","Energy Mineral"
"7219320036","Energy Mineral"
"7219320038","Energy Mineral"
"7219320042","Energy Mineral"
"7219320044","Energy Mineral"
"7219320045","Energy Mineral"
"7219320060","Energy Mineral"
"7219330005","Energy Mineral"
"7219330020","Energy Mineral"
"7219330025","Energy Mineral"
"7219330035","Energy Mineral"
"7219330036","Energy Mineral"
"7219330042","Energy Mineral"
"7219330045","Energy Mineral"
"7219330070","Energy Mineral"
"7219330080","Energy Mineral"
"7219340005","Energy Mineral"
"7219340020","Energy Mineral"
"7219340025","Energy Mineral"
"7219340030","Energy Mineral"
"7219340035","Energy Mineral"
"7219340050","Energy Mineral"
"7219350005","Energy Mineral"
"7219350015","Energy Mineral"
"7219350030","Energy Mineral"
"7219350035","Energy Mineral"
"7219350050","Energy Mineral"
"7219900010","Energy Mineral"
"7219900020","Energy Mineral"
"7219900025","Energy Mineral"
"7219900080","Energy Mineral"
"7220110000","Energy Mineral"
"7220121000","Energy Mineral"
"7220125000","Energy Mineral"
"7220201010","Energy Mineral"
"7220201015","Energy Mineral"
"7220201060","Energy Mineral"
"7220201080","Energy Mineral"
"7220206005","Energy Mineral"
"7220206010","Energy Mineral"
"7220206015","Energy Mineral"
"7220206050","Energy Mineral"
"7220206060","Energy Mineral"
"7220206080","Energy Mineral"
"7220207005","Energy Mineral"
"7220207010","Energy Mineral"
"7220207015","Energy Mineral"
"7220207050","Energy Mineral"
"7220207060","Energy Mineral"
"7220207080","Energy Mineral"
"7220208000","Energy Mineral"
"7220209000","Energy Mineral"
"7220209030","Energy Mineral"
"7220209060","Energy Mineral"
"7220900010","Energy Mineral"
"7220900015","Energy Mineral"
"7220900060","Energy Mineral"
"7220900080","Energy Mineral"
"7221000005","Energy Mineral"
"7221000030","Energy Mineral"
"7221000045","Energy Mineral"
"7221000075","Energy Mineral"
"7222110001","Energy Mineral"
"7222110006","Energy Mineral"
"7222110057","Energy Mineral"
"7222110059","Energy Mineral"
"7222110082","Energy Mineral"
"7222110084","Energy Mineral"
"7222190001","Energy Mineral"
"7222190006","Energy Mineral"
"7222190052","Energy Mineral"
"7222190054","Energy Mineral"
"7222200001","Energy Mineral"
"7222200006","Energy Mineral"
"7222200041","Energy Mineral"
"7222200043","Energy Mineral"
"7222200062","Energy Mineral"
"7222200064","Energy Mineral"
"7222200067","Energy Mineral"
"7222200069","Energy Mineral"
"7222200071","Energy Mineral"
"7222200073","Energy Mineral"
"7222300001","Energy Mineral"
"7222300012","Energy Mineral"
"7222300022","Energy Mineral"
"7222300024","Energy Mineral"
"7222300082","Energy Mineral"
"7222300084","Energy Mineral"
"7222403025","Energy Mineral"
"7222403045","Energy Mineral"
"7222403065","Energy Mineral"
"7222403085","Energy Mineral"
"7222406000","Energy Mineral"
"7223001005","Energy Mineral"
"7223001016","Energy Mineral"
"7223001031","Energy Mineral"
"7223001046","Energy Mineral"
"7223001061","Energy Mineral"
"7223001076","Energy Mineral"
"7223005000","Energy Mineral"
"7223009000","Energy Mineral"
"7301100000","Energy Mineral"
"7301201000","Energy Mineral"
"7301205000","Energy Mineral"
"7302101010","Energy Mineral"
"7302101015","Energy Mineral"
"7302101025","Energy Mineral"
"7302101075","Energy Mineral"
"7302105020","Energy Mineral"
"7302105060","Energy Mineral"
"7302300000","Energy Mineral"
"7302400000","Energy Mineral"
"7302909000","Energy Mineral"
"7304110020","Energy Mineral"
"7304110050","Energy Mineral"
"7304110080","Energy Mineral"
"7304191020","Energy Mineral"
"7304191030","Energy Mineral"
"7304191045","Energy Mineral"
"7304191060","Energy Mineral"
"7304191080","Energy Mineral"
"7304195020","Energy Mineral"
"7304195050","Energy Mineral"
"7304195080","Energy Mineral"
"7304220030","Energy Mineral"
"7304220045","Energy Mineral"
"7304220060","Energy Mineral"
"7304233000","Energy Mineral"
"7304236030","Energy Mineral"
"7304236045","Energy Mineral"
"7304243080","Energy Mineral"
"7304244010","Energy Mineral"
"7304244020","Energy Mineral"
"7304246015","Energy Mineral"
"7304246030","Energy Mineral"
"7304246045","Energy Mineral"
"7304246075","Energy Mineral"
"7304293130","Energy Mineral"
"7304293180","Energy Mineral"
"7304294120","Energy Mineral"
"7304294130","Energy Mineral"
"7304294180","Energy Mineral"
"7304295015","Energy Mineral"
"7304296115","Energy Mineral"
"7304296130","Energy Mineral"
"7304296145","Energy Mineral"
"7304313000","Energy Mineral"
"7304390008","Energy Mineral"
"7304390016","Energy Mineral"
"7304390020","Energy Mineral"
"7304390028","Energy Mineral"
"7304390032","Energy Mineral"
"7304413005","Energy Mineral"
"7304413015","Energy Mineral"
"7304413045","Energy Mineral"
"7304416005","Energy Mineral"
"7304416015","Energy Mineral"
"7304416045","Energy Mineral"
"7304490005","Energy Mineral"
"7304490015","Energy Mineral"
"7304490045","Energy Mineral"
"7304490060","Energy Mineral"
"7304515005","Energy Mineral"
"7304515015","Energy Mineral"
"7304515045","Energy Mineral"
"7304515060","Energy Mineral"
"7304901000","Energy Mineral"
"7304903000","Energy Mineral"
"7304905000","Energy Mineral"
"7304907000","Energy Mineral"
"7305111030","Energy Mineral"
"7305111060","Energy Mineral"
"7305115000","Energy Mineral"
"7305121030","Energy Mineral"
"7305121060","Energy Mineral"
"7305125000","Energy Mineral"
"7305191060","Energy Mineral"
"7305195000","Energy Mineral"
"7305204000","Energy Mineral"
"7305208000","Energy Mineral"
"7305314000","Energy Mineral"
"7305316010","Energy Mineral"
"7305905000","Energy Mineral"
"7306110010","Energy Mineral"
"7306110050","Energy Mineral"
"7306191010","Energy Mineral"
"7306191050","Energy Mineral"
"7306195150","Energy Mineral"
"7306214000","Energy Mineral"
"7306218050","Energy Mineral"
"7306291030","Energy Mineral"
"7306291090","Energy Mineral"
"7306292000","Energy Mineral"
"7306294100","Energy Mineral"
"7306296010","Energy Mineral"
"7306296050","Energy Mineral"
"7306298150","Energy Mineral"
"7405006030","Energy Mineral"
"7409901030","Energy Mineral"
"7409905030","Energy Mineral"
"7409909030","Energy Mineral"
"7501100000","Energy Mineral"
"7501200000","Energy Mineral"
"7502100000","Energy Mineral"
"7502200000","Energy Mineral"
"7.503e+09","Energy Mineral"
"7504000010","Energy Mineral"
"7504000050","Energy Mineral"
"7601103000","Energy Mineral"
"7601106030","Energy Mineral"
"7601106090","Energy Mineral"
"7601203000","Energy Mineral"
"7601206000","Energy Mineral"
"7601209030","Energy Mineral"
"7601209045","Energy Mineral"
"7601209075","Energy Mineral"
"7601209080","Energy Mineral"
"7601209085","Energy Mineral"
"7601209095","Energy Mineral"
"7603100000","Energy Mineral"
"7603200000","Energy Mineral"
"7604101000","Energy Mineral"
"7604103000","Energy Mineral"
"7604105000","Energy Mineral"
"7604293060","Energy Mineral"
"7604293090","Energy Mineral"
"7604295020","Energy Mineral"
"7604295050","Energy Mineral"
"7604295090","Energy Mineral"
"7606113030","Energy Mineral"
"7606113060","Energy Mineral"
"7606116000","Energy Mineral"
"7606123015","Energy Mineral"
"7606123025","Energy Mineral"
"7606123035","Energy Mineral"
"7606126000","Energy Mineral"
"7614101000","Energy Mineral"
"7614105000","Energy Mineral"
"7614904000","Energy Mineral"
"7614905000","Energy Mineral"
"7801910000","Energy Mineral"
"7901110000","Energy Mineral"
"7901121000","Energy Mineral"
"7901125000","Energy Mineral"
"7901200000","Energy Mineral"
"7.902e+09","Energy Mineral"
"7903100000","Energy Mineral"
"7903903000","Energy Mineral"
"7903906000","Energy Mineral"
"8001100000","Energy Mineral"
"8001200010","Energy Mineral"
"8001200050","Energy Mineral"
"8001200090","Energy Mineral"
"8007003200","Energy Mineral"
"8101100000","Energy Mineral"
"8101940000","Energy Mineral"
"8101970000","Energy Mineral"
"8101991000","Energy Mineral"
"8103103000","Energy Mineral"
"8103200030","Energy Mineral"
"8103200090","Energy Mineral"
"8103300000","Energy Mineral"
"8103910000","Energy Mineral"
"8103990000","Energy Mineral"
"8104110000","Energy Mineral"
"8104190000","Energy Mineral"
"8104200000","Energy Mineral"
"8104300000","Energy Mineral"
"8104900000","Energy Mineral"
"8105203000","Energy Mineral"
"8105206000","Energy Mineral"
"8105209000","Energy Mineral"
"8105300000","Energy Mineral"
"8105900000","Energy Mineral"
"8106100000","Energy Mineral"
"8106900000","Energy Mineral"
"8108200010","Energy Mineral"
"8108200015","Energy Mineral"
"8108200030","Energy Mineral"
"8108200095","Energy Mineral"
"8108300000","Energy Mineral"
"8108903030","Energy Mineral"
"8108903060","Energy Mineral"
"8108906020","Energy Mineral"
"8108906031","Energy Mineral"
"8108906045","Energy Mineral"
"8108906060","Energy Mineral"
"8108906075","Energy Mineral"
"8110100000","Energy Mineral"
"8110200000","Energy Mineral"
"8110900000","Energy Mineral"
"8111003000","Energy Mineral"
"8111004700","Energy Mineral"
"8111004900","Energy Mineral"
"8111004910","Energy Mineral"
"8111004990","Energy Mineral"
"8111006000","Energy Mineral"
"8112120000","Energy Mineral"
"8112130000","Energy Mineral"
"8112190000","Energy Mineral"
"8112210000","Energy Mineral"
"8112220000","Energy Mineral"
"8112290000","Energy Mineral"
"8112310000","Energy Mineral"
"8112390000","Energy Mineral"
"8112920700","Energy Mineral"
"8112921000","Energy Mineral"
"8112923000","Energy Mineral"
"8112924000","Energy Mineral"
"8112926000","Energy Mineral"
"8112926500","Energy Mineral"
"8112927000","Energy Mineral"
"8112991000","Energy Mineral"
"8112992000","Energy Mineral"
"8505110050","Energy Mineral"
"8505110070","Energy Mineral"
"8545110000","Energy Mineral"
"8545110010","Energy Mineral"
"8545110020","Energy Mineral"
"8545110050","Energy Mineral"
"8545200000","Energy Mineral"
"8545904000","Energy Mineral"
"440311","Lumber (new)"
"440321","Lumber (new)"
"440322","Lumber (new)"
"440323","Lumber (new)"
"440325","Lumber (new)"
"440326","Lumber (new)"
"440399","Lumber (new)"
"440611","Lumber (new)"
"440691","Lumber (new)"
"440711","Lumber (new)"
"440712","Lumber (new)"
"440713","Lumber (new)"
"440714","Lumber (new)"
"440719","Lumber (new)"
"940161","Lumber (new)"
"940340","Lumber (new)"
"940360","Lumber (new)"
"940391","Lumber (new)"
"870124","MHDV"
"870123","MHDV"
"870122","MHDV"
"870121","MHDV"
"870422","MHDV"
"870410","MHDV"
"870129","MHDV"
"870442","MHDV"
"870432","MHDV"
"870423","MHDV"
"870490","MHDV"
"870460","MHDV"
"870452","MHDV"
"870443","MHDV"
"870590","MHDV"
"870540","MHDV"
"870911","MHDV"
"870600","MHDV"
"870919","MHDV"
"870220","MHDV"
"870210","MHDV"
"870240","MHDV"
"870230","MHDV"
"870290","MHDV"
"440710","Lumber (new)"
"440910","Lumber (new)"
"441520","Lumber (new)"
"441899","Lumber (new)"
"442199","Lumber (new)"
"2204.10.00","Alcohol"
"2204.21.20","Alcohol"
"2204.21.30","Alcohol"
"2204.21.50","Alcohol"
"2204.21.60","Alcohol"
"2204.21.80","Alcohol"
"2204.22.20","Alcohol"
"2204.22.40","Alcohol"
"2204.22.60","Alcohol"
"2204.22.80","Alcohol"
"2204.29.61","Alcohol"
"2204.29.81","Alcohol"
"2205.10.30","Alcohol"
"2206.00.15","Alcohol"
"2206.00.30","Alcohol"
"2206.00.45","Alcohol"
"2206.00.60","Alcohol"
"2206.00.90","Alcohol"
"2207.10.30","Alcohol"
"2208.20.10","Alcohol"
"2208.20.20","Alcohol"
"2208.20.30","Alcohol"
"2208.20.40","Alcohol"
"2208.20.50","Alcohol"
"2208.20.60","Alcohol"
"2208.30.30","Alcohol"
"2208.30.60","Alcohol"
"2208.40.20","Alcohol"
"2208.40.40","Alcohol"
"2208.40.60","Alcohol"
"2208.40.80","Alcohol"
"2208.50.00","Alcohol"
"2208.60.10","Alcohol"
"2208.60.20","Alcohol"
"2208.60.50","Alcohol"
"2208.70.00","Alcohol"
"2208.90.10","Alcohol"
"2208.90.12","Alcohol"
"2208.90.14","Alcohol"
"2208.90.15","Alcohol"
"2208.90.20","Alcohol"
"2208.90.25","Alcohol"
"2208.90.30","Alcohol"
"2208.90.35","Alcohol"
"2208.90.40","Alcohol"
"2208.90.50","Alcohol"
"2208.90.72","Alcohol"
"2208.90.75","Alcohol"
"3301.19.10","Alcohol"
"4413.00.00","Alcohol"
"4419.90.91","Alcohol"
"4420.90.80","Alcohol"
"4421.91.60","Alcohol"
"4421.91.70","Alcohol"
"4602.19.80","Alcohol"
"4804.11.00","Alcohol"
"4806.20.00","Alcohol"
"4810.13.19","Alcohol"
"4811.59.60","Alcohol"
"4811.90.80","Alcohol"
"4811.90.90","Alcohol"
"9506.99.25","Alcohol"
"0402.10.10","Dairy"
"0402.10.50","Dairy"
"0402.21.02","Dairy"
"0402.21.05","Dairy"
"0402.21.25","Dairy"
"0402.21.27","Dairy"
"0402.21.30","Dairy"
"0402.21.50","Dairy"
"0402.21.73","Dairy"
"0402.21.75","Dairy"
"0402.21.90","Dairy"
"0402.91.03","Dairy"
"0402.91.06","Dairy"
"0402.99.68","Dairy"
"0404.10.05","Dairy"
"0404.10.08","Dairy"
"0404.10.11","Dairy"
"0404.10.15","Dairy"
"0404.10.20","Dairy"
"0404.10.48","Dairy"
"0404.10.50","Dairy"
"0404.10.90","Dairy"
"0404.90.10","Dairy"
"0404.90.28","Dairy"
"0404.90.30","Dairy"
"0404.90.50","Dairy"
"0404.90.70","Dairy"
"0506.90.00","Dairy"
"1210.20.00","Dairy"
"1301.90.91","Dairy"
"1702.11.00","Dairy"
"1702.19.00","Dairy"
"1702.30.28","Dairy"
"1702.40.28","Dairy"
"1702.60.28","Dairy"
"1702.90.35","Dairy"
"1702.90.58","Dairy"
"1702.90.68","Dairy"
"1703.10.30","Dairy"
"1703.10.50","Dairy"
"1703.90.30","Dairy"
"1703.90.50","Dairy"
"1901.20.35","Dairy"
"2202.91.00","Dairy"
"3301.24.00","Dairy"
"3501.10.10","Dairy"
"3501.10.50","Dairy"
"3501.90.20","Dairy"
"3501.90.60","Dairy"
"3502.20.00","Dairy"
"3504.00.50","Dairy"
"0505.10.00","Motor"
"0506.10.00","Motor"
"0507.90.00","Motor"
"0510.00.40","Motor"
"0511.99.20","Motor"
"0511.99.33","Motor"
"0511.99.36","Motor"
"0511.99.40","Motor"
"0601.10.15","Motor"
"0601.10.30","Motor"
"0601.10.45","Motor"
"0601.10.60","Motor"
"0601.10.90","Motor"
"0601.20.10","Motor"
"0602.10.00","Motor"
"0602.90.20","Motor"
"0602.90.50","Motor"
"0603.11.00","Motor"
"0603.13.00","Motor"
"0603.14.00","Motor"
"0603.15.00","Motor"
"0603.19.01","Motor"
"0603.90.00","Motor"
"0604.90.10","Motor"
"0604.90.30","Motor"
"0604.90.60","Motor"
"1209.10.00","Motor"
"1209.22.20","Motor"
"1209.29.10","Motor"
"1209.30.00","Motor"
"1209.91.40","Motor"
"1209.91.80","Motor"
"1209.99.20","Motor"
"1209.99.41","Motor"
"1210.10.00","Motor"
"1211.90.20","Motor"
"1211.90.40","Motor"
"1211.90.89","Motor"
"1211.90.93","Motor"
"1212.21.00","Motor"
"1212.92.00","Motor"
"1212.99.92","Motor"
"1301.20.00","Motor"
"1301.90.40","Motor"
"1302.13.00","Motor"
"1302.19.41","Motor"
"1302.19.91","Motor"
"1302.20.00","Motor"
"1302.31.00","Motor"
"1302.32.00","Motor"
"1302.39.00","Motor"
"1401.10.00","Motor"
"1401.90.20","Motor"
"1401.90.40","Motor"
"1404.20.00","Motor"
"1404.90.40","Motor"
"1404.90.90","Motor"
"1901.20.25","Motor"
"1901.20.60","Motor"
"1901.20.70","Motor"
"2208.90.05","Motor"
"2208.90.80","Motor"
"2501.00.00","Motor"
"2523.29.00","Motor"
"2905.43.00","Motor"
"2905.44.00","Motor"
"2905.45.00","Motor"
"2940.00.20","Motor"
"2940.00.60","Motor"
"3208.90.00","Motor"
"3214.90.50","Motor"
"3215.19.90","Motor"
"3301.12.00","Motor"
"3301.13.00","Motor"
"3301.19.51","Motor"
"3301.25.00","Motor"
"3301.29.10","Motor"
"3301.29.20","Motor"
"3301.29.51","Motor"
"3301.30.00","Motor"
"3301.90.10","Motor"
"3301.90.50","Motor"
"3302.10.10","Motor"
"3302.10.20","Motor"
"3302.10.40","Motor"
"3302.10.50","Motor"
"3302.10.90","Motor"
"3303.00.30","Motor"
"3304.10.00","Motor"
"3304.20.00","Motor"
"3304.30.00","Motor"
"3305.90.00","Motor"
"3406.00.00","Motor"
"3502.11.00","Motor"
"3502.90.00","Motor"
"3503.00.40","Motor"
"3503.00.55","Motor"
"3504.00.10","Motor"
"3505.10.00","Motor"
"3505.20.00","Motor"
"3811.21.00","Motor"
"3823.11.00","Motor"
"3823.12.00","Motor"
"3823.13.00","Motor"
"3823.19.20","Motor"
"3823.19.40","Motor"
"3823.70.40","Motor"
"3823.70.60","Motor"
"3824.60.00","Motor"
"3824.99.39","Motor"
"3824.99.55","Motor"
"3824.99.93","Motor"
"3907.70.00","Motor"
"3907.99.50","Motor"
"3918.10.10","Motor"
"3919.10.20","Motor"
"3919.90.50","Motor"
"3920.20.00","Motor"
"3921.19.00","Motor"
"3921.90.50","Motor"
"3923.10.90","Motor"
"3923.21.00","Motor"
"3923.30.00","Motor"
"3923.50.00","Motor"
"3924.10.20","Motor"
"3924.10.40","Motor"
"3924.90.56","Motor"
"3926.10.00","Motor"
"3926.30.10","Motor"
"3926.30.50","Motor"
"3926.40.00","Motor"
"3926.90.99","Motor"
"4016.93.50","Motor"
"4016.99.15","Motor"
"4016.99.35","Motor"
"4101.20.10","Motor"
"4101.20.20","Motor"
"4101.50.20","Motor"
"4101.90.50","Motor"
"4103.20.30","Motor"
"4201.00.30","Motor"
"4201.00.60","Motor"
"4202.12.21","Motor"
"4202.12.81","Motor"
"4202.12.89","Motor"
"4202.92.15","Motor"
"4202.92.31","Motor"
"4202.92.50","Motor"
"4202.92.97","Motor"
"4202.99.10","Motor"
"4202.99.90","Motor"
"4203.29.40","Motor"
"4203.30.00","Motor"
"4205.00.80","Motor"
"4301.90.00","Motor"
"4303.10.00","Motor"
"4401.12.00","Motor"
"4402.90.01","Motor"
"4407.99.02","Motor"
"4408.10.01","Motor"
"4409.10.40","Motor"
"4409.10.50","Motor"
"4409.10.90","Motor"
"4409.29.91","Motor"
"4410.19.00","Motor"
"4411.13.20","Motor"
"4411.13.90","Motor"
"4411.14.20","Motor"
"4411.14.30","Motor"
"4411.14.90","Motor"
"4412.10.05","Motor"
"4412.10.90","Motor"
"4412.31.06","Motor"
"4412.31.26","Motor"
"4412.31.42","Motor"
"4412.31.45","Motor"
"4412.31.48","Motor"
"4412.31.52","Motor"
"4412.31.61","Motor"
"4412.31.92","Motor"
"4412.33.06","Motor"
"4412.33.26","Motor"
"4412.33.32","Motor"
"4412.33.57","Motor"
"4412.34.26","Motor"
"4412.34.32","Motor"
"4412.34.57","Motor"
"4412.39.10","Motor"
"4412.39.30","Motor"
"4412.39.40","Motor"
"4412.39.50","Motor"
"4412.41.00","Motor"
"4412.42.00","Motor"
"4412.49.00","Motor"
"4412.51.10","Motor"
"4412.51.31","Motor"
"4412.52.10","Motor"
"4412.52.31","Motor"
"4412.52.51","Motor"
"4412.91.06","Motor"
"4412.91.31","Motor"
"4412.91.41","Motor"
"4412.91.51","Motor"
"4412.92.07","Motor"
"4412.92.11","Motor"
"4412.92.31","Motor"
"4412.92.42","Motor"
"4412.92.52","Motor"
"4412.99.58","Motor"
"4412.99.61","Motor"
"4412.99.81","Motor"
"4412.99.91","Motor"
"4412.99.97","Motor"
"4414.90.00","Motor"
"4418.21.80","Motor"
"4418.29.80","Motor"
"4420.19.00","Motor"
"4421.99.70","Motor"
"4421.99.94","Motor"
"4421.99.98","Motor"
"4702.00.00","Motor"
"4802.55.10","Motor"
"4803.00.40","Motor"
"4810.29.10","Motor"
"4810.92.12","Motor"
"4811.51.20","Motor"
"4811.51.40","Motor"
"4813.10.00","Motor"
"4814.20.00","Motor"
"4817.10.00","Motor"
"4818.30.00","Motor"
"4818.90.00","Motor"
"4819.10.00","Motor"
"4819.40.00","Motor"
"4819.50.40","Motor"
"4820.10.20","Motor"
"4820.30.00","Motor"
"4821.90.40","Motor"
"4823.69.00","Motor"
"4823.70.00","Motor"
"4823.90.10","Motor"
"4823.90.67","Motor"
"4823.90.86","Motor"
"4908.90.00","Motor"
"4911.91.40","Motor"
"5002.00.00","Motor"
"5003.00.90","Motor"
"5101.11.60","Motor"
"5103.20.00","Motor"
"5201.00.05","Motor"
"5201.00.80","Motor"
"5202.10.00","Motor"
"5202.91.00","Motor"
"5202.99.50","Motor"
"5407.52.20","Motor"
"5511.10.00","Motor"
"5512.19.00","Motor"
"5603.12.00","Motor"
"5603.13.00","Motor"
"5603.14.90","Motor"
"5603.92.00","Motor"
"5603.94.90","Motor"
"5607.50.40","Motor"
"5703.39.20","Motor"
"5806.32.20","Motor"
"5903.90.25","Motor"
"5903.90.30","Motor"
"5907.00.60","Motor"
"5911.90.00","Motor"
"6006.31.00","Motor"
"6006.32.00","Motor"
"6006.33.00","Motor"
"6104.43.20","Motor"
"6104.63.20","Motor"
"6109.10.00","Motor"
"6110.20.20","Motor"
"6110.30.30","Motor"
"6116.93.88","Motor"
"6201.40.55","Motor"
"6201.40.60","Motor"
"6202.40.10","Motor"
"6202.40.55","Motor"
"6202.40.60","Motor"
"6203.11.90","Motor"
"6203.31.50","Motor"
"6203.31.90","Motor"
"6203.41.60","Motor"
"6204.43.40","Motor"
"6204.49.10","Motor"
"6210.20.50","Motor"
"6210.40.55","Motor"
"6210.50.55","Motor"
"6211.32.90","Motor"
"6211.33.90","Motor"
"6211.43.10","Motor"
"6303.92.20","Motor"
"6305.33.00","Motor"
"6306.12.00","Motor"
"6306.19.21","Motor"
"6307.90.98","Motor"
"6403.91.90","Motor"
"6505.00.60","Motor"
"6506.10.60","Motor"
"6704.19.00","Motor"
"6809.11.00","Motor"
"6810.99.00","Motor"
"7010.90.50","Motor"
"7013.99.90","Motor"
"7102.39.00","Motor"
"7106.92.10","Motor"
"7113.11.50","Motor"
"7113.19.29","Motor"
"7113.19.50","Motor"
"7117.19.90","Motor"
"7118.10.00","Motor"
"7203.10.00","Motor"
"7801.10.00","Motor"
"8113.00.00","Motor"
"8201.30.00","Motor"
"8202.31.00","Motor"
"8202.40.60","Motor"
"8203.20.60","Motor"
"8203.30.00","Motor"
"8204.11.00","Motor"
"8204.12.00","Motor"
"8204.20.00","Motor"
"8205.20.30","Motor"
"8205.59.80","Motor"
"8206.00.00","Motor"
"8209.00.00","Motor"
"8212.10.00","Motor"
"8301.60.00","Motor"
"8303.00.00","Motor"
"8306.29.00","Motor"
"8410.11.00","Motor"
"8414.80.05","Motor"
"8418.50.00","Motor"
"8418.69.01","Motor"
"8419.40.00","Motor"
"8419.89.95","Motor"
"8421.99.01","Motor"
"8422.30.91","Motor"
"8422.40.91","Motor"
"8422.90.91","Motor"
"8424.30.10","Motor"
"8424.30.90","Motor"
"8426.41.00","Motor"
"8433.60.00","Motor"
"8438.40.00","Motor"
"8440.10.00","Motor"
"8442.50.10","Motor"
"8443.91.30","Motor"
"8479.82.00","Motor"
"8508.19.00","Motor"
"8517.13.00","Motor"
"8517.61.00","Motor"
"8517.62.00","Motor"
"8517.79.00","Motor"
"8521.90.00","Motor"
"8523.49.40","Motor"
"8523.49.50","Motor"
"8523.51.00","Motor"
"8523.52.00","Motor"
"8525.50.30","Motor"
"8525.50.70","Motor"
"8525.81.00","Motor"
"8525.89.20","Motor"
"8525.89.30","Motor"
"8525.89.40","Motor"
"8525.89.50","Motor"
"8526.10.00","Motor"
"8526.91.00","Motor"
"8526.92.50","Motor"
"8528.52.00","Motor"
"8528.59.33","Motor"
"8528.62.00","Motor"
"8528.69.45","Motor"
"8529.10.40","Motor"
"8529.10.91","Motor"
"8529.90.13","Motor"
"8529.90.16","Motor"
"8529.90.21","Motor"
"8529.90.81","Motor"
"8529.90.87","Motor"
"8534.00.00","Motor"
"8537.10.91","Motor"
"8543.70.98","Motor"
"8544.49.30","Motor"
"8544.70.00","Motor"
"8711.50.00","Motor"
"8905.90.10","Motor"
"8906.90.00","Motor"
"8907.90.00","Motor"
"9031.49.90","Motor"
"9401.39.00","Motor"
"9401.69.60","Motor"
"9401.71.00","Motor"
"9401.79.00","Motor"
"9401.91.90","Motor"
"9401.99.10","Motor"
"9403.20.00","Motor"
"9403.50.90","Motor"
"9403.60.80","Motor"
"9403.70.80","Motor"
"9403.99.10","Motor"
"9403.99.20","Motor"
"9403.99.30","Motor"
"9403.99.40","Motor"
"9403.99.50","Motor"
"9405.11.60","Motor"
"9405.11.80","Motor"
"9405.42.60","Motor"
"9405.42.84","Motor"
"9405.99.40","Motor"
"9503.00.00","Motor"
"9504.30.00","Motor"
"9504.50.00","Motor"
"9504.90.40","Motor"
"9505.10.25","Motor"
"9505.90.60","Motor"
"9506.39.00","Motor"
"9506.70.40","Motor"
"9506.70.60","Motor"
"9506.91.00","Motor"
"9506.99.55","Motor"
"9506.99.60","Motor"
"9507.10.00","Motor"
"9701.21.00","Motor"
"9701.91.00","Motor"
"9701.99.00","Motor"
"9702.90.00","Motor"
"9703.10.00","Motor"
"9703.90.00","Motor"
"9704.00.00","Motor"
"9705.10.00","Motor"
"9705.29.00","Motor"
"9705.39.00","Motor"
"9706.90.00","Motor"
"220300","before August 22"
"281520","before August 22"
"310420","before August 22"
"310430","before August 22"
"310490","before August 22"
"310510","before August 22"
"310520","before August 22"
"310560","before August 22"
"400912","before August 22"
"400922","before August 22"
"400932","before August 22"
"400942","before August 22"
"401110","before August 22"
"401120","before August 22"
"401219","before August 22"
"401220","before August 22"
"401310","before August 22"
"401699","before August 22"
"440710","before August 22"
"440910","before August 22"
"441520","before August 22"
"441899","before August 22"
"442199","before August 22"
"660390","before August 22"
"681511","before August 22"
"681512","before August 22"
"681513","before August 22"
"681519","before August 22"
"700721","before August 22"
"700910","before August 22"
"720610","before August 22"
"720690","before August 22"
"720711","before August 22"
"720712","before August 22"
"720719","before August 22"
"720720","before August 22"
"720810","before August 22"
"720825","before August 22"
"720826","before August 22"
"720827","before August 22"
"720836","before August 22"
"720837","before August 22"
"720838","before August 22"
"720839","before August 22"
"720840","before August 22"
"720851","before August 22"
"720852","before August 22"
"720853","before August 22"
"720854","before August 22"
"720890","before August 22"
"720915","before August 22"
"720916","before August 22"
"720917","before August 22"
"720918","before August 22"
"720925","before August 22"
"720926","before August 22"
"720927","before August 22"
"720928","before August 22"
"720990","before August 22"
"721011","before August 22"
"721012","before August 22"
"721020","before August 22"
"721030","before August 22"
"721041","before August 22"
"721049","before August 22"
"721050","before August 22"
"721061","before August 22"
"721069","before August 22"
"721070","before August 22"
"721090","before August 22"
"721113","before August 22"
"721114","before August 22"
"721119","before August 22"
"721123","before August 22"
"721129","before August 22"
"721190","before August 22"
"721210","before August 22"
"721220","before August 22"
"721230","before August 22"
"721240","before August 22"
"721250","before August 22"
"721260","before August 22"
"721310","before August 22"
"721320","before August 22"
"721391","before August 22"
"721399","before August 22"
"721410","before August 22"
"721420","before August 22"
"721430","before August 22"
"721491","before August 22"
"721499","before August 22"
"721510","before August 22"
"721550","before August 22"
"721590","before August 22"
"721610","before August 22"
"721621","before August 22"
"721622","before August 22"
"721631","before August 22"
"721632","before August 22"
"721633","before August 22"
"721640","before August 22"
"721650","before August 22"
"721710","before August 22"
"721720","before August 22"
"721730","before August 22"
"721790","before August 22"
"721810","before August 22"
"721891","before August 22"
"721899","before August 22"
"721911","before August 22"
"721912","before August 22"
"721913","before August 22"
"721914","before August 22"
"721921","before August 22"
"721922","before August 22"
"721923","before August 22"
"721924","before August 22"
"721931","before August 22"
"721932","before August 22"
"721933","before August 22"
"721934","before August 22"
"721935","before August 22"
"721990","before August 22"
"722011","before August 22"
"722012","before August 22"
"722020","before August 22"
"722090","before August 22"
"722100","before August 22"
"722211","before August 22"
"722219","before August 22"
"722220","before August 22"
"722230","before August 22"
"722240","before August 22"
"722300","before August 22"
"722410","before August 22"
"722490","before August 22"
"722511","before August 22"
"722519","before August 22"
"722530","before August 22"
"722540","before August 22"
"722591","before August 22"
"722592","before August 22"
"722599","before August 22"
"722611","before August 22"
"722619","before August 22"
"722620","before August 22"
"722691","before August 22"
"722692","before August 22"
"722699","before August 22"
"722710","before August 22"
"722720","before August 22"
"722790","before August 22"
"722810","before August 22"
"722820","before August 22"
"722830","before August 22"
"722840","before August 22"
"722850","before August 22"
"722860","before August 22"
"722870","before August 22"
"722880","before August 22"
"722920","before August 22"
"722990","before August 22"
"730110","before August 22"
"730120","before August 22"
"730210","before August 22"
"730230","before August 22"
"730240","before August 22"
"730290","before August 22"
"730411","before August 22"
"730419","before August 22"
"730422","before August 22"
"730423","before August 22"
"730424","before August 22"
"730429","before August 22"
"730431","before August 22"
"730439","before August 22"
"730441","before August 22"
"730449","before August 22"
"730451","before August 22"
"730459","before August 22"
"730490","before August 22"
"730511","before August 22"
"730512","before August 22"
"730519","before August 22"
"730520","before August 22"
"730531","before August 22"
"730539","before August 22"
"730590","before August 22"
"730611","before August 22"
"730619","before August 22"
"730621","before August 22"
"730629","before August 22"
"730630","before August 22"
"730640","before August 22"
"730650","before August 22"
"730661","before August 22"
"730669","before August 22"
"730690","before August 22"
"730721","before August 22"
"730722","before August 22"
"730723","before August 22"
"730729","before August 22"
"730791","before August 22"
"730792","before August 22"
"730793","before August 22"
"730799","before August 22"
"730810","before August 22"
"730820","before August 22"
"730830","before August 22"
"730840","before August 22"
"730890","before August 22"
"730900","before August 22"
"731010","before August 22"
"731021","before August 22"
"731029","before August 22"
"731100","before August 22"
"731210","before August 22"
"731290","before August 22"
"731300","before August 22"
"731412","before August 22"
"731414","before August 22"
"731419","before August 22"
"731420","before August 22"
"731431","before August 22"
"731439","before August 22"
"731441","before August 22"
"731442","before August 22"
"731449","before August 22"
"731450","before August 22"
"731511","before August 22"
"731512","before August 22"
"731519","before August 22"
"731520","before August 22"
"731581","before August 22"
"731582","before August 22"
"731589","before August 22"
"731590","before August 22"
"731600","before August 22"
"731700","before August 22"
"731811","before August 22"
"731812","before August 22"
"731813","before August 22"
"731814","before August 22"
"731815","before August 22"
"731816","before August 22"
"731819","before August 22"
"731821","before August 22"
"731822","before August 22"
"731823","before August 22"
"731824","before August 22"
"731829","before August 22"
"731940","before August 22"
"731990","before August 22"
"732010","before August 22"
"732010","before August 22"
"732020","before August 22"
"732020","before August 22"
"732090","before August 22"
"732111","before August 22"
"732112","before August 22"
"732119","before August 22"
"732181","before August 22"
"732182","before August 22"
"732189","before August 22"
"732190","before August 22"
"732219","before August 22"
"732289","before August 22"
"732310","before August 22"
"732393","before August 22"
"732394","before August 22"
"732399","before August 22"
"732410","before August 22"
"732429","before August 22"
"732490","before August 22"
"732591","before August 22"
"732599","before August 22"
"732611","before August 22"
"732619","before August 22"
"732620","before August 22"
"732690","before August 22"
"740610","before August 22"
"740620","before August 22"
"740710","before August 22"
"740721","before August 22"
"740729","before August 22"
"740811","before August 22"
"740819","before August 22"
"740821","before August 22"
"740822","before August 22"
"740829","before August 22"
"740911","before August 22"
"740919","before August 22"
"740921","before August 22"
"740929","before August 22"
"740931","before August 22"
"740939","before August 22"
"740940","before August 22"
"740990","before August 22"
"741011","before August 22"
"741012","before August 22"
"741021","before August 22"
"741022","before August 22"
"741110","before August 22"
"741121","before August 22"
"741122","before August 22"
"741129","before August 22"
"741210","before August 22"
"741220","before August 22"
"741300","before August 22"
"741510","before August 22"
"741521","before August 22"
"741529","before August 22"
"741533","before August 22"
"741539","before August 22"
"741810","before August 22"
"741820","before August 22"
"741920","before August 22"
"741980","before August 22"
"760110","before August 22"
"760120","before August 22"
"760410","before August 22"
"760421","before August 22"
"760429","before August 22"
"760511","before August 22"
"760519","before August 22"
"760521","before August 22"
"760529","before August 22"
"760611","before August 22"
"760612","before August 22"
"760691","before August 22"
"760692","before August 22"
"760711","before August 22"
"760719","before August 22"
"760720","before August 22"
"760810","before August 22"
"760820","before August 22"
"760900","before August 22"
"761010","before August 22"
"761090","before August 22"
"761290","before August 22"
"761410","before August 22"
"761490","before August 22"
"761510","before August 22"
"761520","before August 22"
"761610","before August 22"
"761699","before August 22"
"830120","before August 22"
"830210","before August 22"
"830210","before August 22"
"830220","before August 22"
"830230","before August 22"
"830230","before August 22"
"830241","before August 22"
"830242","before August 22"
"830249","before August 22"
"830250","before August 22"
"830260","before August 22"
"830510","before August 22"
"830630","before August 22"
"840731","before August 22"
"840732","before August 22"
"840733","before August 22"
"840734","before August 22"
"840820","before August 22"
"840991","before August 22"
"840999","before August 22"
"841330","before August 22"
"841391","before August 22"
"841430","before August 22"
"841459","before August 22"
"841459","before August 22"
"841480","before August 22"
"841520","before August 22"
"841590","before August 22"
"841810","before August 22"
"841830","before August 22"
"841840","before August 22"
"841899","before August 22"
"841950","before August 22"
"841990","before August 22"
"842123","before August 22"
"842132","before August 22"
"842211","before August 22"
"842290","before August 22"
"842490","before August 22"
"842549","before August 22"
"842691","before August 22"
"843110","before August 22"
"843131","before August 22"
"843142","before August 22"
"843149","before August 22"
"843210","before August 22"
"843290","before August 22"
"845011","before August 22"
"845020","before August 22"
"845121","before August 22"
"845129","before August 22"
"847130","before August 22"
"847141","before August 22"
"847149","before August 22"
"847150","before August 22"
"847160","before August 22"
"847170","before August 22"
"847180","before August 22"
"847190","before August 22"
"847330","before August 22"
"847989","before August 22"
"847990","before August 22"
"848190","before August 22"
"848210","before August 22"
"848220","before August 22"
"848240","before August 22"
"848250","before August 22"
"848310","before August 22"
"848690","before August 22"
"848790","before August 22"
"850132","before August 22"
"850133","before August 22"
"850134","before August 22"
"850140","before August 22"
"850151","before August 22"
"850152","before August 22"
"850300","before August 22"
"850710","before August 22"
"850760","before August 22"
"850790","before August 22"
"850870","before August 22"
"850980","before August 22"
"851110","before August 22"
"851120","before August 22"
"851130","before August 22"
"851140","before August 22"
"851150","before August 22"
"851180","before August 22"
"851190","before August 22"
"851220","before August 22"
"851230","before August 22"
"851240","before August 22"
"851290","before August 22"
"851390","before August 22"
"851590","before August 22"
"851660","before August 22"
"851690","before August 22"
"851771","before August 22"
"851779","before August 22"
"851981","before August 22"
"852560","before August 22"
"852721","before August 22"
"852729","before August 22"
"852990","before August 22"
"853641","before August 22"
"853690","before August 22"
"853710","before August 22"
"853720","before August 22"
"853810","before August 22"
"853910","before August 22"
"854190","before August 22"
"854390","before August 22"
"854430","before August 22"
"854442","before August 22"
"854449","before August 22"
"854790","before August 22"
"854790","before August 22"
"870322","before August 22"
"870323","before August 22"
"870324","before August 22"
"870331","before August 22"
"870332","before August 22"
"870333","before August 22"
"870340","before August 22"
"870350","before August 22"
"870360","before August 22"
"870370","before August 22"
"870380","before August 22"
"870390","before August 22"
"870431","before August 22"
"870441","before August 22"
"870451","before August 22"
"870460","before August 22"
"870600","before August 22"
"870710","before August 22"
"870790","before August 22"
"870810","before August 22"
"870810","before August 22"
"870810","before August 22"
"870821","before August 22"
"870822","before August 22"
"870829","before August 22"
"870829","before August 22"
"870829","before August 22"
"870830","before August 22"
"870840","before August 22"
"870850","before August 22"
"870870","before August 22"
"870880","before August 22"
"870880","before August 22"
"870891","before August 22"
"870893","before August 22"
"870894","before August 22"
"870895","before August 22"
"870899","before August 22"
"870899","before August 22"
"871680","before August 22"
"871690","before August 22"
"880730","before August 22"
"901390","before August 22"
"901510","before August 22"
"902910","before August 22"
"902920","before August 22"
"903190","before August 22"
"940120","before August 22"
"940199","before August 22"
"940310","before August 22"
"940320","before August 22"
"940321","before August 22"
"940399","before August 22"
"940399","before August 22"
"940599","before August 22"
"940599","before August 22"
"940620","before August 22"
"940690","before August 22"
"950611","before August 22"
"950651","before August 22"
"950659","before August 22"
"950670","before August 22"
"950691","before August 22"
"950699","before August 22"
"950730","before August 22"
"950790","before August 22"
"960390","before August 22"
"970421","before August 22"
"2504101010","before August 22"
"2504105000","before August 22"
"2504900000","before August 22"
"2511101010","before August 22"
"2511105000","before August 22"
"2529210000","before August 22"
"2529220000","before August 22"
"2530901000","before August 22"
"2602000040","before August 22"
"2602000060","before August 22"
"2603000030","before August 22"
"2604000040","before August 22"
"2.605e+09","before August 22"
"2606000030","before August 22"
"2606000060","before August 22"
"2606000090","before August 22"
"2607000030","before August 22"
"2608000030","before August 22"
"2.609e+09","before August 22"
"2610000020","before August 22"
"2610000040","before August 22"
"2610000060","before August 22"
"2611003000","before August 22"
"2611006000","before August 22"
"2612100000","before August 22"
"2612200000","before August 22"
"2614003000","before August 22"
"2614006020","before August 22"
"2614006040","before August 22"
"2615100000","before August 22"
"2615903000","before August 22"
"2615906030","before August 22"
"2615906060","before August 22"
"2615906090","before August 22"
"2616100030","before August 22"
"2616900030","before August 22"
"2617100000","before August 22"
"2617900030","before August 22"
"2620110000","before August 22"
"2620193000","before August 22"
"2620196030","before August 22"
"2620210030","before August 22"
"2620300030","before August 22"
"2620400030","before August 22"
"2620910000","before August 22"
"2620991000","before August 22"
"2620992000","before August 22"
"2620993000","before August 22"
"2620997520","before August 22"
"2701110000","before August 22"
"2701120010","before August 22"
"2701120050","before August 22"
"2701190050","before August 22"
"2707100000","before August 22"
"2707200000","before August 22"
"2707300010","before August 22"
"2707300020","before August 22"
"2707300030","before August 22"
"2707400000","before August 22"
"2707500000","before August 22"
"2707910000","before August 22"
"2707991000","before August 22"
"2707992000","before August 22"
"2707994000","before August 22"
"2707995100","before August 22"
"2707995500","before August 22"
"2707999010","before August 22"
"2711110000","before August 22"
"2711120000","before August 22"
"2711120010","before August 22"
"2711130010","before August 22"
"2711140010","before August 22"
"2711140020","before August 22"
"2711140030","before August 22"
"2711140040","before August 22"
"2711190010","before August 22"
"2804500020","before August 22"
"2804800000","before August 22"
"2805199010","before August 22"
"2805300000","before August 22"
"2805300005","before August 22"
"2805300010","before August 22"
"2805300015","before August 22"
"2805300020","before August 22"
"2805300050","before August 22"
"2805300090","before August 22"
"2811110000","before August 22"
"2811191000","before August 22"
"2811291000","before August 22"
"2813901000","before August 22"
"2.817e+09","before August 22"
"2818200000","before August 22"
"2818300000","before August 22"
"2819100000","before August 22"
"2819900000","before August 22"
"2820100000","before August 22"
"2820900000","before August 22"
"2822000010","before August 22"
"2822000090","before August 22"
"2.823e+09","before August 22"
"2825200000","before August 22"
"2825300010","before August 22"
"2825300050","before August 22"
"2825400000","before August 22"
"2825600000","before August 22"
"2825800000","before August 22"
"2825901000","before August 22"
"2825901500","before August 22"
"2825902000","before August 22"
"2825903000","before August 22"
"2826120000","before August 22"
"2826300000","before August 22"
"2826909010","before August 22"
"2827350000","before August 22"
"2827391000","before August 22"
"2827392500","before August 22"
"2827394000","before August 22"
"2827396000","before August 22"
"2827396500","before August 22"
"2827491000","before August 22"
"2830901000","before August 22"
"2830901500","before August 22"
"2833240000","before August 22"
"2833270000","before August 22"
"2833291000","before August 22"
"2833293000","before August 22"
"2833294000","before August 22"
"2833294500","before August 22"
"2833295110","before August 22"
"2834290500","before August 22"
"2836910010","before August 22"
"2836910050","before August 22"
"2836991000","before August 22"
"2836992000","before August 22"
"2841300000","before August 22"
"2841501000","before August 22"
"2841610000","before August 22"
"2841690010","before August 22"
"2841690090","before August 22"
"2841800010","before August 22"
"2841800020","before August 22"
"2841800050","before August 22"
"2841901000","before August 22"
"2841903000","before August 22"
"2844101000","before August 22"
"2844102010","before August 22"
"2844102025","before August 22"
"2844420000","before August 22"
"2844430021","before August 22"
"2846100010","before August 22"
"2846100050","before August 22"
"2846902005","before August 22"
"2846902015","before August 22"
"2846902040","before August 22"
"2846902082","before August 22"
"2846902084","before August 22"
"2846904000","before August 22"
"2846908070","before August 22"
"2846908075","before August 22"
"2846908090","before August 22"
"2849902000","before August 22"
"2849903000","before August 22"
"2850001000","before August 22"
"2850002000","before August 22"
"2853909010","before August 22"
"2915293000","before August 22"
"3206200030","before August 22"
"3206420000","before August 22"
"3606903000","before August 22"
"3801101000","before August 22"
"3801105000","before August 22"
"3801105010","before August 22"
"3801105090","before August 22"
"3801200000","before August 22"
"3801300000","before August 22"
"3801900000","before August 22"
"3815110000","before August 22"
"3818000010","before August 22"
"3824993100","before August 22"
"3824993500","before August 22"
"3824993600","before August 22"
"3826001000","before August 22"
"3826003000","before August 22"
"7110110000","before August 22"
"7110110010","before August 22"
"7110110020","before August 22"
"7110110050","before August 22"
"7110190000","before August 22"
"7110210000","before August 22"
"7110290000","before August 22"
"7110310000","before August 22"
"7110390000","before August 22"
"7110410010","before August 22"
"7110410030","before August 22"
"7110410050","before August 22"
"7110490010","before August 22"
"7110490050","before August 22"
"7112920000","before August 22"
"7115100000","before August 22"
"7115906000","before August 22"
"7118900020","before August 22"
"7202111000","before August 22"
"7202115000","before August 22"
"7202191000","before August 22"
"7202195000","before August 22"
"7202300000","before August 22"
"7202410000","before August 22"
"7202491000","before August 22"
"7202495010","before August 22"
"7202495090","before August 22"
"7202500000","before August 22"
"7202600000","before August 22"
"7202800000","before August 22"
"7202910000","before August 22"
"7202920000","before August 22"
"7202934000","before August 22"
"7202938000","before August 22"
"7202991000","before August 22"
"7204210000","before August 22"
"7204410020","before August 22"
"7204410040","before August 22"
"7204410060","before August 22"
"7204410080","before August 22"
"7204490020","before August 22"
"7204490040","before August 22"
"7204490060","before August 22"
"7204490070","before August 22"
"7205100000","before August 22"
"7205290000","before August 22"
"7206100000","before August 22"
"7206900000","before August 22"
"7207110000","before August 22"
"7207120010","before August 22"
"7207120050","before August 22"
"7207190030","before August 22"
"7207190090","before August 22"
"7207200025","before August 22"
"7207200045","before August 22"
"7207200075","before August 22"
"7207200090","before August 22"
"7208101500","before August 22"
"7208103000","before August 22"
"7208106000","before August 22"
"7208245090","before August 22"
"7208253000","before August 22"
"7208256000","before August 22"
"7208260030","before August 22"
"7208260060","before August 22"
"7208270060","before August 22"
"7208360030","before August 22"
"7208360060","before August 22"
"7208370030","before August 22"
"7208370060","before August 22"
"7208380015","before August 22"
"7208380030","before August 22"
"7208380090","before August 22"
"7208390030","before August 22"
"7208390090","before August 22"
"7208403030","before August 22"
"7208403060","before August 22"
"7208406060","before August 22"
"7208510030","before August 22"
"7208510045","before August 22"
"7208510060","before August 22"
"7208520000","before August 22"
"7208530000","before August 22"
"7208540000","before August 22"
"7208900000","before August 22"
"7209150000","before August 22"
"7209160060","before August 22"
"7209160070","before August 22"
"7209160091","before August 22"
"7209170060","before August 22"
"7209170070","before August 22"
"7209170091","before August 22"
"7209181530","before August 22"
"7209181560","before August 22"
"7209182520","before August 22"
"7209182585","before August 22"
"7209186020","before August 22"
"7209186090","before August 22"
"7209250000","before August 22"
"7209260000","before August 22"
"7209270000","before August 22"
"7209280000","before August 22"
"7209900000","before August 22"
"7211130000","before August 22"
"7211140030","before August 22"
"7211140045","before August 22"
"7211140090","before August 22"
"7211191000","before August 22"
"7211191500","before August 22"
"7211192000","before August 22"
"7211193000","before August 22"
"7211194500","before August 22"
"7211195000","before August 22"
"7211196000","before August 22"
"7211197530","before August 22"
"7211197560","before August 22"
"7211197590","before August 22"
"7211231500","before August 22"
"7211232000","before August 22"
"7211233000","before August 22"
"7211234500","before August 22"
"7211236030","before August 22"
"7211236060","before August 22"
"7211236090","before August 22"
"7211292030","before August 22"
"7211292090","before August 22"
"7211294500","before August 22"
"7211296030","before August 22"
"7211296080","before August 22"
"7211900000","before August 22"
"7212600000","before August 22"
"7213100000","before August 22"
"7213913011","before August 22"
"7213913015","before August 22"
"7213913093","before August 22"
"7213990030","before August 22"
"7213990060","before August 22"
"7213990090","before August 22"
"7214100000","before August 22"
"7214910016","before August 22"
"7214910020","before August 22"
"7214990016","before August 22"
"7214990021","before August 22"
"7214990026","before August 22"
"7214990060","before August 22"
"7215500016","before August 22"
"7215500018","before August 22"
"7215500020","before August 22"
"7217101000","before August 22"
"7217102000","before August 22"
"7217103000","before August 22"
"7217104030","before August 22"
"7217104040","before August 22"
"7217104045","before August 22"
"7217104090","before August 22"
"7217105030","before August 22"
"7217105090","before August 22"
"7217106000","before August 22"
"7217107000","before August 22"
"7218100000","before August 22"
"7218910015","before August 22"
"7218910030","before August 22"
"7218910060","before August 22"
"7218990015","before August 22"
"7218990030","before August 22"
"7218990045","before August 22"
"7218990060","before August 22"
"7218990090","before August 22"
"7219110030","before August 22"
"7219110060","before August 22"
"7219120002","before August 22"
"7219120006","before August 22"
"7219120021","before August 22"
"7219120026","before August 22"
"7219120051","before August 22"
"7219120056","before August 22"
"7219120066","before August 22"
"7219120071","before August 22"
"7219120081","before August 22"
"7219130002","before August 22"
"7219130031","before August 22"
"7219130051","before August 22"
"7219130071","before August 22"
"7219130081","before August 22"
"7219140030","before August 22"
"7219210005","before August 22"
"7219210020","before August 22"
"7219210040","before August 22"
"7219210060","before August 22"
"7219220005","before August 22"
"7219220015","before August 22"
"7219220020","before August 22"
"7219220025","before August 22"
"7219220035","before August 22"
"7219220040","before August 22"
"7219220045","before August 22"
"7219220070","before August 22"
"7219220075","before August 22"
"7219220080","before August 22"
"7219230030","before August 22"
"7219230060","before August 22"
"7219240030","before August 22"
"7219240060","before August 22"
"7219310010","before August 22"
"7219310050","before August 22"
"7219320020","before August 22"
"7219320025","before August 22"
"7219320036","before August 22"
"7219320038","before August 22"
"7219320042","before August 22"
"7219320044","before August 22"
"7219320045","before August 22"
"7219320060","before August 22"
"7219330005","before August 22"
"7219330020","before August 22"
"7219330025","before August 22"
"7219330035","before August 22"
"7219330036","before August 22"
"7219330042","before August 22"
"7219330045","before August 22"
"7219330070","before August 22"
"7219330080","before August 22"
"7219340005","before August 22"
"7219340020","before August 22"
"7219340025","before August 22"
"7219340030","before August 22"
"7219340035","before August 22"
"7219340050","before August 22"
"7219350005","before August 22"
"7219350015","before August 22"
"7219350030","before August 22"
"7219350035","before August 22"
"7219350050","before August 22"
"7219900010","before August 22"
"7219900020","before August 22"
"7219900025","before August 22"
"7219900080","before August 22"
"7220110000","before August 22"
"7220121000","before August 22"
"7220125000","before August 22"
"7220201010","before August 22"
"7220201015","before August 22"
"7220201060","before August 22"
"7220201080","before August 22"
"7220206005","before August 22"
"7220206010","before August 22"
"7220206015","before August 22"
"7220206050","before August 22"
"7220206060","before August 22"
"7220206080","before August 22"
"7220207005","before August 22"
"7220207010","before August 22"
"7220207015","before August 22"
"7220207050","before August 22"
"7220207060","before August 22"
"7220207080","before August 22"
"7220208000","before August 22"
"7220209000","before August 22"
"7220209030","before August 22"
"7220209060","before August 22"
"7220900010","before August 22"
"7220900015","before August 22"
"7220900060","before August 22"
"7220900080","before August 22"
"7221000005","before August 22"
"7221000030","before August 22"
"7221000045","before August 22"
"7221000075","before August 22"
"7222110001","before August 22"
"7222110006","before August 22"
"7222110057","before August 22"
"7222110059","before August 22"
"7222110082","before August 22"
"7222110084","before August 22"
"7222190001","before August 22"
"7222190006","before August 22"
"7222190052","before August 22"
"7222190054","before August 22"
"7222200001","before August 22"
"7222200006","before August 22"
"7222200041","before August 22"
"7222200043","before August 22"
"7222200062","before August 22"
"7222200064","before August 22"
"7222200067","before August 22"
"7222200069","before August 22"
"7222200071","before August 22"
"7222200073","before August 22"
"7222300001","before August 22"
"7222300012","before August 22"
"7222300022","before August 22"
"7222300024","before August 22"
"7222300082","before August 22"
"7222300084","before August 22"
"7222403025","before August 22"
"7222403045","before August 22"
"7222403065","before August 22"
"7222403085","before August 22"
"7222406000","before August 22"
"7223001005","before August 22"
"7223001016","before August 22"
"7223001031","before August 22"
"7223001046","before August 22"
"7223001061","before August 22"
"7223001076","before August 22"
"7223005000","before August 22"
"7223009000","before August 22"
"7301100000","before August 22"
"7301201000","before August 22"
"7301205000","before August 22"
"7302101010","before August 22"
"7302101015","before August 22"
"7302101025","before August 22"
"7302101075","before August 22"
"7302105020","before August 22"
"7302105060","before August 22"
"7302300000","before August 22"
"7302400000","before August 22"
"7302909000","before August 22"
"7304110020","before August 22"
"7304110050","before August 22"
"7304110080","before August 22"
"7304191020","before August 22"
"7304191030","before August 22"
"7304191045","before August 22"
"7304191060","before August 22"
"7304191080","before August 22"
"7304195020","before August 22"
"7304195050","before August 22"
"7304195080","before August 22"
"7304220030","before August 22"
"7304220045","before August 22"
"7304220060","before August 22"
"7304233000","before August 22"
"7304236030","before August 22"
"7304236045","before August 22"
"7304243080","before August 22"
"7304244010","before August 22"
"7304244020","before August 22"
"7304246015","before August 22"
"7304246030","before August 22"
"7304246045","before August 22"
"7304246075","before August 22"
"7304293130","before August 22"
"7304293180","before August 22"
"7304294120","before August 22"
"7304294130","before August 22"
"7304294180","before August 22"
"7304295015","before August 22"
"7304296115","before August 22"
"7304296130","before August 22"
"7304296145","before August 22"
"7304313000","before August 22"
"7304390008","before August 22"
"7304390016","before August 22"
"7304390020","before August 22"
"7304390028","before August 22"
"7304390032","before August 22"
"7304413005","before August 22"
"7304413015","before August 22"
"7304413045","before August 22"
"7304416005","before August 22"
"7304416015","before August 22"
"7304416045","before August 22"
"7304490005","before August 22"
"7304490015","before August 22"
"7304490045","before August 22"
"7304490060","before August 22"
"7304515005","before August 22"
"7304515015","before August 22"
"7304515045","before August 22"
"7304515060","before August 22"
"7304901000","before August 22"
"7304903000","before August 22"
"7304905000","before August 22"
"7304907000","before August 22"
"7305111030","before August 22"
"7305111060","before August 22"
"7305115000","before August 22"
"7305121030","before August 22"
"7305121060","before August 22"
"7305125000","before August 22"
"7305191060","before August 22"
"7305195000","before August 22"
"7305204000","before August 22"
"7305208000","before August 22"
"7305314000","before August 22"
"7305316010","before August 22"
"7305905000","before August 22"
"7306110010","before August 22"
"7306110050","before August 22"
"7306191010","before August 22"
"7306191050","before August 22"
"7306195150","before August 22"
"7306214000","before August 22"
"7306218050","before August 22"
"7306291030","before August 22"
"7306291090","before August 22"
"7306292000","before August 22"
"7306294100","before August 22"
"7306296010","before August 22"
"7306296050","before August 22"
"7306298150","before August 22"
"7405006030","before August 22"
"7409901030","before August 22"
"7409905030","before August 22"
"7409909030","before August 22"
"7501100000","before August 22"
"7501200000","before August 22"
"7502100000","before August 22"
"7502200000","before August 22"
"7.503e+09","before August 22"
"7504000010","before August 22"
"7504000050","before August 22"
"7601103000","before August 22"
"7601106030","before August 22"
"7601106090","before August 22"
"7601203000","before August 22"
"7601206000","before August 22"
"7601209030","before August 22"
"7601209045","before August 22"
"7601209075","before August 22"
"7601209080","before August 22"
"7601209085","before August 22"
"7601209095","before August 22"
"7603100000","before August 22"
"7603200000","before August 22"
"7604101000","before August 22"
"7604103000","before August 22"
"7604105000","before August 22"
"7604293060","before August 22"
"7604293090","before August 22"
"7604295020","before August 22"
"7604295050","before August 22"
"7604295090","before August 22"
"7606113030","before August 22"
"7606113060","before August 22"
"7606116000","before August 22"
"7606123015","before August 22"
"7606123025","before August 22"
"7606123035","before August 22"
"7606126000","before August 22"
"7614101000","before August 22"
"7614105000","before August 22"
"7614904000","before August 22"
"7614905000","before August 22"
"7801910000","before August 22"
"7901110000","before August 22"
"7901121000","before August 22"
"7901125000","before August 22"
"7901200000","before August 22"
"7.902e+09","before August 22"
"7903100000","before August 22"
"7903903000","before August 22"
"7903906000","before August 22"
"8001100000","before August 22"
"8001200010","before August 22"
"8001200050","before August 22"
"8001200090","before August 22"
"8007003200","before August 22"
"8101100000","before August 22"
"8101940000","before August 22"
"8101970000","before August 22"
"8101991000","before August 22"
"8103103000","before August 22"
"8103200030","before August 22"
"8103200090","before August 22"
"8103300000","before August 22"
"8103910000","before August 22"
"8103990000","before August 22"
"8104110000","before August 22"
"8104190000","before August 22"
"8104200000","before August 22"
"8104300000","before August 22"
"8104900000","before August 22"
"8105203000","before August 22"
"8105206000","before August 22"
"8105209000","before August 22"
"8105300000","before August 22"
"8105900000","before August 22"
"8106100000","before August 22"
"8106900000","before August 22"
"8108200010","before August 22"
"8108200015","before August 22"
"8108200030","before August 22"
"8108200095","before August 22"
"8108300000","before August 22"
"8108903030","before August 22"
"8108903060","before August 22"
"8108906020","before August 22"
"8108906031","before August 22"
"8108906045","before August 22"
"8108906060","before August 22"
"8108906075","before August 22"
"8110100000","before August 22"
"8110200000","before August 22"
"8110900000","before August 22"
"8111003000","before August 22"
"8111004700","before August 22"
"8111004900","before August 22"
"8111004910","before August 22"
"8111004990","before August 22"
"8111006000","before August 22"
"8112120000","before August 22"
"8112130000","before August 22"
"8112190000","before August 22"
"8112210000","before August 22"
"8112220000","before August 22"
"8112290000","before August 22"
"8112310000","before August 22"
"8112390000","before August 22"
"8112920700","before August 22"
"8112921000","before August 22"
"8112923000","before August 22"
"8112924000","before August 22"
"8112926000","before August 22"
"8112926500","before August 22"
"8112927000","before August 22"
"8112991000","before August 22"
"8112992000","before August 22"
"8505110050","before August 22"
"8505110070","before August 22"
"8545110000","before August 22"
"8545110010","before August 22"
"8545110020","before August 22"
"8545110050","before August 22"
"8545200000","before August 22"
"8545904000","before August 22"
"440311","before August 22"
"440321","before August 22"
"440322","before August 22"
"440323","before August 22"
"440325","before August 22"
"440326","before August 22"
"440399","before August 22"
"440611","before August 22"
"440691","before August 22"
"440711","before August 22"
"440712","before August 22"
"440713","before August 22"
"440714","before August 22"
"440719","before August 22"
"940161","before August 22"
"940340","before August 22"
"940360","before August 22"
"940391","before August 22"
"870124","before August 22"
"870123","before August 22"
"870122","before August 22"
"870121","before August 22"
"870422","before August 22"
"870410","before August 22"
"870129","before August 22"
"870442","before August 22"
"870432","before August 22"
"870423","before August 22"
"870490","before August 22"
"870460","before August 22"
"870452","before August 22"
"870443","before August 22"
"870590","before August 22"
"870540","before August 22"
"870911","before August 22"
"870600","before August 22"
"870919","before August 22"
"870220","before August 22"
"870210","before August 22"
"870240","before August 22"
"870230","before August 22"
"870290","before August 22"
"440710","before August 22"
"440910","before August 22"
"441520","before August 22"
"441899","before August 22"
"442199","before August 22"
"220300","after August 22"
"281520","after August 22"
"310420","after August 22"
"310430","after August 22"
"310490","after August 22"
"310510","after August 22"
"310520","after August 22"
"310560","after August 22"
"400912","after August 22"
"400922","after August 22"
"400932","after August 22"
"400942","after August 22"
"401110","after August 22"
"401120","after August 22"
"401219","after August 22"
"401220","after August 22"
"401310","after August 22"
"401699","after August 22"
"440710","after August 22"
"440910","after August 22"
"441520","after August 22"
"441899","after August 22"
"442199","after August 22"
"660390","after August 22"
"681511","after August 22"
"681512","after August 22"
"681513","after August 22"
"681519","after August 22"
"700721","after August 22"
"700910","after August 22"
"720610","after August 22"
"720690","after August 22"
"720711","after August 22"
"720712","after August 22"
"720719","after August 22"
"720720","after August 22"
"720810","after August 22"
"720825","after August 22"
"720826","after August 22"
"720827","after August 22"
"720836","after August 22"
"720837","after August 22"
"720838","after August 22"
"720839","after August 22"
"720840","after August 22"
"720851","after August 22"
"720852","after August 22"
"720853","after August 22"
"720854","after August 22"
"720890","after August 22"
"720915","after August 22"
"720916","after August 22"
"720917","after August 22"
"720918","after August 22"
"720925","after August 22"
"720926","after August 22"
"720927","after August 22"
"720928","after August 22"
"720990","after August 22"
"721011","after August 22"
"721012","after August 22"
"721020","after August 22"
"721030","after August 22"
"721041","after August 22"
"721049","after August 22"
"721050","after August 22"
"721061","after August 22"
"721069","after August 22"
"721070","after August 22"
"721090","after August 22"
"721113","after August 22"
"721114","after August 22"
"721119","after August 22"
"721123","after August 22"
"721129","after August 22"
"721190","after August 22"
"721210","after August 22"
"721220","after August 22"
"721230","after August 22"
"721240","after August 22"
"721250","after August 22"
"721260","after August 22"
"721310","after August 22"
"721320","after August 22"
"721391","after August 22"
"721399","after August 22"
"721410","after August 22"
"721420","after August 22"
"721430","after August 22"
"721491","after August 22"
"721499","after August 22"
"721510","after August 22"
"721550","after August 22"
"721590","after August 22"
"721610","after August 22"
"721621","after August 22"
"721622","after August 22"
"721631","after August 22"
"721632","after August 22"
"721633","after August 22"
"721640","after August 22"
"721650","after August 22"
"721710","after August 22"
"721720","after August 22"
"721730","after August 22"
"721790","after August 22"
"721810","after August 22"
"721891","after August 22"
"721899","after August 22"
"721911","after August 22"
"721912","after August 22"
"721913","after August 22"
"721914","after August 22"
"721921","after August 22"
"721922","after August 22"
"721923","after August 22"
"721924","after August 22"
"721931","after August 22"
"721932","after August 22"
"721933","after August 22"
"721934","after August 22"
"721935","after August 22"
"721990","after August 22"
"722011","after August 22"
"722012","after August 22"
"722020","after August 22"
"722090","after August 22"
"722100","after August 22"
"722211","after August 22"
"722219","after August 22"
"722220","after August 22"
"722230","after August 22"
"722240","after August 22"
"722300","after August 22"
"722410","after August 22"
"722490","after August 22"
"722511","after August 22"
"722519","after August 22"
"722530","after August 22"
"722540","after August 22"
"722591","after August 22"
"722592","after August 22"
"722599","after August 22"
"722611","after August 22"
"722619","after August 22"
"722620","after August 22"
"722691","after August 22"
"722692","after August 22"
"722699","after August 22"
"722710","after August 22"
"722720","after August 22"
"722790","after August 22"
"722810","after August 22"
"722820","after August 22"
"722830","after August 22"
"722840","after August 22"
"722850","after August 22"
"722860","after August 22"
"722870","after August 22"
"722880","after August 22"
"722920","after August 22"
"722990","after August 22"
"730110","after August 22"
"730120","after August 22"
"730210","after August 22"
"730230","after August 22"
"730240","after August 22"
"730290","after August 22"
"730411","after August 22"
"730419","after August 22"
"730422","after August 22"
"730423","after August 22"
"730424","after August 22"
"730429","after August 22"
"730431","after August 22"
"730439","after August 22"
"730441","after August 22"
"730449","after August 22"
"730451","after August 22"
"730459","after August 22"
"730490","after August 22"
"730511","after August 22"
"730512","after August 22"
"730519","after August 22"
"730520","after August 22"
"730531","after August 22"
"730539","after August 22"
"730590","after August 22"
"730611","after August 22"
"730619","after August 22"
"730621","after August 22"
"730629","after August 22"
"730630","after August 22"
"730640","after August 22"
"730650","after August 22"
"730661","after August 22"
"730669","after August 22"
"730690","after August 22"
"730721","after August 22"
"730722","after August 22"
"730723","after August 22"
"730729","after August 22"
"730791","after August 22"
"730792","after August 22"
"730793","after August 22"
"730799","after August 22"
"730810","after August 22"
"730820","after August 22"
"730830","after August 22"
"730840","after August 22"
"730890","after August 22"
"730900","after August 22"
"731010","after August 22"
"731021","after August 22"
"731029","after August 22"
"731100","after August 22"
"731210","after August 22"
"731290","after August 22"
"731300","after August 22"
"731412","after August 22"
"731414","after August 22"
"731419","after August 22"
"731420","after August 22"
"731431","after August 22"
"731439","after August 22"
"731441","after August 22"
"731442","after August 22"
"731449","after August 22"
"731450","after August 22"
"731511","after August 22"
"731512","after August 22"
"731519","after August 22"
"731520","after August 22"
"731581","after August 22"
"731582","after August 22"
"731589","after August 22"
"731590","after August 22"
"731600","after August 22"
"731700","after August 22"
"731811","after August 22"
"731812","after August 22"
"731813","after August 22"
"731814","after August 22"
"731815","after August 22"
"731816","after August 22"
"731819","after August 22"
"731821","after August 22"
"731822","after August 22"
"731823","after August 22"
"731824","after August 22"
"731829","after August 22"
"731940","after August 22"
"731990","after August 22"
"732010","after August 22"
"732020","after August 22"
"732090","after August 22"
"732111","after August 22"
"732112","after August 22"
"732119","after August 22"
"732181","after August 22"
"732182","after August 22"
"732189","after August 22"
"732190","after August 22"
"732219","after August 22"
"732289","after August 22"
"732310","after August 22"
"732393","after August 22"
"732394","after August 22"
"732399","after August 22"
"732410","after August 22"
"732429","after August 22"
"732490","after August 22"
"732591","after August 22"
"732599","after August 22"
"732611","after August 22"
"732619","after August 22"
"732620","after August 22"
"732690","after August 22"
"740610","after August 22"
"740620","after August 22"
"740710","after August 22"
"740721","after August 22"
"740729","after August 22"
"740811","after August 22"
"740819","after August 22"
"740821","after August 22"
"740822","after August 22"
"740829","after August 22"
"740911","after August 22"
"740919","after August 22"
"740921","after August 22"
"740929","after August 22"
"740931","after August 22"
"740939","after August 22"
"740940","after August 22"
"740990","after August 22"
"741011","after August 22"
"741012","after August 22"
"741021","after August 22"
"741022","after August 22"
"741110","after August 22"
"741121","after August 22"
"741122","after August 22"
"741129","after August 22"
"741210","after August 22"
"741220","after August 22"
"741300","after August 22"
"741510","after August 22"
"741521","after August 22"
"741529","after August 22"
"741533","after August 22"
"741539","after August 22"
"741810","after August 22"
"741820","after August 22"
"741920","after August 22"
"741980","after August 22"
"760110","after August 22"
"760120","after August 22"
"760410","after August 22"
"760421","after August 22"
"760429","after August 22"
"760511","after August 22"
"760519","after August 22"
"760521","after August 22"
"760529","after August 22"
"760611","after August 22"
"760612","after August 22"
"760691","after August 22"
"760692","after August 22"
"760711","after August 22"
"760719","after August 22"
"760720","after August 22"
"760810","after August 22"
"760820","after August 22"
"760900","after August 22"
"761010","after August 22"
"761090","after August 22"
"761290","after August 22"
"761410","after August 22"
"761490","after August 22"
"761510","after August 22"
"761520","after August 22"
"761610","after August 22"
"761699","after August 22"
"830120","after August 22"
"830210","after August 22"
"830220","after August 22"
"830230","after August 22"
"830241","after August 22"
"830242","after August 22"
"830249","after August 22"
"830250","after August 22"
"830260","after August 22"
"830510","after August 22"
"830630","after August 22"
"840731","after August 22"
"840732","after August 22"
"840733","after August 22"
"840734","after August 22"
"840820","after August 22"
"840991","after August 22"
"840999","after August 22"
"841330","after August 22"
"841391","after August 22"
"841430","after August 22"
"841459","after August 22"
"841480","after August 22"
"841520","after August 22"
"841590","after August 22"
"841810","after August 22"
"841830","after August 22"
"841840","after August 22"
"841899","after August 22"
"841950","after August 22"
"841990","after August 22"
"842123","after August 22"
"842132","after August 22"
"842211","after August 22"
"842290","after August 22"
"842490","after August 22"
"842549","after August 22"
"842691","after August 22"
"843110","after August 22"
"843131","after August 22"
"843142","after August 22"
"843149","after August 22"
"843210","after August 22"
"843290","after August 22"
"845011","after August 22"
"845020","after August 22"
"845121","after August 22"
"845129","after August 22"
"847130","after August 22"
"847141","after August 22"
"847149","after August 22"
"847150","after August 22"
"847160","after August 22"
"847170","after August 22"
"847180","after August 22"
"847190","after August 22"
"847330","after August 22"
"847989","after August 22"
"847990","after August 22"
"848190","after August 22"
"848210","after August 22"
"848220","after August 22"
"848240","after August 22"
"848250","after August 22"
"848310","after August 22"
"848690","after August 22"
"848790","after August 22"
"850132","after August 22"
"850133","after August 22"
"850134","after August 22"
"850140","after August 22"
"850151","after August 22"
"850152","after August 22"
"850300","after August 22"
"850710","after August 22"
"850760","after August 22"
"850790","after August 22"
"850870","after August 22"
"850980","after August 22"
"851110","after August 22"
"851120","after August 22"
"851130","after August 22"
"851140","after August 22"
"851150","after August 22"
"851180","after August 22"
"851190","after August 22"
"851220","after August 22"
"851230","after August 22"
"851240","after August 22"
"851290","after August 22"
"851390","after August 22"
"851590","after August 22"
"851660","after August 22"
"851690","after August 22"
"851771","after August 22"
"851779","after August 22"
"851981","after August 22"
"852560","after August 22"
"852721","after August 22"
"852729","after August 22"
"852990","after August 22"
"853641","after August 22"
"853690","after August 22"
"853710","after August 22"
"853720","after August 22"
"853810","after August 22"
"853910","after August 22"
"854190","after August 22"
"854390","after August 22"
"854430","after August 22"
"854442","after August 22"
"854449","after August 22"
"854790","after August 22"
"870322","after August 22"
"870323","after August 22"
"870324","after August 22"
"870331","after August 22"
"870332","after August 22"
"870333","after August 22"
"870340","after August 22"
"870350","after August 22"
"870360","after August 22"
"870370","after August 22"
"870380","after August 22"
"870390","after August 22"
"870431","after August 22"
"870441","after August 22"
"870451","after August 22"
"870460","after August 22"
"870600","after August 22"
"870710","after August 22"
"870790","after August 22"
"870810","after August 22"
"870821","after August 22"
"870822","after August 22"
"870829","after August 22"
"870830","after August 22"
"870840","after August 22"
"870850","after August 22"
"870870","after August 22"
"870880","after August 22"
"870891","after August 22"
"870893","after August 22"
"870894","after August 22"
"870895","after August 22"
"870899","after August 22"
"871680","after August 22"
"871690","after August 22"
"880730","after August 22"
"901390","after August 22"
"901510","after August 22"
"902910","after August 22"
"902920","after August 22"
"903190","after August 22"
"940120","after August 22"
"940199","after August 22"
"940310","after August 22"
"940320","after August 22"
"940321","after August 22"
"940399","after August 22"
"940599","after August 22"
"940620","after August 22"
"940690","after August 22"
"950611","after August 22"
"950651","after August 22"
"950659","after August 22"
"950670","after August 22"
"950691","after August 22"
"950699","after August 22"
"950730","after August 22"
"950790","after August 22"
"960390","after August 22"
"970421","after August 22"
"2504101010","after August 22"
"2504105000","after August 22"
"2504900000","after August 22"
"2511101010","after August 22"
"2511105000","after August 22"
"2529210000","after August 22"
"2529220000","after August 22"
"2530901000","after August 22"
"2602000040","after August 22"
"2602000060","after August 22"
"2603000030","after August 22"
"2604000040","after August 22"
"2.605e+09","after August 22"
"2606000030","after August 22"
"2606000060","after August 22"
"2606000090","after August 22"
"2607000030","after August 22"
"2608000030","after August 22"
"2.609e+09","after August 22"
"2610000020","after August 22"
"2610000040","after August 22"
"2610000060","after August 22"
"2611003000","after August 22"
"2611006000","after August 22"
"2612100000","after August 22"
"2612200000","after August 22"
"2614003000","after August 22"
"2614006020","after August 22"
"2614006040","after August 22"
"2615100000","after August 22"
"2615903000","after August 22"
"2615906030","after August 22"
"2615906060","after August 22"
"2615906090","after August 22"
"2616100030","after August 22"
"2616900030","after August 22"
"2617100000","after August 22"
"2617900030","after August 22"
"2620110000","after August 22"
"2620193000","after August 22"
"2620196030","after August 22"
"2620210030","after August 22"
"2620300030","after August 22"
"2620400030","after August 22"
"2620910000","after August 22"
"2620991000","after August 22"
"2620992000","after August 22"
"2620993000","after August 22"
"2620997520","after August 22"
"2701110000","after August 22"
"2701120010","after August 22"
"2701120050","after August 22"
"2701190050","after August 22"
"2707100000","after August 22"
"2707200000","after August 22"
"2707300010","after August 22"
"2707300020","after August 22"
"2707300030","after August 22"
"2707400000","after August 22"
"2707500000","after August 22"
"2707910000","after August 22"
"2707991000","after August 22"
"2707992000","after August 22"
"2707994000","after August 22"
"2707995100","after August 22"
"2707995500","after August 22"
"2707999010","after August 22"
"2711110000","after August 22"
"2711120000","after August 22"
"2711120010","after August 22"
"2711130010","after August 22"
"2711140010","after August 22"
"2711140020","after August 22"
"2711140030","after August 22"
"2711140040","after August 22"
"2711190010","after August 22"
"2804500020","after August 22"
"2804800000","after August 22"
"2805199010","after August 22"
"2805300000","after August 22"
"2805300005","after August 22"
"2805300010","after August 22"
"2805300015","after August 22"
"2805300020","after August 22"
"2805300050","after August 22"
"2805300090","after August 22"
"2811110000","after August 22"
"2811191000","after August 22"
"2811291000","after August 22"
"2813901000","after August 22"
"2.817e+09","after August 22"
"2818200000","after August 22"
"2818300000","after August 22"
"2819100000","after August 22"
"2819900000","after August 22"
"2820100000","after August 22"
"2820900000","after August 22"
"2822000010","after August 22"
"2822000090","after August 22"
"2.823e+09","after August 22"
"2825200000","after August 22"
"2825300010","after August 22"
"2825300050","after August 22"
"2825400000","after August 22"
"2825600000","after August 22"
"2825800000","after August 22"
"2825901000","after August 22"
"2825901500","after August 22"
"2825902000","after August 22"
"2825903000","after August 22"
"2826120000","after August 22"
"2826300000","after August 22"
"2826909010","after August 22"
"2827350000","after August 22"
"2827391000","after August 22"
"2827392500","after August 22"
"2827394000","after August 22"
"2827396000","after August 22"
"2827396500","after August 22"
"2827491000","after August 22"
"2830901000","after August 22"
"2830901500","after August 22"
"2833240000","after August 22"
"2833270000","after August 22"
"2833291000","after August 22"
"2833293000","after August 22"
"2833294000","after August 22"
"2833294500","after August 22"
"2833295110","after August 22"
"2834290500","after August 22"
"2836910010","after August 22"
"2836910050","after August 22"
"2836991000","after August 22"
"2836992000","after August 22"
"2841300000","after August 22"
"2841501000","after August 22"
"2841610000","after August 22"
"2841690010","after August 22"
"2841690090","after August 22"
"2841800010","after August 22"
"2841800020","after August 22"
"2841800050","after August 22"
"2841901000","after August 22"
"2841903000","after August 22"
"2844101000","after August 22"
"2844102010","after August 22"
"2844102025","after August 22"
"2844420000","after August 22"
"2844430021","after August 22"
"2846100010","after August 22"
"2846100050","after August 22"
"2846902005","after August 22"
"2846902015","after August 22"
"2846902040","after August 22"
"2846902082","after August 22"
"2846902084","after August 22"
"2846904000","after August 22"
"2846908070","after August 22"
"2846908075","after August 22"
"2846908090","after August 22"
"2849902000","after August 22"
"2849903000","after August 22"
"2850001000","after August 22"
"2850002000","after August 22"
"2853909010","after August 22"
"2915293000","after August 22"
"3206200030","after August 22"
"3206420000","after August 22"
"3606903000","after August 22"
"3801101000","after August 22"
"3801105000","after August 22"
"3801105010","after August 22"
"3801105090","after August 22"
"3801200000","after August 22"
"3801300000","after August 22"
"3801900000","after August 22"
"3815110000","after August 22"
"3818000010","after August 22"
"3824993100","after August 22"
"3824993500","after August 22"
"3824993600","after August 22"
"3826001000","after August 22"
"3826003000","after August 22"
"7110110000","after August 22"
"7110110010","after August 22"
"7110110020","after August 22"
"7110110050","after August 22"
"7110190000","after August 22"
"7110210000","after August 22"
"7110290000","after August 22"
"7110310000","after August 22"
"7110390000","after August 22"
"7110410010","after August 22"
"7110410030","after August 22"
"7110410050","after August 22"
"7110490010","after August 22"
"7110490050","after August 22"
"7112920000","after August 22"
"7115100000","after August 22"
"7115906000","after August 22"
"7118900020","after August 22"
"7202111000","after August 22"
"7202115000","after August 22"
"7202191000","after August 22"
"7202195000","after August 22"
"7202300000","after August 22"
"7202410000","after August 22"
"7202491000","after August 22"
"7202495010","after August 22"
"7202495090","after August 22"
"7202500000","after August 22"
"7202600000","after August 22"
"7202800000","after August 22"
"7202910000","after August 22"
"7202920000","after August 22"
"7202934000","after August 22"
"7202938000","after August 22"
"7202991000","after August 22"
"7204210000","after August 22"
"7204410020","after August 22"
"7204410040","after August 22"
"7204410060","after August 22"
"7204410080","after August 22"
"7204490020","after August 22"
"7204490040","after August 22"
"7204490060","after August 22"
"7204490070","after August 22"
"7205100000","after August 22"
"7205290000","after August 22"
"7206100000","after August 22"
"7206900000","after August 22"
"7207110000","after August 22"
"7207120010","after August 22"
"7207120050","after August 22"
"7207190030","after August 22"
"7207190090","after August 22"
"7207200025","after August 22"
"7207200045","after August 22"
"7207200075","after August 22"
"7207200090","after August 22"
"7208101500","after August 22"
"7208103000","after August 22"
"7208106000","after August 22"
"7208245090","after August 22"
"7208253000","after August 22"
"7208256000","after August 22"
"7208260030","after August 22"
"7208260060","after August 22"
"7208270060","after August 22"
"7208360030","after August 22"
"7208360060","after August 22"
"7208370030","after August 22"
"7208370060","after August 22"
"7208380015","after August 22"
"7208380030","after August 22"
"7208380090","after August 22"
"7208390030","after August 22"
"7208390090","after August 22"
"7208403030","after August 22"
"7208403060","after August 22"
"7208406060","after August 22"
"7208510030","after August 22"
"7208510045","after August 22"
"7208510060","after August 22"
"7208520000","after August 22"
"7208530000","after August 22"
"7208540000","after August 22"
"7208900000","after August 22"
"7209150000","after August 22"
"7209160060","after August 22"
"7209160070","after August 22"
"7209160091","after August 22"
"7209170060","after August 22"
"7209170070","after August 22"
"7209170091","after August 22"
"7209181530","after August 22"
"7209181560","after August 22"
"7209182520","after August 22"
"7209182585","after August 22"
"7209186020","after August 22"
"7209186090","after August 22"
"7209250000","after August 22"
"7209260000","after August 22"
"7209270000","after August 22"
"7209280000","after August 22"
"7209900000","after August 22"
"7211130000","after August 22"
"7211140030","after August 22"
"7211140045","after August 22"
"7211140090","after August 22"
"7211191000","after August 22"
"7211191500","after August 22"
"7211192000","after August 22"
"7211193000","after August 22"
"7211194500","after August 22"
"7211195000","after August 22"
"7211196000","after August 22"
"7211197530","after August 22"
"7211197560","after August 22"
"7211197590","after August 22"
"7211231500","after August 22"
"7211232000","after August 22"
"7211233000","after August 22"
"7211234500","after August 22"
"7211236030","after August 22"
"7211236060","after August 22"
"7211236090","after August 22"
"7211292030","after August 22"
"7211292090","after August 22"
"7211294500","after August 22"
"7211296030","after August 22"
"7211296080","after August 22"
"7211900000","after August 22"
"7212600000","after August 22"
"7213100000","after August 22"
"7213913011","after August 22"
"7213913015","after August 22"
"7213913093","after August 22"
"7213990030","after August 22"
"7213990060","after August 22"
"7213990090","after August 22"
"7214100000","after August 22"
"7214910016","after August 22"
"7214910020","after August 22"
"7214990016","after August 22"
"7214990021","after August 22"
"7214990026","after August 22"
"7214990060","after August 22"
"7215500016","after August 22"
"7215500018","after August 22"
"7215500020","after August 22"
"7217101000","after August 22"
"7217102000","after August 22"
"7217103000","after August 22"
"7217104030","after August 22"
"7217104040","after August 22"
"7217104045","after August 22"
"7217104090","after August 22"
"7217105030","after August 22"
"7217105090","after August 22"
"7217106000","after August 22"
"7217107000","after August 22"
"7218100000","after August 22"
"7218910015","after August 22"
"7218910030","after August 22"
"7218910060","after August 22"
"7218990015","after August 22"
"7218990030","after August 22"
"7218990045","after August 22"
"7218990060","after August 22"
"7218990090","after August 22"
"7219110030","after August 22"
"7219110060","after August 22"
"7219120002","after August 22"
"7219120006","after August 22"
"7219120021","after August 22"
"7219120026","after August 22"
"7219120051","after August 22"
"7219120056","after August 22"
"7219120066","after August 22"
"7219120071","after August 22"
"7219120081","after August 22"
"7219130002","after August 22"
"7219130031","after August 22"
"7219130051","after August 22"
"7219130071","after August 22"
"7219130081","after August 22"
"7219140030","after August 22"
"7219210005","after August 22"
"7219210020","after August 22"
"7219210040","after August 22"
"7219210060","after August 22"
"7219220005","after August 22"
"7219220015","after August 22"
"7219220020","after August 22"
"7219220025","after August 22"
"7219220035","after August 22"
"7219220040","after August 22"
"7219220045","after August 22"
"7219220070","after August 22"
"7219220075","after August 22"
"7219220080","after August 22"
"7219230030","after August 22"
"7219230060","after August 22"
"7219240030","after August 22"
"7219240060","after August 22"
"7219310010","after August 22"
"7219310050","after August 22"
"7219320020","after August 22"
"7219320025","after August 22"
"7219320036","after August 22"
"7219320038","after August 22"
"7219320042","after August 22"
"7219320044","after August 22"
"7219320045","after August 22"
"7219320060","after August 22"
"7219330005","after August 22"
"7219330020","after August 22"
"7219330025","after August 22"
"7219330035","after August 22"
"7219330036","after August 22"
"7219330042","after August 22"
"7219330045","after August 22"
"7219330070","after August 22"
"7219330080","after August 22"
"7219340005","after August 22"
"7219340020","after August 22"
"7219340025","after August 22"
"7219340030","after August 22"
"7219340035","after August 22"
"7219340050","after August 22"
"7219350005","after August 22"
"7219350015","after August 22"
"7219350030","after August 22"
"7219350035","after August 22"
"7219350050","after August 22"
"7219900010","after August 22"
"7219900020","after August 22"
"7219900025","after August 22"
"7219900080","after August 22"
"7220110000","after August 22"
"7220121000","after August 22"
"7220125000","after August 22"
"7220201010","after August 22"
"7220201015","after August 22"
"7220201060","after August 22"
"7220201080","after August 22"
"7220206005","after August 22"
"7220206010","after August 22"
"7220206015","after August 22"
"7220206050","after August 22"
"7220206060","after August 22"
"7220206080","after August 22"
"7220207005","after August 22"
"7220207010","after August 22"
"7220207015","after August 22"
"7220207050","after August 22"
"7220207060","after August 22"
"7220207080","after August 22"
"7220208000","after August 22"
"7220209000","after August 22"
"7220209030","after August 22"
"7220209060","after August 22"
"7220900010","after August 22"
"7220900015","after August 22"
"7220900060","after August 22"
"7220900080","after August 22"
"7221000005","after August 22"
"7221000030","after August 22"
"7221000045","after August 22"
"7221000075","after August 22"
"7222110001","after August 22"
"7222110006","after August 22"
"7222110057","after August 22"
"7222110059","after August 22"
"7222110082","after August 22"
"7222110084","after August 22"
"7222190001","after August 22"
"7222190006","after August 22"
"7222190052","after August 22"
"7222190054","after August 22"
"7222200001","after August 22"
"7222200006","after August 22"
"7222200041","after August 22"
"7222200043","after August 22"
"7222200062","after August 22"
"7222200064","after August 22"
"7222200067","after August 22"
"7222200069","after August 22"
"7222200071","after August 22"
"7222200073","after August 22"
"7222300001","after August 22"
"7222300012","after August 22"
"7222300022","after August 22"
"7222300024","after August 22"
"7222300082","after August 22"
"7222300084","after August 22"
"7222403025","after August 22"
"7222403045","after August 22"
"7222403065","after August 22"
"7222403085","after August 22"
"7222406000","after August 22"
"7223001005","after August 22"
"7223001016","after August 22"
"7223001031","after August 22"
"7223001046","after August 22"
"7223001061","after August 22"
"7223001076","after August 22"
"7223005000","after August 22"
"7223009000","after August 22"
"7301100000","after August 22"
"7301201000","after August 22"
"7301205000","after August 22"
"7302101010","after August 22"
"7302101015","after August 22"
"7302101025","after August 22"
"7302101075","after August 22"
"7302105020","after August 22"
"7302105060","after August 22"
"7302300000","after August 22"
"7302400000","after August 22"
"7302909000","after August 22"
"7304110020","after August 22"
"7304110050","after August 22"
"7304110080","after August 22"
"7304191020","after August 22"
"7304191030","after August 22"
"7304191045","after August 22"
"7304191060","after August 22"
"7304191080","after August 22"
"7304195020","after August 22"
"7304195050","after August 22"
"7304195080","after August 22"
"7304220030","after August 22"
"7304220045","after August 22"
"7304220060","after August 22"
"7304233000","after August 22"
"7304236030","after August 22"
"7304236045","after August 22"
"7304243080","after August 22"
"7304244010","after August 22"
"7304244020","after August 22"
"7304246015","after August 22"
"7304246030","after August 22"
"7304246045","after August 22"
"7304246075","after August 22"
"7304293130","after August 22"
"7304293180","after August 22"
"7304294120","after August 22"
"7304294130","after August 22"
"7304294180","after August 22"
"7304295015","after August 22"
"7304296115","after August 22"
"7304296130","after August 22"
"7304296145","after August 22"
"7304313000","after August 22"
"7304390008","after August 22"
"7304390016","after August 22"
"7304390020","after August 22"
"7304390028","after August 22"
"7304390032","after August 22"
"7304413005","after August 22"
"7304413015","after August 22"
"7304413045","after August 22"
"7304416005","after August 22"
"7304416015","after August 22"
"7304416045","after August 22"
"7304490005","after August 22"
"7304490015","after August 22"
"7304490045","after August 22"
"7304490060","after August 22"
"7304515005","after August 22"
"7304515015","after August 22"
"7304515045","after August 22"
"7304515060","after August 22"
"7304901000","after August 22"
"7304903000","after August 22"
"7304905000","after August 22"
"7304907000","after August 22"
"7305111030","after August 22"
"7305111060","after August 22"
"7305115000","after August 22"
"7305121030","after August 22"
"7305121060","after August 22"
"7305125000","after August 22"
"7305191060","after August 22"
"7305195000","after August 22"
"7305204000","after August 22"
"7305208000","after August 22"
"7305314000","after August 22"
"7305316010","after August 22"
"7305905000","after August 22"
"7306110010","after August 22"
"7306110050","after August 22"
"7306191010","after August 22"
"7306191050","after August 22"
"7306195150","after August 22"
"7306214000","after August 22"
"7306218050","after August 22"
"7306291030","after August 22"
"7306291090","after August 22"
"7306292000","after August 22"
"7306294100","after August 22"
"7306296010","after August 22"
"7306296050","after August 22"
"7306298150","after August 22"
"7405006030","after August 22"
"7409901030","after August 22"
"7409905030","after August 22"
"7409909030","after August 22"
"7501100000","after August 22"
"7501200000","after August 22"
"7502100000","after August 22"
"7502200000","after August 22"
"7.503e+09","after August 22"
"7504000010","after August 22"
"7504000050","after August 22"
"7601103000","after August 22"
"7601106030","after August 22"
"7601106090","after August 22"
"7601203000","after August 22"
"7601206000","after August 22"
"7601209030","after August 22"
"7601209045","after August 22"
"7601209075","after August 22"
"7601209080","after August 22"
"7601209085","after August 22"
"7601209095","after August 22"
"7603100000","after August 22"
"7603200000","after August 22"
"7604101000","after August 22"
"7604103000","after August 22"
"7604105000","after August 22"
"7604293060","after August 22"
"7604293090","after August 22"
"7604295020","after August 22"
"7604295050","after August 22"
"7604295090","after August 22"
"7606113030","after August 22"
"7606113060","after August 22"
"7606116000","after August 22"
"7606123015","after August 22"
"7606123025","after August 22"
"7606123035","after August 22"
"7606126000","after August 22"
"7614101000","after August 22"
"7614105000","after August 22"
"7614904000","after August 22"
"7614905000","after August 22"
"7801910000","after August 22"
"7901110000","after August 22"
"7901121000","after August 22"
"7901125000","after August 22"
"7901200000","after August 22"
"7.902e+09","after August 22"
"7903100000","after August 22"
"7903903000","after August 22"
"7903906000","after August 22"
"8001100000","after August 22"
"8001200010","after August 22"
"8001200050","after August 22"
"8001200090","after August 22"
"8007003200","after August 22"
"8101100000","after August 22"
"8101940000","after August 22"
"8101970000","after August 22"
"8101991000","after August 22"
"8103103000","after August 22"
"8103200030","after August 22"
"8103200090","after August 22"
"8103300000","after August 22"
"8103910000","after August 22"
"8103990000","after August 22"
"8104110000","after August 22"
"8104190000","after August 22"
"8104200000","after August 22"
"8104300000","after August 22"
"8104900000","after August 22"
"8105203000","after August 22"
"8105206000","after August 22"
"8105209000","after August 22"
"8105300000","after August 22"
"8105900000","after August 22"
"8106100000","after August 22"
"8106900000","after August 22"
"8108200010","after August 22"
"8108200015","after August 22"
"8108200030","after August 22"
"8108200095","after August 22"
"8108300000","after August 22"
"8108903030","after August 22"
"8108903060","after August 22"
"8108906020","after August 22"
"8108906031","after August 22"
"8108906045","after August 22"
"8108906060","after August 22"
"8108906075","after August 22"
"8110100000","after August 22"
"8110200000","after August 22"
"8110900000","after August 22"
"8111003000","after August 22"
"8111004700","after August 22"
"8111004900","after August 22"
"8111004910","after August 22"
"8111004990","after August 22"
"8111006000","after August 22"
"8112120000","after August 22"
"8112130000","after August 22"
"8112190000","after August 22"
"8112210000","after August 22"
"8112220000","after August 22"
"8112290000","after August 22"
"8112310000","after August 22"
"8112390000","after August 22"
"8112920700","after August 22"
"8112921000","after August 22"
"8112923000","after August 22"
"8112924000","after August 22"
"8112926000","after August 22"
"8112926500","after August 22"
"8112927000","after August 22"
"8112991000","after August 22"
"8112992000","after August 22"
"8505110050","after August 22"
"8505110070","after August 22"
"8545110000","after August 22"
"8545110010","after August 22"
"8545110020","after August 22"
"8545110050","after August 22"
"8545200000","after August 22"
"8545904000","after August 22"
"440311","after August 22"
"440321","after August 22"
"440322","after August 22"
"440323","after August 22"
"440325","after August 22"
"440326","after August 22"
"440399","after August 22"
"440611","after August 22"
"440691","after August 22"
"440711","after August 22"
"440712","after August 22"
"440713","after August 22"
"440714","after August 22"
"440719","after August 22"
"940161","after August 22"
"940340","after August 22"
"940360","after August 22"
"940391","after August 22"
"870124","after August 22"
"870123","after August 22"
"870122","after August 22"
"870121","after August 22"
"870422","after August 22"
"870410","after August 22"
"870129","after August 22"
"870442","after August 22"
"870432","after August 22"
"870423","after August 22"
"870490","after August 22"
"870452","after August 22"
"870443","after August 22"
"870590","after August 22"
"870540","after August 22"
"870911","after August 22"
"870919","after August 22"
"870220","after August 22"
"870210","after August 22"
"870240","after August 22"
"870230","after August 22"
"870290","after August 22"
"2204.10.00","after August 22"
"2204.21.20","after August 22"
"2204.21.30","after August 22"
"2204.21.50","after August 22"
"2204.21.60","after August 22"
"2204.21.80","after August 22"
"2204.22.20","after August 22"
"2204.22.40","after August 22"
"2204.22.60","after August 22"
"2204.22.80","after August 22"
"2204.29.61","after August 22"
"2204.29.81","after August 22"
"2205.10.30","after August 22"
"2206.00.15","after August 22"
"2206.00.30","after August 22"
"2206.00.45","after August 22"
"2206.00.60","after August 22"
"2206.00.90","after August 22"
"2207.10.30","after August 22"
"2208.20.10","after August 22"
"2208.20.20","after August 22"
"2208.20.30","after August 22"
"2208.20.40","after August 22"
"2208.20.50","after August 22"
"2208.20.60","after August 22"
"2208.30.30","after August 22"
"2208.30.60","after August 22"
"2208.40.20","after August 22"
"2208.40.40","after August 22"
"2208.40.60","after August 22"
"2208.40.80","after August 22"
"2208.50.00","after August 22"
"2208.60.10","after August 22"
"2208.60.20","after August 22"
"2208.60.50","after August 22"
"2208.70.00","after August 22"
"2208.90.10","after August 22"
"2208.90.12","after August 22"
"2208.90.14","after August 22"
"2208.90.15","after August 22"
"2208.90.20","after August 22"
"2208.90.25","after August 22"
"2208.90.30","after August 22"
"2208.90.35","after August 22"
"2208.90.40","after August 22"
"2208.90.50","after August 22"
"2208.90.72","after August 22"
"2208.90.75","after August 22"
"3301.19.10","after August 22"
"4413.00.00","after August 22"
"4419.90.91","after August 22"
"4420.90.80","after August 22"
"4421.91.60","after August 22"
"4421.91.70","after August 22"
"4602.19.80","after August 22"
"4804.11.00","after August 22"
"4806.20.00","after August 22"
"4810.13.19","after August 22"
"4811.59.60","after August 22"
"4811.90.80","after August 22"
"4811.90.90","after August 22"
"9506.99.25","after August 22"
"0402.10.10","after August 22"
"0402.10.50","after August 22"
"0402.21.02","after August 22"
"0402.21.05","after August 22"
"0402.21.25","after August 22"
"0402.21.27","after August 22"
"0402.21.30","after August 22"
"0402.21.50","after August 22"
"0402.21.73","after August 22"
"0402.21.75","after August 22"
"0402.21.90","after August 22"
"0402.91.03","after August 22"
"0402.91.06","after August 22"
"0402.99.68","after August 22"
"0404.10.05","after August 22"
"0404.10.08","after August 22"
"0404.10.11","after August 22"
"0404.10.15","after August 22"
"0404.10.20","after August 22"
"0404.10.48","after August 22"
"0404.10.50","after August 22"
"0404.10.90","after August 22"
"0404.90.10","after August 22"
"0404.90.28","after August 22"
"0404.90.30","after August 22"
"0404.90.50","after August 22"
"0404.90.70","after August 22"
"0506.90.00","after August 22"
"1210.20.00","after August 22"
"1301.90.91","after August 22"
"1702.11.00","after August 22"
"1702.19.00","after August 22"
"1702.30.28","after August 22"
"1702.40.28","after August 22"
"1702.60.28","after August 22"
"1702.90.35","after August 22"
"1702.90.58","after August 22"
"1702.90.68","after August 22"
"1703.10.30","after August 22"
"1703.10.50","after August 22"
"1703.90.30","after August 22"
"1703.90.50","after August 22"
"1901.20.35","after August 22"
"2202.91.00","after August 22"
"3301.24.00","after August 22"
"3501.10.10","after August 22"
"3501.10.50","after August 22"
"3501.90.20","after August 22"
"3501.90.60","after August 22"
"3502.20.00","after August 22"
"3504.00.50","after August 22"
"0505.10.00","after August 22"
"0506.10.00","after August 22"
"0507.90.00","after August 22"
"0510.00.40","after August 22"
"0511.99.20","after August 22"
"0511.99.33","after August 22"
"0511.99.36","after August 22"
"0511.99.40","after August 22"
"0601.10.15","after August 22"
"0601.10.30","after August 22"
"0601.10.45","after August 22"
"0601.10.60","after August 22"
"0601.10.90","after August 22"
"0601.20.10","after August 22"
"0602.10.00","after August 22"
"0602.90.20","after August 22"
"0602.90.50","after August 22"
"0603.11.00","after August 22"
"0603.13.00","after August 22"
"0603.14.00","after August 22"
"0603.15.00","after August 22"
"0603.19.01","after August 22"
"0603.90.00","after August 22"
"0604.90.10","after August 22"
"0604.90.30","after August 22"
"0604.90.60","after August 22"
"1209.10.00","after August 22"
"1209.22.20","after August 22"
"1209.29.10","after August 22"
"1209.30.00","after August 22"
"1209.91.40","after August 22"
"1209.91.80","after August 22"
"1209.99.20","after August 22"
"1209.99.41","after August 22"
"1210.10.00","after August 22"
"1211.90.20","after August 22"
"1211.90.40","after August 22"
"1211.90.89","after August 22"
"1211.90.93","after August 22"
"1212.21.00","after August 22"
"1212.92.00","after August 22"
"1212.99.92","after August 22"
"1301.20.00","after August 22"
"1301.90.40","after August 22"
"1302.13.00","after August 22"
"1302.19.41","after August 22"
"1302.19.91","after August 22"
"1302.20.00","after August 22"
"1302.31.00","after August 22"
"1302.32.00","after August 22"
"1302.39.00","after August 22"
"1401.10.00","after August 22"
"1401.90.20","after August 22"
"1401.90.40","after August 22"
"1404.20.00","after August 22"
"1404.90.40","after August 22"
"1404.90.90","after August 22"
"1901.20.25","after August 22"
"1901.20.60","after August 22"
"1901.20.70","after August 22"
"2208.90.05","after August 22"
"2208.90.80","after August 22"
"2501.00.00","after August 22"
"2523.29.00","after August 22"
"2905.43.00","after August 22"
"2905.44.00","after August 22"
"2905.45.00","after August 22"
"2940.00.20","after August 22"
"2940.00.60","after August 22"
"3208.90.00","after August 22"
"3214.90.50","after August 22"
"3215.19.90","after August 22"
"3301.12.00","after August 22"
"3301.13.00","after August 22"
"3301.19.51","after August 22"
"3301.25.00","after August 22"
"3301.29.10","after August 22"
"3301.29.20","after August 22"
"3301.29.51","after August 22"
"3301.30.00","after August 22"
"3301.90.10","after August 22"
"3301.90.50","after August 22"
"3302.10.10","after August 22"
"3302.10.20","after August 22"
"3302.10.40","after August 22"
"3302.10.50","after August 22"
"3302.10.90","after August 22"
"3303.00.30","after August 22"
"3304.10.00","after August 22"
"3304.20.00","after August 22"
"3304.30.00","after August 22"
"3305.90.00","after August 22"
"3406.00.00","after August 22"
"3502.11.00","after August 22"
"3502.90.00","after August 22"
"3503.00.40","after August 22"
"3503.00.55","after August 22"
"3504.00.10","after August 22"
"3505.10.00","after August 22"
"3505.20.00","after August 22"
"3811.21.00","after August 22"
"3823.11.00","after August 22"
"3823.12.00","after August 22"
"3823.13.00","after August 22"
"3823.19.20","after August 22"
"3823.19.40","after August 22"
"3823.70.40","after August 22"
"3823.70.60","after August 22"
"3824.60.00","after August 22"
"3824.99.39","after August 22"
"3824.99.55","after August 22"
"3824.99.93","after August 22"
"3907.70.00","after August 22"
"3907.99.50","after August 22"
"3918.10.10","after August 22"
"3919.10.20","after August 22"
"3919.90.50","after August 22"
"3920.20.00","after August 22"
"3921.19.00","after August 22"
"3921.90.50","after August 22"
"3923.10.90","after August 22"
"3923.21.00","after August 22"
"3923.30.00","after August 22"
"3923.50.00","after August 22"
"3924.10.20","after August 22"
"3924.10.40","after August 22"
"3924.90.56","after August 22"
"3926.10.00","after August 22"
"3926.30.10","after August 22"
"3926.30.50","after August 22"
"3926.40.00","after August 22"
"3926.90.99","after August 22"
"4016.93.50","after August 22"
"4016.99.15","after August 22"
"4016.99.35","after August 22"
"4101.20.10","after August 22"
"4101.20.20","after August 22"
"4101.50.20","after August 22"
"4101.90.50","after August 22"
"4103.20.30","after August 22"
"4201.00.30","after August 22"
"4201.00.60","after August 22"
"4202.12.21","after August 22"
"4202.12.81","after August 22"
"4202.12.89","after August 22"
"4202.92.15","after August 22"
"4202.92.31","after August 22"
"4202.92.50","after August 22"
"4202.92.97","after August 22"
"4202.99.10","after August 22"
"4202.99.90","after August 22"
"4203.29.40","after August 22"
"4203.30.00","after August 22"
"4205.00.80","after August 22"
"4301.90.00","after August 22"
"4303.10.00","after August 22"
"4401.12.00","after August 22"
"4402.90.01","after August 22"
"4407.99.02","after August 22"
"4408.10.01","after August 22"
"4409.10.40","after August 22"
"4409.10.50","after August 22"
"4409.10.90","after August 22"
"4409.29.91","after August 22"
"4410.19.00","after August 22"
"4411.13.20","after August 22"
"4411.13.90","after August 22"
"4411.14.20","after August 22"
"4411.14.30","after August 22"
"4411.14.90","after August 22"
"4412.10.05","after August 22"
"4412.10.90","after August 22"
"4412.31.06","after August 22"
"4412.31.26","after August 22"
"4412.31.42","after August 22"
"4412.31.45","after August 22"
"4412.31.48","after August 22"
"4412.31.52","after August 22"
"4412.31.61","after August 22"
"4412.31.92","after August 22"
"4412.33.06","after August 22"
"4412.33.26","after August 22"
"4412.33.32","after August 22"
"4412.33.57","after August 22"
"4412.34.26","after August 22"
"4412.34.32","after August 22"
"4412.34.57","after August 22"
"4412.39.10","after August 22"
"4412.39.30","after August 22"
"4412.39.40","after August 22"
"4412.39.50","after August 22"
"4412.41.00","after August 22"
"4412.42.00","after August 22"
"4412.49.00","after August 22"
"4412.51.10","after August 22"
"4412.51.31","after August 22"
"4412.52.10","after August 22"
"4412.52.31","after August 22"
"4412.52.51","after August 22"
"4412.91.06","after August 22"
"4412.91.31","after August 22"
"4412.91.41","after August 22"
"4412.91.51","after August 22"
"4412.92.07","after August 22"
"4412.92.11","after August 22"
"4412.92.31","after August 22"
"4412.92.42","after August 22"
"4412.92.52","after August 22"
"4412.99.58","after August 22"
"4412.99.61","after August 22"
"4412.99.81","after August 22"
"4412.99.91","after August 22"
"4412.99.97","after August 22"
"4414.90.00","after August 22"
"4418.21.80","after August 22"
"4418.29.80","after August 22"
"4420.19.00","after August 22"
"4421.99.70","after August 22"
"4421.99.94","after August 22"
"4421.99.98","after August 22"
"4702.00.00","after August 22"
"4802.55.10","after August 22"
"4803.00.40","after August 22"
"4810.29.10","after August 22"
"4810.92.12","after August 22"
"4811.51.20","after August 22"
"4811.51.40","after August 22"
"4813.10.00","after August 22"
"4814.20.00","after August 22"
"4817.10.00","after August 22"
"4818.30.00","after August 22"
"4818.90.00","after August 22"
"4819.10.00","after August 22"
"4819.40.00","after August 22"
"4819.50.40","after August 22"
"4820.10.20","after August 22"
"4820.30.00","after August 22"
"4821.90.40","after August 22"
"4823.69.00","after August 22"
"4823.70.00","after August 22"
"4823.90.10","after August 22"
"4823.90.67","after August 22"
"4823.90.86","after August 22"
"4908.90.00","after August 22"
"4911.91.40","after August 22"
"5002.00.00","after August 22"
"5003.00.90","after August 22"
"5101.11.60","after August 22"
"5103.20.00","after August 22"
"5201.00.05","after August 22"
"5201.00.80","after August 22"
"5202.10.00","after August 22"
"5202.91.00","after August 22"
"5202.99.50","after August 22"
"5407.52.20","after August 22"
"5511.10.00","after August 22"
"5512.19.00","after August 22"
"5603.12.00","after August 22"
"5603.13.00","after August 22"
"5603.14.90","after August 22"
"5603.92.00","after August 22"
"5603.94.90","after August 22"
"5607.50.40","after August 22"
"5703.39.20","after August 22"
"5806.32.20","after August 22"
"5903.90.25","after August 22"
"5903.90.30","after August 22"
"5907.00.60","after August 22"
"5911.90.00","after August 22"
"6006.31.00","after August 22"
"6006.32.00","after August 22"
"6006.33.00","after August 22"
"6104.43.20","after August 22"
"6104.63.20","after August 22"
"6109.10.00","after August 22"
"6110.20.20","after August 22"
"6110.30.30","after August 22"
"6116.93.88","after August 22"
"6201.40.55","after August 22"
"6201.40.60","after August 22"
"6202.40.10","after August 22"
"6202.40.55","after August 22"
"6202.40.60","after August 22"
"6203.11.90","after August 22"
"6203.31.50","after August 22"
"6203.31.90","after August 22"
"6203.41.60","after August 22"
"6204.43.40","after August 22"
"6204.49.10","after August 22"
"6210.20.50","after August 22"
"6210.40.55","after August 22"
"6210.50.55","after August 22"
"6211.32.90","after August 22"
"6211.33.90","after August 22"
"6211.43.10","after August 22"
"6303.92.20","after August 22"
"6305.33.00","after August 22"
"6306.12.00","after August 22"
"6306.19.21","after August 22"
"6307.90.98","after August 22"
"6403.91.90","after August 22"
"6505.00.60","after August 22"
"6506.10.60","after August 22"
"6704.19.00","after August 22"
"6809.11.00","after August 22"
"6810.99.00","after August 22"
"7010.90.50","after August 22"
"7013.99.90","after August 22"
"7102.39.00","after August 22"
"7106.92.10","after August 22"
"7113.11.50","after August 22"
"7113.19.29","after August 22"
"7113.19.50","after August 22"
"7117.19.90","after August 22"
"7118.10.00","after August 22"
"7203.10.00","after August 22"
"7801.10.00","after August 22"
"8113.00.00","after August 22"
"8201.30.00","after August 22"
"8202.31.00","after August 22"
"8202.40.60","after August 22"
"8203.20.60","after August 22"
"8203.30.00","after August 22"
"8204.11.00","after August 22"
"8204.12.00","after August 22"
"8204.20.00","after August 22"
"8205.20.30","after August 22"
"8205.59.80","after August 22"
"8206.00.00","after August 22"
"8209.00.00","after August 22"
"8212.10.00","after August 22"
"8301.60.00","after August 22"
"8303.00.00","after August 22"
"8306.29.00","after August 22"
"8410.11.00","after August 22"
"8414.80.05","after August 22"
"8418.50.00","after August 22"
"8418.69.01","after August 22"
"8419.40.00","after August 22"
"8419.89.95","after August 22"
"8421.99.01","after August 22"
"8422.30.91","after August 22"
"8422.40.91","after August 22"
"8422.90.91","after August 22"
"8424.30.10","after August 22"
"8424.30.90","after August 22"
"8426.41.00","after August 22"
"8433.60.00","after August 22"
"8438.40.00","after August 22"
"8440.10.00","after August 22"
"8442.50.10","after August 22"
"8443.91.30","after August 22"
"8479.82.00","after August 22"
"8508.19.00","after August 22"
"8517.13.00","after August 22"
"8517.61.00","after August 22"
"8517.62.00","after August 22"
"8517.79.00","after August 22"
"8521.90.00","after August 22"
"8523.49.40","after August 22"
"8523.49.50","after August 22"
"8523.51.00","after August 22"
"8523.52.00","after August 22"
"8525.50.30","after August 22"
"8525.50.70","after August 22"
"8525.81.00","after August 22"
"8525.89.20","after August 22"
"8525.89.30","after August 22"
"8525.89.40","after August 22"
"8525.89.50","after August 22"
"8526.10.00","after August 22"
"8526.91.00","after August 22"
"8526.92.50","after August 22"
"8528.52.00","after August 22"
"8528.59.33","after August 22"
"8528.62.00","after August 22"
"8528.69.45","after August 22"
"8529.10.40","after August 22"
"8529.10.91","after August 22"
"8529.90.13","after August 22"
"8529.90.16","after August 22"
"8529.90.21","after August 22"
"8529.90.81","after August 22"
"8529.90.87","after August 22"
"8534.00.00","after August 22"
"8537.10.91","after August 22"
"8543.70.98","after August 22"
"8544.49.30","after August 22"
"8544.70.00","after August 22"
"8711.50.00","after August 22"
"8905.90.10","after August 22"
"8906.90.00","after August 22"
"8907.90.00","after August 22"
"9031.49.90","after August 22"
"9401.39.00","after August 22"
"9401.69.60","after August 22"
"9401.71.00","after August 22"
"9401.79.00","after August 22"
"9401.91.90","after August 22"
"9401.99.10","after August 22"
"9403.20.00","after August 22"
"9403.50.90","after August 22"
"9403.60.80","after August 22"
"9403.70.80","after August 22"
"9403.99.10","after August 22"
"9403.99.20","after August 22"
"9403.99.30","after August 22"
"9403.99.40","after August 22"
"9403.99.50","after August 22"
"9405.11.60","after August 22"
"9405.11.80","after August 22"
"9405.42.60","after August 22"
"9405.42.84","after August 22"
"9405.99.40","after August 22"
"9503.00.00","after August 22"
"9504.30.00","after August 22"
"9504.50.00","after August 22"
"9504.90.40","after August 22"
"9505.10.25","after August 22"
"9505.90.60","after August 22"
"9506.39.00","after August 22"
"9506.70.40","after August 22"
"9506.70.60","after August 22"
"9506.91.00","after August 22"
"9506.99.55","after August 22"
"9506.99.60","after August 22"
"9507.10.00","after August 22"
"9701.21.00","after August 22"
"9701.91.00","after August 22"
"9701.99.00","after August 22"
"9702.90.00","after August 22"
"9703.10.00","after August 22"
"9703.90.00","after August 22"
"9704.00.00","after August 22"
"9705.10.00","after August 22"
"9705.29.00","after August 22"
"9705.39.00","after August 22"
"9706.90.00","after August 22"
"2204.10.00","Section 338"
"2204.21.20","Section 338"
"2204.21.30","Section 338"
"2204.21.50","Section 338"
"2204.21.60","Section 338"
"2204.21.80","Section 338"
"2204.22.20","Section 338"
"2204.22.40","Section 338"
"2204.22.60","Section 338"
"2204.22.80","Section 338"
"2204.29.61","Section 338"
"2204.29.81","Section 338"
"2205.10.30","Section 338"
"2206.00.15","Section 338"
"2206.00.30","Section 338"
"2206.00.45","Section 338"
"2206.00.60","Section 338"
"2206.00.90","Section 338"
"2207.10.30","Section 338"
"2208.20.10","Section 338"
"2208.20.20","Section 338"
"2208.20.30","Section 338"
"2208.20.40","Section 338"
"2208.20.50","Section 338"
"2208.20.60","Section 338"
"2208.30.30","Section 338"
"2208.30.60","Section 338"
"2208.40.20","Section 338"
"2208.40.40","Section 338"
"2208.40.60","Section 338"
"2208.40.80","Section 338"
"2208.50.00","Section 338"
"2208.60.10","Section 338"
"2208.60.20","Section 338"
"2208.60.50","Section 338"
"2208.70.00","Section 338"
"2208.90.10","Section 338"
"2208.90.12","Section 338"
"2208.90.14","Section 338"
"2208.90.15","Section 338"
"2208.90.20","Section 338"
"2208.90.25","Section 338"
"2208.90.30","Section 338"
"2208.90.35","Section 338"
"2208.90.40","Section 338"
"2208.90.50","Section 338"
"2208.90.72","Section 338"
"2208.90.75","Section 338"
"3301.19.10","Section 338"
"4413.00.00","Section 338"
"4419.90.91","Section 338"
"4420.90.80","Section 338"
"4421.91.60","Section 338"
"4421.91.70","Section 338"
"4602.19.80","Section 338"
"4804.11.00","Section 338"
"4806.20.00","Section 338"
"4810.13.19","Section 338"
"4811.59.60","Section 338"
"4811.90.80","Section 338"
"4811.90.90","Section 338"
"9506.99.25","Section 338"
"0402.10.10","Section 338"
"0402.10.50","Section 338"
"0402.21.02","Section 338"
"0402.21.05","Section 338"
"0402.21.25","Section 338"
"0402.21.27","Section 338"
"0402.21.30","Section 338"
"0402.21.50","Section 338"
"0402.21.73","Section 338"
"0402.21.75","Section 338"
"0402.21.90","Section 338"
"0402.91.03","Section 338"
"0402.91.06","Section 338"
"0402.99.68","Section 338"
"0404.10.05","Section 338"
"0404.10.08","Section 338"
"0404.10.11","Section 338"
"0404.10.15","Section 338"
"0404.10.20","Section 338"
"0404.10.48","Section 338"
"0404.10.50","Section 338"
"0404.10.90","Section 338"
"0404.90.10","Section 338"
"0404.90.28","Section 338"
"0404.90.30","Section 338"
"0404.90.50","Section 338"
"0404.90.70","Section 338"
"0506.90.00","Section 338"
"1210.20.00","Section 338"
"1301.90.91","Section 338"
"1702.11.00","Section 338"
"1702.19.00","Section 338"
"1702.30.28","Section 338"
"1702.40.28","Section 338"
"1702.60.28","Section 338"
"1702.90.35","Section 338"
"1702.90.58","Section 338"
"1702.90.68","Section 338"
"1703.10.30","Section 338"
"1703.10.50","Section 338"
"1703.90.30","Section 338"
"1703.90.50","Section 338"
"1901.20.35","Section 338"
"2202.91.00","Section 338"
"3301.24.00","Section 338"
"3501.10.10","Section 338"
"3501.10.50","Section 338"
"3501.90.20","Section 338"
"3501.90.60","Section 338"
"3502.20.00","Section 338"
"3504.00.50","Section 338"
"0505.10.00","Section 338"
"0506.10.00","Section 338"
"0507.90.00","Section 338"
"0510.00.40","Section 338"
"0511.99.20","Section 338"
"0511.99.33","Section 338"
"0511.99.36","Section 338"
"0511.99.40","Section 338"
"0601.10.15","Section 338"
"0601.10.30","Section 338"
"0601.10.45","Section 338"
"0601.10.60","Section 338"
"0601.10.90","Section 338"
"0601.20.10","Section 338"
"0602.10.00","Section 338"
"0602.90.20","Section 338"
"0602.90.50","Section 338"
"0603.11.00","Section 338"
"0603.13.00","Section 338"
"0603.14.00","Section 338"
"0603.15.00","Section 338"
"0603.19.01","Section 338"
"0603.90.00","Section 338"
"0604.90.10","Section 338"
"0604.90.30","Section 338"
"0604.90.60","Section 338"
"1209.10.00","Section 338"
"1209.22.20","Section 338"
"1209.29.10","Section 338"
"1209.30.00","Section 338"
"1209.91.40","Section 338"
"1209.91.80","Section 338"
"1209.99.20","Section 338"
"1209.99.41","Section 338"
"1210.10.00","Section 338"
"1211.90.20","Section 338"
"1211.90.40","Section 338"
"1211.90.89","Section 338"
"1211.90.93","Section 338"
"1212.21.00","Section 338"
"1212.92.00","Section 338"
"1212.99.92","Section 338"
"1301.20.00","Section 338"
"1301.90.40","Section 338"
"1302.13.00","Section 338"
"1302.19.41","Section 338"
"1302.19.91","Section 338"
"1302.20.00","Section 338"
"1302.31.00","Section 338"
"1302.32.00","Section 338"
"1302.39.00","Section 338"
"1401.10.00","Section 338"
"1401.90.20","Section 338"
"1401.90.40","Section 338"
"1404.20.00","Section 338"
"1404.90.40","Section 338"
"1404.90.90","Section 338"
"1901.20.25","Section 338"
"1901.20.60","Section 338"
"1901.20.70","Section 338"
"2208.90.05","Section 338"
"2208.90.80","Section 338"
"2501.00.00","Section 338"
"2523.29.00","Section 338"
"2905.43.00","Section 338"
"2905.44.00","Section 338"
"2905.45.00","Section 338"
"2940.00.20","Section 338"
"2940.00.60","Section 338"
"3208.90.00","Section 338"
"3214.90.50","Section 338"
"3215.19.90","Section 338"
"3301.12.00","Section 338"
"3301.13.00","Section 338"
"3301.19.51","Section 338"
"3301.25.00","Section 338"
"3301.29.10","Section 338"
"3301.29.20","Section 338"
"3301.29.51","Section 338"
"3301.30.00","Section 338"
"3301.90.10","Section 338"
"3301.90.50","Section 338"
"3302.10.10","Section 338"
"3302.10.20","Section 338"
"3302.10.40","Section 338"
"3302.10.50","Section 338"
"3302.10.90","Section 338"
"3303.00.30","Section 338"
"3304.10.00","Section 338"
"3304.20.00","Section 338"
"3304.30.00","Section 338"
"3305.90.00","Section 338"
"3406.00.00","Section 338"
"3502.11.00","Section 338"
"3502.90.00","Section 338"
"3503.00.40","Section 338"
"3503.00.55","Section 338"
"3504.00.10","Section 338"
"3505.10.00","Section 338"
"3505.20.00","Section 338"
"3811.21.00","Section 338"
"3823.11.00","Section 338"
"3823.12.00","Section 338"
"3823.13.00","Section 338"
"3823.19.20","Section 338"
"3823.19.40","Section 338"
"3823.70.40","Section 338"
"3823.70.60","Section 338"
"3824.60.00","Section 338"
"3824.99.39","Section 338"
"3824.99.55","Section 338"
"3824.99.93","Section 338"
"3907.70.00","Section 338"
"3907.99.50","Section 338"
"3918.10.10","Section 338"
"3919.10.20","Section 338"
"3919.90.50","Section 338"
"3920.20.00","Section 338"
"3921.19.00","Section 338"
"3921.90.50","Section 338"
"3923.10.90","Section 338"
"3923.21.00","Section 338"
"3923.30.00","Section 338"
"3923.50.00","Section 338"
"3924.10.20","Section 338"
"3924.10.40","Section 338"
"3924.90.56","Section 338"
"3926.10.00","Section 338"
"3926.30.10","Section 338"
"3926.30.50","Section 338"
"3926.40.00","Section 338"
"3926.90.99","Section 338"
"4016.93.50","Section 338"
"4016.99.15","Section 338"
"4016.99.35","Section 338"
"4101.20.10","Section 338"
"4101.20.20","Section 338"
"4101.50.20","Section 338"
"4101.90.50","Section 338"
"4103.20.30","Section 338"
"4201.00.30","Section 338"
"4201.00.60","Section 338"
"4202.12.21","Section 338"
"4202.12.81","Section 338"
"4202.12.89","Section 338"
"4202.92.15","Section 338"
"4202.92.31","Section 338"
"4202.92.50","Section 338"
"4202.92.97","Section 338"
"4202.99.10","Section 338"
"4202.99.90","Section 338"
"4203.29.40","Section 338"
"4203.30.00","Section 338"
"4205.00.80","Section 338"
"4301.90.00","Section 338"
"4303.10.00","Section 338"
"4401.12.00","Section 338"
"4402.90.01","Section 338"
"4407.99.02","Section 338"
"4408.10.01","Section 338"
"4409.10.40","Section 338"
"4409.10.50","Section 338"
"4409.10.90","Section 338"
"4409.29.91","Section 338"
"4410.19.00","Section 338"
"4411.13.20","Section 338"
"4411.13.90","Section 338"
"4411.14.20","Section 338"
"4411.14.30","Section 338"
"4411.14.90","Section 338"
"4412.10.05","Section 338"
"4412.10.90","Section 338"
"4412.31.06","Section 338"
"4412.31.26","Section 338"
"4412.31.42","Section 338"
"4412.31.45","Section 338"
"4412.31.48","Section 338"
"4412.31.52","Section 338"
"4412.31.61","Section 338"
"4412.31.92","Section 338"
"4412.33.06","Section 338"
"4412.33.26","Section 338"
"4412.33.32","Section 338"
"4412.33.57","Section 338"
"4412.34.26","Section 338"
"4412.34.32","Section 338"
"4412.34.57","Section 338"
"4412.39.10","Section 338"
"4412.39.30","Section 338"
"4412.39.40","Section 338"
"4412.39.50","Section 338"
"4412.41.00","Section 338"
"4412.42.00","Section 338"
"4412.49.00","Section 338"
"4412.51.10","Section 338"
"4412.51.31","Section 338"
"4412.52.10","Section 338"
"4412.52.31","Section 338"
"4412.52.51","Section 338"
"4412.91.06","Section 338"
"4412.91.31","Section 338"
"4412.91.41","Section 338"
"4412.91.51","Section 338"
"4412.92.07","Section 338"
"4412.92.11","Section 338"
"4412.92.31","Section 338"
"4412.92.42","Section 338"
"4412.92.52","Section 338"
"4412.99.58","Section 338"
"4412.99.61","Section 338"
"4412.99.81","Section 338"
"4412.99.91","Section 338"
"4412.99.97","Section 338"
"4414.90.00","Section 338"
"4418.21.80","Section 338"
"4418.29.80","Section 338"
"4420.19.00","Section 338"
"4421.99.70","Section 338"
"4421.99.94","Section 338"
"4421.99.98","Section 338"
"4702.00.00","Section 338"
"4802.55.10","Section 338"
"4803.00.40","Section 338"
"4810.29.10","Section 338"
"4810.92.12","Section 338"
"4811.51.20","Section 338"
"4811.51.40","Section 338"
"4813.10.00","Section 338"
"4814.20.00","Section 338"
"4817.10.00","Section 338"
"4818.30.00","Section 338"
"4818.90.00","Section 338"
"4819.10.00","Section 338"
"4819.40.00","Section 338"
"4819.50.40","Section 338"
"4820.10.20","Section 338"
"4820.30.00","Section 338"
"4821.90.40","Section 338"
"4823.69.00","Section 338"
"4823.70.00","Section 338"
"4823.90.10","Section 338"
"4823.90.67","Section 338"
"4823.90.86","Section 338"
"4908.90.00","Section 338"
"4911.91.40","Section 338"
"5002.00.00","Section 338"
"5003.00.90","Section 338"
"5101.11.60","Section 338"
"5103.20.00","Section 338"
"5201.00.05","Section 338"
"5201.00.80","Section 338"
"5202.10.00","Section 338"
"5202.91.00","Section 338"
"5202.99.50","Section 338"
"5407.52.20","Section 338"
"5511.10.00","Section 338"
"5512.19.00","Section 338"
"5603.12.00","Section 338"
"5603.13.00","Section 338"
"5603.14.90","Section 338"
"5603.92.00","Section 338"
"5603.94.90","Section 338"
"5607.50.40","Section 338"
"5703.39.20","Section 338"
"5806.32.20","Section 338"
"5903.90.25","Section 338"
"5903.90.30","Section 338"
"5907.00.60","Section 338"
"5911.90.00","Section 338"
"6006.31.00","Section 338"
"6006.32.00","Section 338"
"6006.33.00","Section 338"
"6104.43.20","Section 338"
"6104.63.20","Section 338"
"6109.10.00","Section 338"
"6110.20.20","Section 338"
"6110.30.30","Section 338"
"6116.93.88","Section 338"
"6201.40.55","Section 338"
"6201.40.60","Section 338"
"6202.40.10","Section 338"
"6202.40.55","Section 338"
"6202.40.60","Section 338"
"6203.11.90","Section 338"
"6203.31.50","Section 338"
"6203.31.90","Section 338"
"6203.41.60","Section 338"
"6204.43.40","Section 338"
"6204.49.10","Section 338"
"6210.20.50","Section 338"
"6210.40.55","Section 338"
"6210.50.55","Section 338"
"6211.32.90","Section 338"
"6211.33.90","Section 338"
"6211.43.10","Section 338"
"6303.92.20","Section 338"
"6305.33.00","Section 338"
"6306.12.00","Section 338"
"6306.19.21","Section 338"
"6307.90.98","Section 338"
"6403.91.90","Section 338"
"6505.00.60","Section 338"
"6506.10.60","Section 338"
"6704.19.00","Section 338"
"6809.11.00","Section 338"
"6810.99.00","Section 338"
"7010.90.50","Section 338"
"7013.99.90","Section 338"
"7102.39.00","Section 338"
"7106.92.10","Section 338"
"7113.11.50","Section 338"
"7113.19.29","Section 338"
"7113.19.50","Section 338"
"7117.19.90","Section 338"
"7118.10.00","Section 338"
"7203.10.00","Section 338"
"7801.10.00","Section 338"
"8113.00.00","Section 338"
"8201.30.00","Section 338"
"8202.31.00","Section 338"
"8202.40.60","Section 338"
"8203.20.60","Section 338"
"8203.30.00","Section 338"
"8204.11.00","Section 338"
"8204.12.00","Section 338"
"8204.20.00","Section 338"
"8205.20.30","Section 338"
"8205.59.80","Section 338"
"8206.00.00","Section 338"
"8209.00.00","Section 338"
"8212.10.00","Section 338"
"8301.60.00","Section 338"
"8303.00.00","Section 338"
"8306.29.00","Section 338"
"8410.11.00","Section 338"
"8414.80.05","Section 338"
"8418.50.00","Section 338"
"8418.69.01","Section 338"
"8419.40.00","Section 338"
"8419.89.95","Section 338"
"8421.99.01","Section 338"
"8422.30.91","Section 338"
"8422.40.91","Section 338"
"8422.90.91","Section 338"
"8424.30.10","Section 338"
"8424.30.90","Section 338"
"8426.41.00","Section 338"
"8433.60.00","Section 338"
"8438.40.00","Section 338"
"8440.10.00","Section 338"
"8442.50.10","Section 338"
"8443.91.30","Section 338"
"8479.82.00","Section 338"
"8508.19.00","Section 338"
"8517.13.00","Section 338"
"8517.61.00","Section 338"
"8517.62.00","Section 338"
"8517.79.00","Section 338"
"8521.90.00","Section 338"
"8523.49.40","Section 338"
"8523.49.50","Section 338"
"8523.51.00","Section 338"
"8523.52.00","Section 338"
"8525.50.30","Section 338"
"8525.50.70","Section 338"
"8525.81.00","Section 338"
"8525.89.20","Section 338"
"8525.89.30","Section 338"
"8525.89.40","Section 338"
"8525.89.50","Section 338"
"8526.10.00","Section 338"
"8526.91.00","Section 338"
"8526.92.50","Section 338"
"8528.52.00","Section 338"
"8528.59.33","Section 338"
"8528.62.00","Section 338"
"8528.69.45","Section 338"
"8529.10.40","Section 338"
"8529.10.91","Section 338"
"8529.90.13","Section 338"
"8529.90.16","Section 338"
"8529.90.21","Section 338"
"8529.90.81","Section 338"
"8529.90.87","Section 338"
"8534.00.00","Section 338"
"8537.10.91","Section 338"
"8543.70.98","Section 338"
"8544.49.30","Section 338"
"8544.70.00","Section 338"
"8711.50.00","Section 338"
"8905.90.10","Section 338"
"8906.90.00","Section 338"
"8907.90.00","Section 338"
"9031.49.90","Section 338"
"9401.39.00","Section 338"
"9401.69.60","Section 338"
"9401.71.00","Section 338"
"9401.79.00","Section 338"
"9401.91.90","Section 338"
"9401.99.10","Section 338"
"9403.20.00","Section 338"
"9403.50.90","Section 338"
"9403.60.80","Section 338"
"9403.70.80","Section 338"
"9403.99.10","Section 338"
"9403.99.20","Section 338"
"9403.99.30","Section 338"
"9403.99.40","Section 338"
"9403.99.50","Section 338"
"9405.11.60","Section 338"
"9405.11.80","Section 338"
"9405.42.60","Section 338"
"9405.42.84","Section 338"
"9405.99.40","Section 338"
"9503.00.00","Section 338"
"9504.30.00","Section 338"
"9504.50.00","Section 338"
"9504.90.40","Section 338"
"9505.10.25","Section 338"
"9505.90.60","Section 338"
"9506.39.00","Section 338"
"9506.70.40","Section 338"
"9506.70.60","Section 338"
"9506.91.00","Section 338"
"9506.99.55","Section 338"
"9506.99.60","Section 338"
"9507.10.00","Section 338"
"9701.21.00","Section 338"
"9701.91.00","Section 338"
"9701.99.00","Section 338"
"9702.90.00","Section 338"
"9703.10.00","Section 338"
"9703.90.00","Section 338"
"9704.00.00","Section 338"
"9705.10.00","Section 338"
"9705.29.00","Section 338"
"9705.39.00","Section 338"
"9706.90.00","Section 338"
