"HS Code","Category"
"220300","Aluminum"
"281520","Energy Mineral"
"310420","Energy Mineral"
"310430","Energy Mineral"
"310490","Energy Mineral"
"310510","Energy Mineral"
"310520","Energy Mineral"
"310560","Energy Mineral"
"400912","Auto"
"400922","Auto"
"400932","Auto"
"400942","Auto"
"401110","Auto"
"401120","Auto"
"401219","Auto"
"401220","Auto"
"401310","Auto"
"401699","Auto"
"440710","Lumber (old)"
"440910","Lumber (old)"
"441520","Lumber (old)"
"441899","Lumber (old)"
"442199","Lumber (old)"
"660390","Aluminum"
"681511","Energy Mineral"
"681512","Energy Mineral"
"681513","Energy Mineral"
"681519","Energy Mineral"
"700721","Auto"
"700910","Auto"
"720610","Steel"
"720690","Steel"
"720711","Steel"
"720712","Steel"
"720719","Steel"
"720720","Steel"
"720810","Steel"
"720825","Steel"
"720826","Steel"
"720827","Steel"
"720836","Steel"
"720837","Steel"
"720838","Steel"
"720839","Steel"
"720840","Steel"
"720851","Steel"
"720852","Steel"
"720853","Steel"
"720854","Steel"
"720890","Steel"
"720915","Steel"
"720916","Steel"
"720917","Steel"
"720918","Steel"
"720925","Steel"
"720926","Steel"
"720927","Steel"
"720928","Steel"
"720990","Steel"
"721011","Steel"
"721012","Steel"
"721020","Steel"
"721030","Steel"
"721041","Steel"
"721049","Steel"
"721050","Steel"
"721061","Steel"
"721069","Steel"
"721070","Steel"
"721090","Steel"
"721113","Steel"
"721114","Steel"
"721119","Steel"
"721123","Steel"
"721129","Steel"
"721190","Steel"
"721210","Steel"
"721220","Steel"
"721230","Steel"
"721240","Steel"
"721250","Steel"
"721260","Steel"
"721310","Steel"
"721320","Steel"
"721391","Steel"
"721399","Steel"
"721410","Steel"
"721420","Steel"
"721430","Steel"
"721491","Steel"
"721499","Steel"
"721510","Steel"
"721550","Steel"
"721590","Steel"
"721610","Steel"
"721621","Steel"
"721622","Steel"
"721631","Steel"
"721632","Steel"
"721633","Steel"
"721640","Steel"
"721650","Steel"
"721710","Steel"
"721720","Steel"
"721730","Steel"
"721790","Steel"
"721810","Steel"
"721891","Steel"
"721899","Steel"
"721911","Steel"
"721912","Steel"
"721913","Steel"
"721914","Steel"
"721921","Steel"
"721922","Steel"
"721923","Steel"
"721924","Steel"
"721931","Steel"
"721932","Steel"
"721933","Steel"
"721934","Steel"
"721935","Steel"
"721990","Steel"
"722011","Steel"
"722012","Steel"
"722020","Steel"
"722090","Steel"
"722100","Steel"
"722211","Steel"
"722219","Steel"
"722220","Steel"
"722230","Steel"
"722240","Steel"
"722300","Steel"
"722410","Steel"
"722490","Steel"
"722511","Steel"
"722519","Steel"
"722530","Steel"
"722540","Steel"
"722591","Steel"
"722592","Steel"
"722599","Steel"
"722611","Steel"
"722619","Steel"
"722620","Steel"
"722691","Steel"
"722692","Steel"
"722699","Steel"
"722710","Steel"
"722720","Steel"
"722790","Steel"
"722810","Steel"
"722820","Steel"
"722830","Steel"
"722840","Steel"
"722850","Steel"
"722860","Steel"
"722870","Steel"
"722880","Steel"
"722920","Steel"
"722990","Steel"
"730110","Steel"
"730120","Steel"
"730210","Steel"
"730230","Steel"
"730240","Steel"
"730290","Steel"
"730411","Steel"
"730419","Steel"
"730422","Steel"
"730423","Steel"
"730424","Steel"
"730429","Steel"
"730431","Steel"
"730439","Steel"
"730441","Steel"
"730449","Steel"
"730451","Steel"
"730459","Steel"
"730490","Steel"
"730511","Steel"
"730512","Steel"
"730519","Steel"
"730520","Steel"
"730531","Steel"
"730539","Steel"
"730590","Steel"
"730611","Steel"
"730619","Steel"
"730621","Steel"
"730629","Steel"
"730630","Steel"
"730640","Steel"
"730650","Steel"
"730661","Steel"
"730669","Steel"
"730690","Steel"
"730721","Steel"
"730722","Steel"
"730723","Steel"
"730729","Steel"
"730791","Steel"
"730792","Steel"
"730793","Steel"
"730799","Steel"
"730810","Steel"
"730820","Steel"
"730830","Steel"
"730840","Steel"
"730890","Steel"
"730900","Steel"
"731010","Steel"
"731021","Steel"
"731029","Steel"
"731100","Steel"
"731210","Steel"
"731290","Steel"
"731300","Steel"
"731412","Steel"
"731414","Steel"
"731419","Steel"
"731420","Steel"
"731431","Steel"
"731439","Steel"
"731441","Steel"
"731442","Steel"
"731449","Steel"
"731450","Steel"
"731511","Steel"
"731512","Steel"
"731519","Steel"
"731520","Steel"
"731581","Steel"
"731582","Steel"
"731589","Steel"
"731590","Steel"
"731600","Steel"
"731700","Steel"
"731811","Steel"
"731812","Steel"
"731813","Steel"
"731814","Steel"
"731815","Steel"
"731816","Steel"
"731819","Steel"
"731821","Steel"
"731822","Steel"
"731823","Steel"
"731824","Steel"
"731829","Steel"
"731940","Steel"
"731990","Steel"
"732010","Steel"
"732010","Auto"
"732020","Steel"
"732020","Auto"
"732090","Steel"
"732111","Steel"
"732112","Steel"
"732119","Steel"
"732181","Steel"
"732182","Steel"
"732189","Steel"
"732190","Steel"
"732219","Steel"
"732289","Steel"
"732310","Steel"
"732393","Steel"
"732394","Steel"
"732399","Steel"
"732410","Steel"
"732429","Steel"
"732490","Steel"
"732591","Steel"
"732599","Steel"
"732611","Steel"
"732619","Steel"
"732620","Steel"
"732690","Steel"
"740610","Copper"
"740620","Copper"
"740710","Copper"
"740721","Copper"
"740729","Copper"
"740811","Copper"
"740819","Copper"
"740821","Copper"
"740822","Copper"
"740829","Copper"
"740911","Copper"
"740919","Copper"
"740921","Copper"
"740929","Copper"
"740931","Copper"
"740939","Copper"
"740940","Copper"
"740990","Copper"
"741011","Copper"
"741012","Copper"
"741021","Copper"
"741022","Copper"
"741110","Copper"
"741121","Copper"
"741122","Copper"
"741129","Copper"
"741210","Copper"
"741220","Copper"
"741300","Copper"
"741510","Copper"
"741521","Copper"
"741529","Copper"
"741533","Copper"
"741539","Copper"
"741810","Copper"
"741820","Copper"
"741920","Copper"
"741980","Copper"
"760110","Aluminum"
"760120","Aluminum"
"760410","Aluminum"
"760421","Aluminum"
"760429","Aluminum"
"760511","Aluminum"
"760519","Aluminum"
"760521","Aluminum"
"760529","Aluminum"
"760611","Aluminum"
"760612","Aluminum"
"760691","Aluminum"
"760692","Aluminum"
"760711","Aluminum"
"760719","Aluminum"
"760720","Aluminum"
"760810","Aluminum"
"760820","Aluminum"
"760900","Aluminum"
"761010","Aluminum"
"761090","Aluminum"
"761290","Aluminum"
"761410","Aluminum"
"761490","Aluminum"
"761510","Aluminum"
"761520","Aluminum"
"761610","Aluminum"
"761699","Aluminum"
"830120","Auto"
"830210","Aluminum"
"830210","Auto"
"830220","Aluminum"
"830230","Aluminum"
"830230","Auto"
"830241","Aluminum"
"830242","Aluminum"
"830249","Aluminum"
"830250","Aluminum"
"830260","Aluminum"
"830510","Aluminum"
"830630","Aluminum"
"840731","Auto"
"840732","Auto"
"840733","Auto"
"840734","Auto"
"840820","Auto"
"840991","Auto"
"840999","Auto"
"841330","Auto"
"841391","Auto"
"841430","Auto"
"841459","Aluminum"
"841459","Auto"
"841480","Auto"
"841520","Auto"
"841590","Aluminum"
"841810","Steel"
"841830","Steel"
"841840","Steel"
"841899","Aluminum"
"841950","Aluminum"
"841990","Aluminum"
"842123","Auto"
"842132","Auto"
"842211","Steel"
"842290","Aluminum"
"842490","Aluminum"
"842549","Auto"
"842691","Auto"
"843110","Auto"
"843131","Steel"
"843142","Steel"
"843149","Steel"
"843210","Steel"
"843290","Steel"
"845011","Steel"
"845020","Steel"
"845121","Steel"
"845129","Steel"
"847130","Auto"
"847141","Auto"
"847149","Auto"
"847150","Auto"
"847160","Auto"
"847170","Auto"
"847180","Auto"
"847190","Auto"
"847330","Aluminum"
"847989","Aluminum"
"847990","Aluminum"
"848190","Aluminum"
"848210","Auto"
"848220","Auto"
"848240","Auto"
"848250","Auto"
"848310","Auto"
"848690","Aluminum"
"848790","Aluminum"
"850132","Auto"
"850133","Auto"
"850134","Auto"
"850140","Auto"
"850151","Auto"
"850152","Auto"
"850300","Aluminum"
"850710","Auto"
"850760","Auto"
"850790","Auto"
"850870","Aluminum"
"850980","Steel"
"851110","Auto"
"851120","Auto"
"851130","Auto"
"851140","Auto"
"851150","Auto"
"851180","Auto"
"851190","Auto"
"851220","Auto"
"851230","Auto"
"851240","Auto"
"851290","Auto"
"851390","Aluminum"
"851590","Aluminum"
"851660","Steel"
"851690","Aluminum"
"851771","Aluminum"
"851779","Aluminum"
"851981","Auto"
"852560","Auto"
"852721","Auto"
"852729","Auto"
"852990","Aluminum"
"853641","Auto"
"853690","Aluminum"
"853710","Auto"
"853720","Auto"
"853810","Aluminum"
"853910","Auto"
"854190","Aluminum"
"854390","Aluminum"
"854430","Auto"
"854442","Copper"
"854449","Copper"
"854790","Steel"
"854790","Aluminum"
"870322","Auto"
"870323","Auto"
"870324","Auto"
"870331","Auto"
"870332","Auto"
"870333","Auto"
"870340","Auto"
"870350","Auto"
"870360","Auto"
"870370","Auto"
"870380","Auto"
"870390","Auto"
"870431","Auto"
"870441","Auto"
"870451","Auto"
"870460","Auto"
"870600","Auto"
"870710","Auto"
"870790","Auto"
"870810","Steel"
"870810","Aluminum"
"870810","Auto"
"870821","Auto"
"870822","Auto"
"870829","Steel"
"870829","Aluminum"
"870829","Auto"
"870830","Auto"
"870840","Auto"
"870850","Auto"
"870870","Auto"
"870880","Aluminum"
"870880","Auto"
"870891","Auto"
"870893","Auto"
"870894","Auto"
"870895","Auto"
"870899","Aluminum"
"870899","Auto"
"871680","Aluminum"
"871690","Auto"
"880730","Aluminum"
"901390","Aluminum"
"901510","Auto"
"902910","Auto"
"902920","Auto"
"903190","Aluminum"
"940120","Auto"
"940199","Aluminum"
"940310","Aluminum"
"940320","Steel"
"940321","Aluminum"
"940399","Steel"
"940399","Aluminum"
"940599","Steel"
"940599","Aluminum"
"940620","Steel"
"940690","Steel"
"950611","Aluminum"
"950651","Aluminum"
"950659","Aluminum"
"950670","Aluminum"
"950691","Aluminum"
"950699","Aluminum"
"950730","Aluminum"
"950790","Aluminum"
"960390","Aluminum"
"970421","Auto"
"2504101010","Energy Mineral"
"2504105000","Energy Mineral"
"2504900000","Energy Mineral"
"2511101010","Energy Mineral"
"2511105000","Energy Mineral"
"2529210000","Energy Mineral"
"2529220000","Energy Mineral"
"2530901000","Energy Mineral"
"2602000040","Energy Mineral"
"2602000060","Energy Mineral"
"2603000030","Energy Mineral"
"2604000040","Energy Mineral"
"2.605e+09","Energy Mineral"
"2606000030","Energy Mineral"
"2606000060","Energy Mineral"
"2606000090","Energy Mineral"
"2607000030","Energy Mineral"
"2608000030","Energy Mineral"
"2.609e+09","Energy Mineral"
"2610000020","Energy Mineral"
"2610000040","Energy Mineral"
"2610000060","Energy Mineral"
"2611003000","Energy Mineral"
"2611006000","Energy Mineral"
"2612100000","Energy Mineral"
"2612200000","Energy Mineral"
"2614003000","Energy Mineral"
"2614006020","Energy Mineral"
"2614006040","Energy Mineral"
"2615100000","Energy Mineral"
"2615903000","Energy Mineral"
"2615906030","Energy Mineral"
"2615906060","Energy Mineral"
"2615906090","Energy Mineral"
"2616100030","Energy Mineral"
"2616900030","Energy Mineral"
"2617100000","Energy Mineral"
"2617900030","Energy Mineral"
"2620110000","Energy Mineral"
"2620193000","Energy Mineral"
"2620196030","Energy Mineral"
"2620210030","Energy Mineral"
"2620300030","Energy Mineral"
"2620400030","Energy Mineral"
"2620910000","Energy Mineral"
"2620991000","Energy Mineral"
"2620992000","Energy Mineral"
"2620993000","Energy Mineral"
"2620997520","Energy Mineral"
"2701110000","Energy Mineral"
"2701120010","Energy Mineral"
"2701120050","Energy Mineral"
"2701190050","Energy Mineral"
"2707100000","Energy Mineral"
"2707200000","Energy Mineral"
"2707300010","Energy Mineral"
"2707300020","Energy Mineral"
"2707300030","Energy Mineral"
"2707400000","Energy Mineral"
"2707500000","Energy Mineral"
"2707910000","Energy Mineral"
"2707991000","Energy Mineral"
"2707992000","Energy Mineral"
"2707994000","Energy Mineral"
"2707995100","Energy Mineral"
"2707995500","Energy Mineral"
"2707999010","Energy Mineral"
"2711110000","Energy Mineral"
"2711120000","Energy Mineral"
"2711120010","Energy Mineral"
"2711130010","Energy Mineral"
"2711140010","Energy Mineral"
"2711140020","Energy Mineral"
"2711140030","Energy Mineral"
"2711140040","Energy Mineral"
"2711190010","Energy Mineral"
"2804500020","Energy Mineral"
"2804800000","Energy Mineral"
"2805199010","Energy Mineral"
"2805300000","Energy Mineral"
"2805300005","Energy Mineral"
"2805300010","Energy Mineral"
"2805300015","Energy Mineral"
"2805300020","Energy Mineral"
"2805300050","Energy Mineral"
"2805300090","Energy Mineral"
"2811110000","Energy Mineral"
"2811191000","Energy Mineral"
"2811291000","Energy Mineral"
"2813901000","Energy Mineral"
"2.817e+09","Energy Mineral"
"2818200000","Energy Mineral"
"2818300000","Energy Mineral"
"2819100000","Energy Mineral"
"2819900000","Energy Mineral"
"2820100000","Energy Mineral"
"2820900000","Energy Mineral"
"2822000010","Energy Mineral"
"2822000090","Energy Mineral"
"2.823e+09","Energy Mineral"
"2825200000","Energy Mineral"
"2825300010","Energy Mineral"
"2825300050","Energy Mineral"
"2825400000","Energy Mineral"
"2825600000","Energy Mineral"
"2825800000","Energy Mineral"
"2825901000","Energy Mineral"
"2825901500","Energy Mineral"
"2825902000","Energy Mineral"
"2825903000","Energy Mineral"
"2826120000","Energy Mineral"
"2826300000","Energy Mineral"
"2826909010","Energy Mineral"
"2827350000","Energy Mineral"
"2827391000","Energy Mineral"
"2827392500","Energy Mineral"
"2827394000","Energy Mineral"
"2827396000","Energy Mineral"
"2827396500","Energy Mineral"
"2827491000","Energy Mineral"
"2830901000","Energy Mineral"
"2830901500","Energy Mineral"
"2833240000","Energy Mineral"
"2833270000","Energy Mineral"
"2833291000","Energy Mineral"
"2833293000","Energy Mineral"
"2833294000","Energy Mineral"
"2833294500","Energy Mineral"
"2833295110","Energy Mineral"
"2834290500","Energy Mineral"
"2836910010","Energy Mineral"
"2836910050","Energy Mineral"
"2836991000","Energy Mineral"
"2836992000","Energy Mineral"
"2841300000","Energy Mineral"
"2841501000","Energy Mineral"
"2841610000","Energy Mineral"
"2841690010","Energy Mineral"
"2841690090","Energy Mineral"
"2841800010","Energy Mineral"
"2841800020","Energy Mineral"
"2841800050","Energy Mineral"
"2841901000","Energy Mineral"
"2841903000","Energy Mineral"
"2844101000","Energy Mineral"
"2844102010","Energy Mineral"
"2844102025","Energy Mineral"
"2844420000","Energy Mineral"
"2844430021","Energy Mineral"
"2846100010","Energy Mineral"
"2846100050","Energy Mineral"
"2846902005","Energy Mineral"
"2846902015","Energy Mineral"
"2846902040","Energy Mineral"
"2846902082","Energy Mineral"
"2846902084","Energy Mineral"
"2846904000","Energy Mineral"
"2846908070","Energy Mineral"
"2846908075","Energy Mineral"
"2846908090","Energy Mineral"
"2849902000","Energy Mineral"
"2849903000","Energy Mineral"
"2850001000","Energy Mineral"
"2850002000","Energy Mineral"
"2853909010","Energy Mineral"
"2915293000","Energy Mineral"
"3206200030","Energy Mineral"
"3206420000","Energy Mineral"
"3606903000","Energy Mineral"
"3801101000","Energy Mineral"
"3801105000","Energy Mineral"
"3801105010","Energy Mineral"
"3801105090","Energy Mineral"
"3801200000","Energy Mineral"
"3801300000","Energy Mineral"
"3801900000","Energy Mineral"
"3815110000","Energy Mineral"
"3818000010","Energy Mineral"
"3824993100","Energy Mineral"
"3824993500","Energy Mineral"
"3824993600","Energy Mineral"
"3826001000","Energy Mineral"
"3826003000","Energy Mineral"
"7110110000","Energy Mineral"
"7110110010","Energy Mineral"
"7110110020","Energy Mineral"
"7110110050","Energy Mineral"
"7110190000","Energy Mineral"
"7110210000","Energy Mineral"
"7110290000","Energy Mineral"
"7110310000","Energy Mineral"
"7110390000","Energy Mineral"
"7110410010","Energy Mineral"
"7110410030","Energy Mineral"
"7110410050","Energy Mineral"
"7110490010","Energy Mineral"
"7110490050","Energy Mineral"
"7112920000","Energy Mineral"
"7115100000","Energy Mineral"
"7115906000","Energy Mineral"
"7118900020","Energy Mineral"
"7202111000","Energy Mineral"
"7202115000","Energy Mineral"
"7202191000","Energy Mineral"
"7202195000","Energy Mineral"
"7202300000","Energy Mineral"
"7202410000","Energy Mineral"
"7202491000","Energy Mineral"
"7202495010","Energy Mineral"
"7202495090","Energy Mineral"
"7202500000","Energy Mineral"
"7202600000","Energy Mineral"
"7202800000","Energy Mineral"
"7202910000","Energy Mineral"
"7202920000","Energy Mineral"
"7202934000","Energy Mineral"
"7202938000","Energy Mineral"
"7202991000","Energy Mineral"
"7204210000","Energy Mineral"
"7204410020","Energy Mineral"
"7204410040","Energy Mineral"
"7204410060","Energy Mineral"
"7204410080","Energy Mineral"
"7204490020","Energy Mineral"
"7204490040","Energy Mineral"
"7204490060","Energy Mineral"
"7204490070","Energy Mineral"
"7205100000","Energy Mineral"
"7205290000","Energy Mineral"
"7206100000","Energy Mineral"
"7206900000","Energy Mineral"
"7207110000","Energy Mineral"
"7207120010","Energy Mineral"
"7207120050","Energy Mineral"
"7207190030","Energy Mineral"
"7207190090","Energy Mineral"
"7207200025","Energy Mineral"
"7207200045","Energy Mineral"
"7207200075","Energy Mineral"
"7207200090","Energy Mineral"
"7208101500","Energy Mineral"
"7208103000","Energy Mineral"
"7208106000","Energy Mineral"
"7208245090","Energy Mineral"
"7208253000","Energy Mineral"
"7208256000","Energy Mineral"
"7208260030","Energy Mineral"
"7208260060","Energy Mineral"
"7208270060","Energy Mineral"
"7208360030","Energy Mineral"
"7208360060","Energy Mineral"
"7208370030","Energy Mineral"
"7208370060","Energy Mineral"
"7208380015","Energy Mineral"
"7208380030","Energy Mineral"
"7208380090","Energy Mineral"
"7208390030","Energy Mineral"
"7208390090","Energy Mineral"
"7208403030","Energy Mineral"
"7208403060","Energy Mineral"
"7208406060","Energy Mineral"
"7208510030","Energy Mineral"
"7208510045","Energy Mineral"
"7208510060","Energy Mineral"
"7208520000","Energy Mineral"
"7208530000","Energy Mineral"
"7208540000","Energy Mineral"
"7208900000","Energy Mineral"
"7209150000","Energy Mineral"
"7209160060","Energy Mineral"
"7209160070","Energy Mineral"
"7209160091","Energy Mineral"
"7209170060","Energy Mineral"
"7209170070","Energy Mineral"
"7209170091","Energy Mineral"
"7209181530","Energy Mineral"
"7209181560","Energy Mineral"
"7209182520","Energy Mineral"
"7209182585","Energy Mineral"
"7209186020","Energy Mineral"
"7209186090","Energy Mineral"
"7209250000","Energy Mineral"
"7209260000","Energy Mineral"
"7209270000","Energy Mineral"
"7209280000","Energy Mineral"
"7209900000","Energy Mineral"
"7211130000","Energy Mineral"
"7211140030","Energy Mineral"
"7211140045","Energy Mineral"
"7211140090","Energy Mineral"
"7211191000","Energy Mineral"
"7211191500","Energy Mineral"
"7211192000","Energy Mineral"
"7211193000","Energy Mineral"
"7211194500","Energy Mineral"
"7211195000","Energy Mineral"
"7211196000","Energy Mineral"
"7211197530","Energy Mineral"
"7211197560","Energy Mineral"
"7211197590","Energy Mineral"
"7211231500","Energy Mineral"
"7211232000","Energy Mineral"
"7211233000","Energy Mineral"
"7211234500","Energy Mineral"
"7211236030","Energy Mineral"
"7211236060","Energy Mineral"
"7211236090","Energy Mineral"
"7211292030","Energy Mineral"
"7211292090","Energy Mineral"
"7211294500","Energy Mineral"
"7211296030","Energy Mineral"
"7211296080","Energy Mineral"
"7211900000","Energy Mineral"
"7212600000","Energy Mineral"
"7213100000","Energy Mineral"
"7213913011","Energy Mineral"
"7213913015","Energy Mineral"
"7213913093","Energy Mineral"
"7213990030","Energy Mineral"
"7213990060","Energy Mineral"
"7213990090","Energy Mineral"
"7214100000","Energy Mineral"
"7214910016","Energy Mineral"
"7214910020","Energy Mineral"
"7214990016","Energy Mineral"
"7214990021","Energy Mineral"
"7214990026","Energy Mineral"
"7214990060","Energy Mineral"
"7215500016","Energy Mineral"
"7215500018","Energy Mineral"
"7215500020","Energy Mineral"
"7217101000","Energy Mineral"
"7217102000","Energy Mineral"
"7217103000","Energy Mineral"
"7217104030","Energy Mineral"
"7217104040","Energy Mineral"
"7217104045","Energy Mineral"
"7217104090","Energy Mineral"
"7217105030","Energy Mineral"
"7217105090","Energy Mineral"
"7217106000","Energy Mineral"
"7217107000","Energy Mineral"
"7218100000","Energy Mineral"
"7218910015","Energy Mineral"
"7218910030","Energy Mineral"
"7218910060","Energy Mineral"
"7218990015","Energy Mineral"
"7218990030","Energy Mineral"
"7218990045","Energy Mineral"
"7218990060","Energy Mineral"
"7218990090","Energy Mineral"
"7219110030","Energy Mineral"
"7219110060","Energy Mineral"
"7219120002","Energy Mineral"
"7219120006","Energy Mineral"
"7219120021","Energy Mineral"
"7219120026","Energy Mineral"
"7219120051","Energy Mineral"
"7219120056","Energy Mineral"
"7219120066","Energy Mineral"
"7219120071","Energy Mineral"
"7219120081","Energy Mineral"
"7219130002","Energy Mineral"
"7219130031","Energy Mineral"
"7219130051","Energy Mineral"
"7219130071","Energy Mineral"
"7219130081","Energy Mineral"
"7219140030","Energy Mineral"
"7219210005","Energy Mineral"
"7219210020","Energy Mineral"
"7219210040","Energy Mineral"
"7219210060","Energy Mineral"
"7219220005","Energy Mineral"
"7219220015","Energy Mineral"
"7219220020","Energy Mineral"
"7219220025","Energy Mineral"
"7219220035","Energy Mineral"
"7219220040","Energy Mineral"
"7219220045","Energy Mineral"
"7219220070","Energy Mineral"
"7219220075","Energy Mineral"
"7219220080","Energy Mineral"
"7219230030","Energy Mineral"
"7219230060","Energy Mineral"
"7219240030","Energy Mineral"
"7219240060","Energy Mineral"
"7219310010","Energy Mineral"
"7219310050","Energy Mineral"
"7219320020","Energy Mineral"
"7219320025","Energy Mineral"
"7219320036","Energy Mineral"
"7219320038","Energy Mineral"
"7219320042","Energy Mineral"
"7219320044","Energy Mineral"
"7219320045","Energy Mineral"
"7219320060","Energy Mineral"
"7219330005","Energy Mineral"
"7219330020","Energy Mineral"
"7219330025","Energy Mineral"
"7219330035","Energy Mineral"
"7219330036","Energy Mineral"
"7219330042","Energy Mineral"
"7219330045","Energy Mineral"
"7219330070","Energy Mineral"
"7219330080","Energy Mineral"
"7219340005","Energy Mineral"
"7219340020","Energy Mineral"
"7219340025","Energy Mineral"
"7219340030","Energy Mineral"
"7219340035","Energy Mineral"
"7219340050","Energy Mineral"
"7219350005","Energy Mineral"
"7219350015","Energy Mineral"
"7219350030","Energy Mineral"
"7219350035","Energy Mineral"
"7219350050","Energy Mineral"
"7219900010","Energy Mineral"
"7219900020","Energy Mineral"
"7219900025","Energy Mineral"
"7219900080","Energy Mineral"
"7220110000","Energy Mineral"
"7220121000","Energy Mineral"
"7220125000","Energy Mineral"
"7220201010","Energy Mineral"
"7220201015","Energy Mineral"
"7220201060","Energy Mineral"
"7220201080","Energy Mineral"
"7220206005","Energy Mineral"
"7220206010","Energy Mineral"
"7220206015","Energy Mineral"
"7220206050","Energy Mineral"
"7220206060","Energy Mineral"
"7220206080","Energy Mineral"
"7220207005","Energy Mineral"
"7220207010","Energy Mineral"
"7220207015","Energy Mineral"
"7220207050","Energy Mineral"
"7220207060","Energy Mineral"
"7220207080","Energy Mineral"
"7220208000","Energy Mineral"
"7220209000","Energy Mineral"
"7220209030","Energy Mineral"
"7220209060","Energy Mineral"
"7220900010","Energy Mineral"
"7220900015","Energy Mineral"
"7220900060","Energy Mineral"
"7220900080","Energy Mineral"
"7221000005","Energy Mineral"
"7221000030","Energy Mineral"
"7221000045","Energy Mineral"
"7221000075","Energy Mineral"
"7222110001","Energy Mineral"
"7222110006","Energy Mineral"
"7222110057","Energy Mineral"
"7222110059","Energy Mineral"
"7222110082","Energy Mineral"
"7222110084","Energy Mineral"
"7222190001","Energy Mineral"
"7222190006","Energy Mineral"
"7222190052","Energy Mineral"
"7222190054","Energy Mineral"
"7222200001","Energy Mineral"
"7222200006","Energy Mineral"
"7222200041","Energy Mineral"
"7222200043","Energy Mineral"
"7222200062","Energy Mineral"
"7222200064","Energy Mineral"
"7222200067","Energy Mineral"
"7222200069","Energy Mineral"
"7222200071","Energy Mineral"
"7222200073","Energy Mineral"
"7222300001","Energy Mineral"
"7222300012","Energy Mineral"
"7222300022","Energy Mineral"
"7222300024","Energy Mineral"
"7222300082","Energy Mineral"
"7222300084","Energy Mineral"
"7222403025","Energy Mineral"
"7222403045","Energy Mineral"
"7222403065","Energy Mineral"
"7222403085","Energy Mineral"
"7222406000","Energy Mineral"
"7223001005","Energy Mineral"
"7223001016","Energy Mineral"
"7223001031","Energy Mineral"
"7223001046","Energy Mineral"
"7223001061","Energy Mineral"
"7223001076","Energy Mineral"
"7223005000","Energy Mineral"
"7223009000","Energy Mineral"
"7301100000","Energy Mineral"
"7301201000","Energy Mineral"
"7301205000","Energy Mineral"
"7302101010","Energy Mineral"
"7302101015","Energy Mineral"
"7302101025","Energy Mineral"
"7302101075","Energy Mineral"
"7302105020","Energy Mineral"
"7302105060","Energy Mineral"
"7302300000","Energy Mineral"
"7302400000","Energy Mineral"
"7302909000","Energy Mineral"
"7304110020","Energy Mineral"
"7304110050","Energy Mineral"
"7304110080","Energy Mineral"
"7304191020","Energy Mineral"
"7304191030","Energy Mineral"
"7304191045","Energy Mineral"
"7304191060","Energy Mineral"
"7304191080","Energy Mineral"
"7304195020","Energy Mineral"
"7304195050","Energy Mineral"
"7304195080","Energy Mineral"
"7304220030","Energy Mineral"
"7304220045","Energy Mineral"
"7304220060","Energy Mineral"
"7304233000","Energy Mineral"
"7304236030","Energy Mineral"
"7304236045","Energy Mineral"
"7304243080","Energy Mineral"
"7304244010","Energy Mineral"
"7304244020","Energy Mineral"
"7304246015","Energy Mineral"
"7304246030","Energy Mineral"
"7304246045","Energy Mineral"
"7304246075","Energy Mineral"
"7304293130","Energy Mineral"
"7304293180","Energy Mineral"
"7304294120","Energy Mineral"
"7304294130","Energy Mineral"
"7304294180","Energy Mineral"
"7304295015","Energy Mineral"
"7304296115","Energy Mineral"
"7304296130","Energy Mineral"
"7304296145","Energy Mineral"
"7304313000","Energy Mineral"
"7304390008","Energy Mineral"
"7304390016","Energy Mineral"
"7304390020","Energy Mineral"
"7304390028","Energy Mineral"
"7304390032","Energy Mineral"
"7304413005","Energy Mineral"
"7304413015","Energy Mineral"
"7304413045","Energy Mineral"
"7304416005","Energy Mineral"
"7304416015","Energy Mineral"
"7304416045","Energy Mineral"
"7304490005","Energy Mineral"
"7304490015","Energy Mineral"
"7304490045","Energy Mineral"
"7304490060","Energy Mineral"
"7304515005","Energy Mineral"
"7304515015","Energy Mineral"
"7304515045","Energy Mineral"
"7304515060","Energy Mineral"
"7304901000","Energy Mineral"
"7304903000","Energy Mineral"
"7304905000","Energy Mineral"
"7304907000","Energy Mineral"
"7305111030","Energy Mineral"
"7305111060","Energy Mineral"
"7305115000","Energy Mineral"
"7305121030","Energy Mineral"
"7305121060","Energy Mineral"
"7305125000","Energy Mineral"
"7305191060","Energy Mineral"
"7305195000","Energy Mineral"
"7305204000","Energy Mineral"
"7305208000","Energy Mineral"
"7305314000","Energy Mineral"
"7305316010","Energy Mineral"
"7305905000","Energy Mineral"
"7306110010","Energy Mineral"
"7306110050","Energy Mineral"
"7306191010","Energy Mineral"
"7306191050","Energy Mineral"
"7306195150","Energy Mineral"
"7306214000","Energy Mineral"
"7306218050","Energy Mineral"
"7306291030","Energy Mineral"
"7306291090","Energy Mineral"
"7306292000","Energy Mineral"
"7306294100","Energy Mineral"
"7306296010","Energy Mineral"
"7306296050","Energy Mineral"
"7306298150","Energy Mineral"
"7405006030","Energy Mineral"
"7409901030","Energy Mineral"
"7409905030","Energy Mineral"
"7409909030","Energy Mineral"
"7501100000","Energy Mineral"
"7501200000","Energy Mineral"
"7502100000","Energy Mineral"
"7502200000","Energy Mineral"
"7.503e+09","Energy Mineral"
"7504000010","Energy Mineral"
"7504000050","Energy Mineral"
"7601103000","Energy Mineral"
"7601106030","Energy Mineral"
"7601106090","Energy Mineral"
"7601203000","Energy Mineral"
"7601206000","Energy Mineral"
"7601209030","Energy Mineral"
"7601209045","Energy Mineral"
"7601209075","Energy Mineral"
"7601209080","Energy Mineral"
"7601209085","Energy Mineral"
"7601209095","Energy Mineral"
"7603100000","Energy Mineral"
"7603200000","Energy Mineral"
"7604101000","Energy Mineral"
"7604103000","Energy Mineral"
"7604105000","Energy Mineral"
"7604293060","Energy Mineral"
"7604293090","Energy Mineral"
"7604295020","Energy Mineral"
"7604295050","Energy Mineral"
"7604295090","Energy Mineral"
"7606113030","Energy Mineral"
"7606113060","Energy Mineral"
"7606116000","Energy Mineral"
"7606123015","Energy Mineral"
"7606123025","Energy Mineral"
"7606123035","Energy Mineral"
"7606126000","Energy Mineral"
"7614101000","Energy Mineral"
"7614105000","Energy Mineral"
"7614904000","Energy Mineral"
"7614905000","Energy Mineral"
"7801910000","Energy Mineral"
"7901110000","Energy Mineral"
"7901121000","Energy Mineral"
"7901125000","Energy Mineral"
"7901200000","Energy Mineral"
"7.902e+09","Energy Mineral"
"7903100000","Energy Mineral"
"7903903000","Energy Mineral"
"7903906000","Energy Mineral"
"8001100000","Energy Mineral"
"8001200010","Energy Mineral"
"8001200050","Energy Mineral"
"8001200090","Energy Mineral"
"8007003200","Energy Mineral"
"8101100000","Energy Mineral"
"8101940000","Energy Mineral"
"8101970000","Energy Mineral"
"8101991000","Energy Mineral"
"8103103000","Energy Mineral"
"8103200030","Energy Mineral"
"8103200090","Energy Mineral"
"8103300000","Energy Mineral"
"8103910000","Energy Mineral"
"8103990000","Energy Mineral"
"8104110000","Energy Mineral"
"8104190000","Energy Mineral"
"8104200000","Energy Mineral"
"8104300000","Energy Mineral"
"8104900000","Energy Mineral"
"8105203000","Energy Mineral"
"8105206000","Energy Mineral"
"8105209000","Energy Mineral"
"8105300000","Energy Mineral"
"8105900000","Energy Mineral"
"8106100000","Energy Mineral"
"8106900000","Energy Mineral"
"8108200010","Energy Mineral"
"8108200015","Energy Mineral"
"8108200030","Energy Mineral"
"8108200095","Energy Mineral"
"8108300000","Energy Mineral"
"8108903030","Energy Mineral"
"8108903060","Energy Mineral"
"8108906020","Energy Mineral"
"8108906031","Energy Mineral"
"8108906045","Energy Mineral"
"8108906060","Energy Mineral"
"8108906075","Energy Mineral"
"8110100000","Energy Mineral"
"8110200000","Energy Mineral"
"8110900000","Energy Mineral"
"8111003000","Energy Mineral"
"8111004700","Energy Mineral"
"8111004900","Energy Mineral"
"8111004910","Energy Mineral"
"8111004990","Energy Mineral"
"8111006000","Energy Mineral"
"8112120000","Energy Mineral"
"8112130000","Energy Mineral"
"8112190000","Energy Mineral"
"8112210000","Energy Mineral"
"8112220000","Energy Mineral"
"8112290000","Energy Mineral"
"8112310000","Energy Mineral"
"8112390000","Energy Mineral"
"8112920700","Energy Mineral"
"8112921000","Energy Mineral"
"8112923000","Energy Mineral"
"8112924000","Energy Mineral"
"8112926000","Energy Mineral"
"8112926500","Energy Mineral"
"8112927000","Energy Mineral"
"8112991000","Energy Mineral"
"8112992000","Energy Mineral"
"8505110050","Energy Mineral"
"8505110070","Energy Mineral"
"8545110000","Energy Mineral"
"8545110010","Energy Mineral"
"8545110020","Energy Mineral"
"8545110050","Energy Mineral"
"8545200000","Energy Mineral"
"8545904000","Energy Mineral"
"440311","Lumber (new)"
"440321","Lumber (new)"
"440322","Lumber (new)"
"440323","Lumber (new)"
"440325","Lumber (new)"
"440326","Lumber (new)"
"440399","Lumber (new)"
"440611","Lumber (new)"
"440691","Lumber (new)"
"440711","Lumber (new)"
"440712","Lumber (new)"
"440713","Lumber (new)"
"440714","Lumber (new)"
"440719","Lumber (new)"
"940161","Lumber (new)"
"940340","Lumber (new)"
"940360","Lumber (new)"
"940391","Lumber (new)"
"870124","MHDV"
"870123","MHDV"
"870122","MHDV"
"870121","MHDV"
"870422","MHDV"
"870410","MHDV"
"870129","MHDV"
"870442","MHDV"
"870432","MHDV"
"870423","MHDV"
"870490","MHDV"
"870460","MHDV"
"870452","MHDV"
"870443","MHDV"
"870590","MHDV"
"870540","MHDV"
"870911","MHDV"
"870600","MHDV"
"870919","MHDV"
"870220","MHDV"
"870210","MHDV"
"870240","MHDV"
"870230","MHDV"
"870290","MHDV"
"440710","Lumber (new)"
"440910","Lumber (new)"
"441520","Lumber (new)"
"441899","Lumber (new)"
"442199","Lumber (new)"
"2203.00.00","Alcohol"
"2204.10.00","Alcohol"
"2204.21.20","Alcohol"
"2204.21.30","Alcohol"
"2204.21.50","Alcohol"
"2204.21.60","Alcohol"
"2204.21.80","Alcohol"
"2204.22.20","Alcohol"
"2204.22.40","Alcohol"
"2204.22.60","Alcohol"
"2204.22.80","Alcohol"
"2204.29.61","Alcohol"
"2204.29.81","Alcohol"
"2205.10.30","Alcohol"
"2206.00.15","Alcohol"
"2206.00.30","Alcohol"
"2206.00.45","Alcohol"
"2206.00.60","Alcohol"
"2206.00.90","Alcohol"
"2207.10.30","Alcohol"
"2208.20.10","Alcohol"
"2208.20.20","Alcohol"
"2208.20.30","Alcohol"
"2208.20.40","Alcohol"
"2208.20.50","Alcohol"
"2208.20.60","Alcohol"
"2208.30.30","Alcohol"
"2208.30.60","Alcohol"
"2208.40.20","Alcohol"
"2208.40.40","Alcohol"
"2208.40.60","Alcohol"
"2208.40.80","Alcohol"
"2208.50.00","Alcohol"
"2208.60.10","Alcohol"
"2208.60.20","Alcohol"
"2208.60.50","Alcohol"
"2208.70.00","Alcohol"
"2208.90.10","Alcohol"
"2208.90.12","Alcohol"
"2208.90.14","Alcohol"
"2208.90.15","Alcohol"
"2208.90.20","Alcohol"
"2208.90.25","Alcohol"
"2208.90.30","Alcohol"
"2208.90.35","Alcohol"
"2208.90.40","Alcohol"
"2208.90.50","Alcohol"
"2208.90.72","Alcohol"
"2208.90.75","Alcohol"
"3301.19.10","Alcohol"
"4413.00.00","Alcohol"
"4419.90.91","Alcohol"
"4420.90.80","Alcohol"
"4421.91.60","Alcohol"
"4421.91.70","Alcohol"
"4602.19.80","Alcohol"
"4804.11.00","Alcohol"
"4806.20.00","Alcohol"
"4810.13.19","Alcohol"
"4811.59.60","Alcohol"
"4811.90.80","Alcohol"
"4811.90.90","Alcohol"
"9506.99.25","Alcohol"
"0406.10.64","Alcohol"
"0406.10.84","Alcohol"
"0406.10.88","Alcohol"
"0406.10.95","Alcohol"
"0406.20.33","Alcohol"
"0406.20.53","Alcohol"
"0406.30.81","Alcohol"
"0406.30.91","Alcohol"
"0406.30.95","Alcohol"
"0406.40.40","Alcohol"
"0406.40.54","Alcohol"
"0406.40.70","Alcohol"
"0406.90.08","Alcohol"
"0406.90.12","Alcohol"
"0406.90.18","Alcohol"
"0406.90.42","Alcohol"
"0406.90.48","Alcohol"
"0406.90.56","Alcohol"
"0406.90.59","Alcohol"
"0406.90.78","Alcohol"
"0406.90.88","Alcohol"
"0406.90.95","Alcohol"
"0406.90.97","Alcohol"
"1518.00.40","Alcohol"
"2208.30.6020","Alcohol"
"2208.30.6040","Alcohol"
"2208.30.6055","Alcohol"
"2208.30.6065","Alcohol"
"2208.30.6075","Alcohol"
"2208.70.0030","Alcohol"
"4101.50.10","Alcohol"
"4101.90.10","Alcohol"
"4107.11.50","Alcohol"
"4301.60.60","Alcohol"
"4302.19.30","Alcohol"
"4302.19.45","Alcohol"
"4302.19.60","Alcohol"
"8903.31.00","Alcohol"
"8903.32.00","Alcohol"
"8903.93.20","Alcohol"
"0402.10.05","Dairy"
"0402.10.10","Dairy"
"0402.10.50","Dairy"
"0402.21.02","Dairy"
"0402.21.05","Dairy"
"0402.21.25","Dairy"
"0402.21.27","Dairy"
"0402.21.30","Dairy"
"0402.21.50","Dairy"
"0402.21.73","Dairy"
"0402.21.75","Dairy"
"0402.21.90","Dairy"
"0402.91.03","Dairy"
"0402.91.06","Dairy"
"0402.99.68","Dairy"
"0404.10.05","Dairy"
"0404.10.08","Dairy"
"0404.10.11","Dairy"
"0404.10.15","Dairy"
"0404.10.20","Dairy"
"0404.10.48","Dairy"
"0404.10.50","Dairy"
"0404.10.90","Dairy"
"0404.90.10","Dairy"
"0404.90.28","Dairy"
"0404.90.30","Dairy"
"0404.90.50","Dairy"
"0404.90.70","Dairy"
"0506.90.00","Dairy"
"1210.20.00","Dairy"
"1301.90.91","Dairy"
"1702.11.00","Dairy"
"1702.19.00","Dairy"
"1702.30.28","Dairy"
"1702.40.28","Dairy"
"1702.60.28","Dairy"
"1702.90.35","Dairy"
"1702.90.58","Dairy"
"1702.90.68","Dairy"
"1703.10.30","Dairy"
"1703.10.50","Dairy"
"1703.90.30","Dairy"
"1703.90.50","Dairy"
"1901.20.35","Dairy"
"2202.91.00","Dairy"
"3301.24.00","Dairy"
"3501.10.10","Dairy"
"3501.10.50","Dairy"
"3501.90.20","Dairy"
"3501.90.60","Dairy"
"3502.20.00","Dairy"
"3504.00.50","Dairy"
"0409.00.00","Motor"
"0505.10.00","Motor"
"0506.10.00","Motor"
"0507.90.00","Motor"
"0510.00.40","Motor"
"0511.99.20","Motor"
"0511.99.33","Motor"
"0511.99.36","Motor"
"0511.99.40","Motor"
"0601.10.15","Motor"
"0601.10.30","Motor"
"0601.10.45","Motor"
"0601.10.60","Motor"
"0601.10.90","Motor"
"0601.20.10","Motor"
"0602.10.00","Motor"
"0602.90.20","Motor"
"0602.90.50","Motor"
"0603.11.00","Motor"
"0603.13.00","Motor"
"0603.14.00","Motor"
"0603.15.00","Motor"
"0603.19.01","Motor"
"0603.90.00","Motor"
"0604.90.10","Motor"
"0604.90.30","Motor"
"0604.90.60","Motor"
"1209.10.00","Motor"
"1209.22.20","Motor"
"1209.29.10","Motor"
"1209.30.00","Motor"
"1209.91.40","Motor"
"1209.91.80","Motor"
"1209.99.20","Motor"
"1209.99.41","Motor"
"1210.10.00","Motor"
"1211.90.20","Motor"
"1211.90.40","Motor"
"1211.90.89","Motor"
"1211.90.93","Motor"
"1212.21.00","Motor"
"1212.92.00","Motor"
"1212.99.92","Motor"
"1301.20.00","Motor"
"1301.90.40","Motor"
"1302.13.00","Motor"
"1302.19.41","Motor"
"1302.19.91","Motor"
"1302.20.00","Motor"
"1302.31.00","Motor"
"1302.32.00","Motor"
"1302.39.00","Motor"
"1401.10.00","Motor"
"1401.90.20","Motor"
"1401.90.40","Motor"
"1404.20.00","Motor"
"1404.90.40","Motor"
"1404.90.90","Motor"
"1901.20.25","Motor"
"1901.20.60","Motor"
"1901.20.70","Motor"
"2208.90.05","Motor"
"2208.90.80","Motor"
"2501.00.00","Motor"
"2523.29.00","Motor"
"2905.43.00","Motor"
"2905.44.00","Motor"
"2905.45.00","Motor"
"2940.00.20","Motor"
"2940.00.60","Motor"
"3208.90.00","Motor"
"3214.90.50","Motor"
"3215.19.90","Motor"
"3301.12.00","Motor"
"3301.13.00","Motor"
"3301.19.51","Motor"
"3301.25.00","Motor"
"3301.29.10","Motor"
"3301.29.20","Motor"
"3301.29.51","Motor"
"3301.30.00","Motor"
"3301.90.10","Motor"
"3301.90.50","Motor"
"3302.10.10","Motor"
"3302.10.20","Motor"
"3302.10.40","Motor"
"3302.10.50","Motor"
"3302.10.90","Motor"
"3303.00.30","Motor"
"3304.10.00","Motor"
"3304.20.00","Motor"
"3304.30.00","Motor"
"3305.90.00","Motor"
"3406.00.00","Motor"
"3502.11.00","Motor"
"3502.90.00","Motor"
"3503.00.40","Motor"
"3503.00.55","Motor"
"3504.00.10","Motor"
"3505.10.00","Motor"
"3505.20.00","Motor"
"3811.21.00","Motor"
"3823.11.00","Motor"
"3823.12.00","Motor"
"3823.13.00","Motor"
"3823.19.20","Motor"
"3823.19.40","Motor"
"3823.70.40","Motor"
"3823.70.60","Motor"
"3824.60.00","Motor"
"3824.99.39","Motor"
"3824.99.55","Motor"
"3824.99.93","Motor"
"3907.70.00","Motor"
"3907.99.50","Motor"
"3918.10.10","Motor"
"3919.10.20","Motor"
"3919.90.50","Motor"
"3920.20.00","Motor"
"3921.19.00","Motor"
"3921.90.50","Motor"
"3923.10.90","Motor"
"3923.21.00","Motor"
"3923.30.00","Motor"
"3923.50.00","Motor"
"3924.10.20","Motor"
"3924.10.40","Motor"
"3924.90.56","Motor"
"3926.10.00","Motor"
"3926.30.10","Motor"
"3926.30.50","Motor"
"3926.40.00","Motor"
"3926.90.99","Motor"
"4016.93.50","Motor"
"4016.99.15","Motor"
"4016.99.35","Motor"
"4101.20.10","Motor"
"4101.20.20","Motor"
"4101.50.20","Motor"
"4101.90.50","Motor"
"4103.20.30","Motor"
"4201.00.30","Motor"
"4201.00.60","Motor"
"4202.12.21","Motor"
"4202.12.81","Motor"
"4202.12.89","Motor"
"4202.92.15","Motor"
"4202.92.31","Motor"
"4202.92.50","Motor"
"4202.92.97","Motor"
"4202.99.10","Motor"
"4202.99.90","Motor"
"4203.29.40","Motor"
"4203.30.00","Motor"
"4205.00.80","Motor"
"4301.90.00","Motor"
"4303.10.00","Motor"
"4401.12.00","Motor"
"4402.90.01","Motor"
"4407.99.02","Motor"
"4408.10.01","Motor"
"4409.10.40","Motor"
"4409.10.50","Motor"
"4409.10.90","Motor"
"4409.29.91","Motor"
"4410.19.00","Motor"
"4411.13.20","Motor"
"4411.13.90","Motor"
"4411.14.20","Motor"
"4411.14.30","Motor"
"4411.14.90","Motor"
"4412.10.05","Motor"
"4412.10.90","Motor"
"4412.31.06","Motor"
"4412.31.26","Motor"
"4412.31.42","Motor"
"4412.31.45","Motor"
"4412.31.48","Motor"
"4412.31.52","Motor"
"4412.31.61","Motor"
"4412.31.92","Motor"
"4412.33.06","Motor"
"4412.33.26","Motor"
"4412.33.32","Motor"
"4412.33.57","Motor"
"4412.34.26","Motor"
"4412.34.32","Motor"
"4412.34.57","Motor"
"4412.39.10","Motor"
"4412.39.30","Motor"
"4412.39.40","Motor"
"4412.39.50","Motor"
"4412.41.00","Motor"
"4412.42.00","Motor"
"4412.49.00","Motor"
"4412.51.10","Motor"
"4412.51.31","Motor"
"4412.52.10","Motor"
"4412.52.31","Motor"
"4412.52.51","Motor"
"4412.91.06","Motor"
"4412.91.31","Motor"
"4412.91.41","Motor"
"4412.91.51","Motor"
"4412.92.07","Motor"
"4412.92.11","Motor"
"4412.92.31","Motor"
"4412.92.42","Motor"
"4412.92.52","Motor"
"4412.99.58","Motor"
"4412.99.61","Motor"
"4412.99.81","Motor"
"4412.99.91","Motor"
"4412.99.97","Motor"
"4414.90.00","Motor"
"4418.21.80","Motor"
"4418.29.80","Motor"
"4420.19.00","Motor"
"4421.99.70","Motor"
"4421.99.94","Motor"
"4421.99.98","Motor"
"4702.00.00","Motor"
"4802.55.10","Motor"
"4803.00.40","Motor"
"4810.29.10","Motor"
"4810.92.12","Motor"
"4811.51.20","Motor"
"4811.51.40","Motor"
"4813.10.00","Motor"
"4814.20.00","Motor"
"4817.10.00","Motor"
"4818.30.00","Motor"
"4818.90.00","Motor"
"4819.10.00","Motor"
"4819.40.00","Motor"
"4819.50.40","Motor"
"4820.10.20","Motor"
"4820.30.00","Motor"
"4821.90.40","Motor"
"4823.69.00","Motor"
"4823.70.00","Motor"
"4823.90.10","Motor"
"4823.90.67","Motor"
"4823.90.86","Motor"
"4908.90.00","Motor"
"4911.91.40","Motor"
"5002.00.00","Motor"
"5003.00.90","Motor"
"5101.11.60","Motor"
"5103.20.00","Motor"
"5201.00.05","Motor"
"5201.00.80","Motor"
"5202.10.00","Motor"
"5202.91.00","Motor"
"5202.99.50","Motor"
"5407.52.20","Motor"
"5511.10.00","Motor"
"5512.19.00","Motor"
"5603.12.00","Motor"
"5603.13.00","Motor"
"5603.14.90","Motor"
"5603.92.00","Motor"
"5603.94.90","Motor"
"5607.50.40","Motor"
"5703.39.20","Motor"
"5806.32.20","Motor"
"5903.90.25","Motor"
"5903.90.30","Motor"
"5907.00.60","Motor"
"5911.90.00","Motor"
"6006.31.00","Motor"
"6006.32.00","Motor"
"6006.33.00","Motor"
"6104.43.20","Motor"
"6104.63.20","Motor"
"6109.10.00","Motor"
"6110.20.20","Motor"
"6110.30.30","Motor"
"6116.93.88","Motor"
"6201.40.55","Motor"
"6201.40.60","Motor"
"6202.40.10","Motor"
"6202.40.55","Motor"
"6202.40.60","Motor"
"6203.11.90","Motor"
"6203.31.50","Motor"
"6203.31.90","Motor"
"6203.41.60","Motor"
"6204.43.40","Motor"
"6204.49.10","Motor"
"6210.20.50","Motor"
"6210.40.55","Motor"
"6210.50.55","Motor"
"6211.32.90","Motor"
"6211.33.90","Motor"
"6211.43.10","Motor"
"6303.92.20","Motor"
"6305.33.00","Motor"
"6306.12.00","Motor"
"6306.19.21","Motor"
"6307.90.98","Motor"
"6403.91.90","Motor"
"6505.00.60","Motor"
"6506.10.60","Motor"
"6704.19.00","Motor"
"6809.11.00","Motor"
"6810.99.00","Motor"
"7010.90.50","Motor"
"7013.99.90","Motor"
"7102.39.00","Motor"
"7106.92.10","Motor"
"7113.11.50","Motor"
"7113.19.29","Motor"
"7113.19.50","Motor"
"7117.19.90","Motor"
"7118.10.00","Motor"
"7203.10.00","Motor"
"7801.10.00","Motor"
"8113.00.00","Motor"
"8201.30.00","Motor"
"8202.31.00","Motor"
"8202.40.60","Motor"
"8203.20.60","Motor"
"8203.30.00","Motor"
"8204.11.00","Motor"
"8204.12.00","Motor"
"8204.20.00","Motor"
"8205.20.30","Motor"
"8205.59.80","Motor"
"8206.00.00","Motor"
"8209.00.00","Motor"
"8212.10.00","Motor"
"8301.60.00","Motor"
"8303.00.00","Motor"
"8306.29.00","Motor"
"8410.11.00","Motor"
"8414.80.05","Motor"
"8418.50.00","Motor"
"8418.69.01","Motor"
"8419.40.00","Motor"
"8419.89.95","Motor"
"8421.99.01","Motor"
"8422.30.91","Motor"
"8422.40.91","Motor"
"8422.90.91","Motor"
"8424.30.10","Motor"
"8424.30.90","Motor"
"8426.41.00","Motor"
"8433.60.00","Motor"
"8438.40.00","Motor"
"8440.10.00","Motor"
"8442.50.10","Motor"
"8443.91.30","Motor"
"8479.82.00","Motor"
"8508.19.00","Motor"
"8517.13.00","Motor"
"8517.61.00","Motor"
"8517.62.00","Motor"
"8517.79.00","Motor"
"8521.90.00","Motor"
"8523.49.40","Motor"
"8523.49.50","Motor"
"8523.51.00","Motor"
"8523.52.00","Motor"
"8525.50.30","Motor"
"8525.50.70","Motor"
"8525.81.00","Motor"
"8525.89.20","Motor"
"8525.89.30","Motor"
"8525.89.40","Motor"
"8525.89.50","Motor"
"8526.10.00","Motor"
"8526.91.00","Motor"
"8526.92.50","Motor"
"8528.52.00","Motor"
"8528.59.33","Motor"
"8528.62.00","Motor"
"8528.69.45","Motor"
"8529.10.40","Motor"
"8529.10.91","Motor"
"8529.90.13","Motor"
"8529.90.16","Motor"
"8529.90.21","Motor"
"8529.90.81","Motor"
"8529.90.87","Motor"
"8534.00.00","Motor"
"8537.10.91","Motor"
"8543.70.98","Motor"
"8544.49.30","Motor"
"8544.70.00","Motor"
"8711.50.00","Motor"
"8905.90.10","Motor"
"8906.90.00","Motor"
"8907.90.00","Motor"
"9031.49.90","Motor"
"9401.39.00","Motor"
"9401.69.60","Motor"
"9401.71.00","Motor"
"9401.79.00","Motor"
"9401.91.90","Motor"
"9401.99.10","Motor"
"9403.20.00","Motor"
"9403.50.90","Motor"
"9403.60.80","Motor"
"9403.70.80","Motor"
"9403.99.10","Motor"
"9403.99.20","Motor"
"9403.99.30","Motor"
"9403.99.40","Motor"
"9403.99.50","Motor"
"9405.11.60","Motor"
"9405.11.80","Motor"
"9405.42.60","Motor"
"9405.42.84","Motor"
"9405.99.40","Motor"
"9503.00.00","Motor"
"9504.30.00","Motor"
"9504.50.00","Motor"
"9504.90.40","Motor"
"9505.10.25","Motor"
"9505.90.60","Motor"
"9506.39.00","Motor"
"9506.70.40","Motor"
"9506.70.60","Motor"
"9506.91.00","Motor"
"9506.99.55","Motor"
"9506.99.60","Motor"
"9507.10.00","Motor"
"9701.21.00","Motor"
"9701.91.00","Motor"
"9701.99.00","Motor"
"9702.90.00","Motor"
"9703.10.00","Motor"
"9703.90.00","Motor"
"9704.00.00","Motor"
"9705.10.00","Motor"
"9705.29.00","Motor"
"9705.39.00","Motor"
"9706.90.00","Motor"
"0406.90.99","Motor"
"4802.61.10","Motor"
"4802.61.20","Motor"
"4802.61.60","Motor"
"4802.62.10","Motor"
"4802.62.20","Motor"
"4802.62.30","Motor"
"4802.62.61","Motor"
"4802.69.10","Motor"
"4802.69.20","Motor"
"4802.69.30","Motor"
"4818.90.0020","Motor"
"7308.90.30","Motor"
"7308.90.60","Motor"
"7308.90.95","Motor"
"7604.10.10","Motor"
"7604.10.30","Motor"
"7604.10.50","Motor"
"7604.21.00","Motor"
"7604.29.10","Motor"
"7604.29.30","Motor"
"7604.29.50","Motor"
"7608.10.00","Motor"
"7608.20.00","Motor"
"8307.10.30","Motor"
"8307.90.30","Motor"
"8308.10.00","Motor"
"8308.20.30","Motor"
"8308.20.60","Motor"
"8308.90.30","Motor"
"8308.90.60","Motor"
"8308.90.90","Motor"
"8309.10.00","Motor"
"8310.00.00","Motor"
"8311.10.00","Motor"
"8311.20.00","Motor"
"8311.30.30","Motor"
"8311.30.60","Motor"
"8537.10.9130","Motor"
"8537.10.9150","Motor"
"8537.10.9160","Motor"
"8537.10.9170","Motor"
"8703.10.50","Motor"
"8703.21.01","Motor"
"8903.99.21","Motor"
"9401.41.00","Motor"
"9401.49.00","Motor"
"9401.52.00","Motor"
"9401.53.00","Motor"
"9401.59.00","Motor"
"9401.61.20","Motor"
"9401.69.20","Motor"
"9401.69.40","Motor"
"9401.69.80","Motor"
"9401.80.20","Motor"
"9401.80.40","Motor"
"9401.80.60","Motor"
"9401.91.15","Motor"
"9401.91.20","Motor"
"9401.99.25","Motor"
"9401.99.35","Motor"
"9401.99.90","Motor"
"9403.30.40","Motor"
"9403.40.40","Motor"
"9403.40.60","Motor"
"9403.60.40","Motor"
"9403.70.40","Motor"
"9403.82.00","Motor"
"9403.83.00","Motor"
"9403.89.30","Motor"
"9403.89.60","Motor"
"9404.10.00","Motor"
"9404.21.00","Motor"
"9404.29.10","Motor"
"9404.29.90","Motor"
"9405.21.40","Motor"
"9405.21.60","Motor"
"9405.21.80","Motor"
"9405.29.40","Motor"
"9405.29.60","Motor"
"9405.29.80","Motor"
"9507.10.0040","Motor"
"220300","before September 29"
"281520","before September 29"
"310420","before September 29"
"310430","before September 29"
"310490","before September 29"
"310510","before September 29"
"310520","before September 29"
"310560","before September 29"
"400912","before September 29"
"400922","before September 29"
"400932","before September 29"
"400942","before September 29"
"401110","before September 29"
"401120","before September 29"
"401219","before September 29"
"401220","before September 29"
"401310","before September 29"
"401699","before September 29"
"440710","before September 29"
"440910","before September 29"
"441520","before September 29"
"441899","before September 29"
"442199","before September 29"
"660390","before September 29"
"681511","before September 29"
"681512","before September 29"
"681513","before September 29"
"681519","before September 29"
"700721","before September 29"
"700910","before September 29"
"720610","before September 29"
"720690","before September 29"
"720711","before September 29"
"720712","before September 29"
"720719","before September 29"
"720720","before September 29"
"720810","before September 29"
"720825","before September 29"
"720826","before September 29"
"720827","before September 29"
"720836","before September 29"
"720837","before September 29"
"720838","before September 29"
"720839","before September 29"
"720840","before September 29"
"720851","before September 29"
"720852","before September 29"
"720853","before September 29"
"720854","before September 29"
"720890","before September 29"
"720915","before September 29"
"720916","before September 29"
"720917","before September 29"
"720918","before September 29"
"720925","before September 29"
"720926","before September 29"
"720927","before September 29"
"720928","before September 29"
"720990","before September 29"
"721011","before September 29"
"721012","before September 29"
"721020","before September 29"
"721030","before September 29"
"721041","before September 29"
"721049","before September 29"
"721050","before September 29"
"721061","before September 29"
"721069","before September 29"
"721070","before September 29"
"721090","before September 29"
"721113","before September 29"
"721114","before September 29"
"721119","before September 29"
"721123","before September 29"
"721129","before September 29"
"721190","before September 29"
"721210","before September 29"
"721220","before September 29"
"721230","before September 29"
"721240","before September 29"
"721250","before September 29"
"721260","before September 29"
"721310","before September 29"
"721320","before September 29"
"721391","before September 29"
"721399","before September 29"
"721410","before September 29"
"721420","before September 29"
"721430","before September 29"
"721491","before September 29"
"721499","before September 29"
"721510","before September 29"
"721550","before September 29"
"721590","before September 29"
"721610","before September 29"
"721621","before September 29"
"721622","before September 29"
"721631","before September 29"
"721632","before September 29"
"721633","before September 29"
"721640","before September 29"
"721650","before September 29"
"721710","before September 29"
"721720","before September 29"
"721730","before September 29"
"721790","before September 29"
"721810","before September 29"
"721891","before September 29"
"721899","before September 29"
"721911","before September 29"
"721912","before September 29"
"721913","before September 29"
"721914","before September 29"
"721921","before September 29"
"721922","before September 29"
"721923","before September 29"
"721924","before September 29"
"721931","before September 29"
"721932","before September 29"
"721933","before September 29"
"721934","before September 29"
"721935","before September 29"
"721990","before September 29"
"722011","before September 29"
"722012","before September 29"
"722020","before September 29"
"722090","before September 29"
"722100","before September 29"
"722211","before September 29"
"722219","before September 29"
"722220","before September 29"
"722230","before September 29"
"722240","before September 29"
"722300","before September 29"
"722410","before September 29"
"722490","before September 29"
"722511","before September 29"
"722519","before September 29"
"722530","before September 29"
"722540","before September 29"
"722591","before September 29"
"722592","before September 29"
"722599","before September 29"
"722611","before September 29"
"722619","before September 29"
"722620","before September 29"
"722691","before September 29"
"722692","before September 29"
"722699","before September 29"
"722710","before September 29"
"722720","before September 29"
"722790","before September 29"
"722810","before September 29"
"722820","before September 29"
"722830","before September 29"
"722840","before September 29"
"722850","before September 29"
"722860","before September 29"
"722870","before September 29"
"722880","before September 29"
"722920","before September 29"
"722990","before September 29"
"730110","before September 29"
"730120","before September 29"
"730210","before September 29"
"730230","before September 29"
"730240","before September 29"
"730290","before September 29"
"730411","before September 29"
"730419","before September 29"
"730422","before September 29"
"730423","before September 29"
"730424","before September 29"
"730429","before September 29"
"730431","before September 29"
"730439","before September 29"
"730441","before September 29"
"730449","before September 29"
"730451","before September 29"
"730459","before September 29"
"730490","before September 29"
"730511","before September 29"
"730512","before September 29"
"730519","before September 29"
"730520","before September 29"
"730531","before September 29"
"730539","before September 29"
"730590","before September 29"
"730611","before September 29"
"730619","before September 29"
"730621","before September 29"
"730629","before September 29"
"730630","before September 29"
"730640","before September 29"
"730650","before September 29"
"730661","before September 29"
"730669","before September 29"
"730690","before September 29"
"730721","before September 29"
"730722","before September 29"
"730723","before September 29"
"730729","before September 29"
"730791","before September 29"
"730792","before September 29"
"730793","before September 29"
"730799","before September 29"
"730810","before September 29"
"730820","before September 29"
"730830","before September 29"
"730840","before September 29"
"730890","before September 29"
"730900","before September 29"
"731010","before September 29"
"731021","before September 29"
"731029","before September 29"
"731100","before September 29"
"731210","before September 29"
"731290","before September 29"
"731300","before September 29"
"731412","before September 29"
"731414","before September 29"
"731419","before September 29"
"731420","before September 29"
"731431","before September 29"
"731439","before September 29"
"731441","before September 29"
"731442","before September 29"
"731449","before September 29"
"731450","before September 29"
"731511","before September 29"
"731512","before September 29"
"731519","before September 29"
"731520","before September 29"
"731581","before September 29"
"731582","before September 29"
"731589","before September 29"
"731590","before September 29"
"731600","before September 29"
"731700","before September 29"
"731811","before September 29"
"731812","before September 29"
"731813","before September 29"
"731814","before September 29"
"731815","before September 29"
"731816","before September 29"
"731819","before September 29"
"731821","before September 29"
"731822","before September 29"
"731823","before September 29"
"731824","before September 29"
"731829","before September 29"
"731940","before September 29"
"731990","before September 29"
"732010","before September 29"
"732020","before September 29"
"732090","before September 29"
"732111","before September 29"
"732112","before September 29"
"732119","before September 29"
"732181","before September 29"
"732182","before September 29"
"732189","before September 29"
"732190","before September 29"
"732219","before September 29"
"732289","before September 29"
"732310","before September 29"
"732393","before September 29"
"732394","before September 29"
"732399","before September 29"
"732410","before September 29"
"732429","before September 29"
"732490","before September 29"
"732591","before September 29"
"732599","before September 29"
"732611","before September 29"
"732619","before September 29"
"732620","before September 29"
"732690","before September 29"
"740610","before September 29"
"740620","before September 29"
"740710","before September 29"
"740721","before September 29"
"740729","before September 29"
"740811","before September 29"
"740819","before September 29"
"740821","before September 29"
"740822","before September 29"
"740829","before September 29"
"740911","before September 29"
"740919","before September 29"
"740921","before September 29"
"740929","before September 29"
"740931","before September 29"
"740939","before September 29"
"740940","before September 29"
"740990","before September 29"
"741011","before September 29"
"741012","before September 29"
"741021","before September 29"
"741022","before September 29"
"741110","before September 29"
"741121","before September 29"
"741122","before September 29"
"741129","before September 29"
"741210","before September 29"
"741220","before September 29"
"741300","before September 29"
"741510","before September 29"
"741521","before September 29"
"741529","before September 29"
"741533","before September 29"
"741539","before September 29"
"741810","before September 29"
"741820","before September 29"
"741920","before September 29"
"741980","before September 29"
"760110","before September 29"
"760120","before September 29"
"760410","before September 29"
"760421","before September 29"
"760429","before September 29"
"760511","before September 29"
"760519","before September 29"
"760521","before September 29"
"760529","before September 29"
"760611","before September 29"
"760612","before September 29"
"760691","before September 29"
"760692","before September 29"
"760711","before September 29"
"760719","before September 29"
"760720","before September 29"
"760810","before September 29"
"760820","before September 29"
"760900","before September 29"
"761010","before September 29"
"761090","before September 29"
"761290","before September 29"
"761410","before September 29"
"761490","before September 29"
"761510","before September 29"
"761520","before September 29"
"761610","before September 29"
"761699","before September 29"
"830120","before September 29"
"830210","before September 29"
"830220","before September 29"
"830230","before September 29"
"830241","before September 29"
"830242","before September 29"
"830249","before September 29"
"830250","before September 29"
"830260","before September 29"
"830510","before September 29"
"830630","before September 29"
"840731","before September 29"
"840732","before September 29"
"840733","before September 29"
"840734","before September 29"
"840820","before September 29"
"840991","before September 29"
"840999","before September 29"
"841330","before September 29"
"841391","before September 29"
"841430","before September 29"
"841459","before September 29"
"841480","before September 29"
"841520","before September 29"
"841590","before September 29"
"841810","before September 29"
"841830","before September 29"
"841840","before September 29"
"841899","before September 29"
"841950","before September 29"
"841990","before September 29"
"842123","before September 29"
"842132","before September 29"
"842211","before September 29"
"842290","before September 29"
"842490","before September 29"
"842549","before September 29"
"842691","before September 29"
"843110","before September 29"
"843131","before September 29"
"843142","before September 29"
"843149","before September 29"
"843210","before September 29"
"843290","before September 29"
"845011","before September 29"
"845020","before September 29"
"845121","before September 29"
"845129","before September 29"
"847130","before September 29"
"847141","before September 29"
"847149","before September 29"
"847150","before September 29"
"847160","before September 29"
"847170","before September 29"
"847180","before September 29"
"847190","before September 29"
"847330","before September 29"
"847989","before September 29"
"847990","before September 29"
"848190","before September 29"
"848210","before September 29"
"848220","before September 29"
"848240","before September 29"
"848250","before September 29"
"848310","before September 29"
"848690","before September 29"
"848790","before September 29"
"850132","before September 29"
"850133","before September 29"
"850134","before September 29"
"850140","before September 29"
"850151","before September 29"
"850152","before September 29"
"850300","before September 29"
"850710","before September 29"
"850760","before September 29"
"850790","before September 29"
"850870","before September 29"
"850980","before September 29"
"851110","before September 29"
"851120","before September 29"
"851130","before September 29"
"851140","before September 29"
"851150","before September 29"
"851180","before September 29"
"851190","before September 29"
"851220","before September 29"
"851230","before September 29"
"851240","before September 29"
"851290","before September 29"
"851390","before September 29"
"851590","before September 29"
"851660","before September 29"
"851690","before September 29"
"851771","before September 29"
"851779","before September 29"
"851981","before September 29"
"852560","before September 29"
"852721","before September 29"
"852729","before September 29"
"852990","before September 29"
"853641","before September 29"
"853690","before September 29"
"853710","before September 29"
"853720","before September 29"
"853810","before September 29"
"853910","before September 29"
"854190","before September 29"
"854390","before September 29"
"854430","before September 29"
"854442","before September 29"
"854449","before September 29"
"854790","before September 29"
"870322","before September 29"
"870323","before September 29"
"870324","before September 29"
"870331","before September 29"
"870332","before September 29"
"870333","before September 29"
"870340","before September 29"
"870350","before September 29"
"870360","before September 29"
"870370","before September 29"
"870380","before September 29"
"870390","before September 29"
"870431","before September 29"
"870441","before September 29"
"870451","before September 29"
"870460","before September 29"
"870600","before September 29"
"870710","before September 29"
"870790","before September 29"
"870810","before September 29"
"870821","before September 29"
"870822","before September 29"
"870829","before September 29"
"870830","before September 29"
"870840","before September 29"
"870850","before September 29"
"870870","before September 29"
"870880","before September 29"
"870891","before September 29"
"870893","before September 29"
"870894","before September 29"
"870895","before September 29"
"870899","before September 29"
"871680","before September 29"
"871690","before September 29"
"880730","before September 29"
"901390","before September 29"
"901510","before September 29"
"902910","before September 29"
"902920","before September 29"
"903190","before September 29"
"940120","before September 29"
"940199","before September 29"
"940310","before September 29"
"940320","before September 29"
"940321","before September 29"
"940399","before September 29"
"940599","before September 29"
"940620","before September 29"
"940690","before September 29"
"950611","before September 29"
"950651","before September 29"
"950659","before September 29"
"950670","before September 29"
"950691","before September 29"
"950699","before September 29"
"950730","before September 29"
"950790","before September 29"
"960390","before September 29"
"970421","before September 29"
"2504101010","before September 29"
"2504105000","before September 29"
"2504900000","before September 29"
"2511101010","before September 29"
"2511105000","before September 29"
"2529210000","before September 29"
"2529220000","before September 29"
"2530901000","before September 29"
"2602000040","before September 29"
"2602000060","before September 29"
"2603000030","before September 29"
"2604000040","before September 29"
"2.605e+09","before September 29"
"2606000030","before September 29"
"2606000060","before September 29"
"2606000090","before September 29"
"2607000030","before September 29"
"2608000030","before September 29"
"2.609e+09","before September 29"
"2610000020","before September 29"
"2610000040","before September 29"
"2610000060","before September 29"
"2611003000","before September 29"
"2611006000","before September 29"
"2612100000","before September 29"
"2612200000","before September 29"
"2614003000","before September 29"
"2614006020","before September 29"
"2614006040","before September 29"
"2615100000","before September 29"
"2615903000","before September 29"
"2615906030","before September 29"
"2615906060","before September 29"
"2615906090","before September 29"
"2616100030","before September 29"
"2616900030","before September 29"
"2617100000","before September 29"
"2617900030","before September 29"
"2620110000","before September 29"
"2620193000","before September 29"
"2620196030","before September 29"
"2620210030","before September 29"
"2620300030","before September 29"
"2620400030","before September 29"
"2620910000","before September 29"
"2620991000","before September 29"
"2620992000","before September 29"
"2620993000","before September 29"
"2620997520","before September 29"
"2701110000","before September 29"
"2701120010","before September 29"
"2701120050","before September 29"
"2701190050","before September 29"
"2707100000","before September 29"
"2707200000","before September 29"
"2707300010","before September 29"
"2707300020","before September 29"
"2707300030","before September 29"
"2707400000","before September 29"
"2707500000","before September 29"
"2707910000","before September 29"
"2707991000","before September 29"
"2707992000","before September 29"
"2707994000","before September 29"
"2707995100","before September 29"
"2707995500","before September 29"
"2707999010","before September 29"
"2711110000","before September 29"
"2711120000","before September 29"
"2711120010","before September 29"
"2711130010","before September 29"
"2711140010","before September 29"
"2711140020","before September 29"
"2711140030","before September 29"
"2711140040","before September 29"
"2711190010","before September 29"
"2804500020","before September 29"
"2804800000","before September 29"
"2805199010","before September 29"
"2805300000","before September 29"
"2805300005","before September 29"
"2805300010","before September 29"
"2805300015","before September 29"
"2805300020","before September 29"
"2805300050","before September 29"
"2805300090","before September 29"
"2811110000","before September 29"
"2811191000","before September 29"
"2811291000","before September 29"
"2813901000","before September 29"
"2.817e+09","before September 29"
"2818200000","before September 29"
"2818300000","before September 29"
"2819100000","before September 29"
"2819900000","before September 29"
"2820100000","before September 29"
"2820900000","before September 29"
"2822000010","before September 29"
"2822000090","before September 29"
"2.823e+09","before September 29"
"2825200000","before September 29"
"2825300010","before September 29"
"2825300050","before September 29"
"2825400000","before September 29"
"2825600000","before September 29"
"2825800000","before September 29"
"2825901000","before September 29"
"2825901500","before September 29"
"2825902000","before September 29"
"2825903000","before September 29"
"2826120000","before September 29"
"2826300000","before September 29"
"2826909010","before September 29"
"2827350000","before September 29"
"2827391000","before September 29"
"2827392500","before September 29"
"2827394000","before September 29"
"2827396000","before September 29"
"2827396500","before September 29"
"2827491000","before September 29"
"2830901000","before September 29"
"2830901500","before September 29"
"2833240000","before September 29"
"2833270000","before September 29"
"2833291000","before September 29"
"2833293000","before September 29"
"2833294000","before September 29"
"2833294500","before September 29"
"2833295110","before September 29"
"2834290500","before September 29"
"2836910010","before September 29"
"2836910050","before September 29"
"2836991000","before September 29"
"2836992000","before September 29"
"2841300000","before September 29"
"2841501000","before September 29"
"2841610000","before September 29"
"2841690010","before September 29"
"2841690090","before September 29"
"2841800010","before September 29"
"2841800020","before September 29"
"2841800050","before September 29"
"2841901000","before September 29"
"2841903000","before September 29"
"2844101000","before September 29"
"2844102010","before September 29"
"2844102025","before September 29"
"2844420000","before September 29"
"2844430021","before September 29"
"2846100010","before September 29"
"2846100050","before September 29"
"2846902005","before September 29"
"2846902015","before September 29"
"2846902040","before September 29"
"2846902082","before September 29"
"2846902084","before September 29"
"2846904000","before September 29"
"2846908070","before September 29"
"2846908075","before September 29"
"2846908090","before September 29"
"2849902000","before September 29"
"2849903000","before September 29"
"2850001000","before September 29"
"2850002000","before September 29"
"2853909010","before September 29"
"2915293000","before September 29"
"3206200030","before September 29"
"3206420000","before September 29"
"3606903000","before September 29"
"3801101000","before September 29"
"3801105000","before September 29"
"3801105010","before September 29"
"3801105090","before September 29"
"3801200000","before September 29"
"3801300000","before September 29"
"3801900000","before September 29"
"3815110000","before September 29"
"3818000010","before September 29"
"3824993100","before September 29"
"3824993500","before September 29"
"3824993600","before September 29"
"3826001000","before September 29"
"3826003000","before September 29"
"7110110000","before September 29"
"7110110010","before September 29"
"7110110020","before September 29"
"7110110050","before September 29"
"7110190000","before September 29"
"7110210000","before September 29"
"7110290000","before September 29"
"7110310000","before September 29"
"7110390000","before September 29"
"7110410010","before September 29"
"7110410030","before September 29"
"7110410050","before September 29"
"7110490010","before September 29"
"7110490050","before September 29"
"7112920000","before September 29"
"7115100000","before September 29"
"7115906000","before September 29"
"7118900020","before September 29"
"7202111000","before September 29"
"7202115000","before September 29"
"7202191000","before September 29"
"7202195000","before September 29"
"7202300000","before September 29"
"7202410000","before September 29"
"7202491000","before September 29"
"7202495010","before September 29"
"7202495090","before September 29"
"7202500000","before September 29"
"7202600000","before September 29"
"7202800000","before September 29"
"7202910000","before September 29"
"7202920000","before September 29"
"7202934000","before September 29"
"7202938000","before September 29"
"7202991000","before September 29"
"7204210000","before September 29"
"7204410020","before September 29"
"7204410040","before September 29"
"7204410060","before September 29"
"7204410080","before September 29"
"7204490020","before September 29"
"7204490040","before September 29"
"7204490060","before September 29"
"7204490070","before September 29"
"7205100000","before September 29"
"7205290000","before September 29"
"7206100000","before September 29"
"7206900000","before September 29"
"7207110000","before September 29"
"7207120010","before September 29"
"7207120050","before September 29"
"7207190030","before September 29"
"7207190090","before September 29"
"7207200025","before September 29"
"7207200045","before September 29"
"7207200075","before September 29"
"7207200090","before September 29"
"7208101500","before September 29"
"7208103000","before September 29"
"7208106000","before September 29"
"7208245090","before September 29"
"7208253000","before September 29"
"7208256000","before September 29"
"7208260030","before September 29"
"7208260060","before September 29"
"7208270060","before September 29"
"7208360030","before September 29"
"7208360060","before September 29"
"7208370030","before September 29"
"7208370060","before September 29"
"7208380015","before September 29"
"7208380030","before September 29"
"7208380090","before September 29"
"7208390030","before September 29"
"7208390090","before September 29"
"7208403030","before September 29"
"7208403060","before September 29"
"7208406060","before September 29"
"7208510030","before September 29"
"7208510045","before September 29"
"7208510060","before September 29"
"7208520000","before September 29"
"7208530000","before September 29"
"7208540000","before September 29"
"7208900000","before September 29"
"7209150000","before September 29"
"7209160060","before September 29"
"7209160070","before September 29"
"7209160091","before September 29"
"7209170060","before September 29"
"7209170070","before September 29"
"7209170091","before September 29"
"7209181530","before September 29"
"7209181560","before September 29"
"7209182520","before September 29"
"7209182585","before September 29"
"7209186020","before September 29"
"7209186090","before September 29"
"7209250000","before September 29"
"7209260000","before September 29"
"7209270000","before September 29"
"7209280000","before September 29"
"7209900000","before September 29"
"7211130000","before September 29"
"7211140030","before September 29"
"7211140045","before September 29"
"7211140090","before September 29"
"7211191000","before September 29"
"7211191500","before September 29"
"7211192000","before September 29"
"7211193000","before September 29"
"7211194500","before September 29"
"7211195000","before September 29"
"7211196000","before September 29"
"7211197530","before September 29"
"7211197560","before September 29"
"7211197590","before September 29"
"7211231500","before September 29"
"7211232000","before September 29"
"7211233000","before September 29"
"7211234500","before September 29"
"7211236030","before September 29"
"7211236060","before September 29"
"7211236090","before September 29"
"7211292030","before September 29"
"7211292090","before September 29"
"7211294500","before September 29"
"7211296030","before September 29"
"7211296080","before September 29"
"7211900000","before September 29"
"7212600000","before September 29"
"7213100000","before September 29"
"7213913011","before September 29"
"7213913015","before September 29"
"7213913093","before September 29"
"7213990030","before September 29"
"7213990060","before September 29"
"7213990090","before September 29"
"7214100000","before September 29"
"7214910016","before September 29"
"7214910020","before September 29"
"7214990016","before September 29"
"7214990021","before September 29"
"7214990026","before September 29"
"7214990060","before September 29"
"7215500016","before September 29"
"7215500018","before September 29"
"7215500020","before September 29"
"7217101000","before September 29"
"7217102000","before September 29"
"7217103000","before September 29"
"7217104030","before September 29"
"7217104040","before September 29"
"7217104045","before September 29"
"7217104090","before September 29"
"7217105030","before September 29"
"7217105090","before September 29"
"7217106000","before September 29"
"7217107000","before September 29"
"7218100000","before September 29"
"7218910015","before September 29"
"7218910030","before September 29"
"7218910060","before September 29"
"7218990015","before September 29"
"7218990030","before September 29"
"7218990045","before September 29"
"7218990060","before September 29"
"7218990090","before September 29"
"7219110030","before September 29"
"7219110060","before September 29"
"7219120002","before September 29"
"7219120006","before September 29"
"7219120021","before September 29"
"7219120026","before September 29"
"7219120051","before September 29"
"7219120056","before September 29"
"7219120066","before September 29"
"7219120071","before September 29"
"7219120081","before September 29"
"7219130002","before September 29"
"7219130031","before September 29"
"7219130051","before September 29"
"7219130071","before September 29"
"7219130081","before September 29"
"7219140030","before September 29"
"7219210005","before September 29"
"7219210020","before September 29"
"7219210040","before September 29"
"7219210060","before September 29"
"7219220005","before September 29"
"7219220015","before September 29"
"7219220020","before September 29"
"7219220025","before September 29"
"7219220035","before September 29"
"7219220040","before September 29"
"7219220045","before September 29"
"7219220070","before September 29"
"7219220075","before September 29"
"7219220080","before September 29"
"7219230030","before September 29"
"7219230060","before September 29"
"7219240030","before September 29"
"7219240060","before September 29"
"7219310010","before September 29"
"7219310050","before September 29"
"7219320020","before September 29"
"7219320025","before September 29"
"7219320036","before September 29"
"7219320038","before September 29"
"7219320042","before September 29"
"7219320044","before September 29"
"7219320045","before September 29"
"7219320060","before September 29"
"7219330005","before September 29"
"7219330020","before September 29"
"7219330025","before September 29"
"7219330035","before September 29"
"7219330036","before September 29"
"7219330042","before September 29"
"7219330045","before September 29"
"7219330070","before September 29"
"7219330080","before September 29"
"7219340005","before September 29"
"7219340020","before September 29"
"7219340025","before September 29"
"7219340030","before September 29"
"7219340035","before September 29"
"7219340050","before September 29"
"7219350005","before September 29"
"7219350015","before September 29"
"7219350030","before September 29"
"7219350035","before September 29"
"7219350050","before September 29"
"7219900010","before September 29"
"7219900020","before September 29"
"7219900025","before September 29"
"7219900080","before September 29"
"7220110000","before September 29"
"7220121000","before September 29"
"7220125000","before September 29"
"7220201010","before September 29"
"7220201015","before September 29"
"7220201060","before September 29"
"7220201080","before September 29"
"7220206005","before September 29"
"7220206010","before September 29"
"7220206015","before September 29"
"7220206050","before September 29"
"7220206060","before September 29"
"7220206080","before September 29"
"7220207005","before September 29"
"7220207010","before September 29"
"7220207015","before September 29"
"7220207050","before September 29"
"7220207060","before September 29"
"7220207080","before September 29"
"7220208000","before September 29"
"7220209000","before September 29"
"7220209030","before September 29"
"7220209060","before September 29"
"7220900010","before September 29"
"7220900015","before September 29"
"7220900060","before September 29"
"7220900080","before September 29"
"7221000005","before September 29"
"7221000030","before September 29"
"7221000045","before September 29"
"7221000075","before September 29"
"7222110001","before September 29"
"7222110006","before September 29"
"7222110057","before September 29"
"7222110059","before September 29"
"7222110082","before September 29"
"7222110084","before September 29"
"7222190001","before September 29"
"7222190006","before September 29"
"7222190052","before September 29"
"7222190054","before September 29"
"7222200001","before September 29"
"7222200006","before September 29"
"7222200041","before September 29"
"7222200043","before September 29"
"7222200062","before September 29"
"7222200064","before September 29"
"7222200067","before September 29"
"7222200069","before September 29"
"7222200071","before September 29"
"7222200073","before September 29"
"7222300001","before September 29"
"7222300012","before September 29"
"7222300022","before September 29"
"7222300024","before September 29"
"7222300082","before September 29"
"7222300084","before September 29"
"7222403025","before September 29"
"7222403045","before September 29"
"7222403065","before September 29"
"7222403085","before September 29"
"7222406000","before September 29"
"7223001005","before September 29"
"7223001016","before September 29"
"7223001031","before September 29"
"7223001046","before September 29"
"7223001061","before September 29"
"7223001076","before September 29"
"7223005000","before September 29"
"7223009000","before September 29"
"7301100000","before September 29"
"7301201000","before September 29"
"7301205000","before September 29"
"7302101010","before September 29"
"7302101015","before September 29"
"7302101025","before September 29"
"7302101075","before September 29"
"7302105020","before September 29"
"7302105060","before September 29"
"7302300000","before September 29"
"7302400000","before September 29"
"7302909000","before September 29"
"7304110020","before September 29"
"7304110050","before September 29"
"7304110080","before September 29"
"7304191020","before September 29"
"7304191030","before September 29"
"7304191045","before September 29"
"7304191060","before September 29"
"7304191080","before September 29"
"7304195020","before September 29"
"7304195050","before September 29"
"7304195080","before September 29"
"7304220030","before September 29"
"7304220045","before September 29"
"7304220060","before September 29"
"7304233000","before September 29"
"7304236030","before September 29"
"7304236045","before September 29"
"7304243080","before September 29"
"7304244010","before September 29"
"7304244020","before September 29"
"7304246015","before September 29"
"7304246030","before September 29"
"7304246045","before September 29"
"7304246075","before September 29"
"7304293130","before September 29"
"7304293180","before September 29"
"7304294120","before September 29"
"7304294130","before September 29"
"7304294180","before September 29"
"7304295015","before September 29"
"7304296115","before September 29"
"7304296130","before September 29"
"7304296145","before September 29"
"7304313000","before September 29"
"7304390008","before September 29"
"7304390016","before September 29"
"7304390020","before September 29"
"7304390028","before September 29"
"7304390032","before September 29"
"7304413005","before September 29"
"7304413015","before September 29"
"7304413045","before September 29"
"7304416005","before September 29"
"7304416015","before September 29"
"7304416045","before September 29"
"7304490005","before September 29"
"7304490015","before September 29"
"7304490045","before September 29"
"7304490060","before September 29"
"7304515005","before September 29"
"7304515015","before September 29"
"7304515045","before September 29"
"7304515060","before September 29"
"7304901000","before September 29"
"7304903000","before September 29"
"7304905000","before September 29"
"7304907000","before September 29"
"7305111030","before September 29"
"7305111060","before September 29"
"7305115000","before September 29"
"7305121030","before September 29"
"7305121060","before September 29"
"7305125000","before September 29"
"7305191060","before September 29"
"7305195000","before September 29"
"7305204000","before September 29"
"7305208000","before September 29"
"7305314000","before September 29"
"7305316010","before September 29"
"7305905000","before September 29"
"7306110010","before September 29"
"7306110050","before September 29"
"7306191010","before September 29"
"7306191050","before September 29"
"7306195150","before September 29"
"7306214000","before September 29"
"7306218050","before September 29"
"7306291030","before September 29"
"7306291090","before September 29"
"7306292000","before September 29"
"7306294100","before September 29"
"7306296010","before September 29"
"7306296050","before September 29"
"7306298150","before September 29"
"7405006030","before September 29"
"7409901030","before September 29"
"7409905030","before September 29"
"7409909030","before September 29"
"7501100000","before September 29"
"7501200000","before September 29"
"7502100000","before September 29"
"7502200000","before September 29"
"7.503e+09","before September 29"
"7504000010","before September 29"
"7504000050","before September 29"
"7601103000","before September 29"
"7601106030","before September 29"
"7601106090","before September 29"
"7601203000","before September 29"
"7601206000","before September 29"
"7601209030","before September 29"
"7601209045","before September 29"
"7601209075","before September 29"
"7601209080","before September 29"
"7601209085","before September 29"
"7601209095","before September 29"
"7603100000","before September 29"
"7603200000","before September 29"
"7604101000","before September 29"
"7604103000","before September 29"
"7604105000","before September 29"
"7604293060","before September 29"
"7604293090","before September 29"
"7604295020","before September 29"
"7604295050","before September 29"
"7604295090","before September 29"
"7606113030","before September 29"
"7606113060","before September 29"
"7606116000","before September 29"
"7606123015","before September 29"
"7606123025","before September 29"
"7606123035","before September 29"
"7606126000","before September 29"
"7614101000","before September 29"
"7614105000","before September 29"
"7614904000","before September 29"
"7614905000","before September 29"
"7801910000","before September 29"
"7901110000","before September 29"
"7901121000","before September 29"
"7901125000","before September 29"
"7901200000","before September 29"
"7.902e+09","before September 29"
"7903100000","before September 29"
"7903903000","before September 29"
"7903906000","before September 29"
"8001100000","before September 29"
"8001200010","before September 29"
"8001200050","before September 29"
"8001200090","before September 29"
"8007003200","before September 29"
"8101100000","before September 29"
"8101940000","before September 29"
"8101970000","before September 29"
"8101991000","before September 29"
"8103103000","before September 29"
"8103200030","before September 29"
"8103200090","before September 29"
"8103300000","before September 29"
"8103910000","before September 29"
"8103990000","before September 29"
"8104110000","before September 29"
"8104190000","before September 29"
"8104200000","before September 29"
"8104300000","before September 29"
"8104900000","before September 29"
"8105203000","before September 29"
"8105206000","before September 29"
"8105209000","before September 29"
"8105300000","before September 29"
"8105900000","before September 29"
"8106100000","before September 29"
"8106900000","before September 29"
"8108200010","before September 29"
"8108200015","before September 29"
"8108200030","before September 29"
"8108200095","before September 29"
"8108300000","before September 29"
"8108903030","before September 29"
"8108903060","before September 29"
"8108906020","before September 29"
"8108906031","before September 29"
"8108906045","before September 29"
"8108906060","before September 29"
"8108906075","before September 29"
"8110100000","before September 29"
"8110200000","before September 29"
"8110900000","before September 29"
"8111003000","before September 29"
"8111004700","before September 29"
"8111004900","before September 29"
"8111004910","before September 29"
"8111004990","before September 29"
"8111006000","before September 29"
"8112120000","before September 29"
"8112130000","before September 29"
"8112190000","before September 29"
"8112210000","before September 29"
"8112220000","before September 29"
"8112290000","before September 29"
"8112310000","before September 29"
"8112390000","before September 29"
"8112920700","before September 29"
"8112921000","before September 29"
"8112923000","before September 29"
"8112924000","before September 29"
"8112926000","before September 29"
"8112926500","before September 29"
"8112927000","before September 29"
"8112991000","before September 29"
"8112992000","before September 29"
"8505110050","before September 29"
"8505110070","before September 29"
"8545110000","before September 29"
"8545110010","before September 29"
"8545110020","before September 29"
"8545110050","before September 29"
"8545200000","before September 29"
"8545904000","before September 29"
"440311","before September 29"
"440321","before September 29"
"440322","before September 29"
"440323","before September 29"
"440325","before September 29"
"440326","before September 29"
"440399","before September 29"
"440611","before September 29"
"440691","before September 29"
"440711","before September 29"
"440712","before September 29"
"440713","before September 29"
"440714","before September 29"
"440719","before September 29"
"940161","before September 29"
"940340","before September 29"
"940360","before September 29"
"940391","before September 29"
"870124","before September 29"
"870123","before September 29"
"870122","before September 29"
"870121","before September 29"
"870422","before September 29"
"870410","before September 29"
"870129","before September 29"
"870442","before September 29"
"870432","before September 29"
"870423","before September 29"
"870490","before September 29"
"870452","before September 29"
"870443","before September 29"
"870590","before September 29"
"870540","before September 29"
"870911","before September 29"
"870919","before September 29"
"870220","before September 29"
"870210","before September 29"
"870240","before September 29"
"870230","before September 29"
"870290","before September 29"
"220300","after September 29"
"281520","after September 29"
"310420","after September 29"
"310430","after September 29"
"310490","after September 29"
"310510","after September 29"
"310520","after September 29"
"310560","after September 29"
"400912","after September 29"
"400922","after September 29"
"400932","after September 29"
"400942","after September 29"
"401110","after September 29"
"401120","after September 29"
"401219","after September 29"
"401220","after September 29"
"401310","after September 29"
"401699","after September 29"
"440710","after September 29"
"440910","after September 29"
"441520","after September 29"
"441899","after September 29"
"442199","after September 29"
"660390","after September 29"
"681511","after September 29"
"681512","after September 29"
"681513","after September 29"
"681519","after September 29"
"700721","after September 29"
"700910","after September 29"
"720610","after September 29"
"720690","after September 29"
"720711","after September 29"
"720712","after September 29"
"720719","after September 29"
"720720","after September 29"
"720810","after September 29"
"720825","after September 29"
"720826","after September 29"
"720827","after September 29"
"720836","after September 29"
"720837","after September 29"
"720838","after September 29"
"720839","after September 29"
"720840","after September 29"
"720851","after September 29"
"720852","after September 29"
"720853","after September 29"
"720854","after September 29"
"720890","after September 29"
"720915","after September 29"
"720916","after September 29"
"720917","after September 29"
"720918","after September 29"
"720925","after September 29"
"720926","after September 29"
"720927","after September 29"
"720928","after September 29"
"720990","after September 29"
"721011","after September 29"
"721012","after September 29"
"721020","after September 29"
"721030","after September 29"
"721041","after September 29"
"721049","after September 29"
"721050","after September 29"
"721061","after September 29"
"721069","after September 29"
"721070","after September 29"
"721090","after September 29"
"721113","after September 29"
"721114","after September 29"
"721119","after September 29"
"721123","after September 29"
"721129","after September 29"
"721190","after September 29"
"721210","after September 29"
"721220","after September 29"
"721230","after September 29"
"721240","after September 29"
"721250","after September 29"
"721260","after September 29"
"721310","after September 29"
"721320","after September 29"
"721391","after September 29"
"721399","after September 29"
"721410","after September 29"
"721420","after September 29"
"721430","after September 29"
"721491","after September 29"
"721499","after September 29"
"721510","after September 29"
"721550","after September 29"
"721590","after September 29"
"721610","after September 29"
"721621","after September 29"
"721622","after September 29"
"721631","after September 29"
"721632","after September 29"
"721633","after September 29"
"721640","after September 29"
"721650","after September 29"
"721710","after September 29"
"721720","after September 29"
"721730","after September 29"
"721790","after September 29"
"721810","after September 29"
"721891","after September 29"
"721899","after September 29"
"721911","after September 29"
"721912","after September 29"
"721913","after September 29"
"721914","after September 29"
"721921","after September 29"
"721922","after September 29"
"721923","after September 29"
"721924","after September 29"
"721931","after September 29"
"721932","after September 29"
"721933","after September 29"
"721934","after September 29"
"721935","after September 29"
"721990","after September 29"
"722011","after September 29"
"722012","after September 29"
"722020","after September 29"
"722090","after September 29"
"722100","after September 29"
"722211","after September 29"
"722219","after September 29"
"722220","after September 29"
"722230","after September 29"
"722240","after September 29"
"722300","after September 29"
"722410","after September 29"
"722490","after September 29"
"722511","after September 29"
"722519","after September 29"
"722530","after September 29"
"722540","after September 29"
"722591","after September 29"
"722592","after September 29"
"722599","after September 29"
"722611","after September 29"
"722619","after September 29"
"722620","after September 29"
"722691","after September 29"
"722692","after September 29"
"722699","after September 29"
"722710","after September 29"
"722720","after September 29"
"722790","after September 29"
"722810","after September 29"
"722820","after September 29"
"722830","after September 29"
"722840","after September 29"
"722850","after September 29"
"722860","after September 29"
"722870","after September 29"
"722880","after September 29"
"722920","after September 29"
"722990","after September 29"
"730110","after September 29"
"730120","after September 29"
"730210","after September 29"
"730230","after September 29"
"730240","after September 29"
"730290","after September 29"
"730411","after September 29"
"730419","after September 29"
"730422","after September 29"
"730423","after September 29"
"730424","after September 29"
"730429","after September 29"
"730431","after September 29"
"730439","after September 29"
"730441","after September 29"
"730449","after September 29"
"730451","after September 29"
"730459","after September 29"
"730490","after September 29"
"730511","after September 29"
"730512","after September 29"
"730519","after September 29"
"730520","after September 29"
"730531","after September 29"
"730539","after September 29"
"730590","after September 29"
"730611","after September 29"
"730619","after September 29"
"730621","after September 29"
"730629","after September 29"
"730630","after September 29"
"730640","after September 29"
"730650","after September 29"
"730661","after September 29"
"730669","after September 29"
"730690","after September 29"
"730721","after September 29"
"730722","after September 29"
"730723","after September 29"
"730729","after September 29"
"730791","after September 29"
"730792","after September 29"
"730793","after September 29"
"730799","after September 29"
"730810","after September 29"
"730820","after September 29"
"730830","after September 29"
"730840","after September 29"
"730890","after September 29"
"730900","after September 29"
"731010","after September 29"
"731021","after September 29"
"731029","after September 29"
"731100","after September 29"
"731210","after September 29"
"731290","after September 29"
"731300","after September 29"
"731412","after September 29"
"731414","after September 29"
"731419","after September 29"
"731420","after September 29"
"731431","after September 29"
"731439","after September 29"
"731441","after September 29"
"731442","after September 29"
"731449","after September 29"
"731450","after September 29"
"731511","after September 29"
"731512","after September 29"
"731519","after September 29"
"731520","after September 29"
"731581","after September 29"
"731582","after September 29"
"731589","after September 29"
"731590","after September 29"
"731600","after September 29"
"731700","after September 29"
"731811","after September 29"
"731812","after September 29"
"731813","after September 29"
"731814","after September 29"
"731815","after September 29"
"731816","after September 29"
"731819","after September 29"
"731821","after September 29"
"731822","after September 29"
"731823","after September 29"
"731824","after September 29"
"731829","after September 29"
"731940","after September 29"
"731990","after September 29"
"732010","after September 29"
"732020","after September 29"
"732090","after September 29"
"732111","after September 29"
"732112","after September 29"
"732119","after September 29"
"732181","after September 29"
"732182","after September 29"
"732189","after September 29"
"732190","after September 29"
"732219","after September 29"
"732289","after September 29"
"732310","after September 29"
"732393","after September 29"
"732394","after September 29"
"732399","after September 29"
"732410","after September 29"
"732429","after September 29"
"732490","after September 29"
"732591","after September 29"
"732599","after September 29"
"732611","after September 29"
"732619","after September 29"
"732620","after September 29"
"732690","after September 29"
"740610","after September 29"
"740620","after September 29"
"740710","after September 29"
"740721","after September 29"
"740729","after September 29"
"740811","after September 29"
"740819","after September 29"
"740821","after September 29"
"740822","after September 29"
"740829","after September 29"
"740911","after September 29"
"740919","after September 29"
"740921","after September 29"
"740929","after September 29"
"740931","after September 29"
"740939","after September 29"
"740940","after September 29"
"740990","after September 29"
"741011","after September 29"
"741012","after September 29"
"741021","after September 29"
"741022","after September 29"
"741110","after September 29"
"741121","after September 29"
"741122","after September 29"
"741129","after September 29"
"741210","after September 29"
"741220","after September 29"
"741300","after September 29"
"741510","after September 29"
"741521","after September 29"
"741529","after September 29"
"741533","after September 29"
"741539","after September 29"
"741810","after September 29"
"741820","after September 29"
"741920","after September 29"
"741980","after September 29"
"760110","after September 29"
"760120","after September 29"
"760410","after September 29"
"760421","after September 29"
"760429","after September 29"
"760511","after September 29"
"760519","after September 29"
"760521","after September 29"
"760529","after September 29"
"760611","after September 29"
"760612","after September 29"
"760691","after September 29"
"760692","after September 29"
"760711","after September 29"
"760719","after September 29"
"760720","after September 29"
"760810","after September 29"
"760820","after September 29"
"760900","after September 29"
"761010","after September 29"
"761090","after September 29"
"761290","after September 29"
"761410","after September 29"
"761490","after September 29"
"761510","after September 29"
"761520","after September 29"
"761610","after September 29"
"761699","after September 29"
"830120","after September 29"
"830210","after September 29"
"830220","after September 29"
"830230","after September 29"
"830241","after September 29"
"830242","after September 29"
"830249","after September 29"
"830250","after September 29"
"830260","after September 29"
"830510","after September 29"
"830630","after September 29"
"840731","after September 29"
"840732","after September 29"
"840733","after September 29"
"840734","after September 29"
"840820","after September 29"
"840991","after September 29"
"840999","after September 29"
"841330","after September 29"
"841391","after September 29"
"841430","after September 29"
"841459","after September 29"
"841480","after September 29"
"841520","after September 29"
"841590","after September 29"
"841810","after September 29"
"841830","after September 29"
"841840","after September 29"
"841899","after September 29"
"841950","after September 29"
"841990","after September 29"
"842123","after September 29"
"842132","after September 29"
"842211","after September 29"
"842290","after September 29"
"842490","after September 29"
"842549","after September 29"
"842691","after September 29"
"843110","after September 29"
"843131","after September 29"
"843142","after September 29"
"843149","after September 29"
"843210","after September 29"
"843290","after September 29"
"845011","after September 29"
"845020","after September 29"
"845121","after September 29"
"845129","after September 29"
"847130","after September 29"
"847141","after September 29"
"847149","after September 29"
"847150","after September 29"
"847160","after September 29"
"847170","after September 29"
"847180","after September 29"
"847190","after September 29"
"847330","after September 29"
"847989","after September 29"
"847990","after September 29"
"848190","after September 29"
"848210","after September 29"
"848220","after September 29"
"848240","after September 29"
"848250","after September 29"
"848310","after September 29"
"848690","after September 29"
"848790","after September 29"
"850132","after September 29"
"850133","after September 29"
"850134","after September 29"
"850140","after September 29"
"850151","after September 29"
"850152","after September 29"
"850300","after September 29"
"850710","after September 29"
"850760","after September 29"
"850790","after September 29"
"850870","after September 29"
"850980","after September 29"
"851110","after September 29"
"851120","after September 29"
"851130","after September 29"
"851140","after September 29"
"851150","after September 29"
"851180","after September 29"
"851190","after September 29"
"851220","after September 29"
"851230","after September 29"
"851240","after September 29"
"851290","after September 29"
"851390","after September 29"
"851590","after September 29"
"851660","after September 29"
"851690","after September 29"
"851771","after September 29"
"851779","after September 29"
"851981","after September 29"
"852560","after September 29"
"852721","after September 29"
"852729","after September 29"
"852990","after September 29"
"853641","after September 29"
"853690","after September 29"
"853710","after September 29"
"853720","after September 29"
"853810","after September 29"
"853910","after September 29"
"854190","after September 29"
"854390","after September 29"
"854430","after September 29"
"854442","after September 29"
"854449","after September 29"
"854790","after September 29"
"870322","after September 29"
"870323","after September 29"
"870324","after September 29"
"870331","after September 29"
"870332","after September 29"
"870333","after September 29"
"870340","after September 29"
"870350","after September 29"
"870360","after September 29"
"870370","after September 29"
"870380","after September 29"
"870390","after September 29"
"870431","after September 29"
"870441","after September 29"
"870451","after September 29"
"870460","after September 29"
"870600","after September 29"
"870710","after September 29"
"870790","after September 29"
"870810","after September 29"
"870821","after September 29"
"870822","after September 29"
"870829","after September 29"
"870830","after September 29"
"870840","after September 29"
"870850","after September 29"
"870870","after September 29"
"870880","after September 29"
"870891","after September 29"
"870893","after September 29"
"870894","after September 29"
"870895","after September 29"
"870899","after September 29"
"871680","after September 29"
"871690","after September 29"
"880730","after September 29"
"901390","after September 29"
"901510","after September 29"
"902910","after September 29"
"902920","after September 29"
"903190","after September 29"
"940120","after September 29"
"940199","after September 29"
"940310","after September 29"
"940320","after September 29"
"940321","after September 29"
"940399","after September 29"
"940599","after September 29"
"940620","after September 29"
"940690","after September 29"
"950611","after September 29"
"950651","after September 29"
"950659","after September 29"
"950670","after September 29"
"950691","after September 29"
"950699","after September 29"
"950730","after September 29"
"950790","after September 29"
"960390","after September 29"
"970421","after September 29"
"2504101010","after September 29"
"2504105000","after September 29"
"2504900000","after September 29"
"2511101010","after September 29"
"2511105000","after September 29"
"2529210000","after September 29"
"2529220000","after September 29"
"2530901000","after September 29"
"2602000040","after September 29"
"2602000060","after September 29"
"2603000030","after September 29"
"2604000040","after September 29"
"2.605e+09","after September 29"
"2606000030","after September 29"
"2606000060","after September 29"
"2606000090","after September 29"
"2607000030","after September 29"
"2608000030","after September 29"
"2.609e+09","after September 29"
"2610000020","after September 29"
"2610000040","after September 29"
"2610000060","after September 29"
"2611003000","after September 29"
"2611006000","after September 29"
"2612100000","after September 29"
"2612200000","after September 29"
"2614003000","after September 29"
"2614006020","after September 29"
"2614006040","after September 29"
"2615100000","after September 29"
"2615903000","after September 29"
"2615906030","after September 29"
"2615906060","after September 29"
"2615906090","after September 29"
"2616100030","after September 29"
"2616900030","after September 29"
"2617100000","after September 29"
"2617900030","after September 29"
"2620110000","after September 29"
"2620193000","after September 29"
"2620196030","after September 29"
"2620210030","after September 29"
"2620300030","after September 29"
"2620400030","after September 29"
"2620910000","after September 29"
"2620991000","after September 29"
"2620992000","after September 29"
"2620993000","after September 29"
"2620997520","after September 29"
"2701110000","after September 29"
"2701120010","after September 29"
"2701120050","after September 29"
"2701190050","after September 29"
"2707100000","after September 29"
"2707200000","after September 29"
"2707300010","after September 29"
"2707300020","after September 29"
"2707300030","after September 29"
"2707400000","after September 29"
"2707500000","after September 29"
"2707910000","after September 29"
"2707991000","after September 29"
"2707992000","after September 29"
"2707994000","after September 29"
"2707995100","after September 29"
"2707995500","after September 29"
"2707999010","after September 29"
"2711110000","after September 29"
"2711120000","after September 29"
"2711120010","after September 29"
"2711130010","after September 29"
"2711140010","after September 29"
"2711140020","after September 29"
"2711140030","after September 29"
"2711140040","after September 29"
"2711190010","after September 29"
"2804500020","after September 29"
"2804800000","after September 29"
"2805199010","after September 29"
"2805300000","after September 29"
"2805300005","after September 29"
"2805300010","after September 29"
"2805300015","after September 29"
"2805300020","after September 29"
"2805300050","after September 29"
"2805300090","after September 29"
"2811110000","after September 29"
"2811191000","after September 29"
"2811291000","after September 29"
"2813901000","after September 29"
"2.817e+09","after September 29"
"2818200000","after September 29"
"2818300000","after September 29"
"2819100000","after September 29"
"2819900000","after September 29"
"2820100000","after September 29"
"2820900000","after September 29"
"2822000010","after September 29"
"2822000090","after September 29"
"2.823e+09","after September 29"
"2825200000","after September 29"
"2825300010","after September 29"
"2825300050","after September 29"
"2825400000","after September 29"
"2825600000","after September 29"
"2825800000","after September 29"
"2825901000","after September 29"
"2825901500","after September 29"
"2825902000","after September 29"
"2825903000","after September 29"
"2826120000","after September 29"
"2826300000","after September 29"
"2826909010","after September 29"
"2827350000","after September 29"
"2827391000","after September 29"
"2827392500","after September 29"
"2827394000","after September 29"
"2827396000","after September 29"
"2827396500","after September 29"
"2827491000","after September 29"
"2830901000","after September 29"
"2830901500","after September 29"
"2833240000","after September 29"
"2833270000","after September 29"
"2833291000","after September 29"
"2833293000","after September 29"
"2833294000","after September 29"
"2833294500","after September 29"
"2833295110","after September 29"
"2834290500","after September 29"
"2836910010","after September 29"
"2836910050","after September 29"
"2836991000","after September 29"
"2836992000","after September 29"
"2841300000","after September 29"
"2841501000","after September 29"
"2841610000","after September 29"
"2841690010","after September 29"
"2841690090","after September 29"
"2841800010","after September 29"
"2841800020","after September 29"
"2841800050","after September 29"
"2841901000","after September 29"
"2841903000","after September 29"
"2844101000","after September 29"
"2844102010","after September 29"
"2844102025","after September 29"
"2844420000","after September 29"
"2844430021","after September 29"
"2846100010","after September 29"
"2846100050","after September 29"
"2846902005","after September 29"
"2846902015","after September 29"
"2846902040","after September 29"
"2846902082","after September 29"
"2846902084","after September 29"
"2846904000","after September 29"
"2846908070","after September 29"
"2846908075","after September 29"
"2846908090","after September 29"
"2849902000","after September 29"
"2849903000","after September 29"
"2850001000","after September 29"
"2850002000","after September 29"
"2853909010","after September 29"
"2915293000","after September 29"
"3206200030","after September 29"
"3206420000","after September 29"
"3606903000","after September 29"
"3801101000","after September 29"
"3801105000","after September 29"
"3801105010","after September 29"
"3801105090","after September 29"
"3801200000","after September 29"
"3801300000","after September 29"
"3801900000","after September 29"
"3815110000","after September 29"
"3818000010","after September 29"
"3824993100","after September 29"
"3824993500","after September 29"
"3824993600","after September 29"
"3826001000","after September 29"
"3826003000","after September 29"
"7110110000","after September 29"
"7110110010","after September 29"
"7110110020","after September 29"
"7110110050","after September 29"
"7110190000","after September 29"
"7110210000","after September 29"
"7110290000","after September 29"
"7110310000","after September 29"
"7110390000","after September 29"
"7110410010","after September 29"
"7110410030","after September 29"
"7110410050","after September 29"
"7110490010","after September 29"
"7110490050","after September 29"
"7112920000","after September 29"
"7115100000","after September 29"
"7115906000","after September 29"
"7118900020","after September 29"
"7202111000","after September 29"
"7202115000","after September 29"
"7202191000","after September 29"
"7202195000","after September 29"
"7202300000","after September 29"
"7202410000","after September 29"
"7202491000","after September 29"
"7202495010","after September 29"
"7202495090","after September 29"
"7202500000","after September 29"
"7202600000","after September 29"
"7202800000","after September 29"
"7202910000","after September 29"
"7202920000","after September 29"
"7202934000","after September 29"
"7202938000","after September 29"
"7202991000","after September 29"
"7204210000","after September 29"
"7204410020","after September 29"
"7204410040","after September 29"
"7204410060","after September 29"
"7204410080","after September 29"
"7204490020","after September 29"
"7204490040","after September 29"
"7204490060","after September 29"
"7204490070","after September 29"
"7205100000","after September 29"
"7205290000","after September 29"
"7206100000","after September 29"
"7206900000","after September 29"
"7207110000","after September 29"
"7207120010","after September 29"
"7207120050","after September 29"
"7207190030","after September 29"
"7207190090","after September 29"
"7207200025","after September 29"
"7207200045","after September 29"
"7207200075","after September 29"
"7207200090","after September 29"
"7208101500","after September 29"
"7208103000","after September 29"
"7208106000","after September 29"
"7208245090","after September 29"
"7208253000","after September 29"
"7208256000","after September 29"
"7208260030","after September 29"
"7208260060","after September 29"
"7208270060","after September 29"
"7208360030","after September 29"
"7208360060","after September 29"
"7208370030","after September 29"
"7208370060","after September 29"
"7208380015","after September 29"
"7208380030","after September 29"
"7208380090","after September 29"
"7208390030","after September 29"
"7208390090","after September 29"
"7208403030","after September 29"
"7208403060","after September 29"
"7208406060","after September 29"
"7208510030","after September 29"
"7208510045","after September 29"
"7208510060","after September 29"
"7208520000","after September 29"
"7208530000","after September 29"
"7208540000","after September 29"
"7208900000","after September 29"
"7209150000","after September 29"
"7209160060","after September 29"
"7209160070","after September 29"
"7209160091","after September 29"
"7209170060","after September 29"
"7209170070","after September 29"
"7209170091","after September 29"
"7209181530","after September 29"
"7209181560","after September 29"
"7209182520","after September 29"
"7209182585","after September 29"
"7209186020","after September 29"
"7209186090","after September 29"
"7209250000","after September 29"
"7209260000","after September 29"
"7209270000","after September 29"
"7209280000","after September 29"
"7209900000","after September 29"
"7211130000","after September 29"
"7211140030","after September 29"
"7211140045","after September 29"
"7211140090","after September 29"
"7211191000","after September 29"
"7211191500","after September 29"
"7211192000","after September 29"
"7211193000","after September 29"
"7211194500","after September 29"
"7211195000","after September 29"
"7211196000","after September 29"
"7211197530","after September 29"
"7211197560","after September 29"
"7211197590","after September 29"
"7211231500","after September 29"
"7211232000","after September 29"
"7211233000","after September 29"
"7211234500","after September 29"
"7211236030","after September 29"
"7211236060","after September 29"
"7211236090","after September 29"
"7211292030","after September 29"
"7211292090","after September 29"
"7211294500","after September 29"
"7211296030","after September 29"
"7211296080","after September 29"
"7211900000","after September 29"
"7212600000","after September 29"
"7213100000","after September 29"
"7213913011","after September 29"
"7213913015","after September 29"
"7213913093","after September 29"
"7213990030","after September 29"
"7213990060","after September 29"
"7213990090","after September 29"
"7214100000","after September 29"
"7214910016","after September 29"
"7214910020","after September 29"
"7214990016","after September 29"
"7214990021","after September 29"
"7214990026","after September 29"
"7214990060","after September 29"
"7215500016","after September 29"
"7215500018","after September 29"
"7215500020","after September 29"
"7217101000","after September 29"
"7217102000","after September 29"
"7217103000","after September 29"
"7217104030","after September 29"
"7217104040","after September 29"
"7217104045","after September 29"
"7217104090","after September 29"
"7217105030","after September 29"
"7217105090","after September 29"
"7217106000","after September 29"
"7217107000","after September 29"
"7218100000","after September 29"
"7218910015","after September 29"
"7218910030","after September 29"
"7218910060","after September 29"
"7218990015","after September 29"
"7218990030","after September 29"
"7218990045","after September 29"
"7218990060","after September 29"
"7218990090","after September 29"
"7219110030","after September 29"
"7219110060","after September 29"
"7219120002","after September 29"
"7219120006","after September 29"
"7219120021","after September 29"
"7219120026","after September 29"
"7219120051","after September 29"
"7219120056","after September 29"
"7219120066","after September 29"
"7219120071","after September 29"
"7219120081","after September 29"
"7219130002","after September 29"
"7219130031","after September 29"
"7219130051","after September 29"
"7219130071","after September 29"
"7219130081","after September 29"
"7219140030","after September 29"
"7219210005","after September 29"
"7219210020","after September 29"
"7219210040","after September 29"
"7219210060","after September 29"
"7219220005","after September 29"
"7219220015","after September 29"
"7219220020","after September 29"
"7219220025","after September 29"
"7219220035","after September 29"
"7219220040","after September 29"
"7219220045","after September 29"
"7219220070","after September 29"
"7219220075","after September 29"
"7219220080","after September 29"
"7219230030","after September 29"
"7219230060","after September 29"
"7219240030","after September 29"
"7219240060","after September 29"
"7219310010","after September 29"
"7219310050","after September 29"
"7219320020","after September 29"
"7219320025","after September 29"
"7219320036","after September 29"
"7219320038","after September 29"
"7219320042","after September 29"
"7219320044","after September 29"
"7219320045","after September 29"
"7219320060","after September 29"
"7219330005","after September 29"
"7219330020","after September 29"
"7219330025","after September 29"
"7219330035","after September 29"
"7219330036","after September 29"
"7219330042","after September 29"
"7219330045","after September 29"
"7219330070","after September 29"
"7219330080","after September 29"
"7219340005","after September 29"
"7219340020","after September 29"
"7219340025","after September 29"
"7219340030","after September 29"
"7219340035","after September 29"
"7219340050","after September 29"
"7219350005","after September 29"
"7219350015","after September 29"
"7219350030","after September 29"
"7219350035","after September 29"
"7219350050","after September 29"
"7219900010","after September 29"
"7219900020","after September 29"
"7219900025","after September 29"
"7219900080","after September 29"
"7220110000","after September 29"
"7220121000","after September 29"
"7220125000","after September 29"
"7220201010","after September 29"
"7220201015","after September 29"
"7220201060","after September 29"
"7220201080","after September 29"
"7220206005","after September 29"
"7220206010","after September 29"
"7220206015","after September 29"
"7220206050","after September 29"
"7220206060","after September 29"
"7220206080","after September 29"
"7220207005","after September 29"
"7220207010","after September 29"
"7220207015","after September 29"
"7220207050","after September 29"
"7220207060","after September 29"
"7220207080","after September 29"
"7220208000","after September 29"
"7220209000","after September 29"
"7220209030","after September 29"
"7220209060","after September 29"
"7220900010","after September 29"
"7220900015","after September 29"
"7220900060","after September 29"
"7220900080","after September 29"
"7221000005","after September 29"
"7221000030","after September 29"
"7221000045","after September 29"
"7221000075","after September 29"
"7222110001","after September 29"
"7222110006","after September 29"
"7222110057","after September 29"
"7222110059","after September 29"
"7222110082","after September 29"
"7222110084","after September 29"
"7222190001","after September 29"
"7222190006","after September 29"
"7222190052","after September 29"
"7222190054","after September 29"
"7222200001","after September 29"
"7222200006","after September 29"
"7222200041","after September 29"
"7222200043","after September 29"
"7222200062","after September 29"
"7222200064","after September 29"
"7222200067","after September 29"
"7222200069","after September 29"
"7222200071","after September 29"
"7222200073","after September 29"
"7222300001","after September 29"
"7222300012","after September 29"
"7222300022","after September 29"
"7222300024","after September 29"
"7222300082","after September 29"
"7222300084","after September 29"
"7222403025","after September 29"
"7222403045","after September 29"
"7222403065","after September 29"
"7222403085","after September 29"
"7222406000","after September 29"
"7223001005","after September 29"
"7223001016","after September 29"
"7223001031","after September 29"
"7223001046","after September 29"
"7223001061","after September 29"
"7223001076","after September 29"
"7223005000","after September 29"
"7223009000","after September 29"
"7301100000","after September 29"
"7301201000","after September 29"
"7301205000","after September 29"
"7302101010","after September 29"
"7302101015","after September 29"
"7302101025","after September 29"
"7302101075","after September 29"
"7302105020","after September 29"
"7302105060","after September 29"
"7302300000","after September 29"
"7302400000","after September 29"
"7302909000","after September 29"
"7304110020","after September 29"
"7304110050","after September 29"
"7304110080","after September 29"
"7304191020","after September 29"
"7304191030","after September 29"
"7304191045","after September 29"
"7304191060","after September 29"
"7304191080","after September 29"
"7304195020","after September 29"
"7304195050","after September 29"
"7304195080","after September 29"
"7304220030","after September 29"
"7304220045","after September 29"
"7304220060","after September 29"
"7304233000","after September 29"
"7304236030","after September 29"
"7304236045","after September 29"
"7304243080","after September 29"
"7304244010","after September 29"
"7304244020","after September 29"
"7304246015","after September 29"
"7304246030","after September 29"
"7304246045","after September 29"
"7304246075","after September 29"
"7304293130","after September 29"
"7304293180","after September 29"
"7304294120","after September 29"
"7304294130","after September 29"
"7304294180","after September 29"
"7304295015","after September 29"
"7304296115","after September 29"
"7304296130","after September 29"
"7304296145","after September 29"
"7304313000","after September 29"
"7304390008","after September 29"
"7304390016","after September 29"
"7304390020","after September 29"
"7304390028","after September 29"
"7304390032","after September 29"
"7304413005","after September 29"
"7304413015","after September 29"
"7304413045","after September 29"
"7304416005","after September 29"
"7304416015","after September 29"
"7304416045","after September 29"
"7304490005","after September 29"
"7304490015","after September 29"
"7304490045","after September 29"
"7304490060","after September 29"
"7304515005","after September 29"
"7304515015","after September 29"
"7304515045","after September 29"
"7304515060","after September 29"
"7304901000","after September 29"
"7304903000","after September 29"
"7304905000","after September 29"
"7304907000","after September 29"
"7305111030","after September 29"
"7305111060","after September 29"
"7305115000","after September 29"
"7305121030","after September 29"
"7305121060","after September 29"
"7305125000","after September 29"
"7305191060","after September 29"
"7305195000","after September 29"
"7305204000","after September 29"
"7305208000","after September 29"
"7305314000","after September 29"
"7305316010","after September 29"
"7305905000","after September 29"
"7306110010","after September 29"
"7306110050","after September 29"
"7306191010","after September 29"
"7306191050","after September 29"
"7306195150","after September 29"
"7306214000","after September 29"
"7306218050","after September 29"
"7306291030","after September 29"
"7306291090","after September 29"
"7306292000","after September 29"
"7306294100","after September 29"
"7306296010","after September 29"
"7306296050","after September 29"
"7306298150","after September 29"
"7405006030","after September 29"
"7409901030","after September 29"
"7409905030","after September 29"
"7409909030","after September 29"
"7501100000","after September 29"
"7501200000","after September 29"
"7502100000","after September 29"
"7502200000","after September 29"
"7.503e+09","after September 29"
"7504000010","after September 29"
"7504000050","after September 29"
"7601103000","after September 29"
"7601106030","after September 29"
"7601106090","after September 29"
"7601203000","after September 29"
"7601206000","after September 29"
"7601209030","after September 29"
"7601209045","after September 29"
"7601209075","after September 29"
"7601209080","after September 29"
"7601209085","after September 29"
"7601209095","after September 29"
"7603100000","after September 29"
"7603200000","after September 29"
"7604101000","after September 29"
"7604103000","after September 29"
"7604105000","after September 29"
"7604293060","after September 29"
"7604293090","after September 29"
"7604295020","after September 29"
"7604295050","after September 29"
"7604295090","after September 29"
"7606113030","after September 29"
"7606113060","after September 29"
"7606116000","after September 29"
"7606123015","after September 29"
"7606123025","after September 29"
"7606123035","after September 29"
"7606126000","after September 29"
"7614101000","after September 29"
"7614105000","after September 29"
"7614904000","after September 29"
"7614905000","after September 29"
"7801910000","after September 29"
"7901110000","after September 29"
"7901121000","after September 29"
"7901125000","after September 29"
"7901200000","after September 29"
"7.902e+09","after September 29"
"7903100000","after September 29"
"7903903000","after September 29"
"7903906000","after September 29"
"8001100000","after September 29"
"8001200010","after September 29"
"8001200050","after September 29"
"8001200090","after September 29"
"8007003200","after September 29"
"8101100000","after September 29"
"8101940000","after September 29"
"8101970000","after September 29"
"8101991000","after September 29"
"8103103000","after September 29"
"8103200030","after September 29"
"8103200090","after September 29"
"8103300000","after September 29"
"8103910000","after September 29"
"8103990000","after September 29"
"8104110000","after September 29"
"8104190000","after September 29"
"8104200000","after September 29"
"8104300000","after September 29"
"8104900000","after September 29"
"8105203000","after September 29"
"8105206000","after September 29"
"8105209000","after September 29"
"8105300000","after September 29"
"8105900000","after September 29"
"8106100000","after September 29"
"8106900000","after September 29"
"8108200010","after September 29"
"8108200015","after September 29"
"8108200030","after September 29"
"8108200095","after September 29"
"8108300000","after September 29"
"8108903030","after September 29"
"8108903060","after September 29"
"8108906020","after September 29"
"8108906031","after September 29"
"8108906045","after September 29"
"8108906060","after September 29"
"8108906075","after September 29"
"8110100000","after September 29"
"8110200000","after September 29"
"8110900000","after September 29"
"8111003000","after September 29"
"8111004700","after September 29"
"8111004900","after September 29"
"8111004910","after September 29"
"8111004990","after September 29"
"8111006000","after September 29"
"8112120000","after September 29"
"8112130000","after September 29"
"8112190000","after September 29"
"8112210000","after September 29"
"8112220000","after September 29"
"8112290000","after September 29"
"8112310000","after September 29"
"8112390000","after September 29"
"8112920700","after September 29"
"8112921000","after September 29"
"8112923000","after September 29"
"8112924000","after September 29"
"8112926000","after September 29"
"8112926500","after September 29"
"8112927000","after September 29"
"8112991000","after September 29"
"8112992000","after September 29"
"8505110050","after September 29"
"8505110070","after September 29"
"8545110000","after September 29"
"8545110010","after September 29"
"8545110020","after September 29"
"8545110050","after September 29"
"8545200000","after September 29"
"8545904000","after September 29"
"440311","after September 29"
"440321","after September 29"
"440322","after September 29"
"440323","after September 29"
"440325","after September 29"
"440326","after September 29"
"440399","after September 29"
"440611","after September 29"
"440691","after September 29"
"440711","after September 29"
"440712","after September 29"
"440713","after September 29"
"440714","after September 29"
"440719","after September 29"
"940161","after September 29"
"940340","after September 29"
"940360","after September 29"
"940391","after September 29"
"870124","after September 29"
"870123","after September 29"
"870122","after September 29"
"870121","after September 29"
"870422","after September 29"
"870410","after September 29"
"870129","after September 29"
"870442","after September 29"
"870432","after September 29"
"870423","after September 29"
"870490","after September 29"
"870452","after September 29"
"870443","after September 29"
"870590","after September 29"
"870540","after September 29"
"870911","after September 29"
"870919","after September 29"
"870220","after September 29"
"870210","after September 29"
"870240","after September 29"
"870230","after September 29"
"870290","after September 29"
"2203.00.00","after September 29"
"2204.10.00","after September 29"
"2204.21.20","after September 29"
"2204.21.30","after September 29"
"2204.21.50","after September 29"
"2204.21.60","after September 29"
"2204.21.80","after September 29"
"2204.22.20","after September 29"
"2204.22.40","after September 29"
"2204.22.60","after September 29"
"2204.22.80","after September 29"
"2204.29.61","after September 29"
"2204.29.81","after September 29"
"2205.10.30","after September 29"
"2206.00.15","after September 29"
"2206.00.30","after September 29"
"2206.00.45","after September 29"
"2206.00.60","after September 29"
"2206.00.90","after September 29"
"2207.10.30","after September 29"
"2208.20.10","after September 29"
"2208.20.20","after September 29"
"2208.20.30","after September 29"
"2208.20.40","after September 29"
"2208.20.50","after September 29"
"2208.20.60","after September 29"
"2208.30.30","after September 29"
"2208.40.20","after September 29"
"2208.40.40","after September 29"
"2208.40.60","after September 29"
"2208.40.80","after September 29"
"2208.50.00","after September 29"
"2208.60.10","after September 29"
"2208.60.20","after September 29"
"2208.60.50","after September 29"
"2208.90.10","after September 29"
"2208.90.12","after September 29"
"2208.90.14","after September 29"
"2208.90.15","after September 29"
"2208.90.20","after September 29"
"2208.90.25","after September 29"
"2208.90.30","after September 29"
"2208.90.35","after September 29"
"2208.90.40","after September 29"
"2208.90.50","after September 29"
"2208.90.72","after September 29"
"2208.90.75","after September 29"
"3301.19.10","after September 29"
"4413.00.00","after September 29"
"4419.90.91","after September 29"
"4420.90.80","after September 29"
"4421.91.60","after September 29"
"4421.91.70","after September 29"
"4602.19.80","after September 29"
"4804.11.00","after September 29"
"4806.20.00","after September 29"
"4810.13.19","after September 29"
"4811.59.60","after September 29"
"4811.90.80","after September 29"
"4811.90.90","after September 29"
"9506.99.25","after September 29"
"0406.10.64","after September 29"
"0406.10.84","after September 29"
"0406.10.88","after September 29"
"0406.10.95","after September 29"
"0406.20.33","after September 29"
"0406.20.53","after September 29"
"0406.30.81","after September 29"
"0406.30.91","after September 29"
"0406.30.95","after September 29"
"0406.40.40","after September 29"
"0406.40.54","after September 29"
"0406.40.70","after September 29"
"0406.90.08","after September 29"
"0406.90.12","after September 29"
"0406.90.18","after September 29"
"0406.90.42","after September 29"
"0406.90.48","after September 29"
"0406.90.56","after September 29"
"0406.90.59","after September 29"
"0406.90.78","after September 29"
"0406.90.88","after September 29"
"0406.90.95","after September 29"
"0406.90.97","after September 29"
"1518.00.40","after September 29"
"2208.30.6020","after September 29"
"2208.30.6040","after September 29"
"2208.30.6055","after September 29"
"2208.30.6065","after September 29"
"2208.30.6075","after September 29"
"2208.70.0030","after September 29"
"4101.50.10","after September 29"
"4101.90.10","after September 29"
"4107.11.50","after September 29"
"4301.60.60","after September 29"
"4302.19.30","after September 29"
"4302.19.45","after September 29"
"4302.19.60","after September 29"
"8903.31.00","after September 29"
"8903.32.00","after September 29"
"8903.93.20","after September 29"
"0402.10.05","after September 29"
"0402.10.10","after September 29"
"0402.10.50","after September 29"
"0402.21.02","after September 29"
"0402.21.05","after September 29"
"0402.21.25","after September 29"
"0402.21.27","after September 29"
"0402.21.30","after September 29"
"0402.21.50","after September 29"
"0402.21.73","after September 29"
"0402.21.75","after September 29"
"0402.21.90","after September 29"
"0402.91.03","after September 29"
"0402.91.06","after September 29"
"0402.99.68","after September 29"
"0404.90.10","after September 29"
"0404.90.28","after September 29"
"0404.90.30","after September 29"
"0404.90.50","after September 29"
"0404.90.70","after September 29"
"0506.90.00","after September 29"
"1210.20.00","after September 29"
"1301.90.91","after September 29"
"1702.11.00","after September 29"
"1702.19.00","after September 29"
"1702.30.28","after September 29"
"1702.40.28","after September 29"
"1702.60.28","after September 29"
"1702.90.58","after September 29"
"1702.90.68","after September 29"
"1901.20.35","after September 29"
"3301.24.00","after September 29"
"3501.10.10","after September 29"
"3501.10.50","after September 29"
"3501.90.20","after September 29"
"3501.90.60","after September 29"
"3502.20.00","after September 29"
"3504.00.50","after September 29"
"0409.00.00","after September 29"
"0505.10.00","after September 29"
"0506.10.00","after September 29"
"0507.90.00","after September 29"
"0510.00.40","after September 29"
"0511.99.20","after September 29"
"0511.99.33","after September 29"
"0511.99.36","after September 29"
"0511.99.40","after September 29"
"0601.10.15","after September 29"
"0601.10.30","after September 29"
"0601.10.45","after September 29"
"0601.10.60","after September 29"
"0601.10.90","after September 29"
"0601.20.10","after September 29"
"0602.10.00","after September 29"
"0602.90.20","after September 29"
"0602.90.50","after September 29"
"0603.11.00","after September 29"
"0603.13.00","after September 29"
"0603.14.00","after September 29"
"0603.15.00","after September 29"
"0603.19.01","after September 29"
"0603.90.00","after September 29"
"0604.90.10","after September 29"
"0604.90.30","after September 29"
"0604.90.60","after September 29"
"1209.10.00","after September 29"
"1209.22.20","after September 29"
"1209.29.10","after September 29"
"1209.30.00","after September 29"
"1209.91.40","after September 29"
"1209.91.80","after September 29"
"1209.99.20","after September 29"
"1209.99.41","after September 29"
"1210.10.00","after September 29"
"1211.90.20","after September 29"
"1211.90.40","after September 29"
"1211.90.89","after September 29"
"1211.90.93","after September 29"
"1212.21.00","after September 29"
"1212.92.00","after September 29"
"1212.99.92","after September 29"
"1301.20.00","after September 29"
"1301.90.40","after September 29"
"1302.13.00","after September 29"
"1302.19.41","after September 29"
"1302.19.91","after September 29"
"1302.20.00","after September 29"
"1302.31.00","after September 29"
"1302.32.00","after September 29"
"1302.39.00","after September 29"
"1401.10.00","after September 29"
"1401.90.20","after September 29"
"1401.90.40","after September 29"
"1404.20.00","after September 29"
"1404.90.40","after September 29"
"1404.90.90","after September 29"
"1901.20.25","after September 29"
"1901.20.60","after September 29"
"1901.20.70","after September 29"
"2208.90.05","after September 29"
"2208.90.80","after September 29"
"2905.43.00","after September 29"
"2905.44.00","after September 29"
"2905.45.00","after September 29"
"2940.00.20","after September 29"
"3208.90.00","after September 29"
"3214.90.50","after September 29"
"3215.19.90","after September 29"
"3301.12.00","after September 29"
"3301.13.00","after September 29"
"3301.19.51","after September 29"
"3301.25.00","after September 29"
"3301.29.10","after September 29"
"3301.29.20","after September 29"
"3301.29.51","after September 29"
"3301.30.00","after September 29"
"3301.90.10","after September 29"
"3301.90.50","after September 29"
"3302.10.10","after September 29"
"3302.10.20","after September 29"
"3302.10.40","after September 29"
"3302.10.50","after September 29"
"3302.10.90","after September 29"
"3303.00.30","after September 29"
"3304.10.00","after September 29"
"3304.20.00","after September 29"
"3304.30.00","after September 29"
"3305.90.00","after September 29"
"3406.00.00","after September 29"
"3502.11.00","after September 29"
"3502.90.00","after September 29"
"3503.00.40","after September 29"
"3503.00.55","after September 29"
"3504.00.10","after September 29"
"3505.10.00","after September 29"
"3505.20.00","after September 29"
"3811.21.00","after September 29"
"3823.11.00","after September 29"
"3823.12.00","after September 29"
"3823.13.00","after September 29"
"3823.19.20","after September 29"
"3823.19.40","after September 29"
"3823.70.40","after September 29"
"3823.70.60","after September 29"
"3824.60.00","after September 29"
"3824.99.39","after September 29"
"3824.99.55","after September 29"
"3824.99.93","after September 29"
"3907.70.00","after September 29"
"3907.99.50","after September 29"
"3918.10.10","after September 29"
"3919.10.20","after September 29"
"3919.90.50","after September 29"
"3920.20.00","after September 29"
"3921.19.00","after September 29"
"3921.90.50","after September 29"
"3923.10.90","after September 29"
"3923.21.00","after September 29"
"3923.30.00","after September 29"
"3923.50.00","after September 29"
"3924.10.20","after September 29"
"3924.10.40","after September 29"
"3924.90.56","after September 29"
"3926.10.00","after September 29"
"3926.30.10","after September 29"
"3926.30.50","after September 29"
"3926.40.00","after September 29"
"3926.90.99","after September 29"
"4016.93.50","after September 29"
"4016.99.15","after September 29"
"4016.99.35","after September 29"
"4101.20.10","after September 29"
"4101.20.20","after September 29"
"4101.50.20","after September 29"
"4101.90.50","after September 29"
"4103.20.30","after September 29"
"4201.00.30","after September 29"
"4201.00.60","after September 29"
"4202.12.21","after September 29"
"4202.12.81","after September 29"
"4202.12.89","after September 29"
"4202.92.15","after September 29"
"4202.92.31","after September 29"
"4202.92.50","after September 29"
"4202.92.97","after September 29"
"4202.99.10","after September 29"
"4202.99.90","after September 29"
"4203.29.40","after September 29"
"4203.30.00","after September 29"
"4205.00.80","after September 29"
"4301.90.00","after September 29"
"4303.10.00","after September 29"
"4401.12.00","after September 29"
"4402.90.01","after September 29"
"4407.99.02","after September 29"
"4408.10.01","after September 29"
"4409.10.40","after September 29"
"4409.10.50","after September 29"
"4409.10.90","after September 29"
"4409.29.91","after September 29"
"4410.19.00","after September 29"
"4411.13.20","after September 29"
"4411.13.90","after September 29"
"4411.14.20","after September 29"
"4411.14.30","after September 29"
"4411.14.90","after September 29"
"4412.10.05","after September 29"
"4412.10.90","after September 29"
"4412.31.06","after September 29"
"4412.31.26","after September 29"
"4412.31.42","after September 29"
"4412.31.45","after September 29"
"4412.31.48","after September 29"
"4412.31.52","after September 29"
"4412.31.61","after September 29"
"4412.31.92","after September 29"
"4412.33.06","after September 29"
"4412.33.26","after September 29"
"4412.33.32","after September 29"
"4412.33.57","after September 29"
"4412.34.26","after September 29"
"4412.34.32","after September 29"
"4412.34.57","after September 29"
"4412.39.10","after September 29"
"4412.39.30","after September 29"
"4412.39.40","after September 29"
"4412.39.50","after September 29"
"4412.41.00","after September 29"
"4412.42.00","after September 29"
"4412.49.00","after September 29"
"4412.51.10","after September 29"
"4412.51.31","after September 29"
"4412.52.10","after September 29"
"4412.52.31","after September 29"
"4412.52.51","after September 29"
"4412.91.06","after September 29"
"4412.91.31","after September 29"
"4412.91.41","after September 29"
"4412.91.51","after September 29"
"4412.92.07","after September 29"
"4412.92.11","after September 29"
"4412.92.31","after September 29"
"4412.92.42","after September 29"
"4412.92.52","after September 29"
"4412.99.58","after September 29"
"4412.99.61","after September 29"
"4412.99.81","after September 29"
"4412.99.91","after September 29"
"4412.99.97","after September 29"
"4414.90.00","after September 29"
"4418.21.80","after September 29"
"4418.29.80","after September 29"
"4420.19.00","after September 29"
"4421.99.70","after September 29"
"4421.99.94","after September 29"
"4421.99.98","after September 29"
"4702.00.00","after September 29"
"4802.55.10","after September 29"
"4810.29.10","after September 29"
"4810.92.12","after September 29"
"4811.51.20","after September 29"
"4811.51.40","after September 29"
"4813.10.00","after September 29"
"4814.20.00","after September 29"
"4817.10.00","after September 29"
"4818.30.00","after September 29"
"4819.10.00","after September 29"
"4819.40.00","after September 29"
"4819.50.40","after September 29"
"4820.10.20","after September 29"
"4820.30.00","after September 29"
"4821.90.40","after September 29"
"4823.69.00","after September 29"
"4823.70.00","after September 29"
"4823.90.10","after September 29"
"4823.90.67","after September 29"
"4823.90.86","after September 29"
"4908.90.00","after September 29"
"4911.91.40","after September 29"
"5002.00.00","after September 29"
"5003.00.90","after September 29"
"5101.11.60","after September 29"
"5103.20.00","after September 29"
"5201.00.05","after September 29"
"5201.00.80","after September 29"
"5202.10.00","after September 29"
"5202.91.00","after September 29"
"5202.99.50","after September 29"
"5407.52.20","after September 29"
"5511.10.00","after September 29"
"5512.19.00","after September 29"
"5603.12.00","after September 29"
"5603.13.00","after September 29"
"5603.14.90","after September 29"
"5603.92.00","after September 29"
"5603.94.90","after September 29"
"5607.50.40","after September 29"
"5703.39.20","after September 29"
"5806.32.20","after September 29"
"5903.90.25","after September 29"
"5903.90.30","after September 29"
"5907.00.60","after September 29"
"5911.90.00","after September 29"
"6006.31.00","after September 29"
"6006.32.00","after September 29"
"6006.33.00","after September 29"
"6104.43.20","after September 29"
"6104.63.20","after September 29"
"6109.10.00","after September 29"
"6110.20.20","after September 29"
"6110.30.30","after September 29"
"6116.93.88","after September 29"
"6201.40.55","after September 29"
"6201.40.60","after September 29"
"6202.40.10","after September 29"
"6202.40.55","after September 29"
"6202.40.60","after September 29"
"6203.11.90","after September 29"
"6203.31.50","after September 29"
"6203.31.90","after September 29"
"6203.41.60","after September 29"
"6204.43.40","after September 29"
"6204.49.10","after September 29"
"6210.20.50","after September 29"
"6210.40.55","after September 29"
"6210.50.55","after September 29"
"6211.32.90","after September 29"
"6211.33.90","after September 29"
"6211.43.10","after September 29"
"6303.92.20","after September 29"
"6305.33.00","after September 29"
"6306.12.00","after September 29"
"6306.19.21","after September 29"
"6307.90.98","after September 29"
"6403.91.90","after September 29"
"6505.00.60","after September 29"
"6506.10.60","after September 29"
"6704.19.00","after September 29"
"6809.11.00","after September 29"
"6810.99.00","after September 29"
"7010.90.50","after September 29"
"7013.99.90","after September 29"
"7102.39.00","after September 29"
"7106.92.10","after September 29"
"7113.11.50","after September 29"
"7113.19.29","after September 29"
"7113.19.50","after September 29"
"7117.19.90","after September 29"
"7118.10.00","after September 29"
"7203.10.00","after September 29"
"8113.00.00","after September 29"
"8201.30.00","after September 29"
"8202.31.00","after September 29"
"8202.40.60","after September 29"
"8203.20.60","after September 29"
"8203.30.00","after September 29"
"8204.11.00","after September 29"
"8204.12.00","after September 29"
"8204.20.00","after September 29"
"8205.20.30","after September 29"
"8205.59.80","after September 29"
"8206.00.00","after September 29"
"8209.00.00","after September 29"
"8212.10.00","after September 29"
"8301.60.00","after September 29"
"8303.00.00","after September 29"
"8306.29.00","after September 29"
"8410.11.00","after September 29"
"8414.80.05","after September 29"
"8418.50.00","after September 29"
"8418.69.01","after September 29"
"8419.40.00","after September 29"
"8419.89.95","after September 29"
"8421.99.01","after September 29"
"8422.30.91","after September 29"
"8422.40.91","after September 29"
"8422.90.91","after September 29"
"8424.30.10","after September 29"
"8424.30.90","after September 29"
"8426.41.00","after September 29"
"8433.60.00","after September 29"
"8438.40.00","after September 29"
"8440.10.00","after September 29"
"8442.50.10","after September 29"
"8443.91.30","after September 29"
"8479.82.00","after September 29"
"8508.19.00","after September 29"
"8517.13.00","after September 29"
"8517.61.00","after September 29"
"8517.62.00","after September 29"
"8517.79.00","after September 29"
"8521.90.00","after September 29"
"8523.49.40","after September 29"
"8523.49.50","after September 29"
"8523.51.00","after September 29"
"8523.52.00","after September 29"
"8525.50.30","after September 29"
"8525.50.70","after September 29"
"8525.81.00","after September 29"
"8525.89.20","after September 29"
"8525.89.30","after September 29"
"8525.89.40","after September 29"
"8525.89.50","after September 29"
"8526.10.00","after September 29"
"8526.91.00","after September 29"
"8526.92.50","after September 29"
"8528.52.00","after September 29"
"8528.59.33","after September 29"
"8528.62.00","after September 29"
"8528.69.45","after September 29"
"8529.10.40","after September 29"
"8529.10.91","after September 29"
"8529.90.13","after September 29"
"8529.90.16","after September 29"
"8529.90.21","after September 29"
"8529.90.81","after September 29"
"8529.90.87","after September 29"
"8534.00.00","after September 29"
"8543.70.98","after September 29"
"8544.49.30","after September 29"
"8544.70.00","after September 29"
"8711.50.00","after September 29"
"8905.90.10","after September 29"
"8906.90.00","after September 29"
"8907.90.00","after September 29"
"9031.49.90","after September 29"
"9401.39.00","after September 29"
"9401.69.60","after September 29"
"9401.71.00","after September 29"
"9401.79.00","after September 29"
"9401.91.90","after September 29"
"9401.99.10","after September 29"
"9403.20.00","after September 29"
"9403.50.90","after September 29"
"9403.60.80","after September 29"
"9403.70.80","after September 29"
"9403.99.10","after September 29"
"9403.99.20","after September 29"
"9403.99.30","after September 29"
"9403.99.40","after September 29"
"9403.99.50","after September 29"
"9405.11.60","after September 29"
"9405.11.80","after September 29"
"9405.42.60","after September 29"
"9405.42.84","after September 29"
"9405.99.40","after September 29"
"9503.00.00","after September 29"
"9504.30.00","after September 29"
"9504.50.00","after September 29"
"9504.90.40","after September 29"
"9505.10.25","after September 29"
"9505.90.60","after September 29"
"9506.39.00","after September 29"
"9506.70.40","after September 29"
"9506.70.60","after September 29"
"9506.91.00","after September 29"
"9506.99.55","after September 29"
"9506.99.60","after September 29"
"9701.21.00","after September 29"
"9701.91.00","after September 29"
"9701.99.00","after September 29"
"9702.90.00","after September 29"
"9703.10.00","after September 29"
"9703.90.00","after September 29"
"9704.00.00","after September 29"
"9705.10.00","after September 29"
"9705.29.00","after September 29"
"9705.39.00","after September 29"
"9706.90.00","after September 29"
"0406.90.99","after September 29"
"4802.61.10","after September 29"
"4802.61.20","after September 29"
"4802.61.60","after September 29"
"4802.62.10","after September 29"
"4802.62.20","after September 29"
"4802.62.30","after September 29"
"4802.62.61","after September 29"
"4802.69.10","after September 29"
"4802.69.20","after September 29"
"4802.69.30","after September 29"
"4818.90.0020","after September 29"
"7308.90.30","after September 29"
"7308.90.60","after September 29"
"7308.90.95","after September 29"
"7604.10.10","after September 29"
"7604.10.30","after September 29"
"7604.10.50","after September 29"
"7604.21.00","after September 29"
"7604.29.10","after September 29"
"7604.29.30","after September 29"
"7604.29.50","after September 29"
"7608.10.00","after September 29"
"7608.20.00","after September 29"
"8307.10.30","after September 29"
"8307.90.30","after September 29"
"8308.10.00","after September 29"
"8308.20.30","after September 29"
"8308.20.60","after September 29"
"8308.90.30","after September 29"
"8308.90.60","after September 29"
"8308.90.90","after September 29"
"8309.10.00","after September 29"
"8310.00.00","after September 29"
"8311.10.00","after September 29"
"8311.20.00","after September 29"
"8311.30.30","after September 29"
"8311.30.60","after September 29"
"8537.10.9130","after September 29"
"8537.10.9150","after September 29"
"8537.10.9160","after September 29"
"8537.10.9170","after September 29"
"8703.10.50","after September 29"
"8703.21.01","after September 29"
"8903.99.21","after September 29"
"9401.41.00","after September 29"
"9401.49.00","after September 29"
"9401.52.00","after September 29"
"9401.53.00","after September 29"
"9401.59.00","after September 29"
"9401.61.20","after September 29"
"9401.69.20","after September 29"
"9401.69.40","after September 29"
"9401.69.80","after September 29"
"9401.80.20","after September 29"
"9401.80.40","after September 29"
"9401.80.60","after September 29"
"9401.91.15","after September 29"
"9401.91.20","after September 29"
"9401.99.25","after September 29"
"9401.99.35","after September 29"
"9401.99.90","after September 29"
"9403.30.40","after September 29"
"9403.40.40","after September 29"
"9403.40.60","after September 29"
"9403.60.40","after September 29"
"9403.70.40","after September 29"
"9403.82.00","after September 29"
"9403.83.00","after September 29"
"9403.89.30","after September 29"
"9403.89.60","after September 29"
"9404.10.00","after September 29"
"9404.21.00","after September 29"
"9404.29.10","after September 29"
"9404.29.90","after September 29"
"9405.21.40","after September 29"
"9405.21.60","after September 29"
"9405.21.80","after September 29"
"9405.29.40","after September 29"
"9405.29.60","after September 29"
"9405.29.80","after September 29"
"9507.10.0040","after September 29"
"2208.30.60","after September 29"
"2208.70.00","after September 29"
"0404.10.05","after September 29"
"0404.10.08","after September 29"
"0404.10.11","after September 29"
"0404.10.15","after September 29"
"0404.10.20","after September 29"
"0404.10.48","after September 29"
"0404.10.50","after September 29"
"0404.10.90","after September 29"
"1702.90.35","after September 29"
"1703.10.30","after September 29"
"1703.10.50","after September 29"
"1703.90.30","after September 29"
"1703.90.50","after September 29"
"2202.91.00","after September 29"
"2501.00.00","after September 29"
"2523.29.00","after September 29"
"2940.00.60","after September 29"
"4803.00.40","after September 29"
"4818.90.00","after September 29"
"7801.10.00","after September 29"
"8537.10.91","after September 29"
"9507.10.00","after September 29"
"2203.00.00","Section 338 - Tariffed"
"2204.10.00","Section 338 - Tariffed"
"2204.21.20","Section 338 - Tariffed"
"2204.21.30","Section 338 - Tariffed"
"2204.21.50","Section 338 - Tariffed"
"2204.21.60","Section 338 - Tariffed"
"2204.21.80","Section 338 - Tariffed"
"2204.22.20","Section 338 - Tariffed"
"2204.22.40","Section 338 - Tariffed"
"2204.22.60","Section 338 - Tariffed"
"2204.22.80","Section 338 - Tariffed"
"2204.29.61","Section 338 - Tariffed"
"2204.29.81","Section 338 - Tariffed"
"2205.10.30","Section 338 - Tariffed"
"2206.00.15","Section 338 - Tariffed"
"2206.00.30","Section 338 - Tariffed"
"2206.00.45","Section 338 - Tariffed"
"2206.00.60","Section 338 - Tariffed"
"2206.00.90","Section 338 - Tariffed"
"2207.10.30","Section 338 - Tariffed"
"2208.20.10","Section 338 - Tariffed"
"2208.20.20","Section 338 - Tariffed"
"2208.20.30","Section 338 - Tariffed"
"2208.20.40","Section 338 - Tariffed"
"2208.20.50","Section 338 - Tariffed"
"2208.20.60","Section 338 - Tariffed"
"2208.30.30","Section 338 - Tariffed"
"2208.40.20","Section 338 - Tariffed"
"2208.40.40","Section 338 - Tariffed"
"2208.40.60","Section 338 - Tariffed"
"2208.40.80","Section 338 - Tariffed"
"2208.50.00","Section 338 - Tariffed"
"2208.60.10","Section 338 - Tariffed"
"2208.60.20","Section 338 - Tariffed"
"2208.60.50","Section 338 - Tariffed"
"2208.90.10","Section 338 - Tariffed"
"2208.90.12","Section 338 - Tariffed"
"2208.90.14","Section 338 - Tariffed"
"2208.90.15","Section 338 - Tariffed"
"2208.90.20","Section 338 - Tariffed"
"2208.90.25","Section 338 - Tariffed"
"2208.90.30","Section 338 - Tariffed"
"2208.90.35","Section 338 - Tariffed"
"2208.90.40","Section 338 - Tariffed"
"2208.90.50","Section 338 - Tariffed"
"2208.90.72","Section 338 - Tariffed"
"2208.90.75","Section 338 - Tariffed"
"3301.19.10","Section 338 - Tariffed"
"4413.00.00","Section 338 - Tariffed"
"4419.90.91","Section 338 - Tariffed"
"4420.90.80","Section 338 - Tariffed"
"4421.91.60","Section 338 - Tariffed"
"4421.91.70","Section 338 - Tariffed"
"4602.19.80","Section 338 - Tariffed"
"4804.11.00","Section 338 - Tariffed"
"4806.20.00","Section 338 - Tariffed"
"4810.13.19","Section 338 - Tariffed"
"4811.59.60","Section 338 - Tariffed"
"4811.90.80","Section 338 - Tariffed"
"4811.90.90","Section 338 - Tariffed"
"9506.99.25","Section 338 - Tariffed"
"0406.10.64","Section 338 - Tariffed"
"0406.10.84","Section 338 - Tariffed"
"0406.10.88","Section 338 - Tariffed"
"0406.10.95","Section 338 - Tariffed"
"0406.20.33","Section 338 - Tariffed"
"0406.20.53","Section 338 - Tariffed"
"0406.30.81","Section 338 - Tariffed"
"0406.30.91","Section 338 - Tariffed"
"0406.30.95","Section 338 - Tariffed"
"0406.40.40","Section 338 - Tariffed"
"0406.40.54","Section 338 - Tariffed"
"0406.40.70","Section 338 - Tariffed"
"0406.90.08","Section 338 - Tariffed"
"0406.90.12","Section 338 - Tariffed"
"0406.90.18","Section 338 - Tariffed"
"0406.90.42","Section 338 - Tariffed"
"0406.90.48","Section 338 - Tariffed"
"0406.90.56","Section 338 - Tariffed"
"0406.90.59","Section 338 - Tariffed"
"0406.90.78","Section 338 - Tariffed"
"0406.90.88","Section 338 - Tariffed"
"0406.90.95","Section 338 - Tariffed"
"0406.90.97","Section 338 - Tariffed"
"1518.00.40","Section 338 - Tariffed"
"2208.30.6020","Section 338 - Tariffed"
"2208.30.6040","Section 338 - Tariffed"
"2208.30.6055","Section 338 - Tariffed"
"2208.30.6065","Section 338 - Tariffed"
"2208.30.6075","Section 338 - Tariffed"
"2208.70.0030","Section 338 - Tariffed"
"4101.50.10","Section 338 - Tariffed"
"4101.90.10","Section 338 - Tariffed"
"4107.11.50","Section 338 - Tariffed"
"4301.60.60","Section 338 - Tariffed"
"4302.19.30","Section 338 - Tariffed"
"4302.19.45","Section 338 - Tariffed"
"4302.19.60","Section 338 - Tariffed"
"8903.31.00","Section 338 - Tariffed"
"8903.32.00","Section 338 - Tariffed"
"8903.93.20","Section 338 - Tariffed"
"0402.10.05","Section 338 - Tariffed"
"0402.10.10","Section 338 - Tariffed"
"0402.10.50","Section 338 - Tariffed"
"0402.21.02","Section 338 - Tariffed"
"0402.21.05","Section 338 - Tariffed"
"0402.21.25","Section 338 - Tariffed"
"0402.21.27","Section 338 - Tariffed"
"0402.21.30","Section 338 - Tariffed"
"0402.21.50","Section 338 - Tariffed"
"0402.21.73","Section 338 - Tariffed"
"0402.21.75","Section 338 - Tariffed"
"0402.21.90","Section 338 - Tariffed"
"0402.91.03","Section 338 - Tariffed"
"0402.91.06","Section 338 - Tariffed"
"0402.99.68","Section 338 - Tariffed"
"0404.90.10","Section 338 - Tariffed"
"0404.90.28","Section 338 - Tariffed"
"0404.90.30","Section 338 - Tariffed"
"0404.90.50","Section 338 - Tariffed"
"0404.90.70","Section 338 - Tariffed"
"0506.90.00","Section 338 - Tariffed"
"1210.20.00","Section 338 - Tariffed"
"1301.90.91","Section 338 - Tariffed"
"1702.11.00","Section 338 - Tariffed"
"1702.19.00","Section 338 - Tariffed"
"1702.30.28","Section 338 - Tariffed"
"1702.40.28","Section 338 - Tariffed"
"1702.60.28","Section 338 - Tariffed"
"1702.90.58","Section 338 - Tariffed"
"1702.90.68","Section 338 - Tariffed"
"1901.20.35","Section 338 - Tariffed"
"3301.24.00","Section 338 - Tariffed"
"3501.10.10","Section 338 - Tariffed"
"3501.10.50","Section 338 - Tariffed"
"3501.90.20","Section 338 - Tariffed"
"3501.90.60","Section 338 - Tariffed"
"3502.20.00","Section 338 - Tariffed"
"3504.00.50","Section 338 - Tariffed"
"0409.00.00","Section 338 - Tariffed"
"0505.10.00","Section 338 - Tariffed"
"0506.10.00","Section 338 - Tariffed"
"0507.90.00","Section 338 - Tariffed"
"0510.00.40","Section 338 - Tariffed"
"0511.99.20","Section 338 - Tariffed"
"0511.99.33","Section 338 - Tariffed"
"0511.99.36","Section 338 - Tariffed"
"0511.99.40","Section 338 - Tariffed"
"0601.10.15","Section 338 - Tariffed"
"0601.10.30","Section 338 - Tariffed"
"0601.10.45","Section 338 - Tariffed"
"0601.10.60","Section 338 - Tariffed"
"0601.10.90","Section 338 - Tariffed"
"0601.20.10","Section 338 - Tariffed"
"0602.10.00","Section 338 - Tariffed"
"0602.90.20","Section 338 - Tariffed"
"0602.90.50","Section 338 - Tariffed"
"0603.11.00","Section 338 - Tariffed"
"0603.13.00","Section 338 - Tariffed"
"0603.14.00","Section 338 - Tariffed"
"0603.15.00","Section 338 - Tariffed"
"0603.19.01","Section 338 - Tariffed"
"0603.90.00","Section 338 - Tariffed"
"0604.90.10","Section 338 - Tariffed"
"0604.90.30","Section 338 - Tariffed"
"0604.90.60","Section 338 - Tariffed"
"1209.10.00","Section 338 - Tariffed"
"1209.22.20","Section 338 - Tariffed"
"1209.29.10","Section 338 - Tariffed"
"1209.30.00","Section 338 - Tariffed"
"1209.91.40","Section 338 - Tariffed"
"1209.91.80","Section 338 - Tariffed"
"1209.99.20","Section 338 - Tariffed"
"1209.99.41","Section 338 - Tariffed"
"1210.10.00","Section 338 - Tariffed"
"1211.90.20","Section 338 - Tariffed"
"1211.90.40","Section 338 - Tariffed"
"1211.90.89","Section 338 - Tariffed"
"1211.90.93","Section 338 - Tariffed"
"1212.21.00","Section 338 - Tariffed"
"1212.92.00","Section 338 - Tariffed"
"1212.99.92","Section 338 - Tariffed"
"1301.20.00","Section 338 - Tariffed"
"1301.90.40","Section 338 - Tariffed"
"1302.13.00","Section 338 - Tariffed"
"1302.19.41","Section 338 - Tariffed"
"1302.19.91","Section 338 - Tariffed"
"1302.20.00","Section 338 - Tariffed"
"1302.31.00","Section 338 - Tariffed"
"1302.32.00","Section 338 - Tariffed"
"1302.39.00","Section 338 - Tariffed"
"1401.10.00","Section 338 - Tariffed"
"1401.90.20","Section 338 - Tariffed"
"1401.90.40","Section 338 - Tariffed"
"1404.20.00","Section 338 - Tariffed"
"1404.90.40","Section 338 - Tariffed"
"1404.90.90","Section 338 - Tariffed"
"1901.20.25","Section 338 - Tariffed"
"1901.20.60","Section 338 - Tariffed"
"1901.20.70","Section 338 - Tariffed"
"2208.90.05","Section 338 - Tariffed"
"2208.90.80","Section 338 - Tariffed"
"2905.43.00","Section 338 - Tariffed"
"2905.44.00","Section 338 - Tariffed"
"2905.45.00","Section 338 - Tariffed"
"2940.00.20","Section 338 - Tariffed"
"3208.90.00","Section 338 - Tariffed"
"3214.90.50","Section 338 - Tariffed"
"3215.19.90","Section 338 - Tariffed"
"3301.12.00","Section 338 - Tariffed"
"3301.13.00","Section 338 - Tariffed"
"3301.19.51","Section 338 - Tariffed"
"3301.25.00","Section 338 - Tariffed"
"3301.29.10","Section 338 - Tariffed"
"3301.29.20","Section 338 - Tariffed"
"3301.29.51","Section 338 - Tariffed"
"3301.30.00","Section 338 - Tariffed"
"3301.90.10","Section 338 - Tariffed"
"3301.90.50","Section 338 - Tariffed"
"3302.10.10","Section 338 - Tariffed"
"3302.10.20","Section 338 - Tariffed"
"3302.10.40","Section 338 - Tariffed"
"3302.10.50","Section 338 - Tariffed"
"3302.10.90","Section 338 - Tariffed"
"3303.00.30","Section 338 - Tariffed"
"3304.10.00","Section 338 - Tariffed"
"3304.20.00","Section 338 - Tariffed"
"3304.30.00","Section 338 - Tariffed"
"3305.90.00","Section 338 - Tariffed"
"3406.00.00","Section 338 - Tariffed"
"3502.11.00","Section 338 - Tariffed"
"3502.90.00","Section 338 - Tariffed"
"3503.00.40","Section 338 - Tariffed"
"3503.00.55","Section 338 - Tariffed"
"3504.00.10","Section 338 - Tariffed"
"3505.10.00","Section 338 - Tariffed"
"3505.20.00","Section 338 - Tariffed"
"3811.21.00","Section 338 - Tariffed"
"3823.11.00","Section 338 - Tariffed"
"3823.12.00","Section 338 - Tariffed"
"3823.13.00","Section 338 - Tariffed"
"3823.19.20","Section 338 - Tariffed"
"3823.19.40","Section 338 - Tariffed"
"3823.70.40","Section 338 - Tariffed"
"3823.70.60","Section 338 - Tariffed"
"3824.60.00","Section 338 - Tariffed"
"3824.99.39","Section 338 - Tariffed"
"3824.99.55","Section 338 - Tariffed"
"3824.99.93","Section 338 - Tariffed"
"3907.70.00","Section 338 - Tariffed"
"3907.99.50","Section 338 - Tariffed"
"3918.10.10","Section 338 - Tariffed"
"3919.10.20","Section 338 - Tariffed"
"3919.90.50","Section 338 - Tariffed"
"3920.20.00","Section 338 - Tariffed"
"3921.19.00","Section 338 - Tariffed"
"3921.90.50","Section 338 - Tariffed"
"3923.10.90","Section 338 - Tariffed"
"3923.21.00","Section 338 - Tariffed"
"3923.30.00","Section 338 - Tariffed"
"3923.50.00","Section 338 - Tariffed"
"3924.10.20","Section 338 - Tariffed"
"3924.10.40","Section 338 - Tariffed"
"3924.90.56","Section 338 - Tariffed"
"3926.10.00","Section 338 - Tariffed"
"3926.30.10","Section 338 - Tariffed"
"3926.30.50","Section 338 - Tariffed"
"3926.40.00","Section 338 - Tariffed"
"3926.90.99","Section 338 - Tariffed"
"4016.93.50","Section 338 - Tariffed"
"4016.99.15","Section 338 - Tariffed"
"4016.99.35","Section 338 - Tariffed"
"4101.20.10","Section 338 - Tariffed"
"4101.20.20","Section 338 - Tariffed"
"4101.50.20","Section 338 - Tariffed"
"4101.90.50","Section 338 - Tariffed"
"4103.20.30","Section 338 - Tariffed"
"4201.00.30","Section 338 - Tariffed"
"4201.00.60","Section 338 - Tariffed"
"4202.12.21","Section 338 - Tariffed"
"4202.12.81","Section 338 - Tariffed"
"4202.12.89","Section 338 - Tariffed"
"4202.92.15","Section 338 - Tariffed"
"4202.92.31","Section 338 - Tariffed"
"4202.92.50","Section 338 - Tariffed"
"4202.92.97","Section 338 - Tariffed"
"4202.99.10","Section 338 - Tariffed"
"4202.99.90","Section 338 - Tariffed"
"4203.29.40","Section 338 - Tariffed"
"4203.30.00","Section 338 - Tariffed"
"4205.00.80","Section 338 - Tariffed"
"4301.90.00","Section 338 - Tariffed"
"4303.10.00","Section 338 - Tariffed"
"4401.12.00","Section 338 - Tariffed"
"4402.90.01","Section 338 - Tariffed"
"4407.99.02","Section 338 - Tariffed"
"4408.10.01","Section 338 - Tariffed"
"4409.10.40","Section 338 - Tariffed"
"4409.10.50","Section 338 - Tariffed"
"4409.10.90","Section 338 - Tariffed"
"4409.29.91","Section 338 - Tariffed"
"4410.19.00","Section 338 - Tariffed"
"4411.13.20","Section 338 - Tariffed"
"4411.13.90","Section 338 - Tariffed"
"4411.14.20","Section 338 - Tariffed"
"4411.14.30","Section 338 - Tariffed"
"4411.14.90","Section 338 - Tariffed"
"4412.10.05","Section 338 - Tariffed"
"4412.10.90","Section 338 - Tariffed"
"4412.31.06","Section 338 - Tariffed"
"4412.31.26","Section 338 - Tariffed"
"4412.31.42","Section 338 - Tariffed"
"4412.31.45","Section 338 - Tariffed"
"4412.31.48","Section 338 - Tariffed"
"4412.31.52","Section 338 - Tariffed"
"4412.31.61","Section 338 - Tariffed"
"4412.31.92","Section 338 - Tariffed"
"4412.33.06","Section 338 - Tariffed"
"4412.33.26","Section 338 - Tariffed"
"4412.33.32","Section 338 - Tariffed"
"4412.33.57","Section 338 - Tariffed"
"4412.34.26","Section 338 - Tariffed"
"4412.34.32","Section 338 - Tariffed"
"4412.34.57","Section 338 - Tariffed"
"4412.39.10","Section 338 - Tariffed"
"4412.39.30","Section 338 - Tariffed"
"4412.39.40","Section 338 - Tariffed"
"4412.39.50","Section 338 - Tariffed"
"4412.41.00","Section 338 - Tariffed"
"4412.42.00","Section 338 - Tariffed"
"4412.49.00","Section 338 - Tariffed"
"4412.51.10","Section 338 - Tariffed"
"4412.51.31","Section 338 - Tariffed"
"4412.52.10","Section 338 - Tariffed"
"4412.52.31","Section 338 - Tariffed"
"4412.52.51","Section 338 - Tariffed"
"4412.91.06","Section 338 - Tariffed"
"4412.91.31","Section 338 - Tariffed"
"4412.91.41","Section 338 - Tariffed"
"4412.91.51","Section 338 - Tariffed"
"4412.92.07","Section 338 - Tariffed"
"4412.92.11","Section 338 - Tariffed"
"4412.92.31","Section 338 - Tariffed"
"4412.92.42","Section 338 - Tariffed"
"4412.92.52","Section 338 - Tariffed"
"4412.99.58","Section 338 - Tariffed"
"4412.99.61","Section 338 - Tariffed"
"4412.99.81","Section 338 - Tariffed"
"4412.99.91","Section 338 - Tariffed"
"4412.99.97","Section 338 - Tariffed"
"4414.90.00","Section 338 - Tariffed"
"4418.21.80","Section 338 - Tariffed"
"4418.29.80","Section 338 - Tariffed"
"4420.19.00","Section 338 - Tariffed"
"4421.99.70","Section 338 - Tariffed"
"4421.99.94","Section 338 - Tariffed"
"4421.99.98","Section 338 - Tariffed"
"4702.00.00","Section 338 - Tariffed"
"4802.55.10","Section 338 - Tariffed"
"4810.29.10","Section 338 - Tariffed"
"4810.92.12","Section 338 - Tariffed"
"4811.51.20","Section 338 - Tariffed"
"4811.51.40","Section 338 - Tariffed"
"4813.10.00","Section 338 - Tariffed"
"4814.20.00","Section 338 - Tariffed"
"4817.10.00","Section 338 - Tariffed"
"4818.30.00","Section 338 - Tariffed"
"4819.10.00","Section 338 - Tariffed"
"4819.40.00","Section 338 - Tariffed"
"4819.50.40","Section 338 - Tariffed"
"4820.10.20","Section 338 - Tariffed"
"4820.30.00","Section 338 - Tariffed"
"4821.90.40","Section 338 - Tariffed"
"4823.69.00","Section 338 - Tariffed"
"4823.70.00","Section 338 - Tariffed"
"4823.90.10","Section 338 - Tariffed"
"4823.90.67","Section 338 - Tariffed"
"4823.90.86","Section 338 - Tariffed"
"4908.90.00","Section 338 - Tariffed"
"4911.91.40","Section 338 - Tariffed"
"5002.00.00","Section 338 - Tariffed"
"5003.00.90","Section 338 - Tariffed"
"5101.11.60","Section 338 - Tariffed"
"5103.20.00","Section 338 - Tariffed"
"5201.00.05","Section 338 - Tariffed"
"5201.00.80","Section 338 - Tariffed"
"5202.10.00","Section 338 - Tariffed"
"5202.91.00","Section 338 - Tariffed"
"5202.99.50","Section 338 - Tariffed"
"5407.52.20","Section 338 - Tariffed"
"5511.10.00","Section 338 - Tariffed"
"5512.19.00","Section 338 - Tariffed"
"5603.12.00","Section 338 - Tariffed"
"5603.13.00","Section 338 - Tariffed"
"5603.14.90","Section 338 - Tariffed"
"5603.92.00","Section 338 - Tariffed"
"5603.94.90","Section 338 - Tariffed"
"5607.50.40","Section 338 - Tariffed"
"5703.39.20","Section 338 - Tariffed"
"5806.32.20","Section 338 - Tariffed"
"5903.90.25","Section 338 - Tariffed"
"5903.90.30","Section 338 - Tariffed"
"5907.00.60","Section 338 - Tariffed"
"5911.90.00","Section 338 - Tariffed"
"6006.31.00","Section 338 - Tariffed"
"6006.32.00","Section 338 - Tariffed"
"6006.33.00","Section 338 - Tariffed"
"6104.43.20","Section 338 - Tariffed"
"6104.63.20","Section 338 - Tariffed"
"6109.10.00","Section 338 - Tariffed"
"6110.20.20","Section 338 - Tariffed"
"6110.30.30","Section 338 - Tariffed"
"6116.93.88","Section 338 - Tariffed"
"6201.40.55","Section 338 - Tariffed"
"6201.40.60","Section 338 - Tariffed"
"6202.40.10","Section 338 - Tariffed"
"6202.40.55","Section 338 - Tariffed"
"6202.40.60","Section 338 - Tariffed"
"6203.11.90","Section 338 - Tariffed"
"6203.31.50","Section 338 - Tariffed"
"6203.31.90","Section 338 - Tariffed"
"6203.41.60","Section 338 - Tariffed"
"6204.43.40","Section 338 - Tariffed"
"6204.49.10","Section 338 - Tariffed"
"6210.20.50","Section 338 - Tariffed"
"6210.40.55","Section 338 - Tariffed"
"6210.50.55","Section 338 - Tariffed"
"6211.32.90","Section 338 - Tariffed"
"6211.33.90","Section 338 - Tariffed"
"6211.43.10","Section 338 - Tariffed"
"6303.92.20","Section 338 - Tariffed"
"6305.33.00","Section 338 - Tariffed"
"6306.12.00","Section 338 - Tariffed"
"6306.19.21","Section 338 - Tariffed"
"6307.90.98","Section 338 - Tariffed"
"6403.91.90","Section 338 - Tariffed"
"6505.00.60","Section 338 - Tariffed"
"6506.10.60","Section 338 - Tariffed"
"6704.19.00","Section 338 - Tariffed"
"6809.11.00","Section 338 - Tariffed"
"6810.99.00","Section 338 - Tariffed"
"7010.90.50","Section 338 - Tariffed"
"7013.99.90","Section 338 - Tariffed"
"7102.39.00","Section 338 - Tariffed"
"7106.92.10","Section 338 - Tariffed"
"7113.11.50","Section 338 - Tariffed"
"7113.19.29","Section 338 - Tariffed"
"7113.19.50","Section 338 - Tariffed"
"7117.19.90","Section 338 - Tariffed"
"7118.10.00","Section 338 - Tariffed"
"7203.10.00","Section 338 - Tariffed"
"8113.00.00","Section 338 - Tariffed"
"8201.30.00","Section 338 - Tariffed"
"8202.31.00","Section 338 - Tariffed"
"8202.40.60","Section 338 - Tariffed"
"8203.20.60","Section 338 - Tariffed"
"8203.30.00","Section 338 - Tariffed"
"8204.11.00","Section 338 - Tariffed"
"8204.12.00","Section 338 - Tariffed"
"8204.20.00","Section 338 - Tariffed"
"8205.20.30","Section 338 - Tariffed"
"8205.59.80","Section 338 - Tariffed"
"8206.00.00","Section 338 - Tariffed"
"8209.00.00","Section 338 - Tariffed"
"8212.10.00","Section 338 - Tariffed"
"8301.60.00","Section 338 - Tariffed"
"8303.00.00","Section 338 - Tariffed"
"8306.29.00","Section 338 - Tariffed"
"8410.11.00","Section 338 - Tariffed"
"8414.80.05","Section 338 - Tariffed"
"8418.50.00","Section 338 - Tariffed"
"8418.69.01","Section 338 - Tariffed"
"8419.40.00","Section 338 - Tariffed"
"8419.89.95","Section 338 - Tariffed"
"8421.99.01","Section 338 - Tariffed"
"8422.30.91","Section 338 - Tariffed"
"8422.40.91","Section 338 - Tariffed"
"8422.90.91","Section 338 - Tariffed"
"8424.30.10","Section 338 - Tariffed"
"8424.30.90","Section 338 - Tariffed"
"8426.41.00","Section 338 - Tariffed"
"8433.60.00","Section 338 - Tariffed"
"8438.40.00","Section 338 - Tariffed"
"8440.10.00","Section 338 - Tariffed"
"8442.50.10","Section 338 - Tariffed"
"8443.91.30","Section 338 - Tariffed"
"8479.82.00","Section 338 - Tariffed"
"8508.19.00","Section 338 - Tariffed"
"8517.13.00","Section 338 - Tariffed"
"8517.61.00","Section 338 - Tariffed"
"8517.62.00","Section 338 - Tariffed"
"8517.79.00","Section 338 - Tariffed"
"8521.90.00","Section 338 - Tariffed"
"8523.49.40","Section 338 - Tariffed"
"8523.49.50","Section 338 - Tariffed"
"8523.51.00","Section 338 - Tariffed"
"8523.52.00","Section 338 - Tariffed"
"8525.50.30","Section 338 - Tariffed"
"8525.50.70","Section 338 - Tariffed"
"8525.81.00","Section 338 - Tariffed"
"8525.89.20","Section 338 - Tariffed"
"8525.89.30","Section 338 - Tariffed"
"8525.89.40","Section 338 - Tariffed"
"8525.89.50","Section 338 - Tariffed"
"8526.10.00","Section 338 - Tariffed"
"8526.91.00","Section 338 - Tariffed"
"8526.92.50","Section 338 - Tariffed"
"8528.52.00","Section 338 - Tariffed"
"8528.59.33","Section 338 - Tariffed"
"8528.62.00","Section 338 - Tariffed"
"8528.69.45","Section 338 - Tariffed"
"8529.10.40","Section 338 - Tariffed"
"8529.10.91","Section 338 - Tariffed"
"8529.90.13","Section 338 - Tariffed"
"8529.90.16","Section 338 - Tariffed"
"8529.90.21","Section 338 - Tariffed"
"8529.90.81","Section 338 - Tariffed"
"8529.90.87","Section 338 - Tariffed"
"8534.00.00","Section 338 - Tariffed"
"8543.70.98","Section 338 - Tariffed"
"8544.49.30","Section 338 - Tariffed"
"8544.70.00","Section 338 - Tariffed"
"8711.50.00","Section 338 - Tariffed"
"8905.90.10","Section 338 - Tariffed"
"8906.90.00","Section 338 - Tariffed"
"8907.90.00","Section 338 - Tariffed"
"9031.49.90","Section 338 - Tariffed"
"9401.39.00","Section 338 - Tariffed"
"9401.69.60","Section 338 - Tariffed"
"9401.71.00","Section 338 - Tariffed"
"9401.79.00","Section 338 - Tariffed"
"9401.91.90","Section 338 - Tariffed"
"9401.99.10","Section 338 - Tariffed"
"9403.20.00","Section 338 - Tariffed"
"9403.50.90","Section 338 - Tariffed"
"9403.60.80","Section 338 - Tariffed"
"9403.70.80","Section 338 - Tariffed"
"9403.99.10","Section 338 - Tariffed"
"9403.99.20","Section 338 - Tariffed"
"9403.99.30","Section 338 - Tariffed"
"9403.99.40","Section 338 - Tariffed"
"9403.99.50","Section 338 - Tariffed"
"9405.11.60","Section 338 - Tariffed"
"9405.11.80","Section 338 - Tariffed"
"9405.42.60","Section 338 - Tariffed"
"9405.42.84","Section 338 - Tariffed"
"9405.99.40","Section 338 - Tariffed"
"9503.00.00","Section 338 - Tariffed"
"9504.30.00","Section 338 - Tariffed"
"9504.50.00","Section 338 - Tariffed"
"9504.90.40","Section 338 - Tariffed"
"9505.10.25","Section 338 - Tariffed"
"9505.90.60","Section 338 - Tariffed"
"9506.39.00","Section 338 - Tariffed"
"9506.70.40","Section 338 - Tariffed"
"9506.70.60","Section 338 - Tariffed"
"9506.91.00","Section 338 - Tariffed"
"9506.99.55","Section 338 - Tariffed"
"9506.99.60","Section 338 - Tariffed"
"9701.21.00","Section 338 - Tariffed"
"9701.91.00","Section 338 - Tariffed"
"9701.99.00","Section 338 - Tariffed"
"9702.90.00","Section 338 - Tariffed"
"9703.10.00","Section 338 - Tariffed"
"9703.90.00","Section 338 - Tariffed"
"9704.00.00","Section 338 - Tariffed"
"9705.10.00","Section 338 - Tariffed"
"9705.29.00","Section 338 - Tariffed"
"9705.39.00","Section 338 - Tariffed"
"9706.90.00","Section 338 - Tariffed"
"0406.90.99","Section 338 - Tariffed"
"4802.61.10","Section 338 - Tariffed"
"4802.61.20","Section 338 - Tariffed"
"4802.61.60","Section 338 - Tariffed"
"4802.62.10","Section 338 - Tariffed"
"4802.62.20","Section 338 - Tariffed"
"4802.62.30","Section 338 - Tariffed"
"4802.62.61","Section 338 - Tariffed"
"4802.69.10","Section 338 - Tariffed"
"4802.69.20","Section 338 - Tariffed"
"4802.69.30","Section 338 - Tariffed"
"4818.90.0020","Section 338 - Tariffed"
"7308.90.30","Section 338 - Tariffed"
"7308.90.60","Section 338 - Tariffed"
"7308.90.95","Section 338 - Tariffed"
"7604.10.10","Section 338 - Tariffed"
"7604.10.30","Section 338 - Tariffed"
"7604.10.50","Section 338 - Tariffed"
"7604.21.00","Section 338 - Tariffed"
"7604.29.10","Section 338 - Tariffed"
"7604.29.30","Section 338 - Tariffed"
"7604.29.50","Section 338 - Tariffed"
"7608.10.00","Section 338 - Tariffed"
"7608.20.00","Section 338 - Tariffed"
"8307.10.30","Section 338 - Tariffed"
"8307.90.30","Section 338 - Tariffed"
"8308.10.00","Section 338 - Tariffed"
"8308.20.30","Section 338 - Tariffed"
"8308.20.60","Section 338 - Tariffed"
"8308.90.30","Section 338 - Tariffed"
"8308.90.60","Section 338 - Tariffed"
"8308.90.90","Section 338 - Tariffed"
"8309.10.00","Section 338 - Tariffed"
"8310.00.00","Section 338 - Tariffed"
"8311.10.00","Section 338 - Tariffed"
"8311.20.00","Section 338 - Tariffed"
"8311.30.30","Section 338 - Tariffed"
"8311.30.60","Section 338 - Tariffed"
"8537.10.9130","Section 338 - Tariffed"
"8537.10.9150","Section 338 - Tariffed"
"8537.10.9160","Section 338 - Tariffed"
"8537.10.9170","Section 338 - Tariffed"
"8703.10.50","Section 338 - Tariffed"
"8703.21.01","Section 338 - Tariffed"
"8903.99.21","Section 338 - Tariffed"
"9401.41.00","Section 338 - Tariffed"
"9401.49.00","Section 338 - Tariffed"
"9401.52.00","Section 338 - Tariffed"
"9401.53.00","Section 338 - Tariffed"
"9401.59.00","Section 338 - Tariffed"
"9401.61.20","Section 338 - Tariffed"
"9401.69.20","Section 338 - Tariffed"
"9401.69.40","Section 338 - Tariffed"
"9401.69.80","Section 338 - Tariffed"
"9401.80.20","Section 338 - Tariffed"
"9401.80.40","Section 338 - Tariffed"
"9401.80.60","Section 338 - Tariffed"
"9401.91.15","Section 338 - Tariffed"
"9401.91.20","Section 338 - Tariffed"
"9401.99.25","Section 338 - Tariffed"
"9401.99.35","Section 338 - Tariffed"
"9401.99.90","Section 338 - Tariffed"
"9403.30.40","Section 338 - Tariffed"
"9403.40.40","Section 338 - Tariffed"
"9403.40.60","Section 338 - Tariffed"
"9403.60.40","Section 338 - Tariffed"
"9403.70.40","Section 338 - Tariffed"
"9403.82.00","Section 338 - Tariffed"
"9403.83.00","Section 338 - Tariffed"
"9403.89.30","Section 338 - Tariffed"
"9403.89.60","Section 338 - Tariffed"
"9404.10.00","Section 338 - Tariffed"
"9404.21.00","Section 338 - Tariffed"
"9404.29.10","Section 338 - Tariffed"
"9404.29.90","Section 338 - Tariffed"
"9405.21.40","Section 338 - Tariffed"
"9405.21.60","Section 338 - Tariffed"
"9405.21.80","Section 338 - Tariffed"
"9405.29.40","Section 338 - Tariffed"
"9405.29.60","Section 338 - Tariffed"
"9405.29.80","Section 338 - Tariffed"
"9507.10.0040","Section 338 - Tariffed"
"2208.30.60","Section 338 - Excluded"
"2208.70.00","Section 338 - Excluded"
"0404.10.05","Section 338 - Excluded"
"0404.10.08","Section 338 - Excluded"
"0404.10.11","Section 338 - Excluded"
"0404.10.15","Section 338 - Excluded"
"0404.10.20","Section 338 - Excluded"
"0404.10.48","Section 338 - Excluded"
"0404.10.50","Section 338 - Excluded"
"0404.10.90","Section 338 - Excluded"
"1702.90.35","Section 338 - Excluded"
"1703.10.30","Section 338 - Excluded"
"1703.10.50","Section 338 - Excluded"
"1703.90.30","Section 338 - Excluded"
"1703.90.50","Section 338 - Excluded"
"2202.91.00","Section 338 - Excluded"
"2501.00.00","Section 338 - Excluded"
"2523.29.00","Section 338 - Excluded"
"2940.00.60","Section 338 - Excluded"
"4803.00.40","Section 338 - Excluded"
"4818.90.00","Section 338 - Excluded"
"7801.10.00","Section 338 - Excluded"
"8537.10.91","Section 338 - Excluded"
"9507.10.00","Section 338 - Excluded"
"2203.00.00","Section 338 - Total"
"2204.10.00","Section 338 - Total"
"2204.21.20","Section 338 - Total"
"2204.21.30","Section 338 - Total"
"2204.21.50","Section 338 - Total"
"2204.21.60","Section 338 - Total"
"2204.21.80","Section 338 - Total"
"2204.22.20","Section 338 - Total"
"2204.22.40","Section 338 - Total"
"2204.22.60","Section 338 - Total"
"2204.22.80","Section 338 - Total"
"2204.29.61","Section 338 - Total"
"2204.29.81","Section 338 - Total"
"2205.10.30","Section 338 - Total"
"2206.00.15","Section 338 - Total"
"2206.00.30","Section 338 - Total"
"2206.00.45","Section 338 - Total"
"2206.00.60","Section 338 - Total"
"2206.00.90","Section 338 - Total"
"2207.10.30","Section 338 - Total"
"2208.20.10","Section 338 - Total"
"2208.20.20","Section 338 - Total"
"2208.20.30","Section 338 - Total"
"2208.20.40","Section 338 - Total"
"2208.20.50","Section 338 - Total"
"2208.20.60","Section 338 - Total"
"2208.30.30","Section 338 - Total"
"2208.40.20","Section 338 - Total"
"2208.40.40","Section 338 - Total"
"2208.40.60","Section 338 - Total"
"2208.40.80","Section 338 - Total"
"2208.50.00","Section 338 - Total"
"2208.60.10","Section 338 - Total"
"2208.60.20","Section 338 - Total"
"2208.60.50","Section 338 - Total"
"2208.90.10","Section 338 - Total"
"2208.90.12","Section 338 - Total"
"2208.90.14","Section 338 - Total"
"2208.90.15","Section 338 - Total"
"2208.90.20","Section 338 - Total"
"2208.90.25","Section 338 - Total"
"2208.90.30","Section 338 - Total"
"2208.90.35","Section 338 - Total"
"2208.90.40","Section 338 - Total"
"2208.90.50","Section 338 - Total"
"2208.90.72","Section 338 - Total"
"2208.90.75","Section 338 - Total"
"3301.19.10","Section 338 - Total"
"4413.00.00","Section 338 - Total"
"4419.90.91","Section 338 - Total"
"4420.90.80","Section 338 - Total"
"4421.91.60","Section 338 - Total"
"4421.91.70","Section 338 - Total"
"4602.19.80","Section 338 - Total"
"4804.11.00","Section 338 - Total"
"4806.20.00","Section 338 - Total"
"4810.13.19","Section 338 - Total"
"4811.59.60","Section 338 - Total"
"4811.90.80","Section 338 - Total"
"4811.90.90","Section 338 - Total"
"9506.99.25","Section 338 - Total"
"0406.10.64","Section 338 - Total"
"0406.10.84","Section 338 - Total"
"0406.10.88","Section 338 - Total"
"0406.10.95","Section 338 - Total"
"0406.20.33","Section 338 - Total"
"0406.20.53","Section 338 - Total"
"0406.30.81","Section 338 - Total"
"0406.30.91","Section 338 - Total"
"0406.30.95","Section 338 - Total"
"0406.40.40","Section 338 - Total"
"0406.40.54","Section 338 - Total"
"0406.40.70","Section 338 - Total"
"0406.90.08","Section 338 - Total"
"0406.90.12","Section 338 - Total"
"0406.90.18","Section 338 - Total"
"0406.90.42","Section 338 - Total"
"0406.90.48","Section 338 - Total"
"0406.90.56","Section 338 - Total"
"0406.90.59","Section 338 - Total"
"0406.90.78","Section 338 - Total"
"0406.90.88","Section 338 - Total"
"0406.90.95","Section 338 - Total"
"0406.90.97","Section 338 - Total"
"1518.00.40","Section 338 - Total"
"2208.30.6020","Section 338 - Total"
"2208.30.6040","Section 338 - Total"
"2208.30.6055","Section 338 - Total"
"2208.30.6065","Section 338 - Total"
"2208.30.6075","Section 338 - Total"
"2208.70.0030","Section 338 - Total"
"4101.50.10","Section 338 - Total"
"4101.90.10","Section 338 - Total"
"4107.11.50","Section 338 - Total"
"4301.60.60","Section 338 - Total"
"4302.19.30","Section 338 - Total"
"4302.19.45","Section 338 - Total"
"4302.19.60","Section 338 - Total"
"8903.31.00","Section 338 - Total"
"8903.32.00","Section 338 - Total"
"8903.93.20","Section 338 - Total"
"0402.10.05","Section 338 - Total"
"0402.10.10","Section 338 - Total"
"0402.10.50","Section 338 - Total"
"0402.21.02","Section 338 - Total"
"0402.21.05","Section 338 - Total"
"0402.21.25","Section 338 - Total"
"0402.21.27","Section 338 - Total"
"0402.21.30","Section 338 - Total"
"0402.21.50","Section 338 - Total"
"0402.21.73","Section 338 - Total"
"0402.21.75","Section 338 - Total"
"0402.21.90","Section 338 - Total"
"0402.91.03","Section 338 - Total"
"0402.91.06","Section 338 - Total"
"0402.99.68","Section 338 - Total"
"0404.90.10","Section 338 - Total"
"0404.90.28","Section 338 - Total"
"0404.90.30","Section 338 - Total"
"0404.90.50","Section 338 - Total"
"0404.90.70","Section 338 - Total"
"0506.90.00","Section 338 - Total"
"1210.20.00","Section 338 - Total"
"1301.90.91","Section 338 - Total"
"1702.11.00","Section 338 - Total"
"1702.19.00","Section 338 - Total"
"1702.30.28","Section 338 - Total"
"1702.40.28","Section 338 - Total"
"1702.60.28","Section 338 - Total"
"1702.90.58","Section 338 - Total"
"1702.90.68","Section 338 - Total"
"1901.20.35","Section 338 - Total"
"3301.24.00","Section 338 - Total"
"3501.10.10","Section 338 - Total"
"3501.10.50","Section 338 - Total"
"3501.90.20","Section 338 - Total"
"3501.90.60","Section 338 - Total"
"3502.20.00","Section 338 - Total"
"3504.00.50","Section 338 - Total"
"0409.00.00","Section 338 - Total"
"0505.10.00","Section 338 - Total"
"0506.10.00","Section 338 - Total"
"0507.90.00","Section 338 - Total"
"0510.00.40","Section 338 - Total"
"0511.99.20","Section 338 - Total"
"0511.99.33","Section 338 - Total"
"0511.99.36","Section 338 - Total"
"0511.99.40","Section 338 - Total"
"0601.10.15","Section 338 - Total"
"0601.10.30","Section 338 - Total"
"0601.10.45","Section 338 - Total"
"0601.10.60","Section 338 - Total"
"0601.10.90","Section 338 - Total"
"0601.20.10","Section 338 - Total"
"0602.10.00","Section 338 - Total"
"0602.90.20","Section 338 - Total"
"0602.90.50","Section 338 - Total"
"0603.11.00","Section 338 - Total"
"0603.13.00","Section 338 - Total"
"0603.14.00","Section 338 - Total"
"0603.15.00","Section 338 - Total"
"0603.19.01","Section 338 - Total"
"0603.90.00","Section 338 - Total"
"0604.90.10","Section 338 - Total"
"0604.90.30","Section 338 - Total"
"0604.90.60","Section 338 - Total"
"1209.10.00","Section 338 - Total"
"1209.22.20","Section 338 - Total"
"1209.29.10","Section 338 - Total"
"1209.30.00","Section 338 - Total"
"1209.91.40","Section 338 - Total"
"1209.91.80","Section 338 - Total"
"1209.99.20","Section 338 - Total"
"1209.99.41","Section 338 - Total"
"1210.10.00","Section 338 - Total"
"1211.90.20","Section 338 - Total"
"1211.90.40","Section 338 - Total"
"1211.90.89","Section 338 - Total"
"1211.90.93","Section 338 - Total"
"1212.21.00","Section 338 - Total"
"1212.92.00","Section 338 - Total"
"1212.99.92","Section 338 - Total"
"1301.20.00","Section 338 - Total"
"1301.90.40","Section 338 - Total"
"1302.13.00","Section 338 - Total"
"1302.19.41","Section 338 - Total"
"1302.19.91","Section 338 - Total"
"1302.20.00","Section 338 - Total"
"1302.31.00","Section 338 - Total"
"1302.32.00","Section 338 - Total"
"1302.39.00","Section 338 - Total"
"1401.10.00","Section 338 - Total"
"1401.90.20","Section 338 - Total"
"1401.90.40","Section 338 - Total"
"1404.20.00","Section 338 - Total"
"1404.90.40","Section 338 - Total"
"1404.90.90","Section 338 - Total"
"1901.20.25","Section 338 - Total"
"1901.20.60","Section 338 - Total"
"1901.20.70","Section 338 - Total"
"2208.90.05","Section 338 - Total"
"2208.90.80","Section 338 - Total"
"2905.43.00","Section 338 - Total"
"2905.44.00","Section 338 - Total"
"2905.45.00","Section 338 - Total"
"2940.00.20","Section 338 - Total"
"3208.90.00","Section 338 - Total"
"3214.90.50","Section 338 - Total"
"3215.19.90","Section 338 - Total"
"3301.12.00","Section 338 - Total"
"3301.13.00","Section 338 - Total"
"3301.19.51","Section 338 - Total"
"3301.25.00","Section 338 - Total"
"3301.29.10","Section 338 - Total"
"3301.29.20","Section 338 - Total"
"3301.29.51","Section 338 - Total"
"3301.30.00","Section 338 - Total"
"3301.90.10","Section 338 - Total"
"3301.90.50","Section 338 - Total"
"3302.10.10","Section 338 - Total"
"3302.10.20","Section 338 - Total"
"3302.10.40","Section 338 - Total"
"3302.10.50","Section 338 - Total"
"3302.10.90","Section 338 - Total"
"3303.00.30","Section 338 - Total"
"3304.10.00","Section 338 - Total"
"3304.20.00","Section 338 - Total"
"3304.30.00","Section 338 - Total"
"3305.90.00","Section 338 - Total"
"3406.00.00","Section 338 - Total"
"3502.11.00","Section 338 - Total"
"3502.90.00","Section 338 - Total"
"3503.00.40","Section 338 - Total"
"3503.00.55","Section 338 - Total"
"3504.00.10","Section 338 - Total"
"3505.10.00","Section 338 - Total"
"3505.20.00","Section 338 - Total"
"3811.21.00","Section 338 - Total"
"3823.11.00","Section 338 - Total"
"3823.12.00","Section 338 - Total"
"3823.13.00","Section 338 - Total"
"3823.19.20","Section 338 - Total"
"3823.19.40","Section 338 - Total"
"3823.70.40","Section 338 - Total"
"3823.70.60","Section 338 - Total"
"3824.60.00","Section 338 - Total"
"3824.99.39","Section 338 - Total"
"3824.99.55","Section 338 - Total"
"3824.99.93","Section 338 - Total"
"3907.70.00","Section 338 - Total"
"3907.99.50","Section 338 - Total"
"3918.10.10","Section 338 - Total"
"3919.10.20","Section 338 - Total"
"3919.90.50","Section 338 - Total"
"3920.20.00","Section 338 - Total"
"3921.19.00","Section 338 - Total"
"3921.90.50","Section 338 - Total"
"3923.10.90","Section 338 - Total"
"3923.21.00","Section 338 - Total"
"3923.30.00","Section 338 - Total"
"3923.50.00","Section 338 - Total"
"3924.10.20","Section 338 - Total"
"3924.10.40","Section 338 - Total"
"3924.90.56","Section 338 - Total"
"3926.10.00","Section 338 - Total"
"3926.30.10","Section 338 - Total"
"3926.30.50","Section 338 - Total"
"3926.40.00","Section 338 - Total"
"3926.90.99","Section 338 - Total"
"4016.93.50","Section 338 - Total"
"4016.99.15","Section 338 - Total"
"4016.99.35","Section 338 - Total"
"4101.20.10","Section 338 - Total"
"4101.20.20","Section 338 - Total"
"4101.50.20","Section 338 - Total"
"4101.90.50","Section 338 - Total"
"4103.20.30","Section 338 - Total"
"4201.00.30","Section 338 - Total"
"4201.00.60","Section 338 - Total"
"4202.12.21","Section 338 - Total"
"4202.12.81","Section 338 - Total"
"4202.12.89","Section 338 - Total"
"4202.92.15","Section 338 - Total"
"4202.92.31","Section 338 - Total"
"4202.92.50","Section 338 - Total"
"4202.92.97","Section 338 - Total"
"4202.99.10","Section 338 - Total"
"4202.99.90","Section 338 - Total"
"4203.29.40","Section 338 - Total"
"4203.30.00","Section 338 - Total"
"4205.00.80","Section 338 - Total"
"4301.90.00","Section 338 - Total"
"4303.10.00","Section 338 - Total"
"4401.12.00","Section 338 - Total"
"4402.90.01","Section 338 - Total"
"4407.99.02","Section 338 - Total"
"4408.10.01","Section 338 - Total"
"4409.10.40","Section 338 - Total"
"4409.10.50","Section 338 - Total"
"4409.10.90","Section 338 - Total"
"4409.29.91","Section 338 - Total"
"4410.19.00","Section 338 - Total"
"4411.13.20","Section 338 - Total"
"4411.13.90","Section 338 - Total"
"4411.14.20","Section 338 - Total"
"4411.14.30","Section 338 - Total"
"4411.14.90","Section 338 - Total"
"4412.10.05","Section 338 - Total"
"4412.10.90","Section 338 - Total"
"4412.31.06","Section 338 - Total"
"4412.31.26","Section 338 - Total"
"4412.31.42","Section 338 - Total"
"4412.31.45","Section 338 - Total"
"4412.31.48","Section 338 - Total"
"4412.31.52","Section 338 - Total"
"4412.31.61","Section 338 - Total"
"4412.31.92","Section 338 - Total"
"4412.33.06","Section 338 - Total"
"4412.33.26","Section 338 - Total"
"4412.33.32","Section 338 - Total"
"4412.33.57","Section 338 - Total"
"4412.34.26","Section 338 - Total"
"4412.34.32","Section 338 - Total"
"4412.34.57","Section 338 - Total"
"4412.39.10","Section 338 - Total"
"4412.39.30","Section 338 - Total"
"4412.39.40","Section 338 - Total"
"4412.39.50","Section 338 - Total"
"4412.41.00","Section 338 - Total"
"4412.42.00","Section 338 - Total"
"4412.49.00","Section 338 - Total"
"4412.51.10","Section 338 - Total"
"4412.51.31","Section 338 - Total"
"4412.52.10","Section 338 - Total"
"4412.52.31","Section 338 - Total"
"4412.52.51","Section 338 - Total"
"4412.91.06","Section 338 - Total"
"4412.91.31","Section 338 - Total"
"4412.91.41","Section 338 - Total"
"4412.91.51","Section 338 - Total"
"4412.92.07","Section 338 - Total"
"4412.92.11","Section 338 - Total"
"4412.92.31","Section 338 - Total"
"4412.92.42","Section 338 - Total"
"4412.92.52","Section 338 - Total"
"4412.99.58","Section 338 - Total"
"4412.99.61","Section 338 - Total"
"4412.99.81","Section 338 - Total"
"4412.99.91","Section 338 - Total"
"4412.99.97","Section 338 - Total"
"4414.90.00","Section 338 - Total"
"4418.21.80","Section 338 - Total"
"4418.29.80","Section 338 - Total"
"4420.19.00","Section 338 - Total"
"4421.99.70","Section 338 - Total"
"4421.99.94","Section 338 - Total"
"4421.99.98","Section 338 - Total"
"4702.00.00","Section 338 - Total"
"4802.55.10","Section 338 - Total"
"4810.29.10","Section 338 - Total"
"4810.92.12","Section 338 - Total"
"4811.51.20","Section 338 - Total"
"4811.51.40","Section 338 - Total"
"4813.10.00","Section 338 - Total"
"4814.20.00","Section 338 - Total"
"4817.10.00","Section 338 - Total"
"4818.30.00","Section 338 - Total"
"4819.10.00","Section 338 - Total"
"4819.40.00","Section 338 - Total"
"4819.50.40","Section 338 - Total"
"4820.10.20","Section 338 - Total"
"4820.30.00","Section 338 - Total"
"4821.90.40","Section 338 - Total"
"4823.69.00","Section 338 - Total"
"4823.70.00","Section 338 - Total"
"4823.90.10","Section 338 - Total"
"4823.90.67","Section 338 - Total"
"4823.90.86","Section 338 - Total"
"4908.90.00","Section 338 - Total"
"4911.91.40","Section 338 - Total"
"5002.00.00","Section 338 - Total"
"5003.00.90","Section 338 - Total"
"5101.11.60","Section 338 - Total"
"5103.20.00","Section 338 - Total"
"5201.00.05","Section 338 - Total"
"5201.00.80","Section 338 - Total"
"5202.10.00","Section 338 - Total"
"5202.91.00","Section 338 - Total"
"5202.99.50","Section 338 - Total"
"5407.52.20","Section 338 - Total"
"5511.10.00","Section 338 - Total"
"5512.19.00","Section 338 - Total"
"5603.12.00","Section 338 - Total"
"5603.13.00","Section 338 - Total"
"5603.14.90","Section 338 - Total"
"5603.92.00","Section 338 - Total"
"5603.94.90","Section 338 - Total"
"5607.50.40","Section 338 - Total"
"5703.39.20","Section 338 - Total"
"5806.32.20","Section 338 - Total"
"5903.90.25","Section 338 - Total"
"5903.90.30","Section 338 - Total"
"5907.00.60","Section 338 - Total"
"5911.90.00","Section 338 - Total"
"6006.31.00","Section 338 - Total"
"6006.32.00","Section 338 - Total"
"6006.33.00","Section 338 - Total"
"6104.43.20","Section 338 - Total"
"6104.63.20","Section 338 - Total"
"6109.10.00","Section 338 - Total"
"6110.20.20","Section 338 - Total"
"6110.30.30","Section 338 - Total"
"6116.93.88","Section 338 - Total"
"6201.40.55","Section 338 - Total"
"6201.40.60","Section 338 - Total"
"6202.40.10","Section 338 - Total"
"6202.40.55","Section 338 - Total"
"6202.40.60","Section 338 - Total"
"6203.11.90","Section 338 - Total"
"6203.31.50","Section 338 - Total"
"6203.31.90","Section 338 - Total"
"6203.41.60","Section 338 - Total"
"6204.43.40","Section 338 - Total"
"6204.49.10","Section 338 - Total"
"6210.20.50","Section 338 - Total"
"6210.40.55","Section 338 - Total"
"6210.50.55","Section 338 - Total"
"6211.32.90","Section 338 - Total"
"6211.33.90","Section 338 - Total"
"6211.43.10","Section 338 - Total"
"6303.92.20","Section 338 - Total"
"6305.33.00","Section 338 - Total"
"6306.12.00","Section 338 - Total"
"6306.19.21","Section 338 - Total"
"6307.90.98","Section 338 - Total"
"6403.91.90","Section 338 - Total"
"6505.00.60","Section 338 - Total"
"6506.10.60","Section 338 - Total"
"6704.19.00","Section 338 - Total"
"6809.11.00","Section 338 - Total"
"6810.99.00","Section 338 - Total"
"7010.90.50","Section 338 - Total"
"7013.99.90","Section 338 - Total"
"7102.39.00","Section 338 - Total"
"7106.92.10","Section 338 - Total"
"7113.11.50","Section 338 - Total"
"7113.19.29","Section 338 - Total"
"7113.19.50","Section 338 - Total"
"7117.19.90","Section 338 - Total"
"7118.10.00","Section 338 - Total"
"7203.10.00","Section 338 - Total"
"8113.00.00","Section 338 - Total"
"8201.30.00","Section 338 - Total"
"8202.31.00","Section 338 - Total"
"8202.40.60","Section 338 - Total"
"8203.20.60","Section 338 - Total"
"8203.30.00","Section 338 - Total"
"8204.11.00","Section 338 - Total"
"8204.12.00","Section 338 - Total"
"8204.20.00","Section 338 - Total"
"8205.20.30","Section 338 - Total"
"8205.59.80","Section 338 - Total"
"8206.00.00","Section 338 - Total"
"8209.00.00","Section 338 - Total"
"8212.10.00","Section 338 - Total"
"8301.60.00","Section 338 - Total"
"8303.00.00","Section 338 - Total"
"8306.29.00","Section 338 - Total"
"8410.11.00","Section 338 - Total"
"8414.80.05","Section 338 - Total"
"8418.50.00","Section 338 - Total"
"8418.69.01","Section 338 - Total"
"8419.40.00","Section 338 - Total"
"8419.89.95","Section 338 - Total"
"8421.99.01","Section 338 - Total"
"8422.30.91","Section 338 - Total"
"8422.40.91","Section 338 - Total"
"8422.90.91","Section 338 - Total"
"8424.30.10","Section 338 - Total"
"8424.30.90","Section 338 - Total"
"8426.41.00","Section 338 - Total"
"8433.60.00","Section 338 - Total"
"8438.40.00","Section 338 - Total"
"8440.10.00","Section 338 - Total"
"8442.50.10","Section 338 - Total"
"8443.91.30","Section 338 - Total"
"8479.82.00","Section 338 - Total"
"8508.19.00","Section 338 - Total"
"8517.13.00","Section 338 - Total"
"8517.61.00","Section 338 - Total"
"8517.62.00","Section 338 - Total"
"8517.79.00","Section 338 - Total"
"8521.90.00","Section 338 - Total"
"8523.49.40","Section 338 - Total"
"8523.49.50","Section 338 - Total"
"8523.51.00","Section 338 - Total"
"8523.52.00","Section 338 - Total"
"8525.50.30","Section 338 - Total"
"8525.50.70","Section 338 - Total"
"8525.81.00","Section 338 - Total"
"8525.89.20","Section 338 - Total"
"8525.89.30","Section 338 - Total"
"8525.89.40","Section 338 - Total"
"8525.89.50","Section 338 - Total"
"8526.10.00","Section 338 - Total"
"8526.91.00","Section 338 - Total"
"8526.92.50","Section 338 - Total"
"8528.52.00","Section 338 - Total"
"8528.59.33","Section 338 - Total"
"8528.62.00","Section 338 - Total"
"8528.69.45","Section 338 - Total"
"8529.10.40","Section 338 - Total"
"8529.10.91","Section 338 - Total"
"8529.90.13","Section 338 - Total"
"8529.90.16","Section 338 - Total"
"8529.90.21","Section 338 - Total"
"8529.90.81","Section 338 - Total"
"8529.90.87","Section 338 - Total"
"8534.00.00","Section 338 - Total"
"8543.70.98","Section 338 - Total"
"8544.49.30","Section 338 - Total"
"8544.70.00","Section 338 - Total"
"8711.50.00","Section 338 - Total"
"8905.90.10","Section 338 - Total"
"8906.90.00","Section 338 - Total"
"8907.90.00","Section 338 - Total"
"9031.49.90","Section 338 - Total"
"9401.39.00","Section 338 - Total"
"9401.69.60","Section 338 - Total"
"9401.71.00","Section 338 - Total"
"9401.79.00","Section 338 - Total"
"9401.91.90","Section 338 - Total"
"9401.99.10","Section 338 - Total"
"9403.20.00","Section 338 - Total"
"9403.50.90","Section 338 - Total"
"9403.60.80","Section 338 - Total"
"9403.70.80","Section 338 - Total"
"9403.99.10","Section 338 - Total"
"9403.99.20","Section 338 - Total"
"9403.99.30","Section 338 - Total"
"9403.99.40","Section 338 - Total"
"9403.99.50","Section 338 - Total"
"9405.11.60","Section 338 - Total"
"9405.11.80","Section 338 - Total"
"9405.42.60","Section 338 - Total"
"9405.42.84","Section 338 - Total"
"9405.99.40","Section 338 - Total"
"9503.00.00","Section 338 - Total"
"9504.30.00","Section 338 - Total"
"9504.50.00","Section 338 - Total"
"9504.90.40","Section 338 - Total"
"9505.10.25","Section 338 - Total"
"9505.90.60","Section 338 - Total"
"9506.39.00","Section 338 - Total"
"9506.70.40","Section 338 - Total"
"9506.70.60","Section 338 - Total"
"9506.91.00","Section 338 - Total"
"9506.99.55","Section 338 - Total"
"9506.99.60","Section 338 - Total"
"9701.21.00","Section 338 - Total"
"9701.91.00","Section 338 - Total"
"9701.99.00","Section 338 - Total"
"9702.90.00","Section 338 - Total"
"9703.10.00","Section 338 - Total"
"9703.90.00","Section 338 - Total"
"9704.00.00","Section 338 - Total"
"9705.10.00","Section 338 - Total"
"9705.29.00","Section 338 - Total"
"9705.39.00","Section 338 - Total"
"9706.90.00","Section 338 - Total"
"0406.90.99","Section 338 - Total"
"4802.61.10","Section 338 - Total"
"4802.61.20","Section 338 - Total"
"4802.61.60","Section 338 - Total"
"4802.62.10","Section 338 - Total"
"4802.62.20","Section 338 - Total"
"4802.62.30","Section 338 - Total"
"4802.62.61","Section 338 - Total"
"4802.69.10","Section 338 - Total"
"4802.69.20","Section 338 - Total"
"4802.69.30","Section 338 - Total"
"4818.90.0020","Section 338 - Total"
"7308.90.30","Section 338 - Total"
"7308.90.60","Section 338 - Total"
"7308.90.95","Section 338 - Total"
"7604.10.10","Section 338 - Total"
"7604.10.30","Section 338 - Total"
"7604.10.50","Section 338 - Total"
"7604.21.00","Section 338 - Total"
"7604.29.10","Section 338 - Total"
"7604.29.30","Section 338 - Total"
"7604.29.50","Section 338 - Total"
"7608.10.00","Section 338 - Total"
"7608.20.00","Section 338 - Total"
"8307.10.30","Section 338 - Total"
"8307.90.30","Section 338 - Total"
"8308.10.00","Section 338 - Total"
"8308.20.30","Section 338 - Total"
"8308.20.60","Section 338 - Total"
"8308.90.30","Section 338 - Total"
"8308.90.60","Section 338 - Total"
"8308.90.90","Section 338 - Total"
"8309.10.00","Section 338 - Total"
"8310.00.00","Section 338 - Total"
"8311.10.00","Section 338 - Total"
"8311.20.00","Section 338 - Total"
"8311.30.30","Section 338 - Total"
"8311.30.60","Section 338 - Total"
"8537.10.9130","Section 338 - Total"
"8537.10.9150","Section 338 - Total"
"8537.10.9160","Section 338 - Total"
"8537.10.9170","Section 338 - Total"
"8703.10.50","Section 338 - Total"
"8703.21.01","Section 338 - Total"
"8903.99.21","Section 338 - Total"
"9401.41.00","Section 338 - Total"
"9401.49.00","Section 338 - Total"
"9401.52.00","Section 338 - Total"
"9401.53.00","Section 338 - Total"
"9401.59.00","Section 338 - Total"
"9401.61.20","Section 338 - Total"
"9401.69.20","Section 338 - Total"
"9401.69.40","Section 338 - Total"
"9401.69.80","Section 338 - Total"
"9401.80.20","Section 338 - Total"
"9401.80.40","Section 338 - Total"
"9401.80.60","Section 338 - Total"
"9401.91.15","Section 338 - Total"
"9401.91.20","Section 338 - Total"
"9401.99.25","Section 338 - Total"
"9401.99.35","Section 338 - Total"
"9401.99.90","Section 338 - Total"
"9403.30.40","Section 338 - Total"
"9403.40.40","Section 338 - Total"
"9403.40.60","Section 338 - Total"
"9403.60.40","Section 338 - Total"
"9403.70.40","Section 338 - Total"
"9403.82.00","Section 338 - Total"
"9403.83.00","Section 338 - Total"
"9403.89.30","Section 338 - Total"
"9403.89.60","Section 338 - Total"
"9404.10.00","Section 338 - Total"
"9404.21.00","Section 338 - Total"
"9404.29.10","Section 338 - Total"
"9404.29.90","Section 338 - Total"
"9405.21.40","Section 338 - Total"
"9405.21.60","Section 338 - Total"
"9405.21.80","Section 338 - Total"
"9405.29.40","Section 338 - Total"
"9405.29.60","Section 338 - Total"
"9405.29.80","Section 338 - Total"
"9507.10.0040","Section 338 - Total"
"2208.30.60","Section 338 - Total"
"2208.70.00","Section 338 - Total"
"0404.10.05","Section 338 - Total"
"0404.10.08","Section 338 - Total"
"0404.10.11","Section 338 - Total"
"0404.10.15","Section 338 - Total"
"0404.10.20","Section 338 - Total"
"0404.10.48","Section 338 - Total"
"0404.10.50","Section 338 - Total"
"0404.10.90","Section 338 - Total"
"1702.90.35","Section 338 - Total"
"1703.10.30","Section 338 - Total"
"1703.10.50","Section 338 - Total"
"1703.90.30","Section 338 - Total"
"1703.90.50","Section 338 - Total"
"2202.91.00","Section 338 - Total"
"2501.00.00","Section 338 - Total"
"2523.29.00","Section 338 - Total"
"2940.00.60","Section 338 - Total"
"4803.00.40","Section 338 - Total"
"4818.90.00","Section 338 - Total"
"7801.10.00","Section 338 - Total"
"8537.10.91","Section 338 - Total"
"9507.10.00","Section 338 - Total"
