CSDDGUID,Auto_B,Alum_B,Steel_B,Cop_B,Lum_B,Ene_B,MHDV_B,CUSMA_B,Total_B,Auto_E,Alum_E,Steel_E,Cop_E,Lum_E,Ene_E,MHDV_E,CUSMA_E,Total_E,Auto_C,Alum_C,Steel_C,Cop_C,Lum_C,Ene_C,MHDV_C,CUSMA_C,Total_C,geometry
2021A00051001101,0,0,0,0,0,0,0,0,0,0,0,0,0,0,0,0,0,0,,,,,,,,,,POINT (-53.18157254398938 46.700960497995304)
2021A00051001105,0,0,0,0,0,0,0,0,0,0,0,0,0,0,0,0,0,0,,,,,,,,,,POINT (-53.25544728910375 46.71029314066947)
2021A00051001113,1,1,1,0,0,0,0,1,1,24,24,24,0,0,0,0,24,24,,,,,,,,,,POINT (-53.34215527814477 46.727928662966825)
2021A00051001120,0,0,0,0,0,0,0,0,0,0,0,0,0,0,0,0,0,0,,,,,,,,,,POINT (-53.58585303977737 46.63276985607585)
2021A00051001124,0,0,0,0,0,0,0,1,1,0,0,0,0,0,0,0,3,3,,,,,,,,,,POINT (-53.07767561693562 47.086545643405586)
2021A00051001126,0,0,0,0,0,0,0,1,1,0,0,0,0,0,0,0,2,2,,,,,,,,,,POINT (-52.950036123292584 47.10173948796244)
2021A00051001131,0,0,0,0,0,0,0,1,1,0,0,0,0,0,0,0,3,3,,,,,,,,,,POINT (-52.99296618048439 46.88623502850213)
2021A00051001136,0,0,0,0,0,0,0,1,1,0,0,0,0,0,0,0,10,10,,,,,,,,,,POINT (-52.97885654781513 46.9701790642397)
2021A00051001140,0,0,0,0,0,0,0,0,0,0,0,0,0,0,0,0,0,0,,,,,,,,,,POINT (-52.91559759898664 46.98327329466789)
2021A00051001144,0,0,0,0,0,0,0,1,1,0,0,0,0,0,0,0,48,48,,,,,,,,,,POINT (-52.94867265196228 47.01421428091403)
2021A00051001149,0,0,0,0,0,0,0,0,0,0,0,0,0,0,0,0,0,0,,,,,,,,,,POINT (-52.90659796700506 47.032414500997014)
2021A00051001155,0,0,0,0,0,0,0,4,4,0,0,0,0,0,0,0,15,15,,,,,,,,,,POINT (-53.35169832369126 47.017471457889464)
2021A00051001169,0,0,0,0,0,0,0,0,0,0,0,0,0,0,0,0,0,0,,,,,,,,,,POINT (-53.59068273198475 46.76163627295286)
2021A00051001174,0,0,0,0,0,0,0,0,0,0,0,0,0,0,0,0,0,0,,,,,,,,,,POINT (-53.60445150499661 46.862845067971435)
2021A00051001178,0,0,0,0,0,0,0,0,0,0,0,0,0,0,0,0,0,0,,,,,,,,,,POINT (-53.52553103702748 46.91128185336909)
2021A00051001181,0,0,0,0,0,0,0,0,0,0,0,0,0,0,0,0,0,0,,,,,,,,,,POINT (-53.48139734876129 46.98899517606675)
2021A00051001186,0,0,0,0,0,0,0,0,0,0,0,0,0,0,0,0,0,0,,,,,,,,,,POINT (-53.60208612187534 47.013662837283896)
2021A00051001192,0,0,0,0,0,0,0,0,0,0,0,0,0,0,0,0,0,0,,,,,,,,,,POINT (-53.50369163568711 47.09000112024983)
2021A00051001197,0,0,0,0,0,0,0,0,0,0,0,0,0,0,0,0,0,0,,,,,,,,,,POINT (-53.44428951617256 47.17902572787532)
2021A00051001203,0,0,0,0,0,0,0,0,0,0,0,0,0,0,0,0,0,0,,,,,,,,,,POINT (-53.61835522163313 47.24962026919651)
2021A00051001207,0,0,0,0,0,0,0,0,0,0,0,0,0,0,0,0,0,0,,,,,,,,,,POINT (-53.547677641360494 47.22260306051263)
2021A00051001214,0,0,0,0,0,0,0,0,0,0,0,0,0,0,0,0,0,0,,,,,,,,,,POINT (-53.99018220776576 46.99792402277018)
2021A00051001219,0,0,0,0,0,0,0,2,2,0,0,0,0,0,0,0,6,6,,,,,,,,,,POINT (-53.9622120927628 46.88903356368154)
2021A00051001225,0,0,0,0,0,0,0,0,0,0,0,0,0,0,0,0,0,0,,,,,,,,,,POINT (-54.085961537830244 46.828610300665254)
2021A00051001228,0,1,0,0,0,0,0,2,2,0,1,0,0,0,0,0,4,4,,,,,,,,,,POINT (-54.16897225350743 46.9198623682727)
2021A00051001234,0,0,0,0,0,0,0,1,1,0,0,0,0,0,0,0,5,5,,,,,,,,,,POINT (-53.76849675813378 47.23711467963385)
2021A00051001240,0,0,0,0,0,0,0,2,2,0,0,0,0,0,0,0,5,5,,,,,,,,,,POINT (-53.87951736219051 47.27348000471189)
2021A00051001254,0,0,0,0,0,0,0,1,1,0,0,0,0,0,0,0,3,3,,,,,,,,,,POINT (-53.8759004438399 47.32307237408885)
2021A00051001259,0,0,0,0,0,0,0,0,0,0,0,0,0,0,0,0,0,0,,,,,,,,,,POINT (-53.81906460952166 47.59056853926608)
2021A00051001263,0,0,0,0,0,1,0,1,1,0,0,0,0,0,207,0,207,207,,,,,,,,,,POINT (-53.77689480808509 47.44162476127797)
2021A00051001267,0,0,0,0,0,0,0,1,1,0,0,0,0,0,0,0,7,7,,,,,,,,,,POINT (-53.951889795746354 47.717032193498305)
2021A00051001270,0,0,0,0,0,0,0,2,2,0,0,0,0,0,0,0,223,223,,,,,,,,,,POINT (-53.99127536566146 47.771531980475615)
2021A00051001274,0,1,0,0,0,1,0,1,1,0,530,0,0,0,530,0,530,530,,,,,,,,,,POINT (-53.977708057577495 47.833694465207934)
2021A00051001277,0,0,0,0,0,0,0,0,0,0,0,0,0,0,0,0,0,0,,,,,,,,,,POINT (-53.918928069900346 47.86765703047919)
2021A00051001281,0,0,0,0,0,0,0,0,0,0,0,0,0,0,0,0,0,0,,,,,,,,,,POINT (-53.82551359461353 47.66372731704967)
2021A00051001285,0,0,0,0,0,0,0,2,2,0,0,0,0,0,0,0,13,13,,,,,,,,,,POINT (-53.68398693795142 47.56704045177071)
2021A00051001289,0,1,0,0,0,0,0,1,1,0,6,0,0,0,0,0,6,6,,,,,,,,,,POINT (-53.66810585340683 47.5096368990545)
2021A00051001293,0,0,0,0,0,0,0,1,1,0,0,0,0,0,0,0,2,2,,,,,,,,,,POINT (-53.56318423304947 47.49799096615141)
2021A00051001298,0,0,1,0,2,0,0,4,4,0,0,3,0,18,0,0,28,28,,,,,,,,,,POINT (-53.5394184611461 47.42390118700542)
2021A00051001304,0,0,0,0,2,0,0,5,5,0,0,0,0,6,0,0,24,24,,,,,,,,,,POINT (-53.408898590148475 47.651676337366986)
2021A00051001308,0,0,0,0,1,0,0,1,1,0,0,0,0,7,0,0,7,7,,,,,,,,,,POINT (-53.44771739746055 47.68188963345606)
2021A00051001312,0,0,0,0,0,0,0,0,0,0,0,0,0,0,0,0,0,0,,,,,,,,,,POINT (-53.435150427414655 47.76334023066723)
2021A00051001316,0,0,0,0,0,0,0,0,0,0,0,0,0,0,0,0,0,0,,,,,,,,,,POINT (-53.42098164496421 47.8091515478276)
2021A00051001321,0,0,0,0,0,0,0,2,2,0,0,0,0,0,0,0,10,10,,,,,,,,,,POINT (-53.25345469676482 47.93287323350988)
2021A00051001325,0,0,0,0,0,0,0,0,0,0,0,0,0,0,0,0,0,0,,,,,,,,,,POINT (-53.33314726310053 47.84487666121462)
2021A00051001328,0,0,0,0,0,0,0,0,0,0,0,0,0,0,0,0,0,0,,,,,,,,,,POINT (-53.32183862240589 47.90489817139238)
2021A00051001332,0,0,0,0,0,0,0,1,1,0,0,0,0,0,0,0,95,95,,,,,,,,,,POINT (-53.312131687137615 47.94970066040317)
2021A00051001335,0,0,0,0,0,0,0,0,0,0,0,0,0,0,0,0,0,0,,,,,,,,,,POINT (-53.27035237236721 47.99250442460309)
2021A00051001339,0,0,0,0,0,0,0,2,2,0,0,0,0,0,0,0,6,6,,,,,,,,,,POINT (-53.06133846646844 47.97518141006296)
2021A00051001343,0,0,0,0,0,0,0,3,3,0,0,0,0,0,0,0,356,356,,,,,,,,,,POINT (-52.99446034402711 48.08810054766291)
2021A00051001347,0,0,0,0,0,0,0,1,1,0,0,0,0,0,0,0,346,346,,,,,,,,,,POINT (-52.89732120588717 48.1031593417382)
2021A00051001352,0,1,1,0,0,0,0,1,1,0,1,1,0,0,0,0,1,1,,,,,,,,,,POINT (-53.12318712015167 47.844465484117706)
2021A00051001357,0,0,0,0,0,0,0,0,0,0,0,0,0,0,0,0,0,0,,,,,,,,,,POINT (-53.27560213259129 47.798592200956264)
2021A00051001361,0,0,0,0,0,0,0,0,0,0,0,0,0,0,0,0,0,0,,,,,,,,,,POINT (-53.16951407760851 47.78251493188647)
2021A00051001365,0,1,1,0,0,0,0,1,1,0,1,1,0,0,0,0,1,1,,,,,,,,,,POINT (-53.24627282811013 47.77027738496936)
2021A00051001370,0,0,0,0,1,0,0,3,3,0,0,0,0,35,0,0,40,40,,,,,,,,,,POINT (-53.23709788928736 47.73725813630383)
2021A00051001374,0,0,0,0,0,0,0,0,0,0,0,0,0,0,0,0,0,0,,,,,,,,,,POINT (-53.32992660850246 47.70713938264904)
2021A00051001375,0,0,0,0,0,0,0,0,0,0,0,0,0,0,0,0,0,0,,,,,,,,,,POINT (-53.18911142723722 47.68371593097629)
2021A00051001379,0,0,0,0,3,0,0,5,5,0,0,0,0,7,0,0,13,13,,,,,,,,,,POINT (-53.24716414067901 47.693425840776825)
2021A00051001385,0,0,0,0,1,0,0,3,3,0,0,0,0,3,0,0,21,21,,,,,,,,,,POINT (-53.22297726702007 47.64788782880886)
2021A00051001391,0,0,0,0,0,0,0,0,0,0,0,0,0,0,0,0,0,0,,,,,,,,,,POINT (-53.262746098637905 47.643093461708396)
2021A00051001394,0,0,0,0,0,0,0,0,0,0,0,0,0,0,0,0,0,0,,,,,,,,,,POINT (-53.23319979060955 47.637876474443566)
2021A00051001396,0,0,0,0,0,0,0,0,0,0,0,0,0,0,0,0,0,0,,,,,,,,,,POINT (-53.35505677178489 47.6119371662006)
2021A00051001405,0,0,0,0,0,0,0,0,0,0,0,0,0,0,0,0,0,0,,,,,,,,,,POINT (-53.398891723978636 47.51438987378822)
2021A00051001409,0,0,0,0,0,0,0,10,10,0,0,0,0,0,0,0,249,249,,,,,,,,,,POINT (-53.27903760812538 47.59354351577299)
2021A00051001415,0,0,0,0,0,0,0,0,0,0,0,0,0,0,0,0,0,0,,,,,,,,,,POINT (-53.226724103535 47.58113930868985)
2021A00051001421,0,0,0,0,0,0,0,0,0,0,0,0,0,0,0,0,0,0,,,,,,,,,,POINT (-53.3578592574489 47.458435250604914)
2021A00051001426,0,0,0,0,0,0,0,0,0,0,0,0,0,0,0,0,0,0,,,,,,,,,,POINT (-53.31542172624919 47.54296247114997)
2021A00051001429,0,1,0,0,0,0,0,5,5,0,4,0,0,0,0,0,87,87,,,,,,,,,,POINT (-53.297626844466706 47.533349570140174)
2021A00051001434,0,0,0,0,0,0,0,0,0,0,0,0,0,0,0,0,0,0,,,,,,,,,,POINT (-53.26910567100854 47.534765780836295)
2021A00051001437,0,0,0,0,0,0,0,1,1,0,0,0,0,0,0,0,2,2,,,,,,,,,,POINT (-53.22214577846904 47.54528741984642)
2021A00051001441,0,0,0,0,0,0,0,1,1,0,0,0,0,0,0,0,3,3,,,,,,,,,,POINT (-53.230054356785125 47.50328979067849)
2021A00051001446,0,0,0,0,0,0,0,0,0,0,0,0,0,0,0,0,0,0,,,,,,,,,,POINT (-53.208526722475575 47.53310683450041)
2021A00051001452,0,0,0,0,0,0,0,0,0,0,0,0,0,0,0,0,0,0,,,,,,,,,,POINT (-53.28177331884111 47.35469746035195)
2021A00051001456,0,0,0,0,0,0,0,0,0,0,0,0,0,0,0,0,0,0,,,,,,,,,,POINT (-53.238698028271834 47.459244176178146)
2021A00051001461,0,0,0,0,0,0,0,0,0,0,0,0,0,0,0,0,0,0,,,,,,,,,,POINT (-53.21453593210288 47.44701668856268)
2021A00051001464,0,0,0,0,0,0,0,0,0,0,0,0,0,0,0,0,0,0,,,,,,,,,,POINT (-53.220107436271796 47.40559776129909)
2021A00051001469,0,0,0,0,0,0,0,0,0,0,0,0,0,0,0,0,0,0,,,,,,,,,,POINT (-53.18302937888189 47.40858576521453)
2021A00051001472,0,0,0,0,0,0,0,1,1,0,0,0,0,0,0,0,54,54,0.0,0.0,0.0,0.0,0.0,0.0,0.0,6.0,6.0,POINT (-53.13640909823138 47.35280260484353)
2021A00051001485,0,0,2,0,4,0,0,5,5,0,0,10,0,85,0,0,91,91,8.0,28.0,20.0,3.0,99.0,8.0,0.0,333.0,333.0,POINT (-52.99213006663341 47.48913756863373)
2021A00051001490,0,0,0,0,0,0,0,0,0,0,0,0,0,0,0,0,0,0,,,,,,,,,,POINT (-52.98439736487843 47.61564618491234)
2021A00051001494,0,0,0,0,0,0,0,0,0,0,0,0,0,0,0,0,0,0,,,,,,,,,,POINT (-52.94811264325226 47.638171691242015)
2021A00051001504,0,1,0,0,1,2,0,6,6,0,2,0,0,34,2,0,47,47,4.0,11.0,7.0,1.0,23.0,24.0,0.0,126.0,126.0,POINT (-52.83782672465849 47.61686193362839)
2021A00051001505,0,0,0,0,0,0,0,1,1,0,0,0,0,0,0,0,7,7,2.0,2.0,1.0,0.0,16.0,3.0,0.0,28.0,28.0,POINT (-52.778543282514995 47.742111946727164)
2021A00051001507,0,0,0,0,0,0,0,1,1,0,0,0,0,0,0,0,3,3,2.0,2.0,1.0,0.0,14.0,6.0,0.0,31.0,31.0,POINT (-52.7312046242837 47.70069450981292)
2021A00051001509,2,1,1,0,2,0,0,5,5,5,3,3,0,29,0,0,35,35,4.0,4.0,2.0,0.0,51.0,23.0,0.0,90.0,90.0,POINT (-52.75951379825746 47.660429459216736)
2021A00051001511,0,0,0,0,0,0,0,0,0,0,0,0,0,0,0,0,0,0,2.0,2.0,1.0,0.0,22.0,9.0,0.0,37.0,37.0,POINT (-52.68649282768918 47.642683681714985)
2021A00051001512,0,0,0,0,0,0,0,0,0,0,0,0,0,0,0,0,0,0,0.0,0.0,0.0,0.0,0.0,0.0,0.0,0.0,0.0,POINT (-52.818385294168856 47.704770775271776)
2021A00051001517,1,3,3,0,3,1,0,12,12,16,27,18,0,71,1,0,223,223,7.0,17.0,12.0,1.0,43.0,36.0,1.0,288.0,288.0,POINT (-52.88159337473006 47.53169785834609)
2021A00051001519,4,14,5,1,6,5,1,64,64,19,39,27,1,108,50,4,983,983,17.0,42.0,26.0,3.0,99.0,68.0,2.0,787.0,787.0,POINT (-52.73643977473977 47.47074222702003)
2021A00051001542,0,5,2,1,4,2,0,16,16,0,25,9,5,52,11,0,180,180,8.0,18.0,13.0,1.0,48.0,16.0,1.0,244.0,244.0,POINT (-52.81709143419609 47.52070204468247)
2021A00051001551,0,0,0,0,0,0,0,3,3,0,0,0,0,0,0,0,30,30,5.0,12.0,7.0,1.0,7.0,5.0,1.0,56.0,56.0,POINT (-52.71212506199763 47.47681464487395)
2021A00051001557,0,1,1,0,0,0,0,2,2,0,25,25,0,0,0,0,26,26,0.0,2.0,2.0,0.0,0.0,0.0,0.0,37.0,37.0,POINT (-52.801203438741666 47.32395510392242)
2021A00051001559,0,0,0,0,0,0,0,2,2,0,0,0,0,0,0,0,353,353,0.0,2.0,2.0,0.0,0.0,0.0,0.0,38.0,38.0,POINT (-52.831522470933095 47.287594502263936)
2021A00051001565,0,0,0,0,0,0,0,0,0,0,0,0,0,0,0,0,0,0,,,,,,,,,,POINT (-52.9554500634026 47.31331218071789)
2021A00051002001,0,0,0,0,0,0,0,0,0,0,0,0,0,0,0,0,0,0,,,,,,,,,,POINT (-55.244022002337665 47.03338452005444)
2021A00051002002,0,0,0,0,0,0,0,0,0,0,0,0,0,0,0,0,0,0,,,,,,,,,,POINT (-55.2200901099535 47.087469778896164)
2021A00051002005,0,0,0,0,0,0,0,0,0,0,0,0,0,0,0,0,0,0,,,,,,,,,,POINT (-55.16323239714151 47.05683726330465)
2021A00051002006,0,0,0,0,0,0,0,0,0,0,0,0,0,0,0,0,0,0,,,,,,,,,,POINT (-55.36525930989819 46.98363852127855)
2021A00051002008,0,0,0,0,0,0,0,1,1,0,0,0,0,0,0,0,220,220,,,,,,,,,,POINT (-55.40447261494934 46.9045277957018)
2021A00051002009,0,0,0,0,0,0,0,0,0,0,0,0,0,0,0,0,0,0,,,,,,,,,,POINT (-55.638557064461665 46.97402427877323)
2021A00051002011,0,0,0,0,0,0,0,0,0,0,0,0,0,0,0,0,0,0,,,,,,,,,,POINT (-55.53526639247615 46.932672462718585)
2021A00051002012,0,0,0,0,0,0,0,0,0,0,0,0,0,0,0,0,0,0,,,,,,,,,,POINT (-55.7646654944047 46.90474756350529)
2021A00051002013,0,0,0,0,0,0,0,0,0,0,0,0,0,0,0,0,0,0,,,,,,,,,,POINT (-55.66316548238073 46.895322972481736)
2021A00051002014,0,0,0,0,0,0,0,0,0,0,0,0,0,0,0,0,0,0,,,,,,,,,,POINT (-55.95472789604958 46.96147109908187)
2021A00051002015,0,0,0,0,0,0,0,0,0,0,0,0,0,0,0,0,0,0,,,,,,,,,,POINT (-55.749745379357485 46.86650967457072)
2021A00051002016,0,0,0,0,0,0,0,0,0,0,0,0,0,0,0,0,0,0,,,,,,,,,,POINT (-55.67014630077649 47.05529607445463)
2021A00051002017,0,0,0,0,0,0,0,0,0,0,0,0,0,0,0,0,0,0,,,,,,,,,,POINT (-55.414914714627166 47.16761825552584)
2021A00051002018,0,0,0,0,0,0,0,5,5,0,0,0,0,0,0,0,248,248,,,,,,,,,,POINT (-55.859367325334 47.04074938012556)
2021A00051002019,0,0,0,0,0,0,0,0,0,0,0,0,0,0,0,0,0,0,,,,,,,,,,POINT (-55.75589655193395 47.08962189466535)
2021A00051002021,0,0,0,0,0,0,0,0,0,0,0,0,0,0,0,0,0,0,,,,,,,,,,POINT (-55.33799056378944 47.21363093770598)
2021A00051002022,0,0,0,0,0,0,0,0,0,0,0,0,0,0,0,0,0,0,,,,,,,,,,POINT (-55.05866676638316 47.177508933634996)
2021A00051002023,0,0,1,0,1,0,0,1,1,0,0,3,0,3,0,0,3,3,,,,,,,,,,POINT (-55.3227214134518 47.145510062220175)
2021A00051002024,0,1,0,0,0,0,0,6,6,0,2,0,0,0,0,0,132,132,,,,,,,,,,POINT (-55.160340971693934 47.14116959351003)
2021A00051002025,0,0,0,0,0,0,0,0,0,0,0,0,0,0,0,0,0,0,,,,,,,,,,POINT (-55.10715513469213 47.09869422795817)
2021A00051002026,0,0,0,0,0,0,0,0,0,0,0,0,0,0,0,0,0,0,,,,,,,,,,POINT (-55.01813891942345 47.458551652211746)
2021A00051002027,0,0,0,0,0,0,0,0,0,0,0,0,0,0,0,0,0,0,,,,,,,,,,POINT (-54.894892951987806 47.54477073031026)
2021A00051002029,0,0,0,0,0,0,0,0,0,0,0,0,0,0,0,0,0,0,,,,,,,,,,POINT (-54.675254770653225 47.703343686019345)
2021A00051002030,0,0,0,0,0,0,0,0,0,0,0,0,0,0,0,0,0,0,,,,,,,,,,POINT (-54.81157946195839 47.769229711113454)
2021A00051002031,0,0,0,0,0,0,0,0,0,0,0,0,0,0,0,0,0,0,,,,,,,,,,POINT (-54.67142931225174 47.458592584696845)
2021A00051002033,0,0,0,0,0,0,0,0,0,0,0,0,0,0,0,0,0,0,,,,,,,,,,POINT (-54.9246061423817 47.352125910902785)
2021A00051002034,0,0,0,0,0,0,0,0,0,0,0,0,0,0,0,0,0,0,,,,,,,,,,POINT (-54.863484139282505 47.39996812488615)
2021A00051002036,0,0,0,0,0,0,0,1,1,0,0,0,0,0,0,0,3,3,,,,,,,,,,POINT (-54.69876972033015 47.66139526444867)
2021A00051002037,0,0,0,0,0,0,0,0,0,0,0,0,0,0,0,0,0,0,,,,,,,,,,POINT (-55.00425810840141 47.29441546347051)
2021A00051002039,0,0,0,0,0,0,0,1,1,0,0,0,0,0,0,0,7,7,,,,,,,,,,POINT (-54.88101741426524 47.638287855379524)
2021A00051002040,0,0,0,0,0,0,0,0,0,0,0,0,0,0,0,0,0,0,,,,,,,,,,POINT (-54.899282715826345 47.368785579986)
2021A00051002041,0,0,0,0,0,0,0,1,1,0,0,0,0,0,0,0,3,3,,,,,,,,,,POINT (-54.9358368922179 47.52752586102012)
2021A00051002044,0,0,0,0,0,0,0,0,0,0,0,0,0,0,0,0,0,0,,,,,,,,,,POINT (-54.16715704369332 47.814286578821296)
2021A00051002048,0,0,0,0,0,0,0,1,1,0,0,0,0,0,0,0,1,1,,,,,,,,,,POINT (-54.35534333023353 48.016386770427104)
2021A00051002055,0,0,0,0,0,0,0,1,1,0,0,0,0,0,0,0,3,3,,,,,,,,,,POINT (-54.86383030674028 47.557141596659605)
2021A00051003001,0,0,0,0,0,0,0,0,0,0,0,0,0,0,0,0,0,0,,,,,,,,,,POINT (-55.228694546296516 47.859055468398154)
2021A00051003002,0,0,0,0,0,0,0,0,0,0,0,0,0,0,0,0,0,0,,,,,,,,,,POINT (-55.21973301491941 47.642421107220436)
2021A00051003003,0,0,0,0,1,0,0,1,1,0,0,0,0,3,0,0,3,3,,,,,,,,,,POINT (-55.57413415675886 47.47907364618787)
2021A00051003004,0,0,0,0,0,0,0,3,3,0,0,0,0,0,0,0,9,9,,,,,,,,,,POINT (-55.41676193441487 47.525401938079476)
2021A00051003005,0,0,0,0,0,0,0,0,0,0,0,0,0,0,0,0,0,0,,,,,,,,,,POINT (-55.43828831298691 47.68383400118916)
2021A00051003006,0,0,0,0,0,0,0,0,0,0,0,0,0,0,0,0,0,0,,,,,,,,,,POINT (-55.6984669952907 47.52458529619743)
2021A00051003008,0,0,0,0,0,0,0,1,1,0,0,0,0,0,0,0,48,48,,,,,,,,,,POINT (-55.80540160402518 47.47153341128254)
2021A00051003009,0,0,0,0,0,0,0,0,0,0,0,0,0,0,0,0,0,0,,,,,,,,,,POINT (-55.97966340957755 47.649621384971)
2021A00051003010,0,0,0,0,0,0,0,0,0,0,0,0,0,0,0,0,0,0,,,,,,,,,,POINT (-56.07490164397211 47.483028412280916)
2021A00051003011,0,0,0,0,0,0,0,1,1,0,0,0,0,0,0,0,48,48,,,,,,,,,,POINT (-55.94022302812508 47.54563673588388)
2021A00051003012,0,0,0,0,0,0,0,0,0,0,0,0,0,0,0,0,0,0,,,,,,,,,,POINT (-55.914299271135576 47.61300042576762)
2021A00051003014,0,0,0,0,0,0,0,0,0,0,0,0,0,0,0,0,0,0,,,,,,,,,,POINT (-56.13436286350112 47.88395372472204)
2021A00051003018,0,0,0,0,0,0,0,1,1,0,0,0,0,0,0,0,14,14,,,,,,,,,,POINT (-55.7363811430768 47.91390886659095)
2021A00051003019,0,0,0,0,1,0,0,5,5,0,0,0,0,7,0,0,173,173,,,,,,,,,,POINT (-55.851910700257854 47.87996780217785)
2021A00051003020,0,0,0,0,0,0,0,0,0,0,0,0,0,0,0,0,0,0,,,,,,,,,,POINT (-55.75341223043516 47.88390633719323)
2021A00051003021,0,0,0,0,0,0,0,0,0,0,0,0,0,0,0,0,0,0,,,,,,,,,,POINT (-56.63611985074792 47.845335863594066)
2021A00051003024,0,0,0,0,0,0,0,1,1,0,0,0,0,0,0,0,3,3,,,,,,,,,,POINT (-57.23978414527762 47.92191188010761)
2021A00051003026,0,0,0,0,0,0,0,2,2,0,0,0,0,0,0,0,25,25,,,,,,,,,,POINT (-57.39419813906356 47.52033770109653)
2021A00051003028,0,0,0,0,0,0,0,0,0,0,0,0,0,0,0,0,0,0,,,,,,,,,,POINT (-57.635346646875625 47.63644282394197)
2021A00051003031,0,0,0,0,0,0,0,0,0,0,0,0,0,0,0,0,0,0,,,,,,,,,,POINT (-58.923009592702385 47.708774218363935)
2021A00051003032,0,0,0,0,0,0,0,0,0,0,0,0,0,0,0,0,0,0,,,,,,,,,,POINT (-58.96828994415654 47.599150717967426)
2021A00051003033,0,0,0,0,0,0,0,1,1,0,0,0,0,0,0,0,3,3,,,,,,,,,,POINT (-58.866621755157965 47.61460685571755)
2021A00051003034,0,0,0,0,0,0,0,0,0,0,0,0,0,0,0,0,0,0,,,,,,,,,,POINT (-59.13350272794802 47.59971317116468)
2021A00051003038,0,0,0,0,0,0,0,0,0,0,0,0,0,0,0,0,0,0,,,,,,,,,,POINT (-58.046988894247704 47.81397923894196)
2021A00051003042,0,0,0,0,0,0,0,0,0,0,0,0,0,0,0,0,0,0,,,,,,,,,,POINT (-58.636414689667745 47.772805321670326)
2021A00051003045,0,0,0,0,0,0,0,0,0,0,0,0,0,0,0,0,0,0,,,,,,,,,,POINT (-58.68952974241717 47.61864509232519)
2021A00051003801,0,0,0,0,0,0,0,0,0,0,0,0,0,0,0,0,0,0,,,,,,,,,,POINT (-55.693615110744744 47.878552629200854)
2021A00051004001,0,0,0,0,0,0,0,5,5,0,0,0,0,0,0,0,13,13,,,,,,,,,,POINT (-59.10664605300311 47.88780401372139)
2021A00051004006,0,0,0,0,0,0,0,1,1,0,0,0,0,0,0,0,2,2,,,,,,,,,,POINT (-58.683217553438844 48.05693146328909)
2021A00051004011,0,0,0,0,0,0,0,0,0,0,0,0,0,0,0,0,0,0,,,,,,,,,,POINT (-58.11335782323029 48.44743114183427)
2021A00051004013,0,0,0,0,0,0,0,2,2,0,0,0,0,0,0,0,6,6,,,,,,,,,,POINT (-58.481036609906766 48.415381017495804)
2021A00051004016,0,0,0,0,0,0,0,0,0,0,0,0,0,0,0,0,0,0,,,,,,,,,,POINT (-58.43315833793177 48.736440610119004)
2021A00051004017,0,0,0,0,0,0,0,0,0,0,0,0,0,0,0,0,0,0,,,,,,,,,,POINT (-58.23976265158023 48.70378345924131)
2021A00051004018,0,0,0,0,0,0,0,0,0,0,0,0,0,0,0,0,0,0,,,,,,,,,,POINT (-58.45710249886445 48.5230206116425)
2021A00051004019,0,0,0,0,0,0,0,5,5,0,0,0,0,0,0,0,163,163,,,,,,,,,,POINT (-58.57854243012728 48.5523768666752)
2021A00051004020,0,0,0,0,0,0,0,0,0,0,0,0,0,0,0,0,0,0,,,,,,,,,,POINT (-58.624171973053784 48.557149470863315)
2021A00051004021,0,0,0,0,2,0,0,12,12,0,0,0,0,6,0,0,252,252,,,,,,,,,,POINT (-58.670482381660925 48.57831530942587)
2021A00051004022,0,0,0,0,0,0,0,2,2,0,0,0,0,0,0,0,6,6,,,,,,,,,,POINT (-58.843152251201225 48.584648068596216)
2021A00051004033,0,0,0,0,0,0,0,1,1,0,0,0,0,0,0,0,7,7,,,,,,,,,,POINT (-59.18835812216085 48.4959865357877)
2021A00051004037,0,0,0,0,0,0,0,3,3,0,0,0,0,0,0,0,9,9,,,,,,,,,,POINT (-58.990935268858145 48.648576818897276)
2021A00051004042,0,0,0,0,0,0,0,0,0,0,0,0,0,0,0,0,0,0,,,,,,,,,,POINT (-58.78135382663549 48.543385440057826)
2021A00051005001,0,0,0,0,0,0,0,0,0,0,0,0,0,0,0,0,0,0,,,,,,,,,,POINT (-57.328201669275984 48.917448474759446)
2021A00051005003,0,0,0,0,0,0,0,0,0,0,0,0,0,0,0,0,0,0,,,,,,,,,,POINT (-57.10923689416602 49.76527465752878)
2021A00051005004,0,0,0,0,2,0,0,3,3,0,0,0,0,38,0,0,45,45,,,,,,,,,,POINT (-57.391423456661634 49.192467313864846)
2021A00051005005,0,0,0,0,0,0,0,1,1,0,0,0,0,0,0,0,3,3,,,,,,,,,,POINT (-56.80834905379786 49.8691263058755)
2021A00051005006,0,0,0,0,0,0,0,0,0,0,0,0,0,0,0,0,0,0,,,,,,,,,,POINT (-57.096262183654375 49.15192896292583)
2021A00051005007,0,0,0,0,0,0,0,0,0,0,0,0,0,0,0,0,0,0,,,,,,,,,,POINT (-57.047991394473684 49.410064105794255)
2021A00051005008,0,0,0,0,1,0,0,1,1,0,0,0,0,35,0,0,35,35,,,,,,,,,,POINT (-56.89333416149722 49.551680829056316)
2021A00051005009,0,0,0,0,0,0,0,1,1,0,0,0,0,0,0,0,2,2,,,,,,,,,,POINT (-57.3725518644414 49.26192818720833)
2021A00051005010,0,0,0,0,0,0,0,0,0,0,0,0,0,0,0,0,0,0,0.0,0.0,0.0,0.0,0.0,0.0,0.0,0.0,0.0,POINT (-57.71322394732833 48.992595868611254)
2021A00051005011,0,0,0,0,0,0,0,0,0,0,0,0,0,0,0,0,0,0,0.0,0.0,1.0,0.0,2.0,0.0,0.0,11.0,11.0,POINT (-57.813484460883046 48.96021579374302)
2021A00051005012,0,0,0,0,0,1,0,3,3,0,0,0,0,0,1,0,39,39,0.0,0.0,0.0,0.0,0.0,9.0,0.0,28.0,28.0,POINT (-57.56725909723393 49.00757963288253)
2021A00051005014,0,0,0,0,0,0,0,1,1,0,0,0,0,0,0,0,1,1,,,,,,,,,,POINT (-57.392521878414485 49.310074365035575)
2021A00051005015,0,0,0,0,0,0,0,1,1,0,0,0,0,0,0,0,36,36,,,,,,,,,,POINT (-58.081843786942606 49.022340161273355)
2021A00051005016,0,0,0,0,0,0,0,0,0,0,0,0,0,0,0,0,0,0,,,,,,,,,,POINT (-57.978995191898605 48.767956477448216)
2021A00051005017,0,0,0,0,0,0,0,0,0,0,0,0,0,0,0,0,0,0,0.0,0.0,2.0,0.0,5.0,0.0,0.0,39.0,39.0,POINT (-57.89284322131067 48.937622878734985)
2021A00051005018,0,0,1,0,3,0,0,12,12,0,0,3,0,9,0,0,100,100,0.0,0.0,3.0,0.0,8.0,0.0,0.0,154.0,154.0,POINT (-57.91203972364024 48.926308531242846)
2021A00051005019,0,0,0,0,0,0,0,0,0,0,0,0,0,0,0,0,0,0,,,,,,,,,,POINT (-58.261656850588395 48.95741315239688)
2021A00051005020,0,0,0,0,0,0,0,1,1,0,0,0,0,0,0,0,346,346,0.0,0.0,0.0,0.0,0.0,0.0,0.0,67.0,67.0,POINT (-58.17347593862364 49.020268655569936)
2021A00051005022,0,0,0,0,0,0,0,0,0,0,0,0,0,0,0,0,0,0,,,,,,,,,,POINT (-58.10741981881841 49.064216452116526)
2021A00051005023,0,0,0,0,0,0,0,1,1,0,0,0,0,0,0,0,22,22,,,,,,,,,,POINT (-58.08517416874895 49.10894157361529)
2021A00051005024,0,0,0,0,0,0,0,0,0,0,0,0,0,0,0,0,0,0,,,,,,,,,,POINT (-58.39181279787551 49.10758552777735)
2021A00051005025,0,0,0,0,0,0,0,0,0,0,0,0,0,0,0,0,0,0,0.0,0.0,1.0,0.0,2.0,0.0,0.0,14.0,14.0,POINT (-58.043698607273896 48.9950053446203)
2021A00051005028,0,0,0,0,0,0,0,0,0,0,0,0,0,0,0,0,0,0,0.0,0.0,1.0,0.0,2.0,0.0,0.0,7.0,7.0,POINT (-57.878592568361185 49.00028677737346)
2021A00051005030,0,0,0,0,0,0,0,0,0,0,0,0,0,0,0,0,0,0,0.0,0.0,1.0,0.0,2.0,0.0,0.0,18.0,18.0,POINT (-57.938331770844705 48.988027442281854)
2021A00051005033,0,0,0,0,0,0,0,0,0,0,0,0,0,0,0,0,0,0,0.0,0.0,1.0,0.0,2.0,0.0,0.0,21.0,21.0,POINT (-58.071466445016874 48.959699878546886)
2021A00051005035,0,0,0,0,0,0,0,1,1,0,0,0,0,0,0,0,1,1,,,,,,,,,,POINT (-58.31263234837014 49.057265464369976)
2021A00051006001,0,0,0,0,0,0,0,0,0,0,0,0,0,0,0,0,0,0,,,,,,,,,,POINT (-55.53316249073199 48.77847592556924)
2021A00051006003,0,0,0,0,0,0,0,0,0,0,0,0,0,0,0,0,0,0,,,,,,,,,,POINT (-55.241541490167684 49.07796511189339)
2021A00051006008,0,0,0,0,0,0,0,0,0,0,0,0,0,0,0,0,0,0,0.0,0.0,0.0,0.0,0.0,0.0,0.0,0.0,0.0,POINT (-54.96852180625378 48.731437758173904)
2021A00051006009,0,1,0,0,1,0,0,3,3,0,37,0,0,3,0,0,43,43,0.0,62.0,0.0,0.0,5.0,0.0,0.0,106.0,106.0,POINT (-54.59336177531689 48.95305715213384)
2021A00051006011,0,0,0,0,0,0,0,0,0,0,0,0,0,0,0,0,0,0,0.0,0.0,0.0,0.0,0.0,0.0,0.0,0.0,0.0,POINT (-54.8574808945662 48.98171192461791)
2021A00051006012,0,0,0,0,0,0,0,0,0,0,0,0,0,0,0,0,0,0,0.0,0.0,0.0,0.0,0.0,0.0,0.0,0.0,0.0,POINT (-54.88496708520102 48.981896164154165)
2021A00051006014,0,0,0,0,0,0,0,0,0,0,0,0,0,0,0,0,0,0,,,,,,,,,,POINT (-56.22053882973165 49.074341171307665)
2021A00051006015,0,0,0,0,0,0,0,0,0,0,0,0,0,0,0,0,0,0,,,,,,,,,,POINT (-55.38911227560636 49.184688633537064)
2021A00051006017,0,0,0,0,0,0,0,0,0,0,0,0,0,0,0,0,0,0,0.0,4.0,0.0,0.0,0.0,0.0,0.0,37.0,37.0,POINT (-55.679792491769746 48.96865505946553)
2021A00051006019,0,1,0,0,0,0,0,6,6,0,5,0,0,0,0,0,41,41,,,,,,,,,,POINT (-55.49617855768651 49.02134077993463)
2021A00051006021,0,0,1,0,1,0,0,1,1,0,0,3,0,3,0,0,3,3,,,,,,,,,,POINT (-55.341937147634965 49.11259674038867)
2021A00051006022,0,0,0,0,0,0,0,1,1,0,0,0,0,0,0,0,7,7,,,,,,,,,,POINT (-55.375334897717444 49.13533072007806)
2021A00051006026,0,0,0,0,0,0,0,0,0,0,0,0,0,0,0,0,0,0,,,,,,,,,,POINT (-56.04142764555698 48.977863393795744)
2021A00051006028,0,0,0,0,0,0,0,0,0,0,0,0,0,0,0,0,0,0,,,,,,,,,,POINT (-56.5363029371658 48.811859214323285)
2021A00051006029,0,0,0,0,0,0,0,1,1,0,0,0,0,0,0,0,1,1,,,,,,,,,,POINT (-57.00401445164847 48.60572201369816)
2021A00051006031,0,0,0,0,0,0,0,0,0,0,0,0,0,0,0,0,0,0,,,,,,,,,,POINT (-56.85051098335682 48.820179487789225)
2021A00051007001,0,0,0,0,0,0,0,3,3,0,0,0,0,0,0,0,8,8,,,,,,,,,,POINT (-53.93606063114396 48.06930621314159)
2021A00051007006,0,1,0,0,0,0,0,5,5,0,2,0,0,0,0,0,231,231,,,,,,,,,,POINT (-53.636350627027355 48.11884956157187)
2021A00051007009,0,0,0,0,0,0,0,0,0,0,0,0,0,0,0,0,0,0,,,,,,,,,,POINT (-53.63664938007077 48.26905743678682)
2021A00051007013,1,2,1,0,2,1,0,6,6,16,18,16,0,8,1,0,29,29,,,,,,,,,,POINT (-54.05731490454305 48.1801701770761)
2021A00051007014,0,0,0,0,0,0,0,2,2,0,0,0,0,0,0,0,6,6,,,,,,,,,,POINT (-53.44289408259915 48.40291288642898)
2021A00051007015,0,0,0,0,0,0,0,0,0,0,0,0,0,0,0,0,0,0,,,,,,,,,,POINT (-53.40002618286179 48.374679819058876)
2021A00051007016,0,0,0,0,0,0,0,1,1,0,0,0,0,0,0,0,3,3,,,,,,,,,,POINT (-53.331432270419526 48.39893363790867)
2021A00051007018,0,0,0,0,0,0,0,0,0,0,0,0,0,0,0,0,0,0,,,,,,,,,,POINT (-53.13214207387616 48.52883806844878)
2021A00051007020,0,0,0,0,0,0,0,0,0,0,0,0,0,0,0,0,0,0,,,,,,,,,,POINT (-53.050102394540545 48.63425203577118)
2021A00051007022,0,0,0,0,0,0,0,1,1,0,0,0,0,0,0,0,2,2,,,,,,,,,,POINT (-53.04751452999471 48.55296954664162)
2021A00051007023,0,2,0,0,0,0,0,6,6,0,2,0,0,0,0,0,381,381,,,,,,,,,,POINT (-53.101105187153735 48.64283069881909)
2021A00051007024,0,1,1,0,0,0,0,1,1,0,1,1,0,0,0,0,1,1,,,,,,,,,,POINT (-53.203758908378035 48.541363706561)
2021A00051007025,0,0,0,0,0,0,0,0,0,0,0,0,0,0,0,0,0,0,,,,,,,,,,POINT (-53.39322631669576 48.60275798391427)
2021A00051007026,0,0,0,0,0,0,0,0,0,0,0,0,0,0,0,0,0,0,,,,,,,,,,POINT (-53.38643065342043 48.58470623608553)
2021A00051007027,0,0,0,0,0,0,0,0,0,0,0,0,0,0,0,0,0,0,,,,,,,,,,POINT (-53.37961885493304 48.55770163101345)
2021A00051007028,0,0,0,0,0,0,0,2,2,0,0,0,0,0,0,0,4,4,,,,,,,,,,POINT (-53.55316479605658 48.42322028129452)
2021A00051007031,0,0,1,0,4,0,0,4,4,0,0,3,0,116,0,0,116,116,,,,,,,,,,POINT (-54.29701488589337 48.364266379084455)
2021A00051007032,0,0,0,0,0,0,0,0,0,0,0,0,0,0,0,0,0,0,,,,,,,,,,POINT (-53.894984362345696 48.413098199895295)
2021A00051007036,0,0,0,0,0,0,0,0,0,0,0,0,0,0,0,0,0,0,,,,,,,,,,POINT (-54.17364381754675 48.338652333123605)
2021A00051007037,0,0,0,0,0,0,0,0,0,0,0,0,0,0,0,0,0,0,,,,,,,,,,POINT (-53.97323943914417 48.671133019551505)
2021A00051007038,0,0,0,0,1,0,0,1,1,0,0,0,0,3,0,0,3,3,,,,,,,,,,POINT (-54.43178356013689 48.47512160628108)
2021A00051007039,0,0,0,0,0,0,0,2,2,0,0,0,0,0,0,0,8,8,,,,,,,,,,POINT (-53.71010431068803 48.646606167338994)
2021A00051007040,0,0,0,0,0,0,0,0,0,0,0,0,0,0,0,0,0,0,,,,,,,,,,POINT (-54.212572687827894 48.503886081828654)
2021A00051007041,0,0,0,0,1,0,0,2,2,0,0,0,0,15,0,0,63,63,,,,,,,,,,POINT (-53.786609505590754 48.63782108240905)
2021A00051007042,0,0,0,0,0,0,0,0,0,0,0,0,0,0,0,0,0,0,,,,,,,,,,POINT (-53.77376787508128 48.66840881400961)
2021A00051007043,0,0,0,0,0,0,0,0,0,0,0,0,0,0,0,0,0,0,,,,,,,,,,POINT (-53.822903007322466 48.65980886728069)
2021A00051007044,0,1,1,0,0,0,0,3,3,0,1,1,0,0,0,0,104,104,,,,,,,,,,POINT (-54.055776850086275 48.70017499682376)
2021A00051007045,0,0,0,0,0,0,0,0,0,0,0,0,0,0,0,0,0,0,,,,,,,,,,POINT (-54.56387437014437 48.69852063130319)
2021A00051007046,0,0,0,0,0,0,0,0,0,0,0,0,0,0,0,0,0,0,,,,,,,,,,POINT (-53.66211564644267 48.671902502508864)
2021A00051007047,0,0,0,0,0,0,0,2,2,0,0,0,0,0,0,0,9,9,,,,,,,,,,POINT (-54.23137891860154 48.80894124016619)
2021A00051007048,0,0,0,0,0,0,0,0,0,0,0,0,0,0,0,0,0,0,,,,,,,,,,POINT (-53.67517685830097 48.85316280641261)
2021A00051007049,0,0,0,0,0,0,0,0,0,0,0,0,0,0,0,0,0,0,,,,,,,,,,POINT (-54.02664374732421 48.85505466299271)
2021A00051007050,0,0,0,0,0,0,0,1,1,0,0,0,0,0,0,0,8,8,,,,,,,,,,POINT (-53.92466101692508 48.99645458836797)
2021A00051007051,0,0,0,0,0,0,0,0,0,0,0,0,0,0,0,0,0,0,,,,,,,,,,POINT (-54.17544761979327 49.060762189086425)
2021A00051007054,0,0,0,0,0,0,0,1,1,0,0,0,0,0,0,0,3,3,,,,,,,,,,POINT (-53.57740086161178 49.07316428542065)
2021A00051007056,0,0,0,0,0,0,0,0,0,0,0,0,0,0,0,0,0,0,,,,,,,,,,POINT (-53.7390176661812 49.20206579542598)
2021A00051007057,0,0,0,0,1,0,0,4,4,0,0,0,0,3,0,0,102,102,,,,,,,,,,POINT (-53.95320734924454 48.88667630711945)
2021A00051007060,0,0,0,0,0,0,0,5,5,0,0,0,0,0,0,0,362,362,,,,,,,,,,POINT (-53.59476698105024 49.16150560422947)
2021A00051007067,0,0,0,0,0,0,0,1,1,0,0,0,0,0,0,0,3,3,,,,,,,,,,POINT (-53.96632836455523 49.06193870052909)
2021A00051008001,0,0,0,0,0,0,0,0,0,0,0,0,0,0,0,0,0,0,,,,,,,,,,POINT (-54.004957780512015 49.268299967219164)
2021A00051008004,0,0,0,0,0,0,0,2,2,0,0,0,0,0,0,0,6,6,,,,,,,,,,POINT (-53.60099856832257 49.296313325037524)
2021A00051008006,0,0,0,0,0,0,0,3,3,0,0,0,0,0,0,0,9,9,,,,,,,,,,POINT (-53.978707115270694 49.41285358020756)
2021A00051008008,0,0,0,0,1,0,0,2,2,0,0,0,0,3,0,0,25,25,,,,,,,,,,POINT (-54.30350091301447 49.25952681514768)
2021A00051008011,0,0,0,0,0,0,0,1,1,0,0,0,0,0,0,0,3,3,,,,,,,,,,POINT (-54.27837752619806 49.3678177568165)
2021A00051008024,0,0,0,0,0,0,0,1,1,0,0,0,0,0,0,0,3,3,,,,,,,,,,POINT (-54.39851294719783 49.6653235530315)
2021A00051008026,0,0,0,0,0,0,0,0,0,0,0,0,0,0,0,0,0,0,,,,,,,,,,POINT (-54.71107203445129 49.61697181511668)
2021A00051008029,0,0,0,0,0,0,0,0,0,0,0,0,0,0,0,0,0,0,,,,,,,,,,POINT (-54.80045534909636 49.67846228823057)
2021A00051008031,0,0,0,0,0,0,0,0,0,0,0,0,0,0,0,0,0,0,,,,,,,,,,POINT (-54.65747210279894 49.56289299914704)
2021A00051008032,0,0,0,0,0,0,0,1,1,0,0,0,0,0,0,0,3,3,,,,,,,,,,POINT (-54.845312482549645 49.4877105343091)
2021A00051008033,0,0,0,0,1,0,0,2,2,0,0,0,0,75,0,0,78,78,,,,,,,,,,POINT (-54.795558091245866 49.499126552663704)
2021A00051008035,0,0,0,0,0,0,0,0,0,0,0,0,0,0,0,0,0,0,,,,,,,,,,POINT (-54.74201271543663 49.645380685017194)
2021A00051008036,0,0,0,0,0,0,0,0,0,0,0,0,0,0,0,0,0,0,,,,,,,,,,POINT (-54.72206947187682 49.44899801708465)
2021A00051008037,0,0,0,0,0,0,0,0,0,0,0,0,0,0,0,0,0,0,,,,,,,,,,POINT (-54.93621313037176 49.27136854116031)
2021A00051008038,0,0,0,0,0,0,0,0,0,0,0,0,0,0,0,0,0,0,,,,,,,,,,POINT (-54.71525945590049 49.327675378032176)
2021A00051008039,0,0,0,0,0,0,0,2,2,0,0,0,0,0,0,0,222,222,,,,,,,,,,POINT (-54.885469675067704 49.3649835735556)
2021A00051008040,0,0,0,0,0,0,0,0,0,0,0,0,0,0,0,0,0,0,,,,,,,,,,POINT (-54.783309176038216 49.32547172881481)
2021A00051008042,0,0,0,0,0,0,0,0,0,0,0,0,0,0,0,0,0,0,,,,,,,,,,POINT (-55.17383958014338 49.22531854346827)
2021A00051008043,0,0,0,0,0,0,0,0,0,0,0,0,0,0,0,0,0,0,,,,,,,,,,POINT (-55.04249534487439 49.3128870476748)
2021A00051008044,0,0,0,0,1,0,0,2,2,0,0,0,0,7,0,0,14,14,,,,,,,,,,POINT (-55.060955310103765 49.25775707717662)
2021A00051008045,0,0,0,0,0,0,0,0,0,0,0,0,0,0,0,0,0,0,,,,,,,,,,POINT (-55.08794157871179 49.33942083590686)
2021A00051008046,0,0,0,0,0,0,0,0,0,0,0,0,0,0,0,0,0,0,,,,,,,,,,POINT (-55.44055203781836 49.28655934945844)
2021A00051008047,0,0,0,0,0,0,0,0,0,0,0,0,0,0,0,0,0,0,,,,,,,,,,POINT (-55.262850361563466 49.27462684148337)
2021A00051008048,0,0,0,0,1,0,0,2,2,0,0,0,0,3,0,0,6,6,,,,,,,,,,POINT (-55.430066913688634 49.48240359685849)
2021A00051008049,0,0,0,0,0,0,0,1,1,0,0,0,0,0,0,0,15,15,,,,,,,,,,POINT (-55.42554077851542 49.328507635599294)
2021A00051008052,0,0,0,0,0,0,0,0,0,0,0,0,0,0,0,0,0,0,,,,,,,,,,POINT (-55.66962960548174 49.497309996447385)
2021A00051008053,0,0,0,0,0,0,0,0,0,0,0,0,0,0,0,0,0,0,,,,,,,,,,POINT (-55.72100879109189 49.52343203112016)
2021A00051008054,0,0,0,0,0,0,0,9,9,0,0,0,0,0,0,0,286,286,,,,,,,,,,POINT (-55.6236255350013 49.51802902585241)
2021A00051008055,0,0,0,0,0,0,0,0,0,0,0,0,0,0,0,0,0,0,,,,,,,,,,POINT (-55.65222397099743 49.535916709168575)
2021A00051008056,0,0,0,0,0,0,0,1,1,0,0,0,0,0,0,0,3,3,,,,,,,,,,POINT (-55.68623297014235 49.5943890704272)
2021A00051008058,0,0,0,0,0,0,0,0,0,0,0,0,0,0,0,0,0,0,,,,,,,,,,POINT (-55.96369150240276 49.39551515013486)
2021A00051008059,0,0,0,0,0,0,0,1,1,0,0,0,0,0,0,0,3,3,,,,,,,,,,POINT (-56.08450580832386 49.40159180733947)
2021A00051008060,0,0,0,0,0,0,0,0,0,0,0,0,0,0,0,0,0,0,,,,,,,,,,POINT (-55.85232065308059 49.47111608652189)
2021A00051008061,0,0,0,0,2,0,0,4,4,0,0,0,0,4,0,0,22,22,,,,,,,,,,POINT (-56.056873374278396 49.515825849678436)
2021A00051008062,0,0,0,0,0,0,0,0,0,0,0,0,0,0,0,0,0,0,,,,,,,,,,POINT (-55.864180559833166 49.535712165054726)
2021A00051008063,0,0,0,0,0,0,0,1,1,0,0,0,0,0,0,0,7,7,,,,,,,,,,POINT (-55.95234819015725 49.60024967244241)
2021A00051008064,0,0,0,0,0,0,0,0,0,0,0,0,0,0,0,0,0,0,,,,,,,,,,POINT (-55.801547088001385 49.64907589291096)
2021A00051008065,0,0,0,0,0,0,0,0,0,0,0,0,0,0,0,0,0,0,,,,,,,,,,POINT (-56.10815677597339 49.562628055545176)
2021A00051008066,0,0,0,0,0,0,0,0,0,0,0,0,0,0,0,0,0,0,,,,,,,,,,POINT (-55.89996299393513 49.64644913511689)
2021A00051008067,0,0,0,0,0,0,0,1,1,0,0,0,0,0,0,0,3,3,,,,,,,,,,POINT (-55.8701342054189 49.81881246610721)
2021A00051008069,0,0,0,0,0,0,0,2,2,0,0,0,0,0,0,0,26,26,,,,,,,,,,POINT (-56.21843597633736 49.58320269065795)
2021A00051008070,0,0,0,0,0,0,0,1,1,0,0,0,0,0,0,0,3,3,,,,,,,,,,POINT (-55.866080015171505 49.79384952857341)
2021A00051008071,0,0,0,0,0,0,0,0,0,0,0,0,0,0,0,0,0,0,,,,,,,,,,POINT (-56.02627533580811 49.749929373674156)
2021A00051008072,0,0,0,0,0,0,0,0,0,0,0,0,0,0,0,0,0,0,,,,,,,,,,POINT (-56.13481948237434 49.70972836921467)
2021A00051008073,0,0,0,0,0,0,0,0,0,0,0,0,0,0,0,0,0,0,,,,,,,,,,POINT (-55.62073652716315 49.888161358575424)
2021A00051008074,0,0,0,0,0,0,0,0,0,0,0,0,0,0,0,0,0,0,,,,,,,,,,POINT (-56.52018949100269 49.6441575229719)
2021A00051008075,0,0,0,0,0,0,0,0,0,0,0,0,0,0,0,0,0,0,,,,,,,,,,POINT (-56.17096043388546 50.1259849277022)
2021A00051008076,0,0,0,0,0,0,0,3,3,0,0,0,0,0,0,0,17,17,,,,,,,,,,POINT (-55.61722115920905 49.955261747748075)
2021A00051008077,0,0,0,0,0,0,0,1,1,0,0,0,0,0,0,0,3,3,,,,,,,,,,POINT (-55.707053558456586 49.936416832732625)
2021A00051008078,0,0,0,0,0,0,0,0,0,0,0,0,0,0,0,0,0,0,,,,,,,,,,POINT (-55.89723003296542 49.98881630835136)
2021A00051008079,0,0,0,0,0,0,0,1,1,0,0,0,0,0,0,0,7,7,,,,,,,,,,POINT (-56.142554356872665 49.89396503191065)
2021A00051008091,0,0,0,0,0,0,0,0,0,0,0,0,0,0,0,0,0,0,,,,,,,,,,POINT (-56.3758395089742 49.93331831869632)
2021A00051008092,0,0,0,0,0,0,0,0,0,0,0,0,0,0,0,0,0,0,,,,,,,,,,POINT (-56.12118303007419 50.075547096352715)
2021A00051008093,0,0,1,0,1,0,0,1,1,0,0,7,0,7,0,0,7,7,,,,,,,,,,POINT (-56.610094098177484 49.78638550133019)
2021A00051008095,0,0,0,0,0,0,0,0,0,0,0,0,0,0,0,0,0,0,,,,,,,,,,POINT (-56.043647792215694 49.975773997743666)
2021A00051008096,0,0,0,0,0,0,0,0,0,0,0,0,0,0,0,0,0,0,,,,,,,,,,POINT (-55.87757626292057 49.965295917440834)
2021A00051008098,0,0,0,0,0,0,0,0,0,0,0,0,0,0,0,0,0,0,,,,,,,,,,POINT (-55.800707541499094 49.54267632265272)
2021A00051008099,0,0,0,0,0,0,0,6,6,0,0,0,0,0,0,0,174,174,,,,,,,,,,POINT (-54.20207692741397 49.657388506855355)
2021A00051009001,0,0,0,0,0,0,0,0,0,0,0,0,0,0,0,0,0,0,,,,,,,,,,POINT (-56.49159317955173 50.70827071541244)
2021A00051009004,0,0,0,0,0,0,0,2,2,0,0,0,0,0,0,0,10,10,,,,,,,,,,POINT (-56.07470135430691 50.766849570861226)
2021A00051009007,0,0,0,0,0,0,0,1,1,0,0,0,0,0,0,0,3,3,,,,,,,,,,POINT (-56.095510288625704 50.846377182394534)
2021A00051009008,0,0,0,0,0,0,0,2,2,0,0,0,0,0,0,0,98,98,,,,,,,,,,POINT (-55.8883358760601 50.891113253777206)
2021A00051009009,0,0,0,0,0,0,0,0,0,0,0,0,0,0,0,0,0,0,,,,,,,,,,POINT (-57.680086652987974 49.504014946561036)
2021A00051009010,0,0,0,0,0,0,0,1,1,0,0,0,0,0,0,0,3,3,,,,,,,,,,POINT (-58.1241461878951 49.4739860811868)
2021A00051009011,0,0,0,0,0,0,0,1,1,0,0,0,0,0,0,0,48,48,,,,,,,,,,POINT (-57.92621744012234 49.49766337975894)
2021A00051009012,0,0,0,0,0,0,0,0,0,0,0,0,0,0,0,0,0,0,,,,,,,,,,POINT (-57.87954038818568 49.53026495052131)
2021A00051009013,0,1,1,0,0,0,0,2,2,0,1,1,0,0,0,0,96,96,,,,,,,,,,POINT (-57.90500422985696 49.58584900110585)
2021A00051009015,0,0,0,0,0,0,0,2,2,0,0,0,0,0,0,0,4,4,,,,,,,,,,POINT (-57.57997685860052 50.232845614164695)
2021A00051009016,0,0,0,0,0,0,0,0,0,0,0,0,0,0,0,0,0,0,,,,,,,,,,POINT (-57.765693068120065 49.9163651890964)
2021A00051009017,0,0,0,0,0,0,0,0,0,0,0,0,0,0,0,0,0,0,,,,,,,,,,POINT (-57.69273318081402 50.03489617964419)
2021A00051009018,0,0,0,0,0,0,0,0,0,0,0,0,0,0,0,0,0,0,,,,,,,,,,POINT (-57.15400539683195 50.60501427984297)
2021A00051009019,0,0,0,0,0,0,0,0,0,0,0,0,0,0,0,0,0,0,,,,,,,,,,POINT (-57.25240691988379 50.66436788603021)
2021A00051009020,0,0,0,0,0,0,0,1,1,0,0,0,0,0,0,0,3,3,,,,,,,,,,POINT (-57.81246014161827 49.850629704033466)
2021A00051009021,0,0,0,0,0,0,0,6,6,0,0,0,0,0,0,0,37,37,,,,,,,,,,POINT (-56.556782026032344 51.21227815110268)
2021A00051009022,0,0,0,0,0,0,0,0,0,0,0,0,0,0,0,0,0,0,,,,,,,,,,POINT (-57.309487189322624 50.701849702523624)
2021A00051009023,0,0,0,0,0,0,0,8,8,0,0,0,0,0,0,0,128,128,,,,,,,,,,POINT (-56.78877812518108 51.237537257691756)
2021A00051009024,0,0,0,0,0,0,0,3,3,0,0,0,0,0,0,0,17,17,,,,,,,,,,POINT (-56.71786693578601 51.29606470079329)
2021A00051009026,0,0,0,0,0,0,0,2,2,0,0,0,0,0,0,0,6,6,,,,,,,,,,POINT (-56.922035288619256 51.041752585460905)
2021A00051009028,0,0,0,0,0,0,0,2,2,0,0,0,0,0,0,0,23,23,,,,,,,,,,POINT (-56.02618597362288 51.180326722917464)
2021A00051009029,0,0,0,0,0,0,0,3,3,0,0,0,0,0,0,0,112,112,,,,,,,,,,POINT (-55.627150688941455 51.38281696973496)
2021A00051009030,0,0,0,0,0,0,0,0,0,0,0,0,0,0,0,0,0,0,,,,,,,,,,POINT (-57.91088273834062 49.45203038100709)
2021A00051009031,0,0,0,0,0,0,0,0,0,0,0,0,0,0,0,0,0,0,,,,,,,,,,POINT (-55.73394793112189 51.45710288187593)
2021A00051009032,0,1,0,0,0,0,0,3,3,0,3,0,0,0,0,0,8,8,,,,,,,,,,POINT (-55.479811194006956 51.5176413240237)
2021A00051009034,0,0,0,0,0,0,0,2,2,0,0,0,0,0,0,0,18,18,,,,,,,,,,POINT (-55.86297696443271 51.61042169206333)
2021A00051009035,0,0,0,0,0,0,0,0,0,0,0,0,0,0,0,0,0,0,,,,,,,,,,POINT (-55.71558481155257 51.55608046016949)
2021A00051009037,0,0,0,0,0,0,0,0,0,0,0,0,0,0,0,0,0,0,,,,,,,,,,POINT (-57.9289244738655 49.72601234072442)
2021A00051009039,0,0,0,0,0,0,0,0,0,0,0,0,0,0,0,0,0,0,,,,,,,,,,POINT (-55.61595783566977 51.304261857097735)
2021A00051009041,0,0,0,0,0,0,0,0,0,0,0,0,0,0,0,0,0,0,,,,,,,,,,POINT (-57.38116414232709 50.15808653910463)
2021A00051009042,0,0,0,0,0,0,0,0,0,0,0,0,0,0,0,0,0,0,,,,,,,,,,POINT (-57.529269476953175 50.325356762461205)
2021A00051009047,0,0,0,0,0,0,0,0,0,0,0,0,0,0,0,0,0,0,,,,,,,,,,POINT (-57.00418175607764 50.59109371691149)
2021A00051009048,0,0,0,0,0,0,0,1,1,0,0,0,0,0,0,0,22,22,,,,,,,,,,POINT (-57.38478380388718 50.5311666512457)
2021A00051010001,0,0,0,0,0,0,0,0,0,0,0,0,0,0,0,0,0,0,,,,,,,,,,POINT (-56.762839107994736 51.83168981867976)
2021A00051010002,0,0,0,0,0,0,0,6,6,0,0,0,0,0,0,0,331,331,,,,,,,,,,POINT (-56.8355992200874 51.52738486594626)
2021A00051010003,0,0,0,0,0,0,0,0,0,0,0,0,0,0,0,0,0,0,,,,,,,,,,POINT (-56.41854163978339 51.73725880710473)
2021A00051010004,0,0,0,0,0,0,0,0,0,0,0,0,0,0,0,0,0,0,,,,,,,,,,POINT (-57.06275953199773 51.46149952883274)
2021A00051010005,0,0,0,0,0,0,0,0,0,0,0,0,0,0,0,0,0,0,,,,,,,,,,POINT (-56.962610796026205 51.487739424833656)
2021A00051010006,0,0,0,0,0,0,0,0,0,0,0,0,0,0,0,0,0,0,,,,,,,,,,POINT (-56.720612508340665 51.59707658179265)
2021A00051010007,0,0,0,0,0,0,0,0,0,0,0,0,0,0,0,0,0,0,,,,,,,,,,POINT (-56.71065870950449 51.635268775747974)
2021A00051010008,0,0,0,0,0,0,0,0,0,0,0,0,0,0,0,0,0,0,,,,,,,,,,POINT (-57.70648479549369 53.064303969196764)
2021A00051010009,0,0,0,0,0,0,0,1,1,0,0,0,0,0,0,0,1,1,,,,,,,,,,POINT (-56.33209880526547 52.54241712291567)
2021A00051010010,0,0,0,0,0,0,0,1,1,0,0,0,0,0,0,0,3,3,,,,,,,,,,POINT (-55.71170706206399 52.37455957291518)
2021A00051010011,0,0,0,0,0,0,0,1,1,0,0,0,0,0,0,0,48,48,,,,,,,,,,POINT (-55.84466426160847 52.28128533278157)
2021A00051010012,0,0,0,0,0,0,0,1,1,0,0,0,0,0,0,0,48,48,,,,,,,,,,POINT (-56.99422014780664 53.70239212429525)
2021A00051010013,0,0,0,0,0,0,0,1,1,0,0,0,0,0,0,0,2,2,,,,,,,,,,POINT (-56.137167585933554 52.76335425807338)
2021A00051010020,0,0,0,0,0,0,0,0,0,0,0,0,0,0,0,0,0,0,,,,,,,,,,POINT (-61.20080982968843 53.225439421811984)
2021A00051010022,0,0,0,0,0,0,0,0,0,0,0,0,0,0,0,0,0,0,,,,,,,,,,POINT (-60.144751344112414 53.53964719784053)
2021A00051010025,0,1,0,0,0,0,0,5,5,0,2,0,0,0,0,0,82,82,,,,,,,,,,POINT (-60.455834875715475 53.33169341555427)
2021A00051010029,0,0,0,0,0,0,0,1,1,0,0,0,0,0,0,0,63,63,,,,,,,,,,POINT (-65.65294425258966 53.50625289504754)
2021A00051010032,0,1,1,0,0,0,0,2,2,0,1,1,0,0,0,0,76,76,,,,,,,,,,POINT (-66.93777428636722 52.95856468038281)
2021A00051010034,0,0,0,0,0,0,0,1,1,0,0,0,0,0,0,0,3,3,,,,,,,,,,POINT (-66.86781088443614 52.87698559533937)
2021A00051010042,0,0,0,0,0,0,0,0,0,0,0,0,0,0,0,0,0,0,,,,,,,,,,POINT (-62.8207479639038 55.31281271487929)
2021A00051010801,0,0,0,0,0,0,0,0,0,0,0,0,0,0,0,0,0,0,,,,,,,,,,POINT (-61.14122639573118 55.91620339801479)
2021A00051010802,0,0,0,0,0,0,0,0,0,0,0,0,0,0,0,0,0,0,,,,,,,,,,POINT (-60.120573551335774 53.4978801400089)
2021A00051011005,0,0,0,0,0,0,0,0,0,0,0,0,0,0,0,0,0,0,,,,,,,,,,POINT (-59.9987675254304 54.738931640228756)
2021A00051011010,0,0,0,0,0,0,0,0,0,0,0,0,0,0,0,0,0,0,,,,,,,,,,POINT (-58.444656305299475 54.18120734643711)
2021A00051011015,0,0,0,0,0,0,0,0,0,0,0,0,0,0,0,0,0,0,,,,,,,,,,POINT (-59.782869121869844 54.911112571322874)
2021A00051011020,0,0,0,0,0,0,0,0,0,0,0,0,0,0,0,0,0,0,,,,,,,,,,POINT (-59.1854187384139 55.08842152917623)
2021A00051011030,0,0,0,0,0,0,0,0,0,0,0,0,0,0,0,0,0,0,,,,,,,,,,POINT (-60.22529198333657 55.45957210787992)
2021A00051011035,0,0,0,0,0,0,0,1,1,0,0,0,0,0,0,0,3,3,,,,,,,,,,POINT (-61.765588568341414 56.52656153002799)
2021A00051011040,0,0,0,0,0,0,0,0,0,0,0,0,0,0,0,0,0,0,,,,,,,,,,POINT (-62.55700387382296 57.822108810269874)
2021A00051101002,1,1,1,0,0,0,0,3,3,3,3,3,0,0,0,0,9,9,,,,,,,,,,POINT (-62.530472330896906 46.00607528235863)
2021A00051101003,0,0,0,0,0,0,0,6,6,0,0,0,0,0,0,0,37,37,,,,,,,,,,POINT (-62.558565104868755 46.00518324385775)
2021A00051101004,0,0,0,0,0,0,0,10,10,0,0,0,0,0,0,0,66,66,,,,,,,,,,POINT (-62.61285475784624 46.010612267106055)
2021A00051101005,0,0,0,0,0,0,0,8,8,0,0,0,0,0,0,0,22,22,,,,,,,,,,POINT (-62.63473294313057 46.05317691912213)
2021A00051101020,0,0,0,0,0,0,0,0,0,0,0,0,0,0,0,0,0,0,,,,,,,,,,POINT (-62.63292993720288 46.30853463481352)
2021A00051101025,0,0,0,0,0,0,0,0,0,0,0,0,0,0,0,0,0,0,,,,,,,,,,POINT (-62.56978547469989 46.3066381351297)
2021A00051101027,0,0,0,0,0,0,0,2,2,0,0,0,0,0,0,0,6,6,,,,,,,,,,POINT (-62.50399873150026 46.33012245503339)
2021A00051101030,0,0,0,0,0,0,0,4,4,0,0,0,0,0,0,0,11,11,,,,,,,,,,POINT (-62.40594324413452 46.28802052937425)
2021A00051101033,0,2,0,0,0,0,0,5,5,0,38,0,0,0,0,0,46,46,,,,,,,,,,POINT (-62.29080273859732 46.352426565176856)
2021A00051101035,0,1,0,0,1,0,0,28,28,0,3,0,0,3,0,0,131,131,,,,,,,,,,POINT (-62.36998866555261 46.4093651607557)
2021A00051101036,0,1,0,0,0,0,0,25,25,0,54,0,0,0,0,0,119,119,,,,,,,,,,POINT (-62.243934665058696 46.35803848199458)
2021A00051101037,0,0,0,0,0,0,0,4,4,0,0,0,0,0,0,0,11,11,,,,,,,,,,POINT (-62.503075059649966 46.40485705110846)
2021A00051101040,0,0,0,0,0,0,0,19,19,0,0,0,0,0,0,0,66,66,,,,,,,,,,POINT (-62.13389630139299 46.43674415678702)
2021A00051101043,0,0,0,0,0,0,0,14,14,0,0,0,0,0,0,0,83,83,,,,,,,,,,POINT (-62.708706830434856 46.36800227977504)
2021A00051101044,0,1,0,0,0,0,0,10,10,0,2,0,0,0,0,0,24,24,,,,,,,,,,POINT (-62.57851485263567 46.41659135083377)
2021A00051101045,3,5,3,0,0,1,1,59,59,34,89,78,0,0,3,21,658,658,,,,,,,,,,POINT (-62.676229121910424 46.20253677589768)
2021A00051101048,0,0,0,0,1,0,0,5,5,0,0,0,0,15,0,0,59,59,,,,,,,,,,POINT (-62.70595513541487 46.414841688747174)
2021A00051101050,0,0,0,0,0,0,0,0,0,0,0,0,0,0,0,0,0,0,,,,,,,,,,POINT (-62.705739462360555 46.357708659555655)
2021A00051101052,0,0,0,0,0,0,0,2,2,0,0,0,0,0,0,0,6,6,0.0,1.0,1.0,1.0,1.0,1.0,0.0,46.0,46.0,POINT (-62.79969899308965 46.348013833994806)
2021A00051102002,1,2,2,0,1,0,0,14,14,11,33,33,0,6,0,0,87,87,,,,,,,,,,POINT (-62.8353234782231 46.05089424566278)
2021A00051102003,0,0,0,0,0,0,0,1,1,0,0,0,0,0,0,0,2,2,,,,,,,,,,POINT (-62.70461860324682 46.01886393753463)
2021A00051102005,0,0,0,0,0,0,0,0,0,0,0,0,0,0,0,0,0,0,,,,,,,,,,POINT (-62.75175893581264 46.10079062286326)
2021A00051102010,0,1,1,0,1,0,0,5,5,0,1,1,0,1,0,0,11,11,4.0,17.0,9.0,1.0,4.0,4.0,1.0,58.0,59.0,POINT (-63.0310819482295 46.24487643076805)
2021A00051102011,0,0,0,0,0,0,0,2,2,0,0,0,0,0,0,0,6,6,,,,,,,,,,POINT (-63.00187170581318 46.22230091954999)
2021A00051102013,0,0,0,0,0,0,0,0,0,0,0,0,0,0,0,0,0,0,,,,,,,,,,POINT (-63.02858315722616 46.19870127487636)
2021A00051102015,0,0,0,0,0,0,0,1,1,0,0,0,0,0,0,0,2,2,3.0,14.0,8.0,1.0,4.0,4.0,1.0,27.0,28.0,POINT (-63.00663225844279 46.270233135559124)
2021A00051102016,1,1,0,0,0,0,1,12,12,35,1,0,0,0,0,35,119,119,,,,,,,,,,POINT (-62.87349266719279 46.20795196436684)
2021A00051102017,0,2,0,0,0,0,0,10,10,0,61,0,0,0,0,0,78,78,0.0,85.0,46.0,0.0,0.0,0.0,0.0,138.0,138.0,POINT (-63.39977766163988 46.41628035783675)
2021A00051102018,1,1,1,0,0,0,0,4,4,1,1,1,0,0,0,0,13,13,,,,,,,,,,POINT (-63.44866668979005 46.26878709700114)
2021A00051102019,0,0,0,0,0,0,0,0,0,0,0,0,0,0,0,0,0,0,,,,,,,,,,POINT (-63.32646034370097 46.44808884444429)
2021A00051102020,0,0,0,0,0,0,0,1,1,0,0,0,0,0,0,0,7,7,,,,,,,,,,POINT (-63.32600125682909 46.29957961700798)
2021A00051102021,0,0,0,0,0,0,0,2,2,0,0,0,0,0,0,0,10,10,,,,,,,,,,POINT (-63.269705137360766 46.28720316817167)
2021A00051102022,0,0,0,0,0,0,0,1,1,0,0,0,0,0,0,0,3,3,4.0,21.0,8.0,1.0,2.0,4.0,0.0,54.0,55.0,POINT (-63.328072173507465 46.26025440521728)
2021A00051102030,0,0,0,0,0,0,0,0,0,0,0,0,0,0,0,0,0,0,0.0,0.0,0.0,0.0,0.0,0.0,0.0,0.0,0.0,POINT (-63.14278753453788 46.203367270171434)
2021A00051102032,0,0,0,0,0,0,0,0,0,0,0,0,0,0,0,0,0,0,,,,,,,,,,POINT (-63.47910792560268 46.209826637373595)
2021A00051102034,0,0,0,0,0,0,0,0,0,0,0,0,0,0,0,0,0,0,,,,,,,,,,POINT (-63.49952714967962 46.24009534838956)
2021A00051102035,0,0,0,0,0,0,0,0,0,0,0,0,0,0,0,0,0,0,,,,,,,,,,POINT (-63.321098506655446 46.31793801745225)
2021A00051102037,0,0,0,0,1,0,0,1,1,0,0,0,0,3,0,0,3,3,4.0,18.0,9.0,1.0,3.0,4.0,0.0,42.0,43.0,POINT (-63.26737193797381 46.22330667562586)
2021A00051102040,0,2,1,0,0,0,0,2,2,0,100,92,0,0,0,0,100,100,3.0,23.0,11.0,1.0,3.0,4.0,0.0,51.0,52.0,POINT (-63.22048319818058 46.31814867833495)
2021A00051102043,0,0,0,0,0,0,0,0,0,0,0,0,0,0,0,0,0,0,1.0,14.0,7.0,0.0,0.0,0.0,0.0,28.0,28.0,POINT (-63.348605164543486 46.35917216632221)
2021A00051102045,0,0,0,0,0,0,0,2,2,0,0,0,0,0,0,0,4,4,,,,,,,,,,POINT (-63.39951946232542 46.48050439942818)
2021A00051102046,0,2,1,0,0,0,0,7,7,0,9,2,0,0,0,0,55,55,,,,,,,,,,POINT (-63.31943242761415 46.45869943733111)
2021A00051102050,0,0,0,0,0,0,0,0,0,0,0,0,0,0,0,0,0,0,0.0,0.0,0.0,0.0,0.0,0.0,0.0,0.0,0.0,POINT (-63.13966626226912 46.339264995721045)
2021A00051102051,0,0,0,0,0,0,0,0,0,0,0,0,0,0,0,0,0,0,,,,,,,,,,POINT (-63.49610503644874 46.354908615510894)
2021A00051102055,0,0,0,0,0,0,0,0,0,0,0,0,0,0,0,0,0,0,2.0,15.0,9.0,1.0,4.0,4.0,0.0,41.0,42.0,POINT (-63.162719348261426 46.31412324984964)
2021A00051102057,0,0,0,0,0,0,0,0,0,0,0,0,0,0,0,0,0,0,0.0,0.0,0.0,0.0,0.0,0.0,0.0,12.0,12.0,POINT (-62.90617918315332 46.36072709064499)
2021A00051102059,0,1,1,1,0,1,0,10,10,0,2,2,2,0,2,0,29,29,0.0,1.0,1.0,1.0,2.0,1.0,0.0,22.0,22.0,POINT (-62.8708212839224 46.36856285983633)
2021A00051102061,1,1,2,0,1,0,0,18,18,25,25,28,0,3,0,0,80,80,2.0,12.0,8.0,1.0,4.0,4.0,0.0,44.0,45.0,POINT (-63.09835272102958 46.32001394840621)
2021A00051102064,0,0,0,0,0,0,0,14,14,0,0,0,0,0,0,0,41,41,36.0,40.0,45.0,2.0,7.0,2.0,0.0,108.0,108.0,POINT (-62.875034354329124 46.310303447027636)
2021A00051102066,0,0,0,0,0,0,0,2,2,0,0,0,0,0,0,0,5,5,,,,,,,,,,POINT (-63.52651467635414 46.379372077011816)
2021A00051102067,0,0,0,0,0,0,0,0,0,0,0,0,0,0,0,0,0,0,4.0,24.0,14.0,1.0,2.0,5.0,0.0,72.0,74.0,POINT (-63.112823096673175 46.38170226403379)
2021A00051102068,2,4,1,1,0,1,0,7,7,2,5,2,2,0,2,0,12,12,6.0,29.0,11.0,1.0,2.0,6.0,0.0,95.0,98.0,POINT (-63.35753673725249 46.22030926408237)
2021A00051102069,0,0,0,0,0,0,0,1,1,0,0,0,0,0,0,0,4,4,2.0,12.0,7.0,1.0,2.0,4.0,0.0,39.0,40.0,POINT (-63.20386988303147 46.36643063107892)
2021A00051102070,0,1,0,0,0,0,0,2,2,0,3,0,0,0,0,0,6,6,3.0,17.0,9.0,1.0,4.0,4.0,0.0,29.0,30.0,POINT (-63.21358112869191 46.271644613917154)
2021A00051102071,0,0,0,0,0,0,0,16,16,0,0,0,0,0,0,0,249,249,,,,,,,,,,POINT (-63.50060603153246 46.44692013050326)
2021A00051102072,0,0,0,0,0,0,0,1,1,0,0,0,0,0,0,0,4,4,,,,,,,,,,POINT (-63.37373944564832 46.30665238709685)
2021A00051102073,0,0,0,0,0,0,0,5,5,0,0,0,0,0,0,0,14,14,3.0,21.0,11.0,1.0,4.0,4.0,0.0,54.0,55.0,POINT (-63.04890953969829 46.30949967010624)
2021A00051102075,2,16,6,1,1,4,0,40,41,36,312,80,2,2,44,0,514,549,38.0,268.0,121.0,2.0,9.0,28.0,0.0,412.0,433.0,POINT (-63.14055341623802 46.270978168658885)
2021A00051102080,0,4,1,0,2,0,0,9,9,0,8,1,0,4,0,0,25,25,12.0,66.0,24.0,1.0,5.0,9.0,0.0,128.0,134.0,POINT (-63.080000744278095 46.21229751617135)
2021A00051102085,0,0,0,0,0,0,0,5,5,0,0,0,0,0,0,0,19,19,10.0,63.0,30.0,1.0,4.0,8.0,0.0,112.0,117.0,POINT (-63.20315409843936 46.233950158919185)
2021A00051103002,0,0,0,0,1,0,0,2,2,0,0,0,0,3,0,0,7,7,,,,,,,,,,POINT (-63.69455684513481 46.29403324689987)
2021A00051103003,1,0,1,0,0,0,1,9,9,9,0,9,0,0,0,9,51,51,,,,,,,,,,POINT (-63.64880210771992 46.33010536267686)
2021A00051103004,0,0,0,0,0,0,0,0,0,0,0,0,0,0,0,0,0,0,,,,,,,,,,POINT (-63.551708111942624 46.244458573465124)
2021A00051103005,0,1,0,0,0,0,0,5,5,0,15,0,0,0,0,0,378,378,,,,,,,,,,POINT (-63.68083571353444 46.261932500475915)
2021A00051103007,0,0,0,0,0,0,0,8,8,0,0,0,0,0,0,0,38,38,,,,,,,,,,POINT (-63.650958978634826 46.50706463024318)
2021A00051103008,0,0,0,0,0,0,0,0,0,0,0,0,0,0,0,0,0,0,,,,,,,,,,POINT (-63.59608420279771 46.32249459340167)
2021A00051103014,1,1,1,0,0,0,0,15,15,3,3,3,0,0,0,0,55,55,,,,,,,,,,POINT (-63.63546796458305 46.43769089706837)
2021A00051103015,0,2,0,0,0,0,0,3,3,0,82,0,0,0,0,0,83,83,,,,,,,,,,POINT (-63.710541793257214 46.33832290365904)
2021A00051103018,0,0,0,0,0,0,0,0,0,0,0,0,0,0,0,0,0,0,,,,,,,,,,POINT (-63.76941588449855 46.43268717117275)
2021A00051103020,0,0,0,0,1,0,0,5,5,0,0,0,0,3,0,0,24,24,,,,,,,,,,POINT (-64.05707772647084 46.47117231933208)
2021A00051103021,0,0,1,0,1,0,0,2,2,0,0,3,0,3,0,0,4,4,,,,,,,,,,POINT (-63.918662095800414 46.556751704558316)
2021A00051103022,0,0,0,0,0,0,0,0,0,0,0,0,0,0,0,0,0,0,,,,,,,,,,POINT (-63.96538702581037 46.41769197901859)
2021A00051103023,0,0,0,0,0,0,0,1,1,0,0,0,0,0,0,0,2,2,1.0,15.0,2.0,1.0,1.0,3.0,0.0,28.0,29.0,POINT (-63.83872839981953 46.40771883863962)
2021A00051103024,0,0,0,0,0,0,0,0,0,0,0,0,0,0,0,0,0,0,4.0,41.0,5.0,0.0,6.0,6.0,0.0,64.0,68.0,POINT (-63.8617346296106 46.43180386945405)
2021A00051103025,1,3,1,0,2,1,0,14,15,32,178,35,0,38,35,0,296,331,28.0,278.0,32.0,2.0,24.0,30.0,6.0,423.0,445.0,POINT (-63.79133088157624 46.41073627163759)
2021A00051103027,0,1,0,0,1,0,0,4,4,0,3,0,0,3,0,0,109,109,,,,,,,,,,POINT (-64.07842353760589 46.455188573393706)
2021A00051103029,0,0,0,0,0,0,0,0,0,0,0,0,0,0,0,0,0,0,,,,,,,,,,POINT (-64.00083007096588 46.45276784611152)
2021A00051103033,0,0,0,0,0,0,0,1,1,0,0,0,0,0,0,0,3,3,,,,,,,,,,POINT (-63.930614104276145 46.5762041396752)
2021A00051103035,0,0,0,0,0,0,0,6,6,0,0,0,0,0,0,0,90,90,,,,,,,,,,POINT (-63.848249246790594 46.61078604681158)
2021A00051103039,0,0,0,0,0,0,0,8,8,0,0,0,0,0,0,0,61,61,,,,,,,,,,POINT (-63.96736648274498 46.67140667811122)
2021A00051103040,0,3,0,0,0,1,0,5,5,0,175,0,0,0,10,0,180,180,3.0,31.0,4.0,0.0,5.0,4.0,0.0,57.0,60.0,POINT (-63.886868792164776 46.465040300917096)
2021A00051103042,1,2,1,0,0,0,0,7,7,11,82,11,0,0,0,0,98,98,,,,,,,,,,POINT (-64.22128523118367 46.706395853863825)
2021A00051103043,0,0,0,0,0,0,0,3,3,0,0,0,0,0,0,0,8,8,,,,,,,,,,POINT (-64.02850339012375 46.58852590481795)
2021A00051103050,0,0,0,0,0,0,0,5,5,0,0,0,0,0,0,0,18,18,,,,,,,,,,POINT (-64.0650512308886 46.7946169227099)
2021A00051103052,0,0,0,0,0,0,0,9,9,0,0,0,0,0,0,0,29,29,,,,,,,,,,POINT (-64.06752400820386 46.81324740128018)
2021A00051103053,0,0,0,0,0,0,0,3,3,0,0,0,0,0,0,0,16,16,,,,,,,,,,POINT (-64.02316695020825 46.92672370510785)
2021A00051103055,0,0,0,0,0,0,0,2,2,0,0,0,0,0,0,0,7,7,,,,,,,,,,POINT (-64.05278273159973 46.88341167678666)
2021A00051103057,0,0,0,0,0,0,0,1,1,0,0,0,0,0,0,0,7,7,,,,,,,,,,POINT (-64.13637789969592 46.88782730793061)
2021A00051103059,0,0,0,0,0,0,0,10,10,0,0,0,0,0,0,0,28,28,,,,,,,,,,POINT (-64.02995114403096 46.94989758938582)
2021A00051103060,0,0,0,0,0,0,0,0,0,0,0,0,0,0,0,0,0,0,,,,,,,,,,POINT (-64.00094901672733 46.94232792574199)
2021A00051103061,0,1,2,1,1,1,0,19,19,0,3,17,3,14,3,0,450,450,,,,,,,,,,POINT (-64.0401625912677 46.97378524332359)
2021A00051103062,0,0,0,0,0,0,0,0,0,0,0,0,0,0,0,0,0,0,,,,,,,,,,POINT (-64.2239542393804 46.87999473445874)
2021A00051103063,0,0,0,0,0,0,0,0,0,0,0,0,0,0,0,0,0,0,,,,,,,,,,POINT (-64.19499942750718 46.863817757472084)
2021A00051103064,1,2,2,0,1,1,0,10,10,14,18,7,0,3,2,0,59,59,,,,,,,,,,POINT (-64.12278491893537 46.823276403416116)
2021A00051103065,1,1,1,0,0,1,0,17,18,67,67,7,0,0,7,0,130,137,,,,,,,,,,POINT (-64.22751626778403 46.69215239635005)
2021A00051103066,0,0,0,0,0,0,0,1,1,0,0,0,0,0,0,0,3,3,,,,,,,,,,POINT (-64.35416285872203 46.64233151448953)
2021A00051103067,0,1,1,1,0,1,0,8,8,0,3,3,3,0,3,0,60,60,,,,,,,,,,POINT (-63.633890768907314 46.415519333626506)
2021A00051103068,0,0,0,0,0,0,0,0,0,0,0,0,0,0,0,0,0,0,,,,,,,,,,POINT (-63.51487171895032 46.217438853075784)
2021A00051201001,0,2,3,1,1,1,0,172,173,0,12,15,7,3,3,0,803,806,,,,,,,,,,POINT (-65.5613017553395 43.67984700886028)
2021A00051201004,0,0,1,1,0,0,0,35,35,0,0,35,35,0,0,0,265,265,,,,,,,,,,POINT (-65.64417514906751 43.4474679573848)
2021A00051201006,0,1,0,0,1,0,0,36,36,0,19,0,0,19,0,0,466,466,,,,,,,,,,POINT (-65.28223443641197 43.852956804578746)
2021A00051201008,0,0,0,0,0,0,0,21,21,0,0,0,0,0,0,0,102,102,,,,,,,,,,POINT (-65.32417954443878 43.77305652793385)
2021A00051201009,0,3,1,1,0,3,0,11,11,0,14,2,2,0,14,0,133,133,,,,,,,,,,POINT (-65.11467120919903 43.7025116875256)
2021A00051202001,0,1,2,2,1,0,0,185,185,0,2,69,69,7,0,0,1147,1147,,,,,,,,,,POINT (-65.70033262918194 43.94271791002181)
2021A00051202004,0,0,0,0,2,0,0,113,113,0,0,0,0,17,0,0,419,419,,,,,,,,,,POINT (-66.04783539234884 43.94251506561624)
2021A00051202006,1,1,3,1,1,2,1,36,38,51,7,45,35,3,10,51,379,389,,,,,,,,,,POINT (-66.10615178976326 43.83693037800481)
2021A00051202040,0,0,0,0,0,0,0,1,1,0,0,0,0,0,0,0,21,21,,,,,,,,,,POINT (-66.08315370033797 43.83532509331731)
2021A00051203001,0,1,2,0,4,0,0,78,78,0,1,4,0,12,0,0,981,981,,,,,,,,,,POINT (-65.98942662416972 44.19261102216107)
2021A00051203004,1,2,2,0,3,0,1,64,64,2,5,4,0,50,0,2,325,325,,,,,,,,,,POINT (-65.63819586334836 44.39692815261464)
2021A00051203006,0,2,2,0,0,2,0,16,17,0,28,32,0,0,21,0,171,186,,,,,,,,,,POINT (-65.76231520304569 44.62567625533242)
2021A00051203009,0,0,0,0,0,0,0,0,0,0,0,0,0,0,0,0,0,0,,,,,,,,,,POINT (-65.6201729405483 44.5490504125477)
2021A00051204001,0,0,0,0,0,0,0,0,0,0,0,0,0,0,0,0,0,0,,,,,,,,,,POINT (-64.84187914441286 44.2685624426995)
2021A00051204009,0,0,0,0,0,0,0,0,0,0,0,0,0,0,0,0,0,0,,,,,,,,,,POINT (-64.99765870165272 44.16737450785852)
2021A00051204010,0,2,1,1,4,0,0,29,29,0,7,3,3,149,0,0,393,393,,,,,,,,,,POINT (-64.98313668842259 44.18132217530543)
2021A00051204015,0,0,0,0,0,0,0,0,0,0,0,0,0,0,0,0,0,0,,,,,,,,,,POINT (-64.92034438932706 44.354744959825126)
2021A00051205001,0,0,0,0,1,0,0,5,5,0,0,0,0,15,0,0,26,26,,,,,,,,,,POINT (-65.10978925955352 44.63165011344945)
2021A00051205002,0,0,0,0,0,0,0,0,0,0,0,0,0,0,0,0,0,0,,,,,,,,,,POINT (-65.60731181255306 44.55144011779752)
2021A00051205004,0,1,0,0,2,0,0,26,26,0,5,0,0,5,0,0,138,138,,,,,,,,,,POINT (-65.49199436850904 44.718939003442024)
2021A00051205006,0,0,0,0,0,0,0,0,0,0,0,0,0,0,0,0,0,0,,,,,,,,,,POINT (-65.50194470932202 44.70566854204943)
2021A00051205008,0,0,0,0,0,0,0,3,3,0,0,0,0,0,0,0,20,20,,,,,,,,,,POINT (-65.51111070822498 44.74368418706048)
2021A00051205009,0,2,1,0,1,0,0,15,15,0,7,4,0,2,0,0,109,109,,,,,,,,,,POINT (-65.2230483302465 44.86442814852285)
2021A00051205014,1,1,1,0,1,0,0,8,8,3,3,3,0,2,0,0,23,23,,,,,,,,,,POINT (-65.11978875822047 44.97789634501516)
2021A00051205016,0,1,0,0,1,0,0,8,8,0,2,0,0,2,0,0,124,124,,,,,,,,,,POINT (-65.07312151894071 44.942285285917876)
2021A00051206001,2,5,3,1,18,4,0,63,65,3,34,31,2,109,33,0,273,302,,,,,,,,,,POINT (-64.63819120618852 44.44792177652693)
2021A00051206004,4,4,2,0,0,0,0,10,10,544,40,26,0,0,0,0,748,748,,,,,,,,,,POINT (-64.53125107147262 44.382938773409734)
2021A00051206006,0,3,1,0,0,1,0,10,10,0,270,33,0,0,3,0,684,684,,,,,,,,,,POINT (-64.32455542961834 44.37761886314498)
2021A00051206008,0,0,1,0,2,2,0,7,7,0,0,1,0,3,31,0,40,40,,,,,,,,,,POINT (-64.38727036823165 44.45229674790017)
2021A00051206009,1,1,3,0,5,0,1,27,27,22,4,27,0,14,0,22,186,186,,,,,,,,,,POINT (-64.34330372101289 44.67854218153766)
2021A00051206011,0,0,0,0,0,0,0,0,0,0,0,0,0,0,0,0,0,0,,,,,,,,,,POINT (-64.34173667734328 44.55703522743035)
2021A00051206014,0,0,0,0,0,0,0,0,0,0,0,0,0,0,0,0,0,0,,,,,,,,,,POINT (-64.4355980596509 44.79467334032828)
2021A00051206016,0,0,0,0,0,0,0,0,0,0,0,0,0,0,0,0,0,0,,,,,,,,,,POINT (-64.41521041472593 44.843311093484125)
2021A00051207001,2,3,4,1,7,1,0,59,59,530,11,12,4,26,4,0,1018,1018,,,,,,,,,,POINT (-64.7798539164202 44.95343967496827)
2021A00051207002,0,0,0,0,0,0,0,0,0,0,0,0,0,0,0,0,0,0,,,,,,,,,,POINT (-64.65019056464145 45.068116651752256)
2021A00051207004,0,0,0,0,2,0,0,5,5,0,0,0,0,11,0,0,36,36,,,,,,,,,,POINT (-64.73792121091601 45.04948204223752)
2021A00051207011,0,4,3,2,0,3,0,6,7,0,16,11,8,0,11,0,28,31,0.0,14.0,8.0,6.0,3.0,8.0,0.0,264.0,266.0,POINT (-64.48961967980287 44.953467516475854)
2021A00051207012,0,1,0,0,2,0,0,9,9,0,3,0,0,3,0,0,358,358,2.0,9.0,5.0,3.0,6.0,5.0,2.0,128.0,131.0,POINT (-64.50593182642807 45.0698256518345)
2021A00051207016,2,4,1,1,2,1,2,46,47,7,9,6,3,5,6,7,391,397,5.0,8.0,4.0,2.0,5.0,4.0,5.0,374.0,378.0,POINT (-64.44928703982168 45.19267588143945)
2021A00051207021,0,0,0,0,1,0,0,24,24,0,0,0,0,15,0,0,326,326,,,,,,,,,,POINT (-64.3459277803448 45.02654781782079)
2021A00051207024,0,0,0,0,0,0,0,4,4,0,0,0,0,0,0,0,9,9,,,,,,,,,,POINT (-64.36323892248932 45.09045509701497)
2021A00051207027,0,0,0,0,0,0,0,0,0,0,0,0,0,0,0,0,0,0,,,,,,,,,,POINT (-64.23772541588842 45.04162879816516)
2021A00051208003,2,7,3,1,6,4,0,39,41,5,79,6,2,30,17,0,348,354,,,,,,,,,,POINT (-64.06538942680993 44.977825246745795)
2021A00051208008,1,7,6,1,6,5,0,40,41,2,251,55,2,103,45,0,459,494,67.0,196.0,106.0,7.0,71.0,129.0,0.0,704.0,774.0,POINT (-63.714756819361156 45.04109671453277)
2021A00051208014,0,0,0,0,0,0,0,2,2,0,0,0,0,0,0,0,4,4,0.0,0.0,0.0,0.0,0.0,0.0,0.0,12.0,12.0,POINT (-63.486311637120494 45.08485527142966)
2021A00051209019,0,0,0,0,0,0,0,0,0,0,0,0,0,0,0,0,0,0,0.0,0.0,0.0,0.0,0.0,0.0,0.0,0.0,0.0,POINT (-63.48318877823609 44.65058324277675)
2021A00051209034,33,116,50,9,38,34,0,359,373,659,1783,1131,68,579,1092,0,5239,6022,577.0,1710.0,985.0,56.0,631.0,956.0,18.0,5053.0,5726.0,POINT (-63.27277531775598 44.868336493791666)
2021A00051209037,0,0,0,0,0,0,0,0,0,0,0,0,0,0,0,0,0,0,,,,,,,,,,POINT (-62.7600412755764 45.02215704872377)
2021A00051209038,0,0,0,0,0,0,0,0,0,0,0,0,0,0,0,0,0,0,,,,,,,,,,POINT (-62.522085851571 44.91674603801633)
2021A00051209800,0,0,0,0,0,0,0,0,0,0,0,0,0,0,0,0,0,0,,,,,,,,,,POINT (-63.79785106118753 44.731921306472216)
2021A00051210001,1,0,1,0,3,1,0,18,18,15,0,1,0,39,1,0,91,91,49.0,134.0,75.0,6.0,63.0,70.0,0.0,512.0,555.0,POINT (-63.21583338937004 45.25386739732363)
2021A00051210002,0,0,0,0,0,0,0,1,1,0,0,0,0,0,0,0,2,2,,,,,,,,,,POINT (-63.342433551185046 45.13641163133339)
2021A00051210003,0,0,0,0,0,0,0,0,0,0,0,0,0,0,0,0,0,0,0.0,0.0,0.0,0.0,0.0,0.0,0.0,4.0,4.0,POINT (-63.29618234937393 45.331595545050135)
2021A00051210006,0,2,2,0,3,1,0,17,18,0,3,48,0,41,3,0,287,290,6.0,2.0,20.0,0.0,32.0,3.0,0.0,151.0,153.0,POINT (-63.25154857092792 45.338452801783866)
2021A00051210008,3,6,4,1,6,2,0,47,48,67,62,54,2,169,14,0,405,417,31.0,26.0,41.0,1.0,131.0,20.0,0.0,542.0,550.0,POINT (-63.239588654831465 45.53057743698836)
2021A00051210012,0,0,1,0,5,0,0,18,18,0,0,2,0,14,0,0,330,330,,,,,,,,,,POINT (-63.70051545831483 45.47551383161884)
2021A00051211001,1,1,1,0,0,0,0,22,22,24,24,24,0,0,0,0,111,111,,,,,,,,,,POINT (-64.49254504670634 45.532809094700035)
2021A00051211006,3,2,2,0,2,0,0,28,28,117,23,23,0,6,0,0,240,240,,,,,,,,,,POINT (-64.23331957099796 45.594813406354355)
2021A00051211009,0,2,1,0,2,1,0,12,12,0,15,1,0,3,6,0,39,39,,,,,,,,,,POINT (-64.00551333541841 45.8441261420233)
2021A00051211011,1,7,4,1,2,3,0,16,17,58,289,172,39,40,55,0,496,569,,,,,,,,,,POINT (-64.20347712681684 45.8216083507161)
2021A00051211012,1,2,2,0,0,0,0,7,7,2,4,4,0,0,0,0,113,113,,,,,,,,,,POINT (-63.86997468905601 45.73022067763175)
2021A00051211014,0,0,1,0,0,2,0,26,27,0,0,7,0,0,35,0,263,270,,,,,,,,,,POINT (-63.63697780605214 45.69749290547402)
2021A00051212001,1,2,2,0,4,0,0,71,71,3,5,4,0,149,0,0,392,392,,,,,,,,,,POINT (-62.97571670256604 45.65967174346283)
2021A00051212004,1,1,2,0,1,1,0,21,22,5,148,40,0,7,35,0,299,334,,,,,,,,,,POINT (-62.71386853450683 45.68325126499139)
2021A00051212006,1,0,0,0,0,0,0,7,7,3,0,0,0,0,0,0,17,17,43.0,79.0,44.0,6.0,37.0,44.0,0.0,318.0,339.0,POINT (-62.73910619683186 45.474403459682726)
2021A00051212008,1,1,1,0,3,0,0,8,8,2,2,2,0,43,0,0,51,51,58.0,23.0,9.0,0.0,10.0,4.0,0.0,133.0,137.0,POINT (-62.71078750950583 45.55483603770676)
2021A00051212009,0,1,0,0,2,0,0,10,10,0,7,0,0,4,0,0,77,77,83.0,33.0,13.0,0.0,13.0,6.0,0.0,165.0,171.0,POINT (-62.67322785653388 45.56118895102832)
2021A00051212011,0,2,2,1,7,1,0,26,26,0,78,78,77,48,77,0,205,205,165.0,43.0,34.0,23.0,27.0,24.0,0.0,346.0,346.0,POINT (-62.31045895724894 45.52098318703912)
2021A00051212014,2,4,2,0,1,0,0,8,8,542,38,20,0,7,0,0,572,572,125.0,47.0,17.0,0.0,17.0,8.0,0.0,252.0,260.0,POINT (-62.63739377946464 45.58494690388239)
2021A00051212016,0,0,0,0,0,0,0,8,8,0,0,0,0,0,0,0,23,23,52.0,21.0,9.0,0.0,8.0,4.0,0.0,106.0,110.0,POINT (-62.63207923595772 45.61626782092463)
2021A00051212019,0,0,0,0,0,0,0,6,6,0,0,0,0,0,0,0,15,15,0.0,0.0,0.0,0.0,3.0,0.0,0.0,49.0,49.0,POINT (-62.65067419190082 45.67230098851599)
2021A00051212023,0,0,0,0,0,0,0,0,0,0,0,0,0,0,0,0,0,0,,,,,,,,,,POINT (-62.48509754150926 45.62644728456801)
2021A00051213001,0,1,0,0,1,0,0,21,21,0,2,0,0,22,0,0,77,77,,,,,,,,,,POINT (-62.21979760288494 45.23951076710323)
2021A00051213004,1,1,1,0,3,0,0,32,32,3,3,3,0,11,0,0,150,150,,,,,,,,,,POINT (-61.62372218388034 45.413626701504285)
2021A00051213008,0,1,2,1,0,1,0,7,8,0,31,38,3,0,35,0,191,226,,,,,,,,,,POINT (-61.41102676157401 45.604831262491764)
2021A00051214001,0,2,1,0,4,1,0,50,50,0,5,4,0,12,1,0,131,131,,,,,,,,,,POINT (-62.11331840967783 45.672590361175885)
2021A00051214002,0,2,2,0,0,0,0,8,8,0,4,4,0,0,0,0,16,16,,,,,,,,,,POINT (-61.99897463052023 45.62546549589321)
2021A00051214006,0,0,1,0,1,1,0,38,39,0,0,3,0,2,3,0,101,104,,,,,,,,,,POINT (-61.808555573193594 45.57963580778613)
2021A00051214010,0,0,0,0,0,0,0,0,0,0,0,0,0,0,0,0,0,0,,,,,,,,,,POINT (-61.80603193604239 45.59316642078307)
2021A00051215001,0,0,0,0,0,0,0,10,10,0,0,0,0,0,0,0,27,27,,,,,,,,,,POINT (-61.30587492187071 45.837355955382556)
2021A00051215002,0,1,0,0,0,0,0,4,4,0,3,0,0,0,0,0,7,7,,,,,,,,,,POINT (-61.35313991700724 45.62368011410103)
2021A00051215005,0,0,0,0,0,0,0,0,0,0,0,0,0,0,0,0,0,0,,,,,,,,,,POINT (-60.964283224363506 45.88367249291965)
2021A00051215006,0,1,0,0,2,1,0,38,38,0,1,0,0,7,3,0,103,103,,,,,,,,,,POINT (-61.26817293332785 46.0423332750264)
2021A00051215008,0,0,0,0,0,0,0,0,0,0,0,0,0,0,0,0,0,0,,,,,,,,,,POINT (-61.1399849591329 45.96236615042393)
2021A00051215011,0,3,6,1,5,1,0,79,79,0,24,30,18,11,18,0,417,417,,,,,,,,,,POINT (-60.89030795482885 46.54814630824725)
2021A00051216001,0,2,2,1,0,2,0,21,22,0,7,7,4,0,7,0,157,160,,,,,,,,,,POINT (-61.03407178978119 45.551916284120956)
2021A00051216006,0,4,4,2,0,3,0,18,19,0,18,18,4,0,16,0,156,168,,,,,,,,,,POINT (-61.10124564616393 45.66272609614976)
2021A00051216011,0,0,0,0,0,0,0,10,10,0,0,0,0,0,0,0,40,40,,,,,,,,,,POINT (-60.621002955667855 45.70083098968915)
2021A00051216014,0,0,0,0,0,0,0,2,2,0,0,0,0,0,0,0,6,6,,,,,,,,,,POINT (-60.76725326771654 45.69226572020111)
2021A00051217008,0,0,0,0,0,0,0,0,0,0,0,0,0,0,0,0,0,0,0.0,0.0,0.0,0.0,1.0,0.0,0.0,20.0,20.0,POINT (-60.189559880310576 46.112644715010504)
2021A00051217020,0,0,0,0,0,0,0,1,1,0,0,0,0,0,0,0,43,43,0.0,0.0,0.0,0.0,0.0,0.0,0.0,46.0,46.0,POINT (-60.625624490973365 45.955788631677414)
2021A00051217030,0,10,5,2,9,5,0,243,245,0,70,114,20,86,98,0,1244,1334,0.0,55.0,90.0,16.0,75.0,80.0,0.0,1198.0,1268.0,POINT (-60.24673866097647 46.00174611052937)
2021A00051218001,0,0,1,0,4,1,0,37,37,0,0,1,0,8,3,0,102,102,,,,,,,,,,POINT (-60.782687147702234 46.20207138077262)
2021A00051218003,0,0,0,0,0,0,0,0,0,0,0,0,0,0,0,0,0,0,,,,,,,,,,POINT (-60.91934944286294 46.08104848307656)
2021A00051218006,0,1,1,0,0,0,0,65,65,0,4,4,0,0,0,0,191,191,,,,,,,,,,POINT (-60.5201559177358 46.65698225410223)
2021A00051301001,0,0,0,0,2,0,0,5,5,0,0,0,0,6,0,0,18,18,0.0,0.0,0.0,0.0,7.0,0.0,0.0,15.0,15.0,POINT (-65.43181234207442 45.46847939967979)
2021A00051301002,0,0,0,0,1,0,0,2,2,0,0,0,0,7,0,0,10,10,0.0,0.0,0.0,0.0,0.0,0.0,0.0,0.0,0.0,POINT (-65.54840764251298 45.350870846246416)
2021A00051301004,0,1,0,0,0,0,0,8,8,0,7,0,0,0,0,0,26,26,0.0,123.0,0.0,0.0,0.0,0.0,0.0,170.0,170.0,POINT (-65.79071121841034 45.29690820540584)
2021A00051301006,5,15,11,0,9,7,1,68,74,153,561,1190,0,823,1176,15,2357,3384,86.0,313.0,651.0,0.0,423.0,643.0,9.0,1287.0,1848.0,POINT (-66.1317582953706 45.27583428674479)
2021A00051301016,0,0,0,0,0,0,0,12,12,0,0,0,0,0,0,0,45,45,0.0,0.0,0.0,0.0,0.0,0.0,0.0,79.0,79.0,POINT (-66.35560099687315 45.173792258180924)
2021A00051302001,0,0,0,0,0,0,0,9,9,0,0,0,0,0,0,0,74,74,,,,,,,,,,POINT (-66.70318210793042 44.629550255346786)
2021A00051302004,0,0,0,0,0,0,0,18,18,0,0,0,0,0,0,0,98,98,,,,,,,,,,POINT (-66.91639468560159 44.89339800495773)
2021A00051302006,0,0,0,0,1,0,0,26,26,0,0,0,0,3,0,0,135,135,,,,,,,,,,POINT (-66.97046005907114 44.97835849336902)
2021A00051302008,0,0,0,0,0,0,0,8,8,0,0,0,0,0,0,0,53,53,0.0,0.0,0.0,0.0,0.0,0.0,0.0,79.0,79.0,POINT (-66.52619731406368 45.21438627712899)
2021A00051302011,0,0,0,0,0,0,0,7,7,0,0,0,0,0,0,0,57,57,,,,,,,,,,POINT (-66.68162622113273 45.18069150314205)
2021A00051302012,0,1,1,0,0,0,0,4,5,0,75,75,0,0,0,0,779,854,,,,,,,,,,POINT (-66.78297095840252 45.05913482644953)
2021A00051302014,0,0,0,0,0,0,0,0,0,0,0,0,0,0,0,0,0,0,,,,,,,,,,POINT (-66.62264043638122 45.414794463317776)
2021A00051302016,0,0,0,0,0,0,0,12,12,0,0,0,0,0,0,0,181,181,,,,,,,,,,POINT (-66.84696837090002 45.273179577224276)
2021A00051302018,0,0,0,0,0,0,0,9,9,0,0,0,0,0,0,0,339,339,,,,,,,,,,POINT (-66.8474784558539 45.13733633812101)
2021A00051302021,0,0,0,0,0,0,0,1,1,0,0,0,0,0,0,0,5,5,,,,,,,,,,POINT (-66.9563810107352 45.23869992692584)
2021A00051302024,0,1,0,0,0,0,0,2,2,0,15,0,0,0,0,0,16,16,,,,,,,,,,POINT (-67.07815030656175 45.129886212578484)
2021A00051302026,0,1,1,0,0,0,0,3,3,0,7,7,0,0,0,0,19,19,,,,,,,,,,POINT (-67.06188773748703 45.08593850058025)
2021A00051302028,0,0,0,0,0,0,0,1,1,0,0,0,0,0,0,0,32,32,,,,,,,,,,POINT (-67.11274891793713 45.20406659121318)
2021A00051302031,0,0,0,0,0,0,0,0,0,0,0,0,0,0,0,0,0,0,,,,,,,,,,POINT (-67.21842498188347 45.1782902431528)
2021A00051302034,0,1,1,0,0,1,0,2,3,0,3,3,0,0,12,0,14,17,,,,,,,,,,POINT (-67.32655531455302 45.21078036633155)
2021A00051302037,0,2,0,0,0,1,0,10,10,0,10,0,0,0,12,0,233,233,,,,,,,,,,POINT (-67.30041984736 45.18480800684486)
2021A00051302039,0,0,0,0,0,0,0,2,2,0,0,0,0,0,0,0,13,13,,,,,,,,,,POINT (-67.33225870819442 45.353959055148835)
2021A00051302042,0,0,0,0,1,0,0,2,2,0,0,0,0,15,0,0,17,17,,,,,,,,,,POINT (-67.2015973234976 45.29330914765254)
2021A00051302044,0,0,0,0,0,0,0,1,1,0,0,0,0,0,0,0,3,3,,,,,,,,,,POINT (-67.04528009974746 45.39650000514165)
2021A00051302052,0,1,0,0,0,0,0,77,77,0,2,0,0,0,0,0,500,500,,,,,,,,,,POINT (-66.81670043513255 44.69178993842634)
2021A00051303001,0,0,0,0,2,0,0,2,2,0,0,0,0,6,0,0,6,6,,,,,,,,,,POINT (-66.54952700241067 45.59852987833377)
2021A00051303004,0,0,0,0,1,0,0,1,1,0,0,0,0,303,0,0,303,303,0.0,0.0,0.0,0.0,27.0,0.0,0.0,31.0,31.0,POINT (-66.73036418861727 45.61374254287282)
2021A00051303005,0,0,0,0,0,0,0,1,1,0,0,0,0,0,0,0,6,6,0.0,0.0,0.0,0.0,37.0,0.0,0.0,56.0,56.0,POINT (-66.68854421552123 45.673248045632654)
2021A00051303006,0,0,0,0,1,0,0,1,1,0,0,0,0,3,0,0,3,3,,,,,,,,,,POINT (-66.6087974229277 45.66043940508178)
2021A00051303008,0,0,0,0,0,0,0,2,2,0,0,0,0,0,0,0,9,9,0.0,0.0,0.0,0.0,0.0,0.0,0.0,110.0,110.0,POINT (-66.59061640991516 45.81785850353654)
2021A00051303011,0,1,1,0,1,0,0,2,2,0,3,1,0,1,0,0,4,4,,,,,,,,,,POINT (-66.39134144641515 45.80254465666444)
2021A00051303012,0,0,0,0,0,0,0,1,1,0,0,0,0,0,0,0,6,6,,,,,,,,,,POINT (-66.48133236103902 45.838490051239525)
2021A00051303013,0,0,0,0,0,0,0,0,0,0,0,0,0,0,0,0,0,0,,,,,,,,,,POINT (-66.48179485987706 45.81712473949976)
2021A00051303014,0,0,0,0,0,0,0,2,2,0,0,0,0,0,0,0,10,10,,,,,,,,,,POINT (-66.21870755596943 45.9918574108364)
2021A00051303016,0,0,1,0,2,0,0,9,9,0,0,1,0,4,0,0,22,22,5.0,21.0,12.0,0.0,10.0,12.0,2.0,82.0,91.0,POINT (-66.28869049442363 46.127427989128236)
2021A00051303018,0,1,1,0,0,1,0,0,1,0,3,3,0,0,3,0,0,3,,,,,,,,,,POINT (-66.03828126104699 46.204934628392564)
2021A00051304001,0,0,0,0,0,1,0,2,2,0,0,0,0,0,7,0,9,9,0.0,0.0,0.0,0.0,0.0,20.0,0.0,27.0,27.0,POINT (-66.39875977866255 45.49310101689099)
2021A00051304004,0,0,0,0,1,0,0,2,2,0,0,0,0,15,0,0,18,18,,,,,,,,,,POINT (-66.25464258920613 45.747552778275946)
2021A00051304005,0,1,0,0,0,0,0,6,6,0,6,0,0,0,0,0,26,26,,,,,,,,,,POINT (-66.17274343418615 45.76868592530861)
2021A00051304006,0,0,0,0,0,0,0,2,2,0,0,0,0,0,0,0,6,6,,,,,,,,,,POINT (-66.14344398302335 45.63608911914032)
2021A00051304008,0,0,0,0,0,0,0,3,3,0,0,0,0,0,0,0,10,10,,,,,,,,,,POINT (-65.9985720454141 45.69854152102939)
2021A00051304011,0,0,0,0,0,0,0,2,2,0,0,0,0,0,0,0,4,4,,,,,,,,,,POINT (-66.09510774869827 45.81633295852189)
2021A00051304013,0,0,0,0,0,0,0,0,0,0,0,0,0,0,0,0,0,0,,,,,,,,,,POINT (-65.9682732682281 45.79914831033925)
2021A00051304014,0,0,0,0,1,0,0,1,1,0,0,0,0,3,0,0,3,3,,,,,,,,,,POINT (-65.79107471881979 45.892546039682166)
2021A00051304016,0,0,0,0,0,0,0,2,2,0,0,0,0,0,0,0,10,10,,,,,,,,,,POINT (-65.55719648110609 46.072636885378756)
2021A00051304018,0,0,0,0,0,0,0,0,0,0,0,0,0,0,0,0,0,0,,,,,,,,,,POINT (-65.7895341422659 46.084317313094786)
2021A00051304021,0,0,0,0,0,0,0,3,3,0,0,0,0,0,0,0,10,10,,,,,,,,,,POINT (-66.0880416328496 45.972263127633234)
2021A00051304022,1,0,0,0,1,0,0,2,2,3,0,0,0,3,0,0,6,6,,,,,,,,,,POINT (-66.06322310864118 46.088656736946554)
2021A00051304024,0,0,0,0,3,0,0,5,5,0,0,0,0,13,0,0,18,18,,,,,,,,,,POINT (-65.82842913481205 46.20477017249618)
2021A00051304025,0,0,0,0,1,0,0,1,1,0,0,0,0,347,0,0,347,347,,,,,,,,,,POINT (-65.88250653177768 46.17257529400219)
2021A00051305001,0,0,0,0,1,0,0,1,1,0,0,0,0,3,0,0,3,3,,,,,,,,,,POINT (-65.36799576221351 45.577126772229335)
2021A00051305004,0,0,0,0,1,0,0,2,2,0,0,0,0,3,0,0,6,6,0.0,22.0,9.0,9.0,15.0,9.0,0.0,61.0,61.0,POINT (-65.66191010588287 45.501168818296684)
2021A00051305006,0,0,0,0,1,0,0,5,5,0,0,0,0,7,0,0,22,22,0.0,18.0,5.0,5.0,14.0,5.0,0.0,87.0,87.0,POINT (-65.83133144627583 45.472011283727944)
2021A00051305007,0,2,0,0,1,0,0,5,5,0,10,0,0,3,0,0,15,15,0.0,49.0,20.0,20.0,24.0,20.0,0.0,172.0,172.0,POINT (-65.83410559659066 45.53136653097842)
2021A00051305008,0,0,0,0,0,0,0,0,0,0,0,0,0,0,0,0,0,0,0.0,7.0,0.0,0.0,4.0,0.0,0.0,28.0,28.0,POINT (-65.88233623398705 45.39643351988056)
2021A00051305011,0,0,0,0,0,0,0,2,2,0,0,0,0,0,0,0,21,21,0.0,0.0,15.0,0.0,15.0,0.0,0.0,15.0,15.0,POINT (-66.32687408502248 45.334817987213235)
2021A00051305014,0,0,0,0,0,0,0,2,2,0,0,0,0,0,0,0,5,5,0.0,10.0,0.0,0.0,13.0,0.0,0.0,130.0,130.0,POINT (-66.0166529109027 45.47855879090813)
2021A00051305015,0,0,1,0,1,0,0,1,1,0,0,3,0,3,0,0,3,3,0.0,0.0,41.0,0.0,41.0,0.0,0.0,78.0,78.0,POINT (-66.22744778565824 45.32781945760623)
2021A00051305016,0,1,1,1,0,1,0,2,2,0,7,7,7,0,7,0,10,10,0.0,24.0,14.0,7.0,57.0,7.0,0.0,106.0,106.0,POINT (-65.77996337959893 45.57119737243885)
2021A00051305018,0,0,0,0,1,0,0,9,9,0,0,0,0,35,0,0,62,62,,,,,,,,,,POINT (-65.71640003684968 45.65124188093987)
2021A00051305021,1,2,1,0,1,0,0,17,17,122,125,122,0,7,0,0,217,217,,,,,,,,,,POINT (-65.5100629170791 45.658722381226255)
2021A00051305022,0,3,2,1,1,2,0,12,12,0,48,35,34,1,62,0,329,329,,,,,,,,,,POINT (-65.5111042943061 45.72281750807503)
2021A00051305023,0,1,0,0,0,0,0,2,2,0,3,0,0,0,0,0,5,5,,,,,,,,,,POINT (-65.46685121185152 45.710222785470094)
2021A00051305024,0,0,0,0,1,0,0,5,5,0,0,0,0,1,0,0,15,15,,,,,,,,,,POINT (-65.31138902820202 45.665734624588225)
2021A00051305026,0,0,1,0,4,1,1,9,9,0,0,5,0,23,15,5,76,76,,,,,,,,,,POINT (-65.28598532072564 45.79471711415836)
2021A00051305028,0,0,0,0,2,0,0,9,9,0,0,0,0,6,0,0,103,103,,,,,,,,,,POINT (-65.37466449090654 45.969695479162674)
2021A00051305031,0,1,0,0,2,0,0,20,20,0,3,0,0,6,0,0,75,75,,,,,,,,,,POINT (-65.57595908225822 45.812875375868614)
2021A00051305034,0,1,1,0,2,0,0,10,10,0,7,7,0,18,0,0,41,41,,,,,,,,,,POINT (-65.83627860667083 45.691157267978745)
2021A00051305036,0,0,0,0,0,0,0,3,3,0,0,0,0,0,0,0,7,7,,,,,,,,,,POINT (-65.97447713008005 45.61017158890998)
2021A00051305038,0,0,0,0,1,0,0,2,2,0,0,0,0,3,0,0,4,4,0.0,0.0,0.0,0.0,5.0,0.0,0.0,13.0,13.0,POINT (-66.10971807631638 45.519854570160724)
2021A00051305045,0,1,0,0,1,0,0,7,7,0,7,0,0,7,0,0,45,45,20.0,69.0,137.0,0.0,89.0,134.0,2.0,297.0,414.0,POINT (-65.97923333580229 45.37345607310548)
2021A00051305057,0,0,0,0,0,0,0,3,3,0,0,0,0,0,0,0,27,27,0.0,112.0,0.0,0.0,97.0,0.0,0.0,664.0,664.0,POINT (-65.92213555184301 45.4473157441769)
2021A00051306001,0,0,0,0,1,0,0,2,2,0,0,0,0,3,0,0,9,9,0.0,0.0,0.0,0.0,2.0,0.0,0.0,15.0,15.0,POINT (-64.68050737534358 45.81200311920052)
2021A00051306003,0,0,0,0,0,0,0,1,1,0,0,0,0,0,0,0,6,6,,,,,,,,,,POINT (-64.74237385451438 45.7478911502582)
2021A00051306004,0,0,0,0,0,0,0,4,4,0,0,0,0,0,0,0,13,13,,,,,,,,,,POINT (-64.82022376019896 45.71008115549359)
2021A00051306006,0,1,0,0,0,0,0,8,8,0,35,0,0,0,0,0,63,63,,,,,,,,,,POINT (-64.91327160592415 45.652302170834616)
2021A00051306007,0,0,0,0,0,0,0,0,0,0,0,0,0,0,0,0,0,0,,,,,,,,,,POINT (-65.03429750942837 45.646165993847006)
2021A00051306008,0,1,0,0,0,0,0,4,4,0,28,0,0,0,0,0,42,42,0.0,32.0,0.0,0.0,0.0,0.0,0.0,71.0,71.0,POINT (-65.06514101762622 45.80435509993781)
2021A00051306011,0,0,0,0,1,0,0,3,3,0,0,0,0,15,0,0,19,19,0.0,23.0,4.0,0.0,23.0,4.0,0.0,57.0,61.0,POINT (-64.7606417587903 45.905802165582756)
2021A00051306014,0,2,1,0,0,1,0,1,2,0,18,3,0,0,3,0,15,18,9.0,26.0,20.0,6.0,38.0,9.0,0.0,141.0,147.0,POINT (-64.9102782387425 46.00235153307474)
2021A00051306020,1,2,0,0,2,0,0,8,8,1,6,0,0,6,0,0,26,26,27.0,88.0,60.0,14.0,81.0,45.0,8.0,408.0,439.0,POINT (-64.8003201733573 46.05062297132619)
2021A00051306025,0,0,0,0,0,0,0,1,1,0,0,0,0,0,0,0,2,2,8.0,27.0,35.0,0.0,10.0,26.0,8.0,30.0,56.0,POINT (-64.65082025485961 45.91990103624313)
2021A00051307001,0,0,0,0,1,0,0,3,3,0,0,0,0,3,0,0,9,9,,,,,,,,,,POINT (-64.211161717976 45.96197959863839)
2021A00051307002,0,0,0,0,0,0,0,2,2,0,0,0,0,0,0,0,7,7,,,,,,,,,,POINT (-64.0927546578259 46.05092317073832)
2021A00051307004,0,1,0,0,0,0,0,23,23,0,3,0,0,0,0,0,76,76,,,,,,,,,,POINT (-63.96247203933618 46.11338287946716)
2021A00051307005,1,4,3,0,5,0,0,55,55,25,69,29,0,60,0,0,491,491,,,,,,,,,,POINT (-64.38623070342287 46.16906201204103)
2021A00051307007,0,1,1,0,1,0,0,34,34,0,15,15,0,3,0,0,767,767,,,,,,,,,,POINT (-64.284681077066 46.21765451569986)
2021A00051307008,0,0,0,0,0,0,0,4,4,0,0,0,0,0,0,0,9,9,,,,,,,,,,POINT (-64.46572744044424 45.9531306037113)
2021A00051307009,0,4,1,0,1,0,0,12,12,0,85,12,0,3,0,0,115,115,,,,,,,,,,POINT (-64.39606845314337 45.91111277093371)
2021A00051307011,0,1,1,0,2,1,0,2,3,0,15,15,0,6,15,0,6,21,2.0,10.0,7.0,0.0,2.0,4.0,2.0,12.0,16.0,POINT (-64.53178142671194 46.068311314968376)
2021A00051307012,0,0,0,0,0,0,0,1,1,0,0,0,0,0,0,0,3,3,3.0,16.0,11.0,0.0,2.0,7.0,3.0,17.0,24.0,POINT (-64.51208571063259 45.90567160983866)
2021A00051307013,1,2,3,0,2,1,1,12,13,24,76,100,0,10,75,24,67,142,16.0,50.0,35.0,3.0,21.0,35.0,10.0,197.0,221.0,POINT (-64.62685958042242 45.9883185419096)
2021A00051307014,0,0,0,0,0,0,0,0,0,0,0,0,0,0,0,0,0,0,,,,,,,,,,POINT (-64.49606132145554 45.891314439056316)
2021A00051307016,0,1,1,0,1,2,0,14,15,0,35,35,0,12,6,0,381,416,,,,,,,,,,POINT (-64.55719290071379 46.1487533775324)
2021A00051307019,0,4,3,1,1,1,0,18,18,0,51,38,3,13,3,0,149,149,13.0,49.0,42.0,12.0,76.0,14.0,0.0,314.0,327.0,POINT (-64.99512707298977 46.18740123271522)
2021A00051307022,7,20,17,2,8,9,0,79,87,88,295,259,85,615,89,0,1795,1891,93.0,353.0,244.0,54.0,337.0,176.0,32.0,1632.0,1757.0,POINT (-64.84464916152841 46.120651013657984)
2021A00051307024,0,0,0,0,1,0,0,18,18,0,0,0,0,3,0,0,129,129,,,,,,,,,,POINT (-65.1901969239726 46.05864068071893)
2021A00051307028,0,1,2,1,1,1,0,6,6,0,2,4,2,2,35,0,54,54,0.0,13.0,5.0,2.0,2.0,22.0,0.0,62.0,64.0,POINT (-65.0494729264084 46.03802561384229)
2021A00051307029,1,1,1,0,0,0,0,1,1,11,11,11,0,0,0,0,11,11,,,,,,,,,,POINT (-65.17655098994139 45.93843278121663)
2021A00051307045,4,16,7,1,2,5,1,38,41,118,433,260,34,149,307,71,1446,1637,39.0,130.0,97.0,18.0,133.0,69.0,15.0,636.0,692.0,POINT (-64.67894977702699 46.10139069134263)
2021A00051307052,0,2,1,0,1,0,0,14,14,0,16,1,0,146,0,0,429,429,,,,,,,,,,POINT (-64.50867926793335 46.157600265313384)
2021A00051308001,2,1,3,0,6,1,2,31,32,31,15,43,0,102,15,31,210,225,,,,,,,,,,POINT (-64.74137528125824 46.33103445138098)
2021A00051308002,0,0,0,0,3,1,0,29,29,0,0,0,0,52,7,0,177,177,,,,,,,,,,POINT (-64.6406585355612 46.37560816395686)
2021A00051308003,0,0,0,0,0,0,0,0,0,0,0,0,0,0,0,0,0,0,,,,,,,,,,POINT (-64.75751539467352 46.450756050871675)
2021A00051308004,0,2,3,2,0,1,0,33,33,0,8,41,40,0,7,0,469,469,,,,,,,,,,POINT (-64.75059799611925 46.509148152055865)
2021A00051308005,0,1,0,0,0,0,0,9,9,0,334,0,0,0,0,0,380,380,,,,,,,,,,POINT (-64.7485554317361 46.47342432253202)
2021A00051308006,1,3,2,0,1,0,0,12,12,3,11,4,0,3,0,0,39,39,,,,,,,,,,POINT (-64.88679284489784 46.435504748092946)
2021A00051308007,0,0,0,0,2,0,0,4,4,0,0,0,0,18,0,0,40,40,,,,,,,,,,POINT (-64.75181609537694 46.36290324174763)
2021A00051308008,0,0,0,0,1,0,0,2,2,0,0,0,0,15,0,0,27,27,3.0,11.0,4.0,0.0,17.0,0.0,0.0,54.0,54.0,POINT (-65.0017735166619 46.33770283654902)
2021A00051308010,0,0,0,0,0,0,0,0,0,0,0,0,0,0,0,0,0,0,,,,,,,,,,POINT (-65.4047531222908 46.36874407213192)
2021A00051308012,0,0,0,0,0,0,0,0,0,0,0,0,0,0,0,0,0,0,,,,,,,,,,POINT (-65.47405432843237 46.539402817502335)
2021A00051308014,0,0,1,0,2,0,0,9,9,0,0,1,0,150,0,0,171,171,,,,,,,,,,POINT (-65.25682342863963 46.56240493370684)
2021A00051308015,0,0,0,0,1,0,0,3,3,0,0,0,0,3,0,0,9,9,,,,,,,,,,POINT (-64.9949539758988 46.59168246216749)
2021A00051308016,0,1,0,0,3,1,0,36,36,0,1,0,0,9,74,0,460,460,,,,,,,,,,POINT (-64.80372204066876 46.60686025736257)
2021A00051308017,1,0,0,0,1,0,0,6,6,32,0,0,0,3,0,0,45,45,,,,,,,,,,POINT (-64.88342889857415 46.6540798425014)
2021A00051308018,0,2,1,0,0,1,0,8,9,0,152,149,0,0,149,0,26,175,,,,,,,,,,POINT (-64.88065189352153 46.680012855279095)
2021A00051308019,0,0,0,0,1,0,0,46,46,0,0,0,0,7,0,0,161,161,,,,,,,,,,POINT (-65.04029587122812 46.658006261159485)
2021A00051308020,0,0,0,0,0,0,0,0,0,0,0,0,0,0,0,0,0,0,,,,,,,,,,POINT (-64.79097091975969 46.689879555026465)
2021A00051308021,0,0,0,0,1,0,0,48,48,0,0,0,0,7,0,0,153,153,,,,,,,,,,POINT (-65.12658554454926 46.700776976099775)
2021A00051308022,0,0,0,0,0,0,0,8,8,0,0,0,0,0,0,0,22,22,,,,,,,,,,POINT (-64.97120416247172 46.73449923438165)
2021A00051308024,0,0,0,0,1,0,0,4,4,0,0,0,0,3,0,0,11,11,,,,,,,,,,POINT (-65.2962972135931 46.72162539188276)
2021A00051308026,0,0,0,0,0,0,0,55,55,0,0,0,0,0,0,0,510,510,,,,,,,,,,POINT (-64.98765570643322 46.90257331327827)
2021A00051309001,0,0,1,0,1,1,0,74,75,0,0,7,0,1,7,0,583,590,,,,,,,,,,POINT (-65.16216104791054 47.009862593247014)
2021A00051309004,0,0,0,0,0,0,0,1,1,0,0,0,0,0,0,0,3,3,0.0,0.0,0.0,0.0,0.0,0.0,0.0,11.0,11.0,POINT (-65.28097740645363 46.95404718555588)
2021A00051309006,0,0,0,0,0,0,0,2,2,0,0,0,0,0,0,0,6,6,2.0,7.0,17.0,0.0,2.0,18.0,1.0,25.0,40.0,POINT (-65.3977685870929 47.03528795241098)
2021A00051309010,0,0,0,0,0,0,0,0,0,0,0,0,0,0,0,0,0,0,,,,,,,,,,POINT (-65.78093751640134 46.820780741745985)
2021A00051309011,0,0,0,0,0,0,0,0,0,0,0,0,0,0,0,0,0,0,0.0,0.0,0.0,0.0,16.0,0.0,0.0,40.0,40.0,POINT (-65.65871904500531 46.90167919048613)
2021A00051309014,0,0,0,0,1,0,0,2,2,0,0,0,0,7,0,0,18,18,0.0,0.0,0.0,0.0,15.0,0.0,0.0,36.0,36.0,POINT (-65.59654459876118 46.83233576360674)
2021A00051309016,0,0,0,0,1,0,0,3,3,0,0,0,0,3,0,0,7,7,,,,,,,,,,POINT (-65.4553510651288 46.770334215736895)
2021A00051309017,0,0,0,0,0,0,0,1,1,0,0,0,0,0,0,0,4,4,,,,,,,,,,POINT (-65.43197215750223 46.73739962408654)
2021A00051309018,0,0,0,0,2,0,0,3,3,0,0,0,0,6,0,0,9,9,,,,,,,,,,POINT (-65.77553699322809 46.630143141847846)
2021A00051309019,0,1,1,1,1,1,0,2,2,0,3,3,3,7,3,0,10,10,,,,,,,,,,POINT (-65.82999049811426 46.74172847965452)
2021A00051309021,0,0,0,0,0,0,0,0,0,0,0,0,0,0,0,0,0,0,,,,,,,,,,POINT (-66.05820406026636 46.627575796654746)
2021A00051309022,0,0,0,0,1,0,0,1,1,0,0,0,0,149,0,0,149,149,,,,,,,,,,POINT (-66.11785906825101 46.56062179556122)
2021A00051309023,0,0,0,0,0,0,0,0,0,0,0,0,0,0,0,0,0,0,0.0,0.0,0.0,0.0,0.0,0.0,0.0,0.0,0.0,POINT (-65.88413090145848 46.9206584488609)
2021A00051309026,0,0,0,0,2,0,0,5,5,0,0,0,0,10,0,0,29,29,2.0,9.0,24.0,1.0,13.0,24.0,1.0,57.0,77.0,POINT (-66.46886753736416 46.9593193521156)
2021A00051309027,0,1,1,0,0,0,0,2,2,0,12,12,0,0,0,0,13,13,,,,,,,,,,POINT (-66.34413517688787 46.536195382865884)
2021A00051309028,0,1,1,1,3,1,0,6,6,0,15,15,15,13,15,0,61,61,3.0,8.0,29.0,1.0,20.0,30.0,1.0,70.0,95.0,POINT (-66.20480324758745 47.29552151773657)
2021A00051309031,0,0,0,0,2,0,0,3,3,0,0,0,0,10,0,0,13,13,0.0,0.0,0.0,0.0,15.0,0.0,0.0,20.0,20.0,POINT (-65.54684620284665 47.15179841140241)
2021A00051309033,0,0,0,0,0,0,0,0,0,0,0,0,0,0,0,0,0,0,,,,,,,,,,POINT (-65.7940100678165 47.05483586385264)
2021A00051309034,0,0,0,0,0,0,0,0,0,0,0,0,0,0,0,0,0,0,,,,,,,,,,POINT (-65.7894570527073 47.02980586690349)
2021A00051309035,0,0,0,0,0,0,0,0,0,0,0,0,0,0,0,0,0,0,0.0,0.0,0.0,0.0,0.0,0.0,0.0,11.0,11.0,POINT (-65.63390990050205 46.989916757767574)
2021A00051309036,0,0,2,1,3,0,0,44,44,0,0,16,15,7,0,0,162,162,,,,,,,,,,POINT (-65.29571324589116 47.281673972793584)
2021A00051309038,0,0,0,0,0,0,0,25,25,0,0,0,0,0,0,0,315,315,,,,,,,,,,POINT (-65.08501291229766 47.258955824707705)
2021A00051309044,0,0,0,0,2,0,0,23,23,0,0,0,0,6,0,0,68,68,,,,,,,,,,POINT (-65.13477009330336 47.22476552521718)
2021A00051309047,0,0,0,0,0,0,0,0,0,0,0,0,0,0,0,0,0,0,,,,,,,,,,POINT (-65.1486653982036 47.3387276413674)
2021A00051309050,2,7,4,0,3,3,1,27,29,6,52,511,0,21,571,11,359,856,4.0,29.0,250.0,0.0,11.0,279.0,6.0,220.0,462.0,POINT (-65.55660551045631 47.0356154905205)
2021A00051310001,0,0,0,0,0,0,0,1,1,0,0,0,0,0,0,0,3,3,0.0,0.0,0.0,0.0,52.0,0.0,0.0,70.0,70.0,POINT (-66.829172310534 45.69353536918396)
2021A00051310002,0,0,0,0,0,0,0,1,1,0,0,0,0,0,0,0,3,3,11.0,29.0,18.0,0.0,8.0,13.0,2.0,93.0,104.0,POINT (-66.6800225096413 45.887416476469085)
2021A00051310004,0,3,0,0,2,0,0,6,6,0,9,0,0,38,0,0,49,49,0.0,11.0,0.0,0.0,41.0,0.0,0.0,55.0,55.0,POINT (-67.0637839232073 45.63244029778486)
2021A00051310005,0,0,0,0,0,0,0,0,0,0,0,0,0,0,0,0,0,0,0.0,3.0,0.0,0.0,6.0,0.0,0.0,8.0,8.0,POINT (-67.0049896045939 45.729887915881896)
2021A00051310006,0,0,0,0,0,0,0,1,1,0,0,0,0,0,0,0,2,2,,,,,,,,,,POINT (-67.30648177027497 45.587481193244265)
2021A00051310007,0,0,0,0,0,0,0,0,0,0,0,0,0,0,0,0,0,0,,,,,,,,,,POINT (-67.3492183443683 45.689217398625196)
2021A00051310008,0,0,0,0,0,0,0,0,0,0,0,0,0,0,0,0,0,0,,,,,,,,,,POINT (-67.64736196916257 45.773231824335454)
2021A00051310011,0,1,1,0,1,0,0,3,3,0,1,1,0,3,0,0,5,5,,,,,,,,,,POINT (-67.53059358668527 45.8580533292835)
2021A00051310012,0,0,0,0,0,0,0,0,0,0,0,0,0,0,0,0,0,0,,,,,,,,,,POINT (-67.46753450257424 45.89318461758269)
2021A00051310013,0,1,2,0,0,0,1,2,2,0,25,30,0,0,0,5,30,30,,,,,,,,,,POINT (-67.48211398722901 45.99020417959236)
2021A00051310014,0,1,0,0,1,0,0,4,4,0,7,0,0,3,0,0,14,14,,,,,,,,,,POINT (-67.24101741585925 45.85432903953622)
2021A00051310016,0,1,0,0,1,0,0,3,3,0,3,0,0,3,0,0,12,12,0.0,34.0,0.0,0.0,13.0,0.0,0.0,53.0,53.0,POINT (-67.14218995543193 45.76104140516792)
2021A00051310017,2,3,1,0,2,0,0,7,7,38,41,3,0,14,0,0,65,65,39.0,45.0,31.0,0.0,6.0,3.0,0.0,67.0,70.0,POINT (-66.78933374122155 45.8603826711664)
2021A00051310018,1,4,4,0,0,1,0,3,4,74,85,85,0,0,7,0,78,85,31.0,35.0,24.0,0.0,4.0,2.0,0.0,55.0,57.0,POINT (-66.86139837064498 45.89091455293316)
2021A00051310019,0,0,0,0,0,0,0,0,0,0,0,0,0,0,0,0,0,0,0.0,0.0,0.0,0.0,0.0,0.0,0.0,0.0,0.0,POINT (-66.83473199067068 45.92673493596807)
2021A00051310021,0,0,0,0,0,0,0,4,4,0,0,0,0,0,0,0,11,11,0.0,0.0,0.0,0.0,2.0,0.0,0.0,40.0,40.0,POINT (-67.06177641066381 46.003836712189226)
2021A00051310024,0,0,0,0,1,0,0,3,3,0,0,0,0,3,0,0,20,20,,,,,,,,,,POINT (-67.29577542742095 46.09189228209022)
2021A00051310025,0,0,0,0,0,0,0,0,0,0,0,0,0,0,0,0,0,0,,,,,,,,,,POINT (-67.19886997640624 46.13280058174719)
2021A00051310026,0,0,0,0,1,0,0,7,7,0,0,0,0,15,0,0,61,61,0.0,0.0,0.0,0.0,18.0,0.0,0.0,76.0,76.0,POINT (-67.05163124152037 46.10673535735101)
2021A00051310028,1,1,2,0,2,0,0,10,10,3,3,4,0,36,0,0,157,157,13.0,36.0,27.0,0.0,21.0,21.0,3.0,148.0,163.0,POINT (-66.98675312923956 46.33702328187389)
2021A00051310031,0,0,1,0,3,1,0,7,7,0,0,2,0,19,15,0,45,45,8.0,29.0,19.0,0.0,16.0,18.0,3.0,140.0,154.0,POINT (-66.51569682648109 46.168121348755484)
2021A00051310032,5,21,6,0,7,8,1,63,68,57,237,166,0,80,160,33,742,901,48.0,200.0,139.0,0.0,133.0,135.0,29.0,771.0,904.0,POINT (-66.64807961372746 45.953653489487806)
2021A00051310034,0,0,0,0,1,0,0,1,1,0,0,0,0,3,0,0,3,3,0.0,0.0,0.0,0.0,5.0,0.0,0.0,15.0,15.0,POINT (-66.60338120849187 46.00644935775332)
2021A00051310036,0,0,0,0,1,0,0,1,1,0,0,0,0,3,0,0,3,3,,,,,,,,,,POINT (-66.73377219252554 46.69508682799143)
2021A00051310037,0,0,0,0,0,0,0,1,1,0,0,0,0,0,0,0,1,1,,,,,,,,,,POINT (-66.73048972648984 46.28213775784097)
2021A00051310054,0,0,0,0,0,0,0,4,4,0,0,0,0,0,0,0,214,214,,,,,,,,,,POINT (-67.2405442067556 45.99624566230293)
2021A00051311001,0,0,1,0,0,0,0,7,7,0,0,15,0,0,0,0,30,30,,,,,,,,,,POINT (-67.72153983842801 46.07469660316489)
2021A00051311004,0,0,0,0,0,0,0,5,5,0,0,0,0,0,0,0,10,10,,,,,,,,,,POINT (-67.62230142911261 46.08987416390667)
2021A00051311005,0,0,0,0,1,0,0,2,2,0,0,0,0,3,0,0,6,6,,,,,,,,,,POINT (-67.59865276458252 46.10206191521358)
2021A00051311006,1,0,1,0,1,0,1,3,3,24,0,24,0,35,0,24,62,62,,,,,,,,,,POINT (-67.58801511938336 46.14568000916324)
2021A00051311008,0,1,1,1,0,1,0,6,6,0,7,7,7,0,7,0,58,58,,,,,,,,,,POINT (-67.48861339741784 46.13264873905291)
2021A00051311011,0,0,0,0,1,0,0,5,5,0,0,0,0,3,0,0,12,12,,,,,,,,,,POINT (-67.36337070315902 46.32775566979088)
2021A00051311012,1,1,2,0,0,1,1,4,4,3,3,107,0,0,35,104,163,163,,,,,,,,,,POINT (-67.50222047221067 46.29886887321425)
2021A00051311014,0,2,2,0,4,0,0,16,16,0,12,12,0,28,0,0,115,115,,,,,,,,,,POINT (-67.6123605638624 46.24450045723416)
2021A00051311018,0,0,0,0,0,0,0,3,3,0,0,0,0,0,0,0,17,17,,,,,,,,,,POINT (-67.70084448986331 46.34329826131052)
2021A00051311019,2,2,0,0,0,0,1,4,4,80,63,0,0,0,0,33,99,99,,,,,,,,,,POINT (-67.71293438128403 46.43190915663995)
2021A00051311021,0,0,0,0,0,0,0,1,1,0,0,0,0,0,0,0,2,2,,,,,,,,,,POINT (-67.60010210097492 46.36299975546478)
2021A00051311024,0,1,1,0,1,0,0,6,6,0,1,1,0,3,0,0,15,15,,,,,,,,,,POINT (-67.53525948144718 46.402162042028735)
2021A00051311026,0,1,1,0,0,1,0,5,5,0,1,1,0,0,35,0,58,58,,,,,,,,,,POINT (-67.286717126775 46.51574045817308)
2021A00051311027,0,0,1,1,2,1,0,6,6,0,0,7,7,78,15,0,119,119,,,,,,,,,,POINT (-67.61450668374576 46.45451480668807)
2021A00051311028,0,0,0,0,2,0,0,8,8,0,0,0,0,17,0,0,37,37,,,,,,,,,,POINT (-67.2248940473893 46.62117280869207)
2021A00051311030,0,0,0,0,1,0,0,1,1,0,0,0,0,15,0,0,15,15,,,,,,,,,,POINT (-67.57862769395607 46.51010782159606)
2021A00051311031,1,1,1,0,1,0,0,7,7,3,3,3,0,7,0,0,18,18,,,,,,,,,,POINT (-67.69015723298303 46.48961840888497)
2021A00051312001,0,0,0,0,0,0,0,0,0,0,0,0,0,0,0,0,0,0,,,,,,,,,,POINT (-67.75545955588998 46.71005068464378)
2021A00051312002,0,0,0,0,0,0,0,0,0,0,0,0,0,0,0,0,0,0,,,,,,,,,,POINT (-67.72428404551947 46.80432320323293)
2021A00051312004,0,1,0,0,1,0,0,2,2,0,3,0,0,3,0,0,6,6,,,,,,,,,,POINT (-67.58290122731772 46.69723702258855)
2021A00051312006,0,0,0,0,2,0,0,4,4,0,0,0,0,30,0,0,34,34,,,,,,,,,,POINT (-67.70878298661252 46.73872195659429)
2021A00051312007,0,0,0,0,0,0,0,1,1,0,0,0,0,0,0,0,1,1,,,,,,,,,,POINT (-67.68859379359188 46.80272858815276)
2021A00051312008,0,0,0,0,7,0,0,9,9,0,0,0,0,41,0,0,59,59,,,,,,,,,,POINT (-67.24165368545717 46.84161820261388)
2021A00051312009,0,0,0,0,1,0,0,2,2,0,0,0,0,149,0,0,155,155,,,,,,,,,,POINT (-67.39501335288666 46.90401048972347)
2021A00051312011,0,0,0,0,0,0,0,1,1,0,0,0,0,0,0,0,1,1,,,,,,,,,,POINT (-67.08858780977069 47.10804241979783)
2021A00051312014,0,0,0,0,2,0,0,4,4,0,0,0,0,6,0,0,8,8,,,,,,,,,,POINT (-67.4717623342891 47.116639760313106)
2021A00051312016,0,0,0,0,1,0,0,5,5,0,0,0,0,3,0,0,11,11,,,,,,,,,,POINT (-67.74479060835974 46.9053577486717)
2021A00051312019,1,4,1,0,2,0,0,15,15,12,146,12,0,10,0,0,175,175,,,,,,,,,,POINT (-67.76157096245288 47.041415779391286)
2021A00051312021,0,1,0,0,0,0,0,4,4,0,3,0,0,0,0,0,7,7,,,,,,,,,,POINT (-67.60327249455858 47.236512401044855)
2021A00051312023,0,0,0,0,0,0,0,0,0,0,0,0,0,0,0,0,0,0,,,,,,,,,,POINT (-67.68216231766098 47.0348911129724)
2021A00051313002,0,1,1,0,2,0,0,6,6,0,3,3,0,10,0,0,65,65,,,,,,,,,,POINT (-67.7337382601154 47.14608791896385)
2021A00051313004,0,0,0,0,1,0,0,2,2,0,0,0,0,3,0,0,10,10,,,,,,,,,,POINT (-67.76683524789223 47.26943834532769)
2021A00051313006,0,0,0,0,1,0,0,1,1,0,0,0,0,3,0,0,3,3,,,,,,,,,,POINT (-67.9197459168124 47.171720832968184)
2021A00051313008,0,0,0,0,1,0,0,2,2,0,0,0,0,347,0,0,348,348,,,,,,,,,,POINT (-67.80715267806191 47.37059177886055)
2021A00051313011,0,0,0,0,2,0,0,3,3,0,0,0,0,10,0,0,17,17,,,,,,,,,,POINT (-67.88964523462225 47.396972282395836)
2021A00051313012,0,0,0,0,1,0,0,2,2,0,0,0,0,3,0,0,4,4,,,,,,,,,,POINT (-68.02086509632801 47.25288848690891)
2021A00051313014,0,1,1,0,0,0,0,1,1,0,34,34,0,0,0,0,34,34,0.0,67.0,67.0,0.0,0.0,0.0,0.0,67.0,67.0,POINT (-68.13880062095781 47.321678659295394)
2021A00051313015,0,0,0,0,0,1,0,2,2,0,0,0,0,0,3,0,4,4,4.0,5.0,5.0,1.0,28.0,3.0,1.0,68.0,69.0,POINT (-68.04679274289205 47.47803231914347)
2021A00051313018,0,0,0,0,0,0,0,2,2,0,0,0,0,0,0,0,4,4,4.0,5.0,5.0,1.0,11.0,2.0,1.0,42.0,43.0,POINT (-68.16499266309509 47.44314103759863)
2021A00051313020,0,0,0,0,0,0,0,1,1,0,0,0,0,0,0,0,13,13,4.0,5.0,5.0,1.0,3.0,2.0,1.0,23.0,24.0,POINT (-68.30269303963117 47.366899833685984)
2021A00051313022,0,2,1,1,6,1,0,11,11,0,44,15,15,51,15,0,74,74,0.0,127.0,43.0,43.0,103.0,43.0,0.0,157.0,157.0,POINT (-68.30220620860497 47.5782240720494)
2021A00051313024,0,0,0,0,0,0,0,1,1,0,0,0,0,0,0,0,1,1,0.0,51.0,24.0,16.0,65.0,16.0,0.0,99.0,99.0,POINT (-68.42417254488589 47.46179257254712)
2021A00051313027,5,4,4,1,8,2,1,29,30,97,89,90,15,227,50,33,859,894,68.0,63.0,62.0,11.0,186.0,35.0,23.0,643.0,667.0,POINT (-68.35579146894617 47.372182024674835)
2021A00051313028,0,0,0,0,0,0,0,0,0,0,0,0,0,0,0,0,0,0,,,,,,,,,,POINT (-68.17811551138222 47.61337237887483)
2021A00051313031,1,2,6,0,5,3,1,17,19,3,8,68,0,67,45,3,407,449,,,,,,,,,,POINT (-68.73410791192782 47.29900360415475)
2021A00051313037,1,0,0,0,0,0,0,1,1,3,0,0,0,0,0,0,3,3,,,,,,,,,,POINT (-68.6501996327336 47.339435862450664)
2021A00051314001,0,0,0,0,0,0,0,0,0,0,0,0,0,0,0,0,0,0,,,,,,,,,,POINT (-66.08087203141473 47.742185371370724)
2021A00051314003,0,0,0,0,0,0,0,1,1,0,0,0,0,0,0,0,3,3,,,,,,,,,,POINT (-66.26775051201682 47.74285683304739)
2021A00051314004,0,1,1,1,0,1,0,4,4,0,3,3,3,0,3,0,12,12,,,,,,,,,,POINT (-66.31168483223733 47.989228467543754)
2021A00051314005,0,0,0,0,0,0,0,0,0,0,0,0,0,0,0,0,0,0,,,,,,,,,,POINT (-66.51291833316164 47.718539147695836)
2021A00051314006,0,0,0,0,2,0,0,4,4,0,0,0,0,6,0,0,69,69,,,,,,,,,,POINT (-66.48148715289258 47.96412784792322)
2021A00051314008,0,0,0,0,0,1,0,2,2,0,0,0,0,0,3,0,6,6,,,,,,,,,,POINT (-66.56350836221503 48.01207235031259)
2021A00051314010,0,0,0,0,0,0,0,6,6,0,0,0,0,0,0,0,18,18,,,,,,,,,,POINT (-66.38082365814992 48.03252256406181)
2021A00051314011,0,0,0,0,1,0,0,4,4,0,0,0,0,75,0,0,85,85,,,,,,,,,,POINT (-66.50363694021246 47.995857255961816)
2021A00051314012,0,0,0,0,2,0,0,2,2,0,0,0,0,6,0,0,6,6,0.0,2.0,2.0,1.0,12.0,1.0,0.0,33.0,33.0,POINT (-66.76556119836876 47.67295874058156)
2021A00051314013,0,1,0,0,5,0,0,12,12,0,4,0,0,19,0,0,233,233,0.0,9.0,0.0,0.0,69.0,0.0,0.0,163.0,163.0,POINT (-66.71385651064448 47.930633948320214)
2021A00051314014,0,2,0,0,0,0,0,2,2,0,14,0,0,0,0,0,14,14,0.0,5.0,0.0,0.0,65.0,1.0,0.0,158.0,158.0,POINT (-66.65730071815831 47.99418015994191)
2021A00051314015,0,0,0,0,1,0,0,1,1,0,0,0,0,3,0,0,3,3,0.0,4.0,0.0,0.0,8.0,0.0,0.0,39.0,39.0,POINT (-66.78512472635158 47.985394766207946)
2021A00051314016,0,0,1,0,1,0,0,4,4,0,0,1,0,1,0,0,5,5,,,,,,,,,,POINT (-67.08837223922873 47.703780342869095)
2021A00051314017,0,0,0,0,0,0,0,0,0,0,0,0,0,0,0,0,0,0,,,,,,,,,,POINT (-66.39174294538182 48.04919663718999)
2021A00051314020,0,0,0,0,12,0,0,15,15,0,0,0,0,221,0,0,226,226,,,,,,,,,,POINT (-67.42827492210982 47.728582484532176)
2021A00051314021,0,0,0,0,2,0,0,11,11,0,0,0,0,350,0,0,381,381,,,,,,,,,,POINT (-67.86829300717655 47.83658093074853)
2021A00051314022,0,3,1,0,6,0,0,14,14,0,52,33,0,58,0,0,128,128,,,,,,,,,,POINT (-67.38911338981318 47.50944818503414)
2021A00051314025,0,0,1,0,2,2,0,9,9,0,0,15,0,362,9,0,385,385,,,,,,,,,,POINT (-65.97812184945333 47.85869552486764)
2021A00051314026,0,0,0,0,0,0,0,1,1,0,0,0,0,0,0,0,3,3,,,,,,,,,,POINT (-66.39617651803225 48.036355512828926)
2021A00051315002,1,9,3,0,4,0,0,120,120,29,127,87,0,55,0,0,641,641,,,,,,,,,,POINT (-64.97180262489564 47.46261317973052)
2021A00051315006,0,2,2,0,3,0,0,6,6,0,37,37,0,9,0,0,74,74,,,,,,,,,,POINT (-65.47032626202707 47.44195730290646)
2021A00051315008,1,1,0,0,2,0,0,14,14,3,1,0,0,184,0,0,219,219,5.0,21.0,21.0,3.0,44.0,14.0,0.0,275.0,286.0,POINT (-65.83783170034731 47.52669019738243)
2021A00051315010,0,0,0,0,0,0,0,2,2,0,0,0,0,0,0,0,6,6,0.0,0.0,0.0,0.0,0.0,0.0,0.0,0.0,0.0,POINT (-65.6662271844849 47.532960606451674)
2021A00051315011,2,6,1,0,1,1,0,20,21,18,50,35,0,15,35,0,141,176,15.0,41.0,54.0,0.0,15.0,54.0,0.0,270.0,324.0,POINT (-65.58508876354605 47.6109330913071)
2021A00051315012,0,0,1,0,4,0,0,15,15,0,0,1,0,18,0,0,66,66,0.0,0.0,65.0,0.0,29.0,90.0,0.0,168.0,231.0,POINT (-65.87851020761082 47.692770068889985)
2021A00051315013,0,0,0,0,0,0,0,8,8,0,0,0,0,0,0,0,24,24,0.0,0.0,2.0,0.0,47.0,4.0,0.0,76.0,76.0,POINT (-65.77712274801446 47.85268924489416)
2021A00051315014,0,0,0,0,0,1,0,7,7,0,0,0,0,0,15,0,32,32,0.0,0.0,21.0,0.0,10.0,29.0,0.0,65.0,85.0,POINT (-65.72381586879142 47.78436439208322)
2021A00051315015,0,0,1,0,0,1,0,10,11,0,0,35,0,0,35,0,37,72,6.0,18.0,24.0,0.0,12.0,28.0,0.0,104.0,127.0,POINT (-65.70854773417152 47.70325434557711)
2021A00051315016,0,0,0,0,0,0,0,31,31,0,0,0,0,0,0,0,100,100,,,,,,,,,,POINT (-65.33382273065051 47.681075991816904)
2021A00051315017,0,0,0,0,0,0,0,2,2,0,0,0,0,0,0,0,4,4,,,,,,,,,,POINT (-65.17275500802134 47.7624957273427)
2021A00051315019,0,1,1,0,1,1,0,11,12,0,15,3,0,3,3,0,48,51,,,,,,,,,,POINT (-65.2073705334537 47.62779925542129)
2021A00051315020,0,0,0,0,0,0,0,2,2,0,0,0,0,0,0,0,4,4,,,,,,,,,,POINT (-65.10733348511215 47.66994550853191)
2021A00051315021,0,1,1,1,0,1,0,4,4,0,3,3,3,0,3,0,11,11,,,,,,,,,,POINT (-65.14658875949121 47.563187097725454)
2021A00051315022,0,0,0,0,1,0,0,4,4,0,0,0,0,69,0,0,87,87,,,,,,,,,,POINT (-65.03894085538263 47.55637435411139)
2021A00051315024,0,0,0,0,0,1,0,19,19,0,0,0,0,0,279,0,351,351,,,,,,,,,,POINT (-64.90862669203557 47.66652318934599)
2021A00051315026,0,1,0,0,0,0,0,10,10,0,28,0,0,0,0,0,102,102,,,,,,,,,,POINT (-64.92802531968115 47.71986716496873)
2021A00051315027,0,0,0,0,1,0,0,18,18,0,0,0,0,3,0,0,515,515,,,,,,,,,,POINT (-64.83860196952429 47.78530669992184)
2021A00051315028,0,3,2,0,1,0,0,37,38,0,15,38,0,35,0,0,590,625,,,,,,,,,,POINT (-64.95293963861548 47.76381344074558)
2021A00051315029,0,1,1,1,1,1,0,166,166,0,3,3,3,3,3,0,706,706,,,,,,,,,,POINT (-64.67248674895781 47.82916548041868)
2021A00051315030,0,0,0,0,0,0,0,33,33,0,0,0,0,0,0,0,135,135,,,,,,,,,,POINT (-64.70461564023437 47.710831785749804)
2021A00051315031,3,2,3,0,0,0,0,25,26,13,10,11,0,0,0,0,105,112,,,,,,,,,,POINT (-64.72578715648821 47.73203227430992)
2021A00051315032,0,1,0,0,0,0,0,38,38,0,3,0,0,0,0,0,389,389,,,,,,,,,,POINT (-64.62676825229211 47.81300694940769)
2021A00051315033,0,0,0,0,0,0,0,15,15,0,0,0,0,0,0,0,290,290,,,,,,,,,,POINT (-64.58164910515403 47.79497848931894)
2021A00051315036,0,1,0,0,0,0,0,3,3,0,3,0,0,0,0,0,12,12,,,,,,,,,,POINT (-65.06956172502969 47.73933016899761)
2021A00051315037,0,0,0,0,1,0,0,5,5,0,0,0,0,3,0,0,12,12,2.0,5.0,4.0,0.0,5.0,4.0,0.0,32.0,35.0,POINT (-65.73124438714223 47.736678427568)
2021A00051315038,0,1,1,0,0,1,0,4,5,0,3,3,0,0,3,0,244,247,,,,,,,,,,POINT (-65.16560127665254 47.80625301343775)
2021A00051315040,0,0,0,0,0,0,0,1,1,0,0,0,0,0,0,0,3,3,,,,,,,,,,POINT (-65.02310613386643 47.82264986561871)
2021A00052401023,1,11,5,1,0,6,0,324,325,2,55,11,2,0,20,0,1308,1311,,,,,,,,,,POINT (-61.69960035252169 47.27781167399213)
2021A00052401042,0,0,0,0,0,0,0,81,81,0,0,0,0,0,0,0,310,310,,,,,,,,,,POINT (-61.47791871641321 47.58959108495659)
2021A00052402005,0,4,1,0,1,0,0,49,49,0,69,7,0,3,0,0,259,259,,,,,,,,,,POINT (-64.33157606396976 48.55886041520803)
2021A00052402010,0,1,0,0,1,0,0,30,30,0,2,0,0,3,0,0,903,903,,,,,,,,,,POINT (-64.44020564025023 48.438158318729556)
2021A00052402015,0,2,1,0,3,0,0,31,31,0,9,3,0,9,0,0,405,405,,,,,,,,,,POINT (-64.52629590777029 48.42567436866069)
2021A00052402028,1,2,0,0,5,0,0,49,49,3,15,0,0,14,0,0,260,260,,,,,,,,,,POINT (-64.76382175636718 48.37257570736265)
2021A00052402047,0,0,0,0,1,0,0,21,21,0,0,0,0,3,0,0,218,218,,,,,,,,,,POINT (-65.00677241402614 48.22074920266844)
2021A00052402902,0,0,0,0,0,0,0,0,0,0,0,0,0,0,0,0,0,0,,,,,,,,,,POINT (-64.96424912652445 48.58840381663179)
2021A00052403005,1,10,2,0,3,1,0,78,78,12,237,14,0,30,2,0,968,968,,,,,,,,,,POINT (-64.60262755078895 48.894472714799285)
2021A00052403010,0,0,0,0,0,0,0,4,4,0,0,0,0,0,0,0,42,42,,,,,,,,,,POINT (-64.89114917116405 49.12924742487481)
2021A00052403015,0,0,0,0,0,0,0,2,2,0,0,0,0,0,0,0,13,13,,,,,,,,,,POINT (-65.00964577592475 49.191395342303906)
2021A00052403020,0,0,0,0,4,0,0,4,4,0,0,0,0,44,0,0,44,44,,,,,,,,,,POINT (-65.12453807763485 49.175896553136724)
2021A00052403025,0,0,0,0,0,0,0,1,1,0,0,0,0,0,0,0,1,1,,,,,,,,,,POINT (-65.47565526596011 48.96008352868595)
2021A00052403902,0,0,0,0,0,0,0,0,0,0,0,0,0,0,0,0,0,0,,,,,,,,,,POINT (-64.85241759454328 48.833193813087014)
2021A00052403904,0,0,0,0,0,0,0,0,0,0,0,0,0,0,0,0,0,0,,,,,,,,,,POINT (-65.24356363307179 48.943355843906964)
2021A00052404005,0,0,0,0,0,0,0,1,1,0,0,0,0,0,0,0,3,3,,,,,,,,,,POINT (-65.34329489200223 49.184987945016616)
2021A00052404010,0,0,0,0,0,0,0,4,4,0,0,0,0,0,0,0,51,51,,,,,,,,,,POINT (-65.63007333695069 49.19400665858312)
2021A00052404015,0,0,0,0,0,0,0,0,0,0,0,0,0,0,0,0,0,0,,,,,,,,,,POINT (-65.80051493320057 49.192942164658284)
2021A00052404020,0,0,0,0,0,0,0,0,0,0,0,0,0,0,0,0,0,0,,,,,,,,,,POINT (-65.85996075583759 49.15105332990796)
2021A00052404025,0,0,0,0,1,0,0,2,2,0,0,0,0,32,0,0,38,38,,,,,,,,,,POINT (-66.02222569735096 49.13833545229595)
2021A00052404030,0,0,0,0,0,0,0,0,0,0,0,0,0,0,0,0,0,0,,,,,,,,,,POINT (-66.20663919660932 49.13278278958784)
2021A00052404037,0,2,1,1,1,1,0,25,25,0,17,5,5,15,5,0,136,136,,,,,,,,,,POINT (-66.42016678629933 49.110104122316365)
2021A00052404047,0,0,1,0,2,0,0,8,8,0,0,6,0,40,0,0,60,60,,,,,,,,,,POINT (-66.71658476885086 49.047442344541366)
2021A00052404902,0,0,0,0,0,0,0,0,0,0,0,0,0,0,0,0,0,0,,,,,,,,,,POINT (-65.87692301951517 48.932150318738586)
2021A00052404904,0,0,0,0,0,0,0,0,0,0,0,0,0,0,0,0,0,0,,,,,,,,,,POINT (-66.64692124263236 48.95444234689921)
2021A00052405010,0,0,0,0,1,1,0,12,12,0,0,0,0,3,3,0,34,34,,,,,,,,,,POINT (-65.10314243802054 48.159709302153225)
2021A00052405015,0,0,0,0,0,0,0,5,5,0,0,0,0,0,0,0,21,21,,,,,,,,,,POINT (-65.15654339765868 48.14865559875628)
2021A00052405020,0,0,0,0,0,0,0,7,7,0,0,0,0,0,0,0,33,33,,,,,,,,,,POINT (-65.18083138496206 48.09383628944522)
2021A00052405025,0,0,0,0,0,0,0,1,1,0,0,0,0,0,0,0,2,2,,,,,,,,,,POINT (-65.25233243224001 48.12921630075598)
2021A00052405032,1,2,1,0,1,0,0,12,12,6,31,6,0,3,0,0,362,362,,,,,,,,,,POINT (-65.29353176037928 48.10971368865755)
2021A00052405040,0,0,0,0,1,0,0,4,4,0,0,0,0,3,0,0,10,10,,,,,,,,,,POINT (-65.35071164005178 48.059542487342185)
2021A00052405045,0,1,0,0,2,0,0,7,7,0,2,0,0,14,0,0,26,26,,,,,,,,,,POINT (-65.45914976027207 48.07479155598227)
2021A00052405050,0,0,0,0,1,0,0,1,1,0,0,0,0,136,0,0,136,136,,,,,,,,,,POINT (-65.44637643775295 48.183733948587815)
2021A00052405055,1,2,0,0,0,0,0,3,3,4,7,0,0,0,0,0,34,34,,,,,,,,,,POINT (-65.55638930134734 48.11786185708729)
2021A00052405060,0,1,0,0,0,0,0,4,4,0,5,0,0,0,0,0,10,10,,,,,,,,,,POINT (-65.67981554782645 48.1298769359626)
2021A00052405065,0,0,1,0,2,0,0,3,3,0,0,6,0,38,0,0,40,40,,,,,,,,,,POINT (-65.62097038515016 48.19832374460942)
2021A00052405070,0,3,1,0,1,1,0,12,12,0,7,70,0,7,70,0,98,98,,,,,,,,,,POINT (-65.79660387820279 48.19438422975923)
2021A00052405077,0,2,1,0,0,1,0,5,5,0,18,17,0,0,8,0,29,29,,,,,,,,,,POINT (-65.96393942648606 48.27878393579392)
2021A00052405902,0,0,0,0,0,0,0,0,0,0,0,0,0,0,0,0,0,0,,,,,,,,,,POINT (-65.61620794940725 48.38861480094266)
2021A00052406005,0,1,0,0,1,1,0,4,4,0,4,0,0,7,4,0,15,15,,,,,,,,,,POINT (-66.02809059359952 48.19857276219088)
2021A00052406013,0,1,0,0,2,0,0,18,18,0,43,0,0,10,0,0,131,131,,,,,,,,,,POINT (-66.15644843902245 48.16309757792995)
2021A00052406020,0,0,0,0,1,0,0,4,4,0,0,0,0,5,0,0,10,10,,,,,,,,,,POINT (-66.41244540140768 48.18684031978188)
2021A00052406025,0,0,0,0,2,0,0,3,3,0,0,0,0,17,0,0,21,21,,,,,,,,,,POINT (-66.52914801157824 48.12203132581657)
2021A00052406030,0,0,0,0,2,0,0,2,2,0,0,0,0,35,0,0,35,35,0.0,0.0,0.0,0.0,86.0,0.0,0.0,86.0,86.0,POINT (-66.67623086276141 48.14184714110223)
2021A00052406035,0,0,0,0,0,0,0,0,0,0,0,0,0,0,0,0,0,0,,,,,,,,,,POINT (-66.82539015668671 48.024224959648784)
2021A00052406040,0,0,0,0,0,0,0,2,2,0,0,0,0,0,0,0,10,10,,,,,,,,,,POINT (-66.96879166853005 48.07066850427839)
2021A00052406045,0,0,0,0,1,0,0,4,4,0,0,0,0,5,0,0,11,11,,,,,,,,,,POINT (-66.9747287496793 47.97118812060928)
2021A00052406050,0,0,0,0,1,0,0,3,3,0,0,0,0,3,0,0,6,6,,,,,,,,,,POINT (-67.05259780395738 47.98094846983964)
2021A00052406055,0,0,0,0,0,0,0,1,1,0,0,0,0,0,0,0,2,2,,,,,,,,,,POINT (-67.18169329126788 47.992269514443926)
2021A00052406060,0,0,0,0,1,0,0,4,4,0,0,0,0,24,0,0,29,29,,,,,,,,,,POINT (-67.26664279293034 47.92495869800636)
2021A00052406802,0,0,0,0,0,0,0,1,1,0,0,0,0,0,0,0,14,14,,,,,,,,,,POINT (-65.92891457897562 48.199949004580816)
2021A00052406804,0,0,0,0,3,0,0,3,3,0,0,0,0,8,0,0,8,8,,,,,,,,,,POINT (-66.7549149480001 48.06240042492804)
2021A00052406902,0,0,0,0,0,0,0,0,0,0,0,0,0,0,0,0,0,0,,,,,,,,,,POINT (-66.5058093236384 48.302036851286736)
2021A00052406904,0,0,0,0,0,0,0,0,0,0,0,0,0,0,0,0,0,0,,,,,,,,,,POINT (-67.4513165664961 48.040313986070274)
2021A00052407005,0,0,0,0,0,0,0,0,0,0,0,0,0,0,0,0,0,0,,,,,,,,,,POINT (-67.06894505461882 48.30964623837256)
2021A00052407010,0,0,0,0,2,0,0,7,7,0,0,0,0,43,0,0,53,53,,,,,,,,,,POINT (-67.24526890848746 48.26938548304751)
2021A00052407018,1,2,1,0,2,0,0,10,10,7,15,7,0,73,0,0,102,102,,,,,,,,,,POINT (-67.2242676591857 48.36990321368391)
2021A00052407025,0,0,0,0,0,0,0,2,2,0,0,0,0,0,0,0,4,4,,,,,,,,,,POINT (-67.37126055588995 48.32100553465933)
2021A00052407030,0,0,0,0,1,0,0,5,5,0,0,0,0,5,0,0,25,25,,,,,,,,,,POINT (-67.51736187477422 48.36972062919125)
2021A00052407035,0,0,0,0,3,0,0,6,6,0,0,0,0,9,0,0,26,26,,,,,,,,,,POINT (-67.6044905842089 48.30996413528048)
2021A00052407040,0,0,0,0,0,0,0,2,2,0,0,0,0,0,0,0,6,6,,,,,,,,,,POINT (-67.63090590355209 48.42996228503373)
2021A00052407047,0,3,3,0,6,2,0,32,33,0,24,49,0,36,38,0,317,352,,,,,,,,,,POINT (-67.4281814795785 48.48347822125152)
2021A00052407057,0,1,3,0,5,0,0,17,17,0,2,33,0,41,0,0,71,71,,,,,,,,,,POINT (-67.37321911961591 48.401878203293286)
2021A00052407065,0,0,0,0,0,0,0,1,1,0,0,0,0,0,0,0,1,1,,,,,,,,,,POINT (-67.27222606112905 48.48267340065068)
2021A00052407070,0,0,0,0,0,0,0,3,3,0,0,0,0,0,0,0,8,8,,,,,,,,,,POINT (-67.32743629013537 48.535618868787964)
2021A00052407075,0,1,1,0,2,0,0,4,4,0,2,2,0,6,0,0,11,11,,,,,,,,,,POINT (-67.41193084558904 48.62345800823873)
2021A00052407080,0,0,0,0,0,0,0,15,15,0,0,0,0,0,0,0,58,58,,,,,,,,,,POINT (-67.57415786358176 48.5158250235543)
2021A00052407085,1,3,2,0,2,0,0,15,15,26,33,7,0,6,0,0,355,355,,,,,,,,,,POINT (-67.68864363720758 48.58811322758412)
2021A00052407090,0,0,0,0,0,0,0,2,2,0,0,0,0,0,0,0,5,5,,,,,,,,,,POINT (-67.72943194722218 48.484942971297244)
2021A00052407095,0,0,0,0,0,0,0,2,2,0,0,0,0,0,0,0,10,10,,,,,,,,,,POINT (-67.84834914710696 48.53561890976697)
2021A00052407100,0,0,0,0,0,0,0,0,0,0,0,0,0,0,0,0,0,0,,,,,,,,,,POINT (-67.81272318886462 48.598757938933524)
2021A00052407105,0,0,0,0,2,0,0,8,8,0,0,0,0,57,0,0,83,83,,,,,,,,,,POINT (-67.80394784250325 48.65005566529719)
2021A00052407902,0,0,0,0,0,0,0,0,0,0,0,0,0,0,0,0,0,0,,,,,,,,,,POINT (-67.12882665079508 48.166321379300705)
2021A00052407904,0,0,0,0,0,0,0,0,0,0,0,0,0,0,0,0,0,0,,,,,,,,,,POINT (-67.48716587517595 48.216609223113856)
2021A00052407906,0,0,0,0,0,0,0,0,0,0,0,0,0,0,0,0,0,0,,,,,,,,,,POINT (-67.64702331886066 48.138477272436326)
2021A00052407908,0,0,0,0,0,0,0,0,0,0,0,0,0,0,0,0,0,0,,,,,,,,,,POINT (-66.54813409220526 48.485739247276435)
2021A00052407910,0,0,0,0,0,0,0,0,0,0,0,0,0,0,0,0,0,0,,,,,,,,,,POINT (-66.68520995673568 48.609948703708)
2021A00052407912,0,0,0,0,0,0,0,0,0,0,0,0,0,0,0,0,0,0,,,,,,,,,,POINT (-67.74836297202388 48.38978964400353)
2021A00052407914,0,0,0,0,0,0,0,0,0,0,0,0,0,0,0,0,0,0,,,,,,,,,,POINT (-67.50152208721708 48.56978789735242)
2021A00052408005,0,0,0,0,0,0,0,2,2,0,0,0,0,0,0,0,74,74,,,,,,,,,,POINT (-66.90985492111594 48.928978976674266)
2021A00052408010,0,0,0,0,0,0,0,0,0,0,0,0,0,0,0,0,0,0,,,,,,,,,,POINT (-67.09807739217845 48.83980429573979)
2021A00052408015,0,0,0,0,0,0,0,2,2,0,0,0,0,0,0,0,8,8,,,,,,,,,,POINT (-67.15157130884242 48.92454044976704)
2021A00052408023,0,0,0,0,1,0,0,3,3,0,0,0,0,3,0,0,13,13,0.0,0.0,0.0,0.0,0.0,0.0,0.0,0.0,0.0,POINT (-67.30284851974035 48.88823548168339)
2021A00052408030,0,0,0,0,0,0,0,0,0,0,0,0,0,0,0,0,0,0,1.0,4.0,4.0,1.0,10.0,2.0,2.0,67.0,68.0,POINT (-67.29553279097077 48.815913438489694)
2021A00052408035,0,0,0,0,2,0,0,4,4,0,0,0,0,8,0,0,14,14,0.0,0.0,0.0,0.0,11.0,0.0,0.0,70.0,70.0,POINT (-67.27446873587071 48.737341667636166)
2021A00052408040,0,0,0,0,0,0,0,0,0,0,0,0,0,0,0,0,0,0,,,,,,,,,,POINT (-67.51807008724214 48.670399352884296)
2021A00052408053,1,5,4,2,5,3,1,37,38,11,36,46,10,130,25,21,704,719,8.0,24.0,30.0,6.0,87.0,16.0,14.0,548.0,558.0,POINT (-67.48018275438972 48.803759499818135)
2021A00052408065,0,0,0,0,0,0,0,6,6,0,0,0,0,0,0,0,18,18,1.0,7.0,5.0,1.0,6.0,2.0,1.0,69.0,70.0,POINT (-67.5964431802615 48.709310951910844)
2021A00052408073,0,1,0,0,1,0,0,13,13,0,3,0,0,13,0,0,75,75,0.0,4.0,0.0,0.0,89.0,0.0,0.0,131.0,131.0,POINT (-67.69279606226726 48.75574557231592)
2021A00052408080,0,0,0,0,0,0,0,10,10,0,0,0,0,0,0,0,38,38,,,,,,,,,,POINT (-67.85204833948163 48.712908335028985)
2021A00052408902,0,0,0,0,0,0,0,0,0,0,0,0,0,0,0,0,0,0,,,,,,,,,,POINT (-66.8552598134257 48.75495175831773)
2021A00052409005,0,0,0,0,1,0,0,2,2,0,0,0,0,32,0,0,35,35,,,,,,,,,,POINT (-67.88512156708195 48.425321984183256)
2021A00052409010,0,0,0,0,0,0,0,1,1,0,0,0,0,0,0,0,3,3,,,,,,,,,,POINT (-68.02885073577373 48.33155890599765)
2021A00052409015,0,0,0,0,0,0,0,9,9,0,0,0,0,0,0,0,25,25,,,,,,,,,,POINT (-68.10776148502909 48.361299998790706)
2021A00052409020,0,0,0,0,0,0,0,2,2,0,0,0,0,0,0,0,6,6,,,,,,,,,,POINT (-67.98340109088504 48.46694333538714)
2021A00052409025,0,1,0,0,2,0,0,19,19,0,14,0,0,6,0,0,67,67,,,,,,,,,,POINT (-68.18587447356782 48.42322930446305)
2021A00052409030,0,0,0,0,1,0,0,5,5,0,0,0,0,3,0,0,16,16,,,,,,,,,,POINT (-68.2357153643199 48.487868042297045)
2021A00052409035,0,0,0,0,0,0,0,7,7,0,0,0,0,0,0,0,19,19,,,,,,,,,,POINT (-68.08799283162129 48.51389358596801)
2021A00052409040,0,1,0,0,0,0,0,4,4,0,1,0,0,0,0,0,6,6,,,,,,,,,,POINT (-67.95006593815317 48.59164095493175)
2021A00052409048,0,1,2,0,3,0,0,5,5,0,1,37,0,63,0,0,67,67,,,,,,,,,,POINT (-67.94555290180894 48.657154548658106)
2021A00052409055,0,0,0,0,0,0,0,9,9,0,0,0,0,0,0,0,25,25,,,,,,,,,,POINT (-68.05237826277366 48.59890158160322)
2021A00052409060,0,0,0,0,0,0,0,3,3,0,0,0,0,0,0,0,7,7,,,,,,,,,,POINT (-68.08603857654168 48.629049362336765)
2021A00052409065,0,0,0,0,2,0,0,5,5,0,0,0,0,101,0,0,117,117,,,,,,,,,,POINT (-68.12198462730161 48.59906219774711)
2021A00052409070,0,0,0,0,0,0,0,1,1,0,0,0,0,0,0,0,1,1,,,,,,,,,,POINT (-68.15870137692218 48.5615400363821)
2021A00052409077,0,4,3,0,2,1,0,13,13,0,30,231,0,175,8,0,452,452,,,,,,,,,,POINT (-68.18950548367111 48.57776765549561)
2021A00052409085,0,0,1,0,0,1,0,11,12,0,0,35,0,0,35,0,38,73,,,,,,,,,,POINT (-68.17325069311516 48.617778384251274)
2021A00052409092,0,1,0,0,1,0,0,18,18,0,1,0,0,68,0,0,134,134,,,,,,,,,,POINT (-68.3222352854525 48.533907925744685)
2021A00052409902,0,0,0,0,0,0,0,0,0,0,0,0,0,0,0,0,0,0,,,,,,,,,,POINT (-67.91214579706289 48.17210265864884)
2021A00052409904,0,0,0,0,0,0,0,0,0,0,0,0,0,0,0,0,0,0,,,,,,,,,,POINT (-67.77174639319428 48.295933596553276)
2021A00052410005,0,0,0,0,2,0,0,6,6,0,0,0,0,7,0,0,42,42,,,,,,,,,,POINT (-68.5316873112836 48.048121286172346)
2021A00052410010,0,0,0,0,0,0,0,1,1,0,0,0,0,0,0,0,2,2,,,,,,,,,,POINT (-68.41696200880067 48.13185246468966)
2021A00052410015,0,1,0,0,1,0,0,13,13,0,29,0,0,7,0,0,72,72,0.0,24.0,0.0,0.0,6.0,0.0,0.0,69.0,69.0,POINT (-68.46208246099505 48.253697788282324)
2021A00052410025,0,0,0,0,0,0,0,1,1,0,0,0,0,0,0,0,2,2,,,,,,,,,,POINT (-68.28769488968238 48.337411985160315)
2021A00052410030,0,0,0,0,2,0,0,17,17,0,0,0,0,353,0,0,417,417,15.0,35.0,37.0,0.0,42.0,23.0,0.0,170.0,189.0,POINT (-68.3814455512866 48.44594873085264)
2021A00052410043,9,27,17,0,6,5,0,112,114,128,244,380,0,23,245,0,602,826,104.0,202.0,304.0,0.0,302.0,197.0,0.0,949.0,1128.0,POINT (-68.47769091545469 48.390829414292206)
2021A00052410060,0,1,0,0,0,0,0,5,5,0,2,0,0,0,0,0,14,14,8.0,20.0,16.0,0.0,4.0,10.0,0.0,76.0,83.0,POINT (-68.60925429880281 48.30138678500641)
2021A00052410070,0,2,1,1,2,1,0,17,17,0,17,2,2,47,2,0,93,93,,,,,,,,,,POINT (-68.85656297972274 48.28521551762771)
2021A00052410075,0,0,0,0,1,0,0,8,8,0,0,0,0,3,0,0,20,20,,,,,,,,,,POINT (-68.70899351058051 48.18816050073188)
2021A00052410902,0,0,0,0,0,0,0,0,0,0,0,0,0,0,0,0,0,0,,,,,,,,,,POINT (-68.15985764579568 48.04556847473345)
2021A00052411005,0,1,1,0,0,0,0,13,13,0,7,7,0,0,0,0,40,40,,,,,,,,,,POINT (-69.09980702531038 47.91994959416833)
2021A00052411010,1,0,1,0,4,0,0,23,23,1,0,1,0,10,0,0,91,91,,,,,,,,,,POINT (-69.04436410427573 48.00323626300342)
2021A00052411015,0,0,0,0,0,0,0,3,3,0,0,0,0,0,0,0,11,11,,,,,,,,,,POINT (-68.88960148300113 47.94746309448317)
2021A00052411020,0,0,0,0,1,0,0,2,2,0,0,0,0,3,0,0,5,5,,,,,,,,,,POINT (-68.76804105965167 48.03936487533623)
2021A00052411025,0,0,0,0,0,0,0,2,2,0,0,0,0,0,0,0,4,4,,,,,,,,,,POINT (-68.84934051568885 48.08305432402122)
2021A00052411030,0,0,0,0,0,1,0,6,6,0,0,0,0,0,19,0,34,34,,,,,,,,,,POINT (-69.01461323089403 48.06681682266237)
2021A00052411035,1,1,1,0,0,0,0,10,10,23,23,23,0,0,0,0,60,60,,,,,,,,,,POINT (-69.18520046912863 48.03043184958543)
2021A00052411040,0,5,2,0,2,1,0,16,17,0,28,17,0,10,15,0,69,84,,,,,,,,,,POINT (-69.16394824292544 48.12446111551257)
2021A00052411045,1,2,0,0,0,0,0,5,5,6,8,0,0,0,0,0,13,13,,,,,,,,,,POINT (-69.12001629681698 48.105727490020115)
2021A00052411050,0,0,0,0,0,0,0,2,2,0,0,0,0,0,0,0,4,4,,,,,,,,,,POINT (-68.96697024611615 48.16998941610085)
2021A00052411055,0,0,0,0,0,0,0,3,3,0,0,0,0,0,0,0,13,13,,,,,,,,,,POINT (-69.02058193284427 48.21050115600922)
2021A00052411902,0,0,0,0,0,0,0,0,0,0,0,0,0,0,0,0,0,0,,,,,,,,,,POINT (-68.89474001864149 48.12745436624516)
2021A00052412005,1,4,2,2,3,0,0,16,16,7,67,11,56,20,0,0,113,113,,,,,,,,,,POINT (-68.95334117077567 47.87604371732625)
2021A00052412010,0,0,0,0,2,0,0,15,15,0,0,0,0,6,0,0,49,49,,,,,,,,,,POINT (-69.16839150486176 47.780074569225334)
2021A00052412015,2,3,5,1,2,1,0,14,15,19,12,28,2,10,2,0,74,87,36.0,26.0,23.0,1.0,63.0,12.0,0.0,298.0,309.0,POINT (-69.40214014009925 47.72566492062963)
2021A00052412020,0,1,1,0,1,0,0,9,9,0,2,2,0,3,0,0,86,86,14.0,13.0,9.0,1.0,22.0,5.0,0.0,138.0,140.0,POINT (-69.37335273049474 47.813748849924465)
2021A00052412025,0,0,0,0,0,0,0,1,1,0,0,0,0,0,0,0,15,15,,,,,,,,,,POINT (-69.25463905909271 47.83635572922091)
2021A00052412030,0,1,1,0,2,0,0,13,13,0,11,11,0,5,0,0,43,43,,,,,,,,,,POINT (-69.30283445067819 47.90353956642405)
2021A00052412035,0,0,0,0,2,0,0,6,6,0,0,0,0,7,0,0,14,14,,,,,,,,,,POINT (-69.18726304595455 47.955857439894054)
2021A00052412043,0,4,1,1,0,2,0,31,31,0,57,21,21,0,39,0,138,138,,,,,,,,,,POINT (-69.27595944405968 48.004380568302665)
2021A00052412045,0,0,0,0,0,0,0,0,0,0,0,0,0,0,0,0,0,0,,,,,,,,,,POINT (-69.43873927448676 48.024447593336795)
2021A00052412057,0,1,0,0,0,1,0,14,14,0,6,0,0,0,6,0,54,54,15.0,18.0,9.0,2.0,26.0,8.0,0.0,144.0,145.0,POINT (-69.48206143796364 47.9359951803973)
2021A00052412065,0,1,0,0,0,1,0,28,28,0,5,0,0,0,12,0,94,94,7.0,13.0,6.0,1.0,14.0,5.0,0.0,137.0,138.0,POINT (-69.41571039832148 47.912207130322884)
2021A00052412072,4,8,4,0,4,1,0,41,42,182,65,42,0,338,27,0,1318,1324,125.0,60.0,46.0,2.0,214.0,30.0,0.0,936.0,949.0,POINT (-69.52064169372574 47.817714812306384)
2021A00052412080,0,0,0,0,0,0,0,3,3,0,0,0,0,0,0,0,5,5,12.0,17.0,14.0,1.0,18.0,5.0,0.0,115.0,119.0,POINT (-69.5770672189754 47.75238529445357)
2021A00052413005,0,1,1,0,5,0,0,16,16,0,2,26,0,49,0,0,71,71,,,,,,,,,,POINT (-68.44938620896136 47.621937431265266)
2021A00052413010,0,0,0,0,0,0,0,4,4,0,0,0,0,0,0,0,9,9,,,,,,,,,,POINT (-68.69304648856946 47.42175376941193)
2021A00052413015,0,0,0,0,2,0,0,6,6,0,0,0,0,6,0,0,20,20,,,,,,,,,,POINT (-68.8034682731315 47.4733398144611)
2021A00052413020,0,0,0,0,3,1,0,5,5,0,0,0,0,8,39,0,50,50,,,,,,,,,,POINT (-68.85315323962436 47.386705598022104)
2021A00052413025,0,0,0,0,4,0,0,9,9,0,0,0,0,41,0,0,56,56,,,,,,,,,,POINT (-69.00189211163033 47.404306407742695)
2021A00052413030,0,0,1,0,1,0,0,6,6,0,0,3,0,3,0,0,42,42,,,,,,,,,,POINT (-68.91298813371583 47.53300027647656)
2021A00052413040,0,0,0,0,4,0,0,8,8,0,0,0,0,85,0,0,99,99,,,,,,,,,,POINT (-68.73229133690012 47.72070720573723)
2021A00052413045,0,1,0,0,1,0,0,9,9,0,2,0,0,52,0,0,81,81,,,,,,,,,,POINT (-68.66206567778379 47.74671176247745)
2021A00052413050,0,0,0,0,0,0,0,6,6,0,0,0,0,0,0,0,22,22,,,,,,,,,,POINT (-68.57389363416966 47.790741072100346)
2021A00052413055,0,0,0,0,1,0,0,7,7,0,0,0,0,5,0,0,30,30,,,,,,,,,,POINT (-68.53350206452656 47.92781020402606)
2021A00052413060,0,0,0,0,1,0,0,5,5,0,0,0,0,3,0,0,15,15,,,,,,,,,,POINT (-68.69628773813294 47.99850324832986)
2021A00052413065,0,0,1,0,0,1,0,7,8,0,0,7,0,0,7,0,20,27,,,,,,,,,,POINT (-68.79579290982161 47.82274032260743)
2021A00052413073,3,6,6,1,3,1,0,30,30,21,28,37,2,46,2,0,282,282,,,,,,,,,,POINT (-68.87341706130735 47.67814280524789)
2021A00052413075,0,0,0,0,1,0,0,4,4,0,0,0,0,65,0,0,78,78,,,,,,,,,,POINT (-68.99691256200376 47.78851804910115)
2021A00052413080,0,1,1,0,2,0,0,10,10,0,3,3,0,10,0,0,33,33,,,,,,,,,,POINT (-68.9916352232072 47.662351834231764)
2021A00052413085,0,0,0,0,0,0,0,2,2,0,0,0,0,0,0,0,5,5,,,,,,,,,,POINT (-69.07554596469318 47.56845707665532)
2021A00052413090,0,0,0,0,2,0,0,5,5,0,0,0,0,5,0,0,17,17,,,,,,,,,,POINT (-69.17556039476214 47.667146426381976)
2021A00052413095,1,1,1,0,4,0,0,19,19,2,2,55,0,63,0,0,104,104,,,,,,,,,,POINT (-69.25544632254936 47.511847388065554)
2021A00052413100,0,0,0,0,1,0,0,4,4,0,0,0,0,3,0,0,19,19,,,,,,,,,,POINT (-69.43752038436857 47.41272496990177)
2021A00052414005,0,1,0,0,1,0,0,15,15,0,12,0,0,3,0,0,55,55,,,,,,,,,,POINT (-69.69175596989372 47.28875085759935)
2021A00052414010,0,0,0,0,0,0,0,2,2,0,0,0,0,0,0,0,4,4,,,,,,,,,,POINT (-69.69820078644321 47.455674941551116)
2021A00052414018,1,4,4,1,5,2,0,28,28,49,57,67,5,157,7,0,299,299,,,,,,,,,,POINT (-69.79065359716776 47.520965150981525)
2021A00052414025,0,0,0,0,0,0,0,18,18,0,0,0,0,0,0,0,58,58,,,,,,,,,,POINT (-69.72301605863208 47.5836837887233)
2021A00052414030,0,1,0,0,1,0,0,12,12,0,1,0,0,3,0,0,42,42,,,,,,,,,,POINT (-69.60481752566308 47.5870744679837)
2021A00052414035,0,2,2,0,2,1,0,28,29,0,37,37,0,35,34,0,170,204,,,,,,,,,,POINT (-69.58286582417425 47.67173545387865)
2021A00052414040,0,1,1,0,0,0,0,14,14,0,73,73,0,0,0,0,112,112,,,,,,,,,,POINT (-69.69593381393382 47.670071608095284)
2021A00052414045,0,0,0,0,0,0,0,12,12,0,0,0,0,0,0,0,36,36,,,,,,,,,,POINT (-69.78572910382658 47.60086162812316)
2021A00052414050,0,1,1,0,0,1,0,27,27,0,17,17,0,0,7,0,117,117,,,,,,,,,,POINT (-69.85462092547711 47.543706367339176)
2021A00052414055,0,0,0,0,0,0,0,14,14,0,0,0,0,0,0,0,48,48,,,,,,,,,,POINT (-69.9328127946602 47.495445007933526)
2021A00052414060,0,0,1,0,2,0,0,9,9,0,0,11,0,37,0,0,65,65,,,,,,,,,,POINT (-69.88792248877101 47.46489907834021)
2021A00052414065,0,0,0,0,0,0,0,23,23,0,0,0,0,0,0,0,110,110,,,,,,,,,,POINT (-69.98825657649216 47.44734681389235)
2021A00052414070,0,1,1,0,1,1,0,10,10,0,17,17,0,31,19,0,93,93,,,,,,,,,,POINT (-69.94536048207362 47.40901607562157)
2021A00052414075,0,0,0,0,0,0,0,4,4,0,0,0,0,0,0,0,11,11,,,,,,,,,,POINT (-69.87411573848185 47.359524002332016)
2021A00052414080,0,0,0,0,0,0,0,3,3,0,0,0,0,0,0,0,3,3,,,,,,,,,,POINT (-69.92211654162907 47.29346538522195)
2021A00052414085,1,6,2,0,0,2,0,17,17,6,103,39,0,0,29,0,219,219,,,,,,,,,,POINT (-70.03168877490751 47.37893637370008)
2021A00052414090,0,2,0,0,0,0,0,18,18,0,27,0,0,0,0,0,112,112,,,,,,,,,,POINT (-70.0043554419435 47.34531169466522)
2021A00052414902,0,0,0,0,0,0,0,0,0,0,0,0,0,0,0,0,0,0,,,,,,,,,,POINT (-69.523200387825 47.300303557937404)
2021A00052414904,0,0,0,0,0,0,0,0,0,0,0,0,0,0,0,0,0,0,,,,,,,,,,POINT (-69.7437518341087 47.18668031896831)
2021A00052415005,0,0,0,0,0,0,0,11,11,0,0,0,0,0,0,0,29,29,,,,,,,,,,POINT (-70.24473923154781 47.57085029053567)
2021A00052415013,0,1,0,0,5,2,0,22,22,0,4,0,0,19,6,0,68,68,,,,,,,,,,POINT (-70.12495411470464 47.724008036746554)
2021A00052415025,0,1,1,0,1,0,0,3,3,0,3,3,0,3,0,0,5,5,,,,,,,,,,POINT (-70.40201286658933 47.65455286644573)
2021A00052415030,0,0,0,0,1,0,0,3,3,0,0,0,0,3,0,0,6,6,,,,,,,,,,POINT (-70.36797749127686 47.71169692287859)
2021A00052415035,1,2,1,0,1,0,0,7,7,58,67,58,0,3,0,0,168,168,,,,,,,,,,POINT (-70.25134406582703 47.71958652629051)
2021A00052415058,0,0,0,0,0,0,0,1,1,0,0,0,0,0,0,0,2,2,,,,,,,,,,POINT (-69.93770739630122 47.91153543394251)
2021A00052415065,0,0,0,0,0,0,0,0,0,0,0,0,0,0,0,0,0,0,,,,,,,,,,POINT (-69.84979752815276 48.066809839727846)
2021A00052415902,0,0,0,0,0,0,0,0,0,0,0,0,0,0,0,0,0,0,,,,,,,,,,POINT (-70.3234548256958 47.87305359571818)
2021A00052415904,0,0,0,0,0,0,0,0,0,0,0,0,0,0,0,0,0,0,,,,,,,,,,POINT (-70.10640162629308 48.03140360659447)
2021A00052416005,0,0,0,0,1,0,0,1,1,0,0,0,0,3,0,0,3,3,,,,,,,,,,POINT (-70.6058397143601 47.32158697846318)
2021A00052416013,3,9,3,0,4,0,0,25,26,106,143,64,0,75,0,0,213,299,,,,,,,,,,POINT (-70.71459872171992 47.42541906379552)
2021A00052416023,0,0,0,0,1,0,0,5,5,0,0,0,0,7,0,0,71,71,,,,,,,,,,POINT (-70.38750931364228 47.4014758194094)
2021A00052416048,0,1,1,0,1,0,0,16,16,0,7,7,0,15,0,0,56,56,,,,,,,,,,POINT (-70.352747089482 47.50307361661169)
2021A00052416050,0,0,0,0,2,0,0,13,13,0,0,0,0,16,0,0,52,52,,,,,,,,,,POINT (-70.40432641965405 47.581142414409754)
2021A00052416055,0,0,0,0,0,0,0,6,6,0,0,0,0,0,0,0,21,21,,,,,,,,,,POINT (-70.5720821585221 47.60176026831294)
2021A00052416902,0,0,0,0,0,0,0,1,1,0,0,0,0,0,0,0,1,1,,,,,,,,,,POINT (-70.93674208064749 47.76904922858104)
2021A00052417005,0,0,0,0,1,0,0,2,2,0,0,0,0,32,0,0,35,35,,,,,,,,,,POINT (-69.72032456745761 47.06006208947805)
2021A00052417010,1,1,1,0,8,0,0,21,21,3,3,3,0,691,0,0,928,928,,,,,,,,,,POINT (-69.80249842375594 46.96201024390718)
2021A00052417015,0,0,0,0,0,0,0,2,2,0,0,0,0,0,0,0,6,6,,,,,,,,,,POINT (-69.95619266394135 46.83411996601449)
2021A00052417020,0,0,0,0,1,0,0,8,8,0,0,0,0,5,0,0,25,25,,,,,,,,,,POINT (-70.07894272615397 46.90616460588869)
2021A00052417025,0,1,0,0,2,1,0,4,4,0,2,0,0,17,2,0,20,20,,,,,,,,,,POINT (-69.94653290324186 46.96795952438678)
2021A00052417030,0,0,0,0,3,0,0,8,8,0,0,0,0,87,0,0,94,94,,,,,,,,,,POINT (-69.88766147074831 47.07187910205513)
2021A00052417035,0,0,0,0,0,0,0,0,0,0,0,0,0,0,0,0,0,0,,,,,,,,,,POINT (-69.97611311436877 47.11828588106148)
2021A00052417040,0,0,0,0,0,0,0,3,3,0,0,0,0,0,0,0,7,7,,,,,,,,,,POINT (-70.04807948315599 47.19152497949644)
2021A00052417045,0,0,0,0,1,0,0,4,4,0,0,0,0,5,0,0,12,12,,,,,,,,,,POINT (-70.19602704640526 47.02730237229652)
2021A00052417055,0,3,0,1,0,1,0,10,10,0,19,0,15,0,15,0,37,37,,,,,,,,,,POINT (-70.1827478203088 47.1557512981898)
2021A00052417060,0,0,0,0,0,0,0,12,12,0,0,0,0,0,0,0,30,30,,,,,,,,,,POINT (-70.10388878904413 47.265240474703184)
2021A00052417065,0,0,0,0,0,0,0,12,12,0,0,0,0,0,0,0,68,68,,,,,,,,,,POINT (-70.16712466007944 47.295360037763956)
2021A00052417070,0,3,0,0,6,1,0,33,33,0,356,0,0,446,3,0,587,587,,,,,,,,,,POINT (-70.24650641969781 47.19592570681267)
2021A00052417078,1,3,4,0,7,0,0,36,36,252,591,682,0,41,0,0,1061,1061,,,,,,,,,,POINT (-70.33468218688594 47.08824261147238)
2021A00052418005,0,0,0,0,2,0,0,3,3,0,0,0,0,168,0,0,197,197,,,,,,,,,,POINT (-70.10637544627845 46.582619453364686)
2021A00052418010,0,0,0,0,0,0,0,1,1,0,0,0,0,0,0,0,1,1,,,,,,,,,,POINT (-70.02181569027196 46.67763661916747)
2021A00052418015,0,0,0,0,1,0,0,3,3,0,0,0,0,3,0,0,6,6,,,,,,,,,,POINT (-70.15614726448702 46.66932919329008)
2021A00052418020,0,0,1,0,0,1,0,3,3,0,0,14,0,0,14,0,23,23,,,,,,,,,,POINT (-70.0545521861553 46.7570930417098)
2021A00052418025,0,0,1,0,1,0,0,3,3,0,0,6,0,6,0,0,11,11,,,,,,,,,,POINT (-70.19153868780816 46.83640219163663)
2021A00052418030,0,1,1,1,1,1,0,5,5,0,5,5,5,3,5,0,15,15,,,,,,,,,,POINT (-70.3039032741904 46.73213235539444)
2021A00052418035,0,0,0,0,0,0,0,0,0,0,0,0,0,0,0,0,0,0,,,,,,,,,,POINT (-70.45019488014148 46.778122873615686)
2021A00052418040,0,0,0,0,0,0,0,1,1,0,0,0,0,0,0,0,1,1,,,,,,,,,,POINT (-70.40246636867442 46.8640965269224)
2021A00052418045,1,4,3,1,3,0,0,25,25,7,112,15,75,149,0,0,397,397,,,,,,,,,,POINT (-70.37843387154398 46.97864954113054)
2021A00052418050,3,9,12,1,13,2,1,54,57,40,974,708,23,952,109,12,1815,2037,,,,,,,,,,POINT (-70.54710497856892 46.94744701281724)
2021A00052418055,0,0,0,0,0,0,0,12,12,0,0,0,0,0,0,0,60,60,,,,,,,,,,POINT (-70.60117578695028 46.8907067616742)
2021A00052418060,1,1,2,0,1,0,0,32,32,85,146,231,0,146,0,0,425,425,,,,,,,,,,POINT (-70.66735869171298 46.85614088393146)
2021A00052418065,1,1,1,0,0,0,0,2,2,6,6,6,0,0,0,0,13,13,,,,,,,,,,POINT (-70.72022306623093 46.922054730436464)
2021A00052418070,0,0,0,0,0,0,0,3,3,0,0,0,0,0,0,0,13,13,,,,,,,,,,POINT (-70.67111320379065 47.029040350062694)
2021A00052419005,0,0,0,0,1,0,0,6,6,0,0,0,0,3,0,0,25,25,,,,,,,,,,POINT (-70.42373743807886 46.65257799132882)
2021A00052419010,0,1,0,0,2,0,0,8,8,0,9,0,0,36,0,0,59,59,,,,,,,,,,POINT (-70.56842400035485 46.62046366203305)
2021A00052419015,0,1,0,0,0,0,0,3,3,0,1,0,0,0,0,0,6,6,,,,,,,,,,POINT (-70.64229788676867 46.55195227260959)
2021A00052419020,1,0,1,0,1,0,0,9,9,1,0,1,0,3,0,0,21,21,,,,,,,,,,POINT (-70.61572498237166 46.47298743738547)
2021A00052419025,0,0,1,0,0,1,0,16,16,0,0,3,0,0,3,0,35,35,,,,,,,,,,POINT (-70.75377530283072 46.5423428908208)
2021A00052419030,0,2,2,0,1,0,0,12,12,0,11,11,0,7,0,0,58,58,,,,,,,,,,POINT (-70.66927736526642 46.64100486616193)
2021A00052419037,0,0,0,0,0,0,0,6,6,0,0,0,0,0,0,0,17,17,,,,,,,,,,POINT (-70.56673476487094 46.74643549982178)
2021A00052419045,0,1,0,0,1,0,0,7,7,0,3,0,0,3,0,0,17,17,,,,,,,,,,POINT (-70.69974799051835 46.71019523948586)
2021A00052419050,0,2,2,0,0,0,0,17,17,0,312,312,0,0,0,0,359,359,,,,,,,,,,POINT (-70.7813756753762 46.6472083128855)
2021A00052419055,1,7,6,1,1,1,1,35,35,349,178,175,2,34,2,349,688,688,,,,,,,,,,POINT (-70.8826687639319 46.5813043738032)
2021A00052419062,3,6,3,0,1,1,1,50,50,186,238,289,0,3,6,86,569,569,,,,,,,,,,POINT (-70.97812505731544 46.63034436540218)
2021A00052419068,1,7,5,4,2,6,0,48,49,2,127,212,119,78,149,0,698,701,40.0,171.0,123.0,12.0,32.0,108.0,24.0,411.0,482.0,POINT (-71.06471654443135 46.68474596645865)
2021A00052419070,0,1,1,1,0,1,0,30,30,0,2,2,2,0,2,0,99,99,,,,,,,,,,POINT (-70.87147086518164 46.64764837936585)
2021A00052419075,0,0,0,0,0,0,0,41,41,0,0,0,0,0,0,0,143,143,,,,,,,,,,POINT (-70.84408984738293 46.709384302886264)
2021A00052419082,0,0,0,0,0,0,0,12,12,0,0,0,0,0,0,0,32,32,,,,,,,,,,POINT (-70.7369700008843 46.78520669391307)
2021A00052419090,0,2,3,0,1,1,0,15,15,0,79,82,0,7,3,0,129,129,,,,,,,,,,POINT (-70.84535319529508 46.808928595083515)
2021A00052419097,0,3,2,0,2,2,0,42,43,0,24,22,0,12,6,0,206,221,,,,,,,,,,POINT (-70.93100110344199 46.7652459768091)
2021A00052419105,2,3,2,0,1,0,0,11,11,10,12,8,0,3,0,0,38,38,11.0,57.0,43.0,1.0,18.0,5.0,0.0,135.0,140.0,POINT (-70.99318095768083 46.821112423057684)
2021A00052419110,0,0,1,0,1,0,0,27,27,0,0,3,0,3,0,0,84,84,,,,,,,,,,POINT (-70.89710208031408 46.85453919119458)
2021A00052419117,0,2,0,0,0,0,0,17,17,0,132,0,0,0,0,0,182,182,,,,,,,,,,POINT (-70.80956073402476 46.87457183770838)
2021A00052420005,0,3,0,0,0,0,0,7,7,0,13,0,0,0,0,0,76,76,3.0,12.0,4.0,0.0,4.0,1.0,0.0,71.0,71.0,POINT (-70.84814158499641 47.00324177913518)
2021A00052420010,0,1,0,0,1,0,0,14,14,0,1,0,0,3,0,0,76,76,4.0,22.0,13.0,1.0,5.0,9.0,0.0,80.0,87.0,POINT (-70.94979865947347 46.95856068988291)
2021A00052420015,0,2,1,0,1,0,0,11,11,0,5,2,0,32,0,0,327,327,7.0,21.0,8.0,1.0,5.0,2.0,0.0,96.0,96.0,POINT (-70.90340824146708 46.93894469358175)
2021A00052420020,0,0,0,0,0,0,0,8,8,0,0,0,0,0,0,0,369,369,5.0,27.0,19.0,1.0,9.0,10.0,0.0,97.0,105.0,POINT (-71.01223590883899 46.876900940446966)
2021A00052420025,1,4,2,1,0,1,0,11,11,23,63,25,2,0,2,0,146,146,4.0,18.0,13.0,1.0,6.0,6.0,0.0,76.0,81.0,POINT (-71.06078409710534 46.892877448080014)
2021A00052420030,0,0,0,0,1,0,0,5,5,0,0,0,0,3,0,0,132,132,4.0,16.0,13.0,1.0,5.0,6.0,0.0,58.0,63.0,POINT (-71.11504676918902 46.85325974170706)
2021A00052421005,0,0,0,0,2,0,0,3,3,0,0,0,0,157,0,0,160,160,,,,,,,,,,POINT (-70.7688849820336 47.18562946019666)
2021A00052421010,0,1,0,0,0,0,0,6,6,0,3,0,0,0,0,0,14,14,,,,,,,,,,POINT (-70.85133051509776 47.1393142893382)
2021A00052421015,0,0,0,0,0,0,0,0,0,0,0,0,0,0,0,0,0,0,,,,,,,,,,POINT (-70.80447705639816 47.06121063784426)
2021A00052421020,0,0,0,0,0,0,0,3,3,0,0,0,0,0,0,0,12,12,,,,,,,,,,POINT (-70.82582494574228 47.078184043438945)
2021A00052421025,1,2,1,0,1,1,0,8,8,2,6,2,0,3,4,0,60,60,,,,,,,,,,POINT (-70.91611251576268 47.068815110485886)
2021A00052421030,1,2,1,0,2,0,0,7,7,2,12,3,0,10,0,0,27,27,,,,,,,,,,POINT (-70.96316659018535 47.0626858740818)
2021A00052421035,0,1,2,0,2,1,0,9,9,0,2,9,0,151,7,0,186,186,3.0,53.0,40.0,0.0,47.0,38.0,0.0,124.0,158.0,POINT (-71.04378603920978 47.04383464892289)
2021A00052421040,1,3,3,0,0,2,0,12,14,3,206,161,0,0,158,0,107,265,6.0,51.0,36.0,1.0,27.0,22.0,0.0,100.0,120.0,POINT (-71.13330852982027 46.95199414064937)
2021A00052421045,0,2,2,0,3,0,0,9,9,0,56,56,0,39,0,0,102,102,6.0,62.0,44.0,1.0,12.0,28.0,0.0,91.0,118.0,POINT (-71.14764458488898 46.916060869483154)
2021A00052421902,0,0,0,0,0,0,0,0,0,0,0,0,0,0,0,0,0,0,,,,,,,,,,POINT (-70.70154738729202 47.16212975629818)
2021A00052421904,0,0,0,0,0,0,0,0,0,0,0,0,0,0,0,0,0,0,,,,,,,,,,POINT (-71.32847665278985 47.54834425057377)
2021A00052422005,1,3,2,0,3,0,0,7,7,4,17,14,0,29,0,0,47,47,23.0,98.0,103.0,30.0,52.0,54.0,8.0,316.0,344.0,POINT (-71.66992027579856 46.87697877556549)
2021A00052422010,0,1,1,0,2,0,0,3,3,0,1,3,0,8,0,0,9,9,1.0,11.0,22.0,2.0,12.0,2.0,3.0,81.0,81.0,POINT (-71.59827985870551 46.88392844010766)
2021A00052422015,0,0,0,0,0,0,0,0,0,0,0,0,0,0,0,0,0,0,1.0,6.0,5.0,0.0,8.0,0.0,0.0,17.0,17.0,POINT (-71.65108227461442 46.92148337021261)
2021A00052422020,0,1,0,0,0,0,0,3,3,0,5,0,0,0,0,0,7,7,5.0,38.0,29.0,0.0,57.0,0.0,0.0,101.0,101.0,POINT (-71.564620183256 46.91739880204614)
2021A00052422025,0,1,1,0,1,0,0,4,4,0,4,4,0,7,0,0,22,22,0.0,19.0,8.0,0.0,16.0,0.0,0.0,44.0,44.0,POINT (-71.60776895203915 47.044775772316115)
2021A00052422030,0,0,0,0,0,0,0,0,0,0,0,0,0,0,0,0,0,0,24.0,48.0,26.0,2.0,9.0,14.0,3.0,133.0,140.0,POINT (-71.40266971447147 46.96668540825826)
2021A00052422035,1,4,1,1,1,1,0,11,11,1,40,2,2,3,2,0,52,52,2.0,125.0,6.0,6.0,4.0,6.0,0.0,172.0,172.0,POINT (-71.39576983329707 47.12052842728187)
2021A00052422040,1,1,0,0,1,0,0,4,4,1,9,0,0,7,0,0,19,19,54.0,121.0,68.0,3.0,21.0,42.0,8.0,259.0,292.0,POINT (-71.29102950780995 46.9792106003565)
2021A00052422045,0,1,0,0,3,0,0,6,6,0,7,0,0,13,0,0,25,25,2.0,70.0,56.0,0.0,49.0,40.0,0.0,117.0,155.0,POINT (-71.17558379504689 47.02275600706234)
2021A00052422902,0,0,0,0,0,0,0,0,0,0,0,0,0,0,0,0,0,0,,,,,,,,,,POINT (-71.86556647247535 47.50519809352163)
2021A00052423015,0,0,0,0,0,0,0,0,0,0,0,0,0,0,0,0,0,0,,,,,,,,,,POINT (-71.23322566786636 46.81444744413843)
2021A00052423027,82,277,136,15,55,78,12,576,615,2690,6377,3438,134,934,2171,337,9480,11443,2348.0,5565.0,2991.0,114.0,938.0,1890.0,295.0,8785.0,10504.0,POINT (-71.27398810363431 46.847526891827414)
2021A00052423057,0,2,0,0,0,1,0,6,6,0,7,0,0,0,2,0,77,77,80.0,217.0,127.0,12.0,36.0,94.0,15.0,403.0,474.0,POINT (-71.3579324308 46.80402810114705)
2021A00052423072,8,27,19,4,8,18,3,81,88,167,771,864,286,433,477,57,2121,2380,45.0,208.0,205.0,64.0,107.0,114.0,14.0,615.0,676.0,POINT (-71.495272152958 46.75629285840933)
2021A00052423802,0,3,1,0,2,0,0,6,6,0,21,3,0,73,0,0,107,107,31.0,65.0,35.0,2.0,12.0,21.0,4.0,171.0,185.0,POINT (-71.36468640592473 46.87106294065648)
2021A00052425213,20,78,55,7,19,37,3,231,253,428,2169,1510,91,256,1610,316,3883,5112,407.0,2207.0,1654.0,279.0,333.0,1666.0,281.0,4293.0,5396.0,POINT (-71.23036941922352 46.70885357623669)
2021A00052426005,0,2,2,0,2,0,0,17,17,0,26,20,0,36,0,0,100,100,,,,,,,,,,POINT (-70.80548034722702 46.44991574223514)
2021A00052426010,0,0,1,0,2,1,0,20,20,0,0,14,0,84,14,0,148,148,,,,,,,,,,POINT (-70.87494205467128 46.41844158524256)
2021A00052426015,1,4,3,0,0,2,1,13,15,3,43,52,0,0,50,3,116,166,,,,,,,,,,POINT (-70.93209948192441 46.37260401803941)
2021A00052426022,1,2,1,0,3,0,0,35,35,3,5,3,0,76,0,0,295,295,,,,,,,,,,POINT (-71.07579602347778 46.40278358653345)
2021A00052426030,4,11,12,2,5,6,2,68,71,71,123,297,4,110,96,48,1437,1526,49.0,236.0,214.0,6.0,173.0,78.0,32.0,1019.0,1078.0,POINT (-71.00764010619518 46.43791066956711)
2021A00052426035,0,1,1,0,2,0,0,24,24,0,73,73,0,80,0,0,174,174,,,,,,,,,,POINT (-70.92770146644756 46.511581487925355)
2021A00052426040,1,2,4,0,1,2,0,27,28,2,14,20,0,3,6,0,107,110,,,,,,,,,,POINT (-70.99620651999868 46.54759259316832)
2021A00052426048,1,2,1,0,2,1,1,18,18,22,286,22,0,35,2,22,402,402,,,,,,,,,,POINT (-71.07693763124453 46.509645357815)
2021A00052426055,1,2,2,1,1,1,0,62,62,10,19,19,9,33,9,0,290,290,,,,,,,,,,POINT (-71.15010796537351 46.47948735233916)
2021A00052426063,0,3,1,0,4,0,0,48,48,0,106,33,0,124,0,0,400,400,,,,,,,,,,POINT (-71.0857553052848 46.58095692529889)
2021A00052426070,3,11,6,2,3,3,0,32,33,29,194,152,107,43,122,0,477,492,34.0,177.0,109.0,12.0,32.0,108.0,21.0,367.0,441.0,POINT (-71.23318428188075 46.595706866993275)
2021A00052427008,2,3,3,0,1,0,0,33,34,36,12,39,0,7,0,0,130,160,,,,,,,,,,POINT (-70.93958326014311 46.15169988585418)
2021A00052427015,0,0,0,0,0,0,0,2,2,0,0,0,0,0,0,0,3,3,,,,,,,,,,POINT (-70.81136005726785 46.14653511002763)
2021A00052427028,1,9,8,1,4,5,0,37,42,19,450,237,9,106,104,0,598,798,,,,,,,,,,POINT (-70.78142739830058 46.22834114712)
2021A00052427035,0,2,3,1,3,2,2,24,24,0,4,28,2,173,4,26,299,299,,,,,,,,,,POINT (-70.66521098609189 46.3509159125978)
2021A00052427043,1,5,4,0,8,1,0,48,48,115,142,157,0,658,8,0,962,962,,,,,,,,,,POINT (-70.8225213023234 46.33727982015406)
2021A00052427050,0,0,1,0,1,0,0,13,13,0,0,3,0,3,0,0,33,33,,,,,,,,,,POINT (-70.90093852946562 46.29349465550173)
2021A00052427055,0,3,1,0,0,0,0,13,13,0,66,3,0,0,0,0,96,96,,,,,,,,,,POINT (-70.92378620247929 46.22066796109994)
2021A00052427060,0,2,1,1,3,1,0,12,12,0,6,2,2,13,2,0,68,68,,,,,,,,,,POINT (-70.98972158589055 46.259905680579294)
2021A00052427065,1,0,0,0,0,0,0,13,13,43,0,0,0,0,0,0,148,148,,,,,,,,,,POINT (-70.97738907514616 46.30193525312544)
2021A00052427070,0,0,0,0,0,0,0,7,7,0,0,0,0,0,0,0,14,14,,,,,,,,,,POINT (-71.07729133917474 46.3357847057486)
2021A00052428005,0,1,1,1,1,0,0,9,9,0,3,3,3,32,0,0,49,49,,,,,,,,,,POINT (-70.36697892247035 46.11172364677693)
2021A00052428015,0,0,0,0,3,0,0,5,5,0,0,0,0,178,0,0,182,182,,,,,,,,,,POINT (-70.37510835150833 46.17723655990338)
2021A00052428020,1,4,4,0,3,1,0,15,16,9,36,40,0,29,7,0,246,253,,,,,,,,,,POINT (-70.4881510943705 46.211049978222015)
2021A00052428025,0,0,0,0,0,0,0,5,5,0,0,0,0,0,0,0,9,9,,,,,,,,,,POINT (-70.58523542051026 46.27057625294393)
2021A00052428030,1,2,1,1,1,1,0,7,7,15,17,2,2,6,2,0,33,33,,,,,,,,,,POINT (-70.4418323962593 46.31126109960163)
2021A00052428035,0,0,0,0,0,0,0,1,1,0,0,0,0,0,0,0,1,1,,,,,,,,,,POINT (-70.32352146255077 46.267295822959994)
2021A00052428040,0,0,0,0,0,0,0,1,1,0,0,0,0,0,0,0,1,1,,,,,,,,,,POINT (-70.24812921139066 46.356036517977884)
2021A00052428045,1,1,2,0,1,0,2,9,9,212,3,233,0,3,0,233,261,261,,,,,,,,,,POINT (-70.34578811983383 46.407032924222804)
2021A00052428053,0,2,0,0,3,0,0,13,13,0,6,0,0,9,0,0,29,29,,,,,,,,,,POINT (-70.49513350895263 46.396502994728124)
2021A00052428060,0,0,0,0,0,0,0,1,1,0,0,0,0,0,0,0,1,1,,,,,,,,,,POINT (-70.49646783613504 46.528403771395645)
2021A00052428065,0,0,0,0,0,0,0,5,5,0,0,0,0,0,0,0,12,12,,,,,,,,,,POINT (-70.35932250787262 46.49606156193483)
2021A00052428070,0,0,1,0,3,0,0,10,10,0,0,26,0,52,0,0,71,71,,,,,,,,,,POINT (-70.17874275061956 46.45461629990528)
2021A00052428075,0,1,1,0,0,0,0,3,3,0,31,31,0,0,0,0,35,35,,,,,,,,,,POINT (-70.30260657236967 46.59136833324737)
2021A00052429005,0,0,0,0,3,0,0,9,9,0,0,0,0,39,0,0,177,177,,,,,,,,,,POINT (-70.40992646080048 45.930914805123294)
2021A00052429013,0,1,2,1,3,2,0,11,12,0,2,545,2,13,545,0,38,581,,,,,,,,,,POINT (-70.62734298043094 45.84221877289825)
2021A00052429020,0,0,0,0,0,0,0,3,3,0,0,0,0,0,0,0,7,7,,,,,,,,,,POINT (-70.81371187422491 45.85261707890993)
2021A00052429025,1,1,0,0,0,0,0,7,7,33,33,0,0,0,0,0,66,66,,,,,,,,,,POINT (-70.97002682744994 45.94350206757823)
2021A00052429030,2,5,5,2,1,2,0,12,13,73,138,158,28,6,77,0,160,232,,,,,,,,,,POINT (-70.94927756131484 45.98267443765809)
2021A00052429038,2,2,3,1,5,1,1,32,33,40,55,61,21,200,21,10,360,390,,,,,,,,,,POINT (-70.81389027117392 45.969767498922806)
2021A00052429045,0,2,4,0,4,0,1,21,21,0,38,242,0,199,0,43,438,438,,,,,,,,,,POINT (-70.65821464527593 45.97247608020661)
2021A00052429050,0,1,0,0,0,0,0,3,3,0,5,0,0,0,0,0,7,7,12.0,34.0,29.0,0.0,45.0,2.0,4.0,123.0,136.0,POINT (-70.59844488610922 46.00929386654556)
2021A00052429057,0,3,2,0,5,0,0,19,20,0,112,40,0,250,0,0,338,353,,,,,,,,,,POINT (-70.50475320863328 46.050611926136874)
2021A00052429065,0,0,0,0,0,0,0,2,2,0,0,0,0,0,0,0,4,4,7.0,22.0,15.0,0.0,18.0,2.0,1.0,78.0,85.0,POINT (-70.53675548964536 46.13559097446027)
2021A00052429073,5,24,16,0,16,2,1,104,109,364,790,564,0,1233,6,58,2506,2919,264.0,683.0,499.0,0.0,1203.0,41.0,42.0,2307.0,2676.0,POINT (-70.6994641060718 46.10366823429314)
2021A00052429095,0,0,0,0,0,0,0,0,0,0,0,0,0,0,0,0,0,0,,,,,,,,,,POINT (-70.81948183391543 46.09928168250285)
2021A00052429100,0,0,3,0,6,2,0,15,17,0,0,56,0,152,50,0,184,234,,,,,,,,,,POINT (-70.8005494421663 46.07192855104713)
2021A00052429112,2,7,6,3,2,5,0,34,36,155,64,183,16,143,32,0,416,557,,,,,,,,,,POINT (-70.93521497204608 46.05135500110626)
2021A00052429120,0,1,1,0,1,0,0,9,10,0,34,34,0,35,0,0,126,160,,,,,,,,,,POINT (-70.71941314397156 46.174772551267004)
2021A00052429125,0,2,0,0,1,0,0,5,5,0,5,0,0,5,0,0,15,15,9.0,28.0,17.0,1.0,18.0,4.0,1.0,91.0,99.0,POINT (-70.66311924015702 46.20731059076511)
2021A00052430005,0,0,0,0,3,0,0,7,7,0,0,0,0,103,0,0,115,115,,,,,,,,,,POINT (-70.89018973706924 45.369530450514546)
2021A00052430010,0,0,0,0,0,0,0,1,1,0,0,0,0,0,0,0,2,2,,,,,,,,,,POINT (-71.0717522137389 45.35559278859187)
2021A00052430015,0,0,0,0,0,0,0,1,1,0,0,0,0,0,0,0,2,2,,,,,,,,,,POINT (-71.086159680735 45.492437285234494)
2021A00052430020,0,0,0,0,0,0,0,2,2,0,0,0,0,0,0,0,4,4,,,,,,,,,,POINT (-70.94709643784226 45.480711347294275)
2021A00052430025,0,1,1,0,4,1,0,10,10,0,7,7,0,44,2,0,60,60,,,,,,,,,,POINT (-70.81531421900752 45.53629397871816)
2021A00052430030,0,5,4,1,6,4,0,21,21,0,52,54,9,75,38,0,780,780,,,,,,,,,,POINT (-70.88040323738689 45.58573741488733)
2021A00052430035,0,0,0,0,0,0,0,2,2,0,0,0,0,0,0,0,4,4,,,,,,,,,,POINT (-70.95407171333547 45.55868685546695)
2021A00052430040,0,0,0,0,0,0,0,4,4,0,0,0,0,0,0,0,68,68,,,,,,,,,,POINT (-71.13028858924136 45.58684167107374)
2021A00052430045,0,0,0,0,1,0,0,7,7,0,0,0,0,6,0,0,20,20,,,,,,,,,,POINT (-71.00389794662229 45.62589265133789)
2021A00052430050,0,1,0,0,0,0,0,8,8,0,2,0,0,0,0,0,29,29,,,,,,,,,,POINT (-70.92449226266247 45.68089633316781)
2021A00052430055,0,1,1,0,0,0,0,7,8,0,3,3,0,0,0,0,19,22,,,,,,,,,,POINT (-70.70797830566646 45.63792335657087)
2021A00052430070,0,0,0,0,1,0,0,4,4,0,0,0,0,3,0,0,13,13,,,,,,,,,,POINT (-70.53562243102124 45.73221477758044)
2021A00052430072,1,2,3,0,1,1,0,20,21,97,102,137,0,32,35,0,185,220,,,,,,,,,,POINT (-70.69760517346813 45.73918950611085)
2021A00052430080,0,0,0,0,2,2,0,13,13,0,0,0,0,64,7,0,221,221,,,,,,,,,,POINT (-70.8487899069928 45.7405564044828)
2021A00052430085,0,0,1,0,1,3,0,15,15,0,0,3,0,3,115,0,146,146,,,,,,,,,,POINT (-70.95234914070733 45.80605968727942)
2021A00052430090,0,0,0,0,3,1,0,13,13,0,0,0,0,44,19,0,157,157,,,,,,,,,,POINT (-70.9937467557087 45.88291474790657)
2021A00052430095,0,2,2,0,2,2,0,18,19,0,9,18,0,43,14,0,220,227,,,,,,,,,,POINT (-71.09253834189559 45.87318362604475)
2021A00052430100,1,1,0,0,2,0,0,9,9,3,3,0,0,10,0,0,94,94,,,,,,,,,,POINT (-71.07896690618901 45.74437671935793)
2021A00052430105,0,0,0,0,2,0,0,9,9,0,0,0,0,5,0,0,26,26,,,,,,,,,,POINT (-71.1869557109064 45.73786531701265)
2021A00052430110,0,1,0,0,0,0,0,6,6,0,13,0,0,0,0,0,27,27,,,,,,,,,,POINT (-71.29171291213831 45.78252866898979)
2021A00052431008,0,0,0,0,0,0,0,3,3,0,0,0,0,0,0,0,6,6,,,,,,,,,,POINT (-71.40044891759241 45.83307411642816)
2021A00052431015,1,2,3,2,1,2,1,8,8,2,9,11,9,3,9,2,25,25,,,,,,,,,,POINT (-71.34395227606983 45.895126710937326)
2021A00052431020,1,2,2,1,0,1,0,5,5,2,4,4,2,0,2,0,12,12,,,,,,,,,,POINT (-71.405874853659 45.91769250254761)
2021A00052431025,0,0,0,0,0,0,0,2,2,0,0,0,0,0,0,0,8,8,,,,,,,,,,POINT (-71.4986702244379 45.93814991421336)
2021A00052431030,0,0,0,0,0,0,0,10,10,0,0,0,0,0,0,0,35,35,,,,,,,,,,POINT (-71.60980029978984 45.96731618675816)
2021A00052431035,0,1,1,0,0,0,0,9,9,0,3,3,0,0,0,0,29,29,,,,,,,,,,POINT (-71.52995448744706 46.01396576413689)
2021A00052431040,0,0,0,0,1,0,0,5,5,0,0,0,0,3,0,0,14,14,,,,,,,,,,POINT (-71.49212802413075 46.065864956663276)
2021A00052431045,0,2,2,0,0,0,0,4,4,0,7,7,0,0,0,0,11,11,22.0,41.0,58.0,8.0,15.0,30.0,5.0,125.0,151.0,POINT (-71.33655040755693 45.99034760332066)
2021A00052431050,0,0,0,0,0,0,0,6,6,0,0,0,0,0,0,0,18,18,,,,,,,,,,POINT (-71.22798688211545 45.89646319189937)
2021A00052431056,2,2,3,0,5,1,1,26,27,55,56,62,0,22,7,6,397,404,,,,,,,,,,POINT (-71.1126766543448 46.04086691482574)
2021A00052431060,1,2,2,0,0,0,0,10,11,65,27,82,0,0,0,0,66,131,,,,,,,,,,POINT (-71.03607251001806 46.119747394733764)
2021A00052431084,4,20,16,5,11,10,1,80,83,376,585,988,113,224,503,91,1278,1757,290.0,442.0,710.0,77.0,167.0,344.0,65.0,1171.0,1499.0,POINT (-71.30487145844359 46.11364324206593)
2021A00052431095,0,0,0,0,0,0,0,9,9,0,0,0,0,0,0,0,28,28,7.0,17.0,17.0,3.0,10.0,10.0,2.0,83.0,90.0,POINT (-71.44428359425456 46.12155789823278)
2021A00052431100,0,0,0,0,0,0,0,8,8,0,0,0,0,0,0,0,18,18,,,,,,,,,,POINT (-71.44270188499817 46.18005506908976)
2021A00052431105,0,0,0,0,1,0,0,9,9,0,0,0,0,3,0,0,25,25,,,,,,,,,,POINT (-71.34153473077515 46.20684533012682)
2021A00052431122,1,0,1,0,0,1,0,6,7,6,0,6,0,0,31,0,53,59,,,,,,,,,,POINT (-71.08374514362413 46.22205993306766)
2021A00052431130,0,0,1,0,0,1,0,9,10,0,0,3,0,0,3,0,27,30,,,,,,,,,,POINT (-71.02901268043794 46.20036659633016)
2021A00052431135,0,1,1,1,0,1,0,18,18,0,2,2,2,0,2,0,62,62,,,,,,,,,,POINT (-71.20285906332808 46.25477480617023)
2021A00052431140,0,0,1,0,1,0,0,12,12,0,0,3,0,3,0,0,91,91,,,,,,,,,,POINT (-71.33350462445817 46.29027163977543)
2021A00052432013,0,1,1,0,3,1,0,22,23,0,34,34,0,56,34,0,121,155,,,,,,,,,,POINT (-71.61287299045847 46.10728259770178)
2021A00052432023,0,0,0,0,0,0,0,15,15,0,0,0,0,0,0,0,38,38,,,,,,,,,,POINT (-71.69756028021011 46.153060110668996)
2021A00052432033,4,10,6,3,4,4,0,46,48,53,221,125,32,70,83,0,797,866,,,,,,,,,,POINT (-71.87881660051265 46.18870261543329)
2021A00052432040,3,14,11,2,6,4,2,53,54,230,216,356,23,241,67,255,1203,1237,,,,,,,,,,POINT (-71.77089441437664 46.22220780521152)
2021A00052432045,1,4,4,0,3,1,0,37,38,10,61,61,0,43,34,0,187,221,,,,,,,,,,POINT (-71.8272281416942 46.24437092734415)
2021A00052432050,1,1,1,0,0,0,1,11,11,22,1,22,0,0,0,22,76,76,,,,,,,,,,POINT (-71.6184199069172 46.20958940112142)
2021A00052432058,0,2,0,0,0,2,0,20,20,0,27,0,0,0,27,0,77,77,,,,,,,,,,POINT (-71.52105453548265 46.24933841018205)
2021A00052432065,0,0,0,0,0,0,0,22,22,0,0,0,0,0,0,0,87,87,,,,,,,,,,POINT (-71.5909034270951 46.37947196246005)
2021A00052432072,0,1,0,0,1,1,0,34,34,0,10,0,0,11,10,0,156,156,,,,,,,,,,POINT (-71.68535557425501 46.30621806111277)
2021A00052432080,1,1,1,0,0,0,0,9,10,1,15,15,0,0,0,0,71,86,,,,,,,,,,POINT (-71.8285293598271 46.31197709671732)
2021A00052432085,0,2,1,1,1,1,0,7,7,0,12,5,5,3,5,0,25,25,,,,,,,,,,POINT (-71.88488921573799 46.383915962702034)
2021A00052433007,0,0,0,0,0,0,0,21,21,0,0,0,0,0,0,0,65,65,,,,,,,,,,POINT (-71.23816964823402 46.3668329521728)
2021A00052433017,1,1,1,0,2,0,0,29,29,2,2,2,0,27,0,0,144,144,,,,,,,,,,POINT (-71.40847300590174 46.36708945950275)
2021A00052433025,0,1,1,0,0,1,0,26,27,0,7,7,0,0,7,0,89,96,,,,,,,,,,POINT (-71.25970062401217 46.42389684252415)
2021A00052433030,0,0,1,0,0,1,0,27,28,0,0,35,0,0,35,0,85,120,,,,,,,,,,POINT (-71.25274406275345 46.49975607687705)
2021A00052433035,0,3,2,1,2,0,0,19,19,0,19,9,2,10,0,0,76,76,,,,,,,,,,POINT (-71.38230378987555 46.50671132319819)
2021A00052433040,0,0,0,0,0,0,0,9,9,0,0,0,0,0,0,0,39,39,,,,,,,,,,POINT (-71.53036631689726 46.46618257720417)
2021A00052433045,2,8,8,1,2,2,0,26,27,25,120,118,5,38,12,0,230,237,,,,,,,,,,POINT (-71.4427339815716 46.549424657868805)
2021A00052433052,0,1,0,0,1,0,0,16,16,0,3,0,0,6,0,0,57,57,,,,,,,,,,POINT (-71.56436704040627 46.5219716099995)
2021A00052433060,2,4,2,0,2,2,0,9,10,63,114,5,0,140,56,0,425,428,,,,,,,,,,POINT (-71.63613320206532 46.54279461742282)
2021A00052433065,1,1,1,0,1,0,0,9,9,2,2,2,0,7,0,0,36,36,,,,,,,,,,POINT (-71.67385869609568 46.48717351108519)
2021A00052433070,0,3,3,0,0,0,0,6,9,0,90,90,0,0,0,0,16,106,,,,,,,,,,POINT (-71.76042320577322 46.42983314061676)
2021A00052433080,0,1,2,0,3,0,0,22,22,0,52,55,0,157,0,0,262,262,,,,,,,,,,POINT (-71.82029224663322 46.56525905475181)
2021A00052433085,1,1,2,0,0,0,1,16,16,5,7,12,0,0,0,5,55,55,,,,,,,,,,POINT (-71.62382838461829 46.56866810103052)
2021A00052433090,0,4,5,0,5,3,0,27,30,0,85,99,0,77,51,0,192,275,31.0,134.0,86.0,3.0,90.0,40.0,2.0,369.0,401.0,POINT (-71.50152314430355 46.603610889014746)
2021A00052433095,0,3,1,0,0,0,0,16,16,0,39,4,0,0,0,0,79,79,14.0,41.0,36.0,6.0,18.0,20.0,3.0,147.0,158.0,POINT (-71.56188617399835 46.65001434760794)
2021A00052433102,0,2,2,0,0,0,1,17,17,0,12,217,0,0,0,5,280,280,,,,,,,,,,POINT (-71.75245710366956 46.620896761405625)
2021A00052433115,0,0,0,0,0,0,0,19,19,0,0,0,0,0,0,0,68,68,,,,,,,,,,POINT (-71.90671383803746 46.60819559407785)
2021A00052433123,0,0,0,0,0,0,0,17,17,0,0,0,0,0,0,0,50,50,,,,,,,,,,POINT (-71.88537531256058 46.49858622713688)
2021A00052434007,2,5,3,0,1,1,0,23,24,12,20,14,0,3,3,0,104,110,17.0,65.0,81.0,16.0,30.0,40.0,6.0,236.0,260.0,POINT (-71.62370230024999 46.72013155037397)
2021A00052434017,0,3,4,1,2,1,1,31,31,0,10,62,5,10,5,9,392,392,,,,,,,,,,POINT (-71.68575821645182 46.77275553151591)
2021A00052434025,1,7,4,0,1,1,1,19,20,1,57,174,0,7,149,9,95,244,,,,,,,,,,POINT (-71.70272176525806 46.68695974284846)
2021A00052434030,0,0,1,0,0,0,0,8,8,0,0,5,0,0,0,0,38,38,,,,,,,,,,POINT (-71.78738846448728 46.709230190020754)
2021A00052434038,0,0,1,0,0,0,0,17,17,0,0,5,0,0,0,0,420,420,,,,,,,,,,POINT (-71.8557228245664 46.79512829346308)
2021A00052434048,1,3,2,0,0,1,0,12,13,8,24,89,0,0,75,0,224,299,,,,,,,,,,POINT (-71.91695311278838 46.73914599847732)
2021A00052434058,0,4,1,1,0,3,0,13,14,0,81,44,44,0,77,0,91,106,,,,,,,,,,POINT (-71.99749089908472 46.64434802181872)
2021A00052434060,0,0,0,0,1,0,0,4,4,0,0,0,0,32,0,0,40,40,,,,,,,,,,POINT (-72.00421271460398 46.721497584163025)
2021A00052434065,1,2,1,1,1,2,1,15,15,35,12,9,9,14,13,35,271,271,,,,,,,,,,POINT (-72.04159017997225 46.67468081458619)
2021A00052434078,0,1,0,0,0,0,0,17,17,0,9,0,0,0,0,0,137,137,,,,,,,,,,POINT (-72.1739925418116 46.6749995354215)
2021A00052434085,0,0,0,0,0,0,0,8,8,0,0,0,0,0,0,0,26,26,,,,,,,,,,POINT (-72.18689508378276 46.720802262208345)
2021A00052434090,0,1,0,0,2,1,0,18,18,0,5,0,0,28,19,0,97,97,,,,,,,,,,POINT (-72.28485542594974 46.78586926822201)
2021A00052434097,1,0,1,0,1,0,1,10,10,22,0,22,0,7,0,22,48,48,,,,,,,,,,POINT (-72.11913469161436 46.77883666006808)
2021A00052434105,0,1,0,0,1,1,0,6,6,0,18,0,0,3,18,0,34,34,,,,,,,,,,POINT (-72.02013605826113 46.82962342686916)
2021A00052434115,0,1,1,1,1,1,0,4,4,0,2,2,2,5,2,0,15,15,,,,,,,,,,POINT (-71.99685491245648 46.92257047889552)
2021A00052434120,0,0,0,0,0,0,0,1,1,0,0,0,0,0,0,0,2,2,,,,,,,,,,POINT (-71.71872951856336 46.869724703622246)
2021A00052434128,2,6,3,0,6,0,0,25,25,9,51,7,0,100,0,0,238,238,,,,,,,,,,POINT (-71.89096970402653 46.99227004218709)
2021A00052434135,0,0,0,0,1,2,0,6,6,0,0,0,0,32,57,0,106,106,,,,,,,,,,POINT (-72.25457128179407 47.05307714800082)
2021A00052434902,0,0,0,0,0,0,0,0,0,0,0,0,0,0,0,0,0,0,,,,,,,,,,POINT (-71.86521752586575 47.24938917069404)
2021A00052434904,0,0,0,0,0,0,0,0,0,0,0,0,0,0,0,0,0,0,,,,,,,,,,POINT (-72.07230380317183 47.20387893907668)
2021A00052434906,0,0,0,0,0,0,0,0,0,0,0,0,0,0,0,0,0,0,,,,,,,,,,POINT (-72.40417216357716 47.251441271801426)
2021A00052435005,0,0,0,0,0,0,0,2,2,0,0,0,0,0,0,0,8,8,,,,,,,,,,POINT (-72.2563054345295 46.89027290582668)
2021A00052435010,0,0,0,0,0,0,0,4,4,0,0,0,0,0,0,0,7,7,,,,,,,,,,POINT (-72.43660547862001 46.93189055871002)
2021A00052435015,1,1,1,0,3,0,0,13,13,2,2,2,0,66,0,0,92,92,,,,,,,,,,POINT (-72.38284902396548 46.73659440792073)
2021A00052435020,0,1,0,0,3,0,0,12,12,0,34,0,0,115,0,0,142,142,,,,,,,,,,POINT (-72.50788707782708 46.662294949068816)
2021A00052435027,3,3,1,0,2,0,0,28,28,107,143,97,0,6,0,0,257,257,,,,,,,,,,POINT (-72.56181610247079 46.731012466483016)
2021A00052435035,0,0,0,0,0,0,0,7,7,0,0,0,0,0,0,0,34,34,,,,,,,,,,POINT (-72.61721181972963 46.67374514918241)
2021A00052435040,0,0,0,0,0,0,0,0,0,0,0,0,0,0,0,0,0,0,,,,,,,,,,POINT (-72.68916210376275 46.74555058186224)
2021A00052435045,0,0,0,0,1,0,0,1,1,0,0,0,0,136,0,0,136,136,,,,,,,,,,POINT (-72.77365867436761 46.81948501348317)
2021A00052435050,0,1,1,0,2,0,0,15,15,0,6,3,0,6,0,0,60,60,,,,,,,,,,POINT (-72.56810899475332 46.846470612316175)
2021A00052435055,0,0,0,0,1,0,0,2,2,0,0,0,0,3,0,0,6,6,,,,,,,,,,POINT (-72.72826272261211 46.98666445530503)
2021A00052435902,0,0,0,0,0,0,0,0,0,0,0,0,0,0,0,0,0,0,,,,,,,,,,POINT (-72.53434997803406 47.07296020194443)
2021A00052435904,0,0,0,0,0,0,0,0,0,0,0,0,0,0,0,0,0,0,,,,,,,,,,POINT (-73.3183069384244 47.14247836996516)
2021A00052435906,0,0,0,0,0,0,0,0,0,0,0,0,0,0,0,0,0,0,,,,,,,,,,POINT (-73.76179204236001 47.12720584387678)
2021A00052435908,0,0,0,0,0,0,0,0,0,0,0,0,0,0,0,0,0,0,,,,,,,,,,POINT (-73.6282264399834 46.88738885231386)
2021A00052436033,9,39,22,1,10,13,2,80,89,413,1126,554,9,71,456,32,1383,1931,337.0,938.0,451.0,7.0,234.0,377.0,25.0,1697.0,2128.0,POINT (-72.7890749973315 46.67044758986508)
2021A00052437067,15,64,42,8,16,22,1,165,176,365,1230,925,110,516,525,3,3308,3744,529.0,1834.0,1358.0,155.0,880.0,793.0,4.0,4939.0,5584.0,POINT (-72.62686718969871 46.3714453246927)
2021A00052437205,0,2,2,0,0,0,0,19,19,0,14,15,0,0,0,0,95,95,,,,,,,,,,POINT (-72.18016012038733 46.60752783640718)
2021A00052437210,0,0,0,0,0,0,0,5,5,0,0,0,0,0,0,0,12,12,,,,,,,,,,POINT (-72.26739643963998 46.506222223277156)
2021A00052437215,0,0,1,0,0,0,0,8,8,0,0,2,0,0,0,0,42,42,,,,,,,,,,POINT (-72.33909346780777 46.54083029270045)
2021A00052437220,0,1,1,0,0,1,0,11,12,0,12,3,0,0,3,0,97,100,1.0,12.0,7.0,0.0,38.0,7.0,0.0,118.0,123.0,POINT (-72.38165480804705 46.44760266287131)
2021A00052437225,1,0,0,0,0,0,0,6,6,2,0,0,0,0,0,0,19,19,1.0,3.0,4.0,0.0,5.0,3.0,0.0,65.0,68.0,POINT (-72.41589486796184 46.48103930037079)
2021A00052437230,0,1,1,0,3,1,0,32,33,0,7,7,0,26,7,0,100,107,24.0,76.0,49.0,6.0,28.0,31.0,1.0,268.0,290.0,POINT (-72.53778135222134 46.47865206502185)
2021A00052437235,0,1,0,0,1,1,0,8,8,0,18,0,0,33,18,0,62,62,,,,,,,,,,POINT (-72.65143523624909 46.49785700460861)
2021A00052437240,0,1,1,0,1,1,0,13,14,0,3,3,0,3,6,0,180,183,,,,,,,,,,POINT (-72.5071105244939 46.57457859137375)
2021A00052437245,1,2,2,1,1,1,0,15,15,58,60,60,2,3,2,0,122,122,,,,,,,,,,POINT (-72.39973273568627 46.6258573365004)
2021A00052437250,0,0,0,0,0,0,0,9,9,0,0,0,0,0,0,0,18,18,,,,,,,,,,POINT (-72.3036890491621 46.63698742146243)
2021A00052438005,0,0,0,0,0,0,0,19,19,0,0,0,0,0,0,0,48,48,,,,,,,,,,POINT (-72.22815420253194 46.23848204288162)
2021A00052438010,5,19,7,0,4,11,0,89,91,22,828,90,0,16,826,0,687,1282,13.0,459.0,81.0,0.0,24.0,408.0,0.0,490.0,780.0,POINT (-72.34078408269309 46.31380975963866)
2021A00052438015,0,0,0,0,0,0,0,5,5,0,0,0,0,0,0,0,14,14,,,,,,,,,,POINT (-72.19015772552429 46.33743869403416)
2021A00052438020,0,0,0,0,0,0,0,4,4,0,0,0,0,0,0,0,28,28,,,,,,,,,,POINT (-72.09153846033259 46.298592817811034)
2021A00052438028,1,2,1,0,1,0,0,12,12,10,24,10,0,11,0,0,72,72,,,,,,,,,,POINT (-71.98874699966443 46.355715722723104)
2021A00052438035,0,0,0,0,2,0,0,6,6,0,0,0,0,5,0,0,46,46,,,,,,,,,,POINT (-71.96439313557569 46.44843136352755)
2021A00052438040,0,1,1,1,0,1,0,11,11,0,21,21,21,0,21,0,56,56,,,,,,,,,,POINT (-72.10665528640426 46.407318444840385)
2021A00052438047,0,0,2,0,0,2,0,9,11,0,0,38,0,0,38,0,38,76,,,,,,,,,,POINT (-72.02710320958157 46.487664876663516)
2021A00052438055,0,0,0,0,0,0,0,8,8,0,0,0,0,0,0,0,33,33,,,,,,,,,,POINT (-72.05806401282973 46.51250727822785)
2021A00052438060,0,0,0,0,0,0,0,8,8,0,0,0,0,0,0,0,26,26,,,,,,,,,,POINT (-72.15850710378443 46.449129546449235)
2021A00052438065,0,1,0,0,2,0,0,8,8,0,12,0,0,68,0,0,93,93,,,,,,,,,,POINT (-72.18991916194433 46.47233369613035)
2021A00052438070,0,0,0,0,0,0,0,4,4,0,0,0,0,0,0,0,12,12,,,,,,,,,,POINT (-72.11391152503428 46.53551589680277)
2021A00052438802,0,0,0,0,0,1,0,1,1,0,0,0,0,0,2,0,2,2,5.0,19.0,5.0,0.0,4.0,13.0,0.0,32.0,38.0,POINT (-72.42688564369229 46.33481293560024)
2021A00052439005,0,0,0,0,0,0,0,0,0,0,0,0,0,0,0,0,0,0,,,,,,,,,,POINT (-71.53458858831954 45.848930507203406)
2021A00052439010,1,2,1,0,2,0,0,21,21,65,85,65,0,26,0,0,153,153,,,,,,,,,,POINT (-71.65354417227113 45.885832808488544)
2021A00052439015,0,0,0,0,0,0,0,1,1,0,0,0,0,0,0,0,2,2,,,,,,,,,,POINT (-71.71268942305706 45.91780782473263)
2021A00052439020,0,0,0,0,0,0,0,7,7,0,0,0,0,0,0,0,40,40,,,,,,,,,,POINT (-71.83346039494924 45.86097418644491)
2021A00052439025,0,3,1,1,2,1,0,23,23,0,38,21,21,30,21,0,172,172,,,,,,,,,,POINT (-71.9214178547357 45.89280953717102)
2021A00052439030,3,4,4,0,0,0,0,22,22,116,120,120,0,0,0,0,170,170,17.0,30.0,20.0,3.0,15.0,4.0,0.0,105.0,105.0,POINT (-71.77955118288301 45.96933999163679)
2021A00052439035,1,3,3,2,0,2,0,9,9,2,11,11,9,0,9,0,28,28,,,,,,,,,,POINT (-71.71991793405526 46.02512045830864)
2021A00052439043,2,3,2,1,1,2,0,27,27,7,9,7,2,11,6,0,84,84,,,,,,,,,,POINT (-71.82996787128174 46.09088323058178)
2021A00052439060,0,2,0,0,4,0,0,19,19,0,40,0,0,55,0,0,101,101,33.0,90.0,72.0,3.0,34.0,22.0,21.0,280.0,288.0,POINT (-71.87534430749363 46.014503804256435)
2021A00052439062,14,43,33,3,21,12,5,124,131,285,1080,997,32,466,255,342,2391,2471,320.0,959.0,835.0,30.0,392.0,235.0,285.0,2675.0,2766.0,POINT (-71.96124982640771 46.06035329440126)
2021A00052439077,4,14,8,1,0,5,1,63,66,105,148,139,9,0,61,46,951,996,,,,,,,,,,POINT (-72.00927381867436 45.948555591296724)
2021A00052439085,0,1,0,0,0,0,0,26,26,0,1,0,0,0,0,0,146,146,,,,,,,,,,POINT (-72.1026653888154 45.99671822245406)
2021A00052439090,0,1,0,0,0,0,0,18,18,0,4,0,0,0,0,0,78,78,,,,,,,,,,POINT (-72.09262785494121 45.917425765830544)
2021A00052439097,0,3,1,1,1,1,0,26,26,0,7,2,2,7,2,0,698,698,,,,,,,,,,POINT (-72.10683297344401 45.852414379218885)
2021A00052439105,0,0,0,0,0,0,0,16,16,0,0,0,0,0,0,0,61,61,,,,,,,,,,POINT (-72.1929126510869 45.91866012625661)
2021A00052439117,0,0,1,0,1,0,0,13,13,0,0,10,0,3,0,0,41,41,,,,,,,,,,POINT (-72.22951339165695 45.98263158922324)
2021A00052439130,0,0,0,0,1,0,0,10,10,0,0,0,0,7,0,0,53,53,,,,,,,,,,POINT (-72.20241690887072 46.06418168078925)
2021A00052439135,1,1,0,0,1,0,0,16,16,33,33,0,0,3,0,0,85,85,18.0,68.0,53.0,2.0,25.0,14.0,13.0,189.0,194.0,POINT (-72.1029294450199 46.07713178526016)
2021A00052439145,1,0,0,0,0,0,0,11,11,9,0,0,0,0,0,0,105,105,,,,,,,,,,POINT (-72.0246362838824 46.16401833615778)
2021A00052439152,0,5,5,0,6,1,0,14,15,0,354,320,0,155,34,0,603,637,,,,,,,,,,POINT (-72.15816561087891 46.1785511186171)
2021A00052439165,0,0,0,0,1,0,0,1,1,0,0,0,0,11,0,0,11,11,,,,,,,,,,POINT (-72.12334851134665 46.228315744322394)
2021A00052439170,1,2,2,1,0,1,0,19,19,2,62,62,9,0,9,0,301,301,,,,,,,,,,POINT (-72.01232087861881 46.268216635804116)
2021A00052440005,0,0,0,0,0,0,0,2,2,0,0,0,0,0,0,0,6,6,,,,,,,,,,POINT (-71.59069249565697 45.76976458816471)
2021A00052440010,0,0,0,0,1,0,0,9,9,0,0,0,0,3,0,0,18,18,,,,,,,,,,POINT (-71.7381928278679 45.82320224317579)
2021A00052440017,0,0,0,0,2,0,0,21,21,0,0,0,0,17,0,0,79,79,,,,,,,,,,POINT (-71.79755040972748 45.749517826686045)
2021A00052440025,0,0,0,0,0,0,0,9,9,0,0,0,0,0,0,0,30,30,,,,,,,,,,POINT (-71.70610837646157 45.6853712868775)
2021A00052440032,0,2,0,0,1,0,0,13,13,0,5,0,0,3,0,0,32,32,,,,,,,,,,POINT (-71.85145838052 45.6722261005461)
2021A00052440043,1,3,2,0,0,2,1,13,13,33,38,25,0,0,11,21,125,125,,,,,,,,,,POINT (-71.94006729831686 45.773969713754724)
2021A00052440047,0,5,3,1,2,2,0,22,22,0,54,22,9,61,48,0,192,192,,,,,,,,,,POINT (-72.04856413455204 45.78211662070892)
2021A00052441012,0,0,0,0,3,0,0,7,7,0,0,0,0,85,0,0,93,93,,,,,,,,,,POINT (-71.48086174901118 45.27877973178293)
2021A00052441020,0,0,0,0,1,0,0,2,2,0,0,0,0,3,0,0,6,6,,,,,,,,,,POINT (-71.23558156390408 45.309378397531056)
2021A00052441027,0,0,0,0,0,0,0,8,8,0,0,0,0,0,0,0,25,25,,,,,,,,,,POINT (-71.23697091195537 45.4032866488224)
2021A00052441037,0,0,0,0,0,0,0,0,0,0,0,0,0,0,0,0,0,0,,,,,,,,,,POINT (-71.44625686144518 45.38651096216545)
2021A00052441038,0,5,4,1,6,2,0,45,46,0,34,32,5,167,8,0,327,330,,,,,,,,,,POINT (-71.65491254985409 45.37420860257319)
2021A00052441055,2,6,4,1,3,1,0,17,17,5,45,15,5,25,5,0,104,104,2.0,50.0,29.0,2.0,59.0,9.0,0.0,196.0,197.0,POINT (-71.76218704475932 45.45508842993706)
2021A00052441060,0,2,2,0,3,0,0,7,7,0,113,52,0,81,0,0,349,349,,,,,,,,,,POINT (-71.66084041539072 45.48163938859801)
2021A00052441065,0,1,0,0,2,0,0,8,8,0,3,0,0,8,0,0,24,24,,,,,,,,,,POINT (-71.59921904921454 45.47292260401987)
2021A00052441070,0,0,0,0,0,2,0,8,8,0,0,0,0,0,53,0,67,67,,,,,,,,,,POINT (-71.44782648079433 45.51705991218598)
2021A00052441075,1,1,1,0,0,0,0,2,2,6,6,6,0,0,0,0,9,9,,,,,,,,,,POINT (-71.22106078514442 45.49693865759321)
2021A00052441080,0,2,0,0,0,0,0,3,3,0,69,0,0,0,0,0,70,70,,,,,,,,,,POINT (-71.2755371779008 45.527172875256575)
2021A00052441085,0,1,0,0,0,0,0,6,6,0,1,0,0,0,0,0,16,16,,,,,,,,,,POINT (-71.32386512920384 45.6114819167411)
2021A00052441098,0,2,0,0,3,0,0,14,14,0,11,0,0,97,0,0,153,153,,,,,,,,,,POINT (-71.44834026920205 45.7034107704605)
2021A00052441117,0,1,1,0,0,0,0,8,8,0,3,3,0,0,0,0,91,91,,,,,,,,,,POINT (-71.59954652518736 45.604430089907204)
2021A00052442005,0,3,1,0,0,1,0,14,14,0,14,24,0,0,24,0,122,122,3.0,67.0,35.0,2.0,42.0,11.0,0.0,225.0,225.0,POINT (-71.77703873409553 45.5409326497241)
2021A00052442020,1,2,2,1,0,1,0,12,12,97,99,99,2,0,2,0,143,143,,,,,,,,,,POINT (-72.05614276202489 45.52524414045962)
2021A00052442025,3,7,6,0,2,1,1,12,13,29,48,103,0,35,75,2,93,168,44.0,142.0,120.0,6.0,26.0,38.0,15.0,296.0,334.0,POINT (-72.10818838133042 45.4384669409663)
2021A00052442032,0,3,1,0,1,0,0,13,13,0,12,7,0,3,0,0,40,40,,,,,,,,,,POINT (-72.20786755062026 45.49319568119003)
2021A00052442040,1,1,2,0,1,0,0,6,6,9,2,11,0,3,0,0,20,20,,,,,,,,,,POINT (-72.284076117688 45.410644789836994)
2021A00052442045,0,1,2,0,2,0,1,5,5,0,3,8,0,57,0,5,68,68,,,,,,,,,,POINT (-72.3500377543724 45.433648965846594)
2021A00052442050,0,0,0,0,0,0,0,7,7,0,0,0,0,0,0,0,27,27,,,,,,,,,,POINT (-72.40559881278007 45.402318066082984)
2021A00052442055,0,2,1,1,0,0,0,4,4,0,54,3,3,0,0,0,60,60,,,,,,,,,,POINT (-72.3156035318266 45.496309991534666)
2021A00052442060,2,5,3,0,0,0,0,11,12,15,163,134,0,0,0,0,79,198,,,,,,,,,,POINT (-72.34079457740924 45.487497660797374)
2021A00052442065,0,1,0,0,0,1,0,7,7,0,53,0,0,0,53,0,64,64,,,,,,,,,,POINT (-72.3040805655776 45.5538411402221)
2021A00052442070,0,0,0,0,0,0,0,0,0,0,0,0,0,0,0,0,0,0,,,,,,,,,,POINT (-72.1302026430827 45.570497164431366)
2021A00052442075,1,1,0,0,0,0,0,9,9,3,1,0,0,0,0,0,37,37,,,,,,,,,,POINT (-72.20460899887814 45.60636781093938)
2021A00052442078,0,0,0,0,0,0,0,3,3,0,0,0,0,0,0,0,10,10,,,,,,,,,,POINT (-72.24360546428615 45.705094899586506)
2021A00052442088,3,5,2,0,2,1,0,16,18,80,89,78,0,59,11,0,998,1076,,,,,,,,,,POINT (-71.99483778623554 45.56865829555572)
2021A00052442095,1,1,1,0,1,0,0,11,11,13,13,13,0,3,0,0,61,61,27.0,32.0,27.0,1.0,11.0,3.0,0.0,193.0,204.0,POINT (-71.92994190544242 45.555196873633044)
2021A00052442098,6,5,4,0,1,1,0,17,18,408,91,385,0,3,12,0,263,563,,,,,,,,,,POINT (-72.13469514603825 45.66072417786578)
2021A00052442100,0,0,0,0,0,0,0,5,5,0,0,0,0,0,0,0,18,18,,,,,,,,,,POINT (-71.9695797480013 45.6502211608343)
2021A00052442110,1,2,1,0,1,0,0,13,13,2,7,3,0,3,0,0,37,37,,,,,,,,,,POINT (-72.1232802080052 45.6858234775547)
2021A00052443027,35,117,80,9,22,34,8,278,295,807,3051,2727,103,562,731,379,5042,5935,1072.0,3039.0,2904.0,98.0,653.0,796.0,373.0,5682.0,6761.0,POINT (-71.9398168038109 45.395250060080606)
2021A00052444003,0,0,0,0,2,0,0,13,13,0,0,0,0,139,0,0,167,167,,,,,,,,,,POINT (-71.50942372451482 45.20167119999828)
2021A00052444005,0,0,0,0,1,0,0,2,2,0,0,0,0,5,0,0,8,8,,,,,,,,,,POINT (-71.50340800520915 45.134797933127345)
2021A00052444010,0,0,0,0,1,0,0,8,8,0,0,0,0,136,0,0,167,167,,,,,,,,,,POINT (-71.54087926178227 45.07343868348831)
2021A00052444015,0,0,0,0,2,0,0,9,9,0,0,0,0,5,0,0,34,34,,,,,,,,,,POINT (-71.65028551623493 45.08851524177482)
2021A00052444023,0,1,1,0,1,0,0,10,10,0,2,2,0,14,0,0,55,55,,,,,,,,,,POINT (-71.74603341484627 45.05512024818259)
2021A00052444037,4,8,3,0,7,1,0,83,84,111,50,20,0,780,15,0,1316,1331,,,,,,,,,,POINT (-71.86327182123799 45.096430944059435)
2021A00052444045,0,0,0,0,0,0,0,15,15,0,0,0,0,0,0,0,50,50,,,,,,,,,,POINT (-71.9667276294222 45.08231948841948)
2021A00052444050,0,0,0,0,0,0,0,6,6,0,0,0,0,0,0,0,20,20,,,,,,,,,,POINT (-72.05074745499832 45.08997761892269)
2021A00052444055,1,0,0,0,0,0,0,14,14,6,0,0,0,0,0,0,45,45,,,,,,,,,,POINT (-71.66959042095553 45.19929564680298)
2021A00052444060,0,0,0,0,0,0,0,2,2,0,0,0,0,0,0,0,6,6,,,,,,,,,,POINT (-71.69079668268556 45.276123898884734)
2021A00052444071,0,3,1,0,1,1,0,64,64,0,6,3,0,3,6,0,258,258,33.0,13.0,18.0,0.0,67.0,5.0,1.0,281.0,294.0,POINT (-71.82779594105305 45.235763859411584)
2021A00052444080,3,2,4,0,2,1,1,18,19,265,7,142,0,67,7,2,404,533,31.0,89.0,77.0,4.0,18.0,26.0,9.0,224.0,250.0,POINT (-71.87174983103789 45.30537517708035)
2021A00052445008,0,2,3,0,2,7,0,24,24,0,9,12,0,10,161,0,228,228,,,,,,,,,,POINT (-72.09981875108969 45.01394846618709)
2021A00052445020,0,1,1,0,0,2,0,5,5,0,2,2,0,0,18,0,30,30,,,,,,,,,,POINT (-72.15995943664826 45.047391042034945)
2021A00052445025,0,1,1,0,1,1,0,11,11,0,3,3,0,3,4,0,54,54,,,,,,,,,,POINT (-72.21883892872071 45.1174620245278)
2021A00052445030,0,1,0,0,1,1,0,8,8,0,7,0,0,3,7,0,27,27,,,,,,,,,,POINT (-72.38109825534968 45.07903014277213)
2021A00052445035,0,3,3,2,3,2,1,14,14,0,248,112,26,23,26,86,388,388,,,,,,,,,,POINT (-72.04734313235281 45.174497531264194)
2021A00052445043,0,0,0,0,0,0,0,6,6,0,0,0,0,0,0,0,18,18,,,,,,,,,,POINT (-71.95935907989467 45.19675900735423)
2021A00052445050,0,0,0,0,0,0,0,3,3,0,0,0,0,0,0,0,24,24,17.0,51.0,32.0,3.0,9.0,17.0,3.0,128.0,137.0,POINT (-71.9808971726963 45.27483821385439)
2021A00052445055,0,2,0,0,0,1,0,14,14,0,4,0,0,0,2,0,136,136,30.0,84.0,71.0,4.0,17.0,24.0,8.0,211.0,234.0,POINT (-71.94491896259622 45.302449818757346)
2021A00052445060,0,0,0,0,0,0,0,7,7,0,0,0,0,0,0,0,14,14,,,,,,,,,,POINT (-72.04983204826375 45.23275600010754)
2021A00052445072,5,28,14,2,12,8,0,75,76,14,261,239,11,100,89,0,934,937,11.0,410.0,264.0,26.0,103.0,92.0,63.0,1087.0,1090.0,POINT (-72.13860076025081 45.229845216147936)
2021A00052445080,0,1,0,0,0,0,0,1,1,0,2,0,0,0,0,0,2,2,,,,,,,,,,POINT (-72.26247536263743 45.16781589686513)
2021A00052445085,0,1,1,0,0,0,0,3,3,0,2,2,0,0,0,0,6,6,,,,,,,,,,POINT (-72.25130064559406 45.22545152878103)
2021A00052445093,0,1,1,0,2,0,0,4,4,0,15,15,0,22,0,0,34,34,,,,,,,,,,POINT (-72.30494938999222 45.33279650274822)
2021A00052445095,0,1,1,0,3,1,0,6,6,0,27,6,0,12,6,0,46,46,,,,,,,,,,POINT (-72.32579701971855 45.217875663959724)
2021A00052445100,0,1,0,0,0,0,0,2,2,0,3,0,0,0,0,0,5,5,,,,,,,,,,POINT (-72.36823326652244 45.25939857531039)
2021A00052445105,0,1,1,0,0,1,0,4,4,0,5,5,0,0,7,0,15,15,,,,,,,,,,POINT (-72.41123165964076 45.342801164296795)
2021A00052445115,0,2,1,0,1,0,0,5,5,0,13,4,0,5,0,0,25,25,14.0,80.0,79.0,3.0,38.0,35.0,1.0,270.0,286.0,POINT (-72.1764373470293 45.36912671887373)
2021A00052446005,0,0,0,0,0,0,0,1,1,0,0,0,0,0,0,0,11,11,,,,,,,,,,POINT (-72.6633291209862 45.03742393701546)
2021A00052446010,1,2,1,0,0,0,0,18,18,3,14,2,0,0,0,0,194,194,,,,,,,,,,POINT (-72.81019738320265 45.04657400926718)
2021A00052446017,0,0,0,0,1,0,0,20,20,0,0,0,0,32,0,0,126,126,,,,,,,,,,POINT (-73.00330869524795 45.04413472287611)
2021A00052446025,0,0,0,0,0,0,0,7,7,0,0,0,0,0,0,0,32,32,,,,,,,,,,POINT (-73.06824664724708 45.11234596859912)
2021A00052446030,0,0,0,0,0,0,0,7,7,0,0,0,0,0,0,0,19,19,,,,,,,,,,POINT (-73.02398664770494 45.11269090795816)
2021A00052446035,2,9,6,1,2,2,0,22,23,243,37,39,9,17,16,0,448,455,,,,,,,,,,POINT (-72.98555637191576 45.12158635191881)
2021A00052446040,0,0,1,0,0,2,0,9,9,0,0,3,0,0,30,0,199,199,,,,,,,,,,POINT (-72.96736318919412 45.109880059112626)
2021A00052446045,0,0,0,0,0,0,0,7,7,0,0,0,0,0,0,0,18,18,,,,,,,,,,POINT (-72.91595555014361 45.11385191715522)
2021A00052446050,1,1,0,0,1,0,0,34,34,8,6,0,0,15,0,0,285,285,,,,,,,,,,POINT (-72.78521060909122 45.14432618826305)
2021A00052446058,0,4,1,0,0,0,0,17,17,0,50,3,0,0,0,0,84,84,,,,,,,,,,POINT (-72.58813398303252 45.09732069915023)
2021A00052446065,0,0,0,0,1,0,0,3,3,0,0,0,0,3,0,0,6,6,,,,,,,,,,POINT (-72.43999654077679 45.238114559641254)
2021A00052446070,0,0,0,0,0,0,0,1,1,0,0,0,0,0,0,0,9,9,,,,,,,,,,POINT (-72.57156286366816 45.1868663597166)
2021A00052446075,0,2,0,0,2,0,0,17,17,0,489,0,0,35,0,0,631,631,,,,,,,,,,POINT (-72.56978797578755 45.23280253712537)
2021A00052446078,2,17,8,2,3,8,0,43,45,4,673,107,30,159,311,0,1044,1091,52.0,263.0,110.0,16.0,59.0,55.0,4.0,537.0,554.0,POINT (-72.69743376620228 45.30374452772498)
2021A00052446080,3,19,11,1,5,5,1,41,42,34,322,203,2,163,32,22,621,624,53.0,372.0,133.0,11.0,125.0,126.0,8.0,725.0,762.0,POINT (-72.78019100427917 45.209650412266136)
2021A00052446085,1,0,0,0,0,0,0,5,5,6,0,0,0,0,0,0,14,14,,,,,,,,,,POINT (-72.77309980085461 45.23499342125022)
2021A00052446090,0,0,0,0,1,0,0,10,10,0,0,0,0,3,0,0,28,28,,,,,,,,,,POINT (-72.82685007515342 45.2603485873025)
2021A00052446095,0,0,0,0,1,0,0,18,18,0,0,0,0,14,0,0,66,66,,,,,,,,,,POINT (-72.9255812758398 45.186052822541335)
2021A00052446100,0,1,1,1,0,1,0,10,10,0,2,2,2,0,2,0,36,36,,,,,,,,,,POINT (-73.03925738411851 45.17842446172551)
2021A00052446105,0,0,0,0,3,0,0,21,21,0,0,0,0,167,0,0,218,218,,,,,,,,,,POINT (-73.00694765965176 45.23820376273233)
2021A00052446112,3,8,4,2,7,1,1,40,40,39,111,65,80,101,21,22,391,391,,,,,,,,,,POINT (-72.95310432277367 45.27943524644982)
2021A00052447010,2,9,6,0,3,2,0,39,42,96,103,75,0,21,32,0,295,351,37.0,140.0,72.0,12.0,33.0,35.0,8.0,329.0,339.0,POINT (-72.82190029123603 45.321555262377416)
2021A00052447017,18,71,33,8,8,17,1,163,169,383,1543,863,148,241,247,22,2917,2982,436.0,1732.0,901.0,128.0,354.0,434.0,87.0,3417.0,3546.0,POINT (-72.7462962826611 45.403155725453345)
2021A00052447025,2,8,6,2,2,3,0,14,16,30,74,52,27,68,19,0,172,182,,,,,,,,,,POINT (-72.524922875639 45.33726286418226)
2021A00052447030,0,0,0,0,0,0,0,1,1,0,0,0,0,0,0,0,2,2,,,,,,,,,,POINT (-72.51605511988758 45.380839309704044)
2021A00052447035,1,1,1,0,1,0,0,11,11,1,9,22,0,3,0,0,65,65,,,,,,,,,,POINT (-72.60441013300154 45.36364161737324)
2021A00052447040,0,0,0,0,2,0,0,13,13,0,0,0,0,6,0,0,32,32,,,,,,,,,,POINT (-72.52568505081624 45.44996142323975)
2021A00052447047,0,3,3,0,2,1,0,26,27,0,9,10,0,29,3,0,129,132,41.0,144.0,84.0,12.0,28.0,24.0,7.0,401.0,408.0,POINT (-72.64297809802537 45.47712857561798)
2021A00052447055,2,3,4,1,1,1,0,20,20,12,14,19,2,6,2,0,114,114,,,,,,,,,,POINT (-72.75130574294045 45.491166356498226)
2021A00052448005,0,1,1,1,0,0,0,11,11,0,3,3,3,0,0,0,29,29,,,,,,,,,,POINT (-72.4258001053117 45.51003692351728)
2021A00052448010,1,2,3,1,1,2,1,20,20,2,7,28,5,3,9,21,199,199,,,,,,,,,,POINT (-72.52322986879372 45.5808998780825)
2021A00052448015,0,0,0,0,0,0,0,0,0,0,0,0,0,0,0,0,0,0,,,,,,,,,,POINT (-72.53195819708417 45.55434778211768)
2021A00052448020,0,1,1,0,1,0,0,15,15,0,2,2,0,3,0,0,45,45,,,,,,,,,,POINT (-72.42776523117186 45.60241235306898)
2021A00052448028,4,8,3,0,2,1,1,37,37,121,133,33,0,49,3,21,439,439,,,,,,,,,,POINT (-72.57365834327663 45.640416880669534)
2021A00052448038,0,3,0,0,0,2,0,40,40,0,74,0,0,0,8,0,220,220,,,,,,,,,,POINT (-72.68039875212183 45.65454340621253)
2021A00052448045,0,0,0,0,0,0,0,17,17,0,0,0,0,0,0,0,64,64,,,,,,,,,,POINT (-72.57176441178694 45.69039783017336)
2021A00052448050,0,1,1,0,0,0,0,13,13,0,7,7,0,0,0,0,36,36,,,,,,,,,,POINT (-72.62461428995844 45.748012589508434)
2021A00052449005,0,0,1,0,1,1,0,19,19,0,0,33,0,54,33,0,139,139,,,,,,,,,,POINT (-72.19685505869339 45.78480517092611)
2021A00052449015,0,0,0,0,1,0,0,10,10,0,0,0,0,3,0,0,26,26,,,,,,,,,,POINT (-72.33454014848591 45.64637257366348)
2021A00052449020,1,2,2,0,1,0,0,16,16,5,7,7,0,14,0,0,50,50,18.0,26.0,19.0,1.0,20.0,6.0,3.0,123.0,127.0,POINT (-72.41423199878125 45.71287948857832)
2021A00052449025,0,1,1,1,0,1,0,10,10,0,2,2,2,0,2,0,34,34,4.0,9.0,29.0,2.0,46.0,26.0,0.0,127.0,127.0,POINT (-72.3022015175679 45.758718896619236)
2021A00052449030,0,1,0,0,0,1,0,7,7,0,2,0,0,0,2,0,72,72,48.0,89.0,54.0,5.0,14.0,19.0,9.0,229.0,237.0,POINT (-72.29259784120235 45.86776085746021)
2021A00052449040,3,5,7,0,3,2,1,34,36,78,117,131,0,146,38,9,364,404,60.0,111.0,64.0,5.0,18.0,19.0,11.0,289.0,300.0,POINT (-72.50156006710276 45.764251053240464)
2021A00052449048,6,14,8,1,5,4,1,43,46,240,606,169,5,114,37,58,1175,1207,115.0,208.0,117.0,10.0,35.0,33.0,20.0,474.0,493.0,POINT (-72.5949732100132 45.82952143798296)
2021A00052449058,24,83,42,7,15,17,3,193,198,1581,2638,1640,139,246,431,292,5081,5321,1432.0,2532.0,1468.0,108.0,383.0,390.0,278.0,5023.0,5254.0,POINT (-72.5044619815248 45.89986831826021)
2021A00052449070,1,7,4,1,2,2,1,30,30,6,34,31,2,17,20,21,132,132,109.0,193.0,116.0,11.0,21.0,36.0,20.0,443.0,460.0,POINT (-72.40776494957741 45.92360805038607)
2021A00052449075,1,3,0,0,0,0,0,11,11,3,40,0,0,0,0,0,99,99,33.0,69.0,45.0,1.0,4.0,16.0,3.0,140.0,146.0,POINT (-72.34881207605935 46.00349266558934)
2021A00052449080,0,1,1,0,0,0,0,9,9,0,5,5,0,0,0,0,163,163,17.0,41.0,24.0,1.0,3.0,11.0,2.0,87.0,90.0,POINT (-72.39480693011576 46.0051436468353)
2021A00052449085,1,1,1,0,0,1,0,22,22,10,10,10,0,0,3,0,80,80,,,,,,,,,,POINT (-72.51694977025412 46.04455841139966)
2021A00052449095,2,7,3,1,0,1,0,13,13,44,63,40,5,0,5,0,75,75,34.0,65.0,36.0,4.0,11.0,13.0,5.0,173.0,178.0,POINT (-72.58985087691543 45.92940115709219)
2021A00052449100,0,1,1,1,0,1,0,8,8,0,2,2,2,0,2,0,21,21,15.0,36.0,14.0,1.0,10.0,6.0,3.0,99.0,101.0,POINT (-72.67517985837092 45.87555727962122)
2021A00052449105,0,2,1,0,3,0,0,12,12,0,7,2,0,62,0,0,252,252,,,,,,,,,,POINT (-72.7102035353662 45.80877001621872)
2021A00052449113,1,2,1,0,0,0,0,14,14,5,9,5,0,0,0,0,42,42,,,,,,,,,,POINT (-72.76874086382404 45.8787893737933)
2021A00052449125,0,1,1,0,1,1,0,20,20,0,11,11,0,7,56,0,126,126,14.0,28.0,18.0,3.0,4.0,18.0,0.0,105.0,105.0,POINT (-72.6707656061437 45.959008052219865)
2021A00052449130,0,1,0,0,0,0,0,8,8,0,1,0,0,0,0,0,20,20,,,,,,,,,,POINT (-72.7564523719498 45.99083624474581)
2021A00052450005,0,6,3,2,0,2,0,12,13,0,44,7,4,0,4,0,54,57,,,,,,,,,,POINT (-72.24888228945044 46.11096574304386)
2021A00052450013,0,1,1,1,0,1,0,4,4,0,2,2,2,0,2,0,14,14,,,,,,,,,,POINT (-72.23187482737526 46.16426737211716)
2021A00052450023,0,1,0,0,0,0,0,18,18,0,48,0,0,0,0,0,118,118,,,,,,,,,,POINT (-72.32740626792794 46.17040904960573)
2021A00052450030,0,2,1,0,2,0,0,4,4,0,102,73,0,14,0,0,116,116,,,,,,,,,,POINT (-72.43545487255346 46.21538779874136)
2021A00052450035,0,0,0,0,2,0,0,15,15,0,0,0,0,14,0,0,51,51,,,,,,,,,,POINT (-72.39429375252804 46.2015043885142)
2021A00052450042,1,6,3,0,0,4,0,22,24,252,434,294,0,0,71,0,552,594,,,,,,,,,,POINT (-72.3864181182472 46.101786111319264)
2021A00052450050,0,1,0,0,0,1,0,26,26,0,2,0,0,0,2,0,68,68,,,,,,,,,,POINT (-72.45100843213342 46.07407229365871)
2021A00052450057,1,2,2,0,0,0,0,13,13,10,35,35,0,0,0,0,66,66,,,,,,,,,,POINT (-72.50807851252141 46.145000046430134)
2021A00052450065,0,1,2,1,0,1,0,7,8,0,9,16,9,0,9,0,36,43,,,,,,,,,,POINT (-72.48396573138027 46.174226980205866)
2021A00052450072,2,6,1,0,1,1,0,34,34,52,76,49,0,70,2,0,347,347,,,,,,,,,,POINT (-72.60312339719843 46.20932499030399)
2021A00052450085,0,0,0,0,0,0,0,13,13,0,0,0,0,0,0,0,36,36,,,,,,,,,,POINT (-72.6246611114722 46.115842413723016)
2021A00052450090,0,0,0,0,1,0,0,28,28,0,0,0,0,11,0,0,103,103,,,,,,,,,,POINT (-72.60237364255983 46.05896785188408)
2021A00052450095,0,0,0,0,0,0,0,12,12,0,0,0,0,0,0,0,50,50,,,,,,,,,,POINT (-72.69948149527937 46.05982632558547)
2021A00052450100,0,0,0,0,0,1,0,30,30,0,0,0,0,0,6,0,135,135,,,,,,,,,,POINT (-72.70895828834965 46.1399329554769)
2021A00052450113,2,2,2,1,1,1,1,15,15,76,11,11,9,3,9,35,116,116,,,,,,,,,,POINT (-72.82306135211739 46.09547060798566)
2021A00052450128,1,1,1,0,2,1,1,9,9,115,2,2,0,17,12,115,155,155,,,,,,,,,,POINT (-72.84142684986827 46.05899724501009)
2021A00052450802,0,0,0,0,0,0,0,0,0,0,0,0,0,0,0,0,0,0,,,,,,,,,,POINT (-72.81788693376309 46.077713175006814)
2021A00052451008,0,1,0,0,1,0,0,17,17,0,12,0,0,33,0,0,76,76,,,,,,,,,,POINT (-73.04393280739983 46.20892512170113)
2021A00052451015,3,14,9,0,7,3,1,45,49,14,593,238,0,184,33,2,987,1026,,,,,,,,,,POINT (-72.95376286033802 46.25450708361511)
2021A00052451020,1,2,4,0,1,2,0,23,25,3,334,347,0,6,339,0,63,402,5.0,174.0,99.0,0.0,38.0,61.0,1.0,235.0,298.0,POINT (-72.82983034825119 46.309697994611454)
2021A00052451025,0,1,1,0,0,1,0,8,9,0,120,7,0,0,7,0,158,165,,,,,,,,,,POINT (-72.8806896079266 46.40900720424178)
2021A00052451030,0,0,0,0,0,0,0,7,7,0,0,0,0,0,0,0,42,42,,,,,,,,,,POINT (-72.89982398304086 46.36128570653227)
2021A00052451035,0,0,0,0,0,0,0,15,15,0,0,0,0,0,0,0,53,53,,,,,,,,,,POINT (-72.97259314068272 46.33883535169328)
2021A00052451040,0,0,0,0,0,0,0,14,14,0,0,0,0,0,0,0,55,55,,,,,,,,,,POINT (-73.05164502777706 46.319680561522965)
2021A00052451045,0,0,0,0,0,0,0,11,11,0,0,0,0,0,0,0,25,25,,,,,,,,,,POINT (-73.13225509989599 46.26663583588907)
2021A00052451050,0,0,0,0,0,0,0,1,1,0,0,0,0,0,0,0,3,3,,,,,,,,,,POINT (-73.1541586912258 46.327236257533094)
2021A00052451055,0,1,1,0,0,0,0,6,6,0,4,4,0,0,0,0,74,74,,,,,,,,,,POINT (-73.06913544890784 46.3737245825792)
2021A00052451060,0,0,1,0,1,0,0,10,10,0,0,26,0,26,0,0,64,64,,,,,,,,,,POINT (-73.02685446472486 46.43290059905525)
2021A00052451065,0,1,0,0,1,0,0,7,7,0,20,0,0,11,0,0,50,50,,,,,,,,,,POINT (-73.2310467264661 46.634373980769084)
2021A00052451070,0,1,1,0,0,0,0,1,1,0,4,4,0,0,0,0,4,4,,,,,,,,,,POINT (-72.94936394775854 46.63605085304842)
2021A00052451075,0,2,1,0,1,0,0,6,6,0,8,7,0,7,0,0,26,26,,,,,,,,,,POINT (-72.9963808614886 46.521598878927335)
2021A00052451080,0,0,0,0,0,1,0,2,2,0,0,0,0,0,4,0,6,6,,,,,,,,,,POINT (-72.94380891730304 46.43959569607152)
2021A00052451085,4,2,1,0,1,0,0,20,20,12,5,2,0,14,0,0,195,195,,,,,,,,,,POINT (-72.84576157948253 46.525911717325464)
2021A00052451090,0,3,1,0,1,0,0,12,12,0,16,11,0,33,0,0,76,76,,,,,,,,,,POINT (-72.77607584451872 46.42876782357957)
2021A00052452007,0,2,1,0,4,1,0,26,26,0,36,3,0,65,3,0,306,306,110.0,105.0,210.0,4.0,48.0,127.0,5.0,545.0,575.0,POINT (-73.32298045470283 45.90626552168647)
2021A00052452017,3,5,7,0,0,3,0,23,25,67,148,339,0,0,216,0,256,439,,,,,,,,,,POINT (-73.25553887473559 45.98133817817107)
2021A00052452030,0,1,1,0,0,1,0,23,23,0,5,5,0,0,12,0,73,73,,,,,,,,,,POINT (-73.35031722660594 46.11160813799618)
2021A00052452035,2,12,7,1,4,2,0,35,35,34,168,94,5,87,11,0,561,561,,,,,,,,,,POINT (-73.18971550553735 46.081610338479386)
2021A00052452040,0,0,0,0,0,0,0,0,0,0,0,0,0,0,0,0,0,0,,,,,,,,,,POINT (-73.24562897645231 46.09536215551872)
2021A00052452045,0,0,0,0,1,0,0,4,4,0,0,0,0,26,0,0,33,33,,,,,,,,,,POINT (-73.10463792538965 46.08572382070668)
2021A00052452050,0,0,0,0,0,0,0,5,5,0,0,0,0,0,0,0,9,9,,,,,,,,,,POINT (-73.11105845491952 46.107415531998704)
2021A00052452055,0,0,0,0,1,0,0,16,16,0,0,0,0,7,0,0,48,48,,,,,,,,,,POINT (-73.16870398891864 46.218164052159885)
2021A00052452062,0,0,0,0,0,0,0,29,29,0,0,0,0,0,0,0,235,235,,,,,,,,,,POINT (-73.23555555223679 46.19227548485221)
2021A00052452070,1,1,0,0,0,0,0,9,9,2,2,0,0,0,0,0,32,32,,,,,,,,,,POINT (-73.3395657246118 46.19884458691412)
2021A00052452075,0,0,0,0,0,0,0,4,4,0,0,0,0,0,0,0,9,9,,,,,,,,,,POINT (-73.40370352455464 46.230246860133896)
2021A00052452080,0,0,0,0,0,0,0,0,0,0,0,0,0,0,0,0,0,0,,,,,,,,,,POINT (-73.38331152362142 46.31142792946255)
2021A00052452085,3,3,3,1,3,2,1,29,29,50,110,83,44,16,46,12,295,295,,,,,,,,,,POINT (-73.37878225810027 46.279209014715036)
2021A00052452090,0,0,0,0,0,0,0,5,5,0,0,0,0,0,0,0,11,11,,,,,,,,,,POINT (-73.23502404975835 46.360904010510836)
2021A00052452095,0,0,0,0,0,0,0,3,3,0,0,0,0,0,0,0,9,9,,,,,,,,,,POINT (-73.3838492428906 46.44868744023474)
2021A00052453005,0,1,1,1,0,1,0,19,19,0,2,2,2,0,2,0,56,56,,,,,,,,,,POINT (-72.84461078943426 45.933721941687786)
2021A00052453010,0,0,0,0,0,1,0,6,6,0,0,0,0,0,3,0,30,30,,,,,,,,,,POINT (-72.93275572875001 45.9091187938606)
2021A00052453015,0,0,0,0,0,0,0,9,9,0,0,0,0,0,0,0,24,24,,,,,,,,,,POINT (-72.9473068629222 45.92058422406565)
2021A00052453020,0,1,0,0,2,1,0,13,13,0,8,0,0,6,12,0,44,44,,,,,,,,,,POINT (-72.99938422321496 45.96510127041578)
2021A00052453025,0,0,0,0,1,0,0,8,8,0,0,0,0,7,0,0,23,23,10.0,34.0,83.0,3.0,16.0,82.0,3.0,154.0,181.0,POINT (-73.08407305622511 45.95311170756823)
2021A00052453032,0,1,2,0,0,1,0,13,14,0,15,106,0,0,15,0,127,142,,,,,,,,,,POINT (-73.11362352868241 45.88096402409511)
2021A00052453040,0,1,0,0,0,0,0,5,5,0,5,0,0,0,0,0,37,37,,,,,,,,,,POINT (-73.16983650246357 45.90150257031516)
2021A00052453050,0,1,2,0,0,2,0,1,2,0,34,346,0,0,346,0,312,346,9.0,24.0,37.0,2.0,15.0,36.0,2.0,102.0,113.0,POINT (-73.12968671827538 46.044230707086825)
2021A00052453052,2,10,7,2,3,8,1,34,37,28,87,134,30,119,352,27,666,751,92.0,326.0,710.0,25.0,174.0,662.0,20.0,1301.0,1520.0,POINT (-73.12691928899527 46.00478532574739)
2021A00052453065,0,0,0,0,0,0,0,2,2,0,0,0,0,0,0,0,2,2,18.0,31.0,52.0,3.0,28.0,63.0,13.0,173.0,183.0,POINT (-73.0077192714006 46.05930985786882)
2021A00052453072,0,2,2,1,0,1,0,10,10,0,4,4,2,0,2,0,23,23,,,,,,,,,,POINT (-72.94817061579934 46.03872754539079)
2021A00052453085,0,0,0,0,0,0,0,7,7,0,0,0,0,0,0,0,23,23,,,,,,,,,,POINT (-72.83413088464518 46.00043096183575)
2021A00052454008,1,13,5,3,6,5,0,57,57,55,502,86,69,175,75,0,777,777,,,,,,,,,,POINT (-72.88181489792683 45.50691554281802)
2021A00052454017,0,4,1,0,3,2,0,37,37,0,319,4,0,302,15,0,637,637,,,,,,,,,,POINT (-73.01155782514917 45.517053548063814)
2021A00052454025,1,2,1,0,3,1,0,28,28,1,8,14,0,13,14,0,108,108,,,,,,,,,,POINT (-73.09716236982096 45.59465208063527)
2021A00052454030,0,0,0,0,0,0,0,0,0,0,0,0,0,0,0,0,0,0,,,,,,,,,,POINT (-73.053302683222 45.576044451287416)
2021A00052454035,0,0,0,0,0,0,0,25,25,0,0,0,0,0,0,0,188,188,,,,,,,,,,POINT (-73.06588348032969 45.68593500272269)
2021A00052454048,11,45,34,3,17,13,1,173,180,305,1245,837,111,175,290,46,3055,3351,200.0,1114.0,529.0,95.0,393.0,227.0,25.0,2356.0,2531.0,POINT (-72.93547351101356 45.63553635338933)
2021A00052454060,0,2,3,0,1,1,0,29,30,0,4,39,0,70,35,0,197,232,20.0,77.0,45.0,7.0,20.0,18.0,4.0,248.0,260.0,POINT (-72.83039938862072 45.58552699794635)
2021A00052454065,2,5,5,2,3,2,1,42,42,3,45,57,10,13,10,43,182,182,,,,,,,,,,POINT (-72.70164476400817 45.565234020566436)
2021A00052454072,1,2,1,0,1,0,0,20,20,1,12,11,0,11,0,0,73,73,,,,,,,,,,POINT (-72.77175496829496 45.65373999358548)
2021A00052454090,0,2,1,0,0,0,0,17,17,0,5,3,0,0,0,0,51,51,,,,,,,,,,POINT (-72.8412222126437 45.717191640708634)
2021A00052454095,1,2,2,0,0,1,0,20,21,2,17,17,0,0,15,0,45,60,,,,,,,,,,POINT (-72.74264822726927 45.72817958103738)
2021A00052454100,0,2,2,0,0,1,0,21,22,0,5,5,0,0,3,0,49,52,,,,,,,,,,POINT (-72.8279780193807 45.79460327594018)
2021A00052454105,1,2,2,0,1,0,0,18,18,10,12,12,0,3,0,0,68,68,,,,,,,,,,POINT (-72.9268148650698 45.74270166181193)
2021A00052454110,0,0,1,0,0,2,0,14,14,0,0,5,0,0,11,0,40,40,,,,,,,,,,POINT (-72.99570083649051 45.78570692312795)
2021A00052454115,0,0,0,0,2,0,0,9,9,0,0,0,0,6,0,0,27,27,,,,,,,,,,POINT (-73.07041181917766 45.825016036201546)
2021A00052454120,0,1,0,0,0,0,0,9,9,0,14,0,0,0,0,0,38,38,,,,,,,,,,POINT (-72.98084440714359 45.851827801226754)
2021A00052454125,0,0,0,0,0,0,0,9,9,0,0,0,0,0,0,0,30,30,,,,,,,,,,POINT (-72.8961875103896 45.8564804817647)
2021A00052455008,1,1,3,0,1,0,0,42,42,6,6,37,0,26,0,0,263,263,,,,,,,,,,POINT (-72.9180769423876 45.336000100522334)
2021A00052455015,1,2,4,0,2,1,2,40,41,91,5,105,0,9,3,96,397,400,32.0,111.0,57.0,8.0,30.0,19.0,5.0,322.0,333.0,POINT (-72.89598928119844 45.43926574633099)
2021A00052455023,3,5,4,1,0,1,0,35,37,26,218,175,2,0,35,0,524,562,,,,,,,,,,POINT (-72.98318138290591 45.40628345932223)
2021A00052455030,0,1,0,0,0,0,0,13,13,0,1,0,0,0,0,0,42,42,,,,,,,,,,POINT (-73.0867412095977 45.39371983172266)
2021A00052455037,0,3,1,0,1,1,0,26,27,0,227,72,0,3,72,0,381,453,,,,,,,,,,POINT (-73.05713689458503 45.45379843667334)
2021A00052455048,4,12,12,4,2,3,2,36,36,32,519,730,339,6,350,19,1026,1026,,,,,,,,,,POINT (-73.15657159849066 45.428015589280605)
2021A00052455057,0,3,2,0,3,0,0,11,12,0,356,341,0,88,0,0,104,443,41.0,153.0,111.0,19.0,31.0,47.0,9.0,306.0,334.0,POINT (-73.222765277181 45.40563810134703)
2021A00052455065,2,1,2,0,1,0,1,11,11,97,6,97,0,7,0,91,145,145,47.0,126.0,91.0,13.0,18.0,36.0,15.0,245.0,274.0,POINT (-73.21500847857577 45.48460313318684)
2021A00052456005,0,0,0,0,0,0,0,2,2,0,0,0,0,0,0,0,7,7,,,,,,,,,,POINT (-73.16215104571745 45.08113227890851)
2021A00052456010,0,0,0,0,0,0,0,7,7,0,0,0,0,0,0,0,28,28,,,,,,,,,,POINT (-73.21622804579482 45.053473784755894)
2021A00052456015,0,1,0,0,0,0,0,8,8,0,4,0,0,0,0,0,31,31,,,,,,,,,,POINT (-73.29414914544085 45.05292079632542)
2021A00052456023,2,3,3,0,1,0,0,13,13,133,148,148,0,15,0,0,170,170,,,,,,,,,,POINT (-73.36392025434702 45.066894684855285)
2021A00052456030,0,0,0,0,0,0,0,10,10,0,0,0,0,0,0,0,42,42,,,,,,,,,,POINT (-73.33541879128343 45.13106323619178)
2021A00052456035,0,0,0,0,1,0,0,7,7,0,0,0,0,3,0,0,27,27,,,,,,,,,,POINT (-73.2945899031367 45.12449256429171)
2021A00052456042,0,0,0,0,0,2,0,20,20,0,0,0,0,0,15,0,99,99,,,,,,,,,,POINT (-73.2125940933821 45.144560453946355)
2021A00052456050,0,0,0,0,0,0,0,12,12,0,0,0,0,0,0,0,32,32,,,,,,,,,,POINT (-73.13344069636092 45.1479548069906)
2021A00052456055,0,0,1,1,0,0,0,30,30,0,0,10,10,0,0,0,103,103,,,,,,,,,,POINT (-73.1196983754947 45.23009746360691)
2021A00052456060,1,2,1,0,1,0,0,13,13,2,9,2,0,7,0,0,42,42,,,,,,,,,,POINT (-73.21212080433153 45.21092510499772)
2021A00052456065,0,0,0,0,0,1,0,17,17,0,0,0,0,0,12,0,72,72,,,,,,,,,,POINT (-73.31275101314704 45.21474182984711)
2021A00052456083,17,49,31,5,19,16,2,166,171,625,2110,1351,133,577,422,80,3685,3877,492.0,2068.0,1342.0,104.0,483.0,488.0,57.0,3269.0,3727.0,POINT (-73.28773312095895 45.31520868533394)
2021A00052456097,0,2,1,0,1,1,0,24,24,0,9,2,0,3,12,0,264,264,,,,,,,,,,POINT (-73.14701356302619 45.32567598891976)
2021A00052456105,0,0,1,0,1,1,0,18,19,0,0,3,0,3,3,0,65,68,,,,,,,,,,POINT (-73.06967488118846 45.31777548274559)
2021A00052457005,4,27,14,2,7,11,0,48,53,44,559,237,6,76,255,0,738,877,216.0,733.0,464.0,46.0,97.0,179.0,28.0,1102.0,1236.0,POINT (-73.28737700940333 45.42957853839103)
2021A00052457010,4,6,4,0,1,0,0,16,17,74,36,26,0,6,0,0,116,131,93.0,298.0,187.0,19.0,39.0,77.0,11.0,510.0,562.0,POINT (-73.33394216478013 45.44959621660427)
2021A00052457020,1,4,2,0,1,0,0,19,19,1,8,5,0,3,0,0,49,49,130.0,382.0,222.0,24.0,43.0,93.0,23.0,614.0,687.0,POINT (-73.27161515808163 45.525501415411235)
2021A00052457025,0,2,1,0,0,0,0,3,3,0,5,2,0,0,0,0,8,8,57.0,139.0,98.0,14.0,23.0,37.0,16.0,266.0,290.0,POINT (-73.23346354358146 45.54683009464507)
2021A00052457030,0,1,0,0,1,1,0,4,4,0,3,0,0,3,7,0,16,16,83.0,225.0,165.0,21.0,40.0,56.0,25.0,381.0,435.0,POINT (-73.21111455095382 45.53859134491248)
2021A00052457033,0,3,1,1,0,1,0,20,20,0,36,21,21,0,21,0,217,217,,,,,,,,,,POINT (-73.117665908599 45.51291482046464)
2021A00052457035,1,10,8,0,3,1,0,25,26,2,108,48,0,39,7,0,237,244,140.0,321.0,190.0,7.0,87.0,48.0,46.0,560.0,620.0,POINT (-73.16289727140683 45.563005918534444)
2021A00052457040,9,15,7,0,4,2,4,34,37,443,276,151,0,16,75,348,837,917,239.0,496.0,321.0,12.0,100.0,78.0,80.0,806.0,909.0,POINT (-73.2112441727135 45.58732115434246)
2021A00052457045,3,14,11,0,3,4,0,32,33,6,153,170,0,115,45,0,399,433,41.0,99.0,53.0,5.0,14.0,28.0,7.0,204.0,218.0,POINT (-73.25732959837262 45.60517244545032)
2021A00052457050,0,0,0,0,2,0,0,12,12,0,0,0,0,5,0,0,48,48,,,,,,,,,,POINT (-73.23264362464847 45.691025468784574)
2021A00052457057,0,2,2,1,0,1,0,16,16,0,5,5,2,0,2,0,54,54,,,,,,,,,,POINT (-73.147068019797 45.655142946058824)
2021A00052457068,0,3,1,0,0,0,0,16,16,0,79,2,0,0,0,0,114,114,,,,,,,,,,POINT (-73.12109562634807 45.756401215338244)
2021A00052457075,1,1,0,0,0,0,0,10,10,5,5,0,0,0,0,0,45,45,,,,,,,,,,POINT (-73.20136454239731 45.79818661295595)
2021A00052458007,8,27,10,0,4,11,2,52,56,179,383,115,0,88,53,14,583,610,340.0,1213.0,711.0,42.0,203.0,341.0,29.0,2035.0,2312.0,POINT (-73.44240049244995 45.44958715550022)
2021A00052458012,2,5,3,0,0,1,1,11,12,14,48,46,0,0,6,10,144,178,71.0,221.0,101.0,8.0,32.0,56.0,5.0,476.0,506.0,POINT (-73.50817801573568 45.49678671550479)
2021A00052458033,20,81,33,6,14,17,1,133,138,904,2553,1102,163,309,611,22,3669,3968,231.0,827.0,430.0,31.0,81.0,252.0,17.0,1210.0,1352.0,POINT (-73.40862832633982 45.59481500929724)
2021A00052458037,9,25,13,1,4,6,0,45,50,590,1337,881,21,182,201,0,1651,1901,182.0,510.0,265.0,15.0,62.0,116.0,31.0,804.0,894.0,POINT (-73.34327385663386 45.52773057856826)
2021A00052458227,30,118,61,6,14,36,4,224,241,1037,3926,2000,62,169,905,127,5291,6027,1474.0,4756.0,2408.0,143.0,530.0,1023.0,99.0,6405.0,7255.0,POINT (-73.45431400122499 45.515043854951216)
2021A00052459010,8,28,17,4,4,5,1,42,46,193,858,436,23,187,65,21,757,985,258.0,781.0,396.0,24.0,82.0,206.0,41.0,1157.0,1293.0,POINT (-73.32843815719103 45.60349737550757)
2021A00052459015,3,4,3,0,0,1,1,19,19,20,27,12,0,0,4,5,91,91,142.0,410.0,193.0,19.0,58.0,123.0,33.0,657.0,722.0,POINT (-73.30394704413905 45.658767188749174)
2021A00052459020,3,21,12,2,2,16,0,46,51,57,828,317,41,6,690,0,1267,1419,128.0,564.0,314.0,61.0,88.0,237.0,14.0,885.0,968.0,POINT (-73.38808905538352 45.678508919731854)
2021A00052459025,3,7,3,0,2,0,0,25,25,10,55,10,0,21,0,0,115,115,28.0,153.0,151.0,29.0,45.0,134.0,8.0,350.0,368.0,POINT (-73.34234539304511 45.7546204028981)
2021A00052459030,0,1,1,0,0,1,0,5,6,0,3,3,0,0,3,0,8,11,,,,,,,,,,POINT (-73.26711989892651 45.749222841282524)
2021A00052459035,2,4,5,0,0,7,0,16,16,6,23,615,0,0,643,0,694,694,,,,,,,,,,POINT (-73.21081586887325 45.878409215741)
2021A00052460005,0,1,1,0,0,1,0,0,1,0,15,15,0,0,15,0,0,15,14.0,115.0,78.0,19.0,18.0,81.0,4.0,228.0,245.0,POINT (-73.49009368750285 45.72501448081521)
2021A00052460013,2,31,26,6,12,8,1,78,81,97,682,769,351,289,416,91,1069,1116,147.0,1166.0,851.0,231.0,419.0,709.0,55.0,2099.0,2278.0,POINT (-73.47723479734276 45.76296262913565)
2021A00052460020,0,3,1,0,1,2,0,12,13,0,14,7,0,3,11,0,32,39,16.0,64.0,77.0,16.0,30.0,50.0,4.0,195.0,199.0,POINT (-73.37529795216619 45.82820260866837)
2021A00052460028,6,16,13,2,9,3,0,57,58,79,224,217,7,221,14,0,540,547,54.0,324.0,304.0,98.0,201.0,145.0,25.0,841.0,875.0,POINT (-73.41899805329481 45.85166366127161)
2021A00052460037,1,2,2,0,0,1,0,21,22,1,5,5,0,0,3,0,120,123,30.0,159.0,141.0,38.0,81.0,62.0,11.0,420.0,439.0,POINT (-73.50744952420847 45.844839115605104)
2021A00052461005,0,3,4,0,2,0,0,19,19,0,27,10,0,6,0,0,80,80,80.0,99.0,103.0,5.0,38.0,31.0,7.0,369.0,391.0,POINT (-73.40209252609199 45.954927435705244)
2021A00052461013,0,0,0,0,0,0,0,3,3,0,0,0,0,0,0,0,529,529,,,,,,,,,,POINT (-73.48398517537618 45.97636493684803)
2021A00052461020,0,0,1,0,0,1,0,4,5,0,0,15,0,0,15,0,18,33,,,,,,,,,,POINT (-73.48070517514124 46.01344147498743)
2021A00052461025,7,13,13,1,5,2,1,44,45,642,195,211,10,39,21,35,1235,1242,181.0,187.0,203.0,9.0,52.0,78.0,13.0,742.0,797.0,POINT (-73.43783607763908 46.01775590165473)
2021A00052461027,1,2,6,0,2,1,0,22,24,10,13,118,0,6,7,0,181,191,,,,,,,,,,POINT (-73.34716090006746 46.01897762117617)
2021A00052461030,0,3,3,1,2,1,1,10,10,0,27,26,21,6,21,2,54,54,103.0,85.0,85.0,6.0,28.0,21.0,7.0,388.0,401.0,POINT (-73.41467764391089 46.049357310973235)
2021A00052461035,1,3,3,0,1,1,0,6,8,3,9,9,0,35,3,0,70,76,101.0,92.0,81.0,6.0,31.0,17.0,9.0,428.0,435.0,POINT (-73.4670248830642 46.04092563735894)
2021A00052461040,0,1,0,0,2,0,0,24,24,0,3,0,0,42,0,0,121,121,,,,,,,,,,POINT (-73.56614270949382 46.07789269975477)
2021A00052461045,0,4,4,2,1,3,0,8,8,0,7,12,4,6,6,0,17,17,,,,,,,,,,POINT (-73.44379030097488 46.09493066511102)
2021A00052461050,0,2,1,0,3,0,0,20,20,0,6,26,0,47,0,0,108,108,,,,,,,,,,POINT (-73.51965820304014 46.14308365430729)
2021A00052462007,4,8,7,0,2,1,1,47,49,61,138,124,0,10,35,2,256,306,,,,,,,,,,POINT (-73.42444764235418 46.16809442970304)
2021A00052462015,0,1,1,0,4,0,0,16,16,0,2,3,0,16,0,0,52,52,,,,,,,,,,POINT (-73.54253881173338 46.25752745302788)
2021A00052462020,0,0,0,0,0,0,0,3,3,0,0,0,0,0,0,0,15,15,,,,,,,,,,POINT (-73.63260952723489 46.21295430835071)
2021A00052462025,0,1,1,0,2,0,0,5,5,0,3,3,0,6,0,0,12,12,,,,,,,,,,POINT (-73.71514697218666 46.177104204360504)
2021A00052462030,0,1,0,0,1,0,0,4,4,0,3,0,0,3,0,0,12,12,,,,,,,,,,POINT (-73.62261146561238 46.11620616266682)
2021A00052462037,0,7,2,1,3,1,0,34,35,0,48,36,21,13,21,0,118,133,,,,,,,,,,POINT (-73.72776332740662 46.0551878711974)
2021A00052462047,0,0,0,0,2,0,0,4,4,0,0,0,0,71,0,0,73,73,,,,,,,,,,POINT (-73.88520559047905 46.10554796140197)
2021A00052462053,0,0,0,0,0,0,0,1,1,0,0,0,0,0,0,0,1,1,,,,,,,,,,POINT (-74.00693769615528 46.12759665210081)
2021A00052462055,0,1,0,0,0,0,0,3,3,0,2,0,0,0,0,0,5,5,,,,,,,,,,POINT (-74.03404854121852 46.247528137450686)
2021A00052462060,0,0,0,0,1,0,0,4,4,0,0,0,0,3,0,0,61,61,,,,,,,,,,POINT (-74.2251085225865 46.324621389730204)
2021A00052462065,0,1,1,0,2,0,0,7,7,0,2,2,0,5,0,0,61,61,,,,,,,,,,POINT (-73.80022751999466 46.26893044281039)
2021A00052462070,0,1,1,0,2,1,0,4,5,0,3,3,0,35,3,0,38,41,,,,,,,,,,POINT (-73.69016023588203 46.338562628581975)
2021A00052462075,0,1,1,0,1,0,0,8,8,0,4,2,0,3,0,0,27,27,,,,,,,,,,POINT (-73.53351856989127 46.387870233202314)
2021A00052462080,0,0,0,0,2,0,0,2,2,0,0,0,0,6,0,0,6,6,,,,,,,,,,POINT (-73.72899572550605 46.54200594995897)
2021A00052462085,0,2,1,0,1,0,0,5,5,0,4,3,0,136,0,0,144,144,,,,,,,,,,POINT (-73.93336424712032 46.700049646843574)
2021A00052462802,0,0,0,0,0,0,0,0,0,0,0,0,0,0,0,0,0,0,,,,,,,,,,POINT (-74.38491007106788 47.20783453174382)
2021A00052462902,0,0,0,0,0,0,0,0,0,0,0,0,0,0,0,0,0,0,,,,,,,,,,POINT (-73.50771375315026 46.85606535952561)
2021A00052462904,0,0,0,0,0,0,0,0,0,0,0,0,0,0,0,0,0,0,,,,,,,,,,POINT (-73.78759682457179 47.041023555887215)
2021A00052462906,0,0,0,0,0,0,0,0,0,0,0,0,0,0,0,0,0,0,,,,,,,,,,POINT (-73.85795389586134 46.8920370486668)
2021A00052462908,0,0,0,0,0,0,0,0,0,0,0,0,0,0,0,0,0,0,,,,,,,,,,POINT (-74.27648008240078 46.89938267187906)
2021A00052462910,0,0,0,0,0,0,0,0,0,0,0,0,0,0,0,0,0,0,,,,,,,,,,POINT (-74.33989417876661 46.68229302056195)
2021A00052462912,0,0,0,0,0,0,0,0,0,0,0,0,0,0,0,0,0,0,,,,,,,,,,POINT (-73.92198532773637 46.46416314201439)
2021A00052462914,0,0,0,0,0,0,0,0,0,0,0,0,0,0,0,0,0,0,,,,,,,,,,POINT (-74.3394386028781 46.44823655541878)
2021A00052462916,0,0,0,0,0,0,0,0,0,0,0,0,0,0,0,0,0,0,,,,,,,,,,POINT (-74.472585881689 46.628158067631816)
2021A00052462918,0,0,0,0,0,0,0,0,0,0,0,0,0,0,0,0,0,0,,,,,,,,,,POINT (-74.2136115491412 47.45830395981703)
2021A00052462919,0,0,0,0,0,0,0,0,0,0,0,0,0,0,0,0,0,0,,,,,,,,,,POINT (-74.55892451517228 47.536848551607456)
2021A00052462920,0,0,0,0,0,0,0,0,0,0,0,0,0,0,0,0,0,0,,,,,,,,,,POINT (-74.39811678116897 47.27762547534286)
2021A00052462922,0,0,0,0,0,0,0,0,0,0,0,0,0,0,0,0,0,0,,,,,,,,,,POINT (-74.63255053829033 47.237803694927116)
2021A00052463005,0,0,0,0,0,1,0,11,11,0,0,0,0,0,6,0,28,28,,,,,,,,,,POINT (-73.49406861933889 45.92785009072247)
2021A00052463013,2,4,3,0,2,0,1,32,32,13,156,66,0,10,0,10,257,257,,,,,,,,,,POINT (-73.56699493546647 45.94239534039476)
2021A00052463023,1,3,2,0,1,0,0,25,25,10,13,12,0,26,0,0,86,86,,,,,,,,,,POINT (-73.6444900526037 45.94954283687908)
2021A00052463030,1,1,1,0,0,0,0,30,30,14,2,2,0,0,0,0,200,200,,,,,,,,,,POINT (-73.67555816886296 45.90467571793709)
2021A00052463035,0,12,8,1,7,8,0,47,52,0,119,79,5,130,67,0,394,451,30.0,110.0,107.0,14.0,57.0,50.0,8.0,287.0,324.0,POINT (-73.59231552801553 45.83612774307926)
2021A00052463040,0,0,0,0,0,0,0,9,9,0,0,0,0,0,0,0,19,19,,,,,,,,,,POINT (-73.66432237097605 45.86253101061057)
2021A00052463048,1,5,7,2,6,2,0,36,36,2,32,152,20,166,20,0,352,352,26.0,184.0,213.0,15.0,296.0,110.0,0.0,786.0,875.0,POINT (-73.79156061618112 45.863698805772394)
2021A00052463055,1,0,0,0,1,0,0,2,2,3,0,0,0,150,0,0,153,153,,,,,,,,,,POINT (-73.88276093114423 45.95958030048642)
2021A00052463060,0,3,3,0,2,2,0,18,20,0,33,16,0,21,10,0,84,94,,,,,,,,,,POINT (-73.74989122791847 45.964530982308624)
2021A00052463065,0,3,0,0,0,0,0,15,15,0,102,0,0,0,0,0,126,126,,,,,,,,,,POINT (-73.57719058656994 46.01591008331817)
2021A00052464008,20,73,63,8,25,29,6,189,207,376,1610,1980,96,916,1019,137,2807,3955,352.0,1604.0,1505.0,65.0,714.0,786.0,86.0,3002.0,3846.0,POINT (-73.60211726760019 45.713468384385635)
2021A00052464015,3,19,14,1,8,5,1,49,54,8,91,72,2,62,18,5,278,301,144.0,720.0,827.0,127.0,401.0,437.0,66.0,1377.0,1742.0,POINT (-73.60970146499446 45.77250201340181)
2021A00052465005,51,220,104,13,46,59,8,476,501,1406,6468,3218,141,604,1996,565,8531,10644,1856.0,6951.0,3005.0,171.0,871.0,1408.0,299.0,11639.0,12706.0,POINT (-73.71749255975104 45.612597269229404)
2021A00052466007,1,12,9,1,0,12,0,28,32,4,671,436,75,0,647,0,1267,1375,46.0,133.0,61.0,7.0,16.0,41.0,3.0,295.0,311.0,POINT (-73.53237842307686 45.63017705273609)
2021A00052466023,222,933,428,50,146,254,14,2076,2176,6241,24277,10179,685,3339,4623,256,42522,45065,5825.0,24858.0,10585.0,868.0,2977.0,5444.0,592.0,40427.0,43877.0,POINT (-73.6007799085694 45.55145188144037)
2021A00052466032,1,6,2,0,1,2,1,24,24,2,19,4,0,75,16,2,172,172,57.0,176.0,79.0,8.0,24.0,48.0,5.0,400.0,422.0,POINT (-73.60289108620286 45.485143162897636)
2021A00052466047,0,4,1,0,0,0,0,4,4,0,21,4,0,0,0,0,21,21,35.0,102.0,49.0,6.0,14.0,29.0,3.0,248.0,259.0,POINT (-73.6458954944844 45.452561914805955)
2021A00052466058,1,7,2,0,0,0,0,14,14,6,14,4,0,0,0,0,44,44,102.0,407.0,175.0,21.0,59.0,88.0,6.0,775.0,818.0,POINT (-73.66793128791872 45.46699010834873)
2021A00052466062,0,0,0,0,0,0,0,1,1,0,0,0,0,0,0,0,2,2,41.0,133.0,60.0,7.0,17.0,37.0,3.0,302.0,316.0,POINT (-73.64349148638112 45.48070955031495)
2021A00052466072,6,22,8,0,0,4,0,50,52,137,506,99,0,0,38,0,1092,1096,64.0,225.0,97.0,10.0,28.0,60.0,8.0,471.0,502.0,POINT (-73.65340030478619 45.50550152124822)
2021A00052466087,12,54,21,3,11,8,0,95,96,411,3039,959,333,175,368,0,3506,3540,97.0,387.0,163.0,20.0,49.0,88.0,5.0,733.0,774.0,POINT (-73.76881576366219 45.46691864131685)
2021A00052466092,0,0,0,0,0,0,0,0,0,0,0,0,0,0,0,0,0,0,,,,,,,,,,POINT (-73.74176479373133 45.4325649674368)
2021A00052466097,8,56,22,5,3,22,0,91,99,214,3101,1165,255,325,865,0,4322,4766,104.0,674.0,263.0,70.0,46.0,150.0,6.0,1001.0,1065.0,POINT (-73.81201929082425 45.45396295736947)
2021A00052466102,3,16,7,3,2,6,0,24,24,59,885,99,62,22,93,0,941,941,66.0,406.0,169.0,44.0,31.0,94.0,5.0,606.0,646.0,POINT (-73.86084106768706 45.449497181331665)
2021A00052466107,1,4,3,1,0,0,0,9,9,12,20,16,2,0,0,0,39,39,66.0,424.0,173.0,46.0,32.0,100.0,5.0,617.0,659.0,POINT (-73.87503276859987 45.43150738667421)
2021A00052466112,5,18,14,4,2,9,1,30,34,212,1022,664,67,41,307,2,1487,1762,22.0,111.0,49.0,12.0,11.0,30.0,3.0,206.0,216.0,POINT (-73.9115086966633 45.418333629937884)
2021A00052466117,3,6,3,0,0,1,0,9,9,197,276,25,0,0,8,0,280,280,25.0,126.0,56.0,9.0,13.0,34.0,2.0,248.0,264.0,POINT (-73.93806685613963 45.42738565858363)
2021A00052466127,1,0,1,0,0,0,1,5,5,22,0,22,0,0,0,22,32,32,16.0,47.0,26.0,4.0,7.0,15.0,2.0,108.0,114.0,POINT (-73.96331834991867 45.43270924305685)
2021A00052466142,5,17,7,2,0,3,0,34,34,58,148,45,24,0,29,0,488,488,234.0,1046.0,381.0,84.0,87.0,216.0,64.0,1646.0,1746.0,POINT (-73.8233182155386 45.48507906365862)
2021A00052467005,1,0,1,0,0,0,1,8,8,2,0,2,0,0,0,2,183,183,10.0,43.0,29.0,3.0,17.0,21.0,1.0,148.0,159.0,POINT (-73.5384258000661 45.32121310167886)
2021A00052467010,1,4,2,1,0,1,0,16,16,3,9,5,2,0,2,0,60,60,47.0,157.0,99.0,12.0,51.0,53.0,5.0,387.0,414.0,POINT (-73.45827547710445 45.33326347589684)
2021A00052467015,4,14,8,2,1,3,1,21,24,22,178,159,25,3,39,10,214,254,116.0,411.0,239.0,19.0,76.0,116.0,15.0,777.0,856.0,POINT (-73.44819610955973 45.39705717917124)
2021A00052467020,2,15,5,3,0,6,0,26,27,23,323,285,119,0,250,0,1601,1750,49.0,234.0,168.0,24.0,113.0,105.0,7.0,732.0,809.0,POINT (-73.51460762358265 45.371166548927015)
2021A00052467025,2,22,14,3,8,11,0,43,47,30,354,307,18,587,195,0,830,982,30.0,130.0,94.0,12.0,60.0,56.0,5.0,405.0,444.0,POINT (-73.543516425555 45.378794928897634)
2021A00052467030,2,8,10,0,2,5,1,15,20,7,110,186,0,10,118,5,553,678,52.0,248.0,164.0,37.0,83.0,100.0,7.0,698.0,755.0,POINT (-73.57639735445669 45.39372482004498)
2021A00052467035,1,6,1,0,2,0,0,24,24,23,87,18,0,6,0,0,407,407,37.0,342.0,297.0,75.0,141.0,197.0,14.0,1033.0,1136.0,POINT (-73.59577502160036 45.34917618900035)
2021A00052467040,1,4,5,0,2,0,0,23,23,3,44,46,0,42,0,0,188,188,9.0,57.0,48.0,8.0,28.0,30.0,5.0,181.0,195.0,POINT (-73.68815459457788 45.28948536003887)
2021A00052467045,1,6,4,0,1,0,2,23,23,3,27,30,0,3,0,24,112,112,28.0,198.0,147.0,61.0,49.0,142.0,15.0,552.0,570.0,POINT (-73.75264501795834 45.305588402607725)
2021A00052467050,1,15,14,3,5,6,2,38,41,22,367,389,229,23,286,24,626,683,130.0,1083.0,447.0,117.0,90.0,276.0,9.0,1612.0,1728.0,POINT (-73.75505841529635 45.34850639928134)
2021A00052467055,1,0,1,0,0,0,1,2,2,2,0,2,0,0,0,2,14,14,18.0,89.0,43.0,10.0,10.0,25.0,3.0,168.0,177.0,POINT (-73.79500839365392 45.34365189524316)
2021A00052467802,0,1,0,0,0,0,0,3,3,0,3,0,0,0,0,0,16,16,,,,,,,,,,POINT (-73.68754448134631 45.38525046592462)
2021A00052468005,0,1,1,0,2,0,0,22,22,0,2,6,0,114,0,0,159,159,,,,,,,,,,POINT (-73.45343022980327 45.05894904766108)
2021A00052468010,0,0,0,0,0,0,0,0,0,0,0,0,0,0,0,0,0,0,,,,,,,,,,POINT (-73.58553298717445 45.048175500296935)
2021A00052468015,0,1,0,0,1,0,0,19,19,0,90,0,0,3,0,0,192,192,,,,,,,,,,POINT (-73.60381639061188 45.061909392847205)
2021A00052468020,0,0,0,0,0,0,0,9,9,0,0,0,0,0,0,0,18,18,,,,,,,,,,POINT (-73.67516248551782 45.15424700122443)
2021A00052468025,0,1,0,0,1,0,0,22,22,0,129,0,0,3,0,0,174,174,,,,,,,,,,POINT (-73.53527352520132 45.15662088652196)
2021A00052468030,0,2,0,0,2,2,0,11,11,0,9,0,0,18,64,0,203,203,,,,,,,,,,POINT (-73.40423000635204 45.188970673536126)
2021A00052468035,2,2,4,1,2,1,0,20,20,24,30,37,7,37,12,0,110,110,,,,,,,,,,POINT (-73.37813727036716 45.17766265697631)
2021A00052468040,0,0,0,0,0,1,0,14,14,0,0,0,0,0,27,0,52,52,,,,,,,,,,POINT (-73.43903069003645 45.262813217168166)
2021A00052468045,0,2,2,0,0,1,0,16,16,0,7,5,0,0,3,0,36,36,,,,,,,,,,POINT (-73.50630307514818 45.2407861912543)
2021A00052468050,0,2,0,0,0,1,0,16,16,0,18,0,0,0,67,0,119,119,,,,,,,,,,POINT (-73.57654140772456 45.2289997463457)
2021A00052468055,1,8,4,0,2,3,0,36,37,10,135,49,0,38,40,0,332,335,,,,,,,,,,POINT (-73.63954406028452 45.249317224421056)
2021A00052469005,0,0,0,0,0,0,0,8,8,0,0,0,0,0,0,0,121,121,,,,,,,,,,POINT (-73.74655249256816 45.043359878884495)
2021A00052469010,1,4,2,0,0,0,0,27,27,3,73,7,0,0,0,0,225,225,,,,,,,,,,POINT (-73.90597443108216 45.04905766673086)
2021A00052469017,0,2,2,0,2,1,0,23,23,0,3,13,0,46,12,0,117,117,,,,,,,,,,POINT (-73.76691469100035 45.10651496624265)
2021A00052469025,0,0,0,0,0,0,0,17,17,0,0,0,0,0,0,0,67,67,,,,,,,,,,POINT (-73.85002714889212 45.188115886047065)
2021A00052469030,0,0,0,0,0,0,0,0,0,0,0,0,0,0,0,0,0,0,,,,,,,,,,POINT (-73.86597636954448 45.16358058468565)
2021A00052469037,0,0,0,0,2,1,0,21,21,0,0,0,0,10,2,0,75,75,,,,,,,,,,POINT (-74.0086866964283 45.11549395647691)
2021A00052469045,1,1,1,0,0,0,0,16,16,3,3,3,0,0,0,0,93,93,,,,,,,,,,POINT (-74.08633195385656 45.04705406431034)
2021A00052469050,0,0,0,0,1,0,0,9,9,0,0,0,0,3,0,0,24,24,,,,,,,,,,POINT (-74.22113002454921 45.02558363392812)
2021A00052469055,1,4,4,1,2,0,0,12,12,3,81,81,3,87,0,0,191,191,,,,,,,,,,POINT (-74.17840596515171 45.08903545652163)
2021A00052469060,0,1,0,0,0,0,0,18,18,0,2,0,0,0,0,0,56,56,,,,,,,,,,POINT (-74.23905186089868 45.076936448744014)
2021A00052469065,0,0,0,0,0,1,0,7,7,0,0,0,0,0,6,0,22,22,,,,,,,,,,POINT (-74.22176761104546 45.163167068998085)
2021A00052469070,0,1,1,0,0,1,0,22,23,0,3,75,0,0,75,0,75,150,,,,,,,,,,POINT (-74.34300712722572 45.10139174816895)
2021A00052469075,1,1,1,0,0,0,0,6,6,6,6,6,0,0,0,0,21,21,,,,,,,,,,POINT (-74.432211442749 45.02456509055022)
2021A00052469802,0,0,0,0,0,0,0,0,0,0,0,0,0,0,0,0,0,0,,,,,,,,,,POINT (-74.55390980888833 45.012299079964365)
2021A00052470005,0,1,0,0,2,1,0,20,20,0,3,0,0,38,3,0,81,81,,,,,,,,,,POINT (-73.72452216755819 45.2070116763913)
2021A00052470012,0,2,2,1,3,1,0,30,31,0,9,9,2,17,2,0,200,207,,,,,,,,,,POINT (-73.79419719141107 45.252984460925084)
2021A00052470022,3,6,2,1,1,5,1,23,23,27,46,7,5,11,198,3,283,283,40.0,211.0,144.0,41.0,53.0,103.0,6.0,462.0,496.0,POINT (-73.8692999036726 45.28841090510427)
2021A00052470030,0,0,0,0,1,1,0,8,8,0,0,0,0,7,3,0,26,26,,,,,,,,,,POINT (-73.90723534971488 45.23464910023836)
2021A00052470035,1,3,2,0,1,0,0,23,23,11,24,14,0,350,0,0,487,487,,,,,,,,,,POINT (-73.97590336806311 45.2027627355773)
2021A00052470040,0,1,1,0,1,0,0,11,11,0,3,3,0,3,0,0,34,34,,,,,,,,,,POINT (-74.11204220191863 45.181406118779094)
2021A00052470052,3,17,12,1,10,7,0,61,64,121,923,513,202,176,424,0,1415,1472,114.0,768.0,411.0,148.0,413.0,489.0,6.0,1733.0,1842.0,POINT (-74.02416349094459 45.26545303619548)
2021A00052471005,0,1,0,0,1,0,0,5,5,0,7,0,0,32,0,0,57,57,,,,,,,,,,POINT (-74.33739788911674 45.22380570636883)
2021A00052471015,0,0,0,0,0,0,0,7,7,0,0,0,0,0,0,0,25,25,,,,,,,,,,POINT (-74.40284662300188 45.28293694612577)
2021A00052471020,0,3,0,0,0,1,0,19,19,0,17,0,0,0,12,0,128,128,,,,,,,,,,POINT (-74.30237838526809 45.29395428327204)
2021A00052471025,0,0,0,0,1,0,0,5,5,0,0,0,0,3,0,0,19,19,3.0,114.0,66.0,17.0,32.0,125.0,5.0,404.0,497.0,POINT (-74.28287574956927 45.24644366841696)
2021A00052471033,1,4,2,0,0,1,0,6,7,3,84,10,0,0,71,0,33,104,19.0,145.0,84.0,27.0,40.0,76.0,1.0,290.0,316.0,POINT (-74.23323089647334 45.27163169153064)
2021A00052471040,0,1,3,1,0,1,1,24,24,0,4,18,10,0,3,5,307,307,26.0,193.0,83.0,23.0,42.0,80.0,2.0,394.0,414.0,POINT (-74.19704872133764 45.307419039862616)
2021A00052471045,0,0,1,0,0,2,0,13,14,0,0,35,0,0,41,0,27,62,,,,,,,,,,POINT (-74.22604921150115 45.3422726994906)
2021A00052471050,1,4,2,0,2,1,0,19,21,2,39,30,0,61,15,0,121,151,26.0,150.0,68.0,17.0,31.0,59.0,3.0,342.0,358.0,POINT (-74.08081723921714 45.332913665740975)
2021A00052471055,0,0,0,0,0,0,0,0,0,0,0,0,0,0,0,0,0,0,19.0,57.0,33.0,6.0,10.0,23.0,2.0,147.0,155.0,POINT (-73.97937270664283 45.331070559974656)
2021A00052471060,0,1,0,0,0,0,0,5,5,0,1,0,0,0,0,0,10,10,48.0,288.0,109.0,19.0,28.0,82.0,3.0,464.0,499.0,POINT (-73.95922474424967 45.38818352094722)
2021A00052471065,4,6,6,1,0,2,2,17,18,20,26,36,2,0,5,5,74,86,49.0,309.0,129.0,29.0,29.0,96.0,5.0,498.0,537.0,POINT (-73.90979125018781 45.36862054554364)
2021A00052471070,0,1,1,0,0,0,0,1,1,0,4,4,0,0,0,0,4,4,67.0,328.0,134.0,29.0,34.0,103.0,4.0,534.0,565.0,POINT (-73.9840071817128 45.37313635505274)
2021A00052471075,0,0,0,0,0,0,0,1,1,0,0,0,0,0,0,0,6,6,18.0,69.0,30.0,5.0,8.0,22.0,2.0,127.0,136.0,POINT (-73.98738767782102 45.3907400016838)
2021A00052471083,7,30,14,2,4,7,1,65,66,73,790,154,11,87,211,2,1420,1427,193.0,789.0,363.0,35.0,83.0,217.0,14.0,1427.0,1557.0,POINT (-74.04885741507687 45.391689256935955)
2021A00052471090,1,2,1,0,0,0,0,3,3,2,4,2,0,0,0,0,10,10,18.0,57.0,28.0,5.0,8.0,17.0,2.0,113.0,121.0,POINT (-74.03496850734572 45.419768393011594)
2021A00052471095,0,0,0,0,0,0,0,0,0,0,0,0,0,0,0,0,0,0,0.0,0.0,0.0,0.0,0.0,0.0,0.0,0.0,0.0,POINT (-74.02274357679464 45.43154286521761)
2021A00052471100,0,1,1,0,0,0,0,6,6,0,2,2,0,0,0,0,20,20,12.0,73.0,25.0,3.0,15.0,22.0,1.0,179.0,184.0,POINT (-74.16282561731413 45.458554992112866)
2021A00052471105,1,7,4,1,6,2,0,28,28,2,26,12,2,36,6,0,146,146,34.0,337.0,110.0,10.0,66.0,101.0,4.0,834.0,861.0,POINT (-74.15725484736846 45.40840514366435)
2021A00052471110,0,0,0,0,0,0,0,11,11,0,0,0,0,0,0,0,27,27,,,,,,,,,,POINT (-74.32013523395766 45.39846302288706)
2021A00052471115,0,2,1,1,1,1,0,11,11,0,14,9,9,3,9,0,49,49,,,,,,,,,,POINT (-74.40731956533534 45.354106079925764)
2021A00052471125,0,0,0,0,0,0,0,3,3,0,0,0,0,0,0,0,8,8,,,,,,,,,,POINT (-74.38211493595684 45.433992612555905)
2021A00052471133,0,4,2,1,0,1,0,23,23,0,47,35,2,0,2,0,211,211,,,,,,,,,,POINT (-74.31441525263376 45.47107377483997)
2021A00052471140,0,0,0,0,0,0,0,2,2,0,0,0,0,0,0,0,4,4,,,,,,,,,,POINT (-74.3710891414715 45.540043929449205)
2021A00052472005,9,31,18,3,10,12,1,102,105,723,338,189,11,182,156,548,2116,2200,294.0,897.0,281.0,19.0,113.0,94.0,168.0,1722.0,1813.0,POINT (-73.92836907407188 45.57428866796808)
2021A00052472010,0,1,1,0,2,0,0,6,6,0,2,2,0,6,0,0,18,18,127.0,367.0,151.0,20.0,45.0,77.0,51.0,717.0,770.0,POINT (-73.90175001903529 45.54286107232658)
2021A00052472015,0,2,3,0,1,1,0,6,7,0,7,42,0,3,35,0,15,50,149.0,443.0,181.0,23.0,51.0,92.0,63.0,854.0,919.0,POINT (-73.9467739647738 45.53257037410759)
2021A00052472020,0,0,0,0,0,0,0,2,2,0,0,0,0,0,0,0,5,5,50.0,178.0,73.0,12.0,22.0,49.0,14.0,368.0,389.0,POINT (-73.96879198956168 45.501612777722684)
2021A00052472025,2,5,4,0,3,0,0,38,38,5,16,14,0,17,0,0,428,428,47.0,178.0,47.0,7.0,21.0,24.0,23.0,362.0,369.0,POINT (-74.01546151121053 45.53344768387431)
2021A00052472032,0,1,0,0,0,0,0,23,23,0,15,0,0,0,0,0,207,207,42.0,67.0,25.0,2.0,14.0,18.0,17.0,235.0,240.0,POINT (-74.05788522905966 45.49419461292186)
2021A00052472043,0,0,0,0,0,0,0,12,12,0,0,0,0,0,0,0,80,80,2.0,15.0,10.0,1.0,3.0,1.0,0.0,93.0,93.0,POINT (-74.18062732725383 45.5418378938747)
2021A00052472802,0,0,0,0,0,0,0,0,0,0,0,0,0,0,0,0,0,0,,,,,,,,,,POINT (-74.11321339400595 45.483211171813956)
2021A00052473005,11,45,14,2,5,6,2,89,93,623,2317,919,8,174,125,96,3392,3780,237.0,670.0,323.0,13.0,81.0,168.0,113.0,1158.0,1339.0,POINT (-73.87050611584154 45.61858003852119)
2021A00052473010,1,10,3,0,6,0,1,31,31,548,38,20,0,64,0,548,1000,1000,187.0,525.0,257.0,11.0,66.0,134.0,87.0,917.0,1059.0,POINT (-73.84500722400196 45.64625277025405)
2021A00052473015,11,50,31,4,10,17,2,91,97,139,770,371,10,141,165,14,1219,1346,415.0,1238.0,719.0,28.0,223.0,376.0,196.0,2074.0,2487.0,POINT (-73.85588885032789 45.687466557103946)
2021A00052473020,0,1,1,0,2,2,0,7,7,0,3,3,0,6,10,0,22,22,85.0,235.0,133.0,7.0,42.0,70.0,35.0,458.0,526.0,POINT (-73.796617301114 45.640521819174666)
2021A00052473025,0,4,2,0,0,0,0,6,8,0,26,22,0,0,0,0,20,42,67.0,214.0,122.0,7.0,36.0,62.0,23.0,408.0,469.0,POINT (-73.78342892293871 45.66806486257537)
2021A00052473030,4,12,7,1,0,5,0,18,21,89,196,108,9,0,53,0,270,341,71.0,229.0,130.0,7.0,37.0,65.0,26.0,419.0,485.0,POINT (-73.76023555647785 45.66831011193655)
2021A00052473035,3,10,7,0,2,2,0,35,36,19,97,100,0,34,93,0,496,571,101.0,238.0,223.0,11.0,110.0,112.0,55.0,572.0,685.0,POINT (-73.8161589483801 45.76675861181945)
2021A00052474005,6,54,39,8,21,14,4,217,219,59,3020,468,85,229,136,62,4162,4200,351.0,1499.0,301.0,43.0,199.0,135.0,269.0,2812.0,2867.0,POINT (-74.05546105845657 45.656351321480486)
2021A00052475005,0,5,3,1,2,1,0,9,9,0,17,8,2,24,2,0,47,47,112.0,515.0,179.0,25.0,167.0,46.0,58.0,907.0,932.0,POINT (-74.14491037257743 45.72228336605877)
2021A00052475017,13,37,25,5,20,13,3,96,101,886,1294,949,131,984,163,449,2879,2975,869.0,1365.0,991.0,130.0,1011.0,194.0,435.0,3151.0,3278.0,POINT (-74.03811182668701 45.79479995473635)
2021A00052475028,1,8,6,2,4,3,0,26,27,3,44,30,4,23,5,0,106,121,,,,,,,,,,POINT (-73.9357415828861 45.83151438043507)
2021A00052475040,1,9,5,0,1,3,0,17,19,3,46,27,0,3,16,0,67,81,,,,,,,,,,POINT (-74.07000887594452 45.864716237805496)
2021A00052475045,0,2,4,0,2,2,0,6,8,0,5,11,0,6,6,0,73,79,,,,,,,,,,POINT (-73.99485944827563 45.91819436197284)
2021A00052476008,0,0,0,0,0,0,0,13,13,0,0,0,0,0,0,0,38,38,,,,,,,,,,POINT (-74.3177350195611 45.56774972279166)
2021A00052476020,0,7,4,0,7,2,0,23,25,0,173,104,0,250,61,0,588,656,0.0,151.0,92.0,2.0,195.0,80.0,0.0,566.0,621.0,POINT (-74.29634239025529 45.66507667273312)
2021A00052476025,0,0,0,0,0,0,0,3,3,0,0,0,0,0,0,0,5,5,2.0,32.0,19.0,1.0,37.0,11.0,0.0,111.0,121.0,POINT (-74.25609424302485 45.76498286706196)
2021A00052476030,0,0,1,0,1,0,0,4,4,0,0,6,0,6,0,0,17,17,,,,,,,,,,POINT (-74.20319000988952 45.82270992192906)
2021A00052476035,0,1,1,0,0,0,0,1,1,0,3,3,0,0,0,0,3,3,,,,,,,,,,POINT (-74.373270092972 45.79298884239751)
2021A00052476043,0,0,1,0,2,2,0,20,20,0,0,3,0,6,38,0,102,102,,,,,,,,,,POINT (-74.4535699738241 45.668384823302816)
2021A00052476052,0,1,0,0,1,0,0,5,5,0,4,0,0,7,0,0,49,49,,,,,,,,,,POINT (-74.65914614037155 45.70145381921278)
2021A00052476055,0,1,1,0,0,0,0,2,2,0,2,2,0,0,0,0,5,5,3.0,24.0,33.0,2.0,3.0,27.0,3.0,105.0,106.0,POINT (-74.59963590474916 45.62946927380731)
2021A00052476065,0,0,0,0,0,0,0,2,2,0,0,0,0,0,0,0,10,10,,,,,,,,,,POINT (-74.61982881086 45.85503819876094)
2021A00052477011,0,0,0,0,0,0,0,0,0,0,0,0,0,0,0,0,0,0,,,,,,,,,,POINT (-74.02716213155946 46.04246934676416)
2021A00052477012,0,1,2,0,0,1,1,2,3,0,3,5,0,0,3,2,6,9,,,,,,,,,,POINT (-74.10068530388588 46.06113025674424)
2021A00052477022,0,1,0,0,4,0,0,9,9,0,2,0,0,38,0,0,51,51,,,,,,,,,,POINT (-74.1108715085911 45.97487594813742)
2021A00052477030,0,1,0,0,0,1,0,5,5,0,7,0,0,0,7,0,16,16,,,,,,,,,,POINT (-74.11778734816663 45.90620735899283)
2021A00052477035,0,2,1,0,1,0,0,4,4,0,3,2,0,3,0,0,8,8,,,,,,,,,,POINT (-74.1297265981285 45.855840603937445)
2021A00052477043,2,2,0,0,0,1,0,10,10,6,6,0,0,0,3,0,67,67,,,,,,,,,,POINT (-74.18161858510275 45.87875035872442)
2021A00052477050,1,6,3,0,2,0,0,9,9,6,45,13,0,18,0,0,66,66,,,,,,,,,,POINT (-74.26066225609529 45.892221129625426)
2021A00052477055,0,1,0,0,0,0,0,1,1,0,1,0,0,0,0,0,1,1,,,,,,,,,,POINT (-74.47104226770652 45.89952947753019)
2021A00052477060,0,0,0,0,0,0,0,0,0,0,0,0,0,0,0,0,0,0,,,,,,,,,,POINT (-74.47149363211385 45.837592427210716)
2021A00052477065,0,0,1,0,2,0,0,3,3,0,0,3,0,8,0,0,9,9,,,,,,,,,,POINT (-74.35360872065927 45.951218204149896)
2021A00052478005,0,2,0,0,1,1,0,6,6,0,3,0,0,3,2,0,19,19,6.0,33.0,15.0,0.0,14.0,4.0,1.0,92.0,93.0,POINT (-74.1959424634565 45.994929414747595)
2021A00052478010,0,3,0,0,1,0,0,7,7,0,27,0,0,3,0,0,34,34,3.0,41.0,27.0,0.0,21.0,2.0,1.0,123.0,124.0,POINT (-74.21390505588785 46.02763331659297)
2021A00052478015,0,0,0,0,0,0,0,0,0,0,0,0,0,0,0,0,0,0,,,,,,,,,,POINT (-74.2498839718646 46.164517312837496)
2021A00052478020,0,0,0,0,0,0,0,3,3,0,0,0,0,0,0,0,17,17,,,,,,,,,,POINT (-74.19292497783296 46.16135664459251)
2021A00052478032,1,7,4,0,1,0,0,14,14,7,56,55,0,11,0,0,152,152,3.0,48.0,29.0,0.0,39.0,1.0,0.0,172.0,172.0,POINT (-74.27176745589105 46.07216434045241)
2021A00052478042,0,1,1,0,0,0,0,1,1,0,17,17,0,0,0,0,17,17,,,,,,,,,,POINT (-74.3673708706582 46.068085916091434)
2021A00052478047,0,2,0,0,3,0,0,13,13,0,5,0,0,74,0,0,152,152,,,,,,,,,,POINT (-74.46670734601196 46.0870826420597)
2021A00052478050,0,0,0,0,0,0,0,0,0,0,0,0,0,0,0,0,0,0,,,,,,,,,,POINT (-74.54485222802796 45.99569162892519)
2021A00052478055,0,1,0,0,0,0,0,1,1,0,6,0,0,0,0,0,6,6,,,,,,,,,,POINT (-74.47527123410471 45.96625883059067)
2021A00052478060,0,0,0,0,0,0,0,2,2,0,0,0,0,0,0,0,6,6,,,,,,,,,,POINT (-74.60336893009678 45.981807915614226)
2021A00052478065,0,0,0,0,0,0,0,0,0,0,0,0,0,0,0,0,0,0,,,,,,,,,,POINT (-74.66201335537606 45.991056040588454)
2021A00052478070,0,1,0,0,2,0,0,4,4,0,6,0,0,10,0,0,18,18,,,,,,,,,,POINT (-74.77171804473643 46.03935293474654)
2021A00052478075,0,0,0,0,1,0,0,8,8,0,0,0,0,3,0,0,23,23,,,,,,,,,,POINT (-74.66815246470811 46.07857557884153)
2021A00052478095,0,1,0,0,0,0,0,2,2,0,3,0,0,0,0,0,4,4,,,,,,,,,,POINT (-74.5108619538791 46.29390576717042)
2021A00052478100,0,0,0,0,0,0,0,0,0,0,0,0,0,0,0,0,0,0,,,,,,,,,,POINT (-74.36403051965782 46.216153415583726)
2021A00052478102,0,5,1,0,5,1,0,21,21,0,56,3,0,14,3,0,106,106,,,,,,,,,,POINT (-74.59600256160061 46.177574729946414)
2021A00052478115,0,0,0,0,1,0,0,7,7,0,0,0,0,7,0,0,28,28,,,,,,,,,,POINT (-74.73985304430826 46.16515567130066)
2021A00052478120,0,1,0,0,1,0,0,6,6,0,1,0,0,3,0,0,44,44,,,,,,,,,,POINT (-74.78946613556876 46.2302841526619)
2021A00052478127,0,1,0,0,0,0,0,1,1,0,2,0,0,0,0,0,2,2,,,,,,,,,,POINT (-74.64756527626398 46.25016504241392)
2021A00052478130,0,0,0,0,1,0,0,4,4,0,0,0,0,3,0,0,6,6,,,,,,,,,,POINT (-74.96204995574095 46.205589875304554)
2021A00052478802,0,0,0,0,0,0,0,0,0,0,0,0,0,0,0,0,0,0,,,,,,,,,,POINT (-74.11123869413704 46.1491748102277)
2021A00052479005,0,0,0,0,0,1,0,1,1,0,0,0,0,0,2,0,2,2,,,,,,,,,,POINT (-75.58765660533459 46.109451582073866)
2021A00052479010,0,0,1,0,2,0,0,2,2,0,0,3,0,35,0,0,35,35,,,,,,,,,,POINT (-75.65772615561512 46.29148483098856)
2021A00052479015,0,0,0,0,1,0,0,5,5,0,0,0,0,3,0,0,20,20,,,,,,,,,,POINT (-75.50914625348972 46.2958952005218)
2021A00052479022,0,0,0,0,2,1,0,5,5,0,0,0,0,6,31,0,41,41,,,,,,,,,,POINT (-75.5576434828867 46.393336951259336)
2021A00052479025,0,0,0,0,1,0,0,10,10,0,0,0,0,14,0,0,38,38,,,,,,,,,,POINT (-75.37684451701877 46.38010959059)
2021A00052479030,0,0,0,0,1,0,0,4,4,0,0,0,0,3,0,0,9,9,,,,,,,,,,POINT (-75.08827320044894 46.39239952267011)
2021A00052479037,0,1,1,0,8,0,0,14,14,0,2,2,0,113,0,0,136,136,,,,,,,,,,POINT (-74.99802247417077 46.535977747909435)
2021A00052479047,0,0,0,0,0,0,0,1,1,0,0,0,0,0,0,0,1,1,,,,,,,,,,POINT (-74.74947345056466 46.40197792870016)
2021A00052479050,0,0,0,0,0,0,0,3,3,0,0,0,0,0,0,0,72,72,,,,,,,,,,POINT (-74.80221093949947 46.55984279702397)
2021A00052479060,0,1,1,0,1,0,0,3,3,0,2,2,0,3,0,0,7,7,,,,,,,,,,POINT (-75.1536339057817 46.53712989360099)
2021A00052479065,0,0,0,0,1,0,0,3,3,0,0,0,0,5,0,0,8,8,,,,,,,,,,POINT (-75.1621937667606 46.70421660042043)
2021A00052479078,0,1,1,0,4,0,0,8,8,0,4,4,0,22,0,0,35,35,,,,,,,,,,POINT (-75.32295444611269 46.5552486011378)
2021A00052479088,2,6,2,0,6,0,0,42,42,5,61,19,0,158,0,0,442,442,,,,,,,,,,POINT (-75.58333729313166 46.557398653072454)
2021A00052479097,0,0,0,0,4,0,0,10,10,0,0,0,0,169,0,0,200,200,,,,,,,,,,POINT (-75.57739753563327 46.839380333893324)
2021A00052479105,0,0,0,0,0,0,0,1,1,0,0,0,0,0,0,0,3,3,,,,,,,,,,POINT (-75.24679900965536 46.77495905587863)
2021A00052479110,0,0,0,0,0,0,0,4,4,0,0,0,0,0,0,0,9,9,,,,,,,,,,POINT (-75.27201505512842 46.820027931242336)
2021A00052479115,0,0,0,0,0,0,0,1,1,0,0,0,0,0,0,0,2,2,,,,,,,,,,POINT (-75.38775978785411 46.917718496325826)
2021A00052479902,0,0,0,0,0,0,0,0,0,0,0,0,0,0,0,0,0,0,,,,,,,,,,POINT (-74.50121169004066 47.18814759051375)
2021A00052479904,0,0,0,0,0,0,0,0,0,0,0,0,0,0,0,0,0,0,,,,,,,,,,POINT (-74.46620234822859 47.498168514609745)
2021A00052479906,0,0,0,0,0,0,0,0,0,0,0,0,0,0,0,0,0,0,,,,,,,,,,POINT (-74.65850747872243 47.609995488858864)
2021A00052479910,0,0,0,0,0,0,0,0,0,0,0,0,0,0,0,0,0,0,,,,,,,,,,POINT (-74.7828191544298 47.50893749769258)
2021A00052479912,0,0,0,0,0,0,0,0,0,0,0,0,0,0,0,0,0,0,,,,,,,,,,POINT (-74.97534413079595 47.37773838492105)
2021A00052479914,0,0,0,0,0,0,0,0,0,0,0,0,0,0,0,0,0,0,,,,,,,,,,POINT (-75.07024331554216 47.18617476960363)
2021A00052479916,0,0,0,0,0,0,0,0,0,0,0,0,0,0,0,0,0,0,,,,,,,,,,POINT (-74.6138633227655 46.85089783257298)
2021A00052479920,0,0,0,0,0,0,0,0,0,0,0,0,0,0,0,0,0,0,,,,,,,,,,POINT (-74.53460162631872 46.563685296218665)
2021A00052479922,0,0,0,0,0,0,0,0,0,0,0,0,0,0,0,0,0,0,,,,,,,,,,POINT (-75.07078683786786 46.93330041590335)
2021A00052479924,0,0,0,0,0,0,0,0,0,0,0,0,0,0,0,0,0,0,,,,,,,,,,POINT (-75.25700117513544 46.23637708496322)
2021A00052479926,0,0,0,0,0,0,0,0,0,0,0,0,0,0,0,0,0,0,,,,,,,,,,POINT (-75.92626372971098 47.01485645365911)
2021A00052480005,0,0,0,0,2,0,0,3,3,0,0,0,0,36,0,0,38,38,,,,,,,,,,POINT (-74.84005961183857 45.65082785477988)
2021A00052480010,0,1,0,0,0,0,0,3,3,0,4,0,0,0,0,0,7,7,,,,,,,,,,POINT (-74.9453999269658 45.65241472590299)
2021A00052480015,0,0,0,0,0,0,0,1,1,0,0,0,0,0,0,0,2,2,,,,,,,,,,POINT (-74.85918922814251 45.75031808685356)
2021A00052480020,0,1,0,0,0,0,0,3,3,0,3,0,0,0,0,0,13,13,,,,,,,,,,POINT (-74.98371356762755 45.80190513154325)
2021A00052480027,2,3,2,0,0,0,0,15,15,59,64,59,0,0,0,0,95,95,,,,,,,,,,POINT (-75.03869085664866 45.73227814634496)
2021A00052480037,0,0,1,0,2,0,0,7,7,0,0,26,0,166,0,0,173,173,,,,,,,,,,POINT (-75.01342614026848 45.66633517994238)
2021A00052480045,0,0,0,0,0,0,0,5,5,0,0,0,0,0,0,0,12,12,,,,,,,,,,POINT (-75.10801482962866 45.62052196924352)
2021A00052480050,0,0,0,0,1,1,0,5,5,0,0,0,0,68,19,0,123,123,0.0,28.0,13.0,0.0,73.0,13.0,0.0,165.0,169.0,POINT (-75.24363955793521 45.603400747848156)
2021A00052480055,0,0,0,0,0,0,0,4,4,0,0,0,0,0,0,0,15,15,0.0,0.0,0.0,0.0,0.0,0.0,0.0,19.0,19.0,POINT (-75.20229109902658 45.62847714031255)
2021A00052480060,0,0,0,0,1,0,0,5,5,0,0,0,0,3,0,0,9,9,0.0,2.0,7.0,0.0,28.0,9.0,0.0,59.0,63.0,POINT (-75.30588014548263 45.58825285228468)
2021A00052480065,0,0,1,0,1,0,0,1,1,0,0,11,0,11,0,0,11,11,0.0,2.0,6.0,0.0,21.0,7.0,0.0,48.0,51.0,POINT (-75.3146850607572 45.68060745590418)
2021A00052480070,0,1,0,0,0,0,0,3,3,0,1,0,0,0,0,0,4,4,,,,,,,,,,POINT (-75.19608115859378 45.68905234379922)
2021A00052480078,0,0,0,0,2,0,0,9,9,0,0,0,0,6,0,0,25,25,,,,,,,,,,POINT (-75.15604696407823 45.79578272144223)
2021A00052480085,0,0,0,0,0,0,0,0,0,0,0,0,0,0,0,0,0,0,5.0,5.0,16.0,0.0,11.0,0.0,0.0,16.0,16.0,POINT (-75.36137568747681 45.78800311884765)
2021A00052480090,0,0,0,0,0,0,0,0,0,0,0,0,0,0,0,0,0,0,,,,,,,,,,POINT (-75.25893212735566 45.90052208504435)
2021A00052480095,0,0,0,0,0,0,0,0,0,0,0,0,0,0,0,0,0,0,,,,,,,,,,POINT (-75.08942254068208 45.91688093479775)
2021A00052480103,0,0,0,0,2,0,0,4,4,0,0,0,0,145,0,0,149,149,,,,,,,,,,POINT (-75.00297624318885 45.90969480314916)
2021A00052480110,0,0,0,0,2,0,0,2,2,0,0,0,0,43,0,0,43,43,,,,,,,,,,POINT (-74.91985227156539 45.88977384862497)
2021A00052480115,0,0,0,0,0,0,0,0,0,0,0,0,0,0,0,0,0,0,,,,,,,,,,POINT (-74.78578806758922 45.915499110258146)
2021A00052480125,0,0,0,0,0,0,0,1,1,0,0,0,0,0,0,0,2,2,,,,,,,,,,POINT (-74.91762307473938 45.94284430494001)
2021A00052480130,0,0,0,0,0,0,0,0,0,0,0,0,0,0,0,0,0,0,,,,,,,,,,POINT (-74.9307287724295 46.03001942923486)
2021A00052480135,0,0,0,0,0,0,0,1,1,0,0,0,0,0,0,0,2,2,,,,,,,,,,POINT (-75.14639121934529 46.07503877307219)
2021A00052480140,0,0,0,0,0,0,0,1,1,0,0,0,0,0,0,0,3,3,28.0,28.0,28.0,0.0,0.0,0.0,0.0,28.0,28.0,POINT (-75.4930989325412 45.898542336312296)
2021A00052480145,0,0,0,0,0,0,0,0,0,0,0,0,0,0,0,0,0,0,0.0,0.0,0.0,0.0,0.0,0.0,0.0,0.0,0.0,POINT (-75.68302608160597 45.91240932579808)
2021A00052481017,7,45,21,2,25,14,0,132,140,32,451,235,7,379,519,0,2608,2757,43.0,584.0,301.0,9.0,501.0,397.0,0.0,3075.0,3268.0,POINT (-75.66573816963553 45.49871037484772)
2021A00052482005,0,1,1,0,2,1,0,10,11,0,3,15,0,34,15,0,68,83,0.0,7.0,69.0,0.0,126.0,40.0,0.0,166.0,206.0,POINT (-75.45122259531507 45.62138080317296)
2021A00052482010,2,2,2,0,0,0,0,4,4,5,5,5,0,0,0,0,10,10,2.0,6.0,2.0,0.0,2.0,0.0,0.0,20.0,20.0,POINT (-75.5519697983419 45.78140053351383)
2021A00052482015,0,3,0,0,2,0,0,13,13,0,13,0,0,6,0,0,64,64,25.0,97.0,25.0,0.0,35.0,0.0,0.0,216.0,216.0,POINT (-75.68954057361252 45.69750854635135)
2021A00052482020,0,0,0,0,0,0,0,2,2,0,0,0,0,0,0,0,32,32,5.0,37.0,17.0,1.0,24.0,26.0,0.0,190.0,199.0,POINT (-75.78418045100793 45.58305513863061)
2021A00052482025,0,1,0,0,1,0,0,5,5,0,2,0,0,3,0,0,16,16,0.0,3.0,0.0,0.0,4.0,0.0,0.0,52.0,52.0,POINT (-75.85385555774543 45.539879645149036)
2021A00052482030,0,1,1,0,2,0,0,9,9,0,2,2,0,6,0,0,20,20,0.0,14.0,14.0,0.0,53.0,0.0,0.0,87.0,87.0,POINT (-76.11228166796784 45.55436998321611)
2021A00052482035,0,0,1,0,3,0,0,17,17,0,0,6,0,12,0,0,40,40,0.0,0.0,11.0,0.0,34.0,0.0,0.0,86.0,86.0,POINT (-76.07165986106261 45.709547153216924)
2021A00052483005,0,0,0,0,0,0,0,0,0,0,0,0,0,0,0,0,0,0,0.0,0.0,0.0,0.0,0.0,0.0,0.0,0.0,0.0,POINT (-75.82474924975432 45.833358980342645)
2021A00052483010,0,0,0,0,1,0,0,4,4,0,0,0,0,7,0,0,11,11,,,,,,,,,,POINT (-76.04007265625002 45.82645645710502)
2021A00052483015,0,0,0,0,2,0,0,3,3,0,0,0,0,17,0,0,20,20,,,,,,,,,,POINT (-76.04778980884133 45.95541736735201)
2021A00052483020,0,0,0,0,0,0,0,2,2,0,0,0,0,0,0,0,3,3,,,,,,,,,,POINT (-75.9086121133997 45.98107170164608)
2021A00052483032,0,1,1,0,0,1,0,2,3,0,3,3,0,0,3,0,3,6,,,,,,,,,,POINT (-75.95922536816178 46.093434745225366)
2021A00052483040,0,0,0,0,0,0,0,0,0,0,0,0,0,0,0,0,0,0,,,,,,,,,,POINT (-76.23617746647152 46.168531238960995)
2021A00052483045,0,0,0,0,0,0,0,1,1,0,0,0,0,0,0,0,2,2,,,,,,,,,,POINT (-76.07585417135759 46.19081200435502)
2021A00052483050,0,0,0,0,0,0,0,3,3,0,0,0,0,0,0,0,4,4,,,,,,,,,,POINT (-75.90288630492937 46.208760563149305)
2021A00052483055,0,0,1,0,2,0,0,2,2,0,0,11,0,43,0,0,43,43,,,,,,,,,,POINT (-75.86610103435879 46.27082374418065)
2021A00052483060,0,0,0,0,2,0,0,3,3,0,0,0,0,6,0,0,12,12,,,,,,,,,,POINT (-76.0674345225019 46.2719709090249)
2021A00052483065,1,2,2,1,4,0,1,10,10,10,9,20,10,226,0,10,280,280,,,,,,,,,,POINT (-75.97546467408122 46.37645260902242)
2021A00052483070,0,0,0,0,4,0,0,6,6,0,0,0,0,13,0,0,17,17,,,,,,,,,,POINT (-75.83866689073685 46.375132116963805)
2021A00052483075,0,0,0,0,0,0,0,2,2,0,0,0,0,0,0,0,125,125,,,,,,,,,,POINT (-75.9925929305322 46.41857121101675)
2021A00052483085,0,0,0,0,1,0,0,1,1,0,0,0,0,5,0,0,5,5,,,,,,,,,,POINT (-75.95215022432687 46.51901855224405)
2021A00052483088,0,0,0,0,0,0,0,3,3,0,0,0,0,0,0,0,10,10,,,,,,,,,,POINT (-76.07955368462842 46.56899641989278)
2021A00052483090,0,0,0,0,1,0,0,4,4,0,0,0,0,3,0,0,11,11,,,,,,,,,,POINT (-75.82482991494035 46.499933637877355)
2021A00052483095,0,1,1,0,0,0,0,2,2,0,2,2,0,0,0,0,3,3,,,,,,,,,,POINT (-75.87452806342795 46.70818248105148)
2021A00052483802,0,1,0,0,0,0,0,1,1,0,3,0,0,0,0,0,3,3,,,,,,,,,,POINT (-76.06619907079472 46.3725525660483)
2021A00052483804,0,0,0,0,0,0,0,0,0,0,0,0,0,0,0,0,0,0,,,,,,,,,,POINT (-76.70644288657968 47.258440444844204)
2021A00052483902,0,0,0,0,0,0,0,0,0,0,0,0,0,0,0,0,0,0,,,,,,,,,,POINT (-76.47760240690336 46.91027330287065)
2021A00052483904,0,0,0,0,0,0,0,0,0,0,0,0,0,0,0,0,0,0,,,,,,,,,,POINT (-76.14475326191219 47.0215230255098)
2021A00052483906,0,0,0,0,0,0,0,0,0,0,0,0,0,0,0,0,0,0,,,,,,,,,,POINT (-76.00316015625923 47.464435867345514)
2021A00052483908,0,0,0,0,0,0,0,0,0,0,0,0,0,0,0,0,0,0,,,,,,,,,,POINT (-75.63091478984045 47.55869056110506)
2021A00052483912,0,0,0,0,0,0,0,0,0,0,0,0,0,0,0,0,0,0,,,,,,,,,,POINT (-75.5654104089295 47.70572837568804)
2021A00052484005,0,0,0,0,1,0,0,6,6,0,0,0,0,7,0,0,47,47,,,,,,,,,,POINT (-76.37260673209649 45.57156772524954)
2021A00052484010,0,0,0,0,0,0,0,14,14,0,0,0,0,0,0,0,55,55,,,,,,,,,,POINT (-76.49635470082904 45.607747020236744)
2021A00052484015,0,0,0,0,0,0,0,0,0,0,0,0,0,0,0,0,0,0,,,,,,,,,,POINT (-76.51795905606792 45.631505812884456)
2021A00052484020,0,0,0,0,0,0,0,0,0,0,0,0,0,0,0,0,0,0,,,,,,,,,,POINT (-76.66317881910838 45.59391323985196)
2021A00052484025,0,0,0,0,0,0,0,0,0,0,0,0,0,0,0,0,0,0,,,,,,,,,,POINT (-76.61534144042537 45.667909843951975)
2021A00052484030,0,1,0,0,1,0,0,2,2,0,9,0,0,7,0,0,16,16,,,,,,,,,,POINT (-76.59327544695216 45.73105350750993)
2021A00052484035,0,0,0,0,0,0,0,0,0,0,0,0,0,0,0,0,0,0,,,,,,,,,,POINT (-76.68950863248763 45.73669153559003)
2021A00052484040,0,0,0,0,0,0,0,0,0,0,0,0,0,0,0,0,0,0,,,,,,,,,,POINT (-76.60106606464848 45.77456033625619)
2021A00052484045,0,0,0,0,1,0,0,1,1,0,0,0,0,3,0,0,3,3,,,,,,,,,,POINT (-76.42047723952089 45.761909712692145)
2021A00052484050,0,0,0,0,0,0,0,0,0,0,0,0,0,0,0,0,0,0,,,,,,,,,,POINT (-76.23397453979953 45.90849940147001)
2021A00052484055,0,0,0,0,0,0,0,0,0,0,0,0,0,0,0,0,0,0,,,,,,,,,,POINT (-76.47408548590549 45.93156550236601)
2021A00052484060,0,0,0,0,0,0,0,0,0,0,0,0,0,0,0,0,0,0,,,,,,,,,,POINT (-76.73472351407568 45.843313260595785)
2021A00052484065,0,0,0,0,2,0,0,2,2,0,0,0,0,35,0,0,35,35,,,,,,,,,,POINT (-76.72621937272436 46.00989488899005)
2021A00052484070,0,0,0,0,0,0,0,0,0,0,0,0,0,0,0,0,0,0,,,,,,,,,,POINT (-76.90192116691307 46.03117528560569)
2021A00052484082,0,0,0,0,0,0,0,1,1,0,0,0,0,0,0,0,7,7,,,,,,,,,,POINT (-77.07095801107664 45.8665075653455)
2021A00052484090,0,0,0,0,0,0,0,0,0,0,0,0,0,0,0,0,0,0,,,,,,,,,,POINT (-77.08113206393918 45.991016465599195)
2021A00052484095,0,0,0,0,0,0,0,0,0,0,0,0,0,0,0,0,0,0,,,,,,,,,,POINT (-77.31131510351743 46.09505226876347)
2021A00052484100,0,0,0,0,0,0,0,0,0,0,0,0,0,0,0,0,0,0,,,,,,,,,,POINT (-77.69520003329652 46.27918492021618)
2021A00052484902,0,0,0,0,0,0,0,0,0,0,0,0,0,0,0,0,0,0,,,,,,,,,,POINT (-77.25493517785146 46.677778052581765)
2021A00052485005,0,0,0,0,2,0,0,6,6,0,0,0,0,509,0,0,982,982,,,,,,,,,,POINT (-78.94955365356316 46.706903800061156)
2021A00052485010,0,0,0,0,1,0,0,1,1,0,0,0,0,11,0,0,11,11,,,,,,,,,,POINT (-78.98458308883129 46.77377158671759)
2021A00052485015,0,0,0,0,4,0,0,11,11,0,0,0,0,10,0,0,32,32,,,,,,,,,,POINT (-79.34593162629659 47.17370221358384)
2021A00052485020,0,0,0,0,1,0,0,5,5,0,0,0,0,32,0,0,46,46,,,,,,,,,,POINT (-79.08231113376199 47.21489444809535)
2021A00052485025,0,3,1,0,1,0,0,6,6,0,20,2,0,130,0,0,154,154,,,,,,,,,,POINT (-79.45785679193303 47.33136339541746)
2021A00052485030,0,0,0,0,1,0,0,5,5,0,0,0,0,3,0,0,17,17,,,,,,,,,,POINT (-79.4653017146972 47.35381475488266)
2021A00052485037,0,1,0,0,2,0,0,10,10,0,4,0,0,6,0,0,31,31,,,,,,,,,,POINT (-79.33470198066281 47.35656473179813)
2021A00052485045,0,1,1,0,1,0,0,11,11,0,3,6,0,6,0,0,40,40,,,,,,,,,,POINT (-79.47752376053533 47.46795263649208)
2021A00052485052,0,1,0,0,0,0,0,6,6,0,8,0,0,0,0,0,41,41,,,,,,,,,,POINT (-79.1669398694748 47.51956138195125)
2021A00052485055,0,0,0,0,0,0,0,2,2,0,0,0,0,0,0,0,7,7,,,,,,,,,,POINT (-79.16725009197266 47.375713584801)
2021A00052485060,0,0,0,0,0,0,0,2,2,0,0,0,0,0,0,0,5,5,,,,,,,,,,POINT (-79.02162417678765 47.38237352155685)
2021A00052485065,0,0,0,0,0,0,0,1,1,0,0,0,0,0,0,0,6,6,,,,,,,,,,POINT (-78.73793233176012 47.35716604655767)
2021A00052485070,0,0,0,0,0,0,0,1,1,0,0,0,0,0,0,0,1,1,,,,,,,,,,POINT (-78.60116889972963 47.57859479493933)
2021A00052485075,0,0,0,0,0,0,0,1,1,0,0,0,0,0,0,0,3,3,,,,,,,,,,POINT (-78.87767711704616 47.59150225176952)
2021A00052485085,0,1,0,0,0,0,0,9,9,0,3,0,0,0,0,0,40,40,,,,,,,,,,POINT (-79.3508274932042 47.52845654425879)
2021A00052485090,1,2,0,0,1,1,0,8,8,65,67,0,0,5,6,0,139,139,,,,,,,,,,POINT (-79.43567925108331 47.59338338610291)
2021A00052485095,0,0,0,0,1,0,0,7,7,0,0,0,0,3,0,0,24,24,,,,,,,,,,POINT (-79.28819590515737 47.65453333078327)
2021A00052485100,0,0,0,0,0,0,0,7,7,0,0,0,0,0,0,0,17,17,,,,,,,,,,POINT (-79.40961055483332 47.76912849957718)
2021A00052485105,0,0,0,0,1,0,0,4,4,0,0,0,0,3,0,0,11,11,,,,,,,,,,POINT (-78.97773852615744 47.77219782391393)
2021A00052485802,0,0,0,0,0,0,0,0,0,0,0,0,0,0,0,0,0,0,,,,,,,,,,POINT (-78.9851030023469 46.78861025567021)
2021A00052485803,0,0,0,0,0,0,0,0,0,0,0,0,0,0,0,0,0,0,,,,,,,,,,POINT (-78.80033028794078 46.990908462026454)
2021A00052485804,0,0,0,0,1,0,0,3,3,0,0,0,0,3,0,0,6,6,,,,,,,,,,POINT (-78.56627470999027 47.578533547882884)
2021A00052485806,0,0,0,0,0,0,0,0,0,0,0,0,0,0,0,0,0,0,,,,,,,,,,POINT (-79.47911510910339 47.620313006120256)
2021A00052485905,0,0,0,0,0,0,0,0,0,0,0,0,0,0,0,0,0,0,,,,,,,,,,POINT (-79.20628276661489 47.01536541637618)
2021A00052485907,0,0,0,0,0,0,0,0,0,0,0,0,0,0,0,0,0,0,,,,,,,,,,POINT (-78.36849698912629 47.0522909998397)
2021A00052486042,2,11,14,0,10,10,1,51,56,68,152,158,0,78,983,2,1315,1415,123.0,217.0,169.0,9.0,158.0,1303.0,2.0,1942.0,2003.0,POINT (-78.90451602874259 48.17396332432392)
2021A00052487005,0,0,0,0,2,0,0,2,2,0,0,0,0,5,0,0,5,5,,,,,,,,,,POINT (-79.1908592106402 48.47331646572156)
2021A00052487010,0,0,0,0,0,0,0,0,0,0,0,0,0,0,0,0,0,0,,,,,,,,,,POINT (-79.35368649468188 48.53953706755156)
2021A00052487015,0,0,0,0,0,0,0,2,2,0,0,0,0,0,0,0,14,14,,,,,,,,,,POINT (-79.42021992234699 48.61012139079275)
2021A00052487020,0,0,0,0,0,0,0,2,2,0,0,0,0,0,0,0,5,5,,,,,,,,,,POINT (-79.30464158075308 48.62591808821954)
2021A00052487025,0,0,0,0,1,0,0,10,10,0,0,0,0,3,0,0,71,71,,,,,,,,,,POINT (-79.19539027130816 48.67363380326777)
2021A00052487030,0,0,0,0,0,0,0,8,8,0,0,0,0,0,0,0,20,20,,,,,,,,,,POINT (-79.10695588526687 48.60246385152629)
2021A00052487035,0,0,0,0,2,0,0,4,4,0,0,0,0,5,0,0,19,19,,,,,,,,,,POINT (-78.97111383273541 48.65183378884805)
2021A00052487042,0,0,0,0,0,0,0,1,1,0,0,0,0,0,0,0,3,3,,,,,,,,,,POINT (-78.75238611474163 48.63608323986772)
2021A00052487050,0,0,0,0,0,0,0,0,0,0,0,0,0,0,0,0,0,0,,,,,,,,,,POINT (-78.82980847453703 48.73438400669842)
2021A00052487058,1,2,1,0,2,0,0,9,9,26,31,26,0,5,0,0,52,52,,,,,,,,,,POINT (-79.03224063091699 48.75848742897489)
2021A00052487070,0,0,0,0,0,0,0,1,1,0,0,0,0,0,0,0,2,2,,,,,,,,,,POINT (-79.2985349506863 48.732073599928604)
2021A00052487075,0,1,0,0,0,0,0,2,2,0,2,0,0,0,0,0,10,10,,,,,,,,,,POINT (-79.43803413553339 48.72625736426467)
2021A00052487080,0,0,1,0,0,0,0,2,2,0,0,30,0,0,0,0,32,32,,,,,,,,,,POINT (-79.46293233117376 48.86543301414825)
2021A00052487085,0,1,1,0,2,0,1,6,6,0,3,21,0,10,0,21,39,39,,,,,,,,,,POINT (-79.36800830321387 48.83828741784971)
2021A00052487090,0,4,2,0,9,1,0,23,23,0,139,108,0,431,311,0,1054,1054,,,,,,,,,,POINT (-79.18979310596339 48.8149242952198)
2021A00052487095,0,0,0,0,0,0,0,2,2,0,0,0,0,0,0,0,5,5,,,,,,,,,,POINT (-79.03750258044246 48.874786790900636)
2021A00052487100,0,0,0,0,1,0,0,1,1,0,0,0,0,5,0,0,5,5,,,,,,,,,,POINT (-78.85094514848919 48.904146168670174)
2021A00052487105,0,0,0,0,0,0,0,0,0,0,0,0,0,0,0,0,0,0,,,,,,,,,,POINT (-79.14104401154368 48.96441249838675)
2021A00052487110,0,0,0,0,0,0,0,0,0,0,0,0,0,0,0,0,0,0,,,,,,,,,,POINT (-79.22209133052398 48.935383700391064)
2021A00052487115,0,0,0,0,0,0,0,2,2,0,0,0,0,0,0,0,27,27,,,,,,,,,,POINT (-79.35364390924266 48.9793834829265)
2021A00052487120,0,0,0,0,0,0,0,0,0,0,0,0,0,0,0,0,0,0,,,,,,,,,,POINT (-79.43799463468838 48.953707792524895)
2021A00052487902,0,0,0,0,0,0,0,0,0,0,0,0,0,0,0,0,0,0,,,,,,,,,,POINT (-79.40860167026283 48.469662566717986)
2021A00052487904,0,0,0,0,0,0,0,0,0,0,0,0,0,0,0,0,0,0,,,,,,,,,,POINT (-78.9781718897063 48.94460232579121)
2021A00052488005,0,0,0,0,0,0,0,0,0,0,0,0,0,0,0,0,0,0,,,,,,,,,,POINT (-77.46444044590473 48.5703876465725)
2021A00052488010,0,0,0,0,0,1,0,2,2,0,0,0,0,0,2,0,4,4,,,,,,,,,,POINT (-77.45990702555775 48.67598146331893)
2021A00052488015,0,0,0,0,0,0,0,0,0,0,0,0,0,0,0,0,0,0,,,,,,,,,,POINT (-77.7260450772915 48.68503351341721)
2021A00052488022,0,0,1,0,2,1,0,5,6,0,0,15,0,33,15,0,64,79,,,,,,,,,,POINT (-77.66908559505345 48.42773934534588)
2021A00052488030,0,0,0,0,0,1,0,1,1,0,0,0,0,0,65,0,65,65,,,,,,,,,,POINT (-77.92691613815695 48.357965843365676)
2021A00052488035,0,0,0,0,1,0,0,3,3,0,0,0,0,317,0,0,326,326,,,,,,,,,,POINT (-77.886875577445 48.509076575164805)
2021A00052488040,0,1,0,0,0,0,0,2,2,0,3,0,0,0,0,0,6,6,0.0,1.0,0.0,0.0,20.0,0.0,0.0,40.0,40.0,POINT (-78.04875287318144 48.46226581151388)
2021A00052488045,0,0,0,0,0,1,0,1,1,0,0,0,0,0,9,0,9,9,,,,,,,,,,POINT (-78.1578187983461 48.34652028224292)
2021A00052488050,0,0,0,0,1,0,0,2,2,0,0,0,0,3,0,0,77,77,0.0,1.0,0.0,0.0,5.0,32.0,0.0,59.0,59.0,POINT (-78.17396372846147 48.47115289140733)
2021A00052488055,3,8,7,1,4,2,3,30,30,29,59,43,5,157,8,27,426,426,24.0,43.0,31.0,3.0,305.0,5.0,15.0,539.0,539.0,POINT (-78.02520967973723 48.61009786852773)
2021A00052488060,1,2,1,0,1,0,0,5,5,12,14,12,0,5,0,0,25,25,6.0,11.0,7.0,1.0,23.0,2.0,3.0,72.0,72.0,POINT (-78.11746239726334 48.678037827428575)
2021A00052488065,0,0,0,0,3,0,0,3,3,0,0,0,0,9,0,0,9,9,0.0,0.0,0.0,0.0,11.0,0.0,0.0,11.0,11.0,POINT (-77.95963310746275 48.85175320449319)
2021A00052488070,0,0,0,0,5,0,0,7,7,0,0,0,0,13,0,0,23,23,0.0,0.0,0.0,0.0,3.0,0.0,0.0,8.0,8.0,POINT (-78.31537997888528 48.83397051955167)
2021A00052488075,0,0,0,0,1,0,0,1,1,0,0,0,0,7,0,0,7,7,0.0,0.0,0.0,0.0,87.0,0.0,0.0,104.0,104.0,POINT (-78.31504591460845 48.6183535501677)
2021A00052488080,0,0,0,0,0,0,0,1,1,0,0,0,0,0,0,0,3,3,,,,,,,,,,POINT (-78.5338600969024 48.646961301988824)
2021A00052488085,0,0,0,0,0,0,0,2,2,0,0,0,0,0,0,0,6,6,0.0,0.0,0.0,0.0,45.0,0.0,0.0,79.0,79.0,POINT (-78.45116096090241 48.51998563087966)
2021A00052488090,0,0,0,0,1,1,0,2,2,0,0,0,0,15,198,0,213,213,,,,,,,,,,POINT (-78.43091953614568 48.3609948710424)
2021A00052488802,0,0,0,0,1,0,0,1,1,0,0,0,0,3,0,0,3,3,0.0,0.0,0.0,0.0,3.0,0.0,0.0,10.0,10.0,POINT (-78.12001223203848 48.599027331022874)
2021A00052488902,0,0,0,0,0,0,0,0,0,0,0,0,0,0,0,0,0,0,,,,,,,,,,POINT (-77.49235206044833 48.83297017503536)
2021A00052488904,0,0,0,0,0,0,0,1,1,0,0,0,0,0,0,0,8,8,,,,,,,,,,POINT (-78.09676068930193 48.93476893682652)
2021A00052489008,4,13,12,2,15,9,0,56,57,154,231,137,14,172,346,0,1051,1058,101.0,184.0,144.0,8.0,271.0,1368.0,2.0,2046.0,2102.0,POINT (-77.48017611964583 47.93358995493502)
2021A00052489010,0,0,0,0,1,0,0,2,2,0,0,0,0,11,0,0,13,13,,,,,,,,,,POINT (-78.26001200574947 48.148335957394146)
2021A00052489015,0,2,0,0,1,1,0,5,5,0,12,0,0,3,311,0,334,334,,,,,,,,,,POINT (-78.06511534175183 48.151967404860976)
2021A00052489040,0,0,0,0,5,0,0,7,7,0,0,0,0,268,0,0,292,292,,,,,,,,,,POINT (-76.3440351287527 48.31912877904092)
2021A00052489045,0,0,0,0,1,0,0,1,1,0,0,0,0,3,0,0,3,3,,,,,,,,,,POINT (-77.27437750647921 48.36430824910392)
2021A00052489050,0,0,0,0,0,0,0,1,1,0,0,0,0,0,0,0,2,2,,,,,,,,,,POINT (-77.43679900642832 48.3936125159099)
2021A00052489802,0,0,0,0,0,0,0,0,0,0,0,0,0,0,0,0,0,0,,,,,,,,,,POINT (-77.31128542689342 47.609896762074186)
2021A00052489804,0,0,0,0,0,0,0,0,0,0,0,0,0,0,0,0,0,0,0.0,0.0,0.0,0.0,0.0,0.0,0.0,0.0,0.0,POINT (-77.35132919342041 48.05981943365618)
2021A00052489902,0,0,0,0,0,0,0,0,0,0,0,0,0,0,0,0,0,0,,,,,,,,,,POINT (-76.7655085509768 47.916224847764184)
2021A00052489908,0,0,0,0,0,0,0,0,0,0,0,0,0,0,0,0,0,0,,,,,,,,,,POINT (-76.83950476360727 47.82229285008812)
2021A00052489910,0,0,0,0,0,0,0,0,0,0,0,0,0,0,0,0,0,0,,,,,,,,,,POINT (-77.00702483347348 47.468650429016115)
2021A00052489912,0,0,0,0,0,0,0,0,0,0,0,0,0,0,0,0,0,0,,,,,,,,,,POINT (-77.46890338899073 47.78944272979178)
2021A00052490012,0,3,2,0,21,1,0,30,31,0,8,144,0,640,35,0,1205,1240,,,,,,,,,,POINT (-73.99078626275549 48.1079550066548)
2021A00052490017,0,0,0,0,1,0,0,3,3,0,0,0,0,3,0,0,5,5,,,,,,,,,,POINT (-72.60890606791078 47.54146449076158)
2021A00052490027,0,0,0,0,0,0,0,1,1,0,0,0,0,0,0,0,3,3,,,,,,,,,,POINT (-72.37628795579099 47.624688676216046)
2021A00052490802,0,0,0,0,1,0,0,2,2,0,0,0,0,24,0,0,25,25,,,,,,,,,,POINT (-73.79289242095395 47.9231016679787)
2021A00052490804,0,0,0,0,1,0,0,1,1,0,0,0,0,68,0,0,68,68,,,,,,,,,,POINT (-74.93799084786954 48.668447502796475)
2021A00052491005,0,0,0,0,0,0,0,1,1,0,0,0,0,0,0,0,3,3,,,,,,,,,,POINT (-72.15860069484653 48.12012181490069)
2021A00052491010,0,0,0,0,2,0,0,3,3,0,0,0,0,8,0,0,10,10,,,,,,,,,,POINT (-71.98924991712887 48.31851338782249)
2021A00052491015,0,0,0,0,2,0,0,4,4,0,0,0,0,5,0,0,10,10,,,,,,,,,,POINT (-72.25813786188756 48.31956031952002)
2021A00052491020,1,1,0,0,0,0,0,11,11,33,33,0,0,0,0,0,181,181,,,,,,,,,,POINT (-72.06644864451081 48.426840895080744)
2021A00052491025,2,4,5,1,5,0,0,22,22,10,16,70,2,74,0,0,325,325,,,,,,,,,,POINT (-72.2475366155468 48.47751374610903)
2021A00052491030,0,0,0,0,0,0,0,1,1,0,0,0,0,0,0,0,3,3,,,,,,,,,,POINT (-72.42677520238031 48.420929312091246)
2021A00052491035,0,4,4,0,4,0,0,24,25,0,54,113,0,149,0,0,251,285,,,,,,,,,,POINT (-72.37790266193429 48.581806548795235)
2021A00052491042,2,7,6,1,10,1,2,53,54,26,38,69,2,393,2,7,923,924,,,,,,,,,,POINT (-72.43943150988969 48.72000732414436)
2021A00052491050,0,0,0,0,6,0,0,14,14,0,0,0,0,474,0,0,492,492,,,,,,,,,,POINT (-72.69742409283639 48.744064391704505)
2021A00052491802,0,2,2,0,3,1,0,7,7,0,11,13,0,14,4,0,27,27,,,,,,,,,,POINT (-72.24976063085023 48.56428838922345)
2021A00052491902,0,0,0,0,0,0,0,0,0,0,0,0,0,0,0,0,0,0,,,,,,,,,,POINT (-73.64410927723168 49.07188001256784)
2021A00052492005,0,1,1,0,2,0,0,12,12,0,2,2,0,7,0,0,57,57,,,,,,,,,,POINT (-71.9490485888257 48.814045804272645)
2021A00052492010,0,0,1,1,0,0,0,1,1,0,0,5,5,0,0,0,5,5,,,,,,,,,,POINT (-71.84706391616334 48.778086567898406)
2021A00052492015,0,1,2,0,1,0,0,7,7,0,2,5,0,3,0,0,28,28,0.0,2.0,6.0,2.0,59.0,0.0,0.0,118.0,118.0,POINT (-72.02172306321289 48.908685847933214)
2021A00052492022,3,8,3,0,22,1,0,51,52,5,187,127,0,368,72,0,810,882,5.0,140.0,94.0,0.0,373.0,53.0,0.0,733.0,786.0,POINT (-72.2454937020204 48.84613872919967)
2021A00052492030,1,4,2,1,3,2,0,22,22,5,33,26,21,13,25,0,102,102,,,,,,,,,,POINT (-72.40396242629988 48.9147236965848)
2021A00052492040,0,4,3,1,5,2,0,41,41,0,88,65,9,80,12,0,387,387,,,,,,,,,,POINT (-72.55068799471863 48.83235656186058)
2021A00052492045,0,0,0,0,2,0,0,4,4,0,0,0,0,188,0,0,193,193,,,,,,,,,,POINT (-72.70838234714539 48.94120208673545)
2021A00052492050,0,0,0,0,2,0,0,9,9,0,0,0,0,6,0,0,25,25,,,,,,,,,,POINT (-72.57480349721179 48.95099474365385)
2021A00052492055,0,0,0,0,7,0,0,13,13,0,0,0,0,481,0,0,499,499,,,,,,,,,,POINT (-72.56876340200608 49.03912488664433)
2021A00052492060,0,0,0,0,0,0,0,1,1,0,0,0,0,0,0,0,6,6,,,,,,,,,,POINT (-72.36605056417376 49.1021492042024)
2021A00052492065,0,0,0,0,0,0,0,4,4,0,0,0,0,0,0,0,13,13,2.0,11.0,8.0,6.0,4.0,8.0,0.0,37.0,37.0,POINT (-72.2738705664319 48.97414725434657)
2021A00052492070,0,0,0,0,0,0,0,1,1,0,0,0,0,0,0,0,3,3,,,,,,,,,,POINT (-72.21020719782372 49.049635669798576)
2021A00052492902,0,0,0,0,0,0,0,0,0,0,0,0,0,0,0,0,0,0,,,,,,,,,,POINT (-71.72465112774627 50.60513957014281)
2021A00052492904,0,0,0,0,1,0,0,1,1,0,0,0,0,3,0,0,3,3,,,,,,,,,,POINT (-72.89208025661435 50.09989250090529)
2021A00052493005,0,0,0,0,0,0,0,5,5,0,0,0,0,0,0,0,22,22,,,,,,,,,,POINT (-71.95047809538028 48.439743153684695)
2021A00052493012,0,1,1,0,5,1,0,33,33,0,245,245,0,44,3,0,377,377,,,,,,,,,,POINT (-71.85039819875652 48.39585919985697)
2021A00052493020,0,1,0,0,1,0,0,29,29,0,9,0,0,14,0,0,206,206,,,,,,,,,,POINT (-71.67345702264676 48.35139334387133)
2021A00052493025,0,0,0,0,0,1,0,9,9,0,0,0,0,0,19,0,62,62,,,,,,,,,,POINT (-71.64405524127453 48.43338188716375)
2021A00052493030,1,2,1,0,4,0,1,33,33,3,10,2,0,83,0,3,243,243,,,,,,,,,,POINT (-71.62111925093605 48.466892661457635)
2021A00052493035,0,2,1,0,0,1,0,13,13,0,45,2,0,0,4,0,109,109,,,,,,,,,,POINT (-71.87128656389997 48.539603502142036)
2021A00052493042,2,23,13,5,13,9,0,94,97,33,774,192,61,256,666,0,1341,1972,28.0,441.0,146.0,32.0,348.0,395.0,2.0,1178.0,1552.0,POINT (-71.70139429022197 48.59896750982047)
2021A00052493045,1,0,1,0,0,1,0,7,8,14,0,75,0,0,75,0,51,126,,,,,,,,,,POINT (-71.53954250075977 48.584656932208155)
2021A00052493055,0,0,0,0,0,0,0,3,3,0,0,0,0,0,0,0,8,8,,,,,,,,,,POINT (-71.49299129324208 48.69855591111271)
2021A00052493060,0,0,0,0,1,0,0,2,2,0,0,0,0,3,0,0,30,30,,,,,,,,,,POINT (-71.43386841401063 48.793308235745194)
2021A00052493065,0,0,0,0,1,0,0,5,5,0,0,0,0,317,0,0,334,334,,,,,,,,,,POINT (-71.6539939122341 48.74018295734913)
2021A00052493070,0,0,0,0,0,0,0,6,6,0,0,0,0,0,0,0,27,27,,,,,,,,,,POINT (-71.84113817148452 48.649461322039265)
2021A00052493075,0,0,1,0,2,0,0,5,5,0,0,10,0,75,0,0,91,91,,,,,,,,,,POINT (-71.98606731165216 48.72988837715401)
2021A00052493080,0,0,0,0,1,0,0,7,7,0,0,0,0,136,0,0,212,212,,,,,,,,,,POINT (-71.81899548958421 48.89924524401789)
2021A00052493902,0,0,0,0,0,0,0,0,0,0,0,0,0,0,0,0,0,0,,,,,,,,,,POINT (-71.4055024206201 47.97218433062275)
2021A00052493904,0,0,0,0,0,0,0,0,0,0,0,0,0,0,0,0,0,0,,,,,,,,,,POINT (-71.73078118050054 47.97453119889935)
2021A00052493906,0,0,0,0,0,0,0,0,0,0,0,0,0,0,0,0,0,0,,,,,,,,,,POINT (-71.57229208925845 48.07003488816668)
2021A00052493908,0,0,0,0,0,0,0,0,0,0,0,0,0,0,0,0,0,0,,,,,,,,,,POINT (-71.78317186665052 48.11208392537947)
2021A00052494068,15,91,50,10,34,48,2,276,306,252,3967,1701,162,728,3023,20,4277,7035,232.0,3392.0,1476.0,131.0,633.0,2507.0,16.0,3749.0,6031.0,POINT (-71.09698255893362 48.352195191236845)
2021A00052494205,0,0,0,0,0,0,0,3,3,0,0,0,0,0,0,0,12,12,,,,,,,,,,POINT (-70.04226919677538 48.161646681804825)
2021A00052494210,0,1,0,0,1,0,0,5,5,0,20,0,0,3,0,0,30,30,,,,,,,,,,POINT (-70.31204595604287 48.13023939742148)
2021A00052494215,0,1,0,0,0,1,0,1,1,0,2,0,0,0,2,0,2,2,,,,,,,,,,POINT (-70.4584519303508 48.20567474320725)
2021A00052494220,0,0,0,0,3,0,0,5,5,0,0,0,0,18,0,0,21,21,0.0,0.0,0.0,0.0,28.0,0.0,0.0,29.0,29.0,POINT (-70.84688658374615 48.13213971372198)
2021A00052494225,0,0,0,0,2,0,0,3,3,0,0,0,0,26,0,0,27,27,0.0,26.0,0.0,0.0,7.0,26.0,0.0,36.0,36.0,POINT (-70.64565527882432 48.292076406402224)
2021A00052494230,0,0,0,0,0,0,0,3,3,0,0,0,0,0,0,0,5,5,0.0,0.0,0.0,0.0,0.0,0.0,0.0,0.0,0.0,POINT (-70.59161696621113 48.39281142783678)
2021A00052494235,0,3,0,0,1,0,0,12,12,0,10,0,0,3,0,0,26,26,0.0,36.0,0.0,0.0,12.0,0.0,0.0,62.0,62.0,POINT (-70.83663857340713 48.48513348441315)
2021A00052494240,0,3,2,0,3,1,0,13,13,0,62,60,0,13,9,0,101,101,0.0,152.0,127.0,0.0,90.0,3.0,0.0,267.0,267.0,POINT (-71.10519300831815 48.53299583414214)
2021A00052494245,0,1,0,0,2,0,0,4,4,0,10,0,0,35,0,0,48,48,0.0,78.0,64.0,0.0,49.0,1.0,0.0,143.0,143.0,POINT (-71.08876682269668 48.64595773163294)
2021A00052494250,0,0,0,0,1,0,0,4,4,0,0,0,0,5,0,0,38,38,13.0,26.0,13.0,0.0,3.0,0.0,0.0,53.0,53.0,POINT (-71.31770141980088 48.70184787118044)
2021A00052494255,1,4,1,0,1,0,0,8,8,23,43,23,0,3,0,0,57,57,,,,,,,,,,POINT (-71.37290802014307 48.56123660311709)
2021A00052494260,0,1,1,0,1,0,0,3,3,0,3,3,0,3,0,0,8,8,7.0,9.0,15.0,0.0,1.0,10.0,0.0,28.0,38.0,POINT (-71.41227130950932 48.5255303765457)
2021A00052494265,1,0,0,0,0,0,0,3,3,1,0,0,0,0,0,0,5,5,3.0,6.0,3.0,0.0,34.0,7.0,2.0,129.0,129.0,POINT (-71.46354409169344 48.43912846129506)
2021A00052494926,0,0,0,0,0,0,0,0,0,0,0,0,0,0,0,0,0,0,,,,,,,,,,POINT (-70.63619068194608 48.05707484366795)
2021A00052494928,0,0,0,0,0,0,0,0,0,0,0,0,0,0,0,0,0,0,,,,,,,,,,POINT (-71.26369311794873 48.16634092870817)
2021A00052494930,0,0,0,0,0,0,0,0,0,0,0,0,0,0,0,0,0,0,,,,,,,,,,POINT (-70.66996331011082 50.59636735470188)
2021A00052495005,0,2,1,0,0,1,0,4,4,0,22,2,0,0,7,0,30,30,,,,,,,,,,POINT (-69.69040601188064 48.179382061921)
2021A00052495010,1,2,2,0,4,0,0,13,13,12,14,23,0,161,0,0,190,190,,,,,,,,,,POINT (-69.9066290757748 48.250222305228206)
2021A00052495018,0,0,0,0,1,0,0,2,2,0,0,0,0,32,0,0,34,34,,,,,,,,,,POINT (-69.56970847338751 48.30397959613745)
2021A00052495025,0,0,0,0,1,0,0,7,7,0,0,0,0,3,0,0,29,29,,,,,,,,,,POINT (-69.46619745644513 48.4329163578283)
2021A00052495032,0,0,0,0,0,0,0,2,2,0,0,0,0,0,0,0,13,13,,,,,,,,,,POINT (-69.32685953262917 48.57264702454059)
2021A00052495040,0,0,0,0,0,0,0,3,3,0,0,0,0,0,0,0,72,72,,,,,,,,,,POINT (-69.21300370787127 48.68099377994469)
2021A00052495045,0,0,1,0,4,1,0,10,10,0,0,6,0,29,6,0,51,51,,,,,,,,,,POINT (-69.15023038033146 48.7780293005417)
2021A00052495050,0,0,0,0,0,0,0,2,2,0,0,0,0,0,0,0,4,4,,,,,,,,,,POINT (-68.94965766860382 48.88432578739446)
2021A00052495802,0,0,0,0,1,0,0,2,2,0,0,0,0,52,0,0,59,59,,,,,,,,,,POINT (-69.39807588549951 48.336909297032484)
2021A00052495902,0,0,0,0,0,0,0,0,0,0,0,0,0,0,0,0,0,0,,,,,,,,,,POINT (-69.50382424099395 49.08434639928626)
2021A00052496005,0,0,0,0,0,0,0,2,2,0,0,0,0,0,0,0,129,129,,,,,,,,,,POINT (-67.36444179733107 49.45590168368213)
2021A00052496010,0,0,0,0,0,0,0,0,0,0,0,0,0,0,0,0,0,0,,,,,,,,,,POINT (-67.57711721183412 49.37394721177759)
2021A00052496015,0,0,0,0,0,0,0,0,0,0,0,0,0,0,0,0,0,0,,,,,,,,,,POINT (-67.74647525886645 49.33455061353935)
2021A00052496020,0,8,3,1,4,3,0,19,20,0,566,14,5,177,534,0,270,791,0.0,721.0,17.0,6.0,244.0,681.0,0.0,400.0,1064.0,POINT (-68.25017713827499 49.263724396269396)
2021A00052496025,0,0,0,0,1,0,0,4,4,0,0,0,0,3,0,0,22,22,0.0,55.0,3.0,1.0,20.0,49.0,0.0,54.0,100.0,POINT (-68.26602326000932 49.1337442122315)
2021A00052496030,0,0,0,0,0,0,0,3,3,0,0,0,0,0,0,0,5,5,0.0,0.0,0.0,0.0,14.0,0.0,0.0,81.0,81.0,POINT (-68.35773958255864 49.0976678434236)
2021A00052496035,0,0,0,0,0,0,0,2,2,0,0,0,0,0,0,0,19,19,0.0,0.0,0.0,0.0,17.0,0.0,0.0,96.0,96.0,POINT (-68.39997511646472 49.12684869963296)
2021A00052496040,0,0,0,0,1,0,0,2,2,0,0,0,0,3,0,0,5,5,0.0,0.0,0.0,0.0,9.0,0.0,0.0,52.0,52.0,POINT (-68.51026568280189 49.13338038448896)
2021A00052496802,0,0,0,0,0,0,0,0,0,0,0,0,0,0,0,0,0,0,,,,,,,,,,POINT (-68.69665467116272 49.0615669134031)
2021A00052496902,0,0,0,0,0,0,0,0,0,0,0,0,0,0,0,0,0,0,,,,,,,,,,POINT (-68.8204159612191 50.38572616965578)
2021A00052497007,1,5,5,2,2,4,0,42,44,17,539,152,14,14,610,0,249,845,21.0,653.0,183.0,16.0,39.0,736.0,0.0,487.0,1207.0,POINT (-66.13100236178607 50.286419474620516)
2021A00052497022,0,1,1,0,2,0,0,12,12,0,2,2,0,17,0,0,95,95,,,,,,,,,,POINT (-67.11402860840917 49.90427235503971)
2021A00052497035,0,0,0,0,0,0,0,1,1,0,0,0,0,0,0,0,54,54,,,,,,,,,,POINT (-67.21195999001792 52.77224671339653)
2021A00052497040,0,0,0,0,0,0,0,1,1,0,0,0,0,0,0,0,8,8,,,,,,,,,,POINT (-66.8253470725883 54.82006212296957)
2021A00052497802,0,0,0,0,0,0,0,5,5,0,0,0,0,0,0,0,106,106,0.0,0.0,0.0,0.0,0.0,0.0,0.0,30.0,30.0,POINT (-66.3849723034915 50.24378981569809)
2021A00052497804,0,0,0,0,0,0,0,2,2,0,0,0,0,0,0,0,9,9,0.0,0.0,0.0,0.0,0.0,0.0,0.0,74.0,74.0,POINT (-66.19301477588797 50.21266003358416)
2021A00052497806,0,0,0,0,0,0,0,0,0,0,0,0,0,0,0,0,0,0,,,,,,,,,,POINT (-66.79321100274778 54.8960613015483)
2021A00052497808,0,0,0,0,0,0,0,0,0,0,0,0,0,0,0,0,0,0,,,,,,,,,,POINT (-66.81272342905461 54.80434271500421)
2021A00052497810,0,0,0,0,0,0,0,0,0,0,0,0,0,0,0,0,0,0,,,,,,,,,,POINT (-66.78415359953303 54.81228450356518)
2021A00052497902,0,0,0,0,0,0,0,0,0,0,0,0,0,0,0,0,0,0,,,,,,,,,,POINT (-65.89208006925396 51.32625933763543)
2021A00052497904,0,0,0,0,0,0,0,0,0,0,0,0,0,0,0,0,0,0,,,,,,,,,,POINT (-66.96571878331827 50.693025071395795)
2021A00052497906,0,0,0,0,0,0,0,0,0,0,0,0,0,0,0,0,0,0,,,,,,,,,,POINT (-68.24557845280488 52.31754363231461)
2021A00052497908,0,0,0,0,0,0,0,0,0,0,0,0,0,0,0,0,0,0,,,,,,,,,,POINT (-68.68980830002515 53.954378600417954)
2021A00052497912,0,0,0,0,0,0,0,0,0,0,0,0,0,0,0,0,0,0,,,,,,,,,,POINT (-64.48794475510502 54.8237103430518)
2021A00052497914,0,0,0,0,0,0,0,0,0,0,0,0,0,0,0,0,0,0,,,,,,,,,,POINT (-66.97496899682477 54.9156334713576)
2021A00052498005,0,0,0,0,0,0,0,4,4,0,0,0,0,0,0,0,40,40,,,,,,,,,,POINT (-57.22748816234434 51.5272916895691)
2021A00052498010,0,0,0,0,0,0,0,4,4,0,0,0,0,0,0,0,162,162,,,,,,,,,,POINT (-57.83676469261155 51.47560922239522)
2021A00052498012,0,0,0,0,0,0,0,0,0,0,0,0,0,0,0,0,0,0,,,,,,,,,,POINT (-58.639843250334685 51.321948835657096)
2021A00052498014,0,0,0,0,0,0,0,3,3,0,0,0,0,0,0,0,7,7,,,,,,,,,,POINT (-58.98814841465327 50.973959239079804)
2021A00052498015,0,0,0,0,0,0,0,11,11,0,0,0,0,0,0,0,98,98,,,,,,,,,,POINT (-60.11913303195382 50.34582569338464)
2021A00052498020,0,0,0,0,0,0,0,0,0,0,0,0,0,0,0,0,0,0,,,,,,,,,,POINT (-63.09185237454645 49.50668837727847)
2021A00052498025,0,1,0,0,0,0,0,3,3,0,2,0,0,0,0,0,10,10,,,,,,,,,,POINT (-62.0055540070655 50.34258212883667)
2021A00052498030,0,0,0,0,0,0,0,4,4,0,0,0,0,0,0,0,21,21,,,,,,,,,,POINT (-62.30999679734678 50.351482266967196)
2021A00052498035,0,0,0,0,0,0,0,0,0,0,0,0,0,0,0,0,0,0,,,,,,,,,,POINT (-62.731558954026305 50.34741155302362)
2021A00052498040,0,2,0,0,0,1,0,14,14,0,8,0,0,0,6,0,61,61,,,,,,,,,,POINT (-63.31015964733875 50.41921935930783)
2021A00052498045,0,0,0,0,0,0,0,6,6,0,0,0,0,0,0,0,208,208,,,,,,,,,,POINT (-64.11023694434697 50.38929931451222)
2021A00052498050,0,0,0,0,0,0,0,0,0,0,0,0,0,0,0,0,0,0,,,,,,,,,,POINT (-64.39848989724447 50.40082155731354)
2021A00052498055,0,0,0,0,0,0,0,4,4,0,0,0,0,0,0,0,19,19,,,,,,,,,,POINT (-65.08124490689013 50.324050598635296)
2021A00052498802,0,0,0,0,0,0,0,2,2,0,0,0,0,0,0,0,10,10,,,,,,,,,,POINT (-58.68021726009137 51.222273667584794)
2021A00052498804,0,0,0,0,0,0,0,0,0,0,0,0,0,0,0,0,0,0,,,,,,,,,,POINT (-60.66625108955809 50.2204120140277)
2021A00052498806,0,0,0,0,0,0,0,0,0,0,0,0,0,0,0,0,0,0,,,,,,,,,,POINT (-61.79877180568137 50.136143094199355)
2021A00052498808,0,0,0,0,0,0,0,0,0,0,0,0,0,0,0,0,0,0,,,,,,,,,,POINT (-64.02924720605182 50.32939067571029)
2021A00052498904,0,0,0,0,0,0,0,0,0,0,0,0,0,0,0,0,0,0,,,,,,,,,,POINT (-63.060508998890036 51.174736624705446)
2021A00052498912,0,0,0,0,0,0,0,0,0,0,0,0,0,0,0,0,0,0,,,,,,,,,,POINT (-60.548451608586674 51.535992879375435)
2021A00052499005,0,0,0,0,3,0,0,4,4,0,0,0,0,123,0,0,190,190,,,,,,,,,,POINT (-76.9834969037063 49.04230591535065)
2021A00052499010,0,0,0,0,0,0,0,0,0,0,0,0,0,0,0,0,0,0,,,,,,,,,,POINT (-76.29860847705079 49.74546911811952)
2021A00052499015,0,0,1,0,1,0,1,2,2,0,0,2,0,32,0,2,34,34,,,,,,,,,,POINT (-77.77728566166968 49.75690337548391)
2021A00052499020,0,0,1,0,3,0,0,4,4,0,0,6,0,245,0,0,258,258,,,,,,,,,,POINT (-74.82553362474894 49.78512113909164)
2021A00052499025,1,1,0,0,4,0,0,8,8,1,20,0,0,342,0,0,673,673,,,,,,,,,,POINT (-74.24199074212223 49.87685302206907)
2021A00052499030,0,0,0,0,0,0,0,0,0,0,0,0,0,0,0,0,0,0,,,,,,,,,,POINT (-74.01446664573307 50.355270956490116)
2021A00052499035,0,0,0,0,0,0,0,0,0,0,0,0,0,0,0,0,0,0,,,,,,,,,,POINT (-78.78052132672208 51.185266027456834)
2021A00052499040,0,0,0,0,0,0,0,0,0,0,0,0,0,0,0,0,0,0,,,,,,,,,,POINT (-76.35468821611353 51.70983320560218)
2021A00052499045,0,0,0,0,0,0,0,0,0,0,0,0,0,0,0,0,0,0,,,,,,,,,,POINT (-78.05646762635669 52.14275099982188)
2021A00052499050,0,0,0,0,0,0,0,0,0,0,0,0,0,0,0,0,0,0,,,,,,,,,,POINT (-78.79174507541369 52.9373527023237)
2021A00052499055,0,0,0,0,0,0,0,0,0,0,0,0,0,0,0,0,0,0,,,,,,,,,,POINT (-78.33535794610637 53.63481390090923)
2021A00052499060,0,0,0,0,2,0,0,3,3,0,0,0,0,7,0,0,10,10,,,,,,,,,,POINT (-75.14905807039216 52.10400395172459)
2021A00052499065,0,0,0,0,0,0,0,0,0,0,0,0,0,0,0,0,0,0,,,,,,,,,,POINT (-66.90829256769044 55.18103919517155)
2021A00052499070,0,0,0,0,0,0,0,0,0,0,0,0,0,0,0,0,0,0,,,,,,,,,,POINT (-77.27359697607655 55.13462712410035)
2021A00052499075,0,0,0,0,0,0,0,0,0,0,0,0,0,0,0,0,0,0,,,,,,,,,,POINT (-77.74943003319329 55.293047466558)
2021A00052499080,0,0,0,0,0,0,0,0,0,0,0,0,0,0,0,0,0,0,,,,,,,,,,POINT (-76.50394367964137 56.54616233306385)
2021A00052499085,0,0,0,0,0,0,0,0,0,0,0,0,0,0,0,0,0,0,,,,,,,,,,POINT (-78.12738937202133 58.47406875196191)
2021A00052499090,0,0,0,0,0,0,0,0,0,0,0,0,0,0,0,0,0,0,,,,,,,,,,POINT (-65.9632783613059 58.70805072916493)
2021A00052499095,0,0,0,0,0,0,0,0,0,0,0,0,0,0,0,0,0,0,,,,,,,,,,POINT (-68.36822823390726 58.14116103706587)
2021A00052499100,0,0,0,0,0,0,0,0,0,0,0,0,0,0,0,0,0,0,,,,,,,,,,POINT (-69.95406258059604 58.71926559415469)
2021A00052499105,0,0,0,0,0,0,0,0,0,0,0,0,0,0,0,0,0,0,,,,,,,,,,POINT (-69.5676221927878 59.29370220604666)
2021A00052499110,0,0,0,0,0,0,0,0,0,0,0,0,0,0,0,0,0,0,,,,,,,,,,POINT (-70.01181979068173 60.033765101990916)
2021A00052499115,0,0,0,0,0,0,0,0,0,0,0,0,0,0,0,0,0,0,,,,,,,,,,POINT (-69.57699343352648 61.03660735675634)
2021A00052499120,0,0,0,0,0,0,0,0,0,0,0,0,0,0,0,0,0,0,,,,,,,,,,POINT (-77.33514054076713 60.05266500978744)
2021A00052499125,0,0,0,0,0,0,0,0,0,0,0,0,0,0,0,0,0,0,,,,,,,,,,POINT (-78.13013565273346 60.846569825262854)
2021A00052499130,0,0,0,0,0,1,0,1,1,0,0,0,0,0,1,0,1,1,,,,,,,,,,POINT (-71.92656897094163 61.586995001630235)
2021A00052499135,0,0,0,0,0,0,0,0,0,0,0,0,0,0,0,0,0,0,,,,,,,,,,POINT (-75.62648670931245 62.20880307263798)
2021A00052499140,0,0,0,0,0,0,0,0,0,0,0,0,0,0,0,0,0,0,,,,,,,,,,POINT (-77.8423908532198 62.40949569418939)
2021A00052499802,0,0,0,0,0,0,0,0,0,0,0,0,0,0,0,0,0,0,,,,,,,,,,POINT (-75.85903865805093 49.75565362234092)
2021A00052499804,0,0,0,0,2,0,0,2,2,0,0,0,0,14,0,0,14,14,,,,,,,,,,POINT (-73.6745307997913 50.55881648296461)
2021A00052499806,0,0,0,0,0,0,0,0,0,0,0,0,0,0,0,0,0,0,,,,,,,,,,POINT (-78.69778047846481 51.36090187362359)
2021A00052499808,0,0,0,0,0,0,0,0,0,0,0,0,0,0,0,0,0,0,,,,,,,,,,POINT (-76.34256757070769 51.67347976291093)
2021A00052499810,0,0,0,0,0,0,0,0,0,0,0,0,0,0,0,0,0,0,,,,,,,,,,POINT (-78.24146533961195 52.212295950407395)
2021A00052499812,0,0,0,0,0,0,0,0,0,0,0,0,0,0,0,0,0,0,,,,,,,,,,POINT (-78.72558555943503 53.04210227684072)
2021A00052499814,0,0,0,0,0,0,0,0,0,0,0,0,0,0,0,0,0,0,,,,,,,,,,POINT (-78.7593223306523 53.67012386263673)
2021A00052499816,0,0,0,0,0,0,0,0,0,0,0,0,0,0,0,0,0,0,,,,,,,,,,POINT (-77.3609029565509 55.22891423450983)
2021A00052499818,0,0,0,0,1,0,0,1,1,0,0,0,0,24,0,0,24,24,,,,,,,,,,POINT (-74.70069398397978 49.96637553699906)
2021A00052499877,0,0,0,0,0,0,0,0,0,0,0,0,0,0,0,0,0,0,,,,,,,,,,POINT (-76.59550598020637 56.10595443828293)
2021A00052499878,0,0,0,0,0,0,0,0,0,0,0,0,0,0,0,0,0,0,,,,,,,,,,POINT (-76.33028382356136 56.50663522480931)
2021A00052499879,0,0,0,0,0,0,0,0,0,0,0,0,0,0,0,0,0,0,,,,,,,,,,POINT (-77.99077183354287 58.44746040807792)
2021A00052499883,0,0,0,0,0,0,0,0,0,0,0,0,0,0,0,0,0,0,,,,,,,,,,POINT (-77.73964811117094 60.89155586766161)
2021A00052499885,0,0,0,0,0,0,0,0,0,0,0,0,0,0,0,0,0,0,,,,,,,,,,POINT (-77.69436236073523 62.415752987905584)
2021A00052499887,0,0,0,0,0,0,0,0,0,0,0,0,0,0,0,0,0,0,,,,,,,,,,POINT (-75.63588066436732 62.139454745025745)
2021A00052499888,0,0,0,0,0,0,0,0,0,0,0,0,0,0,0,0,0,0,,,,,,,,,,POINT (-72.01790851533038 61.568258840806415)
2021A00052499889,0,0,0,0,0,0,0,0,0,0,0,0,0,0,0,0,0,0,,,,,,,,,,POINT (-69.5110729005285 60.89042662478337)
2021A00052499890,0,0,0,0,0,0,0,0,0,0,0,0,0,0,0,0,0,0,,,,,,,,,,POINT (-69.74935169356662 59.88404310748762)
2021A00052499891,0,0,0,0,0,0,0,0,0,0,0,0,0,0,0,0,0,0,,,,,,,,,,POINT (-69.98328346511713 59.18011828470106)
2021A00052499892,0,0,0,0,0,0,0,0,0,0,0,0,0,0,0,0,0,0,,,,,,,,,,POINT (-69.89374277105917 58.564175000312865)
2021A00052499893,0,0,0,0,0,0,0,0,0,0,0,0,0,0,0,0,0,0,,,,,,,,,,POINT (-68.55454943643478 58.263048201942865)
2021A00052499894,0,0,0,0,0,0,0,0,0,0,0,0,0,0,0,0,0,0,,,,,,,,,,POINT (-65.83532299074297 58.65278201278058)
2021A00052499902,0,0,0,0,0,0,0,0,0,0,0,0,0,0,0,0,0,0,,,,,,,,,,POINT (-68.75877760575949 57.851598004152834)
2021A00052499904,0,0,0,0,0,0,0,0,0,0,0,0,0,0,0,0,0,0,,,,,,,,,,POINT (-76.1070339525562 58.55036011202436)
2021A00053501005,1,8,4,2,4,4,0,71,71,2,38,31,15,87,29,0,330,330,,,,,,,,,,POINT (-74.56524840190016 45.194040535359505)
2021A00053501007,0,0,0,0,0,0,0,0,0,0,0,0,0,0,0,0,0,0,,,,,,,,,,POINT (-74.71875650748538 45.00659540929169)
2021A00053501011,3,10,9,0,2,4,1,28,32,63,297,135,0,5,52,24,318,370,55.0,255.0,116.0,0.0,7.0,45.0,20.0,329.0,374.0,POINT (-74.95753127602377 45.07516777026321)
2021A00053501012,1,19,7,0,3,5,0,44,46,3,423,54,0,69,208,0,782,804,4.0,515.0,69.0,0.0,85.0,255.0,0.0,963.0,991.0,POINT (-74.72901984562542 45.04148366941669)
2021A00053501020,3,7,5,1,2,3,1,38,38,201,289,88,60,39,82,5,666,666,,,,,,,,,,POINT (-75.28513732576727 44.94902685758947)
2021A00053501030,0,5,2,0,2,4,0,78,78,0,125,21,0,17,32,0,449,449,,,,,,,,,,POINT (-75.3744580811063 45.08768140456464)
2021A00053501042,2,2,0,0,1,0,0,51,51,30,7,0,0,3,0,0,293,293,,,,,,,,,,POINT (-74.98155368036538 45.204243850345925)
2021A00053501050,1,5,2,0,4,1,0,62,62,2,19,7,0,175,4,0,487,487,,,,,,,,,,POINT (-74.68793144758548 45.34961294239877)
2021A00053502001,1,2,1,0,2,0,0,32,32,13,119,13,0,9,0,0,308,308,,,,,,,,,,POINT (-74.50286450857321 45.50285970263312)
2021A00053502008,3,10,5,1,0,2,0,20,21,14,281,123,28,0,59,0,668,683,9.0,111.0,160.0,8.0,8.0,139.0,11.0,426.0,430.0,POINT (-74.60960172269463 45.61222041874023)
2021A00053502010,0,3,4,1,2,4,1,33,33,0,72,590,6,9,553,50,793,793,,,,,,,,,,POINT (-74.64678266863642 45.5321214028556)
2021A00053502023,0,2,0,0,2,1,0,33,33,0,8,0,0,75,7,0,173,173,,,,,,,,,,POINT (-74.98324422129686 45.54879917256292)
2021A00053502025,2,2,2,0,0,2,0,40,41,14,50,19,0,0,80,0,236,251,,,,,,,,,,POINT (-74.97074391841188 45.39012066371778)
2021A00053502036,0,6,3,0,5,1,0,31,32,0,53,15,0,76,7,0,179,186,0.0,51.0,15.0,0.0,139.0,24.0,0.0,347.0,354.0,POINT (-75.20735552436881 45.47189226870134)
2021A00053502044,0,1,0,0,0,0,0,15,15,0,3,0,0,0,0,0,52,52,,,,,,,,,,POINT (-75.09460252310475 45.31399421049635)
2021A00053502048,1,6,2,1,3,1,0,31,31,3,29,8,3,17,3,0,269,269,6.0,52.0,13.0,5.0,31.0,5.0,0.0,401.0,401.0,POINT (-75.31001271946529 45.26929459365705)
2021A00053506008,78,275,100,19,49,75,5,717,742,2536,6859,2696,281,827,2292,230,12023,13199,1753.0,5363.0,2143.0,207.0,923.0,1831.0,155.0,10742.0,11660.0,POINT (-75.84489252509549 45.297708641980776)
2021A00053507004,0,1,1,0,1,0,0,16,16,0,5,5,0,15,0,0,183,183,,,,,,,,,,POINT (-75.50197694616699 44.837287914805344)
2021A00053507006,1,0,0,0,0,2,0,13,13,1,0,0,0,0,109,0,146,146,,,,,,,,,,POINT (-75.64822074473463 44.74786375034518)
2021A00053507008,2,7,2,2,0,2,0,19,19,23,176,5,440,0,121,0,645,645,,,,,,,,,,POINT (-75.52058908026201 44.7181478600721)
2021A00053507014,2,4,4,0,1,2,1,26,27,6,30,33,0,7,4,5,174,177,19.0,95.0,104.0,0.0,22.0,12.0,15.0,491.0,501.0,POINT (-75.80047770024075 44.67367429294444)
2021A00053507015,3,14,6,2,1,2,0,27,28,111,1246,160,132,30,103,0,1639,1708,49.0,548.0,72.0,58.0,14.0,47.0,0.0,809.0,840.0,POINT (-75.70136665028785 44.603400073692214)
2021A00053507017,0,1,1,1,0,1,0,10,10,0,3,3,3,0,3,0,68,68,,,,,,,,,,POINT (-75.87516156165735 44.5193479864788)
2021A00053507021,1,2,2,0,2,0,0,20,20,2,7,7,0,6,0,0,53,53,,,,,,,,,,POINT (-76.06975357346037 44.462204804666484)
2021A00053507024,0,2,2,1,2,0,0,7,7,0,41,62,29,36,0,0,274,274,,,,,,,,,,POINT (-76.16768697940704 44.33214970272977)
2021A00053507033,0,0,0,0,0,0,0,1,1,0,0,0,0,0,0,0,26,26,,,,,,,,,,POINT (-76.39905939065974 44.67235166120564)
2021A00053507040,0,3,1,0,0,0,0,23,23,0,24,21,0,0,0,0,120,120,,,,,,,,,,POINT (-76.12842335433572 44.690156841034934)
2021A00053507042,0,0,0,0,0,0,0,5,5,0,0,0,0,0,0,0,23,23,,,,,,,,,,POINT (-75.9424431818987 44.604034489006786)
2021A00053507052,0,6,3,0,1,0,0,18,18,0,18,9,0,13,0,0,69,69,,,,,,,,,,POINT (-75.79465679103508 44.856690876448134)
2021A00053507065,2,4,2,0,3,1,0,34,35,7,18,5,0,25,31,0,200,203,18.0,46.0,13.0,0.0,62.0,76.0,0.0,338.0,346.0,POINT (-75.62562666895143 44.97866122997614)
2021A00053509001,0,0,0,0,1,0,0,2,2,0,0,0,0,7,0,0,12,12,,,,,,,,,,POINT (-75.95152708144671 44.96857890689172)
2021A00053509004,2,5,4,0,2,1,1,19,20,25,179,158,0,6,148,5,119,267,,,,,,,,,,POINT (-76.01362487775806 44.894023784964865)
2021A00053509010,0,2,2,0,1,2,0,5,7,0,22,22,0,3,22,0,46,68,,,,,,,,,,POINT (-76.20755182882786 44.954550979719095)
2021A00053509015,0,0,0,0,1,0,0,1,1,0,0,0,0,3,0,0,3,3,,,,,,,,,,POINT (-76.3839305106121 44.84569358495494)
2021A00053509021,1,9,5,2,1,4,0,27,27,9,148,85,6,3,83,0,516,516,,,,,,,,,,POINT (-76.24998250595503 44.90113270361801)
2021A00053509024,0,0,0,0,0,0,0,1,1,0,0,0,0,0,0,0,1,1,13.0,131.0,16.0,0.0,12.0,20.0,13.0,195.0,195.0,POINT (-76.08354173433443 45.087089251654426)
2021A00053509028,1,9,2,0,2,1,1,20,20,24,235,29,0,17,37,24,366,366,18.0,184.0,23.0,0.0,13.0,29.0,18.0,253.0,253.0,POINT (-76.13848000465404 45.138764231939895)
2021A00053509030,2,7,4,1,3,1,1,36,36,8,68,28,6,19,6,2,244,244,19.0,160.0,67.0,14.0,45.0,14.0,6.0,406.0,406.0,POINT (-76.291110423034 45.252029204061344)
2021A00053509039,0,0,0,0,7,0,0,21,21,0,0,0,0,58,0,0,108,108,,,,,,,,,,POINT (-76.53375565837393 45.077816595560925)
2021A00053510005,0,0,0,0,0,0,0,6,6,0,0,0,0,0,0,0,20,20,10.0,31.0,15.0,0.0,4.0,12.0,1.0,102.0,109.0,POINT (-76.3978390669372 44.18216649932687)
2021A00053510010,15,46,25,0,11,15,1,134,143,388,1147,576,0,161,538,24,1957,2445,302.0,903.0,452.0,0.0,126.0,423.0,19.0,1442.0,1824.0,POINT (-76.32994693975284 44.328813773931586)
2021A00053510020,1,1,2,0,1,2,0,20,22,3,3,10,0,3,10,0,129,139,77.0,204.0,114.0,0.0,31.0,87.0,4.0,426.0,502.0,POINT (-76.44692474645375 44.51398383984679)
2021A00053510035,0,0,0,0,1,0,0,3,3,0,0,0,0,3,0,0,10,10,,,,,,,,,,POINT (-76.89639247665066 44.73708407718177)
2021A00053510045,0,0,0,0,3,0,0,3,3,0,0,0,0,13,0,0,13,13,,,,,,,,,,POINT (-76.87285387338682 44.97466349945395)
2021A00053511005,1,4,2,0,0,1,0,17,18,117,170,152,0,0,35,0,563,598,143.0,208.0,186.0,0.0,0.0,43.0,0.0,402.0,445.0,POINT (-76.77080876187993 44.26826097447219)
2021A00053511015,3,8,3,0,1,1,2,40,40,596,83,65,0,15,2,60,953,953,,,,,,,,,,POINT (-76.94925676862348 44.2160188476043)
2021A00053511030,0,1,2,0,3,1,0,9,10,0,3,10,0,11,3,0,22,25,,,,,,,,,,POINT (-76.94546979991821 44.462244638017914)
2021A00053511035,0,0,0,0,2,0,0,3,3,0,0,0,0,6,0,0,8,8,,,,,,,,,,POINT (-77.32155169758636 44.92002775909118)
2021A00053512001,0,1,2,1,1,1,0,5,5,0,6,9,6,3,6,0,31,31,0.0,83.0,125.0,83.0,42.0,83.0,0.0,264.0,264.0,POINT (-77.1971366494023 44.29466948765495)
2021A00053512002,0,1,0,0,0,1,0,4,4,0,2,0,0,0,2,0,56,56,,,,,,,,,,POINT (-77.04934082554064 44.197721240277374)
2021A00053512004,0,0,0,0,0,0,0,0,0,0,0,0,0,0,0,0,0,0,,,,,,,,,,POINT (-77.15005415276211 44.19182735636183)
2021A00053512005,9,28,19,4,1,9,0,83,85,1221,795,625,25,63,215,0,2769,2878,732.0,476.0,375.0,15.0,38.0,130.0,0.0,1773.0,1839.0,POINT (-77.35818230556744 44.23970921766177)
2021A00053512015,0,14,10,7,5,6,0,69,71,0,200,165,568,28,130,0,1337,1418,0.0,246.0,204.0,702.0,36.0,162.0,0.0,1728.0,1829.0,POINT (-77.58602777248046 44.17867742762822)
2021A00053512020,1,4,0,0,4,0,0,31,31,4,25,0,0,104,0,0,198,198,4.0,48.0,3.0,0.0,135.0,0.0,0.0,284.0,284.0,POINT (-77.5999788545823 44.37662663903531)
2021A00053512026,0,3,1,0,4,0,0,13,13,0,28,3,0,47,0,0,98,98,,,,,,,,,,POINT (-77.44317709880066 44.41683231611264)
2021A00053512030,0,0,1,0,3,0,0,11,11,0,0,3,0,37,0,0,53,53,,,,,,,,,,POINT (-77.32768926825032 44.60983420223074)
2021A00053512036,1,1,1,0,2,0,0,6,6,4,4,4,0,22,0,0,65,65,,,,,,,,,,POINT (-77.50647891800487 44.58175761333236)
2021A00053512046,0,0,0,0,1,0,0,2,2,0,0,0,0,3,0,0,6,6,,,,,,,,,,POINT (-77.7233760930454 44.62396434808882)
2021A00053512048,0,0,0,0,0,0,0,0,0,0,0,0,0,0,0,0,0,0,,,,,,,,,,POINT (-77.59929485455129 44.75143540048517)
2021A00053512051,0,0,0,0,0,0,0,0,0,0,0,0,0,0,0,0,0,0,,,,,,,,,,POINT (-77.6728388188176 44.90420833602064)
2021A00053512054,0,1,0,0,0,0,0,2,2,0,5,0,0,0,0,0,12,12,,,,,,,,,,POINT (-77.83714293797611 44.8609472005463)
2021A00053512058,0,0,0,0,3,0,0,3,3,0,0,0,0,44,0,0,44,44,,,,,,,,,,POINT (-77.90429397255514 44.98705511085799)
2021A00053512061,1,4,4,1,11,1,0,18,18,13,17,51,6,83,6,0,118,118,,,,,,,,,,POINT (-77.7717990051054 45.04782163714114)
2021A00053512065,0,0,0,0,1,0,0,1,1,0,0,0,0,6,0,0,6,6,,,,,,,,,,POINT (-77.63139533790057 45.15412326938206)
2021A00053512076,0,1,1,1,2,1,0,6,6,0,3,3,3,7,3,0,22,22,,,,,,,,,,POINT (-77.95919266249076 45.255099482724575)
2021A00053513020,1,21,7,1,3,3,1,116,117,3,190,20,3,20,8,2,921,924,,,,,,,,,,POINT (-77.3381316450129 44.04465881698946)
2021A00053514004,3,2,2,0,2,0,1,26,26,29,16,5,0,10,0,2,165,165,,,,,,,,,,POINT (-77.7602386600713 44.11663076530071)
2021A00053514014,1,4,4,0,1,3,0,13,15,11,152,120,0,13,215,0,408,517,,,,,,,,,,POINT (-77.87500255985249 44.07865164737353)
2021A00053514019,0,0,1,0,1,1,0,14,15,0,0,35,0,7,35,0,45,80,,,,,,,,,,POINT (-78.2218413348317 44.061014633659305)
2021A00053514020,3,4,4,1,1,3,1,25,26,386,112,576,12,2,504,24,919,1256,215.0,65.0,342.0,8.0,6.0,300.0,14.0,572.0,779.0,POINT (-78.38780764147744 44.01491142370185)
2021A00053514021,7,18,15,5,5,7,1,56,59,71,339,210,181,187,89,50,1166,1223,40.0,182.0,131.0,95.0,102.0,66.0,26.0,669.0,718.0,POINT (-78.16387579333639 43.97300663157664)
2021A00053514024,0,1,1,0,1,0,0,12,12,0,15,15,0,15,0,0,53,53,,,,,,,,,,POINT (-78.05762014329524 44.119167632607365)
2021A00053514027,0,0,0,0,0,0,0,0,0,0,0,0,0,0,0,0,0,0,,,,,,,,,,POINT (-78.08174253653898 44.175933169636444)
2021A00053514045,1,9,5,0,3,1,1,45,45,3,52,45,0,151,2,3,313,313,,,,,,,,,,POINT (-77.80867118521915 44.28697081307005)
2021A00053515003,1,1,2,0,4,0,0,19,19,3,3,6,0,16,0,0,70,70,,,,,,,,,,POINT (-78.02013866060172 44.342645925391274)
2021A00053515005,1,3,4,0,0,2,1,29,30,232,19,255,0,0,18,232,335,350,79.0,74.0,69.0,11.0,20.0,28.0,16.0,211.0,251.0,POINT (-78.21701801424594 44.24051441579384)
2021A00053515008,0,0,0,0,0,0,0,0,0,0,0,0,0,0,0,0,0,0,6.0,3.0,9.0,0.0,0.0,2.0,6.0,15.0,16.0,POINT (-78.20761356521709 44.1898600594648)
2021A00053515013,2,5,2,1,2,1,1,27,27,11,62,23,7,10,2,2,139,139,25.0,139.0,53.0,14.0,21.0,4.0,5.0,318.0,318.0,POINT (-78.47070456595056 44.194929113234686)
2021A00053515014,10,35,16,3,6,9,0,73,77,874,853,728,149,242,331,0,1554,2141,695.0,617.0,710.0,165.0,178.0,298.0,169.0,1462.0,1824.0,POINT (-78.32168035742625 44.31548028681154)
2021A00053515015,1,9,7,2,3,3,1,37,37,50,147,198,126,47,144,50,421,421,133.0,156.0,136.0,41.0,48.0,72.0,8.0,367.0,450.0,POINT (-78.37061581288462 44.433975568656905)
2021A00053515019,0,0,0,0,0,0,0,0,0,0,0,0,0,0,0,0,0,0,2.0,9.0,8.0,4.0,3.0,5.0,2.0,41.0,41.0,POINT (-78.36224063171765 44.481920047955946)
2021A00053515023,0,2,3,0,3,0,0,11,11,0,4,7,0,36,0,0,56,56,8.0,20.0,39.0,0.0,165.0,0.0,0.0,266.0,266.0,POINT (-78.08890017403554 44.44089390531572)
2021A00053515030,1,3,1,1,0,2,0,5,5,4,25,3,3,0,21,0,160,160,,,,,,,,,,POINT (-77.90002866052909 44.57783459544383)
2021A00053515037,0,1,1,0,1,1,0,3,3,0,2,3,0,3,2,0,137,137,,,,,,,,,,POINT (-78.16283600825335 44.74326478430103)
2021A00053515044,2,2,1,0,2,0,1,15,16,5,5,2,0,5,0,2,178,181,,,,,,,,,,POINT (-78.43070094501577 44.673824867346696)
2021A00053516010,5,23,18,2,9,8,3,130,133,368,317,546,15,158,104,28,1082,1469,395.0,529.0,640.0,85.0,272.0,200.0,152.0,2152.0,2385.0,POINT (-78.79620107833784 44.519286318329335)
2021A00053518001,11,60,30,9,12,15,1,120,129,128,1759,555,270,84,664,24,2611,3109,393.0,1474.0,854.0,129.0,99.0,492.0,32.0,2082.0,2341.0,POINT (-79.14284611283327 43.91104786709417)
2021A00053518005,16,51,26,3,8,16,3,104,109,444,1459,771,60,57,211,62,2145,2220,595.0,2230.0,1294.0,197.0,149.0,739.0,48.0,3081.0,3473.0,POINT (-79.02668327020936 43.86947849957161)
2021A00053518009,19,53,24,2,9,16,2,105,114,788,1902,1638,120,196,825,26,2661,2986,791.0,1942.0,1213.0,160.0,149.0,636.0,111.0,3055.0,3469.0,POINT (-78.96413224668892 43.92985652020389)
2021A00053518013,12,29,22,1,6,9,5,77,85,870,389,470,3,84,101,205,1364,1636,1607.0,2212.0,2044.0,119.0,273.0,894.0,223.0,3892.0,4472.0,POINT (-78.87837760743277 43.94958354238867)
2021A00053518017,6,22,15,2,9,7,3,104,105,184,263,378,40,140,91,138,1942,1977,431.0,612.0,887.0,95.0,326.0,213.0,323.0,2852.0,2934.0,POINT (-78.65742164208463 43.98307367483729)
2021A00053518020,6,12,8,2,3,4,1,63,66,52,51,33,6,139,11,2,516,525,,,,,,,,,,POINT (-78.90679654297435 44.11785054378736)
2021A00053518022,0,0,0,0,0,0,0,0,0,0,0,0,0,0,0,0,0,0,,,,,,,,,,POINT (-78.88429331544793 44.19178854824483)
2021A00053518029,5,13,13,2,8,5,1,74,79,112,187,362,18,125,114,50,745,919,77.0,125.0,243.0,12.0,89.0,77.0,34.0,573.0,690.0,POINT (-79.18831222466372 44.117329682842666)
2021A00053518039,2,3,7,0,1,2,1,39,41,110,15,143,0,3,46,50,290,308,,,,,,,,,,POINT (-79.10143776964873 44.35064313539879)
2021A00053519028,115,423,281,37,148,134,8,875,983,7023,17242,12047,584,3656,3286,100,22486,30540,2515.0,6263.0,4256.0,219.0,1259.0,1301.0,35.0,8384.0,11096.0,POINT (-79.56263973464108 43.83742258250204)
2021A00053519036,64,225,89,13,53,47,2,486,502,2271,4856,2063,169,943,1515,10,8429,8793,2300.0,5343.0,2538.0,199.0,925.0,1564.0,12.0,8679.0,9271.0,POINT (-79.27636106543781 43.8740739014821)
2021A00053519038,31,133,56,7,24,43,2,234,244,1014,2805,1563,117,377,725,7,3972,4448,1216.0,2868.0,1840.0,106.0,554.0,647.0,18.0,4141.0,5225.0,POINT (-79.42852160637689 43.904434384544395)
2021A00053519044,8,31,20,5,5,18,1,80,88,70,341,180,45,149,142,10,716,820,450.0,819.0,547.0,30.0,69.0,151.0,27.0,1171.0,1371.0,POINT (-79.31963468208019 44.01023176289687)
2021A00053519046,14,44,22,5,7,9,1,88,92,949,1559,1325,64,75,105,24,1760,2693,707.0,1275.0,857.0,45.0,110.0,230.0,41.0,1761.0,2072.0,POINT (-79.4457236372548 43.9964918336774)
2021A00053519048,27,81,44,5,6,16,6,130,142,2350,3176,2260,46,40,441,210,3833,4261,1487.0,2301.0,1454.0,65.0,116.0,273.0,94.0,2867.0,3433.0,POINT (-79.4611354035481 44.05008976874504)
2021A00053519049,2,6,3,0,4,0,0,40,40,6,20,9,0,26,0,0,247,247,413.0,607.0,450.0,16.0,21.0,72.0,30.0,859.0,1029.0,POINT (-79.57610923714647 44.00673365094889)
2021A00053519054,3,18,5,2,1,5,0,45,48,514,904,21,10,1,14,0,985,994,646.0,935.0,518.0,13.0,13.0,108.0,48.0,1133.0,1236.0,POINT (-79.40480775221195 44.141821968627816)
2021A00053519070,4,10,7,0,4,5,1,36,40,78,175,139,0,54,90,2,327,414,450.0,1011.0,810.0,0.0,312.0,526.0,12.0,1303.0,1812.0,POINT (-79.32716359237796 44.31315054202561)
2021A00053519076,0,0,0,0,0,0,0,0,0,0,0,0,0,0,0,0,0,0,4.0,10.0,7.0,0.0,4.0,5.0,1.0,20.0,24.0,POINT (-79.29492096692589 44.36734887266972)
2021A00053520005,273,1240,594,101,294,331,25,2861,2995,7164,31548,13747,2584,5748,6617,313,56689,63224,7093.0,31187.0,13623.0,2560.0,5684.0,6389.0,312.0,56074.0,62492.0,POINT (-79.42989401229205 43.72832711104171)
2021A00053521005,187,614,349,53,149,156,20,1251,1355,7726,19760,11017,851,3452,3640,723,30617,35708,4837.0,12368.0,6906.0,532.0,2164.0,2276.0,454.0,19770.0,22965.0,POINT (-79.65111858297554 43.61199890881946)
2021A00053521010,93,294,219,36,89,110,18,617,683,4227,8381,6974,906,1244,3449,951,15361,19706,5758.0,11379.0,9483.0,1228.0,1690.0,4691.0,1300.0,21107.0,27042.0,POINT (-79.74817517927397 43.72601156636735)
2021A00053521024,12,60,47,6,22,26,3,184,194,95,644,805,89,413,485,6,2201,2497,117.0,785.0,986.0,108.0,508.0,591.0,9.0,2681.0,3043.0,POINT (-79.93162333857259 43.84609005944146)
2021A00053522001,1,2,2,0,0,0,0,10,10,83,104,104,0,0,0,0,121,121,,,,,,,,,,POINT (-80.27839594915953 43.845283101994376)
2021A00053522008,2,3,5,0,0,1,2,24,25,7,342,368,0,0,31,26,144,479,,,,,,,,,,POINT (-80.23410151530128 43.98264206863602)
2021A00053522010,0,0,0,0,0,0,0,7,7,0,0,0,0,0,0,0,17,17,,,,,,,,,,POINT (-80.36713178281987 43.95274200765354)
2021A00053522012,2,13,11,2,2,3,1,38,39,5,68,106,16,6,8,2,227,230,8.0,138.0,121.0,31.0,10.0,31.0,7.0,269.0,340.0,POINT (-80.06393595292353 44.02591907738611)
2021A00053522014,1,15,6,3,2,6,0,45,46,9,216,94,129,17,89,0,431,446,97.0,674.0,621.0,133.0,22.0,119.0,26.0,816.0,1141.0,POINT (-80.1100226525918 43.91230251092653)
2021A00053522016,1,3,0,0,0,1,0,14,14,3,9,0,0,0,2,0,55,55,,,,,,,,,,POINT (-80.10217755268734 44.18947158370568)
2021A00053522019,1,6,9,0,1,3,0,28,29,3,22,43,0,3,21,0,65,80,,,,,,,,,,POINT (-80.27686616552367 44.146109747994785)
2021A00053522021,1,2,1,1,2,1,0,12,12,2,5,3,3,17,3,0,44,44,,,,,,,,,,POINT (-80.20350369498351 44.08102629741213)
2021A00053523001,4,7,8,1,3,2,1,44,45,112,67,183,6,105,9,100,1091,1094,173.0,255.0,145.0,10.0,17.0,35.0,25.0,471.0,513.0,POINT (-80.14067310310959 43.466884335567364)
2021A00053523008,61,138,79,7,22,29,10,258,281,9131,9724,4461,96,480,727,1124,12596,14632,6191.0,6583.0,3141.0,69.0,464.0,519.0,819.0,9250.0,10639.0,POINT (-80.2540758916976 43.53883833109871)
2021A00053523009,2,4,3,0,3,1,0,32,33,4,44,42,0,107,35,0,206,241,447.0,492.0,230.0,6.0,32.0,43.0,55.0,795.0,897.0,POINT (-80.25126787180888 43.59538679998841)
2021A00053523017,1,8,9,0,6,5,0,41,46,3,124,179,0,22,126,0,258,384,,,,,,,,,,POINT (-80.11324802097087 43.74508650625776)
2021A00053523025,8,21,12,2,10,6,1,89,92,212,772,643,314,71,48,33,1019,1576,253.0,916.0,766.0,374.0,87.0,59.0,39.0,1364.0,2025.0,POINT (-80.37297228299475 43.71526606535564)
2021A00053523033,7,14,17,1,5,3,3,91,92,61,93,125,12,109,34,12,664,679,,,,,,,,,,POINT (-80.68853946738521 43.72326385208588)
2021A00053523043,1,2,5,1,4,2,0,53,54,530,14,555,12,28,15,0,221,751,,,,,,,,,,POINT (-80.8652947725375 43.909701805552125)
2021A00053523050,4,5,6,0,3,3,1,69,71,850,910,305,0,20,135,231,1215,1779,,,,,,,,,,POINT (-80.58643021728537 43.92197973956057)
2021A00053524001,48,143,80,8,9,39,10,259,279,2238,3976,2267,185,86,654,123,5763,6248,1408.0,2830.0,1677.0,150.0,261.0,699.0,102.0,4626.0,5187.0,POINT (-79.73562753973617 43.45182392993064)
2021A00053524002,50,161,82,12,23,46,7,323,336,1980,4521,2742,260,687,1428,182,7079,8257,1677.0,3370.0,1988.0,177.0,310.0,826.0,120.0,5319.0,5982.0,POINT (-79.82673337806946 43.3731873467967)
2021A00053524009,22,58,31,6,9,9,6,139,144,852,1790,1321,114,42,474,201,2649,3276,1033.0,2031.0,1441.0,94.0,216.0,567.0,153.0,3515.0,4085.0,POINT (-79.94867055870115 43.51395616184012)
2021A00053524015,9,35,25,3,9,13,1,106,112,519,906,594,12,246,281,2,2042,2171,721.0,1421.0,1004.0,66.0,153.0,396.0,106.0,2420.0,2816.0,POINT (-79.93360556840726 43.62801553904404)
2021A00053525005,73,238,169,31,51,90,18,665,708,2778,5562,5798,718,698,3794,548,11949,14447,4003.0,8749.0,8577.0,901.0,1427.0,4703.0,1305.0,18435.0,21365.0,POINT (-79.95535133998733 43.26936111207034)
2021A00053526003,3,19,10,4,0,3,0,41,42,61,994,201,88,0,75,0,1350,1353,33.0,608.0,206.0,46.0,45.0,186.0,0.0,983.0,1028.0,POINT (-79.02020932696028 42.903086796864116)
2021A00053526011,1,6,6,0,3,6,0,28,31,2,191,194,0,86,289,0,530,614,29.0,397.0,279.0,27.0,23.0,271.0,0.0,849.0,892.0,POINT (-79.19835026019894 42.91514202591697)
2021A00053526014,2,2,2,0,0,1,0,21,21,15,17,17,0,0,3,0,56,56,34.0,68.0,125.0,6.0,104.0,14.0,0.0,334.0,362.0,POINT (-79.38941327976046 42.93259401798061)
2021A00053526021,2,7,5,0,12,2,1,69,70,107,70,92,0,180,6,2,957,960,,,,,,,,,,POINT (-79.56187305409374 43.06874740271636)
2021A00053526028,1,3,3,1,4,2,0,43,44,3,21,51,3,56,5,0,309,324,46.0,115.0,128.0,3.0,16.0,96.0,1.0,434.0,461.0,POINT (-79.32772684769012 43.03811996623829)
2021A00053526032,3,15,15,2,0,14,0,45,49,37,347,676,12,0,694,0,1147,1227,109.0,556.0,568.0,39.0,173.0,536.0,22.0,1709.0,1832.0,POINT (-79.22978968616665 42.987067725638774)
2021A00053526037,2,6,4,0,1,5,0,20,22,9,62,51,0,34,88,0,171,213,136.0,372.0,244.0,17.0,65.0,137.0,8.0,733.0,875.0,POINT (-79.23095654845866 43.08550792848633)
2021A00053526043,8,39,18,3,7,6,1,80,84,190,676,358,72,228,191,50,1834,1902,171.0,768.0,768.0,60.0,185.0,688.0,36.0,2284.0,2419.0,POINT (-79.0959771531553 43.05234049903422)
2021A00053526047,1,17,6,0,2,1,0,131,131,2,194,48,0,6,2,0,2021,2021,86.0,221.0,98.0,5.0,25.0,21.0,2.0,512.0,609.0,POINT (-79.12828364982327 43.20167875261478)
2021A00053526053,8,60,32,3,13,12,1,159,168,901,2023,909,38,244,159,10,2485,3528,795.0,1814.0,893.0,27.0,209.0,240.0,8.0,3400.0,4176.0,POINT (-79.25499337713896 43.17561602166514)
2021A00053526057,11,29,16,1,5,6,1,156,160,318,539,378,3,42,120,2,2152,2271,260.0,544.0,335.0,11.0,66.0,64.0,31.0,1083.0,1306.0,POINT (-79.4116131993595 43.13806037718571)
2021A00053526065,4,9,11,1,1,3,4,40,41,154,244,410,3,3,20,154,683,698,201.0,305.0,309.0,3.0,81.0,54.0,55.0,1064.0,1112.0,POINT (-79.57534205681156 43.18083813580962)
2021A00053528018,6,27,16,3,14,11,1,176,181,155,519,1079,40,136,1085,50,2354,2416,,,,,,,,,,POINT (-79.81217872817926 42.92531502857253)
2021A00053528035,0,0,0,0,0,0,0,0,0,0,0,0,0,0,0,0,0,0,,,,,,,,,,POINT (-80.06318000754995 42.97450748789376)
2021A00053528037,0,0,0,0,0,0,0,0,0,0,0,0,0,0,0,0,0,0,,,,,,,,,,POINT (-80.02098142804157 43.03305782010876)
2021A00053528052,6,32,22,5,8,15,1,296,304,346,1144,970,440,57,287,50,2671,3322,795.0,1884.0,2235.0,323.0,335.0,866.0,379.0,3651.0,4551.0,POINT (-80.46676572856673 42.81108767109698)
2021A00053529005,5,25,23,4,7,13,3,159,164,70,675,1390,198,369,449,726,2391,2525,350.0,895.0,945.0,125.0,170.0,491.0,129.0,2129.0,2427.0,POINT (-80.41792742239626 43.149288117244204)
2021A00053529006,22,84,55,15,20,25,4,203,211,990,3242,2614,188,871,631,272,6168,6542,705.0,2589.0,2649.0,255.0,820.0,716.0,661.0,5545.0,5883.0,POINT (-80.28145525901968 43.15308359494608)
2021A00053529020,0,0,0,0,0,0,0,2,2,0,0,0,0,0,0,0,124,124,,,,,,,,,,POINT (-80.12127540659641 43.063657659883226)
2021A00053529021,0,0,0,0,0,0,0,0,0,0,0,0,0,0,0,0,0,0,,,,,,,,,,POINT (-80.09682834939792 42.998928110501396)
2021A00053530004,5,13,14,6,2,7,3,50,52,143,486,580,95,66,189,106,865,974,165.0,339.0,284.0,31.0,42.0,67.0,31.0,681.0,747.0,POINT (-80.37392051218667 43.336689239157465)
2021A00053530010,51,147,102,11,17,36,12,281,304,3102,7304,5307,565,275,1385,650,10375,11296,2248.0,4573.0,4005.0,438.0,550.0,933.0,486.0,8497.0,9465.0,POINT (-80.32772349785772 43.40378066113873)
2021A00053530013,45,101,68,15,31,26,6,248,258,1913,2884,3330,365,846,608,287,7404,8639,3927.0,7876.0,6548.0,668.0,820.0,1637.0,640.0,13646.0,15332.0,POINT (-80.48135759761122 43.42923407651199)
2021A00053530016,26,93,39,5,9,15,2,174,178,1409,2527,1742,97,186,564,29,4126,4677,1217.0,2027.0,1834.0,148.0,342.0,471.0,147.0,4110.0,4672.0,POINT (-80.54554830427243 43.48507271187436)
2021A00053530020,4,15,12,0,8,7,1,83,86,394,632,453,0,85,263,2,1081,1125,287.0,510.0,350.0,16.0,45.0,135.0,6.0,987.0,1081.0,POINT (-80.62544591345528 43.388065450968305)
2021A00053530027,15,61,64,17,28,26,2,154,164,77,439,394,92,376,170,12,850,960,,,,,,,,,,POINT (-80.71862421329517 43.55117684079501)
2021A00053530035,17,48,42,7,8,18,5,119,127,565,1085,937,58,87,219,203,1887,2041,368.0,677.0,501.0,29.0,53.0,148.0,43.0,1484.0,1616.0,POINT (-80.48940734397189 43.56917502636988)
2021A00053531011,13,38,29,4,4,10,0,84,94,3178,3053,3100,97,15,268,0,2967,5392,1730.0,1655.0,1725.0,54.0,36.0,162.0,40.0,1776.0,3070.0,POINT (-80.98398576174817 43.364301061072005)
2021A00053531013,1,1,1,0,2,0,0,35,35,83,83,83,0,33,0,0,249,249,,,,,,,,,,POINT (-81.1290563177237 43.308677641463696)
2021A00053531016,3,11,6,1,1,3,1,67,69,404,185,412,3,3,8,2,1015,1355,,,,,,,,,,POINT (-81.14496046426125 43.25440530713067)
2021A00053531025,3,11,5,2,2,3,0,82,83,24,132,20,5,6,8,0,417,420,,,,,,,,,,POINT (-81.24929644960122 43.47766349218652)
2021A00053531030,6,12,18,2,11,8,2,102,106,86,51,143,6,46,37,73,442,462,,,,,,,,,,POINT (-80.9560965685592 43.50208132739438)
2021A00053531040,10,17,21,3,7,6,1,145,149,818,511,846,21,37,59,2,1174,1606,,,,,,,,,,POINT (-80.97092082982753 43.70741372457683)
2021A00053532002,5,11,10,0,5,0,0,95,97,95,187,194,0,47,0,0,666,753,,,,,,,,,,POINT (-80.64477423432353 43.0025951294694)
2021A00053532004,9,24,20,3,8,9,0,59,65,1164,2009,1715,100,204,236,0,1491,2752,708.0,1209.0,1022.0,57.0,119.0,136.0,0.0,953.0,1670.0,POINT (-80.72922713686643 42.85627932496597)
2021A00053532012,1,2,1,0,0,0,0,60,60,83,117,83,0,0,0,0,329,329,,,,,,,,,,POINT (-80.82382666211217 42.972681941483394)
2021A00053532018,7,9,6,2,1,5,0,36,37,704,225,287,31,3,216,0,1348,1421,657.0,288.0,310.0,26.0,3.0,180.0,0.0,1250.0,1311.0,POINT (-80.8799128999708 43.03139657226966)
2021A00053532027,1,4,3,2,1,2,0,114,114,2,9,7,5,3,5,0,721,721,,,,,,,,,,POINT (-80.95468390179028 43.14449076722459)
2021A00053532038,2,6,4,0,0,1,0,52,52,4,153,43,0,0,4,0,319,319,,,,,,,,,,POINT (-80.78080619476295 43.23307455146191)
2021A00053532042,15,34,32,5,4,9,5,117,125,2453,1747,2786,124,177,344,346,3431,4853,2152.0,1668.0,2479.0,109.0,157.0,307.0,303.0,3207.0,4452.0,POINT (-80.72845029420587 43.13477949323252)
2021A00053532045,4,9,4,0,1,3,0,57,58,11,51,157,0,6,160,0,257,405,,,,,,,,,,POINT (-80.59560523003607 43.24837844667854)
2021A00053534005,1,3,3,1,1,3,1,29,30,100,40,106,6,3,41,100,221,224,,,,,,,,,,POINT (-80.78804994740972 42.73587400763688)
2021A00053534010,1,2,3,0,1,3,2,21,23,33,6,48,0,13,41,43,157,195,,,,,,,,,,POINT (-80.91581822881264 42.77818745296247)
2021A00053534011,4,17,17,3,7,7,2,78,80,301,750,1190,116,82,241,104,1538,1619,,,,,,,,,,POINT (-80.98394889113516 42.77545954070389)
2021A00053534020,0,2,2,1,1,1,0,47,48,0,9,9,6,7,6,0,200,203,182.0,469.0,538.0,23.0,46.0,59.0,29.0,740.0,901.0,POINT (-81.09195701629918 42.76614565035154)
2021A00053534021,8,21,12,0,5,2,0,71,76,652,1789,1706,0,125,17,0,1955,2719,707.0,1944.0,1854.0,7.0,153.0,26.0,0.0,1942.0,2773.0,POINT (-81.17686019249028 42.77771816547055)
2021A00053534024,1,0,0,0,1,0,0,15,15,2,0,0,0,7,0,0,57,57,60.0,160.0,149.0,0.0,14.0,3.0,0.0,282.0,347.0,POINT (-81.34836444006496 42.756934056246706)
2021A00053534030,0,0,0,0,2,0,0,21,21,0,0,0,0,5,0,0,50,50,,,,,,,,,,POINT (-81.4787402099288 42.66620616805411)
2021A00053534042,3,4,0,0,1,0,1,25,25,303,305,0,0,69,0,3,451,451,,,,,,,,,,POINT (-81.67771762108552 42.58842711382565)
2021A00053536020,24,71,54,10,21,28,3,442,456,1471,2745,2097,209,384,711,103,5261,6664,1446.0,2648.0,2031.0,151.0,182.0,960.0,75.0,3831.0,4916.0,POINT (-82.14401463723057 42.35555304618027)
2021A00053536029,0,0,0,0,0,0,0,0,0,0,0,0,0,0,0,0,0,0,0.0,0.0,0.0,0.0,0.0,0.0,0.0,0.0,0.0,POINT (-81.8774714194178 42.5669761716438)
2021A00053537001,0,0,0,0,0,0,0,1,1,0,0,0,0,0,0,0,3,3,,,,,,,,,,POINT (-82.65887943277693 41.77851284289132)
2021A00053537003,3,16,13,5,3,7,1,71,73,153,822,595,192,62,275,5,1121,1340,198.0,1059.0,767.0,245.0,81.0,352.0,7.0,1330.0,1613.0,POINT (-82.5636580569628 42.046096689408586)
2021A00053537013,2,20,15,4,5,6,1,80,85,52,626,527,87,27,125,50,1407,1676,90.0,568.0,666.0,173.0,40.0,238.0,79.0,1010.0,1317.0,POINT (-82.73053030743769 42.08562638175746)
2021A00053537016,4,8,9,2,4,4,1,50,54,59,89,311,131,23,176,50,469,588,459.0,903.0,917.0,136.0,54.0,191.0,63.0,1330.0,1667.0,POINT (-82.89665392156942 42.08389829518301)
2021A00053537028,3,7,4,0,3,1,0,38,40,624,732,631,0,38,7,0,951,1103,587.0,1057.0,857.0,100.0,76.0,147.0,38.0,1598.0,1920.0,POINT (-83.04244997167183 42.106403000391126)
2021A00053537034,3,10,6,0,2,2,0,18,22,95,574,192,0,37,10,0,654,809,832.0,1196.0,929.0,70.0,43.0,142.0,17.0,1669.0,2415.0,POINT (-83.05000550175836 42.2180683652656)
2021A00053537039,45,112,75,10,10,27,6,230,260,5077,6431,4996,290,167,552,93,7067,11739,5124.0,7463.0,5768.0,472.0,247.0,926.0,110.0,9716.0,14727.0,POINT (-82.9907845597481 42.29129283244073)
2021A00053537048,14,43,36,8,5,12,1,102,114,267,930,942,209,57,431,24,2790,3283,564.0,826.0,634.0,53.0,31.0,107.0,14.0,1118.0,1661.0,POINT (-82.8884400400859 42.25321329807791)
2021A00053537064,13,37,30,5,1,12,2,103,113,1868,3342,2937,39,3,727,105,2929,4404,1554.0,2781.0,2443.0,32.0,3.0,605.0,87.0,2409.0,3636.0,POINT (-82.65313049822612 42.2478320599775)
2021A00053538003,0,10,4,2,1,12,0,41,42,0,435,222,6,3,1060,0,1181,1255,0.0,200.0,102.0,3.0,6.0,573.0,0.0,691.0,725.0,POINT (-82.35470469885398 42.77568235424363)
2021A00053538004,0,0,0,0,0,0,0,0,0,0,0,0,0,0,0,0,0,0,,,,,,,,,,POINT (-82.4941162736757 42.561034352597346)
2021A00053538007,0,0,0,0,1,0,0,4,4,0,0,0,0,3,0,0,6,6,,,,,,,,,,POINT (-82.03857097288568 42.6940033325021)
2021A00053538015,0,1,0,0,0,1,0,14,14,0,8,0,0,0,8,0,39,39,,,,,,,,,,POINT (-81.92031904068016 42.84695662873113)
2021A00053538016,0,0,0,0,0,0,0,2,2,0,0,0,0,0,0,0,2,2,,,,,,,,,,POINT (-82.12065828135631 42.84413485995142)
2021A00053538018,0,0,0,0,0,2,0,4,4,0,0,0,0,0,24,0,28,28,,,,,,,,,,POINT (-82.11536415704758 42.783559269329416)
2021A00053538019,1,2,4,0,0,3,0,24,25,134,89,58,0,0,23,0,446,461,,,,,,,,,,POINT (-82.1389182914491 42.8793794033697)
2021A00053538025,0,0,0,0,0,0,0,0,0,0,0,0,0,0,0,0,0,0,2.0,21.0,9.0,1.0,3.0,15.0,0.0,42.0,45.0,POINT (-82.40068869874533 42.92297182608656)
2021A00053538030,3,28,15,2,3,25,0,71,77,109,1088,697,18,40,1461,0,1885,2081,107.0,1113.0,720.0,45.0,57.0,1593.0,0.0,2240.0,2439.0,POINT (-82.31538090626347 42.97851978061998)
2021A00053538031,0,3,2,1,1,2,0,7,8,0,41,35,28,13,35,0,102,109,4.0,43.0,24.0,2.0,4.0,50.0,0.0,99.0,106.0,POINT (-82.4090119791193 42.99457782819273)
2021A00053538035,0,2,0,0,0,1,0,27,27,0,76,0,0,0,2,0,162,162,0.0,295.0,0.0,0.0,0.0,9.0,0.0,496.0,496.0,POINT (-82.11665019841692 43.020396297142426)
2021A00053538040,1,8,4,1,3,2,0,65,66,3,51,24,3,9,10,0,363,378,,,,,,,,,,POINT (-81.90464030000545 43.19894903319073)
2021A00053538043,0,0,0,0,4,0,0,38,38,0,0,0,0,146,0,0,252,252,,,,,,,,,,POINT (-81.89593022433668 43.002973791330625)
2021A00053538056,0,0,0,0,0,0,0,0,0,0,0,0,0,0,0,0,0,0,,,,,,,,,,POINT (-82.00530716460126 43.1913877972228)
2021A00053539002,0,0,0,0,1,0,0,1,1,0,0,0,0,3,0,0,3,3,,,,,,,,,,POINT (-81.79900861299197 42.683918818996794)
2021A00053539005,2,2,1,0,0,0,0,33,33,423,84,83,0,0,0,0,488,488,,,,,,,,,,POINT (-81.71898740361561 42.740952974312286)
2021A00053539015,5,18,9,2,7,3,1,83,85,563,1348,488,604,72,88,74,2408,2458,292.0,701.0,255.0,312.0,40.0,47.0,39.0,1271.0,1298.0,POINT (-81.55077169239563 42.90573594813819)
2021A00053539017,0,0,0,0,0,0,0,0,0,0,0,0,0,0,0,0,0,0,,,,,,,,,,POINT (-81.4458783818246 42.8059712798828)
2021A00053539018,0,0,0,0,0,0,0,0,0,0,0,0,0,0,0,0,0,0,,,,,,,,,,POINT (-81.48393681651208 42.79905774874214)
2021A00053539021,0,0,0,0,0,0,0,0,0,0,0,0,0,0,0,0,0,0,,,,,,,,,,POINT (-81.40547970856463 42.824440683972995)
2021A00053539027,2,12,7,5,2,6,0,67,68,23,98,56,19,133,50,0,464,499,33.0,133.0,75.0,24.0,182.0,67.0,0.0,542.0,590.0,POINT (-81.11415777676268 43.05949929627377)
2021A00053539033,1,9,5,0,6,1,0,76,77,4,48,14,0,95,3,0,458,461,8.0,86.0,27.0,0.0,167.0,6.0,0.0,656.0,662.0,POINT (-81.4757260017012 43.02450303110505)
2021A00053539036,59,177,92,14,36,41,4,400,420,2621,7042,4313,501,831,1378,314,11443,12724,2912.0,7827.0,4802.0,559.0,924.0,1572.0,351.0,13002.0,14433.0,POINT (-81.24627520159915 42.94910641714428)
2021A00053539041,0,4,5,0,1,1,0,47,48,0,22,25,0,3,15,0,137,152,,,,,,,,,,POINT (-81.63096612377099 43.164255438562314)
2021A00053539047,0,0,0,0,0,0,0,22,22,0,0,0,0,0,0,0,76,76,0.0,0.0,0.0,0.0,0.0,0.0,0.0,139.0,139.0,POINT (-81.73405823781523 42.92097548115542)
2021A00053539060,1,6,5,1,0,3,0,32,34,5,22,23,3,0,17,0,112,126,,,,,,,,,,POINT (-81.3543445338317 43.207402555613946)
2021A00053540005,2,10,7,0,4,1,2,63,65,104,327,360,0,38,148,55,642,793,,,,,,,,,,POINT (-81.51376243768948 43.31883305174206)
2021A00053540010,4,9,3,0,0,1,0,66,67,37,91,20,0,0,15,0,302,317,,,,,,,,,,POINT (-81.60815562751817 43.46720844351451)
2021A00053540025,1,3,4,1,3,2,0,33,33,24,8,79,3,19,74,0,239,239,,,,,,,,,,POINT (-81.49063968555531 43.65063764307735)
2021A00053540028,1,6,2,0,2,0,0,32,32,6,30,9,0,5,0,0,733,733,,,,,,,,,,POINT (-81.70712256076392 43.737599256585206)
2021A00053540040,4,6,5,0,1,1,0,73,73,43,54,57,0,7,9,0,338,338,,,,,,,,,,POINT (-81.29545678426663 43.61729430768539)
2021A00053540046,0,3,3,2,1,2,0,34,34,0,11,11,9,15,9,0,148,148,,,,,,,,,,POINT (-81.06867738172159 43.89076824648397)
2021A00053540050,1,2,4,0,2,2,0,29,31,9,16,29,0,36,14,0,460,474,,,,,,,,,,POINT (-81.27639967550589 43.821743735794605)
2021A00053540055,0,3,3,0,2,1,0,36,36,0,125,186,0,18,4,0,407,407,,,,,,,,,,POINT (-81.42650567708144 43.8250095633553)
2021A00053540063,0,0,0,0,0,0,0,10,10,0,0,0,0,0,0,0,44,44,,,,,,,,,,POINT (-81.60420104887305 43.84928875338053)
2021A00053541004,0,2,3,0,5,0,1,42,42,0,53,12,0,48,0,2,242,242,,,,,,,,,,POINT (-81.19787508182047 44.027473171957915)
2021A00053541015,1,1,1,0,0,0,0,32,32,9,9,9,0,0,0,0,128,128,,,,,,,,,,POINT (-81.57596020152712 44.048472992237286)
2021A00053541024,0,3,1,0,2,1,0,32,32,0,45,21,0,5,18,0,655,655,,,,,,,,,,POINT (-81.4856333905182 44.24408700705758)
2021A00053541032,2,5,1,0,9,0,0,56,57,146,244,30,0,96,0,0,539,546,,,,,,,,,,POINT (-81.21534740854649 44.17811802784336)
2021A00053541043,1,3,4,2,1,4,0,36,37,13,12,47,5,15,71,0,161,196,,,,,,,,,,POINT (-81.20133931437886 44.401648773398776)
2021A00053541045,2,4,2,1,2,1,0,20,20,5,20,6,3,5,3,0,85,85,,,,,,,,,,POINT (-81.36496858367586 44.421934692954366)
2021A00053541055,2,3,1,1,2,1,0,24,25,6,34,28,28,22,28,0,199,202,,,,,,,,,,POINT (-81.20871671291899 44.714310156700805)
2021A00053541056,0,0,0,0,0,0,0,0,0,0,0,0,0,0,0,0,0,0,,,,,,,,,,POINT (-81.2895247762567 44.679977005082954)
2021A00053541057,0,0,0,0,0,0,0,0,0,0,0,0,0,0,0,0,0,0,,,,,,,,,,POINT (-81.28813647654492 44.56615258211139)
2021A00053541060,0,0,0,0,0,0,0,0,0,0,0,0,0,0,0,0,0,0,,,,,,,,,,POINT (-81.0390101560679 44.91308020354637)
2021A00053541069,0,2,0,0,0,0,0,6,6,0,34,0,0,0,0,0,45,45,,,,,,,,,,POINT (-81.38067249168608 45.06123405668966)
2021A00053542004,0,1,0,0,2,1,0,18,18,0,3,0,0,10,3,0,176,176,,,,,,,,,,POINT (-80.90307343877038 44.17283328518927)
2021A00053542005,2,38,36,9,11,15,0,105,107,7,151,144,48,47,78,0,438,444,,,,,,,,,,POINT (-80.59509124099552 44.100019031465344)
2021A00053542015,4,31,34,9,7,11,0,81,83,9,120,128,37,21,43,0,367,373,,,,,,,,,,POINT (-80.45658761990502 44.33997806264911)
2021A00053542029,3,6,0,0,2,3,0,35,35,7,106,0,0,9,104,0,368,368,,,,,,,,,,POINT (-81.0249638159397 44.15364642794761)
2021A00053542037,0,2,2,2,3,1,0,32,32,0,15,15,15,40,12,0,117,117,,,,,,,,,,POINT (-80.88412479641343 44.39155977708419)
2021A00053542045,1,6,2,1,6,2,0,48,48,2,25,90,3,25,6,0,509,509,,,,,,,,,,POINT (-80.38288498444639 44.47084194549501)
2021A00053542047,1,2,0,0,2,1,0,39,39,5,6,0,0,10,3,0,159,159,,,,,,,,,,POINT (-80.710012163612 44.58974163846357)
2021A00053542053,1,5,2,1,4,3,1,35,35,7,101,90,6,10,47,7,237,237,15.0,128.0,68.0,2.0,29.0,26.0,4.0,393.0,393.0,POINT (-81.03396972669985 44.62929398621649)
2021A00053542059,1,4,4,0,2,2,1,26,26,42,339,137,0,49,41,5,626,626,35.0,310.0,161.0,4.0,43.0,63.0,9.0,643.0,643.0,POINT (-80.9192029240516 44.575176973309944)
2021A00053543003,1,5,4,1,3,1,0,25,25,2,12,15,3,13,3,0,95,95,,,,,,,,,,POINT (-79.93520974504045 44.13724625269326)
2021A00053543005,2,11,10,2,8,5,0,58,62,5,176,47,9,30,34,0,372,400,,,,,,,,,,POINT (-80.0794850797357 44.362526232294286)
2021A00053543007,9,20,18,2,10,12,0,87,93,1651,1306,641,6,123,209,0,1488,2309,1677.0,1655.0,1006.0,15.0,176.0,496.0,7.0,1656.0,2914.0,POINT (-79.77420450195788 44.080656270252994)
2021A00053543009,1,7,6,1,5,3,0,38,39,64,89,26,6,84,17,0,274,281,206.0,283.0,81.0,19.0,269.0,54.0,0.0,840.0,863.0,POINT (-79.82557070163305 44.49474755092617)
2021A00053543014,8,19,11,2,7,6,1,59,64,224,534,471,9,62,346,7,449,1037,1210.0,1191.0,719.0,10.0,119.0,359.0,5.0,1191.0,2100.0,POINT (-79.62304961485756 44.11600587812107)
2021A00053543015,0,5,4,2,4,3,0,28,28,0,55,48,31,23,34,0,327,327,,,,,,,,,,POINT (-79.51979144798845 44.749494946651836)
2021A00053543017,4,18,11,2,3,7,0,53,56,91,160,139,15,68,39,0,363,396,195.0,806.0,587.0,23.0,132.0,81.0,43.0,1507.0,1715.0,POINT (-79.6056738516115 44.28950194036188)
2021A00053543019,0,6,3,1,0,1,0,19,19,0,50,37,3,0,3,0,329,329,,,,,,,,,,POINT (-79.25551883170083 44.628296990787035)
2021A00053543021,1,0,1,0,1,0,1,23,23,11,0,2,0,126,0,2,514,514,23.0,0.0,5.0,0.0,273.0,0.0,5.0,1002.0,1002.0,POINT (-79.81436284420715 44.265781360601984)
2021A00053543023,5,18,14,2,2,5,4,51,53,97,685,729,31,6,39,135,1002,1008,,,,,,,,,,POINT (-79.53977089576694 44.530771479843565)
2021A00053543031,3,14,4,0,3,4,0,45,46,250,273,290,0,79,54,0,876,883,116.0,142.0,175.0,2.0,48.0,31.0,0.0,562.0,566.0,POINT (-80.22423459200738 44.496841712869646)
2021A00053543042,24,81,58,4,15,16,5,181,195,403,1953,1396,40,271,167,110,3314,3828,668.0,2831.0,2064.0,75.0,458.0,278.0,150.0,4977.0,5715.0,POINT (-79.66336793824594 44.35429840053501)
2021A00053543050,0,0,0,0,0,0,0,0,0,0,0,0,0,0,0,0,0,0,,,,,,,,,,POINT (-79.34289042659717 44.65579559489577)
2021A00053543052,2,17,9,3,4,8,0,40,42,41,575,359,21,94,47,0,1032,1038,29.0,444.0,282.0,16.0,69.0,37.0,0.0,842.0,848.0,POINT (-79.3567525025891 44.54305725366118)
2021A00053543064,0,5,4,0,1,0,0,10,10,0,14,11,0,2,0,0,23,23,7.0,297.0,91.0,13.0,45.0,54.0,0.0,414.0,460.0,POINT (-80.0046720214249 44.50782429814482)
2021A00053543068,1,3,2,0,2,1,0,17,18,2,19,21,0,21,7,0,71,78,,,,,,,,,,POINT (-79.97600706691132 44.716109802834424)
2021A00053543069,0,0,0,0,0,0,0,0,0,0,0,0,0,0,0,0,0,0,,,,,,,,,,POINT (-80.20048445827265 44.832871906286286)
2021A00053543070,0,0,0,0,0,0,0,0,0,0,0,0,0,0,0,0,0,0,,,,,,,,,,POINT (-80.11864586894288 44.8102788006822)
2021A00053543071,1,2,3,1,3,0,0,15,15,4,6,9,3,7,0,0,50,50,,,,,,,,,,POINT (-79.79199535047849 44.70084669782075)
2021A00053543072,4,5,5,0,1,1,1,11,12,362,360,53,0,3,2,2,406,440,228.0,243.0,178.0,20.0,19.0,22.0,1.0,409.0,419.0,POINT (-79.91588676184335 44.78193521646179)
2021A00053543074,3,10,7,2,3,2,0,33,33,737,778,761,88,47,88,0,1423,1423,446.0,470.0,344.0,38.0,34.0,41.0,2.0,773.0,790.0,POINT (-79.89694047536058 44.74871216187337)
2021A00053544002,3,9,5,0,3,2,1,21,23,11,224,21,0,13,10,5,294,304,,,,,,,,,,POINT (-79.29144233811544 44.87856641742902)
2021A00053544018,5,4,4,0,6,3,2,31,32,102,47,43,0,96,11,72,640,675,,,,,,,,,,POINT (-79.14899998670015 45.032378273056025)
2021A00053544027,1,2,0,0,1,0,0,9,9,13,61,0,0,6,0,0,129,129,,,,,,,,,,POINT (-79.01552574365739 45.3087229657308)
2021A00053544042,1,7,4,0,11,3,0,39,40,125,162,142,0,75,28,0,603,610,,,,,,,,,,POINT (-79.28082818311192 45.306765460937605)
2021A00053544053,0,1,2,0,2,0,0,11,11,0,3,6,0,6,0,0,94,94,,,,,,,,,,POINT (-79.56884334248312 45.12358939400065)
2021A00053544065,0,3,2,0,1,2,0,2,4,0,13,6,0,6,6,0,13,19,,,,,,,,,,POINT (-79.84068003024139 44.990103882935976)
2021A00053544071,0,0,0,0,0,0,0,0,0,0,0,0,0,0,0,0,0,0,,,,,,,,,,POINT (-79.73003433701464 45.0099210817069)
2021A00053544073,0,0,0,0,0,0,0,0,0,0,0,0,0,0,0,0,0,0,,,,,,,,,,POINT (-80.04023342672434 45.083712873253084)
2021A00053546005,0,0,1,0,3,0,0,6,6,0,0,14,0,36,0,0,70,70,,,,,,,,,,POINT (-78.20089949464838 44.96098185315935)
2021A00053546015,2,4,3,0,1,1,0,8,9,6,9,41,0,15,35,0,30,65,,,,,,,,,,POINT (-78.7212273908741 44.93326556061379)
2021A00053546018,0,2,1,0,0,0,0,3,3,0,24,21,0,0,0,0,39,39,,,,,,,,,,POINT (-78.82930744947829 45.33663427756481)
2021A00053546024,0,1,1,0,4,1,0,9,10,0,6,15,0,44,15,0,86,101,,,,,,,,,,POINT (-78.40043053699961 45.202129933537975)
2021A00053547002,1,7,4,1,1,4,0,17,19,9,330,139,15,2,41,0,405,423,4.0,143.0,61.0,7.0,23.0,19.0,0.0,236.0,244.0,POINT (-76.3611336134479 45.42293862963381)
2021A00053547003,0,4,2,0,3,0,0,16,16,0,9,5,0,42,0,0,71,71,4.0,150.0,64.0,7.0,21.0,19.0,0.0,236.0,244.0,POINT (-76.50208156133435 45.41174667348358)
2021A00053547008,0,0,0,0,1,0,0,1,1,0,0,0,0,2,0,0,2,2,,,,,,,,,,POINT (-76.95286579200204 45.275884757252435)
2021A00053547020,1,2,3,0,4,0,0,6,6,2,7,10,0,54,0,0,61,61,,,,,,,,,,POINT (-77.38861647761934 45.316168789230844)
2021A00053547030,0,1,1,0,7,0,0,9,9,0,45,7,0,35,0,0,85,85,,,,,,,,,,POINT (-77.68150342981096 45.5223419808599)
2021A00053547033,0,0,0,0,2,0,0,4,4,0,0,0,0,4,0,0,8,8,,,,,,,,,,POINT (-77.52092258398724 45.62169520691236)
2021A00053547035,0,0,2,0,8,0,0,12,12,0,0,10,0,92,0,0,98,98,,,,,,,,,,POINT (-77.1240299975429 45.4299170915603)
2021A00053547037,0,0,0,0,0,0,0,1,1,0,0,0,0,0,0,0,2,2,,,,,,,,,,POINT (-77.24506994616377 45.563930816337496)
2021A00053547043,0,0,0,0,0,0,0,5,5,0,0,0,0,0,0,0,7,7,,,,,,,,,,POINT (-76.83517512110231 45.48475724306037)
2021A00053547046,0,0,0,0,0,0,0,2,2,0,0,0,0,0,0,0,4,4,,,,,,,,,,POINT (-76.65963766169095 45.505802584239035)
2021A00053547048,0,5,2,0,5,3,0,23,25,0,170,42,0,169,50,0,404,446,,,,,,,,,,POINT (-76.6862941353449 45.47286705351323)
2021A00053547056,0,5,3,1,2,4,0,33,34,0,395,18,6,6,344,0,471,478,,,,,,,,,,POINT (-76.86740897177631 45.719180580506965)
2021A00053547064,1,2,1,0,1,0,0,8,8,26,165,26,0,3,0,0,223,223,13.0,83.0,17.0,2.0,9.0,2.0,0.0,313.0,313.0,POINT (-77.11141444429249 45.81145191595911)
2021A00053547070,0,0,0,0,1,0,0,1,1,0,0,0,0,143,0,0,143,143,,,,,,,,,,POINT (-77.17973727895814 45.62974567691958)
2021A00053547075,0,2,2,1,3,1,0,23,23,0,6,6,3,19,3,0,405,405,11.0,70.0,15.0,2.0,20.0,2.0,0.0,309.0,309.0,POINT (-77.28515136051699 45.74843547414002)
2021A00053547076,0,0,0,0,5,1,0,10,10,0,0,0,0,127,8,0,145,145,0.0,0.0,0.0,0.0,115.0,7.0,0.0,137.0,137.0,POINT (-77.30378866917812 45.89444755645251)
2021A00053547090,0,0,1,0,1,0,0,1,1,0,0,3,0,3,0,0,3,3,,,,,,,,,,POINT (-77.50910060791132 45.97216483184356)
2021A00053547096,0,0,0,0,2,0,0,2,2,0,0,0,0,8,0,0,8,8,,,,,,,,,,POINT (-77.40187987590578 46.05752872895037)
2021A00053547098,0,0,0,0,0,0,0,0,0,0,0,0,0,0,0,0,0,0,,,,,,,,,,POINT (-78.04560620111845 46.15831595657637)
2021A00053548001,0,0,0,0,2,0,0,2,2,0,0,0,0,215,0,0,215,215,,,,,,,,,,POINT (-78.07256384521784 45.49976075048663)
2021A00053548013,0,0,0,0,0,0,0,0,0,0,0,0,0,0,0,0,0,0,,,,,,,,,,POINT (-78.46903534211349 46.18455214928555)
2021A00053548019,0,0,0,0,0,0,0,0,0,0,0,0,0,0,0,0,0,0,,,,,,,,,,POINT (-78.83138724262304 46.360309086829034)
2021A00053548021,1,0,0,0,1,0,1,4,4,70,0,0,0,2,0,70,77,77,,,,,,,,,,POINT (-78.70402871835937 46.31101006452801)
2021A00053548022,0,0,0,0,0,0,0,0,0,0,0,0,0,0,0,0,0,0,,,,,,,,,,POINT (-78.91301790662538 46.246780973495696)
2021A00053548027,0,0,1,0,0,0,0,4,4,0,0,21,0,0,0,0,146,146,0.0,0.0,7.0,0.0,3.0,0.0,0.0,59.0,59.0,POINT (-79.1068609680633 46.24441030645477)
2021A00053548031,0,1,2,0,1,1,0,5,6,0,7,10,0,3,3,0,19,22,0.0,6.0,12.0,0.0,13.0,3.0,0.0,47.0,50.0,POINT (-79.20541074161038 46.09763771691486)
2021A00053548034,0,0,1,0,1,0,0,4,4,0,0,2,0,7,0,0,12,12,0.0,5.0,23.0,5.0,6.0,7.0,0.0,146.0,146.0,POINT (-79.27448738953781 46.232825619112496)
2021A00053548044,6,25,26,4,5,12,1,58,63,123,171,376,20,89,170,24,758,884,91.0,128.0,273.0,15.0,66.0,124.0,18.0,1205.0,1297.0,POINT (-79.37963836503452 46.33619403796868)
2021A00053548055,1,2,4,2,2,3,0,18,19,6,24,61,24,36,59,0,116,151,,,,,,,,,,POINT (-80.07727185886452 46.39411071753961)
2021A00053548069,0,0,0,0,0,0,0,0,0,0,0,0,0,0,0,0,0,0,,,,,,,,,,POINT (-79.95994144977404 47.000944050533946)
2021A00053548072,0,0,0,0,0,0,0,0,0,0,0,0,0,0,0,0,0,0,,,,,,,,,,POINT (-80.07002408992219 46.981535641593176)
2021A00053548073,0,0,0,0,0,0,0,0,0,0,0,0,0,0,0,0,0,0,,,,,,,,,,POINT (-79.82851732564684 46.34959260459504)
2021A00053548091,0,0,0,0,0,0,0,0,0,0,0,0,0,0,0,0,0,0,,,,,,,,,,POINT (-78.49124876595071 45.79832506145052)
2021A00053548094,0,0,0,0,0,0,0,0,0,0,0,0,0,0,0,0,0,0,9.0,16.0,24.0,3.0,28.0,14.0,2.0,129.0,136.0,POINT (-79.51618372492881 46.636698422100444)
2021A00053549003,0,3,2,1,0,1,0,10,10,0,35,17,3,0,3,0,158,158,,,,,,,,,,POINT (-79.81186502844193 45.33270063954586)
2021A00053549005,0,0,1,0,0,1,0,0,1,0,0,15,0,0,15,0,0,15,,,,,,,,,,POINT (-79.961020584056 45.2046518073951)
2021A00053549012,0,0,0,0,0,0,0,1,1,0,0,0,0,0,0,0,4,4,,,,,,,,,,POINT (-79.50303880045006 45.44963490414042)
2021A00053549014,1,2,0,0,2,0,0,6,6,2,5,0,0,5,0,0,14,14,,,,,,,,,,POINT (-79.28973175193026 45.504835488008695)
2021A00053549018,0,0,0,0,0,0,0,0,0,0,0,0,0,0,0,0,0,0,,,,,,,,,,POINT (-79.11502437623317 45.62018825287692)
2021A00053549019,0,0,0,0,0,0,0,0,0,0,0,0,0,0,0,0,0,0,,,,,,,,,,POINT (-79.3482325323507 45.627956822449306)
2021A00053549022,2,2,3,0,1,1,0,6,6,33,33,173,0,3,140,0,180,180,,,,,,,,,,POINT (-79.40284280426454 45.621080803890635)
2021A00053549024,0,0,0,0,0,0,0,1,1,0,0,0,0,0,0,0,1,1,,,,,,,,,,POINT (-79.50972234034072 45.58206405722897)
2021A00053549028,0,1,1,0,1,0,0,3,3,0,2,3,0,3,0,0,7,7,,,,,,,,,,POINT (-79.85184981305824 45.49026030372681)
2021A00053549031,1,3,2,2,0,1,0,6,7,7,69,63,63,0,60,0,85,92,,,,,,,,,,POINT (-80.02822208593007 45.45615583201977)
2021A00053549032,0,2,0,0,2,0,0,10,10,0,62,0,0,6,0,0,157,157,,,,,,,,,,POINT (-80.02770668727334 45.3502293912732)
2021A00053549036,0,0,0,0,0,0,0,0,0,0,0,0,0,0,0,0,0,0,,,,,,,,,,POINT (-80.25943738543161 45.4386742847321)
2021A00053549039,0,0,0,0,0,0,0,0,0,0,0,0,0,0,0,0,0,0,,,,,,,,,,POINT (-80.03955428521951 45.69388670817769)
2021A00053549043,0,1,1,0,0,0,0,3,3,0,3,3,0,0,0,0,21,21,,,,,,,,,,POINT (-79.71673223152688 45.630858643807805)
2021A00053549046,0,0,0,0,1,0,0,2,2,0,0,0,0,6,0,0,7,7,,,,,,,,,,POINT (-79.41279288399821 45.747722644756735)
2021A00053549048,0,1,0,0,0,0,0,2,2,0,4,0,0,0,0,0,5,5,,,,,,,,,,POINT (-79.39659981552055 45.771923876001416)
2021A00053549051,0,0,0,0,0,0,0,2,2,0,0,0,0,0,0,0,18,18,,,,,,,,,,POINT (-79.2478887767615 45.78811059169261)
2021A00053549054,0,0,0,0,0,0,0,0,0,0,0,0,0,0,0,0,0,0,,,,,,,,,,POINT (-79.47225278864299 45.8672209142829)
2021A00053549056,0,1,1,0,3,0,0,7,7,0,5,5,0,18,0,0,66,66,,,,,,,,,,POINT (-79.37683257968378 45.8431974595513)
2021A00053549060,0,0,1,0,3,0,0,7,7,0,0,3,0,8,0,0,25,25,0.0,12.0,22.0,0.0,22.0,5.0,0.0,87.0,92.0,POINT (-79.33559228283588 46.0445864864664)
2021A00053549066,0,1,1,1,0,2,0,4,4,0,6,6,6,0,8,0,11,11,0.0,12.0,16.0,12.0,14.0,15.0,0.0,51.0,51.0,POINT (-79.41015104614418 46.178740183969175)
2021A00053549071,0,0,0,0,1,0,0,4,4,0,0,0,0,3,0,0,8,8,0.0,0.0,0.0,0.0,37.0,0.0,0.0,60.0,60.0,POINT (-79.5399522001024 46.06212067289765)
2021A00053549072,0,0,0,0,0,0,0,0,0,0,0,0,0,0,0,0,0,0,,,,,,,,,,POINT (-80.30084750310148 45.523123004281345)
2021A00053549073,0,0,0,0,0,0,0,0,0,0,0,0,0,0,0,0,0,0,,,,,,,,,,POINT (-80.16473898377245 45.28947718619537)
2021A00053549075,0,0,0,0,0,0,0,0,0,0,0,0,0,0,0,0,0,0,,,,,,,,,,POINT (-80.61233663296251 45.84684508490783)
2021A00053549076,0,0,0,0,0,0,0,0,0,0,0,0,0,0,0,0,0,0,,,,,,,,,,POINT (-80.54582284088647 45.973056031123804)
2021A00053549077,0,0,0,0,0,0,0,0,0,0,0,0,0,0,0,0,0,0,,,,,,,,,,POINT (-79.99870077125742 46.08122551066343)
2021A00053549078,0,0,0,0,0,0,0,1,1,0,0,0,0,0,0,0,3,3,,,,,,,,,,POINT (-80.45995538375792 45.75484514918519)
2021A00053549093,0,0,0,0,0,0,0,0,0,0,0,0,0,0,0,0,0,0,,,,,,,,,,POINT (-80.48555931868722 45.675293912070074)
2021A00053549095,0,0,0,0,0,0,0,0,0,0,0,0,0,0,0,0,0,0,,,,,,,,,,POINT (-79.30199916984137 45.90829700854531)
2021A00053549096,0,0,0,0,1,0,0,1,1,0,0,0,0,3,0,0,3,3,,,,,,,,,,POINT (-80.05750629287533 45.928281911873675)
2021A00053551001,0,0,0,0,0,0,0,0,0,0,0,0,0,0,0,0,0,0,,,,,,,,,,POINT (-82.042819108822 45.61678956268079)
2021A00053551006,0,0,0,0,1,0,0,5,5,0,0,0,0,7,0,0,17,17,,,,,,,,,,POINT (-82.194571782392 45.740670045311745)
2021A00053551011,0,2,1,0,0,0,0,4,4,0,6,5,0,0,0,0,11,11,,,,,,,,,,POINT (-81.87680827030914 45.72029175517604)
2021A00053551017,0,2,0,0,1,0,0,6,6,0,9,0,0,3,0,0,44,44,,,,,,,,,,POINT (-81.8688679818685 46.02250880052169)
2021A00053551021,0,0,0,0,0,0,0,0,0,0,0,0,0,0,0,0,0,0,,,,,,,,,,POINT (-82.26027863579608 45.87726501123016)
2021A00053551026,0,1,0,0,1,1,0,5,5,0,12,0,0,2,3,0,21,21,,,,,,,,,,POINT (-82.47337543886542 45.91528771007321)
2021A00053551027,0,0,0,0,0,0,0,0,0,0,0,0,0,0,0,0,0,0,,,,,,,,,,POINT (-82.63755396190193 45.922733648026)
2021A00053551028,0,0,0,0,0,0,0,2,2,0,0,0,0,0,0,0,7,7,,,,,,,,,,POINT (-82.589751608223 45.78337970352747)
2021A00053551034,0,0,0,0,0,0,0,0,0,0,0,0,0,0,0,0,0,0,,,,,,,,,,POINT (-83.36729177826105 45.92404959834515)
2021A00053551040,0,0,0,0,0,0,0,0,0,0,0,0,0,0,0,0,0,0,,,,,,,,,,POINT (-81.7586920652413 46.051338536117456)
2021A00053551041,0,0,0,0,0,0,0,0,0,0,0,0,0,0,0,0,0,0,,,,,,,,,,POINT (-82.00171684430072 45.961310211218255)
2021A00053551042,0,0,0,0,0,0,0,0,0,0,0,0,0,0,0,0,0,0,,,,,,,,,,POINT (-81.93078540213847 45.85762381781247)
2021A00053551043,0,0,0,0,0,0,0,1,1,0,0,0,0,0,0,0,8,8,,,,,,,,,,POINT (-81.73126532044951 45.70763053194001)
2021A00053551044,0,0,0,0,0,0,0,1,1,0,0,0,0,0,0,0,2,2,,,,,,,,,,POINT (-82.84788558946713 45.940482689296246)
2021A00053551045,0,1,0,0,0,0,0,1,1,0,7,0,0,0,0,0,7,7,,,,,,,,,,POINT (-82.17479678868831 45.81232447464026)
2021A00053551094,0,0,0,0,0,0,0,1,1,0,0,0,0,0,0,0,15,15,,,,,,,,,,POINT (-82.99580177847953 45.88964106668471)
2021A00053551100,0,0,0,0,0,0,0,0,0,0,0,0,0,0,0,0,0,0,,,,,,,,,,POINT (-82.87809080468521 45.94584096713575)
2021A00053552001,0,1,2,1,6,1,0,10,10,0,28,37,28,130,28,0,191,191,,,,,,,,,,POINT (-80.50020306684648 46.1413099514399)
2021A00053552004,0,0,0,0,2,0,0,2,2,0,0,0,0,6,0,0,6,6,0.0,0.0,0.0,0.0,19.0,0.0,0.0,19.0,19.0,POINT (-80.43699492397677 46.35129855857098)
2021A00053552013,0,0,1,0,0,0,0,3,3,0,0,5,0,0,0,0,12,12,0.0,0.0,47.0,0.0,0.0,0.0,0.0,58.0,58.0,POINT (-80.49234533504539 46.48891451372781)
2021A00053552023,0,0,0,0,2,0,0,5,5,0,0,0,0,4,0,0,11,11,,,,,,,,,,POINT (-82.06453889188258 46.24649662586661)
2021A00053552026,0,1,0,0,2,0,0,5,5,0,13,0,0,4,0,0,112,112,,,,,,,,,,POINT (-81.75306744922304 46.23838536334951)
2021A00053552028,0,0,0,0,0,0,0,1,1,0,0,0,0,0,0,0,1,1,,,,,,,,,,POINT (-81.75327555858581 46.32181749081572)
2021A00053552031,0,1,1,1,2,1,0,3,3,0,6,6,6,74,6,0,80,80,,,,,,,,,,POINT (-81.62945073478437 46.365849279367595)
2021A00053552036,0,0,0,0,0,0,0,1,1,0,0,0,0,0,0,0,35,35,,,,,,,,,,POINT (-80.82542449651046 46.00754343558647)
2021A00053552037,0,0,0,0,0,0,0,0,0,0,0,0,0,0,0,0,0,0,,,,,,,,,,POINT (-81.15170901569837 46.02416794966494)
2021A00053552051,0,0,0,0,0,0,0,0,0,0,0,0,0,0,0,0,0,0,0.0,0.0,0.0,0.0,0.0,0.0,0.0,0.0,0.0,POINT (-81.24383159650674 46.31780215059741)
2021A00053552052,0,0,0,0,0,0,0,0,0,0,0,0,0,0,0,0,0,0,,,,,,,,,,POINT (-81.52860465563518 47.853356626085215)
2021A00053552053,0,0,0,0,0,0,0,0,0,0,0,0,0,0,0,0,0,0,,,,,,,,,,POINT (-83.38378153703464 47.81040404607848)
2021A00053552054,0,0,0,0,0,0,0,0,0,0,0,0,0,0,0,0,0,0,,,,,,,,,,POINT (-83.33177117743583 47.83557944763238)
2021A00053552056,0,0,0,0,0,0,0,0,0,0,0,0,0,0,0,0,0,0,,,,,,,,,,POINT (-83.44698204795334 47.81497942690594)
2021A00053552058,0,0,0,0,0,0,0,0,0,0,0,0,0,0,0,0,0,0,,,,,,,,,,POINT (-83.37492688925377 47.85511463952446)
2021A00053552092,0,0,0,0,4,1,0,6,6,0,0,0,0,150,13,0,166,166,,,,,,,,,,POINT (-83.41047763241511 47.83358674014019)
2021A00053552093,0,0,0,0,1,0,0,1,1,0,0,0,0,15,0,0,15,15,,,,,,,,,,POINT (-82.11403115386094 47.42156636081323)
2021A00053553005,20,43,49,4,11,35,7,163,186,210,675,1467,320,72,3956,153,2504,5694,148.0,481.0,1030.0,226.0,120.0,8136.0,106.0,2155.0,9755.0,POINT (-81.06840144758202 46.57674868879823)
2021A00053553040,0,0,0,0,0,0,0,0,0,0,0,0,0,0,0,0,0,0,0.0,0.0,0.0,0.0,0.0,0.0,0.0,0.0,0.0,POINT (-80.83534645480856 46.77548594831603)
2021A00053554001,0,0,0,0,1,0,0,1,1,0,0,0,0,2,0,0,2,2,,,,,,,,,,POINT (-79.7664241676657 47.353050681228524)
2021A00053554006,0,0,0,0,0,0,0,0,0,0,0,0,0,0,0,0,0,0,,,,,,,,,,POINT (-79.72724881451693 47.25683251084548)
2021A00053554008,0,0,0,0,0,1,0,1,1,0,0,0,0,0,9,0,9,9,,,,,,,,,,POINT (-79.68733306019499 47.39813496612804)
2021A00053554014,0,0,0,0,0,0,0,2,2,0,0,0,0,0,0,0,5,5,,,,,,,,,,POINT (-79.59031896932942 47.52100511480712)
2021A00053554020,0,4,6,0,4,2,0,26,28,0,55,144,0,131,49,0,321,351,,,,,,,,,,POINT (-79.71652247514102 47.496471623289324)
2021A00053554021,0,0,0,0,0,0,0,0,0,0,0,0,0,0,0,0,0,0,,,,,,,,,,POINT (-79.82400479839832 47.53746819768823)
2021A00053554024,0,0,0,0,0,0,0,1,1,0,0,0,0,0,0,0,6,6,,,,,,,,,,POINT (-79.82407458180836 47.62543442081073)
2021A00053554026,0,0,0,0,0,0,0,0,0,0,0,0,0,0,0,0,0,0,,,,,,,,,,POINT (-79.69555896589635 47.62519565446148)
2021A00053554029,0,0,0,0,0,0,0,1,1,0,0,0,0,0,0,0,2,2,,,,,,,,,,POINT (-79.57442160036574 47.62431035788045)
2021A00053554032,0,0,0,0,0,0,0,0,0,0,0,0,0,0,0,0,0,0,,,,,,,,,,POINT (-79.57475083680372 47.708078835038584)
2021A00053554034,0,0,0,0,0,0,0,0,0,0,0,0,0,0,0,0,0,0,,,,,,,,,,POINT (-79.69596284049099 47.71405275430268)
2021A00053554036,0,3,3,1,1,2,0,18,19,0,11,82,3,14,77,0,80,154,,,,,,,,,,POINT (-79.82415177805865 47.70880361685427)
2021A00053554038,0,2,0,0,0,0,0,7,7,0,32,0,0,0,0,0,48,48,,,,,,,,,,POINT (-79.76449567052394 47.66771392762572)
2021A00053554042,0,0,0,0,1,0,0,1,1,0,0,0,0,72,0,0,72,72,,,,,,,,,,POINT (-80.33985971122816 47.71204364626067)
2021A00053554044,0,0,0,0,0,0,0,1,1,0,0,0,0,0,0,0,2,2,,,,,,,,,,POINT (-79.95265804752778 47.79751230466087)
2021A00053554049,0,0,0,0,1,0,0,4,4,0,0,0,0,6,0,0,14,14,,,,,,,,,,POINT (-79.82429423395104 47.797726580897155)
2021A00053554052,0,0,0,0,1,0,0,4,4,0,0,0,0,3,0,0,294,294,,,,,,,,,,POINT (-79.87535081896306 47.827171841849605)
2021A00053554054,0,0,0,0,0,0,0,0,0,0,0,0,0,0,0,0,0,0,,,,,,,,,,POINT (-79.94877250940488 47.88957785299329)
2021A00053554056,0,0,0,0,0,1,0,1,1,0,0,0,0,0,90,0,90,90,,,,,,,,,,POINT (-80.65811373646032 47.91226974738194)
2021A00053554057,0,0,0,0,0,0,0,0,0,0,0,0,0,0,0,0,0,0,,,,,,,,,,POINT (-80.63785624707435 48.06307976244778)
2021A00053554058,0,0,0,0,0,0,0,0,0,0,0,0,0,0,0,0,0,0,,,,,,,,,,POINT (-79.58507148932168 48.14039351629189)
2021A00053554062,0,0,0,0,0,0,0,0,0,0,0,0,0,0,0,0,0,0,,,,,,,,,,POINT (-79.69484439151057 48.056649005317034)
2021A00053554066,0,0,0,0,0,0,0,0,0,0,0,0,0,0,0,0,0,0,,,,,,,,,,POINT (-79.82386169458542 48.145384178715894)
2021A00053554068,0,1,2,0,2,2,0,7,7,0,6,90,0,70,93,0,194,194,,,,,,,,,,POINT (-80.08113159744055 48.19606039285753)
2021A00053554091,0,0,0,0,0,0,0,0,0,0,0,0,0,0,0,0,0,0,,,,,,,,,,POINT (-79.7028470138417 48.2328376910142)
2021A00053554094,0,0,1,0,2,0,0,3,3,0,0,3,0,5,0,0,6,6,,,,,,,,,,POINT (-80.43232449849553 47.777002043282174)
2021A00053556014,0,0,0,0,1,1,0,2,2,0,0,0,0,2,60,0,62,62,,,,,,,,,,POINT (-80.4778679584691 48.469524766478976)
2021A00053556027,1,6,6,1,8,9,0,38,42,25,58,135,15,96,331,0,624,698,33.0,80.0,187.0,20.0,154.0,494.0,0.0,928.0,1028.0,POINT (-81.26986816264606 48.48125162958245)
2021A00053556031,0,0,0,0,0,0,0,1,1,0,0,0,0,0,0,0,3,3,,,,,,,,,,POINT (-80.81207630891797 48.729000720048084)
2021A00053556033,0,0,0,0,0,0,0,0,0,0,0,0,0,0,0,0,0,0,,,,,,,,,,POINT (-79.98111362445309 48.637306339258174)
2021A00053556042,1,1,1,0,4,2,0,10,10,2,2,2,0,169,91,0,550,550,,,,,,,,,,POINT (-81.00576707251419 49.137165293283104)
2021A00053556048,0,0,0,0,0,0,0,1,1,0,0,0,0,0,0,0,2,2,,,,,,,,,,POINT (-81.56956305528448 49.251286700829176)
2021A00053556052,0,0,0,0,0,0,0,0,0,0,0,0,0,0,0,0,0,0,,,,,,,,,,POINT (-81.94159152771985 49.26343116707084)
2021A00053556056,0,1,0,0,4,1,0,6,6,0,2,0,0,38,2,0,42,42,,,,,,,,,,POINT (-82.17618797534179 49.3651170375868)
2021A00053556066,0,2,1,1,5,1,0,10,10,0,6,3,3,98,3,0,384,384,,,,,,,,,,POINT (-82.40922362388976 49.39354857871054)
2021A00053556070,0,0,0,0,2,0,0,2,2,0,0,0,0,5,0,0,5,5,,,,,,,,,,POINT (-82.61959453773981 49.49273939083013)
2021A00053556073,0,0,0,0,0,0,0,0,0,0,0,0,0,0,0,0,0,0,,,,,,,,,,POINT (-82.91994686867122 49.515819955645014)
2021A00053556076,1,1,2,0,8,0,0,13,13,3,3,17,0,118,0,0,193,193,,,,,,,,,,POINT (-83.65964546021833 49.686957500538526)
2021A00053556077,0,0,0,0,0,0,0,0,0,0,0,0,0,0,0,0,0,0,,,,,,,,,,POINT (-83.27815783581207 49.648317359353165)
2021A00053556091,0,0,0,0,0,0,0,0,0,0,0,0,0,0,0,0,0,0,,,,,,,,,,POINT (-80.60868649996438 48.36223954637876)
2021A00053556092,0,0,0,0,2,0,0,2,2,0,0,0,0,5,0,0,5,5,,,,,,,,,,POINT (-83.00574134054337 50.39497500137059)
2021A00053556093,0,0,0,0,0,0,0,0,0,0,0,0,0,0,0,0,0,0,,,,,,,,,,POINT (-81.62691841512773 52.28203219084916)
2021A00053556094,0,0,0,0,0,0,0,0,0,0,0,0,0,0,0,0,0,0,,,,,,,,,,POINT (-80.59599000082768 51.26571926860155)
2021A00053556095,0,0,0,0,1,0,0,1,1,0,0,0,0,143,0,0,143,143,,,,,,,,,,POINT (-84.12676720553311 49.814668482953024)
2021A00053556096,0,0,0,0,0,0,0,0,0,0,0,0,0,0,0,0,0,0,,,,,,,,,,POINT (-80.60885794054023 51.11459364234592)
2021A00053556098,0,0,0,0,0,0,0,0,0,0,0,0,0,0,0,0,0,0,,,,,,,,,,POINT (-80.21093544599334 48.30077192452411)
2021A00053556100,0,0,0,0,0,0,0,0,0,0,0,0,0,0,0,0,0,0,,,,,,,,,,POINT (-82.01945063249713 48.53231306048234)
2021A00053556102,0,0,0,0,0,0,0,0,0,0,0,0,0,0,0,0,0,0,,,,,,,,,,POINT (-80.83811972692693 49.01010147656163)
2021A00053556106,0,0,0,0,0,0,0,0,0,0,0,0,0,0,0,0,0,0,,,,,,,,,,POINT (-80.7366277081486 51.28206539451507)
2021A00053557001,0,0,0,0,1,0,0,2,2,0,0,0,0,2,0,0,3,3,,,,,,,,,,POINT (-83.94230747845205 46.14851952621786)
2021A00053557004,0,0,0,0,0,0,0,0,0,0,0,0,0,0,0,0,0,0,,,,,,,,,,POINT (-83.86682088322955 46.200325048453536)
2021A00053557006,0,0,0,0,0,0,0,0,0,0,0,0,0,0,0,0,0,0,,,,,,,,,,POINT (-83.87895534426231 46.25401264595762)
2021A00053557008,0,0,0,0,2,0,0,9,9,0,0,0,0,9,0,0,94,94,,,,,,,,,,POINT (-84.02075286329647 46.2561113112341)
2021A00053557011,0,0,0,0,0,0,0,0,0,0,0,0,0,0,0,0,0,0,0.0,43.0,43.0,0.0,0.0,43.0,0.0,33.0,76.0,POINT (-84.06747811525419 46.39137739720852)
2021A00053557014,0,0,0,0,0,0,0,3,3,0,0,0,0,0,0,0,7,7,,,,,,,,,,POINT (-83.99603305864409 46.363060444047264)
2021A00053557016,0,0,0,0,0,0,0,1,1,0,0,0,0,0,0,0,2,2,,,,,,,,,,POINT (-83.89894954785102 46.36909691344052)
2021A00053557019,0,0,0,0,0,0,0,2,2,0,0,0,0,0,0,0,4,4,,,,,,,,,,POINT (-83.74677441092479 46.35982520371912)
2021A00053557021,0,0,0,0,0,0,0,2,2,0,0,0,0,0,0,0,5,5,,,,,,,,,,POINT (-83.77209488171451 46.29661679208096)
2021A00053557026,0,0,0,0,0,0,0,0,0,0,0,0,0,0,0,0,0,0,,,,,,,,,,POINT (-83.41280567697927 46.258852557165625)
2021A00053557028,1,0,1,0,0,0,1,5,5,5,0,5,0,0,0,5,39,39,,,,,,,,,,POINT (-83.55959638110897 46.25630620344161)
2021A00053557035,0,1,0,0,3,0,0,8,8,0,3,0,0,76,0,0,126,126,,,,,,,,,,POINT (-83.42585373894207 46.29006129306024)
2021A00053557038,0,0,0,0,1,1,0,4,4,0,0,0,0,3,130,0,171,171,,,,,,,,,,POINT (-82.94178883375393 46.35668736361115)
2021A00053557039,0,0,1,0,0,0,0,1,1,0,0,9,0,0,0,0,9,9,,,,,,,,,,POINT (-82.37445202243123 46.22973378153762)
2021A00053557040,0,0,0,0,0,1,0,2,2,0,0,0,0,0,4,0,19,19,,,,,,,,,,POINT (-82.65644104259498 46.228860921422225)
2021A00053557041,2,0,2,0,2,0,1,6,6,29,0,26,0,9,0,24,42,42,60.0,0.0,55.0,0.0,17.0,0.0,50.0,86.0,86.0,POINT (-82.63305322844298 46.40428182837943)
2021A00053557051,0,1,1,0,0,1,0,2,3,0,3,3,0,0,3,0,5,8,0.0,2.0,2.0,0.0,40.0,2.0,0.0,51.0,53.0,POINT (-83.95819667713835 46.48440309494163)
2021A00053557061,2,16,14,4,9,12,0,49,53,4,344,1226,52,86,1206,0,1747,1815,7.0,559.0,2068.0,85.0,168.0,2034.0,0.0,2864.0,3032.0,POINT (-84.36810987966167 46.53886221522446)
2021A00053557066,0,0,0,0,0,0,0,0,0,0,0,0,0,0,0,0,0,0,2.0,20.0,53.0,4.0,9.0,51.0,0.0,95.0,99.0,POINT (-84.53320842374191 46.56583151038522)
2021A00053557071,0,0,0,0,0,0,0,0,0,0,0,0,0,0,0,0,0,0,,,,,,,,,,POINT (-82.17273676620259 46.14125286018566)
2021A00053557072,0,0,0,0,0,0,0,1,1,0,0,0,0,0,0,0,2,2,,,,,,,,,,POINT (-82.5719294380275 46.19053903755308)
2021A00053557073,0,0,0,0,0,0,0,0,0,0,0,0,0,0,0,0,0,0,,,,,,,,,,POINT (-83.0047715220711 46.214005002135)
2021A00053557074,0,0,0,0,1,0,0,1,1,0,0,0,0,63,0,0,63,63,0.0,1.0,1.0,0.0,21.0,1.0,0.0,21.0,22.0,POINT (-84.1047150445713 46.5881977983678)
2021A00053557075,0,0,1,0,0,1,0,0,1,0,0,35,0,0,35,0,0,35,,,,,,,,,,POINT (-84.24754238566071 46.56123345552261)
2021A00053557076,0,0,0,0,0,1,0,5,5,0,0,0,0,0,58,0,75,75,,,,,,,,,,POINT (-84.76159397068092 47.97703650770422)
2021A00053557077,0,0,0,0,0,0,0,0,0,0,0,0,0,0,0,0,0,0,,,,,,,,,,POINT (-84.52250165159862 46.7312603856046)
2021A00053557078,0,0,0,0,0,0,0,0,0,0,0,0,0,0,0,0,0,0,,,,,,,,,,POINT (-84.90060252832536 47.98805136536703)
2021A00053557079,0,0,0,0,1,1,0,2,2,0,0,0,0,2,58,0,60,60,,,,,,,,,,POINT (-84.59877699437259 48.33313365730913)
2021A00053557091,0,0,0,0,2,1,0,3,3,0,0,0,0,159,58,0,217,217,,,,,,,,,,POINT (-85.26120412229652 48.58399123548491)
2021A00053557092,0,0,0,0,0,0,0,0,0,0,0,0,0,0,0,0,0,0,,,,,,,,,,POINT (-84.63393668274374 46.90535446346388)
2021A00053557094,0,0,0,0,0,0,0,0,0,0,0,0,0,0,0,0,0,0,,,,,,,,,,POINT (-82.14587620621535 46.04720383826526)
2021A00053557095,0,0,1,0,6,0,0,9,9,0,0,3,0,16,0,0,37,37,,,,,,,,,,POINT (-84.33819637672472 48.016872838366844)
2021A00053557096,0,0,0,0,1,0,0,2,2,0,0,0,0,143,0,0,146,146,,,,,,,,,,POINT (-84.78361031123403 49.253800886462166)
2021A00053558001,0,1,0,0,1,0,0,6,6,0,4,0,0,7,0,0,25,25,4.0,23.0,14.0,4.0,31.0,21.0,0.0,122.0,128.0,POINT (-89.53892852108939 48.160954401345954)
2021A00053558003,0,0,0,0,1,0,0,1,1,0,0,0,0,14,0,0,14,14,4.0,16.0,6.0,1.0,6.0,10.0,0.0,44.0,47.0,POINT (-89.27367480433283 48.312187818739645)
2021A00053558004,6,38,15,1,16,19,0,98,105,22,327,300,60,521,405,0,1806,1998,19.0,307.0,294.0,91.0,512.0,386.0,0.0,1739.0,1887.0,POINT (-89.32216573349413 48.40295484117595)
2021A00053558011,1,4,5,1,6,3,0,36,37,3,78,89,60,46,67,0,225,228,4.0,37.0,27.0,8.0,73.0,40.0,0.0,233.0,246.0,POINT (-89.53089193145472 48.403436700011575)
2021A00053558012,0,0,0,0,0,0,0,1,1,0,0,0,0,0,0,0,1,1,0.0,0.0,0.0,0.0,0.0,0.0,0.0,1.0,1.0,POINT (-89.70101266636682 48.270117880710764)
2021A00053558016,0,0,0,0,0,0,0,0,0,0,0,0,0,0,0,0,0,0,1.0,16.0,18.0,11.0,12.0,13.0,0.0,52.0,53.0,POINT (-89.70046525483588 48.36292362527082)
2021A00053558019,0,0,0,0,1,0,0,2,2,0,0,0,0,4,0,0,5,5,0.0,0.0,0.0,0.0,14.0,0.0,0.0,18.0,18.0,POINT (-89.68351867643185 48.47980155701841)
2021A00053558028,0,2,2,1,0,1,0,8,8,0,5,8,3,0,3,0,23,23,0.0,14.0,19.0,8.0,0.0,8.0,0.0,44.0,44.0,POINT (-88.72045549801072 48.602782301517664)
2021A00053558034,0,0,0,0,1,0,0,2,2,0,0,0,0,3,0,0,5,5,,,,,,,,,,POINT (-88.65109890781616 48.80076624836331)
2021A00053558041,0,0,0,0,0,0,0,0,0,0,0,0,0,0,0,0,0,0,,,,,,,,,,POINT (-88.3412158077805 48.945121646627065)
2021A00053558044,0,0,0,0,0,0,0,0,0,0,0,0,0,0,0,0,0,0,,,,,,,,,,POINT (-88.33326379585719 49.00126167245774)
2021A00053558051,0,0,0,0,0,0,0,0,0,0,0,0,0,0,0,0,0,0,,,,,,,,,,POINT (-87.26386027140283 48.79753108747246)
2021A00053558054,0,0,0,0,0,0,0,1,1,0,0,0,0,0,0,0,350,350,,,,,,,,,,POINT (-87.11789155735609 48.81049101159702)
2021A00053558059,0,1,1,0,1,0,0,4,4,0,3,9,0,3,0,0,16,16,,,,,,,,,,POINT (-86.33438697976375 48.74797799811348)
2021A00053558060,0,0,0,0,0,0,0,0,0,0,0,0,0,0,0,0,0,0,,,,,,,,,,POINT (-85.62215925703602 48.700563860158105)
2021A00053558061,0,0,0,0,0,0,0,0,0,0,0,0,0,0,0,0,0,0,,,,,,,,,,POINT (-85.64524518728345 48.68764617192488)
2021A00053558062,0,0,0,0,0,1,0,1,1,0,0,0,0,0,58,0,58,58,,,,,,,,,,POINT (-86.27467798806063 48.627516803532785)
2021A00053558063,0,0,0,0,0,0,0,0,0,0,0,0,0,0,0,0,0,0,,,,,,,,,,POINT (-87.55998908973612 48.884369909093195)
2021A00053558064,0,0,0,0,0,0,0,0,0,0,0,0,0,0,0,0,0,0,,,,,,,,,,POINT (-88.24135359195718 49.028856101266555)
2021A00053558065,0,0,0,0,0,0,0,0,0,0,0,0,0,0,0,0,0,0,,,,,,,,,,POINT (-89.14448552904015 49.80858735434729)
2021A00053558066,1,0,1,1,1,0,0,3,3,1,0,3,3,30,0,0,34,34,,,,,,,,,,POINT (-85.84500979069666 49.14116473813807)
2021A00053558067,0,0,0,0,0,0,0,1,1,0,0,0,0,0,0,0,1,1,,,,,,,,,,POINT (-86.50924942306091 49.73310643447928)
2021A00053558068,0,0,0,0,0,0,0,0,0,0,0,0,0,0,0,0,0,0,,,,,,,,,,POINT (-86.56428399348107 49.790456544756175)
2021A00053558069,0,0,0,0,1,0,0,1,1,0,0,0,0,7,0,0,7,7,,,,,,,,,,POINT (-88.13247735325258 49.438760933097946)
2021A00053558074,0,0,0,0,0,0,0,0,0,0,0,0,0,0,0,0,0,0,,,,,,,,,,POINT (-88.11726423972425 49.472165366171865)
2021A00053558075,0,0,0,0,2,2,0,4,4,0,0,0,0,36,15,0,51,51,,,,,,,,,,POINT (-87.88192937834428 49.60166182772224)
2021A00053558076,0,0,0,0,0,0,0,0,0,0,0,0,0,0,0,0,0,0,,,,,,,,,,POINT (-86.96314467288589 50.22577464319341)
2021A00053558077,0,0,0,0,0,0,0,0,0,0,0,0,0,0,0,0,0,0,,,,,,,,,,POINT (-87.35236739336982 49.713713327228874)
2021A00053558080,0,0,0,0,0,0,0,0,0,0,0,0,0,0,0,0,0,0,,,,,,,,,,POINT (-90.70213440913287 50.4513993869219)
2021A00053558085,0,0,0,0,0,0,0,0,0,0,0,0,0,0,0,0,0,0,,,,,,,,,,POINT (-90.25865606589572 51.07949303052071)
2021A00053558090,0,0,0,0,2,1,0,6,6,0,0,0,0,8,3,0,15,15,,,,,,,,,,POINT (-90.07587257212597 49.81022506565605)
2021A00053558092,0,0,0,0,0,0,0,0,0,0,0,0,0,0,0,0,0,0,,,,,,,,,,POINT (-88.30997208142426 49.0652494357339)
2021A00053558097,0,0,0,0,0,0,0,0,0,0,0,0,0,0,0,0,0,0,,,,,,,,,,POINT (-89.04469980831064 50.31300704087655)
2021A00053558100,0,0,0,0,0,0,0,0,0,0,0,0,0,0,0,0,0,0,,,,,,,,,,POINT (-90.39310651040358 48.87979953068401)
2021A00053559001,0,0,1,0,5,0,0,6,6,0,0,33,0,142,0,0,151,151,,,,,,,,,,POINT (-91.6215429879868 48.76201632360474)
2021A00053559011,0,0,0,0,0,0,0,0,0,0,0,0,0,0,0,0,0,0,,,,,,,,,,POINT (-93.52587017446017 48.58948526218096)
2021A00053559012,0,1,0,0,6,0,0,9,9,0,3,0,0,40,0,0,54,54,,,,,,,,,,POINT (-93.40662799927556 48.623517184399276)
2021A00053559016,0,1,0,0,2,0,0,3,3,0,3,0,0,33,0,0,36,36,,,,,,,,,,POINT (-93.65036107485284 48.62584365979808)
2021A00053559019,0,0,0,0,3,0,0,10,10,0,0,0,0,17,0,0,70,70,,,,,,,,,,POINT (-93.77462549232709 48.62762286843309)
2021A00053559024,0,1,1,0,2,0,0,8,8,0,6,3,0,5,0,0,305,305,,,,,,,,,,POINT (-93.98483056019192 48.772638531130355)
2021A00053559026,0,0,0,0,0,2,0,4,4,0,0,0,0,0,93,0,96,96,,,,,,,,,,POINT (-93.90864968043802 48.661996041583656)
2021A00053559031,0,0,0,0,1,0,0,2,2,0,0,0,0,2,0,0,3,3,,,,,,,,,,POINT (-94.18452381033144 48.82237681005606)
2021A00053559040,0,0,0,0,0,0,0,2,2,0,0,0,0,0,0,0,3,3,,,,,,,,,,POINT (-94.5357021794129 48.7808998475941)
2021A00053559042,0,0,0,0,0,0,0,0,0,0,0,0,0,0,0,0,0,0,,,,,,,,,,POINT (-94.57285621624112 48.72413381318491)
2021A00053559046,0,0,0,0,0,0,0,0,0,0,0,0,0,0,0,0,0,0,,,,,,,,,,POINT (-94.43567193062665 48.987989441807784)
2021A00053559047,0,0,0,0,0,0,0,1,1,0,0,0,0,0,0,0,2,2,,,,,,,,,,POINT (-94.33582589955785 48.978419500565494)
2021A00053559051,0,0,0,0,0,0,0,0,0,0,0,0,0,0,0,0,0,0,,,,,,,,,,POINT (-94.32009801830633 49.064743712564045)
2021A00053559052,0,0,0,0,0,0,0,0,0,0,0,0,0,0,0,0,0,0,,,,,,,,,,POINT (-94.30285568312162 49.08453111949684)
2021A00053559053,0,0,0,0,0,0,0,1,1,0,0,0,0,0,0,0,2,2,,,,,,,,,,POINT (-94.31108613156033 49.12169938211714)
2021A00053559060,0,0,0,0,0,0,0,0,0,0,0,0,0,0,0,0,0,0,,,,,,,,,,POINT (-92.14185960493494 48.383387338815226)
2021A00053559061,0,0,0,0,0,0,0,0,0,0,0,0,0,0,0,0,0,0,,,,,,,,,,POINT (-93.37512536266206 48.71357513451285)
2021A00053559062,0,0,0,0,0,0,0,0,0,0,0,0,0,0,0,0,0,0,,,,,,,,,,POINT (-93.3620691556807 48.62337435374561)
2021A00053559063,0,0,0,0,0,0,0,0,0,0,0,0,0,0,0,0,0,0,,,,,,,,,,POINT (-93.44667478627217 48.68528464021765)
2021A00053559064,0,0,0,0,0,0,0,0,0,0,0,0,0,0,0,0,0,0,,,,,,,,,,POINT (-92.9217578860658 48.74484953523643)
2021A00053559066,0,0,1,0,1,0,0,1,1,0,0,3,0,3,0,0,3,3,,,,,,,,,,POINT (-92.42673733529915 48.72063202113848)
2021A00053559068,0,0,0,0,0,0,0,0,0,0,0,0,0,0,0,0,0,0,,,,,,,,,,POINT (-93.57195876695765 48.858372429205794)
2021A00053559069,0,0,0,0,0,0,0,0,0,0,0,0,0,0,0,0,0,0,,,,,,,,,,POINT (-93.7456145934637 48.87909482773038)
2021A00053559089,0,0,0,0,0,0,0,0,0,0,0,0,0,0,0,0,0,0,,,,,,,,,,POINT (-92.34583964388358 48.746782707607125)
2021A00053559090,0,0,0,0,0,0,0,0,0,0,0,0,0,0,0,0,0,0,,,,,,,,,,POINT (-91.81653320239599 48.588164306894384)
2021A00053560001,0,0,0,0,1,0,0,1,1,0,0,0,0,34,0,0,34,34,,,,,,,,,,POINT (-91.67677209483492 49.408087346564855)
2021A00053560004,0,0,0,0,0,0,0,0,0,0,0,0,0,0,0,0,0,0,,,,,,,,,,POINT (-93.85426652356796 49.40707145336844)
2021A00053560005,0,0,0,0,0,0,0,0,0,0,0,0,0,0,0,0,0,0,,,,,,,,,,POINT (-93.9502639686344 49.37209834036032)
2021A00053560008,0,0,0,0,0,0,0,0,0,0,0,0,0,0,0,0,0,0,,,,,,,,,,POINT (-94.13082948127023 49.543970674053085)
2021A00053560010,0,3,5,0,9,2,0,17,19,0,64,81,0,381,69,0,472,541,0.0,33.0,43.0,0.0,176.0,35.0,0.0,225.0,260.0,POINT (-94.43789526521962 49.82162966245417)
2021A00053560021,0,0,0,0,0,0,0,1,1,0,0,0,0,0,0,0,5,5,,,,,,,,,,POINT (-93.22442651262803 49.7955193496051)
2021A00053560024,0,0,0,0,0,0,0,0,0,0,0,0,0,0,0,0,0,0,,,,,,,,,,POINT (-93.03957258286688 49.73250165406168)
2021A00053560027,0,1,2,0,1,0,1,8,8,0,3,17,0,7,0,10,391,391,,,,,,,,,,POINT (-92.7739230996871 49.77719155681187)
2021A00053560032,0,0,0,0,2,0,0,3,3,0,0,0,0,76,0,0,79,79,,,,,,,,,,POINT (-93.39960717066677 50.712230442931286)
2021A00053560034,0,0,0,0,4,0,0,4,4,0,0,0,0,33,0,0,33,33,,,,,,,,,,POINT (-91.99951570162973 50.05376215090267)
2021A00053560042,0,0,2,1,1,2,0,6,7,0,0,18,3,2,105,0,122,137,,,,,,,,,,POINT (-93.69264131772387 51.065246582597716)
2021A00053560046,0,0,0,0,0,0,0,0,0,0,0,0,0,0,0,0,0,0,,,,,,,,,,POINT (-91.63632112158936 51.15491108651439)
2021A00053560049,0,0,0,0,0,0,0,0,0,0,0,0,0,0,0,0,0,0,,,,,,,,,,POINT (-90.2134333016733 51.4704625843204)
2021A00053560050,0,0,0,0,0,0,0,0,0,0,0,0,0,0,0,0,0,0,,,,,,,,,,POINT (-81.7696023330177 52.29669686753453)
2021A00053560051,0,0,0,0,0,0,0,0,0,0,0,0,0,0,0,0,0,0,,,,,,,,,,POINT (-82.4280195902688 52.92529474493481)
2021A00053560052,0,0,0,0,0,0,0,0,0,0,0,0,0,0,0,0,0,0,,,,,,,,,,POINT (-85.91915216504252 51.66217218353139)
2021A00053560053,0,0,0,0,0,0,0,0,0,0,0,0,0,0,0,0,0,0,,,,,,,,,,POINT (-87.84140196948975 51.61359176112376)
2021A00053560054,0,0,0,0,0,0,0,0,0,0,0,0,0,0,0,0,0,0,,,,,,,,,,POINT (-91.94963369519154 51.698831969675595)
2021A00053560055,0,0,0,0,0,0,0,0,0,0,0,0,0,0,0,0,0,0,,,,,,,,,,POINT (-90.22461201543751 51.22703743058802)
2021A00053560056,0,0,0,0,0,0,0,0,0,0,0,0,0,0,0,0,0,0,,,,,,,,,,POINT (-92.18936317676717 50.21810410210909)
2021A00053560057,0,0,0,0,0,0,0,0,0,0,0,0,0,0,0,0,0,0,,,,,,,,,,POINT (-92.52692484035498 49.600211739670684)
2021A00053560058,0,0,0,0,0,0,0,0,0,0,0,0,0,0,0,0,0,0,,,,,,,,,,POINT (-94.0927243385439 50.19637363127461)
2021A00053560059,0,0,0,0,0,0,0,0,0,0,0,0,0,0,0,0,0,0,,,,,,,,,,POINT (-91.26034416156004 52.95218514574185)
2021A00053560060,0,0,0,0,0,0,0,0,0,0,0,0,0,0,0,0,0,0,,,,,,,,,,POINT (-95.03213196164582 49.377374168595985)
2021A00053560061,0,0,0,0,0,0,0,0,0,0,0,0,0,0,0,0,0,0,,,,,,,,,,POINT (-94.93585433205628 50.15494345819989)
2021A00053560063,0,0,0,0,0,0,0,0,0,0,0,0,0,0,0,0,0,0,,,,,,,,,,POINT (-93.92140757907787 49.181412669145686)
2021A00053560064,0,0,0,0,0,0,0,0,0,0,0,0,0,0,0,0,0,0,,,,,,,,,,POINT (-95.12082512737533 49.60672362646469)
2021A00053560065,0,0,0,0,0,0,0,0,0,0,0,0,0,0,0,0,0,0,,,,,,,,,,POINT (-94.86237624570495 49.35312416949192)
2021A00053560066,0,0,0,0,0,0,0,0,0,0,0,0,0,0,0,0,0,0,,,,,,,,,,POINT (-94.43523184641404 49.72579800851965)
2021A00053560067,0,0,0,0,0,0,0,0,0,0,0,0,0,0,0,0,0,0,,,,,,,,,,POINT (-94.29602128708557 52.10679529516536)
2021A00053560068,0,0,0,0,0,0,0,0,0,0,0,0,0,0,0,0,0,0,,,,,,,,,,POINT (-95.07482588997864 49.643623456334424)
2021A00053560069,0,0,0,0,0,0,0,0,0,0,0,0,0,0,0,0,0,0,,,,,,,,,,POINT (-94.65225624424527 49.69453001472914)
2021A00053560070,0,0,0,0,0,0,0,0,0,0,0,0,0,0,0,0,0,0,,,,,,,,,,POINT (-94.06177237069969 52.63418136311133)
2021A00053560071,0,0,0,0,0,1,0,1,1,0,0,0,0,0,38,0,38,38,,,,,,,,,,POINT (-93.33080764731812 53.087715547933286)
2021A00053560075,0,0,0,0,0,0,0,0,0,0,0,0,0,0,0,0,0,0,,,,,,,,,,POINT (-90.07897089020047 53.813649933186966)
2021A00053560076,0,0,0,0,0,0,0,0,0,0,0,0,0,0,0,0,0,0,,,,,,,,,,POINT (-92.17895542724067 53.87966826389196)
2021A00053560077,0,0,0,0,0,0,0,0,0,0,0,0,0,0,0,0,0,0,,,,,,,,,,POINT (-93.96816366575922 51.810077331208355)
2021A00053560078,0,0,0,0,0,0,0,0,0,0,0,0,0,0,0,0,0,0,,,,,,,,,,POINT (-87.62737199754157 56.000071485443485)
2021A00053560079,0,0,0,0,0,0,0,0,0,0,0,0,0,0,0,0,0,0,,,,,,,,,,POINT (-87.38183690510756 52.978344424727595)
2021A00053560080,0,0,0,0,0,0,0,0,0,0,0,0,0,0,0,0,0,0,,,,,,,,,,POINT (-93.00394514640021 52.487844629402744)
2021A00053560081,0,0,0,0,0,0,0,0,0,0,0,0,0,0,0,0,0,0,,,,,,,,,,POINT (-87.8952191003516 52.215873487894406)
2021A00053560082,0,0,0,0,0,0,0,0,0,0,0,0,0,0,0,0,0,0,,,,,,,,,,POINT (-95.13956172667974 49.583976010725856)
2021A00053560083,0,0,0,0,0,0,0,0,0,0,0,0,0,0,0,0,0,0,,,,,,,,,,POINT (-93.97960149376436 49.38078116290507)
2021A00053560084,0,0,0,0,0,0,0,0,0,0,0,0,0,0,0,0,0,0,,,,,,,,,,POINT (-93.19448666760385 50.39009625320478)
2021A00053560085,0,0,0,0,0,0,0,0,0,0,0,0,0,0,0,0,0,0,,,,,,,,,,POINT (-89.20360015905581 52.85439138448151)
2021A00053560086,0,0,0,0,0,0,0,0,0,0,0,0,0,0,0,0,0,0,,,,,,,,,,POINT (-88.50274248692294 52.743603283679256)
2021A00053560088,0,0,0,0,0,0,0,0,0,0,0,0,0,0,0,0,0,0,,,,,,,,,,POINT (-89.60053571107932 53.83024543758006)
2021A00053560089,0,0,0,0,0,0,0,0,0,0,0,0,0,0,0,0,0,0,,,,,,,,,,POINT (-94.52816023278082 49.88135850020317)
2021A00053560090,0,0,0,0,1,1,0,5,5,0,0,0,0,7,2,0,41,41,,,,,,,,,,POINT (-84.3481080911824 52.668440260043624)
2021A00053560091,0,0,0,0,0,0,0,0,0,0,0,0,0,0,0,0,0,0,,,,,,,,,,POINT (-85.4256455531026 55.00148425102661)
2021A00053560093,0,0,0,0,0,0,0,0,0,0,0,0,0,0,0,0,0,0,,,,,,,,,,POINT (-88.03724473474394 52.19713058673509)
2021A00053560095,0,0,0,0,0,0,0,0,0,0,0,0,0,0,0,0,0,0,,,,,,,,,,POINT (-90.95597551006298 53.888262705962994)
2021A00053560096,0,0,0,0,0,0,0,0,0,0,0,0,0,0,0,0,0,0,,,,,,,,,,POINT (-88.6632383657679 53.6095282140865)
2021A00053560097,0,0,0,0,0,0,0,0,0,0,0,0,0,0,0,0,0,0,,,,,,,,,,POINT (-91.8532266551638 53.362874216919536)
2021A00053560098,0,0,0,0,0,0,0,0,0,0,0,0,0,0,0,0,0,0,,,,,,,,,,POINT (-89.84184647970473 53.024862426999434)
2021A00053560100,0,0,0,0,0,0,0,0,0,0,0,0,0,0,0,0,0,0,,,,,,,,,,POINT (-89.13200721511294 53.44854106061799)
2021A00053560104,0,0,0,0,0,0,0,0,0,0,0,0,0,0,0,0,0,0,,,,,,,,,,POINT (-92.79782964086583 52.99009595055142)
2021A00054601035,0,1,1,0,1,0,0,14,14,0,14,14,0,3,0,0,85,85,,,,,,,,,,POINT (-96.51664066370893 49.133321504052105)
2021A00054601039,0,0,0,0,3,0,0,9,9,0,0,0,0,15,0,0,77,77,,,,,,,,,,POINT (-95.9686432795944 49.20075719199355)
2021A00054601043,0,0,0,0,1,0,0,6,6,0,0,0,0,3,0,0,26,26,,,,,,,,,,POINT (-95.95540102279156 49.745409544191986)
2021A00054601046,0,0,1,0,2,0,0,15,15,0,0,28,0,36,0,0,107,107,,,,,,,,,,POINT (-95.95378678935748 49.968674942497756)
2021A00054601051,0,0,0,0,0,0,0,0,0,0,0,0,0,0,0,0,0,0,,,,,,,,,,POINT (-95.95048545014998 50.165003086050845)
2021A00054601057,0,0,0,0,0,0,0,2,2,0,0,0,0,0,0,0,4,4,,,,,,,,,,POINT (-96.21741286332539 50.23859225829812)
2021A00054601060,0,1,1,1,0,3,0,12,12,0,13,13,13,0,28,0,99,99,,,,,,,,,,POINT (-96.06206374147612 50.252207349614295)
2021A00054601070,0,0,0,0,0,0,0,0,0,0,0,0,0,0,0,0,0,0,,,,,,,,,,POINT (-95.26333288270673 49.01703512928612)
2021A00054601071,0,0,0,0,0,0,0,6,6,0,0,0,0,0,0,0,12,12,,,,,,,,,,POINT (-96.03586290076338 50.4396687631496)
2021A00054601075,0,0,0,0,0,0,0,1,1,0,0,0,0,0,0,0,1,1,,,,,,,,,,POINT (-96.21317435260154 50.56611986841649)
2021A00054601078,0,0,0,0,0,0,0,0,0,0,0,0,0,0,0,0,0,0,,,,,,,,,,POINT (-96.5399615560343 50.72913945389456)
2021A00054601079,0,0,0,0,0,0,0,0,0,0,0,0,0,0,0,0,0,0,,,,,,,,,,POINT (-95.20613037340526 49.63519960949945)
2021A00054601094,0,0,0,0,0,0,0,0,0,0,0,0,0,0,0,0,0,0,,,,,,,,,,POINT (-95.34866863702793 49.70946485004863)
2021A00054602024,0,0,0,0,1,0,0,19,19,0,0,0,0,3,0,0,74,74,,,,,,,,,,POINT (-97.01024171139133 49.134299107562626)
2021A00054602026,0,0,0,0,0,0,0,0,0,0,0,0,0,0,0,0,0,0,,,,,,,,,,POINT (-96.93120722360284 49.212023746151054)
2021A00054602027,0,0,0,0,0,0,0,4,4,0,0,0,0,0,0,0,11,11,,,,,,,,,,POINT (-97.25504472258369 49.157984016568356)
2021A00054602032,1,1,0,0,0,0,0,17,17,15,15,0,0,0,0,0,65,65,,,,,,,,,,POINT (-97.05269665799425 49.3941941768994)
2021A00054602037,0,0,1,0,1,0,0,7,7,0,0,3,0,3,0,0,32,32,,,,,,,,,,POINT (-96.9869474753965 49.43997401352417)
2021A00054602041,4,7,4,2,7,2,0,82,82,22,113,84,78,113,78,0,666,666,,,,,,,,,,POINT (-96.78149334351895 49.44629444691296)
2021A00054602044,1,5,7,0,4,2,1,53,56,26,369,260,0,51,151,26,1268,1454,24.0,226.0,165.0,37.0,78.0,107.0,13.0,990.0,1077.0,POINT (-96.68876869018324 49.53215048058707)
2021A00054602046,2,6,4,1,1,1,0,26,26,18,63,45,31,3,31,0,174,174,14.0,48.0,36.0,21.0,2.0,21.0,3.0,124.0,124.0,POINT (-97.0486674391846 49.60621776199063)
2021A00054602053,0,0,1,0,1,0,0,29,29,0,0,3,0,3,0,0,499,499,,,,,,,,,,POINT (-96.51023863321582 49.39947447563792)
2021A00054602057,0,0,0,0,1,0,0,10,10,0,0,0,0,15,0,0,49,49,,,,,,,,,,POINT (-96.50365926554181 49.62273712902694)
2021A00054602061,0,0,0,0,0,0,0,5,5,0,0,0,0,0,0,0,7,7,,,,,,,,,,POINT (-96.64880626340194 49.66933703559381)
2021A00054602069,1,3,3,1,3,3,0,37,38,3,11,20,3,40,19,0,354,369,14.0,47.0,90.0,13.0,181.0,86.0,0.0,423.0,491.0,POINT (-96.67369073787727 49.71895551289531)
2021A00054602075,2,5,4,1,0,2,1,27,27,5,20,18,7,0,8,4,184,184,16.0,56.0,41.0,25.0,2.0,30.0,3.0,181.0,181.0,POINT (-97.0745234818643 49.663253939937505)
2021A00054603030,0,1,0,0,0,0,0,10,10,0,3,0,0,0,0,0,37,37,,,,,,,,,,POINT (-97.38249253870667 49.17251035868265)
2021A00054603040,1,7,3,1,1,1,0,35,35,75,478,95,13,7,13,0,663,663,,,,,,,,,,POINT (-97.56577611935123 49.10877522768972)
2021A00054603041,2,3,2,0,0,0,0,24,24,40,41,40,0,0,0,0,105,105,,,,,,,,,,POINT (-97.66161608155865 49.12894592809017)
2021A00054603047,2,3,2,0,1,0,0,23,23,10,13,10,0,3,0,0,83,83,239.0,316.0,222.0,13.0,159.0,18.0,0.0,731.0,769.0,POINT (-98.06566935317078 49.13357621751503)
2021A00054603050,10,27,21,4,3,6,0,62,67,1035,1332,1005,57,388,67,0,2461,2675,382.0,498.0,348.0,20.0,262.0,25.0,0.0,1048.0,1108.0,POINT (-97.9397826987777 49.184172791349226)
2021A00054603053,4,12,6,1,2,2,0,27,27,337,453,238,13,565,20,0,1124,1124,263.0,346.0,240.0,13.0,180.0,18.0,0.0,731.0,774.0,POINT (-98.11798535502115 49.18889395172037)
2021A00054603058,0,0,0,0,0,0,0,4,4,0,0,0,0,0,0,0,15,15,,,,,,,,,,POINT (-98.23935608182227 49.37725448804616)
2021A00054603062,0,0,0,0,0,0,0,0,0,0,0,0,0,0,0,0,0,0,,,,,,,,,,POINT (-97.90004982722577 49.35623261819472)
2021A00054603065,4,11,8,0,1,2,1,28,30,272,394,390,0,7,6,76,559,565,,,,,,,,,,POINT (-97.45931900601326 49.40524554263699)
2021A00054603067,2,4,2,0,0,0,0,21,21,41,49,41,0,0,0,0,111,111,,,,,,,,,,POINT (-97.37065576467816 49.35082345079676)
2021A00054603072,1,1,2,0,0,1,0,7,8,4,4,7,0,0,3,0,14,17,,,,,,,,,,POINT (-98.07086023252715 49.533031335687475)
2021A00054603074,1,0,0,0,2,1,1,29,29,72,0,0,0,38,3,72,199,199,,,,,,,,,,POINT (-98.00517173799858 49.50614515209304)
2021A00054604034,0,1,0,0,0,0,0,25,25,0,1,0,0,0,0,0,52,52,,,,,,,,,,POINT (-98.47283648043752 49.182702163212355)
2021A00054604040,1,2,2,0,0,0,0,16,16,38,40,40,0,0,0,0,67,67,,,,,,,,,,POINT (-98.87907720285767 49.17023830491639)
2021A00054604052,2,3,2,1,2,2,0,14,15,74,77,18,3,6,18,0,105,120,,,,,,,,,,POINT (-99.27944330515814 49.13425222614422)
2021A00054604057,0,0,0,0,0,0,0,5,5,0,0,0,0,0,0,0,10,10,,,,,,,,,,POINT (-99.22420031793499 49.369967097686114)
2021A00054604064,2,4,3,0,0,1,0,48,49,15,17,50,0,0,35,0,178,213,,,,,,,,,,POINT (-98.74898318607336 49.4480267668197)
2021A00054604068,0,0,0,0,0,0,0,0,0,0,0,0,0,0,0,0,0,0,,,,,,,,,,POINT (-98.88507420959901 49.389128458267656)
2021A00054605025,0,1,0,0,0,0,0,15,15,0,1,0,0,0,0,0,47,47,,,,,,,,,,POINT (-99.68995975101059 49.190214118285695)
2021A00054605032,0,1,1,0,1,1,0,15,16,0,7,7,0,75,7,0,116,123,,,,,,,,,,POINT (-100.09446213031215 49.17757292999077)
2021A00054605038,0,0,0,0,0,1,0,11,11,0,0,0,0,0,1,0,20,20,,,,,,,,,,POINT (-100.43257782775875 49.17675733189992)
2021A00054605044,0,0,0,0,0,1,0,14,14,0,0,0,0,0,1,0,20,20,,,,,,,,,,POINT (-100.70182141598903 49.17881065926289)
2021A00054605052,0,0,0,0,0,1,0,10,10,0,0,0,0,0,1,0,20,20,,,,,,,,,,POINT (-100.98844858313335 49.27384814484189)
2021A00054605056,1,1,1,0,0,1,0,8,8,2,2,2,0,0,1,0,14,14,,,,,,,,,,POINT (-101.19598728930879 49.25823285943502)
2021A00054605062,0,0,0,0,0,0,0,16,16,0,0,0,0,0,0,0,46,46,,,,,,,,,,POINT (-100.37630023595285 49.445376429482884)
2021A00054605071,0,1,1,0,0,2,0,13,14,0,7,7,0,0,8,0,21,28,,,,,,,,,,POINT (-99.75807056119558 49.36748259230456)
2021A00054606016,0,0,0,0,0,0,0,10,10,0,0,0,0,0,0,0,24,24,,,,,,,,,,POINT (-100.6675746968455 49.66702036478891)
2021A00054606023,0,0,0,0,0,1,0,15,15,0,0,0,0,0,1,0,36,36,,,,,,,,,,POINT (-101.14518320175294 49.66473542058356)
2021A00054606029,0,0,0,0,0,0,0,0,0,0,0,0,0,0,0,0,0,0,,,,,,,,,,POINT (-100.93397799597865 49.6212444000213)
2021A00054606031,0,1,1,1,0,2,0,22,22,0,3,3,3,0,5,0,57,57,,,,,,,,,,POINT (-100.96696611699075 49.93401680148924)
2021A00054606034,0,0,0,0,0,5,0,16,16,0,0,0,0,0,31,0,57,57,,,,,,,,,,POINT (-100.93575399835765 49.861522735170105)
2021A00054606040,0,0,0,0,0,0,0,1,1,0,0,0,0,0,0,0,1,1,,,,,,,,,,POINT (-100.5013490015349 49.840512177958466)
2021A00054607039,1,1,1,0,0,0,0,8,8,18,18,18,0,0,0,0,37,37,,,,,,,,,,POINT (-99.37076096280413 49.664618110925566)
2021A00054607040,0,0,0,0,0,0,0,0,0,0,0,0,0,0,0,0,0,0,,,,,,,,,,POINT (-99.31394964680702 49.76647074298625)
2021A00054607046,2,1,1,0,0,0,1,13,13,5,2,2,0,0,0,3,26,26,,,,,,,,,,POINT (-99.84835305868684 49.622267217703204)
2021A00054607052,0,0,2,0,0,1,0,12,13,0,0,9,0,0,7,0,47,54,,,,,,,,,,POINT (-100.25788458418957 49.61696684321762)
2021A00054607057,0,0,0,0,0,0,0,0,0,0,0,0,0,0,0,0,0,0,0.0,0.0,0.0,0.0,0.0,0.0,0.0,0.0,0.0,POINT (-100.25796576410497 49.797806298692485)
2021A00054607060,0,0,0,0,0,0,0,0,0,0,0,0,0,0,0,0,0,0,,,,,,,,,,POINT (-99.84825876731612 49.798309767737535)
2021A00054607062,4,18,14,0,4,8,0,77,80,129,386,511,0,52,519,0,1481,1534,160.0,482.0,639.0,0.0,66.0,649.0,0.0,1846.0,1913.0,POINT (-99.95781441543744 49.844637865894256)
2021A00054607066,0,0,0,0,0,0,0,4,4,0,0,0,0,0,0,0,10,10,,,,,,,,,,POINT (-99.38545541715183 49.997076559976975)
2021A00054607068,0,1,1,1,0,1,0,8,8,0,13,13,13,0,13,0,55,55,,,,,,,,,,POINT (-99.36167943481747 49.86948119147141)
2021A00054607071,1,1,0,0,0,0,0,13,13,7,7,0,0,0,0,0,36,36,57.0,57.0,0.0,0.0,0.0,0.0,0.0,99.0,99.0,POINT (-99.86654463646518 49.97526631441083)
2021A00054607072,0,0,0,0,0,0,0,0,0,0,0,0,0,0,0,0,0,0,,,,,,,,,,POINT (-99.93601637509327 49.89777701578548)
2021A00054607076,1,1,1,0,0,0,0,8,8,45,45,45,0,0,0,0,63,63,,,,,,,,,,POINT (-100.27874358611453 49.97848734867017)
2021A00054608032,1,1,1,0,0,0,0,8,8,4,4,4,0,0,0,0,25,25,,,,,,,,,,POINT (-98.59687112716213 49.665403868787784)
2021A00054608042,1,2,1,0,0,0,0,16,16,4,7,4,0,0,0,0,40,40,,,,,,,,,,POINT (-98.93836553206086 49.672185610556916)
2021A00054608046,3,4,3,0,1,0,0,32,32,17,32,25,0,15,0,0,155,155,,,,,,,,,,POINT (-98.83555804853549 49.93301655990256)
2021A00054608055,0,0,0,0,0,0,0,4,4,0,0,0,0,0,0,0,7,7,,,,,,,,,,POINT (-99.26190544728809 50.34999240754732)
2021A00054608060,0,0,0,0,0,0,0,27,27,0,0,0,0,0,0,0,86,86,,,,,,,,,,POINT (-98.86217928638024 50.283587000834665)
2021A00054608069,0,0,0,0,0,0,0,0,0,0,0,0,0,0,0,0,0,0,,,,,,,,,,POINT (-98.6559869627317 50.55095988072042)
2021A00054609018,0,2,2,0,2,0,0,32,32,0,7,5,0,6,0,0,232,232,,,,,,,,,,POINT (-98.07372838318764 49.70796054772041)
2021A00054609024,1,2,2,0,2,1,1,29,30,35,77,77,0,10,75,35,139,214,,,,,,,,,,POINT (-98.25510961996545 50.03225686836712)
2021A00054609025,0,0,0,0,0,0,0,0,0,0,0,0,0,0,0,0,0,0,,,,,,,,,,POINT (-98.49701817312146 49.842599555738175)
2021A00054609026,0,0,0,0,0,0,0,0,0,0,0,0,0,0,0,0,0,0,,,,,,,,,,POINT (-98.51579991412146 49.812116036131194)
2021A00054609027,0,0,0,0,0,0,0,0,0,0,0,0,0,0,0,0,0,0,,,,,,,,,,POINT (-98.34968192409983 49.94632473325072)
2021A00054609029,1,2,2,0,3,0,0,35,35,75,123,78,0,25,0,0,374,374,47.0,87.0,68.0,0.0,16.0,32.0,15.0,213.0,245.0,POINT (-98.28881302767923 49.96678503371008)
2021A00054609030,0,0,0,0,0,0,0,0,0,0,0,0,0,0,0,0,0,0,,,,,,,,,,POINT (-98.48685770292494 49.87952882432608)
2021A00054610035,3,5,3,0,4,4,0,50,51,87,209,201,0,79,201,0,361,510,53.0,131.0,69.0,5.0,25.0,32.0,15.0,383.0,400.0,POINT (-97.44764964031098 49.66816988177035)
2021A00054610043,1,2,2,0,0,1,0,25,25,18,32,32,0,0,2,0,142,142,,,,,,,,,,POINT (-97.73608641928399 49.923424951400364)
2021A00054610052,1,2,1,0,0,1,0,6,7,3,6,3,0,0,3,0,10,13,13.0,23.0,21.0,0.0,0.0,3.0,0.0,56.0,58.0,POINT (-97.60990233499327 49.975889776327485)
2021A00054611040,85,264,141,19,49,84,12,615,650,4216,11197,5337,451,2418,2478,1471,20295,21981,4364.0,11571.0,5525.0,464.0,2518.0,2513.0,1530.0,20953.0,22703.0,POINT (-97.1754068365623 49.85419292704784)
2021A00054611042,1,4,3,1,1,3,1,12,13,2,17,18,7,75,29,4,117,124,1.0,10.0,11.0,4.0,36.0,16.0,3.0,70.0,74.0,POINT (-97.39350201440517 49.86797199100671)
2021A00054612047,4,10,10,3,3,6,1,63,66,341,384,371,9,419,106,15,1121,1146,94.0,235.0,117.0,9.0,58.0,54.0,28.0,599.0,631.0,POINT (-96.66016476523491 49.92316600180762)
2021A00054612054,0,1,0,0,0,0,0,5,5,0,5,0,0,0,0,0,10,10,,,,,,,,,,POINT (-96.5316315302224 50.12516397833087)
2021A00054612056,0,1,0,0,0,1,0,14,14,0,3,0,0,0,2,0,35,35,,,,,,,,,,POINT (-96.51244274219562 50.06182640074565)
2021A00054613032,2,3,4,1,1,1,1,6,6,58,8,63,3,3,3,55,67,67,102.0,48.0,150.0,6.0,74.0,59.0,96.0,218.0,256.0,POINT (-97.01158927250279 49.979646220984236)
2021A00054613037,0,2,3,0,2,4,0,7,10,0,18,21,0,38,30,0,56,77,94.0,43.0,137.0,5.0,68.0,54.0,89.0,198.0,233.0,POINT (-97.11296743474011 50.013453026462074)
2021A00054613043,1,5,1,0,1,4,0,29,29,7,44,3,0,3,17,0,99,99,,,,,,,,,,POINT (-96.98126521035799 50.271713260440876)
2021A00054613047,0,5,9,2,1,4,3,18,19,0,18,623,10,7,556,54,617,652,,,,,,,,,,POINT (-96.89533345872975 50.1506764618685)
2021A00054613049,0,0,0,0,0,0,0,0,0,0,0,0,0,0,0,0,0,0,,,,,,,,,,POINT (-96.95666545868762 50.45309603527456)
2021A00054613056,0,0,0,0,0,0,0,3,3,0,0,0,0,0,0,0,3,3,73.0,90.0,194.0,5.0,83.0,149.0,23.0,428.0,443.0,POINT (-96.46901427369572 50.28711901662295)
2021A00054613062,0,0,0,0,0,0,0,0,0,0,0,0,0,0,0,0,0,0,0.0,0.0,0.0,0.0,0.0,0.0,0.0,0.0,0.0,POINT (-96.60324947421233 50.34856386953992)
2021A00054614015,0,0,0,0,0,0,0,9,9,0,0,0,0,0,0,0,64,64,0.0,0.0,0.0,0.0,0.0,0.0,0.0,67.0,67.0,POINT (-97.37049954384756 49.996060083257746)
2021A00054614031,1,1,1,0,0,0,0,15,15,174,174,174,0,0,0,0,249,249,,,,,,,,,,POINT (-97.73510681382314 50.231067588504416)
2021A00054614036,0,2,1,0,1,3,0,19,20,0,97,7,0,33,42,0,224,231,,,,,,,,,,POINT (-97.28691090469293 50.2835530454202)
2021A00054614039,0,3,2,0,2,2,0,15,17,0,165,90,0,110,18,0,146,236,,,,,,,,,,POINT (-97.3275523893509 50.13435319996402)
2021A00054614042,0,2,2,1,1,1,0,13,13,0,78,78,3,75,3,0,109,109,,,,,,,,,,POINT (-97.2554331520477 50.38474397613406)
2021A00054615020,1,3,2,0,3,0,0,24,24,8,32,13,0,41,0,0,149,149,,,,,,,,,,POINT (-99.45452116085292 50.23009227275475)
2021A00054615032,0,0,0,0,0,0,0,11,11,0,0,0,0,0,0,0,22,22,,,,,,,,,,POINT (-100.20983954547106 50.19792297500138)
2021A00054615037,1,2,2,1,0,1,0,14,14,2,5,5,3,0,3,0,63,63,,,,,,,,,,POINT (-100.62245213606035 50.19619034724431)
2021A00054615042,0,0,0,0,0,0,0,0,0,0,0,0,0,0,0,0,0,0,,,,,,,,,,POINT (-101.16424756529082 50.269836296459985)
2021A00054615047,0,2,1,1,0,1,0,10,10,0,16,13,13,0,13,0,36,36,,,,,,,,,,POINT (-101.33760050098556 50.329328274362)
2021A00054615049,0,0,0,0,0,0,0,0,0,0,0,0,0,0,0,0,0,0,,,,,,,,,,POINT (-101.40320300919483 50.58692900686387)
2021A00054615056,0,1,1,0,0,0,0,27,27,0,2,2,0,0,0,0,76,76,,,,,,,,,,POINT (-100.99225349932898 50.32863548104052)
2021A00054615063,0,2,2,2,0,2,0,15,15,0,6,6,6,0,6,0,37,37,,,,,,,,,,POINT (-100.50779182357529 50.463334197629635)
2021A00054615067,0,0,0,0,0,0,0,3,3,0,0,0,0,0,0,0,3,3,,,,,,,,,,POINT (-100.30011433662716 50.558764268823964)
2021A00054615070,0,0,0,0,0,0,0,8,8,0,0,0,0,0,0,0,17,17,,,,,,,,,,POINT (-100.09265020059307 50.546174068766454)
2021A00054615071,0,0,0,0,0,0,0,0,0,0,0,0,0,0,0,0,0,0,,,,,,,,,,POINT (-99.98222243640667 50.45555777619284)
2021A00054615072,0,0,0,0,0,0,0,0,0,0,0,0,0,0,0,0,0,0,,,,,,,,,,POINT (-99.85925794385717 50.484160618291696)
2021A00054615074,0,0,0,0,0,0,0,3,3,0,0,0,0,0,0,0,7,7,,,,,,,,,,POINT (-99.7488767420667 50.24508544069569)
2021A00054615075,1,3,3,1,0,3,0,17,17,2,10,8,3,0,11,0,50,50,,,,,,,,,,POINT (-99.84994830537637 50.24800099643874)
2021A00054615078,1,1,1,0,1,0,0,13,13,4,4,4,0,7,0,0,50,50,,,,,,,,,,POINT (-99.53868685431759 50.4450604812756)
2021A00054615092,0,0,1,0,0,1,0,7,8,0,0,3,0,0,3,0,13,16,,,,,,,,,,POINT (-99.80990690146888 50.50612559268553)
2021A00054616005,0,0,0,0,0,0,0,8,8,0,0,0,0,0,0,0,14,14,,,,,,,,,,POINT (-100.69497942467902 50.73081908742255)
2021A00054616017,0,0,0,0,0,0,0,0,0,0,0,0,0,0,0,0,0,0,,,,,,,,,,POINT (-100.92896047663872 50.67658930204972)
2021A00054616020,0,0,0,0,0,0,0,10,10,0,0,0,0,0,0,0,17,17,,,,,,,,,,POINT (-101.09820818523119 50.873509333554864)
2021A00054616025,0,0,0,0,0,0,0,0,0,0,0,0,0,0,0,0,0,0,,,,,,,,,,POINT (-101.38111013604662 50.59830311333962)
2021A00054616030,1,1,1,0,0,2,0,24,24,2,2,2,0,0,2,0,80,80,,,,,,,,,,POINT (-101.3691100461519 50.724943941608885)
2021A00054616046,0,0,0,0,0,0,0,0,0,0,0,0,0,0,0,0,0,0,,,,,,,,,,POINT (-100.94484478626012 51.22721976259864)
2021A00054616048,0,0,1,0,3,1,0,15,16,0,0,7,0,70,7,0,111,118,,,,,,,,,,POINT (-101.27482027883656 51.364763765498694)
2021A00054617026,0,0,0,0,0,0,0,8,8,0,0,0,0,0,0,0,51,51,,,,,,,,,,POINT (-99.06885210667006 50.9778133918261)
2021A00054617029,0,0,0,0,0,0,0,0,0,0,0,0,0,0,0,0,0,0,,,,,,,,,,POINT (-99.0101172294724 51.0611393114221)
2021A00054617035,0,0,0,0,0,0,0,4,4,0,0,0,0,0,0,0,14,14,,,,,,,,,,POINT (-99.42075318070331 50.75753174807953)
2021A00054617041,0,0,0,0,0,0,0,15,15,0,0,0,0,0,0,0,40,40,,,,,,,,,,POINT (-99.44195840899387 51.022721516957716)
2021A00054617048,0,0,0,0,0,0,0,2,2,0,0,0,0,0,0,0,3,3,,,,,,,,,,POINT (-100.06336749067182 51.19892054962386)
2021A00054617050,0,2,2,1,1,1,0,19,19,0,68,68,65,15,65,0,111,111,,,,,,,,,,POINT (-100.04577811112956 51.148522537819645)
2021A00054617054,0,1,1,0,0,0,0,19,19,0,2,2,0,0,0,0,46,46,,,,,,,,,,POINT (-100.4379181432788 51.15505606341312)
2021A00054617058,0,0,0,0,1,0,0,9,9,0,0,0,0,13,0,0,29,29,,,,,,,,,,POINT (-100.78941023814772 51.15595405795016)
2021A00054617064,0,0,0,0,0,0,0,1,1,0,0,0,0,0,0,0,3,3,,,,,,,,,,POINT (-100.48673348297271 51.54119073329324)
2021A00054617072,0,0,0,0,0,0,0,12,12,0,0,0,0,0,0,0,44,44,,,,,,,,,,POINT (-99.96195190667986 51.74490002931754)
2021A00054617075,0,0,0,0,0,0,0,6,6,0,0,0,0,0,0,0,27,27,,,,,,,,,,POINT (-99.63308438675853 51.19958799649722)
2021A00054617092,0,0,0,0,0,0,0,0,0,0,0,0,0,0,0,0,0,0,,,,,,,,,,POINT (-100.07852609247709 50.796107414509684)
2021A00054618031,0,2,0,0,0,0,0,13,13,0,99,0,0,0,0,0,148,148,,,,,,,,,,POINT (-97.04867227296887 50.66128103738645)
2021A00054618034,0,0,0,0,0,0,0,2,2,0,0,0,0,0,0,0,9,9,,,,,,,,,,POINT (-96.96962927002133 50.507775820175496)
2021A00054618037,0,0,0,0,0,0,0,7,7,0,0,0,0,0,0,0,33,33,,,,,,,,,,POINT (-97.42564866043377 50.65422878423393)
2021A00054618040,0,0,0,0,0,0,0,3,3,0,0,0,0,0,0,0,7,7,,,,,,,,,,POINT (-97.81056395562614 50.45359954915945)
2021A00054618044,0,0,0,0,0,0,0,7,7,0,0,0,0,0,0,0,11,11,,,,,,,,,,POINT (-97.94875292035785 50.64466078765254)
2021A00054618055,0,0,0,0,0,0,0,0,0,0,0,0,0,0,0,0,0,0,,,,,,,,,,POINT (-98.58529480957198 50.91122084304407)
2021A00054618056,0,0,0,0,0,0,0,6,6,0,0,0,0,0,0,0,25,25,,,,,,,,,,POINT (-98.53095895735194 50.9892232190674)
2021A00054618060,0,0,0,0,0,0,0,9,9,0,0,0,0,0,0,0,56,56,,,,,,,,,,POINT (-98.36403906670174 51.25966303505949)
2021A00054618061,0,0,0,0,0,0,0,0,0,0,0,0,0,0,0,0,0,0,,,,,,,,,,POINT (-98.5172348013235 51.77506873197169)
2021A00054618063,0,0,0,0,0,0,0,0,0,0,0,0,0,0,0,0,0,0,,,,,,,,,,POINT (-98.57067023706747 51.68651893590611)
2021A00054618067,0,0,0,0,0,0,0,1,1,0,0,0,0,0,0,0,2,2,,,,,,,,,,POINT (-98.64762757152963 51.59220503991978)
2021A00054618068,1,0,1,0,0,0,1,11,11,6,0,6,0,0,0,6,38,38,,,,,,,,,,POINT (-97.66086768105608 51.084305284548755)
2021A00054618074,1,4,3,2,2,2,0,25,25,3,212,211,61,183,61,0,341,341,,,,,,,,,,POINT (-97.21613768428412 50.91024247830868)
2021A00054618076,0,1,1,0,0,0,0,13,13,0,7,7,0,0,0,0,97,97,,,,,,,,,,POINT (-97.16030722978714 51.05988780796965)
2021A00054618091,0,0,0,0,0,0,0,0,0,0,0,0,0,0,0,0,0,0,,,,,,,,,,POINT (-96.58953236151478 51.20521287218095)
2021A00054618093,0,0,0,0,0,0,0,0,0,0,0,0,0,0,0,0,0,0,,,,,,,,,,POINT (-98.4353531885165 50.660747404623216)
2021A00054619040,0,0,0,0,0,0,0,0,0,0,0,0,0,0,0,0,0,0,,,,,,,,,,POINT (-100.65991680006752 52.82784197218452)
2021A00054619045,0,0,0,0,0,1,0,5,5,0,0,0,0,0,114,0,206,206,,,,,,,,,,POINT (-96.73409945904326 51.86254876891028)
2021A00054619050,0,0,0,0,0,0,0,0,0,0,0,0,0,0,0,0,0,0,,,,,,,,,,POINT (-96.24910689979374 50.61870176321002)
2021A00054619051,0,0,0,0,0,0,0,0,0,0,0,0,0,0,0,0,0,0,,,,,,,,,,POINT (-95.45111777695517 52.010801831864136)
2021A00054619052,0,0,0,0,0,0,0,1,1,0,0,0,0,0,0,0,3,3,,,,,,,,,,POINT (-96.6720098590694 51.77918092516075)
2021A00054619053,0,0,0,0,0,0,0,29,29,0,0,0,0,0,0,0,164,164,,,,,,,,,,POINT (-96.28422758442906 51.168562768152874)
2021A00054619054,0,0,0,0,0,0,0,0,0,0,0,0,0,0,0,0,0,0,,,,,,,,,,POINT (-96.3236298184198 50.82878075552589)
2021A00054619056,0,0,0,0,0,0,0,0,0,0,0,0,0,0,0,0,0,0,,,,,,,,,,POINT (-97.37656721668415 51.43275085551948)
2021A00054619058,0,0,0,0,0,0,0,0,0,0,0,0,0,0,0,0,0,0,,,,,,,,,,POINT (-97.53220737777984 51.399093429796196)
2021A00054619059,0,0,0,0,0,0,0,0,0,0,0,0,0,0,0,0,0,0,,,,,,,,,,POINT (-97.56798023448287 51.30401726631478)
2021A00054619061,0,0,0,0,0,0,0,0,0,0,0,0,0,0,0,0,0,0,,,,,,,,,,POINT (-97.30707612962966 51.90512209465956)
2021A00054619062,0,0,0,0,0,0,0,0,0,0,0,0,0,0,0,0,0,0,,,,,,,,,,POINT (-98.05730821021952 51.95584733783302)
2021A00054619065,0,0,0,0,0,0,0,0,0,0,0,0,0,0,0,0,0,0,,,,,,,,,,POINT (-98.46926693458664 51.74225138756186)
2021A00054619068,0,0,0,0,0,0,0,0,0,0,0,0,0,0,0,0,0,0,,,,,,,,,,POINT (-99.22727403632173 51.524451268048175)
2021A00054619069,0,0,0,0,0,0,0,0,0,0,0,0,0,0,0,0,0,0,,,,,,,,,,POINT (-99.59692957030907 51.9583823114124)
2021A00054619070,0,0,0,0,0,0,0,0,0,0,0,0,0,0,0,0,0,0,,,,,,,,,,POINT (-100.20765990669315 52.054299131945385)
2021A00054619071,0,0,0,0,0,0,0,0,0,0,0,0,0,0,0,0,0,0,,,,,,,,,,POINT (-100.85727201791683 52.520067675614065)
2021A00054619072,0,0,0,0,0,0,0,0,0,0,0,0,0,0,0,0,0,0,,,,,,,,,,POINT (-100.68246400719333 52.74914198805095)
2021A00054619075,0,0,0,0,0,0,0,0,0,0,0,0,0,0,0,0,0,0,,,,,,,,,,POINT (-97.2843350000463 52.994120911507764)
2021A00054619077,0,0,0,0,0,0,0,0,0,0,0,0,0,0,0,0,0,0,,,,,,,,,,POINT (-96.9609807405383 52.337861536590054)
2021A00054619079,0,0,0,0,0,0,0,0,0,0,0,0,0,0,0,0,0,0,,,,,,,,,,POINT (-95.37938708208604 52.16401585778757)
2021A00054619082,0,0,0,0,0,0,0,0,0,0,0,0,0,0,0,0,0,0,,,,,,,,,,POINT (-99.72036078490895 52.92471595068506)
2021A00054620032,0,1,1,1,1,1,0,3,3,0,7,7,7,3,7,0,12,12,,,,,,,,,,POINT (-100.45707499103794 51.96756963682621)
2021A00054620042,1,1,1,0,0,0,0,13,13,18,18,18,0,0,0,0,40,40,,,,,,,,,,POINT (-101.40667804378424 52.01512944666865)
2021A00054620048,0,0,2,0,3,0,1,19,19,0,0,7,0,145,0,4,208,208,,,,,,,,,,POINT (-101.25452219802217 52.10827255086793)
2021A00054620051,0,0,0,0,2,0,0,22,22,0,0,0,0,326,0,0,368,368,,,,,,,,,,POINT (-100.97790875994895 52.145244422998495)
2021A00054620055,0,0,0,0,0,0,0,3,3,0,0,0,0,0,0,0,37,37,,,,,,,,,,POINT (-100.95894688530447 52.58072699375447)
2021A00054620060,0,0,0,0,0,0,0,0,0,0,0,0,0,0,0,0,0,0,,,,,,,,,,POINT (-101.09057828534878 52.48622874584564)
2021A00054620066,0,0,0,0,0,0,0,0,0,0,0,0,0,0,0,0,0,0,,,,,,,,,,POINT (-101.1469593297342 51.64596910137217)
2021A00054620069,0,0,0,0,0,0,0,0,0,0,0,0,0,0,0,0,0,0,,,,,,,,,,POINT (-101.36227679520684 52.56474146457705)
2021A00054621025,0,0,0,0,0,0,0,1,1,0,0,0,0,0,0,0,63,63,,,,,,,,,,POINT (-99.30701167093572 53.206881937517515)
2021A00054621027,0,0,0,0,0,0,0,1,1,0,0,0,0,0,0,0,75,75,,,,,,,,,,POINT (-99.23980998643209 53.153374232024575)
2021A00054621029,0,0,0,0,0,0,0,0,0,0,0,0,0,0,0,0,0,0,,,,,,,,,,POINT (-99.80098067716632 53.103436040727125)
2021A00054621033,0,0,0,0,0,0,0,0,0,0,0,0,0,0,0,0,0,0,,,,,,,,,,POINT (-101.2231479792238 53.791679813520986)
2021A00054621034,0,0,0,0,0,0,0,0,0,0,0,0,0,0,0,0,0,0,,,,,,,,,,POINT (-101.22325736885055 53.83279060602444)
2021A00054621035,0,0,0,0,0,0,0,0,0,0,0,0,0,0,0,0,0,0,,,,,,,,,,POINT (-101.27495590391248 53.81405469039618)
2021A00054621036,0,0,0,0,0,0,0,0,0,0,0,0,0,0,0,0,0,0,,,,,,,,,,POINT (-101.29302889819091 53.82703403036577)
2021A00054621039,0,0,0,0,0,0,0,0,0,0,0,0,0,0,0,0,0,0,,,,,,,,,,POINT (-101.38922913402526 53.794816553202175)
2021A00054621040,0,0,0,0,0,0,0,2,2,0,0,0,0,0,0,0,2,2,,,,,,,,,,POINT (-101.31858521958746 53.82287976996303)
2021A00054621043,0,0,0,0,0,0,0,0,0,0,0,0,0,0,0,0,0,0,,,,,,,,,,POINT (-101.32413124700018 53.87482826559674)
2021A00054621045,0,0,0,0,0,0,0,5,5,0,0,0,0,0,0,0,277,277,,,,,,,,,,POINT (-101.20179827430954 53.859919300736706)
2021A00054621052,0,0,1,0,2,0,0,4,4,0,0,7,0,10,0,0,26,26,,,,,,,,,,POINT (-101.45567913974047 53.708485229476985)
2021A00054621058,0,0,0,0,0,0,0,0,0,0,0,0,0,0,0,0,0,0,,,,,,,,,,POINT (-100.3387068303983 53.71118187319007)
2021A00054621060,0,0,0,0,0,0,0,0,0,0,0,0,0,0,0,0,0,0,,,,,,,,,,POINT (-100.39372204742077 53.83152996902462)
2021A00054621064,0,0,0,0,0,0,0,2,2,0,0,0,0,0,0,0,3,3,,,,,,,,,,POINT (-101.84949097915963 54.768681044705424)
2021A00054621071,0,0,0,0,0,0,0,0,0,0,0,0,0,0,0,0,0,0,,,,,,,,,,POINT (-100.110114251764 54.78016284402298)
2021A00054621078,0,0,0,0,0,0,0,2,2,0,0,0,0,0,0,0,7,7,,,,,,,,,,POINT (-100.15306459839435 54.291176464209656)
2021A00054621080,0,0,0,0,0,0,0,0,0,0,0,0,0,0,0,0,0,0,,,,,,,,,,POINT (-100.38411496965342 53.699092754944054)
2021A00054622017,0,0,0,0,0,0,0,0,0,0,0,0,0,0,0,0,0,0,,,,,,,,,,POINT (-98.07863985473232 55.536142037000964)
2021A00054622026,0,0,0,0,0,0,0,3,3,0,0,0,0,0,0,0,50,50,0.0,0.0,0.0,0.0,0.0,0.0,0.0,48.0,48.0,POINT (-97.85074712029564 55.758435559477924)
2021A00054622045,0,0,0,0,0,0,0,0,0,0,0,0,0,0,0,0,0,0,,,,,,,,,,POINT (-93.44394569258151 54.13961466570341)
2021A00054622046,0,0,0,0,0,0,0,2,2,0,0,0,0,0,0,0,68,68,,,,,,,,,,POINT (-97.15137557072492 54.85131426527684)
2021A00054622048,0,0,0,0,0,0,0,0,0,0,0,0,0,0,0,0,0,0,,,,,,,,,,POINT (-94.59526418679889 53.88896194136611)
2021A00054622049,0,0,0,0,0,0,0,0,0,0,0,0,0,0,0,0,0,0,,,,,,,,,,POINT (-94.61981289549108 54.522984017202525)
2021A00054622050,0,0,0,0,0,0,0,0,0,0,0,0,0,0,0,0,0,0,,,,,,,,,,POINT (-95.38783534335127 54.90361632693401)
2021A00054622051,0,0,0,0,0,0,0,0,0,0,0,0,0,0,0,0,0,0,,,,,,,,,,POINT (-97.82427138025062 54.61811711786711)
2021A00054622052,0,0,0,0,0,0,0,0,0,0,0,0,0,0,0,0,0,0,,,,,,,,,,POINT (-97.76083092943982 54.64984203049701)
2021A00054622055,0,0,0,0,0,0,0,0,0,0,0,0,0,0,0,0,0,0,,,,,,,,,,POINT (-94.04464086364324 54.83615097204484)
2021A00054622056,0,0,0,0,0,0,0,0,0,0,0,0,0,0,0,0,0,0,,,,,,,,,,POINT (-93.55034659509003 54.171882291593455)
2021A00054622058,0,0,0,0,0,0,0,0,0,0,0,0,0,0,0,0,0,0,,,,,,,,,,POINT (-97.71741006637333 54.028241383821296)
2021A00054622059,0,0,0,0,0,0,0,0,0,0,0,0,0,0,0,0,0,0,,,,,,,,,,POINT (-98.87494520751315 55.80585100077301)
2021A00054622063,0,0,0,0,0,0,0,0,0,0,0,0,0,0,0,0,0,0,,,,,,,,,,POINT (-96.21448601081077 56.25900347984537)
2021A00054622064,0,0,0,0,0,0,0,0,0,0,0,0,0,0,0,0,0,0,,,,,,,,,,POINT (-95.6069354654303 56.06950665156501)
2021A00054622065,0,0,0,0,0,0,0,0,0,0,0,0,0,0,0,0,0,0,,,,,,,,,,POINT (-96.1146561769683 56.07588048458756)
2021A00054622066,0,0,0,0,0,0,0,0,0,0,0,0,0,0,0,0,0,0,,,,,,,,,,POINT (-95.5993215222597 56.06815679532065)
2021A00054622067,0,0,0,0,0,0,0,0,0,0,0,0,0,0,0,0,0,0,,,,,,,,,,POINT (-97.75118779119947 54.62698806461334)
2021A00054622800,0,0,0,0,0,0,0,0,0,0,0,0,0,0,0,0,0,0,,,,,,,,,,POINT (-94.95673108223984 53.88485485038755)
2021A00054622801,0,0,0,0,0,0,0,0,0,0,0,0,0,0,0,0,0,0,,,,,,,,,,POINT (-94.8960116549584 53.72079436113979)
2021A00054622802,0,0,0,0,0,0,0,0,0,0,0,0,0,0,0,0,0,0,,,,,,,,,,POINT (-95.59192109434923 56.07029827315853)
2021A00054623022,0,0,0,0,0,0,0,1,1,0,0,0,0,0,0,0,297,297,,,,,,,,,,POINT (-93.94217156561723 56.507184261580456)
2021A00054623023,0,0,0,0,0,0,0,0,0,0,0,0,0,0,0,0,0,0,,,,,,,,,,POINT (-94.71037982957148 56.34602338063574)
2021A00054623027,0,0,0,0,0,0,0,0,0,0,0,0,0,0,0,0,0,0,,,,,,,,,,POINT (-94.20269887237856 56.50379295199823)
2021A00054623034,0,0,0,0,0,0,0,0,0,0,0,0,0,0,0,0,0,0,,,,,,,,,,POINT (-99.75490091578108 56.468620984469155)
2021A00054623037,0,0,0,0,0,0,0,1,1,0,0,0,0,0,0,0,3,3,,,,,,,,,,POINT (-98.92070265089905 56.77956290938259)
2021A00054623039,0,0,0,0,0,0,0,0,0,0,0,0,0,0,0,0,0,0,,,,,,,,,,POINT (-100.5653393732373 56.22581086251163)
2021A00054623040,0,0,0,0,0,0,0,0,0,0,0,0,0,0,0,0,0,0,,,,,,,,,,POINT (-98.9195264891234 56.78067402994576)
2021A00054623047,0,0,0,0,0,0,0,0,0,0,0,0,0,0,0,0,0,0,,,,,,,,,,POINT (-101.07605048058264 56.79871767088803)
2021A00054623056,0,0,0,0,0,0,0,0,0,0,0,0,0,0,0,0,0,0,,,,,,,,,,POINT (-94.09159322003046 58.745975176377456)
2021A00054623058,0,0,0,0,0,0,0,0,0,0,0,0,0,0,0,0,0,0,,,,,,,,,,POINT (-98.4877271884624 58.71455889224498)
2021A00054623062,0,0,0,0,0,0,0,0,0,0,0,0,0,0,0,0,0,0,,,,,,,,,,POINT (-97.38687061708924 57.64708754085768)
2021A00054623064,0,0,0,0,0,0,0,0,0,0,0,0,0,0,0,0,0,0,,,,,,,,,,POINT (-101.25603086282715 55.748214544524544)
2021A00054623065,0,0,0,0,0,0,0,0,0,0,0,0,0,0,0,0,0,0,,,,,,,,,,POINT (-101.64189054168504 57.913472069425424)
2021A00054623067,0,0,0,0,0,0,0,0,0,0,0,0,0,0,0,0,0,0,,,,,,,,,,POINT (-101.48692295900194 58.624606826506586)
2021A00054623071,0,0,0,0,0,0,0,0,0,0,0,0,0,0,0,0,0,0,,,,,,,,,,POINT (-92.12157595950856 55.85678408787415)
2021A00054623800,0,0,0,0,0,0,0,0,0,0,0,0,0,0,0,0,0,0,,,,,,,,,,POINT (-100.573686370111 56.83109673142701)
2021A00054701001,0,0,0,0,0,0,0,0,0,0,0,0,0,0,0,0,0,0,,,,,,,,,,POINT (-101.49643353755293 49.13496828660182)
2021A00054701002,0,0,0,0,0,0,0,4,4,0,0,0,0,0,0,0,13,13,,,,,,,,,,POINT (-101.44894375139425 49.177582391664515)
2021A00054701004,0,0,0,0,0,0,0,4,4,0,0,0,0,0,0,0,8,8,,,,,,,,,,POINT (-101.6200327414595 49.172402157501416)
2021A00054701006,0,0,0,0,0,0,0,0,0,0,0,0,0,0,0,0,0,0,,,,,,,,,,POINT (-101.81857632805135 49.13522876135029)
2021A00054701008,0,0,1,0,0,3,0,7,8,0,0,3,0,0,7,0,13,16,,,,,,,,,,POINT (-101.79536270116134 49.177274288778705)
2021A00054701011,0,0,0,0,0,0,0,0,0,0,0,0,0,0,0,0,0,0,,,,,,,,,,POINT (-102.20778491383257 49.130911440056394)
2021A00054701012,0,0,0,0,0,0,0,1,1,0,0,0,0,0,0,0,2,2,,,,,,,,,,POINT (-102.01755436373007 49.20931405727285)
2021A00054701014,1,1,2,0,1,2,0,6,6,5,5,40,0,13,36,0,57,57,,,,,,,,,,POINT (-102.16914695950658 49.227688806312365)
2021A00054701016,0,0,0,0,0,0,0,0,0,0,0,0,0,0,0,0,0,0,,,,,,,,,,POINT (-102.61105857332039 49.12876713460981)
2021A00054701017,0,0,0,0,0,0,0,1,1,0,0,0,0,0,0,0,1,1,,,,,,,,,,POINT (-102.42693485319772 49.214171292766025)
2021A00054701018,0,0,0,0,0,0,0,1,1,0,0,0,0,0,0,0,1,1,,,,,,,,,,POINT (-102.55490821373783 49.00685365587312)
2021A00054701019,0,0,0,0,0,0,0,0,0,0,0,0,0,0,0,0,0,0,,,,,,,,,,POINT (-102.80149852747132 49.06806346339111)
2021A00054701021,0,0,1,0,0,0,0,9,9,0,0,3,0,0,0,0,22,22,1.0,10.0,7.0,0.0,0.0,7.0,0.0,24.0,25.0,POINT (-102.79584519476504 49.14055580828252)
2021A00054701022,0,0,0,0,0,0,0,0,0,0,0,0,0,0,0,0,0,0,1.0,8.0,6.0,0.0,0.0,9.0,0.0,42.0,43.0,POINT (-103.11126317987683 49.118376733112946)
2021A00054701024,1,6,7,0,0,8,0,38,39,3,177,68,0,0,128,0,367,370,2.0,76.0,32.0,0.0,0.0,59.0,0.0,176.0,178.0,POINT (-102.98531884319951 49.14164812058746)
2021A00054701027,0,0,0,0,0,0,0,4,4,0,0,0,0,0,0,0,5,5,,,,,,,,,,POINT (-103.01562681622472 49.3881288887627)
2021A00054701031,0,0,0,0,0,0,0,0,0,0,0,0,0,0,0,0,0,0,,,,,,,,,,POINT (-102.57847811635966 49.39554220854669)
2021A00054701032,1,1,1,0,0,1,0,5,6,3,3,3,0,0,3,0,13,16,,,,,,,,,,POINT (-102.75771422316816 49.381505216737146)
2021A00054701036,0,0,0,0,0,0,0,0,0,0,0,0,0,0,0,0,0,0,,,,,,,,,,POINT (-102.2083657722296 49.39487780994594)
2021A00054701037,0,0,0,0,0,0,0,5,5,0,0,0,0,0,0,0,14,14,,,,,,,,,,POINT (-102.2868448902148 49.266831599996905)
2021A00054701039,0,0,0,0,0,0,0,0,0,0,0,0,0,0,0,0,0,0,,,,,,,,,,POINT (-101.83513798723533 49.39791197228219)
2021A00054701041,0,0,0,0,0,0,0,5,5,0,0,0,0,0,0,0,8,8,,,,,,,,,,POINT (-101.87425701733206 49.38919257563296)
2021A00054701043,0,0,0,0,0,0,0,2,2,0,0,0,0,0,0,0,4,4,,,,,,,,,,POINT (-101.49619445925053 49.40286836014709)
2021A00054701044,0,0,0,0,0,1,0,2,2,0,0,0,0,0,1,0,2,2,,,,,,,,,,POINT (-101.60156038640524 49.3898804378842)
2021A00054701047,0,0,0,0,0,0,0,7,7,0,0,0,0,0,0,0,12,12,,,,,,,,,,POINT (-101.71229761543646 49.61620738619683)
2021A00054701049,0,0,0,0,0,0,0,4,4,0,0,0,0,0,0,0,8,8,,,,,,,,,,POINT (-101.70202040022261 49.57065039944235)
2021A00054701053,0,0,0,0,0,0,0,1,1,0,0,0,0,0,0,0,1,1,,,,,,,,,,POINT (-102.1418908729535 49.660281291045706)
2021A00054701054,0,0,0,0,0,0,0,8,8,0,0,0,0,0,0,0,17,17,,,,,,,,,,POINT (-102.08543308196705 49.60272946024594)
2021A00054701056,0,1,2,0,2,3,0,8,9,0,74,10,0,16,79,0,115,118,,,,,,,,,,POINT (-102.27160783713572 49.63433637860656)
2021A00054701058,0,0,0,0,0,0,0,0,0,0,0,0,0,0,0,0,0,0,,,,,,,,,,POINT (-102.5370567294272 49.6547892236148)
2021A00054701059,0,0,0,0,0,1,0,4,4,0,0,0,0,0,2,0,10,10,,,,,,,,,,POINT (-102.49178095159348 49.63903075311994)
2021A00054701061,0,0,0,0,0,0,0,2,2,0,0,0,0,0,0,0,4,4,,,,,,,,,,POINT (-102.67237415874739 49.645186735157814)
2021A00054701063,0,0,0,0,0,0,0,0,0,0,0,0,0,0,0,0,0,0,,,,,,,,,,POINT (-103.02263761042481 49.6538319418282)
2021A00054701064,0,0,0,0,0,0,0,1,1,0,0,0,0,0,0,0,2,2,,,,,,,,,,POINT (-102.87023514137793 49.653309586531705)
2021A00054701066,0,0,0,0,0,1,0,7,7,0,0,0,0,0,7,0,18,18,,,,,,,,,,POINT (-103.0262873729388 49.673475695413856)
2021A00054701067,0,0,0,0,0,0,0,2,2,0,0,0,0,0,0,0,5,5,,,,,,,,,,POINT (-103.14976067543391 49.73625440366123)
2021A00054701069,0,0,0,0,0,0,0,7,7,0,0,0,0,0,0,0,31,31,,,,,,,,,,POINT (-102.99013806370101 49.92055049035546)
2021A00054701072,0,0,0,0,0,0,0,0,0,0,0,0,0,0,0,0,0,0,,,,,,,,,,POINT (-102.62079703219564 49.91494825205558)
2021A00054701076,1,1,1,0,0,0,0,4,4,204,204,204,0,0,0,0,209,209,,,,,,,,,,POINT (-102.21104168417698 49.90927361153153)
2021A00054701077,0,0,0,0,0,0,0,4,4,0,0,0,0,0,0,0,7,7,,,,,,,,,,POINT (-102.35073995520708 50.011826420937695)
2021A00054701078,0,1,0,0,0,1,0,7,7,0,5,0,0,0,5,0,16,16,,,,,,,,,,POINT (-102.02560890869752 49.906756623340534)
2021A00054701079,0,0,0,0,0,0,0,5,5,0,0,0,0,0,0,0,11,11,,,,,,,,,,POINT (-102.28208788831853 49.83187184674101)
2021A00054701091,0,0,0,0,0,0,0,0,0,0,0,0,0,0,0,0,0,0,,,,,,,,,,POINT (-101.86429982267619 49.88374252082579)
2021A00054701094,0,0,0,0,0,0,0,0,0,0,0,0,0,0,0,0,0,0,,,,,,,,,,POINT (-101.55781081624978 49.88671447435521)
2021A00054701096,0,0,0,0,0,0,0,1,1,0,0,0,0,0,0,0,4,4,,,,,,,,,,POINT (-101.52697616543878 49.8362083788752)
2021A00054701098,0,0,0,0,0,0,0,1,1,0,0,0,0,0,0,0,6,6,,,,,,,,,,POINT (-101.67963397771727 49.877360720321676)
2021A00054701808,0,0,0,0,0,0,0,0,0,0,0,0,0,0,0,0,0,0,,,,,,,,,,POINT (-102.25266780206383 49.76235273952133)
2021A00054701809,0,0,0,0,0,0,0,0,0,0,0,0,0,0,0,0,0,0,,,,,,,,,,POINT (-103.07909276109274 49.84319695417472)
2021A00054701810,0,0,0,0,0,0,0,0,0,0,0,0,0,0,0,0,0,0,,,,,,,,,,POINT (-103.15018091619203 49.89786632689856)
2021A00054701812,0,0,0,0,0,0,0,0,0,0,0,0,0,0,0,0,0,0,,,,,,,,,,POINT (-103.05975038087662 49.876592137925215)
2021A00054701813,0,0,0,0,0,0,0,0,0,0,0,0,0,0,0,0,0,0,,,,,,,,,,POINT (-102.93252695733837 49.8281326897054)
2021A00054701814,0,0,0,0,0,0,0,0,0,0,0,0,0,0,0,0,0,0,,,,,,,,,,POINT (-102.91421115019321 49.798130290635676)
2021A00054701815,0,0,0,0,0,0,0,0,0,0,0,0,0,0,0,0,0,0,,,,,,,,,,POINT (-102.93823549669216 49.85291578030315)
2021A00054701816,0,0,0,0,0,0,0,0,0,0,0,0,0,0,0,0,0,0,,,,,,,,,,POINT (-102.91463885791228 49.86490940488711)
2021A00054701817,0,0,0,0,0,0,0,0,0,0,0,0,0,0,0,0,0,0,,,,,,,,,,POINT (-102.88162956830186 49.85700324296161)
2021A00054701818,0,0,0,0,0,0,0,0,0,0,0,0,0,0,0,0,0,0,,,,,,,,,,POINT (-102.89841065353004 49.836208565170836)
2021A00054701819,0,0,0,0,0,0,0,0,0,0,0,0,0,0,0,0,0,0,,,,,,,,,,POINT (-102.7435543376242 49.78061990742068)
2021A00054702001,0,0,0,0,0,0,0,0,0,0,0,0,0,0,0,0,0,0,,,,,,,,,,POINT (-103.40903902179143 49.13083728318863)
2021A00054702002,0,0,0,0,0,0,0,4,4,0,0,0,0,0,0,0,11,11,,,,,,,,,,POINT (-103.4868316420535 49.141265691291956)
2021A00054702006,0,0,0,0,0,0,0,3,3,0,0,0,0,0,0,0,4,4,,,,,,,,,,POINT (-103.80958051252186 49.13067413234422)
2021A00054702008,0,0,0,0,0,0,0,1,1,0,0,0,0,0,0,0,1,1,,,,,,,,,,POINT (-103.8257294761927 49.24789949633916)
2021A00054702011,0,0,0,0,0,0,0,1,1,0,0,0,0,0,0,0,1,1,,,,,,,,,,POINT (-104.20997583842548 49.12961720516129)
2021A00054702014,0,0,0,0,0,0,0,4,4,0,0,0,0,0,0,0,9,9,,,,,,,,,,POINT (-104.61063638724978 49.131803836821206)
2021A00054702016,0,0,0,0,0,1,0,6,6,0,0,0,0,0,1,0,13,13,,,,,,,,,,POINT (-104.58265144227803 49.16603549639694)
2021A00054702018,0,0,0,0,0,0,0,2,2,0,0,0,0,0,0,0,5,5,,,,,,,,,,POINT (-105.0114796911311 49.13250841416933)
2021A00054702023,0,0,0,0,0,0,0,3,3,0,0,0,0,0,0,0,7,7,,,,,,,,,,POINT (-105.12784651380125 49.39692215864484)
2021A00054702024,0,0,0,0,0,0,0,0,0,0,0,0,0,0,0,0,0,0,,,,,,,,,,POINT (-105.16701158526745 49.373313925483465)
2021A00054702026,0,0,0,0,0,0,0,0,0,0,0,0,0,0,0,0,0,0,,,,,,,,,,POINT (-104.62939884573471 49.39182169443078)
2021A00054702028,0,0,0,0,0,0,0,6,6,0,0,0,0,0,0,0,13,13,,,,,,,,,,POINT (-104.60143439625867 49.460996931638796)
2021A00054702029,0,0,0,0,0,0,0,3,3,0,0,0,0,0,0,0,5,5,,,,,,,,,,POINT (-104.22553036003349 49.391789253596535)
2021A00054702031,0,1,1,1,0,1,0,7,7,0,3,3,3,0,3,0,17,17,,,,,,,,,,POINT (-104.2986782487505 49.45882683239637)
2021A00054702033,0,0,0,0,0,0,0,2,2,0,0,0,0,0,0,0,3,3,,,,,,,,,,POINT (-103.82223606080505 49.39190477326367)
2021A00054702036,0,0,0,0,0,0,0,0,0,0,0,0,0,0,0,0,0,0,,,,,,,,,,POINT (-103.70466146292634 49.393833989920736)
2021A00054702037,0,0,0,0,0,0,0,0,0,0,0,0,0,0,0,0,0,0,,,,,,,,,,POINT (-103.51985402990788 49.37914541483958)
2021A00054702038,0,0,0,0,0,0,0,6,6,0,0,0,0,0,0,0,18,18,,,,,,,,,,POINT (-103.55935807940763 49.48812369994105)
2021A00054702039,0,0,1,0,0,2,0,6,7,0,0,3,0,0,10,0,21,24,,,,,,,,,,POINT (-103.41049064043223 49.396495216984874)
2021A00054702041,0,0,0,0,0,0,0,1,1,0,0,0,0,0,0,0,1,1,,,,,,,,,,POINT (-103.26254515514533 49.31527683597342)
2021A00054702042,0,0,0,0,0,0,0,6,6,0,0,0,0,0,0,0,23,23,,,,,,,,,,POINT (-103.4287642342725 49.65011638194939)
2021A00054702044,0,0,0,0,0,0,0,4,4,0,0,0,0,0,0,0,13,13,0.0,5.0,7.0,9.0,1.0,10.0,0.0,69.0,71.0,POINT (-103.7283863744574 49.667212967952956)
2021A00054702047,0,3,5,2,1,7,0,25,27,0,39,57,115,15,49,0,241,247,0.0,31.0,46.0,86.0,12.0,54.0,0.0,287.0,293.0,POINT (-103.84690510886502 49.66471772085978)
2021A00054702048,0,0,0,0,0,0,0,1,1,0,0,0,0,0,0,0,1,1,0.0,0.0,0.0,0.0,0.0,0.0,0.0,0.0,0.0,POINT (-104.01059736486378 49.73013089300527)
2021A00054702051,0,0,0,0,0,0,0,0,0,0,0,0,0,0,0,0,0,0,,,,,,,,,,POINT (-104.24222545124785 49.6588663166113)
2021A00054702052,0,0,0,0,0,0,0,1,1,0,0,0,0,0,0,0,6,6,,,,,,,,,,POINT (-104.64875954671054 49.653977757738595)
2021A00054702054,0,0,0,0,0,0,0,3,3,0,0,0,0,0,0,0,4,4,,,,,,,,,,POINT (-104.65992252239374 49.64641692810522)
2021A00054702057,0,0,0,0,0,0,0,1,1,0,0,0,0,0,0,0,1,1,,,,,,,,,,POINT (-105.05518262100713 49.65211036525431)
2021A00054702058,0,0,0,0,0,0,0,2,2,0,0,0,0,0,0,0,4,4,,,,,,,,,,POINT (-104.9143109829427 49.57390951965946)
2021A00054702061,0,0,0,0,0,0,0,0,0,0,0,0,0,0,0,0,0,0,,,,,,,,,,POINT (-105.07807332467748 49.913780953764366)
2021A00054702062,0,0,0,0,0,0,0,3,3,0,0,0,0,0,0,0,4,4,,,,,,,,,,POINT (-105.05589191355165 50.014201644199794)
2021A00054702066,0,0,0,0,0,0,0,1,1,0,0,0,0,0,0,0,1,1,,,,,,,,,,POINT (-104.6688069962126 49.911485391136154)
2021A00054702067,1,1,1,0,0,0,0,8,8,5,5,5,0,0,0,0,18,18,,,,,,,,,,POINT (-104.51834396488348 49.99266720758739)
2021A00054702069,0,0,0,0,0,0,0,3,3,0,0,0,0,0,0,0,6,6,,,,,,,,,,POINT (-104.25880329199761 49.919194637769316)
2021A00054702071,0,0,0,0,0,0,0,5,5,0,0,0,0,0,0,0,10,10,,,,,,,,,,POINT (-104.37255932873924 49.91923021647221)
2021A00054702072,0,0,0,0,0,0,0,2,2,0,0,0,0,0,0,0,3,3,,,,,,,,,,POINT (-104.16323701383459 49.80570906756644)
2021A00054702073,0,0,0,0,0,0,0,4,4,0,0,0,0,0,0,0,10,10,,,,,,,,,,POINT (-103.84920556607103 49.92016425283927)
2021A00054702076,0,0,0,0,0,0,0,0,0,0,0,0,0,0,0,0,0,0,,,,,,,,,,POINT (-103.43936116390736 49.91799170677404)
2021A00054702077,0,0,0,0,0,0,0,1,1,0,0,0,0,0,0,0,3,3,,,,,,,,,,POINT (-103.58144789805549 49.956215306981974)
2021A00054702078,0,0,0,0,0,0,0,1,1,0,0,0,0,0,0,0,1,1,,,,,,,,,,POINT (-103.43389702860264 49.87924707426785)
2021A00054702079,0,0,0,0,0,0,0,3,3,0,0,0,0,0,0,0,4,4,,,,,,,,,,POINT (-103.31005922219673 49.822644362690625)
2021A00054703001,0,0,0,0,0,0,0,0,0,0,0,0,0,0,0,0,0,0,,,,,,,,,,POINT (-105.36678731734933 49.13841862518995)
2021A00054703004,0,0,0,0,0,0,0,3,3,0,0,0,0,0,0,0,11,11,,,,,,,,,,POINT (-105.51194656519289 49.11009874075847)
2021A00054703006,0,0,0,0,0,0,0,0,0,0,0,0,0,0,0,0,0,0,,,,,,,,,,POINT (-105.80914490590573 49.12719830953888)
2021A00054703009,0,0,0,0,0,0,0,5,5,0,0,0,0,0,0,0,11,11,,,,,,,,,,POINT (-105.94568923338869 49.179811815170666)
2021A00054703011,0,0,0,0,0,0,0,4,4,0,0,0,0,0,0,0,6,6,,,,,,,,,,POINT (-106.25298493979474 49.23908290450178)
2021A00054703012,0,0,0,0,0,0,0,2,2,0,0,0,0,0,0,0,3,3,,,,,,,,,,POINT (-106.38418569432913 49.36950827986192)
2021A00054703016,0,0,0,0,0,0,0,0,0,0,0,0,0,0,0,0,0,0,,,,,,,,,,POINT (-107.41889408161724 49.39735864886159)
2021A00054703018,0,0,0,0,0,0,0,3,3,0,0,0,0,0,0,0,5,5,,,,,,,,,,POINT (-107.01567370815062 49.26380024979141)
2021A00054703019,0,1,0,0,0,1,0,7,7,0,3,0,0,0,3,0,45,45,,,,,,,,,,POINT (-107.07156683225624 49.42094473708594)
2021A00054703022,0,0,0,0,0,0,0,6,6,0,0,0,0,0,0,0,20,20,,,,,,,,,,POINT (-106.61788043552092 49.27297007778672)
2021A00054703026,0,0,0,0,0,0,0,4,4,0,0,0,0,0,0,0,7,7,,,,,,,,,,POINT (-105.72123444786914 49.39999100441926)
2021A00054703028,0,0,0,0,0,0,0,2,2,0,0,0,0,0,0,0,2,2,,,,,,,,,,POINT (-105.63488553712827 49.39150881657342)
2021A00054703029,0,0,0,0,0,0,0,2,2,0,0,0,0,0,0,0,4,4,,,,,,,,,,POINT (-105.4618959739829 49.58120713782381)
2021A00054703034,0,0,0,0,0,0,0,5,5,0,0,0,0,0,0,0,12,12,,,,,,,,,,POINT (-105.81945678412502 49.65692934503568)
2021A00054703036,0,0,0,0,0,0,0,10,10,0,0,0,0,0,0,0,20,20,,,,,,,,,,POINT (-105.99027294002589 49.62952276590137)
2021A00054703038,0,0,0,0,0,0,0,2,2,0,0,0,0,0,0,0,8,8,,,,,,,,,,POINT (-106.20831467364091 49.62292568410888)
2021A00054703041,0,1,1,0,0,0,0,5,5,0,14,14,0,0,0,0,22,22,,,,,,,,,,POINT (-106.26643017786408 49.65299000018789)
2021A00054703042,0,0,0,0,0,0,0,0,0,0,0,0,0,0,0,0,0,0,,,,,,,,,,POINT (-106.61401247818307 49.64951486721646)
2021A00054703044,1,1,0,0,0,0,0,6,6,7,7,0,0,0,0,0,20,20,,,,,,,,,,POINT (-106.57435354405277 49.70562149779093)
2021A00054703048,0,0,0,0,0,0,0,3,3,0,0,0,0,0,0,0,6,6,,,,,,,,,,POINT (-107.02000787793729 49.65668026500496)
2021A00054703051,0,0,0,0,0,0,0,5,5,0,0,0,0,0,0,0,12,12,,,,,,,,,,POINT (-107.00390668001529 49.66970724850983)
2021A00054703052,0,0,0,0,0,0,0,0,0,0,0,0,0,0,0,0,0,0,,,,,,,,,,POINT (-107.1396655428773 49.68779550397752)
2021A00054703054,0,0,0,0,0,0,0,2,2,0,0,0,0,0,0,0,4,4,,,,,,,,,,POINT (-107.42671923693405 49.65457689656122)
2021A00054703058,0,1,1,0,0,0,0,5,5,0,3,3,0,0,0,0,10,10,,,,,,,,,,POINT (-107.48771939272228 49.744934114598706)
2021A00054703059,0,0,0,0,0,0,0,3,3,0,0,0,0,0,0,0,6,6,,,,,,,,,,POINT (-107.43832455996889 49.91358557168638)
2021A00054703061,0,0,0,0,0,0,0,0,0,0,0,0,0,0,0,0,0,0,,,,,,,,,,POINT (-107.62874175311119 49.964937536631886)
2021A00054703062,0,0,0,0,0,0,0,1,1,0,0,0,0,0,0,0,1,1,,,,,,,,,,POINT (-107.30202349899571 49.90715698295466)
2021A00054703064,0,0,0,0,0,0,0,1,1,0,0,0,0,0,0,0,2,2,,,,,,,,,,POINT (-107.02870272515027 49.91531751669189)
2021A00054703068,1,1,0,0,0,0,0,5,5,71,71,0,0,0,0,0,80,80,,,,,,,,,,POINT (-106.61882211479042 49.916642000347245)
2021A00054703071,0,0,0,0,0,0,0,0,0,0,0,0,0,0,0,0,0,0,,,,,,,,,,POINT (-106.55420903404047 49.87324290102495)
2021A00054703074,0,0,0,0,0,0,0,4,4,0,0,0,0,0,0,0,8,8,,,,,,,,,,POINT (-106.20986174004534 49.923612294107706)
2021A00054703092,0,0,0,0,0,0,0,6,6,0,0,0,0,0,0,0,22,22,,,,,,,,,,POINT (-105.9644292597683 49.94011688983896)
2021A00054703093,1,2,1,0,0,0,0,2,2,9,12,9,0,0,0,0,12,12,,,,,,,,,,POINT (-105.84849050564442 49.91634025415258)
2021A00054703096,0,0,0,0,0,0,0,5,5,0,0,0,0,0,0,0,13,13,,,,,,,,,,POINT (-105.4871703477179 49.91277621879767)
2021A00054703801,0,0,0,0,0,0,0,0,0,0,0,0,0,0,0,0,0,0,,,,,,,,,,POINT (-106.44394315388236 49.31999242602074)
2021A00054704002,0,0,0,0,0,0,0,8,8,0,0,0,0,0,0,0,22,22,,,,,,,,,,POINT (-107.72947365110187 49.24503748441361)
2021A00054704003,0,0,0,0,0,0,0,3,3,0,0,0,0,0,0,0,4,4,,,,,,,,,,POINT (-107.87908223346462 49.21841409262612)
2021A00054704006,0,0,0,0,0,0,0,0,0,0,0,0,0,0,0,0,0,0,,,,,,,,,,POINT (-108.21017368312135 49.13239700408142)
2021A00054704008,0,0,0,0,0,0,0,4,4,0,0,0,0,0,0,0,8,8,,,,,,,,,,POINT (-108.09548444696468 49.178144038880646)
2021A00054704009,0,0,0,0,0,0,0,3,3,0,0,0,0,0,0,0,6,6,,,,,,,,,,POINT (-108.3882835934477 49.207990794925564)
2021A00054704011,0,0,0,0,0,0,0,4,4,0,0,0,0,0,0,0,9,9,,,,,,,,,,POINT (-108.82001770514476 49.1315190645818)
2021A00054704012,1,2,2,0,0,0,0,4,4,88,90,90,0,0,0,0,96,96,,,,,,,,,,POINT (-108.56207647078166 49.20535501707683)
2021A00054704019,0,0,0,0,0,0,0,0,0,0,0,0,0,0,0,0,0,0,,,,,,,,,,POINT (-109.5644024902827 49.26542229037038)
2021A00054704021,0,0,0,0,0,0,0,7,7,0,0,0,0,0,0,0,19,19,,,,,,,,,,POINT (-109.51989869873496 49.294356104991024)
2021A00054704024,0,0,0,0,0,0,0,0,0,0,0,0,0,0,0,0,0,0,,,,,,,,,,POINT (-108.85797380948975 49.47692852159576)
2021A00054704026,0,0,0,0,0,1,0,6,6,0,0,0,0,0,2,0,20,20,,,,,,,,,,POINT (-108.8197415226409 49.51631454780697)
2021A00054704028,0,0,0,0,0,0,0,6,6,0,0,0,0,0,0,0,14,14,,,,,,,,,,POINT (-107.83439642248992 49.6543790108609)
2021A00054704029,0,0,0,0,0,0,0,1,1,0,0,0,0,0,0,0,1,1,,,,,,,,,,POINT (-107.73848932358973 49.726016173377545)
2021A00054704034,0,0,0,0,0,0,0,0,0,0,0,0,0,0,0,0,0,0,,,,,,,,,,POINT (-108.2412047182317 49.56554752025014)
2021A00054704036,0,0,0,0,0,2,0,8,8,0,0,0,0,0,5,0,26,26,,,,,,,,,,POINT (-108.41594710734628 49.647848756550935)
2021A00054704038,0,0,0,0,0,0,0,1,1,0,0,0,0,0,0,0,2,2,,,,,,,,,,POINT (-108.64774746698639 49.64870133777542)
2021A00054704045,0,0,0,0,0,0,0,0,0,0,0,0,0,0,0,0,0,0,,,,,,,,,,POINT (-109.83424844969103 49.79162068244576)
2021A00054704048,0,0,0,0,0,0,0,0,0,0,0,0,0,0,0,0,0,0,,,,,,,,,,POINT (-109.4785980345204 49.904831982315315)
2021A00054704050,0,0,0,0,0,0,0,7,7,0,0,0,0,0,0,0,16,16,,,,,,,,,,POINT (-109.07670288240998 50.00790018179748)
2021A00054704054,0,0,0,0,0,0,0,0,0,0,0,0,0,0,0,0,0,0,,,,,,,,,,POINT (-108.66698359407043 49.91541550026507)
2021A00054704058,0,0,0,0,0,0,0,0,0,0,0,0,0,0,0,0,0,0,,,,,,,,,,POINT (-108.24089455161203 49.82971864215404)
2021A00054704061,0,0,0,0,0,0,0,1,1,0,0,0,0,0,0,0,2,2,,,,,,,,,,POINT (-107.84775568550143 49.91232602671306)
2021A00054704802,0,0,0,0,0,0,0,0,0,0,0,0,0,0,0,0,0,0,,,,,,,,,,POINT (-109.63630224441877 49.83671002664383)
2021A00054705001,0,0,0,0,0,0,0,4,4,0,0,0,0,0,0,0,14,14,,,,,,,,,,POINT (-101.58484034583 50.21111942812223)
2021A00054705002,0,0,0,0,0,0,0,4,4,0,0,0,0,0,0,0,8,8,,,,,,,,,,POINT (-101.4988367598999 50.071550595807174)
2021A00054705004,0,0,0,0,0,0,0,0,0,0,0,0,0,0,0,0,0,0,,,,,,,,,,POINT (-101.66637864678995 50.1458471437683)
2021A00054705007,0,0,0,0,0,0,0,0,0,0,0,0,0,0,0,0,0,0,,,,,,,,,,POINT (-101.86455598034811 50.19241057103249)
2021A00054705009,0,0,0,0,0,0,0,6,6,0,0,0,0,0,0,0,24,24,,,,,,,,,,POINT (-101.97249600616976 50.25939601894628)
2021A00054705011,0,0,0,0,0,0,0,0,0,0,0,0,0,0,0,0,0,0,,,,,,,,,,POINT (-102.21150017283772 50.178420103254524)
2021A00054705014,0,0,0,0,0,0,0,0,0,0,0,0,0,0,0,0,0,0,,,,,,,,,,POINT (-102.62030781090401 50.17875274755196)
2021A00054705016,0,0,0,0,0,0,0,9,9,0,0,0,0,0,0,0,33,33,,,,,,,,,,POINT (-102.6317955052277 50.09806471974725)
2021A00054705018,0,0,0,0,0,0,0,0,0,0,0,0,0,0,0,0,0,0,,,,,,,,,,POINT (-103.0300618025619 50.178577265893516)
2021A00054705019,0,0,0,0,0,0,0,1,1,0,0,0,0,0,0,0,1,1,,,,,,,,,,POINT (-102.83691454659686 50.10788373752946)
2021A00054705021,0,0,0,0,0,0,0,5,5,0,0,0,0,0,0,0,11,11,,,,,,,,,,POINT (-103.13781627237711 50.19299841162502)
2021A00054705024,0,0,0,0,0,0,0,4,4,0,0,0,0,0,0,0,9,9,,,,,,,,,,POINT (-103.27246520214504 50.42280199594976)
2021A00054705027,0,0,0,0,0,0,0,1,1,0,0,0,0,0,0,0,1,1,,,,,,,,,,POINT (-103.11219337954378 50.447191731782596)
2021A00054705028,0,0,0,0,0,0,0,0,0,0,0,0,0,0,0,0,0,0,,,,,,,,,,POINT (-102.78547764575467 50.463878597417015)
2021A00054705029,0,0,0,0,0,0,0,4,4,0,0,0,0,0,0,0,9,9,,,,,,,,,,POINT (-102.93288024439835 50.410877694048246)
2021A00054705031,0,0,0,0,0,0,0,4,4,0,0,0,0,0,0,0,10,10,,,,,,,,,,POINT (-102.57929940595854 50.37746545744841)
2021A00054705033,0,0,0,0,0,0,0,0,0,0,0,0,0,0,0,0,0,0,,,,,,,,,,POINT (-102.21250388671872 50.41235021548881)
2021A00054705034,0,0,0,0,0,0,0,3,3,0,0,0,0,0,0,0,5,5,,,,,,,,,,POINT (-102.26630555155822 50.328482951546825)
2021A00054705037,0,0,0,0,0,0,0,0,0,0,0,0,0,0,0,0,0,0,,,,,,,,,,POINT (-101.74150958227321 50.439854553628)
2021A00054705038,0,2,0,0,0,4,0,12,12,0,8,0,0,0,302,0,325,325,,,,,,,,,,POINT (-101.69246565879594 50.380408367118505)
2021A00054705041,0,0,0,0,0,0,0,0,0,0,0,0,0,0,0,0,0,0,,,,,,,,,,POINT (-101.75758122181166 50.582200499782175)
2021A00054705042,0,0,0,0,0,0,0,1,1,0,0,0,0,0,0,0,1,1,,,,,,,,,,POINT (-101.8414581948893 50.536452308225556)
2021A00054705043,0,0,1,0,0,0,0,4,4,0,0,2,0,0,0,0,8,8,,,,,,,,,,POINT (-101.6866739199993 50.603133577104664)
2021A00054705044,1,2,1,0,0,1,0,4,4,44,48,44,0,0,4,0,56,56,,,,,,,,,,POINT (-101.79355571331571 50.66494710421611)
2021A00054705047,0,0,0,0,0,0,0,0,0,0,0,0,0,0,0,0,0,0,,,,,,,,,,POINT (-101.75746755582519 50.76818157009673)
2021A00054705048,0,0,0,0,0,0,0,4,4,0,0,0,0,0,0,0,7,7,,,,,,,,,,POINT (-101.70421262764835 50.84348751882254)
2021A00054705049,0,0,0,0,0,0,0,0,0,0,0,0,0,0,0,0,0,0,,,,,,,,,,POINT (-101.93599596434049 50.69803487754055)
2021A00054705050,0,0,0,0,0,0,0,0,0,0,0,0,0,0,0,0,0,0,,,,,,,,,,POINT (-102.41322398164702 50.54977774311132)
2021A00054705051,0,0,0,0,0,0,0,0,0,0,0,0,0,0,0,0,0,0,,,,,,,,,,POINT (-102.21541612633843 50.68953427839164)
2021A00054705052,0,0,1,0,0,3,0,7,8,0,0,28,0,0,614,0,632,660,,,,,,,,,,POINT (-102.07558357449038 50.653214579898275)
2021A00054705053,0,0,0,0,0,0,0,4,4,0,0,0,0,0,0,0,20,20,,,,,,,,,,POINT (-102.22240806071645 50.77337322883805)
2021A00054705054,0,0,0,0,0,0,0,5,5,0,0,0,0,0,0,0,10,10,,,,,,,,,,POINT (-102.33841207251162 50.80417198819243)
2021A00054705055,0,0,0,0,0,0,0,0,0,0,0,0,0,0,0,0,0,0,,,,,,,,,,POINT (-102.34490612699736 50.54246423989835)
2021A00054705056,0,0,0,0,0,0,0,5,5,0,0,0,0,0,0,0,12,12,,,,,,,,,,POINT (-102.3020417728837 50.658296000618144)
2021A00054705057,0,0,0,0,0,0,0,0,0,0,0,0,0,0,0,0,0,0,,,,,,,,,,POINT (-102.63350060409876 50.69639220610914)
2021A00054705058,0,0,0,0,0,0,0,0,0,0,0,0,0,0,0,0,0,0,,,,,,,,,,POINT (-102.47666621423271 50.68248612050739)
2021A00054705059,0,0,0,0,0,0,0,2,2,0,0,0,0,0,0,0,5,5,,,,,,,,,,POINT (-102.64401996735388 50.71825146396726)
2021A00054705060,0,0,0,0,0,0,0,0,0,0,0,0,0,0,0,0,0,0,,,,,,,,,,POINT (-102.72563490231128 50.61467343904488)
2021A00054705061,0,0,0,0,0,0,0,4,4,0,0,0,0,0,0,0,7,7,,,,,,,,,,POINT (-102.51284450134655 50.85049149944226)
2021A00054705062,0,0,0,0,0,0,0,0,0,0,0,0,0,0,0,0,0,0,,,,,,,,,,POINT (-102.8309121224827 50.75410519048334)
2021A00054705063,0,0,0,0,0,0,0,0,0,0,0,0,0,0,0,0,0,0,,,,,,,,,,POINT (-103.14293657388227 50.69716367896689)
2021A00054705064,0,0,0,0,0,0,0,3,3,0,0,0,0,0,0,0,4,4,,,,,,,,,,POINT (-103.0130342703391 50.70976063260168)
2021A00054705066,1,1,1,0,0,0,0,3,3,9,9,9,0,0,0,0,12,12,,,,,,,,,,POINT (-103.20312240344325 50.731044256884786)
2021A00054705067,0,0,0,0,0,0,0,0,0,0,0,0,0,0,0,0,0,0,,,,,,,,,,POINT (-103.05943831761805 50.9902850955445)
2021A00054705068,0,0,0,0,0,0,0,6,6,0,0,0,0,0,0,0,19,19,,,,,,,,,,POINT (-103.09237581656856 50.87336464643638)
2021A00054705069,0,0,0,0,0,0,0,1,1,0,0,0,0,0,0,0,1,1,,,,,,,,,,POINT (-103.18827232152697 51.06306524344921)
2021A00054705071,0,0,0,0,0,0,0,1,1,0,0,0,0,0,0,0,1,1,,,,,,,,,,POINT (-103.0462689984839 51.01222369008386)
2021A00054705073,0,0,0,0,0,0,0,0,0,0,0,0,0,0,0,0,0,0,,,,,,,,,,POINT (-102.63811163299253 50.98915360536803)
2021A00054705074,2,3,2,1,0,1,0,11,11,5,19,16,14,0,14,0,36,36,,,,,,,,,,POINT (-102.80762782561763 50.92987508989189)
2021A00054705077,0,0,0,0,0,0,0,0,0,0,0,0,0,0,0,0,0,0,,,,,,,,,,POINT (-102.2172539125622 50.989396169278564)
2021A00054705078,0,0,0,0,1,0,0,5,5,0,0,0,0,29,0,0,36,36,,,,,,,,,,POINT (-102.16365792813006 51.04131829517483)
2021A00054705079,0,0,0,0,0,0,0,3,3,0,0,0,0,0,0,0,8,8,,,,,,,,,,POINT (-102.04487929877082 50.9415959690901)
2021A00054705093,0,0,0,0,0,0,0,1,1,0,0,0,0,0,0,0,1,1,,,,,,,,,,POINT (-101.77276732907742 50.98877870662316)
2021A00054705094,0,0,0,0,0,0,0,5,5,0,0,0,0,0,0,0,22,22,,,,,,,,,,POINT (-101.893060588076 50.89593738423989)
2021A00054705096,0,0,0,0,0,0,0,2,2,0,0,0,0,0,0,0,3,3,,,,,,,,,,POINT (-101.60346141772794 51.084266652013774)
2021A00054705803,0,0,0,0,0,0,0,0,0,0,0,0,0,0,0,0,0,0,,,,,,,,,,POINT (-102.67972736432594 50.54092604930846)
2021A00054705804,0,0,0,0,0,0,0,0,0,0,0,0,0,0,0,0,0,0,,,,,,,,,,POINT (-102.5538417345942 50.52251964756298)
2021A00054705805,0,0,0,0,0,0,0,0,0,0,0,0,0,0,0,0,0,0,,,,,,,,,,POINT (-102.78994517449334 50.556007180362634)
2021A00054705806,0,0,0,0,0,0,0,0,0,0,0,0,0,0,0,0,0,0,,,,,,,,,,POINT (-102.39063386111296 50.49092680289247)
2021A00054705807,0,0,0,0,0,0,0,0,0,0,0,0,0,0,0,0,0,0,,,,,,,,,,POINT (-102.7615796093865 50.61731762465938)
2021A00054705808,0,0,0,0,0,0,0,0,0,0,0,0,0,0,0,0,0,0,,,,,,,,,,POINT (-102.41572264374248 51.03061203696672)
2021A00054705814,0,0,0,0,0,0,0,0,0,0,0,0,0,0,0,0,0,0,,,,,,,,,,POINT (-102.08202901920184 50.367759172537326)
2021A00054705815,0,0,0,0,0,0,0,0,0,0,0,0,0,0,0,0,0,0,,,,,,,,,,POINT (-102.51813935254675 50.05468429845986)
2021A00054705818,0,0,0,0,0,0,0,0,0,0,0,0,0,0,0,0,0,0,,,,,,,,,,POINT (-102.14995444530467 50.47935770164604)
2021A00054705823,0,0,0,0,0,0,0,0,0,0,0,0,0,0,0,0,0,0,,,,,,,,,,POINT (-102.33736487271969 50.74165306833028)
2021A00054705824,0,0,0,0,0,0,0,0,0,0,0,0,0,0,0,0,0,0,,,,,,,,,,POINT (-102.28197071342363 50.73674120671451)
2021A00054705828,0,0,0,0,0,0,0,0,0,0,0,0,0,0,0,0,0,0,,,,,,,,,,POINT (-102.33434842299089 50.327049732226115)
2021A00054706001,0,0,0,0,0,0,0,4,4,0,0,0,0,0,0,0,7,7,,,,,,,,,,POINT (-103.34057756191406 50.23446286787361)
2021A00054706002,1,1,1,0,0,0,0,1,1,2,2,2,0,0,0,0,2,2,,,,,,,,,,POINT (-103.45064548570868 50.2197392221373)
2021A00054706003,0,0,0,0,0,0,0,0,0,0,0,0,0,0,0,0,0,0,,,,,,,,,,POINT (-103.61599948507002 50.25430055826884)
2021A00054706004,0,0,1,0,0,1,0,0,1,0,0,6,0,0,6,0,0,6,,,,,,,,,,POINT (-103.85486946070202 50.22214429261739)
2021A00054706006,0,0,0,0,0,0,0,6,6,0,0,0,0,0,0,0,13,13,,,,,,,,,,POINT (-103.78343057839291 50.28332169363237)
2021A00054706007,0,0,0,0,0,0,0,2,2,0,0,0,0,0,0,0,8,8,,,,,,,,,,POINT (-103.94796069509495 50.33456169763827)
2021A00054706008,0,0,0,0,0,1,0,3,3,0,0,0,0,0,35,0,37,37,,,,,,,,,,POINT (-104.01386246998261 50.171316149568746)
2021A00054706009,0,0,0,0,0,0,0,0,0,0,0,0,0,0,0,0,0,0,,,,,,,,,,POINT (-103.86627958796427 50.101792051920526)
2021A00054706011,0,0,1,0,1,0,0,6,6,0,0,3,0,3,0,0,23,23,4.0,6.0,14.0,0.0,2.0,9.0,0.0,41.0,43.0,POINT (-104.26572091913113 50.205166393207776)
2021A00054706013,0,0,0,0,0,0,0,1,1,0,0,0,0,0,0,0,1,1,,,,,,,,,,POINT (-104.66838714055368 50.18242089363684)
2021A00054706014,0,0,0,0,0,0,0,1,1,0,0,0,0,0,0,0,3,3,,,,,,,,,,POINT (-104.72214380641181 50.094339302385066)
2021A00054706016,0,0,0,0,0,0,0,1,1,0,0,0,0,0,0,0,1,1,,,,,,,,,,POINT (-105.07790978578086 50.17990922975166)
2021A00054706017,0,0,0,0,0,0,0,4,4,0,0,0,0,0,0,0,6,6,,,,,,,,,,POINT (-104.90723377310243 50.18918244202482)
2021A00054706018,0,1,1,1,0,1,0,1,1,0,14,14,14,0,14,0,14,14,,,,,,,,,,POINT (-105.26565434549786 50.16758803325849)
2021A00054706019,0,0,0,0,0,0,0,5,5,0,0,0,0,0,0,0,12,12,,,,,,,,,,POINT (-105.13363848911814 50.29282488544017)
2021A00054706021,0,0,0,0,0,0,0,4,4,0,0,0,0,0,0,0,12,12,0.0,0.0,0.0,0.0,0.0,0.0,0.0,13.0,13.0,POINT (-105.09936148029374 50.434717511308634)
2021A00054706022,0,1,0,0,0,4,0,5,5,0,22,0,0,0,676,0,711,711,0.0,0.0,0.0,0.0,0.0,0.0,0.0,0.0,0.0,POINT (-105.15652217841483 50.39298487433301)
2021A00054706023,0,1,1,1,0,1,0,6,6,0,7,7,7,0,7,0,19,19,0.0,3.0,1.0,1.0,0.0,28.0,0.0,29.0,29.0,POINT (-104.98211704805144 50.41570230876375)
2021A00054706026,1,2,2,0,0,1,0,3,3,30,45,365,0,0,350,0,395,395,8.0,27.0,14.0,1.0,4.0,13.0,0.0,74.0,79.0,POINT (-104.78996646650334 50.42551108291024)
2021A00054706027,10,59,25,4,16,35,0,173,184,905,1833,1005,76,196,608,0,2691,2784,1051.0,2006.0,1503.0,77.0,266.0,1049.0,0.0,3490.0,3585.0,POINT (-104.6180436516498 50.46024690087885)
2021A00054706028,0,0,0,0,0,0,0,0,0,0,0,0,0,0,0,0,0,0,9.0,28.0,16.0,1.0,4.0,14.0,0.0,55.0,60.0,POINT (-104.81276001935895 50.436918594284826)
2021A00054706029,3,4,4,0,1,1,0,9,10,152,158,158,0,26,6,0,219,225,41.0,82.0,57.0,3.0,12.0,41.0,0.0,194.0,202.0,POINT (-104.34314304701952 50.51746056066264)
2021A00054706030,0,0,1,0,1,2,0,6,7,0,0,60,0,15,73,0,36,96,61.0,62.0,81.0,0.0,27.0,26.0,0.0,113.0,131.0,POINT (-104.35633837253864 50.43490746299827)
2021A00054706031,3,2,2,0,1,1,0,7,7,94,91,103,0,62,15,0,175,175,38.0,76.0,44.0,3.0,12.0,28.0,0.0,124.0,132.0,POINT (-104.4233213343589 50.47990918718489)
2021A00054706032,0,0,0,0,0,0,0,0,0,0,0,0,0,0,0,0,0,0,36.0,36.0,47.0,0.0,17.0,16.0,0.0,67.0,77.0,POINT (-104.27214041937292 50.48649532574858)
2021A00054706033,0,0,0,0,0,0,0,2,2,0,0,0,0,0,0,0,4,4,11.0,12.0,12.0,0.0,3.0,1.0,0.0,21.0,22.0,POINT (-104.25276934539616 50.63339135921649)
2021A00054706034,0,0,0,0,0,0,0,3,3,0,0,0,0,0,0,0,5,5,,,,,,,,,,POINT (-104.00681476766304 50.553486168598354)
2021A00054706036,0,1,1,1,0,1,0,3,3,0,3,3,3,0,3,0,7,7,,,,,,,,,,POINT (-103.87335205360672 50.54299182889735)
2021A00054706037,0,0,0,0,0,1,0,2,3,0,0,0,0,0,101,0,9,110,,,,,,,,,,POINT (-104.06728280891024 50.516633863621145)
2021A00054706038,0,0,0,0,0,0,0,0,0,0,0,0,0,0,0,0,0,0,,,,,,,,,,POINT (-103.58764561975146 50.53092196733642)
2021A00054706039,1,1,1,0,1,0,1,10,10,46,3,46,0,7,0,46,71,71,,,,,,,,,,POINT (-103.66728237287852 50.53493004213609)
2021A00054706041,0,0,0,0,0,0,0,0,0,0,0,0,0,0,0,0,0,0,,,,,,,,,,POINT (-103.44907912707876 50.47579096455832)
2021A00054706042,0,0,0,0,0,0,0,0,0,0,0,0,0,0,0,0,0,0,,,,,,,,,,POINT (-103.4310862456457 50.695580206450444)
2021A00054706045,0,0,0,0,0,0,0,0,0,0,0,0,0,0,0,0,0,0,,,,,,,,,,POINT (-103.81037357116728 50.79439738713058)
2021A00054706046,0,0,0,0,0,0,0,3,3,0,0,0,0,0,0,0,7,7,,,,,,,,,,POINT (-103.41816527616412 50.744414775227916)
2021A00054706047,0,1,1,0,0,0,0,3,3,0,3,3,0,0,0,0,6,6,,,,,,,,,,POINT (-103.54588658462488 50.80512880629258)
2021A00054706048,0,0,0,0,0,0,0,0,0,0,0,0,0,0,0,0,0,0,,,,,,,,,,POINT (-104.16648536321658 50.72018022254174)
2021A00054706049,0,0,0,0,0,0,0,0,0,0,0,0,0,0,0,0,0,0,,,,,,,,,,POINT (-103.7018959045539 50.752945013866984)
2021A00054706050,0,0,0,0,0,0,0,0,0,0,0,0,0,0,0,0,0,0,,,,,,,,,,POINT (-103.62208586362154 50.69539603561432)
2021A00054706051,0,0,0,0,0,0,0,6,6,0,0,0,0,0,0,0,19,19,,,,,,,,,,POINT (-103.79231462132081 50.764753457339985)
2021A00054706052,0,0,0,0,0,0,0,0,0,0,0,0,0,0,0,0,0,0,,,,,,,,,,POINT (-103.83768775740418 50.780061953713535)
2021A00054706053,0,0,0,0,0,0,0,1,1,0,0,0,0,0,0,0,1,1,8.0,13.0,21.0,0.0,3.0,14.0,0.0,73.0,74.0,POINT (-104.77816785687601 50.69126163657005)
2021A00054706054,0,0,0,0,0,0,0,0,0,0,0,0,0,0,0,0,0,0,0.0,0.0,0.0,0.0,0.0,0.0,0.0,0.0,0.0,POINT (-105.04943612401827 50.64097166836207)
2021A00054706055,0,0,0,0,1,0,0,1,1,0,0,0,0,7,0,0,7,7,0.0,0.0,0.0,0.0,10.0,0.0,0.0,10.0,10.0,POINT (-104.94279791363142 50.77977295961989)
2021A00054706056,1,3,1,0,0,0,0,6,6,5,39,5,0,0,0,0,51,51,5.0,37.0,5.0,0.0,0.0,0.0,0.0,43.0,43.0,POINT (-104.86435377914556 50.64804102016014)
2021A00054706057,0,0,0,0,0,0,0,0,0,0,0,0,0,0,0,0,0,0,0.0,0.0,0.0,0.0,0.0,0.0,0.0,0.0,0.0,POINT (-104.8994364351677 50.765904337484045)
2021A00054706058,0,0,0,0,0,0,0,0,0,0,0,0,0,0,0,0,0,0,0.0,0.0,0.0,0.0,35.0,0.0,0.0,35.0,35.0,POINT (-104.97434913329474 50.789426892363984)
2021A00054706059,0,0,0,0,0,0,0,0,0,0,0,0,0,0,0,0,0,0,,,,,,,,,,POINT (-105.29634235084177 50.70739646521666)
2021A00054706060,0,0,0,0,0,0,0,0,0,0,0,0,0,0,0,0,0,0,,,,,,,,,,POINT (-105.17224792565113 50.938248941096894)
2021A00054706061,0,0,0,0,0,1,0,5,5,0,0,0,0,0,187,0,196,196,,,,,,,,,,POINT (-105.20523438713006 50.707163682407604)
2021A00054706062,0,0,0,0,0,0,0,0,0,0,0,0,0,0,0,0,0,0,,,,,,,,,,POINT (-105.40335047804179 50.787313360541404)
2021A00054706063,0,0,0,0,0,0,0,2,2,0,0,0,0,0,0,0,2,2,,,,,,,,,,POINT (-105.30353013682497 50.970891277611706)
2021A00054706064,0,0,0,0,0,0,0,1,1,0,0,0,0,0,0,0,1,1,,,,,,,,,,POINT (-105.5690378442814 50.85210485959172)
2021A00054706065,0,0,0,0,0,0,0,0,0,0,0,0,0,0,0,0,0,0,,,,,,,,,,POINT (-105.16728235517711 50.92784876998869)
2021A00054706067,0,0,0,0,0,0,0,5,5,0,0,0,0,0,0,0,11,11,,,,,,,,,,POINT (-105.42065918606059 50.95914345013251)
2021A00054706068,1,0,0,0,0,0,0,2,2,5,0,0,0,0,0,0,6,6,,,,,,,,,,POINT (-105.25141065545748 50.86659772995603)
2021A00054706069,0,0,0,0,0,0,0,0,0,0,0,0,0,0,0,0,0,0,,,,,,,,,,POINT (-105.11081603014428 50.87356664264622)
2021A00054706070,0,0,0,0,0,0,0,0,0,0,0,0,0,0,0,0,0,0,,,,,,,,,,POINT (-104.6157284498476 50.9551556581028)
2021A00054706071,0,0,0,0,0,0,0,0,0,0,0,0,0,0,0,0,0,0,,,,,,,,,,POINT (-104.97591849018596 50.95978853697255)
2021A00054706072,0,0,0,0,0,0,0,0,0,0,0,0,0,0,0,0,0,0,,,,,,,,,,POINT (-104.92461475430018 50.79663838403179)
2021A00054706073,0,0,0,0,0,0,0,8,8,0,0,0,0,0,0,0,23,23,,,,,,,,,,POINT (-104.86257072490679 50.986672072664035)
2021A00054706074,0,0,1,0,1,0,1,6,6,0,0,3,0,7,0,3,19,19,,,,,,,,,,POINT (-104.95538573445286 51.070226103099145)
2021A00054706075,0,0,0,0,0,0,0,0,0,0,0,0,0,0,0,0,0,0,,,,,,,,,,POINT (-104.90306515207303 50.78424263781908)
2021A00054706076,0,0,0,0,0,0,0,0,0,0,0,0,0,0,0,0,0,0,,,,,,,,,,POINT (-105.0011336518746 50.80701222347859)
2021A00054706077,0,0,0,0,0,0,0,0,0,0,0,0,0,0,0,0,0,0,,,,,,,,,,POINT (-104.91053241277929 50.807129786092666)
2021A00054706078,0,0,0,0,0,0,0,7,7,0,0,0,0,0,0,0,11,11,0.0,0.0,0.0,0.0,0.0,0.0,0.0,8.0,8.0,POINT (-104.79816466884225 50.707570361464924)
2021A00054706079,0,0,0,0,0,0,0,2,2,0,0,0,0,0,0,0,3,3,,,,,,,,,,POINT (-104.71140195732438 50.935768136868894)
2021A00054706080,0,0,0,0,0,0,0,0,0,0,0,0,0,0,0,0,0,0,,,,,,,,,,POINT (-105.09442584485858 50.88888187414638)
2021A00054706081,0,0,0,0,0,0,0,0,0,0,0,0,0,0,0,0,0,0,,,,,,,,,,POINT (-105.55921670739954 50.69391899318454)
2021A00054706082,0,0,0,0,0,0,0,0,0,0,0,0,0,0,0,0,0,0,,,,,,,,,,POINT (-105.03624284121898 50.80352539883447)
2021A00054706085,0,0,0,0,0,0,0,0,0,0,0,0,0,0,0,0,0,0,,,,,,,,,,POINT (-105.16125805556457 50.97153195194252)
2021A00054706091,0,0,0,0,0,0,0,0,0,0,0,0,0,0,0,0,0,0,,,,,,,,,,POINT (-104.22866914840591 50.95853488188284)
2021A00054706092,0,1,0,0,0,0,0,5,5,0,9,0,0,0,0,0,17,17,,,,,,,,,,POINT (-104.50148242257733 50.94258979316541)
2021A00054706093,0,0,0,0,0,0,0,0,0,0,0,0,0,0,0,0,0,0,,,,,,,,,,POINT (-104.36217479088378 50.939126454708145)
2021A00054706094,0,0,0,0,0,0,0,4,4,0,0,0,0,0,0,0,8,8,,,,,,,,,,POINT (-104.21162180255098 50.94652673753851)
2021A00054706096,0,0,0,0,0,0,0,0,0,0,0,0,0,0,0,0,0,0,,,,,,,,,,POINT (-103.86083762195284 50.96815533215302)
2021A00054706097,0,0,0,0,0,0,0,3,3,0,0,0,0,0,0,0,5,5,,,,,,,,,,POINT (-104.03691388178386 50.9429856445154)
2021A00054706098,0,0,0,0,0,0,0,2,2,0,0,0,0,0,0,0,2,2,,,,,,,,,,POINT (-103.84825748760025 50.903290696176704)
2021A00054706099,0,0,0,0,0,0,0,0,0,0,0,0,0,0,0,0,0,0,,,,,,,,,,POINT (-103.5899919357917 50.98910536826585)
2021A00054706809,0,0,0,0,0,0,0,0,0,0,0,0,0,0,0,0,0,0,,,,,,,,,,POINT (-104.4315572627274 50.741882554949825)
2021A00054706810,0,0,0,0,0,0,0,0,0,0,0,0,0,0,0,0,0,0,,,,,,,,,,POINT (-103.48387413991965 50.34232244317021)
2021A00054706811,0,0,0,0,0,0,0,0,0,0,0,0,0,0,0,0,0,0,,,,,,,,,,POINT (-103.88405902331334 50.827965141023355)
2021A00054706812,0,0,0,0,0,0,0,0,0,0,0,0,0,0,0,0,0,0,,,,,,,,,,POINT (-104.01457962546276 50.74948240995239)
2021A00054706813,0,0,0,0,0,0,0,0,0,0,0,0,0,0,0,0,0,0,,,,,,,,,,POINT (-104.23649991256093 50.764491623412155)
2021A00054706814,0,0,0,0,0,0,0,0,0,0,0,0,0,0,0,0,0,0,,,,,,,,,,POINT (-103.37970594842174 50.99834665782395)
2021A00054706815,0,0,0,0,0,0,0,0,0,0,0,0,0,0,0,0,0,0,,,,,,,,,,POINT (-103.38684221777116 50.92666811618812)
2021A00054706816,0,0,0,0,0,0,0,0,0,0,0,0,0,0,0,0,0,0,,,,,,,,,,POINT (-103.3864733678942 50.87496505417142)
2021A00054706818,0,0,0,0,0,0,0,0,0,0,0,0,0,0,0,0,0,0,,,,,,,,,,POINT (-103.37994034080512 50.96132020746567)
2021A00054706820,0,0,0,0,0,0,0,0,0,0,0,0,0,0,0,0,0,0,,,,,,,,,,POINT (-103.71193922167883 50.76117067717655)
2021A00054706828,0,0,0,0,0,0,0,0,0,0,0,0,0,0,0,0,0,0,,,,,,,,,,POINT (-103.65119119919 51.00835958139938)
2021A00054706829,0,0,0,0,0,0,0,0,0,0,0,0,0,0,0,0,0,0,,,,,,,,,,POINT (-103.7893099634293 50.757007980288535)
2021A00054706830,0,0,0,0,0,0,0,0,0,0,0,0,0,0,0,0,0,0,,,,,,,,,,POINT (-103.7359869477033 50.53337705316829)
2021A00054706831,0,0,0,0,0,0,0,0,0,0,0,0,0,0,0,0,0,0,,,,,,,,,,POINT (-103.69018819852344 50.50578232334292)
2021A00054707001,0,0,0,0,0,0,0,0,0,0,0,0,0,0,0,0,0,0,,,,,,,,,,POINT (-105.48680922059913 50.184173213922456)
2021A00054707004,0,0,0,0,0,0,0,0,0,0,0,0,0,0,0,0,0,0,,,,,,,,,,POINT (-105.84835955417599 50.17653977046729)
2021A00054707006,0,0,0,0,0,0,0,2,2,0,0,0,0,0,0,0,8,8,,,,,,,,,,POINT (-106.20966661040279 50.18420202363169)
2021A00054707008,0,0,0,0,0,0,0,1,1,0,0,0,0,0,0,0,1,1,,,,,,,,,,POINT (-106.38502592141595 50.135607463577)
2021A00054707011,0,0,0,0,0,0,0,3,3,0,0,0,0,0,0,0,6,6,,,,,,,,,,POINT (-106.61931632015465 50.172794315620926)
2021A00054707012,0,0,0,0,0,0,0,2,2,0,0,0,0,0,0,0,2,2,,,,,,,,,,POINT (-106.62731732712389 50.160236451892914)
2021A00054707014,0,0,0,0,0,0,0,0,0,0,0,0,0,0,0,0,0,0,,,,,,,,,,POINT (-107.02881639360864 50.177327401113)
2021A00054707016,0,0,0,0,0,0,0,5,5,0,0,0,0,0,0,0,11,11,,,,,,,,,,POINT (-106.96462545275182 50.11437500397635)
2021A00054707018,0,0,0,0,0,0,0,0,0,0,0,0,0,0,0,0,0,0,,,,,,,,,,POINT (-107.43829933052238 50.181738166425404)
2021A00054707020,0,0,0,0,0,0,0,0,0,0,0,0,0,0,0,0,0,0,,,,,,,,,,POINT (-107.6635112573225 50.66098536469579)
2021A00054707021,0,0,0,0,0,0,0,0,0,0,0,0,0,0,0,0,0,0,,,,,,,,,,POINT (-107.44835952020229 50.492633202977366)
2021A00054707022,0,0,0,0,0,1,0,4,4,0,0,0,0,0,1,0,5,5,,,,,,,,,,POINT (-107.5971883375994 50.35909168576312)
2021A00054707023,0,0,0,0,0,0,0,1,1,0,0,0,0,0,0,0,2,2,,,,,,,,,,POINT (-107.40183155005647 50.40252348133671)
2021A00054707024,0,0,0,0,0,0,0,0,0,0,0,0,0,0,0,0,0,0,,,,,,,,,,POINT (-107.03580189610328 50.53710828581839)
2021A00054707026,0,0,0,0,0,0,0,3,3,0,0,0,0,0,0,0,4,4,,,,,,,,,,POINT (-107.22477802004855 50.426791981228206)
2021A00054707027,0,0,0,0,0,0,0,2,2,0,0,0,0,0,0,0,2,2,,,,,,,,,,POINT (-107.0356496176246 50.414349010152044)
2021A00054707028,0,0,0,0,0,0,0,4,4,0,0,0,0,0,0,0,7,7,,,,,,,,,,POINT (-106.89249361282795 50.44863000002178)
2021A00054707029,0,0,0,0,0,0,0,0,0,0,0,0,0,0,0,0,0,0,,,,,,,,,,POINT (-106.6235586782781 50.41008381928996)
2021A00054707031,0,0,0,0,0,1,0,5,5,0,0,0,0,0,35,0,41,41,,,,,,,,,,POINT (-106.65790289268797 50.46156854677021)
2021A00054707032,0,0,0,0,0,0,0,0,0,0,0,0,0,0,0,0,0,0,,,,,,,,,,POINT (-106.2453660025622 50.43577420984183)
2021A00054707034,0,0,0,0,0,0,0,4,4,0,0,0,0,0,0,0,8,8,,,,,,,,,,POINT (-106.06477696944368 50.455203589615685)
2021A00054707036,0,0,0,0,0,0,0,0,0,0,0,0,0,0,0,0,0,0,,,,,,,,,,POINT (-105.86111058613447 50.43803234659294)
2021A00054707037,0,0,0,0,0,0,0,4,4,0,0,0,0,0,0,0,49,49,,,,,,,,,,POINT (-105.81553242349679 50.45938017552751)
2021A00054707038,0,0,0,0,0,0,0,1,1,0,0,0,0,0,0,0,3,3,5.0,5.0,1.0,0.0,4.0,2.0,0.0,49.0,49.0,POINT (-105.4348249538823 50.45130017758935)
2021A00054707039,4,6,1,0,6,1,0,48,48,113,127,13,0,38,30,0,464,464,127.0,140.0,14.0,0.0,43.0,33.0,0.0,522.0,522.0,POINT (-105.53577195091286 50.39077546829264)
2021A00054707042,0,0,0,0,0,0,0,2,2,0,0,0,0,0,0,0,2,2,,,,,,,,,,POINT (-105.81296227377705 50.7055707495103)
2021A00054707043,0,0,0,0,0,1,0,3,3,0,0,0,0,0,7,0,10,10,,,,,,,,,,POINT (-105.58020764108785 50.5740642813225)
2021A00054707044,0,0,0,0,0,0,0,2,2,0,0,0,0,0,0,0,8,8,,,,,,,,,,POINT (-105.71935364881034 50.61932204073636)
2021A00054707045,0,0,0,0,0,0,0,0,0,0,0,0,0,0,0,0,0,0,,,,,,,,,,POINT (-105.5363035808349 50.65923148302642)
2021A00054707047,0,0,0,0,0,0,0,0,0,0,0,0,0,0,0,0,0,0,,,,,,,,,,POINT (-106.21504456517276 50.70251068344009)
2021A00054707048,0,1,0,0,0,0,0,8,8,0,6,0,0,0,0,0,26,26,,,,,,,,,,POINT (-106.01608352289442 50.740272398752296)
2021A00054707049,0,0,0,0,0,0,0,1,1,0,0,0,0,0,0,0,1,1,,,,,,,,,,POINT (-106.15462105566236 50.800239196538925)
2021A00054707051,0,0,0,0,0,0,0,0,0,0,0,0,0,0,0,0,0,0,,,,,,,,,,POINT (-105.58360112216991 50.6940235444803)
2021A00054707053,0,0,0,0,0,0,0,0,0,0,0,0,0,0,0,0,0,0,,,,,,,,,,POINT (-106.69787541483525 50.70147529429316)
2021A00054707054,0,0,0,0,0,0,0,4,4,0,0,0,0,0,0,0,7,7,,,,,,,,,,POINT (-106.50256703578042 50.80050660979596)
2021A00054707058,0,0,0,0,0,0,0,2,2,0,0,0,0,0,0,0,2,2,,,,,,,,,,POINT (-107.08994279724817 50.8874707948112)
2021A00054707059,0,0,0,0,0,0,0,4,4,0,0,0,0,0,0,0,7,7,,,,,,,,,,POINT (-107.1340037608352 50.985647116114436)
2021A00054707062,2,2,1,0,0,0,0,9,9,5,5,2,0,0,0,0,23,23,,,,,,,,,,POINT (-107.38390446853751 50.8798537097553)
2021A00054707063,0,0,0,0,0,0,0,1,1,0,0,0,0,0,0,0,35,35,,,,,,,,,,POINT (-107.52876274002341 50.83653364743402)
2021A00054707066,0,0,0,0,0,0,0,0,0,0,0,0,0,0,0,0,0,0,,,,,,,,,,POINT (-107.46926833507251 51.1435511447011)
2021A00054707067,0,0,0,0,0,0,0,3,3,0,0,0,0,0,0,0,5,5,,,,,,,,,,POINT (-107.03231283864281 51.146847338780375)
2021A00054707068,0,0,0,0,0,0,0,0,0,0,0,0,0,0,0,0,0,0,,,,,,,,,,POINT (-106.82425493798716 51.16457965980283)
2021A00054707071,0,0,0,0,0,0,0,0,0,0,0,0,0,0,0,0,0,0,,,,,,,,,,POINT (-106.68397423664005 50.94177662467143)
2021A00054707072,0,0,0,0,0,0,0,3,3,0,0,0,0,0,0,0,7,7,,,,,,,,,,POINT (-106.86796453064856 50.903388242517316)
2021A00054707074,0,0,0,0,0,0,0,0,0,0,0,0,0,0,0,0,0,0,,,,,,,,,,POINT (-106.52663652829307 51.064967915455846)
2021A00054707076,0,0,0,0,0,0,0,0,0,0,0,0,0,0,0,0,0,0,,,,,,,,,,POINT (-106.21404962773846 50.96537529979052)
2021A00054707077,0,0,0,0,0,0,0,0,0,0,0,0,0,0,0,0,0,0,,,,,,,,,,POINT (-106.28790830671865 50.87338546809626)
2021A00054707091,0,0,0,0,0,0,0,0,0,0,0,0,0,0,0,0,0,0,,,,,,,,,,POINT (-105.82040111918083 50.907128876645736)
2021A00054707092,1,2,1,0,0,1,0,6,6,9,17,9,0,0,8,0,25,25,,,,,,,,,,POINT (-105.81904686923237 51.05357649098938)
2021A00054707093,0,0,0,0,0,0,0,0,0,0,0,0,0,0,0,0,0,0,,,,,,,,,,POINT (-105.69398714052792 50.938626954170786)
2021A00054708001,0,0,0,0,0,0,0,3,3,0,0,0,0,0,0,0,10,10,11.0,11.0,12.0,1.0,0.0,7.0,0.0,71.0,72.0,POINT (-107.85330407631824 50.22263938729864)
2021A00054708004,3,5,5,1,0,4,0,48,49,122,103,119,7,0,12,0,268,274,123.0,106.0,123.0,8.0,0.0,45.0,0.0,313.0,320.0,POINT (-107.79867519812886 50.28850070342928)
2021A00054708006,0,0,0,0,0,0,0,0,0,0,0,0,0,0,0,0,0,0,,,,,,,,,,POINT (-108.25711520775381 50.13715120704894)
2021A00054708008,0,0,0,0,0,0,0,0,0,0,0,0,0,0,0,0,0,0,,,,,,,,,,POINT (-108.20039773433501 50.18237954459686)
2021A00054708009,0,0,0,0,0,0,0,0,0,0,0,0,0,0,0,0,0,0,,,,,,,,,,POINT (-108.66698985978438 50.17861637157677)
2021A00054708011,0,0,0,0,0,0,0,6,6,0,0,0,0,0,0,0,12,12,,,,,,,,,,POINT (-108.48472161907625 50.0951356006909)
2021A00054708012,0,0,0,0,0,0,0,4,4,0,0,0,0,0,0,0,12,12,,,,,,,,,,POINT (-108.79199418882709 50.06318339431608)
2021A00054708016,0,0,0,0,0,0,0,0,0,0,0,0,0,0,0,0,0,0,,,,,,,,,,POINT (-109.485723166263 50.182866474404975)
2021A00054708018,0,0,0,0,0,0,0,2,2,0,0,0,0,0,0,0,2,2,,,,,,,,,,POINT (-109.63025594056815 50.22226970896319)
2021A00054708021,0,0,0,0,0,0,0,0,0,0,0,0,0,0,0,0,0,0,,,,,,,,,,POINT (-109.8617445476462 50.35104400814308)
2021A00054708022,0,0,0,0,0,1,0,4,4,0,0,0,0,0,2,0,9,9,,,,,,,,,,POINT (-109.75675000243527 50.45544427229116)
2021A00054708024,0,0,0,0,0,0,0,0,0,0,0,0,0,0,0,0,0,0,,,,,,,,,,POINT (-109.4081991545921 50.436101312993706)
2021A00054708026,0,0,0,0,0,1,0,6,6,0,0,0,0,0,1,0,10,10,,,,,,,,,,POINT (-109.4817993060345 50.46470040249634)
2021A00054708028,0,0,0,0,0,0,0,0,0,0,0,0,0,0,0,0,0,0,,,,,,,,,,POINT (-108.78932814840176 50.44162360148311)
2021A00054708029,0,0,0,0,0,1,0,3,3,0,0,0,0,0,1,0,5,5,,,,,,,,,,POINT (-108.59397852847336 50.40007391774002)
2021A00054708031,0,0,0,0,0,0,0,0,0,0,0,0,0,0,0,0,0,0,,,,,,,,,,POINT (-108.29022241719979 50.60882201460064)
2021A00054708032,0,0,0,0,0,1,0,7,7,0,0,0,0,0,1,0,14,14,,,,,,,,,,POINT (-108.46314957547976 50.61972346365139)
2021A00054708034,0,0,0,0,0,1,0,1,1,0,0,0,0,0,28,0,28,28,,,,,,,,,,POINT (-108.23306650900246 50.531979842554854)
2021A00054708036,0,0,0,0,0,0,0,0,0,0,0,0,0,0,0,0,0,0,,,,,,,,,,POINT (-108.0785166780512 50.4595282111831)
2021A00054708038,0,0,0,0,0,0,0,1,1,0,0,0,0,0,0,0,1,1,,,,,,,,,,POINT (-107.88561935570117 50.53542604963064)
2021A00054708039,0,0,0,0,0,0,0,3,3,0,0,0,0,0,0,0,7,7,,,,,,,,,,POINT (-107.80448723875686 50.59719081940827)
2021A00054708042,0,0,0,0,0,0,0,3,3,0,0,0,0,0,0,0,6,6,,,,,,,,,,POINT (-108.1357142697609 50.891764690438876)
2021A00054708044,0,0,0,0,0,0,0,6,6,0,0,0,0,0,0,0,15,15,,,,,,,,,,POINT (-108.0387129531572 50.8308164098097)
2021A00054708046,0,0,0,0,0,0,0,0,0,0,0,0,0,0,0,0,0,0,,,,,,,,,,POINT (-108.70558539072815 50.79723132472929)
2021A00054708048,0,0,0,0,0,0,0,4,4,0,0,0,0,0,0,0,7,7,,,,,,,,,,POINT (-108.75779546984045 50.736853580562844)
2021A00054708049,0,0,0,0,0,0,0,4,4,0,0,0,0,0,0,0,7,7,,,,,,,,,,POINT (-108.87863417394303 50.8016607865804)
2021A00054708053,0,0,0,0,0,0,0,1,1,0,0,0,0,0,0,0,2,2,,,,,,,,,,POINT (-109.12122375794442 50.791747133361206)
2021A00054708054,0,0,0,0,0,0,0,5,5,0,0,0,0,0,0,0,12,12,,,,,,,,,,POINT (-109.2652551561131 50.86364308743575)
2021A00054708056,0,0,0,0,0,0,0,2,2,0,0,0,0,0,0,0,3,3,,,,,,,,,,POINT (-109.5366809317706 50.77481118397751)
2021A00054708057,0,0,0,0,0,0,0,3,3,0,0,0,0,0,0,0,4,4,,,,,,,,,,POINT (-109.4047285975745 50.85390296833185)
2021A00054708058,0,0,0,0,0,0,0,0,0,0,0,0,0,0,0,0,0,0,,,,,,,,,,POINT (-109.54304726657722 50.88657729598418)
2021A00054708059,0,0,0,0,0,0,0,0,0,0,0,0,0,0,0,0,0,0,,,,,,,,,,POINT (-109.66418123098236 50.77329673221682)
2021A00054708061,0,0,0,0,0,0,0,4,4,0,0,0,0,0,0,0,9,9,,,,,,,,,,POINT (-109.87401930834123 50.76772507274174)
2021A00054708062,0,0,0,0,0,0,0,2,2,0,0,0,0,0,0,0,3,3,,,,,,,,,,POINT (-109.90924058893496 50.65598949483269)
2021A00054708065,0,0,0,0,0,0,0,2,2,0,0,0,0,0,0,0,2,2,,,,,,,,,,POINT (-109.70326674446267 51.16550968514168)
2021A00054708068,0,0,0,0,0,0,0,9,9,0,0,0,0,0,0,0,24,24,,,,,,,,,,POINT (-109.38759354651711 51.22345015016106)
2021A00054708071,0,0,0,0,0,0,0,1,1,0,0,0,0,0,0,0,2,2,,,,,,,,,,POINT (-109.14384297965668 51.18999721035337)
2021A00054708074,0,0,0,0,0,0,0,4,4,0,0,0,0,0,0,0,6,6,,,,,,,,,,POINT (-108.64412197963985 51.15076818666577)
2021A00054708076,0,1,1,0,0,0,0,11,11,0,14,14,0,0,0,0,42,42,,,,,,,,,,POINT (-108.75583560481972 51.14774111340458)
2021A00054708092,0,0,0,0,0,0,0,0,0,0,0,0,0,0,0,0,0,0,,,,,,,,,,POINT (-108.01656763752891 51.184110740260465)
2021A00054708094,1,1,1,0,0,0,0,9,9,9,9,9,0,0,0,0,29,29,,,,,,,,,,POINT (-108.03247483660496 51.20286364706298)
2021A00054709001,0,0,0,0,0,0,0,2,2,0,0,0,0,0,0,0,4,4,,,,,,,,,,POINT (-101.77765195446558 51.2558104740047)
2021A00054709002,0,0,0,0,0,0,0,2,2,0,0,0,0,0,0,0,2,2,,,,,,,,,,POINT (-101.74957541673439 51.15890014200158)
2021A00054709006,0,0,0,0,0,0,0,2,2,0,0,0,0,0,0,0,3,3,3.0,6.0,5.0,1.0,0.0,2.0,2.0,52.0,53.0,POINT (-102.21701133636881 51.25517542281667)
2021A00054709009,0,0,0,0,0,0,0,3,3,0,0,0,0,0,0,0,11,11,0.0,0.0,0.0,0.0,0.0,0.0,0.0,6.0,6.0,POINT (-102.19154707750246 51.35342568595783)
2021A00054709011,0,0,0,0,0,0,0,3,3,0,0,0,0,0,0,0,7,7,4.0,9.0,6.0,1.0,0.0,2.0,2.0,75.0,76.0,POINT (-102.63852130957781 51.2585245089727)
2021A00054709012,2,5,4,1,0,2,1,33,34,36,68,42,3,0,6,22,453,456,25.0,46.0,29.0,2.0,0.0,4.0,15.0,325.0,327.0,POINT (-102.45689543667646 51.213665442797065)
2021A00054709014,0,0,0,0,0,0,0,3,3,0,0,0,0,0,0,0,9,9,0.0,0.0,0.0,0.0,0.0,0.0,0.0,0.0,0.0,POINT (-102.44743382187815 51.36863379538411)
2021A00054709016,0,0,0,0,0,0,0,5,5,0,0,0,0,0,0,0,15,15,0.0,0.0,0.0,0.0,0.0,0.0,0.0,7.0,7.0,POINT (-102.74289677673242 51.34439626883625)
2021A00054709019,0,0,0,0,0,0,0,2,2,0,0,0,0,0,0,0,3,3,,,,,,,,,,POINT (-103.05896502865255 51.25523367931318)
2021A00054709023,0,0,0,0,0,0,0,2,2,0,0,0,0,0,0,0,3,3,,,,,,,,,,POINT (-103.06810236363687 51.52003231952719)
2021A00054709024,0,0,0,0,0,0,0,1,1,0,0,0,0,0,0,0,1,1,,,,,,,,,,POINT (-103.21370230830635 51.58563884965539)
2021A00054709028,0,0,0,0,0,0,0,4,4,0,0,0,0,0,0,0,9,9,,,,,,,,,,POINT (-102.91923071272822 51.42484751017938)
2021A00054709029,0,0,0,0,0,0,0,0,0,0,0,0,0,0,0,0,0,0,,,,,,,,,,POINT (-102.64377379281528 51.517876500519655)
2021A00054709032,2,3,2,0,0,0,0,11,11,6,9,6,0,0,0,0,22,22,,,,,,,,,,POINT (-102.43127116223802 51.632228304451196)
2021A00054709033,0,0,0,0,0,0,0,2,2,0,0,0,0,0,0,0,2,2,,,,,,,,,,POINT (-102.21901636290733 51.51713738894068)
2021A00054709037,0,0,0,0,0,0,0,2,2,0,0,0,0,0,0,0,4,4,,,,,,,,,,POINT (-101.78848276548773 51.4556385933467)
2021A00054709038,0,0,0,0,0,0,0,3,3,0,0,0,0,0,0,0,9,9,,,,,,,,,,POINT (-101.58239029588759 51.40141094089126)
2021A00054709039,0,0,0,0,0,1,0,5,5,0,0,0,0,0,1,0,13,13,,,,,,,,,,POINT (-101.89525672392482 51.56141115317278)
2021A00054709042,0,0,0,0,0,0,0,0,0,0,0,0,0,0,0,0,0,0,,,,,,,,,,POINT (-101.75192892159973 51.772628027640295)
2021A00054709044,0,0,0,0,0,0,0,2,2,0,0,0,0,0,0,0,2,2,,,,,,,,,,POINT (-101.92742907490691 51.85679654283255)
2021A00054709046,0,0,0,0,0,0,0,0,0,0,0,0,0,0,0,0,0,0,,,,,,,,,,POINT (-102.3135439709428 51.75780941944937)
2021A00054709049,0,0,0,0,0,0,0,0,0,0,0,0,0,0,0,0,0,0,,,,,,,,,,POINT (-102.64466837562986 51.76559645162852)
2021A00054709053,0,0,0,0,0,0,0,4,4,0,0,0,0,0,0,0,6,6,,,,,,,,,,POINT (-102.75482161858591 51.70075230420049)
2021A00054709054,0,0,0,0,0,0,0,0,0,0,0,0,0,0,0,0,0,0,,,,,,,,,,POINT (-103.06991234415588 51.76712478185587)
2021A00054709056,0,0,0,0,0,0,0,0,0,0,0,0,0,0,0,0,0,0,,,,,,,,,,POINT (-102.99898869902214 51.757717301898275)
2021A00054709058,0,0,0,0,0,0,0,2,2,0,0,0,0,0,0,0,4,4,,,,,,,,,,POINT (-103.15553271273922 51.805756969093544)
2021A00054709060,0,0,0,0,0,0,0,1,1,0,0,0,0,0,0,0,1,1,,,,,,,,,,POINT (-103.07736917337482 52.09869756041285)
2021A00054709061,0,0,1,0,0,1,0,4,4,0,0,3,0,0,3,0,9,9,,,,,,,,,,POINT (-103.2445392546421 52.068306240241995)
2021A00054709062,0,0,0,0,0,0,0,0,0,0,0,0,0,0,0,0,0,0,,,,,,,,,,POINT (-102.6488714191822 52.10286524607324)
2021A00054709064,0,0,0,0,1,0,0,9,9,0,0,0,0,3,0,0,19,19,,,,,,,,,,POINT (-102.66755675965895 51.95734722981981)
2021A00054709065,0,0,0,0,1,0,0,5,5,0,0,0,0,3,0,0,14,14,,,,,,,,,,POINT (-102.65689554107269 52.16109233559534)
2021A00054709066,0,0,0,0,0,0,0,4,4,0,0,0,0,0,0,0,5,5,,,,,,,,,,POINT (-102.54098738272651 51.9409372789956)
2021A00054709067,0,0,0,0,0,0,0,3,3,0,0,0,0,0,0,0,9,9,,,,,,,,,,POINT (-102.2206463871974 52.10027645604799)
2021A00054709069,0,0,0,0,0,0,0,1,1,0,0,0,0,0,0,0,1,1,,,,,,,,,,POINT (-102.37844809796711 51.90027559275018)
2021A00054709071,0,0,0,0,0,0,0,3,3,0,0,0,0,0,0,0,8,8,,,,,,,,,,POINT (-102.2604494903039 51.894494468832356)
2021A00054709072,0,0,0,0,0,0,0,6,6,0,0,0,0,0,0,0,14,14,,,,,,,,,,POINT (-102.08906774814693 51.883379755944844)
2021A00054709075,0,0,0,0,0,0,0,0,0,0,0,0,0,0,0,0,0,0,,,,,,,,,,POINT (-101.80793521950822 52.09904227362458)
2021A00054709076,0,0,0,0,0,0,0,5,5,0,0,0,0,0,0,0,8,8,,,,,,,,,,POINT (-101.7189966639622 51.885130220711844)
2021A00054709819,0,0,0,0,0,0,0,0,0,0,0,0,0,0,0,0,0,0,,,,,,,,,,POINT (-101.91585585295564 51.62552567160911)
2021A00054709820,0,0,0,0,0,0,0,0,0,0,0,0,0,0,0,0,0,0,,,,,,,,,,POINT (-101.94040678796071 51.71141166617613)
2021A00054709821,0,0,0,0,0,0,0,0,0,0,0,0,0,0,0,0,0,0,,,,,,,,,,POINT (-102.13659236317312 51.75721942838628)
2021A00054709822,0,0,0,0,0,0,0,0,0,0,0,0,0,0,0,0,0,0,,,,,,,,,,POINT (-101.93294717063154 51.756367159323766)
2021A00054709824,0,0,0,0,0,0,0,0,0,0,0,0,0,0,0,0,0,0,,,,,,,,,,POINT (-101.90253963243909 51.202487284031434)
2021A00054709826,0,0,0,0,0,0,0,0,0,0,0,0,0,0,0,0,0,0,,,,,,,,,,POINT (-101.76190153510252 51.26829880986267)
2021A00054709828,0,0,0,0,0,0,0,0,0,0,0,0,0,0,0,0,0,0,,,,,,,,,,POINT (-101.7435194009208 51.172458019114124)
2021A00054709830,0,0,0,0,0,0,0,0,0,0,0,0,0,0,0,0,0,0,,,,,,,,,,POINT (-102.26029026491501 51.65829614112551)
2021A00054709832,0,0,0,0,0,0,0,0,0,0,0,0,0,0,0,0,0,0,,,,,,,,,,POINT (-102.23203692572231 51.73343397906187)
2021A00054710002,0,0,0,0,0,0,0,2,2,0,0,0,0,0,0,0,3,3,,,,,,,,,,POINT (-103.37070863567826 51.12782389298114)
2021A00054710003,0,0,0,0,0,0,0,0,0,0,0,0,0,0,0,0,0,0,,,,,,,,,,POINT (-103.47996618832782 51.25570926190503)
2021A00054710004,0,0,0,0,0,0,0,3,3,0,0,0,0,0,0,0,6,6,,,,,,,,,,POINT (-103.4927090993792 51.16862304658776)
2021A00054710008,0,0,0,0,0,0,0,4,4,0,0,0,0,0,0,0,7,7,,,,,,,,,,POINT (-103.89574310090431 51.23306415979788)
2021A00054710009,0,0,0,0,0,0,0,0,0,0,0,0,0,0,0,0,0,0,,,,,,,,,,POINT (-103.74014552622336 51.262517740420115)
2021A00054710011,0,0,0,0,0,0,0,3,3,0,0,0,0,0,0,0,18,18,,,,,,,,,,POINT (-103.87057633937789 51.28740179642586)
2021A00054710014,0,0,0,0,0,0,0,0,0,0,0,0,0,0,0,0,0,0,,,,,,,,,,POINT (-104.43468263203074 51.213300086900254)
2021A00054710022,0,0,0,0,0,0,0,2,2,0,0,0,0,0,0,0,4,4,,,,,,,,,,POINT (-104.73056627703781 51.40535621542254)
2021A00054710024,0,0,0,0,0,0,0,0,0,0,0,0,0,0,0,0,0,0,,,,,,,,,,POINT (-104.75058312040325 51.3866209070202)
2021A00054710027,0,0,0,0,1,0,0,8,8,0,0,0,0,3,0,0,15,15,,,,,,,,,,POINT (-104.52762395021016 51.408881691600065)
2021A00054710028,0,0,0,0,0,0,0,0,0,0,0,0,0,0,0,0,0,0,,,,,,,,,,POINT (-104.40370980368013 51.383747824092765)
2021A00054710029,0,0,0,0,0,0,0,0,0,0,0,0,0,0,0,0,0,0,,,,,,,,,,POINT (-104.29754381245861 51.371375604311275)
2021A00054710031,0,0,0,0,0,0,0,2,2,0,0,0,0,0,0,0,2,2,,,,,,,,,,POINT (-103.91686121820014 51.519530765622655)
2021A00054710034,0,0,0,0,0,0,0,0,0,0,0,0,0,0,0,0,0,0,,,,,,,,,,POINT (-103.55929467319129 51.807452721626824)
2021A00054710035,0,0,0,0,0,0,0,0,0,0,0,0,0,0,0,0,0,0,,,,,,,,,,POINT (-103.5632403602974 51.814597380540405)
2021A00054710036,0,0,0,0,0,0,0,1,1,0,0,0,0,0,0,0,1,1,,,,,,,,,,POINT (-103.49244330117791 51.61950190757911)
2021A00054710038,0,0,0,0,0,0,0,8,8,0,0,0,0,0,0,0,21,21,,,,,,,,,,POINT (-103.53675340866673 51.63990119995128)
2021A00054710041,0,0,0,0,0,0,0,1,1,0,0,0,0,0,0,0,2,2,,,,,,,,,,POINT (-103.91968520899702 51.76735570929677)
2021A00054710043,0,0,0,0,0,0,0,1,1,0,0,0,0,0,0,0,1,1,,,,,,,,,,POINT (-103.86034974916669 51.74316328096675)
2021A00054710046,0,0,0,0,0,0,0,0,0,0,0,0,0,0,0,0,0,0,,,,,,,,,,POINT (-104.23818543243068 51.73084466510869)
2021A00054710047,0,1,0,0,0,2,0,7,7,0,5,0,0,0,20,0,41,41,,,,,,,,,,POINT (-104.17913423466652 51.76883782979031)
2021A00054710052,0,0,0,0,0,0,0,0,0,0,0,0,0,0,0,0,0,0,,,,,,,,,,POINT (-104.7694258920548 51.74987064485576)
2021A00054710054,0,0,0,0,0,0,0,4,4,0,0,0,0,0,0,0,6,6,,,,,,,,,,POINT (-104.71301113621375 51.78726834252548)
2021A00054710056,0,0,0,0,0,0,0,0,0,0,0,0,0,0,0,0,0,0,,,,,,,,,,POINT (-104.79149961571858 52.01447309952747)
2021A00054710058,0,0,0,0,0,0,0,5,5,0,0,0,0,0,0,0,38,38,,,,,,,,,,POINT (-104.73331462685987 52.00084511275728)
2021A00054710061,0,0,0,0,0,0,0,0,0,0,0,0,0,0,0,0,0,0,,,,,,,,,,POINT (-104.36353505570118 52.00780633219787)
2021A00054710062,0,1,1,0,0,0,0,7,7,0,14,15,0,0,0,0,38,38,,,,,,,,,,POINT (-104.52006745009473 52.129423650104016)
2021A00054710064,1,1,1,0,0,0,0,7,7,5,5,5,0,0,0,0,20,20,,,,,,,,,,POINT (-104.25615299008665 52.07057049663243)
2021A00054710066,0,0,0,0,0,0,0,4,4,0,0,0,0,0,0,0,11,11,,,,,,,,,,POINT (-103.93452390741305 52.01120715046523)
2021A00054710068,0,0,0,0,0,0,0,6,6,0,0,0,0,0,0,0,12,12,,,,,,,,,,POINT (-103.80108606591395 51.944090994120366)
2021A00054710071,0,0,0,0,0,0,0,2,2,0,0,0,0,0,0,0,4,4,,,,,,,,,,POINT (-103.49909886452089 51.96938617449619)
2021A00054710072,0,0,0,0,0,0,0,2,2,0,0,0,0,0,0,0,4,4,,,,,,,,,,POINT (-103.33644719215329 51.82554140501262)
2021A00054710801,0,0,0,0,0,0,0,0,0,0,0,0,0,0,0,0,0,0,,,,,,,,,,POINT (-104.0372650299536 51.34957540418008)
2021A00054710822,0,0,0,0,0,0,0,0,0,0,0,0,0,0,0,0,0,0,,,,,,,,,,POINT (-104.06749576019789 51.323663601820996)
2021A00054710823,0,0,0,0,0,0,0,0,0,0,0,0,0,0,0,0,0,0,,,,,,,,,,POINT (-104.25819251169466 51.26494900125885)
2021A00054710824,0,0,0,0,0,0,0,0,0,0,0,0,0,0,0,0,0,0,,,,,,,,,,POINT (-104.28960146596324 51.5404645032303)
2021A00054710825,0,0,0,0,0,0,0,0,0,0,0,0,0,0,0,0,0,0,,,,,,,,,,POINT (-104.39633747229185 51.48963752378077)
2021A00054710826,0,0,0,0,0,0,0,0,0,0,0,0,0,0,0,0,0,0,,,,,,,,,,POINT (-103.66914220980965 51.84516886637796)
2021A00054710828,0,0,0,0,0,0,0,0,0,0,0,0,0,0,0,0,0,0,,,,,,,,,,POINT (-104.35612210767667 51.63035838878819)
2021A00054710832,0,0,0,0,0,0,0,0,0,0,0,0,0,0,0,0,0,0,,,,,,,,,,POINT (-103.8934675068645 51.28345714157406)
2021A00054710834,0,0,0,0,0,0,0,0,0,0,0,0,0,0,0,0,0,0,,,,,,,,,,POINT (-103.96982558117621 51.32830385930359)
2021A00054710836,0,0,0,0,0,0,0,0,0,0,0,0,0,0,0,0,0,0,,,,,,,,,,POINT (-103.96669815964135 51.26658966608116)
2021A00054710838,0,0,0,0,0,0,0,0,0,0,0,0,0,0,0,0,0,0,,,,,,,,,,POINT (-103.93825337847453 51.29288951050229)
2021A00054710840,0,0,0,0,0,0,0,0,0,0,0,0,0,0,0,0,0,0,,,,,,,,,,POINT (-103.98579046074514 51.2703851786271)
2021A00054710842,0,0,0,0,0,0,0,0,0,0,0,0,0,0,0,0,0,0,,,,,,,,,,POINT (-103.9817763614301 51.29506480772651)
2021A00054710843,0,0,0,0,0,0,0,0,0,0,0,0,0,0,0,0,0,0,,,,,,,,,,POINT (-103.89731434196011 51.26615363265458)
2021A00054710845,0,0,0,0,0,0,0,0,0,0,0,0,0,0,0,0,0,0,,,,,,,,,,POINT (-103.9357452709626 51.28258238728848)
2021A00054710846,0,0,0,0,0,0,0,0,0,0,0,0,0,0,0,0,0,0,,,,,,,,,,POINT (-103.92380173128502 51.28338451551164)
2021A00054710847,0,0,0,0,0,0,0,0,0,0,0,0,0,0,0,0,0,0,,,,,,,,,,POINT (-103.9655032899774 51.38078093668702)
2021A00054710848,0,0,0,0,0,0,0,0,0,0,0,0,0,0,0,0,0,0,,,,,,,,,,POINT (-103.88132260153782 51.347381500664)
2021A00054710849,0,0,0,0,0,0,0,0,0,0,0,0,0,0,0,0,0,0,,,,,,,,,,POINT (-103.93522162773193 51.36136823057354)
2021A00054710850,0,0,0,0,0,0,0,0,0,0,0,0,0,0,0,0,0,0,,,,,,,,,,POINT (-103.92321473554108 51.36155721300288)
2021A00054710851,0,0,0,0,0,0,0,0,0,0,0,0,0,0,0,0,0,0,,,,,,,,,,POINT (-103.93482245455907 51.36897892255702)
2021A00054710852,0,0,0,0,0,0,0,0,0,0,0,0,0,0,0,0,0,0,,,,,,,,,,POINT (-103.88943936965215 51.41654315479185)
2021A00054711002,0,0,0,0,0,0,0,4,4,0,0,0,0,0,0,0,7,7,,,,,,,,,,POINT (-104.98981139079946 51.15762463683387)
2021A00054711003,0,0,0,0,0,0,0,4,4,0,0,0,0,0,0,0,6,6,,,,,,,,,,POINT (-105.03950773539576 51.226529157892095)
2021A00054711004,0,0,0,0,0,0,0,2,2,0,0,0,0,0,0,0,4,4,,,,,,,,,,POINT (-104.99487579456557 51.3108868444015)
2021A00054711006,0,0,0,0,0,0,0,0,0,0,0,0,0,0,0,0,0,0,,,,,,,,,,POINT (-105.45141219307119 51.23123142240522)
2021A00054711007,0,0,0,0,0,0,0,0,0,0,0,0,0,0,0,0,0,0,,,,,,,,,,POINT (-105.29585546905298 51.23798306197412)
2021A00054711008,1,1,1,0,0,0,0,7,7,88,88,88,0,0,0,0,99,99,,,,,,,,,,POINT (-105.44053144978517 51.34705643389234)
2021A00054711009,0,0,0,0,0,0,0,1,1,0,0,0,0,0,0,0,1,1,,,,,,,,,,POINT (-105.44690167637971 51.14194147373355)
2021A00054711011,0,0,0,0,0,0,0,0,0,0,0,0,0,0,0,0,0,0,,,,,,,,,,POINT (-105.82017206006905 51.22958849613684)
2021A00054711014,0,1,0,0,1,0,0,14,14,0,3,0,0,6,0,0,35,35,,,,,,,,,,POINT (-105.98501382899303 51.258942590777075)
2021A00054711016,0,0,0,0,0,0,0,0,0,0,0,0,0,0,0,0,0,0,,,,,,,,,,POINT (-106.21354723543249 51.22758823071623)
2021A00054711018,0,0,0,0,0,0,0,0,0,0,0,0,0,0,0,0,0,0,,,,,,,,,,POINT (-106.63071744546686 51.25827441590204)
2021A00054711019,0,1,0,0,0,1,0,3,3,0,7,0,0,0,7,0,10,10,,,,,,,,,,POINT (-106.59755143001749 51.121524463515875)
2021A00054711021,0,0,0,0,0,0,0,7,7,0,0,0,0,0,0,0,20,20,,,,,,,,,,POINT (-106.59873667560147 51.230140472632364)
2021A00054711022,0,0,0,0,0,0,0,0,0,0,0,0,0,0,0,0,0,0,,,,,,,,,,POINT (-106.59586362222079 51.33322008366241)
2021A00054711024,0,0,0,0,0,0,0,1,1,0,0,0,0,0,0,0,1,1,,,,,,,,,,POINT (-106.60162596788655 51.41353967736859)
2021A00054711026,0,0,0,0,0,0,0,1,1,0,0,0,0,0,0,0,1,1,,,,,,,,,,POINT (-106.8759776625524 51.51604431923537)
2021A00054711027,0,0,0,0,0,0,0,5,5,0,0,0,0,0,0,0,28,28,,,,,,,,,,POINT (-107.05756251373151 51.4886229851505)
2021A00054711028,0,0,0,0,0,0,0,8,8,0,0,0,0,0,0,0,26,26,,,,,,,,,,POINT (-106.91971446789655 51.487503398488705)
2021A00054711029,0,0,0,0,0,0,0,1,1,0,0,0,0,0,0,0,1,1,,,,,,,,,,POINT (-106.80652509038849 51.45245629423644)
2021A00054711031,0,0,0,0,0,0,0,0,0,0,0,0,0,0,0,0,0,0,,,,,,,,,,POINT (-106.49645398363869 51.53309647003302)
2021A00054711032,0,0,0,0,0,0,0,4,4,0,0,0,0,0,0,0,7,7,,,,,,,,,,POINT (-106.44095363433635 51.62568764679591)
2021A00054711034,0,0,0,0,0,0,0,0,0,0,0,0,0,0,0,0,0,0,,,,,,,,,,POINT (-106.04471445677221 51.4893664507191)
2021A00054711036,1,1,1,0,0,0,0,4,4,2,2,2,0,0,0,0,6,6,,,,,,,,,,POINT (-106.27206247444235 51.502391561480714)
2021A00054711038,0,0,0,0,0,0,0,2,2,0,0,0,0,0,0,0,3,3,,,,,,,,,,POINT (-106.13919563099421 51.36789081797391)
2021A00054711039,0,0,0,0,0,0,0,0,0,0,0,0,0,0,0,0,0,0,,,,,,,,,,POINT (-105.59272662881635 51.490975268609404)
2021A00054711041,0,0,0,0,0,0,0,2,2,0,0,0,0,0,0,0,3,3,,,,,,,,,,POINT (-105.44600782768114 51.45299926626214)
2021A00054711042,0,0,0,0,0,0,0,0,0,0,0,0,0,0,0,0,0,0,,,,,,,,,,POINT (-105.20039575810765 51.48461337155608)
2021A00054711044,0,1,0,0,0,0,0,6,6,0,3,0,0,0,0,0,11,11,,,,,,,,,,POINT (-105.00718649627403 51.510079596784195)
2021A00054711046,0,0,0,0,0,0,0,3,3,0,0,0,0,0,0,0,4,4,,,,,,,,,,POINT (-105.1931027465481 51.750344679511)
2021A00054711048,0,0,0,0,0,0,0,4,4,0,0,0,0,0,0,0,41,41,,,,,,,,,,POINT (-105.01109428869884 51.747553227817434)
2021A00054711049,0,0,0,0,0,1,0,3,3,0,0,0,0,0,293,0,309,309,,,,,,,,,,POINT (-105.02880670499252 51.85018973414717)
2021A00054711052,0,0,0,0,0,0,0,9,9,0,0,0,0,0,0,0,22,22,,,,,,,,,,POINT (-105.84236862560809 51.732071115207)
2021A00054711053,0,0,0,0,0,0,0,0,0,0,0,0,0,0,0,0,0,0,,,,,,,,,,POINT (-105.46981324069692 51.68453237151918)
2021A00054711054,0,0,0,0,0,0,0,3,3,0,0,0,0,0,0,0,5,5,,,,,,,,,,POINT (-105.43704031228665 51.71815551154186)
2021A00054711056,0,0,0,0,0,0,0,2,2,0,0,0,0,0,0,0,2,2,,,,,,,,,,POINT (-105.74747378328775 51.76521958551532)
2021A00054711058,0,0,0,0,0,0,0,0,0,0,0,0,0,0,0,0,0,0,,,,,,,,,,POINT (-105.90743708550035 51.84273600164916)
2021A00054711059,0,0,0,0,0,0,0,0,0,0,0,0,0,0,0,0,0,0,,,,,,,,,,POINT (-106.14596597359832 51.75237853887014)
2021A00054711060,0,0,0,0,0,0,0,0,0,0,0,0,0,0,0,0,0,0,0.0,0.0,0.0,0.0,0.0,10.0,0.0,10.0,10.0,POINT (-106.44489792832009 51.78858618315665)
2021A00054711061,0,0,0,0,0,0,0,0,0,0,0,0,0,0,0,0,0,0,0.0,6.0,16.0,0.0,0.0,105.0,0.0,133.0,149.0,POINT (-106.5153446987075 51.841728774193726)
2021A00054711063,0,0,0,0,0,1,0,5,5,0,0,0,0,0,3,0,14,14,0.0,0.0,0.0,0.0,0.0,10.0,0.0,10.0,10.0,POINT (-106.50210133737463 51.807504215333516)
2021A00054711064,0,0,0,0,0,0,0,0,0,0,0,0,0,0,0,0,0,0,0.0,0.0,0.0,0.0,0.0,10.0,0.0,10.0,10.0,POINT (-106.40340676154464 51.820777181948664)
2021A00054711065,0,2,2,0,0,2,0,10,12,0,20,66,0,0,66,0,88,154,61.0,77.0,64.0,5.0,17.0,100.0,14.0,351.0,386.0,POINT (-106.8519834841666 52.16819056403535)
2021A00054711066,38,105,73,8,20,54,8,316,340,1673,2105,1734,159,245,1745,433,5392,6205,1448.0,1825.0,1547.0,137.0,215.0,2259.0,374.0,5325.0,6234.0,POINT (-106.66394881775462 52.14763587074753)
2021A00054711067,0,0,0,0,0,0,0,10,10,0,0,0,0,0,0,0,26,26,0.0,0.0,0.0,0.0,0.0,0.0,0.0,15.0,15.0,POINT (-106.9568896617619 52.35849970445116)
2021A00054711068,2,5,4,0,3,2,0,14,16,14,32,29,0,100,15,0,145,160,119.0,25.0,60.0,0.0,124.0,24.0,0.0,312.0,324.0,POINT (-106.58136491520818 52.317405250735554)
2021A00054711069,0,0,0,0,0,0,0,0,0,0,0,0,0,0,0,0,0,0,0.0,5.0,14.0,0.0,0.0,41.0,0.0,57.0,71.0,POINT (-106.18216901447565 52.01832670077869)
2021A00054711070,1,0,2,0,2,1,0,9,9,144,0,49,0,63,15,0,262,262,93.0,31.0,86.0,0.0,98.0,57.0,0.0,297.0,345.0,POINT (-106.66194651065106 52.28885250915868)
2021A00054711071,0,0,0,0,0,0,0,0,0,0,0,0,0,0,0,0,0,0,0.0,0.0,0.0,0.0,0.0,6.0,0.0,6.0,6.0,POINT (-106.22886011355054 51.946359811465236)
2021A00054711072,0,0,0,0,0,1,0,4,4,0,0,0,0,0,293,0,301,301,0.0,0.0,0.0,0.0,0.0,32.0,0.0,38.0,38.0,POINT (-106.05390191541974 51.894486748125274)
2021A00054711073,0,0,0,0,0,0,0,0,0,0,0,0,0,0,0,0,0,0,11.0,6.0,12.0,0.0,12.0,7.0,0.0,53.0,59.0,POINT (-106.76589708276647 52.34016899091998)
2021A00054711075,0,0,0,0,0,0,0,0,0,0,0,0,0,0,0,0,0,0,18.0,5.0,10.0,0.0,19.0,4.0,0.0,55.0,57.0,POINT (-106.53785961988955 52.36546909228115)
2021A00054711076,0,0,0,0,0,0,0,0,0,0,0,0,0,0,0,0,0,0,0.0,0.0,0.0,0.0,0.0,8.0,0.0,23.0,23.0,POINT (-105.86027088917938 52.01272744553354)
2021A00054711077,0,0,0,0,0,0,0,0,0,0,0,0,0,0,0,0,0,0,0.0,0.0,0.0,0.0,0.0,0.0,0.0,0.0,0.0,POINT (-106.36868773103016 51.99434051305396)
2021A00054711078,0,0,0,0,0,0,0,0,0,0,0,0,0,0,0,0,0,0,0.0,0.0,0.0,0.0,0.0,0.0,0.0,0.0,0.0,POINT (-105.75910984979704 52.10727012785808)
2021A00054711079,0,0,0,0,0,1,0,5,5,0,0,0,0,0,187,0,202,202,0.0,0.0,0.0,0.0,0.0,16.0,0.0,31.0,31.0,POINT (-105.87200802137473 51.97596509157927)
2021A00054711091,0,0,0,0,0,0,0,0,0,0,0,0,0,0,0,0,0,0,,,,,,,,,,POINT (-105.5463670576693 51.93601749130335)
2021A00054711092,0,0,0,0,0,0,0,3,3,0,0,0,0,0,0,0,6,6,,,,,,,,,,POINT (-105.6487986441545 51.947158346770784)
2021A00054711094,0,0,0,0,0,0,0,1,1,0,0,0,0,0,0,0,2,2,,,,,,,,,,POINT (-105.44603288150985 51.90612636210817)
2021A00054711096,0,0,0,0,0,0,0,5,5,0,0,0,0,0,0,0,13,13,,,,,,,,,,POINT (-105.2185215012782 52.00572094778996)
2021A00054711828,0,0,0,0,0,0,0,0,0,0,0,0,0,0,0,0,0,0,0.0,0.0,0.0,0.0,0.0,0.0,0.0,0.0,0.0,POINT (-106.70093143704092 51.88259172222048)
2021A00054712001,0,1,1,0,0,0,0,5,5,0,14,14,0,0,0,0,23,23,,,,,,,,,,POINT (-108.32444318385049 51.48760484607516)
2021A00054712004,0,0,0,0,0,1,0,2,2,0,0,0,0,0,7,0,9,9,,,,,,,,,,POINT (-107.90248321194495 51.48855780307098)
2021A00054712006,0,1,1,1,0,2,0,13,13,0,3,3,3,0,4,0,34,34,,,,,,,,,,POINT (-107.99305501823555 51.555193664831144)
2021A00054712008,0,0,0,0,0,0,0,0,0,0,0,0,0,0,0,0,0,0,,,,,,,,,,POINT (-107.74497431167073 51.61641160368193)
2021A00054712011,0,0,0,0,0,0,0,0,0,0,0,0,0,0,0,0,0,0,,,,,,,,,,POINT (-107.5507179597463 51.443943762801425)
2021A00054712012,0,0,0,0,0,0,0,3,3,0,0,0,0,0,0,0,6,6,,,,,,,,,,POINT (-107.52287208542259 51.48306905976156)
2021A00054712014,1,0,0,0,0,0,1,4,4,3,0,0,0,0,0,3,8,8,,,,,,,,,,POINT (-107.65030532634972 51.31095960457023)
2021A00054712016,0,0,0,0,1,0,0,5,5,0,0,0,0,3,0,0,14,14,,,,,,,,,,POINT (-107.44516853646279 51.33149820240594)
2021A00054712019,0,0,0,0,0,0,0,2,2,0,0,0,0,0,0,0,3,3,,,,,,,,,,POINT (-107.08693408231085 51.325335538078775)
2021A00054712020,0,0,0,0,0,0,0,3,3,0,0,0,0,0,0,0,5,5,,,,,,,,,,POINT (-107.24862726933044 51.42734543476581)
2021A00054712022,0,0,0,0,0,0,0,2,2,0,0,0,0,0,0,0,3,3,,,,,,,,,,POINT (-107.24314613282154 51.52926229644567)
2021A00054712026,0,0,0,0,0,0,0,0,0,0,0,0,0,0,0,0,0,0,,,,,,,,,,POINT (-107.00918899727564 51.77136685560442)
2021A00054712029,0,0,0,0,0,0,0,0,0,0,0,0,0,0,0,0,0,0,,,,,,,,,,POINT (-107.43066850180352 51.76030917656314)
2021A00054712031,0,0,0,0,0,0,0,2,2,0,0,0,0,0,0,0,3,3,,,,,,,,,,POINT (-107.42721892489219 51.80618896595576)
2021A00054712032,0,0,0,0,0,0,0,0,0,0,0,0,0,0,0,0,0,0,,,,,,,,,,POINT (-107.58044485053496 51.732481537649846)
2021A00054712034,0,0,0,0,0,0,0,1,1,0,0,0,0,0,0,0,1,1,,,,,,,,,,POINT (-107.91776592751461 51.75080382081582)
2021A00054712038,0,0,0,0,0,0,0,1,1,0,0,0,0,0,0,0,2,2,,,,,,,,,,POINT (-108.3431858238262 51.75095751481254)
2021A00054712042,0,0,0,0,0,0,0,3,3,0,0,0,0,0,0,0,5,5,,,,,,,,,,POINT (-108.2170907308505 52.00945799723096)
2021A00054712046,1,3,3,0,0,1,0,13,13,9,96,86,0,0,3,0,117,117,,,,,,,,,,POINT (-107.97941170085018 52.063418556328564)
2021A00054712050,0,0,0,0,0,0,0,2,2,0,0,0,0,0,0,0,5,5,,,,,,,,,,POINT (-107.50323580199704 52.0126076889718)
2021A00054712051,0,0,0,0,0,0,0,3,3,0,0,0,0,0,0,0,8,8,,,,,,,,,,POINT (-107.54232091812825 52.05611431908696)
2021A00054712052,0,0,0,0,0,0,0,0,0,0,0,0,0,0,0,0,0,0,,,,,,,,,,POINT (-107.42593763657331 52.071157870727205)
2021A00054712054,0,0,0,0,0,0,0,0,0,0,0,0,0,0,0,0,0,0,0.0,32.0,20.0,1.0,2.0,67.0,0.0,135.0,154.0,POINT (-107.07480454989843 52.01295603426044)
2021A00054712056,0,1,0,0,0,0,0,9,9,0,7,0,0,0,0,0,31,31,0.0,24.0,1.0,1.0,0.0,40.0,0.0,67.0,67.0,POINT (-107.13445060678762 51.924553572213185)
2021A00054712058,0,3,1,1,0,4,0,10,10,0,72,3,3,0,335,0,375,375,0.0,8.0,1.0,1.0,0.0,13.0,0.0,30.0,30.0,POINT (-106.98242935575578 51.99551635461868)
2021A00054712059,0,1,0,0,1,0,0,11,11,0,7,0,0,7,0,0,35,35,0.0,15.0,0.0,0.0,15.0,0.0,0.0,24.0,24.0,POINT (-107.22609760427741 52.132690552751335)
2021A00054712064,0,0,0,0,0,0,0,1,1,0,0,0,0,0,0,0,3,3,,,,,,,,,,POINT (-107.51297555895205 52.32127314487184)
2021A00054712069,0,0,0,0,0,0,0,0,0,0,0,0,0,0,0,0,0,0,,,,,,,,,,POINT (-107.94733079465679 52.38726713728764)
2021A00054712072,0,0,0,0,0,0,0,3,3,0,0,0,0,0,0,0,7,7,,,,,,,,,,POINT (-108.28835997649978 52.25580517119399)
2021A00054712078,1,1,0,0,0,0,0,3,3,7,7,0,0,0,0,0,11,11,1.0,12.0,9.0,3.0,1.0,4.0,0.0,41.0,41.0,POINT (-108.48345116295323 52.73099921028257)
2021A00054712079,0,2,2,0,0,1,0,13,13,0,41,41,0,0,2,0,59,59,2.0,25.0,22.0,7.0,2.0,10.0,0.0,59.0,59.0,POINT (-108.31444796043934 52.73826522198808)
2021A00054712829,0,0,0,0,0,0,0,0,0,0,0,0,0,0,0,0,0,0,,,,,,,,,,POINT (-108.12888971394615 52.46863035727225)
2021A00054712830,0,0,0,0,0,0,0,0,0,0,0,0,0,0,0,0,0,0,,,,,,,,,,POINT (-108.27170450673243 52.507899554945084)
2021A00054712832,0,0,0,0,0,0,0,0,0,0,0,0,0,0,0,0,0,0,,,,,,,,,,POINT (-108.23447721929057 52.55550547943013)
2021A00054712833,0,0,0,0,0,0,0,0,0,0,0,0,0,0,0,0,0,0,,,,,,,,,,POINT (-108.6898873093513 52.759196076566255)
2021A00054712837,0,0,0,0,0,0,0,0,0,0,0,0,0,0,0,0,0,0,,,,,,,,,,POINT (-108.56264647395805 52.79388125848778)
2021A00054712870,0,0,0,0,0,0,0,0,0,0,0,0,0,0,0,0,0,0,,,,,,,,,,POINT (-108.284227311355 52.7022593544144)
2021A00054713002,0,0,0,0,0,0,0,4,4,0,0,0,0,0,0,0,9,9,,,,,,,,,,POINT (-108.71647493885764 51.44165282709635)
2021A00054713004,0,0,0,0,0,0,0,2,2,0,0,0,0,0,0,0,3,3,,,,,,,,,,POINT (-108.85762241081804 51.47075608371109)
2021A00054713006,0,0,0,0,0,0,0,2,2,0,0,0,0,0,0,0,3,3,,,,,,,,,,POINT (-108.8413130521274 51.53460277792941)
2021A00054713008,0,1,1,1,0,6,0,16,16,0,3,3,3,0,11,0,29,29,,,,,,,,,,POINT (-109.15017579736016 51.46865859308993)
2021A00054713009,0,0,1,0,0,0,0,5,5,0,0,3,0,0,0,0,23,23,,,,,,,,,,POINT (-109.60363352292694 51.47918954469555)
2021A00054713011,0,0,0,0,0,0,0,1,1,0,0,0,0,0,0,0,1,1,,,,,,,,,,POINT (-109.83188529060142 51.48876376285412)
2021A00054713014,0,0,0,0,0,0,0,1,1,0,0,0,0,0,0,0,2,2,,,,,,,,,,POINT (-109.78472616067629 51.47777779764181)
2021A00054713016,0,0,0,0,0,0,0,2,2,0,0,0,0,0,0,0,2,2,,,,,,,,,,POINT (-109.8477822717256 51.75074756169687)
2021A00054713019,0,0,0,0,0,0,0,1,1,0,0,0,0,0,0,0,1,1,,,,,,,,,,POINT (-109.54830841590177 51.75113525879356)
2021A00054713021,0,0,0,0,0,0,0,2,2,0,0,0,0,0,0,0,3,3,,,,,,,,,,POINT (-109.61836831989226 51.87217912702442)
2021A00054713022,0,0,0,0,0,0,0,3,3,0,0,0,0,0,0,0,4,4,,,,,,,,,,POINT (-109.47118506196374 51.63108880733371)
2021A00054713024,0,0,0,0,0,0,0,0,0,0,0,0,0,0,0,0,0,0,,,,,,,,,,POINT (-109.19390534921709 51.74811464065964)
2021A00054713026,0,0,0,0,0,1,0,3,3,0,0,0,0,0,3,0,10,10,,,,,,,,,,POINT (-109.24331915940066 51.710683301395285)
2021A00054713028,0,0,0,0,0,0,0,0,0,0,0,0,0,0,0,0,0,0,,,,,,,,,,POINT (-108.76863252101823 51.747497739023444)
2021A00054713029,0,0,0,0,0,1,0,6,6,0,0,0,0,0,1,0,11,11,,,,,,,,,,POINT (-108.83893552226542 51.801433422765115)
2021A00054713031,0,0,0,0,0,0,0,1,1,0,0,0,0,0,0,0,3,3,,,,,,,,,,POINT (-108.64429040108998 51.78313331930215)
2021A00054713032,0,0,0,0,0,0,0,6,6,0,0,0,0,0,0,0,11,11,,,,,,,,,,POINT (-108.6137544293543 52.01221869053685)
2021A00054713038,0,0,0,0,0,0,0,0,0,0,0,0,0,0,0,0,0,0,,,,,,,,,,POINT (-108.98353656557288 52.00748381534157)
2021A00054713039,0,0,0,0,0,0,0,3,3,0,0,0,0,0,0,0,11,11,,,,,,,,,,POINT (-108.9492287637946 52.1368480146438)
2021A00054713041,0,0,0,0,0,0,0,0,0,0,0,0,0,0,0,0,0,0,,,,,,,,,,POINT (-109.3599100201331 52.01072474376415)
2021A00054713042,0,0,0,0,0,1,0,3,3,0,0,0,0,0,2,0,4,4,,,,,,,,,,POINT (-109.1405877220082 51.9201315230643)
2021A00054713044,0,0,0,0,0,0,0,7,7,0,0,0,0,0,0,0,13,13,,,,,,,,,,POINT (-109.38945104258775 52.080177529841535)
2021A00054713046,0,0,0,0,0,0,0,4,4,0,0,0,0,0,0,0,9,9,,,,,,,,,,POINT (-109.78949370706935 52.009049335084484)
2021A00054713049,0,0,0,0,0,0,0,0,0,0,0,0,0,0,0,0,0,0,,,,,,,,,,POINT (-109.70228541218691 52.289513666125224)
2021A00054713051,0,0,1,1,0,1,0,6,6,0,0,3,3,0,1,0,12,12,,,,,,,,,,POINT (-109.93906617708309 52.336175624904676)
2021A00054713053,0,0,0,0,0,0,0,0,0,0,0,0,0,0,0,0,0,0,,,,,,,,,,POINT (-109.82362672657196 52.263358860232884)
2021A00054713054,0,0,0,0,0,0,0,5,5,0,0,0,0,0,0,0,13,13,,,,,,,,,,POINT (-109.65181963122728 52.227993705700705)
2021A00054713056,0,0,0,0,0,0,0,1,1,0,0,0,0,0,0,0,1,1,,,,,,,,,,POINT (-109.36029198464213 52.27740791025953)
2021A00054713059,0,0,0,0,0,0,0,0,0,0,0,0,0,0,0,0,0,0,,,,,,,,,,POINT (-108.9795814256972 52.275974459702866)
2021A00054713062,0,0,0,0,0,0,0,3,3,0,0,0,0,0,0,0,5,5,,,,,,,,,,POINT (-108.82979916422916 52.36674386860284)
2021A00054713064,0,0,0,0,0,0,0,5,5,0,0,0,0,0,0,0,12,12,,,,,,,,,,POINT (-108.63176878689463 52.27203355924219)
2021A00054713067,0,0,1,0,0,1,0,6,6,0,0,3,0,0,3,0,13,13,,,,,,,,,,POINT (-108.4502998795174 52.1982778116744)
2021A00054713068,0,0,0,0,0,0,0,0,0,0,0,0,0,0,0,0,0,0,,,,,,,,,,POINT (-108.68366233513734 52.52272740386818)
2021A00054713069,0,0,0,0,0,0,0,5,5,0,0,0,0,0,0,0,9,9,,,,,,,,,,POINT (-108.71390218756605 52.413937598313865)
2021A00054713072,0,0,0,0,0,0,0,0,0,0,0,0,0,0,0,0,0,0,,,,,,,,,,POINT (-109.241500426363 52.53664523406666)
2021A00054713074,0,2,0,0,0,2,0,12,12,0,13,0,0,0,12,0,68,68,,,,,,,,,,POINT (-109.1582269540432 52.44213478162667)
2021A00054713076,0,0,0,0,0,0,0,0,0,0,0,0,0,0,0,0,0,0,,,,,,,,,,POINT (-109.73128362833093 52.53634072554187)
2021A00054713078,0,0,0,0,0,0,0,6,6,0,0,0,0,0,0,0,14,14,,,,,,,,,,POINT (-109.70724149373945 52.492670965952534)
2021A00054713079,0,0,1,0,0,0,0,1,1,0,0,7,0,0,0,0,7,7,,,,,,,,,,POINT (-109.81917392868978 52.830330032185906)
2021A00054713091,0,0,0,0,0,1,0,2,2,0,0,0,0,0,1,0,2,2,,,,,,,,,,POINT (-109.82590997706868 52.840737970895574)
2021A00054713092,0,0,0,0,0,0,0,7,7,0,0,0,0,0,0,0,18,18,,,,,,,,,,POINT (-109.41435372483924 52.83005639887807)
2021A00054713094,0,1,1,1,0,2,0,7,7,0,3,3,3,0,4,0,14,14,,,,,,,,,,POINT (-109.62659401851265 52.837901583237574)
2021A00054713096,0,0,0,0,0,0,0,4,4,0,0,0,0,0,0,0,9,9,,,,,,,,,,POINT (-109.07603422914839 52.7838446050564)
2021A00054713098,0,0,0,0,0,0,0,2,2,0,0,0,0,0,0,0,4,4,,,,,,,,,,POINT (-109.02102222847401 52.747076045536446)
2021A00054713835,0,0,0,0,0,0,0,0,0,0,0,0,0,0,0,0,0,0,,,,,,,,,,POINT (-108.94305550551526 52.86130696808257)
2021A00054713836,0,0,0,0,0,0,0,0,0,0,0,0,0,0,0,0,0,0,,,,,,,,,,POINT (-109.06294330262172 52.92261283125707)
2021A00054714001,0,0,0,0,0,0,0,0,0,0,0,0,0,0,0,0,0,0,,,,,,,,,,POINT (-102.36292643272378 53.02542073800344)
2021A00054714004,1,1,0,0,3,0,0,12,12,15,15,0,0,130,0,0,283,283,,,,,,,,,,POINT (-102.35971687969173 52.84368491956149)
2021A00054714006,0,0,0,0,0,0,0,7,7,0,0,0,0,0,0,0,13,13,,,,,,,,,,POINT (-103.01793340337775 52.638770885998355)
2021A00054714007,0,0,0,0,0,0,0,5,5,0,0,0,0,0,0,0,25,25,,,,,,,,,,POINT (-103.25419444586511 52.59528450728715)
2021A00054714009,0,0,0,0,1,0,0,3,3,0,0,0,0,6,0,0,8,8,,,,,,,,,,POINT (-102.87450541079923 52.570419267621475)
2021A00054714021,0,0,0,0,0,0,0,0,0,0,0,0,0,0,0,0,0,0,,,,,,,,,,POINT (-103.45725414611742 52.32492176449794)
2021A00054714022,0,0,0,0,0,0,0,6,6,0,0,0,0,0,0,0,13,13,,,,,,,,,,POINT (-103.526075979816 52.163709801291816)
2021A00054714023,0,0,0,0,0,0,0,1,1,0,0,0,0,0,0,0,1,1,,,,,,,,,,POINT (-103.9823002665477 52.270325916278885)
2021A00054714024,0,0,0,0,0,0,0,4,4,0,0,0,0,0,0,0,14,14,,,,,,,,,,POINT (-103.80915521651023 52.29164190938783)
2021A00054714025,0,0,0,0,0,0,0,1,1,0,0,0,0,0,0,0,1,1,,,,,,,,,,POINT (-103.81187996494093 52.193746351557614)
2021A00054714026,0,0,0,0,0,0,0,6,6,0,0,0,0,0,0,0,12,12,,,,,,,,,,POINT (-104.36356352919076 52.274361801296955)
2021A00054714028,0,0,0,0,0,0,0,1,1,0,0,0,0,0,0,0,2,2,,,,,,,,,,POINT (-104.4952371380644 52.32801344631529)
2021A00054714030,0,0,0,0,1,0,0,3,3,0,0,0,0,3,0,0,16,16,,,,,,,,,,POINT (-104.50694860103133 52.57713243453578)
2021A00054714032,0,0,0,0,0,0,0,5,5,0,0,0,0,0,0,0,9,9,,,,,,,,,,POINT (-104.49525487616809 52.41940019438392)
2021A00054714034,0,0,0,0,0,0,0,5,5,0,0,0,0,0,0,0,15,15,,,,,,,,,,POINT (-103.95001649625877 52.534621057149316)
2021A00054714035,0,0,0,0,0,0,0,1,1,0,0,0,0,0,0,0,1,1,,,,,,,,,,POINT (-104.38112182125197 52.53728052253743)
2021A00054714036,0,0,0,0,0,0,0,4,4,0,0,0,0,0,0,0,9,9,,,,,,,,,,POINT (-103.86103425671544 52.439063483967004)
2021A00054714038,0,0,0,0,0,0,0,2,2,0,0,0,0,0,0,0,6,6,,,,,,,,,,POINT (-103.47388063175974 52.724830964437906)
2021A00054714039,0,0,0,0,0,0,0,1,1,0,0,0,0,0,0,0,5,5,,,,,,,,,,POINT (-103.36568773084531 52.87265250069789)
2021A00054714041,0,0,0,0,0,0,0,4,4,0,0,0,0,0,0,0,7,7,,,,,,,,,,POINT (-103.64442412239259 52.70970675468388)
2021A00054714043,0,0,0,0,0,0,0,0,0,0,0,0,0,0,0,0,0,0,,,,,,,,,,POINT (-103.96297956540012 52.80197162859072)
2021A00054714044,1,5,5,0,0,1,0,12,12,2,64,64,0,0,1,0,77,77,,,,,,,,,,POINT (-104.05419142115947 52.848380143142776)
2021A00054714047,0,0,0,0,0,0,0,0,0,0,0,0,0,0,0,0,0,0,,,,,,,,,,POINT (-104.39836743087851 52.802219863783776)
2021A00054714048,0,0,0,0,0,0,0,0,0,0,0,0,0,0,0,0,0,0,,,,,,,,,,POINT (-104.18669358295703 52.853330765754166)
2021A00054714049,0,0,0,0,0,0,0,4,4,0,0,0,0,0,0,0,12,12,,,,,,,,,,POINT (-104.33154561339057 52.861786997867775)
2021A00054714051,0,3,4,0,0,3,0,20,22,0,23,63,0,0,49,0,85,119,,,,,,,,,,POINT (-104.59828134337275 52.855707776038855)
2021A00054714053,0,0,0,0,0,0,0,4,4,0,0,0,0,0,0,0,18,18,,,,,,,,,,POINT (-104.41650029242439 53.06210563364922)
2021A00054714056,0,0,0,0,0,0,0,0,0,0,0,0,0,0,0,0,0,0,,,,,,,,,,POINT (-103.97780032640694 53.05920150263065)
2021A00054714058,0,0,0,0,0,0,0,3,3,0,0,0,0,0,0,0,9,9,,,,,,,,,,POINT (-104.15457748779674 53.0565199379406)
2021A00054714059,0,0,0,0,0,0,0,0,0,0,0,0,0,0,0,0,0,0,,,,,,,,,,POINT (-103.39271643757962 53.06514044051194)
2021A00054714061,0,0,0,0,1,0,0,5,5,0,0,0,0,6,0,0,14,14,,,,,,,,,,POINT (-103.75766602021012 53.06409386902402)
2021A00054714062,0,0,0,0,1,0,0,17,17,0,0,0,0,3,0,0,84,84,,,,,,,,,,POINT (-103.66071287187596 53.10540111343884)
2021A00054714067,0,0,0,0,0,0,0,0,0,0,0,0,0,0,0,0,0,0,,,,,,,,,,POINT (-103.40603743627302 53.44136446895306)
2021A00054714068,0,0,0,0,0,0,0,1,1,0,0,0,0,0,0,0,11,11,,,,,,,,,,POINT (-103.73758503197129 53.51686520370863)
2021A00054714069,1,1,1,0,1,0,0,12,12,2,2,2,0,150,0,0,185,185,,,,,,,,,,POINT (-103.58473126432501 53.27946810242273)
2021A00054714072,0,0,0,0,0,0,0,0,0,0,0,0,0,0,0,0,0,0,,,,,,,,,,POINT (-103.8974462977611 53.33745884287928)
2021A00054714073,0,0,0,0,0,0,0,2,2,0,0,0,0,0,0,0,3,3,,,,,,,,,,POINT (-103.80337117210767 53.19281121060361)
2021A00054714074,0,0,0,0,0,0,0,5,5,0,0,0,0,0,0,0,13,13,,,,,,,,,,POINT (-104.03017317625905 53.28177197388943)
2021A00054714076,0,0,0,0,1,0,0,13,13,0,0,0,0,3,0,0,43,43,,,,,,,,,,POINT (-104.012861075012 53.357945141889495)
2021A00054714077,0,0,0,0,0,0,0,3,3,0,0,0,0,0,0,0,5,5,,,,,,,,,,POINT (-104.36591367573861 53.55769339912493)
2021A00054714079,0,0,0,0,1,0,0,6,6,0,0,0,0,3,0,0,11,11,,,,,,,,,,POINT (-104.08683976691047 53.44914733856623)
2021A00054714091,0,0,0,0,0,0,0,1,1,0,0,0,0,0,0,0,1,1,,,,,,,,,,POINT (-104.16485899031426 53.485151422945705)
2021A00054714092,0,0,0,0,0,0,0,8,8,0,0,0,0,0,0,0,17,17,,,,,,,,,,POINT (-104.48689251592963 53.49189929969619)
2021A00054714093,0,0,0,0,0,0,0,2,2,0,0,0,0,0,0,0,3,3,,,,,,,,,,POINT (-104.81052905579344 53.49113566513386)
2021A00054714839,0,0,0,0,0,0,0,0,0,0,0,0,0,0,0,0,0,0,,,,,,,,,,POINT (-102.64888892838798 53.50009734883591)
2021A00054714840,0,0,0,0,0,0,0,0,0,0,0,0,0,0,0,0,0,0,,,,,,,,,,POINT (-102.8719129681807 53.44147490875196)
2021A00054714841,0,0,0,0,0,0,0,0,0,0,0,0,0,0,0,0,0,0,,,,,,,,,,POINT (-103.66010746627802 52.36098691726441)
2021A00054714842,0,0,0,0,0,0,0,0,0,0,0,0,0,0,0,0,0,0,,,,,,,,,,POINT (-104.21395356279518 52.60938632474513)
2021A00054714843,0,0,0,0,0,0,0,0,0,0,0,0,0,0,0,0,0,0,,,,,,,,,,POINT (-103.73189581580006 52.27918310219213)
2021A00054714845,0,0,0,0,0,0,0,0,0,0,0,0,0,0,0,0,0,0,,,,,,,,,,POINT (-102.87914319885672 53.49562036808969)
2021A00054714846,0,0,0,0,0,0,0,0,0,0,0,0,0,0,0,0,0,0,,,,,,,,,,POINT (-101.97857823145036 53.64886966011326)
2021A00054715001,0,0,0,0,0,0,0,0,0,0,0,0,0,0,0,0,0,0,,,,,,,,,,POINT (-104.79118330459907 52.27005514668716)
2021A00054715002,1,1,1,0,0,0,0,5,5,88,88,88,0,0,0,0,97,97,,,,,,,,,,POINT (-104.65532275711784 52.16314894061761)
2021A00054715003,1,1,1,0,0,0,0,4,4,5,5,5,0,0,0,0,24,24,,,,,,,,,,POINT (-104.82597560665069 52.17755259711103)
2021A00054715004,2,2,2,0,0,0,0,4,4,4,4,4,0,0,0,0,6,6,,,,,,,,,,POINT (-104.99239186363766 52.19144290111106)
2021A00054715005,1,1,0,0,1,0,0,5,5,141,141,0,0,13,0,0,167,167,,,,,,,,,,POINT (-104.81894562729747 52.32259203210234)
2021A00054715006,0,0,0,0,0,0,0,3,3,0,0,0,0,0,0,0,3,3,,,,,,,,,,POINT (-104.98517413291574 52.395246272364275)
2021A00054715007,0,4,2,0,0,0,0,13,13,0,105,100,0,0,0,0,170,170,,,,,,,,,,POINT (-105.21879146460874 52.27475181192751)
2021A00054715008,2,3,5,1,1,2,1,16,18,40,15,24,7,3,13,35,238,247,,,,,,,,,,POINT (-105.11665964671278 52.20204780653629)
2021A00054715011,0,0,0,0,0,0,0,0,0,0,0,0,0,0,0,0,0,0,,,,,,,,,,POINT (-105.6463328499941 52.27613756902539)
2021A00054715012,0,0,0,0,0,0,0,4,4,0,0,0,0,0,0,0,10,10,,,,,,,,,,POINT (-105.52264934223561 52.26530393913463)
2021A00054715014,0,0,0,0,0,0,0,2,2,0,0,0,0,0,0,0,2,2,,,,,,,,,,POINT (-106.02137021208858 52.315562027035185)
2021A00054715016,0,0,0,0,0,0,0,3,3,0,0,0,0,0,0,0,3,3,,,,,,,,,,POINT (-105.89467688806842 52.336970565488926)
2021A00054715017,1,1,1,0,0,0,0,3,3,44,44,44,0,0,0,0,46,46,,,,,,,,,,POINT (-106.09383779383998 52.32261141889761)
2021A00054715018,0,0,0,0,0,0,0,0,0,0,0,0,0,0,0,0,0,0,25.0,25.0,25.0,0.0,0.0,0.0,0.0,43.0,43.0,POINT (-106.30120686548187 52.340206972232195)
2021A00054715019,0,0,0,0,0,0,0,4,4,0,0,0,0,0,0,0,7,7,7.0,7.0,7.0,0.0,0.0,0.0,0.0,13.0,13.0,POINT (-106.2857285983629 52.325692844104964)
2021A00054715026,0,0,0,0,0,0,0,0,0,0,0,0,0,0,0,0,0,0,,,,,,,,,,POINT (-106.77246548706702 52.59932081309378)
2021A00054715027,0,0,1,0,0,1,0,5,6,0,0,6,0,0,6,0,10,16,,,,,,,,,,POINT (-106.73104653588557 52.526011127098386)
2021A00054715028,0,0,0,0,0,0,0,4,4,0,0,0,0,0,0,0,11,11,,,,,,,,,,POINT (-106.65492986000505 52.62173101178545)
2021A00054715029,0,0,0,0,0,0,0,4,4,0,0,0,0,0,0,0,12,12,,,,,,,,,,POINT (-106.5887289232098 52.71574279005298)
2021A00054715031,0,0,0,0,0,0,0,0,0,0,0,0,0,0,0,0,0,0,,,,,,,,,,POINT (-106.44798210091365 52.6364451421026)
2021A00054715032,0,0,0,0,0,0,0,7,7,0,0,0,0,0,0,0,20,20,,,,,,,,,,POINT (-106.3315779773065 52.66267599586537)
2021A00054715034,0,0,0,0,0,0,0,32,32,0,0,0,0,0,0,0,267,267,,,,,,,,,,POINT (-106.41737141574934 52.511282441806394)
2021A00054715036,0,0,0,0,0,0,0,0,0,0,0,0,0,0,0,0,0,0,,,,,,,,,,POINT (-105.94749977102423 52.593810919158656)
2021A00054715038,0,0,0,0,0,0,0,1,1,0,0,0,0,0,0,0,2,2,,,,,,,,,,POINT (-106.02006552083344 52.51890986193236)
2021A00054715039,0,0,0,0,0,0,0,0,0,0,0,0,0,0,0,0,0,0,,,,,,,,,,POINT (-105.60255063037998 52.582860272969796)
2021A00054715041,0,0,0,0,0,1,0,5,5,0,0,0,0,0,1,0,15,15,,,,,,,,,,POINT (-105.73466042538327 52.49012968240327)
2021A00054715042,0,0,0,0,1,0,0,7,7,0,0,0,0,3,0,0,11,11,,,,,,,,,,POINT (-105.73464136690394 52.64630705881773)
2021A00054715043,0,0,0,0,0,0,0,0,0,0,0,0,0,0,0,0,0,0,,,,,,,,,,POINT (-105.63197877233941 52.6433333572643)
2021A00054715044,0,0,0,0,0,0,0,4,4,0,0,0,0,0,0,0,5,5,,,,,,,,,,POINT (-105.24366601787027 52.53330587647636)
2021A00054715045,0,0,0,0,0,0,0,2,2,0,0,0,0,0,0,0,3,3,,,,,,,,,,POINT (-105.26826587979684 52.42411761722776)
2021A00054715046,0,0,0,0,0,0,0,3,3,0,0,0,0,0,0,0,3,3,,,,,,,,,,POINT (-105.39178377699896 52.56622924263109)
2021A00054715047,0,1,1,0,0,0,0,3,3,0,7,7,0,0,0,0,9,9,,,,,,,,,,POINT (-105.30714379465618 52.48102323736483)
2021A00054715048,0,0,0,0,0,0,0,0,0,0,0,0,0,0,0,0,0,0,,,,,,,,,,POINT (-104.7838164829747 52.53504380980917)
2021A00054715049,3,4,3,0,0,0,0,11,11,423,434,423,0,0,0,0,455,455,,,,,,,,,,POINT (-104.88083136224934 52.64184903759419)
2021A00054715051,0,0,0,0,0,0,0,3,3,0,0,0,0,0,0,0,3,3,,,,,,,,,,POINT (-104.83384072811671 52.802303047541585)
2021A00054715052,0,0,0,0,0,0,0,4,4,0,0,0,0,0,0,0,8,8,,,,,,,,,,POINT (-104.80489353630699 52.90007008953684)
2021A00054715054,0,0,0,0,0,0,0,2,2,0,0,0,0,0,0,0,2,2,,,,,,,,,,POINT (-105.28010109618708 52.80368754190377)
2021A00054715057,0,1,0,0,0,1,0,7,7,0,15,0,0,0,3,0,30,30,,,,,,,,,,POINT (-105.79561231560315 52.82906209301225)
2021A00054715059,0,0,0,0,0,0,0,2,2,0,0,0,0,0,0,0,2,2,,,,,,,,,,POINT (-105.81082968501457 52.919841754619604)
2021A00054715061,0,0,0,0,0,0,0,3,3,0,0,0,0,0,0,0,4,4,,,,,,,,,,POINT (-106.23983515651979 52.93614728528971)
2021A00054715062,0,1,0,0,0,0,0,4,4,0,7,0,0,0,0,0,15,15,,,,,,,,,,POINT (-106.22543086424716 52.81156454664181)
2021A00054715064,0,0,0,0,0,0,0,0,0,0,0,0,0,0,0,0,0,0,1.0,10.0,2.0,0.0,23.0,1.0,0.0,77.0,77.0,POINT (-105.79689640222462 53.06722910853503)
2021A00054715066,1,6,3,0,7,1,0,40,40,2,46,8,0,137,7,0,287,287,2.0,38.0,6.0,0.0,147.0,6.0,0.0,280.0,280.0,POINT (-105.72647537480172 53.20675023760537)
2021A00054715067,0,0,0,0,0,0,0,0,0,0,0,0,0,0,0,0,0,0,,,,,,,,,,POINT (-105.37630154654747 53.04397569413721)
2021A00054715068,0,0,0,0,0,0,0,0,0,0,0,0,0,0,0,0,0,0,,,,,,,,,,POINT (-105.43358283957716 52.98541564553861)
2021A00054715070,0,0,0,0,0,0,0,0,0,0,0,0,0,0,0,0,0,0,,,,,,,,,,POINT (-105.25956012033822 53.791764690360495)
2021A00054715071,0,0,0,0,0,0,0,0,0,0,0,0,0,0,0,0,0,0,,,,,,,,,,POINT (-105.0748826127091 53.05821752247288)
2021A00054715072,0,0,0,0,0,0,0,0,0,0,0,0,0,0,0,0,0,0,,,,,,,,,,POINT (-105.14192105048761 53.00748982780894)
2021A00054715074,0,0,1,0,0,1,0,4,5,0,0,12,0,0,12,0,9,21,,,,,,,,,,POINT (-105.02991010989942 52.94949098605132)
2021A00054715075,0,0,0,0,0,0,0,0,0,0,0,0,0,0,0,0,0,0,,,,,,,,,,POINT (-105.90161979311318 53.757813726293875)
2021A00054715076,0,0,0,0,0,0,0,0,0,0,0,0,0,0,0,0,0,0,,,,,,,,,,POINT (-105.78900803988958 53.53915774826101)
2021A00054715079,0,0,0,0,0,0,0,0,0,0,0,0,0,0,0,0,0,0,0.0,0.0,0.0,0.0,0.0,0.0,0.0,13.0,13.0,POINT (-105.30679586481443 53.34578497859044)
2021A00054715085,0,1,1,0,0,0,0,1,1,0,6,6,0,0,0,0,6,6,0.0,0.0,0.0,0.0,0.0,0.0,0.0,0.0,0.0,POINT (-105.53898084199774 53.39456201551718)
2021A00054715091,0,0,0,0,0,0,0,3,3,0,0,0,0,0,0,0,4,4,,,,,,,,,,POINT (-105.23913888271437 53.44903129756096)
2021A00054715092,0,0,0,0,0,0,0,0,0,0,0,0,0,0,0,0,0,0,0.0,0.0,0.0,0.0,0.0,0.0,0.0,0.0,0.0,POINT (-105.3673274255263 53.44190955669685)
2021A00054715094,0,0,0,0,2,0,0,5,5,0,0,0,0,48,0,0,51,51,1.0,12.0,4.0,0.0,37.0,2.0,0.0,98.0,98.0,POINT (-105.75862589363197 53.33178813071326)
2021A00054715098,0,0,0,0,0,0,0,1,1,0,0,0,0,0,0,0,2,2,,,,,,,,,,POINT (-105.56172109193993 53.50710319625168)
2021A00054715099,0,0,0,0,0,0,0,0,0,0,0,0,0,0,0,0,0,0,,,,,,,,,,POINT (-105.5215817994623 53.7099180537759)
2021A00054715820,0,0,0,0,0,0,0,0,0,0,0,0,0,0,0,0,0,0,,,,,,,,,,POINT (-106.05832894466747 53.19907085247798)
2021A00054715844,0,0,0,0,0,0,0,0,0,0,0,0,0,0,0,0,0,0,,,,,,,,,,POINT (-106.04775401299787 52.7396429990891)
2021A00054715845,0,0,0,0,0,0,0,0,0,0,0,0,0,0,0,0,0,0,,,,,,,,,,POINT (-106.35717912120147 52.81979096479629)
2021A00054715847,0,0,0,0,0,0,0,1,1,0,0,0,0,0,0,0,1,1,,,,,,,,,,POINT (-105.4917241228393 53.098162969485884)
2021A00054715848,0,0,0,0,0,0,0,0,0,0,0,0,0,0,0,0,0,0,0.0,0.0,0.0,0.0,0.0,0.0,0.0,0.0,0.0,POINT (-105.88603569188182 53.27575103184548)
2021A00054715849,0,0,0,0,0,0,0,0,0,0,0,0,0,0,0,0,0,0,,,,,,,,,,POINT (-104.8717240552134 53.13048510126745)
2021A00054715850,0,0,0,0,0,0,0,0,0,0,0,0,0,0,0,0,0,0,,,,,,,,,,POINT (-104.85515126485657 53.07245415701636)
2021A00054715851,0,0,0,0,0,0,0,0,0,0,0,0,0,0,0,0,0,0,,,,,,,,,,POINT (-105.94580074868266 53.48206129334689)
2021A00054715853,0,0,0,0,0,0,0,0,0,0,0,0,0,0,0,0,0,0,,,,,,,,,,POINT (-106.00789942330522 53.532460451428996)
2021A00054715857,0,0,0,0,0,0,0,0,0,0,0,0,0,0,0,0,0,0,,,,,,,,,,POINT (-105.92633626310781 52.56235840842827)
2021A00054715859,0,0,0,0,0,0,0,0,0,0,0,0,0,0,0,0,0,0,,,,,,,,,,POINT (-106.36318340216411 52.86292368085395)
2021A00054715860,0,0,0,0,0,0,0,0,0,0,0,0,0,0,0,0,0,0,,,,,,,,,,POINT (-106.23714542952429 52.797226875706905)
2021A00054715861,0,0,0,0,0,0,0,0,0,0,0,0,0,0,0,0,0,0,,,,,,,,,,POINT (-106.0794822116101 52.80196405373893)
2021A00054715862,0,0,0,0,0,0,0,0,0,0,0,0,0,0,0,0,0,0,,,,,,,,,,POINT (-106.11064701395979 52.67092928812449)
2021A00054716002,0,0,0,0,0,0,0,0,0,0,0,0,0,0,0,0,0,0,,,,,,,,,,POINT (-108.01067713714019 52.65801188475499)
2021A00054716003,0,0,0,0,0,0,0,0,0,0,0,0,0,0,0,0,0,0,,,,,,,,,,POINT (-107.85807856431518 52.606043154838886)
2021A00054716004,0,0,0,0,0,0,0,1,1,0,0,0,0,0,0,0,1,1,,,,,,,,,,POINT (-107.70626835201816 52.56238500192461)
2021A00054716005,0,0,0,0,0,0,0,0,0,0,0,0,0,0,0,0,0,0,,,,,,,,,,POINT (-107.61683807617364 52.54880912047873)
2021A00054716008,0,0,0,0,0,0,0,0,0,0,0,0,0,0,0,0,0,0,,,,,,,,,,POINT (-107.17431569749338 52.48596828567941)
2021A00054716009,0,0,0,0,0,0,0,4,4,0,0,0,0,0,0,0,10,10,,,,,,,,,,POINT (-107.39873965380855 52.46354952201589)
2021A00054716011,0,0,0,0,0,0,0,4,4,0,0,0,0,0,0,0,10,10,,,,,,,,,,POINT (-107.23722086057302 52.40456313227078)
2021A00054716013,0,0,0,0,0,0,0,0,0,0,0,0,0,0,0,0,0,0,,,,,,,,,,POINT (-106.82628601821882 52.77495077646315)
2021A00054716014,0,0,0,0,0,0,0,2,2,0,0,0,0,0,0,0,3,3,,,,,,,,,,POINT (-106.79059712511418 52.925861108704375)
2021A00054716016,0,1,0,0,0,0,0,6,6,0,13,0,0,0,0,0,23,23,,,,,,,,,,POINT (-106.88001002646263 52.8289103426717)
2021A00054716018,0,0,0,0,0,0,0,0,0,0,0,0,0,0,0,0,0,0,,,,,,,,,,POINT (-107.27072227046435 52.76030749424946)
2021A00054716019,0,0,0,0,0,0,0,1,1,0,0,0,0,0,0,0,1,1,,,,,,,,,,POINT (-107.07710611150291 52.78680349022742)
2021A00054716022,0,0,0,0,0,0,0,3,3,0,0,0,0,0,0,0,5,5,,,,,,,,,,POINT (-107.35269754280178 52.72503451693957)
2021A00054716023,0,0,0,0,0,0,0,2,2,0,0,0,0,0,0,0,3,3,,,,,,,,,,POINT (-107.67314758679146 52.79959685132562)
2021A00054716024,0,0,0,0,0,0,0,1,1,0,0,0,0,0,0,0,3,3,,,,,,,,,,POINT (-107.5580976205639 52.70729727831167)
2021A00054716026,0,0,0,0,0,0,0,3,3,0,0,0,0,0,0,0,5,5,,,,,,,,,,POINT (-107.7021765359202 52.69308691442877)
2021A00054716027,0,0,0,0,0,0,0,0,0,0,0,0,0,0,0,0,0,0,,,,,,,,,,POINT (-108.25861785554702 52.73252349892551)
2021A00054716028,0,0,0,0,0,0,0,0,0,0,0,0,0,0,0,0,0,0,,,,,,,,,,POINT (-108.0723364111158 52.81390931008315)
2021A00054716029,0,8,5,3,1,3,0,36,36,0,73,77,42,7,42,0,169,169,5.0,75.0,70.0,25.0,5.0,28.0,0.0,136.0,136.0,POINT (-108.26489722674133 52.76040783186176)
2021A00054716033,0,0,0,0,0,1,0,9,9,0,0,0,0,0,1,0,17,17,,,,,,,,,,POINT (-107.98006184638952 53.06288779291889)
2021A00054716038,0,0,0,0,0,0,0,0,0,0,0,0,0,0,0,0,0,0,,,,,,,,,,POINT (-107.60257721415805 53.03915299682365)
2021A00054716041,0,0,0,0,0,0,0,0,0,0,0,0,0,0,0,0,0,0,,,,,,,,,,POINT (-106.6862472212938 53.07913270294502)
2021A00054716042,0,1,0,0,0,0,0,6,6,0,2,0,0,0,0,0,20,20,,,,,,,,,,POINT (-106.74155942891743 53.02004505485622)
2021A00054716043,0,0,0,0,0,0,0,0,0,0,0,0,0,0,0,0,0,0,,,,,,,,,,POINT (-107.00535681371292 53.19095422484923)
2021A00054716044,0,0,0,0,0,0,0,2,2,0,0,0,0,0,0,0,2,2,,,,,,,,,,POINT (-106.53311867972964 53.16611903943369)
2021A00054716046,0,0,0,0,0,0,0,3,3,0,0,0,0,0,0,0,5,5,,,,,,,,,,POINT (-106.28702946349425 53.35306439400572)
2021A00054716047,0,0,0,0,1,0,0,3,3,0,0,0,0,6,0,0,11,11,,,,,,,,,,POINT (-106.39361020287076 53.217557102808456)
2021A00054716051,0,0,0,0,1,0,0,4,4,0,0,0,0,3,0,0,7,7,,,,,,,,,,POINT (-106.6726158804634 53.47390711345296)
2021A00054716052,0,0,0,0,0,0,0,8,8,0,0,0,0,0,0,0,27,27,,,,,,,,,,POINT (-106.6009893621673 53.358622886573464)
2021A00054716053,0,0,0,0,0,0,0,0,0,0,0,0,0,0,0,0,0,0,,,,,,,,,,POINT (-106.37812993581929 53.94654296806207)
2021A00054716054,0,0,0,0,0,0,0,2,2,0,0,0,0,0,0,0,5,5,,,,,,,,,,POINT (-106.88011792481242 53.526741166585424)
2021A00054716056,0,0,0,0,0,0,0,0,0,0,0,0,0,0,0,0,0,0,,,,,,,,,,POINT (-107.40172964707754 53.46465943540153)
2021A00054716057,0,0,0,0,0,0,0,5,5,0,0,0,0,0,0,0,7,7,,,,,,,,,,POINT (-107.06137026761895 53.30536485133243)
2021A00054716058,0,0,0,0,1,0,0,8,8,0,0,0,0,3,0,0,16,16,,,,,,,,,,POINT (-107.52197309231381 53.36533104155833)
2021A00054716059,0,0,0,0,0,0,0,0,0,0,0,0,0,0,0,0,0,0,,,,,,,,,,POINT (-107.13573816625959 53.199093756399606)
2021A00054716060,0,0,0,0,0,0,0,0,0,0,0,0,0,0,0,0,0,0,,,,,,,,,,POINT (-107.12687371706203 53.212485188542466)
2021A00054716061,0,0,0,0,0,0,0,5,5,0,0,0,0,0,0,0,8,8,,,,,,,,,,POINT (-107.55113799384866 53.63191104611666)
2021A00054716062,0,0,0,0,0,0,0,0,0,0,0,0,0,0,0,0,0,0,,,,,,,,,,POINT (-107.99658871012547 53.40254801899215)
2021A00054716063,0,0,0,0,0,0,0,2,2,0,0,0,0,0,0,0,2,2,,,,,,,,,,POINT (-108.07978186493257 53.2977021912067)
2021A00054716072,0,1,1,0,3,0,0,7,7,0,6,15,0,178,0,0,190,190,,,,,,,,,,POINT (-107.03221525830178 53.833894844624815)
2021A00054716075,0,0,0,0,0,0,0,0,0,0,0,0,0,0,0,0,0,0,,,,,,,,,,POINT (-107.27214165589122 53.898542812646255)
2021A00054716077,0,0,0,0,0,0,0,0,0,0,0,0,0,0,0,0,0,0,,,,,,,,,,POINT (-107.72448381557263 53.751887203037235)
2021A00054716840,0,0,0,0,0,0,0,0,0,0,0,0,0,0,0,0,0,0,,,,,,,,,,POINT (-106.46410435785036 52.968612563514746)
2021A00054716854,0,0,0,0,0,0,0,0,0,0,0,0,0,0,0,0,0,0,,,,,,,,,,POINT (-106.90149289117824 52.98123028772365)
2021A00054716855,0,0,0,0,0,0,0,0,0,0,0,0,0,0,0,0,0,0,,,,,,,,,,POINT (-106.79578505473951 53.16232809057201)
2021A00054716856,0,0,0,0,0,0,0,0,0,0,0,0,0,0,0,0,0,0,,,,,,,,,,POINT (-106.05968025847743 53.39463285725779)
2021A00054716857,0,0,0,0,0,0,0,0,0,0,0,0,0,0,0,0,0,0,,,,,,,,,,POINT (-106.05320700697473 53.5610972367608)
2021A00054716858,0,0,0,0,0,0,0,0,0,0,0,0,0,0,0,0,0,0,,,,,,,,,,POINT (-107.16154709433636 53.590100837771686)
2021A00054716859,0,0,0,0,0,0,0,0,0,0,0,0,0,0,0,0,0,0,,,,,,,,,,POINT (-107.04921963743949 53.46529161645066)
2021A00054716860,0,0,0,0,0,0,0,0,0,0,0,0,0,0,0,0,0,0,,,,,,,,,,POINT (-106.88558250295966 53.404506806198924)
2021A00054716861,0,0,0,0,0,0,0,0,0,0,0,0,0,0,0,0,0,0,,,,,,,,,,POINT (-108.1189467499213 53.48982981837852)
2021A00054716862,0,0,0,0,0,0,0,0,0,0,0,0,0,0,0,0,0,0,,,,,,,,,,POINT (-107.61345797146554 53.47914327378801)
2021A00054716863,0,0,0,0,0,0,0,0,0,0,0,0,0,0,0,0,0,0,,,,,,,,,,POINT (-107.78679001194162 53.696943777149244)
2021A00054716870,0,0,0,0,0,0,0,0,0,0,0,0,0,0,0,0,0,0,,,,,,,,,,POINT (-107.23754006983495 53.00270809253357)
2021A00054716872,0,0,0,0,0,0,0,0,0,0,0,0,0,0,0,0,0,0,,,,,,,,,,POINT (-107.4406594412557 53.05997535494796)
2021A00054716880,0,0,0,0,0,0,0,0,0,0,0,0,0,0,0,0,0,0,,,,,,,,,,POINT (-107.69476920610605 53.68633166237619)
2021A00054716882,0,0,0,0,0,0,0,0,0,0,0,0,0,0,0,0,0,0,,,,,,,,,,POINT (-107.64183989534797 53.46714141603685)
2021A00054716886,0,0,0,0,0,0,0,0,0,0,0,0,0,0,0,0,0,0,,,,,,,,,,POINT (-106.95555955033643 53.008914524763135)
2021A00054716888,0,0,0,0,0,0,0,0,0,0,0,0,0,0,0,0,0,0,,,,,,,,,,POINT (-106.88551093490402 53.007477628664006)
2021A00054716891,0,0,0,0,0,0,0,0,0,0,0,0,0,0,0,0,0,0,,,,,,,,,,POINT (-106.917694403672 53.03781157195936)
2021A00054716894,0,0,0,0,0,0,0,0,0,0,0,0,0,0,0,0,0,0,,,,,,,,,,POINT (-107.84203621336242 53.680235768266336)
2021A00054717001,0,0,0,0,0,0,0,0,0,0,0,0,0,0,0,0,0,0,,,,,,,,,,POINT (-108.49266066105262 53.046667426553164)
2021A00054717002,0,0,0,0,0,0,0,4,4,0,0,0,0,0,0,0,8,8,,,,,,,,,,POINT (-108.33939511098512 53.079293954636746)
2021A00054717004,0,0,0,0,0,0,0,1,1,0,0,0,0,0,0,0,2,2,,,,,,,,,,POINT (-108.40890226389864 53.0357846944628)
2021A00054717005,0,0,0,0,0,0,0,0,0,0,0,0,0,0,0,0,0,0,,,,,,,,,,POINT (-108.42312138844201 53.1370720427436)
2021A00054717006,0,0,1,0,0,0,0,5,5,0,0,7,0,0,0,0,12,12,,,,,,,,,,POINT (-108.45960700539207 53.03698462262218)
2021A00054717008,0,0,0,0,0,0,0,0,0,0,0,0,0,0,0,0,0,0,,,,,,,,,,POINT (-108.78788740060591 53.13023802292772)
2021A00054717011,0,0,0,0,0,0,0,6,6,0,0,0,0,0,0,0,14,14,,,,,,,,,,POINT (-108.76645564028645 53.18793202168899)
2021A00054717013,0,0,0,0,0,0,0,0,0,0,0,0,0,0,0,0,0,0,,,,,,,,,,POINT (-109.04503418288806 53.03984375016938)
2021A00054717014,0,0,0,0,0,0,0,2,2,0,0,0,0,0,0,0,6,6,,,,,,,,,,POINT (-108.93655824895112 53.01232840721494)
2021A00054717017,0,0,0,0,0,0,0,0,0,0,0,0,0,0,0,0,0,0,,,,,,,,,,POINT (-109.29644579852238 53.23011189859649)
2021A00054717018,0,0,0,0,0,1,0,8,8,0,0,0,0,0,2,0,17,17,,,,,,,,,,POINT (-109.28443800017466 53.085520385775666)
2021A00054717019,0,0,0,0,0,0,0,3,3,0,0,0,0,0,0,0,3,3,,,,,,,,,,POINT (-109.47394969538666 53.10041384364878)
2021A00054717022,0,0,0,0,0,0,0,4,4,0,0,0,0,0,0,0,8,8,6.0,20.0,13.0,1.0,0.0,26.0,0.0,111.0,113.0,POINT (-109.8156203369545 53.09670996831639)
2021A00054717024,0,0,0,0,0,1,0,4,4,0,0,0,0,0,2,0,7,7,0.0,0.0,0.0,0.0,0.0,19.0,0.0,19.0,19.0,POINT (-109.61327732274782 53.123466553817245)
2021A00054717026,0,0,0,0,0,0,0,4,4,0,0,0,0,0,0,0,5,5,0.0,0.0,0.0,0.0,0.0,8.0,0.0,8.0,8.0,POINT (-109.77778954917883 53.19255537469213)
2021A00054717028,0,0,0,0,0,0,0,5,5,0,0,0,0,0,0,0,11,11,6.0,17.0,12.0,1.0,0.0,46.0,0.0,117.0,119.0,POINT (-109.77371951774217 53.438653346777436)
2021A00054717029,1,1,2,0,0,4,0,35,35,3,10,40,0,0,43,0,167,167,19.0,68.0,44.0,2.0,0.0,173.0,0.0,302.0,304.0,POINT (-109.98629401091753 53.280984371983315)
2021A00054717032,0,0,0,0,0,0,0,0,0,0,0,0,0,0,0,0,0,0,,,,,,,,,,POINT (-109.27407557120908 53.57140264483491)
2021A00054717034,0,0,0,0,0,0,0,5,5,0,0,0,0,0,0,0,12,12,,,,,,,,,,POINT (-109.46245566695247 53.53907136897044)
2021A00054717036,0,0,0,0,0,0,0,6,6,0,0,0,0,0,0,0,12,12,,,,,,,,,,POINT (-109.20023174862888 53.63148198724292)
2021A00054717039,0,0,0,0,0,0,0,1,1,0,0,0,0,0,0,0,2,2,,,,,,,,,,POINT (-108.87312225662784 53.33240872440482)
2021A00054717041,0,1,1,1,0,2,0,5,5,0,3,3,3,0,5,0,12,12,,,,,,,,,,POINT (-108.95990535587603 53.387930214834725)
2021A00054717042,0,0,0,0,0,0,0,0,0,0,0,0,0,0,0,0,0,0,,,,,,,,,,POINT (-108.66290002201403 53.610182596022135)
2021A00054717045,0,0,0,0,1,1,0,8,8,0,0,0,0,3,15,0,30,30,,,,,,,,,,POINT (-108.8808088278777 53.54327035987911)
2021A00054717047,0,0,0,0,0,0,0,0,0,0,0,0,0,0,0,0,0,0,,,,,,,,,,POINT (-108.42633652628469 53.44436879484361)
2021A00054717048,0,0,0,0,2,0,0,7,7,0,0,0,0,42,0,0,50,50,,,,,,,,,,POINT (-108.3495000707577 53.35932369404223)
2021A00054717052,0,0,1,0,1,2,0,14,15,0,0,12,0,150,15,0,296,308,,,,,,,,,,POINT (-108.43417647691955 54.12581349136696)
2021A00054717053,0,0,0,0,0,0,0,0,0,0,0,0,0,0,0,0,0,0,,,,,,,,,,POINT (-108.70032210705396 54.444238955288085)
2021A00054717054,0,0,0,0,0,0,0,0,0,0,0,0,0,0,0,0,0,0,,,,,,,,,,POINT (-108.63868952943004 54.09161194724137)
2021A00054717055,0,0,0,0,0,0,0,3,3,0,0,0,0,0,0,0,7,7,,,,,,,,,,POINT (-108.62684637024182 54.35327511445069)
2021A00054717056,0,1,1,0,0,0,0,2,2,0,3,3,0,0,0,0,4,4,,,,,,,,,,POINT (-109.66095795607673 53.97339415284528)
2021A00054717057,0,0,0,0,0,0,0,1,1,0,0,0,0,0,0,0,1,1,,,,,,,,,,POINT (-108.90608002387155 54.00610137627236)
2021A00054717058,0,0,0,0,0,0,0,1,1,0,0,0,0,0,0,0,3,3,,,,,,,,,,POINT (-109.15879115069929 54.02654702456401)
2021A00054717062,0,0,0,0,0,0,0,0,0,0,0,0,0,0,0,0,0,0,,,,,,,,,,POINT (-109.26791531134137 54.445524978285526)
2021A00054717066,0,0,0,0,0,0,0,3,3,0,0,0,0,0,0,0,9,9,,,,,,,,,,POINT (-109.2341056730943 54.404040994618875)
2021A00054717067,0,0,0,0,0,0,0,1,1,0,0,0,0,0,0,0,2,2,,,,,,,,,,POINT (-109.7865521635276 54.34074980528921)
2021A00054717801,0,0,0,0,0,0,0,0,0,0,0,0,0,0,0,0,0,0,,,,,,,,,,POINT (-109.89012805567705 53.69859210511692)
2021A00054717802,0,0,0,0,0,0,0,0,0,0,0,0,0,0,0,0,0,0,,,,,,,,,,POINT (-109.98856050056553 53.67555554860181)
2021A00054717803,0,0,0,0,0,0,0,0,0,0,0,0,0,0,0,0,0,0,,,,,,,,,,POINT (-108.85628280183137 53.49504057280588)
2021A00054717804,0,0,0,0,0,0,0,0,0,0,0,0,0,0,0,0,0,0,,,,,,,,,,POINT (-108.63003961438537 53.634271179851424)
2021A00054717805,0,0,0,0,0,0,0,0,0,0,0,0,0,0,0,0,0,0,,,,,,,,,,POINT (-108.40362769154426 54.16214893211713)
2021A00054717806,0,0,0,0,1,0,0,1,1,0,0,0,0,30,0,0,30,30,,,,,,,,,,POINT (-108.344115173157 54.50637450395865)
2021A00054717807,0,0,0,0,0,0,0,0,0,0,0,0,0,0,0,0,0,0,,,,,,,,,,POINT (-109.2593400164999 54.048661200960375)
2021A00054717808,0,0,0,0,0,0,0,0,0,0,0,0,0,0,0,0,0,0,,,,,,,,,,POINT (-109.30177887231116 54.011424075294514)
2021A00054717809,0,0,0,0,0,0,0,0,0,0,0,0,0,0,0,0,0,0,,,,,,,,,,POINT (-109.73380981007303 54.01888162134906)
2021A00054717810,0,0,0,0,0,0,0,0,0,0,0,0,0,0,0,0,0,0,,,,,,,,,,POINT (-109.76421764929862 54.147880400984455)
2021A00054717811,0,0,0,0,0,0,0,0,0,0,0,0,0,0,0,0,0,0,,,,,,,,,,POINT (-109.62632036348703 54.42374854127849)
2021A00054717812,0,0,0,0,0,0,0,0,0,0,0,0,0,0,0,0,0,0,,,,,,,,,,POINT (-108.23493373575072 53.111339892761535)
2021A00054717813,0,0,0,0,0,0,0,0,0,0,0,0,0,0,0,0,0,0,,,,,,,,,,POINT (-108.32045472639831 53.13489821153462)
2021A00054717815,0,0,0,0,0,0,0,0,0,0,0,0,0,0,0,0,0,0,,,,,,,,,,POINT (-109.09790263470855 54.042256514008464)
2021A00054717816,0,0,0,0,0,0,0,0,0,0,0,0,0,0,0,0,0,0,,,,,,,,,,POINT (-107.99117704127703 54.1194100583601)
2021A00054717817,0,0,0,0,0,0,0,0,0,0,0,0,0,0,0,0,0,0,,,,,,,,,,POINT (-108.24190297357997 54.45396601012683)
2021A00054717819,0,0,0,0,0,0,0,0,0,0,0,0,0,0,0,0,0,0,,,,,,,,,,POINT (-108.52213107026388 54.04304407972112)
2021A00054717830,0,0,0,0,0,0,0,0,0,0,0,0,0,0,0,0,0,0,,,,,,,,,,POINT (-108.14403823330571 54.15636631049908)
2021A00054717831,0,0,0,0,0,0,0,0,0,0,0,0,0,0,0,0,0,0,,,,,,,,,,POINT (-108.546560724705 54.17223035594986)
2021A00054717832,0,0,0,0,0,0,0,0,0,0,0,0,0,0,0,0,0,0,,,,,,,,,,POINT (-108.0927631465179 54.05507560969851)
2021A00054718005,0,0,0,0,0,0,0,0,0,0,0,0,0,0,0,0,0,0,,,,,,,,,,POINT (-102.31476289518218 53.93940511391465)
2021A00054718012,0,0,0,0,0,0,0,0,0,0,0,0,0,0,0,0,0,0,,,,,,,,,,POINT (-105.6730447932527 54.157435679979315)
2021A00054718015,0,0,0,0,0,0,0,0,0,0,0,0,0,0,0,0,0,0,,,,,,,,,,POINT (-105.81101750179785 54.43008683674914)
2021A00054718021,0,0,0,0,0,0,0,1,1,0,0,0,0,0,0,0,2,2,,,,,,,,,,POINT (-107.79120528740796 54.32424319057745)
2021A00054718023,0,0,0,0,0,0,0,0,0,0,0,0,0,0,0,0,0,0,,,,,,,,,,POINT (-107.42226837106935 54.622845891547954)
2021A00054718028,0,0,0,0,0,0,0,0,0,0,0,0,0,0,0,0,0,0,,,,,,,,,,POINT (-108.33611912696475 55.09925240256415)
2021A00054718030,0,0,0,0,0,0,0,0,0,0,0,0,0,0,0,0,0,0,,,,,,,,,,POINT (-108.09998695191396 55.15055247871337)
2021A00054718033,0,0,0,0,0,0,0,1,1,0,0,0,0,0,0,0,2,2,,,,,,,,,,POINT (-107.64186694182884 55.134533686189805)
2021A00054718041,0,0,0,0,0,0,0,0,0,0,0,0,0,0,0,0,0,0,,,,,,,,,,POINT (-105.29174329900003 55.13062381100713)
2021A00054718042,0,0,1,0,1,0,0,2,2,0,0,7,0,7,0,0,9,9,,,,,,,,,,POINT (-105.33790379192362 55.08751377109416)
2021A00054718049,0,0,0,0,0,0,0,2,2,0,0,0,0,0,0,0,8,8,,,,,,,,,,POINT (-102.07501380155698 54.661945164915885)
2021A00054718051,0,0,0,0,0,0,0,0,0,0,0,0,0,0,0,0,0,0,,,,,,,,,,POINT (-101.90432539089753 54.76349202777978)
2021A00054718052,0,0,0,0,0,0,0,0,0,0,0,0,0,0,0,0,0,0,,,,,,,,,,POINT (-101.85970630538955 54.75733830174711)
2021A00054718055,0,0,0,0,0,0,0,0,0,0,0,0,0,0,0,0,0,0,,,,,,,,,,POINT (-102.93334109450606 55.188414419814194)
2021A00054718058,0,0,0,0,0,0,0,1,1,0,0,0,0,0,0,0,7,7,,,,,,,,,,POINT (-102.30611398772155 55.49736191452997)
2021A00054718065,0,0,0,0,0,1,0,0,1,0,0,0,0,0,87,0,0,87,,,,,,,,,,POINT (-106.57959715950085 55.52190538805014)
2021A00054718067,0,0,0,0,0,0,0,0,0,0,0,0,0,0,0,0,0,0,,,,,,,,,,POINT (-107.92243141499165 55.477387871413356)
2021A00054718069,0,0,0,0,0,0,0,0,0,0,0,0,0,0,0,0,0,0,,,,,,,,,,POINT (-107.69993295368653 55.89017153568974)
2021A00054718070,0,0,0,0,0,0,0,0,0,0,0,0,0,0,0,0,0,0,,,,,,,,,,POINT (-108.49712095904835 55.864092787064266)
2021A00054718071,0,0,0,0,0,0,0,0,0,0,0,0,0,0,0,0,0,0,,,,,,,,,,POINT (-108.96349810401985 55.87835159536032)
2021A00054718072,0,0,0,0,0,0,0,0,0,0,0,0,0,0,0,0,0,0,,,,,,,,,,POINT (-109.11740237047627 56.008686016576)
2021A00054718074,0,0,0,0,0,0,0,0,0,0,0,0,0,0,0,0,0,0,,,,,,,,,,POINT (-109.43491365369033 56.48673716225695)
2021A00054718075,0,0,0,0,0,0,0,0,0,0,0,0,0,0,0,0,0,0,,,,,,,,,,POINT (-108.7094264602138 56.47363710948171)
2021A00054718089,0,0,0,0,0,0,0,0,0,0,0,0,0,0,0,0,0,0,,,,,,,,,,POINT (-109.4453240083908 56.367104836922856)
2021A00054718090,0,0,0,0,0,0,0,0,0,0,0,0,0,0,0,0,0,0,,,,,,,,,,POINT (-106.06009859074437 56.85166619739378)
2021A00054718100,0,0,0,0,0,0,0,0,0,0,0,0,0,0,0,0,0,0,,,,,,,,,,POINT (-105.84128038625353 59.25428004363002)
2021A00054718801,0,0,0,0,0,0,0,0,0,0,0,0,0,0,0,0,0,0,,,,,,,,,,POINT (-102.24058680685148 53.938769379315005)
2021A00054718802,0,0,0,0,0,0,0,0,0,0,0,0,0,0,0,0,0,0,,,,,,,,,,POINT (-105.80788030125684 54.060401692000084)
2021A00054718803,0,0,0,0,0,0,0,0,0,0,0,0,0,0,0,0,0,0,,,,,,,,,,POINT (-104.57256932311962 55.40301427448886)
2021A00054718806,0,0,0,0,0,0,0,0,0,0,0,0,0,0,0,0,0,0,,,,,,,,,,POINT (-102.31278920162491 55.53616126086723)
2021A00054718807,0,0,0,0,0,0,0,0,0,0,0,0,0,0,0,0,0,0,,,,,,,,,,POINT (-107.57100374955216 55.19261995240524)
2021A00054718808,0,0,0,0,0,0,0,0,0,0,0,0,0,0,0,0,0,0,,,,,,,,,,POINT (-105.74992076416875 55.115563825887655)
2021A00054718809,0,0,0,0,0,0,0,0,0,0,0,0,0,0,0,0,0,0,,,,,,,,,,POINT (-105.31060231955072 55.070047823687624)
2021A00054718811,0,0,0,0,0,1,0,1,2,0,0,0,0,0,1,0,1,2,,,,,,,,,,POINT (-105.16887844069207 55.283308868008426)
2021A00054718812,0,0,0,0,0,0,0,0,0,0,0,0,0,0,0,0,0,0,,,,,,,,,,POINT (-105.31752281969544 55.09494177572835)
2021A00054718813,0,0,0,0,0,0,0,0,0,0,0,0,0,0,0,0,0,0,,,,,,,,,,POINT (-104.79438099147787 55.27574040984034)
2021A00054718814,0,0,0,0,0,0,0,0,0,0,0,0,0,0,0,0,0,0,,,,,,,,,,POINT (-107.72702807645247 55.914485598937866)
2021A00054718815,0,0,0,0,0,0,0,0,0,0,0,0,0,0,0,0,0,0,,,,,,,,,,POINT (-101.81797565683148 54.28001997376044)
2021A00054718817,0,0,0,0,0,0,0,0,0,0,0,0,0,0,0,0,0,0,,,,,,,,,,POINT (-108.1538279758824 55.13735047132204)
2021A00054718818,0,0,0,0,0,0,0,0,0,0,0,0,0,0,0,0,0,0,,,,,,,,,,POINT (-109.08087137647426 55.92291695112093)
2021A00054718819,0,0,0,0,0,0,0,0,0,0,0,0,0,0,0,0,0,0,,,,,,,,,,POINT (-108.66671955294127 56.46652106247805)
2021A00054718820,0,0,0,0,0,0,0,0,0,0,0,0,0,0,0,0,0,0,,,,,,,,,,POINT (-102.89585748832513 55.17435248398827)
2021A00054718821,0,0,0,0,0,0,0,0,0,0,0,0,0,0,0,0,0,0,,,,,,,,,,POINT (-101.85509871424634 54.291524976121714)
2021A00054718822,0,0,0,0,0,0,0,0,0,0,0,0,0,0,0,0,0,0,,,,,,,,,,POINT (-103.18532316798913 56.33775767914003)
2021A00054718823,0,0,0,0,0,0,0,0,0,0,0,0,0,0,0,0,0,0,,,,,,,,,,POINT (-105.75795032748944 59.280394760907654)
2021A00054718824,0,0,0,0,0,0,0,0,0,0,0,0,0,0,0,0,0,0,,,,,,,,,,POINT (-107.06969454015601 59.351452271009535)
2021A00054718825,0,0,0,0,0,0,0,0,0,0,0,0,0,0,0,0,0,0,,,,,,,,,,POINT (-103.75310288287668 56.118549029055835)
2021A00054718826,0,0,0,0,0,0,0,0,0,0,0,0,0,0,0,0,0,0,,,,,,,,,,POINT (-103.26378264845823 56.318804340486324)
2021A00054718827,0,0,0,0,0,0,0,0,0,0,0,0,0,0,0,0,0,0,,,,,,,,,,POINT (-102.93835839532758 55.17958314489809)
2021A00054718828,0,0,0,0,0,0,0,0,0,0,0,0,0,0,0,0,0,0,,,,,,,,,,POINT (-105.59236824962343 59.19824949124868)
2021A00054718829,0,0,0,0,0,0,0,0,0,0,0,0,0,0,0,0,0,0,,,,,,,,,,POINT (-108.71472353275259 56.05814611527538)
2021A00054718831,0,0,0,0,0,0,0,0,0,0,0,0,0,0,0,0,0,0,,,,,,,,,,POINT (-104.60261612757215 55.60758080085407)
2021A00054718832,0,0,0,0,0,1,0,0,1,0,0,0,0,0,44,0,0,44,,,,,,,,,,POINT (-102.982031405313 58.19405094640004)
2021A00054718839,0,0,0,0,0,0,0,0,0,0,0,0,0,0,0,0,0,0,,,,,,,,,,POINT (-109.45518890617181 56.542641579588796)
2021A00054718844,0,0,0,0,0,0,0,0,0,0,0,0,0,0,0,0,0,0,,,,,,,,,,POINT (-105.40741658758397 55.05733865390234)
2021A00054718849,0,0,0,0,0,0,0,0,0,0,0,0,0,0,0,0,0,0,,,,,,,,,,POINT (-105.41802694102884 55.02345426456808)
2021A00054718852,0,0,0,0,0,0,0,0,0,0,0,0,0,0,0,0,0,0,,,,,,,,,,POINT (-103.35034980509468 54.910273494541585)
2021A00054718854,0,0,0,0,0,0,0,0,0,0,0,0,0,0,0,0,0,0,,,,,,,,,,POINT (-102.02304129126136 57.08098182501949)
2021A00054718855,0,0,0,0,0,0,0,0,0,0,0,0,0,0,0,0,0,0,,,,,,,,,,POINT (-102.15346066517063 54.43638127935864)
2021A00054718860,0,0,0,0,0,0,0,0,0,0,0,0,0,0,0,0,0,0,,,,,,,,,,POINT (-108.22272391186142 54.89632446522198)
2021A00054801003,0,0,1,0,1,4,0,46,46,0,0,14,0,14,5,0,130,130,13.0,44.0,32.0,5.0,12.0,62.0,0.0,301.0,315.0,POINT (-110.49629845475911 49.88695094026185)
2021A00054801006,3,12,11,1,4,17,0,73,76,94,283,201,31,50,375,0,1081,1198,74.0,250.0,201.0,24.0,73.0,340.0,0.0,1462.0,1563.0,POINT (-110.71227068015122 50.04636817716916)
2021A00054801008,0,0,0,0,0,1,0,13,13,0,0,0,0,0,1,0,23,23,,,,,,,,,,POINT (-111.19844579346545 49.479062865655656)
2021A00054801009,0,0,0,0,0,0,0,10,10,0,0,0,0,0,0,0,37,37,,,,,,,,,,POINT (-111.44588230786023 49.47382578115781)
2021A00054801014,0,1,1,0,0,1,0,12,12,0,12,12,0,0,27,0,91,91,,,,,,,,,,POINT (-111.38108763452696 49.872181865212994)
2021A00054801018,0,4,3,0,2,2,0,12,13,0,37,43,0,29,20,0,75,89,10.0,39.0,29.0,4.0,10.0,49.0,0.0,221.0,235.0,POINT (-110.78333464223218 50.07132143928772)
2021A00054802001,0,0,0,0,0,0,0,7,7,0,0,0,0,0,0,0,12,12,,,,,,,,,,POINT (-112.13894688330348 49.257637982563566)
2021A00054802002,0,0,0,0,0,0,0,2,2,0,0,0,0,0,0,0,2,2,,,,,,,,,,POINT (-111.96308686013435 49.002186184912304)
2021A00054802004,0,0,0,0,0,0,0,8,8,0,0,0,0,0,0,0,22,22,,,,,,,,,,POINT (-112.08462874077938 49.153360573294755)
2021A00054802006,0,1,1,1,0,1,0,6,6,0,3,3,3,0,3,0,30,30,,,,,,,,,,POINT (-112.20831620906482 49.282613912851666)
2021A00054802008,0,0,0,0,0,0,0,0,0,0,0,0,0,0,0,0,0,0,,,,,,,,,,POINT (-112.65395224248753 49.46035411349547)
2021A00054802009,0,0,0,0,0,0,0,4,4,0,0,0,0,0,0,0,21,21,,,,,,,,,,POINT (-112.52788476212918 49.50199407966282)
2021A00054802011,3,4,3,0,0,2,0,66,67,37,67,45,0,0,34,0,410,443,30.0,81.0,63.0,1.0,16.0,31.0,7.0,525.0,551.0,POINT (-112.74635454884455 49.81880796864004)
2021A00054802012,6,38,28,3,10,16,0,117,124,387,1327,1091,9,129,295,0,1619,2156,380.0,1301.0,1071.0,8.0,143.0,310.0,0.0,2292.0,2820.0,POINT (-112.85200660933593 49.68680642906845)
2021A00054802013,0,0,0,0,1,0,0,6,6,0,0,0,0,7,0,0,53,53,17.0,66.0,51.0,1.0,9.0,19.0,0.0,168.0,189.0,POINT (-112.9246051861081 49.743901670095056)
2021A00054802014,0,1,0,0,0,0,0,9,9,0,3,0,0,0,0,0,27,27,0.0,4.0,0.0,0.0,4.0,0.0,0.0,45.0,45.0,POINT (-113.05328794851928 49.886293599643935)
2021A00054802016,0,0,0,0,1,0,0,3,3,0,0,0,0,3,0,0,6,6,0.0,0.0,0.0,0.0,0.0,0.0,0.0,8.0,8.0,POINT (-113.08134870396711 49.999315685508954)
2021A00054802018,2,4,3,0,1,0,0,44,44,11,46,41,0,35,0,0,538,538,8.0,19.0,14.0,0.0,5.0,5.0,0.0,101.0,106.0,POINT (-112.77990057649603 49.87656677876535)
2021A00054802019,1,3,1,0,1,2,1,29,30,142,7,7,0,74,8,142,356,363,141.0,7.0,7.0,0.0,74.0,29.0,141.0,335.0,342.0,POINT (-112.62721165397177 49.725940738149404)
2021A00054802021,0,1,1,1,0,3,0,36,36,0,14,14,14,0,77,0,193,193,,,,,,,,,,POINT (-112.01815706261881 49.92265672752599)
2021A00054802022,1,2,1,0,0,3,1,27,27,7,33,27,0,0,15,7,304,304,,,,,,,,,,POINT (-112.14402978380608 49.7993072637375)
2021A00054802023,0,0,0,0,0,0,0,14,14,0,0,0,0,0,0,0,80,80,,,,,,,,,,POINT (-112.26178737755367 49.75885583400258)
2021A00054802029,0,2,2,0,1,2,0,15,16,0,25,10,0,7,4,0,74,77,,,,,,,,,,POINT (-112.10850215217975 50.06968388793185)
2021A00054802031,1,3,0,0,0,0,0,32,32,25,30,0,0,0,0,0,129,129,,,,,,,,,,POINT (-111.88784782958906 50.656631139556865)
2021A00054802034,0,3,6,1,0,7,0,30,31,0,21,68,14,0,31,0,359,362,72.0,143.0,200.0,40.0,0.0,109.0,0.0,1084.0,1093.0,POINT (-111.89594086085695 50.565605848835816)
2021A00054802036,0,0,0,0,0,0,0,16,16,0,0,0,0,0,0,0,44,44,,,,,,,,,,POINT (-111.90609929893756 50.73205797219321)
2021A00054802038,0,0,0,0,0,0,0,6,6,0,0,0,0,0,0,0,13,13,,,,,,,,,,POINT (-112.08762763484266 50.75650314131941)
2021A00054802039,1,2,1,1,0,1,0,9,9,55,86,31,31,0,31,0,102,102,,,,,,,,,,POINT (-112.46765248440904 50.789658962261186)
2021A00054803001,0,1,1,0,0,1,0,13,14,0,3,3,0,0,3,0,30,33,,,,,,,,,,POINT (-113.18510521090269 49.18509179917535)
2021A00054803002,0,2,2,0,1,1,0,10,11,0,47,47,0,3,15,0,66,81,,,,,,,,,,POINT (-112.8669534742922 49.41484421894842)
2021A00054803003,0,0,0,0,0,0,0,1,1,0,0,0,0,0,0,0,1,1,,,,,,,,,,POINT (-113.93565107940243 49.07193162123331)
2021A00054803004,0,0,0,0,1,0,0,10,10,0,0,0,0,15,0,0,67,67,,,,,,,,,,POINT (-113.30866178393583 49.19277049732481)
2021A00054803006,0,0,0,0,0,0,0,2,2,0,0,0,0,0,0,0,7,7,,,,,,,,,,POINT (-113.51668244994907 49.36562517274037)
2021A00054803008,0,0,0,0,0,0,0,2,2,0,0,0,0,0,0,0,8,8,,,,,,,,,,POINT (-113.62186947605969 49.29510192686349)
2021A00054803011,0,1,0,0,0,0,0,6,6,0,1,0,0,0,0,0,16,16,,,,,,,,,,POINT (-114.15243156224602 49.487153596940686)
2021A00054803014,0,4,3,1,1,4,0,28,28,0,10,8,3,3,18,0,80,80,,,,,,,,,,POINT (-113.95148889090154 49.490117809514395)
2021A00054803016,0,1,1,1,1,1,0,5,5,0,3,3,3,3,3,0,13,13,,,,,,,,,,POINT (-114.070986658769 49.565825421917644)
2021A00054803018,0,1,0,0,0,2,0,28,28,0,13,0,0,0,34,0,130,130,,,,,,,,,,POINT (-113.63947370569204 49.95725377582855)
2021A00054803019,1,3,2,0,2,1,0,32,33,11,110,99,0,179,73,0,397,470,,,,,,,,,,POINT (-113.40028000222857 49.720502409637405)
2021A00054803022,0,0,0,0,0,0,0,4,4,0,0,0,0,0,0,0,7,7,,,,,,,,,,POINT (-113.57853893131889 50.027585068275116)
2021A00054803024,0,0,0,0,1,0,0,8,8,0,0,0,0,35,0,0,49,49,,,,,,,,,,POINT (-113.63775611419193 50.16256990854671)
2021A00054803026,0,1,1,0,0,1,0,10,11,0,73,73,0,0,73,0,62,135,,,,,,,,,,POINT (-113.77830432021658 50.34633295547181)
2021A00054803801,0,0,0,0,0,0,0,0,0,0,0,0,0,0,0,0,0,0,,,,,,,,,,POINT (-113.64883066620644 49.589491117974035)
2021A00054803802,0,0,0,0,0,0,0,1,1,0,0,0,0,0,0,0,6,6,,,,,,,,,,POINT (-113.13369622269028 49.48769245881296)
2021A00054803803,0,0,0,0,0,0,0,0,0,0,0,0,0,0,0,0,0,0,,,,,,,,,,POINT (-113.71215186653095 49.04706361131849)
2021A00054803805,0,0,0,0,0,0,0,0,0,0,0,0,0,0,0,0,0,0,,,,,,,,,,POINT (-113.96623706847171 49.720401184422165)
2021A00054804001,0,0,0,0,0,0,0,4,4,0,0,0,0,0,0,0,8,8,,,,,,,,,,POINT (-110.21372081451092 51.103535518503)
2021A00054804004,0,0,0,0,0,1,0,17,17,0,0,0,0,0,7,0,60,60,,,,,,,,,,POINT (-111.65626758147725 51.189316681802765)
2021A00054804006,0,0,0,0,0,0,0,1,1,0,0,0,0,0,0,0,3,3,,,,,,,,,,POINT (-110.01665087710875 50.95558757199879)
2021A00054804011,0,0,1,0,0,2,0,14,15,0,0,2,0,0,107,0,34,140,,,,,,,,,,POINT (-111.93037349419302 51.64046373735278)
2021A00054804012,0,0,0,0,0,1,0,11,11,0,0,0,0,0,2,0,22,22,,,,,,,,,,POINT (-110.88054177597641 51.28018727655356)
2021A00054804014,0,0,0,0,0,0,0,7,7,0,0,0,0,0,0,0,12,12,,,,,,,,,,POINT (-110.48333246039675 51.34565176756222)
2021A00054804019,0,0,0,0,0,0,0,5,5,0,0,0,0,0,0,0,13,13,,,,,,,,,,POINT (-111.20442068409486 51.52863550253164)
2021A00054804020,0,0,0,0,0,0,0,6,6,0,0,0,0,0,0,0,27,27,,,,,,,,,,POINT (-110.69654385871469 51.94692620638168)
2021A00054804021,0,0,1,0,0,1,0,7,7,0,0,2,0,0,1,0,24,24,,,,,,,,,,POINT (-111.11805342519037 52.00084908996216)
2021A00054804022,2,0,0,0,0,1,0,18,18,31,0,0,0,0,1,0,69,69,,,,,,,,,,POINT (-110.77831151461316 52.01099156745243)
2021A00054805001,0,0,0,0,0,0,0,6,6,0,0,0,0,0,0,0,28,28,,,,,,,,,,POINT (-112.97084338024588 50.4887591853275)
2021A00054805002,0,0,0,0,0,0,0,4,4,0,0,0,0,0,0,0,7,7,,,,,,,,,,POINT (-113.11200803132962 50.12820095892991)
2021A00054805004,0,0,0,0,0,0,0,4,4,0,0,0,0,0,0,0,9,9,,,,,,,,,,POINT (-113.14714103825833 50.23816547624116)
2021A00054805006,0,1,0,0,0,0,0,9,9,0,2,0,0,0,0,0,43,43,,,,,,,,,,POINT (-113.26950396819429 50.3987237393573)
2021A00054805008,0,0,0,0,0,0,0,6,6,0,0,0,0,0,0,0,15,15,,,,,,,,,,POINT (-112.64041163569097 50.34703219083335)
2021A00054805009,0,0,0,0,0,1,0,8,8,0,0,0,0,0,1,0,15,15,,,,,,,,,,POINT (-112.8836446439102 50.56693101483837)
2021A00054805011,0,0,0,0,0,0,0,4,4,0,0,0,0,0,0,0,8,8,,,,,,,,,,POINT (-113.15178966592833 50.7372623730892)
2021A00054805012,2,5,5,2,3,4,0,39,39,4,16,16,6,97,321,0,504,504,,,,,,,,,,POINT (-112.6362947422155 51.17746991278157)
2021A00054805018,3,5,7,1,0,3,3,33,35,26,17,53,3,0,11,26,199,220,53.0,36.0,109.0,7.0,0.0,27.0,52.0,464.0,508.0,POINT (-113.39567616429983 51.04467318415529)
2021A00054805019,0,0,0,0,0,1,0,8,8,0,0,0,0,0,3,0,16,16,,,,,,,,,,POINT (-112.67931204434188 51.040831828847395)
2021A00054805021,0,0,0,0,0,2,0,12,12,0,0,0,0,0,14,0,39,39,,,,,,,,,,POINT (-112.98433612594918 51.110645550978035)
2021A00054805022,0,0,0,0,0,1,0,6,6,0,0,0,0,0,1,0,22,22,,,,,,,,,,POINT (-113.13891782075675 51.233219722688126)
2021A00054805026,0,1,3,0,1,4,0,22,22,0,3,9,0,3,4,0,41,41,,,,,,,,,,POINT (-112.63607685856371 51.40253211372222)
2021A00054805031,0,0,0,0,0,0,0,3,3,0,0,0,0,0,0,0,5,5,,,,,,,,,,POINT (-112.50546926231536 51.69467398965614)
2021A00054805034,0,0,0,0,0,0,0,8,8,0,0,0,0,0,0,0,19,19,,,,,,,,,,POINT (-112.37000378752762 51.632353342914286)
2021A00054805036,0,0,0,0,0,0,0,1,1,0,0,0,0,0,0,0,1,1,,,,,,,,,,POINT (-112.73559074490825 51.56139205645394)
2021A00054805038,0,0,0,0,0,1,0,3,3,0,0,0,0,0,1,0,4,4,,,,,,,,,,POINT (-112.76498809654115 51.659047185711394)
2021A00054805041,0,0,1,0,0,1,0,11,11,0,0,2,0,0,1,0,20,20,,,,,,,,,,POINT (-113.2039637626613 51.642576820314716)
2021A00054805042,1,1,1,0,0,0,0,7,7,26,26,26,0,0,0,0,36,36,,,,,,,,,,POINT (-113.15192591808804 51.48497649421652)
2021A00054805044,0,2,1,0,0,0,0,11,12,0,8,3,0,0,0,0,163,166,,,,,,,,,,POINT (-113.50928661278749 51.49449184524038)
2021A00054805046,1,1,2,0,0,0,0,10,10,6,6,38,0,0,0,0,70,70,,,,,,,,,,POINT (-113.48528099845771 51.590190361160566)
2021A00054805048,0,2,1,0,1,2,0,13,13,0,3,7,0,7,2,0,30,30,,,,,,,,,,POINT (-113.26476715666473 51.699942996257775)
2021A00054805049,1,0,1,0,0,0,1,7,7,2,0,2,0,0,0,2,44,44,,,,,,,,,,POINT (-113.22890904696081 51.8280545619587)
2021A00054805802,0,0,0,0,0,0,0,1,1,0,0,0,0,0,0,0,2,2,,,,,,,,,,POINT (-113.01481836198676 50.80032019141024)
2021A00054806001,0,8,8,3,5,9,0,55,58,0,70,179,24,58,191,0,249,395,,,,,,,,,,POINT (-114.2042456979995 50.64110193527343)
2021A00054806006,2,7,3,1,2,5,1,35,36,6,52,48,31,37,52,3,260,274,6.0,97.0,180.0,43.0,75.0,212.0,3.0,377.0,504.0,POINT (-113.86673103155087 50.582478992106246)
2021A00054806008,0,0,0,0,0,0,0,2,2,0,0,0,0,0,0,0,6,6,,,,,,,,,,POINT (-114.23254409742962 50.5304962083498)
2021A00054806009,1,3,1,0,0,2,0,4,5,2,31,3,0,0,4,0,32,35,,,,,,,,,,POINT (-114.27294070098955 50.67148611541745)
2021A00054806011,0,3,2,1,0,2,0,5,6,0,6,10,3,0,10,0,9,16,,,,,,,,,,POINT (-114.2297797636011 50.68489285266997)
2021A00054806012,6,19,12,1,2,7,0,52,53,15,59,61,14,6,24,0,185,188,19.0,134.0,259.0,40.0,69.0,339.0,0.0,575.0,736.0,POINT (-113.96557975430656 50.723791846795)
2021A00054806014,12,32,30,6,7,23,2,156,164,377,233,991,35,161,292,86,1780,2184,101.0,238.0,186.0,21.0,85.0,370.0,9.0,1156.0,1230.0,POINT (-113.64646115064637 51.23266228127016)
2021A00054806016,122,435,287,41,119,343,12,1311,1382,3375,9390,6793,827,2974,7978,204,22692,25276,2927.0,7483.0,6195.0,683.0,2489.0,9830.0,227.0,23157.0,25647.0,POINT (-114.0153584635398 51.03110209489691)
2021A00054806017,1,4,3,1,0,4,0,11,12,2,8,9,3,0,8,0,21,24,40.0,157.0,239.0,80.0,0.0,265.0,0.0,454.0,540.0,POINT (-113.81891983176592 51.032293796703335)
2021A00054806019,5,16,6,2,3,11,0,35,35,114,164,95,17,477,50,0,695,695,88.0,129.0,74.0,13.0,356.0,134.0,0.0,724.0,724.0,POINT (-114.47513483429651 51.186650893102325)
2021A00054806021,7,15,9,1,4,10,0,44,47,263,135,95,7,50,33,0,422,474,397.0,229.0,672.0,24.0,133.0,303.0,54.0,2127.0,2409.0,POINT (-114.00552283608057 51.2917709614486)
2021A00054806022,0,0,0,0,0,0,0,0,0,0,0,0,0,0,0,0,0,0,0.0,0.0,0.0,0.0,0.0,0.0,0.0,0.0,0.0,POINT (-113.6030988396004 51.3232644397315)
2021A00054806024,0,0,0,0,0,0,0,0,0,0,0,0,0,0,0,0,0,0,0.0,5.0,2.0,0.0,0.0,0.0,0.0,19.0,21.0,POINT (-113.53428346679584 51.38235867785132)
2021A00054806026,1,3,7,0,2,4,0,22,26,2,40,223,0,18,182,0,83,294,1.0,14.0,74.0,0.0,6.0,60.0,0.0,36.0,105.0,POINT (-114.03550670613741 51.430000299044316)
2021A00054806028,0,0,0,0,0,1,0,9,9,0,0,0,0,0,1,0,29,29,,,,,,,,,,POINT (-114.21048802037022 51.69883996769361)
2021A00054806029,0,1,1,0,0,2,0,15,16,0,3,3,0,0,30,0,52,55,,,,,,,,,,POINT (-114.10031715745991 51.55831665876677)
2021A00054806031,0,0,0,0,1,1,0,11,11,0,0,0,0,3,1,0,54,54,,,,,,,,,,POINT (-114.47622594173241 51.54238373038483)
2021A00054806032,0,3,3,0,0,5,0,29,29,0,50,63,0,0,11,0,152,152,,,,,,,,,,POINT (-114.14181367469051 51.65535988182355)
2021A00054806034,1,7,5,2,2,7,1,38,38,3,121,149,34,9,47,79,308,308,,,,,,,,,,POINT (-114.1172926659297 51.788148760270715)
2021A00054806036,2,2,1,0,8,2,0,22,22,10,10,2,0,421,5,0,475,475,,,,,,,,,,POINT (-114.64575673369941 51.79992089652665)
2021A00054806803,0,0,0,0,0,0,0,0,0,0,0,0,0,0,0,0,0,0,,,,,,,,,,POINT (-114.43150941784921 50.435008440594366)
2021A00054806804,0,1,1,0,0,0,0,2,2,0,2,6,0,0,0,0,8,8,,,,,,,,,,POINT (-114.34862475835587 50.965270509832685)
2021A00054807001,0,0,0,0,0,0,0,7,7,0,0,0,0,0,0,0,13,13,,,,,,,,,,POINT (-110.57781054286599 52.39775627724219)
2021A00054807002,0,1,0,0,0,4,0,16,16,0,3,0,0,0,19,0,58,58,,,,,,,,,,POINT (-110.25383583722237 52.35588403344896)
2021A00054807004,0,0,0,0,0,0,0,6,6,0,0,0,0,0,0,0,29,29,,,,,,,,,,POINT (-110.82516244314937 52.4535073033579)
2021A00054807006,0,0,0,0,0,0,0,2,2,0,0,0,0,0,0,0,6,6,,,,,,,,,,POINT (-110.9687866000524 52.51006898424226)
2021A00054807008,0,0,0,0,0,0,0,4,4,0,0,0,0,0,0,0,7,7,,,,,,,,,,POINT (-111.05782357480557 52.56497498084375)
2021A00054807011,0,0,0,0,0,0,0,2,2,0,0,0,0,0,0,0,4,4,,,,,,,,,,POINT (-111.52602868899082 52.28725350570663)
2021A00054807012,0,1,1,1,0,2,0,11,11,0,3,3,3,0,4,0,29,29,,,,,,,,,,POINT (-111.44471535251043 52.09205488747317)
2021A00054807014,0,0,0,0,0,0,0,4,4,0,0,0,0,0,0,0,10,10,,,,,,,,,,POINT (-111.90836688489695 52.217880443007544)
2021A00054807016,1,2,2,0,0,0,0,5,5,24,30,30,0,0,0,0,37,37,,,,,,,,,,POINT (-112.15337771714921 52.28319734143095)
2021A00054807019,1,1,2,0,0,4,0,28,29,2,2,6,0,0,8,0,65,68,,,,,,,,,,POINT (-112.63673866852837 52.203635301620125)
2021A00054807021,0,0,0,0,0,1,0,5,5,0,0,0,0,0,1,0,6,6,,,,,,,,,,POINT (-112.75497075905551 52.032133112814826)
2021A00054807026,2,6,8,0,1,1,1,25,26,16,40,127,0,3,14,2,161,175,,,,,,,,,,POINT (-112.71146477505077 52.32107547351391)
2021A00054807027,0,0,0,0,0,0,0,1,1,0,0,0,0,0,0,0,1,1,,,,,,,,,,POINT (-112.8098767927815 52.47035400224531)
2021A00054807028,0,0,0,0,0,0,0,0,0,0,0,0,0,0,0,0,0,0,,,,,,,,,,POINT (-112.88752819969828 52.45814790239334)
2021A00054807029,0,0,0,0,0,0,0,7,7,0,0,0,0,0,0,0,26,26,,,,,,,,,,POINT (-112.57437248345128 52.584656156163085)
2021A00054807031,0,0,1,0,0,1,0,9,9,0,0,3,0,0,3,0,21,21,,,,,,,,,,POINT (-111.95044850762093 52.67347550493245)
2021A00054807032,0,0,0,0,0,1,0,10,10,0,0,0,0,0,1,0,21,21,,,,,,,,,,POINT (-111.78517282163291 52.434619906053484)
2021A00054807036,0,1,1,0,0,0,0,9,9,0,15,15,0,0,0,0,145,145,,,,,,,,,,POINT (-112.06830660455674 52.58347996171642)
2021A00054807038,0,0,0,0,0,0,0,4,4,0,0,0,0,0,0,0,12,12,,,,,,,,,,POINT (-112.2247798063592 52.671374476144116)
2021A00054807039,0,0,0,0,0,0,0,6,6,0,0,0,0,0,0,0,11,11,,,,,,,,,,POINT (-112.26243680462555 52.86741361916571)
2021A00054807042,0,1,0,0,1,0,0,9,9,0,2,0,0,3,0,0,21,21,,,,,,,,,,POINT (-111.86026470404515 52.79386227176553)
2021A00054807044,0,0,0,0,0,0,0,5,5,0,0,0,0,0,0,0,11,11,,,,,,,,,,POINT (-111.69605861144089 52.7758400346366)
2021A00054807046,0,0,0,0,0,0,0,4,4,0,0,0,0,0,0,0,6,6,,,,,,,,,,POINT (-111.53987530996231 52.747533986636036)
2021A00054807048,0,1,0,0,1,0,0,8,8,0,3,0,0,3,0,0,18,18,,,,,,,,,,POINT (-111.31585980602293 52.67080652264029)
2021A00054807049,0,0,0,0,0,0,0,1,1,0,0,0,0,0,0,0,15,15,,,,,,,,,,POINT (-110.74700311274812 52.82996326376397)
2021A00054807051,0,0,0,0,0,1,0,8,8,0,0,0,0,0,14,0,30,30,,,,,,,,,,POINT (-110.14233413461596 52.69256770471635)
2021A00054807052,0,1,0,0,0,0,0,5,5,0,1,0,0,0,0,0,11,11,,,,,,,,,,POINT (-110.45399488677295 52.75814549763168)
2021A00054807054,0,2,0,0,0,3,0,21,21,0,8,0,0,0,10,0,113,113,,,,,,,,,,POINT (-110.84730209956385 52.837920118151956)
2021A00054807056,0,0,0,0,0,1,0,10,10,0,0,0,0,0,2,0,19,19,,,,,,,,,,POINT (-111.22918087482779 52.913303873317915)
2021A00054808001,5,24,21,4,1,12,0,133,139,27,237,258,42,7,90,0,671,717,,,,,,,,,,POINT (-113.78775974475188 52.11135284075417)
2021A00054808002,0,0,0,0,0,0,0,0,0,0,0,0,0,0,0,0,0,0,,,,,,,,,,POINT (-113.20147966552214 51.99774172679784)
2021A00054808004,0,1,0,0,0,1,0,1,1,0,34,0,0,0,34,0,34,34,,,,,,,,,,POINT (-113.22855627861264 52.192824820900164)
2021A00054808005,0,0,1,0,0,0,0,1,1,0,0,15,0,0,0,0,15,15,0.0,0.0,0.0,0.0,0.0,2.0,0.0,9.0,9.0,POINT (-114.07365518804573 52.334289427394374)
2021A00054808006,0,0,0,0,0,0,0,0,0,0,0,0,0,0,0,0,0,0,,,,,,,,,,POINT (-114.02660075200004 51.9311978346344)
2021A00054808008,0,8,7,0,0,2,2,21,22,0,184,247,0,0,274,59,570,577,,,,,,,,,,POINT (-113.95474071854134 52.0285668593754)
2021A00054808009,0,0,0,0,0,0,0,1,1,0,0,0,0,0,0,0,1,1,,,,,,,,,,POINT (-113.86158153585806 52.141608929242125)
2021A00054808011,9,28,16,3,4,20,2,95,97,208,236,176,16,40,155,68,789,810,347.0,497.0,530.0,27.0,133.0,706.0,99.0,2410.0,2447.0,POINT (-113.79526003938305 52.28009661936714)
2021A00054808012,3,4,2,0,1,3,1,17,17,58,49,5,0,7,3,14,101,101,110.0,92.0,38.0,0.0,14.0,106.0,26.0,781.0,781.0,POINT (-114.08123374379113 52.31193011470465)
2021A00054808013,0,0,0,0,0,0,0,0,0,0,0,0,0,0,0,0,0,0,0.0,0.0,0.0,0.0,0.0,2.0,0.0,9.0,9.0,POINT (-114.12181966094833 52.32427487559999)
2021A00054808022,0,1,3,0,0,1,1,26,26,0,3,68,0,0,1,2,121,121,,,,,,,,,,POINT (-113.40446589924908 52.51632494100481)
2021A00054808023,0,0,0,0,0,0,0,0,0,0,0,0,0,0,0,0,0,0,,,,,,,,,,POINT (-114.1131565787722 52.36121819373143)
2021A00054808024,1,4,4,1,0,4,0,12,13,3,11,12,3,0,23,0,40,43,,,,,,,,,,POINT (-114.36875893915476 52.36171791468937)
2021A00054808025,0,0,0,0,0,0,0,0,0,0,0,0,0,0,0,0,0,0,,,,,,,,,,POINT (-114.17516904804133 52.34655393640559)
2021A00054808026,0,1,1,0,1,0,0,34,34,0,3,2,0,3,0,0,139,139,,,,,,,,,,POINT (-114.0470589725512 52.46781510193594)
2021A00054808027,0,0,0,0,0,0,0,0,0,0,0,0,0,0,0,0,0,0,,,,,,,,,,POINT (-114.19580922326782 52.38960440418569)
2021A00054808028,0,0,0,0,0,0,0,0,0,0,0,0,0,0,0,0,0,0,,,,,,,,,,POINT (-113.92890352597708 52.467298249090724)
2021A00054808029,2,4,7,1,2,2,0,21,22,26,104,182,3,50,6,0,442,445,,,,,,,,,,POINT (-113.79601366324833 52.38511996583887)
2021A00054808031,4,15,9,2,6,8,0,74,74,74,212,160,13,157,107,0,1047,1047,13.0,45.0,54.0,2.0,27.0,29.0,1.0,501.0,502.0,POINT (-113.73101989283195 52.470369127942405)
2021A00054808032,2,3,3,0,0,1,0,11,12,40,43,43,0,0,3,0,64,67,,,,,,,,,,POINT (-113.44325000659688 52.47801878206234)
2021A00054808034,0,0,0,0,0,0,0,0,0,0,0,0,0,0,0,0,0,0,,,,,,,,,,POINT (-113.18956781861698 52.395706128716576)
2021A00054808038,0,0,0,0,0,1,0,10,10,0,0,0,0,0,1,0,24,24,,,,,,,,,,POINT (-113.83964604002493 52.73528225847695)
2021A00054808039,1,10,7,1,2,7,0,42,45,3,55,170,3,10,186,0,184,339,,,,,,,,,,POINT (-113.58907978295804 52.67407883547413)
2021A00054808042,0,0,0,0,0,0,0,0,0,0,0,0,0,0,0,0,0,0,,,,,,,,,,POINT (-114.06536018524257 52.60744835317384)
2021A00054808044,1,4,3,2,0,3,0,14,14,6,20,19,13,0,28,0,53,53,,,,,,,,,,POINT (-114.23596553184703 52.63887257442351)
2021A00054808811,0,0,0,0,0,0,0,0,0,0,0,0,0,0,0,0,0,0,,,,,,,,,,POINT (-113.36620825010434 52.77609258029038)
2021A00054808812,0,0,0,0,0,0,0,0,0,0,0,0,0,0,0,0,0,0,,,,,,,,,,POINT (-113.43350815180602 52.75608959985165)
2021A00054808813,0,0,0,0,0,0,0,0,0,0,0,0,0,0,0,0,0,0,,,,,,,,,,POINT (-113.44121911282893 52.736397028780615)
2021A00054809002,0,0,0,0,0,0,0,17,17,0,0,0,0,0,0,0,45,45,,,,,,,,,,POINT (-115.57619220114496 52.2859915489477)
2021A00054809005,0,0,0,0,0,0,0,0,0,0,0,0,0,0,0,0,0,0,,,,,,,,,,POINT (-114.89210658176297 51.98951534278528)
2021A00054809010,0,0,0,0,0,1,0,3,3,0,0,0,0,0,7,0,23,23,,,,,,,,,,POINT (-114.73528573506465 52.09736560893506)
2021A00054809015,1,5,5,2,7,8,0,32,32,3,32,25,6,28,100,0,301,301,,,,,,,,,,POINT (-114.92123857408355 52.380824009307375)
2021A00054809806,0,0,0,0,0,0,0,0,0,0,0,0,0,0,0,0,0,0,,,,,,,,,,POINT (-115.31947167686755 52.80199459537666)
2021A00054809809,0,0,0,0,0,0,0,0,0,0,0,0,0,0,0,0,0,0,,,,,,,,,,POINT (-115.32807088859472 52.67955381090619)
2021A00054809810,0,0,0,0,0,0,0,0,0,0,0,0,0,0,0,0,0,0,,,,,,,,,,POINT (-116.25624929774182 52.375541384068946)
2021A00054810001,1,2,1,0,0,1,0,42,42,3,5,3,0,0,1,0,102,102,,,,,,,,,,POINT (-112.72620411187046 52.932140607980564)
2021A00054810002,0,0,0,0,0,0,0,7,7,0,0,0,0,0,0,0,23,23,,,,,,,,,,POINT (-112.96809009129937 52.587048158856526)
2021A00054810003,0,1,0,0,0,0,0,5,5,0,1,0,0,0,0,0,6,6,,,,,,,,,,POINT (-112.44159679287525 52.787539173729)
2021A00054810006,1,0,1,0,0,0,1,7,7,2,0,2,0,0,0,2,15,15,,,,,,,,,,POINT (-112.78741978357996 52.78664104787558)
2021A00054810009,0,0,0,0,0,0,0,0,0,0,0,0,0,0,0,0,0,0,,,,,,,,,,POINT (-112.46557229009144 52.91924201466226)
2021A00054810011,1,5,5,1,1,9,0,33,34,3,164,193,14,3,58,0,291,294,6.0,214.0,238.0,13.0,3.0,144.0,0.0,412.0,479.0,POINT (-112.82833032766507 53.003500565224726)
2021A00054810012,0,1,1,0,0,1,0,2,3,0,73,73,0,0,73,0,7,80,,,,,,,,,,POINT (-113.03970301719943 53.0035030839704)
2021A00054810014,0,1,0,0,0,0,0,3,3,0,2,0,0,0,0,0,10,10,,,,,,,,,,POINT (-113.05469356343315 53.19579121556535)
2021A00054810016,0,0,1,0,0,1,0,9,10,0,0,7,0,0,7,0,12,19,,,,,,,,,,POINT (-112.13567655333969 53.23733003330182)
2021A00054810018,0,0,0,0,0,0,0,0,0,0,0,0,0,0,0,0,0,0,,,,,,,,,,POINT (-112.66985507159924 53.37210215584743)
2021A00054810019,0,1,1,0,0,1,0,6,7,0,12,12,0,0,11,0,19,30,,,,,,,,,,POINT (-112.42254981006664 53.29690733777982)
2021A00054810021,0,0,0,0,0,0,0,5,5,0,0,0,0,0,0,0,10,10,,,,,,,,,,POINT (-112.23185566211339 53.23074237757087)
2021A00054810022,0,0,2,0,0,3,0,11,12,0,0,6,0,0,8,0,19,22,,,,,,,,,,POINT (-111.74795468438275 53.10066926454127)
2021A00054810026,0,0,0,0,0,0,0,4,4,0,0,0,0,0,0,0,7,7,,,,,,,,,,POINT (-111.28272059301429 53.43105077758302)
2021A00054810028,0,0,1,0,0,2,0,17,17,0,0,32,0,0,2,0,60,60,,,,,,,,,,POINT (-112.05503771908634 53.50078882324635)
2021A00054810031,0,1,1,1,0,2,0,6,6,0,31,31,31,0,32,0,40,40,,,,,,,,,,POINT (-111.52741947214902 53.37784844979669)
2021A00054810034,0,0,0,0,0,0,0,5,5,0,0,0,0,0,0,0,11,11,,,,,,,,,,POINT (-111.17788327517793 53.33611687147434)
2021A00054810036,1,2,3,1,0,3,0,32,33,2,5,38,3,0,37,0,62,95,,,,,,,,,,POINT (-110.51841697543419 53.296032860703924)
2021A00054810038,0,0,0,0,0,0,0,7,7,0,0,0,0,0,0,0,17,17,,,,,,,,,,POINT (-110.29716426073074 53.03049832753365)
2021A00054810039,4,15,9,2,0,13,0,41,44,63,215,106,6,0,132,0,392,409,31.0,108.0,67.0,3.0,0.0,316.0,0.0,578.0,587.0,POINT (-110.0357176054321 53.27698028201935)
2021A00054810041,0,0,0,0,0,1,0,7,7,0,0,0,0,0,3,0,17,17,,,,,,,,,,POINT (-110.33139988705192 53.339080624250975)
2021A00054810042,1,3,2,0,1,2,0,19,19,6,65,63,0,3,3,0,113,113,,,,,,,,,,POINT (-110.84641824341873 53.35382846269106)
2021A00054810044,0,0,1,0,0,1,0,5,5,0,0,3,0,0,1,0,9,9,,,,,,,,,,POINT (-110.33132574276493 53.51598102145462)
2021A00054810048,0,1,1,1,1,1,0,15,15,0,3,3,3,3,3,0,42,42,,,,,,,,,,POINT (-111.5745098946992 53.750147919638984)
2021A00054810051,0,1,1,0,0,0,0,4,4,0,2,2,0,0,0,0,6,6,,,,,,,,,,POINT (-111.22455055723667 53.661909532247876)
2021A00054810052,3,3,3,1,0,2,2,11,11,75,73,41,7,0,8,23,108,108,,,,,,,,,,POINT (-111.74230381179406 53.71206355192613)
2021A00054810058,0,0,0,0,0,0,0,7,7,0,0,0,0,0,0,0,44,44,,,,,,,,,,POINT (-112.50661056118342 53.74894288728988)
2021A00054810059,0,0,0,0,0,0,0,4,4,0,0,0,0,0,0,0,7,7,,,,,,,,,,POINT (-112.33558764615782 53.879827485402544)
2021A00054810061,0,0,0,0,0,0,0,5,5,0,0,0,0,0,0,0,23,23,,,,,,,,,,POINT (-112.34692564166983 53.58901610393797)
2021A00054810062,0,0,0,0,0,0,0,1,1,0,0,0,0,0,0,0,2,2,,,,,,,,,,POINT (-112.63787334918425 53.68824067778223)
2021A00054810064,0,0,0,0,1,0,0,4,4,0,0,0,0,3,0,0,7,7,,,,,,,,,,POINT (-112.7709966854263 53.75260282617799)
2021A00054810066,0,0,0,0,0,0,0,7,7,0,0,0,0,0,0,0,164,164,0.0,0.0,0.0,0.0,1.0,0.0,0.0,122.0,122.0,POINT (-112.93255254263752 53.7979541169949)
2021A00054810068,0,3,3,1,0,1,0,12,12,0,9,9,3,0,3,0,29,29,,,,,,,,,,POINT (-112.87773952339475 53.60714347782862)
2021A00054810805,0,0,0,0,0,0,0,0,0,0,0,0,0,0,0,0,0,0,,,,,,,,,,POINT (-110.03697599740627 53.67729986924639)
2021A00054811001,0,2,0,0,1,2,0,31,31,0,7,0,0,14,2,0,139,139,,,,,,,,,,POINT (-113.63189613976053 53.00322535574471)
2021A00054811002,8,9,9,1,2,7,1,30,33,210,212,270,3,6,136,9,293,411,116.0,123.0,156.0,2.0,10.0,129.0,5.0,242.0,309.0,POINT (-113.37827331873781 52.97143888387028)
2021A00054811003,0,0,0,0,0,0,0,0,0,0,0,0,0,0,0,0,0,0,,,,,,,,,,POINT (-114.02776653744817 53.0525051897537)
2021A00054811004,0,0,0,0,0,0,0,0,0,0,0,0,0,0,0,0,0,0,,,,,,,,,,POINT (-114.05905221121508 52.992802360358176)
2021A00054811005,0,0,0,0,0,0,0,0,0,0,0,0,0,0,0,0,0,0,,,,,,,,,,POINT (-114.10812202254748 53.00797647661896)
2021A00054811006,0,0,0,0,0,0,0,0,0,0,0,0,0,0,0,0,0,0,,,,,,,,,,POINT (-114.03968154355657 52.97685292301092)
2021A00054811007,0,0,0,0,0,0,0,0,0,0,0,0,0,0,0,0,0,0,,,,,,,,,,POINT (-114.02134866616746 52.967765882118854)
2021A00054811008,0,0,0,0,0,0,0,0,0,0,0,0,0,0,0,0,0,0,,,,,,,,,,POINT (-113.96135578915089 52.975005030169896)
2021A00054811009,0,0,0,0,0,0,0,0,0,0,0,0,0,0,0,0,0,0,,,,,,,,,,POINT (-113.98999478329523 53.037563225374456)
2021A00054811011,1,3,4,0,2,3,0,26,27,2,8,11,0,10,13,0,90,93,,,,,,,,,,POINT (-113.47103259719516 53.091765390341635)
2021A00054811012,9,31,48,12,5,32,3,93,106,177,682,1175,241,77,785,40,1521,1908,56.0,139.0,138.0,14.0,36.0,140.0,12.0,800.0,894.0,POINT (-114.22125830111169 53.175035985735285)
2021A00054811013,1,4,6,2,0,4,1,11,12,2,19,36,14,0,32,2,49,52,98.0,137.0,225.0,42.0,60.0,252.0,16.0,483.0,569.0,POINT (-113.42760416659358 53.355478161258716)
2021A00054811016,11,25,24,3,5,18,1,64,71,236,324,549,99,155,391,34,886,1110,197.0,279.0,477.0,91.0,127.0,557.0,30.0,1001.0,1186.0,POINT (-113.54947848560327 53.26585937862924)
2021A00054811018,0,2,2,1,0,3,0,4,5,0,37,37,3,0,38,0,36,70,16.0,49.0,74.0,15.0,7.0,71.0,4.0,225.0,248.0,POINT (-113.73116582196377 53.35233746643246)
2021A00054811019,1,0,0,0,0,1,0,14,14,2,0,0,0,0,2,0,47,47,10.0,29.0,41.0,8.0,5.0,38.0,3.0,123.0,135.0,POINT (-113.80540813101726 53.264740975866275)
2021A00054811020,1,1,1,0,0,0,0,3,3,28,28,28,0,0,0,0,32,32,,,,,,,,,,POINT (-114.10572627430508 53.080491353427156)
2021A00054811021,0,0,2,0,0,3,0,7,8,0,0,38,0,0,40,0,60,63,8.0,23.0,29.0,5.0,5.0,23.0,2.0,73.0,81.0,POINT (-114.05074595526717 53.22562076772275)
2021A00054811022,0,0,0,0,0,0,0,0,0,0,0,0,0,0,0,0,0,0,,,,,,,,,,POINT (-114.0781836937668 53.070635696464514)
2021A00054811023,0,0,0,0,0,0,0,0,0,0,0,0,0,0,0,0,0,0,0.0,0.0,0.0,0.0,0.0,1.0,0.0,14.0,14.0,POINT (-114.05677537607784 53.055717181711806)
2021A00054811024,0,0,0,0,0,3,0,9,10,0,0,0,0,0,109,0,269,375,0.0,0.0,0.0,0.0,2.0,15.0,0.0,34.0,40.0,POINT (-114.31815699618748 53.18449986380306)
2021A00054811026,0,0,0,0,1,1,0,8,8,0,0,0,0,3,12,0,25,25,,,,,,,,,,POINT (-114.4709443535519 53.112851055483375)
2021A00054811031,2,6,5,2,4,10,0,21,22,6,139,20,10,666,191,0,887,890,,,,,,,,,,POINT (-114.9814925153509 53.211806298321015)
2021A00054811032,0,1,1,0,1,2,0,10,10,0,2,2,0,14,2,0,34,34,,,,,,,,,,POINT (-115.31177954400911 53.12039013056954)
2021A00054811034,5,21,15,3,11,12,2,94,98,116,211,608,30,604,225,43,1259,1420,86.0,230.0,248.0,25.0,63.0,191.0,20.0,1214.0,1316.0,POINT (-114.77669714646284 53.427919597545134)
2021A00054811038,0,0,0,0,0,0,0,1,1,0,0,0,0,0,0,0,14,14,0.0,0.0,0.0,0.0,0.0,0.0,0.0,0.0,0.0,POINT (-114.73519949205803 53.560432010375806)
2021A00054811039,0,0,0,0,0,0,0,0,0,0,0,0,0,0,0,0,0,0,,,,,,,,,,POINT (-114.68333540261469 53.54218204640548)
2021A00054811041,0,0,0,0,0,0,0,0,0,0,0,0,0,0,0,0,0,0,,,,,,,,,,POINT (-114.48984032818994 53.5513475014757)
2021A00054811042,0,0,0,0,0,0,0,0,0,0,0,0,0,0,0,0,0,0,,,,,,,,,,POINT (-114.45870132153235 53.559807648096005)
2021A00054811044,0,0,0,0,0,0,0,0,0,0,0,0,0,0,0,0,0,0,,,,,,,,,,POINT (-114.44525989769205 53.54661220876398)
2021A00054811046,0,0,0,0,0,0,0,0,0,0,0,0,0,0,0,0,0,0,3.0,8.0,8.0,0.0,0.0,10.0,3.0,36.0,36.0,POINT (-114.13728296716913 53.518941229990865)
2021A00054811048,3,5,3,0,0,4,2,19,19,8,25,26,0,0,7,7,91,91,30.0,112.0,116.0,70.0,39.0,117.0,5.0,534.0,543.0,POINT (-113.9989947562544 53.52884464171995)
2021A00054811049,3,15,13,5,6,10,0,40,42,49,199,210,147,78,169,0,441,458,73.0,294.0,314.0,195.0,105.0,286.0,10.0,1139.0,1162.0,POINT (-113.89766322177047 53.54966803309492)
2021A00054811052,13,40,40,8,7,32,4,147,159,164,877,610,96,234,924,38,1750,2094,290.0,852.0,898.0,86.0,155.0,830.0,72.0,2838.0,3191.0,POINT (-113.172783703063 53.57341086269815)
2021A00054811056,1,10,3,0,1,14,0,35,35,110,248,15,0,7,950,0,1231,1231,75.0,323.0,16.0,5.0,5.0,898.0,0.0,1159.0,1159.0,POINT (-113.17861615991204 53.71732773887249)
2021A00054811059,4,10,8,2,3,12,1,53,56,65,153,53,10,18,153,34,349,381,69.0,186.0,174.0,16.0,45.0,170.0,16.0,735.0,802.0,POINT (-113.23290571230282 53.89554105667865)
2021A00054811061,109,375,274,46,87,191,15,870,952,2406,6841,7622,575,1232,4306,639,13831,16779,2179.0,6464.0,7263.0,684.0,1550.0,6222.0,570.0,17868.0,20730.0,POINT (-113.54151607111072 53.50859156637661)
2021A00054811062,4,15,5,1,2,3,1,36,37,16,70,32,3,6,72,3,227,234,44.0,193.0,94.0,8.0,16.0,157.0,9.0,543.0,564.0,POINT (-113.64345340985194 53.641012683018324)
2021A00054811064,0,5,2,2,0,5,0,9,9,0,230,6,6,0,241,0,247,247,12.0,38.0,9.0,1.0,3.0,73.0,2.0,140.0,142.0,POINT (-113.32880650826786 53.821137404601345)
2021A00054811065,0,1,0,0,1,3,0,9,9,0,4,0,0,3,485,0,569,569,0.0,1.0,0.0,0.0,1.0,54.0,0.0,142.0,142.0,POINT (-113.12426553624714 53.95344589749779)
2021A00054811066,0,0,0,0,0,0,0,8,8,0,0,0,0,0,0,0,33,33,6.0,32.0,11.0,3.0,2.0,30.0,2.0,57.0,61.0,POINT (-113.41543070029 53.840814535538335)
2021A00054811068,0,5,4,1,0,4,0,9,11,0,40,51,31,0,50,0,63,80,26.0,78.0,43.0,15.0,8.0,84.0,13.0,306.0,326.0,POINT (-113.6399658150595 53.79557111062155)
2021A00054811069,0,1,1,0,0,0,0,5,5,0,3,3,0,0,0,0,24,24,6.0,14.0,7.0,1.0,2.0,12.0,2.0,57.0,59.0,POINT (-113.58918267288091 53.949332567177066)
2021A00054811801,0,0,0,0,0,1,0,12,12,0,0,0,0,0,4,0,39,39,,,,,,,,,,POINT (-113.50389314985293 52.86256410391699)
2021A00054811802,0,0,0,0,0,0,0,0,0,0,0,0,0,0,0,0,0,0,,,,,,,,,,POINT (-113.93875373642017 52.99106027171519)
2021A00054811803,0,0,0,0,0,0,0,0,0,0,0,0,0,0,0,0,0,0,,,,,,,,,,POINT (-113.57671296504017 52.894583002096994)
2021A00054811804,0,0,0,0,0,0,0,0,0,0,0,0,0,0,0,0,0,0,4.0,19.0,15.0,6.0,5.0,12.0,0.0,51.0,54.0,POINT (-113.75032775261145 53.48019131972914)
2021A00054811805,0,0,0,0,0,0,0,5,5,0,0,0,0,0,0,0,11,11,0.0,0.0,0.0,0.0,0.0,0.0,0.0,6.0,6.0,POINT (-113.96112944874477 53.8111070291243)
2021A00054811806,0,0,0,0,0,0,0,1,1,0,0,0,0,0,0,0,2,2,5.0,16.0,12.0,1.0,8.0,5.0,2.0,50.0,52.0,POINT (-114.42636259488948 53.50592717270698)
2021A00054811807,0,0,0,0,0,0,0,0,0,0,0,0,0,0,0,0,0,0,,,,,,,,,,POINT (-114.43365519638388 53.548851249638155)
2021A00054812002,0,2,4,1,1,4,0,11,11,0,5,10,3,3,19,0,30,30,,,,,,,,,,POINT (-110.1891491864019 54.4436026465155)
2021A00054812004,0,0,0,0,1,1,0,15,15,0,0,0,0,3,1,0,30,30,,,,,,,,,,POINT (-110.79902211960744 54.29521585262542)
2021A00054812009,0,1,0,0,2,3,0,15,15,0,3,0,0,14,84,0,149,149,,,,,,,,,,POINT (-110.74271689915832 54.26485160499751)
2021A00054812011,0,0,0,0,0,0,0,0,0,0,0,0,0,0,0,0,0,0,,,,,,,,,,POINT (-110.86701698213258 54.2285785330402)
2021A00054812012,0,0,0,0,0,0,0,4,4,0,0,0,0,0,0,0,6,6,,,,,,,,,,POINT (-111.15908746910446 54.25293961068617)
2021A00054812013,0,0,0,0,0,0,0,0,0,0,0,0,0,0,0,0,0,0,,,,,,,,,,POINT (-110.89408537861239 54.2611275355232)
2021A00054812014,1,1,2,0,0,2,0,27,28,5,5,38,0,0,34,0,61,94,,,,,,,,,,POINT (-111.36382644683314 54.01778454339344)
2021A00054812016,0,1,2,0,0,2,0,10,12,0,7,40,0,0,40,0,19,59,,,,,,,,,,POINT (-110.90197665903749 53.90287452509137)
2021A00054812018,0,6,3,1,0,2,0,18,18,0,16,12,7,0,8,0,43,43,,,,,,,,,,POINT (-111.29085601414025 53.99147996403296)
2021A00054812020,0,0,0,0,0,0,0,0,0,0,0,0,0,0,0,0,0,0,,,,,,,,,,POINT (-111.37324801244286 54.120962644971826)
2021A00054812022,0,0,0,0,0,0,0,8,8,0,0,0,0,0,0,0,13,13,,,,,,,,,,POINT (-112.34687794923938 54.2143891759697)
2021A00054812024,0,0,0,0,0,0,0,2,2,0,0,0,0,0,0,0,16,16,,,,,,,,,,POINT (-111.92009088308984 54.11663551122682)
2021A00054812026,0,0,0,0,1,0,0,5,5,0,0,0,0,7,0,0,15,15,,,,,,,,,,POINT (-112.78258691827102 54.09489266791091)
2021A00054812029,1,1,2,0,2,1,0,12,12,3,3,10,0,10,1,0,31,31,,,,,,,,,,POINT (-112.46214155574414 54.11030481016091)
2021A00054812037,0,0,1,0,3,2,0,17,18,0,0,14,0,98,16,0,131,145,,,,,,,,,,POINT (-111.31534427194858 55.33160623448755)
2021A00054812038,0,0,0,0,0,0,0,0,0,0,0,0,0,0,0,0,0,0,,,,,,,,,,POINT (-110.65403053954948 55.06247358773168)
2021A00054812802,0,0,0,0,0,0,0,0,0,0,0,0,0,0,0,0,0,0,,,,,,,,,,POINT (-110.39841862409304 53.86671791466108)
2021A00054812804,0,0,0,0,0,0,0,0,0,0,0,0,0,0,0,0,0,0,,,,,,,,,,POINT (-110.44862390747953 53.95817883450142)
2021A00054812806,0,0,0,0,0,0,0,0,0,0,0,0,0,0,0,0,0,0,,,,,,,,,,POINT (-111.73760541931578 53.97450378294078)
2021A00054812808,0,0,0,0,0,0,0,0,0,0,0,0,0,0,0,0,0,0,,,,,,,,,,POINT (-111.8094142572529 54.320402760351435)
2021A00054812810,0,0,0,0,0,0,0,0,0,0,0,0,0,0,0,0,0,0,,,,,,,,,,POINT (-110.29224040728415 54.30287174180732)
2021A00054812811,0,0,0,0,0,0,0,0,0,0,0,0,0,0,0,0,0,0,,,,,,,,,,POINT (-110.83735659419678 54.107974992978484)
2021A00054812813,0,0,0,0,0,0,0,0,0,0,0,0,0,0,0,0,0,0,,,,,,,,,,POINT (-110.15977873558636 54.45901073008914)
2021A00054812815,0,0,0,0,0,0,0,0,0,0,0,0,0,0,0,0,0,0,,,,,,,,,,POINT (-110.2552425274885 54.5140955618198)
2021A00054812828,0,0,0,0,0,0,0,0,0,0,0,0,0,0,0,0,0,0,,,,,,,,,,POINT (-111.87078529983685 54.667464719957934)
2021A00054812840,0,0,0,0,0,0,0,0,0,0,0,0,0,0,0,0,0,0,,,,,,,,,,POINT (-111.54766088593328 55.026456129824965)
2021A00054813001,1,1,1,0,0,1,1,14,14,2,2,2,0,0,1,2,27,27,,,,,,,,,,POINT (-114.70381157388218 53.866360233772895)
2021A00054813002,0,0,0,0,0,1,0,10,10,0,0,0,0,0,1,0,20,20,,,,,,,,,,POINT (-115.13311745179202 53.94891463398329)
2021A00054813003,0,0,0,0,0,0,0,0,0,0,0,0,0,0,0,0,0,0,,,,,,,,,,POINT (-114.21384448876475 53.88049044882438)
2021A00054813005,0,0,0,0,0,0,0,0,0,0,0,0,0,0,0,0,0,0,,,,,,,,,,POINT (-114.38354793156233 53.670974073490015)
2021A00054813006,0,0,0,0,0,0,0,0,0,0,0,0,0,0,0,0,0,0,,,,,,,,,,POINT (-114.4964593627832 53.69944673964197)
2021A00054813007,0,0,0,0,0,1,0,3,3,0,0,0,0,0,1,0,5,5,,,,,,,,,,POINT (-114.37967624138786 53.73358160677961)
2021A00054813008,0,0,0,0,0,0,0,0,0,0,0,0,0,0,0,0,0,0,,,,,,,,,,POINT (-114.40656919343664 53.73521213576882)
2021A00054813009,0,0,0,0,0,0,0,0,0,0,0,0,0,0,0,0,0,0,,,,,,,,,,POINT (-114.3420635672123 53.70890187273137)
2021A00054813010,0,0,0,0,0,0,0,0,0,0,0,0,0,0,0,0,0,0,,,,,,,,,,POINT (-114.66617218356161 53.633742528296864)
2021A00054813011,0,0,0,0,0,0,0,0,0,0,0,0,0,0,0,0,0,0,,,,,,,,,,POINT (-114.34180510679816 53.69173020697251)
2021A00054813012,0,0,0,0,0,0,0,0,0,0,0,0,0,0,0,0,0,0,,,,,,,,,,POINT (-114.34099111387508 53.67751825026063)
2021A00054813013,0,0,0,0,0,0,0,0,0,0,0,0,0,0,0,0,0,0,,,,,,,,,,POINT (-114.36934649843363 53.95546841902602)
2021A00054813014,1,3,3,0,1,1,0,10,10,3,8,80,0,3,74,0,103,103,,,,,,,,,,POINT (-114.18587135934398 53.707782908538476)
2021A00054813015,0,0,0,0,0,0,0,0,0,0,0,0,0,0,0,0,0,0,,,,,,,,,,POINT (-114.65990460237332 53.6521188949078)
2021A00054813016,0,0,0,0,0,0,0,0,0,0,0,0,0,0,0,0,0,0,,,,,,,,,,POINT (-114.03494054235739 53.80765789986774)
2021A00054813017,0,0,0,0,0,0,0,0,0,0,0,0,0,0,0,0,0,0,,,,,,,,,,POINT (-114.04672421888141 53.78987590576032)
2021A00054813018,0,0,0,0,2,0,0,30,30,0,0,0,0,9,0,0,89,89,,,,,,,,,,POINT (-114.61800682675425 54.08941575068317)
2021A00054813019,0,2,3,0,2,5,0,30,31,0,42,23,0,6,20,0,166,180,,,,,,,,,,POINT (-114.40767608931294 54.123554086335176)
2021A00054813028,0,0,0,0,1,1,0,30,30,0,0,0,0,3,1,0,71,71,,,,,,,,,,POINT (-113.90065831934338 54.28774621836534)
2021A00054813029,0,0,1,0,1,1,0,6,7,0,0,33,0,325,33,0,455,488,,,,,,,,,,POINT (-115.05657296933533 54.359656267233895)
2021A00054813030,0,1,2,0,6,7,1,24,24,0,2,4,0,352,29,2,740,740,,,,,,,,,,POINT (-115.65098177127567 54.13968380448257)
2021A00054813031,0,3,4,1,1,3,0,14,16,0,102,134,14,15,102,0,105,193,,,,,,,,,,POINT (-113.8441514374605 54.155862947227476)
2021A00054813032,0,0,0,0,0,0,0,8,8,0,0,0,0,0,0,0,36,36,,,,,,,,,,POINT (-113.63252203712494 54.14840878548085)
2021A00054813033,0,0,0,0,0,0,0,0,0,0,0,0,0,0,0,0,0,0,,,,,,,,,,POINT (-113.76531479264915 54.43788687909149)
2021A00054813036,1,3,2,0,0,1,0,6,6,5,11,8,0,0,3,0,17,17,,,,,,,,,,POINT (-113.06973638520383 54.19729281109016)
2021A00054813044,0,0,0,0,1,1,0,19,19,0,0,0,0,3,6,0,59,59,,,,,,,,,,POINT (-113.07176718883956 54.87953639694936)
2021A00054813045,0,0,0,0,0,0,0,0,0,0,0,0,0,0,0,0,0,0,,,,,,,,,,POINT (-112.73825895684533 54.60890907099521)
2021A00054813046,0,1,1,1,0,2,0,4,4,0,14,14,14,0,15,0,323,323,,,,,,,,,,POINT (-112.80860349636548 54.58704544371015)
2021A00054813047,0,0,0,0,0,0,0,1,1,0,0,0,0,0,0,0,2,2,,,,,,,,,,POINT (-113.53642868352216 54.74446641013934)
2021A00054813048,1,2,2,0,0,4,0,12,13,2,4,35,0,0,48,0,44,77,,,,,,,,,,POINT (-113.27726316609092 54.71804917126357)
2021A00054813049,0,0,0,0,0,0,0,1,1,0,0,0,0,0,0,0,3,3,,,,,,,,,,POINT (-113.5565610074239 54.843345005057)
2021A00054813051,0,0,0,0,0,0,0,0,0,0,0,0,0,0,0,0,0,0,,,,,,,,,,POINT (-113.53537806712171 54.825500254929665)
2021A00054813053,0,0,0,0,0,0,0,0,0,0,0,0,0,0,0,0,0,0,,,,,,,,,,POINT (-112.70130635350718 54.60306184245032)
2021A00054813055,0,0,0,0,0,0,0,0,0,0,0,0,0,0,0,0,0,0,,,,,,,,,,POINT (-113.57056356642089 54.72526339766518)
2021A00054813057,0,0,0,0,0,0,0,0,0,0,0,0,0,0,0,0,0,0,,,,,,,,,,POINT (-113.56604250183466 54.75818654280101)
2021A00054813061,0,0,0,0,0,0,0,0,0,0,0,0,0,0,0,0,0,0,,,,,,,,,,POINT (-113.54917250846044 54.75970032211537)
2021A00054813811,0,0,0,0,0,0,0,0,0,0,0,0,0,0,0,0,0,0,,,,,,,,,,POINT (-114.51262917036343 53.74916301215951)
2021A00054813829,0,0,0,0,0,0,0,0,0,0,0,0,0,0,0,0,0,0,,,,,,,,,,POINT (-114.8124190373786 54.342105866048676)
2021A00054813830,0,0,0,0,0,0,0,0,0,0,0,0,0,0,0,0,0,0,,,,,,,,,,POINT (-115.81474121990031 54.22069557669058)
2021A00054814003,0,2,1,1,9,10,0,50,50,0,4,3,3,121,15,0,218,218,,,,,,,,,,POINT (-116.54242562096346 53.507060792548884)
2021A00054814019,1,4,3,0,3,7,1,17,17,3,10,8,0,334,9,2,551,551,,,,,,,,,,POINT (-117.58444062473474 53.390725567806314)
2021A00054814024,0,2,0,0,4,8,0,17,18,0,5,0,0,159,161,0,452,455,,,,,,,,,,POINT (-116.45053955089752 53.589232449453114)
2021A00054814028,0,0,0,0,0,0,0,0,0,0,0,0,0,0,0,0,0,0,,,,,,,,,,POINT (-119.3186917496081 53.630670434426555)
2021A00054815007,0,0,1,0,1,0,0,9,9,0,0,7,0,3,0,0,29,29,,,,,,,,,,POINT (-114.51492155534885 49.58976423740735)
2021A00054815013,0,0,0,0,0,0,0,0,0,0,0,0,0,0,0,0,0,0,,,,,,,,,,POINT (-114.88474744117255 50.66948904105186)
2021A00054815015,2,1,1,0,0,1,0,10,10,5,3,3,0,0,115,0,378,378,,,,,,,,,,POINT (-115.06300261079686 51.39629241531533)
2021A00054815023,2,10,2,0,2,0,0,25,25,4,36,16,0,29,0,0,177,177,6.0,42.0,21.0,0.0,38.0,0.0,0.0,225.0,225.0,POINT (-115.35106688553843 51.06323998283198)
2021A00054815027,0,0,0,0,0,0,0,0,0,0,0,0,0,0,0,0,0,0,,,,,,,,,,POINT (-114.7604946751515 51.205621879230776)
2021A00054815030,0,0,0,0,0,0,0,0,0,0,0,0,0,0,0,0,0,0,,,,,,,,,,POINT (-114.84237378116624 51.28397729295212)
2021A00054815032,0,0,0,0,0,0,0,0,0,0,0,0,0,0,0,0,0,0,,,,,,,,,,POINT (-115.98194014468318 51.56218251513283)
2021A00054815033,0,0,0,0,0,1,0,2,2,0,0,0,0,0,1,0,3,3,,,,,,,,,,POINT (-118.0846137331688 52.897682071029735)
2021A00054815035,0,2,1,1,0,1,0,5,5,0,4,3,3,0,3,0,27,27,,,,,,,,,,POINT (-115.57360303254522 51.17314078368975)
2021A00054815037,0,0,0,0,0,0,0,0,0,0,0,0,0,0,0,0,0,0,,,,,,,,,,POINT (-117.6832605821372 52.99130285961812)
2021A00054815045,0,0,0,0,0,0,0,1,1,0,0,0,0,0,0,0,7,7,,,,,,,,,,POINT (-114.34014054898212 49.964759039143914)
2021A00054815802,0,0,0,0,0,0,0,1,1,0,0,0,0,0,0,0,2,2,,,,,,,,,,POINT (-114.85485575368375 51.162586290913936)
2021A00054815815,0,0,0,0,0,0,0,0,0,0,0,0,0,0,0,0,0,0,,,,,,,,,,POINT (-114.75458732252825 51.326696310536825)
2021A00054816037,2,7,4,1,1,9,1,30,32,23,90,171,14,70,212,2,392,547,21.0,89.0,189.0,20.0,382.0,378.0,6.0,3594.0,3750.0,POINT (-111.70846198492785 57.68657653133415)
2021A00054816051,0,0,0,0,0,0,0,0,0,0,0,0,0,0,0,0,0,0,,,,,,,,,,POINT (-112.74058643155043 59.18106690212731)
2021A00054816810,0,0,0,0,0,0,0,0,0,0,0,0,0,0,0,0,0,0,0.0,0.0,0.0,0.0,0.0,0.0,0.0,0.0,0.0,POINT (-111.61212654687745 57.16328973505493)
2021A00054816817,0,0,1,0,0,0,1,1,1,0,0,4,0,0,0,4,4,4,0.0,0.0,0.0,0.0,0.0,0.0,0.0,0.0,0.0,POINT (-110.72821695760113 55.936933779431506)
2021A00054816821,0,0,0,0,0,0,0,0,0,0,0,0,0,0,0,0,0,0,0.0,0.0,0.0,0.0,0.0,0.0,0.0,0.0,0.0,POINT (-111.1503907573635 56.410753522003034)
2021A00054816822,0,0,0,0,0,0,0,0,0,0,0,0,0,0,0,0,0,0,0.0,0.0,0.0,0.0,0.0,0.0,0.0,0.0,0.0,POINT (-111.18168682741259 56.445297571371434)
2021A00054816849,0,0,0,0,0,0,0,0,0,0,0,0,0,0,0,0,0,0,,,,,,,,,,POINT (-111.49813886731197 58.4138955276091)
2021A00054816850,0,0,0,0,0,0,0,0,0,0,0,0,0,0,0,0,0,0,0.0,0.0,0.0,0.0,0.0,0.0,0.0,0.0,0.0,POINT (-111.03782207231062 58.77412919702019)
2021A00054816852,0,0,0,0,0,0,0,0,0,0,0,0,0,0,0,0,0,0,0.0,0.0,0.0,0.0,0.0,0.0,0.0,0.0,0.0,POINT (-111.18147134426151 58.71058021010519)
2021A00054816860,0,0,0,0,0,0,0,0,0,0,0,0,0,0,0,0,0,0,,,,,,,,,,POINT (-111.68970701269001 59.878032286150464)
2021A00054816861,0,0,0,0,0,0,0,0,0,0,0,0,0,0,0,0,0,0,,,,,,,,,,POINT (-111.85006887207659 59.99421817116751)
2021A00054817021,0,0,0,0,2,2,0,16,16,0,0,0,0,143,3,0,446,446,,,,,,,,,,POINT (-116.48269333318495 55.435880632691735)
2021A00054817024,0,0,0,0,0,0,0,0,0,0,0,0,0,0,0,0,0,0,,,,,,,,,,POINT (-115.39998018880851 54.70819803026131)
2021A00054817026,0,0,0,0,0,1,0,10,10,0,0,0,0,0,1,0,36,36,,,,,,,,,,POINT (-116.70181239582999 56.35352900262115)
2021A00054817027,0,0,0,0,2,3,0,6,6,0,0,0,0,43,9,0,54,54,,,,,,,,,,POINT (-116.10630303546789 55.18023502944035)
2021A00054817029,0,2,1,0,3,5,0,17,17,0,4,14,0,157,55,0,632,632,,,,,,,,,,POINT (-114.77504497303377 55.27100047674437)
2021A00054817031,0,0,0,0,0,0,0,0,0,0,0,0,0,0,0,0,0,0,,,,,,,,,,POINT (-113.23768612192717 56.29578872910775)
2021A00054817033,0,0,0,0,1,1,0,2,2,0,0,0,0,3,1,0,4,4,,,,,,,,,,POINT (-114.30987905010625 55.199483370765634)
2021A00054817039,0,0,1,0,2,1,0,7,7,0,0,3,0,143,1,0,152,152,,,,,,,,,,POINT (-117.1338287770327 56.03796646486675)
2021A00054817062,0,0,0,0,0,1,0,9,9,0,0,0,0,0,3,0,31,31,,,,,,,,,,POINT (-119.08595009946626 56.76056618492252)
2021A00054817064,0,0,0,0,1,1,0,7,7,0,0,0,0,70,1,0,86,86,,,,,,,,,,POINT (-118.61449311649322 56.24770839821617)
2021A00054817076,0,0,1,0,0,0,1,15,15,0,0,2,0,0,0,2,26,26,,,,,,,,,,POINT (-117.54219187347019 57.42655199410216)
2021A00054817078,0,1,1,1,2,3,0,13,13,0,14,14,14,146,16,0,177,177,,,,,,,,,,POINT (-117.6291864131782 56.9235630114973)
2021A00054817093,0,0,0,0,3,0,0,9,9,0,0,0,0,344,0,0,613,613,,,,,,,,,,POINT (-117.13517473943566 58.518206625077596)
2021A00054817095,0,2,4,2,31,5,0,67,68,0,9,23,9,434,21,0,534,541,,,,,,,,,,POINT (-116.93879915010082 58.736597267874075)
2021A00054817097,0,0,0,0,0,1,0,2,2,0,0,0,0,0,29,0,40,40,,,,,,,,,,POINT (-119.39575544498297 58.49863483603322)
2021A00054817817,0,0,0,0,0,0,0,0,0,0,0,0,0,0,0,0,0,0,,,,,,,,,,POINT (-113.22064947200154 55.264140281934715)
2021A00054817818,0,0,0,0,0,0,0,0,0,0,0,0,0,0,0,0,0,0,,,,,,,,,,POINT (-113.5206931401086 55.88003795672899)
2021A00054817819,0,0,0,0,0,0,0,0,0,0,0,0,0,0,0,0,0,0,,,,,,,,,,POINT (-113.76208001056438 55.94908647877977)
2021A00054817821,0,0,0,0,0,0,0,0,0,0,0,0,0,0,0,0,0,0,,,,,,,,,,POINT (-113.97038533326086 55.95738019134863)
2021A00054817822,0,0,0,0,0,0,0,0,0,0,0,0,0,0,0,0,0,0,,,,,,,,,,POINT (-113.83809584517267 56.150140794962326)
2021A00054817823,0,0,0,0,0,0,0,0,0,0,0,0,0,0,0,0,0,0,,,,,,,,,,POINT (-113.88589343107432 55.905926152642785)
2021A00054817824,0,0,0,0,0,0,0,0,0,0,0,0,0,0,0,0,0,0,,,,,,,,,,POINT (-115.47156955082546 55.95380462621927)
2021A00054817825,0,0,0,0,0,0,0,0,0,0,0,0,0,0,0,0,0,0,,,,,,,,,,POINT (-118.8002869849429 56.53030514045776)
2021A00054817826,0,0,0,0,0,0,0,0,0,0,0,0,0,0,0,0,0,0,,,,,,,,,,POINT (-115.39082624088766 55.48444375796235)
2021A00054817827,0,0,0,0,0,0,0,0,0,0,0,0,0,0,0,0,0,0,,,,,,,,,,POINT (-115.36817365433615 55.93596386174703)
2021A00054817828,0,0,0,0,0,0,0,0,0,0,0,0,0,0,0,0,0,0,,,,,,,,,,POINT (-115.7690451578044 55.3595843806617)
2021A00054817829,0,0,0,0,0,0,0,0,0,0,0,0,0,0,0,0,0,0,,,,,,,,,,POINT (-116.13775645712559 55.45106675662177)
2021A00054817830,0,0,0,0,0,0,0,0,0,0,0,0,0,0,0,0,0,0,,,,,,,,,,POINT (-116.26861840671607 55.61531671350601)
2021A00054817831,0,0,0,0,0,0,0,0,0,0,0,0,0,0,0,0,0,0,,,,,,,,,,POINT (-115.44959275139863 55.34656151852709)
2021A00054817832,0,0,0,0,0,0,0,0,0,0,0,0,0,0,0,0,0,0,,,,,,,,,,POINT (-114.66880914357384 55.290430553289376)
2021A00054817833,0,0,0,0,0,0,0,1,1,0,0,0,0,0,0,0,2,2,,,,,,,,,,POINT (-114.88762218244582 55.3058284716229)
2021A00054817834,0,0,0,0,0,0,0,0,0,0,0,0,0,0,0,0,0,0,,,,,,,,,,POINT (-114.67734703817153 56.56010566743932)
2021A00054817835,0,0,0,0,0,0,0,0,0,0,0,0,0,0,0,0,0,0,,,,,,,,,,POINT (-114.52380499745037 58.453719675795966)
2021A00054817836,0,0,0,0,0,0,0,0,0,0,0,0,0,0,0,0,0,0,,,,,,,,,,POINT (-116.15057036810727 55.54796848329629)
2021A00054817837,0,0,0,0,0,0,0,0,0,0,0,0,0,0,0,0,0,0,,,,,,,,,,POINT (-115.10489535418353 58.489690798069766)
2021A00054817838,0,0,0,0,0,0,0,0,0,0,0,0,0,0,0,0,0,0,,,,,,,,,,POINT (-115.40859724392452 57.90283887448763)
2021A00054817840,0,0,0,0,0,0,0,0,0,0,0,0,0,0,0,0,0,0,,,,,,,,,,POINT (-115.58375119960684 58.05703909694431)
2021A00054817841,0,0,0,0,0,0,0,0,0,0,0,0,0,0,0,0,0,0,,,,,,,,,,POINT (-115.73842689019635 58.443759882559874)
2021A00054817842,0,0,0,0,0,0,0,0,0,0,0,0,0,0,0,0,0,0,,,,,,,,,,POINT (-116.24884399482166 58.443893638891886)
2021A00054817843,0,0,0,0,0,0,0,0,0,0,0,0,0,0,0,0,0,0,,,,,,,,,,POINT (-116.56844933835349 58.47357709484629)
2021A00054817845,0,0,0,0,0,0,0,0,0,0,0,0,0,0,0,0,0,0,,,,,,,,,,POINT (-118.72805951805728 58.75203940544198)
2021A00054817848,0,0,0,0,0,0,0,0,0,0,0,0,0,0,0,0,0,0,,,,,,,,,,POINT (-117.02620188153428 58.4762924151987)
2021A00054817849,0,0,0,0,0,0,0,0,0,0,0,0,0,0,0,0,0,0,,,,,,,,,,POINT (-117.75290963552175 59.055663008846565)
2021A00054817850,0,0,0,0,0,0,0,0,0,0,0,0,0,0,0,0,0,0,,,,,,,,,,POINT (-116.40816240864832 56.54248914486735)
2021A00054817853,0,0,0,0,0,0,0,0,0,0,0,0,0,0,0,0,0,0,,,,,,,,,,POINT (-116.13130357312383 56.439473319454144)
2021A00054817854,0,0,0,0,0,0,0,0,0,0,0,0,0,0,0,0,0,0,,,,,,,,,,POINT (-117.10851797939645 57.791163269885786)
2021A00054817855,0,0,0,0,0,0,0,0,0,0,0,0,0,0,0,0,0,0,,,,,,,,,,POINT (-113.79861744871559 55.94596848336165)
2021A00054817856,0,0,0,0,0,0,0,0,0,0,0,0,0,0,0,0,0,0,,,,,,,,,,POINT (-116.54438297262027 56.495422271309614)
2021A00054817857,0,0,0,0,0,0,0,0,0,0,0,0,0,0,0,0,0,0,,,,,,,,,,POINT (-116.09360472941465 56.47997127175951)
2021A00054817859,0,0,0,0,0,0,0,0,0,0,0,0,0,0,0,0,0,0,,,,,,,,,,POINT (-115.99794744225368 58.38215215776796)
2021A00054817860,0,0,0,0,0,1,0,2,2,0,0,0,0,0,1,0,3,3,,,,,,,,,,POINT (-115.36673523888265 56.53992831350733)
2021A00054817865,0,0,0,0,0,0,0,0,0,0,0,0,0,0,0,0,0,0,,,,,,,,,,POINT (-116.13242281145574 55.55512197759738)
2021A00054818002,0,1,0,0,1,3,0,5,5,0,30,0,0,70,66,0,139,139,,,,,,,,,,POINT (-116.79564710647571 54.39948786639253)
2021A00054818015,0,1,1,0,4,2,0,26,26,0,15,15,0,175,2,0,232,232,,,,,,,,,,POINT (-118.39167160225854 54.552595491461986)
2021A00054818018,0,1,0,0,0,1,0,7,7,0,6,0,0,0,14,0,56,56,,,,,,,,,,POINT (-117.27801522104605 55.06463486107866)
2021A00054818816,0,0,0,0,0,0,0,0,0,0,0,0,0,0,0,0,0,0,,,,,,,,,,POINT (-117.50103420765092 55.04208885849566)
2021A00054818818,0,0,0,0,0,0,0,0,0,0,0,0,0,0,0,0,0,0,,,,,,,,,,POINT (-117.46070094603087 55.125442788329295)
2021A00054819006,2,5,7,1,0,11,2,45,46,23,91,152,66,0,91,11,245,252,,,,,,,,,,POINT (-119.29060864685233 55.2764903035038)
2021A00054819008,0,1,1,0,1,1,0,5,5,0,57,57,0,30,3,0,94,94,,,,,,,,,,POINT (-119.55828011795086 55.326947589005705)
2021A00054819009,0,0,1,0,2,3,1,15,15,0,0,2,0,6,5,2,117,117,,,,,,,,,,POINT (-119.42624947912105 55.208401276380805)
2021A00054819011,1,0,0,0,0,1,0,7,7,2,0,0,0,0,1,0,10,10,,,,,,,,,,POINT (-119.14115684610223 55.157864643250356)
2021A00054819012,2,21,14,4,12,33,1,81,85,10,155,198,12,860,330,2,1818,1922,8.0,128.0,164.0,9.0,760.0,759.0,2.0,2101.0,2188.0,POINT (-118.80774405106024 55.18887225923192)
2021A00054819014,0,1,2,1,0,3,0,11,11,0,3,10,3,0,48,0,76,76,,,,,,,,,,POINT (-118.77852813491035 55.35098346980456)
2021A00054819038,1,3,0,0,0,4,0,19,19,11,15,0,0,0,10,0,237,237,,,,,,,,,,POINT (-117.31990243681521 56.23036931013524)
2021A00054819041,0,1,0,0,0,0,0,8,8,0,6,0,0,0,0,0,17,17,,,,,,,,,,POINT (-117.23351140766869 55.65776159340541)
2021A00054819042,0,0,0,0,0,0,0,3,3,0,0,0,0,0,0,0,13,13,,,,,,,,,,POINT (-116.90446497297437 55.709285187395075)
2021A00054819044,0,0,0,0,0,0,0,4,4,0,0,0,0,0,0,0,7,7,,,,,,,,,,POINT (-117.10680162490398 55.73016234752466)
2021A00054819046,0,0,0,0,0,0,0,0,0,0,0,0,0,0,0,0,0,0,,,,,,,,,,POINT (-117.19606833753971 55.733906241445354)
2021A00054819048,0,0,0,0,0,0,0,6,6,0,0,0,0,0,0,0,12,12,,,,,,,,,,POINT (-117.33748753512226 55.75386945613829)
2021A00054819049,0,0,0,0,0,0,0,9,9,0,0,0,0,0,0,0,15,15,,,,,,,,,,POINT (-118.06409055011594 55.76829706670977)
2021A00054819054,0,0,0,0,0,0,0,0,0,0,0,0,0,0,0,0,0,0,,,,,,,,,,POINT (-118.58722020108021 55.79012845614772)
2021A00054819056,0,0,0,0,0,0,0,6,6,0,0,0,0,0,0,0,11,11,,,,,,,,,,POINT (-118.71233833423953 55.75612691108752)
2021A00054819058,0,0,0,0,0,1,0,11,11,0,0,0,0,0,8,0,39,39,,,,,,,,,,POINT (-118.84070886461592 55.78025546813331)
2021A00054819059,0,0,0,0,1,2,0,15,15,0,0,0,0,6,28,0,71,71,,,,,,,,,,POINT (-119.40063385897994 55.79649390580513)
2021A00054819066,0,0,0,0,0,0,0,3,3,0,0,0,0,0,0,0,4,4,,,,,,,,,,POINT (-118.38503189401291 56.037099795689564)
2021A00054819068,0,0,0,0,1,2,0,14,14,0,0,0,0,7,2,0,38,38,,,,,,,,,,POINT (-118.3789929244532 56.06923337582565)
2021A00054819071,0,0,0,0,0,0,0,0,0,0,0,0,0,0,0,0,0,0,,,,,,,,,,POINT (-117.54229433576468 56.18718429518277)
2021A00054819072,0,0,0,0,0,0,0,5,5,0,0,0,0,0,0,0,8,8,,,,,,,,,,POINT (-117.73090317561218 56.146591077843006)
2021A00054819074,0,0,0,0,1,1,0,10,10,0,0,0,0,3,1,0,45,45,,,,,,,,,,POINT (-117.6102386254363 56.190091403599396)
2021A00054819815,0,0,0,0,0,0,0,0,0,0,0,0,0,0,0,0,0,0,,,,,,,,,,POINT (-119.71792954174947 55.35039526328169)
2021A00054819826,0,0,0,0,0,0,0,0,0,0,0,0,0,0,0,0,0,0,,,,,,,,,,POINT (-117.85214989420338 56.101585100939836)
2021A00055901003,0,0,0,0,0,1,0,0,1,0,0,0,0,0,23,0,0,23,,,,,,,,,,POINT (-114.87418251740236 50.03454334023288)
2021A00055901006,1,0,0,0,0,2,0,2,3,20,0,0,0,0,13,0,21,33,,,,,,,,,,POINT (-114.80472659259698 49.720271796406934)
2021A00055901012,0,4,2,0,2,0,0,9,9,0,21,7,0,6,0,0,31,31,,,,,,,,,,POINT (-115.05288352606259 49.508657500978465)
2021A00055901017,0,1,0,0,1,0,0,2,2,0,1,0,0,2,0,0,3,3,,,,,,,,,,POINT (-114.70865710257742 49.7595718380902)
2021A00055901019,0,1,1,0,4,0,0,10,10,0,2,5,0,312,0,0,326,326,,,,,,,,,,POINT (-115.14671887880404 49.214720571645586)
2021A00055901022,3,7,5,1,6,6,0,30,32,32,38,95,3,70,113,0,263,353,20.0,28.0,63.0,2.0,53.0,74.0,0.0,406.0,464.0,POINT (-115.76269621436369 49.54051757672642)
2021A00055901028,0,3,0,0,0,1,0,6,6,0,10,0,0,0,3,0,26,26,,,,,,,,,,POINT (-115.98652132776499 49.673976482883845)
2021A00055901035,0,1,2,0,4,1,0,17,18,0,7,8,0,11,7,0,45,52,7.0,14.0,17.0,1.0,77.0,19.0,0.0,338.0,352.0,POINT (-115.60037713828397 49.49101642228039)
2021A00055901037,0,1,0,0,0,0,0,6,6,0,2,0,0,0,0,0,39,39,,,,,,,,,,POINT (-116.00406320551278 49.79414137630515)
2021A00055901039,0,4,1,0,2,1,0,15,16,0,27,7,0,18,7,0,65,72,,,,,,,,,,POINT (-116.03756925659398 50.50199138939799)
2021A00055901040,0,1,0,0,1,1,0,6,6,0,3,0,0,263,8,0,298,298,,,,,,,,,,POINT (-116.08028196886352 50.627664112627166)
2021A00055901043,0,0,0,0,2,0,0,2,2,0,0,0,0,64,0,0,64,64,,,,,,,,,,POINT (-115.82590448877315 50.16439241684767)
2021A00055901046,1,1,2,0,0,1,0,5,6,1,1,8,0,0,7,0,14,21,,,,,,,,,,POINT (-115.81062146342046 50.26774478719686)
2021A00055901048,1,0,1,0,4,0,0,9,9,2,0,2,0,51,0,0,63,63,,,,,,,,,,POINT (-116.24410219498729 50.904614933529615)
2021A00055901801,0,0,0,0,1,0,0,2,2,0,0,0,0,6,0,0,8,8,,,,,,,,,,POINT (-115.1010443533501 49.04179465498394)
2021A00055901802,0,0,0,0,0,0,0,0,0,0,0,0,0,0,0,0,0,0,,,,,,,,,,POINT (-115.5988429075432 49.54551401180765)
2021A00055901803,0,0,0,0,0,0,0,0,0,0,0,0,0,0,0,0,0,0,,,,,,,,,,POINT (-115.74097115103625 49.64195458323808)
2021A00055901804,0,0,0,0,0,0,0,0,0,0,0,0,0,0,0,0,0,0,,,,,,,,,,POINT (-115.91223004698494 50.40913453212338)
2021A00055901805,0,0,0,0,0,0,0,0,0,0,0,0,0,0,0,0,0,0,,,,,,,,,,POINT (-115.56523730646663 49.491347580771254)
2021A00055901806,0,0,1,0,1,0,0,2,2,0,0,2,0,2,0,0,67,67,,,,,,,,,,POINT (-116.02198673358158 50.53757482953778)
2021A00055901808,0,0,0,0,0,0,0,0,0,0,0,0,0,0,0,0,0,0,,,,,,,,,,POINT (-115.7678200262119 49.582487996677735)
2021A00055903004,0,2,0,0,2,0,0,18,18,0,59,0,0,36,0,0,162,162,,,,,,,,,,POINT (-116.51681880393411 49.10676147857026)
2021A00055903010,0,1,1,0,3,0,0,11,11,0,1,1,0,117,0,0,128,128,,,,,,,,,,POINT (-116.96627340379449 49.43638351098189)
2021A00055903011,0,2,0,0,2,0,0,6,6,0,4,0,0,83,0,0,89,89,,,,,,,,,,POINT (-117.27681008875184 49.19005094500043)
2021A00055903013,0,3,1,0,6,0,0,28,28,0,22,5,0,104,0,0,200,200,,,,,,,,,,POINT (-116.30348684304204 49.247641012245694)
2021A00055903015,0,11,4,0,4,1,0,29,30,0,63,25,0,28,7,0,149,156,0.0,44.0,18.0,0.0,48.0,5.0,0.0,144.0,149.0,POINT (-117.29507181143846 49.492982942384515)
2021A00055903017,0,2,1,1,0,1,0,12,12,0,6,3,3,0,3,0,69,69,,,,,,,,,,POINT (-116.7122924235492 49.11276232720438)
2021A00055903019,0,0,0,0,0,0,0,1,1,0,0,0,0,0,0,0,1,1,,,,,,,,,,POINT (-117.4685527048199 49.766486458577326)
2021A00055903023,0,3,2,0,1,0,0,7,7,0,25,12,0,5,0,0,53,53,,,,,,,,,,POINT (-116.91017293122626 49.909607482999775)
2021A00055903027,0,0,0,0,1,0,0,1,1,0,0,0,0,7,0,0,7,7,,,,,,,,,,POINT (-117.36033436302561 49.953508927337474)
2021A00055903032,0,0,0,0,0,0,0,0,0,0,0,0,0,0,0,0,0,0,,,,,,,,,,POINT (-117.37605496896015 49.988562318312795)
2021A00055903039,0,0,0,0,1,0,0,4,4,0,0,0,0,6,0,0,10,10,,,,,,,,,,POINT (-117.04080331816016 50.383869281983074)
2021A00055903041,1,3,2,0,0,0,0,8,8,3,6,4,0,0,0,0,52,52,1.0,13.0,9.0,1.0,49.0,3.0,2.0,114.0,116.0,POINT (-117.07881563399235 49.59237156915528)
2021A00055903043,0,0,0,0,0,0,0,1,1,0,0,0,0,0,0,0,5,5,0.0,25.0,10.0,0.0,22.0,3.0,0.0,80.0,83.0,POINT (-117.35311469969173 49.59400874840437)
2021A00055903045,0,2,3,1,1,1,0,8,8,0,5,6,3,57,3,0,159,159,,,,,,,,,,POINT (-117.66514999230664 49.30373772872983)
2021A00055903047,0,0,0,0,1,0,0,2,2,0,0,0,0,3,0,0,4,4,,,,,,,,,,POINT (-117.27578014674407 49.1653172684286)
2021A00055903050,0,0,1,0,3,0,0,6,6,0,0,12,0,62,0,0,66,66,,,,,,,,,,POINT (-117.81215442687743 50.24769063893895)
2021A00055903052,0,3,2,0,4,2,1,17,18,0,10,12,0,91,5,9,131,134,,,,,,,,,,POINT (-117.54548504652278 49.86939517377142)
2021A00055903056,0,0,0,0,3,0,0,5,5,0,0,0,0,267,0,0,269,269,,,,,,,,,,POINT (-117.60362130034325 49.381741481253385)
2021A00055903058,0,0,2,1,1,1,0,3,4,0,0,6,3,1,3,0,67,70,,,,,,,,,,POINT (-118.04773374716223 49.45853504930576)
2021A00055903060,0,0,0,0,0,0,0,3,3,0,0,0,0,0,0,0,4,4,,,,,,,,,,POINT (-118.05184559014697 50.20562182912323)
2021A00055903807,0,0,0,0,0,0,0,0,0,0,0,0,0,0,0,0,0,0,,,,,,,,,,POINT (-116.52780636923617 49.05603447968459)
2021A00055905005,0,0,0,0,0,0,0,1,1,0,0,0,0,0,0,0,62,62,0.0,8.0,2.0,2.0,1.0,130.0,0.0,160.0,160.0,POINT (-117.54785416829075 49.11286732985406)
2021A00055905009,0,0,0,0,0,0,0,1,1,0,0,0,0,0,0,0,9,9,0.0,5.0,1.0,1.0,1.0,72.0,0.0,92.0,92.0,POINT (-117.59049749887488 49.07885402105546)
2021A00055905014,0,4,1,1,0,3,0,10,10,0,24,6,6,0,529,0,580,580,0.0,22.0,8.0,6.0,4.0,289.0,0.0,392.0,394.0,POINT (-117.69102000231635 49.09600653170161)
2021A00055905018,0,0,0,0,0,0,0,0,0,0,0,0,0,0,0,0,0,0,0.0,8.0,3.0,2.0,1.0,72.0,0.0,101.0,102.0,POINT (-117.74865643164738 49.0943006005228)
2021A00055905023,0,2,1,1,1,1,0,7,7,0,12,6,6,3,6,0,30,30,,,,,,,,,,POINT (-117.85297018682755 49.12272746718782)
2021A00055905026,0,0,0,0,1,0,0,2,2,0,0,0,0,3,0,0,6,6,0.0,8.0,2.0,2.0,1.0,130.0,0.0,163.0,163.0,POINT (-117.58935038884104 49.10097012920372)
2021A00055905030,0,1,1,0,0,1,0,2,3,0,3,3,0,0,3,0,20,23,,,,,,,,,,POINT (-117.97251462284251 49.107121706347954)
2021A00055905032,2,3,4,0,3,3,0,10,12,34,69,104,0,103,146,0,221,291,,,,,,,,,,POINT (-118.44946216035308 49.02926815849883)
2021A00055905037,0,0,0,0,1,0,0,2,2,0,0,0,0,57,0,0,60,60,,,,,,,,,,POINT (-118.80066712346837 49.008497678833585)
2021A00055905042,0,0,0,0,1,0,0,1,1,0,0,0,0,2,0,0,2,2,,,,,,,,,,POINT (-118.67864475230388 49.092295901201624)
2021A00055905050,1,3,1,1,0,1,0,8,8,3,18,12,12,0,12,0,27,27,,,,,,,,,,POINT (-118.21628014799705 49.142577705862344)
2021A00055905052,0,0,1,0,1,0,0,10,10,0,0,1,0,1,0,0,45,45,,,,,,,,,,POINT (-118.44102956329044 49.39561824085322)
2021A00055905054,0,1,1,0,2,0,0,13,13,0,2,5,0,10,0,0,29,29,,,,,,,,,,POINT (-118.94441773155785 49.37797079102368)
2021A00055907005,1,3,1,0,2,0,0,32,32,1,9,1,0,3,0,0,130,130,,,,,,,,,,POINT (-119.47650535142859 49.025564281304156)
2021A00055907009,0,0,0,0,0,0,0,10,10,0,0,0,0,0,0,0,62,62,,,,,,,,,,POINT (-119.82488377846997 49.206136968815514)
2021A00055907014,1,3,2,1,0,1,0,31,31,12,21,15,3,0,3,0,223,223,,,,,,,,,,POINT (-119.55010997907574 49.18558312336119)
2021A00055907022,1,1,1,0,0,0,0,34,34,2,2,2,0,0,0,0,140,140,,,,,,,,,,POINT (-119.36284804890519 49.096870023419676)
2021A00055907024,0,0,0,0,1,0,0,8,8,0,0,0,0,34,0,0,47,47,,,,,,,,,,POINT (-120.51844364005063 49.333332958016484)
2021A00055907026,1,1,0,0,1,0,0,37,37,32,32,0,0,5,0,0,280,280,,,,,,,,,,POINT (-119.781682200064 49.07470581874854)
2021A00055907028,1,2,2,1,1,1,0,70,70,3,6,6,3,3,3,0,392,392,,,,,,,,,,POINT (-119.6120511644815 49.17208111548206)
2021A00055907035,6,11,8,1,1,4,0,71,74,18,108,89,3,3,46,0,463,508,,,,,,,,,,POINT (-119.6992518804728 49.640025007722784)
2021A00055907041,10,25,12,1,6,6,2,95,99,204,251,252,3,341,56,111,1263,1311,89.0,117.0,117.0,2.0,151.0,47.0,46.0,686.0,714.0,POINT (-119.56559151325403 49.49253076851605)
2021A00055907047,2,5,3,0,2,0,0,26,26,75,91,18,0,16,0,0,139,139,53.0,65.0,14.0,0.0,14.0,0.0,0.0,124.0,124.0,POINT (-119.43482542379036 49.36451868066182)
2021A00055907048,0,0,0,0,0,0,0,6,6,0,0,0,0,0,0,0,14,14,0.0,7.0,10.0,0.0,11.0,9.0,0.0,38.0,47.0,POINT (-119.79528484805019 49.351459594244645)
2021A00055907049,0,2,0,0,0,0,0,21,21,0,37,0,0,0,0,0,120,120,,,,,,,,,,POINT (-119.50066361516808 49.64057540578749)
2021A00055907051,0,0,0,0,0,0,0,4,4,0,0,0,0,0,0,0,16,16,5.0,21.0,16.0,1.0,1.0,8.0,0.0,52.0,59.0,POINT (-119.88466908102409 49.609791820278964)
2021A00055907053,0,0,0,0,0,0,0,24,24,0,0,0,0,0,0,0,113,113,,,,,,,,,,POINT (-120.15369156366788 49.28295007145201)
2021A00055907055,0,0,0,0,2,0,0,4,4,0,0,0,0,123,0,0,128,128,,,,,,,,,,POINT (-120.58779146632942 49.40751198075105)
2021A00055907801,0,0,0,0,0,0,0,0,0,0,0,0,0,0,0,0,0,0,,,,,,,,,,POINT (-119.73893128261254 49.11748440478698)
2021A00055907802,0,0,0,0,1,0,0,2,2,0,0,0,0,2,0,0,3,3,,,,,,,,,,POINT (-119.49330848335266 49.12959489265498)
2021A00055907803,0,2,2,0,2,1,0,4,5,0,10,16,0,19,15,0,29,44,9.0,20.0,12.0,1.0,10.0,7.0,2.0,67.0,70.0,POINT (-119.69229600421492 49.48706535501067)
2021A00055907805,0,0,0,0,0,0,0,0,0,0,0,0,0,0,0,0,0,0,,,,,,,,,,POINT (-119.72366826479737 49.03808851725481)
2021A00055907806,0,0,0,0,0,0,0,0,0,0,0,0,0,0,0,0,0,0,,,,,,,,,,POINT (-119.73207883441921 49.18239775015599)
2021A00055907807,0,0,0,0,0,0,0,1,1,0,0,0,0,0,0,0,2,2,,,,,,,,,,POINT (-120.08264236793268 49.34457553147473)
2021A00055907808,0,0,0,0,0,0,0,0,0,0,0,0,0,0,0,0,0,0,,,,,,,,,,POINT (-119.91699743710389 49.218807824347515)
2021A00055907809,0,0,0,0,0,0,0,0,0,0,0,0,0,0,0,0,0,0,,,,,,,,,,POINT (-120.01475203499994 49.24469817842059)
2021A00055907850,0,0,0,0,0,0,0,0,0,0,0,0,0,0,0,0,0,0,,,,,,,,,,POINT (-120.22914702839563 49.40389788000293)
2021A00055909009,0,4,0,0,1,1,0,9,9,0,22,0,0,1,2,0,89,89,,,,,,,,,,POINT (-121.50514178160685 49.36957507619241)
2021A00055909014,0,0,0,0,0,0,0,0,0,0,0,0,0,0,0,0,0,0,,,,,,,,,,POINT (-121.57801811891612 49.94244304727009)
2021A00055909016,0,0,0,0,1,0,0,3,3,0,0,0,0,1,0,0,11,11,,,,,,,,,,POINT (-121.3008339503736 49.34965871353114)
2021A00055909020,15,51,35,2,26,10,2,329,334,376,1014,528,14,605,137,30,3525,3803,317.0,850.0,446.0,15.0,527.0,119.0,26.0,3029.0,3263.0,POINT (-121.85704624668881 49.160035167960565)
2021A00055909027,0,0,0,0,0,0,0,1,1,0,0,0,0,0,0,0,1,1,15.0,22.0,22.0,0.0,12.0,1.0,2.0,61.0,66.0,POINT (-121.78331777718518 49.29765381200798)
2021A00055909032,1,4,4,0,2,2,1,35,37,59,79,81,0,41,5,4,245,263,52.0,71.0,73.0,0.0,39.0,3.0,4.0,269.0,286.0,POINT (-121.85592914927611 49.25113375437273)
2021A00055909034,0,0,0,0,1,0,0,3,3,0,0,0,0,3,0,0,10,10,29.0,41.0,42.0,0.0,23.0,7.0,3.0,119.0,129.0,POINT (-121.6443728864987 49.21351368439607)
2021A00055909035,0,0,0,0,1,1,0,9,9,0,0,0,0,13,3,0,41,41,16.0,37.0,23.0,1.0,15.0,7.0,2.0,131.0,137.0,POINT (-121.98303224393345 49.030241355788256)
2021A00055909036,0,0,0,0,0,0,0,1,1,0,0,0,0,0,0,0,5,5,0.0,0.0,0.0,0.0,0.0,0.0,0.0,19.0,19.0,POINT (-121.58289385016946 49.05910555389033)
2021A00055909048,0,0,0,0,0,0,0,0,0,0,0,0,0,0,0,0,0,0,,,,,,,,,,POINT (-122.13989091379736 49.749229982412906)
2021A00055909052,19,74,62,9,50,33,4,608,627,357,1414,1234,30,1149,859,108,7346,8232,313.0,1215.0,1061.0,24.0,989.0,736.0,94.0,5520.0,6283.0,POINT (-122.32258922704739 49.07543804460745)
2021A00055909056,4,19,13,5,14,7,0,56,57,156,269,216,38,74,55,0,545,548,171.0,516.0,424.0,98.0,202.0,196.0,12.0,1305.0,1398.0,POINT (-122.3483446850079 49.23814094098033)
2021A00055909060,0,0,0,0,0,0,0,13,13,0,0,0,0,0,0,0,29,29,,,,,,,,,,POINT (-122.44373547179687 49.587191223145346)
2021A00055909062,0,0,1,1,0,0,0,37,37,0,0,3,3,0,0,0,185,185,,,,,,,,,,POINT (-122.14578805974402 49.15505581582068)
2021A00055909804,0,0,0,0,0,0,0,0,0,0,0,0,0,0,0,0,0,0,,,,,,,,,,POINT (-121.54809537733004 49.372551402958884)
2021A00055909805,0,0,0,0,0,0,0,0,0,0,0,0,0,0,0,0,0,0,,,,,,,,,,POINT (-121.50843447321968 50.000950218750475)
2021A00055909806,0,0,0,0,0,0,0,0,0,0,0,0,0,0,0,0,0,0,,,,,,,,,,POINT (-121.45310541734311 49.870444920473076)
2021A00055909807,0,0,0,0,0,0,0,0,0,0,0,0,0,0,0,0,0,0,,,,,,,,,,POINT (-121.60711426547212 49.33854279167933)
2021A00055909808,0,0,0,0,0,0,0,0,0,0,0,0,0,0,0,0,0,0,,,,,,,,,,POINT (-121.43437619615031 49.4485270013107)
2021A00055909809,0,0,0,0,0,0,0,0,0,0,0,0,0,0,0,0,0,0,,,,,,,,,,POINT (-121.39525816340719 49.63121322960198)
2021A00055909810,0,0,0,0,0,0,0,0,0,0,0,0,0,0,0,0,0,0,,,,,,,,,,POINT (-121.6132401151158 49.35195485037566)
2021A00055909812,0,0,0,0,0,0,0,0,0,0,0,0,0,0,0,0,0,0,,,,,,,,,,POINT (-121.45499641056254 49.39694371118537)
2021A00055909814,0,0,0,0,0,0,0,0,0,0,0,0,0,0,0,0,0,0,,,,,,,,,,POINT (-121.59212006259857 49.362083214208795)
2021A00055909815,0,0,0,0,0,0,0,0,0,0,0,0,0,0,0,0,0,0,,,,,,,,,,POINT (-121.47871440886901 49.93992225070413)
2021A00055909816,0,0,0,0,0,0,0,0,0,0,0,0,0,0,0,0,0,0,,,,,,,,,,POINT (-121.41568907594414 49.65896977870689)
2021A00055909817,0,0,0,0,0,0,0,0,0,0,0,0,0,0,0,0,0,0,,,,,,,,,,POINT (-121.43365091907876 49.83538303767457)
2021A00055909818,0,0,0,0,0,0,0,0,0,0,0,0,0,0,0,0,0,0,,,,,,,,,,POINT (-121.42372000748517 49.56204788805842)
2021A00055909819,0,0,0,0,0,0,0,0,0,0,0,0,0,0,0,0,0,0,,,,,,,,,,POINT (-121.48504235371881 49.961544042510646)
2021A00055909821,0,0,0,0,0,0,0,0,0,0,0,0,0,0,0,0,0,0,0.0,0.0,0.0,0.0,0.0,0.0,0.0,0.0,0.0,POINT (-121.97869976788652 49.164766943925564)
2021A00055909824,0,0,0,0,0,0,0,0,0,0,0,0,0,0,0,0,0,0,11.0,28.0,21.0,2.0,8.0,6.0,2.0,73.0,77.0,POINT (-121.9763998211847 49.176342442999676)
2021A00055909825,0,0,0,0,0,0,0,0,0,0,0,0,0,0,0,0,0,0,,,,,,,,,,POINT (-121.96664175408185 49.18449414570672)
2021A00055909826,0,0,0,0,0,0,0,0,0,0,0,0,0,0,0,0,0,0,11.0,26.0,20.0,2.0,7.0,6.0,2.0,70.0,73.0,POINT (-121.9969860206971 49.167998520915866)
2021A00055909827,0,0,0,0,0,0,0,0,0,0,0,0,0,0,0,0,0,0,11.0,26.0,19.0,1.0,7.0,6.0,2.0,70.0,73.0,POINT (-121.95710674206536 49.0832853423438)
2021A00055909830,0,0,0,0,1,0,0,3,3,0,0,0,0,13,0,0,17,17,13.0,31.0,22.0,2.0,13.0,6.0,2.0,122.0,127.0,POINT (-121.94260389018424 49.114795016531566)
2021A00055909831,0,0,0,0,0,0,0,0,0,0,0,0,0,0,0,0,0,0,0.0,0.0,0.0,0.0,0.0,0.0,0.0,0.0,0.0,POINT (-121.93651109858381 49.13363806250079)
2021A00055909832,0,0,0,0,0,0,0,0,0,0,0,0,0,0,0,0,0,0,6.0,10.0,10.0,0.0,5.0,6.0,1.0,21.0,24.0,POINT (-121.710911634579 49.27414536204374)
2021A00055909833,0,0,0,0,0,0,0,0,0,0,0,0,0,0,0,0,0,0,,,,,,,,,,POINT (-121.93910035404616 49.232288329818985)
2021A00055909834,0,0,0,0,0,0,0,0,0,0,0,0,0,0,0,0,0,0,,,,,,,,,,POINT (-121.75922556930303 49.218299930429644)
2021A00055909835,0,0,0,0,0,0,0,0,0,0,0,0,0,0,0,0,0,0,0.0,0.0,0.0,0.0,0.0,0.0,0.0,0.0,0.0,POINT (-121.99105897634358 49.14965865295416)
2021A00055909836,0,0,0,0,0,0,0,0,0,0,0,0,0,0,0,0,0,0,,,,,,,,,,POINT (-121.42893845981177 49.828619427020165)
2021A00055909837,0,0,0,0,0,0,0,0,0,0,0,0,0,0,0,0,0,0,11.0,26.0,19.0,1.0,7.0,6.0,2.0,71.0,74.0,POINT (-121.76882664346758 49.198141652490264)
2021A00055909838,0,0,0,0,0,0,0,0,0,0,0,0,0,0,0,0,0,0,,,,,,,,,,POINT (-121.83289106979248 49.17788847071684)
2021A00055909839,0,0,0,0,0,0,0,0,0,0,0,0,0,0,0,0,0,0,,,,,,,,,,POINT (-121.90769906319578 49.29821698416833)
2021A00055909841,0,0,0,0,0,0,0,0,0,0,0,0,0,0,0,0,0,0,,,,,,,,,,POINT (-121.42553237544521 49.470772979556955)
2021A00055909842,0,0,0,0,0,0,0,0,0,0,0,0,0,0,0,0,0,0,,,,,,,,,,POINT (-122.18317274719922 49.75594022831918)
2021A00055909843,0,0,0,0,0,0,0,0,0,0,0,0,0,0,0,0,0,0,,,,,,,,,,POINT (-121.65294494827124 49.302859474935964)
2021A00055909844,0,0,0,0,0,0,0,0,0,0,0,0,0,0,0,0,0,0,,,,,,,,,,POINT (-121.71803150198933 49.207779483568395)
2021A00055909845,0,0,0,0,0,0,0,0,0,0,0,0,0,0,0,0,0,0,,,,,,,,,,POINT (-122.4108047964975 49.942274197517726)
2021A00055909847,0,0,0,0,0,0,0,0,0,0,0,0,0,0,0,0,0,0,,,,,,,,,,POINT (-121.4477568965369 49.91180195245623)
2021A00055909848,0,0,0,0,0,0,0,0,0,0,0,0,0,0,0,0,0,0,,,,,,,,,,POINT (-122.22164878114037 49.77422514409736)
2021A00055909850,0,0,0,0,0,0,0,0,0,0,0,0,0,0,0,0,0,0,,,,,,,,,,POINT (-121.48989661956236 49.98953691393059)
2021A00055909851,0,0,0,0,0,0,0,0,0,0,0,0,0,0,0,0,0,0,,,,,,,,,,POINT (-121.60687619966365 49.3559575853364)
2021A00055909852,0,0,0,0,0,0,0,0,0,0,0,0,0,0,0,0,0,0,,,,,,,,,,POINT (-122.52882043696107 50.12245624732549)
2021A00055909856,0,0,0,0,0,0,0,0,0,0,0,0,0,0,0,0,0,0,10.0,26.0,22.0,1.0,11.0,7.0,2.0,88.0,93.0,POINT (-122.41855933991079 49.18777496597508)
2021A00055909875,0,0,0,0,0,0,0,0,0,0,0,0,0,0,0,0,0,0,,,,,,,,,,POINT (-122.53939225913241 50.051554276391876)
2021A00055909876,0,0,0,0,0,0,0,0,0,0,0,0,0,0,0,0,0,0,,,,,,,,,,POINT (-121.42178720221943 49.52204374268699)
2021A00055909877,0,0,0,0,0,0,0,2,2,0,0,0,0,0,0,0,5,5,14.0,27.0,20.0,2.0,10.0,10.0,3.0,87.0,91.0,POINT (-122.19265108636856 49.052650455639416)
2021A00055909878,0,0,0,0,0,0,0,0,0,0,0,0,0,0,0,0,0,0,0.0,0.0,0.0,0.0,0.0,0.0,0.0,0.0,0.0,POINT (-122.35326886798332 49.108971821683724)
2021A00055909879,0,0,0,0,0,0,0,0,0,0,0,0,0,0,0,0,0,0,,,,,,,,,,POINT (-122.01913502943972 49.21053040328261)
2021A00055909880,0,0,0,0,0,0,0,2,2,0,0,0,0,0,0,0,34,34,,,,,,,,,,POINT (-122.07635078022386 49.185003347040336)
2021A00055909881,0,0,0,0,0,0,0,0,0,0,0,0,0,0,0,0,0,0,,,,,,,,,,POINT (-122.0881316425796 49.169277387949485)
2021A00055909882,0,0,0,0,0,0,0,0,0,0,0,0,0,0,0,0,0,0,,,,,,,,,,POINT (-122.00206890995244 49.240106133956324)
2021A00055909883,0,0,0,0,0,0,0,0,0,0,0,0,0,0,0,0,0,0,,,,,,,,,,POINT (-122.44996861512881 49.986656835613424)
2021A00055909884,0,0,0,0,0,0,0,1,1,0,0,0,0,0,0,0,2,2,11.0,27.0,20.0,2.0,9.0,6.0,2.0,99.0,102.0,POINT (-121.9414270270667 49.137038923382484)
2021A00055909885,0,0,0,0,0,0,0,0,0,0,0,0,0,0,0,0,0,0,11.0,26.0,20.0,2.0,7.0,6.0,2.0,71.0,74.0,POINT (-121.97545688314527 49.15567796670147)
2021A00055915001,32,98,84,14,33,48,5,382,404,1014,2164,1387,222,613,824,141,5546,6147,501.0,1099.0,750.0,103.0,307.0,434.0,95.0,3012.0,3339.0,POINT (-122.57075511307312 49.096889156553736)
2021A00055915002,7,18,13,0,9,5,2,56,61,59,187,214,0,45,98,61,562,660,142.0,349.0,303.0,28.0,160.0,141.0,41.0,877.0,1024.0,POINT (-122.66065374729922 49.098826346499365)
2021A00055915004,78,277,197,23,164,112,17,797,870,1455,3868,4119,290,2543,1688,598,9749,11941,1831.0,5475.0,5273.0,340.0,3161.0,2165.0,785.0,13656.0,16446.0,POINT (-122.76757429912129 49.115808029753424)
2021A00055915007,3,6,2,0,2,0,0,15,15,30,37,27,0,18,0,0,69,69,58.0,147.0,132.0,10.0,73.0,59.0,18.0,407.0,470.0,POINT (-122.80290757076571 49.02719497579901)
2021A00055915011,29,94,58,8,22,32,4,269,285,754,2559,1783,259,729,732,77,6680,7191,336.0,1064.0,526.0,66.0,291.0,233.0,19.0,2616.0,2781.0,POINT (-122.99504279125121 49.09219943669849)
2021A00055915015,36,150,66,10,55,42,3,453,464,1456,4082,1693,190,1174,709,43,8623,9199,437.0,1603.0,609.0,59.0,346.0,393.0,18.0,3475.0,3683.0,POINT (-123.10322678100422 49.16157551982411)
2021A00055915020,2,7,2,0,0,3,0,12,12,85,154,6,0,0,13,0,169,169,41.0,111.0,60.0,7.0,24.0,44.0,4.0,321.0,344.0,POINT (-122.73270696600657 49.49183305268081)
2021A00055915022,50,292,96,10,58,87,4,764,783,461,3556,885,44,545,605,15,7341,7584,1134.0,4289.0,1349.0,104.0,896.0,1103.0,29.0,8939.0,9407.0,POINT (-123.10683668170728 49.24983321660269)
2021A00055915025,34,161,67,5,34,60,3,339,363,1095,3296,841,24,503,1287,15,6025,6436,503.0,1992.0,722.0,62.0,389.0,534.0,19.0,3904.0,4154.0,POINT (-122.95858464890556 49.25130232860261)
2021A00055915029,1,19,13,0,9,4,0,58,62,1,532,68,0,57,35,0,986,1022,225.0,793.0,427.0,40.0,219.0,233.0,31.0,1676.0,1856.0,POINT (-122.91518034811462 49.210077635742316)
2021A00055915034,20,59,31,5,15,15,2,134,142,172,1032,474,80,87,353,12,1585,1859,177.0,1408.0,744.0,90.0,275.0,404.0,23.0,2570.0,2888.0,POINT (-122.72167346726475 49.31716934449711)
2021A00055915036,0,0,0,0,0,0,0,0,0,0,0,0,0,0,0,0,0,0,19.0,54.0,30.0,2.0,9.0,17.0,2.0,141.0,147.0,POINT (-122.90189727585194 49.322800708684476)
2021A00055915038,0,1,2,1,1,3,0,3,4,0,3,10,3,3,12,0,8,15,20.0,65.0,33.0,3.0,9.0,24.0,2.0,163.0,171.0,POINT (-122.84993606819684 49.34028157561)
2021A00055915039,15,62,37,5,12,19,4,116,125,196,1361,1039,99,178,477,36,1934,2302,167.0,708.0,282.0,25.0,126.0,241.0,9.0,1412.0,1534.0,POINT (-122.7579111059 49.25320479682525)
2021A00055915043,1,9,4,1,2,4,0,22,24,2,147,45,26,6,48,0,177,195,79.0,313.0,131.0,12.0,48.0,117.0,5.0,680.0,728.0,POINT (-122.85822578598534 49.30222467673782)
2021A00055915046,8,33,21,3,19,12,1,95,98,149,409,294,27,166,380,5,1041,1074,107.0,441.0,130.0,9.0,77.0,146.0,3.0,975.0,1019.0,POINT (-122.98764111612347 49.37152154990786)
2021A00055915051,6,28,7,1,5,8,1,72,72,34,261,27,12,25,83,2,488,488,97.0,395.0,117.0,8.0,69.0,126.0,3.0,849.0,888.0,POINT (-123.06939580315102 49.315371433609826)
2021A00055915055,1,11,5,0,7,2,0,34,34,3,25,8,0,43,3,0,114,114,38.0,177.0,60.0,5.0,33.0,51.0,2.0,431.0,445.0,POINT (-123.1962416856224 49.361971542738324)
2021A00055915062,0,3,1,0,0,1,0,9,9,0,12,1,0,0,7,0,24,24,2.0,16.0,6.0,1.0,13.0,5.0,0.0,87.0,87.0,POINT (-123.37595475958265 49.36899927582428)
2021A00055915065,0,0,0,0,0,0,0,0,0,0,0,0,0,0,0,0,0,0,1.0,13.0,4.0,0.0,10.0,3.0,0.0,49.0,49.0,POINT (-123.23471416247892 49.463135771606005)
2021A00055915070,2,11,4,0,7,1,0,59,60,23,105,41,0,289,2,0,931,946,43.0,237.0,157.0,22.0,64.0,82.0,7.0,561.0,619.0,POINT (-122.68335557112114 49.26013139274373)
2021A00055915075,10,41,33,8,25,15,2,128,134,101,526,438,119,235,252,16,1430,1569,231.0,727.0,565.0,122.0,476.0,249.0,15.0,2200.0,2330.0,POINT (-122.53913897717112 49.247412187839394)
2021A00055915801,0,0,0,0,0,0,0,0,0,0,0,0,0,0,0,0,0,0,0.0,0.0,0.0,0.0,0.0,0.0,0.0,0.0,0.0,POINT (-122.76683441597876 49.01321498430072)
2021A00055915802,0,0,0,0,0,0,0,2,2,0,0,0,0,0,0,0,3,3,29.0,63.0,31.0,4.0,12.0,17.0,2.0,190.0,197.0,POINT (-123.09317135903171 49.042772040439324)
2021A00055915803,0,1,0,0,0,1,0,1,1,0,2,0,0,0,2,0,2,2,22.0,52.0,27.0,4.0,12.0,18.0,3.0,187.0,193.0,POINT (-123.20242208031988 49.231310924904236)
2021A00055915804,0,0,0,0,0,0,0,0,0,0,0,0,0,0,0,0,0,0,,,,,,,,,,POINT (-122.79431167168767 49.24696511124315)
2021A00055915805,0,0,0,0,0,0,0,0,0,0,0,0,0,0,0,0,0,0,0.0,0.0,0.0,0.0,1.0,3.0,0.0,39.0,39.0,POINT (-122.80519172710397 49.2303849539635)
2021A00055915806,0,1,0,0,0,1,0,2,2,0,4,0,0,0,4,0,5,5,22.0,59.0,31.0,3.0,12.0,25.0,2.0,197.0,206.0,POINT (-122.97527274311096 49.30974022489813)
2021A00055915807,1,1,1,0,0,0,0,2,2,6,6,6,0,0,0,0,7,7,0.0,0.0,0.0,0.0,0.0,0.0,0.0,0.0,0.0,POINT (-123.08877863161585 49.31595159605476)
2021A00055915808,0,1,2,0,0,0,0,3,3,0,2,5,0,0,0,0,7,7,25.0,66.0,30.0,3.0,12.0,26.0,2.0,204.0,213.0,POINT (-123.12927393027059 49.32251336748401)
2021A00055915809,0,0,0,0,0,0,0,0,0,0,0,0,0,0,0,0,0,0,,,,,,,,,,POINT (-122.69509832421028 49.18827071925291)
2021A00055915810,0,0,0,0,0,0,0,0,0,0,0,0,0,0,0,0,0,0,,,,,,,,,,POINT (-123.12498953385176 49.06663887994169)
2021A00055915811,0,1,1,1,0,1,0,4,4,0,6,6,6,0,6,0,55,55,0.0,0.0,0.0,0.0,0.0,0.0,0.0,0.0,0.0,POINT (-123.02168387014159 49.31024960718679)
2021A00055915813,0,0,0,0,0,0,0,0,0,0,0,0,0,0,0,0,0,0,,,,,,,,,,POINT (-122.6528452313523 49.19392101121705)
2021A00055915816,0,0,0,0,0,0,0,0,0,0,0,0,0,0,0,0,0,0,0.0,0.0,0.0,0.0,0.0,0.0,0.0,0.0,0.0,POINT (-122.56762393837599 49.17490209311846)
2021A00055915825,0,0,0,0,0,0,0,0,0,0,0,0,0,0,0,0,0,0,0.0,0.0,0.0,0.0,0.0,0.0,0.0,0.0,0.0,POINT (-122.47634737388911 49.004787379452004)
2021A00055915830,0,0,0,0,0,0,0,0,0,0,0,0,0,0,0,0,0,0,27.0,66.0,39.0,5.0,12.0,22.0,3.0,204.0,214.0,POINT (-122.67372084287553 49.20273303146475)
2021A00055915840,0,0,0,0,0,0,0,0,0,0,0,0,0,0,0,0,0,0,,,,,,,,,,POINT (-122.46071322605938 49.175134996257945)
2021A00055917005,1,8,3,1,1,3,0,26,27,7,402,34,12,7,29,0,451,466,40.0,107.0,39.0,4.0,39.0,18.0,0.0,255.0,262.0,POINT (-123.44540320385192 48.650886318188185)
2021A00055917010,5,16,8,1,3,4,0,32,34,74,268,90,3,13,56,0,474,512,40.0,107.0,39.0,4.0,38.0,18.0,0.0,231.0,238.0,POINT (-123.40592972593343 48.65413486659045)
2021A00055917015,4,13,8,3,8,7,0,61,62,357,512,254,21,236,77,0,853,888,70.0,192.0,68.0,7.0,48.0,36.0,0.0,394.0,407.0,POINT (-123.43885507396216 48.57529422502137)
2021A00055917021,10,29,12,3,9,6,0,98,99,80,186,68,18,87,40,0,494,497,236.0,598.0,261.0,27.0,198.0,146.0,2.0,1329.0,1409.0,POINT (-123.40608465527686 48.49041861911406)
2021A00055917027,1,14,4,1,1,3,0,43,43,3,66,8,3,3,12,0,181,181,,,,,,,,,,POINT (-123.53003089254524 48.8319243527742)
2021A00055917029,1,1,0,0,1,0,0,9,9,1,4,0,0,7,0,0,28,28,,,,,,,,,,POINT (-123.15957220619252 48.78430682295049)
2021A00055917030,2,3,0,0,2,0,0,11,11,4,12,0,0,6,0,0,39,39,18.0,69.0,25.0,3.0,16.0,22.0,1.0,205.0,216.0,POINT (-123.3071260472062 48.43942055868608)
2021A00055917034,10,54,22,3,13,18,1,136,143,85,477,143,23,105,184,5,1079,1160,104.0,428.0,174.0,20.0,117.0,126.0,2.0,1070.0,1141.0,POINT (-123.35051341003263 48.43150246473453)
2021A00055917040,1,8,1,0,0,2,0,18,19,3,127,75,0,0,13,0,93,168,34.0,132.0,52.0,7.0,35.0,40.0,1.0,312.0,332.0,POINT (-123.41215882053567 48.43487760557855)
2021A00055917041,0,1,1,1,0,1,0,5,5,0,3,3,3,0,3,0,59,59,31.0,118.0,48.0,6.0,32.0,35.0,1.0,307.0,325.0,POINT (-123.49259146447085 48.42195753736066)
2021A00055917042,0,3,3,2,1,2,0,11,11,0,14,14,9,6,9,0,30,30,10.0,48.0,26.0,3.0,11.0,16.0,0.0,119.0,127.0,POINT (-123.55725586173594 48.38480842209926)
2021A00055917044,4,14,9,2,5,4,0,41,41,67,128,82,9,66,14,0,352,352,67.0,285.0,115.0,15.0,74.0,85.0,2.0,656.0,700.0,POINT (-123.52589140696847 48.4621812784183)
2021A00055917047,0,3,3,0,0,2,0,6,7,0,73,40,0,0,47,0,78,85,33.0,82.0,34.0,3.0,24.0,21.0,1.0,202.0,211.0,POINT (-123.46799181863149 48.466216635830214)
2021A00055917049,0,0,0,0,1,0,0,1,1,0,0,0,0,7,0,0,7,7,16.0,46.0,19.0,2.0,12.0,12.0,1.0,145.0,150.0,POINT (-123.50970287125189 48.51390691323698)
2021A00055917052,0,5,0,0,0,1,0,16,16,0,43,0,0,0,1,0,75,75,31.0,86.0,42.0,8.0,32.0,15.0,0.0,221.0,221.0,POINT (-123.70197882681018 48.40532903894966)
2021A00055917054,0,3,1,1,1,3,0,8,8,0,9,3,3,1,7,0,17,17,16.0,44.0,22.0,4.0,18.0,7.0,0.0,131.0,131.0,POINT (-123.63886876926193 48.47210922304771)
2021A00055917056,0,0,0,0,0,0,0,0,0,0,0,0,0,0,0,0,0,0,,,,,,,,,,POINT (-124.0630960298263 48.55697761077579)
2021A00055917801,0,0,0,0,0,0,0,0,0,0,0,0,0,0,0,0,0,0,0.0,0.0,0.0,0.0,0.0,0.0,0.0,0.0,0.0,POINT (-123.45773969347877 48.62172557703716)
2021A00055917802,0,0,0,0,0,0,0,0,0,0,0,0,0,0,0,0,0,0,8.0,22.0,12.0,1.0,7.0,8.0,0.0,56.0,58.0,POINT (-123.44979206280235 48.66498730654266)
2021A00055917803,0,0,0,0,0,0,0,0,0,0,0,0,0,0,0,0,0,0,14.0,35.0,14.0,1.0,9.0,8.0,0.0,104.0,106.0,POINT (-123.39079854921773 48.587287114613495)
2021A00055917804,0,1,1,1,0,1,0,1,1,0,3,3,3,0,3,0,3,3,0.0,0.0,0.0,0.0,1.0,0.0,0.0,19.0,19.0,POINT (-123.4559644463337 48.58397118162099)
2021A00055917805,0,0,0,0,0,0,0,0,0,0,0,0,0,0,0,0,0,0,,,,,,,,,,POINT (-123.58503063996771 49.00730104553771)
2021A00055917809,0,0,0,0,0,0,0,0,0,0,0,0,0,0,0,0,0,0,0.0,0.0,0.0,0.0,0.0,0.0,0.0,0.0,0.0,POINT (-123.59807010621867 48.340528051557925)
2021A00055917811,0,0,0,0,0,0,0,0,0,0,0,0,0,0,0,0,0,0,0.0,0.0,0.0,0.0,0.0,0.0,0.0,0.0,0.0,POINT (-123.42876893369574 48.44492230551616)
2021A00055917812,0,0,0,0,0,0,0,1,1,0,0,0,0,0,0,0,6,6,13.0,39.0,14.0,2.0,9.0,11.0,1.0,116.0,120.0,POINT (-123.42266029610337 48.447035082154116)
2021A00055917815,0,0,0,0,0,0,0,0,0,0,0,0,0,0,0,0,0,0,,,,,,,,,,POINT (-124.40539165588103 48.57612313405751)
2021A00055917819,0,0,0,0,0,0,0,0,0,0,0,0,0,0,0,0,0,0,0.0,7.0,2.0,1.0,1.0,2.0,0.0,13.0,13.0,POINT (-123.7472813710198 48.36328181579886)
2021A00055919008,8,12,14,1,19,7,0,64,68,32,159,211,111,259,200,0,778,862,17.0,156.0,170.0,93.0,193.0,163.0,18.0,826.0,876.0,POINT (-123.71263033857188 48.841853032292875)
2021A00055919012,0,4,1,0,1,1,0,10,11,0,17,35,0,16,35,0,54,89,8.0,32.0,26.0,12.0,34.0,20.0,3.0,141.0,147.0,POINT (-123.70695590566903 48.77849608730829)
2021A00055919013,0,2,0,0,1,0,0,8,8,0,15,0,0,57,0,0,93,93,9.0,32.0,22.0,9.0,30.0,18.0,2.0,153.0,158.0,POINT (-123.62777720330901 48.73351056077832)
2021A00055919015,0,0,0,0,0,0,0,1,1,0,0,0,0,0,0,0,10,10,0.0,5.0,2.0,1.0,54.0,1.0,0.0,82.0,82.0,POINT (-124.01262103916467 48.97375906730192)
2021A00055919016,0,0,0,0,2,0,0,6,6,0,0,0,0,17,0,0,35,35,,,,,,,,,,POINT (-124.05040116737086 48.82983918327782)
2021A00055919017,0,1,0,0,1,0,0,12,12,0,7,0,0,27,0,0,66,66,13.0,9.0,9.0,1.0,42.0,3.0,0.0,123.0,128.0,POINT (-123.87151653580669 49.02556956687695)
2021A00055919021,0,2,2,1,4,1,0,8,8,0,10,5,3,298,3,0,305,305,51.0,31.0,29.0,2.0,153.0,8.0,0.0,292.0,312.0,POINT (-123.80358111583493 48.97159414057173)
2021A00055919033,0,0,0,0,0,0,0,0,0,0,0,0,0,0,0,0,0,0,,,,,,,,,,POINT (-124.41748497595842 48.710057836287206)
2021A00055919035,0,1,1,1,0,1,0,1,1,0,6,6,6,0,6,0,6,6,,,,,,,,,,POINT (-124.43047534208931 48.94653618790751)
2021A00055919043,1,1,0,0,2,1,0,18,18,1,4,0,0,6,3,0,41,41,,,,,,,,,,POINT (-123.545147041002 48.613990967552006)
2021A00055919046,1,5,2,0,5,0,0,23,23,9,12,3,0,28,0,0,94,94,,,,,,,,,,POINT (-123.65482152719487 48.65126002895226)
2021A00055919049,1,4,5,1,9,1,0,26,26,3,29,42,12,168,12,0,254,254,,,,,,,,,,POINT (-123.58596183853676 48.69499266658931)
2021A00055919051,1,5,2,1,4,3,1,40,40,3,121,152,111,64,137,41,414,414,8.0,34.0,28.0,14.0,37.0,27.0,3.0,208.0,215.0,POINT (-123.81031611436612 48.784671720664754)
2021A00055919801,0,0,0,0,0,0,0,3,3,0,0,0,0,0,0,0,31,31,7.0,17.0,8.0,2.0,10.0,4.0,1.0,55.0,56.0,POINT (-123.69307801901329 48.875787921667765)
2021A00055919802,0,0,0,0,0,0,0,0,0,0,0,0,0,0,0,0,0,0,,,,,,,,,,POINT (-123.69537996293411 48.9011789616621)
2021A00055919803,0,0,0,0,0,0,0,0,0,0,0,0,0,0,0,0,0,0,0.0,0.0,0.0,0.0,0.0,0.0,0.0,0.0,0.0,POINT (-123.67630327831858 48.88334652705612)
2021A00055919804,0,0,0,0,0,0,0,0,0,0,0,0,0,0,0,0,0,0,3.0,6.0,6.0,1.0,8.0,3.0,0.0,40.0,42.0,POINT (-123.79036116717589 49.01026587792522)
2021A00055919808,0,0,0,0,0,0,0,0,0,0,0,0,0,0,0,0,0,0,,,,,,,,,,POINT (-123.61130302621218 48.73829311501018)
2021A00055919809,0,0,0,0,0,0,0,0,0,0,0,0,0,0,0,0,0,0,0.0,0.0,0.0,0.0,1.0,0.0,0.0,13.0,13.0,POINT (-123.64523404545083 48.959975460425035)
2021A00055919811,0,0,0,0,0,0,0,0,0,0,0,0,0,0,0,0,0,0,,,,,,,,,,POINT (-123.6372750698384 49.04162994593089)
2021A00055919812,0,0,0,0,1,0,0,1,1,0,0,0,0,6,0,0,6,6,,,,,,,,,,POINT (-124.0729855001415 48.82864700686077)
2021A00055919813,0,0,0,0,0,0,0,0,0,0,0,0,0,0,0,0,0,0,,,,,,,,,,POINT (-123.67769660685516 49.09275046242711)
2021A00055919814,0,0,0,0,0,0,0,0,0,0,0,0,0,0,0,0,0,0,,,,,,,,,,POINT (-124.66930960868906 48.807845528557294)
2021A00055919815,0,0,0,0,0,0,0,0,0,0,0,0,0,0,0,0,0,0,,,,,,,,,,POINT (-123.53155986434712 48.62235937617655)
2021A00055919816,0,0,0,0,0,0,0,1,1,0,0,0,0,0,0,0,2,2,0.0,0.0,0.0,0.0,0.0,0.0,0.0,0.0,0.0,POINT (-123.85976604024854 49.01876984787156)
2021A00055919817,0,0,0,0,0,0,0,0,0,0,0,0,0,0,0,0,0,0,,,,,,,,,,POINT (-123.59728981834765 49.01624554036962)
2021A00055919818,0,0,0,0,0,0,0,0,0,0,0,0,0,0,0,0,0,0,0.0,0.0,0.0,0.0,0.0,0.0,0.0,0.0,0.0,POINT (-123.63825552975673 48.74214506887936)
2021A00055919820,0,0,0,0,0,0,0,0,0,0,0,0,0,0,0,0,0,0,,,,,,,,,,POINT (-123.60742218781499 48.71364153900037)
2021A00055919821,0,0,0,0,0,0,0,0,0,0,0,0,0,0,0,0,0,0,,,,,,,,,,POINT (-123.82900475277579 48.759218853857696)
2021A00055919822,0,3,0,0,1,0,0,7,7,0,47,0,0,13,0,0,87,87,9.0,23.0,10.0,2.0,10.0,6.0,1.0,97.0,98.0,POINT (-123.65657399034036 48.763435308289246)
2021A00055921007,6,23,17,0,17,13,1,88,97,19,138,146,0,391,186,3,957,1079,122.0,172.0,186.0,0.0,374.0,182.0,3.0,1224.0,1378.0,POINT (-123.97995343437606 49.17116524373423)
2021A00055921008,1,2,2,0,4,0,0,10,10,2,4,2,0,25,0,0,41,41,6.0,19.0,16.0,0.0,28.0,16.0,1.0,100.0,111.0,POINT (-124.09147515485965 49.233746283496835)
2021A00055921010,1,4,5,0,2,2,0,24,26,111,44,51,0,6,10,0,223,265,18.0,29.0,26.0,1.0,86.0,24.0,1.0,220.0,239.0,POINT (-123.84634660001102 49.08324885532434)
2021A00055921014,0,0,0,0,0,0,0,3,3,0,0,0,0,0,0,0,12,12,,,,,,,,,,POINT (-123.80024995156583 49.157399250974684)
2021A00055921016,0,1,2,1,1,2,0,10,10,0,12,19,12,22,13,0,64,64,14.0,25.0,20.0,1.0,24.0,16.0,2.0,128.0,140.0,POINT (-124.32847039641793 49.1339497493212)
2021A00055921018,0,3,3,1,5,1,0,13,13,0,52,33,26,30,26,0,119,119,8.0,27.0,15.0,6.0,29.0,7.0,2.0,182.0,183.0,POINT (-124.3081762675136 49.31587456998617)
2021A00055921023,0,1,1,0,0,0,0,9,9,0,1,1,0,0,0,0,37,37,5.0,15.0,8.0,3.0,16.0,4.0,1.0,102.0,103.0,POINT (-124.42712385012251 49.34918336435699)
2021A00055921030,0,3,2,0,0,0,0,14,14,0,16,3,0,0,0,0,46,46,,,,,,,,,,POINT (-124.20448320985453 49.250791103583005)
2021A00055921032,4,9,5,1,7,2,1,45,46,28,43,25,3,98,4,4,393,396,,,,,,,,,,POINT (-124.4400120951798 49.28380479843263)
2021A00055921034,0,2,2,0,2,0,0,13,13,0,5,2,0,16,0,0,56,56,7.0,21.0,13.0,5.0,25.0,6.0,1.0,154.0,155.0,POINT (-124.4611468053405 49.33695127774977)
2021A00055921036,0,2,1,0,1,0,0,10,10,0,3,1,0,3,0,0,58,58,,,,,,,,,,POINT (-124.73800406875141 49.38403233282971)
2021A00055921804,0,0,0,0,1,0,0,1,1,0,0,0,0,2,0,0,2,2,7.0,15.0,10.0,0.0,8.0,7.0,1.0,58.0,64.0,POINT (-123.92940999900921 49.150482971867945)
2021A00055921805,0,0,0,0,0,0,0,0,0,0,0,0,0,0,0,0,0,0,0.0,0.0,0.0,0.0,0.0,0.0,0.0,0.0,0.0,POINT (-124.12439403781637 49.25082913605149)
2021A00055921806,0,0,0,0,0,0,0,0,0,0,0,0,0,0,0,0,0,0,,,,,,,,,,POINT (-124.61546384721242 49.397134889781626)
2021A00055921807,0,0,0,0,0,0,0,0,0,0,0,0,0,0,0,0,0,0,7.0,15.0,10.0,0.0,10.0,7.0,1.0,61.0,67.0,POINT (-123.88146778771628 49.12495554815288)
2021A00055923008,2,8,4,0,4,1,0,28,28,31,91,64,0,222,1,0,675,675,20.0,63.0,43.0,0.0,145.0,3.0,0.0,701.0,701.0,POINT (-124.79569471510301 49.25200536265879)
2021A00055923019,0,1,0,0,0,0,0,5,5,0,13,0,0,0,0,0,100,100,,,,,,,,,,POINT (-125.56217727165469 48.94182862573822)
2021A00055923025,0,3,0,0,1,0,0,10,10,0,19,0,0,1,0,0,143,143,,,,,,,,,,POINT (-125.88983696198133 49.12009650735548)
2021A00055923033,0,0,0,0,0,0,0,5,5,0,0,0,0,0,0,0,18,18,,,,,,,,,,POINT (-124.90172321184853 49.35518431236056)
2021A00055923035,1,1,1,0,1,0,0,6,6,2,2,1,0,1,0,0,20,20,6.0,17.0,11.0,0.0,23.0,1.0,0.0,147.0,147.0,POINT (-125.18264147589773 49.369576478818566)
2021A00055923037,0,1,1,0,3,0,0,4,4,0,2,2,0,7,0,0,9,9,7.0,22.0,14.0,0.0,43.0,0.0,0.0,200.0,200.0,POINT (-124.85779855869296 49.30025582365968)
2021A00055923039,0,1,0,0,2,0,0,4,4,0,1,0,0,4,0,0,6,6,4.0,12.0,7.0,0.0,16.0,1.0,0.0,100.0,100.0,POINT (-124.74475280490083 49.1745647886453)
2021A00055923047,0,0,0,0,0,0,0,0,0,0,0,0,0,0,0,0,0,0,,,,,,,,,,POINT (-124.86150737488542 48.890601803460434)
2021A00055923049,0,0,1,0,2,0,0,5,5,0,0,2,0,4,0,0,8,8,,,,,,,,,,POINT (-125.68115148842803 49.327173300969186)
2021A00055923801,0,0,0,0,0,0,0,0,0,0,0,0,0,0,0,0,0,0,0.0,0.0,0.0,0.0,0.0,0.0,0.0,0.0,0.0,POINT (-124.82552629353435 49.26479743209327)
2021A00055923802,0,0,0,0,0,0,0,0,0,0,0,0,0,0,0,0,0,0,,,,,,,,,,POINT (-124.80936003262347 49.2141197390467)
2021A00055923803,0,0,0,0,0,0,0,1,1,0,0,0,0,0,0,0,15,15,,,,,,,,,,POINT (-125.12342406583916 48.80529102329381)
2021A00055923804,0,0,0,0,0,0,0,0,0,0,0,0,0,0,0,0,0,0,,,,,,,,,,POINT (-125.57381343472103 48.97800307065178)
2021A00055923805,0,0,0,0,0,0,0,0,0,0,0,0,0,0,0,0,0,0,,,,,,,,,,POINT (-125.0477636710435 49.02668878583693)
2021A00055923806,0,0,0,0,0,0,0,0,0,0,0,0,0,0,0,0,0,0,,,,,,,,,,POINT (-126.47384615188152 49.39530483927444)
2021A00055923807,0,0,0,0,0,0,0,0,0,0,0,0,0,0,0,0,0,0,,,,,,,,,,POINT (-125.52624463977108 48.94067184405428)
2021A00055923808,0,0,0,0,0,0,0,0,0,0,0,0,0,0,0,0,0,0,,,,,,,,,,POINT (-126.06226267591121 49.276292040451146)
2021A00055923809,0,0,0,0,0,0,0,0,0,0,0,0,0,0,0,0,0,0,,,,,,,,,,POINT (-124.98479071405276 48.90244249404138)
2021A00055923810,0,0,0,0,0,0,0,0,0,0,0,0,0,0,0,0,0,0,,,,,,,,,,POINT (-125.38128244326364 48.99616194022424)
2021A00055923813,0,0,0,0,0,0,0,0,0,0,0,0,0,0,0,0,0,0,,,,,,,,,,POINT (-125.91207129212064 49.17673932222563)
2021A00055923814,0,0,0,0,0,0,0,0,0,0,0,0,0,0,0,0,0,0,,,,,,,,,,POINT (-125.10560050167328 48.83688387905068)
2021A00055923816,0,0,0,0,0,0,0,0,0,0,0,0,0,0,0,0,0,0,2.0,10.0,5.0,0.0,8.0,0.0,0.0,57.0,57.0,POINT (-124.8696941730724 49.26929191275836)
2021A00055923822,0,0,0,0,0,0,0,0,0,0,0,0,0,0,0,0,0,0,,,,,,,,,,POINT (-124.89631303239759 49.29366878352309)
2021A00055923823,0,0,0,0,0,0,0,0,0,0,0,0,0,0,0,0,0,0,,,,,,,,,,POINT (-125.78285652743457 49.07256217197204)
2021A00055923824,0,0,0,0,0,0,0,0,0,0,0,0,0,0,0,0,0,0,,,,,,,,,,POINT (-126.27194482849964 49.36582521904901)
2021A00055923825,0,0,0,0,0,0,0,0,0,0,0,0,0,0,0,0,0,0,,,,,,,,,,POINT (-125.89806907361394 49.13110233159943)
2021A00055924025,0,1,1,0,2,0,0,4,4,0,2,2,0,2,0,0,331,331,,,,,,,,,,POINT (-126.09457126320731 49.71970029861742)
2021A00055924029,0,0,0,0,0,0,0,0,0,0,0,0,0,0,0,0,0,0,,,,,,,,,,POINT (-126.8496974410149 49.984814786931224)
2021A00055924030,0,0,0,0,0,0,0,1,1,0,0,0,0,0,0,0,4,4,,,,,,,,,,POINT (-126.63602879693892 49.91420729916372)
2021A00055924034,0,8,5,3,13,7,1,63,65,0,73,79,44,61,54,20,1164,1180,0.0,110.0,119.0,66.0,61.0,80.0,30.0,1269.0,1293.0,POINT (-125.2902212960269 50.010239403539984)
2021A00055924039,0,1,1,0,2,0,0,3,3,0,1,1,0,5,0,0,6,6,,,,,,,,,,POINT (-125.95238954128993 50.374319304068074)
2021A00055924042,0,2,1,0,1,0,0,9,9,0,10,1,0,1,0,0,41,41,2.0,19.0,17.0,7.0,14.0,10.0,3.0,212.0,215.0,POINT (-125.66340198448671 49.75409525173156)
2021A00055924048,0,1,0,0,0,0,0,3,3,0,9,0,0,0,0,0,46,46,,,,,,,,,,POINT (-125.88928907516386 50.20310441595318)
2021A00055924052,0,0,0,0,0,0,0,2,2,0,0,0,0,0,0,0,4,4,,,,,,,,,,POINT (-125.02098590737465 50.115212883425414)
2021A00055924054,1,1,1,0,3,0,0,11,11,12,12,12,0,11,0,0,113,113,,,,,,,,,,POINT (-124.51917848184655 51.035683913314486)
2021A00055924803,0,0,0,0,0,0,0,0,0,0,0,0,0,0,0,0,0,0,,,,,,,,,,POINT (-126.1196012641663 49.68461586472093)
2021A00055924804,0,0,0,0,0,0,0,2,2,0,0,0,0,0,0,0,16,16,0.0,0.0,0.0,0.0,1.0,2.0,0.0,18.0,19.0,POINT (-125.25387706401722 50.03513915966037)
2021A00055924805,0,0,0,0,0,0,0,0,0,0,0,0,0,0,0,0,0,0,,,,,,,,,,POINT (-126.97656009689553 49.87448675874989)
2021A00055924806,0,0,0,0,0,0,0,1,1,0,0,0,0,0,0,0,10,10,,,,,,,,,,POINT (-127.37744280673861 50.03153168616039)
2021A00055924812,0,0,0,0,0,0,0,3,3,0,0,0,0,0,0,0,7,7,0.0,0.0,0.0,0.0,2.0,0.0,0.0,24.0,24.0,POINT (-125.29351369824985 50.018953943172505)
2021A00055924813,0,0,0,0,0,0,0,0,0,0,0,0,0,0,0,0,0,0,,,,,,,,,,POINT (-127.40246666961202 50.01104977455414)
2021A00055924814,0,0,0,0,0,0,0,0,0,0,0,0,0,0,0,0,0,0,,,,,,,,,,POINT (-126.62091921583492 49.59632663121275)
2021A00055924817,0,0,0,0,0,0,0,1,1,0,0,0,0,0,0,0,2,2,,,,,,,,,,POINT (-125.1891496056739 50.0166523167095)
2021A00055924818,0,0,0,0,0,0,0,0,0,0,0,0,0,0,0,0,0,0,,,,,,,,,,POINT (-124.92088552865216 50.14453987447411)
2021A00055924820,0,0,0,0,0,0,0,1,1,0,0,0,0,0,0,0,3,3,,,,,,,,,,POINT (-124.93689136521576 50.12804981914599)
2021A00055924833,0,0,0,0,0,0,0,0,0,0,0,0,0,0,0,0,0,0,,,,,,,,,,POINT (-126.9401763713305 49.989437340617734)
2021A00055924835,0,0,0,0,0,0,0,0,0,0,0,0,0,0,0,0,0,0,,,,,,,,,,POINT (-126.07572350388348 49.81339127024977)
2021A00055924836,0,0,0,0,0,0,0,0,0,0,0,0,0,0,0,0,0,0,,,,,,,,,,POINT (-126.86145052037682 49.98280505186882)
2021A00055924840,0,0,0,0,0,0,0,0,0,0,0,0,0,0,0,0,0,0,0.0,0.0,0.0,0.0,1.0,0.0,0.0,13.0,13.0,POINT (-125.24311202538 49.94938449076974)
2021A00055924843,0,0,0,0,0,0,0,0,0,0,0,0,0,0,0,0,0,0,,,,,,,,,,POINT (-125.21094424552626 49.911370490248274)
2021A00055926005,0,4,1,0,1,0,0,15,16,0,25,3,0,1,0,0,77,80,2.0,31.0,6.0,1.0,55.0,17.0,0.0,203.0,204.0,POINT (-124.94212486715138 49.68620638639562)
2021A00055926010,1,6,3,0,9,2,0,37,37,7,55,9,0,89,9,0,219,219,4.0,55.0,10.0,2.0,106.0,28.0,0.0,402.0,404.0,POINT (-125.00061068324793 49.67983825811423)
2021A00055926014,0,1,0,0,2,1,0,8,8,0,13,0,0,33,2,0,69,69,1.0,16.0,5.0,1.0,22.0,9.0,0.0,137.0,138.0,POINT (-125.03632576837431 49.63261764529161)
2021A00055926021,0,2,0,0,3,0,0,30,30,0,6,0,0,5,0,0,242,242,0.0,13.0,0.0,0.0,24.0,2.0,0.0,330.0,330.0,POINT (-124.94267861213194 49.50830671961807)
2021A00055926022,0,2,2,1,7,1,0,27,27,0,4,4,3,64,3,0,108,108,2.0,23.0,6.0,1.0,43.0,10.0,0.0,210.0,211.0,POINT (-124.99490271950233 49.72916393859859)
2021A00055926024,1,2,4,0,9,0,0,43,43,3,4,8,0,33,0,0,166,166,,,,,,,,,,POINT (-125.21619066528122 49.71763701818978)
2021A00055926801,0,0,0,0,0,0,0,0,0,0,0,0,0,0,0,0,0,0,0.0,0.0,0.0,0.0,1.0,0.0,0.0,15.0,15.0,POINT (-124.95340215568014 49.67910459378618)
2021A00055926802,0,0,0,0,0,0,0,0,0,0,0,0,0,0,0,0,0,0,,,,,,,,,,POINT (-125.00696898361376 49.69599393898614)
2021A00055927008,0,4,2,0,9,0,0,35,35,0,24,7,0,43,0,0,163,163,0.0,51.0,13.0,0.0,93.0,0.0,0.0,323.0,323.0,POINT (-124.5191345570571 49.86274766370184)
2021A00055927010,0,0,0,0,0,0,0,0,0,0,0,0,0,0,0,0,0,0,,,,,,,,,,POINT (-124.20011189969372 50.44625612186663)
2021A00055927012,0,0,0,0,0,0,0,0,0,0,0,0,0,0,0,0,0,0,0.0,11.0,3.0,0.0,19.0,0.0,0.0,65.0,65.0,POINT (-124.46124451411514 49.8865187842601)
2021A00055927016,0,0,0,0,0,0,0,0,0,0,0,0,0,0,0,0,0,0,0.0,0.0,0.0,0.0,0.0,0.0,0.0,0.0,0.0,POINT (-124.25092706276739 49.910515881163946)
2021A00055927018,0,0,0,0,1,1,0,3,3,0,0,0,0,2,3,0,20,20,,,,,,,,,,POINT (-124.37971684818996 49.646401063593)
2021A00055927020,0,0,0,0,0,0,0,2,2,0,0,0,0,0,0,0,6,6,,,,,,,,,,POINT (-124.27678283351563 49.47920075258632)
2021A00055927802,0,0,0,0,1,0,0,2,2,0,0,0,0,5,0,0,12,12,,,,,,,,,,POINT (-124.60915555522226 49.90848673932193)
2021A00055927806,0,0,0,0,0,0,0,0,0,0,0,0,0,0,0,0,0,0,,,,,,,,,,POINT (-124.33396954416324 49.77484035143043)
2021A00055929005,1,3,2,1,3,2,0,15,15,6,25,12,6,6,10,0,84,84,,,,,,,,,,POINT (-123.51121915737536 49.40465758694817)
2021A00055929011,0,4,0,0,2,0,0,16,16,0,22,0,0,5,0,0,63,63,,,,,,,,,,POINT (-123.7976691378829 49.482052228432245)
2021A00055929018,0,1,1,0,2,0,0,11,11,0,1,1,0,2,0,0,65,65,,,,,,,,,,POINT (-123.96199339842777 50.05800140625285)
2021A00055929022,0,1,0,0,3,1,0,7,7,0,2,0,0,5,32,0,188,188,,,,,,,,,,POINT (-123.57556659009352 49.74888447210581)
2021A00055929024,0,4,2,0,2,0,0,16,16,0,14,4,0,8,0,0,42,42,,,,,,,,,,POINT (-123.66404083160387 49.477123621897725)
2021A00055929026,0,1,0,0,1,0,0,5,5,0,3,0,0,1,0,0,26,26,,,,,,,,,,POINT (-123.54603684618182 49.42037539086975)
2021A00055929028,0,2,1,1,1,1,0,5,5,0,16,3,3,7,3,0,86,86,,,,,,,,,,POINT (-123.44541266805308 49.54993974591339)
2021A00055929801,0,0,0,0,0,0,0,0,0,0,0,0,0,0,0,0,0,0,,,,,,,,,,POINT (-123.49944353988418 49.40858163713805)
2021A00055929803,0,0,0,0,0,0,0,0,0,0,0,0,0,0,0,0,0,0,,,,,,,,,,POINT (-123.74450579726205 49.474908635211634)
2021A00055931006,4,13,6,2,8,3,0,33,33,20,116,69,58,78,61,0,229,229,20.0,122.0,68.0,58.0,133.0,63.0,0.0,319.0,319.0,POINT (-123.13335962693338 49.77797880290123)
2021A00055931012,0,4,0,0,2,0,0,15,15,0,16,0,0,4,0,0,57,57,,,,,,,,,,POINT (-122.86340886907865 50.31150208286888)
2021A00055931017,0,0,0,0,2,0,0,4,4,0,0,0,0,25,0,0,31,31,,,,,,,,,,POINT (-122.97894934382849 50.50320462593784)
2021A00055931020,0,10,4,0,1,2,0,20,21,0,77,14,0,3,9,0,128,135,,,,,,,,,,POINT (-122.98788108406681 50.08436169533424)
2021A00055931021,0,0,1,0,0,1,0,3,4,0,0,3,0,0,2,0,7,10,,,,,,,,,,POINT (-123.21807896967229 49.95671888446661)
2021A00055931026,0,1,0,0,1,1,0,8,8,0,6,0,0,3,3,0,27,27,,,,,,,,,,POINT (-121.91184724596644 50.68958738199331)
2021A00055931032,0,0,0,0,1,0,0,1,1,0,0,0,0,1,0,0,1,1,,,,,,,,,,POINT (-122.9487963550119 50.864876714535285)
2021A00055931034,0,0,0,0,0,0,0,0,0,0,0,0,0,0,0,0,0,0,,,,,,,,,,POINT (-121.86218685467692 50.899674615270875)
2021A00055931801,0,3,0,0,1,1,0,6,6,0,7,0,0,27,2,0,38,38,,,,,,,,,,POINT (-123.21252683765196 49.83094005719624)
2021A00055931802,0,0,0,0,0,0,0,0,0,0,0,0,0,0,0,0,0,0,0.0,0.0,0.0,0.0,0.0,0.0,0.0,0.0,0.0,POINT (-123.14044639614609 49.743073169482784)
2021A00055931806,0,0,0,0,0,0,0,0,0,0,0,0,0,0,0,0,0,0,,,,,,,,,,POINT (-123.14176475281376 49.75399606095924)
2021A00055931807,0,0,0,0,0,0,0,0,0,0,0,0,0,0,0,0,0,0,0.0,0.0,0.0,0.0,0.0,0.0,0.0,0.0,0.0,POINT (-123.14969512217367 49.6910672953988)
2021A00055931808,0,0,0,0,0,0,0,0,0,0,0,0,0,0,0,0,0,0,4.0,14.0,5.0,2.0,7.0,4.0,0.0,34.0,34.0,POINT (-123.16201598925215 49.77071436336127)
2021A00055931809,0,0,0,0,0,0,0,0,0,0,0,0,0,0,0,0,0,0,,,,,,,,,,POINT (-123.16160088668435 49.72587229831164)
2021A00055931812,0,0,0,0,0,0,0,0,0,0,0,0,0,0,0,0,0,0,,,,,,,,,,POINT (-122.63492088468217 50.30642314737802)
2021A00055931813,0,0,0,0,0,0,0,0,0,0,0,0,0,0,0,0,0,0,,,,,,,,,,POINT (-122.03133701518362 50.80070934260991)
2021A00055931814,0,0,0,0,0,0,0,0,0,0,0,0,0,0,0,0,0,0,,,,,,,,,,POINT (-121.93602672033346 50.67099346708134)
2021A00055931815,0,0,0,0,0,0,0,0,0,0,0,0,0,0,0,0,0,0,,,,,,,,,,POINT (-121.79952566833035 50.63934406549523)
2021A00055931816,0,0,0,0,0,0,0,0,0,0,0,0,0,0,0,0,0,0,,,,,,,,,,POINT (-121.8630116914913 50.735889157611915)
2021A00055931817,0,0,0,0,0,0,0,0,0,0,0,0,0,0,0,0,0,0,,,,,,,,,,POINT (-121.8368574441212 50.77996960768778)
2021A00055931818,0,0,0,0,0,0,0,0,0,0,0,0,0,0,0,0,0,0,,,,,,,,,,POINT (-121.92363265413316 50.75737683154262)
2021A00055931819,0,0,0,0,0,0,0,0,0,0,0,0,0,0,0,0,0,0,,,,,,,,,,POINT (-121.90934940330305 50.720740239350775)
2021A00055931820,0,0,0,0,0,0,0,0,0,0,0,0,0,0,0,0,0,0,,,,,,,,,,POINT (-121.80784526465959 50.68611908351373)
2021A00055931821,0,0,0,0,0,0,0,0,0,0,0,0,0,0,0,0,0,0,,,,,,,,,,POINT (-121.95083817639107 50.69279668283603)
2021A00055931822,0,0,0,0,0,0,0,0,0,0,0,0,0,0,0,0,0,0,,,,,,,,,,POINT (-121.8366360555843 50.70644843091953)
2021A00055931823,0,0,0,0,0,0,0,0,0,0,0,0,0,0,0,0,0,0,,,,,,,,,,POINT (-121.89725781761071 50.65891460884677)
2021A00055931824,0,0,0,0,0,0,0,0,0,0,0,0,0,0,0,0,0,0,,,,,,,,,,POINT (-121.98857893308 50.66760775308872)
2021A00055931825,0,0,0,0,0,0,0,0,0,0,0,0,0,0,0,0,0,0,,,,,,,,,,POINT (-121.8649932907527 50.74436630598257)
2021A00055931826,0,0,0,0,0,0,0,0,0,0,0,0,0,0,0,0,0,0,,,,,,,,,,POINT (-122.29834580521931 50.70343321515207)
2021A00055931827,0,0,0,0,0,0,0,0,0,0,0,0,0,0,0,0,0,0,,,,,,,,,,POINT (-121.785002695264 50.54426614653007)
2021A00055931828,0,0,0,0,0,0,0,0,0,0,0,0,0,0,0,0,0,0,,,,,,,,,,POINT (-121.91423701943214 50.652900833153424)
2021A00055931829,0,0,0,0,0,0,0,0,0,0,0,0,0,0,0,0,0,0,,,,,,,,,,POINT (-121.8401331820486 50.88723002381892)
2021A00055931831,0,0,0,0,0,0,0,0,0,0,0,0,0,0,0,0,0,0,,,,,,,,,,POINT (-122.26623197734042 50.7205787807023)
2021A00055931832,0,0,0,0,0,0,0,1,1,0,0,0,0,0,0,0,1,1,,,,,,,,,,POINT (-121.85270766294825 50.585189680671114)
2021A00055931833,0,0,0,0,0,0,0,0,0,0,0,0,0,0,0,0,0,0,,,,,,,,,,POINT (-122.28080466302761 50.70493563531496)
2021A00055931834,0,0,0,0,0,0,0,0,0,0,0,0,0,0,0,0,0,0,,,,,,,,,,POINT (-121.83317325680764 50.76240215486981)
2021A00055931842,0,0,0,0,0,0,0,0,0,0,0,0,0,0,0,0,0,0,,,,,,,,,,POINT (-121.87918973268927 50.74163844865523)
2021A00055931843,0,0,0,0,0,0,0,0,0,0,0,0,0,0,0,0,0,0,,,,,,,,,,POINT (-122.67218657984722 50.33092164548742)
2021A00055931844,0,0,0,0,0,0,0,0,0,0,0,0,0,0,0,0,0,0,,,,,,,,,,POINT (-122.48154116570926 50.54682819766376)
2021A00055933006,2,6,7,1,7,2,1,19,20,13,29,33,3,235,6,2,281,284,,,,,,,,,,POINT (-120.7736196041611 50.10908848027574)
2021A00055933008,0,0,0,0,0,0,0,3,3,0,0,0,0,0,0,0,68,68,,,,,,,,,,POINT (-120.01838441995908 50.28925694766807)
2021A00055933012,0,0,0,0,0,0,0,1,1,0,0,0,0,0,0,0,1,1,,,,,,,,,,POINT (-120.88696104388802 49.98358906543235)
2021A00055933015,0,0,0,0,0,0,0,1,1,0,0,0,0,0,0,0,1,1,,,,,,,,,,POINT (-121.56694581465894 50.22494407148563)
2021A00055933019,1,0,1,0,1,0,0,7,7,1,0,1,0,72,0,0,122,122,,,,,,,,,,POINT (-121.36090206465246 50.6895089021445)
2021A00055933024,0,0,0,0,0,1,0,4,4,0,0,0,0,0,7,0,18,18,,,,,,,,,,POINT (-121.32138014586216 50.793890831142456)
2021A00055933028,0,0,0,0,2,0,0,4,4,0,0,0,0,7,0,0,11,11,,,,,,,,,,POINT (-121.58057214954576 51.09446362092638)
2021A00055933032,0,0,0,0,0,0,0,1,1,0,0,0,0,0,0,0,2,2,,,,,,,,,,POINT (-121.55691409071969 51.28805991728955)
2021A00055933035,0,1,1,0,0,1,0,3,4,0,2,2,0,0,1,0,6,7,0.0,4.0,4.0,0.0,0.0,1.0,0.0,5.0,6.0,POINT (-121.04946776767977 50.501949429711274)
2021A00055933037,0,0,0,0,0,0,0,1,1,0,0,0,0,0,0,0,1,1,,,,,,,,,,POINT (-121.78592233019235 50.3862951308207)
2021A00055933039,0,0,0,0,0,1,0,8,9,0,0,0,0,0,1,0,174,175,6.0,18.0,14.0,1.0,11.0,12.0,2.0,122.0,128.0,POINT (-120.62878853155986 50.808211483316065)
2021A00055933042,7,19,17,1,14,15,4,112,119,76,248,302,3,282,207,27,1351,1485,86.0,276.0,324.0,3.0,309.0,329.0,42.0,2247.0,2373.0,POINT (-120.41265838301501 50.677004738069286)
2021A00055933044,0,1,0,0,0,0,0,5,5,0,1,0,0,0,0,0,16,16,6.0,25.0,21.0,1.0,26.0,19.0,3.0,181.0,190.0,POINT (-120.14605221399547 50.894949311219825)
2021A00055933045,0,0,0,0,1,0,0,3,3,0,0,0,0,1,0,0,6,6,0.0,0.0,0.0,0.0,1.0,0.0,0.0,24.0,24.0,POINT (-119.89480100983258 50.88691842003289)
2021A00055933054,0,1,1,0,3,0,0,6,6,0,2,15,0,119,0,0,142,142,0.0,3.0,6.0,0.0,52.0,0.0,0.0,78.0,78.0,POINT (-119.68561161765217 50.820671758179465)
2021A00055933060,0,2,2,1,1,2,0,14,15,0,6,6,3,1,6,0,45,48,,,,,,,,,,POINT (-119.93450009764514 50.54083202719962)
2021A00055933067,1,1,2,0,3,0,1,8,8,5,1,6,0,22,0,5,33,33,,,,,,,,,,POINT (-120.01464874502147 51.64203366030623)
2021A00055933068,0,0,0,0,4,0,0,6,6,0,0,0,0,11,0,0,15,15,,,,,,,,,,POINT (-119.91223590914767 52.19707161445287)
2021A00055933070,0,0,0,0,0,0,0,0,0,0,0,0,0,0,0,0,0,0,,,,,,,,,,POINT (-119.15355124710797 52.22188710560803)
2021A00055933072,0,0,0,0,0,0,0,5,5,0,0,0,0,0,0,0,14,14,,,,,,,,,,POINT (-119.56467413013435 51.46625586309024)
2021A00055933074,0,0,0,0,3,0,0,4,4,0,0,0,0,85,0,0,101,101,,,,,,,,,,POINT (-120.12390102807215 51.17044261739354)
2021A00055933801,0,0,0,0,0,0,0,0,0,0,0,0,0,0,0,0,0,0,,,,,,,,,,POINT (-120.85844635333709 50.03146360278851)
2021A00055933802,0,0,0,0,0,0,0,0,0,0,0,0,0,0,0,0,0,0,,,,,,,,,,POINT (-120.28930633784381 50.157180167458485)
2021A00055933803,0,0,0,0,0,0,0,0,0,0,0,0,0,0,0,0,0,0,,,,,,,,,,POINT (-121.51989103200373 50.14876656832832)
2021A00055933805,0,0,0,0,0,0,0,0,0,0,0,0,0,0,0,0,0,0,,,,,,,,,,POINT (-120.75645699643877 50.09178772498329)
2021A00055933806,0,0,0,0,0,0,0,1,1,0,0,0,0,0,0,0,10,10,,,,,,,,,,POINT (-120.47072310563891 50.20303523147951)
2021A00055933807,0,0,0,0,0,0,0,0,0,0,0,0,0,0,0,0,0,0,,,,,,,,,,POINT (-120.84297236897214 50.18240237898608)
2021A00055933808,0,0,0,0,0,0,0,0,0,0,0,0,0,0,0,0,0,0,,,,,,,,,,POINT (-121.05964075871789 50.19275913252627)
2021A00055933809,0,0,0,0,0,0,0,0,0,0,0,0,0,0,0,0,0,0,,,,,,,,,,POINT (-120.9770589583291 49.989795029628695)
2021A00055933810,0,0,0,0,0,0,0,0,0,0,0,0,0,0,0,0,0,0,,,,,,,,,,POINT (-121.3370013605353 50.46238084997947)
2021A00055933811,0,0,0,0,0,0,0,0,0,0,0,0,0,0,0,0,0,0,,,,,,,,,,POINT (-120.66822386135955 50.18434906986909)
2021A00055933812,0,0,0,0,0,0,0,0,0,0,0,0,0,0,0,0,0,0,,,,,,,,,,POINT (-121.37611724819102 50.83880560560946)
2021A00055933813,0,0,0,0,0,0,0,0,0,0,0,0,0,0,0,0,0,0,,,,,,,,,,POINT (-121.62313705620878 50.29533143932059)
2021A00055933814,0,0,0,0,0,0,0,1,1,0,0,0,0,0,0,0,3,3,,,,,,,,,,POINT (-122.15019686836976 51.4700258536658)
2021A00055933817,0,0,0,0,0,0,0,1,1,0,0,0,0,0,0,0,3,3,,,,,,,,,,POINT (-120.96276637954155 50.82357874987814)
2021A00055933819,0,0,0,0,0,0,0,0,0,0,0,0,0,0,0,0,0,0,,,,,,,,,,POINT (-122.00734020265716 51.10605424805652)
2021A00055933821,0,0,0,0,0,0,0,0,0,0,0,0,0,0,0,0,0,0,,,,,,,,,,POINT (-122.02832621981331 51.431192966913066)
2021A00055933823,0,0,0,0,0,0,0,0,0,0,0,0,0,0,0,0,0,0,,,,,,,,,,POINT (-121.57118977398652 50.20099313068275)
2021A00055933824,0,0,0,0,0,0,0,0,0,0,0,0,0,0,0,0,0,0,,,,,,,,,,POINT (-121.57864933013228 50.19507441853149)
2021A00055933825,0,0,0,0,0,0,0,0,0,0,0,0,0,0,0,0,0,0,,,,,,,,,,POINT (-121.57709037268963 50.18818867798432)
2021A00055933828,0,0,0,0,0,0,0,0,0,0,0,0,0,0,0,0,0,0,,,,,,,,,,POINT (-121.3199118174718 50.6319431978056)
2021A00055933829,0,0,0,0,0,0,0,0,0,0,0,0,0,0,0,0,0,0,,,,,,,,,,POINT (-121.57723597696692 50.22766586527004)
2021A00055933831,0,0,0,0,0,0,0,0,0,0,0,0,0,0,0,0,0,0,,,,,,,,,,POINT (-121.57226250797189 50.261949806215405)
2021A00055933832,0,0,0,0,0,0,0,0,0,0,0,0,0,0,0,0,0,0,,,,,,,,,,POINT (-121.5763361657455 50.23606657447474)
2021A00055933833,0,0,0,0,0,0,0,0,0,0,0,0,0,0,0,0,0,0,,,,,,,,,,POINT (-121.60210153714715 50.286463368094864)
2021A00055933834,0,0,0,0,0,0,0,0,0,0,0,0,0,0,0,0,0,0,,,,,,,,,,POINT (-121.31826092089605 50.423690352088485)
2021A00055933836,0,0,0,0,0,0,0,0,0,0,0,0,0,0,0,0,0,0,,,,,,,,,,POINT (-121.49530096933532 50.881100382742595)
2021A00055933837,0,0,0,0,0,0,0,0,0,0,0,0,0,0,0,0,0,0,,,,,,,,,,POINT (-121.37858742000886 50.61370942686638)
2021A00055933839,0,0,0,0,0,0,0,0,0,0,0,0,0,0,0,0,0,0,,,,,,,,,,POINT (-121.71174425166308 50.4404317029081)
2021A00055933840,0,0,0,0,0,0,0,0,0,0,0,0,0,0,0,0,0,0,,,,,,,,,,POINT (-121.70923878157515 50.42653575541304)
2021A00055933841,0,0,0,0,0,0,0,0,0,0,0,0,0,0,0,0,0,0,,,,,,,,,,POINT (-121.64927812646843 50.307324337781296)
2021A00055933842,0,0,0,0,0,0,0,0,0,0,0,0,0,0,0,0,0,0,,,,,,,,,,POINT (-121.62280808198622 50.2723232967479)
2021A00055933844,0,0,0,0,0,0,0,0,0,0,0,0,0,0,0,0,0,0,,,,,,,,,,POINT (-121.31271020796054 50.719553523499)
2021A00055933845,0,0,0,0,0,0,0,0,0,0,0,0,0,0,0,0,0,0,,,,,,,,,,POINT (-121.31442978848474 50.73103754001345)
2021A00055933846,0,0,0,0,0,0,0,0,0,0,0,0,0,0,0,0,0,0,,,,,,,,,,POINT (-121.32295761374644 50.59962129608696)
2021A00055933848,0,0,0,0,0,0,0,0,0,0,0,0,0,0,0,0,0,0,,,,,,,,,,POINT (-121.70055930988588 50.44766198381293)
2021A00055933849,0,0,0,0,0,0,0,0,0,0,0,0,0,0,0,0,0,0,,,,,,,,,,POINT (-121.57083539608566 50.13614389073602)
2021A00055933850,0,0,0,0,0,0,0,0,0,0,0,0,0,0,0,0,0,0,,,,,,,,,,POINT (-121.58601952485427 50.207455595088575)
2021A00055933851,0,0,0,0,0,0,0,0,0,0,0,0,0,0,0,0,0,0,,,,,,,,,,POINT (-121.40250227989492 50.263414358256114)
2021A00055933852,0,0,0,0,0,0,0,0,0,0,0,0,0,0,0,0,0,0,,,,,,,,,,POINT (-121.59980169044532 50.249686953775786)
2021A00055933853,0,0,0,0,0,0,0,0,0,0,0,0,0,0,0,0,0,0,,,,,,,,,,POINT (-121.5889799009212 50.25763811620922)
2021A00055933854,0,0,0,0,0,0,0,0,0,0,0,0,0,0,0,0,0,0,,,,,,,,,,POINT (-121.31711089575889 50.61634594645882)
2021A00055933855,0,0,0,0,0,0,0,0,0,0,0,0,0,0,0,0,0,0,,,,,,,,,,POINT (-121.59276819423675 50.23751478740913)
2021A00055933857,0,0,0,0,0,0,0,0,0,0,0,0,0,0,0,0,0,0,,,,,,,,,,POINT (-121.26775252204445 50.48832355762374)
2021A00055933858,0,0,0,0,0,0,0,0,0,0,0,0,0,0,0,0,0,0,,,,,,,,,,POINT (-121.73549013391492 50.49972064460114)
2021A00055933859,0,0,0,0,0,0,0,0,0,0,0,0,0,0,0,0,0,0,,,,,,,,,,POINT (-121.18908566853854 50.28792485934428)
2021A00055933861,0,0,0,0,0,0,0,0,0,0,0,0,0,0,0,0,0,0,,,,,,,,,,POINT (-121.23728174862687 50.363014750085725)
2021A00055933865,0,0,0,0,0,0,0,0,0,0,0,0,0,0,0,0,0,0,,,,,,,,,,POINT (-121.5801743168779 50.172227941937315)
2021A00055933866,0,0,0,0,0,0,0,0,0,0,0,0,0,0,0,0,0,0,,,,,,,,,,POINT (-121.59064691357153 50.19239419617138)
2021A00055933868,0,0,0,0,0,0,0,0,0,0,0,0,0,0,0,0,0,0,,,,,,,,,,POINT (-121.65118420225194 50.33823360118003)
2021A00055933870,0,0,0,0,0,0,0,0,0,0,0,0,0,0,0,0,0,0,,,,,,,,,,POINT (-121.65875127921775 50.330380764045735)
2021A00055933872,0,0,0,0,0,0,0,0,0,0,0,0,0,0,0,0,0,0,,,,,,,,,,POINT (-121.66513340791802 50.81931874458725)
2021A00055933873,0,0,0,0,0,0,0,0,0,0,0,0,0,0,0,0,0,0,,,,,,,,,,POINT (-121.63543192336394 50.28586393725944)
2021A00055933874,0,0,0,0,0,0,0,0,0,0,0,0,0,0,0,0,0,0,,,,,,,,,,POINT (-121.6796400889613 50.37363402530945)
2021A00055933875,0,0,0,0,0,0,0,0,0,0,0,0,0,0,0,0,0,0,,,,,,,,,,POINT (-121.57608897842475 50.81562973126596)
2021A00055933876,0,0,0,0,0,0,0,0,0,0,0,0,0,0,0,0,0,0,,,,,,,,,,POINT (-121.25984854246859 50.66269741589325)
2021A00055933877,0,0,0,0,0,0,0,0,0,0,0,0,0,0,0,0,0,0,0.0,0.0,0.0,0.0,0.0,0.0,0.0,0.0,0.0,POINT (-120.24232738238243 50.987029984569)
2021A00055933878,0,0,0,0,0,0,0,0,0,0,0,0,0,0,0,0,0,0,,,,,,,,,,POINT (-121.67335496609958 50.34681529263771)
2021A00055933879,0,0,0,0,0,0,0,0,0,0,0,0,0,0,0,0,0,0,,,,,,,,,,POINT (-121.57583420858137 50.15407830253741)
2021A00055933880,1,3,4,0,4,2,1,17,17,16,49,50,0,45,39,20,235,235,7.0,23.0,20.0,1.0,18.0,21.0,3.0,154.0,162.0,POINT (-120.2579089956997 50.728276583798824)
2021A00055933881,0,0,0,0,0,0,0,1,1,0,0,0,0,0,0,0,3,3,,,,,,,,,,POINT (-121.3601644065182 50.41461155112863)
2021A00055933882,0,0,0,0,0,0,0,0,0,0,0,0,0,0,0,0,0,0,,,,,,,,,,POINT (-121.56015436742182 50.114453911108825)
2021A00055933884,0,0,0,0,0,0,0,0,0,0,0,0,0,0,0,0,0,0,0.0,2.0,1.0,0.0,9.0,0.0,0.0,18.0,18.0,POINT (-119.73028845513186 50.81119958448008)
2021A00055933886,0,0,0,0,0,0,0,0,0,0,0,0,0,0,0,0,0,0,,,,,,,,,,POINT (-120.19904563512229 51.42194211814139)
2021A00055933887,0,0,0,0,0,0,0,0,0,0,0,0,0,0,0,0,0,0,,,,,,,,,,POINT (-120.15762625606965 51.29431099180574)
2021A00055933888,0,0,0,0,0,0,0,0,0,0,0,0,0,0,0,0,0,0,,,,,,,,,,POINT (-120.12575380379431 51.13415648198416)
2021A00055933889,0,0,0,0,0,0,0,0,0,0,0,0,0,0,0,0,0,0,,,,,,,,,,POINT (-119.7778413464492 51.07900600802299)
2021A00055933892,0,0,0,0,0,0,0,0,0,0,0,0,0,0,0,0,0,0,,,,,,,,,,POINT (-119.61740019841673 50.84614280200642)
2021A00055933893,0,0,0,0,0,0,0,0,0,0,0,0,0,0,0,0,0,0,,,,,,,,,,POINT (-121.33728961381823 50.428610419604624)
2021A00055933895,0,0,0,0,0,0,0,0,0,0,0,0,0,0,0,0,0,0,,,,,,,,,,POINT (-121.35603864026652 50.41673233395459)
2021A00055933896,0,0,0,0,0,0,0,0,0,0,0,0,0,0,0,0,0,0,,,,,,,,,,POINT (-121.55450114782886 50.109202937455926)
2021A00055933897,0,0,0,0,0,0,0,0,0,0,0,0,0,0,0,0,0,0,,,,,,,,,,POINT (-121.54499076322797 50.05587375148334)
2021A00055933898,0,1,0,0,0,0,0,1,1,0,3,0,0,0,0,0,3,3,,,,,,,,,,POINT (-119.75270350333973 50.776038592585905)
2021A00055933899,0,0,0,0,0,0,0,0,0,0,0,0,0,0,0,0,0,0,,,,,,,,,,POINT (-121.3119170347192 50.466957310962606)
2021A00055935010,10,70,37,9,28,30,2,292,306,79,772,514,117,557,430,33,3431,3728,47.0,535.0,371.0,84.0,504.0,365.0,18.0,2492.0,2721.0,POINT (-119.44127915513465 49.90245017269182)
2021A00055935012,0,2,1,0,1,0,0,15,15,0,4,2,0,3,0,0,324,324,8.0,46.0,26.0,5.0,25.0,22.0,2.0,201.0,214.0,POINT (-119.13711634754266 49.98095649874219)
2021A00055935016,2,9,4,2,4,3,0,50,51,17,51,15,8,23,9,0,332,347,9.0,70.0,50.0,5.0,14.0,46.0,0.0,364.0,412.0,POINT (-119.40031373000605 50.07741198797371)
2021A00055935018,0,1,0,0,0,1,0,5,5,0,2,0,0,0,2,0,34,34,1.0,19.0,9.0,3.0,29.0,20.0,0.0,123.0,128.0,POINT (-119.7659397027158 49.76560595567276)
2021A00055935020,0,0,0,0,0,0,0,2,2,0,0,0,0,0,0,0,3,3,12.0,38.0,21.0,3.0,15.0,20.0,1.0,166.0,175.0,POINT (-119.7539582156237 49.96923683650805)
2021A00055935029,1,19,8,2,11,12,0,67,71,2,115,83,37,360,137,0,784,828,17.0,160.0,104.0,25.0,149.0,104.0,6.0,731.0,790.0,POINT (-119.63635703298269 49.86132839478479)
2021A00055935801,0,1,1,0,0,1,0,4,5,0,75,75,0,0,75,0,57,132,7.0,37.0,20.0,3.0,15.0,19.0,1.0,116.0,127.0,POINT (-119.39730097813302 50.0075890263946)
2021A00055935802,0,2,0,0,0,0,0,7,7,0,6,0,0,0,0,0,73,73,8.0,54.0,32.0,6.0,37.0,31.0,2.0,219.0,236.0,POINT (-119.60722580325319 49.83729296514276)
2021A00055935803,0,1,0,0,0,1,0,1,1,0,2,0,0,0,2,0,2,2,7.0,31.0,16.0,2.0,11.0,16.0,1.0,131.0,139.0,POINT (-119.53592920606903 49.88440735728109)
2021A00055937005,1,1,1,0,1,1,0,7,8,2,8,35,0,1,35,0,15,50,,,,,,,,,,POINT (-118.97628239897095 50.250014415234084)
2021A00055937010,0,1,2,0,5,0,0,21,21,0,41,22,0,361,0,0,522,522,30.0,85.0,36.0,1.0,121.0,22.0,0.0,449.0,469.0,POINT (-119.1662335894916 50.23083423794409)
2021A00055937014,8,25,11,1,10,3,0,85,86,94,222,65,3,65,40,0,645,680,83.0,235.0,85.0,3.0,446.0,36.0,0.0,1252.0,1283.0,POINT (-119.33602913467851 50.235585806659216)
2021A00055937017,0,1,3,0,4,0,0,13,13,0,2,7,0,84,0,0,168,168,20.0,50.0,18.0,1.0,30.0,9.0,0.0,198.0,205.0,POINT (-119.51978203775845 50.33927233290446)
2021A00055937021,0,2,0,0,1,0,0,11,11,0,7,0,0,1,0,0,48,48,5.0,15.0,19.0,3.0,51.0,12.0,0.0,215.0,223.0,POINT (-119.10372919257783 50.34553988982469)
2021A00055937022,0,0,0,0,4,0,0,12,12,0,0,0,0,20,0,0,96,96,,,,,,,,,,POINT (-118.92232079234212 50.1254464389527)
2021A00055937023,0,1,0,0,1,0,0,2,2,0,1,0,0,4,0,0,5,5,,,,,,,,,,POINT (-118.50285023100476 50.28210805681853)
2021A00055937024,2,6,10,1,6,4,0,64,67,6,59,124,26,318,91,0,1185,1250,,,,,,,,,,POINT (-119.13135732303236 50.46552598068428)
2021A00055937028,2,2,2,0,1,1,0,13,13,14,13,16,0,5,1,0,64,64,,,,,,,,,,POINT (-119.19979012267498 50.441827984614356)
2021A00055937033,1,0,0,0,1,0,0,14,14,3,0,0,0,3,0,0,62,62,,,,,,,,,,POINT (-119.13977262583917 50.55760545364035)
2021A00055937041,0,1,1,0,4,1,0,29,30,0,7,7,0,88,7,0,254,261,,,,,,,,,,POINT (-118.77217864486155 50.6552450522886)
2021A00055937801,0,0,1,0,1,0,0,3,3,0,0,1,0,1,0,0,10,10,9.0,22.0,9.0,1.0,10.0,4.0,0.0,120.0,122.0,POINT (-119.36896069807854 50.324835476574535)
2021A00055937802,0,0,0,0,1,0,0,1,1,0,0,0,0,10,0,0,10,10,,,,,,,,,,POINT (-119.15316954922167 50.524082762129794)
2021A00055937803,0,0,0,0,0,0,0,0,0,0,0,0,0,0,0,0,0,0,0.0,0.0,0.0,0.0,0.0,0.0,0.0,0.0,0.0,POINT (-119.34029647771901 50.24682031411897)
2021A00055937805,0,0,0,0,0,0,0,0,0,0,0,0,0,0,0,0,0,0,,,,,,,,,,POINT (-119.23361270973517 50.38727167944072)
2021A00055939007,0,1,0,0,0,0,0,2,2,0,6,0,0,0,0,0,9,9,,,,,,,,,,POINT (-116.96065351270398 51.299044649776434)
2021A00055939011,0,0,0,0,2,0,0,6,6,0,0,0,0,64,0,0,84,84,,,,,,,,,,POINT (-117.44383949717363 51.597962468726905)
2021A00055939019,0,7,2,0,4,0,0,20,20,0,27,2,0,270,0,0,342,342,,,,,,,,,,POINT (-118.18458273087266 50.993185628720944)
2021A00055939023,0,1,1,0,1,0,0,3,3,0,1,1,0,3,0,0,6,6,,,,,,,,,,POINT (-118.20715851968552 51.30135258103484)
2021A00055939032,3,16,14,4,7,10,0,61,65,21,241,227,48,21,143,0,922,1010,11.0,113.0,105.0,22.0,24.0,83.0,0.0,624.0,665.0,POINT (-119.23609643475274 50.716860785247206)
2021A00055939037,1,1,1,0,2,1,1,21,21,7,2,1,0,2,1,7,62,62,,,,,,,,,,POINT (-119.26039179481886 50.862688185844625)
2021A00055939039,0,2,2,0,5,1,0,15,16,0,8,4,0,10,3,0,38,41,,,,,,,,,,POINT (-119.45227773898014 50.57548852097158)
2021A00055939043,0,1,1,0,3,0,0,7,7,0,5,5,0,35,0,0,53,53,,,,,,,,,,POINT (-118.75067722580076 51.02807130405525)
2021A00055939044,0,0,0,0,1,0,0,3,3,0,0,0,0,7,0,0,11,11,,,,,,,,,,POINT (-118.93123421922459 51.36054417836892)
2021A00055939045,1,2,1,0,1,0,0,5,6,3,11,1,0,1,0,0,28,31,,,,,,,,,,POINT (-118.97716068732362 50.83244287143769)
2021A00055939801,0,0,0,0,0,0,0,1,1,0,0,0,0,0,0,0,15,15,,,,,,,,,,POINT (-119.58789766257034 50.86208116915354)
2021A00055939802,0,0,0,0,0,0,0,0,0,0,0,0,0,0,0,0,0,0,,,,,,,,,,POINT (-119.63152478194407 50.95675906344797)
2021A00055939803,0,0,0,0,1,0,0,1,1,0,0,0,0,6,0,0,6,6,,,,,,,,,,POINT (-119.32272732566608 50.78496929075903)
2021A00055939804,0,0,0,0,0,0,0,0,0,0,0,0,0,0,0,0,0,0,,,,,,,,,,POINT (-119.3464867652651 50.44652603153256)
2021A00055939805,0,0,0,0,1,0,0,1,1,0,0,0,0,2,0,0,2,2,,,,,,,,,,POINT (-119.5965674321913 50.885877554344155)
2021A00055939806,0,0,0,0,0,0,0,0,0,0,0,0,0,0,0,0,0,0,,,,,,,,,,POINT (-119.3203167894627 50.494055659292634)
2021A00055939807,0,0,0,0,0,0,0,0,0,0,0,0,0,0,0,0,0,0,,,,,,,,,,POINT (-119.48217045696865 50.91679170095)
2021A00055939808,0,0,0,0,0,0,0,1,1,0,0,0,0,0,0,0,17,17,0.0,0.0,0.0,0.0,0.0,0.0,0.0,0.0,0.0,POINT (-119.32737740978858 50.70974560733719)
2021A00055939811,0,0,0,0,0,0,0,0,0,0,0,0,0,0,0,0,0,0,0.0,0.0,0.0,0.0,0.0,0.0,0.0,0.0,0.0,POINT (-119.3213294770156 50.73507493053612)
2021A00055941005,0,0,0,0,0,0,0,0,0,0,0,0,0,0,0,0,0,0,,,,,,,,,,POINT (-121.30344847214027 51.640368305329304)
2021A00055941009,0,7,4,1,11,4,0,31,32,0,63,58,3,229,12,0,671,674,0.0,41.0,36.0,2.0,180.0,7.0,0.0,488.0,490.0,POINT (-122.1461418504876 52.12772582612514)
2021A00055941010,0,1,3,0,6,5,0,15,17,0,1,9,0,380,22,0,409,417,0.0,14.0,10.0,1.0,84.0,8.0,0.0,185.0,188.0,POINT (-122.1459874098784 52.37171848793996)
2021A00055941012,0,0,0,0,1,0,0,3,3,0,0,0,0,1,0,0,5,5,1.0,13.0,11.0,2.0,111.0,9.0,0.0,227.0,230.0,POINT (-122.2516279586767 51.79160764436358)
2021A00055941013,0,2,2,0,6,1,0,14,15,0,7,4,0,319,3,0,827,830,0.0,5.0,3.0,0.0,168.0,2.0,0.0,445.0,447.0,POINT (-122.5186750691585 52.98199979502464)
2021A00055941014,0,0,0,0,1,1,0,5,6,0,0,0,0,1,1,0,10,11,1.0,14.0,11.0,2.0,118.0,9.0,0.0,253.0,256.0,POINT (-121.1806664404691 52.460752185837634)
2021A00055941015,1,3,3,2,6,3,0,26,26,7,15,15,8,284,11,0,377,377,,,,,,,,,,POINT (-121.58030263080813 51.6800084276524)
2021A00055941016,0,0,0,0,0,0,0,1,1,0,0,0,0,0,0,0,1,1,,,,,,,,,,POINT (-120.7654413896153 51.879990748048336)
2021A00055941017,0,3,3,2,4,2,0,16,16,0,8,7,6,4,6,0,47,47,,,,,,,,,,POINT (-120.91973662826989 51.536522626453)
2021A00055941019,0,1,0,0,4,0,0,15,15,0,20,0,0,12,0,0,62,62,0.0,9.0,5.0,0.0,206.0,10.0,0.0,391.0,395.0,POINT (-122.32884667508635 52.767344536831615)
2021A00055941021,0,0,2,0,6,1,0,11,12,0,0,13,0,303,3,0,330,333,0.0,3.0,5.0,0.0,129.0,9.0,0.0,252.0,254.0,POINT (-122.65196324226835 53.171113253809224)
2021A00055941025,0,0,0,0,0,0,0,0,0,0,0,0,0,0,0,0,0,0,0.0,0.0,0.0,0.0,0.0,2.0,0.0,2.0,2.0,POINT (-121.62082768462592 53.1076067098861)
2021A00055941026,0,0,0,0,3,2,0,5,5,0,0,0,0,5,2,0,7,7,0.0,4.0,3.0,0.0,38.0,4.0,0.0,89.0,91.0,POINT (-122.02479996514363 53.00964047755536)
2021A00055941027,0,0,0,0,0,0,0,2,2,0,0,0,0,0,0,0,4,4,0.0,3.0,3.0,0.0,59.0,6.0,0.0,130.0,132.0,POINT (-123.44270949446319 53.06529036554755)
2021A00055941039,0,0,0,0,0,0,0,5,5,0,0,0,0,0,0,0,15,15,,,,,,,,,,POINT (-124.87455803146581 52.01579162676172)
2021A00055941041,0,0,0,0,1,0,0,4,4,0,0,0,0,12,0,0,24,24,,,,,,,,,,POINT (-123.01751929820058 51.885600575335694)
2021A00055941801,0,0,0,0,0,0,0,0,0,0,0,0,0,0,0,0,0,0,0.0,0.0,0.0,0.0,4.0,0.0,0.0,15.0,15.0,POINT (-122.22131624093058 51.78902685968038)
2021A00055941802,0,0,0,0,0,0,0,1,1,0,0,0,0,0,0,0,2,2,,,,,,,,,,POINT (-120.97591329091735 51.77779721955672)
2021A00055941803,0,0,0,0,0,0,0,0,0,0,0,0,0,0,0,0,0,0,,,,,,,,,,POINT (-121.47285619506863 51.7958770805381)
2021A00055941804,0,0,0,0,0,0,0,0,0,0,0,0,0,0,0,0,0,0,,,,,,,,,,POINT (-122.24244481713556 51.53193346631256)
2021A00055941805,0,0,0,0,0,0,0,0,0,0,0,0,0,0,0,0,0,0,0.0,0.0,0.0,0.0,0.0,0.0,0.0,0.0,0.0,POINT (-122.09093440032817 52.26355624074666)
2021A00055941806,0,0,0,0,0,0,0,0,0,0,0,0,0,0,0,0,0,0,0.0,0.0,0.0,0.0,0.0,0.0,0.0,0.0,0.0,POINT (-122.20293543338224 51.587744751449925)
2021A00055941807,0,0,0,0,0,0,0,0,0,0,0,0,0,0,0,0,0,0,,,,,,,,,,POINT (-122.09242495759877 51.59548143882226)
2021A00055941808,0,0,0,0,0,0,0,0,0,0,0,0,0,0,0,0,0,0,,,,,,,,,,POINT (-123.93562342801289 51.46904263071615)
2021A00055941809,0,0,0,0,0,0,0,0,0,0,0,0,0,0,0,0,0,0,0.0,0.0,0.0,0.0,0.0,0.0,0.0,0.0,0.0,POINT (-122.46860981396215 52.952441462686345)
2021A00055941810,0,0,0,0,0,0,0,0,0,0,0,0,0,0,0,0,0,0,,,,,,,,,,POINT (-122.26473023917383 52.32383182882719)
2021A00055941811,0,0,0,0,0,0,0,0,0,0,0,0,0,0,0,0,0,0,,,,,,,,,,POINT (-122.16984735098748 51.833914423888956)
2021A00055941812,0,0,0,0,0,0,0,1,1,0,0,0,0,0,0,0,1,1,0.0,0.0,0.0,0.0,2.0,0.0,0.0,7.0,7.0,POINT (-121.98041722196243 52.10988849263783)
2021A00055941813,0,0,0,0,0,0,0,0,0,0,0,0,0,0,0,0,0,0,,,,,,,,,,POINT (-121.13131613194362 51.74229112093828)
2021A00055941817,0,0,0,0,0,0,0,0,0,0,0,0,0,0,0,0,0,0,,,,,,,,,,POINT (-124.31076792461413 52.20407957574381)
2021A00055941818,0,0,0,0,0,0,0,0,0,0,0,0,0,0,0,0,0,0,,,,,,,,,,POINT (-124.31491877815961 52.17509039836463)
2021A00055941821,0,0,0,0,0,0,0,0,0,0,0,0,0,0,0,0,0,0,,,,,,,,,,POINT (-123.16520815243051 52.02500347904364)
2021A00055941827,0,0,0,0,0,0,0,0,0,0,0,0,0,0,0,0,0,0,,,,,,,,,,POINT (-124.2260316008476 52.30418626926234)
2021A00055941828,0,0,0,0,0,0,0,0,0,0,0,0,0,0,0,0,0,0,,,,,,,,,,POINT (-124.11328052047101 51.413389754552036)
2021A00055941829,0,0,0,0,0,0,0,0,0,0,0,0,0,0,0,0,0,0,,,,,,,,,,POINT (-124.10573933621495 51.4223872171863)
2021A00055941831,0,0,0,0,0,0,0,0,0,0,0,0,0,0,0,0,0,0,,,,,,,,,,POINT (-123.83907105865248 51.48308180134563)
2021A00055941833,0,0,0,0,0,0,0,0,0,0,0,0,0,0,0,0,0,0,,,,,,,,,,POINT (-124.49502237390324 53.092137999141826)
2021A00055941835,0,0,0,0,0,0,0,0,0,0,0,0,0,0,0,0,0,0,,,,,,,,,,POINT (-123.84306184251318 52.98986674371349)
2021A00055941837,0,0,0,0,0,0,0,0,0,0,0,0,0,0,0,0,0,0,0.0,0.0,0.0,0.0,0.0,0.0,0.0,0.0,0.0,POINT (-123.58160373555673 52.953307809163086)
2021A00055941838,0,0,0,0,0,0,0,0,0,0,0,0,0,0,0,0,0,0,,,,,,,,,,POINT (-124.05873159803177 52.20628417174898)
2021A00055941839,0,0,0,0,0,0,0,0,0,0,0,0,0,0,0,0,0,0,,,,,,,,,,POINT (-123.95499598177408 52.13891411760913)
2021A00055941840,0,0,0,0,0,0,0,3,3,0,0,0,0,0,0,0,6,6,,,,,,,,,,POINT (-125.29943798612892 52.47645763642919)
2021A00055941841,0,0,0,0,0,0,0,3,3,0,0,0,0,0,0,0,7,7,,,,,,,,,,POINT (-123.15452236141746 51.93172109880194)
2021A00055941844,0,0,0,0,0,0,0,0,0,0,0,0,0,0,0,0,0,0,,,,,,,,,,POINT (-124.1648809719265 52.28818143216557)
2021A00055941845,0,0,0,0,0,0,0,0,0,0,0,0,0,0,0,0,0,0,,,,,,,,,,POINT (-125.3198520702271 52.48953335023758)
2021A00055941848,0,0,0,0,0,0,0,0,0,0,0,0,0,0,0,0,0,0,,,,,,,,,,POINT (-124.26413324672083 52.31879641017836)
2021A00055941849,0,0,0,0,0,0,0,0,0,0,0,0,0,0,0,0,0,0,,,,,,,,,,POINT (-122.55473213036778 51.99790650826688)
2021A00055941850,0,0,1,0,1,0,0,2,2,0,0,10,0,10,0,0,13,13,,,,,,,,,,POINT (-122.48442952026953 51.91792440675413)
2021A00055941851,0,0,0,0,0,0,0,0,0,0,0,0,0,0,0,0,0,0,,,,,,,,,,POINT (-125.11926594868712 52.2902465269361)
2021A00055941852,0,0,0,0,0,0,0,0,0,0,0,0,0,0,0,0,0,0,,,,,,,,,,POINT (-123.53144503605435 53.18311446886349)
2021A00055941854,0,0,0,0,0,0,0,0,0,0,0,0,0,0,0,0,0,0,,,,,,,,,,POINT (-125.04618892604107 52.37678419951139)
2021A00055941855,0,0,0,0,0,0,0,0,0,0,0,0,0,0,0,0,0,0,,,,,,,,,,POINT (-121.58058712737788 51.84916585373579)
2021A00055941856,0,0,0,0,0,0,0,0,0,0,0,0,0,0,0,0,0,0,,,,,,,,,,POINT (-124.2833333811438 52.49163345062494)
2021A00055941861,0,0,0,0,0,0,0,0,0,0,0,0,0,0,0,0,0,0,,,,,,,,,,POINT (-125.4056104452513 52.91925916809858)
2021A00055941862,0,0,0,0,0,0,0,0,0,0,0,0,0,0,0,0,0,0,,,,,,,,,,POINT (-125.15960456876657 52.97068608080484)
2021A00055941864,0,0,0,0,0,0,0,0,0,0,0,0,0,0,0,0,0,0,,,,,,,,,,POINT (-124.33468917762649 53.12078355400687)
2021A00055941866,0,0,0,0,0,0,0,0,0,0,0,0,0,0,0,0,0,0,,,,,,,,,,POINT (-123.50243779381537 53.215272406577334)
2021A00055941868,0,0,0,0,0,0,0,0,0,0,0,0,0,0,0,0,0,0,,,,,,,,,,POINT (-122.09621870858248 51.82020677021129)
2021A00055941871,0,0,0,0,0,0,0,0,0,0,0,0,0,0,0,0,0,0,,,,,,,,,,POINT (-125.1550940772491 52.358268130722806)
2021A00055941872,0,0,0,0,0,0,0,0,0,0,0,0,0,0,0,0,0,0,,,,,,,,,,POINT (-122.11416517580396 51.8419211855273)
2021A00055941873,0,0,0,0,0,0,0,0,0,0,0,0,0,0,0,0,0,0,,,,,,,,,,POINT (-122.11732676091984 51.82420942304558)
2021A00055941876,0,0,0,0,0,0,0,0,0,0,0,0,0,0,0,0,0,0,,,,,,,,,,POINT (-124.07083024091204 51.41722029065735)
2021A00055941879,0,0,0,0,0,0,0,0,0,0,0,0,0,0,0,0,0,0,,,,,,,,,,POINT (-123.91487551346131 52.15025125464134)
2021A00055941880,0,0,0,0,0,0,0,0,0,0,0,0,0,0,0,0,0,0,,,,,,,,,,POINT (-125.27384036762186 52.44923993224954)
2021A00055941881,0,0,0,0,0,0,0,0,0,0,0,0,0,0,0,0,0,0,,,,,,,,,,POINT (-123.81162819587806 52.988411338677786)
2021A00055941882,0,0,0,0,0,0,0,0,0,0,0,0,0,0,0,0,0,0,,,,,,,,,,POINT (-122.49255691108935 52.576045358914286)
2021A00055941883,0,0,0,0,0,0,0,0,0,0,0,0,0,0,0,0,0,0,,,,,,,,,,POINT (-123.23019672298253 52.10454594671415)
2021A00055941884,0,0,0,0,0,0,0,0,0,0,0,0,0,0,0,0,0,0,,,,,,,,,,POINT (-124.05004858658937 51.43626350096783)
2021A00055941885,0,0,0,0,0,0,0,0,0,0,0,0,0,0,0,0,0,0,,,,,,,,,,POINT (-122.08922366198787 51.85272926174775)
2021A00055941886,0,0,0,0,0,0,0,0,0,0,0,0,0,0,0,0,0,0,,,,,,,,,,POINT (-122.42915838295741 52.97102833975736)
2021A00055943008,0,1,1,0,0,0,0,3,3,0,1,1,0,0,0,0,5,5,,,,,,,,,,POINT (-126.92073758503446 50.58251369129376)
2021A00055943012,0,0,0,0,2,0,0,3,3,0,0,0,0,5,0,0,7,7,,,,,,,,,,POINT (-127.15862495734727 50.59490445553958)
2021A00055943017,0,0,0,0,1,0,0,1,1,0,0,0,0,42,0,0,42,42,,,,,,,,,,POINT (-127.47763952777362 50.41038128490694)
2021A00055943023,0,0,0,0,3,1,0,14,14,0,0,0,0,5,7,0,191,191,,,,,,,,,,POINT (-127.44270312333946 50.69180618407992)
2021A00055943027,0,0,0,0,1,0,0,1,1,0,0,0,0,1,0,0,1,1,,,,,,,,,,POINT (-127.94142977904858 50.701054057222024)
2021A00055943031,0,1,0,0,1,0,0,2,2,0,7,0,0,1,0,0,8,8,,,,,,,,,,POINT (-127.37965777961142 50.551866432655466)
2021A00055943033,0,0,0,0,0,0,0,0,0,0,0,0,0,0,0,0,0,0,,,,,,,,,,POINT (-126.4994500155357 50.30926927137455)
2021A00055943037,0,0,0,0,1,0,0,4,4,0,0,0,0,1,0,0,9,9,,,,,,,,,,POINT (-125.92131952603197 51.221364911451886)
2021A00055943804,0,0,0,0,0,0,0,0,0,0,0,0,0,0,0,0,0,0,,,,,,,,,,POINT (-127.4053886327521 50.69549661047537)
2021A00055943806,0,0,0,0,0,0,0,0,0,0,0,0,0,0,0,0,0,0,,,,,,,,,,POINT (-127.49870863324408 50.73577221381849)
2021A00055943807,0,0,0,0,0,0,0,0,0,0,0,0,0,0,0,0,0,0,,,,,,,,,,POINT (-126.59429442771636 50.59494471547823)
2021A00055943808,0,0,0,0,0,0,0,0,0,0,0,0,0,0,0,0,0,0,,,,,,,,,,POINT (-126.59756812540026 50.694264227890585)
2021A00055943809,0,0,0,0,0,0,0,0,0,0,0,0,0,0,0,0,0,0,,,,,,,,,,POINT (-126.82104957140456 50.92386033648843)
2021A00055943813,0,0,0,0,0,0,0,0,0,0,0,0,0,0,0,0,0,0,,,,,,,,,,POINT (-126.18010828242853 50.969645502046134)
2021A00055943815,0,0,0,0,0,0,0,1,1,0,0,0,0,0,0,0,12,12,,,,,,,,,,POINT (-127.41094477850038 50.693586374835235)
2021A00055943816,0,0,0,0,0,0,0,0,0,0,0,0,0,0,0,0,0,0,,,,,,,,,,POINT (-127.57036117146808 50.61566432537627)
2021A00055943817,0,0,0,0,0,0,0,0,0,0,0,0,0,0,0,0,0,0,,,,,,,,,,POINT (-127.38329945731289 50.696904175723624)
2021A00055943826,0,0,0,0,0,0,0,0,0,0,0,0,0,0,0,0,0,0,,,,,,,,,,POINT (-127.38785564556345 50.69781687745401)
2021A00055943835,0,0,0,0,0,0,0,0,0,0,0,0,0,0,0,0,0,0,,,,,,,,,,POINT (-126.92708902410565 50.58270473516)
2021A00055943836,0,0,0,0,0,0,0,0,0,0,0,0,0,0,0,0,0,0,,,,,,,,,,POINT (-127.89132633598432 50.91826471079982)
2021A00055943837,0,0,0,0,0,0,0,0,0,0,0,0,0,0,0,0,0,0,,,,,,,,,,POINT (-126.94128559000438 50.59345756890264)
2021A00055945006,0,0,0,0,0,0,0,0,0,0,0,0,0,0,0,0,0,0,,,,,,,,,,POINT (-127.5588244253033 52.64014675074667)
2021A00055945010,0,0,0,0,1,0,0,1,1,0,0,0,0,5,0,0,5,5,,,,,,,,,,POINT (-125.87342927324787 52.33388773319861)
2021A00055945012,0,0,0,0,0,0,0,0,0,0,0,0,0,0,0,0,0,0,,,,,,,,,,POINT (-126.67340710327963 52.40628084338762)
2021A00055945014,0,0,0,0,0,0,0,0,0,0,0,0,0,0,0,0,0,0,,,,,,,,,,POINT (-126.766325134276 52.476534450013006)
2021A00055945801,0,0,0,0,0,0,0,1,1,0,0,0,0,0,0,0,8,8,,,,,,,,,,POINT (-128.1546990253287 52.157346357705705)
2021A00055945802,0,0,0,0,2,0,0,2,2,0,0,0,0,8,0,0,8,8,,,,,,,,,,POINT (-126.72332183348456 52.37698704860338)
2021A00055945803,0,0,0,0,0,0,0,0,0,0,0,0,0,0,0,0,0,0,,,,,,,,,,POINT (-127.19987182148346 51.68446140591422)
2021A00055947007,0,0,0,0,0,0,0,2,2,0,0,0,0,0,0,0,38,38,0.0,3.0,2.0,0.0,1.0,2.0,0.0,10.0,12.0,POINT (-130.1134725157941 54.222852146111116)
2021A00055947012,0,3,2,0,1,2,0,32,34,0,11,6,0,12,6,0,534,540,0.0,7.0,4.0,0.0,6.0,4.0,0.0,321.0,325.0,POINT (-130.3004202639399 54.26698015305437)
2021A00055947016,0,0,0,0,0,0,0,0,0,0,0,0,0,0,0,0,0,0,0.0,0.0,0.0,0.0,1.0,0.0,0.0,8.0,8.0,POINT (-129.875697150391 54.4800550309131)
2021A00055947021,0,0,0,0,1,0,0,1,1,0,0,0,0,1,0,0,1,1,,,,,,,,,,POINT (-129.57994790923266 53.78769070443135)
2021A00055947023,0,0,0,0,0,0,0,3,3,0,0,0,0,0,0,0,21,21,,,,,,,,,,POINT (-132.11035279426684 54.02027330830917)
2021A00055947026,0,0,0,0,0,0,0,0,0,0,0,0,0,0,0,0,0,0,,,,,,,,,,POINT (-132.07322575632452 53.26557403011394)
2021A00055947027,0,0,0,0,1,1,0,4,4,0,0,0,0,3,3,0,9,9,,,,,,,,,,POINT (-132.34736486296208 53.79320658484305)
2021A00055947030,0,0,0,0,0,0,0,0,0,0,0,0,0,0,0,0,0,0,,,,,,,,,,POINT (-132.31412192332104 53.60738745192248)
2021A00055947032,0,0,0,0,2,0,0,3,3,0,0,0,0,17,0,0,27,27,,,,,,,,,,POINT (-131.77612672214025 52.95617136680641)
2021A00055947802,0,0,0,0,0,0,0,0,0,0,0,0,0,0,0,0,0,0,,,,,,,,,,POINT (-129.24821177776104 53.42799354075963)
2021A00055947803,0,0,0,0,0,0,0,0,0,0,0,0,0,0,0,0,0,0,,,,,,,,,,POINT (-132.1747199683527 54.03809597683091)
2021A00055947804,0,0,0,0,1,0,0,1,1,0,0,0,0,1,0,0,1,1,,,,,,,,,,POINT (-131.98537110106986 53.2748194856441)
2021A00055947806,0,0,0,0,0,0,0,0,0,0,0,0,0,0,0,0,0,0,,,,,,,,,,POINT (-129.2607504816128 53.42313924655474)
2021A00055947807,0,0,0,0,0,0,0,0,0,0,0,0,0,0,0,0,0,0,,,,,,,,,,POINT (-130.43120356410927 53.77691411897766)
2021A00055947809,0,0,0,0,0,0,0,1,1,0,0,0,0,0,0,0,36,36,0.0,0.0,0.0,0.0,0.0,0.0,0.0,20.0,20.0,POINT (-130.37174775857636 54.493924945291695)
2021A00055947810,0,0,0,0,0,0,0,0,0,0,0,0,0,0,0,0,0,0,,,,,,,,,,POINT (-130.43473533148315 54.366760233916374)
2021A00055947823,0,0,0,0,0,0,0,0,0,0,0,0,0,0,0,0,0,0,,,,,,,,,,POINT (-132.1334513334836 53.99412393418482)
2021A00055949005,0,1,1,0,1,2,0,2,4,0,476,149,0,3,625,0,5,630,,,,,,,,,,POINT (-128.57521857655843 54.046361377585725)
2021A00055949011,1,2,2,1,10,1,1,19,19,2,16,5,3,168,3,2,205,205,3.0,18.0,14.0,3.0,201.0,12.0,3.0,342.0,350.0,POINT (-128.5867612728333 54.45170843639198)
2021A00055949013,0,0,0,0,1,0,0,2,2,0,0,0,0,10,0,0,12,12,2.0,7.0,7.0,2.0,98.0,6.0,2.0,176.0,179.0,POINT (-128.98501873041795 54.28410473039271)
2021A00055949018,0,0,1,0,4,2,0,8,9,0,0,7,0,6,8,0,23,30,1.0,6.0,5.0,1.0,74.0,5.0,1.0,146.0,149.0,POINT (-128.54138597335458 54.503825722079576)
2021A00055949020,0,0,0,0,0,0,0,0,0,0,0,0,0,0,0,0,0,0,,,,,,,,,,POINT (-128.80331536333742 52.96353619385816)
2021A00055949022,0,0,0,0,0,0,0,0,0,0,0,0,0,0,0,0,0,0,,,,,,,,,,POINT (-127.64772861724099 55.260370058754255)
2021A00055949024,0,0,0,0,0,0,0,0,0,0,0,0,0,0,0,0,0,0,,,,,,,,,,POINT (-127.57684924722955 55.241291214338794)
2021A00055949028,0,0,0,0,4,0,0,5,5,0,0,0,0,64,0,0,67,67,,,,,,,,,,POINT (-127.8721608768082 55.485854665050056)
2021A00055949032,0,0,0,0,1,0,0,1,1,0,0,0,0,1,0,0,1,1,,,,,,,,,,POINT (-130.0467672649435 56.127782097765824)
2021A00055949035,0,0,0,0,2,0,0,3,3,0,0,0,0,3,0,0,8,8,,,,,,,,,,POINT (-129.4767733093572 55.08508450348014)
2021A00055949038,0,0,1,0,0,1,1,2,2,0,0,2,0,0,6,2,8,8,,,,,,,,,,POINT (-129.9873163983273 58.567400327492955)
2021A00055949039,0,0,0,0,0,0,0,0,0,0,0,0,0,0,0,0,0,0,,,,,,,,,,POINT (-129.06374375414117 56.13082493121349)
2021A00055949041,0,0,0,0,0,0,0,0,0,0,0,0,0,0,0,0,0,0,,,,,,,,,,POINT (-131.08989384768518 57.5454817214046)
2021A00055949802,0,0,0,0,1,0,0,2,2,0,0,0,0,1,0,0,9,9,,,,,,,,,,POINT (-128.53193160617562 52.58767286699187)
2021A00055949803,0,0,0,0,0,0,0,0,0,0,0,0,0,0,0,0,0,0,,,,,,,,,,POINT (-128.64357336597848 53.97210670651896)
2021A00055949804,0,0,0,0,0,0,0,1,1,0,0,0,0,0,0,0,15,15,0.0,0.0,0.0,0.0,3.0,0.0,0.0,22.0,22.0,POINT (-128.6704564234131 54.52972155323827)
2021A00055949805,0,0,0,0,0,0,0,0,0,0,0,0,0,0,0,0,0,0,,,,,,,,,,POINT (-128.4705378470897 54.56278776613235)
2021A00055949807,0,0,0,0,0,0,0,0,0,0,0,0,0,0,0,0,0,0,0.0,0.0,0.0,0.0,3.0,0.0,0.0,17.0,17.0,POINT (-128.5843637574522 54.49274373763429)
2021A00055949810,0,0,0,0,0,0,0,0,0,0,0,0,0,0,0,0,0,0,,,,,,,,,,POINT (-127.33973708986186 55.03924740521766)
2021A00055949811,0,0,0,0,0,0,0,0,0,0,0,0,0,0,0,0,0,0,,,,,,,,,,POINT (-127.59673515145379 55.25795368656287)
2021A00055949812,0,0,0,0,0,0,0,0,0,0,0,0,0,0,0,0,0,0,,,,,,,,,,POINT (-127.67708603670823 55.26834566165683)
2021A00055949813,0,0,0,0,0,0,0,0,0,0,0,0,0,0,0,0,0,0,,,,,,,,,,POINT (-127.6833036258237 55.3491212956033)
2021A00055949814,0,0,0,0,0,0,0,0,0,0,0,0,0,0,0,0,0,0,,,,,,,,,,POINT (-127.79872002932227 55.105308275481306)
2021A00055949815,0,0,0,0,0,0,0,0,0,0,0,0,0,0,0,0,0,0,,,,,,,,,,POINT (-128.0759638693923 55.266387791358795)
2021A00055949816,0,0,0,0,0,0,0,0,0,0,0,0,0,0,0,0,0,0,,,,,,,,,,POINT (-128.0751655382702 55.093232743529164)
2021A00055949817,0,0,0,0,0,0,0,0,0,0,0,0,0,0,0,0,0,0,,,,,,,,,,POINT (-127.32376602793718 55.0107484591922)
2021A00055949818,0,0,0,0,0,0,0,0,0,0,0,0,0,0,0,0,0,0,,,,,,,,,,POINT (-127.68499666044463 55.310992720084)
2021A00055949819,0,0,0,0,0,0,0,2,2,0,0,0,0,0,0,0,6,6,,,,,,,,,,POINT (-127.33649529257958 55.029496281098716)
2021A00055949820,0,0,0,0,0,0,0,0,0,0,0,0,0,0,0,0,0,0,,,,,,,,,,POINT (-127.31783982389022 55.029914207939115)
2021A00055949832,0,0,0,0,0,0,0,0,0,0,0,0,0,0,0,0,0,0,,,,,,,,,,POINT (-129.98587334862685 57.83751690051027)
2021A00055949843,0,0,0,0,0,0,0,0,0,0,0,0,0,0,0,0,0,0,,,,,,,,,,POINT (-131.17591222438594 57.90361050724506)
2021A00055949844,0,0,0,0,0,0,0,0,0,0,0,0,0,0,0,0,0,0,0.0,0.0,0.0,0.0,3.0,0.0,0.0,4.0,4.0,POINT (-128.42357758129685 54.60951597536621)
2021A00055949845,0,0,0,0,0,0,0,0,0,0,0,0,0,0,0,0,0,0,,,,,,,,,,POINT (-130.0269727132239 58.47212088640651)
2021A00055949846,0,0,0,0,0,0,0,0,0,0,0,0,0,0,0,0,0,0,,,,,,,,,,POINT (-130.99817905808777 58.00882084140594)
2021A00055949847,0,0,0,0,0,0,0,0,0,0,0,0,0,0,0,0,0,0,,,,,,,,,,POINT (-131.16016410122253 57.909989611531145)
2021A00055951007,1,2,2,1,12,1,0,25,25,11,37,36,26,216,26,0,327,327,,,,,,,,,,POINT (-123.9941169967588 54.01600746091527)
2021A00055951009,0,0,0,0,0,0,0,0,0,0,0,0,0,0,0,0,0,0,,,,,,,,,,POINT (-124.8418853586944 54.0586325809614)
2021A00055951013,0,0,0,0,0,0,0,0,0,0,0,0,0,0,0,0,0,0,,,,,,,,,,POINT (-124.21791685058888 54.47482183758594)
2021A00055951015,0,0,0,0,0,0,0,0,0,0,0,0,0,0,0,0,0,0,,,,,,,,,,POINT (-124.96118875441397 55.17914293573142)
2021A00055951017,0,0,0,0,2,0,0,2,2,0,0,0,0,4,0,0,4,4,,,,,,,,,,POINT (-124.83858696528576 53.8371146858401)
2021A00055951019,0,1,1,0,8,0,0,15,15,0,1,1,0,283,0,0,335,335,,,,,,,,,,POINT (-123.98242255599257 53.823061243498564)
2021A00055951022,0,1,0,0,2,0,0,4,4,0,2,0,0,28,0,0,34,34,,,,,,,,,,POINT (-125.75402881148625 54.22515516363195)
2021A00055951028,0,0,1,0,5,0,0,7,7,0,0,21,0,82,0,0,87,87,,,,,,,,,,POINT (-125.92279751910046 54.36716228158401)
2021A00055951031,0,0,1,0,4,0,0,7,7,0,0,5,0,122,0,0,129,129,,,,,,,,,,POINT (-126.13231013138862 53.50258941267522)
2021A00055951032,0,0,0,0,0,0,0,0,0,0,0,0,0,0,0,0,0,0,,,,,,,,,,POINT (-126.20311877035645 54.94856287594934)
2021A00055951034,0,1,2,0,11,1,0,18,19,0,7,22,0,446,1,0,464,465,,,,,,,,,,POINT (-126.67012982503788 54.40009261979048)
2021A00055951038,0,0,0,0,1,0,0,7,7,0,0,0,0,2,0,0,20,20,,,,,,,,,,POINT (-127.05881537321604 54.68428469106249)
2021A00055951043,1,4,3,0,7,0,1,19,19,5,19,20,0,324,0,5,390,390,,,,,,,,,,POINT (-127.17280360152087 54.78758523603447)
2021A00055951051,0,0,0,0,3,0,0,16,16,0,0,0,0,7,0,0,53,53,,,,,,,,,,POINT (-127.43165540188086 54.674029197537216)
2021A00055951053,0,0,0,0,1,0,0,2,2,0,0,0,0,1,0,0,3,3,,,,,,,,,,POINT (-126.56398622302136 55.312813784467465)
2021A00055951801,0,0,0,0,0,0,0,0,0,0,0,0,0,0,0,0,0,0,,,,,,,,,,POINT (-125.08179096300464 54.59714126807519)
2021A00055951802,0,0,0,0,0,0,0,0,0,0,0,0,0,0,0,0,0,0,,,,,,,,,,POINT (-124.60313163335113 54.075959068918706)
2021A00055951803,0,0,0,0,1,0,0,1,1,0,0,0,0,2,0,0,2,2,,,,,,,,,,POINT (-124.24884453628158 54.430521693520674)
2021A00055951804,0,0,0,0,0,0,0,0,0,0,0,0,0,0,0,0,0,0,,,,,,,,,,POINT (-124.39898113357297 54.420819680749794)
2021A00055951805,0,0,0,0,0,0,0,0,0,0,0,0,0,0,0,0,0,0,,,,,,,,,,POINT (-124.49763058151818 54.57214514751399)
2021A00055951806,0,0,0,0,0,0,0,0,0,0,0,0,0,0,0,0,0,0,,,,,,,,,,POINT (-124.76461089547864 54.05680007018174)
2021A00055951807,0,1,1,1,2,1,0,5,5,0,3,3,3,266,3,0,273,273,,,,,,,,,,POINT (-124.91265701487816 54.05070774976606)
2021A00055951809,0,0,0,0,0,0,0,0,0,0,0,0,0,0,0,0,0,0,,,,,,,,,,POINT (-124.10653612769376 53.94014509854631)
2021A00055951810,0,0,0,0,0,0,0,0,0,0,0,0,0,0,0,0,0,0,,,,,,,,,,POINT (-124.74804478483607 54.657308309153215)
2021A00055951811,0,0,0,0,0,0,0,0,0,0,0,0,0,0,0,0,0,0,,,,,,,,,,POINT (-126.02816043105776 55.3204426255122)
2021A00055951813,0,0,0,0,0,0,0,0,0,0,0,0,0,0,0,0,0,0,,,,,,,,,,POINT (-124.185508776831 53.92448317166066)
2021A00055951814,0,0,0,0,0,0,0,0,0,0,0,0,0,0,0,0,0,0,,,,,,,,,,POINT (-125.1220258637843 54.881837977726846)
2021A00055951815,0,0,0,0,0,0,0,0,0,0,0,0,0,0,0,0,0,0,,,,,,,,,,POINT (-125.76777578656794 54.238961995211206)
2021A00055951818,0,0,0,0,0,0,0,0,0,0,0,0,0,0,0,0,0,0,,,,,,,,,,POINT (-125.65831285471671 53.95548068014546)
2021A00055951819,0,0,0,0,0,0,0,0,0,0,0,0,0,0,0,0,0,0,,,,,,,,,,POINT (-125.85479732661352 53.99107661520758)
2021A00055951820,0,0,0,0,0,0,0,0,0,0,0,0,0,0,0,0,0,0,,,,,,,,,,POINT (-125.88615116197542 54.33213356600744)
2021A00055951821,0,0,0,0,0,0,0,0,0,0,0,0,0,0,0,0,0,0,,,,,,,,,,POINT (-126.13456440126994 54.419771450604685)
2021A00055951822,0,0,0,0,0,0,0,0,0,0,0,0,0,0,0,0,0,0,,,,,,,,,,POINT (-125.95388980732766 54.0094719318572)
2021A00055951823,0,0,0,0,0,0,0,0,0,0,0,0,0,0,0,0,0,0,,,,,,,,,,POINT (-125.87920537690687 53.997251480449194)
2021A00055951824,0,0,0,0,0,0,0,0,0,0,0,0,0,0,0,0,0,0,,,,,,,,,,POINT (-125.65463038117312 53.94787653069759)
2021A00055951825,0,0,0,0,0,0,0,0,0,0,0,0,0,0,0,0,0,0,,,,,,,,,,POINT (-126.4969522260576 53.985328114581435)
2021A00055951826,0,0,0,0,0,0,0,0,0,0,0,0,0,0,0,0,0,0,,,,,,,,,,POINT (-125.66718984519036 53.934414342713524)
2021A00055951827,0,0,0,0,0,0,0,0,0,0,0,0,0,0,0,0,0,0,,,,,,,,,,POINT (-125.76184386842628 54.23895070339967)
2021A00055951828,0,0,0,0,0,0,0,0,0,0,0,0,0,0,0,0,0,0,,,,,,,,,,POINT (-126.61971304218598 55.32375551594269)
2021A00055951829,0,0,0,0,0,0,0,0,0,0,0,0,0,0,0,0,0,0,,,,,,,,,,POINT (-126.15178072270335 54.81703279779252)
2021A00055951830,0,0,0,0,0,0,0,0,0,0,0,0,0,0,0,0,0,0,,,,,,,,,,POINT (-127.01537585967662 54.746744488371704)
2021A00055951831,0,0,0,0,0,0,0,0,0,0,0,0,0,0,0,0,0,0,,,,,,,,,,POINT (-126.64508696486153 55.32486151302776)
2021A00055951832,0,0,0,0,0,0,0,0,0,0,0,0,0,0,0,0,0,0,,,,,,,,,,POINT (-124.07559117661953 54.02138333557227)
2021A00055951833,0,0,0,0,0,0,0,0,0,0,0,0,0,0,0,0,0,0,,,,,,,,,,POINT (-126.4855846379396 53.985527366968725)
2021A00055951840,0,0,0,0,0,0,0,0,0,0,0,0,0,0,0,0,0,0,,,,,,,,,,POINT (-124.19579381227796 54.47134293994051)
2021A00055951844,0,0,0,0,0,0,0,0,0,0,0,0,0,0,0,0,0,0,,,,,,,,,,POINT (-125.78815971300375 54.225768809149926)
2021A00055951845,0,0,0,0,0,0,0,0,0,0,0,0,0,0,0,0,0,0,,,,,,,,,,POINT (-126.51065850523808 55.069413564905716)
2021A00055951846,0,0,0,0,0,0,0,0,0,0,0,0,0,0,0,0,0,0,,,,,,,,,,POINT (-126.32261533784556 55.04823817319122)
2021A00055951847,0,0,0,0,0,0,0,0,0,0,0,0,0,0,0,0,0,0,,,,,,,,,,POINT (-125.6482924605956 54.49115822072464)
2021A00055951848,0,0,0,0,0,0,0,1,1,0,0,0,0,0,0,0,3,3,,,,,,,,,,POINT (-125.96911432812334 55.4827845246734)
2021A00055951849,0,0,0,0,0,0,0,0,0,0,0,0,0,0,0,0,0,0,,,,,,,,,,POINT (-124.26807583823529 54.45389603606835)
2021A00055953007,0,1,1,0,3,0,0,5,5,0,6,5,0,10,0,0,20,20,,,,,,,,,,POINT (-119.26818931340264 52.83113901287772)
2021A00055953012,0,1,1,0,1,0,0,5,5,0,2,5,0,5,0,0,14,14,,,,,,,,,,POINT (-120.16529625817573 53.30808667213648)
2021A00055953019,0,0,0,0,1,0,0,3,3,0,0,0,0,1,0,0,5,5,,,,,,,,,,POINT (-119.82487830475208 53.095318905461646)
2021A00055953023,7,28,25,8,25,20,2,99,106,57,331,303,94,985,242,19,1948,2021,48.0,261.0,238.0,71.0,918.0,188.0,16.0,2248.0,2306.0,POINT (-122.79181366600496 53.92430848734461)
2021A00055953033,0,0,0,0,5,1,0,9,9,0,0,0,0,348,18,0,378,378,,,,,,,,,,POINT (-123.1402152042465 55.324757650710936)
2021A00055953038,0,0,0,0,3,0,0,7,7,0,0,0,0,4,0,0,13,13,8.0,25.0,19.0,5.0,91.0,16.0,2.0,261.0,265.0,POINT (-123.13788170347469 54.061413321322085)
2021A00055953042,0,0,0,0,1,1,0,8,8,0,0,0,0,1,2,0,15,15,8.0,22.0,18.0,4.0,64.0,15.0,2.0,189.0,192.0,POINT (-123.0073152517321 53.68513332511238)
2021A00055953044,1,1,2,0,3,1,0,12,12,15,15,18,0,119,1,0,162,162,17.0,17.0,21.0,0.0,146.0,1.0,0.0,211.0,211.0,POINT (-122.56526723092271 53.74524429262686)
2021A00055953046,0,0,0,0,0,0,0,0,0,0,0,0,0,0,0,0,0,0,,,,,,,,,,POINT (-122.51708597790305 53.48740477000401)
2021A00055953048,0,0,0,0,1,0,0,2,2,0,0,0,0,1,0,0,3,3,8.0,18.0,14.0,3.0,28.0,9.0,2.0,94.0,96.0,POINT (-121.49540566090761 53.98814652805443)
2021A00055953050,0,0,0,0,1,0,0,1,1,0,0,0,0,263,0,0,263,263,,,,,,,,,,POINT (-123.13950728768673 55.04645928129942)
2021A00055953801,0,0,0,0,0,0,0,0,0,0,0,0,0,0,0,0,0,0,0.0,0.0,0.0,0.0,0.0,0.0,0.0,10.0,10.0,POINT (-122.62561638116001 54.015303481059654)
2021A00055953802,0,0,0,0,0,0,0,0,0,0,0,0,0,0,0,0,0,0,,,,,,,,,,POINT (-123.06203329277275 54.961475238411474)
2021A00055955003,0,0,0,0,0,2,0,0,2,0,0,0,0,0,24,0,0,24,,,,,,,,,,POINT (-121.10494125622984 55.06946738711788)
2021A00055955005,0,1,1,1,0,2,0,6,6,0,3,3,3,0,4,0,14,14,0.0,4.0,2.0,1.0,9.0,16.0,0.0,32.0,32.0,POINT (-120.13151163585187 55.71911412996425)
2021A00055955010,0,0,1,0,4,2,0,11,11,0,0,10,0,390,9,0,413,413,,,,,,,,,,POINT (-121.62371558030989 55.72287981425638)
2021A00055955014,0,4,1,0,2,11,0,33,33,0,23,7,0,268,107,0,454,454,0.0,15.0,6.0,2.0,147.0,95.0,0.0,299.0,299.0,POINT (-120.23825857403048 55.75827296113673)
2021A00055955021,0,0,0,0,1,3,0,16,16,0,0,0,0,1,8,0,28,28,4.0,19.0,27.0,8.0,44.0,42.0,3.0,199.0,210.0,POINT (-120.59592186246672 54.916220673089086)
2021A00055955023,0,0,0,0,1,0,0,5,5,0,0,0,0,1,0,0,11,11,,,,,,,,,,POINT (-121.49546083155255 55.540455272147895)
2021A00055955025,0,0,0,0,1,0,0,4,4,0,0,0,0,1,0,0,7,7,,,,,,,,,,POINT (-121.99251072962748 56.01698094416495)
2021A00055955030,0,1,1,1,2,1,0,7,7,0,3,3,3,4,3,0,47,47,1.0,6.0,7.0,1.0,11.0,24.0,0.0,78.0,81.0,POINT (-120.68546757480344 56.152717864464506)
2021A00055955034,1,5,6,1,5,18,0,47,49,6,18,52,6,138,229,0,691,729,3.0,17.0,44.0,6.0,88.0,253.0,0.0,595.0,627.0,POINT (-120.83354025316861 56.24345344289654)
2021A00055955040,0,3,4,1,4,8,0,30,33,0,13,48,3,14,80,0,97,142,,,,,,,,,,POINT (-123.18147260880093 57.169322563464426)
2021A00055955042,0,2,3,1,1,5,0,18,20,0,5,21,3,11,24,0,46,64,1.0,7.0,10.0,2.0,22.0,77.0,0.0,187.0,192.0,POINT (-120.67819979357745 56.2408173723566)
2021A00055955801,0,0,0,0,0,0,0,0,0,0,0,0,0,0,0,0,0,0,,,,,,,,,,POINT (-121.63349330588082 55.84518472038783)
2021A00055955802,0,0,0,0,0,0,0,0,0,0,0,0,0,0,0,0,0,0,,,,,,,,,,POINT (-121.90723621982369 55.804459789110176)
2021A00055955803,0,0,0,0,0,0,0,0,0,0,0,0,0,0,0,0,0,0,,,,,,,,,,POINT (-121.09135341425073 56.70328453404644)
2021A00055955804,0,0,0,0,0,0,0,0,0,0,0,0,0,0,0,0,0,0,,,,,,,,,,POINT (-120.49909985287007 56.573086750414674)
2021A00055955807,0,0,0,0,0,0,0,0,0,0,0,0,0,0,0,0,0,0,,,,,,,,,,POINT (-125.62679084790932 57.426498257823276)
2021A00055955808,0,0,0,0,0,0,0,0,0,0,0,0,0,0,0,0,0,0,,,,,,,,,,POINT (-121.85532201680853 56.47943660120599)
2021A00055955812,0,0,0,0,0,0,0,0,0,0,0,0,0,0,0,0,0,0,,,,,,,,,,POINT (-124.91195048283012 56.79459035791393)
2021A00055955840,0,0,0,0,0,0,0,0,0,0,0,0,0,0,0,0,0,0,,,,,,,,,,POINT (-124.97320229050175 56.9008854928313)
2021A00055955850,0,0,0,0,0,0,0,0,0,0,0,0,0,0,0,0,0,0,,,,,,,,,,POINT (-125.4128256548965 56.36590714159466)
2021A00055957022,0,0,0,0,0,0,0,0,0,0,0,0,0,0,0,0,0,0,,,,,,,,,,POINT (-128.3355792726782 59.27006055718706)
2021A00055957802,0,0,0,0,0,0,0,0,0,0,0,0,0,0,0,0,0,0,,,,,,,,,,POINT (-133.70256329352077 59.568278427706666)
2021A00055957803,0,0,0,0,0,0,0,0,0,0,0,0,0,0,0,0,0,0,,,,,,,,,,POINT (-133.65631139199454 59.496231301341474)
2021A00055957804,0,0,0,0,0,0,0,0,0,0,0,0,0,0,0,0,0,0,,,,,,,,,,POINT (-129.22332033120495 59.18870841604985)
2021A00055957813,0,0,0,0,0,0,0,0,0,0,0,0,0,0,0,0,0,0,,,,,,,,,,POINT (-128.4970120640454 59.92449200022102)
2021A00055957814,0,0,0,0,0,0,0,0,0,0,0,0,0,0,0,0,0,0,,,,,,,,,,POINT (-128.5012839317154 59.930299801125564)
2021A00055957820,0,0,0,0,0,0,0,0,0,0,0,0,0,0,0,0,0,0,,,,,,,,,,POINT (-129.29112455856944 59.28759713596406)
2021A00055959007,0,0,0,0,1,1,0,8,8,0,0,0,0,3,6,0,470,470,,,,,,,,,,POINT (-123.1189711391603 59.23479878365713)
2021A00055959805,0,0,0,0,0,0,0,0,0,0,0,0,0,0,0,0,0,0,,,,,,,,,,POINT (-121.72599061115253 58.28554515325026)
2021A00055959806,0,0,0,0,0,0,0,0,0,0,0,0,0,0,0,0,0,0,,,,,,,,,,POINT (-122.56362468791122 58.77714245063607)
2021A00055959809,0,0,0,0,0,0,0,0,0,0,0,0,0,0,0,0,0,0,,,,,,,,,,POINT (-120.90746099544008 58.35598558955256)
2021A00055959810,0,0,0,0,0,0,0,0,0,0,0,0,0,0,0,0,0,0,,,,,,,,,,POINT (-122.69600879399573 58.076886230573905)
2021A00056001003,0,0,0,0,0,0,0,1,1,0,0,0,0,0,0,0,8,8,,,,,,,,,,POINT (-128.75894760788682 60.068761114711606)
2021A00056001004,0,0,0,0,0,0,0,0,0,0,0,0,0,0,0,0,0,0,,,,,,,,,,POINT (-133.3542977467543 62.21337912161944)
2021A00056001006,0,0,0,0,0,0,0,0,0,0,0,0,0,0,0,0,0,0,,,,,,,,,,POINT (-132.71851986226125 60.17466954456105)
2021A00056001007,0,0,0,0,0,0,0,0,0,0,0,0,0,0,0,0,0,0,,,,,,,,,,POINT (-132.74905592131 60.17337644068973)
2021A00056001008,0,0,0,0,0,0,0,0,0,0,0,0,0,0,0,0,0,0,,,,,,,,,,POINT (-134.68154467129673 60.15901490850509)
2021A00056001009,1,4,0,0,1,12,0,23,23,2,19,0,0,29,372,0,431,431,2.0,14.0,0.0,0.0,21.0,171.0,0.0,219.0,219.0,POINT (-135.0844062378581 60.7203166566558)
2021A00056001010,0,0,0,0,0,0,0,0,0,0,0,0,0,0,0,0,0,0,,,,,,,,,,POINT (-135.12728012113635 60.980594787209085)
2021A00056001012,0,0,0,0,0,0,0,0,0,0,0,0,0,0,0,0,0,0,,,,,,,,,,POINT (-136.26555094482626 62.098573641324705)
2021A00056001018,0,0,0,0,0,0,0,0,0,0,0,0,0,0,0,0,0,0,,,,,,,,,,POINT (-137.49855655092435 60.774144018976116)
2021A00056001019,0,0,0,0,0,0,0,0,0,0,0,0,0,0,0,0,0,0,,,,,,,,,,POINT (-137.91666162835676 60.95739799201592)
2021A00056001022,0,0,0,0,0,2,0,2,2,0,0,0,0,0,6,0,6,6,,,,,,,,,,POINT (-135.89645784479686 63.59620761324535)
2021A00056001029,0,0,0,0,0,20,0,20,20,0,0,0,0,0,230,0,230,230,,,,,,,,,,POINT (-139.39647718201886 64.04057299352137)
2021A00056001031,0,0,0,0,0,0,0,0,0,0,0,0,0,0,0,0,0,0,,,,,,,,,,POINT (-139.42554141067552 64.10913712069515)
2021A00056001032,0,0,0,0,0,0,0,0,0,0,0,0,0,0,0,0,0,0,,,,,,,,,,POINT (-128.91690472343532 60.052189425136284)
2021A00056001036,0,0,0,0,0,0,0,0,0,0,0,0,0,0,0,0,0,0,,,,,,,,,,POINT (-134.28374891731534 60.28874439644442)
2021A00056001037,0,0,0,0,0,0,0,0,0,0,0,0,0,0,0,0,0,0,,,,,,,,,,POINT (-132.44921514663486 61.97068979977797)
2021A00056001038,0,0,0,0,0,0,0,0,0,0,0,0,0,0,0,0,0,0,,,,,,,,,,POINT (-136.47404026527047 60.78612196927853)
2021A00056001039,0,0,0,0,0,0,0,0,0,0,0,0,0,0,0,0,0,0,,,,,,,,,,POINT (-138.99801046363945 61.346587089040945)
2021A00056001041,0,0,0,0,0,0,0,0,0,0,0,0,0,0,0,0,0,0,,,,,,,,,,POINT (-136.57826037263163 62.81748894589227)
2021A00056001042,0,0,0,0,0,0,0,0,0,0,0,0,0,0,0,0,0,0,,,,,,,,,,POINT (-140.89083638722582 62.37886058762302)
2021A00056001043,0,0,0,0,0,0,0,0,0,0,0,0,0,0,0,0,0,0,,,,,,,,,,POINT (-139.8210947874558 67.56978695361893)
2021A00056001044,0,0,0,0,0,0,0,0,0,0,0,0,0,0,0,0,0,0,0.0,0.0,0.0,0.0,0.0,0.0,0.0,0.0,0.0,POINT (-134.89927042339022 60.43805064831759)
2021A00056001045,0,0,0,0,0,0,0,0,0,0,0,0,0,0,0,0,0,0,,,,,,,,,,POINT (-136.6042911262746 62.61444289521679)
2021A00056001046,0,0,0,0,0,0,0,0,0,0,0,0,0,0,0,0,0,0,,,,,,,,,,POINT (-131.13056618384428 60.01363479933372)
2021A00056001047,0,0,0,0,0,0,0,0,0,0,0,0,0,0,0,0,0,0,,,,,,,,,,POINT (-133.30024813687677 60.49189749135778)
2021A00056001048,0,0,0,0,0,0,0,0,0,0,0,0,0,0,0,0,0,0,,,,,,,,,,POINT (-134.71461774742764 60.17955698148827)
2021A00056001049,0,0,0,0,0,0,0,0,0,0,0,0,0,0,0,0,0,0,,,,,,,,,,POINT (-138.78962855387857 61.2481386305004)
2021A00056001050,0,0,0,0,0,0,0,0,0,0,0,0,0,0,0,0,0,0,,,,,,,,,,POINT (-136.69237589789228 63.37584299643021)
2021A00056001052,0,0,0,0,0,0,0,0,0,0,0,0,0,0,0,0,0,0,,,,,,,,,,POINT (-135.29490258603883 63.92263488475323)
2021A00056001055,0,0,0,0,0,0,0,0,0,0,0,0,0,0,0,0,0,0,0.0,0.0,0.0,0.0,0.0,0.0,0.0,0.0,0.0,POINT (-135.54376594181673 60.84550510404144)
2021A00056001057,0,0,0,0,0,0,0,0,0,0,0,0,0,0,0,0,0,0,,,,,,,,,,POINT (-132.77374941324186 60.23424655473357)
2021A00056001058,0,0,0,0,0,0,0,0,0,0,0,0,0,0,0,0,0,0,0.0,0.0,0.0,0.0,0.0,0.0,0.0,0.0,0.0,POINT (-134.32389930604597 60.519219966557834)
2021A00056001059,0,0,0,0,0,0,0,0,0,0,0,0,0,0,0,0,0,0,1.0,3.0,0.0,0.0,2.0,8.0,0.0,23.0,23.0,POINT (-135.28644406427804 60.978195860512464)
2021A00056001060,0,0,0,0,0,0,0,0,0,0,0,0,0,0,0,0,0,0,0.0,0.0,0.0,0.0,0.0,0.0,0.0,0.0,0.0,POINT (-134.6898833082425 60.744900052564006)
2021A00056001065,0,0,0,0,0,0,0,0,0,0,0,0,0,0,0,0,0,0,,,,,,,,,,POINT (-138.34574496819144 68.78933068000099)
2021A00056101010,0,0,0,0,0,0,0,0,0,0,0,0,0,0,0,0,0,0,,,,,,,,,,POINT (-133.69212500951284 67.42828821411689)
2021A00056101014,0,0,0,0,0,0,0,0,0,0,0,0,0,0,0,0,0,0,,,,,,,,,,POINT (-123.99639238201526 69.32190381989872)
2021A00056101015,0,0,0,0,0,0,0,0,0,0,0,0,0,0,0,0,0,0,,,,,,,,,,POINT (-134.8296705922703 67.42982703415797)
2021A00056101017,0,0,0,0,0,0,0,0,0,0,0,0,0,0,0,0,0,0,,,,,,,,,,POINT (-133.6589552642424 68.33859813847818)
2021A00056101025,0,0,0,0,0,0,0,0,0,0,0,0,0,0,0,0,0,0,,,,,,,,,,POINT (-135.07171768031674 68.22679961767108)
2021A00056101036,0,0,0,0,0,0,0,0,0,0,0,0,0,0,0,0,0,0,,,,,,,,,,POINT (-133.00567837282495 69.4294328908101)
2021A00056101041,0,0,0,0,0,0,0,0,0,0,0,0,0,0,0,0,0,0,,,,,,,,,,POINT (-125.27892921865696 72.03134417189709)
2021A00056101063,0,0,0,0,0,0,0,0,0,0,0,0,0,0,0,0,0,0,,,,,,,,,,POINT (-127.6984520791617 68.25532670800979)
2021A00056101095,0,0,0,0,0,0,0,0,0,0,0,0,0,0,0,0,0,0,,,,,,,,,,POINT (-117.700676186267 70.74802724728556)
2021A00056102003,0,0,0,0,0,0,0,0,0,0,0,0,0,0,0,0,0,0,,,,,,,,,,POINT (-123.43164982651447 65.21047355140459)
2021A00056102005,0,0,0,0,0,0,0,0,0,0,0,0,0,0,0,0,0,0,,,,,,,,,,POINT (-125.43324384707401 64.90829231229455)
2021A00056102007,0,0,0,0,0,0,0,0,0,0,0,0,0,0,0,0,0,0,,,,,,,,,,POINT (-126.738815309099 65.28726850226032)
2021A00056102009,0,0,0,0,0,0,0,0,0,0,0,0,0,0,0,0,0,0,,,,,,,,,,POINT (-128.59949181813693 66.25895365358166)
2021A00056102012,0,0,0,0,0,0,0,0,0,0,0,0,0,0,0,0,0,0,,,,,,,,,,POINT (-126.01464389148033 67.00488766307045)
2021A00056102063,0,0,0,0,0,0,0,0,0,0,0,0,0,0,0,0,0,0,,,,,,,,,,POINT (-125.00734608960659 65.81390069116861)
2021A00056103031,0,0,0,0,0,0,0,0,0,0,0,0,0,0,0,0,0,0,,,,,,,,,,POINT (-115.99026745194077 62.82902030594368)
2021A00056103034,0,0,0,0,0,0,0,0,0,0,0,0,0,0,0,0,0,0,,,,,,,,,,POINT (-117.15909284410034 63.170239398292814)
2021A00056103049,0,0,0,0,0,0,0,0,0,0,0,0,0,0,0,0,0,0,,,,,,,,,,POINT (-117.31021320873089 64.11413952005145)
2021A00056103052,0,0,0,0,0,0,0,0,0,0,0,0,0,0,0,0,0,0,,,,,,,,,,POINT (-114.18690154759479 64.18876726484424)
2021A00056103097,0,0,0,0,0,0,0,0,0,0,0,0,0,0,0,0,0,0,,,,,,,,,,POINT (-116.65931407898732 64.00466801975072)
2021A00056104005,0,0,0,0,0,0,0,0,0,0,0,0,0,0,0,0,0,0,,,,,,,,,,POINT (-117.35681195650606 60.92771924913851)
2021A00056104006,0,0,0,0,0,0,0,0,0,0,0,0,0,0,0,0,0,0,,,,,,,,,,POINT (-121.1481508639496 60.41857300237133)
2021A00056104009,0,0,0,0,0,0,0,0,0,0,0,0,0,0,0,0,0,0,,,,,,,,,,POINT (-123.37606897735897 60.25528958470732)
2021A00056104010,0,0,0,0,0,0,0,0,0,0,0,0,0,0,0,0,0,0,,,,,,,,,,POINT (-123.39127883750918 60.99507003238781)
2021A00056104013,0,0,0,0,0,0,0,0,0,0,0,0,0,0,0,0,0,0,,,,,,,,,,POINT (-120.64614623319031 61.5080920464962)
2021A00056104014,0,0,0,0,0,0,0,1,1,0,0,0,0,0,0,0,1,1,,,,,,,,,,POINT (-117.60566342163355 61.42201286543697)
2021A00056104017,0,0,0,0,0,0,0,0,0,0,0,0,0,0,0,0,0,0,,,,,,,,,,POINT (-115.6944215614079 60.79219491056298)
2021A00056104038,0,0,0,0,0,0,0,0,0,0,0,0,0,0,0,0,0,0,,,,,,,,,,POINT (-121.32286839266983 61.80738949148126)
2021A00056104044,0,0,0,0,0,0,0,0,0,0,0,0,0,0,0,0,0,0,,,,,,,,,,POINT (-123.33258050885489 63.18742224557233)
2021A00056104097,0,0,0,0,0,0,0,0,0,0,0,0,0,0,0,0,0,0,,,,,,,,,,POINT (-123.03899710314502 61.3752607910276)
2021A00056105001,0,0,0,0,0,0,0,1,1,0,0,0,0,0,0,0,2,2,,,,,,,,,,POINT (-112.19480340139037 60.013898337259086)
2021A00056105003,0,0,0,0,0,0,0,0,0,0,0,0,0,0,0,0,0,0,,,,,,,,,,POINT (-116.20073785365832 60.53410720393311)
2021A00056105004,0,0,0,0,0,0,0,0,0,0,0,0,0,0,0,0,0,0,,,,,,,,,,POINT (-112.23935510620096 60.104594648485865)
2021A00056105016,0,0,0,0,0,0,0,0,0,0,0,0,0,0,0,0,0,0,,,,,,,,,,POINT (-115.86640124412591 60.760997975408586)
2021A00056105018,0,0,0,0,0,0,0,0,0,0,0,0,0,0,0,0,0,0,,,,,,,,,,POINT (-113.69446182857129 61.0555440555131)
2021A00056105020,0,0,0,0,0,0,0,0,0,0,0,0,0,0,0,0,0,0,,,,,,,,,,POINT (-110.67597979617408 62.38432943771312)
2021A00056105026,0,0,0,0,0,0,0,0,0,0,0,0,0,0,0,0,0,0,,,,,,,,,,POINT (-109.11399735254723 62.72241443245948)
2021A00056105097,0,0,0,0,0,0,0,0,0,0,0,0,0,0,0,0,0,0,,,,,,,,,,POINT (-109.26767951729295 61.14249051294538)
2021A00056106021,0,0,0,0,0,0,0,0,0,0,0,0,0,0,0,0,0,0,,,,,,,,,,POINT (-114.30661170589656 62.41224605310261)
2021A00056106023,0,0,0,0,0,2,0,2,2,0,0,0,0,0,13,0,13,13,0.0,0.0,0.0,0.0,0.0,17.0,0.0,17.0,17.0,POINT (-114.40915468993383 62.46517093853848)
2021A00056106097,0,0,0,0,0,0,0,0,0,0,0,0,0,0,0,0,0,0,,,,,,,,,,POINT (-111.36632987921661 64.51647514302907)
2021A00056204001,0,0,0,0,0,0,0,0,0,0,0,0,0,0,0,0,0,0,,,,,,,,,,POINT (-79.21485557708633 56.65155848519151)
2021A00056204003,0,0,0,0,0,0,0,3,3,0,0,0,0,0,0,0,490,490,,,,,,,,,,POINT (-68.51724109539148 63.75370434027085)
2021A00056204005,0,0,0,0,0,0,0,0,0,0,0,0,0,0,0,0,0,0,,,,,,,,,,POINT (-69.87645497173177 62.84887417465245)
2021A00056204007,0,0,0,0,0,0,0,0,0,0,0,0,0,0,0,0,0,0,,,,,,,,,,POINT (-76.5410988871426 64.22390107207303)
2021A00056204009,0,0,0,0,0,0,0,1,1,0,0,0,0,0,0,0,35,35,,,,,,,,,,POINT (-65.68272216964574 66.14365660940543)
2021A00056204010,0,0,0,0,0,0,0,1,1,0,0,0,0,0,0,0,35,35,,,,,,,,,,POINT (-63.863224312591946 67.5469107137233)
2021A00056204011,0,0,0,0,0,0,0,0,0,0,0,0,0,0,0,0,0,0,,,,,,,,,,POINT (-81.2556615225727 68.77158226779603)
2021A00056204012,0,0,0,0,0,0,0,0,0,0,0,0,0,0,0,0,0,0,,,,,,,,,,POINT (-81.58932134999591 69.37919946557166)
2021A00056204015,0,0,0,0,0,0,0,0,0,0,0,0,0,0,0,0,0,0,,,,,,,,,,POINT (-68.52008160169945 70.46719324857838)
2021A00056204018,0,0,0,0,0,0,0,0,0,0,0,0,0,0,0,0,0,0,,,,,,,,,,POINT (-84.98040333559624 73.0502888919966)
2021A00056204019,0,0,0,0,0,0,0,0,0,0,0,0,0,0,0,0,0,0,,,,,,,,,,POINT (-84.54113698903159 73.00678992906487)
2021A00056204020,0,0,0,0,0,0,0,0,0,0,0,0,0,0,0,0,0,0,,,,,,,,,,POINT (-77.67373095352242 72.68750319701648)
2021A00056204022,0,0,0,0,0,0,0,0,0,0,0,0,0,0,0,0,0,0,,,,,,,,,,POINT (-94.89065769432774 74.7046079630815)
2021A00056204025,0,0,0,0,0,0,0,0,0,0,0,0,0,0,0,0,0,0,,,,,,,,,,POINT (-82.75638470835959 76.48470094744154)
2021A00056204030,0,0,0,0,0,0,0,0,0,0,0,0,0,0,0,0,0,0,,,,,,,,,,POINT (-67.41191525367404 67.32340115248813)
2021A00056205014,0,0,0,0,0,0,0,0,0,0,0,0,0,0,0,0,0,0,,,,,,,,,,POINT (-83.27921637273127 64.16456966687737)
2021A00056205015,0,0,0,0,0,0,0,0,0,0,0,0,0,0,0,0,0,0,,,,,,,,,,POINT (-94.13824623578803 61.089351613725206)
2021A00056205016,0,0,0,0,0,0,0,0,0,0,0,0,0,0,0,0,0,0,,,,,,,,,,POINT (-92.59826960805981 62.27455409486232)
2021A00056205017,0,0,0,0,0,1,0,2,2,0,0,0,0,0,490,0,505,505,,,,,,,,,,POINT (-92.14040467928191 62.83111374290779)
2021A00056205019,0,0,0,0,0,0,0,0,0,0,0,0,0,0,0,0,0,0,,,,,,,,,,POINT (-90.8342917359687 63.309962789966335)
2021A00056205023,0,0,0,0,0,1,0,1,1,0,0,0,0,0,490,0,490,490,,,,,,,,,,POINT (-96.02712597335467 64.32583407324601)
2021A00056205027,0,0,0,0,0,0,0,0,0,0,0,0,0,0,0,0,0,0,,,,,,,,,,POINT (-86.25564648991362 66.55455073008044)
2021A00056205033,0,0,0,0,0,0,0,0,0,0,0,0,0,0,0,0,0,0,,,,,,,,,,POINT (-97.35901203808898 63.67585864977488)
2021A00056208047,0,0,0,0,0,0,0,0,0,0,0,0,0,0,0,0,0,0,,,,,,,,,,POINT (-89.80822157846997 68.53257590504528)
2021A00056208059,0,0,0,0,0,0,0,0,0,0,0,0,0,0,0,0,0,0,,,,,,,,,,POINT (-115.37130429560911 67.80896543507862)
2021A00056208065,0,0,0,0,0,0,0,0,0,0,0,0,0,0,0,0,0,0,,,,,,,,,,POINT (-108.11144919560697 66.83117762701185)
2021A00056208068,0,0,0,0,0,0,0,0,0,0,0,0,0,0,0,0,0,0,,,,,,,,,,POINT (-107.82111393211768 67.68532480911229)
2021A00056208073,0,0,0,0,0,0,0,1,1,0,0,0,0,0,0,0,15,15,,,,,,,,,,POINT (-105.17569421309182 69.13829035679801)
2021A00056208081,0,0,0,0,0,0,0,0,0,0,0,0,0,0,0,0,0,0,,,,,,,,,,POINT (-95.88321607603997 68.64144026686964)
2021A00056208087,0,0,0,0,0,0,0,0,0,0,0,0,0,0,0,0,0,0,,,,,,,,,,POINT (-93.50446590426611 69.55288233267045)
2021A00056208098,0,0,0,0,0,0,0,0,0,0,0,0,0,0,0,0,0,0,,,,,,,,,,POINT (-112.7426952077249 67.236784246319)
