CSDDGUID,All_Businesses,All_Employees,Auto_B,Auto_E,Alum_B,Alum_E,Steel_B,Steel_E,Cop_B,Cop_E,Lum_B,Lum_E,Ene_B,Ene_E,MHDV_B,MHDV_E,CUSMA_B,CUSMA_E,Total_B,Total_E,LANDAREA
2021A00051001101,0,0,0,0,0,0,0,0,0,0,0,0,0,0,0,0,0,0,0,0,870.8928
2021A00051001105,1,7,0,0,0,0,0,0,0,0,0,0,0,0,0,0,0,0,0,0,1.077
2021A00051001113,17,171,1,24,1,24,1,24,0,0,0,0,0,0,0,0,1,24,1,24,54.213
2021A00051001120,1,3,0,0,0,0,0,0,0,0,0,0,0,0,0,0,0,0,0,0,1.0729
2021A00051001124,29,199,0,0,0,0,0,0,0,0,0,0,0,0,0,0,1,3,1,3,742.3781
2021A00051001126,18,114,0,0,0,0,0,0,0,0,0,0,0,0,0,0,1,2,1,2,10.0893
2021A00051001131,6,34,0,0,0,0,0,0,0,0,0,0,0,0,0,0,1,3,1,3,125.9269
2021A00051001136,9,51,0,0,0,0,0,0,0,0,0,0,0,0,0,0,1,10,1,10,38.3341
2021A00051001140,0,0,0,0,0,0,0,0,0,0,0,0,0,0,0,0,0,0,0,0,8.8374
2021A00051001144,3,81,0,0,0,0,0,0,0,0,0,0,0,0,0,0,1,48,1,48,6.8849
2021A00051001149,19,193,0,0,0,0,0,0,0,0,0,0,0,0,0,0,0,0,0,0,13.2186
2021A00051001155,20,112,0,0,0,0,0,0,0,0,0,0,0,0,0,0,4,15,4,15,821.9715
2021A00051001169,4,24,0,0,0,0,0,0,0,0,0,0,0,0,0,0,0,0,0,0,86.6198
2021A00051001174,0,0,0,0,0,0,0,0,0,0,0,0,0,0,0,0,0,0,0,0,23.2882
2021A00051001178,16,176,0,0,0,0,0,0,0,0,0,0,0,0,0,0,0,0,0,0,36.4069
2021A00051001181,0,0,0,0,0,0,0,0,0,0,0,0,0,0,0,0,0,0,0,0,101.8361
2021A00051001186,0,0,0,0,0,0,0,0,0,0,0,0,0,0,0,0,0,0,0,0,24.2028
2021A00051001192,0,0,0,0,0,0,0,0,0,0,0,0,0,0,0,0,0,0,0,0,29.2212
2021A00051001197,0,0,0,0,0,0,0,0,0,0,0,0,0,0,0,0,0,0,0,0,60.7612
2021A00051001203,1,35,0,0,0,0,0,0,0,0,0,0,0,0,0,0,0,0,0,0,567.6216
2021A00051001207,4,28,0,0,0,0,0,0,0,0,0,0,0,0,0,0,0,0,0,0,6.0117
2021A00051001214,0,0,0,0,0,0,0,0,0,0,0,0,0,0,0,0,0,0,0,0,815.6416
2021A00051001219,9,35,0,0,0,0,0,0,0,0,0,0,0,0,0,0,2,6,2,6,16.1849
2021A00051001225,0,0,0,0,0,0,0,0,0,0,0,0,0,0,0,0,0,0,0,0,28.2859
2021A00051001228,10,58,0,0,1,1,0,0,0,0,0,0,0,0,0,0,2,4,2,4,5.3782
2021A00051001234,3,13,0,0,0,0,0,0,0,0,0,0,0,0,0,0,1,5,1,5,454.3362
2021A00051001240,89,2439,0,0,0,0,0,0,0,0,0,0,0,0,0,0,2,5,2,5,57.8019
2021A00051001254,3,13,0,0,0,0,0,0,0,0,0,0,0,0,0,0,1,3,1,3,19.8078
2021A00051001259,11,37,0,0,0,0,0,0,0,0,0,0,0,0,0,0,0,0,0,0,772.3753
2021A00051001263,5,610,0,0,0,0,0,0,0,0,0,0,1,207,0,0,1,207,1,207,18.3301
2021A00051001267,2,14,0,0,0,0,0,0,0,0,0,0,0,0,0,0,1,7,1,7,5.3919
2021A00051001270,27,608,0,0,0,0,0,0,0,0,0,0,0,0,0,0,2,223,2,223,5.2462
2021A00051001274,13,770,0,0,1,530,0,0,0,0,0,0,1,530,0,0,1,530,1,530,39.5471
2021A00051001277,8,36,0,0,0,0,0,0,0,0,0,0,0,0,0,0,0,0,0,0,39.0221
2021A00051001281,6,54,0,0,0,0,0,0,0,0,0,0,0,0,0,0,0,0,0,0,18.141
2021A00051001285,19,89,0,0,0,0,0,0,0,0,0,0,0,0,0,0,2,13,2,13,20.1455
2021A00051001289,17,135,0,0,1,6,0,0,0,0,0,0,0,0,0,0,1,6,1,6,28.0771
2021A00051001293,7,73,0,0,0,0,0,0,0,0,0,0,0,0,0,0,1,2,1,2,190.7606
2021A00051001298,84,919,0,0,0,0,1,3,0,0,2,18,0,0,0,0,4,28,4,28,21.5122
2021A00051001304,87,813,0,0,0,0,0,0,0,0,2,6,0,0,0,0,5,24,5,24,218.8475
2021A00051001308,10,102,0,0,0,0,0,0,0,0,1,7,0,0,0,0,1,7,1,7,22.5278
2021A00051001312,11,53,0,0,0,0,0,0,0,0,0,0,0,0,0,0,0,0,0,0,26.9461
2021A00051001316,7,61,0,0,0,0,0,0,0,0,0,0,0,0,0,0,0,0,0,0,17.0189
2021A00051001321,4,16,0,0,0,0,0,0,0,0,0,0,0,0,0,0,2,10,2,10,173.0183
2021A00051001325,12,64,0,0,0,0,0,0,0,0,0,0,0,0,0,0,0,0,0,0,62.8709
2021A00051001328,2,10,0,0,0,0,0,0,0,0,0,0,0,0,0,0,0,0,0,0,24.4468
2021A00051001332,13,258,0,0,0,0,0,0,0,0,0,0,0,0,0,0,1,95,1,95,10.6054
2021A00051001335,5,19,0,0,0,0,0,0,0,0,0,0,0,0,0,0,0,0,0,0,31.8583
2021A00051001339,31,113,0,0,0,0,0,0,0,0,0,0,0,0,0,0,2,6,2,6,302.6908
2021A00051001343,20,779,0,0,0,0,0,0,0,0,0,0,0,0,0,0,3,356,3,356,14.1433
2021A00051001347,7,576,0,0,0,0,0,0,0,0,0,0,0,0,0,0,1,346,1,346,13.2372
2021A00051001352,10,46,0,0,1,1,1,1,0,0,0,0,0,0,0,0,1,1,1,1,23.1181
2021A00051001357,5,23,0,0,0,0,0,0,0,0,0,0,0,0,0,0,0,0,0,0,57.2012
2021A00051001361,4,28,0,0,0,0,0,0,0,0,0,0,0,0,0,0,0,0,0,0,4.2077
2021A00051001365,27,137,0,0,1,1,1,1,0,0,0,0,0,0,0,0,1,1,1,1,17.9583
2021A00051001370,167,3096,0,0,0,0,0,0,0,0,1,35,0,0,0,0,3,40,3,40,12.4424
2021A00051001374,13,51,0,0,0,0,0,0,0,0,0,0,0,0,0,0,0,0,0,0,64.1063
2021A00051001375,0,0,0,0,0,0,0,0,0,0,0,0,0,0,0,0,0,0,0,0,4.897
2021A00051001379,72,851,0,0,0,0,0,0,0,0,3,7,0,0,0,0,5,13,5,13,33.7139
2021A00051001385,24,148,0,0,0,0,0,0,0,0,1,3,0,0,0,0,3,21,3,21,7.8164
2021A00051001391,0,0,0,0,0,0,0,0,0,0,0,0,0,0,0,0,0,0,0,0,0.452
2021A00051001394,4,24,0,0,0,0,0,0,0,0,0,0,0,0,0,0,0,0,0,0,1.9029
2021A00051001396,51,377,0,0,0,0,0,0,0,0,0,0,0,0,0,0,0,0,0,0,66.0863
2021A00051001405,0,0,0,0,0,0,0,0,0,0,0,0,0,0,0,0,0,0,0,0,37.1251
2021A00051001409,245,3605,0,0,0,0,0,0,0,0,0,0,0,0,0,0,10,249,10,249,24.5092
2021A00051001415,0,0,0,0,0,0,0,0,0,0,0,0,0,0,0,0,0,0,0,0,8.1024
2021A00051001421,8,36,0,0,0,0,0,0,0,0,0,0,0,0,0,0,0,0,0,0,139.9815
2021A00051001426,2,10,0,0,0,0,0,0,0,0,0,0,0,0,0,0,0,0,0,0,4.2039
2021A00051001429,67,513,0,0,1,4,0,0,0,0,0,0,0,0,0,0,5,87,5,87,12.6442
2021A00051001434,18,106,0,0,0,0,0,0,0,0,0,0,0,0,0,0,0,0,0,0,5.965
2021A00051001437,11,89,0,0,0,0,0,0,0,0,0,0,0,0,0,0,1,2,1,2,10.8616
2021A00051001441,6,42,0,0,0,0,0,0,0,0,0,0,0,0,0,0,1,3,1,3,12.8506
2021A00051001446,0,0,0,0,0,0,0,0,0,0,0,0,0,0,0,0,0,0,0,0,11.4758
2021A00051001452,4,12,0,0,0,0,0,0,0,0,0,0,0,0,0,0,0,0,0,0,78.3758
2021A00051001456,4,12,0,0,0,0,0,0,0,0,0,0,0,0,0,0,0,0,0,0,26.2396
2021A00051001461,3,49,0,0,0,0,0,0,0,0,0,0,0,0,0,0,0,0,0,0,21.4668
2021A00051001464,12,76,0,0,0,0,0,0,0,0,0,0,0,0,0,0,0,0,0,0,29.6866
2021A00051001469,9,39,0,0,0,0,0,0,0,0,0,0,0,0,0,0,0,0,0,0,21.1868
2021A00051001472,98,1179,0,0,0,0,0,0,0,0,0,0,0,0,0,0,1,54,1,54,126.0157
2021A00051001485,597,5547,0,0,0,0,2,10,0,0,4,85,0,0,0,0,5,91,5,91,59.7238
2021A00051001490,1,15,0,0,0,0,0,0,0,0,0,0,0,0,0,0,0,0,0,0,16.8231
2021A00051001494,34,314,0,0,0,0,0,0,0,0,0,0,0,0,0,0,0,0,0,0,14.4896
2021A00051001504,201,1407,0,0,1,2,0,0,0,0,1,34,2,2,0,0,6,47,6,47,57.6063
2021A00051001505,26,182,0,0,0,0,0,0,0,0,0,0,0,0,0,0,1,7,1,7,58.2365
2021A00051001507,35,181,0,0,0,0,0,0,0,0,0,0,0,0,0,0,1,3,1,3,18.0999
2021A00051001509,170,1090,2,5,1,3,1,3,0,0,2,29,0,0,0,0,5,35,5,35,34.8944
2021A00051001511,57,311,0,0,0,0,0,0,0,0,0,0,0,0,0,0,0,0,0,0,16.9894
2021A00051001512,5,31,0,0,0,0,0,0,0,0,0,0,0,0,0,0,0,0,0,0,16.0501
2021A00051001517,516,6945,1,16,3,27,3,18,0,0,3,71,1,1,0,0,12,223,12,223,29.6685
2021A00051001519,4097,82510,4,19,14,39,5,27,1,1,6,108,5,50,1,4,64,983,64,983,446.0185
2021A00051001542,883,16434,0,0,5,25,2,9,1,5,4,52,2,11,0,0,16,180,16,180,15.6508
2021A00051001551,26,202,0,0,0,0,0,0,0,0,0,0,0,0,0,0,3,30,3,30,4.399
2021A00051001557,47,461,0,0,1,25,1,25,0,0,0,0,0,0,0,0,2,26,2,26,30.5999
2021A00051001559,39,784,0,0,0,0,0,0,0,0,0,0,0,0,0,0,2,353,2,353,17.6121
2021A00051001565,0,0,0,0,0,0,0,0,0,0,0,0,0,0,0,0,0,0,0,0,298.0624
2021A00051002001,0,0,0,0,0,0,0,0,0,0,0,0,0,0,0,0,0,0,0,0,136.5785
2021A00051002002,51,736,0,0,0,0,0,0,0,0,0,0,0,0,0,0,0,0,0,0,6.3291
2021A00051002005,36,240,0,0,0,0,0,0,0,0,0,0,0,0,0,0,0,0,0,0,34.4894
2021A00051002006,1,3,0,0,0,0,0,0,0,0,0,0,0,0,0,0,0,0,0,0,198.8912
2021A00051002008,22,908,0,0,0,0,0,0,0,0,0,0,0,0,0,0,1,220,1,220,34.863
2021A00051002009,0,0,0,0,0,0,0,0,0,0,0,0,0,0,0,0,0,0,0,0,366.98
2021A00051002011,14,54,0,0,0,0,0,0,0,0,0,0,0,0,0,0,0,0,0,0,3.5175
2021A00051002012,21,119,0,0,0,0,0,0,0,0,0,0,0,0,0,0,0,0,0,0,79.7493
2021A00051002013,0,0,0,0,0,0,0,0,0,0,0,0,0,0,0,0,0,0,0,0,29.9118
2021A00051002014,0,0,0,0,0,0,0,0,0,0,0,0,0,0,0,0,0,0,0,0,63.245
2021A00051002015,0,0,0,0,0,0,0,0,0,0,0,0,0,0,0,0,0,0,0,0,3.8932
2021A00051002016,0,0,0,0,0,0,0,0,0,0,0,0,0,0,0,0,0,0,0,0,269.3464
2021A00051002017,0,0,0,0,0,0,0,0,0,0,0,0,0,0,0,0,0,0,0,0,69.0665
2021A00051002018,51,612,0,0,0,0,0,0,0,0,0,0,0,0,0,0,5,248,5,248,54.7705
2021A00051002019,0,0,0,0,0,0,0,0,0,0,0,0,0,0,0,0,0,0,0,0,16.8236
2021A00051002021,11,65,0,0,0,0,0,0,0,0,0,0,0,0,0,0,0,0,0,0,39.1041
2021A00051002022,0,0,0,0,0,0,0,0,0,0,0,0,0,0,0,0,0,0,0,0,33.1672
2021A00051002023,9,47,0,0,0,0,1,3,0,0,1,3,0,0,0,0,1,3,1,3,54.4399
2021A00051002024,177,2141,0,0,1,2,0,0,0,0,0,0,0,0,0,0,6,132,6,132,62.226
2021A00051002025,5,35,0,0,0,0,0,0,0,0,0,0,0,0,0,0,0,0,0,0,25.3879
2021A00051002026,2,6,0,0,0,0,0,0,0,0,0,0,0,0,0,0,0,0,0,0,491.9819
2021A00051002027,15,113,0,0,0,0,0,0,0,0,0,0,0,0,0,0,0,0,0,0,3.7357
2021A00051002029,0,0,0,0,0,0,0,0,0,0,0,0,0,0,0,0,0,0,0,0,267.481
2021A00051002030,3,13,0,0,0,0,0,0,0,0,0,0,0,0,0,0,0,0,0,0,142.8052
2021A00051002031,8,52,0,0,0,0,0,0,0,0,0,0,0,0,0,0,0,0,0,0,1463.649
2021A00051002033,2,10,0,0,0,0,0,0,0,0,0,0,0,0,0,0,0,0,0,0,5.8867
2021A00051002034,6,18,0,0,0,0,0,0,0,0,0,0,0,0,0,0,0,0,0,0,4.7723
2021A00051002036,4,20,0,0,0,0,0,0,0,0,0,0,0,0,0,0,1,3,1,3,15.115
2021A00051002037,2,6,0,0,0,0,0,0,0,0,0,0,0,0,0,0,0,0,0,0,11.1942
2021A00051002039,2,10,0,0,0,0,0,0,0,0,0,0,0,0,0,0,1,7,1,7,2.8059
2021A00051002040,3,13,0,0,0,0,0,0,0,0,0,0,0,0,0,0,0,0,0,0,4.1488
2021A00051002041,4,28,0,0,0,0,0,0,0,0,0,0,0,0,0,0,1,3,1,3,16.0781
2021A00051002044,1,3,0,0,0,0,0,0,0,0,0,0,0,0,0,0,0,0,0,0,873.6169
2021A00051002048,5,31,0,0,0,0,0,0,0,0,0,0,0,0,0,0,1,1,1,1,1027.9582
2021A00051002055,2,6,0,0,0,0,0,0,0,0,0,0,0,0,0,0,1,3,1,3,1.5608
2021A00051003001,0,0,0,0,0,0,0,0,0,0,0,0,0,0,0,0,0,0,0,0,2940.1412
2021A00051003002,1,7,0,0,0,0,0,0,0,0,0,0,0,0,0,0,0,0,0,0,2.5616
2021A00051003003,13,99,0,0,0,0,0,0,0,0,1,3,0,0,0,0,1,3,1,3,81.889
2021A00051003004,12,44,0,0,0,0,0,0,0,0,0,0,0,0,0,0,3,9,3,9,2.1973
2021A00051003005,3,9,0,0,0,0,0,0,0,0,0,0,0,0,0,0,0,0,0,0,2.6451
2021A00051003006,2,90,0,0,0,0,0,0,0,0,0,0,0,0,0,0,0,0,0,0,253.3624
2021A00051003008,36,592,0,0,0,0,0,0,0,0,0,0,0,0,0,0,1,48,1,48,13.8184
2021A00051003009,0,0,0,0,0,0,0,0,0,0,0,0,0,0,0,0,0,0,0,0,711.6529
2021A00051003010,4,16,0,0,0,0,0,0,0,0,0,0,0,0,0,0,0,0,0,0,2.0273
2021A00051003011,11,149,0,0,0,0,0,0,0,0,0,0,0,0,0,0,1,48,1,48,29.1395
2021A00051003012,2,10,0,0,0,0,0,0,0,0,0,0,0,0,0,0,0,0,0,0,4.2258
2021A00051003014,3,9,0,0,0,0,0,0,0,0,0,0,0,0,0,0,0,0,0,0,6611.0746
2021A00051003018,18,234,0,0,0,0,0,0,0,0,0,0,0,0,0,0,1,14,1,14,24.9497
2021A00051003019,51,871,0,0,0,0,0,0,0,0,1,7,0,0,0,0,5,173,5,173,20.484
2021A00051003020,3,9,0,0,0,0,0,0,0,0,0,0,0,0,0,0,0,0,0,0,14.0926
2021A00051003021,2,6,0,0,0,0,0,0,0,0,0,0,0,0,0,0,0,0,0,0,2468.0974
2021A00051003024,13,59,0,0,0,0,0,0,0,0,0,0,0,0,0,0,1,3,1,3,2548.5941
2021A00051003026,15,85,0,0,0,0,0,0,0,0,0,0,0,0,0,0,2,25,2,25,1.8572
2021A00051003028,0,0,0,0,0,0,0,0,0,0,0,0,0,0,0,0,0,0,0,0,29.509
2021A00051003031,4,20,0,0,0,0,0,0,0,0,0,0,0,0,0,0,0,0,0,0,665.0644
2021A00051003032,7,33,0,0,0,0,0,0,0,0,0,0,0,0,0,0,0,0,0,0,7.7522
2021A00051003033,9,31,0,0,0,0,0,0,0,0,0,0,0,0,0,0,1,3,1,3,9.4812
2021A00051003034,127,1943,0,0,0,0,0,0,0,0,0,0,0,0,0,0,0,0,0,0,38.839
2021A00051003038,3,9,0,0,0,0,0,0,0,0,0,0,0,0,0,0,0,0,0,0,2121.156
2021A00051003042,0,0,0,0,0,0,0,0,0,0,0,0,0,0,0,0,0,0,0,0,646.3061
2021A00051003045,7,57,0,0,0,0,0,0,0,0,0,0,0,0,0,0,0,0,0,0,4.4866
2021A00051003801,0,0,0,0,0,0,0,0,0,0,0,0,0,0,0,0,0,0,0,0,16.7025
2021A00051004001,53,666,0,0,0,0,0,0,0,0,0,0,0,0,0,0,5,13,5,13,1204.4626
2021A00051004006,32,296,0,0,0,0,0,0,0,0,0,0,0,0,0,0,1,2,1,2,1809.3355
2021A00051004011,3,9,0,0,0,0,0,0,0,0,0,0,0,0,0,0,0,0,0,0,2365.4474
2021A00051004013,29,111,0,0,0,0,0,0,0,0,0,0,0,0,0,0,2,6,2,6,25.7133
2021A00051004016,2,6,0,0,0,0,0,0,0,0,0,0,0,0,0,0,0,0,0,0,1148.8142
2021A00051004017,2,10,0,0,0,0,0,0,0,0,0,0,0,0,0,0,0,0,0,0,6.3254
2021A00051004018,28,315,0,0,0,0,0,0,0,0,0,0,0,0,0,0,0,0,0,0,31.0663
2021A00051004019,242,4015,0,0,0,0,0,0,0,0,0,0,0,0,0,0,5,163,5,163,35.2662
2021A00051004020,30,174,0,0,0,0,0,0,0,0,0,0,0,0,0,0,0,0,0,0,14.235
2021A00051004021,40,383,0,0,0,0,0,0,0,0,2,6,0,0,0,0,12,252,12,252,25.055
2021A00051004022,9,39,0,0,0,0,0,0,0,0,0,0,0,0,0,0,2,6,2,6,295.4204
2021A00051004033,12,68,0,0,0,0,0,0,0,0,0,0,0,0,0,0,1,7,1,7,34.4745
2021A00051004037,22,94,0,0,0,0,0,0,0,0,0,0,0,0,0,0,3,9,3,9,7.3865
2021A00051004042,2,10,0,0,0,0,0,0,0,0,0,0,0,0,0,0,0,0,0,0,16.97
2021A00051005001,1,3,0,0,0,0,0,0,0,0,0,0,0,0,0,0,0,0,0,0,2412.9253
2021A00051005003,7,37,0,0,0,0,0,0,0,0,0,0,0,0,0,0,0,0,0,0,3409.2154
2021A00051005004,183,2209,0,0,0,0,0,0,0,0,2,38,0,0,0,0,3,45,3,45,73.258
2021A00051005005,8,28,0,0,0,0,0,0,0,0,0,0,0,0,0,0,1,3,1,3,7.0657
2021A00051005006,4,28,0,0,0,0,0,0,0,0,0,0,0,0,0,0,0,0,0,0,19.9092
2021A00051005007,1,3,0,0,0,0,0,0,0,0,0,0,0,0,0,0,0,0,0,0,1167.4981
2021A00051005008,12,124,0,0,0,0,0,0,0,0,1,35,0,0,0,0,1,35,1,35,32.9945
2021A00051005009,17,75,0,0,0,0,0,0,0,0,0,0,0,0,0,0,1,2,1,2,58.276
2021A00051005010,20,84,0,0,0,0,0,0,0,0,0,0,0,0,0,0,0,0,0,0,823.7189
2021A00051005011,17,135,0,0,0,0,0,0,0,0,0,0,0,0,0,0,0,0,0,0,1.2409
2021A00051005012,80,795,0,0,0,0,0,0,0,0,0,0,1,1,0,0,3,39,3,39,49.1661
2021A00051005014,20,244,0,0,0,0,0,0,0,0,0,0,0,0,0,0,1,1,1,1,133.6543
2021A00051005015,6,405,0,0,0,0,0,0,0,0,0,0,0,0,0,0,1,36,1,36,6.72
2021A00051005016,8,28,0,0,0,0,0,0,0,0,0,0,0,0,0,0,0,0,0,0,483.4966
2021A00051005017,19,89,0,0,0,0,0,0,0,0,0,0,0,0,0,0,0,0,0,0,2.4517
2021A00051005018,791,12925,0,0,0,0,1,3,0,0,3,9,0,0,0,0,12,100,12,100,147.8817
2021A00051005019,0,0,0,0,0,0,0,0,0,0,0,0,0,0,0,0,0,0,0,0,1320.1531
2021A00051005020,25,690,0,0,0,0,0,0,0,0,0,0,0,0,0,0,1,346,1,346,65.141
2021A00051005022,4,24,0,0,0,0,0,0,0,0,0,0,0,0,0,0,0,0,0,0,11.9716
2021A00051005023,9,87,0,0,0,0,0,0,0,0,0,0,0,0,0,0,1,22,1,22,7.2331
2021A00051005024,9,43,0,0,0,0,0,0,0,0,0,0,0,0,0,0,0,0,0,0,12.9364
2021A00051005025,6,94,0,0,0,0,0,0,0,0,0,0,0,0,0,0,0,0,0,0,3.822
2021A00051005028,5,19,0,0,0,0,0,0,0,0,0,0,0,0,0,0,0,0,0,0,1.5602
2021A00051005030,8,64,0,0,0,0,0,0,0,0,0,0,0,0,0,0,0,0,0,0,11.8819
2021A00051005033,17,63,0,0,0,0,0,0,0,0,0,0,0,0,0,0,0,0,0,0,15.712
2021A00051005035,11,37,0,0,0,0,0,0,0,0,0,0,0,0,0,0,1,1,1,1,13.8782
2021A00051006001,7,25,0,0,0,0,0,0,0,0,0,0,0,0,0,0,0,0,0,0,4180.7385
2021A00051006003,12,132,0,0,0,0,0,0,0,0,0,0,0,0,0,0,0,0,0,0,41.3546
2021A00051006008,2,78,0,0,0,0,0,0,0,0,0,0,0,0,0,0,0,0,0,0,2294.7377
2021A00051006009,453,6859,0,0,1,37,0,0,0,0,1,3,0,0,0,0,3,43,3,43,104.5281
2021A00051006011,5,39,0,0,0,0,0,0,0,0,0,0,0,0,0,0,0,0,0,0,6.3255
2021A00051006012,22,249,0,0,0,0,0,0,0,0,0,0,0,0,0,0,0,0,0,0,7.0788
2021A00051006014,23,245,0,0,0,0,0,0,0,0,0,0,0,0,0,0,0,0,0,0,4007.2402
2021A00051006015,0,0,0,0,0,0,0,0,0,0,0,0,0,0,0,0,0,0,0,0,24.9369
2021A00051006017,474,7536,0,0,0,0,0,0,0,0,0,0,0,0,0,0,0,0,0,0,54.8437
2021A00051006019,88,919,0,0,1,5,0,0,0,0,0,0,0,0,0,0,6,41,6,41,26.3766
2021A00051006021,8,28,0,0,0,0,1,3,0,0,1,3,0,0,0,0,1,3,1,3,6.3371
2021A00051006022,83,816,0,0,0,0,0,0,0,0,0,0,0,0,0,0,1,7,1,7,14.5615
2021A00051006026,0,0,0,0,0,0,0,0,0,0,0,0,0,0,0,0,0,0,0,0,1.8862
2021A00051006028,9,35,0,0,0,0,0,0,0,0,0,0,0,0,0,0,0,0,0,0,3.0793
2021A00051006029,1,3,0,0,0,0,0,0,0,0,0,0,0,0,0,0,1,1,1,1,5264.7269
2021A00051006031,19,217,0,0,0,0,0,0,0,0,0,0,0,0,0,0,0,0,0,0,4.6253
2021A00051007001,23,89,0,0,0,0,0,0,0,0,0,0,0,0,0,0,3,8,3,8,450.2545
2021A00051007006,26,521,0,0,1,2,0,0,0,0,0,0,0,0,0,0,5,231,5,231,242.8917
2021A00051007009,0,0,0,0,0,0,0,0,0,0,0,0,0,0,0,0,0,0,0,0,484.9577
2021A00051007013,319,5085,1,16,2,18,1,16,0,0,2,8,1,1,0,0,6,29,6,29,139.911
2021A00051007014,16,80,0,0,0,0,0,0,0,0,0,0,0,0,0,0,2,6,2,6,272.6065
2021A00051007015,12,188,0,0,0,0,0,0,0,0,0,0,0,0,0,0,0,0,0,0,12.9156
2021A00051007016,16,132,0,0,0,0,0,0,0,0,0,0,0,0,0,0,1,3,1,3,11.6378
2021A00051007018,2,10,0,0,0,0,0,0,0,0,0,0,0,0,0,0,0,0,0,0,170.7966
2021A00051007020,16,64,0,0,0,0,0,0,0,0,0,0,0,0,0,0,0,0,0,0,10.07
2021A00051007022,50,258,0,0,0,0,0,0,0,0,0,0,0,0,0,0,1,2,1,2,26.1851
2021A00051007023,120,2014,0,0,2,2,0,0,0,0,0,0,0,0,0,0,6,381,6,381,31.5628
2021A00051007024,9,55,0,0,1,1,1,1,0,0,0,0,0,0,0,0,1,1,1,1,144.3455
2021A00051007025,2,6,0,0,0,0,0,0,0,0,0,0,0,0,0,0,0,0,0,0,6.6655
2021A00051007026,2,6,0,0,0,0,0,0,0,0,0,0,0,0,0,0,0,0,0,0,17.6353
2021A00051007027,3,13,0,0,0,0,0,0,0,0,0,0,0,0,0,0,0,0,0,0,21.4447
2021A00051007028,23,113,0,0,0,0,0,0,0,0,0,0,0,0,0,0,2,4,2,4,296.9469
2021A00051007031,76,632,0,0,0,0,1,3,0,0,4,116,0,0,0,0,4,116,4,116,1631.5107
2021A00051007032,8,36,0,0,0,0,0,0,0,0,0,0,0,0,0,0,0,0,0,0,13.4866
2021A00051007036,18,194,0,0,0,0,0,0,0,0,0,0,0,0,0,0,0,0,0,0,50.9979
2021A00051007037,11,89,0,0,0,0,0,0,0,0,0,0,0,0,0,0,0,0,0,0,13.3042
2021A00051007038,5,31,0,0,0,0,0,0,0,0,1,3,0,0,0,0,1,3,1,3,2457.8483
2021A00051007039,11,125,0,0,0,0,0,0,0,0,0,0,0,0,0,0,2,8,2,8,8.9869
2021A00051007040,6,34,0,0,0,0,0,0,0,0,0,0,0,0,0,0,0,0,0,0,2.4354
2021A00051007041,10,134,0,0,0,0,0,0,0,0,1,15,0,0,0,0,2,63,2,63,9.6151
2021A00051007042,21,127,0,0,0,0,0,0,0,0,0,0,0,0,0,0,0,0,0,0,18.4758
2021A00051007043,5,27,0,0,0,0,0,0,0,0,0,0,0,0,0,0,0,0,0,0,9.571
2021A00051007044,59,848,0,0,1,1,1,1,0,0,0,0,0,0,0,0,3,104,3,104,69.8476
2021A00051007045,0,0,0,0,0,0,0,0,0,0,0,0,0,0,0,0,0,0,0,0,1402.0253
2021A00051007046,1,3,0,0,0,0,0,0,0,0,0,0,0,0,0,0,0,0,0,0,15.8542
2021A00051007047,55,457,0,0,0,0,0,0,0,0,0,0,0,0,0,0,2,9,2,9,93.029
2021A00051007048,2,6,0,0,0,0,0,0,0,0,0,0,0,0,0,0,0,0,0,0,9.7624
2021A00051007049,0,0,0,0,0,0,0,0,0,0,0,0,0,0,0,0,0,0,0,0,34.1079
2021A00051007050,27,161,0,0,0,0,0,0,0,0,0,0,0,0,0,0,1,8,1,8,37.0443
2021A00051007051,1,7,0,0,0,0,0,0,0,0,0,0,0,0,0,0,0,0,0,0,858.9366
2021A00051007054,13,219,0,0,0,0,0,0,0,0,0,0,0,0,0,0,1,3,1,3,2.7536
2021A00051007056,0,0,0,0,0,0,0,0,0,0,0,0,0,0,0,0,0,0,0,0,287.6379
2021A00051007057,53,342,0,0,0,0,0,0,0,0,1,3,0,0,0,0,4,102,4,102,11.1191
2021A00051007060,37,982,0,0,0,0,0,0,0,0,0,0,0,0,0,0,5,362,5,362,132.7027
2021A00051007067,6,34,0,0,0,0,0,0,0,0,0,0,0,0,0,0,1,3,1,3,86.4907
2021A00051008001,2,6,0,0,0,0,0,0,0,0,0,0,0,0,0,0,0,0,0,0,658.7045
2021A00051008004,16,116,0,0,0,0,0,0,0,0,0,0,0,0,0,0,2,6,2,6,19.2025
2021A00051008006,27,145,0,0,0,0,0,0,0,0,0,0,0,0,0,0,3,9,3,9,67.2961
2021A00051008008,52,272,0,0,0,0,0,0,0,0,1,3,0,0,0,0,2,25,2,25,1315.1186
2021A00051008011,35,364,0,0,0,0,0,0,0,0,0,0,0,0,0,0,1,3,1,3,42.6795
2021A00051008024,9,27,0,0,0,0,0,0,0,0,0,0,0,0,0,0,1,3,1,3,5.3648
2021A00051008026,1,3,0,0,0,0,0,0,0,0,0,0,0,0,0,0,0,0,0,0,8.971
2021A00051008029,21,227,0,0,0,0,0,0,0,0,0,0,0,0,0,0,0,0,0,0,3.0262
2021A00051008031,23,205,0,0,0,0,0,0,0,0,0,0,0,0,0,0,0,0,0,0,178.0141
2021A00051008032,6,26,0,0,0,0,0,0,0,0,0,0,0,0,0,0,1,3,1,3,11.1529
2021A00051008033,22,174,0,0,0,0,0,0,0,0,1,75,0,0,0,0,2,78,2,78,16.0424
2021A00051008035,63,715,0,0,0,0,0,0,0,0,0,0,0,0,0,0,0,0,0,0,25.6017
2021A00051008036,3,21,0,0,0,0,0,0,0,0,0,0,0,0,0,0,0,0,0,0,521.391
2021A00051008037,18,94,0,0,0,0,0,0,0,0,0,0,0,0,0,0,0,0,0,0,35.808
2021A00051008038,20,108,0,0,0,0,0,0,0,0,0,0,0,0,0,0,0,0,0,0,49.3309
2021A00051008039,10,429,0,0,0,0,0,0,0,0,0,0,0,0,0,0,2,222,2,222,29.9709
2021A00051008040,12,68,0,0,0,0,0,0,0,0,0,0,0,0,0,0,0,0,0,0,15.1537
2021A00051008042,2,6,0,0,0,0,0,0,0,0,0,0,0,0,0,0,0,0,0,0,106.3508
2021A00051008043,9,39,0,0,0,0,0,0,0,0,0,0,0,0,0,0,0,0,0,0,18.348
2021A00051008044,163,1756,0,0,0,0,0,0,0,0,1,7,0,0,0,0,2,14,2,14,36.0217
2021A00051008045,3,13,0,0,0,0,0,0,0,0,0,0,0,0,0,0,0,0,0,0,8.4612
2021A00051008046,2,6,0,0,0,0,0,0,0,0,0,0,0,0,0,0,0,0,0,0,707.9905
2021A00051008047,5,27,0,0,0,0,0,0,0,0,0,0,0,0,0,0,0,0,0,0,21.6204
2021A00051008048,9,43,0,0,0,0,0,0,0,0,1,3,0,0,0,0,2,6,2,6,26.5934
2021A00051008049,14,98,0,0,0,0,0,0,0,0,0,0,0,0,0,0,1,15,1,15,26.8021
2021A00051008052,0,0,0,0,0,0,0,0,0,0,0,0,0,0,0,0,0,0,0,0,20.1051
2021A00051008053,7,37,0,0,0,0,0,0,0,0,0,0,0,0,0,0,0,0,0,0,34.6525
2021A00051008054,35,768,0,0,0,0,0,0,0,0,0,0,0,0,0,0,9,286,9,286,7.5376
2021A00051008055,4,16,0,0,0,0,0,0,0,0,0,0,0,0,0,0,0,0,0,0,2.2581
2021A00051008056,4,16,0,0,0,0,0,0,0,0,0,0,0,0,0,0,1,3,1,3,34.5224
2021A00051008058,23,141,0,0,0,0,0,0,0,0,0,0,0,0,0,0,0,0,0,0,1213.8847
2021A00051008059,14,90,0,0,0,0,0,0,0,0,0,0,0,0,0,0,1,3,1,3,8.7245
2021A00051008060,0,0,0,0,0,0,0,0,0,0,0,0,0,0,0,0,0,0,0,0,36.0875
2021A00051008061,126,1557,0,0,0,0,0,0,0,0,2,4,0,0,0,0,4,22,4,22,17.4568
2021A00051008062,1,3,0,0,0,0,0,0,0,0,0,0,0,0,0,0,0,0,0,0,7.7155
2021A00051008063,4,16,0,0,0,0,0,0,0,0,0,0,0,0,0,0,1,7,1,7,1.6565
2021A00051008064,1,3,0,0,0,0,0,0,0,0,0,0,0,0,0,0,0,0,0,0,7.3394
2021A00051008065,2,18,0,0,0,0,0,0,0,0,0,0,0,0,0,0,0,0,0,0,379.1857
2021A00051008066,0,0,0,0,0,0,0,0,0,0,0,0,0,0,0,0,0,0,0,0,2.5842
2021A00051008067,1,3,0,0,0,0,0,0,0,0,0,0,0,0,0,0,1,3,1,3,409.6555
2021A00051008069,20,160,0,0,0,0,0,0,0,0,0,0,0,0,0,0,2,26,2,26,45.7211
2021A00051008070,2,6,0,0,0,0,0,0,0,0,0,0,0,0,0,0,1,3,1,3,1.9322
2021A00051008071,6,22,0,0,0,0,0,0,0,0,0,0,0,0,0,0,0,0,0,0,4.09
2021A00051008072,11,49,0,0,0,0,0,0,0,0,0,0,0,0,0,0,0,0,0,0,24.9254
2021A00051008073,0,0,0,0,0,0,0,0,0,0,0,0,0,0,0,0,0,0,0,0,3.0994
2021A00051008074,2,6,0,0,0,0,0,0,0,0,0,0,0,0,0,0,0,0,0,0,2270.17
2021A00051008075,9,35,0,0,0,0,0,0,0,0,0,0,0,0,0,0,0,0,0,0,39.5366
2021A00051008076,30,178,0,0,0,0,0,0,0,0,0,0,0,0,0,0,3,17,3,17,29.1588
2021A00051008077,4,12,0,0,0,0,0,0,0,0,0,0,0,0,0,0,1,3,1,3,1.0223
2021A00051008078,2,18,0,0,0,0,0,0,0,0,0,0,0,0,0,0,0,0,0,0,14.4411
2021A00051008079,60,855,0,0,0,0,0,0,0,0,0,0,0,0,0,0,1,7,1,7,371.366
2021A00051008091,4,16,0,0,0,0,0,0,0,0,0,0,0,0,0,0,0,0,0,0,10.7867
2021A00051008092,2,10,0,0,0,0,0,0,0,0,0,0,0,0,0,0,0,0,0,0,18.9884
2021A00051008093,7,29,0,0,0,0,1,7,0,0,1,7,0,0,0,0,1,7,1,7,5.2303
2021A00051008095,7,372,0,0,0,0,0,0,0,0,0,0,0,0,0,0,0,0,0,0,3.8051
2021A00051008096,3,17,0,0,0,0,0,0,0,0,0,0,0,0,0,0,0,0,0,0,10.0531
2021A00051008098,1,3,0,0,0,0,0,0,0,0,0,0,0,0,0,0,0,0,0,0,3.9841
2021A00051008099,65,1093,0,0,0,0,0,0,0,0,0,0,0,0,0,0,6,174,6,174,238.2479
2021A00051009001,1,3,0,0,0,0,0,0,0,0,0,0,0,0,0,0,0,0,0,0,4933.8227
2021A00051009004,26,114,0,0,0,0,0,0,0,0,0,0,0,0,0,0,2,10,2,10,28.8151
2021A00051009007,45,279,0,0,0,0,0,0,0,0,0,0,0,0,0,0,1,3,1,3,45.1412
2021A00051009008,6,165,0,0,0,0,0,0,0,0,0,0,0,0,0,0,2,98,2,98,10.0304
2021A00051009009,11,53,0,0,0,0,0,0,0,0,0,0,0,0,0,0,0,0,0,0,1726.942
2021A00051009010,13,55,0,0,0,0,0,0,0,0,0,0,0,0,0,0,1,3,1,3,5.8315
2021A00051009011,22,218,0,0,0,0,0,0,0,0,0,0,0,0,0,0,1,48,1,48,3.781
2021A00051009012,30,406,0,0,0,0,0,0,0,0,0,0,0,0,0,0,0,0,0,0,4.8404
2021A00051009013,56,679,0,0,1,1,1,1,0,0,0,0,0,0,0,0,2,96,2,96,12.0771
2021A00051009015,19,109,0,0,0,0,0,0,0,0,0,0,0,0,0,0,2,4,2,4,7.6846
2021A00051009016,12,140,0,0,0,0,0,0,0,0,0,0,0,0,0,0,0,0,0,0,17.2668
2021A00051009017,10,38,0,0,0,0,0,0,0,0,0,0,0,0,0,0,0,0,0,0,12.3416
2021A00051009018,13,111,0,0,0,0,0,0,0,0,0,0,0,0,0,0,0,0,0,0,46.4143
2021A00051009019,0,0,0,0,0,0,0,0,0,0,0,0,0,0,0,0,0,0,0,0,38.4972
2021A00051009020,5,51,0,0,0,0,0,0,0,0,0,0,0,0,0,0,1,3,1,3,6.342
2021A00051009021,48,384,0,0,0,0,0,0,0,0,0,0,0,0,0,0,6,37,6,37,1842.1375
2021A00051009022,0,0,0,0,0,0,0,0,0,0,0,0,0,0,0,0,0,0,0,0,35.556
2021A00051009023,11,196,0,0,0,0,0,0,0,0,0,0,0,0,0,0,8,128,8,128,2.2604
2021A00051009024,23,193,0,0,0,0,0,0,0,0,0,0,0,0,0,0,3,17,3,17,6.7726
2021A00051009026,6,30,0,0,0,0,0,0,0,0,0,0,0,0,0,0,2,6,2,6,7.6885
2021A00051009028,12,259,0,0,0,0,0,0,0,0,0,0,0,0,0,0,2,23,2,23,27.9965
2021A00051009029,93,1457,0,0,0,0,0,0,0,0,0,0,0,0,0,0,3,112,3,112,37.4565
2021A00051009030,0,0,0,0,0,0,0,0,0,0,0,0,0,0,0,0,0,0,0,0,6.5232
2021A00051009031,0,0,0,0,0,0,0,0,0,0,0,0,0,0,0,0,0,0,0,0,939.7442
2021A00051009032,25,187,0,0,1,3,0,0,0,0,0,0,0,0,0,0,3,8,3,8,17.2866
2021A00051009034,5,27,0,0,0,0,0,0,0,0,0,0,0,0,0,0,2,18,2,18,1.9358
2021A00051009035,6,22,0,0,0,0,0,0,0,0,0,0,0,0,0,0,0,0,0,0,11.2713
2021A00051009037,2,14,0,0,0,0,0,0,0,0,0,0,0,0,0,0,0,0,0,0,4.6104
2021A00051009039,0,0,0,0,0,0,0,0,0,0,0,0,0,0,0,0,0,0,0,0,2.7074
2021A00051009041,0,0,0,0,0,0,0,0,0,0,0,0,0,0,0,0,0,0,0,0,2096.2917
2021A00051009042,2,6,0,0,0,0,0,0,0,0,0,0,0,0,0,0,0,0,0,0,8.8337
2021A00051009047,0,0,0,0,0,0,0,0,0,0,0,0,0,0,0,0,0,0,0,0,1256.1198
2021A00051009048,8,76,0,0,0,0,0,0,0,0,0,0,0,0,0,0,1,22,1,22,4.4557
2021A00051010001,1,3,0,0,0,0,0,0,0,0,0,0,0,0,0,0,0,0,0,0,3673.4632
2021A00051010002,22,740,0,0,0,0,0,0,0,0,0,0,0,0,0,0,6,331,6,331,3.3942
2021A00051010003,8,28,0,0,0,0,0,0,0,0,0,0,0,0,0,0,0,0,0,0,2.3146
2021A00051010004,8,100,0,0,0,0,0,0,0,0,0,0,0,0,0,0,0,0,0,0,60.645
2021A00051010005,29,375,0,0,0,0,0,0,0,0,0,0,0,0,0,0,0,0,0,0,7.501
2021A00051010006,6,22,0,0,0,0,0,0,0,0,0,0,0,0,0,0,0,0,0,0,7.5997
2021A00051010007,0,0,0,0,0,0,0,0,0,0,0,0,0,0,0,0,0,0,0,0,4.084
2021A00051010008,3,9,0,0,0,0,0,0,0,0,0,0,0,0,0,0,0,0,0,0,35501.5594
2021A00051010009,12,60,0,0,0,0,0,0,0,0,0,0,0,0,0,0,1,1,1,1,32.0194
2021A00051010010,6,34,0,0,0,0,0,0,0,0,0,0,0,0,0,0,1,3,1,3,10.0355
2021A00051010011,15,189,0,0,0,0,0,0,0,0,0,0,0,0,0,0,1,48,1,48,34.2521
2021A00051010012,16,188,0,0,0,0,0,0,0,0,0,0,0,0,0,0,1,48,1,48,5.8667
2021A00051010013,11,45,0,0,0,0,0,0,0,0,0,0,0,0,0,0,1,2,1,2,26.4707
2021A00051010020,0,0,0,0,0,0,0,0,0,0,0,0,0,0,0,0,0,0,0,0,62096.9287
2021A00051010022,16,630,0,0,0,0,0,0,0,0,0,0,0,0,0,0,0,0,0,0,3.5463
2021A00051010025,267,5615,0,0,1,2,0,0,0,0,0,0,0,0,0,0,5,82,5,82,304.5246
2021A00051010029,6,393,0,0,0,0,0,0,0,0,0,0,0,0,0,0,1,63,1,63,64922.383
2021A00051010032,186,3826,0,0,1,1,1,1,0,0,0,0,0,0,0,0,2,76,2,76,34.1091
2021A00051010034,80,1654,0,0,0,0,0,0,0,0,0,0,0,0,0,0,1,3,1,3,42.4158
2021A00051010042,0,0,0,0,0,0,0,0,0,0,0,0,0,0,0,0,0,0,0,0,24865.4889
2021A00051010801,4,447,0,0,0,0,0,0,0,0,0,0,0,0,0,0,0,0,0,0,44.0062
2021A00051010802,0,0,0,0,0,0,0,0,0,0,0,0,0,0,0,0,0,0,0,0,8.4781
2021A00051011005,0,0,0,0,0,0,0,0,0,0,0,0,0,0,0,0,0,0,0,0,26193.246
2021A00051011010,5,67,0,0,0,0,0,0,0,0,0,0,0,0,0,0,0,0,0,0,5.2729
2021A00051011015,4,72,0,0,0,0,0,0,0,0,0,0,0,0,0,0,0,0,0,0,2.3888
2021A00051011020,10,74,0,0,0,0,0,0,0,0,0,0,0,0,0,0,0,0,0,0,2.9545
2021A00051011030,8,88,0,0,0,0,0,0,0,0,0,0,0,0,0,0,0,0,0,0,2.1777
2021A00051011035,21,446,0,0,0,0,0,0,0,0,0,0,0,0,0,0,1,3,1,3,93.5047
2021A00051011040,0,0,0,0,0,0,0,0,0,0,0,0,0,0,0,0,0,0,0,0,40487.588
2021A00051101002,16,80,1,3,1,3,1,3,0,0,0,0,0,0,0,0,3,9,3,9,3.9012
2021A00051101003,13,422,0,0,0,0,0,0,0,0,0,0,0,0,0,0,6,37,6,37,42.774
2021A00051101004,29,167,0,0,0,0,0,0,0,0,0,0,0,0,0,0,10,66,10,66,1.5425
2021A00051101005,26,130,0,0,0,0,0,0,0,0,0,0,0,0,0,0,8,22,8,22,174.7849
2021A00051101020,1,15,0,0,0,0,0,0,0,0,0,0,0,0,0,0,0,0,0,0,50.1763
2021A00051101025,2,10,0,0,0,0,0,0,0,0,0,0,0,0,0,0,0,0,0,0,33.0157
2021A00051101027,2,6,0,0,0,0,0,0,0,0,0,0,0,0,0,0,2,6,2,6,72.9442
2021A00051101030,8,40,0,0,0,0,0,0,0,0,0,0,0,0,0,0,4,11,4,11,31.8737
2021A00051101033,15,141,0,0,2,38,0,0,0,0,0,0,0,0,0,0,5,46,5,46,7.7283
2021A00051101035,62,550,0,0,1,3,0,0,0,0,1,3,0,0,0,0,28,131,28,131,272.5544
2021A00051101036,101,1358,0,0,1,54,0,0,0,0,0,0,0,0,0,0,25,119,25,119,3.6085
2021A00051101037,21,143,0,0,0,0,0,0,0,0,0,0,0,0,0,0,4,11,4,11,183.4379
2021A00051101040,49,231,0,0,0,0,0,0,0,0,0,0,0,0,0,0,19,66,19,66,141.1223
2021A00051101043,34,496,0,0,0,0,0,0,0,0,0,0,0,0,0,0,14,83,14,83,155.2897
2021A00051101044,28,176,0,0,1,2,0,0,0,0,0,0,0,0,0,0,10,24,10,24,4.4413
2021A00051101045,336,4346,3,34,5,89,3,78,0,0,0,0,1,3,1,21,59,658,59,658,431.4717
2021A00051101048,31,377,0,0,0,0,0,0,0,0,1,15,0,0,0,0,5,59,5,59,1.4917
2021A00051101050,0,0,0,0,0,0,0,0,0,0,0,0,0,0,0,0,0,0,0,0,0.7828
2021A00051101052,13,103,0,0,0,0,0,0,0,0,0,0,0,0,0,0,2,6,2,6,74.642
2021A00051102002,68,742,1,11,2,33,2,33,0,0,1,6,0,0,0,0,14,87,14,87,229.273
2021A00051102003,2,6,0,0,0,0,0,0,0,0,0,0,0,0,0,0,1,2,1,2,38.8725
2021A00051102005,0,0,0,0,0,0,0,0,0,0,0,0,0,0,0,0,0,0,0,0,30.2115
2021A00051102010,41,378,0,0,1,1,1,1,0,0,1,1,0,0,0,0,5,11,5,11,53.2972
2021A00051102011,8,44,0,0,0,0,0,0,0,0,0,0,0,0,0,0,2,6,2,6,8.0911
2021A00051102013,10,62,0,0,0,0,0,0,0,0,0,0,0,0,0,0,0,0,0,0,10.3542
2021A00051102015,3,21,0,0,0,0,0,0,0,0,0,0,0,0,0,0,1,2,1,2,9.4489
2021A00051102016,85,1142,1,35,1,1,0,0,0,0,0,0,0,0,1,35,12,119,12,119,221.943
2021A00051102017,139,1337,0,0,2,61,0,0,0,0,0,0,0,0,0,0,10,78,10,78,256.1345
2021A00051102018,27,197,1,1,1,1,1,1,0,0,0,0,0,0,0,0,4,13,4,13,152.4524
2021A00051102019,14,170,0,0,0,0,0,0,0,0,0,0,0,0,0,0,0,0,0,0,6.5585
2021A00051102020,7,69,0,0,0,0,0,0,0,0,0,0,0,0,0,0,1,7,1,7,12.4292
2021A00051102021,11,77,0,0,0,0,0,0,0,0,0,0,0,0,0,0,2,10,2,10,13.5168
2021A00051102022,21,87,0,0,0,0,0,0,0,0,0,0,0,0,0,0,1,3,1,3,48.3803
2021A00051102030,0,0,0,0,0,0,0,0,0,0,0,0,0,0,0,0,0,0,0,0,0.0424
2021A00051102032,7,49,0,0,0,0,0,0,0,0,0,0,0,0,0,0,0,0,0,0,1.4398
2021A00051102034,18,194,0,0,0,0,0,0,0,0,0,0,0,0,0,0,0,0,0,0,2.0951
2021A00051102035,2,6,0,0,0,0,0,0,0,0,0,0,0,0,0,0,0,0,0,0,7.7195
2021A00051102037,20,543,0,0,0,0,0,0,0,0,1,3,0,0,0,0,1,3,1,3,15.9334
2021A00051102040,33,350,0,0,2,100,1,92,0,0,0,0,0,0,0,0,2,100,2,100,35.1262
2021A00051102043,7,69,0,0,0,0,0,0,0,0,0,0,0,0,0,0,0,0,0,0,6.0437
2021A00051102045,56,1031,0,0,0,0,0,0,0,0,0,0,0,0,0,0,2,4,2,4,36.102
2021A00051102046,83,1100,0,0,2,9,1,2,0,0,0,0,0,0,0,0,7,55,7,55,2.6373
2021A00051102050,3,9,0,0,0,0,0,0,0,0,0,0,0,0,0,0,0,0,0,0,10.3251
2021A00051102051,2,6,0,0,0,0,0,0,0,0,0,0,0,0,0,0,0,0,0,0,12.6698
2021A00051102055,32,364,0,0,0,0,0,0,0,0,0,0,0,0,0,0,0,0,0,0,18.7459
2021A00051102057,4,56,0,0,0,0,0,0,0,0,0,0,0,0,0,0,0,0,0,0,1.4289
2021A00051102059,35,324,0,0,1,2,1,2,1,2,0,0,1,2,0,0,10,29,10,29,1.52
2021A00051102061,85,658,1,25,1,25,2,28,0,0,1,3,0,0,0,0,18,80,18,80,12.2739
2021A00051102064,41,303,0,0,0,0,0,0,0,0,0,0,0,0,0,0,14,41,14,41,211.1697
2021A00051102066,18,154,0,0,0,0,0,0,0,0,0,0,0,0,0,0,2,5,2,5,51.2689
2021A00051102067,0,0,0,0,0,0,0,0,0,0,0,0,0,0,0,0,0,0,0,0,71.1307
2021A00051102068,103,509,2,2,4,5,1,2,1,2,0,0,1,2,0,0,7,12,7,12,121.6175
2021A00051102069,5,31,0,0,0,0,0,0,0,0,0,0,0,0,0,0,1,4,1,4,11.5772
2021A00051102070,17,63,0,0,1,3,0,0,0,0,0,0,0,0,0,0,2,6,2,6,10.1634
2021A00051102071,50,565,0,0,0,0,0,0,0,0,0,0,0,0,0,0,16,249,16,249,94.7161
2021A00051102072,4,60,0,0,0,0,0,0,0,0,0,0,0,0,0,0,1,4,1,4,17.1888
2021A00051102073,42,426,0,0,0,0,0,0,0,0,0,0,0,0,0,0,5,14,5,14,48.273
2021A00051102075,2048,37947,2,36,16,312,6,80,1,2,1,2,4,44,0,0,40,514,41,549,44.2714
2021A00051102080,309,3393,0,0,4,8,1,1,0,0,2,4,0,0,0,0,9,25,9,25,22.6703
2021A00051102085,144,1279,0,0,0,0,0,0,0,0,0,0,0,0,0,0,5,19,5,19,28.2117
2021A00051103002,9,39,0,0,0,0,0,0,0,0,1,3,0,0,0,0,2,7,2,7,54.071
2021A00051103003,61,750,1,9,0,0,1,9,0,0,0,0,0,0,1,9,9,51,9,51,134.1307
2021A00051103004,15,133,0,0,0,0,0,0,0,0,0,0,0,0,0,0,0,0,0,0,51.6752
2021A00051103005,34,995,0,0,1,15,0,0,0,0,0,0,0,0,0,0,5,378,5,378,12.9374
2021A00051103007,45,407,0,0,0,0,0,0,0,0,0,0,0,0,0,0,8,38,8,38,98.968
2021A00051103008,16,148,0,0,0,0,0,0,0,0,0,0,0,0,0,0,0,0,0,0,3.9659
2021A00051103014,118,1345,1,3,1,3,1,3,0,0,0,0,0,0,0,0,15,55,15,55,3.17
2021A00051103015,20,188,0,0,2,82,0,0,0,0,0,0,0,0,0,0,3,83,3,83,2.262
2021A00051103018,3,41,0,0,0,0,0,0,0,0,0,0,0,0,0,0,0,0,0,0,8.9411
2021A00051103020,36,228,0,0,0,0,0,0,0,0,1,3,0,0,0,0,5,24,5,24,172.0952
2021A00051103021,21,195,0,0,0,0,1,3,0,0,1,3,0,0,0,0,2,4,2,4,87.6339
2021A00051103022,4,20,0,0,0,0,0,0,0,0,0,0,0,0,0,0,0,0,0,0,20.7301
2021A00051103023,6,98,0,0,0,0,0,0,0,0,0,0,0,0,0,0,1,2,1,2,7.8802
2021A00051103024,22,134,0,0,0,0,0,0,0,0,0,0,0,0,0,0,0,0,0,0,3.4918
2021A00051103025,529,9404,1,32,3,178,1,35,0,0,2,38,1,35,0,0,14,296,15,331,28.2118
2021A00051103027,55,1027,0,0,1,3,0,0,0,0,1,3,0,0,0,0,4,109,4,109,1.3599
2021A00051103029,14,341,0,0,0,0,0,0,0,0,0,0,0,0,0,0,0,0,0,0,1.6963
2021A00051103033,18,289,0,0,0,0,0,0,0,0,0,0,0,0,0,0,1,3,1,3,1.9393
2021A00051103035,17,403,0,0,0,0,0,0,0,0,0,0,0,0,0,0,6,90,6,90,5.5861
2021A00051103039,15,345,0,0,0,0,0,0,0,0,0,0,0,0,0,0,8,61,8,61,102.6102
2021A00051103040,38,793,0,0,3,175,0,0,0,0,0,0,1,10,0,0,5,180,5,180,85.5354
2021A00051103042,66,1124,1,11,2,82,1,11,0,0,0,0,0,0,0,0,7,98,7,98,1.829
2021A00051103043,11,93,0,0,0,0,0,0,0,0,0,0,0,0,0,0,3,8,3,8,133.7752
2021A00051103050,8,427,0,0,0,0,0,0,0,0,0,0,0,0,0,0,5,18,5,18,1.728
2021A00051103052,87,1379,0,0,0,0,0,0,0,0,0,0,0,0,0,0,9,29,9,29,4.6964
2021A00051103053,11,65,0,0,0,0,0,0,0,0,0,0,0,0,0,0,3,16,3,16,11.5435
2021A00051103055,9,43,0,0,0,0,0,0,0,0,0,0,0,0,0,0,2,7,2,7,26.0333
2021A00051103057,6,34,0,0,0,0,0,0,0,0,0,0,0,0,0,0,1,7,1,7,0.6846
2021A00051103059,56,1242,0,0,0,0,0,0,0,0,0,0,0,0,0,0,10,28,10,28,5.8743
2021A00051103060,0,0,0,0,0,0,0,0,0,0,0,0,0,0,0,0,0,0,0,0,1.6521
2021A00051103061,46,881,0,0,1,3,2,17,1,3,1,14,1,3,0,0,19,450,19,450,104.4293
2021A00051103062,5,19,0,0,0,0,0,0,0,0,0,0,0,0,0,0,0,0,0,0,1.8843
2021A00051103063,0,0,0,0,0,0,0,0,0,0,0,0,0,0,0,0,0,0,0,0,100.1684
2021A00051103064,78,586,1,14,2,18,2,7,0,0,1,3,1,2,0,0,10,59,10,59,157.2757
2021A00051103065,102,1399,1,67,1,67,1,7,0,0,0,0,1,7,0,0,17,130,18,137,375.4976
2021A00051103066,8,48,0,0,0,0,0,0,0,0,0,0,0,0,0,0,1,3,1,3,28.0812
2021A00051103067,103,1167,0,0,1,3,1,3,1,3,0,0,1,3,0,0,8,60,8,60,155.1579
2021A00051103068,7,137,0,0,0,0,0,0,0,0,0,0,0,0,0,0,0,0,0,0,7.0689
2021A00051201001,442,3952,0,0,2,12,3,15,1,7,1,3,1,3,0,0,172,803,173,806,631.9827
2021A00051201004,84,767,0,0,0,0,1,35,1,35,0,0,0,0,0,0,35,265,35,265,2.8179
2021A00051201006,99,1973,0,0,1,19,0,0,0,0,1,19,0,0,0,0,36,466,36,466,1816.7139
2021A00051201008,123,1141,0,0,0,0,0,0,0,0,0,0,0,0,0,0,21,102,21,102,8.7495
2021A00051201009,36,531,0,0,3,14,1,2,1,2,0,0,3,14,0,0,11,133,11,133,2.3177
2021A00051202001,397,3210,0,0,1,2,2,69,2,69,1,7,0,0,0,0,185,1147,185,1147,1526.0747
2021A00051202004,419,3263,0,0,0,0,0,0,0,0,2,17,0,0,0,0,113,419,113,419,584.686
2021A00051202006,427,7868,1,51,1,7,3,45,1,35,1,3,2,10,1,51,36,379,38,389,10.566
2021A00051202040,6,198,0,0,0,0,0,0,0,0,0,0,0,0,0,0,1,21,1,21,0.3126
2021A00051203001,312,4743,0,0,1,1,2,4,0,0,4,12,0,0,0,0,78,981,78,981,851.1376
2021A00051203004,220,2034,1,2,2,5,2,4,0,0,3,50,0,0,1,2,64,325,64,325,1654.586
2021A00051203006,128,2333,0,0,2,28,2,32,0,0,0,0,2,21,0,0,16,171,17,186,3.1563
2021A00051203009,4,307,0,0,0,0,0,0,0,0,0,0,0,0,0,0,0,0,0,0,3.3998
2021A00051204001,0,0,0,0,0,0,0,0,0,0,0,0,0,0,0,0,0,0,0,0,0.0627
2021A00051204009,0,0,0,0,0,0,0,0,0,0,0,0,0,0,0,0,0,0,0,0,1.1139
2021A00051204010,243,3798,0,0,2,7,1,3,1,3,4,149,0,0,0,0,29,393,29,393,2387.5232
2021A00051204015,0,0,0,0,0,0,0,0,0,0,0,0,0,0,0,0,0,0,0,0,4.7429
2021A00051205001,28,204,0,0,0,0,0,0,0,0,1,15,0,0,0,0,5,26,5,26,1976.2535
2021A00051205002,0,0,0,0,0,0,0,0,0,0,0,0,0,0,0,0,0,0,0,0,3.0973
2021A00051205004,152,1312,0,0,1,5,0,0,0,0,2,5,0,0,0,0,26,138,26,138,612.4404
2021A00051205006,0,0,0,0,0,0,0,0,0,0,0,0,0,0,0,0,0,0,0,0,0.2421
2021A00051205008,71,920,0,0,0,0,0,0,0,0,0,0,0,0,0,0,3,20,3,20,1.9754
2021A00051205009,152,1897,0,0,2,7,1,4,0,0,1,2,0,0,0,0,15,109,15,109,377.1612
2021A00051205014,64,476,1,3,1,3,1,3,0,0,1,2,0,0,0,0,8,23,8,23,206.5084
2021A00051205016,92,2013,0,0,1,2,0,0,0,0,1,2,0,0,0,0,8,124,8,124,5.5529
2021A00051206001,583,5242,2,3,5,34,3,31,1,2,18,109,4,33,0,0,63,273,65,302,1757.7926
2021A00051206004,345,8110,4,544,4,40,2,26,0,0,0,0,0,0,0,0,10,748,10,748,13.6297
2021A00051206006,143,3179,0,0,3,270,1,33,0,0,0,0,1,3,0,0,10,684,10,684,4.0382
2021A00051206008,100,872,0,0,0,0,1,1,0,0,2,3,2,31,0,0,7,40,7,40,3.1163
2021A00051206009,318,3363,1,22,1,4,3,27,0,0,5,14,0,0,1,22,27,186,27,186,1120.6146
2021A00051206011,1,35,0,0,0,0,0,0,0,0,0,0,0,0,0,0,0,0,0,0,2.7879
2021A00051206014,0,0,0,0,0,0,0,0,0,0,0,0,0,0,0,0,0,0,0,0,0.4443
2021A00051206016,0,0,0,0,0,0,0,0,0,0,0,0,0,0,0,0,0,0,0,0,4.0486
2021A00051207001,523,6796,2,530,3,11,4,12,1,4,7,26,1,4,0,0,59,1018,59,1018,1233.0536
2021A00051207002,7,448,0,0,0,0,0,0,0,0,0,0,0,0,0,0,0,0,0,0,0.6469
2021A00051207004,103,2346,0,0,0,0,0,0,0,0,2,11,0,0,0,0,5,36,5,36,6.5336
2021A00051207011,336,5879,0,0,4,16,3,11,2,8,0,0,3,11,0,0,6,28,7,31,243.9538
2021A00051207012,331,4371,0,0,1,3,0,0,0,0,2,3,0,0,0,0,9,358,9,358,17.081
2021A00051207016,345,4039,2,7,4,9,1,6,1,3,2,5,1,6,2,7,46,391,47,397,346.017
2021A00051207021,149,1796,0,0,0,0,0,0,0,0,1,15,0,0,0,0,24,326,24,326,264.8592
2021A00051207024,153,2518,0,0,0,0,0,0,0,0,0,0,0,0,0,0,4,9,4,9,6.4557
2021A00051207027,2,82,0,0,0,0,0,0,0,0,0,0,0,0,0,0,0,0,0,0,1.7114
2021A00051208003,532,6774,2,5,7,79,3,6,1,2,6,30,4,17,0,0,39,348,41,354,1250.4975
2021A00051208008,554,6496,1,2,7,251,6,55,1,2,6,103,5,45,0,0,40,459,41,494,1786.5318
2021A00051208014,27,428,0,0,0,0,0,0,0,0,0,0,0,0,0,0,2,4,2,4,12.1483
2021A00051209019,4,96,0,0,0,0,0,0,0,0,0,0,0,0,0,0,0,0,0,0,0.188
2021A00051209034,12639,233961,33,659,116,1783,50,1131,9,68,38,579,34,1092,0,0,359,5239,373,6022,5475.5738
2021A00051209037,0,0,0,0,0,0,0,0,0,0,0,0,0,0,0,0,0,0,0,0,0.8333
2021A00051209038,0,0,0,0,0,0,0,0,0,0,0,0,0,0,0,0,0,0,0,0,0.5007
2021A00051209800,1,3,0,0,0,0,0,0,0,0,0,0,0,0,0,0,0,0,0,0,0.4389
2021A00051210001,314,3302,1,15,0,0,1,1,0,0,3,39,1,1,0,0,18,91,18,91,1443.117
2021A00051210002,39,597,0,0,0,0,0,0,0,0,0,0,0,0,0,0,1,2,1,2,17.6169
2021A00051210003,26,860,0,0,0,0,0,0,0,0,0,0,0,0,0,0,0,0,0,0,3.6527
2021A00051210006,594,12565,0,0,2,3,2,48,0,0,3,41,1,3,0,0,17,287,18,290,37.5168
2021A00051210008,503,5935,3,67,6,62,4,54,1,2,6,169,2,14,0,0,47,405,48,417,1248.2412
2021A00051210012,88,1250,0,0,0,0,1,2,0,0,5,14,0,0,0,0,18,330,18,330,877.3542
2021A00051211001,118,1073,1,24,1,24,1,24,0,0,0,0,0,0,0,0,22,111,22,111,1135.5508
2021A00051211006,119,2128,3,117,2,23,2,23,0,0,2,6,0,0,0,0,28,240,28,240,1168.3667
2021A00051211009,86,841,0,0,2,15,1,1,0,0,2,3,1,6,0,0,12,39,12,39,896.217
2021A00051211011,311,5742,1,58,7,289,4,172,1,39,2,40,3,55,0,0,16,496,17,569,12.0662
2021A00051211012,49,954,1,2,2,4,2,4,0,0,0,0,0,0,0,0,7,113,7,113,10.6762
2021A00051211014,123,2192,0,0,0,0,1,7,0,0,0,0,2,35,0,0,26,263,27,270,1052.8953
2021A00051212001,228,1761,1,3,2,5,2,4,0,0,4,149,0,0,0,0,71,392,71,392,769.6431
2021A00051212004,122,1844,1,5,1,148,2,40,0,0,1,7,1,35,0,0,21,299,22,334,7.9933
2021A00051212006,73,671,1,3,0,0,0,0,0,0,0,0,0,0,0,0,7,17,7,17,770.5675
2021A00051212008,117,1250,1,2,1,2,1,2,0,0,3,43,0,0,0,0,8,51,8,51,14.2393
2021A00051212009,132,3561,0,0,1,7,0,0,0,0,2,4,0,0,0,0,10,77,10,77,8.9918
2021A00051212011,155,1344,0,0,2,78,2,78,1,77,7,48,1,77,0,0,26,205,26,205,1254.8741
2021A00051212014,409,8175,2,542,4,38,2,20,0,0,1,7,0,0,0,0,8,572,8,572,9.9557
2021A00051212016,46,486,0,0,0,0,0,0,0,0,0,0,0,0,0,0,8,23,8,23,6.0671
2021A00051212019,16,211,0,0,0,0,0,0,0,0,0,0,0,0,0,0,6,15,6,15,1.5408
2021A00051212023,0,0,0,0,0,0,0,0,0,0,0,0,0,0,0,0,0,0,0,0,0.2307
2021A00051213001,73,750,0,0,1,2,0,0,0,0,1,22,0,0,0,0,21,77,21,77,1904.0842
2021A00051213004,142,1306,1,3,1,3,1,3,0,0,3,11,0,0,0,0,32,150,32,150,2115.2512
2021A00051213008,20,463,0,0,1,31,2,38,1,3,0,0,1,35,0,0,7,191,8,226,17.8257
2021A00051214001,253,2683,0,0,2,5,1,4,0,0,4,12,1,1,0,0,50,131,50,131,926.4313
2021A00051214002,275,5307,0,0,2,4,2,4,0,0,0,0,0,0,0,0,8,16,8,16,4.9821
2021A00051214006,178,1453,0,0,0,0,1,3,0,0,1,2,1,3,0,0,38,101,39,104,522.2875
2021A00051214010,0,0,0,0,0,0,0,0,0,0,0,0,0,0,0,0,0,0,0,0,2.7144
2021A00051215001,80,480,0,0,0,0,0,0,0,0,0,0,0,0,0,0,10,27,10,27,1025.6477
2021A00051215002,144,3283,0,0,1,3,0,0,0,0,0,0,0,0,0,0,4,7,4,7,8.0998
2021A00051215005,0,0,0,0,0,0,0,0,0,0,0,0,0,0,0,0,0,0,0,0,6.6934
2021A00051215006,222,3631,0,0,1,1,0,0,0,0,2,7,1,3,0,0,38,103,38,103,751.902
2021A00051215008,0,0,0,0,0,0,0,0,0,0,0,0,0,0,0,0,0,0,0,0,7.4754
2021A00051215011,300,2777,0,0,3,24,6,30,1,18,5,11,1,18,0,0,79,417,79,417,2017.7917
2021A00051216001,104,1031,0,0,2,7,2,7,1,4,0,0,2,7,0,0,21,157,22,160,129.3205
2021A00051216006,114,2003,0,0,4,18,4,18,2,4,0,0,3,16,0,0,18,156,19,168,464.8798
2021A00051216011,39,388,0,0,0,0,0,0,0,0,0,0,0,0,0,0,10,40,10,40,646.2555
2021A00051216014,17,119,0,0,0,0,0,0,0,0,0,0,0,0,0,0,2,6,2,6,5.6194
2021A00051217008,21,1244,0,0,0,0,0,0,0,0,0,0,0,0,0,0,0,0,0,0,1.4792
2021A00051217020,22,1164,0,0,0,0,0,0,0,0,0,0,0,0,0,0,1,43,1,43,36.0315
2021A00051217030,2381,38684,0,0,10,70,5,114,2,20,9,86,5,98,0,0,243,1244,245,1334,2419.6959
2021A00051218001,216,2737,0,0,0,0,1,1,0,0,4,8,1,3,0,0,37,102,37,102,1228.6273
2021A00051218003,0,0,0,0,0,0,0,0,0,0,0,0,0,0,0,0,0,0,0,0,3.7199
2021A00051218006,203,1640,0,0,1,4,1,4,0,0,0,0,0,0,0,0,65,191,65,191,1603.8466
2021A00051301001,22,102,0,0,0,0,0,0,0,0,2,6,0,0,0,0,5,18,5,18,628.9981
2021A00051301002,21,211,0,0,0,0,0,0,0,0,1,7,0,0,0,0,2,10,2,10,2.351
2021A00051301004,37,179,0,0,1,7,0,0,0,0,0,0,0,0,0,0,8,26,8,26,281.0597
2021A00051301006,2193,52156,5,153,15,561,11,1190,0,0,9,823,7,1176,1,15,68,2357,74,3384,315.5893
2021A00051301016,34,202,0,0,0,0,0,0,0,0,0,0,0,0,0,0,12,45,12,45,233.0561
2021A00051302001,13,103,0,0,0,0,0,0,0,0,0,0,0,0,0,0,9,74,9,74,5.9575
2021A00051302004,42,366,0,0,0,0,0,0,0,0,0,0,0,0,0,0,18,98,18,98,39.5938
2021A00051302006,48,340,0,0,0,0,0,0,0,0,1,3,0,0,0,0,26,135,26,135,38.3192
2021A00051302008,21,710,0,0,0,0,0,0,0,0,0,0,0,0,0,0,8,53,8,53,209.5174
2021A00051302011,35,293,0,0,0,0,0,0,0,0,0,0,0,0,0,0,7,57,7,57,363.7459
2021A00051302012,20,1448,0,0,1,75,1,75,0,0,0,0,0,0,0,0,4,779,5,854,9.0198
2021A00051302014,1,3,0,0,0,0,0,0,0,0,0,0,0,0,0,0,0,0,0,0,492.1121
2021A00051302016,60,727,0,0,0,0,0,0,0,0,0,0,0,0,0,0,12,181,12,181,500.0524
2021A00051302018,53,1205,0,0,0,0,0,0,0,0,0,0,0,0,0,0,9,339,9,339,16.1655
2021A00051302021,11,73,0,0,0,0,0,0,0,0,0,0,0,0,0,0,1,5,1,5,236.5866
2021A00051302024,21,187,0,0,1,15,0,0,0,0,0,0,0,0,0,0,2,16,2,16,24.2718
2021A00051302026,94,1273,0,0,1,7,1,7,0,0,0,0,0,0,0,0,3,19,3,19,8.3502
2021A00051302028,16,152,0,0,0,0,0,0,0,0,0,0,0,0,0,0,1,32,1,32,78.5975
2021A00051302031,11,121,0,0,0,0,0,0,0,0,0,0,0,0,0,0,0,0,0,0,12.342
2021A00051302034,44,388,0,0,1,3,1,3,0,0,0,0,1,12,0,0,2,14,3,17,102.8296
2021A00051302037,164,3379,0,0,2,10,0,0,0,0,0,0,1,12,0,0,10,233,10,233,13.7212
2021A00051302039,13,83,0,0,0,0,0,0,0,0,0,0,0,0,0,0,2,13,2,13,552.9041
2021A00051302042,43,285,0,0,0,0,0,0,0,0,1,15,0,0,0,0,2,17,2,17,190.3914
2021A00051302044,4,12,0,0,0,0,0,0,0,0,0,0,0,0,0,0,1,3,1,3,373.1951
2021A00051302052,168,1643,0,0,1,2,0,0,0,0,0,0,0,0,0,0,77,500,77,500,150.5636
2021A00051303001,13,51,0,0,0,0,0,0,0,0,2,6,0,0,0,0,2,6,2,6,341.7369
2021A00051303004,8,443,0,0,0,0,0,0,0,0,1,303,0,0,0,0,1,303,1,303,362.0779
2021A00051303005,12,88,0,0,0,0,0,0,0,0,0,0,0,0,0,0,1,6,1,6,29.4354
2021A00051303006,19,233,0,0,0,0,0,0,0,0,1,3,0,0,0,0,1,3,1,3,23.8522
2021A00051303008,100,848,0,0,0,0,0,0,0,0,0,0,0,0,0,0,2,9,2,9,159.4404
2021A00051303011,46,250,0,0,1,3,1,1,0,0,1,1,0,0,0,0,2,4,2,4,258.3875
2021A00051303012,160,3715,0,0,0,0,0,0,0,0,0,0,0,0,0,0,1,6,1,6,22.3592
2021A00051303013,1,3,0,0,0,0,0,0,0,0,0,0,0,0,0,0,0,0,0,0,1.1818
2021A00051303014,21,103,0,0,0,0,0,0,0,0,0,0,0,0,0,0,2,10,2,10,271.2909
2021A00051303016,45,1013,0,0,0,0,1,1,0,0,2,4,0,0,0,0,9,22,9,22,919.937
2021A00051303018,15,65,0,0,1,3,1,3,0,0,0,0,1,3,0,0,0,0,1,3,303.2682
2021A00051304001,17,63,0,0,0,0,0,0,0,0,0,0,1,7,0,0,2,9,2,9,589.9536
2021A00051304004,8,68,0,0,0,0,0,0,0,0,1,15,0,0,0,0,2,18,2,18,234.5846
2021A00051304005,23,245,0,0,1,6,0,0,0,0,0,0,0,0,0,0,6,26,6,26,49.3243
2021A00051304006,7,29,0,0,0,0,0,0,0,0,0,0,0,0,0,0,2,6,2,6,212.3946
2021A00051304008,11,41,0,0,0,0,0,0,0,0,0,0,0,0,0,0,3,10,3,10,160.5415
2021A00051304011,16,259,0,0,0,0,0,0,0,0,0,0,0,0,0,0,2,4,2,4,113.1716
2021A00051304013,18,130,0,0,0,0,0,0,0,0,0,0,0,0,0,0,0,0,0,0,106.7922
2021A00051304014,13,83,0,0,0,0,0,0,0,0,1,3,0,0,0,0,1,3,1,3,360.8726
2021A00051304016,5,31,0,0,0,0,0,0,0,0,0,0,0,0,0,0,2,10,2,10,703.2012
2021A00051304018,13,75,0,0,0,0,0,0,0,0,0,0,0,0,0,0,0,0,0,0,443.1587
2021A00051304021,25,163,0,0,0,0,0,0,0,0,0,0,0,0,0,0,3,10,3,10,173.2503
2021A00051304022,65,1581,1,3,0,0,0,0,0,0,1,3,0,0,0,0,2,6,2,6,31.3562
2021A00051304024,26,214,0,0,0,0,0,0,0,0,3,13,0,0,0,0,5,18,5,18,483.4487
2021A00051304025,39,792,0,0,0,0,0,0,0,0,1,347,0,0,0,0,1,347,1,347,19.0033
2021A00051305001,6,62,0,0,0,0,0,0,0,0,1,3,0,0,0,0,1,3,1,3,244.2437
2021A00051305004,19,304,0,0,0,0,0,0,0,0,1,3,0,0,0,0,2,6,2,6,189.2068
2021A00051305006,44,256,0,0,0,0,0,0,0,0,1,7,0,0,0,0,5,22,5,22,121.2395
2021A00051305007,110,1301,0,0,2,10,0,0,0,0,1,3,0,0,0,0,5,15,5,15,20.9681
2021A00051305008,10,58,0,0,0,0,0,0,0,0,0,0,0,0,0,0,0,0,0,0,7.2574
2021A00051305011,29,215,0,0,0,0,0,0,0,0,0,0,0,0,0,0,2,21,2,21,295.3369
2021A00051305014,72,516,0,0,0,0,0,0,0,0,0,0,0,0,0,0,2,5,2,5,200.4094
2021A00051305015,68,736,0,0,0,0,1,3,0,0,1,3,0,0,0,0,1,3,1,3,59.8207
2021A00051305016,23,157,0,0,1,7,1,7,1,7,0,0,1,7,0,0,2,10,2,10,144.7702
2021A00051305018,38,358,0,0,0,0,0,0,0,0,1,35,0,0,0,0,9,62,9,62,75.3505
2021A00051305021,80,755,1,122,2,125,1,122,0,0,1,7,0,0,0,0,17,217,17,217,243.9915
2021A00051305022,255,4281,0,0,3,48,2,35,1,34,1,1,2,62,0,0,12,329,12,329,8.8997
2021A00051305023,38,378,0,0,1,3,0,0,0,0,0,0,0,0,0,0,2,5,2,5,9.3211
2021A00051305024,16,259,0,0,0,0,0,0,0,0,1,1,0,0,0,0,5,15,5,15,221.2679
2021A00051305026,40,384,0,0,0,0,1,5,0,0,4,23,1,15,1,5,9,76,9,76,311.8706
2021A00051305028,21,203,0,0,0,0,0,0,0,0,2,6,0,0,0,0,9,103,9,103,349.2182
2021A00051305031,106,882,0,0,1,3,0,0,0,0,2,6,0,0,0,0,20,75,20,75,448.9771
2021A00051305034,44,292,0,0,1,7,1,7,0,0,2,18,0,0,0,0,10,41,10,41,248.53
2021A00051305036,10,46,0,0,0,0,0,0,0,0,0,0,0,0,0,0,3,7,3,7,75.5409
2021A00051305038,10,46,0,0,0,0,0,0,0,0,1,3,0,0,0,0,2,4,2,4,114.5648
2021A00051305045,391,3696,0,0,1,7,0,0,0,0,1,7,0,0,0,0,7,45,7,45,34.5941
2021A00051305057,394,4214,0,0,0,0,0,0,0,0,0,0,0,0,0,0,3,27,3,27,56.9698
2021A00051306001,22,158,0,0,0,0,0,0,0,0,1,3,0,0,0,0,2,9,2,9,149.1445
2021A00051306003,8,259,0,0,0,0,0,0,0,0,0,0,0,0,0,0,1,6,1,6,3.3868
2021A00051306004,15,77,0,0,0,0,0,0,0,0,0,0,0,0,0,0,4,13,4,13,276.8485
2021A00051306006,28,340,0,0,1,35,0,0,0,0,0,0,0,0,0,0,8,63,8,63,47.6392
2021A00051306007,2,30,0,0,0,0,0,0,0,0,0,0,0,0,0,0,0,0,0,0,222.7418
2021A00051306008,17,95,0,0,1,28,0,0,0,0,0,0,0,0,0,0,4,42,4,42,519.5364
2021A00051306011,27,157,0,0,0,0,0,0,0,0,1,15,0,0,0,0,3,19,3,19,304.0278
2021A00051306014,80,452,0,0,2,18,1,3,0,0,0,0,1,3,0,0,1,15,2,18,235.9968
2021A00051306020,362,5172,1,1,2,6,0,0,0,0,2,6,0,0,0,0,8,26,8,26,34.098
2021A00051306025,29,211,0,0,0,0,0,0,0,0,0,0,0,0,0,0,1,2,1,2,12.8078
2021A00051307001,24,280,0,0,0,0,0,0,0,0,1,3,0,0,0,0,3,9,3,9,173.2708
2021A00051307002,17,518,0,0,0,0,0,0,0,0,0,0,0,0,0,0,2,7,2,7,2.646
2021A00051307004,43,428,0,0,1,3,0,0,0,0,0,0,0,0,0,0,23,76,23,76,304.6212
2021A00051307005,197,1957,1,25,4,69,3,29,0,0,5,60,0,0,0,0,55,491,55,491,291.0229
2021A00051307007,110,1920,0,0,1,15,1,15,0,0,1,3,0,0,0,0,34,767,34,767,22.9572
2021A00051307008,21,99,0,0,0,0,0,0,0,0,0,0,0,0,0,0,4,9,4,9,578.8983
2021A00051307009,186,2827,0,0,4,85,1,12,0,0,1,3,0,0,0,0,12,115,12,115,73.9079
2021A00051307011,11,49,0,0,1,15,1,15,0,0,2,6,1,15,0,0,2,6,3,21,90.1335
2021A00051307012,6,66,0,0,0,0,0,0,0,0,0,0,0,0,0,0,1,3,1,3,5.7099
2021A00051307013,121,1255,1,24,2,76,3,100,0,0,2,10,1,75,1,24,12,67,13,142,186.6373
2021A00051307014,2,42,0,0,0,0,0,0,0,0,0,0,0,0,0,0,0,0,0,0,0.5518
2021A00051307016,147,2034,0,0,1,35,1,35,0,0,1,12,2,6,0,0,14,381,15,416,178.7912
2021A00051307019,269,2468,0,0,4,51,3,38,1,3,1,13,1,3,0,0,18,149,18,149,564.1603
2021A00051307022,2784,58434,7,88,20,295,17,259,2,85,8,615,9,89,0,0,79,1795,87,1891,140.6736
2021A00051307024,86,590,0,0,0,0,0,0,0,0,1,3,0,0,0,0,18,129,18,129,874.0019
2021A00051307028,70,778,0,0,1,2,2,4,1,2,1,2,1,35,0,0,6,54,6,54,13.5573
2021A00051307029,51,529,1,11,1,11,1,11,0,0,0,0,0,0,0,0,1,11,1,11,17.1807
2021A00051307045,1023,18161,4,118,16,433,7,260,1,34,2,149,5,307,1,71,38,1446,41,1637,77.0172
2021A00051307052,271,3737,0,0,2,16,1,1,0,0,1,146,0,0,0,0,14,429,14,429,64.0031
2021A00051308001,134,1037,2,31,1,15,3,43,0,0,6,102,1,15,2,31,31,210,32,225,172.3244
2021A00051308002,87,713,0,0,0,0,0,0,0,0,3,52,1,7,0,0,29,177,29,177,69.2301
2021A00051308003,2,50,0,0,0,0,0,0,0,0,0,0,0,0,0,0,0,0,0,0,0.3789
2021A00051308004,97,1046,0,0,2,8,3,41,2,40,0,0,1,7,0,0,33,469,33,469,184.7982
2021A00051308005,129,2723,0,0,1,334,0,0,0,0,0,0,0,0,0,0,9,380,9,380,18.3332
2021A00051308006,57,263,1,3,3,11,2,4,0,0,1,3,0,0,0,0,12,39,12,39,238.3195
2021A00051308007,50,666,0,0,0,0,0,0,0,0,2,18,0,0,0,0,4,40,4,40,6.3157
2021A00051308008,14,150,0,0,0,0,0,0,0,0,1,15,0,0,0,0,2,27,2,27,228.4143
2021A00051308010,5,23,0,0,0,0,0,0,0,0,0,0,0,0,0,0,0,0,0,0,1169.2014
2021A00051308012,0,0,0,0,0,0,0,0,0,0,0,0,0,0,0,0,0,0,0,0,369.3116
2021A00051308014,27,328,0,0,0,0,1,1,0,0,2,150,0,0,0,0,9,171,9,171,607.5579
2021A00051308015,12,523,0,0,0,0,0,0,0,0,1,3,0,0,0,0,3,9,3,9,15.3805
2021A00051308016,77,1121,0,0,1,1,0,0,0,0,3,9,1,74,0,0,36,460,36,460,249.2091
2021A00051308017,43,517,1,32,0,0,0,0,0,0,1,3,0,0,0,0,6,45,6,45,6.2933
2021A00051308018,82,1512,0,0,2,152,1,149,0,0,0,0,1,149,0,0,8,26,9,175,11.8952
2021A00051308019,81,470,0,0,0,0,0,0,0,0,1,7,0,0,0,0,46,161,46,161,175.0717
2021A00051308020,0,0,0,0,0,0,0,0,0,0,0,0,0,0,0,0,0,0,0,0,0.4017
2021A00051308021,73,335,0,0,0,0,0,0,0,0,1,7,0,0,0,0,48,153,48,153,258.6496
2021A00051308022,32,448,0,0,0,0,0,0,0,0,0,0,0,0,0,0,8,22,8,22,1.9833
2021A00051308024,12,76,0,0,0,0,0,0,0,0,1,3,0,0,0,0,4,11,4,11,332.0779
2021A00051308026,70,1064,0,0,0,0,0,0,0,0,0,0,0,0,0,0,55,510,55,510,435.233
2021A00051309001,118,1136,0,0,0,0,1,7,0,0,1,1,1,7,0,0,74,583,75,590,275.9515
2021A00051309004,21,87,0,0,0,0,0,0,0,0,0,0,0,0,0,0,1,3,1,3,504.7808
2021A00051309006,38,417,0,0,0,0,0,0,0,0,0,0,0,0,0,0,2,6,2,6,22.7049
2021A00051309010,1,3,0,0,0,0,0,0,0,0,0,0,0,0,0,0,0,0,0,0,0.1564
2021A00051309011,19,161,0,0,0,0,0,0,0,0,0,0,0,0,0,0,0,0,0,0,61.003
2021A00051309014,11,69,0,0,0,0,0,0,0,0,1,7,0,0,0,0,2,18,2,18,353.6758
2021A00051309016,18,78,0,0,0,0,0,0,0,0,1,3,0,0,0,0,3,7,3,7,326.2678
2021A00051309017,37,463,0,0,0,0,0,0,0,0,0,0,0,0,0,0,1,4,1,4,7.1925
2021A00051309018,44,216,0,0,0,0,0,0,0,0,2,6,0,0,0,0,3,9,3,9,823.9308
2021A00051309019,30,294,0,0,1,3,1,3,1,3,1,7,1,3,0,0,2,10,2,10,20.9748
2021A00051309021,5,15,0,0,0,0,0,0,0,0,0,0,0,0,0,0,0,0,0,0,1235.5688
2021A00051309022,43,688,0,0,0,0,0,0,0,0,1,149,0,0,0,0,1,149,1,149,29.0934
2021A00051309023,4,407,0,0,0,0,0,0,0,0,0,0,0,0,0,0,0,0,0,0,16.0912
2021A00051309026,48,276,0,0,0,0,0,0,0,0,2,10,0,0,0,0,5,29,5,29,2462.5997
2021A00051309027,43,517,0,0,1,12,1,12,0,0,0,0,0,0,0,0,2,13,2,13,1832.966
2021A00051309028,41,247,0,0,1,15,1,15,1,15,3,13,1,15,0,0,6,61,6,61,3346.7559
2021A00051309031,20,132,0,0,0,0,0,0,0,0,2,10,0,0,0,0,3,13,3,13,578.7041
2021A00051309033,0,0,0,0,0,0,0,0,0,0,0,0,0,0,0,0,0,0,0,0,12.7213
2021A00051309034,0,0,0,0,0,0,0,0,0,0,0,0,0,0,0,0,0,0,0,0,15.1381
2021A00051309035,6,210,0,0,0,0,0,0,0,0,0,0,0,0,0,0,0,0,0,0,10.9046
2021A00051309036,96,708,0,0,0,0,2,16,1,15,3,7,0,0,0,0,44,162,44,162,668.8435
2021A00051309038,104,1487,0,0,0,0,0,0,0,0,0,0,0,0,0,0,25,315,25,315,26.715
2021A00051309044,37,526,0,0,0,0,0,0,0,0,2,6,0,0,0,0,23,68,23,68,9.5531
2021A00051309047,2,6,0,0,0,0,0,0,0,0,0,0,0,0,0,0,0,0,0,0,22.1128
2021A00051309050,645,10976,2,6,7,52,4,511,0,0,3,21,3,571,1,11,27,359,29,856,178.9807
2021A00051310001,44,224,0,0,0,0,0,0,0,0,0,0,0,0,0,0,1,3,1,3,375.0195
2021A00051310002,62,378,0,0,0,0,0,0,0,0,0,0,0,0,0,0,1,3,1,3,21.2495
2021A00051310004,38,246,0,0,3,9,0,0,0,0,2,38,0,0,0,0,6,49,6,49,524.7457
2021A00051310005,17,286,0,0,0,0,0,0,0,0,0,0,0,0,0,0,0,0,0,0,2.4584
2021A00051310006,27,476,0,0,0,0,0,0,0,0,0,0,0,0,0,0,1,2,1,2,14.1857
2021A00051310007,1,35,0,0,0,0,0,0,0,0,0,0,0,0,0,0,0,0,0,0,534.7699
2021A00051310008,4,20,0,0,0,0,0,0,0,0,0,0,0,0,0,0,0,0,0,0,439.5952
2021A00051310011,12,52,0,0,1,1,1,1,0,0,1,3,0,0,0,0,3,5,3,5,550.7035
2021A00051310012,4,16,0,0,0,0,0,0,0,0,0,0,0,0,0,0,0,0,0,0,5.3194
2021A00051310013,9,147,0,0,1,25,2,30,0,0,0,0,0,0,1,5,2,30,2,30,6.2623
2021A00051310014,6,26,0,0,1,7,0,0,0,0,1,3,0,0,0,0,4,14,4,14,298.5116
2021A00051310016,24,339,0,0,1,3,0,0,0,0,1,3,0,0,0,0,3,12,3,12,284.3934
2021A00051310017,170,2362,2,38,3,41,1,3,0,0,2,14,0,0,0,0,7,65,7,65,152.0572
2021A00051310018,64,492,1,74,4,85,4,85,0,0,0,0,1,7,0,0,3,78,4,85,150.1053
2021A00051310019,2,353,0,0,0,0,0,0,0,0,0,0,0,0,0,0,0,0,0,0,3.7924
2021A00051310021,30,166,0,0,0,0,0,0,0,0,0,0,0,0,0,0,4,11,4,11,294.3542
2021A00051310024,29,143,0,0,0,0,0,0,0,0,1,3,0,0,0,0,3,20,3,20,446.8535
2021A00051310025,6,34,0,0,0,0,0,0,0,0,0,0,0,0,0,0,0,0,0,0,12.1401
2021A00051310026,80,716,0,0,0,0,0,0,0,0,1,15,0,0,0,0,7,61,7,61,403.7341
2021A00051310028,126,858,1,3,1,3,2,4,0,0,2,36,0,0,0,0,10,157,10,157,1443.3145
2021A00051310031,130,926,0,0,0,0,1,2,0,0,3,19,1,15,0,0,7,45,7,45,751.9001
2021A00051310032,2352,45609,5,57,21,237,6,166,0,0,7,80,8,160,1,33,63,742,68,901,133.9262
2021A00051310034,7,319,0,0,0,0,0,0,0,0,1,3,0,0,0,0,1,3,1,3,2.7198
2021A00051310036,12,72,0,0,0,0,0,0,0,0,1,3,0,0,0,0,1,3,1,3,1218.3841
2021A00051310037,12,212,0,0,0,0,0,0,0,0,0,0,0,0,0,0,1,1,1,1,16.9274
2021A00051310054,34,836,0,0,0,0,0,0,0,0,0,0,0,0,0,0,4,214,4,214,7.6809
2021A00051311001,31,165,0,0,0,0,1,15,0,0,0,0,0,0,0,0,7,30,7,30,258.7972
2021A00051311004,75,856,0,0,0,0,0,0,0,0,0,0,0,0,0,0,5,10,5,10,194.8316
2021A00051311005,8,411,0,0,0,0,0,0,0,0,1,3,0,0,0,0,2,6,2,6,1.7962
2021A00051311006,286,4621,1,24,0,0,1,24,0,0,1,35,0,0,1,24,3,62,3,62,14.9633
2021A00051311008,42,653,0,0,1,7,1,7,1,7,0,0,1,7,0,0,6,58,6,58,243.313
2021A00051311011,45,223,0,0,0,0,0,0,0,0,1,3,0,0,0,0,5,12,5,12,509.2984
2021A00051311012,52,2255,1,3,1,3,2,107,0,0,0,0,1,35,1,104,4,163,4,163,9.5025
2021A00051311014,126,2318,0,0,2,12,2,12,0,0,4,28,0,0,0,0,16,115,16,115,196.3064
2021A00051311018,31,209,0,0,0,0,0,0,0,0,0,0,0,0,0,0,3,17,3,17,191.3954
2021A00051311019,21,466,2,80,2,63,0,0,0,0,0,0,0,0,1,33,4,99,4,99,2.6683
2021A00051311021,17,119,0,0,0,0,0,0,0,0,0,0,0,0,0,0,1,2,1,2,75.5714
2021A00051311024,25,207,0,0,1,1,1,1,0,0,1,3,0,0,0,0,6,15,6,15,112.737
2021A00051311026,24,224,0,0,1,1,1,1,0,0,0,0,1,35,0,0,5,58,5,58,444.8778
2021A00051311027,88,1734,0,0,0,0,1,7,1,7,2,78,1,15,0,0,6,119,6,119,15.7357
2021A00051311028,47,492,0,0,0,0,0,0,0,0,2,17,0,0,0,0,8,37,8,37,839.7632
2021A00051311030,18,242,0,0,0,0,0,0,0,0,1,15,0,0,0,0,1,15,1,15,1.9996
2021A00051311031,40,408,1,3,1,3,1,3,0,0,1,7,0,0,0,0,7,18,7,18,195.5022
2021A00051312001,17,107,0,0,0,0,0,0,0,0,0,0,0,0,0,0,0,0,0,0,123.4174
2021A00051312002,4,24,0,0,0,0,0,0,0,0,0,0,0,0,0,0,0,0,0,0,2.2326
2021A00051312004,25,91,0,0,1,3,0,0,0,0,1,3,0,0,0,0,2,6,2,6,318.0971
2021A00051312006,88,1164,0,0,0,0,0,0,0,0,2,30,0,0,0,0,4,34,4,34,8.9634
2021A00051312007,12,575,0,0,0,0,0,0,0,0,0,0,0,0,0,0,1,1,1,1,24.9809
2021A00051312008,41,331,0,0,0,0,0,0,0,0,7,41,0,0,0,0,9,59,9,59,1430.1866
2021A00051312009,32,950,0,0,0,0,0,0,0,0,1,149,0,0,0,0,2,155,2,155,3.0103
2021A00051312011,14,46,0,0,0,0,0,0,0,0,0,0,0,0,0,0,1,1,1,1,1632.2114
2021A00051312014,25,195,0,0,0,0,0,0,0,0,2,6,0,0,0,0,4,8,4,8,751.0828
2021A00051312016,51,760,0,0,0,0,0,0,0,0,1,3,0,0,0,0,5,11,5,11,158.0893
2021A00051312019,280,4181,1,12,4,146,1,12,0,0,2,10,0,0,0,0,15,175,15,175,18.0427
2021A00051312021,84,484,0,0,1,3,0,0,0,0,0,0,0,0,0,0,4,7,4,7,1013.6591
2021A00051312023,24,192,0,0,0,0,0,0,0,0,0,0,0,0,0,0,0,0,0,0,8.881
2021A00051313002,73,1196,0,0,1,3,1,3,0,0,2,10,0,0,0,0,6,65,6,65,136.1939
2021A00051313004,29,211,0,0,0,0,0,0,0,0,1,3,0,0,0,0,2,10,2,10,344.8476
2021A00051313006,31,277,0,0,0,0,0,0,0,0,1,3,0,0,0,0,1,3,1,3,5.3353
2021A00051313008,5,410,0,0,0,0,0,0,0,0,1,347,0,0,0,0,2,348,2,348,186.2986
2021A00051313011,17,79,0,0,0,0,0,0,0,0,2,10,0,0,0,0,3,17,3,17,368.7619
2021A00051313012,19,145,0,0,0,0,0,0,0,0,1,3,0,0,0,0,2,4,2,4,8.9654
2021A00051313014,8,96,0,0,1,34,1,34,0,0,0,0,0,0,0,0,1,34,1,34,6.9101
2021A00051313015,17,163,0,0,0,0,0,0,0,0,0,0,1,3,0,0,2,4,2,4,715.7222
2021A00051313018,14,62,0,0,0,0,0,0,0,0,0,0,0,0,0,0,2,4,2,4,129.96
2021A00051313020,16,464,0,0,0,0,0,0,0,0,0,0,0,0,0,0,1,13,1,13,3.065
2021A00051313022,43,305,0,0,2,44,1,15,1,15,6,51,1,15,0,0,11,74,11,74,321.4216
2021A00051313024,34,170,0,0,0,0,0,0,0,0,0,0,0,0,0,0,1,1,1,1,298.4424
2021A00051313027,597,9968,5,97,4,89,4,90,1,15,8,227,2,50,1,33,29,859,30,894,106.8388
2021A00051313028,1,3,0,0,0,0,0,0,0,0,0,0,0,0,0,0,0,0,0,0,173.4227
2021A00051313031,118,1867,1,3,2,8,6,68,0,0,5,67,3,45,1,3,17,407,19,449,611.5458
2021A00051313037,16,68,1,3,0,0,0,0,0,0,0,0,0,0,0,0,1,3,1,3,37.236
2021A00051314001,14,142,0,0,0,0,0,0,0,0,0,0,0,0,0,0,0,0,0,0,409.7809
2021A00051314003,2,18,0,0,0,0,0,0,0,0,0,0,0,0,0,0,1,3,1,3,753.3755
2021A00051314004,31,461,0,0,1,3,1,3,1,3,0,0,1,3,0,0,4,12,4,12,31.4493
2021A00051314005,12,120,0,0,0,0,0,0,0,0,0,0,0,0,0,0,0,0,0,0,1088.0139
2021A00051314006,49,958,0,0,0,0,0,0,0,0,2,6,0,0,0,0,4,69,4,69,43.328
2021A00051314008,20,112,0,0,0,0,0,0,0,0,0,0,1,3,0,0,2,6,2,6,62.6159
2021A00051314010,14,388,0,0,0,0,0,0,0,0,0,0,0,0,0,0,6,18,6,18,1.4497
2021A00051314011,37,403,0,0,0,0,0,0,0,0,1,75,0,0,0,0,4,85,4,85,65.2611
2021A00051314012,10,34,0,0,0,0,0,0,0,0,2,6,0,0,0,0,2,6,2,6,933.0016
2021A00051314013,108,1833,0,0,1,4,0,0,0,0,5,19,0,0,0,0,12,233,12,233,119.5809
2021A00051314014,235,4026,0,0,2,14,0,0,0,0,0,0,0,0,0,0,2,14,2,14,18.5708
2021A00051314015,20,84,0,0,0,0,0,0,0,0,1,3,0,0,0,0,1,3,1,3,19.3369
2021A00051314016,10,54,0,0,0,0,1,1,0,0,1,1,0,0,0,0,4,5,4,5,1688.5759
2021A00051314017,71,1179,0,0,0,0,0,0,0,0,0,0,0,0,0,0,0,0,0,0,15.1228
2021A00051314020,98,865,0,0,0,0,0,0,0,0,12,221,0,0,0,0,15,226,15,226,649.3557
2021A00051314021,79,824,0,0,0,0,0,0,0,0,2,350,0,0,0,0,11,381,11,381,2474.0053
2021A00051314022,111,1057,0,0,3,52,1,33,0,0,6,58,0,0,0,0,14,128,14,128,4.242
2021A00051314025,30,792,0,0,0,0,1,15,0,0,2,362,2,9,0,0,9,385,9,385,189.1758
2021A00051314026,4,44,0,0,0,0,0,0,0,0,0,0,0,0,0,0,1,3,1,3,0.577
2021A00051315002,510,6231,1,29,9,127,3,87,0,0,4,55,0,0,0,0,120,641,120,641,516.5546
2021A00051315006,28,304,0,0,2,37,2,37,0,0,3,9,0,0,0,0,6,74,6,74,654.6005
2021A00051315008,83,600,1,3,1,1,0,0,0,0,2,184,0,0,0,0,14,219,14,219,1502.7365
2021A00051315010,3,81,0,0,0,0,0,0,0,0,0,0,0,0,0,0,2,6,2,6,4.9235
2021A00051315011,528,8518,2,18,6,50,1,35,0,0,1,15,1,35,0,0,20,141,21,176,91.6156
2021A00051315012,115,784,0,0,0,0,1,1,0,0,4,18,0,0,0,0,15,66,15,66,455.6063
2021A00051315013,20,140,0,0,0,0,0,0,0,0,0,0,0,0,0,0,8,24,8,24,13.7625
2021A00051315014,64,764,0,0,0,0,0,0,0,0,0,0,1,15,0,0,7,32,7,32,4.5213
2021A00051315015,133,1395,0,0,0,0,1,35,0,0,0,0,1,35,0,0,10,37,11,72,19.2371
2021A00051315016,48,176,0,0,0,0,0,0,0,0,0,0,0,0,0,0,31,100,31,100,359.2779
2021A00051315017,4,28,0,0,0,0,0,0,0,0,0,0,0,0,0,0,2,4,2,4,19.7311
2021A00051315019,40,220,0,0,1,15,1,3,0,0,1,3,1,3,0,0,11,48,12,51,220.4208
2021A00051315020,42,430,0,0,0,0,0,0,0,0,0,0,0,0,0,0,2,4,2,4,9.2596
2021A00051315021,20,188,0,0,1,3,1,3,1,3,0,0,1,3,0,0,4,11,4,11,173.1417
2021A00051315022,39,496,0,0,0,0,0,0,0,0,1,69,0,0,0,0,4,87,4,87,22.944
2021A00051315024,68,1127,0,0,0,0,0,0,0,0,0,0,1,279,0,0,19,351,19,351,107.6251
2021A00051315026,29,255,0,0,1,28,0,0,0,0,0,0,0,0,0,0,10,102,10,102,109.3157
2021A00051315027,43,946,0,0,0,0,0,0,0,0,1,3,0,0,0,0,18,515,18,515,30.9301
2021A00051315028,250,4136,0,0,3,15,2,38,0,0,1,35,0,0,0,0,37,590,38,625,68.1308
2021A00051315029,255,1532,0,0,1,3,1,3,1,3,1,3,1,3,0,0,166,706,166,706,204.5224
2021A00051315030,48,204,0,0,0,0,0,0,0,0,0,0,0,0,0,0,33,135,33,135,5.4026
2021A00051315031,149,2121,3,13,2,10,3,11,0,0,0,0,0,0,0,0,25,105,26,112,9.9577
2021A00051315032,89,1193,0,0,1,3,0,0,0,0,0,0,0,0,0,0,38,389,38,389,12.4027
2021A00051315033,28,503,0,0,0,0,0,0,0,0,0,0,0,0,0,0,15,290,15,290,15.8439
2021A00051315036,34,250,0,0,1,3,0,0,0,0,0,0,0,0,0,0,3,12,3,12,57.0099
2021A00051315037,28,447,0,0,0,0,0,0,0,0,1,3,0,0,0,0,5,12,5,12,7.6459
2021A00051315038,20,479,0,0,1,3,1,3,0,0,0,0,1,3,0,0,4,244,5,247,24.2694
2021A00051315040,9,47,0,0,0,0,0,0,0,0,0,0,0,0,0,0,1,3,1,3,12.9081
2021A00052401023,822,8127,1,2,11,55,5,11,1,2,0,0,6,20,0,0,324,1308,325,1311,155.0558
2021A00052401042,111,899,0,0,0,0,0,0,0,0,0,0,0,0,0,0,81,310,81,310,32.2762
2021A00052402005,172,1935,0,0,4,69,1,7,0,0,1,3,0,0,0,0,49,259,49,259,432.8098
2021A00052402010,56,1250,0,0,1,2,0,0,0,0,1,3,0,0,0,0,30,903,30,903,34.453
2021A00052402015,127,1476,0,0,2,9,1,3,0,0,3,9,0,0,0,0,31,405,31,405,87.919
2021A00052402028,259,3398,1,3,2,15,0,0,0,0,5,14,0,0,0,0,49,260,49,260,418.4546
2021A00052402047,62,661,0,0,0,0,0,0,0,0,1,3,0,0,0,0,21,218,21,218,300.2902
2021A00052402902,0,0,0,0,0,0,0,0,0,0,0,0,0,0,0,0,0,0,0,0,1800.8731
2021A00052403005,561,8817,1,12,10,237,2,14,0,0,3,30,1,2,0,0,78,968,78,968,1118.7734
2021A00052403010,18,122,0,0,0,0,0,0,0,0,0,0,0,0,0,0,4,42,4,42,158.7396
2021A00052403015,9,111,0,0,0,0,0,0,0,0,0,0,0,0,0,0,2,13,2,13,39.9039
2021A00052403020,41,706,0,0,0,0,0,0,0,0,4,44,0,0,0,0,4,44,4,44,144.1581
2021A00052403025,16,216,0,0,0,0,0,0,0,0,0,0,0,0,0,0,1,1,1,1,60.8385
2021A00052403902,0,0,0,0,0,0,0,0,0,0,0,0,0,0,0,0,0,0,0,0,1748.1432
2021A00052403904,0,0,0,0,0,0,0,0,0,0,0,0,0,0,0,0,0,0,0,0,817.835
2021A00052404005,9,67,0,0,0,0,0,0,0,0,0,0,0,0,0,0,1,3,1,3,262.3481
2021A00052404010,38,302,0,0,0,0,0,0,0,0,0,0,0,0,0,0,4,51,4,51,232.6726
2021A00052404015,16,88,0,0,0,0,0,0,0,0,0,0,0,0,0,0,0,0,0,0,52.0728
2021A00052404020,4,12,0,0,0,0,0,0,0,0,0,0,0,0,0,0,0,0,0,0,155.9516
2021A00052404025,11,117,0,0,0,0,0,0,0,0,1,32,0,0,0,0,2,38,2,38,181.3976
2021A00052404030,5,23,0,0,0,0,0,0,0,0,0,0,0,0,0,0,0,0,0,0,175.2281
2021A00052404037,242,3441,0,0,2,17,1,5,1,5,1,15,1,5,0,0,25,136,25,136,263.5084
2021A00052404047,60,671,0,0,0,0,1,6,0,0,2,40,0,0,0,0,8,60,8,60,181.3051
2021A00052404902,0,0,0,0,0,0,0,0,0,0,0,0,0,0,0,0,0,0,0,0,3463.192
2021A00052404904,0,0,0,0,0,0,0,0,0,0,0,0,0,0,0,0,0,0,0,0,86.202
2021A00052405010,18,62,0,0,0,0,0,0,0,0,1,3,1,3,0,0,12,34,12,34,76.8203
2021A00052405015,15,81,0,0,0,0,0,0,0,0,0,0,0,0,0,0,5,21,5,21,63.5712
2021A00052405020,13,87,0,0,0,0,0,0,0,0,0,0,0,0,0,0,7,33,7,33,51.2567
2021A00052405025,7,57,0,0,0,0,0,0,0,0,0,0,0,0,0,0,1,2,1,2,70.5462
2021A00052405032,81,1526,1,6,2,31,1,6,0,0,1,3,0,0,0,0,12,362,12,362,94.9774
2021A00052405040,33,1029,0,0,0,0,0,0,0,0,1,3,0,0,0,0,4,10,4,10,67.9914
2021A00052405045,131,2926,0,0,1,2,0,0,0,0,2,14,0,0,0,0,7,26,7,26,104.5038
2021A00052405050,18,277,0,0,0,0,0,0,0,0,1,136,0,0,0,0,1,136,1,136,204.1624
2021A00052405055,23,185,1,4,2,7,0,0,0,0,0,0,0,0,0,0,3,34,3,34,56.7076
2021A00052405060,59,489,0,0,1,5,0,0,0,0,0,0,0,0,0,0,4,10,4,10,85.6864
2021A00052405065,25,267,0,0,0,0,1,6,0,0,2,38,0,0,0,0,3,40,3,40,112.0874
2021A00052405070,193,2418,0,0,3,7,1,70,0,0,1,7,1,70,0,0,12,98,12,98,172.4957
2021A00052405077,12,124,0,0,2,18,1,17,0,0,0,0,1,8,0,0,5,29,5,29,164.2892
2021A00052405902,2,38,0,0,0,0,0,0,0,0,0,0,0,0,0,0,0,0,0,0,3054.3668
2021A00052406005,106,2127,0,0,1,4,0,0,0,0,1,7,1,4,0,0,4,15,4,15,94.8758
2021A00052406013,181,2031,0,0,1,43,0,0,0,0,2,10,0,0,0,0,18,131,18,131,221.4834
2021A00052406020,52,619,0,0,0,0,0,0,0,0,1,5,0,0,0,0,4,10,4,10,234.6624
2021A00052406025,12,88,0,0,0,0,0,0,0,0,2,17,0,0,0,0,3,21,3,21,108.6963
2021A00052406030,39,513,0,0,0,0,0,0,0,0,2,35,0,0,0,0,2,35,2,35,390.7295
2021A00052406035,4,24,0,0,0,0,0,0,0,0,0,0,0,0,0,0,0,0,0,0,51.7581
2021A00052406040,4,28,0,0,0,0,0,0,0,0,0,0,0,0,0,0,2,10,2,10,143.3736
2021A00052406045,33,503,0,0,0,0,0,0,0,0,1,5,0,0,0,0,4,11,4,11,71.5877
2021A00052406050,22,130,0,0,0,0,0,0,0,0,1,3,0,0,0,0,3,6,3,6,84.9117
2021A00052406055,15,93,0,0,0,0,0,0,0,0,0,0,0,0,0,0,1,2,1,2,179.3403
2021A00052406060,7,77,0,0,0,0,0,0,0,0,1,24,0,0,0,0,4,29,4,29,95.9842
2021A00052406802,10,521,0,0,0,0,0,0,0,0,0,0,0,0,0,0,1,14,1,14,2.1982
2021A00052406804,20,771,0,0,0,0,0,0,0,0,3,8,0,0,0,0,3,8,3,8,44.231
2021A00052406902,0,0,0,0,0,0,0,0,0,0,0,0,0,0,0,0,0,0,0,0,1087.5991
2021A00052406904,0,0,0,0,0,0,0,0,0,0,0,0,0,0,0,0,0,0,0,0,675.9417
2021A00052407005,6,22,0,0,0,0,0,0,0,0,0,0,0,0,0,0,0,0,0,0,85.9722
2021A00052407010,22,206,0,0,0,0,0,0,0,0,2,43,0,0,0,0,7,53,7,53,103.4787
2021A00052407018,77,795,1,7,2,15,1,7,0,0,2,73,0,0,0,0,10,102,10,102,161.61
2021A00052407025,10,58,0,0,0,0,0,0,0,0,0,0,0,0,0,0,2,4,2,4,103.1296
2021A00052407030,23,137,0,0,0,0,0,0,0,0,1,5,0,0,0,0,5,25,5,25,128.2649
2021A00052407035,12,56,0,0,0,0,0,0,0,0,3,9,0,0,0,0,6,26,6,26,113.0942
2021A00052407040,16,112,0,0,0,0,0,0,0,0,0,0,0,0,0,0,2,6,2,6,135.0913
2021A00052407047,288,4731,0,0,3,24,3,49,0,0,6,36,2,38,0,0,32,317,33,352,121.0181
2021A00052407057,51,612,0,0,1,2,3,33,0,0,5,41,0,0,0,0,17,71,17,71,81.0495
2021A00052407065,6,30,0,0,0,0,0,0,0,0,0,0,0,0,0,0,1,1,1,1,89.8182
2021A00052407070,12,64,0,0,0,0,0,0,0,0,0,0,0,0,0,0,3,8,3,8,78.8394
2021A00052407075,17,91,0,0,1,2,1,2,0,0,2,6,0,0,0,0,4,11,4,11,145.5992
2021A00052407080,36,232,0,0,0,0,0,0,0,0,0,0,0,0,0,0,15,58,15,58,77.9034
2021A00052407085,68,1142,1,26,3,33,2,7,0,0,2,6,0,0,0,0,15,355,15,355,130.3101
2021A00052407090,8,36,0,0,0,0,0,0,0,0,0,0,0,0,0,0,2,5,2,5,97.2219
2021A00052407095,14,158,0,0,0,0,0,0,0,0,0,0,0,0,0,0,2,10,2,10,109.8015
2021A00052407100,8,52,0,0,0,0,0,0,0,0,0,0,0,0,0,0,0,0,0,0,45.802
2021A00052407105,17,215,0,0,0,0,0,0,0,0,2,57,0,0,0,0,8,83,8,83,116.4201
2021A00052407902,1,3,0,0,0,0,0,0,0,0,0,0,0,0,0,0,0,0,0,0,626.2637
2021A00052407904,0,0,0,0,0,0,0,0,0,0,0,0,0,0,0,0,0,0,0,0,275.2995
2021A00052407906,0,0,0,0,0,0,0,0,0,0,0,0,0,0,0,0,0,0,0,0,15.8453
2021A00052407908,0,0,0,0,0,0,0,0,0,0,0,0,0,0,0,0,0,0,0,0,1428.2088
2021A00052407910,0,0,0,0,0,0,0,0,0,0,0,0,0,0,0,0,0,0,0,0,935.9541
2021A00052407912,0,0,0,0,0,0,0,0,0,0,0,0,0,0,0,0,0,0,0,0,77.5308
2021A00052407914,0,0,0,0,0,0,0,0,0,0,0,0,0,0,0,0,0,0,0,0,71.0055
2021A00052408005,22,297,0,0,0,0,0,0,0,0,0,0,0,0,0,0,2,74,2,74,441.3879
2021A00052408010,3,29,0,0,0,0,0,0,0,0,0,0,0,0,0,0,0,0,0,0,113.9579
2021A00052408015,6,34,0,0,0,0,0,0,0,0,0,0,0,0,0,0,2,8,2,8,63.589
2021A00052408023,21,167,0,0,0,0,0,0,0,0,1,3,0,0,0,0,3,13,3,13,90.7315
2021A00052408030,9,59,0,0,0,0,0,0,0,0,0,0,0,0,0,0,0,0,0,0,100.5849
2021A00052408035,18,74,0,0,0,0,0,0,0,0,2,8,0,0,0,0,4,14,4,14,253.8935
2021A00052408040,3,21,0,0,0,0,0,0,0,0,0,0,0,0,0,0,0,0,0,0,83.362
2021A00052408053,485,8885,1,11,5,36,4,46,2,10,5,130,3,25,1,21,37,704,38,719,195.4886
2021A00052408065,14,66,0,0,0,0,0,0,0,0,0,0,0,0,0,0,6,18,6,18,104.72
2021A00052408073,38,350,0,0,1,3,0,0,0,0,1,13,0,0,0,0,13,75,13,75,120.4493
2021A00052408080,27,273,0,0,0,0,0,0,0,0,0,0,0,0,0,0,10,38,10,38,65.0716
2021A00052408902,0,0,0,0,0,0,0,0,0,0,0,0,0,0,0,0,0,0,0,0,1682.4992
2021A00052409005,10,82,0,0,0,0,0,0,0,0,1,32,0,0,0,0,2,35,2,35,116.6312
2021A00052409010,5,31,0,0,0,0,0,0,0,0,0,0,0,0,0,0,1,3,1,3,84.786
2021A00052409015,24,152,0,0,0,0,0,0,0,0,0,0,0,0,0,0,9,25,9,25,102.9209
2021A00052409020,6,18,0,0,0,0,0,0,0,0,0,0,0,0,0,0,2,6,2,6,110.3428
2021A00052409025,54,414,0,0,1,14,0,0,0,0,2,6,0,0,0,0,19,67,19,67,126.9847
2021A00052409030,20,224,0,0,0,0,0,0,0,0,1,3,0,0,0,0,5,16,5,16,95.7958
2021A00052409035,27,197,0,0,0,0,0,0,0,0,0,0,0,0,0,0,7,19,7,19,107.7753
2021A00052409040,9,47,0,0,1,1,0,0,0,0,0,0,0,0,0,0,4,6,4,6,66.6573
2021A00052409048,18,230,0,0,1,1,2,37,0,0,3,63,0,0,0,0,5,67,5,67,48.2153
2021A00052409055,20,132,0,0,0,0,0,0,0,0,0,0,0,0,0,0,9,25,9,25,75.1648
2021A00052409060,10,170,0,0,0,0,0,0,0,0,0,0,0,0,0,0,3,7,3,7,25.1231
2021A00052409065,25,311,0,0,0,0,0,0,0,0,2,101,0,0,0,0,5,117,5,117,2.5103
2021A00052409070,9,71,0,0,0,0,0,0,0,0,0,0,0,0,0,0,1,1,1,1,30.9835
2021A00052409077,223,5092,0,0,4,30,3,231,0,0,2,175,1,8,0,0,13,452,13,452,24.2416
2021A00052409085,38,550,0,0,0,0,1,35,0,0,0,0,1,35,0,0,11,38,12,73,38.2307
2021A00052409092,93,943,0,0,1,1,0,0,0,0,1,68,0,0,0,0,18,134,18,134,72.5891
2021A00052409902,0,0,0,0,0,0,0,0,0,0,0,0,0,0,0,0,0,0,0,0,923.2552
2021A00052409904,0,0,0,0,0,0,0,0,0,0,0,0,0,0,0,0,0,0,0,0,223.3528
2021A00052410005,21,119,0,0,0,0,0,0,0,0,2,7,0,0,0,0,6,42,6,42,168.9554
2021A00052410010,7,37,0,0,0,0,0,0,0,0,0,0,0,0,0,0,1,2,1,2,233.0704
2021A00052410015,30,378,0,0,1,29,0,0,0,0,1,7,0,0,0,0,13,72,13,72,162.4028
2021A00052410025,9,71,0,0,0,0,0,0,0,0,0,0,0,0,0,0,1,2,1,2,117.186
2021A00052410030,74,961,0,0,0,0,0,0,0,0,2,353,0,0,0,0,17,417,17,417,126.3718
2021A00052410043,1624,25421,9,128,27,244,17,380,0,0,6,23,5,245,0,0,112,602,114,826,339.1271
2021A00052410060,22,142,0,0,1,2,0,0,0,0,0,0,0,0,0,0,5,14,5,14,145.0237
2021A00052410070,65,583,0,0,2,17,1,2,1,2,2,47,1,2,0,0,17,93,17,93,119.9248
2021A00052410075,16,68,0,0,0,0,0,0,0,0,1,3,0,0,0,0,8,20,8,20,331.3631
2021A00052410902,0,0,0,0,0,0,0,0,0,0,0,0,0,0,0,0,0,0,0,0,960.569
2021A00052411005,34,286,0,0,1,7,1,7,0,0,0,0,0,0,0,0,13,40,13,40,86.7213
2021A00052411010,69,635,1,1,0,0,1,1,0,0,4,10,0,0,0,0,23,91,23,91,152.0388
2021A00052411015,12,60,0,0,0,0,0,0,0,0,0,0,0,0,0,0,3,11,3,11,129.5212
2021A00052411020,2,10,0,0,0,0,0,0,0,0,1,3,0,0,0,0,2,5,2,5,139.5353
2021A00052411025,11,49,0,0,0,0,0,0,0,0,0,0,0,0,0,0,2,4,2,4,75.2803
2021A00052411030,14,94,0,0,0,0,0,0,0,0,0,0,1,19,0,0,6,34,6,34,88.8307
2021A00052411035,23,137,1,23,1,23,1,23,0,0,0,0,0,0,0,0,10,60,10,60,65.7684
2021A00052411040,161,2711,0,0,5,28,2,17,0,0,2,10,1,15,0,0,16,69,17,84,7.6338
2021A00052411045,35,325,1,6,2,8,0,0,0,0,0,0,0,0,0,0,5,13,5,13,94.443
2021A00052411050,22,238,0,0,0,0,0,0,0,0,0,0,0,0,0,0,2,4,2,4,107.2669
2021A00052411055,21,151,0,0,0,0,0,0,0,0,0,0,0,0,0,0,3,13,3,13,74.8393
2021A00052411902,0,0,0,0,0,0,0,0,0,0,0,0,0,0,0,0,0,0,0,0,98.1528
2021A00052412005,73,943,1,7,4,67,2,11,2,56,3,20,0,0,0,0,16,113,16,113,138.4318
2021A00052412010,51,373,0,0,0,0,0,0,0,0,2,6,0,0,0,0,15,49,15,49,192.2024
2021A00052412015,137,1598,2,19,3,12,5,28,1,2,2,10,1,2,0,0,14,74,15,87,175.9277
2021A00052412020,35,524,0,0,1,2,1,2,0,0,1,3,0,0,0,0,9,86,9,86,109.7237
2021A00052412025,4,52,0,0,0,0,0,0,0,0,0,0,0,0,0,0,1,15,1,15,111.2683
2021A00052412030,28,204,0,0,1,11,1,11,0,0,2,5,0,0,0,0,13,43,13,43,82.8466
2021A00052412035,17,63,0,0,0,0,0,0,0,0,2,7,0,0,0,0,6,14,6,14,78.4185
2021A00052412043,73,807,0,0,4,57,1,21,1,21,0,0,2,39,0,0,31,138,31,138,119.1508
2021A00052412045,4,56,0,0,0,0,0,0,0,0,0,0,0,0,0,0,0,0,0,0,11.5294
2021A00052412057,57,427,0,0,1,6,0,0,0,0,0,0,1,6,0,0,14,54,14,54,62.7547
2021A00052412065,58,673,0,0,1,5,0,0,0,0,0,0,1,12,0,0,28,94,28,94,70.8104
2021A00052412072,820,15934,4,182,8,65,4,42,0,0,4,338,1,27,0,0,41,1318,42,1324,83.7425
2021A00052412080,42,489,0,0,0,0,0,0,0,0,0,0,0,0,0,0,3,5,3,5,40.0574
2021A00052413005,122,1900,0,0,1,2,1,26,0,0,5,49,0,0,0,0,16,71,16,71,556.784
2021A00052413010,10,54,0,0,0,0,0,0,0,0,0,0,0,0,0,0,4,9,4,9,107.0295
2021A00052413015,27,161,0,0,0,0,0,0,0,0,2,6,0,0,0,0,6,20,6,20,118.7456
2021A00052413020,12,216,0,0,0,0,0,0,0,0,3,8,1,39,0,0,5,50,5,50,148.6394
2021A00052413025,43,449,0,0,0,0,0,0,0,0,4,41,0,0,0,0,9,56,9,56,173.4242
2021A00052413030,21,191,0,0,0,0,1,3,0,0,1,3,0,0,0,0,6,42,6,42,129.5622
2021A00052413040,23,201,0,0,0,0,0,0,0,0,4,85,0,0,0,0,8,99,8,99,166.9419
2021A00052413045,40,252,0,0,1,2,0,0,0,0,1,52,0,0,0,0,9,81,9,81,105.7795
2021A00052413050,21,99,0,0,0,0,0,0,0,0,0,0,0,0,0,0,6,22,6,22,270.1293
2021A00052413055,31,229,0,0,0,0,0,0,0,0,1,5,0,0,0,0,7,30,7,30,187.1184
2021A00052413060,34,214,0,0,0,0,0,0,0,0,1,3,0,0,0,0,5,15,5,15,86.6288
2021A00052413065,44,332,0,0,0,0,1,7,0,0,0,0,1,7,0,0,7,20,8,27,361.2274
2021A00052413073,239,3534,3,21,6,28,6,37,1,2,3,46,1,2,0,0,30,282,30,282,218.8146
2021A00052413075,10,122,0,0,0,0,0,0,0,0,1,65,0,0,0,0,4,78,4,78,110.6295
2021A00052413080,51,349,0,0,1,3,1,3,0,0,2,10,0,0,0,0,10,33,10,33,112.233
2021A00052413085,7,25,0,0,0,0,0,0,0,0,0,0,0,0,0,0,2,5,2,5,151.1425
2021A00052413090,20,160,0,0,0,0,0,0,0,0,2,5,0,0,0,0,5,17,5,17,262.969
2021A00052413095,111,1500,1,2,1,2,1,55,0,0,4,63,0,0,0,0,19,104,19,104,339.9873
2021A00052413100,16,96,0,0,0,0,0,0,0,0,1,3,0,0,0,0,4,19,4,19,292.6301
2021A00052414005,36,292,0,0,1,12,0,0,0,0,1,3,0,0,0,0,15,55,15,55,428.2563
2021A00052414010,15,65,0,0,0,0,0,0,0,0,0,0,0,0,0,0,2,4,2,4,188.44
2021A00052414018,144,2765,1,49,4,57,4,67,1,5,5,157,2,7,0,0,28,299,28,299,59.6845
2021A00052414025,34,186,0,0,0,0,0,0,0,0,0,0,0,0,0,0,18,58,18,58,60.4558
2021A00052414030,19,121,0,0,1,1,0,0,0,0,1,3,0,0,0,0,12,42,12,42,84.964
2021A00052414035,80,1155,0,0,2,37,2,37,0,0,2,35,1,34,0,0,28,170,29,204,111.3977
2021A00052414040,34,318,0,0,1,73,1,73,0,0,0,0,0,0,0,0,14,112,14,112,71.0579
2021A00052414045,24,140,0,0,0,0,0,0,0,0,0,0,0,0,0,0,12,36,12,36,28.5282
2021A00052414050,68,504,0,0,1,17,1,17,0,0,0,0,1,7,0,0,27,117,27,117,44.0696
2021A00052414055,37,179,0,0,0,0,0,0,0,0,0,0,0,0,0,0,14,48,14,48,33.8363
2021A00052414060,29,295,0,0,0,0,1,11,0,0,2,37,0,0,0,0,9,65,9,65,32.6486
2021A00052414065,46,477,0,0,0,0,0,0,0,0,0,0,0,0,0,0,23,110,23,110,57.4962
2021A00052414070,36,404,0,0,1,17,1,17,0,0,1,31,1,19,0,0,10,93,10,93,29.0613
2021A00052414075,10,46,0,0,0,0,0,0,0,0,0,0,0,0,0,0,4,11,4,11,77.9212
2021A00052414080,17,87,0,0,0,0,0,0,0,0,0,0,0,0,0,0,3,3,3,3,102.7573
2021A00052414085,199,4572,1,6,6,103,2,39,0,0,0,0,2,29,0,0,17,219,17,219,21.1828
2021A00052414090,62,582,0,0,2,27,0,0,0,0,0,0,0,0,0,0,18,112,18,112,54.7769
2021A00052414902,0,0,0,0,0,0,0,0,0,0,0,0,0,0,0,0,0,0,0,0,568.1045
2021A00052414904,0,0,0,0,0,0,0,0,0,0,0,0,0,0,0,0,0,0,0,0,186.415
2021A00052415005,34,242,0,0,0,0,0,0,0,0,0,0,0,0,0,0,11,29,11,29,59.9168
2021A00052415013,352,4959,0,0,1,4,0,0,0,0,5,19,2,6,0,0,22,68,22,68,458.1945
2021A00052415025,24,156,0,0,1,3,1,3,0,0,1,3,0,0,0,0,3,5,3,5,57.927
2021A00052415030,32,232,0,0,0,0,0,0,0,0,1,3,0,0,0,0,3,6,3,6,91.6076
2021A00052415035,109,1836,1,58,2,67,1,58,0,0,1,3,0,0,0,0,7,168,7,168,51.5276
2021A00052415058,34,513,0,0,0,0,0,0,0,0,0,0,0,0,0,0,1,2,1,2,281.1358
2021A00052415065,7,113,0,0,0,0,0,0,0,0,0,0,0,0,0,0,0,0,0,0,232.8925
2021A00052415902,0,0,0,0,0,0,0,0,0,0,0,0,0,0,0,0,0,0,0,0,851.1798
2021A00052415904,0,0,0,0,0,0,0,0,0,0,0,0,0,0,0,0,0,0,0,0,204.588
2021A00052416005,32,914,0,0,0,0,0,0,0,0,1,3,0,0,0,0,1,3,1,3,133.8937
2021A00052416013,335,5502,3,106,9,143,3,64,0,0,4,75,0,0,0,0,25,213,26,299,545.8469
2021A00052416023,53,841,0,0,0,0,0,0,0,0,1,7,0,0,0,0,5,71,5,71,29.4649
2021A00052416048,64,416,0,0,1,7,1,7,0,0,1,15,0,0,0,0,16,56,16,56,156.1862
2021A00052416050,52,268,0,0,0,0,0,0,0,0,2,16,0,0,0,0,13,52,13,52,100.2951
2021A00052416055,55,541,0,0,0,0,0,0,0,0,0,0,0,0,0,0,6,21,6,21,330.5726
2021A00052416902,1,7,0,0,0,0,0,0,0,0,0,0,0,0,0,0,1,1,1,1,2440.5418
2021A00052417005,7,61,0,0,0,0,0,0,0,0,1,32,0,0,0,0,2,35,2,35,122.4356
2021A00052417010,106,2181,1,3,1,3,1,3,0,0,8,691,0,0,0,0,21,928,21,928,137.7795
2021A00052417015,19,109,0,0,0,0,0,0,0,0,0,0,0,0,0,0,2,6,2,6,216.1572
2021A00052417020,25,115,0,0,0,0,0,0,0,0,1,5,0,0,0,0,8,25,8,25,178.8272
2021A00052417025,11,93,0,0,1,2,0,0,0,0,2,17,1,2,0,0,4,20,4,20,94.8919
2021A00052417030,43,516,0,0,0,0,0,0,0,0,3,87,0,0,0,0,8,94,8,94,291.0444
2021A00052417035,15,153,0,0,0,0,0,0,0,0,0,0,0,0,0,0,0,0,0,0,164.3582
2021A00052417040,13,87,0,0,0,0,0,0,0,0,0,0,0,0,0,0,3,7,3,7,247.6381
2021A00052417045,16,152,0,0,0,0,0,0,0,0,1,5,0,0,0,0,4,12,4,12,230.5185
2021A00052417055,35,392,0,0,3,19,0,0,1,15,0,0,1,15,0,0,10,37,10,37,98.4525
2021A00052417060,25,115,0,0,0,0,0,0,0,0,0,0,0,0,0,0,12,30,12,30,76.5911
2021A00052417065,38,222,0,0,0,0,0,0,0,0,0,0,0,0,0,0,12,68,12,68,49.1357
2021A00052417070,180,2997,0,0,3,356,0,0,0,0,6,446,1,3,0,0,33,587,33,587,69.3139
2021A00052417078,124,2536,1,252,3,591,4,682,0,0,7,41,0,0,0,0,36,1061,36,1061,119.9467
2021A00052418005,19,356,0,0,0,0,0,0,0,0,2,168,0,0,0,0,3,197,3,197,132.5979
2021A00052418010,2,18,0,0,0,0,0,0,0,0,0,0,0,0,0,0,1,1,1,1,49.9612
2021A00052418015,28,651,0,0,0,0,0,0,0,0,1,3,0,0,0,0,3,6,3,6,187.011
2021A00052418020,12,88,0,0,0,0,1,14,0,0,0,0,1,14,0,0,3,23,3,23,82.1741
2021A00052418025,11,105,0,0,0,0,1,6,0,0,1,6,0,0,0,0,3,11,3,11,256.513
2021A00052418030,23,181,0,0,1,5,1,5,1,5,1,3,1,5,0,0,5,15,5,15,162.7706
2021A00052418035,4,24,0,0,0,0,0,0,0,0,0,0,0,0,0,0,0,0,0,0,92.4393
2021A00052418040,9,115,0,0,0,0,0,0,0,0,0,0,0,0,0,0,1,1,1,1,164.6337
2021A00052418045,83,1095,1,7,4,112,3,15,1,75,3,149,0,0,0,0,25,397,25,397,204.3157
2021A00052418050,448,10132,3,40,9,974,12,708,1,23,13,952,2,109,1,12,54,1815,57,2037,124.4449
2021A00052418055,26,278,0,0,0,0,0,0,0,0,0,0,0,0,0,0,12,60,12,60,91.0525
2021A00052418060,83,1347,1,85,1,146,2,231,0,0,1,146,0,0,0,0,32,425,32,425,96.3522
2021A00052418065,46,242,1,6,1,6,1,6,0,0,0,0,0,0,0,0,2,13,2,13,26.8512
2021A00052418070,11,200,0,0,0,0,0,0,0,0,0,0,0,0,0,0,3,13,3,13,23.9739
2021A00052419005,23,181,0,0,0,0,0,0,0,0,1,3,0,0,0,0,6,25,6,25,146.5097
2021A00052419010,31,205,0,0,1,9,0,0,0,0,2,36,0,0,0,0,8,59,8,59,94.7147
2021A00052419015,12,80,0,0,1,1,0,0,0,0,0,0,0,0,0,0,3,6,3,6,51.5572
2021A00052419020,41,319,1,1,0,0,1,1,0,0,1,3,0,0,0,0,9,21,9,21,136.8753
2021A00052419025,53,351,0,0,0,0,1,3,0,0,0,0,1,3,0,0,16,35,16,35,101.0699
2021A00052419030,59,1202,0,0,2,11,2,11,0,0,1,7,0,0,0,0,12,58,12,58,82.039
2021A00052419037,37,490,0,0,0,0,0,0,0,0,0,0,0,0,0,0,6,17,6,17,167.9879
2021A00052419045,20,148,0,0,1,3,0,0,0,0,1,3,0,0,0,0,7,17,7,17,75.7625
2021A00052419050,54,1184,0,0,2,312,2,312,0,0,0,0,0,0,0,0,17,359,17,359,85.9277
2021A00052419055,144,2452,1,349,7,178,6,175,1,2,1,34,1,2,1,349,35,688,35,688,88.1354
2021A00052419062,169,2910,3,186,6,238,3,289,0,0,1,3,1,6,1,86,50,569,50,569,74.2202
2021A00052419068,215,2876,1,2,7,127,5,212,4,119,2,78,6,149,0,0,48,698,49,701,122.606
2021A00052419070,57,507,0,0,1,2,1,2,1,2,0,0,1,2,0,0,30,99,30,99,50.6659
2021A00052419075,100,907,0,0,0,0,0,0,0,0,0,0,0,0,0,0,41,143,41,143,89.3308
2021A00052419082,60,624,0,0,0,0,0,0,0,0,0,0,0,0,0,0,12,32,12,32,121.6883
2021A00052419090,37,435,0,0,2,79,3,82,0,0,1,7,1,3,0,0,15,129,15,129,34.9894
2021A00052419097,98,1041,0,0,3,24,2,22,0,0,2,12,2,6,0,0,42,206,43,221,93.3012
2021A00052419105,96,656,2,10,3,12,2,8,0,0,1,3,0,0,0,0,11,38,11,38,44.5657
2021A00052419110,68,516,0,0,0,0,1,3,0,0,1,3,0,0,0,0,27,84,27,84,43.0808
2021A00052419117,39,448,0,0,2,132,0,0,0,0,0,0,0,0,0,0,17,182,17,182,44.8822
2021A00052420005,32,280,0,0,3,13,0,0,0,0,0,0,0,0,0,0,7,76,7,76,28.9623
2021A00052420010,54,458,0,0,1,1,0,0,0,0,1,3,0,0,0,0,14,76,14,76,50.5446
2021A00052420015,41,706,0,0,2,5,1,2,0,0,1,32,0,0,0,0,11,327,11,327,43.4803
2021A00052420020,65,1048,0,0,0,0,0,0,0,0,0,0,0,0,0,0,8,369,8,369,35.6412
2021A00052420025,80,1159,1,23,4,63,2,25,1,2,0,0,1,2,0,0,11,146,11,146,31.6369
2021A00052420030,35,420,0,0,0,0,0,0,0,0,1,3,0,0,0,0,5,132,5,132,4.3171
2021A00052421005,44,443,0,0,0,0,0,0,0,0,2,157,0,0,0,0,3,160,3,160,129.2974
2021A00052421010,113,835,0,0,1,3,0,0,0,0,0,0,0,0,0,0,6,14,6,14,83.1841
2021A00052421015,0,0,0,0,0,0,0,0,0,0,0,0,0,0,0,0,0,0,0,0,0.4215
2021A00052421020,29,187,0,0,0,0,0,0,0,0,0,0,0,0,0,0,3,12,3,12,42.3307
2021A00052421025,108,2302,1,2,2,6,1,2,0,0,1,3,1,4,0,0,8,60,8,60,22.97
2021A00052421030,121,1550,1,2,2,12,1,3,0,0,2,10,0,0,0,0,7,27,7,27,62.3817
2021A00052421035,106,1348,0,0,1,2,2,9,0,0,2,151,1,7,0,0,9,186,9,186,228.8439
2021A00052421040,114,1687,1,3,3,206,3,161,0,0,0,0,2,158,0,0,12,107,14,265,53.6095
2021A00052421045,204,2213,0,0,2,56,2,56,0,0,3,39,0,0,0,0,9,102,9,102,20.3589
2021A00052421902,0,0,0,0,0,0,0,0,0,0,0,0,0,0,0,0,0,0,0,0,70.1776
2021A00052421904,0,0,0,0,0,0,0,0,0,0,0,0,0,0,0,0,0,0,0,0,4131.6195
2021A00052422005,199,2817,1,4,3,17,2,14,0,0,3,29,0,0,0,0,7,47,7,47,120.7017
2021A00052422010,47,221,0,0,1,1,1,3,0,0,2,8,0,0,0,0,3,9,3,9,11.4864
2021A00052422015,11,53,0,0,0,0,0,0,0,0,0,0,0,0,0,0,0,0,0,0,33.6507
2021A00052422020,103,1053,0,0,1,5,0,0,0,0,0,0,0,0,0,0,3,7,3,7,63.5433
2021A00052422025,57,1336,0,0,1,4,1,4,0,0,1,7,0,0,0,0,4,22,4,22,432.6201
2021A00052422030,19,304,0,0,0,0,0,0,0,0,0,0,0,0,0,0,0,0,0,0,1.5836
2021A00052422035,234,2304,1,1,4,40,1,2,1,2,1,3,1,2,0,0,11,52,11,52,670.0266
2021A00052422040,311,2529,1,1,1,9,0,0,0,0,1,7,0,0,0,0,4,19,4,19,61.7339
2021A00052422045,154,1348,0,0,1,7,0,0,0,0,3,13,0,0,0,0,6,25,6,25,108.4203
2021A00052422902,0,0,0,0,0,0,0,0,0,0,0,0,0,0,0,0,0,0,0,0,1679.9881
2021A00052423015,3,388,0,0,0,0,0,0,0,0,0,0,0,0,0,0,0,0,0,0,0.0372
2021A00052423027,15478,327210,82,2690,277,6377,136,3438,15,134,55,934,78,2171,12,337,576,9480,615,11443,452.2999
2021A00052423057,363,7613,0,0,2,7,0,0,0,0,0,0,1,2,0,0,6,77,6,77,7.7242
2021A00052423072,652,13328,8,167,27,771,19,864,4,286,8,433,18,477,3,57,81,2121,88,2380,85.7955
2021A00052423802,97,1909,0,0,3,21,1,3,0,0,2,73,0,0,0,0,6,107,6,107,1.7433
2021A00052425213,3894,74410,20,428,78,2169,55,1510,7,91,19,256,37,1610,3,316,231,3883,253,5112,448.0654
2021A00052426005,46,430,0,0,2,26,2,20,0,0,2,36,0,0,0,0,17,100,17,100,151.2749
2021A00052426010,59,421,0,0,0,0,1,14,0,0,2,84,1,14,0,0,20,148,20,148,68.6543
2021A00052426015,100,1850,1,3,4,43,3,52,0,0,0,0,2,50,1,3,13,116,15,166,25.4478
2021A00052426022,131,1120,1,3,2,5,1,3,0,0,3,76,0,0,0,0,35,295,35,295,87.0656
2021A00052426030,603,10045,4,71,11,123,12,297,2,4,5,110,6,96,2,48,68,1437,71,1526,107.548
2021A00052426035,58,538,0,0,1,73,1,73,0,0,2,80,0,0,0,0,24,174,24,174,83.0508
2021A00052426040,78,546,1,2,2,14,4,20,0,0,1,3,2,6,0,0,27,107,28,110,51.534
2021A00052426048,114,1597,1,22,2,286,1,22,0,0,2,35,1,2,1,22,18,402,18,402,31.292
2021A00052426055,158,1470,1,10,2,19,2,19,1,9,1,33,1,9,0,0,62,290,62,290,90.0952
2021A00052426063,171,1843,0,0,3,106,1,33,0,0,4,124,0,0,0,0,48,400,48,400,102.6052
2021A00052426070,249,3000,3,29,11,194,6,152,2,107,3,43,3,122,0,0,32,477,33,492,106.7616
2021A00052427008,104,984,2,36,3,12,3,39,0,0,1,7,0,0,0,0,33,130,34,160,120.4531
2021A00052427015,17,131,0,0,0,0,0,0,0,0,0,0,0,0,0,0,2,3,2,3,43.4941
2021A00052427028,241,4742,1,19,9,450,8,237,1,9,4,106,5,104,0,0,37,598,42,798,164.5911
2021A00052427035,61,634,0,0,2,4,3,28,1,2,3,173,2,4,2,26,24,299,24,299,130.6086
2021A00052427043,232,3181,1,115,5,142,4,157,0,0,8,658,1,8,0,0,48,962,48,962,114.7026
2021A00052427050,25,91,0,0,0,0,1,3,0,0,1,3,0,0,0,0,13,33,13,33,51.425
2021A00052427055,28,200,0,0,3,66,1,3,0,0,0,0,0,0,0,0,13,96,13,96,55.7312
2021A00052427060,62,805,0,0,2,6,1,2,1,2,3,13,1,2,0,0,12,68,12,68,27.319
2021A00052427065,48,643,1,43,0,0,0,0,0,0,0,0,0,0,0,0,13,148,13,148,72.3515
2021A00052427070,16,84,0,0,0,0,0,0,0,0,0,0,0,0,0,0,7,14,7,14,58.9195
2021A00052428005,47,345,0,0,1,3,1,3,1,3,1,32,0,0,0,0,9,49,9,49,186.5573
2021A00052428015,33,354,0,0,0,0,0,0,0,0,3,178,0,0,0,0,5,182,5,182,78.2468
2021A00052428020,113,1537,1,9,4,36,4,40,0,0,3,29,1,7,0,0,15,246,16,253,133.7417
2021A00052428025,18,134,0,0,0,0,0,0,0,0,0,0,0,0,0,0,5,9,5,9,111.5283
2021A00052428030,23,185,1,15,2,17,1,2,1,2,1,6,1,2,0,0,7,33,7,33,115.1271
2021A00052428035,6,50,0,0,0,0,0,0,0,0,0,0,0,0,0,0,1,1,1,1,118.0058
2021A00052428040,5,27,0,0,0,0,0,0,0,0,0,0,0,0,0,0,1,1,1,1,93.4813
2021A00052428045,82,1292,1,212,1,3,2,233,0,0,1,3,0,0,2,233,9,261,9,261,126.28
2021A00052428053,164,2230,0,0,2,6,0,0,0,0,3,9,0,0,0,0,13,29,13,29,157.216
2021A00052428060,9,63,0,0,0,0,0,0,0,0,0,0,0,0,0,0,1,1,1,1,161.9883
2021A00052428065,17,131,0,0,0,0,0,0,0,0,0,0,0,0,0,0,5,12,5,12,66.8949
2021A00052428070,26,226,0,0,0,0,1,26,0,0,3,52,0,0,0,0,10,71,10,71,251.9298
2021A00052428075,21,167,0,0,1,31,1,31,0,0,0,0,0,0,0,0,3,35,3,35,208.6126
2021A00052429005,37,406,0,0,0,0,0,0,0,0,3,39,0,0,0,0,9,177,9,177,427.7776
2021A00052429013,56,1159,0,0,1,2,2,545,1,2,3,13,2,545,0,0,11,38,12,581,197.3652
2021A00052429020,5,15,0,0,0,0,0,0,0,0,0,0,0,0,0,0,3,7,3,7,186.7711
2021A00052429025,21,318,1,33,1,33,0,0,0,0,0,0,0,0,0,0,7,66,7,66,110.8506
2021A00052429030,90,1494,2,73,5,138,5,158,2,28,1,6,2,77,0,0,12,160,13,232,32.8374
2021A00052429038,103,961,2,40,2,55,3,61,1,21,5,200,1,21,1,10,32,360,33,390,133.9563
2021A00052429045,86,1327,0,0,2,38,4,242,0,0,4,199,0,0,1,43,21,438,21,438,117.997
2021A00052429050,26,146,0,0,1,5,0,0,0,0,0,0,0,0,0,0,3,7,3,7,61.5394
2021A00052429057,104,1238,0,0,3,112,2,40,0,0,5,250,0,0,0,0,19,338,20,353,150.4518
2021A00052429065,16,144,0,0,0,0,0,0,0,0,0,0,0,0,0,0,2,4,2,4,57.1622
2021A00052429073,1235,22489,5,364,24,790,16,564,0,0,16,1233,2,6,1,58,104,2506,109,2919,199.0768
2021A00052429095,8,68,0,0,0,0,0,0,0,0,0,0,0,0,0,0,0,0,0,0,0.8758
2021A00052429100,69,1128,0,0,0,0,3,56,0,0,6,152,2,50,0,0,15,184,17,234,85.65
2021A00052429112,124,1769,2,155,7,64,6,183,3,16,2,143,5,32,0,0,34,416,36,557,118.9016
2021A00052429120,53,531,0,0,1,34,1,34,0,0,1,35,0,0,0,0,9,126,10,160,24.0854
2021A00052429125,13,115,0,0,2,5,0,0,0,0,1,5,0,0,0,0,5,15,5,15,47.4347
2021A00052430005,31,277,0,0,0,0,0,0,0,0,3,103,0,0,0,0,7,115,7,115,281.0685
2021A00052430010,22,126,0,0,0,0,0,0,0,0,0,0,0,0,0,0,1,2,1,2,192.5086
2021A00052430015,7,33,0,0,0,0,0,0,0,0,0,0,0,0,0,0,1,2,1,2,116.0615
2021A00052430020,11,77,0,0,0,0,0,0,0,0,0,0,0,0,0,0,2,4,2,4,103.381
2021A00052430025,48,336,0,0,1,7,1,7,0,0,4,44,1,2,0,0,10,60,10,60,223.5982
2021A00052430030,264,5496,0,0,5,52,4,54,1,9,6,75,4,38,0,0,21,780,21,780,21.9797
2021A00052430035,25,119,0,0,0,0,0,0,0,0,0,0,0,0,0,0,2,4,2,4,71.8334
2021A00052430040,11,177,0,0,0,0,0,0,0,0,0,0,0,0,0,0,4,68,4,68,129.4449
2021A00052430045,49,395,0,0,0,0,0,0,0,0,1,6,0,0,0,0,7,20,7,20,119.1649
2021A00052430050,21,143,0,0,1,2,0,0,0,0,0,0,0,0,0,0,8,29,8,29,146.4621
2021A00052430055,26,110,0,0,1,3,1,3,0,0,0,0,0,0,0,0,7,19,8,22,134.9537
2021A00052430070,18,94,0,0,0,0,0,0,0,0,1,3,0,0,0,0,4,13,4,13,236.331
2021A00052430072,55,655,1,97,2,102,3,137,0,0,1,32,1,35,0,0,20,185,21,220,127.5791
2021A00052430080,45,626,0,0,0,0,0,0,0,0,2,64,2,7,0,0,13,221,13,221,124.3035
2021A00052430085,41,514,0,0,0,0,1,3,0,0,1,3,3,115,0,0,15,146,15,146,91.9546
2021A00052430090,30,458,0,0,0,0,0,0,0,0,3,44,1,19,0,0,13,157,13,157,90.3385
2021A00052430095,89,909,0,0,2,9,2,18,0,0,2,43,2,14,0,0,18,220,19,227,108.4528
2021A00052430100,37,367,1,3,1,3,0,0,0,0,2,10,0,0,0,0,9,94,9,94,112.1214
2021A00052430105,37,167,0,0,0,0,0,0,0,0,2,5,0,0,0,0,9,26,9,26,180.1458
2021A00052430110,36,240,0,0,1,13,0,0,0,0,0,0,0,0,0,0,6,27,6,27,119.8637
2021A00052431008,15,65,0,0,0,0,0,0,0,0,0,0,0,0,0,0,3,6,3,6,75.9611
2021A00052431015,86,1406,1,2,2,9,3,11,2,9,1,3,2,9,1,2,8,25,8,25,6.7988
2021A00052431020,27,125,1,2,2,4,2,4,1,2,0,0,1,2,0,0,5,12,5,12,92.5343
2021A00052431025,2,10,0,0,0,0,0,0,0,0,0,0,0,0,0,0,2,8,2,8,58.7141
2021A00052431030,18,102,0,0,0,0,0,0,0,0,0,0,0,0,0,0,10,35,10,35,76.0872
2021A00052431035,21,107,0,0,1,3,1,3,0,0,0,0,0,0,0,0,9,29,9,29,81.7019
2021A00052431040,24,160,0,0,0,0,0,0,0,0,1,3,0,0,0,0,5,14,5,14,109.8482
2021A00052431045,47,293,0,0,2,7,2,7,0,0,0,0,0,0,0,0,4,11,4,11,126.7627
2021A00052431050,16,76,0,0,0,0,0,0,0,0,0,0,0,0,0,0,6,18,6,18,136.1767
2021A00052431056,125,1432,2,55,2,56,3,62,0,0,5,22,1,7,1,6,26,397,27,404,290.0276
2021A00052431060,32,675,1,65,2,27,2,82,0,0,0,0,0,0,0,0,10,66,11,131,60.5459
2021A00052431084,881,15539,4,376,20,585,16,988,5,113,11,224,10,503,1,91,80,1278,83,1757,225.9736
2021A00052431095,16,56,0,0,0,0,0,0,0,0,0,0,0,0,0,0,9,28,9,28,53.1798
2021A00052431100,15,61,0,0,0,0,0,0,0,0,0,0,0,0,0,0,8,18,8,18,79.1488
2021A00052431105,19,77,0,0,0,0,0,0,0,0,1,3,0,0,0,0,9,25,9,25,93.6645
2021A00052431122,61,790,1,6,0,0,1,6,0,0,0,0,1,31,0,0,6,53,7,59,8.8556
2021A00052431130,24,116,0,0,0,0,1,3,0,0,0,0,1,3,0,0,9,27,10,30,104.7261
2021A00052431135,37,183,0,0,1,2,1,2,1,2,0,0,1,2,0,0,18,62,18,62,150.5574
2021A00052431140,41,335,0,0,0,0,1,3,0,0,1,3,0,0,0,0,12,91,12,91,80.5613
2021A00052432013,84,807,0,0,1,34,1,34,0,0,3,56,1,34,0,0,22,121,23,155,137.1571
2021A00052432023,31,141,0,0,0,0,0,0,0,0,0,0,0,0,0,0,15,38,15,38,92.1266
2021A00052432033,161,2940,4,53,10,221,6,125,3,32,4,70,4,83,0,0,46,797,48,866,195.0069
2021A00052432040,290,6734,3,230,14,216,11,356,2,23,6,241,4,67,2,255,53,1203,54,1237,4.9178
2021A00052432045,140,1531,1,10,4,61,4,61,0,0,3,43,1,34,0,0,37,187,38,221,141.1908
2021A00052432050,32,252,1,22,1,1,1,22,0,0,0,0,0,0,1,22,11,76,11,76,81.7669
2021A00052432058,45,231,0,0,2,27,0,0,0,0,0,0,2,27,0,0,20,77,20,77,176.1079
2021A00052432065,72,556,0,0,0,0,0,0,0,0,0,0,0,0,0,0,22,87,22,87,167.5546
2021A00052432072,63,429,0,0,1,10,0,0,0,0,1,11,1,10,0,0,34,156,34,156,107.9139
2021A00052432080,34,454,1,1,1,15,1,15,0,0,0,0,0,0,0,0,9,71,10,86,81.3904
2021A00052432085,17,139,0,0,2,12,1,5,1,5,1,3,1,5,0,0,7,25,7,25,101.8987
2021A00052433007,69,319,0,0,0,0,0,0,0,0,0,0,0,0,0,0,21,65,21,65,147.1476
2021A00052433017,58,382,1,2,1,2,1,2,0,0,2,27,0,0,0,0,29,144,29,144,166.9891
2021A00052433025,76,552,0,0,1,7,1,7,0,0,0,0,1,7,0,0,26,89,27,96,85.7254
2021A00052433030,72,468,0,0,0,0,1,35,0,0,0,0,1,35,0,0,27,85,28,120,62.0658
2021A00052433035,81,766,0,0,3,19,2,9,1,2,2,10,0,0,0,0,19,76,19,76,177.4275
2021A00052433040,31,157,0,0,0,0,0,0,0,0,0,0,0,0,0,0,9,39,9,39,65.0699
2021A00052433045,118,1302,2,25,8,120,8,118,1,5,2,38,2,12,0,0,26,230,27,237,65.4037
2021A00052433052,62,573,0,0,1,3,0,0,0,0,1,6,0,0,0,0,16,57,16,57,66.1639
2021A00052433060,112,2336,2,63,4,114,2,5,0,0,2,140,2,56,0,0,9,425,10,428,12.1601
2021A00052433065,35,277,1,2,1,2,1,2,0,0,1,7,0,0,0,0,9,36,9,36,109.88
2021A00052433070,31,337,0,0,3,90,3,90,0,0,0,0,0,0,0,0,6,16,9,106,102.5414
2021A00052433080,63,1059,0,0,1,52,2,55,0,0,3,157,0,0,0,0,22,262,22,262,98.4278
2021A00052433085,41,283,1,5,1,7,2,12,0,0,0,0,0,0,1,5,16,55,16,55,60.3168
2021A00052433090,215,2566,0,0,4,85,5,99,0,0,5,77,3,51,0,0,27,192,30,275,96.8279
2021A00052433095,46,804,0,0,3,39,1,4,0,0,0,0,0,0,0,0,16,79,16,79,59.9474
2021A00052433102,88,1917,0,0,2,12,2,217,0,0,0,0,0,0,1,5,17,280,17,280,69.6348
2021A00052433115,38,222,0,0,0,0,0,0,0,0,0,0,0,0,0,0,19,68,19,68,79.9123
2021A00052433123,22,114,0,0,0,0,0,0,0,0,0,0,0,0,0,0,17,50,17,50,136.6149
2021A00052434007,137,1047,2,12,5,20,3,14,0,0,1,3,1,3,0,0,23,104,24,110,71.9237
2021A00052434017,197,2673,0,0,3,10,4,62,1,5,2,10,1,5,1,9,31,392,31,392,121.115
2021A00052434025,184,3957,1,1,7,57,4,174,0,0,1,7,1,149,1,9,19,95,20,244,20.1957
2021A00052434030,86,946,0,0,0,0,1,5,0,0,0,0,0,0,0,0,8,38,8,38,54.4866
2021A00052434038,67,1179,0,0,0,0,1,5,0,0,0,0,0,0,0,0,17,420,17,420,98.8394
2021A00052434048,87,1582,1,8,3,24,2,89,0,0,0,0,1,75,0,0,12,224,13,299,109.0974
2021A00052434058,83,996,0,0,4,81,1,44,1,44,0,0,3,77,0,0,13,91,14,106,124.0221
2021A00052434060,10,114,0,0,0,0,0,0,0,0,1,32,0,0,0,0,4,40,4,40,37.4377
2021A00052434065,103,1909,1,35,2,12,1,9,1,9,1,14,2,13,1,35,15,271,15,271,17.2923
2021A00052434078,53,582,0,0,1,9,0,0,0,0,0,0,0,0,0,0,17,137,17,137,66.4999
2021A00052434085,12,56,0,0,0,0,0,0,0,0,0,0,0,0,0,0,8,26,8,26,51.0008
2021A00052434090,68,820,0,0,1,5,0,0,0,0,2,28,1,19,0,0,18,97,18,97,140.72
2021A00052434097,32,256,1,22,0,0,1,22,0,0,1,7,0,0,1,22,10,48,10,48,148.4659
2021A00052434105,13,139,0,0,1,18,0,0,0,0,1,3,1,18,0,0,6,34,6,34,143.5974
2021A00052434115,19,189,0,0,1,2,1,2,1,2,1,5,1,2,0,0,4,15,4,15,141.8048
2021A00052434120,17,103,0,0,0,0,0,0,0,0,0,0,0,0,0,0,1,2,1,2,3.7245
2021A00052434128,291,4372,2,9,6,51,3,7,0,0,6,100,0,0,0,0,25,238,25,238,666.2015
2021A00052434135,22,560,0,0,0,0,0,0,0,0,1,32,2,57,0,0,6,106,6,106,515.6214
2021A00052434902,0,0,0,0,0,0,0,0,0,0,0,0,0,0,0,0,0,0,0,0,549.5501
2021A00052434904,0,0,0,0,0,0,0,0,0,0,0,0,0,0,0,0,0,0,0,0,429.6207
2021A00052434906,0,0,0,0,0,0,0,0,0,0,0,0,0,0,0,0,0,0,0,0,376.6633
2021A00052435005,20,124,0,0,0,0,0,0,0,0,0,0,0,0,0,0,2,8,2,8,162.4048
2021A00052435010,39,377,0,0,0,0,0,0,0,0,0,0,0,0,0,0,4,7,4,7,269.6977
2021A00052435015,29,227,1,2,1,2,1,2,0,0,3,66,0,0,0,0,13,92,13,92,137.0826
2021A00052435020,24,296,0,0,1,34,0,0,0,0,3,115,0,0,0,0,12,142,12,142,61.645
2021A00052435027,153,2468,3,107,3,143,1,97,0,0,2,6,0,0,0,0,28,257,28,257,91.1012
2021A00052435035,40,212,0,0,0,0,0,0,0,0,0,0,0,0,0,0,7,34,7,34,54.7212
2021A00052435040,13,91,0,0,0,0,0,0,0,0,0,0,0,0,0,0,0,0,0,0,116.9679
2021A00052435045,17,278,0,0,0,0,0,0,0,0,1,136,0,0,0,0,1,136,1,136,144.5224
2021A00052435050,71,1115,0,0,1,6,1,3,0,0,2,6,0,0,0,0,15,60,15,60,212.4784
2021A00052435055,18,289,0,0,0,0,0,0,0,0,1,3,0,0,0,0,2,6,2,6,597.7625
2021A00052435902,0,0,0,0,0,0,0,0,0,0,0,0,0,0,0,0,0,0,0,0,211.5132
2021A00052435904,0,0,0,0,0,0,0,0,0,0,0,0,0,0,0,0,0,0,0,0,2016.3511
2021A00052435906,0,0,0,0,0,0,0,0,0,0,0,0,0,0,0,0,0,0,0,0,1087.0179
2021A00052435908,0,0,0,0,0,0,0,0,0,0,0,0,0,0,0,0,0,0,0,0,22.9529
2021A00052436033,1299,21617,9,413,39,1126,22,554,1,9,10,71,13,456,2,32,80,1383,89,1931,729.9827
2021A00052437067,3714,69958,15,365,64,1230,42,925,8,110,16,516,22,525,1,3,165,3308,176,3744,288.6548
2021A00052437205,73,1166,0,0,2,14,2,15,0,0,0,0,0,0,0,0,19,95,19,95,109.284
2021A00052437210,28,236,0,0,0,0,0,0,0,0,0,0,0,0,0,0,5,12,5,12,43.2466
2021A00052437215,46,904,0,0,0,0,1,2,0,0,0,0,0,0,0,0,8,42,8,42,97.6493
2021A00052437220,42,410,0,0,1,12,1,3,0,0,0,0,1,3,0,0,11,97,12,100,58.1732
2021A00052437225,20,136,1,2,0,0,0,0,0,0,0,0,0,0,0,0,6,19,6,19,53.7842
2021A00052437230,126,918,0,0,1,7,1,7,0,0,3,26,1,7,0,0,32,100,33,107,91.3556
2021A00052437235,85,731,0,0,1,18,0,0,0,0,1,33,1,18,0,0,8,62,8,62,128.2904
2021A00052437240,60,1106,0,0,1,3,1,3,0,0,1,3,1,6,0,0,13,180,14,183,106.7424
2021A00052437245,48,440,1,58,2,60,2,60,1,2,1,3,1,2,0,0,15,122,15,122,89.3762
2021A00052437250,32,164,0,0,0,0,0,0,0,0,0,0,0,0,0,0,9,18,9,18,94.1111
2021A00052438005,29,151,0,0,0,0,0,0,0,0,0,0,0,0,0,0,19,48,19,48,86.2976
2021A00052438010,447,7609,5,22,19,828,7,90,0,0,4,16,11,826,0,0,89,687,91,1282,439.5416
2021A00052438015,14,102,0,0,0,0,0,0,0,0,0,0,0,0,0,0,5,14,5,14,69.3042
2021A00052438020,6,54,0,0,0,0,0,0,0,0,0,0,0,0,0,0,4,28,4,28,74.6008
2021A00052438028,30,314,1,10,2,24,1,10,0,0,1,11,0,0,0,0,12,72,12,72,104.4786
2021A00052438035,10,134,0,0,0,0,0,0,0,0,2,5,0,0,0,0,6,46,6,46,87.0228
2021A00052438040,26,178,0,0,1,21,1,21,1,21,0,0,1,21,0,0,11,56,11,56,84.0513
2021A00052438047,26,581,0,0,0,0,2,38,0,0,0,0,2,38,0,0,9,38,11,76,44.5455
2021A00052438055,23,189,0,0,0,0,0,0,0,0,0,0,0,0,0,0,8,33,8,33,35.5784
2021A00052438060,14,74,0,0,0,0,0,0,0,0,0,0,0,0,0,0,8,26,8,26,32.3173
2021A00052438065,37,323,0,0,1,12,0,0,0,0,2,68,0,0,0,0,8,93,8,93,48.141
2021A00052438070,22,457,0,0,0,0,0,0,0,0,0,0,0,0,0,0,4,12,4,12,36.5098
2021A00052438802,9,358,0,0,0,0,0,0,0,0,0,0,1,2,0,0,1,2,1,2,0.7381
2021A00052439005,8,64,0,0,0,0,0,0,0,0,0,0,0,0,0,0,0,0,0,0,111.402
2021A00052439010,47,947,1,65,2,85,1,65,0,0,2,26,0,0,0,0,21,153,21,153,103.983
2021A00052439015,7,49,0,0,0,0,0,0,0,0,0,0,0,0,0,0,1,2,1,2,31.0472
2021A00052439020,14,98,0,0,0,0,0,0,0,0,0,0,0,0,0,0,7,40,7,40,72.9731
2021A00052439025,47,484,0,0,3,38,1,21,1,21,2,30,1,21,0,0,23,172,23,172,169.482
2021A00052439030,46,401,3,116,4,120,4,120,0,0,0,0,0,0,0,0,22,170,22,170,116.7155
2021A00052439035,21,115,1,2,3,11,3,11,2,9,0,0,2,9,0,0,9,28,9,28,83.7212
2021A00052439043,53,335,2,7,3,9,2,7,1,2,1,11,2,6,0,0,27,84,27,84,102.9763
2021A00052439060,129,1182,0,0,2,40,0,0,0,0,4,55,0,0,0,0,19,101,19,101,68.9627
2021A00052439062,1600,29862,14,285,43,1080,33,997,3,32,21,466,12,255,5,342,124,2391,131,2471,84.3255
2021A00052439077,208,3301,4,105,14,148,8,139,1,9,0,0,5,61,1,46,63,951,66,996,109.5959
2021A00052439085,69,583,0,0,1,1,0,0,0,0,0,0,0,0,0,0,26,146,26,146,69.4311
2021A00052439090,26,174,0,0,1,4,0,0,0,0,0,0,0,0,0,0,18,78,18,78,51.8672
2021A00052439097,73,2567,0,0,3,7,1,2,1,2,1,7,1,2,0,0,26,698,26,698,69.3614
2021A00052439105,29,155,0,0,0,0,0,0,0,0,0,0,0,0,0,0,16,61,16,61,75.861
2021A00052439117,43,269,0,0,0,0,1,10,0,0,1,3,0,0,0,0,13,41,13,41,114.655
2021A00052439130,28,220,0,0,0,0,0,0,0,0,1,7,0,0,0,0,10,53,10,53,43.2104
2021A00052439135,40,272,1,33,1,33,0,0,0,0,1,3,0,0,0,0,16,85,16,85,108.1005
2021A00052439145,36,412,1,9,0,0,0,0,0,0,0,0,0,0,0,0,11,105,11,105,109.5317
2021A00052439152,67,1402,0,0,5,354,5,320,0,0,6,155,1,34,0,0,14,603,15,637,61.7056
2021A00052439165,5,39,0,0,0,0,0,0,0,0,1,11,0,0,0,0,1,11,1,11,23.8183
2021A00052439170,43,748,1,2,2,62,2,62,1,9,0,0,1,9,0,0,19,301,19,301,104.3612
2021A00052440005,11,73,0,0,0,0,0,0,0,0,0,0,0,0,0,0,2,6,2,6,151.2109
2021A00052440010,22,166,0,0,0,0,0,0,0,0,1,3,0,0,0,0,9,18,9,18,98.5174
2021A00052440017,51,345,0,0,0,0,0,0,0,0,2,17,0,0,0,0,21,79,21,79,143.1516
2021A00052440025,25,203,0,0,0,0,0,0,0,0,0,0,0,0,0,0,9,30,9,30,83.095
2021A00052440032,33,191,0,0,2,5,0,0,0,0,1,3,0,0,0,0,13,32,13,32,127.4625
2021A00052440043,173,3035,1,33,3,38,2,25,0,0,0,0,2,11,1,21,13,125,13,125,30.2513
2021A00052440047,122,1485,0,0,5,54,3,22,1,9,2,61,2,48,0,0,22,192,22,192,151.7295
2021A00052441012,22,210,0,0,0,0,0,0,0,0,3,85,0,0,0,0,7,93,7,93,176.9408
2021A00052441020,11,117,0,0,0,0,0,0,0,0,1,3,0,0,0,0,2,6,2,6,141.9367
2021A00052441027,30,437,0,0,0,0,0,0,0,0,0,0,0,0,0,0,8,25,8,25,204.6123
2021A00052441037,0,0,0,0,0,0,0,0,0,0,0,0,0,0,0,0,0,0,0,0,270.628
2021A00052441038,232,2341,0,0,5,34,4,32,1,5,6,167,2,8,0,0,45,327,46,330,296.2498
2021A00052441055,108,1008,2,5,6,45,4,15,1,5,3,25,1,5,0,0,17,104,17,104,81.6433
2021A00052441060,101,2430,0,0,2,113,2,52,0,0,3,81,0,0,0,0,7,349,7,349,7.8394
2021A00052441065,36,304,0,0,1,3,0,0,0,0,2,8,0,0,0,0,8,24,8,24,55.61
2021A00052441070,29,251,0,0,0,0,0,0,0,0,0,0,2,53,0,0,8,67,8,67,234.1266
2021A00052441075,5,19,1,6,1,6,1,6,0,0,0,0,0,0,0,0,2,9,2,9,111.6778
2021A00052441080,11,173,0,0,2,69,0,0,0,0,0,0,0,0,0,0,3,70,3,70,11.4448
2021A00052441085,22,118,0,0,1,1,0,0,0,0,0,0,0,0,0,0,6,16,6,16,243.0124
2021A00052441098,80,1051,0,0,2,11,0,0,0,0,3,97,0,0,0,0,14,153,14,153,215.9455
2021A00052441117,39,269,0,0,1,3,1,3,0,0,0,0,0,0,0,0,8,91,8,91,218.0143
2021A00052442005,95,932,0,0,3,14,1,24,0,0,0,0,1,24,0,0,14,122,14,122,255.1217
2021A00052442020,60,527,1,97,2,99,2,99,1,2,0,0,1,2,0,0,12,143,12,143,97.712
2021A00052442025,145,1414,3,29,7,48,6,103,0,0,2,35,1,75,1,2,12,93,13,168,70.2866
2021A00052442032,45,315,0,0,3,12,1,7,0,0,1,3,0,0,0,0,13,40,13,40,105.6335
2021A00052442040,15,113,1,9,1,2,2,11,0,0,1,3,0,0,0,0,6,20,6,20,60.3623
2021A00052442045,18,162,0,0,1,3,2,8,0,0,2,57,0,0,1,5,5,68,5,68,16.7273
2021A00052442050,26,202,0,0,0,0,0,0,0,0,0,0,0,0,0,0,7,27,7,27,61.8591
2021A00052442055,58,2206,0,0,2,54,1,3,1,3,0,0,0,0,0,0,4,60,4,60,5.4126
2021A00052442060,54,848,2,15,5,163,3,134,0,0,0,0,0,0,0,0,11,79,12,198,80.3932
2021A00052442065,21,250,0,0,1,53,0,0,0,0,0,0,1,53,0,0,7,64,7,64,61.1013
2021A00052442070,3,21,0,0,0,0,0,0,0,0,0,0,0,0,0,0,0,0,0,0,6.107
2021A00052442075,29,598,1,3,1,1,0,0,0,0,0,0,0,0,0,0,9,37,9,37,173.9327
2021A00052442078,10,62,0,0,0,0,0,0,0,0,0,0,0,0,0,0,3,10,3,10,51.2733
2021A00052442088,152,3304,3,80,5,89,2,78,0,0,2,59,1,11,0,0,16,998,18,1076,14.5328
2021A00052442095,51,552,1,13,1,13,1,13,0,0,1,3,0,0,0,0,11,61,11,61,91.6864
2021A00052442098,104,1946,6,408,5,91,4,385,0,0,1,3,1,12,0,0,17,263,18,563,6.9815
2021A00052442100,21,111,0,0,0,0,0,0,0,0,0,0,0,0,0,0,5,18,5,18,118.8463
2021A00052442110,27,352,1,2,2,7,1,3,0,0,1,3,0,0,0,0,13,37,13,37,123.5897
2021A00052443027,4630,84994,35,807,117,3051,80,2727,9,103,22,562,34,731,8,379,278,5042,295,5935,353.3966
2021A00052444003,22,285,0,0,0,0,0,0,0,0,2,139,0,0,0,0,13,167,13,167,131.8306
2021A00052444005,5,35,0,0,0,0,0,0,0,0,1,5,0,0,0,0,2,8,2,8,58.7547
2021A00052444010,17,234,0,0,0,0,0,0,0,0,1,136,0,0,0,0,8,167,8,167,72.1021
2021A00052444015,24,108,0,0,0,0,0,0,0,0,2,5,0,0,0,0,9,34,9,34,166.1533
2021A00052444023,23,141,0,0,1,2,1,2,0,0,1,14,0,0,0,0,10,55,10,55,76.5616
2021A00052444037,394,7590,4,111,8,50,3,20,0,0,7,780,1,15,0,0,83,1316,84,1331,219.4496
2021A00052444045,34,222,0,0,0,0,0,0,0,0,0,0,0,0,0,0,15,50,15,50,99.356
2021A00052444050,10,54,0,0,0,0,0,0,0,0,0,0,0,0,0,0,6,20,6,20,114.5358
2021A00052444055,32,160,1,6,0,0,0,0,0,0,0,0,0,0,0,0,14,45,14,45,101.8446
2021A00052444060,15,97,0,0,0,0,0,0,0,0,0,0,0,0,0,0,2,6,2,6,47.6616
2021A00052444071,148,980,0,0,3,6,1,3,0,0,1,3,1,6,0,0,64,258,64,258,206.5839
2021A00052444080,72,1888,3,265,2,7,4,142,0,0,2,67,1,7,1,2,18,404,19,533,44.0289
2021A00052445008,122,1660,0,0,2,9,3,12,0,0,2,10,7,161,0,0,24,228,24,228,21.9454
2021A00052445020,19,169,0,0,1,2,1,2,0,0,0,0,2,18,0,0,5,30,5,30,74.6777
2021A00052445025,43,241,0,0,1,3,1,3,0,0,1,3,1,4,0,0,11,54,11,54,113.1965
2021A00052445030,82,980,0,0,1,7,0,0,0,0,1,3,1,7,0,0,8,27,8,27,260.7693
2021A00052445035,59,1243,0,0,3,248,3,112,2,26,3,23,2,26,1,86,14,388,14,388,5.5313
2021A00052445043,21,115,0,0,0,0,0,0,0,0,0,0,0,0,0,0,6,18,6,18,60.429
2021A00052445050,53,554,0,0,0,0,0,0,0,0,0,0,0,0,0,0,3,24,3,24,3.3501
2021A00052445055,58,730,0,0,2,4,0,0,0,0,0,0,1,2,0,0,14,136,14,136,71.5975
2021A00052445060,81,439,0,0,0,0,0,0,0,0,0,0,0,0,0,0,7,14,7,14,86.3434
2021A00052445072,959,14605,5,14,28,261,14,239,2,11,12,100,8,89,0,0,75,934,76,937,144.2618
2021A00052445080,2,50,0,0,1,2,0,0,0,0,0,0,0,0,0,0,1,2,1,2,2.1779
2021A00052445085,40,184,0,0,1,2,1,2,0,0,0,0,0,0,0,0,3,6,3,6,73.578
2021A00052445093,103,921,0,0,1,15,1,15,0,0,2,22,0,0,0,0,4,34,4,34,73.5701
2021A00052445095,38,254,0,0,1,27,1,6,0,0,3,12,1,6,0,0,6,46,6,46,79.3934
2021A00052445100,15,81,0,0,1,3,0,0,0,0,0,0,0,0,0,0,2,5,2,5,47.2668
2021A00052445105,27,189,0,0,1,5,1,5,0,0,0,0,1,7,0,0,4,15,4,15,63.1914
2021A00052445115,121,1484,0,0,2,13,1,4,0,0,1,5,0,0,0,0,5,25,5,25,136.1392
2021A00052446005,14,90,0,0,0,0,0,0,0,0,0,0,0,0,0,0,1,11,1,11,26.7192
2021A00052446010,58,625,1,3,2,14,1,2,0,0,0,0,0,0,0,0,18,194,18,194,123.3111
2021A00052446017,45,455,0,0,0,0,0,0,0,0,1,32,0,0,0,0,20,126,20,126,83.1598
2021A00052446025,32,176,0,0,0,0,0,0,0,0,0,0,0,0,0,0,7,32,7,32,40.7667
2021A00052446030,15,153,0,0,0,0,0,0,0,0,0,0,0,0,0,0,7,19,7,19,18.0687
2021A00052446035,104,1766,2,243,9,37,6,39,1,9,2,17,2,16,0,0,22,448,23,455,4.2328
2021A00052446040,32,515,0,0,0,0,1,3,0,0,0,0,2,30,0,0,9,199,9,199,31.9561
2021A00052446045,28,132,0,0,0,0,0,0,0,0,0,0,0,0,0,0,7,18,7,18,49.4129
2021A00052446050,142,1426,1,8,1,6,0,0,0,0,1,15,0,0,0,0,34,285,34,285,193.8622
2021A00052446058,176,1867,0,0,4,50,1,3,0,0,0,0,0,0,0,0,17,84,17,84,245.688
2021A00052446065,16,132,0,0,0,0,0,0,0,0,1,3,0,0,0,0,3,6,3,6,100.9441
2021A00052446070,17,115,0,0,0,0,0,0,0,0,0,0,0,0,0,0,1,9,1,9,11.5612
2021A00052446075,238,3195,0,0,2,489,0,0,0,0,2,35,0,0,0,0,17,631,17,631,206.899
2021A00052446078,506,8291,2,4,17,673,8,107,2,30,3,159,8,311,0,0,43,1044,45,1091,114.05
2021A00052446080,453,7835,3,34,19,322,11,203,1,2,5,163,5,32,1,22,41,621,42,624,46.8747
2021A00052446085,22,222,1,6,0,0,0,0,0,0,0,0,0,0,0,0,5,14,5,14,5.0197
2021A00052446090,54,258,0,0,0,0,0,0,0,0,1,3,0,0,0,0,10,28,10,28,86.917
2021A00052446095,35,169,0,0,0,0,0,0,0,0,1,14,0,0,0,0,18,66,18,66,69.4183
2021A00052446100,29,171,0,0,1,2,1,2,1,2,0,0,1,2,0,0,10,36,10,36,43.8894
2021A00052446105,51,440,0,0,0,0,0,0,0,0,3,167,0,0,0,0,21,218,21,218,55.3264
2021A00052446112,246,3787,3,39,8,111,4,65,2,80,7,101,1,21,1,22,40,391,40,391,92.1181
2021A00052447010,172,2095,2,96,9,103,6,75,0,0,3,21,2,32,0,0,39,295,42,351,50.1231
2021A00052447017,2052,35974,18,383,71,1543,33,863,8,148,8,241,17,247,1,22,163,2917,169,2982,152.6858
2021A00052447025,146,2196,2,30,8,74,6,52,2,27,2,68,3,19,0,0,14,172,16,182,12.2329
2021A00052447030,9,39,0,0,0,0,0,0,0,0,0,0,0,0,0,0,1,2,1,2,5.4607
2021A00052447035,208,1576,1,1,1,9,1,22,0,0,1,3,0,0,0,0,11,65,11,65,117.9909
2021A00052447040,41,211,0,0,0,0,0,0,0,0,2,6,0,0,0,0,13,32,13,32,126.913
2021A00052447047,137,1151,0,0,3,9,3,10,0,0,2,29,1,3,0,0,26,129,27,132,97.6365
2021A00052447055,76,720,2,12,3,14,4,19,1,2,1,6,1,2,0,0,20,114,20,114,72.9599
2021A00052448005,26,122,0,0,1,3,1,3,1,3,0,0,0,0,0,0,11,29,11,29,47.0121
2021A00052448010,91,892,1,2,2,7,3,28,1,5,1,3,2,9,1,21,20,199,20,199,4.9388
2021A00052448015,0,0,0,0,0,0,0,0,0,0,0,0,0,0,0,0,0,0,0,0,148.9338
2021A00052448020,29,171,0,0,1,2,1,2,0,0,1,3,0,0,0,0,15,45,15,45,92.1238
2021A00052448028,241,3808,4,121,8,133,3,33,0,0,2,49,1,3,1,21,37,439,37,439,91.0058
2021A00052448038,109,862,0,0,3,74,0,0,0,0,0,0,2,8,0,0,40,220,40,220,54.7702
2021A00052448045,50,306,0,0,0,0,0,0,0,0,0,0,0,0,0,0,17,64,17,64,82.8186
2021A00052448050,43,265,0,0,1,7,1,7,0,0,0,0,0,0,0,0,13,36,13,36,58.0381
2021A00052449005,52,596,0,0,0,0,1,33,0,0,1,54,1,33,0,0,19,139,19,139,126.2769
2021A00052449015,32,208,0,0,0,0,0,0,0,0,1,3,0,0,0,0,10,26,10,26,92.6403
2021A00052449020,40,184,1,5,2,7,2,7,0,0,1,14,0,0,0,0,16,50,16,50,66.1808
2021A00052449025,42,290,0,0,1,2,1,2,1,2,0,0,1,2,0,0,10,34,10,34,97.5854
2021A00052449030,40,260,0,0,1,2,0,0,0,0,0,0,1,2,0,0,7,72,7,72,110.9862
2021A00052449040,118,1884,3,78,5,117,7,131,0,0,3,146,2,38,1,9,34,364,36,404,98.6289
2021A00052449048,189,3815,6,240,14,606,8,169,1,5,5,114,4,37,1,58,43,1175,46,1207,87.4676
2021A00052449058,2321,44320,24,1581,83,2638,42,1640,7,139,15,246,17,431,3,292,193,5081,198,5321,247.1081
2021A00052449070,168,1476,1,6,7,34,4,31,1,2,2,17,2,20,1,21,30,132,30,132,110.2041
2021A00052449075,79,1196,1,3,3,40,0,0,0,0,0,0,0,0,0,0,11,99,11,99,4.2014
2021A00052449080,38,477,0,0,1,5,1,5,0,0,0,0,0,0,0,0,9,163,9,163,87.4894
2021A00052449085,48,344,1,10,1,10,1,10,0,0,0,0,1,3,0,0,22,80,22,80,70.7869
2021A00052449095,58,422,2,44,7,63,3,40,1,5,0,0,1,5,0,0,13,75,13,75,57.4973
2021A00052449100,49,283,0,0,1,2,1,2,1,2,0,0,1,2,0,0,8,21,8,21,48.2935
2021A00052449105,49,702,0,0,2,7,1,2,0,0,3,62,0,0,0,0,12,252,12,252,75.8409
2021A00052449113,60,759,1,5,2,9,1,5,0,0,0,0,0,0,0,0,14,42,14,42,87.9129
2021A00052449125,49,439,0,0,1,11,1,11,0,0,1,7,1,56,0,0,20,126,20,126,78.7206
2021A00052449130,18,162,0,0,1,1,0,0,0,0,0,0,0,0,0,0,8,20,8,20,51.2745
2021A00052450005,50,514,0,0,6,44,3,7,2,4,0,0,2,4,0,0,12,54,13,57,86.3016
2021A00052450013,9,55,0,0,1,2,1,2,1,2,0,0,1,2,0,0,4,14,4,14,26.2005
2021A00052450023,49,411,0,0,1,48,0,0,0,0,0,0,0,0,0,0,18,118,18,118,79.5667
2021A00052450030,23,388,0,0,2,102,1,73,0,0,2,14,0,0,0,0,4,116,4,116,1.4128
2021A00052450035,25,151,0,0,0,0,0,0,0,0,2,14,0,0,0,0,15,51,15,51,76.9924
2021A00052450042,90,1967,1,252,6,434,3,294,0,0,0,0,4,71,0,0,22,552,24,594,82.546
2021A00052450050,61,483,0,0,1,2,0,0,0,0,0,0,1,2,0,0,26,68,26,68,71.5103
2021A00052450057,23,181,1,10,2,35,2,35,0,0,0,0,0,0,0,0,13,66,13,66,58.1023
2021A00052450065,19,121,0,0,1,9,2,16,1,9,0,0,1,9,0,0,7,36,8,43,27.2189
2021A00052450072,278,5642,2,52,6,76,1,49,0,0,1,70,1,2,0,0,34,347,34,347,96.1132
2021A00052450085,22,90,0,0,0,0,0,0,0,0,0,0,0,0,0,0,13,36,13,36,42.6468
2021A00052450090,54,338,0,0,0,0,0,0,0,0,1,11,0,0,0,0,28,103,28,103,71.9423
2021A00052450095,22,90,0,0,0,0,0,0,0,0,0,0,0,0,0,0,12,50,12,50,40.5339
2021A00052450100,64,428,0,0,0,0,0,0,0,0,0,0,1,6,0,0,30,135,30,135,96.7761
2021A00052450113,65,1154,2,76,2,11,2,11,1,9,1,3,1,9,1,35,15,116,15,116,77.7065
2021A00052450128,55,612,1,115,1,2,1,2,0,0,2,17,1,12,1,115,9,155,9,155,63.8007
2021A00052450802,9,207,0,0,0,0,0,0,0,0,0,0,0,0,0,0,0,0,0,0,5.6083
2021A00052451008,73,495,0,0,1,12,0,0,0,0,1,33,0,0,0,0,17,76,17,76,73.3118
2021A00052451015,320,6213,3,14,14,593,9,238,0,0,7,184,3,33,1,2,45,987,49,1026,62.589
2021A00052451020,105,1477,1,3,2,334,4,347,0,0,1,6,2,339,0,0,23,63,25,402,106.3923
2021A00052451025,32,319,0,0,1,120,1,7,0,0,0,0,1,7,0,0,8,158,9,165,58.9367
2021A00052451030,18,106,0,0,0,0,0,0,0,0,0,0,0,0,0,0,7,42,7,42,31.8506
2021A00052451035,32,252,0,0,0,0,0,0,0,0,0,0,0,0,0,0,15,53,15,53,75.973
2021A00052451040,44,260,0,0,0,0,0,0,0,0,0,0,0,0,0,0,14,55,14,55,67.8295
2021A00052451045,23,145,0,0,0,0,0,0,0,0,0,0,0,0,0,0,11,25,11,25,78.9563
2021A00052451050,26,210,0,0,0,0,0,0,0,0,0,0,0,0,0,0,1,3,1,3,52.824
2021A00052451055,22,313,0,0,1,4,1,4,0,0,0,0,0,0,0,0,6,74,6,74,37.7345
2021A00052451060,55,979,0,0,0,0,1,26,0,0,1,26,0,0,0,0,10,64,10,64,95.4055
2021A00052451065,67,1218,0,0,1,20,0,0,0,0,1,11,0,0,0,0,7,50,7,50,1035.7369
2021A00052451070,37,307,0,0,1,4,1,4,0,0,0,0,0,0,0,0,1,4,1,4,218.8453
2021A00052451075,50,705,0,0,2,8,1,7,0,0,1,7,0,0,0,0,6,26,6,26,116.8406
2021A00052451080,34,326,0,0,0,0,0,0,0,0,0,0,1,4,0,0,2,6,2,6,41.9038
2021A00052451085,134,1221,4,12,2,5,1,2,0,0,1,14,0,0,0,0,20,195,20,195,107.415
2021A00052451090,127,1455,0,0,3,16,1,11,0,0,1,33,0,0,0,0,12,76,12,76,104.5372
2021A00052452007,430,5236,0,0,2,36,1,3,0,0,4,65,1,3,0,0,26,306,26,306,68.22
2021A00052452017,158,2007,3,67,5,148,7,339,0,0,0,0,3,216,0,0,23,256,25,439,102.7361
2021A00052452030,52,288,0,0,1,5,1,5,0,0,0,0,1,12,0,0,23,73,23,73,82.9957
2021A00052452035,281,5363,2,34,12,168,7,94,1,5,4,87,2,11,0,0,35,561,35,561,6.7711
2021A00052452040,0,0,0,0,0,0,0,0,0,0,0,0,0,0,0,0,0,0,0,0,67.0273
2021A00052452045,34,242,0,0,0,0,0,0,0,0,1,26,0,0,0,0,4,33,4,33,31.9011
2021A00052452050,11,49,0,0,0,0,0,0,0,0,0,0,0,0,0,0,5,9,5,9,28.146
2021A00052452055,67,617,0,0,0,0,0,0,0,0,1,7,0,0,0,0,16,48,16,48,105.3601
2021A00052452062,65,890,0,0,0,0,0,0,0,0,0,0,0,0,0,0,29,235,29,235,131.7194
2021A00052452070,34,286,1,2,1,2,0,0,0,0,0,0,0,0,0,0,9,32,9,32,74.6025
2021A00052452075,13,75,0,0,0,0,0,0,0,0,0,0,0,0,0,0,4,9,4,9,15.3417
2021A00052452080,0,0,0,0,0,0,0,0,0,0,0,0,0,0,0,0,0,0,0,0,2.8068
2021A00052452085,172,2135,3,50,3,110,3,83,1,44,3,16,2,46,1,12,29,295,29,295,99.2277
2021A00052452090,24,100,0,0,0,0,0,0,0,0,0,0,0,0,0,0,5,11,5,11,99.5995
2021A00052452095,61,439,0,0,0,0,0,0,0,0,0,0,0,0,0,0,3,9,3,9,318.2133
2021A00052453005,36,172,0,0,1,2,1,2,1,2,0,0,1,2,0,0,19,56,19,56,92.9735
2021A00052453010,25,203,0,0,0,0,0,0,0,0,0,0,1,3,0,0,6,30,6,30,1.5496
2021A00052453015,19,129,0,0,0,0,0,0,0,0,0,0,0,0,0,0,9,24,9,24,60.5343
2021A00052453020,52,500,0,0,1,8,0,0,0,0,2,6,1,12,0,0,13,44,13,44,64.9665
2021A00052453025,65,579,0,0,0,0,0,0,0,0,1,7,0,0,0,0,8,23,8,23,75.2632
2021A00052453032,65,662,0,0,1,15,2,106,0,0,0,0,1,15,0,0,13,127,14,142,59.2299
2021A00052453040,52,364,0,0,1,5,0,0,0,0,0,0,0,0,0,0,5,37,5,37,34.439
2021A00052453050,15,552,0,0,1,34,2,346,0,0,0,0,2,346,0,0,1,312,2,346,1.3577
2021A00052453052,877,17025,2,28,10,87,7,134,2,30,3,119,8,352,1,27,34,666,37,751,57.2759
2021A00052453065,41,327,0,0,0,0,0,0,0,0,0,0,0,0,0,0,2,2,2,2,36.4103
2021A00052453072,38,286,0,0,2,4,2,4,1,2,0,0,1,2,0,0,10,23,10,23,72.8169
2021A00052453085,12,108,0,0,0,0,0,0,0,0,0,0,0,0,0,0,7,23,7,23,38.3159
2021A00052454008,181,2038,1,55,13,502,5,86,3,69,6,175,5,75,0,0,57,777,57,777,107.4232
2021A00052454017,126,2229,0,0,4,319,1,4,0,0,3,302,2,15,0,0,37,637,37,637,79.6519
2021A00052454025,189,1683,1,1,2,8,1,14,0,0,3,13,1,14,0,0,28,108,28,108,5.363
2021A00052454030,0,0,0,0,0,0,0,0,0,0,0,0,0,0,0,0,0,0,0,0,50.0366
2021A00052454035,125,1349,0,0,0,0,0,0,0,0,0,0,0,0,0,0,25,188,25,188,94.3939
2021A00052454048,1846,39835,11,305,45,1245,34,837,3,111,17,175,13,290,1,46,173,3055,180,3351,188.8511
2021A00052454060,115,1005,0,0,2,4,3,39,0,0,1,70,1,35,0,0,29,197,30,232,70.5252
2021A00052454065,110,914,2,3,5,45,5,57,2,10,3,13,2,10,1,43,42,182,42,182,106.9223
2021A00052454072,100,876,1,1,2,12,1,11,0,0,1,11,0,0,0,0,20,73,20,73,73.8236
2021A00052454090,58,550,0,0,2,5,1,3,0,0,0,0,0,0,0,0,17,51,17,51,69.0489
2021A00052454095,88,1211,1,2,2,17,2,17,0,0,0,0,1,15,0,0,20,45,21,60,72.4097
2021A00052454100,63,401,0,0,2,5,2,5,0,0,0,0,1,3,0,0,21,49,22,52,84.641
2021A00052454105,52,384,1,10,2,12,2,12,0,0,1,3,0,0,0,0,18,68,18,68,57.1977
2021A00052454110,53,626,0,0,0,0,1,5,0,0,0,0,2,11,0,0,14,40,14,40,77.3341
2021A00052454115,31,181,0,0,0,0,0,0,0,0,2,6,0,0,0,0,9,27,9,27,66.0502
2021A00052454120,33,259,0,0,1,14,0,0,0,0,0,0,0,0,0,0,9,38,9,38,47.2102
2021A00052454125,27,221,0,0,0,0,0,0,0,0,0,0,0,0,0,0,9,30,9,30,51.2721
2021A00052455008,125,1934,1,6,1,6,3,37,0,0,1,26,0,0,0,0,42,263,42,263,90.213
2021A00052455015,134,1836,1,91,2,5,4,105,0,0,2,9,1,3,2,96,40,397,41,400,79.6045
2021A00052455023,199,3408,3,26,5,218,4,175,1,2,0,0,1,35,0,0,35,524,37,562,83.062
2021A00052455030,51,425,0,0,1,1,0,0,0,0,0,0,0,0,0,0,13,42,13,42,44.7964
2021A00052455037,122,2628,0,0,3,227,1,72,0,0,1,3,1,72,0,0,26,381,27,453,43.9103
2021A00052455048,311,4491,4,32,12,519,12,730,4,339,2,6,3,350,2,19,36,1026,36,1026,63.2313
2021A00052455057,176,2889,0,0,3,356,2,341,0,0,3,88,0,0,0,0,11,104,12,443,30.9643
2021A00052455065,140,1023,2,97,1,6,2,97,0,0,1,7,0,0,1,91,11,145,11,145,47.0229
2021A00052456005,60,492,0,0,0,0,0,0,0,0,0,0,0,0,0,0,2,7,2,7,13.1275
2021A00052456010,23,109,0,0,0,0,0,0,0,0,0,0,0,0,0,0,7,28,7,28,63.0581
2021A00052456015,31,321,0,0,1,4,0,0,0,0,0,0,0,0,0,0,8,31,8,31,44.278
2021A00052456023,101,1305,2,133,3,148,3,148,0,0,1,15,0,0,0,0,13,170,13,170,49.411
2021A00052456030,19,97,0,0,0,0,0,0,0,0,0,0,0,0,0,0,10,42,10,42,39.2719
2021A00052456035,69,690,0,0,0,0,0,0,0,0,1,3,0,0,0,0,7,27,7,27,29.8486
2021A00052456042,63,780,0,0,0,0,0,0,0,0,0,0,2,15,0,0,20,99,20,99,64.824
2021A00052456050,34,190,0,0,0,0,0,0,0,0,0,0,0,0,0,0,12,32,12,32,63.2938
2021A00052456055,89,706,0,0,0,0,1,10,1,10,0,0,0,0,0,0,30,103,30,103,76.2689
2021A00052456060,62,378,1,2,2,9,1,2,0,0,1,7,0,0,0,0,13,42,13,42,44.6529
2021A00052456065,75,477,0,0,0,0,0,0,0,0,0,0,1,12,0,0,17,72,17,72,69.5351
2021A00052456083,2764,45887,17,625,49,2110,31,1351,5,133,19,577,16,422,2,80,166,3685,171,3877,226.9333
2021A00052456097,122,1468,0,0,2,9,1,2,0,0,1,3,1,12,0,0,24,264,24,264,79.8295
2021A00052456105,69,522,0,0,0,0,1,3,0,0,1,3,1,3,0,0,18,65,19,68,70.515
2021A00052457005,853,12212,4,44,27,559,14,237,2,6,7,76,11,255,0,0,48,738,53,877,25.0809
2021A00052457010,411,3400,4,74,6,36,4,26,0,0,1,6,0,0,0,0,16,116,17,131,62.0694
2021A00052457020,373,4036,1,1,4,8,2,5,0,0,1,3,0,0,0,0,19,49,19,49,35.8423
2021A00052457025,132,1203,0,0,2,5,1,2,0,0,0,0,0,0,0,0,3,8,3,8,3.1176
2021A00052457030,176,1028,0,0,1,3,0,0,0,0,1,3,1,7,0,0,4,16,4,16,5.3726
2021A00052457033,126,1616,0,0,3,36,1,21,1,21,0,0,1,21,0,0,20,217,20,217,72.3625
2021A00052457035,631,7651,1,2,10,108,8,48,0,0,3,39,1,7,0,0,25,237,26,244,44.0831
2021A00052457040,784,12389,9,443,15,276,7,151,0,0,4,16,2,75,4,348,34,837,37,917,24.3772
2021A00052457045,243,3201,3,6,14,153,11,170,0,0,3,115,4,45,0,0,32,399,33,433,39.3941
2021A00052457050,95,517,0,0,0,0,0,0,0,0,2,5,0,0,0,0,12,48,12,48,60.9211
2021A00052457057,90,594,0,0,2,5,2,5,1,2,0,0,1,2,0,0,16,54,16,54,64.9136
2021A00052457068,88,967,0,0,3,79,1,2,0,0,0,0,0,0,0,0,16,114,16,114,84.64
2021A00052457075,56,420,1,5,1,5,0,0,0,0,0,0,0,0,0,0,10,45,10,45,65.6656
2021A00052458007,2821,46539,8,179,27,383,10,115,0,0,4,88,11,53,2,14,52,583,56,610,45.1915
2021A00052458012,824,9134,2,14,5,48,3,46,0,0,0,0,1,6,1,10,11,144,12,178,7.5623
2021A00052458033,1732,42412,20,904,81,2553,33,1102,6,163,14,309,17,611,1,22,133,3669,138,3968,71.0215
2021A00052458037,989,22091,9,590,25,1337,13,881,1,21,4,182,6,201,0,0,45,1651,50,1901,42.848
2021A00052458227,5606,95931,30,1037,118,3926,61,2000,6,62,14,169,36,905,4,127,224,5291,241,6027,115.7677
2021A00052459010,877,13355,8,193,28,858,17,436,4,23,4,187,5,65,1,21,42,757,46,985,48.4919
2021A00052459015,277,2305,3,20,4,27,3,12,0,0,0,0,1,4,1,5,19,91,19,91,36.7712
2021A00052459020,643,13481,3,57,21,828,12,317,2,41,2,6,16,690,0,0,46,1267,51,1419,94.7985
2021A00052459025,168,1883,3,10,7,55,3,10,0,0,2,21,0,0,0,0,25,115,25,115,72.6326
2021A00052459030,31,185,0,0,1,3,1,3,0,0,0,0,1,3,0,0,5,8,6,11,32.2045
2021A00052459035,222,4254,2,6,4,23,5,615,0,0,0,0,7,643,0,0,16,694,16,694,62.1981
2021A00052460005,101,1652,0,0,1,15,1,15,0,0,0,0,1,15,0,0,0,0,1,15,2.1685
2021A00052460013,2123,28242,2,97,31,682,26,769,6,351,12,289,8,416,1,91,78,1069,81,1116,61.517
2021A00052460020,124,836,0,0,3,14,1,7,0,0,1,3,2,11,0,0,12,32,13,39,36.172
2021A00052460028,687,9175,6,79,16,224,13,217,2,7,9,221,3,14,0,0,57,540,58,547,98.7365
2021A00052460037,237,1986,1,1,2,5,2,5,0,0,0,0,1,3,0,0,21,120,22,123,56.5656
2021A00052461005,152,1631,0,0,3,27,4,10,0,0,2,6,0,0,0,0,19,80,19,80,49.1138
2021A00052461013,79,1316,0,0,0,0,0,0,0,0,0,0,0,0,0,0,3,529,3,529,25.0615
2021A00052461020,19,169,0,0,0,0,1,15,0,0,0,0,1,15,0,0,4,18,5,33,9.68
2021A00052461025,968,20908,7,642,13,195,13,211,1,10,5,39,2,21,1,35,44,1235,45,1242,22.9646
2021A00052461027,135,2312,1,10,2,13,6,118,0,0,2,6,1,7,0,0,22,181,24,191,94.5704
2021A00052461030,238,2957,0,0,3,27,3,26,1,21,2,6,1,21,1,2,10,54,10,54,18.103
2021A00052461035,370,5502,1,3,3,9,3,9,0,0,1,35,1,3,0,0,6,70,8,76,18.4831
2021A00052461040,152,1260,0,0,1,3,0,0,0,0,2,42,0,0,0,0,24,121,24,121,67.732
2021A00052461045,78,466,0,0,4,7,4,12,2,4,1,6,3,6,0,0,8,17,8,17,35.5944
2021A00052461050,101,994,0,0,2,6,1,26,0,0,3,47,0,0,0,0,20,108,20,108,76.1029
2021A00052462007,263,3290,4,61,8,138,7,124,0,0,2,10,1,35,1,2,47,256,49,306,88.3995
2021A00052462015,168,1897,0,0,1,2,1,3,0,0,4,16,0,0,0,0,16,52,16,52,109.4905
2021A00052462020,53,307,0,0,0,0,0,0,0,0,0,0,0,0,0,0,3,15,3,15,82.9647
2021A00052462025,81,639,0,0,1,3,1,3,0,0,2,6,0,0,0,0,5,12,5,12,97.5401
2021A00052462030,44,292,0,0,1,3,0,0,0,0,1,3,0,0,0,0,4,12,4,12,34.5245
2021A00052462037,354,4388,0,0,7,48,2,36,1,21,3,13,1,21,0,0,34,118,35,133,185.3816
2021A00052462047,89,823,0,0,0,0,0,0,0,0,2,71,0,0,0,0,4,73,4,73,286.0549
2021A00052462053,28,208,0,0,0,0,0,0,0,0,0,0,0,0,0,0,1,1,1,1,48.7107
2021A00052462055,29,255,0,0,1,2,0,0,0,0,0,0,0,0,0,0,3,5,3,5,248.5758
2021A00052462060,196,1967,0,0,0,0,0,0,0,0,1,3,0,0,0,0,4,61,4,61,350.1659
2021A00052462065,98,1132,0,0,1,2,1,2,0,0,2,5,0,0,0,0,7,61,7,61,164.8876
2021A00052462070,50,462,0,0,1,3,1,3,0,0,2,35,1,3,0,0,4,38,5,41,150.0817
2021A00052462075,60,524,0,0,1,4,1,2,0,0,1,3,0,0,0,0,8,27,8,27,252.275
2021A00052462080,51,429,0,0,0,0,0,0,0,0,2,6,0,0,0,0,2,6,2,6,460.405
2021A00052462085,128,1766,0,0,2,4,1,3,0,0,1,136,0,0,0,0,5,144,5,144,493.9209
2021A00052462802,11,588,0,0,0,0,0,0,0,0,0,0,0,0,0,0,0,0,0,0,8.0262
2021A00052462902,0,0,0,0,0,0,0,0,0,0,0,0,0,0,0,0,0,0,0,0,80.5914
2021A00052462904,0,0,0,0,0,0,0,0,0,0,0,0,0,0,0,0,0,0,0,0,100.7068
2021A00052462906,0,0,0,0,0,0,0,0,0,0,0,0,0,0,0,0,0,0,0,0,1938.1802
2021A00052462908,1,3,0,0,0,0,0,0,0,0,0,0,0,0,0,0,0,0,0,0,759.1217
2021A00052462910,0,0,0,0,0,0,0,0,0,0,0,0,0,0,0,0,0,0,0,0,693.5758
2021A00052462912,0,0,0,0,0,0,0,0,0,0,0,0,0,0,0,0,0,0,0,0,752.7845
2021A00052462914,0,0,0,0,0,0,0,0,0,0,0,0,0,0,0,0,0,0,0,0,224.7785
2021A00052462916,0,0,0,0,0,0,0,0,0,0,0,0,0,0,0,0,0,0,0,0,12.2082
2021A00052462918,0,0,0,0,0,0,0,0,0,0,0,0,0,0,0,0,0,0,0,0,1261.6557
2021A00052462919,0,0,0,0,0,0,0,0,0,0,0,0,0,0,0,0,0,0,0,0,4.7001
2021A00052462920,0,0,0,0,0,0,0,0,0,0,0,0,0,0,0,0,0,0,0,0,527.584
2021A00052462922,0,0,0,0,0,0,0,0,0,0,0,0,0,0,0,0,0,0,0,0,5.8621
2021A00052463005,40,256,0,0,0,0,0,0,0,0,0,0,1,6,0,0,11,28,11,28,33.7936
2021A00052463013,176,1942,2,13,4,156,3,66,0,0,2,10,0,0,1,10,32,257,32,257,67.1696
2021A00052463023,79,939,1,10,3,13,2,12,0,0,1,26,0,0,0,0,25,86,25,86,43.0085
2021A00052463030,121,2026,1,14,1,2,1,2,0,0,0,0,0,0,0,0,30,200,30,200,54.1881
2021A00052463035,273,3602,0,0,12,119,8,79,1,5,7,130,8,67,0,0,47,394,52,451,80.0608
2021A00052463040,16,124,0,0,0,0,0,0,0,0,0,0,0,0,0,0,9,19,9,19,20.1439
2021A00052463048,580,6096,1,2,5,32,7,152,2,20,6,166,2,20,0,0,36,352,36,352,118.2861
2021A00052463055,121,1105,1,3,0,0,0,0,0,0,1,150,0,0,0,0,2,153,2,153,142.626
2021A00052463060,277,2660,0,0,3,33,3,16,0,0,2,21,2,10,0,0,18,84,20,94,99.4201
2021A00052463065,66,741,0,0,3,102,0,0,0,0,0,0,0,0,0,0,15,126,15,126,50.8811
2021A00052464008,3384,48010,20,376,73,1610,63,1980,8,96,25,916,29,1019,6,137,189,2807,207,3955,153.7581
2021A00052464015,1397,16407,3,8,19,91,14,72,1,2,8,62,5,18,1,5,49,278,54,301,106.8932
2021A00052465005,12228,198284,51,1406,220,6468,104,3218,13,141,46,604,59,1996,8,565,476,8531,501,10644,246.1349
2021A00052466007,234,9084,1,4,12,671,9,436,1,75,0,0,12,647,0,0,28,1267,32,1375,12.1514
2021A00052466023,52873,1071934,222,6241,933,24277,428,10179,50,685,146,3339,254,4623,14,256,2076,42522,2176,45065,364.7362
2021A00052466032,1599,20525,1,2,6,19,2,4,0,0,1,75,2,16,1,2,24,172,24,172,4.0441
2021A00052466047,206,1573,0,0,4,21,1,4,0,0,0,0,0,0,0,0,4,21,4,21,1.3684
2021A00052466058,936,8756,1,6,7,14,2,4,0,0,0,0,0,0,0,0,14,44,14,44,7.0363
2021A00052466062,382,2116,0,0,0,0,0,0,0,0,0,0,0,0,0,0,1,2,1,2,1.7942
2021A00052466072,1613,23284,6,137,22,506,8,99,0,0,0,0,4,38,0,0,50,1092,52,1096,7.5459
2021A00052466087,1118,34654,12,411,54,3039,21,959,3,333,11,175,8,368,0,0,95,3506,96,3540,20.9131
2021A00052466092,0,0,0,0,0,0,0,0,0,0,0,0,0,0,0,0,0,0,0,0,0.1939
2021A00052466097,1442,33761,8,214,56,3101,22,1165,5,255,3,325,22,865,0,0,91,4322,99,4766,18.91
2021A00052466102,752,14154,3,59,16,885,7,99,3,62,2,22,6,93,0,0,24,941,24,941,9.6485
2021A00052466107,474,3823,1,12,4,20,3,16,1,2,0,0,0,0,0,0,9,39,9,39,11.0309
2021A00052466112,205,7003,5,212,18,1022,14,664,4,67,2,41,9,307,1,2,30,1487,34,1762,6.0333
2021A00052466117,145,3894,3,197,6,276,3,25,0,0,0,0,1,8,0,0,9,280,9,280,10.4558
2021A00052466127,33,678,1,22,0,0,1,22,0,0,0,0,0,0,1,22,5,32,5,32,7.4457
2021A00052466142,1234,14547,5,58,17,148,7,45,2,24,0,0,3,29,0,0,34,488,34,488,14.9843
2021A00052467005,75,592,1,2,0,0,1,2,0,0,0,0,0,0,1,2,8,183,8,183,31.4115
2021A00052467010,191,1755,1,3,4,9,2,5,1,2,0,0,1,2,0,0,16,60,16,60,61.9572
2021A00052467015,762,8927,4,22,14,178,8,159,2,25,1,3,3,39,1,10,21,214,24,254,43.4704
2021A00052467020,570,11894,2,23,15,323,5,285,3,119,0,0,6,250,0,0,26,1601,27,1750,17.2739
2021A00052467025,379,5519,2,30,22,354,14,307,3,18,8,587,11,195,0,0,43,830,47,982,7.6433
2021A00052467030,358,5554,2,7,8,110,10,186,0,0,2,10,5,118,1,5,15,553,20,678,9.3696
2021A00052467035,576,7458,1,23,6,87,1,18,0,0,2,6,0,0,0,0,24,407,24,407,57.0617
2021A00052467040,121,1581,1,3,4,44,5,46,0,0,2,42,0,0,0,0,23,188,23,188,52.2871
2021A00052467045,355,4158,1,3,6,27,4,30,0,0,1,3,0,0,2,24,23,112,23,112,45.9629
2021A00052467050,1041,16088,1,22,15,367,14,389,3,229,5,23,6,286,2,24,38,626,41,683,34.3061
2021A00052467055,78,746,1,2,0,0,1,2,0,0,0,0,0,0,1,2,2,14,2,14,10.3619
2021A00052467802,60,2559,0,0,1,3,0,0,0,0,0,0,0,0,0,0,3,16,3,16,49.3362
2021A00052468005,73,810,0,0,1,2,1,6,0,0,2,114,0,0,0,0,22,159,22,159,113.3562
2021A00052468010,37,447,0,0,0,0,0,0,0,0,0,0,0,0,0,0,0,0,0,0,1.0689
2021A00052468015,67,1023,0,0,1,90,0,0,0,0,1,3,0,0,0,0,19,192,19,192,157.2238
2021A00052468020,90,2278,0,0,0,0,0,0,0,0,0,0,0,0,0,0,9,18,9,18,78.2055
2021A00052468025,118,2338,0,0,1,129,0,0,0,0,1,3,0,0,0,0,22,174,22,174,92.5509
2021A00052468030,158,2533,0,0,2,9,0,0,0,0,2,18,2,64,0,0,11,203,11,203,4.5001
2021A00052468035,107,1188,2,24,2,30,4,37,1,7,2,37,1,12,0,0,20,110,20,110,97.7526
2021A00052468040,71,553,0,0,0,0,0,0,0,0,0,0,1,27,0,0,14,52,14,52,67.1845
2021A00052468045,70,562,0,0,2,7,2,5,0,0,0,0,1,3,0,0,16,36,16,36,52.6816
2021A00052468050,167,2127,0,0,2,18,0,0,0,0,0,0,1,67,0,0,16,119,16,119,59.8226
2021A00052468055,313,5861,1,10,8,135,4,49,0,0,2,38,3,40,0,0,36,332,37,335,78.1759
2021A00052469005,31,285,0,0,0,0,0,0,0,0,0,0,0,0,0,0,8,121,8,121,88.6954
2021A00052469010,62,944,1,3,4,73,2,7,0,0,0,0,0,0,0,0,27,225,27,225,112.3273
2021A00052469017,102,1507,0,0,2,3,2,13,0,0,2,46,1,12,0,0,23,117,23,117,100.198
2021A00052469025,57,295,0,0,0,0,0,0,0,0,0,0,0,0,0,0,17,67,17,67,0.9604
2021A00052469030,0,0,0,0,0,0,0,0,0,0,0,0,0,0,0,0,0,0,0,0,97.1638
2021A00052469037,135,1524,0,0,0,0,0,0,0,0,2,10,1,2,0,0,21,75,21,75,142.2364
2021A00052469045,48,440,1,3,1,3,1,3,0,0,0,0,0,0,0,0,16,93,16,93,148.359
2021A00052469050,17,75,0,0,0,0,0,0,0,0,1,3,0,0,0,0,9,24,9,24,69.3508
2021A00052469055,98,1336,1,3,4,81,4,81,1,3,2,87,0,0,0,0,12,191,12,191,2.7657
2021A00052469060,39,265,0,0,1,2,0,0,0,0,0,0,0,0,0,0,18,56,18,56,138.6553
2021A00052469065,61,319,0,0,0,0,0,0,0,0,0,0,1,6,0,0,7,22,7,22,40.137
2021A00052469070,85,763,0,0,1,3,1,75,0,0,0,0,1,75,0,0,22,75,23,150,135.0312
2021A00052469075,8,56,1,6,1,6,1,6,0,0,0,0,0,0,0,0,6,21,6,21,68.4072
2021A00052469802,7,767,0,0,0,0,0,0,0,0,0,0,0,0,0,0,0,0,0,0,23.7926
2021A00052470005,59,517,0,0,1,3,0,0,0,0,2,38,1,3,0,0,20,81,20,81,53.2803
2021A00052470012,198,2383,0,0,2,9,2,9,1,2,3,17,1,2,0,0,30,200,31,207,63.0572
2021A00052470022,306,4959,3,27,6,46,2,7,1,5,1,11,5,198,1,3,23,283,23,283,68.2196
2021A00052470030,43,233,0,0,0,0,0,0,0,0,1,7,1,3,0,0,8,26,8,26,40.6276
2021A00052470035,85,1066,1,11,3,24,2,14,0,0,1,350,0,0,0,0,23,487,23,487,77.0425
2021A00052470040,71,489,0,0,1,3,1,3,0,0,1,3,0,0,0,0,11,34,11,34,57.6943
2021A00052470052,1115,20397,3,121,17,923,12,513,1,202,10,176,7,424,0,0,61,1415,64,1472,108.5597
2021A00052471005,94,678,0,0,1,7,0,0,0,0,1,32,0,0,0,0,5,57,5,57,18.4812
2021A00052471015,28,160,0,0,0,0,0,0,0,0,0,0,0,0,0,0,7,25,7,25,60.095
2021A00052471020,92,1171,0,0,3,17,0,0,0,0,0,0,1,12,0,0,19,128,19,128,69.8793
2021A00052471025,182,1851,0,0,0,0,0,0,0,0,1,3,0,0,0,0,5,19,5,19,25.0446
2021A00052471033,137,1179,1,3,4,84,2,10,0,0,0,0,1,71,0,0,6,33,7,104,11.636
2021A00052471040,221,3513,0,0,1,4,3,18,1,10,0,0,1,3,1,5,24,307,24,307,46.8741
2021A00052471045,76,540,0,0,0,0,1,35,0,0,0,0,2,41,0,0,13,27,14,62,39.3178
2021A00052471050,209,2140,1,2,4,39,2,30,0,0,2,61,1,15,0,0,19,121,21,151,77.6283
2021A00052471055,18,122,0,0,0,0,0,0,0,0,0,0,0,0,0,0,0,0,0,0,2.7441
2021A00052471060,237,2939,0,0,1,1,0,0,0,0,0,0,0,0,0,0,5,10,5,10,5.4637
2021A00052471065,246,3268,4,20,6,26,6,36,1,2,0,0,2,5,2,5,17,74,18,86,28.0579
2021A00052471070,227,2572,0,0,1,4,1,4,0,0,0,0,0,0,0,0,1,4,1,4,7.0985
2021A00052471075,30,329,0,0,0,0,0,0,0,0,0,0,0,0,0,0,1,6,1,6,1.0587
2021A00052471083,1442,22113,7,73,30,790,14,154,2,11,4,87,7,211,1,2,65,1420,66,1427,72.654
2021A00052471090,35,205,1,2,2,4,1,2,0,0,0,0,0,0,0,0,3,10,3,10,1.3845
2021A00052471095,4,16,0,0,0,0,0,0,0,0,0,0,0,0,0,0,0,0,0,0,0.5859
2021A00052471100,199,1609,0,0,1,2,1,2,0,0,0,0,0,0,0,0,6,20,6,20,21.7864
2021A00052471105,627,4559,1,2,7,26,4,12,1,2,6,36,2,6,0,0,28,146,28,146,66.8615
2021A00052471110,59,513,0,0,0,0,0,0,0,0,0,0,0,0,0,0,11,27,11,27,79.5995
2021A00052471115,40,204,0,0,2,14,1,9,1,9,1,3,1,9,0,0,11,49,11,49,84.5866
2021A00052471125,25,127,0,0,0,0,0,0,0,0,0,0,0,0,0,0,3,8,3,8,26.0566
2021A00052471133,265,3938,0,0,4,47,2,35,1,2,0,0,1,2,0,0,23,211,23,211,99.2028
2021A00052471140,27,165,0,0,0,0,0,0,0,0,0,0,0,0,0,0,2,4,2,4,8.0908
2021A00052472005,1480,27294,9,723,31,338,18,189,3,11,10,182,12,156,1,548,102,2116,105,2200,70.514
2021A00052472010,257,2457,0,0,1,2,1,2,0,0,2,6,0,0,0,0,6,18,6,18,6.0774
2021A00052472015,317,2864,0,0,2,7,3,42,0,0,1,3,1,35,0,0,6,15,7,50,8.7312
2021A00052472020,112,1206,0,0,0,0,0,0,0,0,0,0,0,0,0,0,2,5,2,5,4.5923
2021A00052472025,280,2606,2,5,5,16,4,14,0,0,3,17,0,0,0,0,38,428,38,428,41.2187
2021A00052472032,173,2280,0,0,1,15,0,0,0,0,0,0,0,0,0,0,23,207,23,207,56.9904
2021A00052472043,60,523,0,0,0,0,0,0,0,0,0,0,0,0,0,0,12,80,12,80,42.8875
2021A00052472802,0,0,0,0,0,0,0,0,0,0,0,0,0,0,0,0,0,0,0,0,11.8635
2021A00052473005,1038,22132,11,623,45,2317,14,919,2,8,5,174,6,125,2,96,89,3392,93,3780,27.6736
2021A00052473010,766,13276,1,548,10,38,3,20,0,0,6,64,0,0,1,548,31,1000,31,1000,9.4799
2021A00052473015,1977,25961,11,139,50,770,31,371,4,10,10,141,17,165,2,14,91,1219,97,1346,54.9693
2021A00052473020,674,8799,0,0,1,3,1,3,0,0,2,6,2,10,0,0,7,22,7,22,10.6844
2021A00052473025,274,1890,0,0,4,26,2,22,0,0,0,0,0,0,0,0,6,20,8,42,5.9024
2021A00052473030,241,3716,4,89,12,196,7,108,1,9,0,0,5,53,0,0,18,270,21,341,4.3643
2021A00052473035,390,4513,3,19,10,97,7,100,0,0,2,34,2,93,0,0,35,496,36,571,93.4449
2021A00052474005,2090,33447,6,59,54,3020,39,468,8,85,21,229,14,136,4,62,217,4162,219,4200,484.0947
2021A00052475005,473,3098,0,0,5,17,3,8,1,2,2,24,1,2,0,0,9,47,9,47,92.705
2021A00052475017,2122,38087,13,886,37,1294,25,949,5,131,20,984,13,163,3,449,96,2879,101,2975,90.18
2021A00052475028,473,3809,1,3,8,44,6,30,2,4,4,23,3,5,0,0,26,106,27,121,111.2001
2021A00052475040,406,3631,1,3,9,46,5,27,0,0,1,3,3,16,0,0,17,67,19,81,34.291
2021A00052475045,259,2143,0,0,2,5,4,11,0,0,2,6,2,6,0,0,6,73,8,79,119.5023
2021A00052476008,80,560,0,0,0,0,0,0,0,0,0,0,0,0,0,0,13,38,13,38,97.6893
2021A00052476020,435,7477,0,0,7,173,4,104,0,0,7,250,2,61,0,0,23,588,25,656,108.6579
2021A00052476025,40,184,0,0,0,0,0,0,0,0,0,0,0,0,0,0,3,5,3,5,90.0416
2021A00052476030,49,319,0,0,0,0,1,6,0,0,1,6,0,0,0,0,4,17,4,17,58.7292
2021A00052476035,21,115,0,0,1,3,1,3,0,0,0,0,0,0,0,0,1,3,1,3,85.0305
2021A00052476043,160,1722,0,0,0,0,1,3,0,0,2,6,2,38,0,0,20,102,20,102,244.4638
2021A00052476052,44,727,0,0,1,4,0,0,0,0,1,7,0,0,0,0,5,49,5,49,313.6059
2021A00052476055,45,690,0,0,1,2,1,2,0,0,0,0,0,0,0,0,2,5,2,5,2.8172
2021A00052476065,18,182,0,0,0,0,0,0,0,0,0,0,0,0,0,0,2,10,2,10,233.6532
2021A00052477011,15,260,0,0,0,0,0,0,0,0,0,0,0,0,0,0,0,0,0,0,12.6235
2021A00052477012,106,838,0,0,1,3,2,5,0,0,0,0,1,3,1,2,2,6,3,9,91.5561
2021A00052477022,438,4573,0,0,1,2,0,0,0,0,4,38,0,0,0,0,9,51,9,51,119.6712
2021A00052477030,148,1906,0,0,1,7,0,0,0,0,0,0,1,7,0,0,5,16,5,16,24.3614
2021A00052477035,127,969,0,0,2,3,1,2,0,0,1,3,0,0,0,0,4,8,4,8,24.6456
2021A00052477043,587,8155,2,6,2,6,0,0,0,0,0,0,1,3,0,0,10,67,10,67,47.6174
2021A00052477050,173,1657,1,6,6,45,3,13,0,0,2,18,0,0,0,0,9,66,9,66,55.9556
2021A00052477055,8,52,0,0,1,1,0,0,0,0,0,0,0,0,0,0,1,1,1,1,8.8842
2021A00052477060,24,216,0,0,0,0,0,0,0,0,0,0,0,0,0,0,0,0,0,0,152.8684
2021A00052477065,109,803,0,0,0,0,1,3,0,0,2,8,0,0,0,0,3,9,3,9,135.7993
2021A00052478005,102,928,0,0,2,3,0,0,0,0,1,3,1,2,0,0,6,19,6,19,39.1986
2021A00052478010,176,2046,0,0,3,27,0,0,0,0,1,3,0,0,0,0,7,34,7,34,42.6648
2021A00052478015,27,189,0,0,0,0,0,0,0,0,0,0,0,0,0,0,0,0,0,0,48.1853
2021A00052478020,44,244,0,0,0,0,0,0,0,0,0,0,0,0,0,0,3,17,3,17,108.9764
2021A00052478032,435,8224,1,7,7,56,4,55,0,0,1,11,0,0,0,0,14,152,14,152,129.1008
2021A00052478042,8,120,0,0,1,17,1,17,0,0,0,0,0,0,0,0,1,17,1,17,29.3002
2021A00052478047,135,1656,0,0,2,5,0,0,0,0,3,74,0,0,0,0,13,152,13,152,120.2147
2021A00052478050,2,18,0,0,0,0,0,0,0,0,0,0,0,0,0,0,0,0,0,0,17.7224
2021A00052478055,17,67,0,0,1,6,0,0,0,0,0,0,0,0,0,0,1,6,1,6,117.7123
2021A00052478060,23,205,0,0,0,0,0,0,0,0,0,0,0,0,0,0,2,6,2,6,63.4481
2021A00052478065,25,306,0,0,0,0,0,0,0,0,0,0,0,0,0,0,0,0,0,0,56.7235
2021A00052478070,38,286,0,0,1,6,0,0,0,0,2,10,0,0,0,0,4,18,4,18,227.8618
2021A00052478075,47,281,0,0,0,0,0,0,0,0,1,3,0,0,0,0,8,23,8,23,35.7827
2021A00052478095,52,356,0,0,1,3,0,0,0,0,0,0,0,0,0,0,2,4,2,4,365.9786
2021A00052478100,14,126,0,0,0,0,0,0,0,0,0,0,0,0,0,0,0,0,0,0,126.6983
2021A00052478102,659,9875,0,0,5,56,1,3,0,0,5,14,1,3,0,0,21,106,21,106,233.7483
2021A00052478115,58,374,0,0,0,0,0,0,0,0,1,7,0,0,0,0,7,28,7,28,127.3686
2021A00052478120,75,784,0,0,1,1,0,0,0,0,1,3,0,0,0,0,6,44,6,44,196.6871
2021A00052478127,5,19,0,0,1,2,0,0,0,0,0,0,0,0,0,0,1,2,1,2,20.6158
2021A00052478130,33,287,0,0,0,0,0,0,0,0,1,3,0,0,0,0,4,6,4,6,274.9229
2021A00052478802,0,0,0,0,0,0,0,0,0,0,0,0,0,0,0,0,0,0,0,0,74.6165
2021A00052479005,39,524,0,0,0,0,0,0,0,0,0,0,1,2,0,0,1,2,1,2,849.1017
2021A00052479010,18,182,0,0,0,0,1,3,0,0,2,35,0,0,0,0,2,35,2,35,259.895
2021A00052479015,16,120,0,0,0,0,0,0,0,0,1,3,0,0,0,0,5,20,5,20,71.7292
2021A00052479022,23,149,0,0,0,0,0,0,0,0,2,6,1,31,0,0,5,41,5,41,161.6065
2021A00052479025,30,174,0,0,0,0,0,0,0,0,1,14,0,0,0,0,10,38,10,38,337.5294
2021A00052479030,71,604,0,0,0,0,0,0,0,0,1,3,0,0,0,0,4,9,4,9,303.8917
2021A00052479037,143,2751,0,0,1,2,1,2,0,0,8,113,0,0,0,0,14,136,14,136,451.4285
2021A00052479047,22,198,0,0,0,0,0,0,0,0,0,0,0,0,0,0,1,1,1,1,161.4206
2021A00052479050,26,314,0,0,0,0,0,0,0,0,0,0,0,0,0,0,3,72,3,72,334.8214
2021A00052479060,15,101,0,0,1,2,1,2,0,0,1,3,0,0,0,0,3,7,3,7,171.8838
2021A00052479065,26,134,0,0,0,0,0,0,0,0,1,5,0,0,0,0,3,8,3,8,298.6398
2021A00052479078,76,751,0,0,1,4,1,4,0,0,4,22,0,0,0,0,8,35,8,35,144.3036
2021A00052479088,636,9639,2,5,6,61,2,19,0,0,6,158,0,0,0,0,42,442,42,442,587.4203
2021A00052479097,110,1193,0,0,0,0,0,0,0,0,4,169,0,0,0,0,10,200,10,200,786.1937
2021A00052479105,10,46,0,0,0,0,0,0,0,0,0,0,0,0,0,0,1,3,1,3,170.7236
2021A00052479110,12,96,0,0,0,0,0,0,0,0,0,0,0,0,0,0,4,9,4,9,138.1579
2021A00052479115,26,146,0,0,0,0,0,0,0,0,0,0,0,0,0,0,1,2,1,2,320.7324
2021A00052479902,0,0,0,0,0,0,0,0,0,0,0,0,0,0,0,0,0,0,0,0,50.2698
2021A00052479904,0,0,0,0,0,0,0,0,0,0,0,0,0,0,0,0,0,0,0,0,7.5427
2021A00052479906,0,0,0,0,0,0,0,0,0,0,0,0,0,0,0,0,0,0,0,0,4.1316
2021A00052479910,1,15,0,0,0,0,0,0,0,0,0,0,0,0,0,0,0,0,0,0,1536.2205
2021A00052479912,0,0,0,0,0,0,0,0,0,0,0,0,0,0,0,0,0,0,0,0,1530.4417
2021A00052479914,0,0,0,0,0,0,0,0,0,0,0,0,0,0,0,0,0,0,0,0,1667.8545
2021A00052479916,0,0,0,0,0,0,0,0,0,0,0,0,0,0,0,0,0,0,0,0,472.8843
2021A00052479920,0,0,0,0,0,0,0,0,0,0,0,0,0,0,0,0,0,0,0,0,890.1492
2021A00052479922,0,0,0,0,0,0,0,0,0,0,0,0,0,0,0,0,0,0,0,0,1957.992
2021A00052479924,0,0,0,0,0,0,0,0,0,0,0,0,0,0,0,0,0,0,0,0,339.2974
2021A00052479926,0,0,0,0,0,0,0,0,0,0,0,0,0,0,0,0,0,0,0,0,803.5891
2021A00052480005,16,104,0,0,0,0,0,0,0,0,2,36,0,0,0,0,3,38,3,38,12.5223
2021A00052480010,53,642,0,0,1,4,0,0,0,0,0,0,0,0,0,0,3,7,3,7,8.5961
2021A00052480015,7,49,0,0,0,0,0,0,0,0,0,0,0,0,0,0,1,2,1,2,258.3557
2021A00052480020,16,168,0,0,1,3,0,0,0,0,0,0,0,0,0,0,3,13,3,13,105.9594
2021A00052480027,134,1717,2,59,3,64,2,59,0,0,0,0,0,0,0,0,15,95,15,95,137.3352
2021A00052480037,85,1026,0,0,0,0,1,26,0,0,2,166,0,0,0,0,7,173,7,173,61.1298
2021A00052480045,35,265,0,0,0,0,0,0,0,0,0,0,0,0,0,0,5,12,5,12,36.2063
2021A00052480050,67,777,0,0,0,0,0,0,0,0,1,68,1,19,0,0,5,123,5,123,6.65
2021A00052480055,8,28,0,0,0,0,0,0,0,0,0,0,0,0,0,0,4,15,4,15,62.1417
2021A00052480060,26,150,0,0,0,0,0,0,0,0,1,3,0,0,0,0,5,9,5,9,57.392
2021A00052480065,15,81,0,0,0,0,1,11,0,0,1,11,0,0,0,0,1,11,1,11,72.5092
2021A00052480070,7,65,0,0,1,1,0,0,0,0,0,0,0,0,0,0,3,4,3,4,84.3352
2021A00052480078,40,260,0,0,0,0,0,0,0,0,2,6,0,0,0,0,9,25,9,25,129.9314
2021A00052480085,5,15,0,0,0,0,0,0,0,0,0,0,0,0,0,0,0,0,0,0,289.5161
2021A00052480090,22,110,0,0,0,0,0,0,0,0,0,0,0,0,0,0,0,0,0,0,246.1244
2021A00052480095,24,128,0,0,0,0,0,0,0,0,0,0,0,0,0,0,0,0,0,0,95.6519
2021A00052480103,44,694,0,0,0,0,0,0,0,0,2,145,0,0,0,0,4,149,4,149,65.8274
2021A00052480110,17,191,0,0,0,0,0,0,0,0,2,43,0,0,0,0,2,43,2,43,56.1683
2021A00052480115,2,18,0,0,0,0,0,0,0,0,0,0,0,0,0,0,0,0,0,0,134.0822
2021A00052480125,11,121,0,0,0,0,0,0,0,0,0,0,0,0,0,0,1,2,1,2,55.6753
2021A00052480130,18,98,0,0,0,0,0,0,0,0,0,0,0,0,0,0,0,0,0,0,150.9456
2021A00052480135,18,178,0,0,0,0,0,0,0,0,0,0,0,0,0,0,1,2,1,2,427.3178
2021A00052480140,22,246,0,0,0,0,0,0,0,0,0,0,0,0,0,0,1,3,1,3,222.674
2021A00052480145,18,154,0,0,0,0,0,0,0,0,0,0,0,0,0,0,0,0,0,0,126.3993
2021A00052481017,4892,89839,7,32,45,451,21,235,2,7,25,379,14,519,0,0,132,2608,140,2757,341.8414
2021A00052482005,170,1549,0,0,1,3,1,15,0,0,2,34,1,15,0,0,10,68,11,83,216.0507
2021A00052482010,18,158,2,5,2,5,2,5,0,0,0,0,0,0,0,0,4,10,4,10,113.3346
2021A00052482015,261,2543,0,0,3,13,0,0,0,0,2,6,0,0,0,0,13,64,13,64,434.7658
2021A00052482020,266,2520,0,0,0,0,0,0,0,0,0,0,0,0,0,0,2,32,2,32,126.1214
2021A00052482025,179,2907,0,0,1,2,0,0,0,0,1,3,0,0,0,0,5,16,5,16,112.6505
2021A00052482030,101,683,0,0,1,2,1,2,0,0,2,6,0,0,0,0,9,20,9,20,445.2693
2021A00052482035,201,2654,0,0,0,0,1,6,0,0,3,12,0,0,0,0,17,40,17,40,577.183
2021A00052483005,3,53,0,0,0,0,0,0,0,0,0,0,0,0,0,0,0,0,0,0,177.3312
2021A00052483010,22,178,0,0,0,0,0,0,0,0,1,7,0,0,0,0,4,11,4,11,257.7819
2021A00052483015,24,176,0,0,0,0,0,0,0,0,2,17,0,0,0,0,3,20,3,20,172.9119
2021A00052483020,17,187,0,0,0,0,0,0,0,0,0,0,0,0,0,0,2,3,2,3,205.7083
2021A00052483032,76,764,0,0,1,3,1,3,0,0,0,0,1,3,0,0,2,3,3,6,380.9417
2021A00052483040,10,257,0,0,0,0,0,0,0,0,0,0,0,0,0,0,0,0,0,0,382.4877
2021A00052483045,14,98,0,0,0,0,0,0,0,0,0,0,0,0,0,0,1,2,1,2,72.9707
2021A00052483050,23,113,0,0,0,0,0,0,0,0,0,0,0,0,0,0,3,4,3,4,122.0948
2021A00052483055,9,103,0,0,0,0,1,11,0,0,2,43,0,0,0,0,2,43,2,43,60.6814
2021A00052483060,45,359,0,0,0,0,0,0,0,0,2,6,0,0,0,0,3,12,3,12,110.1053
2021A00052483065,199,4685,1,10,2,9,2,20,1,10,4,226,0,0,1,10,10,280,10,280,5.6683
2021A00052483070,51,297,0,0,0,0,0,0,0,0,4,13,0,0,0,0,6,17,6,17,248.2622
2021A00052483075,32,443,0,0,0,0,0,0,0,0,0,0,0,0,0,0,2,125,2,125,49.8217
2021A00052483085,8,92,0,0,0,0,0,0,0,0,1,5,0,0,0,0,1,5,1,5,71.5604
2021A00052483088,22,253,0,0,0,0,0,0,0,0,0,0,0,0,0,0,3,10,3,10,354.6412
2021A00052483090,22,154,0,0,0,0,0,0,0,0,1,3,0,0,0,0,4,11,4,11,212.8173
2021A00052483095,52,356,0,0,1,2,1,2,0,0,0,0,0,0,0,0,2,3,2,3,351.6287
2021A00052483802,14,162,0,0,1,3,0,0,0,0,0,0,0,0,0,0,1,3,1,3,195.0643
2021A00052483804,0,0,0,0,0,0,0,0,0,0,0,0,0,0,0,0,0,0,0,0,0.3622
2021A00052483902,2,225,0,0,0,0,0,0,0,0,0,0,0,0,0,0,0,0,0,0,5061.5355
2021A00052483904,0,0,0,0,0,0,0,0,0,0,0,0,0,0,0,0,0,0,0,0,480.8823
2021A00052483906,0,0,0,0,0,0,0,0,0,0,0,0,0,0,0,0,0,0,0,0,1934.3065
2021A00052483908,0,0,0,0,0,0,0,0,0,0,0,0,0,0,0,0,0,0,0,0,1144.8052
2021A00052483912,0,0,0,0,0,0,0,0,0,0,0,0,0,0,0,0,0,0,0,0,308.1193
2021A00052484005,18,154,0,0,0,0,0,0,0,0,1,7,0,0,0,0,6,47,6,47,206.1901
2021A00052484010,109,1528,0,0,0,0,0,0,0,0,0,0,0,0,0,0,14,55,14,55,5.3781
2021A00052484015,0,0,0,0,0,0,0,0,0,0,0,0,0,0,0,0,0,0,0,0,330.4569
2021A00052484020,3,33,0,0,0,0,0,0,0,0,0,0,0,0,0,0,0,0,0,0,4.2199
2021A00052484025,16,88,0,0,0,0,0,0,0,0,0,0,0,0,0,0,0,0,0,0,3.5815
2021A00052484030,32,424,0,0,1,9,0,0,0,0,1,7,0,0,0,0,2,16,2,16,3.4218
2021A00052484035,9,47,0,0,0,0,0,0,0,0,0,0,0,0,0,0,0,0,0,0,130.5496
2021A00052484040,0,0,0,0,0,0,0,0,0,0,0,0,0,0,0,0,0,0,0,0,198.5684
2021A00052484045,7,57,0,0,0,0,0,0,0,0,1,3,0,0,0,0,1,3,1,3,173.0864
2021A00052484050,2,30,0,0,0,0,0,0,0,0,0,0,0,0,0,0,0,0,0,0,308.9149
2021A00052484055,16,112,0,0,0,0,0,0,0,0,0,0,0,0,0,0,0,0,0,0,454.7042
2021A00052484060,22,290,0,0,0,0,0,0,0,0,0,0,0,0,0,0,0,0,0,0,2.9558
2021A00052484065,53,929,0,0,0,0,0,0,0,0,2,35,0,0,0,0,2,35,2,35,466.6144
2021A00052484070,3,25,0,0,0,0,0,0,0,0,0,0,0,0,0,0,0,0,0,0,360.1923
2021A00052484082,23,161,0,0,0,0,0,0,0,0,0,0,0,0,0,0,1,7,1,7,185.9366
2021A00052484090,2,10,0,0,0,0,0,0,0,0,0,0,0,0,0,0,0,0,0,0,218.7397
2021A00052484095,2,22,0,0,0,0,0,0,0,0,0,0,0,0,0,0,0,0,0,0,565.4251
2021A00052484100,7,61,0,0,0,0,0,0,0,0,0,0,0,0,0,0,0,0,0,0,238.9036
2021A00052484902,0,0,0,0,0,0,0,0,0,0,0,0,0,0,0,0,0,0,0,0,8966.5255
2021A00052485005,69,2055,0,0,0,0,0,0,0,0,2,509,0,0,0,0,6,982,6,982,710.8368
2021A00052485010,9,127,0,0,0,0,0,0,0,0,1,11,0,0,0,0,1,11,1,11,35.5823
2021A00052485015,30,146,0,0,0,0,0,0,0,0,4,10,0,0,0,0,11,32,11,32,190.2907
2021A00052485020,22,138,0,0,0,0,0,0,0,0,1,32,0,0,0,0,5,46,5,46,496.2812
2021A00052485025,151,3196,0,0,3,20,1,2,0,0,1,130,0,0,0,0,6,154,6,154,5.8332
2021A00052485030,47,357,0,0,0,0,0,0,0,0,1,3,0,0,0,0,5,17,5,17,91.4888
2021A00052485037,52,444,0,0,1,4,0,0,0,0,2,6,0,0,0,0,10,31,10,31,87.9109
2021A00052485045,40,332,0,0,1,3,1,6,0,0,1,6,0,0,0,0,11,40,11,40,125.7672
2021A00052485052,26,258,0,0,1,8,0,0,0,0,0,0,0,0,0,0,6,41,6,41,400.8341
2021A00052485055,8,36,0,0,0,0,0,0,0,0,0,0,0,0,0,0,2,7,2,7,157.115
2021A00052485060,7,45,0,0,0,0,0,0,0,0,0,0,0,0,0,0,2,5,2,5,270.1134
2021A00052485065,5,31,0,0,0,0,0,0,0,0,0,0,0,0,0,0,1,6,1,6,544.4921
2021A00052485070,6,46,0,0,0,0,0,0,0,0,0,0,0,0,0,0,1,1,1,1,436.7838
2021A00052485075,6,26,0,0,0,0,0,0,0,0,0,0,0,0,0,0,1,3,1,3,340.3129
2021A00052485085,17,131,0,0,1,3,0,0,0,0,0,0,0,0,0,0,9,40,9,40,109.5249
2021A00052485090,47,839,1,65,2,67,0,0,0,0,1,5,1,6,0,0,8,139,8,139,74.3402
2021A00052485095,12,48,0,0,0,0,0,0,0,0,1,3,0,0,0,0,7,24,7,24,188.5192
2021A00052485100,17,79,0,0,0,0,0,0,0,0,0,0,0,0,0,0,7,17,7,17,371.4929
2021A00052485105,8,48,0,0,0,0,0,0,0,0,1,3,0,0,0,0,4,11,4,11,894.0519
2021A00052485802,5,59,0,0,0,0,0,0,0,0,0,0,0,0,0,0,0,0,0,0,0.5696
2021A00052485803,0,0,0,0,0,0,0,0,0,0,0,0,0,0,0,0,0,0,0,0,1.3021
2021A00052485804,8,211,0,0,0,0,0,0,0,0,1,3,0,0,0,0,3,6,3,6,0.3306
2021A00052485806,0,0,0,0,0,0,0,0,0,0,0,0,0,0,0,0,0,0,0,0,18.3922
2021A00052485905,2,10,0,0,0,0,0,0,0,0,0,0,0,0,0,0,0,0,0,0,408.2
2021A00052485907,0,0,0,0,0,0,0,0,0,0,0,0,0,0,0,0,0,0,0,0,10366.8902
2021A00052486042,1252,26772,2,68,11,152,14,158,0,0,10,78,10,983,1,2,51,1315,56,1415,5963.5671
2021A00052487005,17,167,0,0,0,0,0,0,0,0,2,5,0,0,0,0,2,5,2,5,121.1731
2021A00052487010,6,30,0,0,0,0,0,0,0,0,0,0,0,0,0,0,0,0,0,0,173.7323
2021A00052487015,6,54,0,0,0,0,0,0,0,0,0,0,0,0,0,0,2,14,2,14,120.0202
2021A00052487020,7,69,0,0,0,0,0,0,0,0,0,0,0,0,0,0,2,5,2,5,73.6053
2021A00052487025,42,410,0,0,0,0,0,0,0,0,1,3,0,0,0,0,10,71,10,71,117.8652
2021A00052487030,26,361,0,0,0,0,0,0,0,0,0,0,0,0,0,0,8,20,8,20,110.0363
2021A00052487035,14,118,0,0,0,0,0,0,0,0,2,5,0,0,0,0,4,19,4,19,168.1932
2021A00052487042,23,113,0,0,0,0,0,0,0,0,0,0,0,0,0,0,1,3,1,3,246.9699
2021A00052487050,8,76,0,0,0,0,0,0,0,0,0,0,0,0,0,0,0,0,0,0,142.2199
2021A00052487058,62,1045,1,26,2,31,1,26,0,0,2,5,0,0,0,0,9,52,9,52,202.0454
2021A00052487070,8,60,0,0,0,0,0,0,0,0,0,0,0,0,0,0,1,2,1,2,68.1498
2021A00052487075,8,52,0,0,1,2,0,0,0,0,0,0,0,0,0,0,2,10,2,10,99.174
2021A00052487080,9,111,0,0,0,0,1,30,0,0,0,0,0,0,0,0,2,32,2,32,97.6277
2021A00052487085,19,181,0,0,1,3,1,21,0,0,2,10,0,0,1,21,6,39,6,39,122.4316
2021A00052487090,316,6233,0,0,4,139,2,108,0,0,9,431,1,311,0,0,23,1054,23,1054,148.3591
2021A00052487095,7,33,0,0,0,0,0,0,0,0,0,0,0,0,0,0,2,5,2,5,133.5506
2021A00052487100,7,45,0,0,0,0,0,0,0,0,1,5,0,0,0,0,1,5,1,5,278.0526
2021A00052487105,2,18,0,0,0,0,0,0,0,0,0,0,0,0,0,0,0,0,0,0,109.393
2021A00052487110,6,38,0,0,0,0,0,0,0,0,0,0,0,0,0,0,0,0,0,0,156.6644
2021A00052487115,14,94,0,0,0,0,0,0,0,0,0,0,0,0,0,0,2,27,2,27,55.2524
2021A00052487120,0,0,0,0,0,0,0,0,0,0,0,0,0,0,0,0,0,0,0,0,99.8052
2021A00052487902,0,0,0,0,0,0,0,0,0,0,0,0,0,0,0,0,0,0,0,0,113.6576
2021A00052487904,0,0,0,0,0,0,0,0,0,0,0,0,0,0,0,0,0,0,0,0,354.4711
2021A00052488005,6,22,0,0,0,0,0,0,0,0,0,0,0,0,0,0,0,0,0,0,241.3186
2021A00052488010,7,37,0,0,0,0,0,0,0,0,0,0,1,2,0,0,2,4,2,4,183.6308
2021A00052488015,2,18,0,0,0,0,0,0,0,0,0,0,0,0,0,0,0,0,0,0,407.3513
2021A00052488022,56,596,0,0,0,0,1,15,0,0,2,33,1,15,0,0,5,64,6,79,493.0389
2021A00052488030,18,182,0,0,0,0,0,0,0,0,0,0,1,65,0,0,1,65,1,65,308.1339
2021A00052488035,25,534,0,0,0,0,0,0,0,0,1,317,0,0,0,0,3,326,3,326,275.9254
2021A00052488040,27,169,0,0,1,3,0,0,0,0,0,0,0,0,0,0,2,6,2,6,80.7915
2021A00052488045,13,95,0,0,0,0,0,0,0,0,0,0,1,9,0,0,1,9,1,9,175.4838
2021A00052488050,23,320,0,0,0,0,0,0,0,0,1,3,0,0,0,0,2,77,2,77,105.8617
2021A00052488055,534,11437,3,29,8,59,7,43,1,5,4,157,2,8,3,27,30,426,30,426,429.0405
2021A00052488060,33,251,1,12,2,14,1,12,0,0,1,5,0,0,0,0,5,25,5,25,113.1466
2021A00052488065,23,101,0,0,0,0,0,0,0,0,3,9,0,0,0,0,3,9,3,9,479.8911
2021A00052488070,25,139,0,0,0,0,0,0,0,0,5,13,0,0,0,0,7,23,7,23,575.0654
2021A00052488075,25,119,0,0,0,0,0,0,0,0,1,7,0,0,0,0,1,7,1,7,196.8942
2021A00052488080,7,77,0,0,0,0,0,0,0,0,0,0,0,0,0,0,1,3,1,3,257.7985
2021A00052488085,10,42,0,0,0,0,0,0,0,0,0,0,0,0,0,0,2,6,2,6,316.4598
2021A00052488090,21,494,0,0,0,0,0,0,0,0,1,15,1,198,0,0,2,213,2,213,422.1343
2021A00052488802,11,260,0,0,0,0,0,0,0,0,1,3,0,0,0,0,1,3,1,3,1.0048
2021A00052488902,0,0,0,0,0,0,0,0,0,0,0,0,0,0,0,0,0,0,0,0,1848.6523
2021A00052488904,5,103,0,0,0,0,0,0,0,0,0,0,0,0,0,0,1,8,1,8,716.008
2021A00052489008,1085,23210,4,154,13,231,12,137,2,14,15,172,9,346,0,0,56,1051,57,1058,3536.8359
2021A00052489010,26,226,0,0,0,0,0,0,0,0,1,11,0,0,0,0,2,13,2,13,423.2653
2021A00052489015,74,2701,0,0,2,12,0,0,0,0,1,3,1,311,0,0,5,334,5,334,147.4486
2021A00052489040,111,1627,0,0,0,0,0,0,0,0,5,268,0,0,0,0,7,292,7,292,14718.5104
2021A00052489045,27,157,0,0,0,0,0,0,0,0,1,3,0,0,0,0,1,3,1,3,567.0471
2021A00052489050,3,33,0,0,0,0,0,0,0,0,0,0,0,0,0,0,1,2,1,2,409.7369
2021A00052489802,0,0,0,0,0,0,0,0,0,0,0,0,0,0,0,0,0,0,0,0,1.5103
2021A00052489804,6,401,0,0,0,0,0,0,0,0,0,0,0,0,0,0,0,0,0,0,3.1405
2021A00052489902,0,0,0,0,0,0,0,0,0,0,0,0,0,0,0,0,0,0,0,0,164.7705
2021A00052489908,0,0,0,0,0,0,0,0,0,0,0,0,0,0,0,0,0,0,0,0,72.1191
2021A00052489910,0,0,0,0,0,0,0,0,0,0,0,0,0,0,0,0,0,0,0,0,3832.6835
2021A00052489912,0,0,0,0,0,0,0,0,0,0,0,0,0,0,0,0,0,0,0,0,217.7723
2021A00052490012,369,6798,0,0,3,8,2,144,0,0,21,640,1,35,0,0,30,1205,31,1240,24809.4025
2021A00052490017,17,83,0,0,0,0,0,0,0,0,1,3,0,0,0,0,3,5,3,5,284.3227
2021A00052490027,9,103,0,0,0,0,0,0,0,0,0,0,0,0,0,0,1,3,1,3,898.3161
2021A00052490802,16,655,0,0,0,0,0,0,0,0,1,24,0,0,0,0,2,25,2,25,31.5451
2021A00052490804,19,748,0,0,0,0,0,0,0,0,1,68,0,0,0,0,1,68,1,68,8.2577
2021A00052491005,31,305,0,0,0,0,0,0,0,0,0,0,0,0,0,0,1,3,1,3,904.2558
2021A00052491010,15,85,0,0,0,0,0,0,0,0,2,8,0,0,0,0,3,10,3,10,145.4272
2021A00052491015,15,81,0,0,0,0,0,0,0,0,2,5,0,0,0,0,4,10,4,10,197.2001
2021A00052491020,73,1001,1,33,1,33,0,0,0,0,0,0,0,0,0,0,11,181,11,181,120.8483
2021A00052491025,332,5962,2,10,4,16,5,70,1,2,5,74,0,0,0,0,22,325,22,325,151.3636
2021A00052491030,11,53,0,0,0,0,0,0,0,0,0,0,0,0,0,0,1,3,1,3,461.6708
2021A00052491035,90,1086,0,0,4,54,4,113,0,0,4,149,0,0,0,0,24,251,25,285,147.1575
2021A00052491042,396,7059,2,26,7,38,6,69,1,2,10,393,1,2,2,7,53,923,54,924,361.2717
2021A00052491050,72,1206,0,0,0,0,0,0,0,0,6,474,0,0,0,0,14,492,14,492,288.5455
2021A00052491802,74,1209,0,0,2,11,2,13,0,0,3,14,1,4,0,0,7,27,7,27,14.4293
2021A00052491902,0,0,0,0,0,0,0,0,0,0,0,0,0,0,0,0,0,0,0,0,14684.2768
2021A00052492005,25,167,0,0,1,2,1,2,0,0,2,7,0,0,0,0,12,57,12,57,104.2496
2021A00052492010,15,197,0,0,0,0,1,5,1,5,0,0,0,0,0,0,1,5,1,5,110.2968
2021A00052492015,25,207,0,0,1,2,2,5,0,0,1,3,0,0,0,0,7,28,7,28,267.2762
2021A00052492022,492,8397,3,5,8,187,3,127,0,0,22,368,1,72,0,0,51,810,52,882,293.4261
2021A00052492030,88,691,1,5,4,33,2,26,1,21,3,13,2,25,0,0,22,102,22,102,197.4474
2021A00052492040,158,2082,0,0,4,88,3,65,1,9,5,80,2,12,0,0,41,387,41,387,211.7931
2021A00052492045,16,323,0,0,0,0,0,0,0,0,2,188,0,0,0,0,4,193,4,193,333.2527
2021A00052492050,21,131,0,0,0,0,0,0,0,0,2,6,0,0,0,0,9,25,9,25,84.3906
2021A00052492055,59,1039,0,0,0,0,0,0,0,0,7,481,0,0,0,0,13,499,13,499,124.1066
2021A00052492060,3,17,0,0,0,0,0,0,0,0,0,0,0,0,0,0,1,6,1,6,325.7673
2021A00052492065,24,204,0,0,0,0,0,0,0,0,0,0,0,0,0,0,4,13,4,13,87.0522
2021A00052492070,14,90,0,0,0,0,0,0,0,0,0,0,0,0,0,0,1,3,1,3,153.5833
2021A00052492902,2,6,0,0,0,0,0,0,0,0,0,0,0,0,0,0,0,0,0,0,15579.1094
2021A00052492904,3,9,0,0,0,0,0,0,0,0,1,3,0,0,0,0,1,3,1,3,17629.7368
2021A00052493005,26,274,0,0,0,0,0,0,0,0,0,0,0,0,0,0,5,22,5,22,10.3923
2021A00052493012,134,2192,0,0,1,245,1,245,0,0,5,44,1,3,0,0,33,377,33,377,187.4935
2021A00052493020,70,722,0,0,1,9,0,0,0,0,1,14,0,0,0,0,29,206,29,206,260.7435
2021A00052493025,34,294,0,0,0,0,0,0,0,0,0,0,1,19,0,0,9,62,9,62,31.4984
2021A00052493030,112,1642,1,3,2,10,1,2,0,0,4,83,0,0,1,3,33,243,33,243,77.8648
2021A00052493035,68,604,0,0,2,45,1,2,0,0,0,0,1,4,0,0,13,109,13,109,63.382
2021A00052493042,992,19430,2,33,23,774,13,192,5,61,13,256,9,666,0,0,94,1341,97,1972,194.9231
2021A00052493045,46,829,1,14,0,0,1,75,0,0,0,0,1,75,0,0,7,51,8,126,144.7631
2021A00052493055,28,204,0,0,0,0,0,0,0,0,0,0,0,0,0,0,3,8,3,8,152.6698
2021A00052493060,8,64,0,0,0,0,0,0,0,0,1,3,0,0,0,0,2,30,2,30,81.4454
2021A00052493065,46,817,0,0,0,0,0,0,0,0,1,317,0,0,0,0,5,334,5,334,130.8444
2021A00052493070,21,183,0,0,0,0,0,0,0,0,0,0,0,0,0,0,6,27,6,27,61.7373
2021A00052493075,35,305,0,0,0,0,1,10,0,0,2,75,0,0,0,0,5,91,5,91,152.5308
2021A00052493080,38,772,0,0,0,0,0,0,0,0,1,136,0,0,0,0,7,212,7,212,107.4603
2021A00052493902,0,0,0,0,0,0,0,0,0,0,0,0,0,0,0,0,0,0,0,0,13.0152
2021A00052493904,0,0,0,0,0,0,0,0,0,0,0,0,0,0,0,0,0,0,0,0,262.7835
2021A00052493906,0,0,0,0,0,0,0,0,0,0,0,0,0,0,0,0,0,0,0,0,225.4935
2021A00052493908,0,0,0,0,0,0,0,0,0,0,0,0,0,0,0,0,0,0,0,0,608.4728
2021A00052494068,3994,77712,15,252,91,3967,50,1701,10,162,34,728,48,3023,2,20,276,4277,306,7035,1124.6324
2021A00052494205,23,313,0,0,0,0,0,0,0,0,0,0,0,0,0,0,3,12,3,12,329.6279
2021A00052494210,64,816,0,0,1,20,0,0,0,0,1,3,0,0,0,0,5,30,5,30,501.7947
2021A00052494215,10,94,0,0,1,2,0,0,0,0,0,0,1,2,0,0,1,2,1,2,473.1741
2021A00052494220,25,203,0,0,0,0,0,0,0,0,3,18,0,0,0,0,5,21,5,21,383.0936
2021A00052494225,23,265,0,0,0,0,0,0,0,0,2,26,0,0,0,0,3,27,3,27,233.1554
2021A00052494230,23,177,0,0,0,0,0,0,0,0,0,0,0,0,0,0,3,5,3,5,116.6111
2021A00052494235,58,442,0,0,3,10,0,0,0,0,1,3,0,0,0,0,12,26,12,26,351.9125
2021A00052494240,123,1955,0,0,3,62,2,60,0,0,3,13,1,9,0,0,13,101,13,101,189.3768
2021A00052494245,51,485,0,0,1,10,0,0,0,0,2,35,0,0,0,0,4,48,4,48,398.2471
2021A00052494250,16,136,0,0,0,0,0,0,0,0,1,5,0,0,0,0,4,38,4,38,189.6725
2021A00052494255,101,1327,1,23,4,43,1,23,0,0,1,3,0,0,0,0,8,57,8,57,149.3728
2021A00052494260,18,74,0,0,1,3,1,3,0,0,1,3,0,0,0,0,3,8,3,8,62.1254
2021A00052494265,34,398,1,1,0,0,0,0,0,0,0,0,0,0,0,0,3,5,3,5,84.7054
2021A00052494926,0,0,0,0,0,0,0,0,0,0,0,0,0,0,0,0,0,0,0,0,190.5698
2021A00052494928,1,15,0,0,0,0,0,0,0,0,0,0,0,0,0,0,0,0,0,0,1478.7852
2021A00052494930,0,0,0,0,0,0,0,0,0,0,0,0,0,0,0,0,0,0,0,0,33540.39
2021A00052495005,61,1310,0,0,2,22,1,2,0,0,0,0,1,7,0,0,4,30,4,30,52.7314
2021A00052495010,70,1067,1,12,2,14,2,23,0,0,4,161,0,0,0,0,13,190,13,190,303.1542
2021A00052495018,39,477,0,0,0,0,0,0,0,0,1,32,0,0,0,0,2,34,2,34,268.7734
2021A00052495025,68,923,0,0,0,0,0,0,0,0,1,3,0,0,0,0,7,29,7,29,265.8942
2021A00052495032,16,164,0,0,0,0,0,0,0,0,0,0,0,0,0,0,2,13,2,13,308.0574
2021A00052495040,21,203,0,0,0,0,0,0,0,0,0,0,0,0,0,0,3,72,3,72,181.9024
2021A00052495045,101,1510,0,0,0,0,1,6,0,0,4,29,1,6,0,0,10,51,10,51,192.6094
2021A00052495050,8,44,0,0,0,0,0,0,0,0,0,0,0,0,0,0,2,4,2,4,361.2299
2021A00052495802,12,487,0,0,0,0,0,0,0,0,1,52,0,0,0,0,2,59,2,59,1.1295
2021A00052495902,0,0,0,0,0,0,0,0,0,0,0,0,0,0,0,0,0,0,0,0,9360.3341
2021A00052496005,14,253,0,0,0,0,0,0,0,0,0,0,0,0,0,0,2,129,2,129,417.4809
2021A00052496010,6,98,0,0,0,0,0,0,0,0,0,0,0,0,0,0,0,0,0,0,159.1776
2021A00052496015,7,69,0,0,0,0,0,0,0,0,0,0,0,0,0,0,0,0,0,0,436.5545
2021A00052496020,631,12046,0,0,8,566,3,14,1,5,4,177,3,534,0,0,19,270,20,791,334.8274
2021A00052496025,33,191,0,0,0,0,0,0,0,0,1,3,0,0,0,0,4,22,4,22,85.536
2021A00052496030,33,291,0,0,0,0,0,0,0,0,0,0,0,0,0,0,3,5,3,5,75.1938
2021A00052496035,29,287,0,0,0,0,0,0,0,0,0,0,0,0,0,0,2,19,2,19,7.5052
2021A00052496040,18,230,0,0,0,0,0,0,0,0,1,3,0,0,0,0,2,5,2,5,179.8314
2021A00052496802,13,734,0,0,0,0,0,0,0,0,0,0,0,0,0,0,0,0,0,0,245.1908
2021A00052496902,1,3,0,0,0,0,0,0,0,0,0,0,0,0,0,0,0,0,0,0,32713.7464
2021A00052497007,759,14557,1,17,5,539,5,152,2,14,2,14,4,610,0,0,42,249,44,845,1742.883
2021A00052497022,123,3016,0,0,1,2,1,2,0,0,2,17,0,0,0,0,12,95,12,95,1092.7534
2021A00052497035,58,2099,0,0,0,0,0,0,0,0,0,0,0,0,0,0,1,54,1,54,451.1208
2021A00052497040,18,620,0,0,0,0,0,0,0,0,0,0,0,0,0,0,1,8,1,8,24.7632
2021A00052497802,43,1215,0,0,0,0,0,0,0,0,0,0,0,0,0,0,5,106,5,106,2.3584
2021A00052497804,26,466,0,0,0,0,0,0,0,0,0,0,0,0,0,0,2,9,2,9,5.1979
2021A00052497806,6,293,0,0,0,0,0,0,0,0,0,0,0,0,0,0,0,0,0,0,32.5086
2021A00052497808,3,65,0,0,0,0,0,0,0,0,0,0,0,0,0,0,0,0,0,0,0.6864
2021A00052497810,0,0,0,0,0,0,0,0,0,0,0,0,0,0,0,0,0,0,0,0,0.5047
2021A00052497902,0,0,0,0,0,0,0,0,0,0,0,0,0,0,0,0,0,0,0,0,9522.2832
2021A00052497904,0,0,0,0,0,0,0,0,0,0,0,0,0,0,0,0,0,0,0,0,17162.429
2021A00052497906,0,0,0,0,0,0,0,0,0,0,0,0,0,0,0,0,0,0,0,0,30999.0997
2021A00052497908,0,0,0,0,0,0,0,0,0,0,0,0,0,0,0,0,0,0,0,0,30108.2319
2021A00052497912,0,0,0,0,0,0,0,0,0,0,0,0,0,0,0,0,0,0,0,0,2865.4972
2021A00052497914,0,0,0,0,0,0,0,0,0,0,0,0,0,0,0,0,0,0,0,0,454.0296
2021A00052498005,49,729,0,0,0,0,0,0,0,0,0,0,0,0,0,0,4,40,4,40,234.9791
2021A00052498010,14,309,0,0,0,0,0,0,0,0,0,0,0,0,0,0,4,162,4,162,622.9853
2021A00052498012,0,0,0,0,0,0,0,0,0,0,0,0,0,0,0,0,0,0,0,0,1137.6768
2021A00052498014,16,196,0,0,0,0,0,0,0,0,0,0,0,0,0,0,3,7,3,7,742.1537
2021A00052498015,51,1031,0,0,0,0,0,0,0,0,0,0,0,0,0,0,11,98,11,98,2597.0548
2021A00052498020,11,260,0,0,0,0,0,0,0,0,0,0,0,0,0,0,0,0,0,0,7715.9917
2021A00052498025,24,503,0,0,1,2,0,0,0,0,0,0,0,0,0,0,3,10,3,10,667.9133
2021A00052498030,16,112,0,0,0,0,0,0,0,0,0,0,0,0,0,0,4,21,4,21,532.0416
2021A00052498035,3,65,0,0,0,0,0,0,0,0,0,0,0,0,0,0,0,0,0,0,327.4607
2021A00052498040,109,2175,0,0,2,8,0,0,0,0,0,0,1,6,0,0,14,61,14,61,2570.09
2021A00052498045,44,1088,0,0,0,0,0,0,0,0,0,0,0,0,0,0,6,208,6,208,370.034
2021A00052498050,4,88,0,0,0,0,0,0,0,0,0,0,0,0,0,0,0,0,0,0,513.3596
2021A00052498055,14,106,0,0,0,0,0,0,0,0,0,0,0,0,0,0,4,19,4,19,605.142
2021A00052498802,14,265,0,0,0,0,0,0,0,0,0,0,0,0,0,0,2,10,2,10,3.8713
2021A00052498804,0,0,0,0,0,0,0,0,0,0,0,0,0,0,0,0,0,0,0,0,0.8429
2021A00052498806,3,41,0,0,0,0,0,0,0,0,0,0,0,0,0,0,0,0,0,0,1.3486
2021A00052498808,0,0,0,0,0,0,0,0,0,0,0,0,0,0,0,0,0,0,0,0,17.2359
2021A00052498904,0,0,0,0,0,0,0,0,0,0,0,0,0,0,0,0,0,0,0,0,40019.6971
2021A00052498912,0,0,0,0,0,0,0,0,0,0,0,0,0,0,0,0,0,0,0,0,35347.1878
2021A00052499005,80,1435,0,0,0,0,0,0,0,0,3,123,0,0,0,0,4,190,4,190,44.4095
2021A00052499010,0,0,0,0,0,0,0,0,0,0,0,0,0,0,0,0,0,0,0,0,213.3539
2021A00052499015,54,1129,0,0,0,0,1,2,0,0,1,32,0,0,1,2,2,34,2,34,75.1235
2021A00052499020,57,976,0,0,0,0,1,6,0,0,3,245,0,0,0,0,4,258,4,258,62.3066
2021A00052499025,278,5071,1,1,1,20,0,0,0,0,4,342,0,0,0,0,8,673,8,673,694.8743
2021A00052499030,0,0,0,0,0,0,0,0,0,0,0,0,0,0,0,0,0,0,0,0,488.0346
2021A00052499035,0,0,0,0,0,0,0,0,0,0,0,0,0,0,0,0,0,0,0,0,274.2163
2021A00052499040,0,0,0,0,0,0,0,0,0,0,0,0,0,0,0,0,0,0,0,0,47.8926
2021A00052499045,0,0,0,0,0,0,0,0,0,0,0,0,0,0,0,0,0,0,0,0,317.7173
2021A00052499050,0,0,0,0,0,0,0,0,0,0,0,0,0,0,0,0,0,0,0,0,169.1227
2021A00052499055,0,0,0,0,0,0,0,0,0,0,0,0,0,0,0,0,0,0,0,0,480.2946
2021A00052499060,42,238,0,0,0,0,0,0,0,0,2,7,0,0,0,0,3,10,3,10,283123.4216
2021A00052499065,0,0,0,0,0,0,0,0,0,0,0,0,0,0,0,0,0,0,0,0,234.8006
2021A00052499070,0,0,0,0,0,0,0,0,0,0,0,0,0,0,0,0,0,0,0,0,120.8599
2021A00052499075,18,813,0,0,0,0,0,0,0,0,0,0,0,0,0,0,0,0,0,0,7.4501
2021A00052499080,8,204,0,0,0,0,0,0,0,0,0,0,0,0,0,0,0,0,0,0,28.3798
2021A00052499085,22,720,0,0,0,0,0,0,0,0,0,0,0,0,0,0,0,0,0,0,54.9231
2021A00052499090,9,302,0,0,0,0,0,0,0,0,0,0,0,0,0,0,0,0,0,0,34.3255
2021A00052499095,57,3162,0,0,0,0,0,0,0,0,0,0,0,0,0,0,0,0,0,0,289.968
2021A00052499100,9,207,0,0,0,0,0,0,0,0,0,0,0,0,0,0,0,0,0,0,65.5299
2021A00052499105,8,120,0,0,0,0,0,0,0,0,0,0,0,0,0,0,0,0,0,0,28.6777
2021A00052499110,11,261,0,0,0,0,0,0,0,0,0,0,0,0,0,0,0,0,0,0,57.1522
2021A00052499115,10,178,0,0,0,0,0,0,0,0,0,0,0,0,0,0,0,0,0,0,25.8177
2021A00052499120,14,952,0,0,0,0,0,0,0,0,0,0,0,0,0,0,0,0,0,0,81.6121
2021A00052499125,9,211,0,0,0,0,0,0,0,0,0,0,0,0,0,0,0,0,0,0,75.0223
2021A00052499130,15,412,0,0,0,0,0,0,0,0,0,0,1,1,0,0,1,1,1,1,12.4055
2021A00052499135,14,528,0,0,0,0,0,0,0,0,0,0,0,0,0,0,0,0,0,0,15.0771
2021A00052499140,8,359,0,0,0,0,0,0,0,0,0,0,0,0,0,0,0,0,0,0,35.1519
2021A00052499802,15,596,0,0,0,0,0,0,0,0,0,0,0,0,0,0,0,0,0,0,385.8272
2021A00052499804,49,1756,0,0,0,0,0,0,0,0,2,14,0,0,0,0,2,14,2,14,807.7495
2021A00052499806,17,829,0,0,0,0,0,0,0,0,0,0,0,0,0,0,0,0,0,0,496.9923
2021A00052499808,9,637,0,0,0,0,0,0,0,0,0,0,0,0,0,0,0,0,0,0,98.4196
2021A00052499810,10,389,0,0,0,0,0,0,0,0,0,0,0,0,0,0,0,0,0,0,148.9941
2021A00052499812,12,802,0,0,0,0,0,0,0,0,0,0,0,0,0,0,0,0,0,0,387.3661
2021A00052499814,25,1448,0,0,0,0,0,0,0,0,0,0,0,0,0,0,0,0,0,0,825.1127
2021A00052499816,0,0,0,0,0,0,0,0,0,0,0,0,0,0,0,0,0,0,0,0,190.8277
2021A00052499818,13,374,0,0,0,0,0,0,0,0,1,24,0,0,0,0,1,24,1,24,96.2223
2021A00052499877,0,0,0,0,0,0,0,0,0,0,0,0,0,0,0,0,0,0,0,0,289.9241
2021A00052499878,0,0,0,0,0,0,0,0,0,0,0,0,0,0,0,0,0,0,0,0,253.9476
2021A00052499879,0,0,0,0,0,0,0,0,0,0,0,0,0,0,0,0,0,0,0,0,420.6877
2021A00052499883,0,0,0,0,0,0,0,0,0,0,0,0,0,0,0,0,0,0,0,0,433.9248
2021A00052499885,0,0,0,0,0,0,0,0,0,0,0,0,0,0,0,0,0,0,0,0,438.0539
2021A00052499887,0,0,0,0,0,0,0,0,0,0,0,0,0,0,0,0,0,0,0,0,591.6762
2021A00052499888,0,0,0,0,0,0,0,0,0,0,0,0,0,0,0,0,0,0,0,0,561.3285
2021A00052499889,0,0,0,0,0,0,0,0,0,0,0,0,0,0,0,0,0,0,0,0,503.6457
2021A00052499890,0,0,0,0,0,0,0,0,0,0,0,0,0,0,0,0,0,0,0,0,512.4333
2021A00052499891,0,0,0,0,0,0,0,0,0,0,0,0,0,0,0,0,0,0,0,0,525.877
2021A00052499892,0,0,0,0,0,0,0,0,0,0,0,0,0,0,0,0,0,0,0,0,492.6929
2021A00052499893,0,0,0,0,0,0,0,0,0,0,0,0,0,0,0,0,0,0,0,0,315.4619
2021A00052499894,0,0,0,0,0,0,0,0,0,0,0,0,0,0,0,0,0,0,0,0,530.4816
2021A00052499902,0,0,0,0,0,0,0,0,0,0,0,0,0,0,0,0,0,0,0,0,290009.6071
2021A00052499904,0,0,0,0,0,0,0,0,0,0,0,0,0,0,0,0,0,0,0,0,120831.3444
2021A00053501005,341,3259,1,2,8,38,4,31,2,15,4,87,4,29,0,0,71,330,71,330,605.0159
2021A00053501007,9,494,0,0,0,0,0,0,0,0,0,0,0,0,0,0,0,0,0,0,11.8096
2021A00053501011,271,3426,3,63,10,297,9,135,0,0,2,5,4,52,1,24,28,318,32,370,447.7113
2021A00053501012,1162,25209,1,3,19,423,7,54,0,0,3,69,5,208,0,0,44,782,46,804,61.5044
2021A00053501020,299,3803,3,201,7,289,5,88,1,60,2,39,3,82,1,5,38,666,38,666,521.5418
2021A00053501030,405,4267,0,0,5,125,2,21,0,0,2,17,4,32,0,0,78,449,78,449,502.4055
2021A00053501042,216,2063,2,30,2,7,0,0,0,0,1,3,0,0,0,0,51,293,51,293,515.464
2021A00053501050,379,5157,1,2,5,19,2,7,0,0,4,175,1,4,0,0,62,487,62,487,643.4009
2021A00053502001,73,846,1,13,2,119,1,13,0,0,2,9,0,0,0,0,32,308,32,308,235.0642
2021A00053502008,384,7978,3,14,10,281,5,123,1,28,0,0,2,59,0,0,20,668,21,683,10.0965
2021A00053502010,219,3809,0,0,3,72,4,590,1,6,2,9,4,553,1,50,33,793,33,793,207.0178
2021A00053502023,272,2732,0,0,2,8,0,0,0,0,2,75,1,7,0,0,33,173,33,173,391.7865
2021A00053502025,254,2871,2,14,2,50,2,19,0,0,0,0,2,80,0,0,40,236,41,251,658.9268
2021A00053502036,593,7537,0,0,6,53,3,15,0,0,5,76,1,7,0,0,31,179,32,186,297.4659
2021A00053502044,206,2413,0,0,1,3,0,0,0,0,0,0,0,0,0,0,15,52,15,52,5.128
2021A00053502048,477,4923,1,3,6,29,2,8,1,3,3,17,1,3,0,0,31,269,31,269,198.7812
2021A00053506008,28356,506550,78,2536,275,6859,100,2696,19,281,49,827,75,2292,5,230,717,12023,742,13199,2788.1967
2021A00053507004,109,1377,0,0,1,5,1,5,0,0,1,15,0,0,0,0,16,183,16,183,309.914
2021A00053507006,94,773,1,1,0,0,0,0,0,0,0,0,2,109,0,0,13,146,13,146,313.7729
2021A00053507008,197,3141,2,23,7,176,2,5,2,440,0,0,2,121,0,0,19,645,19,645,4.937
2021A00053507014,230,2332,2,6,4,30,4,33,0,0,1,7,2,4,1,5,26,174,27,177,555.9599
2021A00053507015,717,14967,3,111,14,1246,6,160,2,132,1,30,2,103,0,0,27,1639,28,1708,20.9072
2021A00053507017,112,1135,0,0,1,3,1,3,1,3,0,0,1,3,0,0,10,68,10,68,125.2542
2021A00053507021,187,2243,1,2,2,7,2,7,0,0,2,6,0,0,0,0,20,53,20,53,608.0873
2021A00053507024,207,2965,0,0,2,41,2,62,1,29,2,36,0,0,0,0,7,274,7,274,7.0051
2021A00053507033,63,637,0,0,0,0,0,0,0,0,0,0,0,0,0,0,1,26,1,26,2.1936
2021A00053507040,200,1554,0,0,3,24,1,21,0,0,0,0,0,0,0,0,23,120,23,120,711.808
2021A00053507042,76,747,0,0,0,0,0,0,0,0,0,0,0,0,0,0,5,23,5,23,129.5379
2021A00053507052,138,1129,0,0,6,18,3,9,0,0,1,13,0,0,0,0,18,69,18,69,214.3308
2021A00053507065,540,7009,2,7,4,18,2,5,0,0,3,25,1,31,0,0,34,200,35,203,351.8995
2021A00053509001,80,544,0,0,0,0,0,0,0,0,1,7,0,0,0,0,2,12,2,12,278.4703
2021A00053509004,351,6916,2,25,5,179,4,158,0,0,2,6,1,148,1,5,19,119,20,267,9.659
2021A00053509010,165,1243,0,0,2,22,2,22,0,0,1,3,2,22,0,0,5,46,7,68,365.6714
2021A00053509015,44,304,0,0,0,0,0,0,0,0,1,3,0,0,0,0,1,3,1,3,528.6749
2021A00053509021,423,7480,1,9,9,148,5,85,2,6,1,3,4,83,0,0,27,516,27,516,12.2102
2021A00053509024,38,298,0,0,0,0,0,0,0,0,0,0,0,0,0,0,1,1,1,1,239.3122
2021A00053509028,470,7213,1,24,9,235,2,29,0,0,2,17,1,37,1,24,20,366,20,366,9.9385
2021A00053509030,377,4173,2,8,7,68,4,28,1,6,3,19,1,6,1,2,36,244,36,244,511.2485
2021A00053509039,125,767,0,0,0,0,0,0,0,0,7,58,0,0,0,0,21,108,21,108,1031.5228
2021A00053510005,39,313,0,0,0,0,0,0,0,0,0,0,0,0,0,0,6,20,6,20,176.8162
2021A00053510010,4086,70565,15,388,46,1147,25,576,0,0,11,161,15,538,1,24,134,1957,143,2445,451.5833
2021A00053510020,362,2717,1,3,1,3,2,10,0,0,1,3,2,10,0,0,20,129,22,139,948.0507
2021A00053510035,118,1121,0,0,0,0,0,0,0,0,1,3,0,0,0,0,3,10,3,10,991.4067
2021A00053510045,26,297,0,0,0,0,0,0,0,0,3,13,0,0,0,0,3,13,3,13,1157.9656
2021A00053511005,309,3674,1,117,4,170,2,152,0,0,0,0,1,35,0,0,17,563,18,598,342.7183
2021A00053511015,485,9027,3,596,8,83,3,65,0,0,1,15,1,2,2,60,40,953,40,953,462.3029
2021A00053511030,115,933,0,0,1,3,2,10,0,0,3,11,1,3,0,0,9,22,10,25,693.7087
2021A00053511035,96,970,0,0,0,0,0,0,0,0,2,6,0,0,0,0,3,8,3,8,1293.9905
2021A00053512001,61,579,0,0,1,6,2,9,1,6,1,3,1,6,0,0,5,31,5,31,312.422
2021A00053512002,60,934,0,0,1,2,0,0,0,0,0,0,1,2,0,0,4,56,4,56,2.5191
2021A00053512004,0,0,0,0,0,0,0,0,0,0,0,0,0,0,0,0,0,0,0,0,72.0182
2021A00053512005,1828,35379,9,1221,28,795,19,625,4,25,1,63,9,215,0,0,83,2769,85,2878,247.1474
2021A00053512015,816,13445,0,0,14,200,10,165,7,568,5,28,6,130,0,0,69,1337,71,1418,495.4493
2021A00053512020,230,1821,1,4,4,25,0,0,0,0,4,104,0,0,0,0,31,198,31,198,282.4797
2021A00053512026,127,1145,0,0,3,28,1,3,0,0,4,47,0,0,0,0,13,98,13,98,222.791
2021A00053512030,122,1373,0,0,0,0,1,3,0,0,3,37,0,0,0,0,11,53,11,53,918.6062
2021A00053512036,42,326,1,4,1,4,1,4,0,0,2,22,0,0,0,0,6,65,6,65,274.5829
2021A00053512046,82,717,0,0,0,0,0,0,0,0,1,3,0,0,0,0,2,6,2,6,538.2434
2021A00053512048,9,63,0,0,0,0,0,0,0,0,0,0,0,0,0,0,0,0,0,0,433.3073
2021A00053512051,7,41,0,0,0,0,0,0,0,0,0,0,0,0,0,0,0,0,0,0,201.0358
2021A00053512054,25,159,0,0,1,5,0,0,0,0,0,0,0,0,0,0,2,12,2,12,215.8709
2021A00053512058,38,358,0,0,0,0,0,0,0,0,3,44,0,0,0,0,3,44,3,44,217.4359
2021A00053512061,329,3939,1,13,4,17,4,51,1,6,11,83,1,6,0,0,18,118,18,118,227.5367
2021A00053512065,15,121,0,0,0,0,0,0,0,0,1,6,0,0,0,0,1,6,1,6,385.3241
2021A00053512076,48,312,0,0,1,3,1,3,1,3,2,7,1,3,0,0,6,22,6,22,966.5818
2021A00053513020,986,9996,1,3,21,190,7,20,1,3,3,20,3,8,1,2,116,921,117,924,1052.6069
2021A00053514004,303,2890,3,29,2,16,2,5,0,0,2,10,0,0,1,2,26,165,26,165,223.2437
2021A00053514014,150,2014,1,11,4,152,4,120,0,0,1,13,3,215,0,0,13,408,15,517,202.2244
2021A00053514019,108,712,0,0,0,0,1,35,0,0,1,7,1,35,0,0,14,45,15,80,256.0285
2021A00053514020,432,7709,3,386,4,112,4,576,1,12,1,2,3,504,1,24,25,919,26,1256,278.8006
2021A00053514021,886,14166,7,71,18,339,15,210,5,181,5,187,7,89,1,50,56,1166,59,1223,22.4082
2021A00053514024,126,1165,0,0,1,15,1,15,0,0,1,15,0,0,0,0,12,53,12,53,398.25
2021A00053514027,0,0,0,0,0,0,0,0,0,0,0,0,0,0,0,0,0,0,0,0,12.5932
2021A00053514045,329,4270,1,3,9,52,5,45,0,0,3,151,1,2,1,3,45,313,45,313,513.8469
2021A00053515003,180,1879,1,3,1,3,2,6,0,0,4,16,0,0,0,0,19,70,19,70,161.6153
2021A00053515005,255,3529,1,232,3,19,4,255,0,0,0,0,2,18,1,232,29,335,30,350,346.1528
2021A00053515008,3,428,0,0,0,0,0,0,0,0,0,0,0,0,0,0,0,0,0,0,8.9288
2021A00053515013,265,3264,2,11,5,62,2,23,1,7,2,10,1,2,1,2,27,139,27,139,306.3893
2021A00053515014,2397,45680,10,874,35,853,16,728,3,149,6,242,9,331,0,0,73,1554,77,2141,64.7565
2021A00053515015,650,7051,1,50,9,147,7,198,2,126,3,47,3,144,1,50,37,421,37,421,316.117
2021A00053515019,9,202,0,0,0,0,0,0,0,0,0,0,0,0,0,0,0,0,0,0,6.6369
2021A00053515023,136,1338,0,0,2,4,3,7,0,0,3,36,0,0,0,0,11,56,11,56,459.4605
2021A00053515030,102,885,1,4,3,25,1,3,1,3,0,0,2,21,0,0,5,160,5,160,529.3526
2021A00053515037,87,760,0,0,1,2,1,3,0,0,1,3,1,2,0,0,3,137,3,137,746.3451
2021A00053515044,180,1504,2,5,2,5,1,2,0,0,2,5,0,0,1,2,15,178,16,181,833.7181
2021A00053516010,1976,23919,5,368,23,317,18,546,2,15,9,158,8,104,3,28,130,1082,133,1469,3033.6565
2021A00053518001,2685,37749,11,128,60,1759,30,555,9,270,12,84,15,664,1,24,120,2611,129,3109,231.1049
2021A00053518005,2686,34270,16,444,51,1459,26,771,3,60,8,57,16,211,3,62,104,2145,109,2220,66.6437
2021A00053518009,3373,51181,19,788,53,1902,24,1638,2,120,9,196,16,825,2,26,105,2661,114,2986,146.6948
2021A00053518013,3317,52882,12,870,29,389,22,470,1,3,6,84,9,101,5,205,77,1364,85,1636,145.7163
2021A00053518017,2004,24342,6,184,22,263,15,378,2,40,9,140,7,91,3,138,104,1942,105,1977,610.8417
2021A00053518020,748,9110,6,52,12,51,8,33,2,6,3,139,4,11,1,2,63,516,66,525,474.3769
2021A00053518022,0,0,0,0,0,0,0,0,0,0,0,0,0,0,0,0,0,0,0,0,2.5714
2021A00053518029,841,10748,5,112,13,187,13,362,2,18,8,125,5,114,1,50,74,745,79,919,420.5191
2021A00053518039,360,3783,2,110,3,15,7,143,0,0,1,3,2,46,1,50,39,290,41,308,422.6386
2021A00053519028,17813,270956,115,7023,423,17242,281,12047,37,584,148,3656,134,3286,8,100,875,22486,983,30540,272.4441
2021A00053519036,14440,195616,64,2271,225,4856,89,2063,13,169,53,943,47,1515,2,10,486,8429,502,8793,210.9319
2021A00053519038,8497,87726,31,1014,133,2805,56,1563,7,117,24,377,43,725,2,7,234,3972,244,4448,100.7897
2021A00053519044,1712,20353,8,70,31,341,20,180,5,45,5,149,18,142,1,10,80,716,88,820,206.4178
2021A00053519046,2274,32319,14,949,44,1559,22,1325,5,64,7,75,9,105,1,24,88,1760,92,2693,50.0009
2021A00053519048,3035,43237,27,2350,81,3176,44,2260,5,46,6,40,16,441,6,210,130,3833,142,4261,38.501
2021A00053519049,1060,10721,2,6,6,20,3,9,0,0,4,26,0,0,0,0,40,247,40,247,332.1164
2021A00053519054,1010,11166,3,514,18,904,5,21,2,10,1,1,5,14,0,0,45,985,48,994,244.9061
2021A00053519070,1060,9981,4,78,10,175,7,139,0,0,4,54,5,90,1,2,36,327,40,414,287.69
2021A00053519076,0,0,0,0,0,0,0,0,0,0,0,0,0,0,0,0,0,0,0,0,14.4724
2021A00053520005,95786,1659592,273,7164,1240,31548,594,13747,101,2584,294,5748,331,6617,25,313,2861,56689,2995,63224,631.0983
2021A00053521005,28314,544497,187,7726,614,19760,349,11017,53,851,149,3452,156,3640,20,723,1251,30617,1355,35708,292.7442
2021A00053521010,27112,240936,93,4227,294,8381,219,6974,36,906,89,1244,110,3449,18,951,617,15361,683,19706,265.8874
2021A00053521024,3659,41920,12,95,60,644,47,805,6,89,22,413,26,485,3,6,184,2201,194,2497,688.8179
2021A00053522001,94,1051,1,83,2,104,2,104,0,0,0,0,0,0,0,0,10,121,10,121,166.5014
2021A00053522008,152,1739,2,7,3,342,5,368,0,0,0,0,1,31,2,26,24,144,25,479,265.015
2021A00053522010,96,855,0,0,0,0,0,0,0,0,0,0,0,0,0,0,7,17,7,17,158.5956
2021A00053522012,380,3108,2,5,13,68,11,106,2,16,2,6,3,8,1,2,38,227,39,230,278.3715
2021A00053522014,912,14251,1,9,15,216,6,94,3,129,2,17,6,89,0,0,45,431,46,446,15.1629
2021A00053522016,104,1014,1,3,3,9,0,0,0,0,0,0,1,2,0,0,14,55,14,55,286.1696
2021A00053522019,116,888,1,3,6,22,9,43,0,0,1,3,3,21,0,0,28,65,29,80,310.3935
2021A00053522021,197,2121,1,2,2,5,1,3,1,3,2,17,1,3,0,0,12,44,12,44,6.5613
2021A00053523001,430,6917,4,112,7,67,8,183,1,6,3,105,2,9,1,100,44,1091,45,1094,214.8178
2021A00053523008,4274,84299,61,9131,138,9724,79,4461,7,96,22,480,29,727,10,1124,258,12596,281,14632,87.4266
2021A00053523009,412,4000,2,4,4,44,3,42,0,0,3,107,1,35,0,0,32,206,33,241,292.8398
2021A00053523017,369,3433,1,3,8,124,9,179,0,0,6,22,5,126,0,0,41,258,46,384,298.8125
2021A00053523025,923,12641,8,212,21,772,12,643,2,314,10,71,6,48,1,33,89,1019,92,1576,409.4126
2021A00053523033,345,3621,7,61,14,93,17,125,1,12,5,109,3,34,3,12,91,664,92,679,535.5585
2021A00053523043,308,4263,1,530,2,14,5,555,1,12,4,28,2,15,0,0,53,221,54,751,300.1856
2021A00053523050,445,6590,4,850,5,910,6,305,0,0,3,20,3,135,1,231,69,1215,71,1779,526.3075
2021A00053524001,8767,126613,48,2238,143,3976,80,2267,8,185,9,86,39,654,10,123,259,5763,279,6248,138.9434
2021A00053524002,6799,117000,50,1980,161,4521,82,2742,12,260,23,687,46,1428,7,182,323,7079,336,8257,186.1219
2021A00053524009,3743,46663,22,852,58,1790,31,1321,6,114,9,42,9,474,6,201,139,2649,144,3276,363.8308
2021A00053524015,2063,27065,9,519,35,906,25,594,3,12,9,246,13,281,1,2,106,2042,112,2171,276.8103
2021A00053525005,15025,226753,73,2778,238,5562,169,5798,31,718,51,698,90,3794,18,548,665,11949,708,14447,1118.3101
2021A00053526003,735,10887,3,61,19,994,10,201,4,88,0,0,3,75,0,0,41,1350,42,1353,166.2419
2021A00053526011,454,7236,1,2,6,191,6,194,0,0,3,86,6,289,0,0,28,530,31,614,121.9886
2021A00053526014,130,1170,2,15,2,17,2,17,0,0,0,0,1,3,0,0,21,56,21,56,217.5264
2021A00053526021,523,5401,2,107,7,70,5,92,0,0,12,180,2,6,1,2,69,957,70,960,387.0155
2021A00053526028,550,6111,1,3,3,21,3,51,1,3,4,56,2,5,0,0,43,309,44,324,126.345
2021A00053526032,1201,19459,3,37,15,347,15,676,2,12,0,0,14,694,0,0,45,1147,49,1227,81.1574
2021A00053526037,511,9338,2,9,6,62,4,51,0,0,1,34,5,88,0,0,20,171,22,213,83.2949
2021A00053526043,2376,46163,8,190,39,676,18,358,3,72,7,228,6,191,1,50,80,1834,84,1902,210.2536
2021A00053526047,926,17893,1,2,17,194,6,48,0,0,2,6,1,2,0,0,131,2021,131,2021,131.3489
2021A00053526053,3843,62210,8,901,60,2023,32,909,3,38,13,244,12,159,1,10,159,2485,168,3528,96.1956
2021A00053526057,928,16105,11,318,29,539,16,378,1,3,5,42,6,120,1,2,156,2152,160,2271,162.7382
2021A00053526065,714,10817,4,154,9,244,11,410,1,3,1,3,3,20,4,154,40,683,41,698,68.71
2021A00053528018,1422,18070,6,155,27,519,16,1079,3,40,14,136,11,1085,1,50,176,2354,181,2416,1250.4518
2021A00053528035,0,0,0,0,0,0,0,0,0,0,0,0,0,0,0,0,0,0,0,0,5.08
2021A00053528037,1,3,0,0,0,0,0,0,0,0,0,0,0,0,0,0,0,0,0,0,30.5884
2021A00053528052,1873,27871,6,346,32,1144,22,970,5,440,8,57,15,287,1,50,296,2671,304,3322,1597.6839
2021A00053529005,1188,16641,5,70,25,675,23,1390,4,198,7,369,13,449,3,726,159,2391,164,2525,817.6558
2021A00053529006,2871,49712,22,990,84,3242,55,2614,15,188,20,871,25,631,4,272,203,6168,211,6542,98.6476
2021A00053529020,54,2523,0,0,0,0,0,0,0,0,0,0,0,0,0,0,2,124,2,124,157.6959
2021A00053529021,5,178,0,0,0,0,0,0,0,0,0,0,0,0,0,0,0,0,0,0,20.1015
2021A00053530004,382,6627,5,143,13,486,14,580,6,95,2,66,7,189,3,106,50,865,52,974,188.0908
2021A00053530010,4227,81993,51,3102,147,7304,102,5307,11,565,17,275,36,1385,12,650,281,10375,304,11296,112.994
2021A00053530013,6443,111712,45,1913,101,2884,68,3330,15,365,31,846,26,608,6,287,248,7404,258,8639,136.8149
2021A00053530016,3733,70834,26,1409,93,2527,39,1742,5,97,9,186,15,564,2,29,174,4126,178,4677,64.056
2021A00053530020,709,9190,4,394,15,632,12,453,0,0,8,85,7,263,1,2,83,1081,86,1125,263.8128
2021A00053530027,534,5196,15,77,61,439,64,394,17,92,28,376,26,170,2,12,154,850,164,960,277.7402
2021A00053530035,1043,18064,17,565,48,1085,42,937,7,58,8,87,18,219,5,203,119,1887,127,2041,326.5574
2021A00053531011,1174,23865,13,3178,38,3053,29,3100,4,97,4,15,10,268,0,0,84,2967,94,5392,30.021
2021A00053531013,148,1407,1,83,1,83,1,83,0,0,2,33,0,0,0,0,35,249,35,249,391.876
2021A00053531016,354,6568,3,404,11,185,6,412,1,3,1,3,3,8,1,2,67,1015,69,1355,12.4384
2021A00053531025,367,4615,3,24,11,132,5,20,2,5,2,6,3,8,0,0,82,417,83,420,578.8821
2021A00053531030,351,3162,6,86,12,51,18,143,2,6,11,46,8,37,2,73,102,442,106,462,711.9316
2021A00053531040,616,9432,10,818,17,511,21,846,3,21,7,37,6,59,1,2,145,1174,149,1606,493.0943
2021A00053532002,399,4390,5,95,11,187,10,194,0,0,5,47,0,0,0,0,95,666,97,753,424.0077
2021A00053532004,610,10557,9,1164,24,2009,20,1715,3,100,8,204,9,236,0,0,59,1491,65,2752,22.1989
2021A00053532012,172,1922,1,83,2,117,1,83,0,0,0,0,0,0,0,0,60,329,60,329,369.6061
2021A00053532018,386,7058,7,704,9,225,6,287,2,31,1,3,5,216,0,0,36,1348,37,1421,12.7336
2021A00053532027,335,3033,1,2,4,9,3,7,2,5,1,3,2,5,0,0,114,721,114,721,529.1875
2021A00053532038,275,3061,2,4,6,153,4,43,0,0,0,0,1,4,0,0,52,319,52,319,241.9577
2021A00053532042,1640,27655,15,2453,34,1747,32,2786,5,124,4,177,9,344,5,346,117,3431,125,4853,56.4608
2021A00053532045,270,2400,4,11,9,51,4,157,0,0,1,6,3,160,0,0,57,257,58,405,382.0288
2021A00053534005,184,2328,1,100,3,40,3,106,1,6,1,3,3,41,1,100,29,221,30,224,244.6009
2021A00053534010,84,995,1,33,2,6,3,48,0,0,1,13,3,41,2,43,21,157,23,195,394.2655
2021A00053534011,540,7390,4,301,17,750,17,1190,3,116,7,82,7,241,2,104,78,1538,80,1619,6.37
2021A00053534020,358,3947,0,0,2,9,2,9,1,6,1,7,1,6,0,0,47,200,48,203,279.8739
2021A00053534021,1057,18229,8,652,21,1789,12,1706,0,0,5,125,2,17,0,0,71,1955,76,2719,35.6062
2021A00053534024,98,1165,1,2,0,0,0,0,0,0,1,7,0,0,0,0,15,57,15,57,301.3777
2021A00053534030,135,1245,0,0,0,0,0,0,0,0,2,5,0,0,0,0,21,50,21,50,294.3827
2021A00053534042,137,1450,3,303,4,305,0,0,0,0,1,69,0,0,1,3,25,451,25,451,322.0882
2021A00053536020,3213,52216,24,1471,71,2745,54,2097,10,209,21,384,28,711,3,103,442,5261,456,6664,2451.9038
2021A00053536029,3,89,0,0,0,0,0,0,0,0,0,0,0,0,0,0,0,0,0,0,12.6213
2021A00053537001,12,92,0,0,0,0,0,0,0,0,0,0,0,0,0,0,1,3,1,3,41.0306
2021A00053537003,822,19331,3,153,16,822,13,595,5,192,3,62,7,275,1,5,71,1121,73,1340,261.2438
2021A00053537013,628,12771,2,52,20,626,15,527,4,87,5,27,6,125,1,50,80,1407,85,1676,246.0773
2021A00053537016,510,7794,4,59,8,89,9,311,2,131,4,23,4,176,1,50,50,469,54,588,277.5327
2021A00053537028,464,6858,3,624,7,732,4,631,0,0,3,38,1,7,0,0,38,951,40,1103,183.7604
2021A00053537034,696,7728,3,95,10,574,6,192,0,0,2,37,2,10,0,0,18,654,22,809,64.9553
2021A00053537039,5801,105288,45,5077,112,6431,75,4996,10,290,10,167,27,552,6,93,230,7067,260,11739,146.0197
2021A00053537048,903,16190,14,267,43,930,36,942,8,209,5,57,12,431,1,24,102,2790,114,3283,94.5916
2021A00053537064,1287,18697,13,1868,37,3342,30,2937,5,39,1,3,12,727,2,105,103,2929,113,4404,528.9961
2021A00053538003,296,6121,0,0,10,435,4,222,2,6,1,3,12,1060,0,0,41,1181,42,1255,618.5651
2021A00053538004,0,0,0,0,0,0,0,0,0,0,0,0,0,0,0,0,0,0,0,0,137.4297
2021A00053538007,10,118,0,0,0,0,0,0,0,0,1,3,0,0,0,0,4,6,4,6,445.1361
2021A00053538015,65,531,0,0,1,8,0,0,0,0,0,0,1,8,0,0,14,39,14,39,311.4146
2021A00053538016,9,83,0,0,0,0,0,0,0,0,0,0,0,0,0,0,2,2,2,2,338.0538
2021A00053538018,17,127,0,0,0,0,0,0,0,0,0,0,2,24,0,0,4,28,4,28,8.1432
2021A00053538019,201,3585,1,134,2,89,4,58,0,0,0,0,3,23,0,0,24,446,25,461,12.4587
2021A00053538025,0,0,0,0,0,0,0,0,0,0,0,0,0,0,0,0,0,0,0,0,12.5788
2021A00053538030,1941,37672,3,109,28,1088,15,697,2,18,3,40,25,1461,0,0,71,1885,77,2081,163.8953
2021A00053538031,113,1945,0,0,3,41,2,35,1,28,1,13,2,35,0,0,7,102,8,109,3.2994
2021A00053538035,170,2329,0,0,2,76,0,0,0,0,0,0,1,2,0,0,27,162,27,162,318.8578
2021A00053538040,476,5119,1,3,8,51,4,24,1,3,3,9,2,10,0,0,65,363,66,378,330.5658
2021A00053538043,122,1493,0,0,0,0,0,0,0,0,4,146,0,0,0,0,38,252,38,252,290.2073
2021A00053538056,17,346,0,0,0,0,0,0,0,0,0,0,0,0,0,0,0,0,0,0,9.322
2021A00053539002,19,308,0,0,0,0,0,0,0,0,1,3,0,0,0,0,1,3,1,3,1.7701
2021A00053539005,208,2352,2,423,2,84,1,83,0,0,0,0,0,0,0,0,33,488,33,488,427.8151
2021A00053539015,721,14211,5,563,18,1348,9,488,2,604,7,72,3,88,1,74,83,2408,85,2458,270.8591
2021A00053539017,0,0,0,0,0,0,0,0,0,0,0,0,0,0,0,0,0,0,0,0,42.4948
2021A00053539018,0,0,0,0,0,0,0,0,0,0,0,0,0,0,0,0,0,0,0,0,11.1904
2021A00053539021,3,428,0,0,0,0,0,0,0,0,0,0,0,0,0,0,0,0,0,0,22.1427
2021A00053539027,428,4880,2,23,12,98,7,56,5,19,2,133,6,50,0,0,67,464,68,499,433.9936
2021A00053539033,737,7503,1,4,9,48,5,14,0,0,6,95,1,3,0,0,76,458,77,461,588.158
2021A00053539036,11307,207887,59,2621,177,7042,92,4313,14,501,36,831,41,1378,4,314,400,11443,420,12724,420.4995
2021A00053539041,203,1556,0,0,4,22,5,25,0,0,1,3,1,15,0,0,47,137,48,152,598.6485
2021A00053539047,61,494,0,0,0,0,0,0,0,0,0,0,0,0,0,0,22,76,22,76,331.1133
2021A00053539060,184,1588,1,5,6,22,5,23,1,3,0,0,3,17,0,0,32,112,34,126,169.0773
2021A00053540005,407,6873,2,104,10,327,7,360,0,0,4,38,1,148,2,55,63,642,65,793,425.1176
2021A00053540010,307,3390,4,37,9,91,3,20,0,0,0,0,1,15,0,0,66,302,67,317,416.704
2021A00053540025,236,3045,1,24,3,8,4,79,1,3,3,19,2,74,0,0,33,239,33,239,449.4347
2021A00053540028,413,6096,1,6,6,30,2,9,0,0,2,5,0,0,0,0,32,733,32,733,8.5371
2021A00053540040,280,3712,4,43,6,54,5,57,0,0,1,7,1,9,0,0,73,338,73,338,669.1529
2021A00053540046,107,821,0,0,3,11,3,11,2,9,1,15,2,9,0,0,34,148,34,148,286.5534
2021A00053540050,110,1325,1,9,2,16,4,29,0,0,2,36,2,14,0,0,29,460,31,474,376.8892
2021A00053540055,222,3193,0,0,3,125,3,186,0,0,2,18,1,4,0,0,36,407,36,407,179.0142
2021A00053540063,43,281,0,0,0,0,0,0,0,0,0,0,0,0,0,0,10,44,10,44,586.877
2021A00053541004,181,1698,0,0,2,53,3,12,0,0,5,48,0,0,1,2,42,242,42,242,486.8643
2021A00053541015,185,1471,1,9,1,9,1,9,0,0,0,0,0,0,0,0,32,128,32,128,440.729
2021A00053541024,382,6555,0,0,3,45,1,21,0,0,2,5,1,18,0,0,32,655,32,655,537.795
2021A00053541032,379,5139,2,146,5,244,1,30,0,0,9,96,0,0,0,0,56,539,57,546,564.6422
2021A00053541043,212,2366,1,13,3,12,4,47,2,5,1,15,4,71,0,0,36,161,37,196,458.7569
2021A00053541045,469,5040,2,5,4,20,2,6,1,3,2,5,1,3,0,0,20,85,20,85,170.1938
2021A00053541055,330,3547,2,6,3,34,1,28,1,28,2,22,1,28,0,0,24,199,25,202,530.6122
2021A00053541056,0,0,0,0,0,0,0,0,0,0,0,0,0,0,0,0,0,0,0,0,5.7586
2021A00053541057,2,153,0,0,0,0,0,0,0,0,0,0,0,0,0,0,0,0,0,0,41.4158
2021A00053541060,3,200,0,0,0,0,0,0,0,0,0,0,0,0,0,0,0,0,0,0,63.7573
2021A00053541069,209,1866,0,0,2,34,0,0,0,0,0,0,0,0,0,0,6,45,6,45,775.696
2021A00053542004,115,932,0,0,1,3,0,0,0,0,2,10,1,3,0,0,18,176,18,176,875.2086
2021A00053542005,437,3939,2,7,38,151,36,144,9,48,11,47,15,78,0,0,105,438,107,444,643.0785
2021A00053542015,417,4780,4,9,31,120,34,128,9,37,7,21,11,43,0,0,81,367,83,373,879.0298
2021A00053542029,387,6128,3,7,6,106,0,0,0,0,2,9,3,104,0,0,35,368,35,368,9.7802
2021A00053542037,170,1153,0,0,2,15,2,15,2,15,3,40,1,12,0,0,32,117,32,117,594.4351
2021A00053542045,478,7000,1,2,6,25,2,90,1,3,6,25,2,6,0,0,48,509,48,509,284.6528
2021A00053542047,346,2751,1,5,2,6,0,0,0,0,2,10,1,3,0,0,39,159,39,159,587.5653
2021A00053542053,345,4746,1,7,5,101,2,90,1,6,4,10,3,47,1,7,35,237,35,237,599.9631
2021A00053542059,798,13438,1,42,4,339,4,137,0,0,2,49,2,41,1,5,26,626,26,626,24.2137
2021A00053543003,281,1782,1,2,5,12,4,15,1,3,3,13,1,3,0,0,25,95,25,95,371.5321
2021A00053543005,465,4602,2,5,11,176,10,47,2,9,8,30,5,34,0,0,58,372,62,400,556.3745
2021A00053543007,1422,18922,9,1651,20,1306,18,641,2,6,10,123,12,209,0,0,87,1488,93,2309,273.8681
2021A00053543009,771,8192,1,64,7,89,6,26,1,6,5,84,3,17,0,0,38,274,39,281,535.8534
2021A00053543014,1027,10838,8,224,19,534,11,471,2,9,7,62,6,346,1,7,59,449,64,1037,200.6757
2021A00053543015,512,4614,0,0,5,55,4,48,2,31,4,23,3,34,0,0,28,327,28,327,523.0626
2021A00053543017,1109,11527,4,91,18,160,11,139,2,15,3,68,7,39,0,0,53,363,56,396,262.3924
2021A00053543019,229,2114,0,0,6,50,3,37,1,3,0,0,1,3,0,0,19,329,19,329,414.9354
2021A00053543021,386,4715,1,11,0,0,1,2,0,0,1,126,0,0,1,2,23,514,23,514,279.9158
2021A00053543023,530,5829,5,97,18,685,14,729,2,31,2,6,5,39,4,135,51,1002,53,1008,585.4177
2021A00053543031,1116,15860,3,250,14,273,4,290,0,0,3,79,4,54,0,0,45,876,46,883,33.1545
2021A00053543042,4556,75980,24,403,81,1953,58,1396,4,40,15,271,16,167,5,110,181,3314,195,3828,99.0088
2021A00053543050,15,1610,0,0,0,0,0,0,0,0,0,0,0,0,0,0,0,0,0,0,11.1544
2021A00053543052,1046,15969,2,41,17,575,9,359,3,21,4,94,8,47,0,0,40,1032,42,1038,28.5294
2021A00053543064,438,4776,0,0,5,14,4,11,0,0,1,2,0,0,0,0,10,23,10,23,57.4219
2021A00053543068,291,2455,1,2,3,19,2,21,0,0,2,21,1,7,0,0,17,71,18,78,335.0513
2021A00053543069,0,0,0,0,0,0,0,0,0,0,0,0,0,0,0,0,0,0,0,0,51.9051
2021A00053543070,0,0,0,0,0,0,0,0,0,0,0,0,0,0,0,0,0,0,0,0,0.0707
2021A00053543071,182,1150,1,4,2,6,3,9,1,3,3,7,0,0,0,0,15,50,15,50,137.8564
2021A00053543072,229,4015,4,362,5,360,5,53,0,0,1,3,1,2,1,2,11,406,12,440,25.4227
2021A00053543074,618,12341,3,737,10,778,7,761,2,88,3,47,2,88,0,0,33,1423,33,1423,35.329
2021A00053544002,466,5503,3,11,9,224,5,21,0,0,3,13,2,10,1,5,21,294,23,304,489.1123
2021A00053544018,797,10700,5,102,4,47,4,43,0,0,6,96,3,11,2,72,31,640,32,675,615.1973
2021A00053544027,178,1809,1,13,2,61,0,0,0,0,1,6,0,0,0,0,9,129,9,129,667.4319
2021A00053544042,1041,12267,1,125,7,162,4,142,0,0,11,75,3,28,0,0,39,603,40,610,705.1844
2021A00053544053,314,3990,0,0,1,3,2,6,0,0,2,6,0,0,0,0,11,94,11,94,774.4616
2021A00053544065,176,1776,0,0,3,13,2,6,0,0,1,6,2,6,0,0,2,13,4,19,525.2865
2021A00053544071,0,0,0,0,0,0,0,0,0,0,0,0,0,0,0,0,0,0,0,0,59.6586
2021A00053544073,0,0,0,0,0,0,0,0,0,0,0,0,0,0,0,0,0,0,0,0,3.139
2021A00053546005,67,553,0,0,0,0,1,14,0,0,3,36,0,0,0,0,6,70,6,70,688.1824
2021A00053546015,245,2281,2,6,4,9,3,41,0,0,1,15,1,35,0,0,8,30,9,65,847.3722
2021A00053546018,42,358,0,0,2,24,1,21,0,0,0,0,0,0,0,0,3,39,3,39,999.6942
2021A00053546024,340,3514,0,0,1,6,1,15,0,0,4,44,1,15,0,0,9,86,10,101,1474.2204
2021A00053547002,299,5318,1,9,7,330,4,139,1,15,1,2,4,41,0,0,17,405,19,423,13.0382
2021A00053547003,146,906,0,0,4,9,2,5,0,0,3,42,0,0,0,0,16,71,16,71,255.2754
2021A00053547008,68,592,0,0,0,0,0,0,0,0,1,2,0,0,0,0,1,2,1,2,1018.1487
2021A00053547020,26,182,1,2,2,7,3,10,0,0,4,54,0,0,0,0,6,61,6,61,701.2927
2021A00053547030,161,2413,0,0,1,45,1,7,0,0,7,35,0,0,0,0,9,85,9,85,665.8288
2021A00053547033,76,468,0,0,0,0,0,0,0,0,2,4,0,0,0,0,4,8,4,8,391.6037
2021A00053547035,122,1022,0,0,0,0,2,10,0,0,8,92,0,0,0,0,12,98,12,98,588.3577
2021A00053547037,12,255,0,0,0,0,0,0,0,0,0,0,0,0,0,0,1,2,1,2,7.3822
2021A00053547043,28,152,0,0,0,0,0,0,0,0,0,0,0,0,0,0,5,7,5,7,519.5858
2021A00053547046,68,994,0,0,0,0,0,0,0,0,0,0,0,0,0,0,2,4,2,4,158.0226
2021A00053547048,343,6031,0,0,5,170,2,42,0,0,5,169,3,50,0,0,23,404,25,446,12.8111
2021A00053547056,201,2247,0,0,5,395,3,18,1,6,2,6,4,344,0,0,33,471,34,478,535.4753
2021A00053547064,487,9509,1,26,2,165,1,26,0,0,1,3,0,0,0,0,8,223,8,223,14.3232
2021A00053547070,22,337,0,0,0,0,0,0,0,0,1,143,0,0,0,0,1,143,1,143,369.2335
2021A00053547075,255,3989,0,0,2,6,2,6,1,3,3,19,1,3,0,0,23,405,23,405,539.0791
2021A00053547076,234,3450,0,0,0,0,0,0,0,0,5,127,1,8,0,0,10,145,10,145,164.6987
2021A00053547090,13,734,0,0,0,0,1,3,0,0,1,3,0,0,0,0,1,3,1,3,634.3101
2021A00053547096,90,1209,0,0,0,0,0,0,0,0,2,8,0,0,0,0,2,8,2,8,50.2714
2021A00053547098,4,28,0,0,0,0,0,0,0,0,0,0,0,0,0,0,0,0,0,0,719.1993
2021A00053548001,28,471,0,0,0,0,0,0,0,0,2,215,0,0,0,0,2,215,2,215,867.733
2021A00053548013,0,0,0,0,0,0,0,0,0,0,0,0,0,0,0,0,0,0,0,0,564.2333
2021A00053548019,5,19,0,0,0,0,0,0,0,0,0,0,0,0,0,0,0,0,0,0,200.12
2021A00053548021,93,1158,1,70,0,0,0,0,0,0,1,2,0,0,1,70,4,77,4,77,3.6659
2021A00053548022,0,0,0,0,0,0,0,0,0,0,0,0,0,0,0,0,0,0,0,0,140.1323
2021A00053548027,31,341,0,0,0,0,1,21,0,0,0,0,0,0,0,0,4,146,4,146,206.2199
2021A00053548031,17,123,0,0,1,7,2,10,0,0,1,3,1,3,0,0,5,19,6,22,205.7694
2021A00053548034,101,1193,0,0,0,0,1,2,0,0,1,7,0,0,0,0,4,12,4,12,151.944
2021A00053548044,1679,32371,6,123,25,171,26,376,4,20,5,89,12,170,1,24,58,758,63,884,315.529
2021A00053548055,314,3599,1,6,2,24,4,61,2,24,2,36,3,59,0,0,18,116,19,151,1956.2716
2021A00053548069,50,534,0,0,0,0,0,0,0,0,0,0,0,0,0,0,0,0,0,0,1878.1232
2021A00053548072,3,172,0,0,0,0,0,0,0,0,0,0,0,0,0,0,0,0,0,0,2.8821
2021A00053548073,2,353,0,0,0,0,0,0,0,0,0,0,0,0,0,0,0,0,0,0,60.8709
2021A00053548091,0,0,0,0,0,0,0,0,0,0,0,0,0,0,0,0,0,0,0,0,6711.5074
2021A00053548094,5,23,0,0,0,0,0,0,0,0,0,0,0,0,0,0,0,0,0,0,3721.1959
2021A00053549003,185,1794,0,0,3,35,2,17,1,3,0,0,1,3,0,0,10,158,10,158,586.9928
2021A00053549005,32,348,0,0,0,0,1,15,0,0,0,0,1,15,0,0,0,0,1,15,592.1393
2021A00053549012,17,139,0,0,0,0,0,0,0,0,0,0,0,0,0,0,1,4,1,4,275.2585
2021A00053549014,65,499,1,2,2,5,0,0,0,0,2,5,0,0,0,0,6,14,6,14,186.339
2021A00053549018,27,165,0,0,0,0,0,0,0,0,0,0,0,0,0,0,0,0,0,0,528.2109
2021A00053549019,8,24,0,0,0,0,0,0,0,0,0,0,0,0,0,0,0,0,0,0,163.5236
2021A00053549022,84,899,2,33,2,33,3,173,0,0,1,3,1,140,0,0,6,180,6,180,3.0871
2021A00053549024,16,112,0,0,0,0,0,0,0,0,0,0,0,0,0,0,1,1,1,1,185.9324
2021A00053549028,33,338,0,0,1,2,1,3,0,0,1,3,0,0,0,0,3,7,3,7,176.0717
2021A00053549031,133,1022,1,7,3,69,2,63,2,63,0,0,1,60,0,0,6,85,7,92,264.0218
2021A00053549032,344,5592,0,0,2,62,0,0,0,0,2,6,0,0,0,0,10,157,10,157,13.1049
2021A00053549036,0,0,0,0,0,0,0,0,0,0,0,0,0,0,0,0,0,0,0,0,244.3243
2021A00053549039,26,162,0,0,0,0,0,0,0,0,0,0,0,0,0,0,0,0,0,0,923.6973
2021A00053549043,47,472,0,0,1,3,1,3,0,0,0,0,0,0,0,0,3,21,3,21,526.3069
2021A00053549046,23,225,0,0,0,0,0,0,0,0,1,6,0,0,0,0,2,7,2,7,158.8803
2021A00053549048,53,579,0,0,1,4,0,0,0,0,0,0,0,0,0,0,2,5,2,5,2.2455
2021A00053549051,5,27,0,0,0,0,0,0,0,0,0,0,0,0,0,0,2,18,2,18,193.9518
2021A00053549054,0,0,0,0,0,0,0,0,0,0,0,0,0,0,0,0,0,0,0,0,182.6485
2021A00053549056,61,587,0,0,1,5,1,5,0,0,3,18,0,0,0,0,7,66,7,66,4.1076
2021A00053549060,102,1133,0,0,0,0,1,3,0,0,3,8,0,0,0,0,7,25,7,25,223.2601
2021A00053549066,111,745,0,0,1,6,1,6,1,6,0,0,2,8,0,0,4,11,4,11,102.9822
2021A00053549071,28,156,0,0,0,0,0,0,0,0,1,3,0,0,0,0,4,8,4,8,387.9514
2021A00053549072,11,109,0,0,0,0,0,0,0,0,0,0,0,0,0,0,0,0,0,0,32.2451
2021A00053549073,0,0,0,0,0,0,0,0,0,0,0,0,0,0,0,0,0,0,0,0,71.3055
2021A00053549075,0,0,0,0,0,0,0,0,0,0,0,0,0,0,0,0,0,0,0,0,84.5404
2021A00053549076,3,117,0,0,0,0,0,0,0,0,0,0,0,0,0,0,0,0,0,0,25.8481
2021A00053549077,4,243,0,0,0,0,0,0,0,0,0,0,0,0,0,0,0,0,0,0,150.1918
2021A00053549078,19,209,0,0,0,0,0,0,0,0,0,0,0,0,0,0,1,3,1,3,44.4125
2021A00053549093,0,0,0,0,0,0,0,0,0,0,0,0,0,0,0,0,0,0,0,0,10.0123
2021A00053549095,3,9,0,0,0,0,0,0,0,0,0,0,0,0,0,0,0,0,0,0,183.0397
2021A00053549096,47,249,0,0,0,0,0,0,0,0,1,3,0,0,0,0,1,3,1,3,2587.288
2021A00053551001,19,117,0,0,0,0,0,0,0,0,0,0,0,0,0,0,0,0,0,0,131.7029
2021A00053551006,100,1251,0,0,0,0,0,0,0,0,1,7,0,0,0,0,5,17,5,17,427.6145
2021A00053551011,28,184,0,0,2,6,1,5,0,0,0,0,0,0,0,0,4,11,4,11,224.886
2021A00053551017,110,1218,0,0,2,9,0,0,0,0,1,3,0,0,0,0,6,44,6,44,489.1931
2021A00053551021,19,125,0,0,0,0,0,0,0,0,0,0,0,0,0,0,0,0,0,0,208.8094
2021A00053551026,78,1743,0,0,1,12,0,0,0,0,1,2,1,3,0,0,5,21,5,21,5.1404
2021A00053551027,10,70,0,0,0,0,0,0,0,0,0,0,0,0,0,0,0,0,0,0,263.4434
2021A00053551028,6,38,0,0,0,0,0,0,0,0,0,0,0,0,0,0,2,7,2,7,217.3349
2021A00053551034,0,0,0,0,0,0,0,0,0,0,0,0,0,0,0,0,0,0,0,0,168.9012
2021A00053551040,6,98,0,0,0,0,0,0,0,0,0,0,0,0,0,0,0,0,0,0,39.7322
2021A00053551041,1,75,0,0,0,0,0,0,0,0,0,0,0,0,0,0,0,0,0,0,6.4667
2021A00053551042,0,0,0,0,0,0,0,0,0,0,0,0,0,0,0,0,0,0,0,0,20.648
2021A00053551043,20,1057,0,0,0,0,0,0,0,0,0,0,0,0,0,0,1,8,1,8,409.0412
2021A00053551044,4,84,0,0,0,0,0,0,0,0,0,0,0,0,0,0,1,2,1,2,20.0621
2021A00053551045,24,443,0,0,1,7,0,0,0,0,0,0,0,0,0,0,1,7,1,7,32.9924
2021A00053551094,5,27,0,0,0,0,0,0,0,0,0,0,0,0,0,0,1,15,1,15,402.2868
2021A00053551100,0,0,0,0,0,0,0,0,0,0,0,0,0,0,0,0,0,0,0,0,5.2834
2021A00053552001,110,1061,0,0,1,28,2,37,1,28,6,130,1,28,0,0,10,191,10,191,717.9088
2021A00053552004,24,152,0,0,0,0,0,0,0,0,2,6,0,0,0,0,2,6,2,6,314.4614
2021A00053552013,26,158,0,0,0,0,1,5,0,0,0,0,0,0,0,0,3,12,3,12,505.924
2021A00053552023,49,770,0,0,0,0,0,0,0,0,2,4,0,0,0,0,5,11,5,11,801.0359
2021A00053552026,138,2910,0,0,1,13,0,0,0,0,2,4,0,0,0,0,5,112,5,112,81.0034
2021A00053552028,9,51,0,0,0,0,0,0,0,0,0,0,0,0,0,0,1,1,1,1,82.4898
2021A00053552031,7,276,0,0,1,6,1,6,1,6,2,74,1,6,0,0,3,80,3,80,159.1769
2021A00053552036,16,216,0,0,0,0,0,0,0,0,0,0,0,0,0,0,1,35,1,35,1469.3967
2021A00053552037,0,0,0,0,0,0,0,0,0,0,0,0,0,0,0,0,0,0,0,0,138.5486
2021A00053552051,5,222,0,0,0,0,0,0,0,0,0,0,0,0,0,0,0,0,0,0,170.1611
2021A00053552052,2,14,0,0,0,0,0,0,0,0,0,0,0,0,0,0,0,0,0,0,46.4286
2021A00053552053,5,43,0,0,0,0,0,0,0,0,0,0,0,0,0,0,0,0,0,0,7.6093
2021A00053552054,0,0,0,0,0,0,0,0,0,0,0,0,0,0,0,0,0,0,0,0,1.8577
2021A00053552056,0,0,0,0,0,0,0,0,0,0,0,0,0,0,0,0,0,0,0,0,9.2464
2021A00053552058,0,0,0,0,0,0,0,0,0,0,0,0,0,0,0,0,0,0,0,0,1.1689
2021A00053552092,72,979,0,0,0,0,0,0,0,0,4,150,1,13,0,0,6,166,6,166,13.1977
2021A00053552093,26,402,0,0,0,0,0,0,0,0,1,15,0,0,0,0,1,15,1,15,35377.1733
2021A00053553005,4264,85366,20,210,43,675,49,1467,4,320,11,72,35,3956,7,153,163,2504,186,5694,3186.2598
2021A00053553040,1,7,0,0,0,0,0,0,0,0,0,0,0,0,0,0,0,0,0,0,10.5917
2021A00053554001,8,56,0,0,0,0,0,0,0,0,1,2,0,0,0,0,1,2,1,2,177.9517
2021A00053554006,5,27,0,0,0,0,0,0,0,0,0,0,0,0,0,0,0,0,0,0,152.255
2021A00053554008,18,130,0,0,0,0,0,0,0,0,0,0,1,9,0,0,1,9,1,9,2.0667
2021A00053554014,10,78,0,0,0,0,0,0,0,0,0,0,0,0,0,0,2,5,2,5,49.812
2021A00053554020,443,7486,0,0,4,55,6,144,0,0,4,131,2,49,0,0,26,321,28,351,176.6664
2021A00053554021,9,450,0,0,0,0,0,0,0,0,0,0,0,0,0,0,0,0,0,0,90.2845
2021A00053554024,5,95,0,0,0,0,0,0,0,0,0,0,0,0,0,0,1,6,1,6,90.6561
2021A00053554026,0,0,0,0,0,0,0,0,0,0,0,0,0,0,0,0,0,0,0,0,92.3393
2021A00053554029,5,27,0,0,0,0,0,0,0,0,0,0,0,0,0,0,1,2,1,2,80.8019
2021A00053554032,2,6,0,0,0,0,0,0,0,0,0,0,0,0,0,0,0,0,0,0,81.9726
2021A00053554034,2,14,0,0,0,0,0,0,0,0,0,0,0,0,0,0,0,0,0,0,91.2675
2021A00053554036,64,708,0,0,3,11,3,82,1,3,1,14,2,77,0,0,18,80,19,154,90.163
2021A00053554038,24,220,0,0,2,32,0,0,0,0,0,0,0,0,0,0,7,48,7,48,6.5898
2021A00053554042,11,141,0,0,0,0,0,0,0,0,1,72,0,0,0,0,1,72,1,72,85.3967
2021A00053554044,4,16,0,0,0,0,0,0,0,0,0,0,0,0,0,0,1,2,1,2,92.7354
2021A00053554049,11,101,0,0,0,0,0,0,0,0,1,6,0,0,0,0,4,14,4,14,89.2084
2021A00053554052,63,1148,0,0,0,0,0,0,0,0,1,3,0,0,0,0,4,294,4,294,2.9177
2021A00053554054,1,3,0,0,0,0,0,0,0,0,0,0,0,0,0,0,0,0,0,0,110.8065
2021A00053554056,8,739,0,0,0,0,0,0,0,0,0,0,1,90,0,0,1,90,1,90,539.5577
2021A00053554057,0,0,0,0,0,0,0,0,0,0,0,0,0,0,0,0,0,0,0,0,33.0948
2021A00053554058,4,52,0,0,0,0,0,0,0,0,0,0,0,0,0,0,0,0,0,0,85.621
2021A00053554062,7,89,0,0,0,0,0,0,0,0,0,0,0,0,0,0,0,0,0,0,227.6201
2021A00053554066,1,7,0,0,0,0,0,0,0,0,0,0,0,0,0,0,0,0,0,0,87.9755
2021A00053554068,183,3779,0,0,1,6,2,90,0,0,2,70,2,93,0,0,7,194,7,194,261.2877
2021A00053554091,0,0,0,0,0,0,0,0,0,0,0,0,0,0,0,0,0,0,0,0,248.5485
2021A00053554094,17,119,0,0,0,0,1,3,0,0,2,5,0,0,0,0,3,6,3,6,10199.8049
2021A00053556014,56,1007,0,0,0,0,0,0,0,0,1,2,1,60,0,0,2,62,2,62,1161.8871
2021A00053556027,1137,23892,1,25,6,58,6,135,1,15,8,96,9,331,0,0,38,624,42,698,2955.3264
2021A00053556031,82,1472,0,0,0,0,0,0,0,0,0,0,0,0,0,0,1,3,1,3,599.0313
2021A00053556033,2,50,0,0,0,0,0,0,0,0,0,0,0,0,0,0,0,0,0,0,78.2318
2021A00053556042,179,3527,1,2,1,2,1,2,0,0,4,169,2,91,0,0,10,550,10,550,537.9017
2021A00053556048,33,395,0,0,0,0,0,0,0,0,0,0,0,0,0,0,1,2,1,2,199.7263
2021A00053556052,11,53,0,0,0,0,0,0,0,0,0,0,0,0,0,0,0,0,0,0,1010.4496
2021A00053556056,37,307,0,0,1,2,0,0,0,0,4,38,1,2,0,0,6,42,6,42,234.4636
2021A00053556066,264,4196,0,0,2,6,1,3,1,3,5,98,1,3,0,0,10,384,10,384,83.9818
2021A00053556070,14,98,0,0,0,0,0,0,0,0,2,5,0,0,0,0,2,5,2,5,378.8892
2021A00053556073,5,39,0,0,0,0,0,0,0,0,0,0,0,0,0,0,0,0,0,0,327.0935
2021A00053556076,223,3684,1,3,1,3,2,17,0,0,8,118,0,0,0,0,13,193,13,193,98.0598
2021A00053556077,5,27,0,0,0,0,0,0,0,0,0,0,0,0,0,0,0,0,0,0,412.8052
2021A00053556091,0,0,0,0,0,0,0,0,0,0,0,0,0,0,0,0,0,0,0,0,552.1833
2021A00053556092,9,35,0,0,0,0,0,0,0,0,2,5,0,0,0,0,2,5,2,5,130291.6337
2021A00053556093,15,468,0,0,0,0,0,0,0,0,0,0,0,0,0,0,0,0,0,0,3.5187
2021A00053556094,32,1170,0,0,0,0,0,0,0,0,0,0,0,0,0,0,0,0,0,0,3.2477
2021A00053556095,6,420,0,0,0,0,0,0,0,0,1,143,0,0,0,0,1,143,1,143,25.6923
2021A00053556096,0,0,0,0,0,0,0,0,0,0,0,0,0,0,0,0,0,0,0,0,169.1581
2021A00053556098,0,0,0,0,0,0,0,0,0,0,0,0,0,0,0,0,0,0,0,0,53.4596
2021A00053556100,0,0,0,0,0,0,0,0,0,0,0,0,0,0,0,0,0,0,0,0,58.1746
2021A00053556102,0,0,0,0,0,0,0,0,0,0,0,0,0,0,0,0,0,0,0,0,1.2863
2021A00053556106,0,0,0,0,0,0,0,0,0,0,0,0,0,0,0,0,0,0,0,0,547.826
2021A00053557001,9,63,0,0,0,0,0,0,0,0,1,2,0,0,0,0,2,3,2,3,130.4344
2021A00053557004,4,16,0,0,0,0,0,0,0,0,0,0,0,0,0,0,0,0,0,0,114.7674
2021A00053557006,5,27,0,0,0,0,0,0,0,0,0,0,0,0,0,0,0,0,0,0,2.5183
2021A00053557008,53,379,0,0,0,0,0,0,0,0,2,9,0,0,0,0,9,94,9,94,127.6514
2021A00053557011,0,0,0,0,0,0,0,0,0,0,0,0,0,0,0,0,0,0,0,0,103.2549
2021A00053557014,11,77,0,0,0,0,0,0,0,0,0,0,0,0,0,0,3,7,3,7,52.7917
2021A00053557016,15,177,0,0,0,0,0,0,0,0,0,0,0,0,0,0,1,2,1,2,119.4744
2021A00053557019,15,185,0,0,0,0,0,0,0,0,0,0,0,0,0,0,2,4,2,4,219.2418
2021A00053557021,27,205,0,0,0,0,0,0,0,0,0,0,0,0,0,0,2,5,2,5,6.0867
2021A00053557026,2,78,0,0,0,0,0,0,0,0,0,0,0,0,0,0,0,0,0,0,9.574
2021A00053557028,46,939,1,5,0,0,1,5,0,0,0,0,0,0,1,5,5,39,5,39,4.3829
2021A00053557035,46,525,0,0,1,3,0,0,0,0,3,76,0,0,0,0,8,126,8,126,451.8745
2021A00053557038,105,1848,0,0,0,0,0,0,0,0,1,3,1,130,0,0,4,171,4,171,513.98
2021A00053557039,23,153,0,0,0,0,1,9,0,0,0,0,0,0,0,0,1,9,1,9,106.8961
2021A00053557040,15,101,0,0,0,0,0,0,0,0,0,0,1,4,0,0,2,19,2,19,230.1653
2021A00053557041,212,3132,2,29,0,0,2,26,0,0,2,9,0,0,1,24,6,42,6,42,696.0558
2021A00053557051,54,482,0,0,1,3,1,3,0,0,0,0,1,3,0,0,2,5,3,8,163.2557
2021A00053557061,1761,35595,2,4,16,344,14,1226,4,52,9,86,12,1206,0,0,49,1747,53,1815,221.9912
2021A00053557066,12,92,0,0,0,0,0,0,0,0,0,0,0,0,0,0,0,0,0,0,84.9786
2021A00053557071,6,42,0,0,0,0,0,0,0,0,0,0,0,0,0,0,0,0,0,0,96.8279
2021A00053557072,7,308,0,0,0,0,0,0,0,0,0,0,0,0,0,0,1,2,1,2,76.1413
2021A00053557073,0,0,0,0,0,0,0,0,0,0,0,0,0,0,0,0,0,0,0,0,18.2616
2021A00053557074,10,226,0,0,0,0,0,0,0,0,1,63,0,0,0,0,1,63,1,63,213.7053
2021A00053557075,14,780,0,0,0,0,1,35,0,0,0,0,1,35,0,0,0,0,1,35,15.3923
2021A00053557076,115,1616,0,0,0,0,0,0,0,0,0,0,1,58,0,0,5,75,5,75,411.8873
2021A00053557077,0,0,0,0,0,0,0,0,0,0,0,0,0,0,0,0,0,0,0,0,6.7056
2021A00053557078,1,15,0,0,0,0,0,0,0,0,0,0,0,0,0,0,0,0,0,0,34.1179
2021A00053557079,11,492,0,0,0,0,0,0,0,0,1,2,1,58,0,0,2,60,2,60,87.5281
2021A00053557091,33,825,0,0,0,0,0,0,0,0,2,159,1,58,0,0,3,217,3,217,95.5535
2021A00053557092,0,0,0,0,0,0,0,0,0,0,0,0,0,0,0,0,0,0,0,0,0.7079
2021A00053557094,0,0,0,0,0,0,0,0,0,0,0,0,0,0,0,0,0,0,0,0,43.1748
2021A00053557095,71,589,0,0,0,0,1,3,0,0,6,16,0,0,0,0,9,37,9,37,43618.9493
2021A00053557096,25,406,0,0,0,0,0,0,0,0,1,143,0,0,0,0,2,146,2,146,203.0363
2021A00053558001,37,203,0,0,1,4,0,0,0,0,1,7,0,0,0,0,6,25,6,25,873.7821
2021A00053558003,25,1247,0,0,0,0,0,0,0,0,1,14,0,0,0,0,1,14,1,14,58.4978
2021A00053558004,3111,60200,6,22,38,327,15,300,1,60,16,521,19,405,0,0,98,1806,105,1998,327.7716
2021A00053558011,231,2862,1,3,4,78,5,89,1,60,6,46,3,67,0,0,36,225,37,228,350.51
2021A00053558012,11,105,0,0,0,0,0,0,0,0,0,0,0,0,0,0,1,1,1,1,92.6764
2021A00053558016,0,0,0,0,0,0,0,0,0,0,0,0,0,0,0,0,0,0,0,0,108.5557
2021A00053558019,13,51,0,0,0,0,0,0,0,0,1,4,0,0,0,0,2,5,2,5,167.6493
2021A00053558028,74,605,0,0,2,5,2,8,1,3,0,0,1,3,0,0,8,23,8,23,571.3443
2021A00053558034,5,47,0,0,0,0,0,0,0,0,1,3,0,0,0,0,2,5,2,5,211.2519
2021A00053558041,7,65,0,0,0,0,0,0,0,0,0,0,0,0,0,0,0,0,0,0,62.102
2021A00053558044,55,905,0,0,0,0,0,0,0,0,0,0,0,0,0,0,0,0,0,0,107.9386
2021A00053558051,0,0,0,0,0,0,0,0,0,0,0,0,0,0,0,0,0,0,0,0,35.8058
2021A00053558054,32,1304,0,0,0,0,0,0,0,0,0,0,0,0,0,0,1,350,1,350,151.4953
2021A00053558059,90,1493,0,0,1,3,1,9,0,0,1,3,0,0,0,0,4,16,4,16,167.0282
2021A00053558060,0,0,0,0,0,0,0,0,0,0,0,0,0,0,0,0,0,0,0,0,1.672
2021A00053558061,5,183,0,0,0,0,0,0,0,0,0,0,0,0,0,0,0,0,0,0,0.3162
2021A00053558062,13,594,0,0,0,0,0,0,0,0,0,0,1,58,0,0,1,58,1,58,4.0299
2021A00053558063,1,35,0,0,0,0,0,0,0,0,0,0,0,0,0,0,0,0,0,0,2.028
2021A00053558064,5,127,0,0,0,0,0,0,0,0,0,0,0,0,0,0,0,0,0,0,0.8638
2021A00053558065,3,41,0,0,0,0,0,0,0,0,0,0,0,0,0,0,0,0,0,0,39.7735
2021A00053558066,42,877,1,1,0,0,1,3,1,3,1,30,0,0,0,0,3,34,3,34,352.1733
2021A00053558067,4,359,0,0,0,0,0,0,0,0,0,0,0,0,0,0,1,1,1,1,68.6538
2021A00053558068,0,0,0,0,0,0,0,0,0,0,0,0,0,0,0,0,0,0,0,0,2.7521
2021A00053558069,3,85,0,0,0,0,0,0,0,0,1,7,0,0,0,0,1,7,1,7,0.2598
2021A00053558074,0,0,0,0,0,0,0,0,0,0,0,0,0,0,0,0,0,0,0,0,10.7128
2021A00053558075,143,2126,0,0,0,0,0,0,0,0,2,36,2,15,0,0,4,51,4,51,2727.0352
2021A00053558076,2,78,0,0,0,0,0,0,0,0,0,0,0,0,0,0,0,0,0,0,3.3384
2021A00053558077,0,0,0,0,0,0,0,0,0,0,0,0,0,0,0,0,0,0,0,0,12.8859
2021A00053558080,0,0,0,0,0,0,0,0,0,0,0,0,0,0,0,0,0,0,0,0,57.0578
2021A00053558085,2,353,0,0,0,0,0,0,0,0,0,0,0,0,0,0,0,0,0,0,47.4792
2021A00053558090,76,628,0,0,0,0,0,0,0,0,2,8,1,3,0,0,6,15,6,15,96255.9194
2021A00053558092,0,0,0,0,0,0,0,0,0,0,0,0,0,0,0,0,0,0,0,0,2.2437
2021A00053558097,1,3,0,0,0,0,0,0,0,0,0,0,0,0,0,0,0,0,0,0,2.5556
2021A00053558100,0,0,0,0,0,0,0,0,0,0,0,0,0,0,0,0,0,0,0,0,17.3228
2021A00053559001,92,1377,0,0,0,0,1,33,0,0,5,142,0,0,0,0,6,151,6,151,313.6416
2021A00053559011,0,0,0,0,0,0,0,0,0,0,0,0,0,0,0,0,0,0,0,0,116.5966
2021A00053559012,334,6584,0,0,1,3,0,0,0,0,6,40,0,0,0,0,9,54,9,54,25.5508
2021A00053559016,25,366,0,0,1,3,0,0,0,0,2,33,0,0,0,0,3,36,3,36,237.1225
2021A00053559019,80,923,0,0,0,0,0,0,0,0,3,17,0,0,0,0,10,70,10,70,202.2797
2021A00053559024,34,573,0,0,1,6,1,3,0,0,2,5,0,0,0,0,8,305,8,305,558.1508
2021A00053559026,33,826,0,0,0,0,0,0,0,0,0,0,2,93,0,0,4,96,4,96,22.7254
2021A00053559031,11,93,0,0,0,0,0,0,0,0,1,2,0,0,0,0,2,3,2,3,388.3841
2021A00053559040,8,60,0,0,0,0,0,0,0,0,0,0,0,0,0,0,2,3,2,3,343.4159
2021A00053559042,0,0,0,0,0,0,0,0,0,0,0,0,0,0,0,0,0,0,0,0,3.1154
2021A00053559046,0,0,0,0,0,0,0,0,0,0,0,0,0,0,0,0,0,0,0,0,8.7056
2021A00053559047,2,10,0,0,0,0,0,0,0,0,0,0,0,0,0,0,1,2,1,2,746.2423
2021A00053559051,3,93,0,0,0,0,0,0,0,0,0,0,0,0,0,0,0,0,0,0,33.7279
2021A00053559052,0,0,0,0,0,0,0,0,0,0,0,0,0,0,0,0,0,0,0,0,0.4241
2021A00053559053,9,123,0,0,0,0,0,0,0,0,0,0,0,0,0,0,1,2,1,2,0.6771
2021A00053559060,4,32,0,0,0,0,0,0,0,0,0,0,0,0,0,0,0,0,0,0,62.7046
2021A00053559061,0,0,0,0,0,0,0,0,0,0,0,0,0,0,0,0,0,0,0,0,17.9287
2021A00053559062,0,0,0,0,0,0,0,0,0,0,0,0,0,0,0,0,0,0,0,0,0.4793
2021A00053559063,0,0,0,0,0,0,0,0,0,0,0,0,0,0,0,0,0,0,0,0,65.4663
2021A00053559064,0,0,0,0,0,0,0,0,0,0,0,0,0,0,0,0,0,0,0,0,24.1166
2021A00053559066,7,97,0,0,0,0,1,3,0,0,1,3,0,0,0,0,1,3,1,3,15.7154
2021A00053559068,0,0,0,0,0,0,0,0,0,0,0,0,0,0,0,0,0,0,0,0,14.2197
2021A00053559069,0,0,0,0,0,0,0,0,0,0,0,0,0,0,0,0,0,0,0,0,9.8066
2021A00053559089,0,0,0,0,0,0,0,0,0,0,0,0,0,0,0,0,0,0,0,0,26.4255
2021A00053559090,0,0,0,0,0,0,0,0,0,0,0,0,0,0,0,0,0,0,0,0,12163.3271
2021A00053560001,48,480,0,0,0,0,0,0,0,0,1,34,0,0,0,0,1,34,1,34,72.1277
2021A00053560004,0,0,0,0,0,0,0,0,0,0,0,0,0,0,0,0,0,0,0,0,18.3598
2021A00053560005,0,0,0,0,0,0,0,0,0,0,0,0,0,0,0,0,0,0,0,0,12.083
2021A00053560008,58,860,0,0,0,0,0,0,0,0,0,0,0,0,0,0,0,0,0,0,1215.8036
2021A00053560010,669,11624,0,0,3,64,5,81,0,0,9,381,2,69,0,0,17,472,19,541,211.6539
2021A00053560021,8,52,0,0,0,0,0,0,0,0,0,0,0,0,0,0,1,5,1,5,290.142
2021A00053560024,2,82,0,0,0,0,0,0,0,0,0,0,0,0,0,0,0,0,0,0,32.3787
2021A00053560027,313,5543,0,0,1,3,2,17,0,0,1,7,0,0,1,10,8,391,8,391,65.5818
2021A00053560032,46,406,0,0,0,0,0,0,0,0,2,76,0,0,0,0,3,79,3,79,336.6868
2021A00053560034,199,5387,0,0,0,0,0,0,0,0,4,33,0,0,0,0,4,33,4,33,378.0192
2021A00053560042,149,2604,0,0,0,0,2,18,1,3,1,2,2,105,0,0,6,122,7,137,602.9295
2021A00053560046,2,78,0,0,0,0,0,0,0,0,0,0,0,0,0,0,0,0,0,0,62.9511
2021A00053560049,16,559,0,0,0,0,0,0,0,0,0,0,0,0,0,0,0,0,0,0,247.2086
2021A00053560050,0,0,0,0,0,0,0,0,0,0,0,0,0,0,0,0,0,0,0,0,363.7914
2021A00053560051,14,740,0,0,0,0,0,0,0,0,0,0,0,0,0,0,0,0,0,0,1.7524
2021A00053560052,0,0,0,0,0,0,0,0,0,0,0,0,0,0,0,0,0,0,0,0,79.0041
2021A00053560053,3,460,0,0,0,0,0,0,0,0,0,0,0,0,0,0,0,0,0,0,239.2883
2021A00053560054,2,165,0,0,0,0,0,0,0,0,0,0,0,0,0,0,0,0,0,0,17.1065
2021A00053560055,3,93,0,0,0,0,0,0,0,0,0,0,0,0,0,0,0,0,0,0,125.3658
2021A00053560056,3,97,0,0,0,0,0,0,0,0,0,0,0,0,0,0,0,0,0,0,243.7303
2021A00053560057,0,0,0,0,0,0,0,0,0,0,0,0,0,0,0,0,0,0,0,0,42.6784
2021A00053560058,1,150,0,0,0,0,0,0,0,0,0,0,0,0,0,0,0,0,0,0,39.3005
2021A00053560059,5,198,0,0,0,0,0,0,0,0,0,0,0,0,0,0,0,0,0,0,89.8424
2021A00053560060,0,0,0,0,0,0,0,0,0,0,0,0,0,0,0,0,0,0,0,0,12.4065
2021A00053560061,3,185,0,0,0,0,0,0,0,0,0,0,0,0,0,0,0,0,0,0,76.0795
2021A00053560063,0,0,0,0,0,0,0,0,0,0,0,0,0,0,0,0,0,0,0,0,5.0073
2021A00053560064,0,0,0,0,0,0,0,0,0,0,0,0,0,0,0,0,0,0,0,0,1.8543
2021A00053560065,0,0,0,0,0,0,0,0,0,0,0,0,0,0,0,0,0,0,0,0,11.8959
2021A00053560066,0,0,0,0,0,0,0,0,0,0,0,0,0,0,0,0,0,0,0,0,19.445
2021A00053560067,3,117,0,0,0,0,0,0,0,0,0,0,0,0,0,0,0,0,0,0,6.8293
2021A00053560068,5,309,0,0,0,0,0,0,0,0,0,0,0,0,0,0,0,0,0,0,32.5522
2021A00053560069,4,24,0,0,0,0,0,0,0,0,0,0,0,0,0,0,0,0,0,0,29.6436
2021A00053560070,2,385,0,0,0,0,0,0,0,0,0,0,0,0,0,0,0,0,0,0,13.6526
2021A00053560071,6,425,0,0,0,0,0,0,0,0,0,0,1,38,0,0,1,38,1,38,44.3142
2021A00053560075,5,322,0,0,0,0,0,0,0,0,0,0,0,0,0,0,0,0,0,0,277.0135
2021A00053560076,2,90,0,0,0,0,0,0,0,0,0,0,0,0,0,0,0,0,0,0,30.0728
2021A00053560077,5,658,0,0,0,0,0,0,0,0,0,0,0,0,0,0,0,0,0,0,8.3858
2021A00053560078,2,153,0,0,0,0,0,0,0,0,0,0,0,0,0,0,0,0,0,0,42.64
2021A00053560079,2,365,0,0,0,0,0,0,0,0,0,0,0,0,0,0,0,0,0,0,320.3531
2021A00053560080,1,150,0,0,0,0,0,0,0,0,0,0,0,0,0,0,0,0,0,0,18.2061
2021A00053560081,2,90,0,0,0,0,0,0,0,0,0,0,0,0,0,0,0,0,0,0,1.1526
2021A00053560082,0,0,0,0,0,0,0,0,0,0,0,0,0,0,0,0,0,0,0,0,4.8659
2021A00053560083,0,0,0,0,0,0,0,0,0,0,0,0,0,0,0,0,0,0,0,0,5.5007
2021A00053560084,13,83,0,0,0,0,0,0,0,0,0,0,0,0,0,0,0,0,0,0,30.682
2021A00053560085,3,172,0,0,0,0,0,0,0,0,0,0,0,0,0,0,0,0,0,0,64.0005
2021A00053560086,1,7,0,0,0,0,0,0,0,0,0,0,0,0,0,0,0,0,0,0,15.3947
2021A00053560088,1,75,0,0,0,0,0,0,0,0,0,0,0,0,0,0,0,0,0,0,27.1955
2021A00053560089,1,35,0,0,0,0,0,0,0,0,0,0,0,0,0,0,0,0,0,0,33.6915
2021A00053560090,125,995,0,0,0,0,0,0,0,0,1,7,1,2,0,0,5,41,5,41,388982.1976
2021A00053560091,2,153,0,0,0,0,0,0,0,0,0,0,0,0,0,0,0,0,0,0,3.2214
2021A00053560093,0,0,0,0,0,0,0,0,0,0,0,0,0,0,0,0,0,0,0,0,10.0494
2021A00053560095,3,200,0,0,0,0,0,0,0,0,0,0,0,0,0,0,0,0,0,0,144.9326
2021A00053560096,0,0,0,0,0,0,0,0,0,0,0,0,0,0,0,0,0,0,0,0,101.7303
2021A00053560097,1,150,0,0,0,0,0,0,0,0,0,0,0,0,0,0,0,0,0,0,24.7125
2021A00053560098,5,214,0,0,0,0,0,0,0,0,0,0,0,0,0,0,0,0,0,0,9.1173
2021A00053560100,0,0,0,0,0,0,0,0,0,0,0,0,0,0,0,0,0,0,0,0,53.0382
2021A00053560104,2,165,0,0,0,0,0,0,0,0,0,0,0,0,0,0,0,0,0,0,182.4503
2021A00054601035,45,546,0,0,1,14,1,14,0,0,1,3,0,0,0,0,14,85,14,85,1161.4454
2021A00054601039,33,291,0,0,0,0,0,0,0,0,3,15,0,0,0,0,9,77,9,77,2430.3215
2021A00054601043,42,374,0,0,0,0,0,0,0,0,1,3,0,0,0,0,6,26,6,26,3559.6533
2021A00054601046,68,600,0,0,0,0,1,28,0,0,2,36,0,0,0,0,15,107,15,107,697.3511
2021A00054601051,35,540,0,0,0,0,0,0,0,0,0,0,0,0,0,0,0,0,0,0,126.5058
2021A00054601057,4,12,0,0,0,0,0,0,0,0,0,0,0,0,0,0,2,4,2,4,1097.6107
2021A00054601060,129,1662,0,0,1,13,1,13,1,13,0,0,3,28,0,0,12,99,12,99,2.2604
2021A00054601070,2,110,0,0,0,0,0,0,0,0,0,0,0,0,0,0,0,0,0,0,16.5972
2021A00054601071,94,1532,0,0,0,0,0,0,0,0,0,0,0,0,0,0,6,12,6,12,1560.0487
2021A00054601075,19,133,0,0,0,0,0,0,0,0,0,0,0,0,0,0,1,1,1,1,4.8215
2021A00054601078,0,0,0,0,0,0,0,0,0,0,0,0,0,0,0,0,0,0,0,0,20.7094
2021A00054601079,0,0,0,0,0,0,0,0,0,0,0,0,0,0,0,0,0,0,0,0,21.3465
2021A00054601094,44,596,0,0,0,0,0,0,0,0,0,0,0,0,0,0,0,0,0,0,4103.2798
2021A00054602024,85,683,0,0,0,0,0,0,0,0,1,3,0,0,0,0,19,74,19,74,970.1896
2021A00054602026,0,0,0,0,0,0,0,0,0,0,0,0,0,0,0,0,0,0,0,0,8.8985
2021A00054602027,18,281,0,0,0,0,0,0,0,0,0,0,0,0,0,0,4,11,4,11,22.184
2021A00054602032,79,968,1,15,1,15,0,0,0,0,0,0,0,0,0,0,17,65,17,65,667.5677
2021A00054602037,71,709,0,0,0,0,1,3,0,0,1,3,0,0,0,0,7,32,7,32,2.6076
2021A00054602041,472,5513,4,22,7,113,4,84,2,78,7,113,2,78,0,0,82,666,82,666,730.4439
2021A00054602044,1032,15826,1,26,5,369,7,260,0,0,4,51,2,151,1,26,53,1268,56,1454,37.5552
2021A00054602046,220,2413,2,18,6,63,4,45,1,31,1,3,1,31,0,0,26,174,26,174,8.6987
2021A00054602053,142,2041,0,0,0,0,1,3,0,0,1,3,0,0,0,0,29,499,29,499,578.9661
2021A00054602057,45,391,0,0,0,0,0,0,0,0,1,15,0,0,0,0,10,49,10,49,476.8094
2021A00054602061,103,1152,0,0,0,0,0,0,0,0,0,0,0,0,0,0,5,7,5,7,4.1361
2021A00054602069,280,3720,1,3,3,11,3,20,1,3,3,40,3,19,0,0,37,354,38,369,580.6431
2021A00054602075,256,2958,2,5,5,20,4,18,1,7,0,0,2,8,1,4,27,184,27,184,332.2342
2021A00054603030,61,531,0,0,1,3,0,0,0,0,0,0,0,0,0,0,10,37,10,37,468.2505
2021A00054603040,240,4617,1,75,7,478,3,95,1,13,1,7,1,13,0,0,35,663,35,663,9.352
2021A00054603041,101,699,2,40,3,41,2,40,0,0,0,0,0,0,0,0,24,105,24,105,958.4775
2021A00054603047,160,1104,2,10,3,13,2,10,0,0,1,3,0,0,0,0,23,83,23,83,835.176
2021A00054603050,721,13478,10,1035,27,1332,21,1005,4,57,3,388,6,67,0,0,62,2461,67,2675,20.7293
2021A00054603053,319,5364,4,337,12,453,6,238,1,13,2,565,2,20,0,0,27,1124,27,1124,16.287
2021A00054603058,31,181,0,0,0,0,0,0,0,0,0,0,0,0,0,0,4,15,4,15,531.2423
2021A00054603062,3,21,0,0,0,0,0,0,0,0,0,0,0,0,0,0,0,0,0,0,484.4713
2021A00054603065,116,1670,4,272,11,394,8,390,0,0,1,7,2,6,1,76,28,559,30,565,1035.3182
2021A00054603067,149,2535,2,41,4,49,2,41,0,0,0,0,0,0,0,0,21,111,21,111,5.9119
2021A00054603072,22,126,1,4,1,4,2,7,0,0,0,0,1,3,0,0,7,14,8,17,916.1148
2021A00054603074,248,3009,1,72,0,0,0,0,0,0,2,38,1,3,1,72,29,199,29,199,4.316
2021A00054604034,119,801,0,0,1,1,0,0,0,0,0,0,0,0,0,0,25,52,25,52,1130.5734
2021A00054604040,99,685,1,38,2,40,2,40,0,0,0,0,0,0,0,0,16,67,16,67,934.8059
2021A00054604052,52,380,2,74,3,77,2,18,1,3,2,6,2,18,0,0,14,105,15,120,705.2656
2021A00054604057,30,322,0,0,0,0,0,0,0,0,0,0,0,0,0,0,5,10,5,10,768.6261
2021A00054604064,189,2188,2,15,4,17,3,50,0,0,0,0,1,35,0,0,48,178,49,213,923.0255
2021A00054604068,0,0,0,0,0,0,0,0,0,0,0,0,0,0,0,0,0,0,0,0,26.9276
2021A00054605025,150,1680,0,0,1,1,0,0,0,0,0,0,0,0,0,0,15,47,15,47,930.015
2021A00054605032,131,1305,0,0,1,7,1,7,0,0,1,75,1,7,0,0,15,116,16,123,1102.3841
2021A00054605038,76,644,0,0,0,0,0,0,0,0,0,0,1,1,0,0,11,20,11,20,728.1278
2021A00054605044,47,317,0,0,0,0,0,0,0,0,0,0,1,1,0,0,14,20,14,20,775.6397
2021A00054605052,99,948,0,0,0,0,0,0,0,0,0,0,1,1,0,0,10,20,10,20,3.1898
2021A00054605056,30,222,1,2,1,2,1,2,0,0,0,0,1,1,0,0,8,14,8,14,2321.7326
2021A00054605062,73,559,0,0,0,0,0,0,0,0,0,0,0,0,0,0,16,46,16,46,1350.3361
2021A00054605071,41,279,0,0,1,7,1,7,0,0,0,0,2,8,0,0,13,21,14,28,1070.9535
2021A00054606016,45,714,0,0,0,0,0,0,0,0,0,0,0,0,0,0,10,24,10,24,839.4957
2021A00054606023,84,656,0,0,0,0,0,0,0,0,0,0,1,1,0,0,15,36,15,36,1149.8599
2021A00054606029,0,0,0,0,0,0,0,0,0,0,0,0,0,0,0,0,0,0,0,0,10.4611
2021A00054606031,99,684,0,0,1,3,1,3,1,3,0,0,2,5,0,0,22,57,22,57,1977.4286
2021A00054606034,266,3436,0,0,0,0,0,0,0,0,0,0,5,31,0,0,16,57,16,57,8.9638
2021A00054606040,1,3,0,0,0,0,0,0,0,0,0,0,0,0,0,0,1,1,1,1,37.939
2021A00054607039,55,441,1,18,1,18,1,18,0,0,0,0,0,0,0,0,8,37,8,37,1071.6442
2021A00054607040,0,0,0,0,0,0,0,0,0,0,0,0,0,0,0,0,0,0,0,0,26.6165
2021A00054607046,64,551,2,5,1,2,1,2,0,0,0,0,0,0,1,3,13,26,13,26,578.8235
2021A00054607052,108,1737,0,0,0,0,2,9,0,0,0,0,1,7,0,0,12,47,13,54,579.6888
2021A00054607057,0,0,0,0,0,0,0,0,0,0,0,0,0,0,0,0,0,0,0,0,577.5959
2021A00054607060,0,0,0,0,0,0,0,0,0,0,0,0,0,0,0,0,0,0,0,0,500.513
2021A00054607062,1720,31125,4,129,18,386,14,511,0,0,4,52,8,519,0,0,77,1481,80,1534,79.0393
2021A00054607066,24,224,0,0,0,0,0,0,0,0,0,0,0,0,0,0,4,10,4,10,1762.2986
2021A00054607068,102,1692,0,0,1,13,1,13,1,13,0,0,1,13,0,0,8,55,8,55,4.7959
2021A00054607071,45,199,1,7,1,7,0,0,0,0,0,0,0,0,0,0,13,36,13,36,576.1412
2021A00054607072,0,0,0,0,0,0,0,0,0,0,0,0,0,0,0,0,0,0,0,0,0.036
2021A00054607076,67,720,1,45,1,45,1,45,0,0,0,0,0,0,0,0,8,63,8,63,576.016
2021A00054608032,80,744,1,4,1,4,1,4,0,0,0,0,0,0,0,0,8,25,8,25,737.8962
2021A00054608042,69,387,1,4,2,7,1,4,0,0,0,0,0,0,0,0,16,40,16,40,703.544
2021A00054608046,197,1818,3,17,4,32,3,25,0,0,1,15,0,0,0,0,32,155,32,155,1158.2644
2021A00054608055,16,84,0,0,0,0,0,0,0,0,0,0,0,0,0,0,4,7,4,7,1274.7434
2021A00054608060,109,1286,0,0,0,0,0,0,0,0,0,0,0,0,0,0,27,86,27,86,1909.824
2021A00054608069,2,185,0,0,0,0,0,0,0,0,0,0,0,0,0,0,0,0,0,0,59.6013
2021A00054609018,107,1120,0,0,2,7,2,5,0,0,2,6,0,0,0,0,32,232,32,232,968.8984
2021A00054609024,124,1615,1,35,2,77,2,77,0,0,2,10,1,75,1,35,29,139,30,214,1973.4508
2021A00054609025,0,0,0,0,0,0,0,0,0,0,0,0,0,0,0,0,0,0,0,0,35.0861
2021A00054609026,0,0,0,0,0,0,0,0,0,0,0,0,0,0,0,0,0,0,0,0,5.4852
2021A00054609027,2,18,0,0,0,0,0,0,0,0,0,0,0,0,0,0,0,0,0,0,0.3742
2021A00054609029,501,10200,1,75,2,123,2,78,0,0,3,25,0,0,0,0,35,374,35,374,24.7199
2021A00054609030,0,0,0,0,0,0,0,0,0,0,0,0,0,0,0,0,0,0,0,0,1.1583
2021A00054610035,364,5695,3,87,5,209,3,201,0,0,4,79,4,201,0,0,50,361,51,510,1156.1124
2021A00054610043,110,1014,1,18,2,32,2,32,0,0,0,0,1,2,0,0,25,142,25,142,552.937
2021A00054610052,46,318,1,3,2,6,1,3,0,0,0,0,1,3,0,0,6,10,7,13,205.143
2021A00054611040,20842,403494,85,4216,264,11197,141,5337,19,451,49,2418,84,2478,12,1471,615,20295,650,21981,461.7807
2021A00054611042,223,4190,1,2,4,17,3,18,1,7,1,75,3,29,1,4,12,117,13,124,107.5274
2021A00054612047,722,10956,4,341,10,384,10,371,3,9,3,419,6,106,1,15,63,1121,66,1146,1096.1687
2021A00054612054,30,206,0,0,1,5,0,0,0,0,0,0,0,0,0,0,5,10,5,10,749.6858
2021A00054612056,202,2852,0,0,1,3,0,0,0,0,0,0,1,2,0,0,14,35,14,35,5.4247
2021A00054613032,323,2684,2,58,3,8,4,63,1,3,1,3,1,3,1,55,6,67,6,67,41.7906
2021A00054613037,276,3605,0,0,2,18,3,21,0,0,2,38,4,30,0,0,7,56,10,77,87.4933
2021A00054613043,325,3854,1,7,5,44,1,3,0,0,1,3,4,17,0,0,29,99,29,99,739.6127
2021A00054613047,391,8007,0,0,5,18,9,623,2,10,1,7,4,556,3,54,18,617,19,652,24.4677
2021A00054613049,8,104,0,0,0,0,0,0,0,0,0,0,0,0,0,0,0,0,0,0,2.7955
2021A00054613056,119,897,0,0,0,0,0,0,0,0,0,0,0,0,0,0,3,3,3,3,711.1733
2021A00054613062,8,434,0,0,0,0,0,0,0,0,0,0,0,0,0,0,0,0,0,0,54.945
2021A00054614015,50,657,0,0,0,0,0,0,0,0,0,0,0,0,0,0,9,64,9,64,441.74
2021A00054614031,60,819,1,174,1,174,1,174,0,0,0,0,0,0,0,0,15,249,15,249,1197.5854
2021A00054614036,99,1053,0,0,2,97,1,7,0,0,1,33,3,42,0,0,19,224,20,231,1184.8888
2021A00054614039,218,3091,0,0,3,165,2,90,0,0,2,110,2,18,0,0,15,146,17,236,5.962
2021A00054614042,78,933,0,0,2,78,2,78,1,3,1,75,1,3,0,0,13,109,13,109,3.2297
2021A00054615020,219,3362,1,8,3,32,2,13,0,0,3,41,0,0,0,0,24,149,24,149,17.0859
2021A00054615032,50,294,0,0,0,0,0,0,0,0,0,0,0,0,0,0,11,22,11,22,1141.9846
2021A00054615037,78,637,1,2,2,5,2,5,1,3,0,0,1,3,0,0,14,63,14,63,577.6839
2021A00054615042,0,0,0,0,0,0,0,0,0,0,0,0,0,0,0,0,0,0,0,0,27.8828
2021A00054615047,36,208,0,0,2,16,1,13,1,13,0,0,1,13,0,0,10,36,10,36,1153.136
2021A00054615049,0,0,0,0,0,0,0,0,0,0,0,0,0,0,0,0,0,0,0,0,2.5305
2021A00054615056,106,1305,0,0,1,2,1,2,0,0,0,0,0,0,0,0,27,76,27,76,1694.6854
2021A00054615063,87,637,0,0,2,6,2,6,2,6,0,0,2,6,0,0,15,37,15,37,1093.169
2021A00054615067,6,30,0,0,0,0,0,0,0,0,0,0,0,0,0,0,3,3,3,3,21.4233
2021A00054615070,76,732,0,0,0,0,0,0,0,0,0,0,0,0,0,0,8,17,8,17,964.5513
2021A00054615071,0,0,0,0,0,0,0,0,0,0,0,0,0,0,0,0,0,0,0,0,63.0702
2021A00054615072,0,0,0,0,0,0,0,0,0,0,0,0,0,0,0,0,0,0,0,0,3.3165
2021A00054615074,5,15,0,0,0,0,0,0,0,0,0,0,0,0,0,0,3,7,3,7,746.3053
2021A00054615075,145,1630,1,2,3,10,3,8,1,3,0,0,3,11,0,0,17,50,17,50,14.9468
2021A00054615078,30,226,1,4,1,4,1,4,0,0,1,7,0,0,0,0,13,50,13,50,864.6839
2021A00054615092,47,748,0,0,0,0,1,3,0,0,0,0,1,3,0,0,7,13,8,16,358.051
2021A00054616005,41,399,0,0,0,0,0,0,0,0,0,0,0,0,0,0,8,14,8,14,672.2921
2021A00054616017,2,365,0,0,0,0,0,0,0,0,0,0,0,0,0,0,0,0,0,0,96.635
2021A00054616020,47,305,0,0,0,0,0,0,0,0,0,0,0,0,0,0,10,17,10,17,1624.9861
2021A00054616025,0,0,0,0,0,0,0,0,0,0,0,0,0,0,0,0,0,0,0,0,2.0536
2021A00054616030,157,1467,1,2,1,2,1,2,0,0,0,0,2,2,0,0,24,80,24,80,569.703
2021A00054616046,1,3,0,0,0,0,0,0,0,0,0,0,0,0,0,0,0,0,0,0,46.2016
2021A00054616048,137,1259,0,0,0,0,1,7,0,0,3,70,1,7,0,0,15,111,16,118,1694.9542
2021A00054617026,21,131,0,0,0,0,0,0,0,0,0,0,0,0,0,0,8,51,8,51,3006.1652
2021A00054617029,1,350,0,0,0,0,0,0,0,0,0,0,0,0,0,0,0,0,0,0,45.6918
2021A00054617035,36,707,0,0,0,0,0,0,0,0,0,0,0,0,0,0,4,14,4,14,527.7696
2021A00054617041,102,893,0,0,0,0,0,0,0,0,0,0,0,0,0,0,15,40,15,40,630.0386
2021A00054617048,4,12,0,0,0,0,0,0,0,0,0,0,0,0,0,0,2,3,2,3,1512.7871
2021A00054617050,396,6251,0,0,2,68,2,68,1,65,1,15,1,65,0,0,19,111,19,111,12.6696
2021A00054617054,82,618,0,0,1,2,1,2,0,0,0,0,0,0,0,0,19,46,19,46,1050.1481
2021A00054617058,56,476,0,0,0,0,0,0,0,0,1,13,0,0,0,0,9,29,9,29,1147.9945
2021A00054617064,16,104,0,0,0,0,0,0,0,0,0,0,0,0,0,0,1,3,1,3,1134.5905
2021A00054617072,42,414,0,0,0,0,0,0,0,0,0,0,0,0,0,0,12,44,12,44,1119.9554
2021A00054617075,27,173,0,0,0,0,0,0,0,0,0,0,0,0,0,0,6,27,6,27,1295.6392
2021A00054617092,16,328,0,0,0,0,0,0,0,0,0,0,0,0,0,0,0,0,0,0,2147.0924
2021A00054618031,177,2738,0,0,2,99,0,0,0,0,0,0,0,0,0,0,13,148,13,148,318.0998
2021A00054618034,27,349,0,0,0,0,0,0,0,0,0,0,0,0,0,0,2,9,2,9,3.9137
2021A00054618037,25,131,0,0,0,0,0,0,0,0,0,0,0,0,0,0,7,33,7,33,1868.24
2021A00054618040,35,289,0,0,0,0,0,0,0,0,0,0,0,0,0,0,3,7,3,7,480.1532
2021A00054618044,46,908,0,0,0,0,0,0,0,0,0,0,0,0,0,0,7,11,7,11,891.8543
2021A00054618055,2,82,0,0,0,0,0,0,0,0,0,0,0,0,0,0,0,0,0,0,54.4762
2021A00054618056,91,1814,0,0,0,0,0,0,0,0,0,0,0,0,0,0,6,25,6,25,1643.7156
2021A00054618060,48,656,0,0,0,0,0,0,0,0,0,0,0,0,0,0,9,56,9,56,2365.9434
2021A00054618061,0,0,0,0,0,0,0,0,0,0,0,0,0,0,0,0,0,0,0,0,4.5813
2021A00054618063,0,0,0,0,0,0,0,0,0,0,0,0,0,0,0,0,0,0,0,0,29.1179
2021A00054618067,9,358,0,0,0,0,0,0,0,0,0,0,0,0,0,0,1,2,1,2,77.0792
2021A00054618068,63,653,1,6,0,0,1,6,0,0,0,0,0,0,1,6,11,38,11,38,1486.1704
2021A00054618074,163,2206,1,3,4,212,3,211,2,61,2,183,2,61,0,0,25,341,25,341,2.218
2021A00054618076,59,561,0,0,1,7,1,7,0,0,0,0,0,0,0,0,13,97,13,97,1643.1434
2021A00054618091,0,0,0,0,0,0,0,0,0,0,0,0,0,0,0,0,0,0,0,0,478.4669
2021A00054618093,0,0,0,0,0,0,0,0,0,0,0,0,0,0,0,0,0,0,0,0,15.2711
2021A00054619040,0,0,0,0,0,0,0,0,0,0,0,0,0,0,0,0,0,0,0,0,9.2457
2021A00054619045,31,611,0,0,0,0,0,0,0,0,0,0,1,114,0,0,5,206,5,206,59723.0359
2021A00054619050,10,401,0,0,0,0,0,0,0,0,0,0,0,0,0,0,0,0,0,0,87.953
2021A00054619051,3,240,0,0,0,0,0,0,0,0,0,0,0,0,0,0,0,0,0,0,22.5988
2021A00054619052,2,38,0,0,0,0,0,0,0,0,0,0,0,0,0,0,1,3,1,3,15.7277
2021A00054619053,77,459,0,0,0,0,0,0,0,0,0,0,0,0,0,0,29,164,29,164,16.3893
2021A00054619054,1,75,0,0,0,0,0,0,0,0,0,0,0,0,0,0,0,0,0,0,9.2344
2021A00054619056,14,500,0,0,0,0,0,0,0,0,0,0,0,0,0,0,0,0,0,0,55.1681
2021A00054619058,5,398,0,0,0,0,0,0,0,0,0,0,0,0,0,0,0,0,0,0,7.589
2021A00054619059,0,0,0,0,0,0,0,0,0,0,0,0,0,0,0,0,0,0,0,0,310.3103
2021A00054619061,0,0,0,0,0,0,0,0,0,0,0,0,0,0,0,0,0,0,0,0,12.1054
2021A00054619062,0,0,0,0,0,0,0,0,0,0,0,0,0,0,0,0,0,0,0,0,3.403
2021A00054619065,0,0,0,0,0,0,0,0,0,0,0,0,0,0,0,0,0,0,0,0,24.0889
2021A00054619068,0,0,0,0,0,0,0,0,0,0,0,0,0,0,0,0,0,0,0,0,35.9656
2021A00054619069,1,75,0,0,0,0,0,0,0,0,0,0,0,0,0,0,0,0,0,0,19.5358
2021A00054619070,0,0,0,0,0,0,0,0,0,0,0,0,0,0,0,0,0,0,0,0,77.9002
2021A00054619071,0,0,0,0,0,0,0,0,0,0,0,0,0,0,0,0,0,0,0,0,7.6937
2021A00054619072,4,243,0,0,0,0,0,0,0,0,0,0,0,0,0,0,0,0,0,0,3.7463
2021A00054619075,1,75,0,0,0,0,0,0,0,0,0,0,0,0,0,0,0,0,0,0,18.0478
2021A00054619077,9,298,0,0,0,0,0,0,0,0,0,0,0,0,0,0,0,0,0,0,26.1494
2021A00054619079,2,82,0,0,0,0,0,0,0,0,0,0,0,0,0,0,0,0,0,0,2.561
2021A00054619082,0,0,0,0,0,0,0,0,0,0,0,0,0,0,0,0,0,0,0,0,47.9846
2021A00054620032,7,176,0,0,1,7,1,7,1,7,1,3,1,7,0,0,3,12,3,12,1615.4212
2021A00054620042,45,299,1,18,1,18,1,18,0,0,0,0,0,0,0,0,13,40,13,40,1716.8372
2021A00054620048,285,3762,0,0,0,0,2,7,0,0,3,145,0,0,1,4,19,208,19,208,6.8056
2021A00054620051,79,744,0,0,0,0,0,0,0,0,2,326,0,0,0,0,22,368,22,368,1199.1731
2021A00054620055,24,224,0,0,0,0,0,0,0,0,0,0,0,0,0,0,3,37,3,37,988.0113
2021A00054620060,0,0,0,0,0,0,0,0,0,0,0,0,0,0,0,0,0,0,0,0,0.841
2021A00054620066,0,0,0,0,0,0,0,0,0,0,0,0,0,0,0,0,0,0,0,0,2553.9824
2021A00054620069,0,0,0,0,0,0,0,0,0,0,0,0,0,0,0,0,0,0,0,0,1744.7138
2021A00054621025,13,582,0,0,0,0,0,0,0,0,0,0,0,0,0,0,1,63,1,63,74.2732
2021A00054621027,2,78,0,0,0,0,0,0,0,0,0,0,0,0,0,0,1,75,1,75,18.9132
2021A00054621029,3,360,0,0,0,0,0,0,0,0,0,0,0,0,0,0,0,0,0,0,2.5108
2021A00054621033,0,0,0,0,0,0,0,0,0,0,0,0,0,0,0,0,0,0,0,0,5.7167
2021A00054621034,0,0,0,0,0,0,0,0,0,0,0,0,0,0,0,0,0,0,0,0,0.9757
2021A00054621035,0,0,0,0,0,0,0,0,0,0,0,0,0,0,0,0,0,0,0,0,1.2591
2021A00054621036,0,0,0,0,0,0,0,0,0,0,0,0,0,0,0,0,0,0,0,0,0.7312
2021A00054621039,0,0,0,0,0,0,0,0,0,0,0,0,0,0,0,0,0,0,0,0,1.1808
2021A00054621040,18,1151,0,0,0,0,0,0,0,0,0,0,0,0,0,0,2,2,2,2,1.8312
2021A00054621043,0,0,0,0,0,0,0,0,0,0,0,0,0,0,0,0,0,0,0,0,24.7256
2021A00054621045,208,4508,0,0,0,0,0,0,0,0,0,0,0,0,0,0,5,277,5,277,44.6901
2021A00054621052,18,253,0,0,0,0,1,7,0,0,2,10,0,0,0,0,4,26,4,26,850.4093
2021A00054621058,0,0,0,0,0,0,0,0,0,0,0,0,0,0,0,0,0,0,0,0,3.8654
2021A00054621060,0,0,0,0,0,0,0,0,0,0,0,0,0,0,0,0,0,0,0,0,10.9041
2021A00054621064,158,2768,0,0,0,0,0,0,0,0,0,0,0,0,0,0,2,3,2,3,13.1359
2021A00054621071,25,778,0,0,0,0,0,0,0,0,0,0,0,0,0,0,0,0,0,0,1166.639
2021A00054621078,13,429,0,0,0,0,0,0,0,0,0,0,0,0,0,0,2,7,2,7,40578.9735
2021A00054621080,0,0,0,0,0,0,0,0,0,0,0,0,0,0,0,0,0,0,0,0,0.4541
2021A00054622017,0,0,0,0,0,0,0,0,0,0,0,0,0,0,0,0,0,0,0,0,3351.3683
2021A00054622026,334,7827,0,0,0,0,0,0,0,0,0,0,0,0,0,0,3,50,3,50,16.6199
2021A00054622045,0,0,0,0,0,0,0,0,0,0,0,0,0,0,0,0,0,0,0,0,17.6406
2021A00054622046,46,2853,0,0,0,0,0,0,0,0,0,0,0,0,0,0,2,68,2,68,85723.9613
2021A00054622048,0,0,0,0,0,0,0,0,0,0,0,0,0,0,0,0,0,0,0,0,83.0539
2021A00054622049,0,0,0,0,0,0,0,0,0,0,0,0,0,0,0,0,0,0,0,0,36.658
2021A00054622050,4,582,0,0,0,0,0,0,0,0,0,0,0,0,0,0,0,0,0,0,49.3162
2021A00054622051,0,0,0,0,0,0,0,0,0,0,0,0,0,0,0,0,0,0,0,0,23.1821
2021A00054622052,0,0,0,0,0,0,0,0,0,0,0,0,0,0,0,0,0,0,0,0,6.048
2021A00054622055,2,165,0,0,0,0,0,0,0,0,0,0,0,0,0,0,0,0,0,0,2.3505
2021A00054622056,1,35,0,0,0,0,0,0,0,0,0,0,0,0,0,0,0,0,0,0,2.3445
2021A00054622058,0,0,0,0,0,0,0,0,0,0,0,0,0,0,0,0,0,0,0,0,82.1219
2021A00054622059,11,747,0,0,0,0,0,0,0,0,0,0,0,0,0,0,0,0,0,0,17.251
2021A00054622063,6,577,0,0,0,0,0,0,0,0,0,0,0,0,0,0,0,0,0,0,130.2326
2021A00054622064,3,228,0,0,0,0,0,0,0,0,0,0,0,0,0,0,0,0,0,0,14.0889
2021A00054622065,0,0,0,0,0,0,0,0,0,0,0,0,0,0,0,0,0,0,0,0,13.321
2021A00054622066,0,0,0,0,0,0,0,0,0,0,0,0,0,0,0,0,0,0,0,0,0.052
2021A00054622067,0,0,0,0,0,0,0,0,0,0,0,0,0,0,0,0,0,0,0,0,7.323
2021A00054622800,0,0,0,0,0,0,0,0,0,0,0,0,0,0,0,0,0,0,0,0,77.8959
2021A00054622801,2,50,0,0,0,0,0,0,0,0,0,0,0,0,0,0,0,0,0,0,147.9252
2021A00054622802,0,0,0,0,0,0,0,0,0,0,0,0,0,0,0,0,0,0,0,0,0.0648
2021A00054623022,22,2198,0,0,0,0,0,0,0,0,0,0,0,0,0,0,1,297,1,297,1994.4411
2021A00054623023,0,0,0,0,0,0,0,0,0,0,0,0,0,0,0,0,0,0,0,0,0.0226
2021A00054623027,0,0,0,0,0,0,0,0,0,0,0,0,0,0,0,0,0,0,0,0,0.4094
2021A00054623034,5,63,0,0,0,0,0,0,0,0,0,0,0,0,0,0,0,0,0,0,1237.6615
2021A00054623037,5,107,0,0,0,0,0,0,0,0,0,0,0,0,0,0,1,3,1,3,10.5388
2021A00054623039,0,0,0,0,0,0,0,0,0,0,0,0,0,0,0,0,0,0,0,0,2.5397
2021A00054623040,0,0,0,0,0,0,0,0,0,0,0,0,0,0,0,0,0,0,0,0,0.0169
2021A00054623047,16,375,0,0,0,0,0,0,0,0,0,0,0,0,0,0,0,0,0,0,867.5324
2021A00054623056,35,1110,0,0,0,0,0,0,0,0,0,0,0,0,0,0,0,0,0,0,50.8288
2021A00054623058,4,80,0,0,0,0,0,0,0,0,0,0,0,0,0,0,0,0,0,0,2.0906
2021A00054623062,0,0,0,0,0,0,0,0,0,0,0,0,0,0,0,0,0,0,0,0,229309.2455
2021A00054623064,5,445,0,0,0,0,0,0,0,0,0,0,0,0,0,0,0,0,0,0,15.5125
2021A00054623065,4,171,0,0,0,0,0,0,0,0,0,0,0,0,0,0,0,0,0,0,37.0767
2021A00054623067,4,263,0,0,0,0,0,0,0,0,0,0,0,0,0,0,0,0,0,0,4.4872
2021A00054623071,3,388,0,0,0,0,0,0,0,0,0,0,0,0,0,0,0,0,0,0,22.3984
2021A00054623800,0,0,0,0,0,0,0,0,0,0,0,0,0,0,0,0,0,0,0,0,23.8381
2021A00054701001,0,0,0,0,0,0,0,0,0,0,0,0,0,0,0,0,0,0,0,0,567.0497
2021A00054701002,26,230,0,0,0,0,0,0,0,0,0,0,0,0,0,0,4,13,4,13,0.9393
2021A00054701004,19,85,0,0,0,0,0,0,0,0,0,0,0,0,0,0,4,8,4,8,1.514
2021A00054701006,0,0,0,0,0,0,0,0,0,0,0,0,0,0,0,0,0,0,0,0,772.7091
2021A00054701008,88,872,0,0,0,0,1,3,0,0,0,0,3,7,0,0,7,13,8,16,2.6076
2021A00054701011,0,0,0,0,0,0,0,0,0,0,0,0,0,0,0,0,0,0,0,0,820.0372
2021A00054701012,7,37,0,0,0,0,0,0,0,0,0,0,0,0,0,0,1,2,1,2,2.5899
2021A00054701014,85,1560,1,5,1,5,2,40,0,0,1,13,2,36,0,0,6,57,6,57,3.3262
2021A00054701016,0,0,0,0,0,0,0,0,0,0,0,0,0,0,0,0,0,0,0,0,818.1598
2021A00054701017,12,64,0,0,0,0,0,0,0,0,0,0,0,0,0,0,1,1,1,1,1.4253
2021A00054701018,9,51,0,0,0,0,0,0,0,0,0,0,0,0,0,0,1,1,1,1,2.6469
2021A00054701019,0,0,0,0,0,0,0,0,0,0,0,0,0,0,0,0,0,0,0,0,2.8736
2021A00054701021,45,247,0,0,0,0,1,3,0,0,0,0,0,0,0,0,9,22,9,22,3.0542
2021A00054701022,0,0,0,0,0,0,0,0,0,0,0,0,0,0,0,0,0,0,0,0,772.0007
2021A00054701024,628,9303,1,3,6,177,7,68,0,0,0,0,8,128,0,0,38,367,39,370,18.3006
2021A00054701027,8,48,0,0,0,0,0,0,0,0,0,0,0,0,0,0,4,5,4,5,808.5256
2021A00054701031,5,91,0,0,0,0,0,0,0,0,0,0,0,0,0,0,0,0,0,0,797.0014
2021A00054701032,45,331,1,3,1,3,1,3,0,0,0,0,1,3,0,0,5,13,6,16,2.1253
2021A00054701036,0,0,0,0,0,0,0,0,0,0,0,0,0,0,0,0,0,0,0,0,828.737
2021A00054701037,29,235,0,0,0,0,0,0,0,0,0,0,0,0,0,0,5,14,5,14,2.5252
2021A00054701039,2,14,0,0,0,0,0,0,0,0,0,0,0,0,0,0,0,0,0,0,707.9452
2021A00054701041,29,590,0,0,0,0,0,0,0,0,0,0,0,0,0,0,5,8,5,8,0.3787
2021A00054701043,3,21,0,0,0,0,0,0,0,0,0,0,0,0,0,0,2,4,2,4,551.2081
2021A00054701044,11,53,0,0,0,0,0,0,0,0,0,0,1,1,0,0,2,2,2,2,0.4473
2021A00054701047,18,74,0,0,0,0,0,0,0,0,0,0,0,0,0,0,7,12,7,12,804.2849
2021A00054701049,80,668,0,0,0,0,0,0,0,0,0,0,0,0,0,0,4,8,4,8,2.8951
2021A00054701053,2,6,0,0,0,0,0,0,0,0,0,0,0,0,0,0,1,1,1,1,718.2291
2021A00054701054,37,143,0,0,0,0,0,0,0,0,0,0,0,0,0,0,8,17,8,17,2.578
2021A00054701056,111,1825,0,0,1,74,2,10,0,0,2,16,3,79,0,0,8,115,9,118,5.4058
2021A00054701058,0,0,0,0,0,0,0,0,0,0,0,0,0,0,0,0,0,0,0,0,784.6362
2021A00054701059,51,445,0,0,0,0,0,0,0,0,0,0,1,2,0,0,4,10,4,10,3.4596
2021A00054701061,18,138,0,0,0,0,0,0,0,0,0,0,0,0,0,0,2,4,2,4,2.6905
2021A00054701063,0,0,0,0,0,0,0,0,0,0,0,0,0,0,0,0,0,0,0,0,798.9218
2021A00054701064,3,17,0,0,0,0,0,0,0,0,0,0,0,0,0,0,1,2,1,2,1.3741
2021A00054701066,55,593,0,0,0,0,0,0,0,0,0,0,1,7,0,0,7,18,7,18,3.45
2021A00054701067,7,29,0,0,0,0,0,0,0,0,0,0,0,0,0,0,2,5,2,5,0.9249
2021A00054701069,21,127,0,0,0,0,0,0,0,0,0,0,0,0,0,0,7,31,7,31,781.5926
2021A00054701072,0,0,0,0,0,0,0,0,0,0,0,0,0,0,0,0,0,0,0,0,714.4135
2021A00054701076,14,429,1,204,1,204,1,204,0,0,0,0,0,0,0,0,4,209,4,209,743.5035
2021A00054701077,9,27,0,0,0,0,0,0,0,0,0,0,0,0,0,0,4,7,4,7,1.5718
2021A00054701078,37,219,0,0,1,5,0,0,0,0,0,0,1,5,0,0,7,16,7,16,1.2755
2021A00054701079,27,233,0,0,0,0,0,0,0,0,0,0,0,0,0,0,5,11,5,11,0.3979
2021A00054701091,0,0,0,0,0,0,0,0,0,0,0,0,0,0,0,0,0,0,0,0,832.3629
2021A00054701094,0,0,0,0,0,0,0,0,0,0,0,0,0,0,0,0,0,0,0,0,748.6689
2021A00054701096,11,77,0,0,0,0,0,0,0,0,0,0,0,0,0,0,1,4,1,4,2.5665
2021A00054701098,3,37,0,0,0,0,0,0,0,0,0,0,0,0,0,0,1,6,1,6,2.5821
2021A00054701808,14,58,0,0,0,0,0,0,0,0,0,0,0,0,0,0,0,0,0,0,92.4513
2021A00054701809,0,0,0,0,0,0,0,0,0,0,0,0,0,0,0,0,0,0,0,0,18.7813
2021A00054701810,0,0,0,0,0,0,0,0,0,0,0,0,0,0,0,0,0,0,0,0,2.6208
2021A00054701812,0,0,0,0,0,0,0,0,0,0,0,0,0,0,0,0,0,0,0,0,3.5633
2021A00054701813,0,0,0,0,0,0,0,0,0,0,0,0,0,0,0,0,0,0,0,0,3.8604
2021A00054701814,0,0,0,0,0,0,0,0,0,0,0,0,0,0,0,0,0,0,0,0,2.0592
2021A00054701815,0,0,0,0,0,0,0,0,0,0,0,0,0,0,0,0,0,0,0,0,0.6092
2021A00054701816,0,0,0,0,0,0,0,0,0,0,0,0,0,0,0,0,0,0,0,0,1.6159
2021A00054701817,0,0,0,0,0,0,0,0,0,0,0,0,0,0,0,0,0,0,0,0,6.1451
2021A00054701818,0,0,0,0,0,0,0,0,0,0,0,0,0,0,0,0,0,0,0,0,1.7375
2021A00054701819,0,0,0,0,0,0,0,0,0,0,0,0,0,0,0,0,0,0,0,0,74.9892
2021A00054702001,0,0,0,0,0,0,0,0,0,0,0,0,0,0,0,0,0,0,0,0,813.307
2021A00054702002,17,91,0,0,0,0,0,0,0,0,0,0,0,0,0,0,4,11,4,11,1.349
2021A00054702006,14,98,0,0,0,0,0,0,0,0,0,0,0,0,0,0,3,4,3,4,804.4831
2021A00054702008,3,9,0,0,0,0,0,0,0,0,0,0,0,0,0,0,1,1,1,1,1.6867
2021A00054702011,3,13,0,0,0,0,0,0,0,0,0,0,0,0,0,0,1,1,1,1,785.5027
2021A00054702014,8,32,0,0,0,0,0,0,0,0,0,0,0,0,0,0,4,9,4,9,802.6426
2021A00054702016,19,77,0,0,0,0,0,0,0,0,0,0,1,1,0,0,6,13,6,13,0.2491
2021A00054702018,6,26,0,0,0,0,0,0,0,0,0,0,0,0,0,0,2,5,2,5,806.9292
2021A00054702023,22,130,0,0,0,0,0,0,0,0,0,0,0,0,0,0,3,7,3,7,1.1227
2021A00054702024,2,78,0,0,0,0,0,0,0,0,0,0,0,0,0,0,0,0,0,0,1008.6413
2021A00054702026,0,0,0,0,0,0,0,0,0,0,0,0,0,0,0,0,0,0,0,0,795.7643
2021A00054702028,23,77,0,0,0,0,0,0,0,0,0,0,0,0,0,0,6,13,6,13,0.7625
2021A00054702029,8,28,0,0,0,0,0,0,0,0,0,0,0,0,0,0,3,5,3,5,816.2491
2021A00054702031,77,662,0,0,1,3,1,3,1,3,0,0,1,3,0,0,7,17,7,17,2.9503
2021A00054702033,8,36,0,0,0,0,0,0,0,0,0,0,0,0,0,0,2,3,2,3,825.6022
2021A00054702036,2,10,0,0,0,0,0,0,0,0,0,0,0,0,0,0,0,0,0,0,0.5627
2021A00054702037,2,38,0,0,0,0,0,0,0,0,0,0,0,0,0,0,0,0,0,0,816.3772
2021A00054702038,18,126,0,0,0,0,0,0,0,0,0,0,0,0,0,0,6,18,6,18,1.0997
2021A00054702039,49,475,0,0,0,0,1,3,0,0,0,0,2,10,0,0,6,21,7,24,1.6177
2021A00054702041,10,66,0,0,0,0,0,0,0,0,0,0,0,0,0,0,1,1,1,1,1.6958
2021A00054702042,18,82,0,0,0,0,0,0,0,0,0,0,0,0,0,0,6,23,6,23,801.2655
2021A00054702044,15,125,0,0,0,0,0,0,0,0,0,0,0,0,0,0,4,13,4,13,808.4987
2021A00054702047,466,8033,0,0,3,39,5,57,2,115,1,15,7,49,0,0,25,241,27,247,19.029
2021A00054702048,3,9,0,0,0,0,0,0,0,0,0,0,0,0,0,0,1,1,1,1,0.7491
2021A00054702051,1,7,0,0,0,0,0,0,0,0,0,0,0,0,0,0,0,0,0,0,845.9748
2021A00054702052,14,126,0,0,0,0,0,0,0,0,0,0,0,0,0,0,1,6,1,6,808.8118
2021A00054702054,16,112,0,0,0,0,0,0,0,0,0,0,0,0,0,0,3,4,3,4,0.7326
2021A00054702057,3,9,0,0,0,0,0,0,0,0,0,0,0,0,0,0,1,1,1,1,786.6466
2021A00054702058,18,86,0,0,0,0,0,0,0,0,0,0,0,0,0,0,2,4,2,4,1.3332
2021A00054702061,0,0,0,0,0,0,0,0,0,0,0,0,0,0,0,0,0,0,0,0,824.1461
2021A00054702062,31,289,0,0,0,0,0,0,0,0,0,0,0,0,0,0,3,4,3,4,1.3036
2021A00054702066,2,6,0,0,0,0,0,0,0,0,0,0,0,0,0,0,1,1,1,1,846.7596
2021A00054702067,40,176,1,5,1,5,1,5,0,0,0,0,0,0,0,0,8,18,8,18,2.1198
2021A00054702069,9,31,0,0,0,0,0,0,0,0,0,0,0,0,0,0,3,6,3,6,846.5824
2021A00054702071,21,79,0,0,0,0,0,0,0,0,0,0,0,0,0,0,5,10,5,10,0.6468
2021A00054702072,18,78,0,0,0,0,0,0,0,0,0,0,0,0,0,0,2,3,2,3,2.667
2021A00054702073,14,50,0,0,0,0,0,0,0,0,0,0,0,0,0,0,4,10,4,10,831.1552
2021A00054702076,1,3,0,0,0,0,0,0,0,0,0,0,0,0,0,0,0,0,0,0,815.5709
2021A00054702077,4,16,0,0,0,0,0,0,0,0,0,0,0,0,0,0,1,3,1,3,0.6171
2021A00054702078,22,126,0,0,0,0,0,0,0,0,0,0,0,0,0,0,1,1,1,1,1.3249
2021A00054702079,10,30,0,0,0,0,0,0,0,0,0,0,0,0,0,0,3,4,3,4,1.3466
2021A00054703001,0,0,0,0,0,0,0,0,0,0,0,0,0,0,0,0,0,0,0,0,839.2164
2021A00054703004,32,658,0,0,0,0,0,0,0,0,0,0,0,0,0,0,3,11,3,11,2.3387
2021A00054703006,14,134,0,0,0,0,0,0,0,0,0,0,0,0,0,0,0,0,0,0,765.28
2021A00054703009,19,201,0,0,0,0,0,0,0,0,0,0,0,0,0,0,5,11,5,11,2.65
2021A00054703011,4,12,0,0,0,0,0,0,0,0,0,0,0,0,0,0,4,6,4,6,1757.4955
2021A00054703012,10,50,0,0,0,0,0,0,0,0,0,0,0,0,0,0,2,3,2,3,0.6105
2021A00054703016,0,0,0,0,0,0,0,0,0,0,0,0,0,0,0,0,0,0,0,0,845.132
2021A00054703018,18,78,0,0,0,0,0,0,0,0,0,0,0,0,0,0,3,5,3,5,1693.1732
2021A00054703019,26,294,0,0,1,3,0,0,0,0,0,0,1,3,0,0,7,45,7,45,1.4974
2021A00054703022,20,84,0,0,0,0,0,0,0,0,0,0,0,0,0,0,6,20,6,20,1425.7781
2021A00054703026,11,41,0,0,0,0,0,0,0,0,0,0,0,0,0,0,4,7,4,7,1037.0367
2021A00054703028,16,160,0,0,0,0,0,0,0,0,0,0,0,0,0,0,2,2,2,2,0.9062
2021A00054703029,8,32,0,0,0,0,0,0,0,0,0,0,0,0,0,0,2,4,2,4,1093.3138
2021A00054703034,29,115,0,0,0,0,0,0,0,0,0,0,0,0,0,0,5,12,5,12,665.2616
2021A00054703036,131,1205,0,0,0,0,0,0,0,0,0,0,0,0,0,0,10,20,10,20,3.6819
2021A00054703038,7,29,0,0,0,0,0,0,0,0,0,0,0,0,0,0,2,8,2,8,956.4251
2021A00054703041,28,112,0,0,1,14,1,14,0,0,0,0,0,0,0,0,5,22,5,22,0.6098
2021A00054703042,4,16,0,0,0,0,0,0,0,0,0,0,0,0,0,0,0,0,0,0,824.836
2021A00054703044,41,387,1,7,1,7,0,0,0,0,0,0,0,0,0,0,6,20,6,20,1.4266
2021A00054703048,12,44,0,0,0,0,0,0,0,0,0,0,0,0,0,0,3,6,3,6,838.8216
2021A00054703051,19,157,0,0,0,0,0,0,0,0,0,0,0,0,0,0,5,12,5,12,0.5359
2021A00054703052,8,32,0,0,0,0,0,0,0,0,0,0,0,0,0,0,0,0,0,0,0.6845
2021A00054703054,6,18,0,0,0,0,0,0,0,0,0,0,0,0,0,0,2,4,2,4,846.8646
2021A00054703058,42,302,0,0,1,3,1,3,0,0,0,0,0,0,0,0,5,10,5,10,1.1891
2021A00054703059,19,181,0,0,0,0,0,0,0,0,0,0,0,0,0,0,3,6,3,6,845.6502
2021A00054703061,7,25,0,0,0,0,0,0,0,0,0,0,0,0,0,0,0,0,0,0,0.9582
2021A00054703062,15,212,0,0,0,0,0,0,0,0,0,0,0,0,0,0,1,1,1,1,1.8631
2021A00054703064,7,21,0,0,0,0,0,0,0,0,0,0,0,0,0,0,1,2,1,2,827.1734
2021A00054703068,80,743,1,71,1,71,0,0,0,0,0,0,0,0,0,0,5,80,5,80,824.4497
2021A00054703071,0,0,0,0,0,0,0,0,0,0,0,0,0,0,0,0,0,0,0,0,3.2106
2021A00054703074,22,98,0,0,0,0,0,0,0,0,0,0,0,0,0,0,4,8,4,8,792.2939
2021A00054703092,37,287,0,0,0,0,0,0,0,0,0,0,0,0,0,0,6,22,6,22,1.5559
2021A00054703093,38,354,1,9,2,12,1,9,0,0,0,0,0,0,0,0,2,12,2,12,555.7966
2021A00054703096,25,111,0,0,0,0,0,0,0,0,0,0,0,0,0,0,5,13,5,13,837.0398
2021A00054703801,0,0,0,0,0,0,0,0,0,0,0,0,0,0,0,0,0,0,0,0,24.3652
2021A00054704002,35,165,0,0,0,0,0,0,0,0,0,0,0,0,0,0,8,22,8,22,0.4343
2021A00054704003,4,12,0,0,0,0,0,0,0,0,0,0,0,0,0,0,3,4,3,4,3059.2211
2021A00054704006,0,0,0,0,0,0,0,0,0,0,0,0,0,0,0,0,0,0,0,0,821.4002
2021A00054704008,11,53,0,0,0,0,0,0,0,0,0,0,0,0,0,0,4,8,4,8,0.629
2021A00054704009,21,242,0,0,0,0,0,0,0,0,0,0,0,0,0,0,3,6,3,6,0.9418
2021A00054704011,17,51,0,0,0,0,0,0,0,0,0,0,0,0,0,0,4,9,4,9,1631.3888
2021A00054704012,24,311,1,88,2,90,2,90,0,0,0,0,0,0,0,0,4,96,4,96,1.0519
2021A00054704019,0,0,0,0,0,0,0,0,0,0,0,0,0,0,0,0,0,0,0,0,3424.7328
2021A00054704021,36,164,0,0,0,0,0,0,0,0,0,0,0,0,0,0,7,19,7,19,0.6985
2021A00054704024,0,0,0,0,0,0,0,0,0,0,0,0,0,0,0,0,0,0,0,0,2001.5632
2021A00054704026,60,455,0,0,0,0,0,0,0,0,0,0,1,2,0,0,6,20,6,20,2.6104
2021A00054704028,32,251,0,0,0,0,0,0,0,0,0,0,0,0,0,0,6,14,6,14,822.4856
2021A00054704029,13,55,0,0,0,0,0,0,0,0,0,0,0,0,0,0,1,1,1,1,1.1646
2021A00054704034,0,0,0,0,0,0,0,0,0,0,0,0,0,0,0,0,0,0,0,0,831.4543
2021A00054704036,117,923,0,0,0,0,0,0,0,0,0,0,2,5,0,0,8,26,8,26,4.7995
2021A00054704038,7,45,0,0,0,0,0,0,0,0,0,0,0,0,0,0,1,2,1,2,841.6168
2021A00054704045,0,0,0,0,0,0,0,0,0,0,0,0,0,0,0,0,0,0,0,0,3180.0962
2021A00054704048,0,0,0,0,0,0,0,0,0,0,0,0,0,0,0,0,0,0,0,0,4.3522
2021A00054704050,12,44,0,0,0,0,0,0,0,0,0,0,0,0,0,0,7,16,7,16,1942.8667
2021A00054704054,0,0,0,0,0,0,0,0,0,0,0,0,0,0,0,0,0,0,0,0,839.448
2021A00054704058,16,307,0,0,0,0,0,0,0,0,0,0,0,0,0,0,0,0,0,0,834.8075
2021A00054704061,6,18,0,0,0,0,0,0,0,0,0,0,0,0,0,0,1,2,1,2,841.3664
2021A00054704802,0,0,0,0,0,0,0,0,0,0,0,0,0,0,0,0,0,0,0,0,60.3167
2021A00054705001,14,70,0,0,0,0,0,0,0,0,0,0,0,0,0,0,4,14,4,14,545.7805
2021A00054705002,16,64,0,0,0,0,0,0,0,0,0,0,0,0,0,0,4,8,4,8,1.892
2021A00054705004,0,0,0,0,0,0,0,0,0,0,0,0,0,0,0,0,0,0,0,0,7.153
2021A00054705007,0,0,0,0,0,0,0,0,0,0,0,0,0,0,0,0,0,0,0,0,542.2696
2021A00054705009,21,135,0,0,0,0,0,0,0,0,0,0,0,0,0,0,6,24,6,24,2.6273
2021A00054705011,0,0,0,0,0,0,0,0,0,0,0,0,0,0,0,0,0,0,0,0,827.9627
2021A00054705014,0,0,0,0,0,0,0,0,0,0,0,0,0,0,0,0,0,0,0,0,828.7672
2021A00054705016,94,944,0,0,0,0,0,0,0,0,0,0,0,0,0,0,9,33,9,33,2.5503
2021A00054705018,7,57,0,0,0,0,0,0,0,0,0,0,0,0,0,0,0,0,0,0,817.6617
2021A00054705019,11,65,0,0,0,0,0,0,0,0,0,0,0,0,0,0,1,1,1,1,1.3396
2021A00054705021,29,103,0,0,0,0,0,0,0,0,0,0,0,0,0,0,5,11,5,11,1.2878
2021A00054705024,42,377,0,0,0,0,0,0,0,0,0,0,0,0,0,0,4,9,4,9,5.8358
2021A00054705027,1,3,0,0,0,0,0,0,0,0,0,0,0,0,0,0,1,1,1,1,758.4632
2021A00054705028,5,230,0,0,0,0,0,0,0,0,0,0,0,0,0,0,0,0,0,0,824.2956
2021A00054705029,73,543,0,0,0,0,0,0,0,0,0,0,0,0,0,0,4,9,4,9,3.1406
2021A00054705031,40,551,0,0,0,0,0,0,0,0,0,0,0,0,0,0,4,10,4,10,2.8245
2021A00054705033,0,0,0,0,0,0,0,0,0,0,0,0,0,0,0,0,0,0,0,0,594.0283
2021A00054705034,55,752,0,0,0,0,0,0,0,0,0,0,0,0,0,0,3,5,3,5,3.9254
2021A00054705037,0,0,0,0,0,0,0,0,0,0,0,0,0,0,0,0,0,0,0,0,748.0356
2021A00054705038,56,1103,0,0,2,8,0,0,0,0,0,0,4,302,0,0,12,325,12,325,2.3633
2021A00054705041,3,17,0,0,0,0,0,0,0,0,0,0,0,0,0,0,0,0,0,0,646.542
2021A00054705042,5,15,0,0,0,0,0,0,0,0,0,0,0,0,0,0,1,1,1,1,0.8431
2021A00054705043,16,100,0,0,0,0,1,2,0,0,0,0,0,0,0,0,4,8,4,8,1.1505
2021A00054705044,8,168,1,44,2,48,1,44,0,0,0,0,1,4,0,0,4,56,4,56,0.7414
2021A00054705047,0,0,0,0,0,0,0,0,0,0,0,0,0,0,0,0,0,0,0,0,656.415
2021A00054705048,74,854,0,0,0,0,0,0,0,0,0,0,0,0,0,0,4,7,4,7,3.3849
2021A00054705049,2,6,0,0,0,0,0,0,0,0,0,0,0,0,0,0,0,0,0,0,0.757
2021A00054705050,0,0,0,0,0,0,0,0,0,0,0,0,0,0,0,0,0,0,0,0,0.3673
2021A00054705051,0,0,0,0,0,0,0,0,0,0,0,0,0,0,0,0,0,0,0,0,1001.9312
2021A00054705052,110,3261,0,0,0,0,1,28,0,0,0,0,3,614,0,0,7,632,8,660,5.5618
2021A00054705053,14,102,0,0,0,0,0,0,0,0,0,0,0,0,0,0,4,20,4,20,1.8415
2021A00054705054,12,44,0,0,0,0,0,0,0,0,0,0,0,0,0,0,5,10,5,10,1.5657
2021A00054705055,0,0,0,0,0,0,0,0,0,0,0,0,0,0,0,0,0,0,0,0,0.5903
2021A00054705056,22,114,0,0,0,0,0,0,0,0,0,0,0,0,0,0,5,12,5,12,1.6263
2021A00054705057,0,0,0,0,0,0,0,0,0,0,0,0,0,0,0,0,0,0,0,0,862.8032
2021A00054705058,1,3,0,0,0,0,0,0,0,0,0,0,0,0,0,0,0,0,0,0,0.6064
2021A00054705059,13,75,0,0,0,0,0,0,0,0,0,0,0,0,0,0,2,5,2,5,1.7932
2021A00054705060,0,0,0,0,0,0,0,0,0,0,0,0,0,0,0,0,0,0,0,0,0.1082
2021A00054705061,11,49,0,0,0,0,0,0,0,0,0,0,0,0,0,0,4,7,4,7,1.3751
2021A00054705062,2,18,0,0,0,0,0,0,0,0,0,0,0,0,0,0,0,0,0,0,2.6448
2021A00054705063,0,0,0,0,0,0,0,0,0,0,0,0,0,0,0,0,0,0,0,0,872.5232
2021A00054705064,11,45,0,0,0,0,0,0,0,0,0,0,0,0,0,0,3,4,3,4,1.942
2021A00054705066,16,104,1,9,1,9,1,9,0,0,0,0,0,0,0,0,3,12,3,12,2.6717
2021A00054705067,0,0,0,0,0,0,0,0,0,0,0,0,0,0,0,0,0,0,0,0,824.9497
2021A00054705068,25,99,0,0,0,0,0,0,0,0,0,0,0,0,0,0,6,19,6,19,0.2684
2021A00054705069,3,13,0,0,0,0,0,0,0,0,0,0,0,0,0,0,1,1,1,1,2.3828
2021A00054705071,2,6,0,0,0,0,0,0,0,0,0,0,0,0,0,0,1,1,1,1,1.7446
2021A00054705073,0,0,0,0,0,0,0,0,0,0,0,0,0,0,0,0,0,0,0,0,813.4247
2021A00054705074,184,2416,2,5,3,19,2,16,1,14,0,0,1,14,0,0,11,36,11,36,14.7807
2021A00054705077,0,0,0,0,0,0,0,0,0,0,0,0,0,0,0,0,0,0,0,0,824.8484
2021A00054705078,30,258,0,0,0,0,0,0,0,0,1,29,0,0,0,0,5,36,5,36,1.3515
2021A00054705079,19,93,0,0,0,0,0,0,0,0,0,0,0,0,0,0,3,8,3,8,4.6109
2021A00054705093,3,9,0,0,0,0,0,0,0,0,0,0,0,0,0,0,1,1,1,1,899.1345
2021A00054705094,47,353,0,0,0,0,0,0,0,0,0,0,0,0,0,0,5,22,5,22,2.5704
2021A00054705096,12,52,0,0,0,0,0,0,0,0,0,0,0,0,0,0,2,3,2,3,0.9203
2021A00054705803,0,0,0,0,0,0,0,0,0,0,0,0,0,0,0,0,0,0,0,0,116.4779
2021A00054705804,0,0,0,0,0,0,0,0,0,0,0,0,0,0,0,0,0,0,0,0,79.9465
2021A00054705805,0,0,0,0,0,0,0,0,0,0,0,0,0,0,0,0,0,0,0,0,83.7729
2021A00054705806,0,0,0,0,0,0,0,0,0,0,0,0,0,0,0,0,0,0,0,0,151.3681
2021A00054705807,0,0,0,0,0,0,0,0,0,0,0,0,0,0,0,0,0,0,0,0,12.9242
2021A00054705808,0,0,0,0,0,0,0,0,0,0,0,0,0,0,0,0,0,0,0,0,1.7784
2021A00054705814,0,0,0,0,0,0,0,0,0,0,0,0,0,0,0,0,0,0,0,0,2.3267
2021A00054705815,0,0,0,0,0,0,0,0,0,0,0,0,0,0,0,0,0,0,0,0,1.4162
2021A00054705818,0,0,0,0,0,0,0,0,0,0,0,0,0,0,0,0,0,0,0,0,1.3948
2021A00054705823,0,0,0,0,0,0,0,0,0,0,0,0,0,0,0,0,0,0,0,0,1.8561
2021A00054705824,0,0,0,0,0,0,0,0,0,0,0,0,0,0,0,0,0,0,0,0,4.6735
2021A00054705828,0,0,0,0,0,0,0,0,0,0,0,0,0,0,0,0,0,0,0,0,0.7412
2021A00054706001,11,33,0,0,0,0,0,0,0,0,0,0,0,0,0,0,4,7,4,7,817.7509
2021A00054706002,28,176,1,2,1,2,1,2,0,0,0,0,0,0,0,0,1,2,1,2,1.6911
2021A00054706003,2,10,0,0,0,0,0,0,0,0,0,0,0,0,0,0,0,0,0,0,0.6201
2021A00054706004,8,56,0,0,0,0,1,6,0,0,0,0,1,6,0,0,0,0,1,6,1077.3574
2021A00054706006,23,89,0,0,0,0,0,0,0,0,0,0,0,0,0,0,6,13,6,13,1.0761
2021A00054706007,16,96,0,0,0,0,0,0,0,0,0,0,0,0,0,0,2,8,2,8,0.7109
2021A00054706008,18,126,0,0,0,0,0,0,0,0,0,0,1,35,0,0,3,37,3,37,1.3375
2021A00054706009,7,37,0,0,0,0,0,0,0,0,0,0,0,0,0,0,0,0,0,0,0.6166
2021A00054706011,35,448,0,0,0,0,1,3,0,0,1,3,0,0,0,0,6,23,6,23,945.1044
2021A00054706013,1,3,0,0,0,0,0,0,0,0,0,0,0,0,0,0,1,1,1,1,844.7142
2021A00054706014,11,117,0,0,0,0,0,0,0,0,0,0,0,0,0,0,1,3,1,3,1.4255
2021A00054706016,3,13,0,0,0,0,0,0,0,0,0,0,0,0,0,0,1,1,1,1,845.8918
2021A00054706017,20,188,0,0,0,0,0,0,0,0,0,0,0,0,0,0,4,6,4,6,1.5391
2021A00054706018,8,36,0,0,1,14,1,14,1,14,0,0,1,14,0,0,1,14,1,14,0.685
2021A00054706019,21,79,0,0,0,0,0,0,0,0,0,0,0,0,0,0,5,12,5,12,2.6394
2021A00054706021,17,282,0,0,0,0,0,0,0,0,0,0,0,0,0,0,4,12,4,12,840.177
2021A00054706022,10,1088,0,0,1,22,0,0,0,0,0,0,4,676,0,0,5,711,5,711,1.3483
2021A00054706023,29,163,0,0,1,7,1,7,1,7,0,0,1,7,0,0,6,19,6,19,1.3234
2021A00054706026,58,2016,1,30,2,45,2,365,0,0,0,0,1,350,0,0,3,395,3,395,656.6601
2021A00054706027,7193,120141,10,905,59,1833,25,1005,4,76,16,196,35,608,0,0,173,2691,184,2784,178.81
2021A00054706028,1,15,0,0,0,0,0,0,0,0,0,0,0,0,0,0,0,0,0,0,1.7409
2021A00054706029,176,3073,3,152,4,158,4,158,0,0,1,26,1,6,0,0,9,219,10,225,848.8417
2021A00054706030,122,1046,0,0,0,0,1,60,0,0,1,15,2,73,0,0,6,36,7,96,7.5596
2021A00054706031,81,1349,3,94,2,91,2,103,0,0,1,62,1,15,0,0,7,175,7,175,5.7058
2021A00054706032,0,0,0,0,0,0,0,0,0,0,0,0,0,0,0,0,0,0,0,0,4.7567
2021A00054706033,16,148,0,0,0,0,0,0,0,0,0,0,0,0,0,0,2,4,2,4,0.693
2021A00054706034,5,15,0,0,0,0,0,0,0,0,0,0,0,0,0,0,3,5,3,5,877.7467
2021A00054706036,22,118,0,0,1,3,1,3,1,3,0,0,1,3,0,0,3,7,3,7,3.8832
2021A00054706037,14,425,0,0,0,0,0,0,0,0,0,0,1,101,0,0,2,9,3,110,1.3246
2021A00054706038,0,0,0,0,0,0,0,0,0,0,0,0,0,0,0,0,0,0,0,0,745.3768
2021A00054706039,86,922,1,46,1,3,1,46,0,0,1,7,0,0,1,46,10,71,10,71,3.0792
2021A00054706041,3,156,0,0,0,0,0,0,0,0,0,0,0,0,0,0,0,0,0,0,2.6685
2021A00054706042,0,0,0,0,0,0,0,0,0,0,0,0,0,0,0,0,0,0,0,0,763.1122
2021A00054706045,0,0,0,0,0,0,0,0,0,0,0,0,0,0,0,0,0,0,0,0,2.5508
2021A00054706046,18,74,0,0,0,0,0,0,0,0,0,0,0,0,0,0,3,7,3,7,0.9811
2021A00054706047,42,613,0,0,1,3,1,3,0,0,0,0,0,0,0,0,3,6,3,6,1.6155
2021A00054706048,0,0,0,0,0,0,0,0,0,0,0,0,0,0,0,0,0,0,0,0,489.5251
2021A00054706049,4,16,0,0,0,0,0,0,0,0,0,0,0,0,0,0,0,0,0,0,1.2403
2021A00054706050,0,0,0,0,0,0,0,0,0,0,0,0,0,0,0,0,0,0,0,0,4.4873
2021A00054706051,129,2088,0,0,0,0,0,0,0,0,0,0,0,0,0,0,6,19,6,19,5.0929
2021A00054706052,0,0,0,0,0,0,0,0,0,0,0,0,0,0,0,0,0,0,0,0,1.0168
2021A00054706053,10,150,0,0,0,0,0,0,0,0,0,0,0,0,0,0,1,1,1,1,816.169
2021A00054706054,5,95,0,0,0,0,0,0,0,0,0,0,0,0,0,0,0,0,0,0,0.6523
2021A00054706055,9,39,0,0,0,0,0,0,0,0,1,7,0,0,0,0,1,7,1,7,3.6349
2021A00054706056,96,832,1,5,3,39,1,5,0,0,0,0,0,0,0,0,6,51,6,51,4.9174
2021A00054706057,0,0,0,0,0,0,0,0,0,0,0,0,0,0,0,0,0,0,0,0,0.4648
2021A00054706058,0,0,0,0,0,0,0,0,0,0,0,0,0,0,0,0,0,0,0,0,3.8828
2021A00054706059,0,0,0,0,0,0,0,0,0,0,0,0,0,0,0,0,0,0,0,0,949.8771
2021A00054706060,0,0,0,0,0,0,0,0,0,0,0,0,0,0,0,0,0,0,0,0,0.168
2021A00054706061,19,444,0,0,0,0,0,0,0,0,0,0,1,187,0,0,5,196,5,196,2.3759
2021A00054706062,2,6,0,0,0,0,0,0,0,0,0,0,0,0,0,0,0,0,0,0,1.1995
2021A00054706063,3,9,0,0,0,0,0,0,0,0,0,0,0,0,0,0,2,2,2,2,863.8868
2021A00054706064,9,59,0,0,0,0,0,0,0,0,0,0,0,0,0,0,1,1,1,1,0.675
2021A00054706065,0,0,0,0,0,0,0,0,0,0,0,0,0,0,0,0,0,0,0,0,0.7149
2021A00054706067,21,107,0,0,0,0,0,0,0,0,0,0,0,0,0,0,5,11,5,11,1.322
2021A00054706068,6,22,1,5,0,0,0,0,0,0,0,0,0,0,0,0,2,6,2,6,1.281
2021A00054706069,0,0,0,0,0,0,0,0,0,0,0,0,0,0,0,0,0,0,0,0,0.2535
2021A00054706070,0,0,0,0,0,0,0,0,0,0,0,0,0,0,0,0,0,0,0,0,1022.451
2021A00054706071,3,9,0,0,0,0,0,0,0,0,0,0,0,0,0,0,0,0,0,0,663.9044
2021A00054706072,0,0,0,0,0,0,0,0,0,0,0,0,0,0,0,0,0,0,0,0,1.5692
2021A00054706073,43,185,0,0,0,0,0,0,0,0,0,0,0,0,0,0,8,23,8,23,1.2637
2021A00054706074,50,402,0,0,0,0,1,3,0,0,1,7,0,0,1,3,6,19,6,19,5.8142
2021A00054706075,0,0,0,0,0,0,0,0,0,0,0,0,0,0,0,0,0,0,0,0,0.6329
2021A00054706076,0,0,0,0,0,0,0,0,0,0,0,0,0,0,0,0,0,0,0,0,0.1719
2021A00054706077,16,80,0,0,0,0,0,0,0,0,0,0,0,0,0,0,0,0,0,0,1.0641
2021A00054706078,38,314,0,0,0,0,0,0,0,0,0,0,0,0,0,0,7,11,7,11,1.2213
2021A00054706079,16,76,0,0,0,0,0,0,0,0,0,0,0,0,0,0,2,3,2,3,1.3493
2021A00054706080,1,3,0,0,0,0,0,0,0,0,0,0,0,0,0,0,0,0,0,0,0.3487
2021A00054706081,0,0,0,0,0,0,0,0,0,0,0,0,0,0,0,0,0,0,0,0,3.7163
2021A00054706082,0,0,0,0,0,0,0,0,0,0,0,0,0,0,0,0,0,0,0,0,0.1206
2021A00054706085,2,6,0,0,0,0,0,0,0,0,0,0,0,0,0,0,0,0,0,0,0.4482
2021A00054706091,4,36,0,0,0,0,0,0,0,0,0,0,0,0,0,0,0,0,0,0,905.525
2021A00054706092,42,298,0,0,1,9,0,0,0,0,0,0,0,0,0,0,5,17,5,17,1.5614
2021A00054706093,2,10,0,0,0,0,0,0,0,0,0,0,0,0,0,0,0,0,0,0,0.6753
2021A00054706094,40,280,0,0,0,0,0,0,0,0,0,0,0,0,0,0,4,8,4,8,0.8616
2021A00054706096,0,0,0,0,0,0,0,0,0,0,0,0,0,0,0,0,0,0,0,0,805.346
2021A00054706097,14,50,0,0,0,0,0,0,0,0,0,0,0,0,0,0,3,5,3,5,1.1932
2021A00054706098,12,100,0,0,0,0,0,0,0,0,0,0,0,0,0,0,2,2,2,2,0.7003
2021A00054706099,0,0,0,0,0,0,0,0,0,0,0,0,0,0,0,0,0,0,0,0,555.6177
2021A00054706809,0,0,0,0,0,0,0,0,0,0,0,0,0,0,0,0,0,0,0,0,112.1228
2021A00054706810,0,0,0,0,0,0,0,0,0,0,0,0,0,0,0,0,0,0,0,0,158.1089
2021A00054706811,0,0,0,0,0,0,0,0,0,0,0,0,0,0,0,0,0,0,0,0,22.8865
2021A00054706812,0,0,0,0,0,0,0,0,0,0,0,0,0,0,0,0,0,0,0,0,89.5431
2021A00054706813,0,0,0,0,0,0,0,0,0,0,0,0,0,0,0,0,0,0,0,0,77.5492
2021A00054706814,0,0,0,0,0,0,0,0,0,0,0,0,0,0,0,0,0,0,0,0,65.6822
2021A00054706815,0,0,0,0,0,0,0,0,0,0,0,0,0,0,0,0,0,0,0,0,52.8881
2021A00054706816,0,0,0,0,0,0,0,0,0,0,0,0,0,0,0,0,0,0,0,0,100.8305
2021A00054706818,0,0,0,0,0,0,0,0,0,0,0,0,0,0,0,0,0,0,0,0,53.1698
2021A00054706820,0,0,0,0,0,0,0,0,0,0,0,0,0,0,0,0,0,0,0,0,0.2369
2021A00054706828,0,0,0,0,0,0,0,0,0,0,0,0,0,0,0,0,0,0,0,0,3.0013
2021A00054706829,0,0,0,0,0,0,0,0,0,0,0,0,0,0,0,0,0,0,0,0,0.3982
2021A00054706830,0,0,0,0,0,0,0,0,0,0,0,0,0,0,0,0,0,0,0,0,2.535
2021A00054706831,0,0,0,0,0,0,0,0,0,0,0,0,0,0,0,0,0,0,0,0,2.5802
2021A00054707001,0,0,0,0,0,0,0,0,0,0,0,0,0,0,0,0,0,0,0,0,829.5567
2021A00054707004,0,0,0,0,0,0,0,0,0,0,0,0,0,0,0,0,0,0,0,0,434.1821
2021A00054707006,3,13,0,0,0,0,0,0,0,0,0,0,0,0,0,0,2,8,2,8,697.183
2021A00054707008,6,34,0,0,0,0,0,0,0,0,0,0,0,0,0,0,1,1,1,1,0.8478
2021A00054707011,6,22,0,0,0,0,0,0,0,0,0,0,0,0,0,0,3,6,3,6,761.8643
2021A00054707012,11,53,0,0,0,0,0,0,0,0,0,0,0,0,0,0,2,2,2,2,0.787
2021A00054707014,1,3,0,0,0,0,0,0,0,0,0,0,0,0,0,0,0,0,0,0,843.2367
2021A00054707016,24,80,0,0,0,0,0,0,0,0,0,0,0,0,0,0,5,11,5,11,1.2377
2021A00054707018,0,0,0,0,0,0,0,0,0,0,0,0,0,0,0,0,0,0,0,0,840.5421
2021A00054707020,0,0,0,0,0,0,0,0,0,0,0,0,0,0,0,0,0,0,0,0,0.8937
2021A00054707021,0,0,0,0,0,0,0,0,0,0,0,0,0,0,0,0,0,0,0,0,1196.4795
2021A00054707022,9,27,0,0,0,0,0,0,0,0,0,0,1,1,0,0,4,5,4,5,1.993
2021A00054707023,7,53,0,0,0,0,0,0,0,0,0,0,0,0,0,0,1,2,1,2,0.6955
2021A00054707024,1,3,0,0,0,0,0,0,0,0,0,0,0,0,0,0,0,0,0,0,1232.6474
2021A00054707026,28,176,0,0,0,0,0,0,0,0,0,0,0,0,0,0,3,4,3,4,3.6905
2021A00054707027,20,108,0,0,0,0,0,0,0,0,0,0,0,0,0,0,2,2,2,2,1.5397
2021A00054707028,7,21,0,0,0,0,0,0,0,0,0,0,0,0,0,0,4,7,4,7,1.2911
2021A00054707029,0,0,0,0,0,0,0,0,0,0,0,0,0,0,0,0,0,0,0,0,837.9642
2021A00054707031,12,156,0,0,0,0,0,0,0,0,0,0,1,35,0,0,5,41,5,41,1.1526
2021A00054707032,0,0,0,0,0,0,0,0,0,0,0,0,0,0,0,0,0,0,0,0,818.6268
2021A00054707034,20,84,0,0,0,0,0,0,0,0,0,0,0,0,0,0,4,8,4,8,2.8675
2021A00054707036,0,0,0,0,0,0,0,0,0,0,0,0,0,0,0,0,0,0,0,0,566.7421
2021A00054707037,31,384,0,0,0,0,0,0,0,0,0,0,0,0,0,0,4,49,4,49,1.8241
2021A00054707038,16,100,0,0,0,0,0,0,0,0,0,0,0,0,0,0,1,3,1,3,777.6213
2021A00054707039,1102,16325,4,113,6,127,1,13,0,0,6,38,1,30,0,0,48,464,48,464,65.8125
2021A00054707042,3,13,0,0,0,0,0,0,0,0,0,0,0,0,0,0,2,2,2,2,781.4794
2021A00054707043,6,102,0,0,0,0,0,0,0,0,0,0,1,7,0,0,3,10,3,10,0.6761
2021A00054707044,8,40,0,0,0,0,0,0,0,0,0,0,0,0,0,0,2,8,2,8,0.6292
2021A00054707045,1,3,0,0,0,0,0,0,0,0,0,0,0,0,0,0,0,0,0,0,2.0343
2021A00054707047,0,0,0,0,0,0,0,0,0,0,0,0,0,0,0,0,0,0,0,0,830.7255
2021A00054707048,28,140,0,0,1,6,0,0,0,0,0,0,0,0,0,0,8,26,8,26,2.5735
2021A00054707049,7,25,0,0,0,0,0,0,0,0,0,0,0,0,0,0,1,1,1,1,2.5188
2021A00054707051,0,0,0,0,0,0,0,0,0,0,0,0,0,0,0,0,0,0,0,0,4.9492
2021A00054707053,0,0,0,0,0,0,0,0,0,0,0,0,0,0,0,0,0,0,0,0,1003.926
2021A00054707054,38,374,0,0,0,0,0,0,0,0,0,0,0,0,0,0,4,7,4,7,2.1038
2021A00054707058,3,9,0,0,0,0,0,0,0,0,0,0,0,0,0,0,2,2,2,2,549.9478
2021A00054707059,30,162,0,0,0,0,0,0,0,0,0,0,0,0,0,0,4,7,4,7,0.8167
2021A00054707062,37,155,2,5,2,5,1,2,0,0,0,0,0,0,0,0,9,23,9,23,1.0881
2021A00054707063,18,270,0,0,0,0,0,0,0,0,0,0,0,0,0,0,1,35,1,35,1360.618
2021A00054707066,0,0,0,0,0,0,0,0,0,0,0,0,0,0,0,0,0,0,0,0,820.3155
2021A00054707067,15,57,0,0,0,0,0,0,0,0,0,0,0,0,0,0,3,5,3,5,895.7172
2021A00054707068,0,0,0,0,0,0,0,0,0,0,0,0,0,0,0,0,0,0,0,0,0.697
2021A00054707071,3,13,0,0,0,0,0,0,0,0,0,0,0,0,0,0,0,0,0,0,818.0493
2021A00054707072,19,133,0,0,0,0,0,0,0,0,0,0,0,0,0,0,3,7,3,7,1.0088
2021A00054707074,0,0,0,0,0,0,0,0,0,0,0,0,0,0,0,0,0,0,0,0,1.9171
2021A00054707076,0,0,0,0,0,0,0,0,0,0,0,0,0,0,0,0,0,0,0,0,830.6826
2021A00054707077,4,20,0,0,0,0,0,0,0,0,0,0,0,0,0,0,0,0,0,0,0.751
2021A00054707091,1,3,0,0,0,0,0,0,0,0,0,0,0,0,0,0,0,0,0,0,868.4834
2021A00054707092,29,307,1,9,2,17,1,9,0,0,0,0,1,8,0,0,6,25,6,25,3.0777
2021A00054707093,1,7,0,0,0,0,0,0,0,0,0,0,0,0,0,0,0,0,0,0,1.3073
2021A00054708001,46,670,0,0,0,0,0,0,0,0,0,0,0,0,0,0,3,10,3,10,1100.4747
2021A00054708004,897,11250,3,122,5,103,5,119,1,7,0,0,4,12,0,0,48,268,49,274,29.3012
2021A00054708006,0,0,0,0,0,0,0,0,0,0,0,0,0,0,0,0,0,0,0,0,1101.9222
2021A00054708008,7,29,0,0,0,0,0,0,0,0,0,0,0,0,0,0,0,0,0,0,1.2313
2021A00054708009,0,0,0,0,0,0,0,0,0,0,0,0,0,0,0,0,0,0,0,0,828.4785
2021A00054708011,91,769,0,0,0,0,0,0,0,0,0,0,0,0,0,0,6,12,6,12,2.3987
2021A00054708012,12,56,0,0,0,0,0,0,0,0,0,0,0,0,0,0,4,12,4,12,2.6773
2021A00054708016,0,0,0,0,0,0,0,0,0,0,0,0,0,0,0,0,0,0,0,0,831.8731
2021A00054708018,8,24,0,0,0,0,0,0,0,0,0,0,0,0,0,0,2,2,2,2,0.4834
2021A00054708021,0,0,0,0,0,0,0,0,0,0,0,0,0,0,0,0,0,0,0,0,998.4743
2021A00054708022,24,96,0,0,0,0,0,0,0,0,0,0,1,2,0,0,4,9,4,9,0.4762
2021A00054708024,1,3,0,0,0,0,0,0,0,0,0,0,0,0,0,0,0,0,0,0,1253.4003
2021A00054708026,32,124,0,0,0,0,0,0,0,0,0,0,1,1,0,0,6,10,6,10,0.7006
2021A00054708028,0,0,0,0,0,0,0,0,0,0,0,0,0,0,0,0,0,0,0,0,1256.4209
2021A00054708029,14,70,0,0,0,0,0,0,0,0,0,0,1,1,0,0,3,5,3,5,0.5499
2021A00054708031,3,77,0,0,0,0,0,0,0,0,0,0,0,0,0,0,0,0,0,0,1307.4622
2021A00054708032,55,372,0,0,0,0,0,0,0,0,0,0,1,1,0,0,7,14,7,14,1.3599
2021A00054708034,7,180,0,0,0,0,0,0,0,0,0,0,1,28,0,0,1,28,1,28,0.6524
2021A00054708036,5,15,0,0,0,0,0,0,0,0,0,0,0,0,0,0,0,0,0,0,1.3638
2021A00054708038,1,3,0,0,0,0,0,0,0,0,0,0,0,0,0,0,1,1,1,1,792.7278
2021A00054708039,22,110,0,0,0,0,0,0,0,0,0,0,0,0,0,0,3,7,3,7,0.8559
2021A00054708042,15,85,0,0,0,0,0,0,0,0,0,0,0,0,0,0,3,6,3,6,1896.9167
2021A00054708044,44,212,0,0,0,0,0,0,0,0,0,0,0,0,0,0,6,15,6,15,1.1596
2021A00054708046,0,0,0,0,0,0,0,0,0,0,0,0,0,0,0,0,0,0,0,0,1227.7168
2021A00054708048,23,73,0,0,0,0,0,0,0,0,0,0,0,0,0,0,4,7,4,7,0.7269
2021A00054708049,13,39,0,0,0,0,0,0,0,0,0,0,0,0,0,0,4,7,4,7,1.3222
2021A00054708053,1,3,0,0,0,0,0,0,0,0,0,0,0,0,0,0,1,2,1,2,1436.3349
2021A00054708054,17,75,0,0,0,0,0,0,0,0,0,0,0,0,0,0,5,12,5,12,1.333
2021A00054708056,8,28,0,0,0,0,0,0,0,0,0,0,0,0,0,0,2,3,2,3,1269.1778
2021A00054708057,11,37,0,0,0,0,0,0,0,0,0,0,0,0,0,0,3,4,3,4,0.8178
2021A00054708058,0,0,0,0,0,0,0,0,0,0,0,0,0,0,0,0,0,0,0,0,1.6778
2021A00054708059,2,6,0,0,0,0,0,0,0,0,0,0,0,0,0,0,0,0,0,0,0.5904
2021A00054708061,77,610,0,0,0,0,0,0,0,0,0,0,0,0,0,0,4,9,4,9,736.8703
2021A00054708062,19,81,0,0,0,0,0,0,0,0,0,0,0,0,0,0,2,3,2,3,1.0897
2021A00054708065,9,31,0,0,0,0,0,0,0,0,0,0,0,0,0,0,2,2,2,2,1962.2062
2021A00054708068,59,357,0,0,0,0,0,0,0,0,0,0,0,0,0,0,9,24,9,24,1.5982
2021A00054708071,11,41,0,0,0,0,0,0,0,0,0,0,0,0,0,0,1,2,1,2,1094.6415
2021A00054708074,10,189,0,0,0,0,0,0,0,0,0,0,0,0,0,0,4,6,4,6,1615.9074
2021A00054708076,110,738,0,0,1,14,1,14,0,0,0,0,0,0,0,0,11,42,11,42,2.6542
2021A00054708092,3,25,0,0,0,0,0,0,0,0,0,0,0,0,0,0,0,0,0,0,1587.9938
2021A00054708094,60,376,1,9,1,9,1,9,0,0,0,0,0,0,0,0,9,29,9,29,2.8862
2021A00054709001,8,48,0,0,0,0,0,0,0,0,0,0,0,0,0,0,2,4,2,4,790.9306
2021A00054709002,3,9,0,0,0,0,0,0,0,0,0,0,0,0,0,0,2,2,2,2,0.7497
2021A00054709006,8,28,0,0,0,0,0,0,0,0,0,0,0,0,0,0,2,3,2,3,814.6873
2021A00054709009,9,43,0,0,0,0,0,0,0,0,0,0,0,0,0,0,3,11,3,11,1.0799
2021A00054709011,8,36,0,0,0,0,0,0,0,0,0,0,0,0,0,0,3,7,3,7,770.0514
2021A00054709012,729,11950,2,36,5,68,4,42,1,3,0,0,2,6,1,22,33,453,34,456,36.1941
2021A00054709014,12,52,0,0,0,0,0,0,0,0,0,0,0,0,0,0,3,9,3,9,0.6015
2021A00054709016,19,125,0,0,0,0,0,0,0,0,0,0,0,0,0,0,5,15,5,15,0.7037
2021A00054709019,6,34,0,0,0,0,0,0,0,0,0,0,0,0,0,0,2,3,2,3,790.2023
2021A00054709023,6,30,0,0,0,0,0,0,0,0,0,0,0,0,0,0,2,3,2,3,808.5493
2021A00054709024,6,18,0,0,0,0,0,0,0,0,0,0,0,0,0,0,1,1,1,1,1.8763
2021A00054709028,18,226,0,0,0,0,0,0,0,0,0,0,0,0,0,0,4,9,4,9,1.5114
2021A00054709029,3,21,0,0,0,0,0,0,0,0,0,0,0,0,0,0,0,0,0,0,773.5351
2021A00054709032,107,1177,2,6,3,9,2,6,0,0,0,0,0,0,0,0,11,22,11,22,7.3482
2021A00054709033,6,34,0,0,0,0,0,0,0,0,0,0,0,0,0,0,2,2,2,2,820.6999
2021A00054709037,2,10,0,0,0,0,0,0,0,0,0,0,0,0,0,0,2,4,2,4,871.0206
2021A00054709038,11,37,0,0,0,0,0,0,0,0,0,0,0,0,0,0,3,9,3,9,1.4379
2021A00054709039,81,1273,0,0,0,0,0,0,0,0,0,0,1,1,0,0,5,13,5,13,5.6749
2021A00054709042,4,28,0,0,0,0,0,0,0,0,0,0,0,0,0,0,0,0,0,0,647.8003
2021A00054709044,7,33,0,0,0,0,0,0,0,0,0,0,0,0,0,0,2,2,2,2,0.9579
2021A00054709046,1,3,0,0,0,0,0,0,0,0,0,0,0,0,0,0,0,0,0,0,656.4879
2021A00054709049,7,37,0,0,0,0,0,0,0,0,0,0,0,0,0,0,0,0,0,0,708.2748
2021A00054709053,19,65,0,0,0,0,0,0,0,0,0,0,0,0,0,0,4,6,4,6,1.1316
2021A00054709054,2,78,0,0,0,0,0,0,0,0,0,0,0,0,0,0,0,0,0,0,694.1441
2021A00054709056,2,10,0,0,0,0,0,0,0,0,0,0,0,0,0,0,0,0,0,0,0.6662
2021A00054709058,12,68,0,0,0,0,0,0,0,0,0,0,0,0,0,0,2,4,2,4,1.2047
2021A00054709060,4,16,0,0,0,0,0,0,0,0,0,0,0,0,0,0,1,1,1,1,1358.4511
2021A00054709061,15,57,0,0,0,0,1,3,0,0,0,0,1,3,0,0,4,9,4,9,1.2407
2021A00054709062,1,3,0,0,0,0,0,0,0,0,0,0,0,0,0,0,0,0,0,0,1368.9188
2021A00054709064,73,763,0,0,0,0,0,0,0,0,1,3,0,0,0,0,9,19,9,19,2.856
2021A00054709065,21,127,0,0,0,0,0,0,0,0,1,3,0,0,0,0,5,14,5,14,1.0034
2021A00054709066,21,167,0,0,0,0,0,0,0,0,0,0,0,0,0,0,4,5,4,5,3.1491
2021A00054709067,14,74,0,0,0,0,0,0,0,0,0,0,0,0,0,0,3,9,3,9,1380.6779
2021A00054709069,7,65,0,0,0,0,0,0,0,0,0,0,0,0,0,0,1,1,1,1,0.7064
2021A00054709071,7,65,0,0,0,0,0,0,0,0,0,0,0,0,0,0,3,8,3,8,0.413
2021A00054709072,44,492,0,0,0,0,0,0,0,0,0,0,0,0,0,0,6,14,6,14,1.6242
2021A00054709075,0,0,0,0,0,0,0,0,0,0,0,0,0,0,0,0,0,0,0,0,1326.237
2021A00054709076,16,60,0,0,0,0,0,0,0,0,0,0,0,0,0,0,5,8,5,8,0.7164
2021A00054709819,0,0,0,0,0,0,0,0,0,0,0,0,0,0,0,0,0,0,0,0,83.9197
2021A00054709820,0,0,0,0,0,0,0,0,0,0,0,0,0,0,0,0,0,0,0,0,41.1325
2021A00054709821,0,0,0,0,0,0,0,0,0,0,0,0,0,0,0,0,0,0,0,0,58.5942
2021A00054709822,0,0,0,0,0,0,0,0,0,0,0,0,0,0,0,0,0,0,0,0,0.0391
2021A00054709824,0,0,0,0,0,0,0,0,0,0,0,0,0,0,0,0,0,0,0,0,2.866
2021A00054709826,0,0,0,0,0,0,0,0,0,0,0,0,0,0,0,0,0,0,0,0,3.9437
2021A00054709828,0,0,0,0,0,0,0,0,0,0,0,0,0,0,0,0,0,0,0,0,3.3656
2021A00054709830,0,0,0,0,0,0,0,0,0,0,0,0,0,0,0,0,0,0,0,0,1.4412
2021A00054709832,0,0,0,0,0,0,0,0,0,0,0,0,0,0,0,0,0,0,0,0,2.4432
2021A00054710002,4,12,0,0,0,0,0,0,0,0,0,0,0,0,0,0,2,3,2,3,1.0664
2021A00054710003,4,36,0,0,0,0,0,0,0,0,0,0,0,0,0,0,0,0,0,0,788.7336
2021A00054710004,36,308,0,0,0,0,0,0,0,0,0,0,0,0,0,0,3,6,3,6,1.4652
2021A00054710008,15,264,0,0,0,0,0,0,0,0,0,0,0,0,0,0,4,7,4,7,809.2163
2021A00054710009,13,103,0,0,0,0,0,0,0,0,0,0,0,0,0,0,0,0,0,0,2.5703
2021A00054710011,10,70,0,0,0,0,0,0,0,0,0,0,0,0,0,0,3,18,3,18,1.2833
2021A00054710014,0,0,0,0,0,0,0,0,0,0,0,0,0,0,0,0,0,0,0,0,684.5733
2021A00054710022,15,101,0,0,0,0,0,0,0,0,0,0,0,0,0,0,2,4,2,4,1.0784
2021A00054710024,0,0,0,0,0,0,0,0,0,0,0,0,0,0,0,0,0,0,0,0,1624.5704
2021A00054710027,63,680,0,0,0,0,0,0,0,0,1,3,0,0,0,0,8,15,8,15,2.7377
2021A00054710028,2,6,0,0,0,0,0,0,0,0,0,0,0,0,0,0,0,0,0,0,0.9719
2021A00054710029,12,328,0,0,0,0,0,0,0,0,0,0,0,0,0,0,0,0,0,0,0.6834
2021A00054710031,7,33,0,0,0,0,0,0,0,0,0,0,0,0,0,0,2,2,2,2,807.182
2021A00054710034,2,6,0,0,0,0,0,0,0,0,0,0,0,0,0,0,0,0,0,0,0.2276
2021A00054710035,0,0,0,0,0,0,0,0,0,0,0,0,0,0,0,0,0,0,0,0,0.6641
2021A00054710036,3,21,0,0,0,0,0,0,0,0,0,0,0,0,0,0,1,1,1,1,1284.4113
2021A00054710038,87,745,0,0,0,0,0,0,0,0,0,0,0,0,0,0,8,21,8,21,6.0371
2021A00054710041,4,16,0,0,0,0,0,0,0,0,0,0,0,0,0,0,1,2,1,2,687.5626
2021A00054710043,6,34,0,0,0,0,0,0,0,0,0,0,0,0,0,0,1,1,1,1,2.4844
2021A00054710046,0,0,0,0,0,0,0,0,0,0,0,0,0,0,0,0,0,0,0,0,730.3406
2021A00054710047,89,1085,0,0,1,5,0,0,0,0,0,0,2,20,0,0,7,41,7,41,5.323
2021A00054710052,0,0,0,0,0,0,0,0,0,0,0,0,0,0,0,0,0,0,0,0,837.6574
2021A00054710054,17,99,0,0,0,0,0,0,0,0,0,0,0,0,0,0,4,6,4,6,0.8708
2021A00054710056,0,0,0,0,0,0,0,0,0,0,0,0,0,0,0,0,0,0,0,0,831.5391
2021A00054710058,29,279,0,0,0,0,0,0,0,0,0,0,0,0,0,0,5,38,5,38,2.1123
2021A00054710061,0,0,0,0,0,0,0,0,0,0,0,0,0,0,0,0,0,0,0,0,653.881
2021A00054710062,56,611,0,0,1,14,1,15,0,0,0,0,0,0,0,0,7,38,7,38,2.9575
2021A00054710064,29,322,1,5,1,5,1,5,0,0,0,0,0,0,0,0,7,20,7,20,1.3195
2021A00054710066,15,89,0,0,0,0,0,0,0,0,0,0,0,0,0,0,4,11,4,11,709.0986
2021A00054710068,98,1642,0,0,0,0,0,0,0,0,0,0,0,0,0,0,6,12,6,12,2.9945
2021A00054710071,12,56,0,0,0,0,0,0,0,0,0,0,0,0,0,0,2,4,2,4,984.2602
2021A00054710072,9,35,0,0,0,0,0,0,0,0,0,0,0,0,0,0,2,4,2,4,0.7131
2021A00054710801,0,0,0,0,0,0,0,0,0,0,0,0,0,0,0,0,0,0,0,0,1.8417
2021A00054710822,0,0,0,0,0,0,0,0,0,0,0,0,0,0,0,0,0,0,0,0,63.7953
2021A00054710823,0,0,0,0,0,0,0,0,0,0,0,0,0,0,0,0,0,0,0,0,125.0065
2021A00054710824,0,0,0,0,0,0,0,0,0,0,0,0,0,0,0,0,0,0,0,0,56.0796
2021A00054710825,0,0,0,0,0,0,0,0,0,0,0,0,0,0,0,0,0,0,0,0,96.5108
2021A00054710826,0,0,0,0,0,0,0,0,0,0,0,0,0,0,0,0,0,0,0,0,33.1652
2021A00054710828,0,0,0,0,0,0,0,0,0,0,0,0,0,0,0,0,0,0,0,0,44.8573
2021A00054710832,0,0,0,0,0,0,0,0,0,0,0,0,0,0,0,0,0,0,0,0,2.3854
2021A00054710834,0,0,0,0,0,0,0,0,0,0,0,0,0,0,0,0,0,0,0,0,1.2466
2021A00054710836,0,0,0,0,0,0,0,0,0,0,0,0,0,0,0,0,0,0,0,0,0.649
2021A00054710838,0,0,0,0,0,0,0,0,0,0,0,0,0,0,0,0,0,0,0,0,3.6252
2021A00054710840,0,0,0,0,0,0,0,0,0,0,0,0,0,0,0,0,0,0,0,0,2.0306
2021A00054710842,0,0,0,0,0,0,0,0,0,0,0,0,0,0,0,0,0,0,0,0,0.7008
2021A00054710843,0,0,0,0,0,0,0,0,0,0,0,0,0,0,0,0,0,0,0,0,2.6809
2021A00054710845,0,0,0,0,0,0,0,0,0,0,0,0,0,0,0,0,0,0,0,0,0.7433
2021A00054710846,0,0,0,0,0,0,0,0,0,0,0,0,0,0,0,0,0,0,0,0,1.8431
2021A00054710847,0,0,0,0,0,0,0,0,0,0,0,0,0,0,0,0,0,0,0,0,5.2638
2021A00054710848,0,0,0,0,0,0,0,0,0,0,0,0,0,0,0,0,0,0,0,0,1.3975
2021A00054710849,0,0,0,0,0,0,0,0,0,0,0,0,0,0,0,0,0,0,0,0,0.5165
2021A00054710850,0,0,0,0,0,0,0,0,0,0,0,0,0,0,0,0,0,0,0,0,3.7896
2021A00054710851,0,0,0,0,0,0,0,0,0,0,0,0,0,0,0,0,0,0,0,0,0.5487
2021A00054710852,0,0,0,0,0,0,0,0,0,0,0,0,0,0,0,0,0,0,0,0,3.0706
2021A00054711002,15,85,0,0,0,0,0,0,0,0,0,0,0,0,0,0,4,7,4,7,0.6694
2021A00054711003,16,68,0,0,0,0,0,0,0,0,0,0,0,0,0,0,4,6,4,6,858.9559
2021A00054711004,12,84,0,0,0,0,0,0,0,0,0,0,0,0,0,0,2,4,2,4,1.2733
2021A00054711006,0,0,0,0,0,0,0,0,0,0,0,0,0,0,0,0,0,0,0,0,689.3545
2021A00054711007,0,0,0,0,0,0,0,0,0,0,0,0,0,0,0,0,0,0,0,0,0.2602
2021A00054711008,48,343,1,88,1,88,1,88,0,0,0,0,0,0,0,0,7,99,7,99,1.2049
2021A00054711009,4,12,0,0,0,0,0,0,0,0,0,0,0,0,0,0,1,1,1,1,1.4241
2021A00054711011,0,0,0,0,0,0,0,0,0,0,0,0,0,0,0,0,0,0,0,0,721.5772
2021A00054711014,102,750,0,0,1,3,0,0,0,0,1,6,0,0,0,0,14,35,14,35,4.0517
2021A00054711016,0,0,0,0,0,0,0,0,0,0,0,0,0,0,0,0,0,0,0,0,836.2087
2021A00054711018,0,0,0,0,0,0,0,0,0,0,0,0,0,0,0,0,0,0,0,0,958.4202
2021A00054711019,22,150,0,0,1,7,0,0,0,0,0,0,1,7,0,0,3,10,3,10,3.9595
2021A00054711021,25,123,0,0,0,0,0,0,0,0,0,0,0,0,0,0,7,20,7,20,0.5611
2021A00054711022,3,13,0,0,0,0,0,0,0,0,0,0,0,0,0,0,0,0,0,0,0.6455
2021A00054711024,5,15,0,0,0,0,0,0,0,0,0,0,0,0,0,0,1,1,1,1,1.121
2021A00054711026,8,28,0,0,0,0,0,0,0,0,0,0,0,0,0,0,1,1,1,1,807.3139
2021A00054711027,120,1152,0,0,0,0,0,0,0,0,0,0,0,0,0,0,5,28,5,28,8.3442
2021A00054711028,24,236,0,0,0,0,0,0,0,0,0,0,0,0,0,0,8,26,8,26,0.7657
2021A00054711029,4,12,0,0,0,0,0,0,0,0,0,0,0,0,0,0,1,1,1,1,0.7761
2021A00054711031,2,6,0,0,0,0,0,0,0,0,0,0,0,0,0,0,0,0,0,0,923.8707
2021A00054711032,22,122,0,0,0,0,0,0,0,0,0,0,0,0,0,0,4,7,4,7,2.6626
2021A00054711034,0,0,0,0,0,0,0,0,0,0,0,0,0,0,0,0,0,0,0,0,944.4672
2021A00054711036,20,88,1,2,1,2,1,2,0,0,0,0,0,0,0,0,4,6,4,6,1.1364
2021A00054711038,9,31,0,0,0,0,0,0,0,0,0,0,0,0,0,0,2,3,2,3,0.8742
2021A00054711039,0,0,0,0,0,0,0,0,0,0,0,0,0,0,0,0,0,0,0,0,829.7763
2021A00054711041,10,38,0,0,0,0,0,0,0,0,0,0,0,0,0,0,2,3,2,3,1.574
2021A00054711042,0,0,0,0,0,0,0,0,0,0,0,0,0,0,0,0,0,0,0,0,793.295
2021A00054711044,30,297,0,0,1,3,0,0,0,0,0,0,0,0,0,0,6,11,6,11,2.5454
2021A00054711046,10,34,0,0,0,0,0,0,0,0,0,0,0,0,0,0,3,4,3,4,806.1109
2021A00054711048,10,106,0,0,0,0,0,0,0,0,0,0,0,0,0,0,4,41,4,41,0.6411
2021A00054711049,43,1183,0,0,0,0,0,0,0,0,0,0,1,293,0,0,3,309,3,309,8.1375
2021A00054711052,105,1446,0,0,0,0,0,0,0,0,0,0,0,0,0,0,9,22,9,22,842.6206
2021A00054711053,0,0,0,0,0,0,0,0,0,0,0,0,0,0,0,0,0,0,0,0,11.2908
2021A00054711054,14,82,0,0,0,0,0,0,0,0,0,0,0,0,0,0,3,5,3,5,2.2769
2021A00054711056,12,56,0,0,0,0,0,0,0,0,0,0,0,0,0,0,2,2,2,2,2.5383
2021A00054711058,0,0,0,0,0,0,0,0,0,0,0,0,0,0,0,0,0,0,0,0,0.712
2021A00054711059,13,59,0,0,0,0,0,0,0,0,0,0,0,0,0,0,0,0,0,0,549.9566
2021A00054711060,3,13,0,0,0,0,0,0,0,0,0,0,0,0,0,0,0,0,0,0,0.7212
2021A00054711061,7,141,0,0,0,0,0,0,0,0,0,0,0,0,0,0,0,0,0,0,799.971
2021A00054711063,26,293,0,0,0,0,0,0,0,0,0,0,1,3,0,0,5,14,5,14,1.4779
2021A00054711064,4,16,0,0,0,0,0,0,0,0,0,0,0,0,0,0,0,0,0,0,0.7464
2021A00054711065,175,2589,0,0,2,20,2,66,0,0,0,0,2,66,0,0,10,88,12,154,1893.2432
2021A00054711066,8991,153278,38,1673,105,2105,73,1734,8,159,20,245,54,1745,8,433,316,5392,340,6205,226.5642
2021A00054711067,49,359,0,0,0,0,0,0,0,0,0,0,0,0,0,0,10,26,10,26,4.2748
2021A00054711068,327,3635,2,14,5,32,4,29,0,0,3,100,2,15,0,0,14,145,16,160,13.0956
2021A00054711069,3,9,0,0,0,0,0,0,0,0,0,0,0,0,0,0,0,0,0,0,789.3981
2021A00054711070,233,2608,1,144,0,0,2,49,0,0,2,63,1,15,0,0,9,262,9,262,13.56
2021A00054711071,0,0,0,0,0,0,0,0,0,0,0,0,0,0,0,0,0,0,0,0,0.416
2021A00054711072,28,815,0,0,0,0,0,0,0,0,0,0,1,293,0,0,4,301,4,301,1.797
2021A00054711073,0,0,0,0,0,0,0,0,0,0,0,0,0,0,0,0,0,0,0,0,3.284
2021A00054711075,0,0,0,0,0,0,0,0,0,0,0,0,0,0,0,0,0,0,0,0,1.621
2021A00054711076,0,0,0,0,0,0,0,0,0,0,0,0,0,0,0,0,0,0,0,0,548.4594
2021A00054711077,2,10,0,0,0,0,0,0,0,0,0,0,0,0,0,0,0,0,0,0,0.8598
2021A00054711078,10,54,0,0,0,0,0,0,0,0,0,0,0,0,0,0,0,0,0,0,1.2624
2021A00054711079,22,545,0,0,0,0,0,0,0,0,0,0,1,187,0,0,5,202,5,202,2.3987
2021A00054711091,0,0,0,0,0,0,0,0,0,0,0,0,0,0,0,0,0,0,0,0,828.5488
2021A00054711092,23,93,0,0,0,0,0,0,0,0,0,0,0,0,0,0,3,6,3,6,1.4854
2021A00054711094,3,9,0,0,0,0,0,0,0,0,0,0,0,0,0,0,1,2,1,2,0.6748
2021A00054711096,20,76,0,0,0,0,0,0,0,0,0,0,0,0,0,0,5,13,5,13,828.0592
2021A00054711828,9,840,0,0,0,0,0,0,0,0,0,0,0,0,0,0,0,0,0,0,19.2877
2021A00054712001,19,105,0,0,1,14,1,14,0,0,0,0,0,0,0,0,5,23,5,23,822.469
2021A00054712004,4,20,0,0,0,0,0,0,0,0,0,0,1,7,0,0,2,9,2,9,807.8186
2021A00054712006,187,2366,0,0,1,3,1,3,1,3,0,0,2,4,0,0,13,34,13,34,11.5888
2021A00054712008,2,6,0,0,0,0,0,0,0,0,0,0,0,0,0,0,0,0,0,0,1.2898
2021A00054712011,2,14,0,0,0,0,0,0,0,0,0,0,0,0,0,0,0,0,0,0,732.9463
2021A00054712012,21,99,0,0,0,0,0,0,0,0,0,0,0,0,0,0,3,6,3,6,0.9628
2021A00054712014,18,62,1,3,0,0,0,0,0,0,0,0,0,0,1,3,4,8,4,8,0.7122
2021A00054712016,16,116,0,0,0,0,0,0,0,0,1,3,0,0,0,0,5,14,5,14,2.5535
2021A00054712019,8,28,0,0,0,0,0,0,0,0,0,0,0,0,0,0,2,3,2,3,0.716
2021A00054712020,9,27,0,0,0,0,0,0,0,0,0,0,0,0,0,0,3,5,3,5,1010.191
2021A00054712022,9,43,0,0,0,0,0,0,0,0,0,0,0,0,0,0,2,3,2,3,1.0018
2021A00054712026,8,64,0,0,0,0,0,0,0,0,0,0,0,0,0,0,0,0,0,0,897.569
2021A00054712029,0,0,0,0,0,0,0,0,0,0,0,0,0,0,0,0,0,0,0,0,807.3396
2021A00054712031,3,9,0,0,0,0,0,0,0,0,0,0,0,0,0,0,2,3,2,3,1.0046
2021A00054712032,7,37,0,0,0,0,0,0,0,0,0,0,0,0,0,0,0,0,0,0,0.8929
2021A00054712034,7,85,0,0,0,0,0,0,0,0,0,0,0,0,0,0,1,1,1,1,832.5352
2021A00054712038,8,36,0,0,0,0,0,0,0,0,0,0,0,0,0,0,1,2,1,2,847.024
2021A00054712042,5,15,0,0,0,0,0,0,0,0,0,0,0,0,0,0,3,5,3,5,1576.0931
2021A00054712046,114,1150,1,9,3,96,3,86,0,0,0,0,1,3,0,0,13,117,13,117,15.3669
2021A00054712050,4,16,0,0,0,0,0,0,0,0,0,0,0,0,0,0,2,5,2,5,818.4933
2021A00054712051,28,176,0,0,0,0,0,0,0,0,0,0,0,0,0,0,3,8,3,8,1.0301
2021A00054712052,4,12,0,0,0,0,0,0,0,0,0,0,0,0,0,0,0,0,0,0,1.1774
2021A00054712054,0,0,0,0,0,0,0,0,0,0,0,0,0,0,0,0,0,0,0,0,861.0954
2021A00054712056,69,566,0,0,1,7,0,0,0,0,0,0,0,0,0,0,9,31,9,31,3.3297
2021A00054712058,35,988,0,0,3,72,1,3,1,3,0,0,4,335,0,0,10,375,10,375,2.468
2021A00054712059,52,324,0,0,1,7,0,0,0,0,1,7,0,0,0,0,11,35,11,35,1.3684
2021A00054712064,5,19,0,0,0,0,0,0,0,0,0,0,0,0,0,0,1,3,1,3,822.287
2021A00054712069,0,0,0,0,0,0,0,0,0,0,0,0,0,0,0,0,0,0,0,0,883.9556
2021A00054712072,10,138,0,0,0,0,0,0,0,0,0,0,0,0,0,0,3,7,3,7,561.28
2021A00054712078,11,45,1,7,1,7,0,0,0,0,0,0,0,0,0,0,3,11,3,11,1056.7653
2021A00054712079,141,1362,0,0,2,41,2,41,0,0,0,0,1,2,0,0,13,59,13,59,23.2589
2021A00054712829,0,0,0,0,0,0,0,0,0,0,0,0,0,0,0,0,0,0,0,0,94.5866
2021A00054712830,0,0,0,0,0,0,0,0,0,0,0,0,0,0,0,0,0,0,0,0,90.8053
2021A00054712832,0,0,0,0,0,0,0,0,0,0,0,0,0,0,0,0,0,0,0,0,33.9086
2021A00054712833,0,0,0,0,0,0,0,0,0,0,0,0,0,0,0,0,0,0,0,0,158.6372
2021A00054712837,0,0,0,0,0,0,0,0,0,0,0,0,0,0,0,0,0,0,0,0,2.8507
2021A00054712870,0,0,0,0,0,0,0,0,0,0,0,0,0,0,0,0,0,0,0,0,0.852
2021A00054713002,17,63,0,0,0,0,0,0,0,0,0,0,0,0,0,0,4,9,4,9,0.6993
2021A00054713004,6,22,0,0,0,0,0,0,0,0,0,0,0,0,0,0,2,3,2,3,0.7676
2021A00054713006,8,24,0,0,0,0,0,0,0,0,0,0,0,0,0,0,2,3,2,3,2164.5336
2021A00054713008,451,3991,0,0,1,3,1,3,1,3,0,0,6,11,0,0,16,29,16,29,12.9135
2021A00054713009,37,191,0,0,0,0,1,3,0,0,0,0,0,0,0,0,5,23,5,23,1.4506
2021A00054713011,9,35,0,0,0,0,0,0,0,0,0,0,0,0,0,0,1,1,1,1,672.1666
2021A00054713014,10,78,0,0,0,0,0,0,0,0,0,0,0,0,0,0,1,2,1,2,0.8897
2021A00054713016,4,16,0,0,0,0,0,0,0,0,0,0,0,0,0,0,2,2,2,2,609.5167
2021A00054713019,4,12,0,0,0,0,0,0,0,0,0,0,0,0,0,0,1,1,1,1,556.1991
2021A00054713021,11,49,0,0,0,0,0,0,0,0,0,0,0,0,0,0,2,3,2,3,2.5952
2021A00054713022,12,68,0,0,0,0,0,0,0,0,0,0,0,0,0,0,3,4,3,4,0.6231
2021A00054713024,3,105,0,0,0,0,0,0,0,0,0,0,0,0,0,0,0,0,0,0,826.7913
2021A00054713026,45,267,0,0,0,0,0,0,0,0,0,0,1,3,0,0,3,10,3,10,1.6589
2021A00054713028,1,15,0,0,0,0,0,0,0,0,0,0,0,0,0,0,0,0,0,0,814.3509
2021A00054713029,43,201,0,0,0,0,0,0,0,0,0,0,1,1,0,0,6,11,6,11,2.8566
2021A00054713031,26,170,0,0,0,0,0,0,0,0,0,0,0,0,0,0,1,3,1,3,0.6114
2021A00054713032,25,79,0,0,0,0,0,0,0,0,0,0,0,0,0,0,6,11,6,11,709.4855
2021A00054713038,0,0,0,0,0,0,0,0,0,0,0,0,0,0,0,0,0,0,0,0,635.1598
2021A00054713039,11,49,0,0,0,0,0,0,0,0,0,0,0,0,0,0,3,11,3,11,1.265
2021A00054713041,1,3,0,0,0,0,0,0,0,0,0,0,0,0,0,0,0,0,0,0,788.4468
2021A00054713042,61,578,0,0,0,0,0,0,0,0,0,0,1,2,0,0,3,4,3,4,8.4686
2021A00054713044,55,285,0,0,0,0,0,0,0,0,0,0,0,0,0,0,7,13,7,13,1.5911
2021A00054713046,11,49,0,0,0,0,0,0,0,0,0,0,0,0,0,0,4,9,4,9,826.0134
2021A00054713049,1,3,0,0,0,0,0,0,0,0,0,0,0,0,0,0,0,0,0,0,775.8514
2021A00054713051,106,786,0,0,0,0,1,3,1,3,0,0,1,1,0,0,6,12,6,12,3.0475
2021A00054713053,0,0,0,0,0,0,0,0,0,0,0,0,0,0,0,0,0,0,0,0,0.8583
2021A00054713054,32,120,0,0,0,0,0,0,0,0,0,0,0,0,0,0,5,13,5,13,0.6098
2021A00054713056,3,21,0,0,0,0,0,0,0,0,0,0,0,0,0,0,1,1,1,1,772.9039
2021A00054713059,0,0,0,0,0,0,0,0,0,0,0,0,0,0,0,0,0,0,0,0,605.123
2021A00054713062,16,56,0,0,0,0,0,0,0,0,0,0,0,0,0,0,3,5,3,5,4.173
2021A00054713064,27,81,0,0,0,0,0,0,0,0,0,0,0,0,0,0,5,12,5,12,695.8488
2021A00054713067,32,124,0,0,0,0,1,3,0,0,0,0,1,3,0,0,6,13,6,13,0.8419
2021A00054713068,0,0,0,0,0,0,0,0,0,0,0,0,0,0,0,0,0,0,0,0,1204.9677
2021A00054713069,54,502,0,0,0,0,0,0,0,0,0,0,0,0,0,0,5,9,5,9,9.2249
2021A00054713072,0,0,0,0,0,0,0,0,0,0,0,0,0,0,0,0,0,0,0,0,795.7195
2021A00054713074,185,1511,0,0,2,13,0,0,0,0,0,0,2,12,0,0,12,68,12,68,9.7023
2021A00054713076,0,0,0,0,0,0,0,0,0,0,0,0,0,0,0,0,0,0,0,0,1007.2967
2021A00054713078,21,67,0,0,0,0,0,0,0,0,0,0,0,0,0,0,6,14,6,14,0.6598
2021A00054713079,4,36,0,0,0,0,1,7,0,0,0,0,0,0,0,0,1,7,1,7,839.2885
2021A00054713091,17,115,0,0,0,0,0,0,0,0,0,0,1,1,0,0,2,2,2,2,0.7934
2021A00054713092,17,67,0,0,0,0,0,0,0,0,0,0,0,0,0,0,7,18,7,18,1014.7666
2021A00054713094,49,283,0,0,1,3,1,3,1,3,0,0,2,4,0,0,7,14,7,14,1.2398
2021A00054713096,23,236,0,0,0,0,0,0,0,0,0,0,0,0,0,0,4,9,4,9,651.3255
2021A00054713098,35,405,0,0,0,0,0,0,0,0,0,0,0,0,0,0,2,4,2,4,1.8823
2021A00054713835,0,0,0,0,0,0,0,0,0,0,0,0,0,0,0,0,0,0,0,0,81.1384
2021A00054713836,0,0,0,0,0,0,0,0,0,0,0,0,0,0,0,0,0,0,0,0,65.8062
2021A00054714001,0,0,0,0,0,0,0,0,0,0,0,0,0,0,0,0,0,0,0,0,12399.1233
2021A00054714004,111,1119,1,15,1,15,0,0,0,0,3,130,0,0,0,0,12,283,12,283,17.3758
2021A00054714006,16,88,0,0,0,0,0,0,0,0,0,0,0,0,0,0,7,13,7,13,2316.3772
2021A00054714007,80,684,0,0,0,0,0,0,0,0,0,0,0,0,0,0,5,25,5,25,2.1244
2021A00054714009,9,35,0,0,0,0,0,0,0,0,1,6,0,0,0,0,3,8,3,8,0.5322
2021A00054714021,2,153,0,0,0,0,0,0,0,0,0,0,0,0,0,0,0,0,0,0,853.1323
2021A00054714022,71,593,0,0,0,0,0,0,0,0,0,0,0,0,0,0,6,13,6,13,3.8686
2021A00054714023,1,3,0,0,0,0,0,0,0,0,0,0,0,0,0,0,1,1,1,1,795.5569
2021A00054714024,27,261,0,0,0,0,0,0,0,0,0,0,0,0,0,0,4,14,4,14,1.0462
2021A00054714025,4,16,0,0,0,0,0,0,0,0,0,0,0,0,0,0,1,1,1,1,0.5355
2021A00054714026,14,46,0,0,0,0,0,0,0,0,0,0,0,0,0,0,6,12,6,12,811.1498
2021A00054714028,8,187,0,0,0,0,0,0,0,0,0,0,0,0,0,0,1,2,1,2,1.1947
2021A00054714030,8,48,0,0,0,0,0,0,0,0,1,3,0,0,0,0,3,16,3,16,0.5254
2021A00054714032,49,503,0,0,0,0,0,0,0,0,0,0,0,0,0,0,5,9,5,9,1.5564
2021A00054714034,28,112,0,0,0,0,0,0,0,0,0,0,0,0,0,0,5,15,5,15,817.9251
2021A00054714035,13,139,0,0,0,0,0,0,0,0,0,0,0,0,0,0,1,1,1,1,755.6008
2021A00054714036,40,252,0,0,0,0,0,0,0,0,0,0,0,0,0,0,4,9,4,9,0.8204
2021A00054714038,3,25,0,0,0,0,0,0,0,0,0,0,0,0,0,0,2,6,2,6,1438.6622
2021A00054714039,5,51,0,0,0,0,0,0,0,0,0,0,0,0,0,0,1,5,1,5,0.5129
2021A00054714041,21,115,0,0,0,0,0,0,0,0,0,0,0,0,0,0,4,7,4,7,1.3602
2021A00054714043,0,0,0,0,0,0,0,0,0,0,0,0,0,0,0,0,0,0,0,0,843.018
2021A00054714044,225,2327,1,2,5,64,5,64,0,0,0,0,1,1,0,0,12,77,12,77,6.5551
2021A00054714047,1,15,0,0,0,0,0,0,0,0,0,0,0,0,0,0,0,0,0,0,822.811
2021A00054714048,0,0,0,0,0,0,0,0,0,0,0,0,0,0,0,0,0,0,0,0,0.7419
2021A00054714049,34,158,0,0,0,0,0,0,0,0,0,0,0,0,0,0,4,12,4,12,0.7013
2021A00054714051,318,3906,0,0,3,23,4,63,0,0,0,0,3,49,0,0,20,85,22,119,14.7326
2021A00054714053,28,220,0,0,0,0,0,0,0,0,0,0,0,0,0,0,4,18,4,18,838.8594
2021A00054714056,1,3,0,0,0,0,0,0,0,0,0,0,0,0,0,0,0,0,0,0,848.8153
2021A00054714058,8,52,0,0,0,0,0,0,0,0,0,0,0,0,0,0,3,9,3,9,0.6525
2021A00054714059,0,0,0,0,0,0,0,0,0,0,0,0,0,0,0,0,0,0,0,0,1403.7719
2021A00054714061,22,82,0,0,0,0,0,0,0,0,1,6,0,0,0,0,5,14,5,14,0.531
2021A00054714062,99,533,0,0,0,0,0,0,0,0,1,3,0,0,0,0,17,84,17,84,0.8738
2021A00054714067,0,0,0,0,0,0,0,0,0,0,0,0,0,0,0,0,0,0,0,0,2423.9847
2021A00054714068,20,316,0,0,0,0,0,0,0,0,0,0,0,0,0,0,1,11,1,11,2.2871
2021A00054714069,90,809,1,2,1,2,1,2,0,0,1,150,0,0,0,0,12,185,12,185,1.7473
2021A00054714072,0,0,0,0,0,0,0,0,0,0,0,0,0,0,0,0,0,0,0,0,879.6314
2021A00054714073,6,62,0,0,0,0,0,0,0,0,0,0,0,0,0,0,2,3,2,3,0.5341
2021A00054714074,36,188,0,0,0,0,0,0,0,0,0,0,0,0,0,0,5,13,5,13,0.4057
2021A00054714076,210,2269,0,0,0,0,0,0,0,0,1,3,0,0,0,0,13,43,13,43,8.9265
2021A00054714077,7,25,0,0,0,0,0,0,0,0,0,0,0,0,0,0,3,5,3,5,5145.7456
2021A00054714079,21,115,0,0,0,0,0,0,0,0,1,3,0,0,0,0,6,11,6,11,0.9945
2021A00054714091,8,52,0,0,0,0,0,0,0,0,0,0,0,0,0,0,1,1,1,1,0.4008
2021A00054714092,49,211,0,0,0,0,0,0,0,0,0,0,0,0,0,0,8,17,8,17,1.056
2021A00054714093,15,177,0,0,0,0,0,0,0,0,0,0,0,0,0,0,2,3,2,3,1.4633
2021A00054714839,1,3,0,0,0,0,0,0,0,0,0,0,0,0,0,0,0,0,0,0,14.1295
2021A00054714840,0,0,0,0,0,0,0,0,0,0,0,0,0,0,0,0,0,0,0,0,14.1473
2021A00054714841,0,0,0,0,0,0,0,0,0,0,0,0,0,0,0,0,0,0,0,0,58.5672
2021A00054714842,0,0,0,0,0,0,0,0,0,0,0,0,0,0,0,0,0,0,0,0,35.3798
2021A00054714843,0,0,0,0,0,0,0,0,0,0,0,0,0,0,0,0,0,0,0,0,64.8108
2021A00054714845,2,385,0,0,0,0,0,0,0,0,0,0,0,0,0,0,0,0,0,0,7.5114
2021A00054714846,0,0,0,0,0,0,0,0,0,0,0,0,0,0,0,0,0,0,0,0,13.2936
2021A00054715001,0,0,0,0,0,0,0,0,0,0,0,0,0,0,0,0,0,0,0,0,827.3865
2021A00054715002,22,253,1,88,1,88,1,88,0,0,0,0,0,0,0,0,5,97,5,97,0.6565
2021A00054715003,18,194,1,5,1,5,1,5,0,0,0,0,0,0,0,0,4,24,4,24,0.8409
2021A00054715004,19,133,2,4,2,4,2,4,0,0,0,0,0,0,0,0,4,6,4,6,1.364
2021A00054715005,31,316,1,141,1,141,0,0,0,0,1,13,0,0,0,0,5,167,5,167,0.7043
2021A00054715006,23,141,0,0,0,0,0,0,0,0,0,0,0,0,0,0,3,3,3,3,0.9663
2021A00054715007,55,644,0,0,4,105,2,100,0,0,0,0,0,0,0,0,13,170,13,170,780.2783
2021A00054715008,309,4737,2,40,3,15,5,24,1,7,1,3,2,13,1,35,16,238,18,247,13.3031
2021A00054715011,1,3,0,0,0,0,0,0,0,0,0,0,0,0,0,0,0,0,0,0,788.9485
2021A00054715012,35,193,0,0,0,0,0,0,0,0,0,0,0,0,0,0,4,10,4,10,0.9394
2021A00054715014,11,49,0,0,0,0,0,0,0,0,0,0,0,0,0,0,2,2,2,2,659.686
2021A00054715016,9,43,0,0,0,0,0,0,0,0,0,0,0,0,0,0,3,3,3,3,0.7935
2021A00054715017,15,161,1,44,1,44,1,44,0,0,0,0,0,0,0,0,3,46,3,46,2.7473
2021A00054715018,5,19,0,0,0,0,0,0,0,0,0,0,0,0,0,0,0,0,0,0,671.8183
2021A00054715019,34,262,0,0,0,0,0,0,0,0,0,0,0,0,0,0,4,7,4,7,1.964
2021A00054715026,0,0,0,0,0,0,0,0,0,0,0,0,0,0,0,0,0,0,0,0,725.4193
2021A00054715027,48,416,0,0,0,0,1,6,0,0,0,0,1,6,0,0,5,10,6,16,1.1372
2021A00054715028,61,479,0,0,0,0,0,0,0,0,0,0,0,0,0,0,4,11,4,11,1.9694
2021A00054715029,23,101,0,0,0,0,0,0,0,0,0,0,0,0,0,0,4,12,4,12,1.229
2021A00054715031,0,0,0,0,0,0,0,0,0,0,0,0,0,0,0,0,0,0,0,0,944.2756
2021A00054715032,99,1652,0,0,0,0,0,0,0,0,0,0,0,0,0,0,7,20,7,20,4.1405
2021A00054715034,113,1055,0,0,0,0,0,0,0,0,0,0,0,0,0,0,32,267,32,267,1.2659
2021A00054715036,1,3,0,0,0,0,0,0,0,0,0,0,0,0,0,0,0,0,0,0,583.9538
2021A00054715038,7,33,0,0,0,0,0,0,0,0,0,0,0,0,0,0,1,2,1,2,0.433
2021A00054715039,0,0,0,0,0,0,0,0,0,0,0,0,0,0,0,0,0,0,0,0,786.6902
2021A00054715041,46,470,0,0,0,0,0,0,0,0,0,0,1,1,0,0,5,15,5,15,2.1165
2021A00054715042,65,686,0,0,0,0,0,0,0,0,1,3,0,0,0,0,7,11,7,11,3.0886
2021A00054715043,0,0,0,0,0,0,0,0,0,0,0,0,0,0,0,0,0,0,0,0,0.6056
2021A00054715044,9,43,0,0,0,0,0,0,0,0,0,0,0,0,0,0,4,5,4,5,770.7571
2021A00054715045,5,15,0,0,0,0,0,0,0,0,0,0,0,0,0,0,2,3,2,3,0.4864
2021A00054715046,7,21,0,0,0,0,0,0,0,0,0,0,0,0,0,0,3,3,3,3,0.551
2021A00054715047,20,192,0,0,1,7,1,7,0,0,0,0,0,0,0,0,3,9,3,9,1.0244
2021A00054715048,8,36,0,0,0,0,0,0,0,0,0,0,0,0,0,0,0,0,0,0,714.1705
2021A00054715049,33,1002,3,423,4,434,3,423,0,0,0,0,0,0,0,0,11,455,11,455,2.5555
2021A00054715051,9,27,0,0,0,0,0,0,0,0,0,0,0,0,0,0,3,3,3,3,838.98
2021A00054715052,14,58,0,0,0,0,0,0,0,0,0,0,0,0,0,0,4,8,4,8,0.8227
2021A00054715054,5,27,0,0,0,0,0,0,0,0,0,0,0,0,0,0,2,2,2,2,844.7147
2021A00054715057,38,341,0,0,1,15,0,0,0,0,0,0,1,3,0,0,7,30,7,30,777.5107
2021A00054715059,16,68,0,0,0,0,0,0,0,0,0,0,0,0,0,0,2,2,2,2,0.9701
2021A00054715061,12,36,0,0,0,0,0,0,0,0,0,0,0,0,0,0,3,4,3,4,1034.521
2021A00054715062,21,753,0,0,1,7,0,0,0,0,0,0,0,0,0,0,4,15,4,15,2.3799
2021A00054715064,0,0,0,0,0,0,0,0,0,0,0,0,0,0,0,0,0,0,0,0,1010.1008
2021A00054715066,1248,22079,1,2,6,46,3,8,0,0,7,137,1,7,0,0,40,287,40,287,67.1735
2021A00054715067,0,0,0,0,0,0,0,0,0,0,0,0,0,0,0,0,0,0,0,0,547.0832
2021A00054715068,0,0,0,0,0,0,0,0,0,0,0,0,0,0,0,0,0,0,0,0,2.3871
2021A00054715070,20,204,0,0,0,0,0,0,0,0,0,0,0,0,0,0,0,0,0,0,62.9282
2021A00054715071,0,0,0,0,0,0,0,0,0,0,0,0,0,0,0,0,0,0,0,0,921.6944
2021A00054715072,6,38,0,0,0,0,0,0,0,0,0,0,0,0,0,0,0,0,0,0,1.0
2021A00054715074,41,495,0,0,0,0,1,12,0,0,0,0,1,12,0,0,4,9,5,21,1.575
2021A00054715075,0,0,0,0,0,0,0,0,0,0,0,0,0,0,0,0,0,0,0,0,488.6465
2021A00054715076,46,554,0,0,0,0,0,0,0,0,0,0,0,0,0,0,0,0,0,0,4.5889
2021A00054715079,0,0,0,0,0,0,0,0,0,0,0,0,0,0,0,0,0,0,0,0,656.6042
2021A00054715085,6,22,0,0,1,6,1,6,0,0,0,0,0,0,0,0,1,6,1,6,1.1252
2021A00054715091,6,22,0,0,0,0,0,0,0,0,0,0,0,0,0,0,3,4,3,4,1.2043
2021A00054715092,10,74,0,0,0,0,0,0,0,0,0,0,0,0,0,0,0,0,0,0,0.5313
2021A00054715094,14,102,0,0,0,0,0,0,0,0,2,48,0,0,0,0,5,51,5,51,787.3477
2021A00054715098,10,66,0,0,0,0,0,0,0,0,0,0,0,0,0,0,1,2,1,2,0.6542
2021A00054715099,0,0,0,0,0,0,0,0,0,0,0,0,0,0,0,0,0,0,0,0,2450.9365
2021A00054715820,0,0,0,0,0,0,0,0,0,0,0,0,0,0,0,0,0,0,0,0,1.4841
2021A00054715844,0,0,0,0,0,0,0,0,0,0,0,0,0,0,0,0,0,0,0,0,54.0911
2021A00054715845,0,0,0,0,0,0,0,0,0,0,0,0,0,0,0,0,0,0,0,0,108.8755
2021A00054715847,2,157,0,0,0,0,0,0,0,0,0,0,0,0,0,0,1,1,1,1,96.2819
2021A00054715848,0,0,0,0,0,0,0,0,0,0,0,0,0,0,0,0,0,0,0,0,14.7946
2021A00054715849,0,0,0,0,0,0,0,0,0,0,0,0,0,0,0,0,0,0,0,0,70.0648
2021A00054715850,0,0,0,0,0,0,0,0,0,0,0,0,0,0,0,0,0,0,0,0,83.5278
2021A00054715851,0,0,0,0,0,0,0,0,0,0,0,0,0,0,0,0,0,0,0,0,125.7675
2021A00054715853,0,0,0,0,0,0,0,0,0,0,0,0,0,0,0,0,0,0,0,0,23.4445
2021A00054715857,0,0,0,0,0,0,0,0,0,0,0,0,0,0,0,0,0,0,0,0,2.1093
2021A00054715859,0,0,0,0,0,0,0,0,0,0,0,0,0,0,0,0,0,0,0,0,9.6261
2021A00054715860,0,0,0,0,0,0,0,0,0,0,0,0,0,0,0,0,0,0,0,0,2.2351
2021A00054715861,0,0,0,0,0,0,0,0,0,0,0,0,0,0,0,0,0,0,0,0,1.8268
2021A00054715862,0,0,0,0,0,0,0,0,0,0,0,0,0,0,0,0,0,0,0,0,1.1537
2021A00054716002,1,3,0,0,0,0,0,0,0,0,0,0,0,0,0,0,0,0,0,0,0.3488
2021A00054716003,1,3,0,0,0,0,0,0,0,0,0,0,0,0,0,0,0,0,0,0,0.472
2021A00054716004,9,35,0,0,0,0,0,0,0,0,0,0,0,0,0,0,1,1,1,1,0.5421
2021A00054716005,0,0,0,0,0,0,0,0,0,0,0,0,0,0,0,0,0,0,0,0,780.5406
2021A00054716008,1,3,0,0,0,0,0,0,0,0,0,0,0,0,0,0,0,0,0,0,825.904
2021A00054716009,33,155,0,0,0,0,0,0,0,0,0,0,0,0,0,0,4,10,4,10,2.0658
2021A00054716011,32,287,0,0,0,0,0,0,0,0,0,0,0,0,0,0,4,10,4,10,0.7305
2021A00054716013,0,0,0,0,0,0,0,0,0,0,0,0,0,0,0,0,0,0,0,0,771.8584
2021A00054716014,6,98,0,0,0,0,0,0,0,0,0,0,0,0,0,0,2,3,2,3,1.2901
2021A00054716016,40,380,0,0,1,13,0,0,0,0,0,0,0,0,0,0,6,23,6,23,1.8649
2021A00054716018,0,0,0,0,0,0,0,0,0,0,0,0,0,0,0,0,0,0,0,0,1003.0945
2021A00054716019,4,32,0,0,0,0,0,0,0,0,0,0,0,0,0,0,1,1,1,1,0.9435
2021A00054716022,23,201,0,0,0,0,0,0,0,0,0,0,0,0,0,0,3,5,3,5,1.1325
2021A00054716023,2,38,0,0,0,0,0,0,0,0,0,0,0,0,0,0,2,3,2,3,814.3675
2021A00054716024,6,26,0,0,0,0,0,0,0,0,0,0,0,0,0,0,1,3,1,3,0.6774
2021A00054716026,8,24,0,0,0,0,0,0,0,0,0,0,0,0,0,0,3,5,3,5,0.7158
2021A00054716027,1,75,0,0,0,0,0,0,0,0,0,0,0,0,0,0,0,0,0,0,1.2682
2021A00054716028,0,0,0,0,0,0,0,0,0,0,0,0,0,0,0,0,0,0,0,0,792.1817
2021A00054716029,662,10775,0,0,8,73,5,77,3,42,1,7,3,42,0,0,36,169,36,169,33.55
2021A00054716033,27,93,0,0,0,0,0,0,0,0,0,0,1,1,0,0,9,17,9,17,809.5076
2021A00054716038,0,0,0,0,0,0,0,0,0,0,0,0,0,0,0,0,0,0,0,0,1043.3427
2021A00054716041,0,0,0,0,0,0,0,0,0,0,0,0,0,0,0,0,0,0,0,0,1195.5418
2021A00054716042,33,522,0,0,1,2,0,0,0,0,0,0,0,0,0,0,6,20,6,20,0.7336
2021A00054716043,0,0,0,0,0,0,0,0,0,0,0,0,0,0,0,0,0,0,0,0,0.6818
2021A00054716044,12,68,0,0,0,0,0,0,0,0,0,0,0,0,0,0,2,2,2,2,0.7162
2021A00054716046,10,42,0,0,0,0,0,0,0,0,0,0,0,0,0,0,3,5,3,5,1213.9639
2021A00054716047,82,961,0,0,0,0,0,0,0,0,1,6,0,0,0,0,3,11,3,11,3.9306
2021A00054716051,6,22,0,0,0,0,0,0,0,0,1,3,0,0,0,0,4,7,4,7,1919.3899
2021A00054716052,42,509,0,0,0,0,0,0,0,0,0,0,0,0,0,0,8,27,8,27,2.4198
2021A00054716053,22,286,0,0,0,0,0,0,0,0,0,0,0,0,0,0,0,0,0,0,3482.2179
2021A00054716054,27,624,0,0,0,0,0,0,0,0,0,0,0,0,0,0,2,5,2,5,1.3447
2021A00054716056,1,7,0,0,0,0,0,0,0,0,0,0,0,0,0,0,0,0,0,0,2371.0369
2021A00054716057,22,174,0,0,0,0,0,0,0,0,0,0,0,0,0,0,5,7,5,7,1.387
2021A00054716058,68,904,0,0,0,0,0,0,0,0,1,3,0,0,0,0,8,16,8,16,2.9052
2021A00054716059,0,0,0,0,0,0,0,0,0,0,0,0,0,0,0,0,0,0,0,0,0.9315
2021A00054716060,0,0,0,0,0,0,0,0,0,0,0,0,0,0,0,0,0,0,0,0,0.7447
2021A00054716061,27,368,0,0,0,0,0,0,0,0,0,0,0,0,0,0,5,8,5,8,1.138
2021A00054716062,0,0,0,0,0,0,0,0,0,0,0,0,0,0,0,0,0,0,0,0,1195.1441
2021A00054716063,11,41,0,0,0,0,0,0,0,0,0,0,0,0,0,0,2,2,2,2,0.6513
2021A00054716072,67,824,0,0,1,6,1,15,0,0,3,178,0,0,0,0,7,190,7,190,2.6846
2021A00054716075,0,0,0,0,0,0,0,0,0,0,0,0,0,0,0,0,0,0,0,0,2484.1283
2021A00054716077,7,81,0,0,0,0,0,0,0,0,0,0,0,0,0,0,0,0,0,0,2.5663
2021A00054716840,0,0,0,0,0,0,0,0,0,0,0,0,0,0,0,0,0,0,0,0,26.6317
2021A00054716854,0,0,0,0,0,0,0,0,0,0,0,0,0,0,0,0,0,0,0,0,60.1312
2021A00054716855,0,0,0,0,0,0,0,0,0,0,0,0,0,0,0,0,0,0,0,0,118.0279
2021A00054716856,2,110,0,0,0,0,0,0,0,0,0,0,0,0,0,0,0,0,0,0,81.5039
2021A00054716857,0,0,0,0,0,0,0,0,0,0,0,0,0,0,0,0,0,0,0,0,23.8583
2021A00054716858,0,0,0,0,0,0,0,0,0,0,0,0,0,0,0,0,0,0,0,0,103.7586
2021A00054716859,0,0,0,0,0,0,0,0,0,0,0,0,0,0,0,0,0,0,0,0,4.0097
2021A00054716860,1,3,0,0,0,0,0,0,0,0,0,0,0,0,0,0,0,0,0,0,173.7541
2021A00054716861,0,0,0,0,0,0,0,0,0,0,0,0,0,0,0,0,0,0,0,0,21.3005
2021A00054716862,0,0,0,0,0,0,0,0,0,0,0,0,0,0,0,0,0,0,0,0,67.9246
2021A00054716863,0,0,0,0,0,0,0,0,0,0,0,0,0,0,0,0,0,0,0,0,34.8252
2021A00054716870,0,0,0,0,0,0,0,0,0,0,0,0,0,0,0,0,0,0,0,0,31.0281
2021A00054716872,0,0,0,0,0,0,0,0,0,0,0,0,0,0,0,0,0,0,0,0,10.017
2021A00054716880,0,0,0,0,0,0,0,0,0,0,0,0,0,0,0,0,0,0,0,0,35.3625
2021A00054716882,0,0,0,0,0,0,0,0,0,0,0,0,0,0,0,0,0,0,0,0,13.6209
2021A00054716886,0,0,0,0,0,0,0,0,0,0,0,0,0,0,0,0,0,0,0,0,1.4027
2021A00054716888,0,0,0,0,0,0,0,0,0,0,0,0,0,0,0,0,0,0,0,0,0.1487
2021A00054716891,0,0,0,0,0,0,0,0,0,0,0,0,0,0,0,0,0,0,0,0,1.645
2021A00054716894,0,0,0,0,0,0,0,0,0,0,0,0,0,0,0,0,0,0,0,0,27.8119
2021A00054717001,0,0,0,0,0,0,0,0,0,0,0,0,0,0,0,0,0,0,0,0,642.1085
2021A00054717002,18,313,0,0,0,0,0,0,0,0,0,0,0,0,0,0,4,8,4,8,1.3218
2021A00054717004,2,10,0,0,0,0,0,0,0,0,0,0,0,0,0,0,1,2,1,2,0.4579
2021A00054717005,0,0,0,0,0,0,0,0,0,0,0,0,0,0,0,0,0,0,0,0,0.7011
2021A00054717006,29,199,0,0,0,0,1,7,0,0,0,0,0,0,0,0,5,12,5,12,1.6064
2021A00054717008,5,119,0,0,0,0,0,0,0,0,0,0,0,0,0,0,0,0,0,0,655.7158
2021A00054717011,49,211,0,0,0,0,0,0,0,0,0,0,0,0,0,0,6,14,6,14,1.1385
2021A00054717013,4,40,0,0,0,0,0,0,0,0,0,0,0,0,0,0,0,0,0,0,588.6164
2021A00054717014,16,172,0,0,0,0,0,0,0,0,0,0,0,0,0,0,2,6,2,6,0.8176
2021A00054717017,0,0,0,0,0,0,0,0,0,0,0,0,0,0,0,0,0,0,0,0,991.1468
2021A00054717018,90,817,0,0,0,0,0,0,0,0,0,0,1,2,0,0,8,17,8,17,4.3947
2021A00054717019,8,24,0,0,0,0,0,0,0,0,0,0,0,0,0,0,3,3,3,3,0.6473
2021A00054717022,13,55,0,0,0,0,0,0,0,0,0,0,0,0,0,0,4,8,4,8,1022.8988
2021A00054717024,52,427,0,0,0,0,0,0,0,0,0,0,1,2,0,0,4,7,4,7,3.0519
2021A00054717026,22,178,0,0,0,0,0,0,0,0,0,0,0,0,0,0,4,5,4,5,1.1498
2021A00054717028,11,33,0,0,0,0,0,0,0,0,0,0,0,0,0,0,5,11,5,11,915.1055
2021A00054717029,561,5884,1,3,1,10,2,40,0,0,0,0,4,43,0,0,35,167,35,167,18.0578
2021A00054717032,0,0,0,0,0,0,0,0,0,0,0,0,0,0,0,0,0,0,0,0,1902.1474
2021A00054717034,49,339,0,0,0,0,0,0,0,0,0,0,0,0,0,0,5,12,5,12,2.276
2021A00054717036,63,569,0,0,0,0,0,0,0,0,0,0,0,0,0,0,6,12,6,12,2.0185
2021A00054717039,8,56,0,0,0,0,0,0,0,0,0,0,0,0,0,0,1,2,1,2,0.6877
2021A00054717041,58,642,0,0,1,3,1,3,1,3,0,0,2,5,0,0,5,12,5,12,1.6644
2021A00054717042,0,0,0,0,0,0,0,0,0,0,0,0,0,0,0,0,0,0,0,0,0.5728
2021A00054717045,22,90,0,0,0,0,0,0,0,0,1,3,1,15,0,0,8,30,8,30,1581.6585
2021A00054717047,13,67,0,0,0,0,0,0,0,0,0,0,0,0,0,0,0,0,0,0,1375.6219
2021A00054717048,28,276,0,0,0,0,0,0,0,0,2,42,0,0,0,0,7,50,7,50,1.9064
2021A00054717052,274,4828,0,0,0,0,1,12,0,0,1,150,2,15,0,0,14,296,15,308,12.3705
2021A00054717053,0,0,0,0,0,0,0,0,0,0,0,0,0,0,0,0,0,0,0,0,0.1011
2021A00054717054,0,0,0,0,0,0,0,0,0,0,0,0,0,0,0,0,0,0,0,0,6231.267
2021A00054717055,16,56,0,0,0,0,0,0,0,0,0,0,0,0,0,0,3,7,3,7,0.2845
2021A00054717056,7,53,0,0,1,3,1,3,0,0,0,0,0,0,0,0,2,4,2,4,3148.0641
2021A00054717057,5,23,0,0,0,0,0,0,0,0,0,0,0,0,0,0,1,1,1,1,0.5829
2021A00054717058,20,355,0,0,0,0,0,0,0,0,0,0,0,0,0,0,1,3,1,3,0.738
2021A00054717062,0,0,0,0,0,0,0,0,0,0,0,0,0,0,0,0,0,0,0,0,2356.3238
2021A00054717066,29,183,0,0,0,0,0,0,0,0,0,0,0,0,0,0,3,9,3,9,1.7799
2021A00054717067,33,482,0,0,0,0,0,0,0,0,0,0,0,0,0,0,1,2,1,2,2.7404
2021A00054717801,0,0,0,0,0,0,0,0,0,0,0,0,0,0,0,0,0,0,0,0,144.0571
2021A00054717802,16,1178,0,0,0,0,0,0,0,0,0,0,0,0,0,0,0,0,0,0,19.6114
2021A00054717803,0,0,0,0,0,0,0,0,0,0,0,0,0,0,0,0,0,0,0,0,58.3276
2021A00054717804,0,0,0,0,0,0,0,0,0,0,0,0,0,0,0,0,0,0,0,0,7.7624
2021A00054717805,11,237,0,0,0,0,0,0,0,0,0,0,0,0,0,0,0,0,0,0,36.0892
2021A00054717806,4,195,0,0,0,0,0,0,0,0,1,30,0,0,0,0,1,30,1,30,78.1114
2021A00054717807,0,0,0,0,0,0,0,0,0,0,0,0,0,0,0,0,0,0,0,0,36.7455
2021A00054717808,0,0,0,0,0,0,0,0,0,0,0,0,0,0,0,0,0,0,0,0,17.6595
2021A00054717809,1,150,0,0,0,0,0,0,0,0,0,0,0,0,0,0,0,0,0,0,86.5779
2021A00054717810,0,0,0,0,0,0,0,0,0,0,0,0,0,0,0,0,0,0,0,0,29.3807
2021A00054717811,0,0,0,0,0,0,0,0,0,0,0,0,0,0,0,0,0,0,0,0,47.2348
2021A00054717812,0,0,0,0,0,0,0,0,0,0,0,0,0,0,0,0,0,0,0,0,69.3642
2021A00054717813,2,18,0,0,0,0,0,0,0,0,0,0,0,0,0,0,0,0,0,0,38.95
2021A00054717815,0,0,0,0,0,0,0,0,0,0,0,0,0,0,0,0,0,0,0,0,1.9907
2021A00054717816,0,0,0,0,0,0,0,0,0,0,0,0,0,0,0,0,0,0,0,0,35.8256
2021A00054717817,0,0,0,0,0,0,0,0,0,0,0,0,0,0,0,0,0,0,0,0,0.8759
2021A00054717819,0,0,0,0,0,0,0,0,0,0,0,0,0,0,0,0,0,0,0,0,2.6695
2021A00054717830,0,0,0,0,0,0,0,0,0,0,0,0,0,0,0,0,0,0,0,0,22.3213
2021A00054717831,0,0,0,0,0,0,0,0,0,0,0,0,0,0,0,0,0,0,0,0,4.135
2021A00054717832,0,0,0,0,0,0,0,0,0,0,0,0,0,0,0,0,0,0,0,0,13.2351
2021A00054718005,16,491,0,0,0,0,0,0,0,0,0,0,0,0,0,0,0,0,0,0,16.111
2021A00054718012,0,0,0,0,0,0,0,0,0,0,0,0,0,0,0,0,0,0,0,0,5.9881
2021A00054718015,2,18,0,0,0,0,0,0,0,0,0,0,0,0,0,0,0,0,0,0,5.27
2021A00054718021,7,65,0,0,0,0,0,0,0,0,0,0,0,0,0,0,1,2,1,2,121.1765
2021A00054718023,0,0,0,0,0,0,0,0,0,0,0,0,0,0,0,0,0,0,0,0,7.9384
2021A00054718028,2,18,0,0,0,0,0,0,0,0,0,0,0,0,0,0,0,0,0,0,4.8617
2021A00054718030,0,0,0,0,0,0,0,0,0,0,0,0,0,0,0,0,0,0,0,0,6.0945
2021A00054718033,20,220,0,0,0,0,0,0,0,0,0,0,0,0,0,0,1,2,1,2,14.7167
2021A00054718041,0,0,0,0,0,0,0,0,0,0,0,0,0,0,0,0,0,0,0,0,16.709
2021A00054718042,26,242,0,0,0,0,1,7,0,0,1,7,0,0,0,0,2,9,2,9,5.9989
2021A00054718049,13,95,0,0,0,0,0,0,0,0,0,0,0,0,0,0,2,8,2,8,6.4023
2021A00054718051,42,670,0,0,0,0,0,0,0,0,0,0,0,0,0,0,0,0,0,0,12.9249
2021A00054718052,4,100,0,0,0,0,0,0,0,0,0,0,0,0,0,0,0,0,0,0,2.0054
2021A00054718055,5,194,0,0,0,0,0,0,0,0,0,0,0,0,0,0,0,0,0,0,2.3974
2021A00054718058,7,65,0,0,0,0,0,0,0,0,0,0,0,0,0,0,1,7,1,7,11.4247
2021A00054718065,12,502,0,0,0,0,0,0,0,0,0,0,1,87,0,0,0,0,1,87,6.7711
2021A00054718067,0,0,0,0,0,0,0,0,0,0,0,0,0,0,0,0,0,0,0,0,23.2958
2021A00054718069,5,210,0,0,0,0,0,0,0,0,0,0,0,0,0,0,0,0,0,0,1.0862
2021A00054718070,24,296,0,0,0,0,0,0,0,0,0,0,0,0,0,0,0,0,0,0,68.0425
2021A00054718071,0,0,0,0,0,0,0,0,0,0,0,0,0,0,0,0,0,0,0,0,1.682
2021A00054718072,4,207,0,0,0,0,0,0,0,0,0,0,0,0,0,0,0,0,0,0,3.8122
2021A00054718074,18,254,0,0,0,0,0,0,0,0,0,0,0,0,0,0,0,0,0,0,15.4718
2021A00054718075,2,10,0,0,0,0,0,0,0,0,0,0,0,0,0,0,0,0,0,0,5.0743
2021A00054718089,0,0,0,0,0,0,0,0,0,0,0,0,0,0,0,0,0,0,0,0,0.6917
2021A00054718090,10,162,0,0,0,0,0,0,0,0,0,0,0,0,0,0,0,0,0,0,260794.9829
2021A00054718100,13,446,0,0,0,0,0,0,0,0,0,0,0,0,0,0,0,0,0,0,4.2416
2021A00054718801,0,0,0,0,0,0,0,0,0,0,0,0,0,0,0,0,0,0,0,0,15.3514
2021A00054718802,3,660,0,0,0,0,0,0,0,0,0,0,0,0,0,0,0,0,0,0,57.8074
2021A00054718803,0,0,0,0,0,0,0,0,0,0,0,0,0,0,0,0,0,0,0,0,2.4063
2021A00054718806,0,0,0,0,0,0,0,0,0,0,0,0,0,0,0,0,0,0,0,0,0.6507
2021A00054718807,0,0,0,0,0,0,0,0,0,0,0,0,0,0,0,0,0,0,0,0,89.9603
2021A00054718808,0,0,0,0,0,0,0,0,0,0,0,0,0,0,0,0,0,0,0,0,97.9803
2021A00054718809,0,0,0,0,0,0,0,0,0,0,0,0,0,0,0,0,0,0,0,0,5.8545
2021A00054718811,120,3511,0,0,0,0,0,0,0,0,0,0,1,1,0,0,1,1,2,2,0.5811
2021A00054718812,0,0,0,0,0,0,0,0,0,0,0,0,0,0,0,0,0,0,0,0,0.9936
2021A00054718813,0,0,0,0,0,0,0,0,0,0,0,0,0,0,0,0,0,0,0,0,0.029
2021A00054718814,0,0,0,0,0,0,0,0,0,0,0,0,0,0,0,0,0,0,0,0,19.6944
2021A00054718815,0,0,0,0,0,0,0,0,0,0,0,0,0,0,0,0,0,0,0,0,0.3054
2021A00054718817,0,0,0,0,0,0,0,0,0,0,0,0,0,0,0,0,0,0,0,0,24.3487
2021A00054718818,0,0,0,0,0,0,0,0,0,0,0,0,0,0,0,0,0,0,0,0,83.6275
2021A00054718819,0,0,0,0,0,0,0,0,0,0,0,0,0,0,0,0,0,0,0,0,3.1315
2021A00054718820,0,0,0,0,0,0,0,0,0,0,0,0,0,0,0,0,0,0,0,0,5.2651
2021A00054718821,0,0,0,0,0,0,0,0,0,0,0,0,0,0,0,0,0,0,0,0,24.1652
2021A00054718822,2,22,0,0,0,0,0,0,0,0,0,0,0,0,0,0,0,0,0,0,40.2497
2021A00054718823,0,0,0,0,0,0,0,0,0,0,0,0,0,0,0,0,0,0,0,0,20.8519
2021A00054718824,8,156,0,0,0,0,0,0,0,0,0,0,0,0,0,0,0,0,0,0,125.4498
2021A00054718825,0,0,0,0,0,0,0,0,0,0,0,0,0,0,0,0,0,0,0,0,0.6528
2021A00054718826,0,0,0,0,0,0,0,0,0,0,0,0,0,0,0,0,0,0,0,0,3.2953
2021A00054718827,0,0,0,0,0,0,0,0,0,0,0,0,0,0,0,0,0,0,0,0,0.8032
2021A00054718828,0,0,0,0,0,0,0,0,0,0,0,0,0,0,0,0,0,0,0,0,241.7924
2021A00054718829,0,0,0,0,0,0,0,0,0,0,0,0,0,0,0,0,0,0,0,0,8.7552
2021A00054718831,0,0,0,0,0,0,0,0,0,0,0,0,0,0,0,0,0,0,0,0,43.957
2021A00054718832,6,353,0,0,0,0,0,0,0,0,0,0,1,44,0,0,0,0,1,44,106.977
2021A00054718839,4,72,0,0,0,0,0,0,0,0,0,0,0,0,0,0,0,0,0,0,28.8712
2021A00054718844,0,0,0,0,0,0,0,0,0,0,0,0,0,0,0,0,0,0,0,0,5.5214
2021A00054718849,0,0,0,0,0,0,0,0,0,0,0,0,0,0,0,0,0,0,0,0,1.8994
2021A00054718852,0,0,0,0,0,0,0,0,0,0,0,0,0,0,0,0,0,0,0,0,9.0973
2021A00054718854,0,0,0,0,0,0,0,0,0,0,0,0,0,0,0,0,0,0,0,0,0.0313
2021A00054718855,0,0,0,0,0,0,0,0,0,0,0,0,0,0,0,0,0,0,0,0,4.0241
2021A00054718860,0,0,0,0,0,0,0,0,0,0,0,0,0,0,0,0,0,0,0,0,41.3874
2021A00054801003,284,3115,0,0,0,0,1,14,0,0,1,14,4,5,0,0,46,130,46,130,12977.9903
2021A00054801006,2263,31671,3,94,12,283,11,201,1,31,4,50,17,375,0,0,73,1081,76,1198,111.9659
2021A00054801008,36,112,0,0,0,0,0,0,0,0,0,0,1,1,0,0,13,23,13,23,7163.6085
2021A00054801009,89,455,0,0,0,0,0,0,0,0,0,0,0,0,0,0,10,37,10,37,2.1261
2021A00054801014,147,1688,0,0,1,12,1,12,0,0,0,0,1,27,0,0,12,91,12,91,5.6793
2021A00054801018,224,3809,0,0,4,37,3,43,0,0,2,29,2,20,0,0,12,75,13,89,16.1533
2021A00054802001,41,215,0,0,0,0,0,0,0,0,0,0,0,0,0,0,7,12,7,12,4462.1983
2021A00054802002,16,104,0,0,0,0,0,0,0,0,0,0,0,0,0,0,2,2,2,2,1.1763
2021A00054802004,73,945,0,0,0,0,0,0,0,0,0,0,0,0,0,0,8,22,8,22,2.4169
2021A00054802006,28,228,0,0,1,3,1,3,1,3,0,0,1,3,0,0,6,30,6,30,1.1602
2021A00054802008,0,0,0,0,0,0,0,0,0,0,0,0,0,0,0,0,0,0,0,0,7.6312
2021A00054802009,31,209,0,0,0,0,0,0,0,0,0,0,0,0,0,0,4,21,4,21,2.6955
2021A00054802011,338,3730,3,37,4,67,3,45,0,0,0,0,2,34,0,0,66,410,67,443,2815.6567
2021A00054802012,3494,56148,6,387,38,1327,28,1091,3,9,10,129,16,295,0,0,117,1619,124,2156,121.1211
2021A00054802013,66,1228,0,0,0,0,0,0,0,0,1,7,0,0,0,0,6,53,6,53,3.0808
2021A00054802014,60,420,0,0,1,3,0,0,0,0,0,0,0,0,0,0,9,27,9,27,1.6945
2021A00054802016,8,40,0,0,0,0,0,0,0,0,1,3,0,0,0,0,3,6,3,6,0.8071
2021A00054802018,208,2702,2,11,4,46,3,41,0,0,1,35,0,0,0,0,44,538,44,538,3.0169
2021A00054802019,286,3609,1,142,3,7,1,7,0,0,1,74,2,8,1,142,29,356,30,363,13.5786
2021A00054802021,188,1787,0,0,1,14,1,14,1,14,0,0,3,77,0,0,36,193,36,193,4160.4691
2021A00054802022,427,6791,1,7,2,33,1,27,0,0,0,0,3,15,1,7,27,304,27,304,19.3226
2021A00054802023,81,679,0,0,0,0,0,0,0,0,0,0,0,0,0,0,14,80,14,80,1.5014
2021A00054802029,115,837,0,0,2,25,2,10,0,0,1,7,2,4,0,0,15,74,16,77,2.7089
2021A00054802031,126,662,1,25,3,30,0,0,0,0,0,0,0,0,0,0,32,129,32,129,5810.1457
2021A00054802034,672,9703,0,0,3,21,6,68,1,14,0,0,7,31,0,0,30,359,31,362,18.2051
2021A00054802036,72,456,0,0,0,0,0,0,0,0,0,0,0,0,0,0,16,44,16,44,1.9289
2021A00054802038,32,164,0,0,0,0,0,0,0,0,0,0,0,0,0,0,6,13,6,13,0.587
2021A00054802039,78,677,1,55,2,86,1,31,1,31,0,0,1,31,0,0,9,102,9,102,5.231
2021A00054803001,38,210,0,0,1,3,1,3,0,0,0,0,1,3,0,0,13,30,14,33,3358.3898
2021A00054803002,79,1039,0,0,2,47,2,47,0,0,1,3,1,15,0,0,10,66,11,81,5.8788
2021A00054803003,21,470,0,0,0,0,0,0,0,0,0,0,0,0,0,0,1,1,1,1,482.5378
2021A00054803004,162,2563,0,0,0,0,0,0,0,0,1,15,0,0,0,0,10,67,10,67,8.5778
2021A00054803006,12,64,0,0,0,0,0,0,0,0,0,0,0,0,0,0,2,7,2,7,1.3747
2021A00054803008,8,32,0,0,0,0,0,0,0,0,0,0,0,0,0,0,2,8,2,8,0.9609
2021A00054803011,34,198,0,0,1,1,0,0,0,0,0,0,0,0,0,0,6,16,6,16,3455.7538
2021A00054803014,297,3219,0,0,4,10,3,8,1,3,1,3,4,18,0,0,28,80,28,80,9.8664
2021A00054803016,16,92,0,0,1,3,1,3,1,3,1,3,1,3,0,0,5,13,5,13,1.3571
2021A00054803018,182,2829,0,0,1,13,0,0,0,0,0,0,2,34,0,0,28,130,28,130,4485.0488
2021A00054803019,237,3375,1,11,3,110,2,99,0,0,2,179,1,73,0,0,32,397,33,470,22.5441
2021A00054803022,34,841,0,0,0,0,0,0,0,0,0,0,0,0,0,0,4,7,4,7,10.5059
2021A00054803024,38,226,0,0,0,0,0,0,0,0,1,35,0,0,0,0,8,49,8,49,1.7819
2021A00054803026,132,1240,0,0,1,73,1,73,0,0,0,0,1,73,0,0,10,62,11,135,5.1115
2021A00054803801,12,359,0,0,0,0,0,0,0,0,0,0,0,0,0,0,0,0,0,0,424.0907
2021A00054803802,18,1275,0,0,0,0,0,0,0,0,0,0,0,0,0,0,1,6,1,6,1403.3523
2021A00054803803,0,0,0,0,0,0,0,0,0,0,0,0,0,0,0,0,0,0,0,0,17.8327
2021A00054803805,0,0,0,0,0,0,0,0,0,0,0,0,0,0,0,0,0,0,0,0,30.1068
2021A00054804001,31,177,0,0,0,0,0,0,0,0,0,0,0,0,0,0,4,8,4,8,1070.9245
2021A00054804004,45,271,0,0,0,0,0,0,0,0,0,0,1,7,0,0,17,60,17,60,9195.057
2021A00054804006,3,25,0,0,0,0,0,0,0,0,0,0,0,0,0,0,1,3,1,3,1.5832
2021A00054804011,134,1911,0,0,0,0,1,2,0,0,0,0,2,107,0,0,14,34,15,140,8.3973
2021A00054804012,29,103,0,0,0,0,0,0,0,0,0,0,1,2,0,0,11,22,11,22,6469.3299
2021A00054804014,92,1143,0,0,0,0,0,0,0,0,0,0,0,0,0,0,7,12,7,12,5.1478
2021A00054804019,24,92,0,0,0,0,0,0,0,0,0,0,0,0,0,0,5,13,5,13,1.1056
2021A00054804020,33,231,0,0,0,0,0,0,0,0,0,0,0,0,0,0,6,27,6,27,4299.8002
2021A00054804021,27,209,0,0,0,0,1,2,0,0,0,0,1,1,0,0,7,24,7,24,0.8372
2021A00054804022,103,801,2,31,0,0,0,0,0,0,0,0,1,1,0,0,18,69,18,69,3.023
2021A00054805001,17,167,0,0,0,0,0,0,0,0,0,0,0,0,0,0,6,28,6,28,5356.6487
2021A00054805002,16,68,0,0,0,0,0,0,0,0,0,0,0,0,0,0,4,7,4,7,1.798
2021A00054805004,27,133,0,0,0,0,0,0,0,0,0,0,0,0,0,0,4,9,4,9,0.876
2021A00054805006,133,1664,0,0,1,2,0,0,0,0,0,0,0,0,0,0,9,43,9,43,6.2779
2021A00054805008,30,114,0,0,0,0,0,0,0,0,0,0,0,0,0,0,6,15,6,15,1.1919
2021A00054805009,34,202,0,0,0,0,0,0,0,0,0,0,1,1,0,0,8,15,8,15,0.9625
2021A00054805011,29,127,0,0,0,0,0,0,0,0,0,0,0,0,0,0,4,8,4,8,0.7497
2021A00054805012,219,2171,2,4,5,16,5,16,2,6,3,97,4,321,0,0,39,504,39,504,4505.0479
2021A00054805018,500,7126,3,26,5,17,7,53,1,3,0,0,3,11,3,26,33,199,35,220,26.976
2021A00054805019,38,130,0,0,0,0,0,0,0,0,0,0,1,3,0,0,8,16,8,16,0.6973
2021A00054805021,54,442,0,0,0,0,0,0,0,0,0,0,2,14,0,0,12,39,12,39,2.3389
2021A00054805022,41,263,0,0,0,0,0,0,0,0,0,0,1,1,0,0,6,22,6,22,1.0376
2021A00054805026,261,3494,0,0,1,3,3,9,0,0,1,3,4,4,0,0,22,41,22,41,107.5599
2021A00054805031,14,86,0,0,0,0,0,0,0,0,0,0,0,0,0,0,3,5,3,5,2540.8509
2021A00054805034,38,214,0,0,0,0,0,0,0,0,0,0,0,0,0,0,8,19,8,19,1.3291
2021A00054805036,5,15,0,0,0,0,0,0,0,0,0,0,0,0,0,0,1,1,1,1,2.5647
2021A00054805038,21,167,0,0,0,0,0,0,0,0,0,0,1,1,0,0,3,4,3,4,0.6718
2021A00054805041,22,82,0,0,0,0,1,2,0,0,0,0,1,1,0,0,11,20,11,20,3373.3994
2021A00054805042,46,230,1,26,1,26,1,26,0,0,0,0,0,0,0,0,7,36,7,36,1.9937
2021A00054805044,49,1060,0,0,2,8,1,3,0,0,0,0,0,0,0,0,11,163,12,166,2.4864
2021A00054805046,87,809,1,6,1,6,2,38,0,0,0,0,0,0,0,0,10,70,10,70,2.5517
2021A00054805048,188,1966,0,0,2,3,1,7,0,0,1,7,2,2,0,0,13,30,13,30,6.7424
2021A00054805049,69,742,1,2,0,0,1,2,0,0,0,0,0,0,1,2,7,44,7,44,2.7763
2021A00054805802,10,1219,0,0,0,0,0,0,0,0,0,0,0,0,0,0,1,2,1,2,703.6991
2021A00054806001,777,6335,0,0,8,70,8,179,3,24,5,58,9,191,0,0,55,249,58,395,3604.7597
2021A00054806006,546,8044,2,6,7,52,3,48,1,31,2,37,5,52,1,3,35,260,36,274,22.1945
2021A00054806008,30,170,0,0,0,0,0,0,0,0,0,0,0,0,0,0,2,6,2,6,1.1015
2021A00054806009,71,684,1,2,3,31,1,3,0,0,0,0,2,4,0,0,4,32,5,35,5.7546
2021A00054806011,96,1107,0,0,3,6,2,10,1,3,0,0,2,10,0,0,5,9,6,16,6.8179
2021A00054806012,1227,13638,6,15,19,59,12,61,1,14,2,6,7,24,0,0,52,185,53,188,38.5484
2021A00054806014,2471,35579,12,377,32,233,30,991,6,35,7,161,23,292,2,86,156,1780,164,2184,3828.8454
2021A00054806016,48577,754010,122,3375,435,9390,287,6793,41,827,119,2974,343,7978,12,204,1311,22692,1382,25276,820.6174
2021A00054806017,707,5512,1,2,4,8,3,9,1,3,0,0,4,8,0,0,11,21,12,24,32.8336
2021A00054806019,928,10510,5,114,16,164,6,95,2,17,3,477,11,50,0,0,35,695,35,695,31.5816
2021A00054806021,1741,23139,7,263,15,135,9,95,1,7,4,50,10,33,0,0,44,422,47,474,84.3868
2021A00054806022,0,0,0,0,0,0,0,0,0,0,0,0,0,0,0,0,0,0,0,0,3.2335
2021A00054806024,0,0,0,0,0,0,0,0,0,0,0,0,0,0,0,0,0,0,0,0,2.8532
2021A00054806026,190,2456,1,2,3,40,7,223,0,0,2,18,4,182,0,0,22,83,26,294,11.8904
2021A00054806028,59,560,0,0,0,0,0,0,0,0,0,0,1,1,0,0,9,29,9,29,3763.4163
2021A00054806029,196,1717,0,0,1,3,1,3,0,0,0,0,2,30,0,0,15,52,16,55,11.7679
2021A00054806031,58,434,0,0,0,0,0,0,0,0,1,3,1,1,0,0,11,54,11,54,1.9342
2021A00054806032,282,2642,0,0,3,50,3,63,0,0,0,0,5,11,0,0,29,152,29,152,16.1185
2021A00054806034,554,6935,1,3,7,121,5,149,2,34,2,9,7,47,1,79,38,308,38,308,14.9182
2021A00054806036,317,3312,2,10,2,10,1,2,0,0,8,421,2,5,0,0,22,475,22,475,10.844
2021A00054806803,0,0,0,0,0,0,0,0,0,0,0,0,0,0,0,0,0,0,0,0,17.3188
2021A00054806804,56,1871,0,0,1,2,1,6,0,0,0,0,0,0,0,0,2,8,2,8,282.4387
2021A00054807001,45,199,0,0,0,0,0,0,0,0,0,0,0,0,0,0,7,13,7,13,3571.1246
2021A00054807002,252,2331,0,0,1,3,0,0,0,0,0,0,4,19,0,0,16,58,16,58,4.7483
2021A00054807004,31,149,0,0,0,0,0,0,0,0,0,0,0,0,0,0,6,29,6,29,1.1214
2021A00054807006,27,109,0,0,0,0,0,0,0,0,0,0,0,0,0,0,2,6,2,6,0.7816
2021A00054807008,20,76,0,0,0,0,0,0,0,0,0,0,0,0,0,0,4,7,4,7,0.7603
2021A00054807011,8,24,0,0,0,0,0,0,0,0,0,0,0,0,0,0,2,4,2,4,3239.5814
2021A00054807012,105,1141,0,0,1,3,1,3,1,3,0,0,2,4,0,0,11,29,11,29,3.571
2021A00054807014,61,686,0,0,0,0,0,0,0,0,0,0,0,0,0,0,4,10,4,10,2.6082
2021A00054807016,10,70,1,24,2,30,2,30,0,0,0,0,0,0,0,0,5,37,5,37,0.6057
2021A00054807019,95,441,1,2,1,2,2,6,0,0,0,0,4,8,0,0,28,65,29,68,3969.6481
2021A00054807021,31,300,0,0,0,0,0,0,0,0,0,0,1,1,0,0,5,6,5,6,1.8646
2021A00054807026,431,4897,2,16,6,40,8,127,0,0,1,3,1,14,1,2,25,161,26,175,13.1856
2021A00054807027,1,3,0,0,0,0,0,0,0,0,0,0,0,0,0,0,1,1,1,1,1.609
2021A00054807028,3,9,0,0,0,0,0,0,0,0,0,0,0,0,0,0,0,0,0,0,2.0316
2021A00054807029,39,165,0,0,0,0,0,0,0,0,0,0,0,0,0,0,7,26,7,26,0.9673
2021A00054807031,36,168,0,0,0,0,1,3,0,0,0,0,1,3,0,0,9,21,9,21,3959.7805
2021A00054807032,45,175,0,0,0,0,0,0,0,0,0,0,1,1,0,0,10,21,10,21,0.6185
2021A00054807036,59,484,0,0,1,15,1,15,0,0,0,0,0,0,0,0,9,145,9,145,4.0367
2021A00054807038,14,58,0,0,0,0,0,0,0,0,0,0,0,0,0,0,4,12,4,12,0.6296
2021A00054807039,88,540,0,0,0,0,0,0,0,0,0,0,0,0,0,0,6,11,6,11,1.7722
2021A00054807042,91,716,0,0,1,2,0,0,0,0,1,3,0,0,0,0,9,21,9,21,6.3959
2021A00054807044,78,1057,0,0,0,0,0,0,0,0,0,0,0,0,0,0,5,11,5,11,2.7107
2021A00054807046,33,151,0,0,0,0,0,0,0,0,0,0,0,0,0,0,4,6,4,6,1.9999
2021A00054807048,69,853,0,0,1,3,0,0,0,0,1,3,0,0,0,0,8,18,8,18,4.5017
2021A00054807049,5,91,0,0,0,0,0,0,0,0,0,0,0,0,0,0,1,15,1,15,4095.2876
2021A00054807051,47,373,0,0,0,0,0,0,0,0,0,0,1,14,0,0,8,30,8,30,2.2201
2021A00054807052,45,199,0,0,1,1,0,0,0,0,0,0,0,0,0,0,5,11,5,11,2.0128
2021A00054807054,387,5189,0,0,2,8,0,0,0,0,0,0,3,10,0,0,21,113,21,113,12.1656
2021A00054807056,57,315,0,0,0,0,0,0,0,0,0,0,1,2,0,0,10,19,10,19,1.3186
2021A00054808001,1145,14017,5,27,24,237,21,258,4,42,1,7,12,90,0,0,133,671,139,717,3919.2534
2021A00054808002,3,9,0,0,0,0,0,0,0,0,0,0,0,0,0,0,0,0,0,0,1.5049
2021A00054808004,24,168,0,0,1,34,0,0,0,0,0,0,1,34,0,0,1,34,1,34,3.7851
2021A00054808005,5,47,0,0,0,0,1,15,0,0,0,0,0,0,0,0,1,15,1,15,0.5452
2021A00054808006,11,69,0,0,0,0,0,0,0,0,0,0,0,0,0,0,0,0,0,0,3.4575
2021A00054808008,281,4948,0,0,8,184,7,247,0,0,0,0,2,274,2,59,21,570,22,577,19.3937
2021A00054808009,39,249,0,0,0,0,0,0,0,0,0,0,0,0,0,0,1,1,1,1,11.201
2021A00054808011,3538,55770,9,208,28,236,16,176,3,16,4,40,20,155,2,68,95,789,97,810,104.344
2021A00054808012,475,5320,3,58,4,49,2,5,0,0,1,7,3,3,1,14,17,101,17,101,23.0865
2021A00054808013,16,76,0,0,0,0,0,0,0,0,0,0,0,0,0,0,0,0,0,0,0.6235
2021A00054808022,110,1216,0,0,1,3,3,68,0,0,0,0,1,1,1,2,26,121,26,121,2759.123
2021A00054808023,12,60,0,0,0,0,0,0,0,0,0,0,0,0,0,0,0,0,0,0,0.9742
2021A00054808024,140,1235,1,3,4,11,4,12,1,3,0,0,4,23,0,0,12,40,13,43,1.6109
2021A00054808025,0,0,0,0,0,0,0,0,0,0,0,0,0,0,0,0,0,0,0,0,0.1176
2021A00054808026,147,1113,0,0,1,3,1,2,0,0,1,3,0,0,0,0,34,139,34,139,2.2438
2021A00054808027,0,0,0,0,0,0,0,0,0,0,0,0,0,0,0,0,0,0,0,0,0.4666
2021A00054808028,0,0,0,0,0,0,0,0,0,0,0,0,0,0,0,0,0,0,0,0,0.6991
2021A00054808029,245,3343,2,26,4,104,7,182,1,3,2,50,2,6,0,0,21,442,22,445,16.5819
2021A00054808031,682,10005,4,74,15,212,9,160,2,13,6,157,8,107,0,0,74,1047,74,1047,20.5853
2021A00054808032,66,390,2,40,3,43,3,43,0,0,0,0,1,3,0,0,11,64,12,67,2.1695
2021A00054808034,0,0,0,0,0,0,0,0,0,0,0,0,0,0,0,0,0,0,0,0,3.1099
2021A00054808038,60,356,0,0,0,0,0,0,0,0,0,0,1,1,0,0,10,24,10,24,2807.9857
2021A00054808039,475,5796,1,3,10,55,7,170,1,3,2,10,7,186,0,0,42,184,45,339,17.2186
2021A00054808042,1,3,0,0,0,0,0,0,0,0,0,0,0,0,0,0,0,0,0,0,0.9364
2021A00054808044,247,2647,1,6,4,20,3,19,2,13,0,0,3,28,0,0,14,53,14,53,11.3764
2021A00054808811,0,0,0,0,0,0,0,0,0,0,0,0,0,0,0,0,0,0,0,0,128.4932
2021A00054808812,0,0,0,0,0,0,0,0,0,0,0,0,0,0,0,0,0,0,0,0,1.3398
2021A00054808813,0,0,0,0,0,0,0,0,0,0,0,0,0,0,0,0,0,0,0,0,27.828
2021A00054809002,137,906,0,0,0,0,0,0,0,0,0,0,0,0,0,0,17,45,17,45,18605.7062
2021A00054809005,0,0,0,0,0,0,0,0,0,0,0,0,0,0,0,0,0,0,0,0,0.1804
2021A00054809010,89,627,0,0,0,0,0,0,0,0,0,0,1,7,0,0,3,23,3,23,2.0444
2021A00054809015,710,10117,1,3,5,32,5,25,2,6,7,28,8,100,0,0,32,301,32,301,13.0534
2021A00054809806,0,0,0,0,0,0,0,0,0,0,0,0,0,0,0,0,0,0,0,0,138.8322
2021A00054809809,0,0,0,0,0,0,0,0,0,0,0,0,0,0,0,0,0,0,0,0,52.5039
2021A00054809810,0,0,0,0,0,0,0,0,0,0,0,0,0,0,0,0,0,0,0,0,22.6044
2021A00054810001,210,1066,1,3,2,5,1,3,0,0,0,0,1,1,0,0,42,102,42,102,3291.7518
2021A00054810002,71,537,0,0,0,0,0,0,0,0,0,0,0,0,0,0,7,23,7,23,2.7189
2021A00054810003,18,82,0,0,1,1,0,0,0,0,0,0,0,0,0,0,5,6,5,6,0.6204
2021A00054810006,26,146,1,2,0,0,1,2,0,0,0,0,0,0,1,2,7,15,7,15,0.3538
2021A00054810009,5,55,0,0,0,0,0,0,0,0,0,0,0,0,0,0,0,0,0,0,0.89
2021A00054810011,861,12404,1,3,5,164,5,193,1,14,1,3,9,58,0,0,33,291,34,294,41.668
2021A00054810012,14,130,0,0,1,73,1,73,0,0,0,0,1,73,0,0,2,7,3,80,6.5737
2021A00054810014,25,203,0,0,1,2,0,0,0,0,0,0,0,0,0,0,3,10,3,10,0.591
2021A00054810016,78,350,0,0,0,0,1,7,0,0,0,0,1,7,0,0,9,12,10,19,3219.7358
2021A00054810018,0,0,0,0,0,0,0,0,0,0,0,0,0,0,0,0,0,0,0,0,8.2065
2021A00054810019,34,421,0,0,1,12,1,12,0,0,0,0,1,11,0,0,6,19,7,30,2.5265
2021A00054810021,30,142,0,0,0,0,0,0,0,0,0,0,0,0,0,0,5,10,5,10,1.5525
2021A00054810022,127,897,0,0,0,0,2,6,0,0,0,0,3,8,0,0,11,19,12,22,3.4484
2021A00054810026,23,109,0,0,0,0,0,0,0,0,0,0,0,0,0,0,4,7,4,7,2850.3717
2021A00054810028,278,3589,0,0,0,0,1,32,0,0,0,0,2,2,0,0,17,60,17,60,14.0813
2021A00054810031,33,211,0,0,1,31,1,31,1,31,0,0,2,32,0,0,6,40,6,40,0.9987
2021A00054810034,70,434,0,0,0,0,0,0,0,0,0,0,0,0,0,0,5,11,5,11,1.6407
2021A00054810036,170,914,1,2,2,5,3,38,1,3,0,0,3,37,0,0,32,62,33,95,5420.1268
2021A00054810038,30,166,0,0,0,0,0,0,0,0,0,0,0,0,0,0,7,17,7,17,0.6282
2021A00054810039,1163,18639,4,63,15,215,9,106,2,6,0,0,13,132,0,0,41,392,44,409,23.9806
2021A00054810041,77,630,0,0,0,0,0,0,0,0,0,0,1,3,0,0,7,17,7,17,1.5099
2021A00054810042,324,3565,1,6,3,65,2,63,0,0,1,3,2,3,0,0,19,113,19,113,12.7195
2021A00054810044,49,223,0,0,0,0,1,3,0,0,0,0,1,1,0,0,5,9,5,9,1.6002
2021A00054810048,57,239,0,0,1,3,1,3,1,3,1,3,1,3,0,0,15,42,15,42,2600.1532
2021A00054810051,29,147,0,0,1,2,1,2,0,0,0,0,0,0,0,0,4,6,4,6,2.7452
2021A00054810052,86,657,3,75,3,73,3,41,1,7,0,0,2,8,2,23,11,108,11,108,3.1138
2021A00054810058,18,158,0,0,0,0,0,0,0,0,0,0,0,0,0,0,7,44,7,44,2385.5782
2021A00054810059,21,99,0,0,0,0,0,0,0,0,0,0,0,0,0,0,4,7,4,7,1.1802
2021A00054810061,43,401,0,0,0,0,0,0,0,0,0,0,0,0,0,0,5,23,5,23,4.1178
2021A00054810062,12,56,0,0,0,0,0,0,0,0,0,0,0,0,0,0,1,2,1,2,9.5965
2021A00054810064,70,896,0,0,0,0,0,0,0,0,1,3,0,0,0,0,4,7,4,7,9.1356
2021A00054810066,32,471,0,0,0,0,0,0,0,0,0,0,0,0,0,0,7,164,7,164,9.2781
2021A00054810068,114,1241,0,0,3,9,3,9,1,3,0,0,1,3,0,0,12,29,12,29,165.0003
2021A00054810805,0,0,0,0,0,0,0,0,0,0,0,0,0,0,0,0,0,0,0,0,35.9311
2021A00054811001,209,1271,0,0,2,7,0,0,0,0,1,14,2,2,0,0,31,139,31,139,3121.9765
2021A00054811002,523,8587,8,210,9,212,9,270,1,3,2,6,7,136,1,9,30,293,33,411,18.7528
2021A00054811003,17,95,0,0,0,0,0,0,0,0,0,0,0,0,0,0,0,0,0,0,0.6162
2021A00054811004,0,0,0,0,0,0,0,0,0,0,0,0,0,0,0,0,0,0,0,0,0.4516
2021A00054811005,0,0,0,0,0,0,0,0,0,0,0,0,0,0,0,0,0,0,0,0,0.7143
2021A00054811006,1,3,0,0,0,0,0,0,0,0,0,0,0,0,0,0,0,0,0,0,0.4528
2021A00054811007,0,0,0,0,0,0,0,0,0,0,0,0,0,0,0,0,0,0,0,0,0.192
2021A00054811008,6,66,0,0,0,0,0,0,0,0,0,0,0,0,0,0,0,0,0,0,0.5616
2021A00054811009,0,0,0,0,0,0,0,0,0,0,0,0,0,0,0,0,0,0,0,0,0.6077
2021A00054811011,157,919,1,2,3,8,4,11,0,0,2,10,3,13,0,0,26,90,27,93,6.6243
2021A00054811012,899,23799,9,177,31,682,48,1175,12,241,5,77,32,785,3,40,93,1521,106,1908,2502.5902
2021A00054811013,469,4108,1,2,4,19,6,36,2,14,0,0,4,32,1,2,11,49,12,52,24.7019
2021A00054811016,1232,22618,11,236,25,324,24,549,3,99,5,155,18,391,1,34,64,886,71,1110,42.2532
2021A00054811018,196,2146,0,0,2,37,2,37,1,3,0,0,3,38,0,0,4,36,5,70,14.2554
2021A00054811019,118,722,1,2,0,0,0,0,0,0,0,0,1,2,0,0,14,47,14,47,4.6686
2021A00054811020,7,61,1,28,1,28,1,28,0,0,0,0,0,0,0,0,3,32,3,32,0.4271
2021A00054811021,120,1314,0,0,0,0,2,38,0,0,0,0,3,40,0,0,7,60,8,63,3.798
2021A00054811022,0,0,0,0,0,0,0,0,0,0,0,0,0,0,0,0,0,0,0,0,0.2645
2021A00054811023,0,0,0,0,0,0,0,0,0,0,0,0,0,0,0,0,0,0,0,0,2.1256
2021A00054811024,68,986,0,0,0,0,0,0,0,0,0,0,3,109,0,0,9,269,10,375,2.5559
2021A00054811026,63,489,0,0,0,0,0,0,0,0,1,3,1,12,0,0,8,25,8,25,1.7187
2021A00054811031,695,9560,2,6,6,139,5,20,2,10,4,666,10,191,0,0,21,887,22,890,30.8965
2021A00054811032,83,509,0,0,1,2,1,2,0,0,1,14,2,2,0,0,10,34,10,34,3000.1399
2021A00054811034,1295,21137,5,116,21,211,15,608,3,30,11,604,12,225,2,43,94,1259,98,1420,2375.6664
2021A00054811038,19,193,0,0,0,0,0,0,0,0,0,0,0,0,0,0,1,14,1,14,0.5345
2021A00054811039,0,0,0,0,0,0,0,0,0,0,0,0,0,0,0,0,0,0,0,0,0.2278
2021A00054811041,0,0,0,0,0,0,0,0,0,0,0,0,0,0,0,0,0,0,0,0,0.1922
2021A00054811042,0,0,0,0,0,0,0,0,0,0,0,0,0,0,0,0,0,0,0,0,0.3195
2021A00054811044,1,3,0,0,0,0,0,0,0,0,0,0,0,0,0,0,0,0,0,0,0.3255
2021A00054811046,16,68,0,0,0,0,0,0,0,0,0,0,0,0,0,0,0,0,0,0,2.2769
2021A00054811048,609,9108,3,8,5,25,3,26,0,0,0,0,4,7,2,7,19,91,19,91,35.4464
2021A00054811049,1056,17915,3,49,15,199,13,210,5,147,6,78,10,169,0,0,40,441,42,458,37.52
2021A00054811052,3548,51846,13,164,40,877,40,610,8,96,7,234,32,924,4,38,147,1750,159,2094,1170.6506
2021A00054811056,657,13405,1,110,10,248,3,15,0,0,1,7,14,950,0,0,35,1231,35,1231,56.4993
2021A00054811059,703,6042,4,65,10,153,8,53,2,10,3,18,12,153,1,34,53,349,56,381,2084.2409
2021A00054811061,34147,560203,109,2406,375,6841,274,7622,46,575,87,1232,191,4306,15,639,870,13831,952,16779,765.6076
2021A00054811062,2087,26546,4,16,15,70,5,32,1,3,2,6,3,72,1,3,36,227,37,234,47.8355
2021A00054811064,84,1649,0,0,5,230,2,6,2,6,0,0,5,241,0,0,9,247,9,247,9.462
2021A00054811065,109,1713,0,0,1,4,0,0,0,0,1,3,3,485,0,0,9,569,9,569,19.929
2021A00054811066,40,427,0,0,0,0,0,0,0,0,0,0,0,0,0,0,8,33,8,33,3.9876
2021A00054811068,274,4683,0,0,5,40,4,51,1,31,0,0,4,50,0,0,9,63,11,80,11.1548
2021A00054811069,33,443,0,0,1,3,1,3,0,0,0,0,0,0,0,0,5,24,5,24,3.1764
2021A00054811801,70,2405,0,0,0,0,0,0,0,0,0,0,1,4,0,0,12,39,12,39,104.3159
2021A00054811802,0,0,0,0,0,0,0,0,0,0,0,0,0,0,0,0,0,0,0,0,19.8092
2021A00054811803,0,0,0,0,0,0,0,0,0,0,0,0,0,0,0,0,0,0,0,0,31.6782
2021A00054811804,0,0,0,0,0,0,0,0,0,0,0,0,0,0,0,0,0,0,0,0,51.5338
2021A00054811805,9,59,0,0,0,0,0,0,0,0,0,0,0,0,0,0,5,11,5,11,68.3867
2021A00054811806,5,19,0,0,0,0,0,0,0,0,0,0,0,0,0,0,1,2,1,2,62.3341
2021A00054811807,0,0,0,0,0,0,0,0,0,0,0,0,0,0,0,0,0,0,0,0,1.9593
2021A00054812002,552,8514,0,0,2,5,4,10,1,3,1,3,4,19,0,0,11,30,11,30,66.6054
2021A00054812004,95,705,0,0,0,0,0,0,0,0,1,3,1,1,0,0,15,30,15,30,6005.3036
2021A00054812009,622,10883,0,0,1,3,0,0,0,0,2,14,3,84,0,0,15,149,15,149,14.1653
2021A00054812011,0,0,0,0,0,0,0,0,0,0,0,0,0,0,0,0,0,0,0,0,0.2348
2021A00054812012,54,282,0,0,0,0,0,0,0,0,0,0,0,0,0,0,4,6,4,6,1.9937
2021A00054812013,0,0,0,0,0,0,0,0,0,0,0,0,0,0,0,0,0,0,0,0,0.735
2021A00054812014,115,1748,1,5,1,5,2,38,0,0,0,0,2,34,0,0,27,61,28,94,3280.3952
2021A00054812016,136,1247,0,0,1,7,2,40,0,0,0,0,2,40,0,0,10,19,12,59,4.9131
2021A00054812018,439,6092,0,0,6,16,3,12,1,7,0,0,2,8,0,0,18,43,18,43,8.6389
2021A00054812020,0,0,0,0,0,0,0,0,0,0,0,0,0,0,0,0,0,0,0,0,0.975
2021A00054812022,44,987,0,0,0,0,0,0,0,0,0,0,0,0,0,0,8,13,8,13,3396.2917
2021A00054812024,18,190,0,0,0,0,0,0,0,0,0,0,0,0,0,0,2,16,2,16,0.9641
2021A00054812026,33,191,0,0,0,0,0,0,0,0,1,7,0,0,0,0,5,15,5,15,0.5866
2021A00054812029,91,1268,1,3,1,3,2,10,0,0,2,10,1,1,0,0,12,31,12,31,4.2626
2021A00054812037,409,5154,0,0,0,0,1,14,0,0,3,98,2,16,0,0,17,131,18,145,12528.2525
2021A00054812038,3,57,0,0,0,0,0,0,0,0,0,0,0,0,0,0,0,0,0,0,5626.5692
2021A00054812802,1,3,0,0,0,0,0,0,0,0,0,0,0,0,0,0,0,0,0,0,88.5513
2021A00054812804,9,135,0,0,0,0,0,0,0,0,0,0,0,0,0,0,0,0,0,0,100.0303
2021A00054812806,0,0,0,0,0,0,0,0,0,0,0,0,0,0,0,0,0,0,0,0,270.2855
2021A00054812808,0,0,0,0,0,0,0,0,0,0,0,0,0,0,0,0,0,0,0,0,52.1145
2021A00054812810,0,0,0,0,0,0,0,0,0,0,0,0,0,0,0,0,0,0,0,0,139.8347
2021A00054812811,7,571,0,0,0,0,0,0,0,0,0,0,0,0,0,0,0,0,0,0,79.6426
2021A00054812813,0,0,0,0,0,0,0,0,0,0,0,0,0,0,0,0,0,0,0,0,0.6598
2021A00054812815,0,0,0,0,0,0,0,0,0,0,0,0,0,0,0,0,0,0,0,0,41.5669
2021A00054812828,0,0,0,0,0,0,0,0,0,0,0,0,0,0,0,0,0,0,0,0,55.8757
2021A00054812840,0,0,0,0,0,0,0,0,0,0,0,0,0,0,0,0,0,0,0,0,47.4096
2021A00054813001,122,1088,1,2,1,2,1,2,0,0,0,0,1,1,1,2,14,27,14,27,2845.8357
2021A00054813002,132,1251,0,0,0,0,0,0,0,0,0,0,1,1,0,0,10,20,10,20,4.3926
2021A00054813003,1,3,0,0,0,0,0,0,0,0,0,0,0,0,0,0,0,0,0,0,0.4294
2021A00054813005,0,0,0,0,0,0,0,0,0,0,0,0,0,0,0,0,0,0,0,0,0.2851
2021A00054813006,2,10,0,0,0,0,0,0,0,0,0,0,0,0,0,0,0,0,0,0,1.2971
2021A00054813007,33,151,0,0,0,0,0,0,0,0,0,0,1,1,0,0,3,5,3,5,0.2759
2021A00054813008,0,0,0,0,0,0,0,0,0,0,0,0,0,0,0,0,0,0,0,0,0.7004
2021A00054813009,0,0,0,0,0,0,0,0,0,0,0,0,0,0,0,0,0,0,0,0,0.0538
2021A00054813010,0,0,0,0,0,0,0,0,0,0,0,0,0,0,0,0,0,0,0,0,2.5131
2021A00054813011,12,96,0,0,0,0,0,0,0,0,0,0,0,0,0,0,0,0,0,0,1.1683
2021A00054813012,21,139,0,0,0,0,0,0,0,0,0,0,0,0,0,0,0,0,0,0,2.02
2021A00054813013,1,7,0,0,0,0,0,0,0,0,0,0,0,0,0,0,0,0,0,0,0.2886
2021A00054813014,153,1071,1,3,3,8,3,80,0,0,1,3,1,74,0,0,10,103,10,103,3.3069
2021A00054813015,2,10,0,0,0,0,0,0,0,0,0,0,0,0,0,0,0,0,0,0,0.4433
2021A00054813016,0,0,0,0,0,0,0,0,0,0,0,0,0,0,0,0,0,0,0,0,2.4094
2021A00054813017,0,0,0,0,0,0,0,0,0,0,0,0,0,0,0,0,0,0,0,0,1.6624
2021A00054813018,144,919,0,0,0,0,0,0,0,0,2,9,0,0,0,0,30,89,30,89,2385.2823
2021A00054813019,391,4715,0,0,2,42,3,23,0,0,2,6,5,20,0,0,30,166,31,180,8.1965
2021A00054813028,156,888,0,0,0,0,0,0,0,0,1,3,1,1,0,0,30,71,30,71,3169.6612
2021A00054813029,22,608,0,0,0,0,1,33,0,0,1,325,1,33,0,0,6,455,7,488,7599.5193
2021A00054813030,722,10214,0,0,1,2,2,4,0,0,6,352,7,29,1,2,24,740,24,740,29.5125
2021A00054813031,306,3760,0,0,3,102,4,134,1,14,1,15,3,102,0,0,14,105,16,193,13.3714
2021A00054813032,38,306,0,0,0,0,0,0,0,0,0,0,0,0,0,0,8,36,8,36,1.2775
2021A00054813033,0,0,0,0,0,0,0,0,0,0,0,0,0,0,0,0,0,0,0,0,0.2568
2021A00054813036,71,588,1,5,3,11,2,8,0,0,0,0,1,3,0,0,6,17,6,17,1997.1679
2021A00054813044,110,726,0,0,0,0,0,0,0,0,1,3,1,6,0,0,19,59,19,59,6111.2968
2021A00054813045,1,7,0,0,0,0,0,0,0,0,0,0,0,0,0,0,0,0,0,0,0.7933
2021A00054813046,75,1340,0,0,1,14,1,14,1,14,0,0,2,15,0,0,4,323,4,323,7.1171
2021A00054813047,4,16,0,0,0,0,0,0,0,0,0,0,0,0,0,0,1,2,1,2,0.866
2021A00054813048,296,4627,1,2,2,4,2,35,0,0,0,0,4,48,0,0,12,44,13,77,17.7852
2021A00054813049,7,101,0,0,0,0,0,0,0,0,0,0,0,0,0,0,1,3,1,3,1.5487
2021A00054813051,0,0,0,0,0,0,0,0,0,0,0,0,0,0,0,0,0,0,0,0,0.4764
2021A00054813053,9,182,0,0,0,0,0,0,0,0,0,0,0,0,0,0,0,0,0,0,1.1753
2021A00054813055,0,0,0,0,0,0,0,0,0,0,0,0,0,0,0,0,0,0,0,0,0.9086
2021A00054813057,0,0,0,0,0,0,0,0,0,0,0,0,0,0,0,0,0,0,0,0,0.5405
2021A00054813061,3,13,0,0,0,0,0,0,0,0,0,0,0,0,0,0,0,0,0,0,1.6374
2021A00054813811,0,0,0,0,0,0,0,0,0,0,0,0,0,0,0,0,0,0,0,0,56.6033
2021A00054813829,0,0,0,0,0,0,0,0,0,0,0,0,0,0,0,0,0,0,0,0,0.0804
2021A00054813830,0,0,0,0,0,0,0,0,0,0,0,0,0,0,0,0,0,0,0,0,36.5842
2021A00054814003,439,2875,0,0,2,4,1,3,1,3,9,121,10,15,0,0,50,218,50,218,22238.5585
2021A00054814019,494,6190,1,3,4,10,3,8,0,0,3,334,7,9,1,2,17,551,17,551,33.3221
2021A00054814024,611,8390,0,0,2,5,0,0,0,0,4,159,8,161,0,0,17,452,18,455,29.4338
2021A00054814028,0,0,0,0,0,0,0,0,0,0,0,0,0,0,0,0,0,0,0,0,4601.5162
2021A00054815007,234,2887,0,0,0,0,1,7,0,0,1,3,0,0,0,0,9,29,9,29,370.1465
2021A00054815013,11,1074,0,0,0,0,0,0,0,0,0,0,0,0,0,0,0,0,0,0,4203.2397
2021A00054815015,60,758,2,5,1,3,1,3,0,0,0,0,1,115,0,0,10,378,10,378,2678.8018
2021A00054815023,880,12413,2,4,10,36,2,16,0,0,2,29,0,0,0,0,25,177,25,177,68.4695
2021A00054815027,0,0,0,0,0,0,0,0,0,0,0,0,0,0,0,0,0,0,0,0,0.6185
2021A00054815030,0,0,0,0,0,0,0,0,0,0,0,0,0,0,0,0,0,0,0,0,0.4054
2021A00054815032,47,1694,0,0,0,0,0,0,0,0,0,0,0,0,0,0,0,0,0,0,6751.0859
2021A00054815033,248,4174,0,0,0,0,0,0,0,0,0,0,1,1,0,0,2,3,2,3,921.8991
2021A00054815035,410,11275,0,0,2,4,1,3,1,3,0,0,1,3,0,0,5,27,5,27,4.0834
2021A00054815037,0,0,0,0,0,0,0,0,0,0,0,0,0,0,0,0,0,0,0,0,10118.5498
2021A00054815045,1,15,0,0,0,0,0,0,0,0,0,0,0,0,0,0,1,7,1,7,2636.7501
2021A00054815802,4,722,0,0,0,0,0,0,0,0,0,0,0,0,0,0,1,2,1,2,444.6645
2021A00054815815,0,0,0,0,0,0,0,0,0,0,0,0,0,0,0,0,0,0,0,0,71.4298
2021A00054816037,1707,47510,2,23,7,90,4,171,1,14,1,70,9,212,1,2,30,392,32,547,60843.8778
2021A00054816051,0,0,0,0,0,0,0,0,0,0,0,0,0,0,0,0,0,0,0,0,33053.7819
2021A00054816810,2,357,0,0,0,0,0,0,0,0,0,0,0,0,0,0,0,0,0,0,30.0095
2021A00054816817,12,308,0,0,0,0,1,4,0,0,0,0,0,0,1,4,1,4,1,4,26.0493
2021A00054816821,0,0,0,0,0,0,0,0,0,0,0,0,0,0,0,0,0,0,0,0,22.6667
2021A00054816822,0,0,0,0,0,0,0,0,0,0,0,0,0,0,0,0,0,0,0,0,0.8095
2021A00054816849,0,0,0,0,0,0,0,0,0,0,0,0,0,0,0,0,0,0,0,0,13.8662
2021A00054816850,0,0,0,0,0,0,0,0,0,0,0,0,0,0,0,0,0,0,0,0,17.0871
2021A00054816852,0,0,0,0,0,0,0,0,0,0,0,0,0,0,0,0,0,0,0,0,0.3828
2021A00054816860,1,7,0,0,0,0,0,0,0,0,0,0,0,0,0,0,0,0,0,0,61.325
2021A00054816861,0,0,0,0,0,0,0,0,0,0,0,0,0,0,0,0,0,0,0,0,2.4576
2021A00054817021,248,3879,0,0,0,0,0,0,0,0,2,143,2,3,0,0,16,446,16,446,7.0102
2021A00054817024,68,847,0,0,0,0,0,0,0,0,0,0,0,0,0,0,0,0,0,0,25.8741
2021A00054817026,34,346,0,0,0,0,0,0,0,0,0,0,1,1,0,0,10,36,10,36,20915.1751
2021A00054817027,74,993,0,0,0,0,0,0,0,0,2,43,3,9,0,0,6,54,6,54,13827.5809
2021A00054817029,501,6744,0,0,2,4,1,14,0,0,3,157,5,55,0,0,17,632,17,632,14.3102
2021A00054817031,65,1823,0,0,0,0,0,0,0,0,0,0,0,0,0,0,0,0,0,0,28857.8781
2021A00054817033,44,212,0,0,0,0,0,0,0,0,1,3,1,1,0,0,2,4,2,4,10041.7946
2021A00054817039,54,417,0,0,0,0,1,3,0,0,2,143,1,1,0,0,7,152,7,152,1.6874
2021A00054817062,93,587,0,0,0,0,0,0,0,0,0,0,1,3,0,0,9,31,9,31,15025.5401
2021A00054817064,53,323,0,0,0,0,0,0,0,0,1,70,1,1,0,0,7,86,7,86,4.8794
2021A00054817076,68,360,0,0,0,0,1,2,0,0,0,0,0,0,1,2,15,26,15,26,20627.0183
2021A00054817078,159,1674,0,0,1,14,1,14,1,14,2,146,3,16,0,0,13,177,13,177,3.7148
2021A00054817093,234,4585,0,0,0,0,0,0,0,0,3,344,0,0,0,0,9,613,9,613,28.6996
2021A00054817095,590,6979,0,0,2,9,4,23,2,9,31,434,5,21,0,0,67,534,68,541,79629.2632
2021A00054817097,35,564,0,0,0,0,0,0,0,0,0,0,1,29,0,0,2,40,2,40,10.7606
2021A00054817817,8,40,0,0,0,0,0,0,0,0,0,0,0,0,0,0,0,0,0,0,1.9918
2021A00054817818,0,0,0,0,0,0,0,0,0,0,0,0,0,0,0,0,0,0,0,0,84.637
2021A00054817819,1,15,0,0,0,0,0,0,0,0,0,0,0,0,0,0,0,0,0,0,6.6434
2021A00054817821,0,0,0,0,0,0,0,0,0,0,0,0,0,0,0,0,0,0,0,0,24.9464
2021A00054817822,0,0,0,0,0,0,0,0,0,0,0,0,0,0,0,0,0,0,0,0,32.6506
2021A00054817823,0,0,0,0,0,0,0,0,0,0,0,0,0,0,0,0,0,0,0,0,58.1541
2021A00054817824,6,373,0,0,0,0,0,0,0,0,0,0,0,0,0,0,0,0,0,0,64.6677
2021A00054817825,0,0,0,0,0,0,0,0,0,0,0,0,0,0,0,0,0,0,0,0,16.5323
2021A00054817826,0,0,0,0,0,0,0,0,0,0,0,0,0,0,0,0,0,0,0,0,0.5047
2021A00054817827,0,0,0,0,0,0,0,0,0,0,0,0,0,0,0,0,0,0,0,0,10.2758
2021A00054817828,0,0,0,0,0,0,0,0,0,0,0,0,0,0,0,0,0,0,0,0,64.9472
2021A00054817829,8,136,0,0,0,0,0,0,0,0,0,0,0,0,0,0,0,0,0,0,60.6979
2021A00054817830,0,0,0,0,0,0,0,0,0,0,0,0,0,0,0,0,0,0,0,0,3.8956
2021A00054817831,0,0,0,0,0,0,0,0,0,0,0,0,0,0,0,0,0,0,0,0,39.4687
2021A00054817832,1,15,0,0,0,0,0,0,0,0,0,0,0,0,0,0,0,0,0,0,9.4036
2021A00054817833,15,49,0,0,0,0,0,0,0,0,0,0,0,0,0,0,1,2,1,2,11.9946
2021A00054817834,0,0,0,0,0,0,0,0,0,0,0,0,0,0,0,0,0,0,0,0,37.3605
2021A00054817835,3,53,0,0,0,0,0,0,0,0,0,0,0,0,0,0,0,0,0,0,98.0276
2021A00054817836,2,357,0,0,0,0,0,0,0,0,0,0,0,0,0,0,0,0,0,0,0.2895
2021A00054817837,2,425,0,0,0,0,0,0,0,0,0,0,0,0,0,0,0,0,0,0,140.0418
2021A00054817838,0,0,0,0,0,0,0,0,0,0,0,0,0,0,0,0,0,0,0,0,37.0934
2021A00054817840,0,0,0,0,0,0,0,0,0,0,0,0,0,0,0,0,0,0,0,0,53.6561
2021A00054817841,0,0,0,0,0,0,0,0,0,0,0,0,0,0,0,0,0,0,0,0,9.1793
2021A00054817842,0,0,0,0,0,0,0,0,0,0,0,0,0,0,0,0,0,0,0,0,40.8937
2021A00054817843,0,0,0,0,0,0,0,0,0,0,0,0,0,0,0,0,0,0,0,0,26.9539
2021A00054817845,3,380,0,0,0,0,0,0,0,0,0,0,0,0,0,0,0,0,0,0,99.2895
2021A00054817848,0,0,0,0,0,0,0,0,0,0,0,0,0,0,0,0,0,0,0,0,114.4531
2021A00054817849,0,0,0,0,0,0,0,0,0,0,0,0,0,0,0,0,0,0,0,0,14.4908
2021A00054817850,0,0,0,0,0,0,0,0,0,0,0,0,0,0,0,0,0,0,0,0,6.5541
2021A00054817853,0,0,0,0,0,0,0,0,0,0,0,0,0,0,0,0,0,0,0,0,12.8629
2021A00054817854,0,0,0,0,0,0,0,0,0,0,0,0,0,0,0,0,0,0,0,0,0.5309
2021A00054817855,3,13,0,0,0,0,0,0,0,0,0,0,0,0,0,0,0,0,0,0,1.537
2021A00054817856,0,0,0,0,0,0,0,0,0,0,0,0,0,0,0,0,0,0,0,0,118.7033
2021A00054817857,7,121,0,0,0,0,0,0,0,0,0,0,0,0,0,0,0,0,0,0,36.5196
2021A00054817859,0,0,0,0,0,0,0,0,0,0,0,0,0,0,0,0,0,0,0,0,0.6221
2021A00054817860,35,652,0,0,0,0,0,0,0,0,0,0,1,1,0,0,2,3,2,3,70.9393
2021A00054817865,0,0,0,0,0,0,0,0,0,0,0,0,0,0,0,0,0,0,0,0,1.2323
2021A00054818002,120,1551,0,0,1,30,0,0,0,0,1,70,3,66,0,0,5,139,5,139,12.2649
2021A00054818015,289,2641,0,0,1,15,1,15,0,0,4,175,2,2,0,0,26,232,26,232,32925.5319
2021A00054818018,189,2804,0,0,1,6,0,0,0,0,0,0,1,14,0,0,7,56,7,56,9.1699
2021A00054818816,6,78,0,0,0,0,0,0,0,0,0,0,0,0,0,0,0,0,0,0,148.7177
2021A00054818818,0,0,0,0,0,0,0,0,0,0,0,0,0,0,0,0,0,0,0,0,8.7687
2021A00054819006,1071,12845,2,23,5,91,7,152,1,66,0,0,11,91,2,11,45,245,46,252,5790.5897
2021A00054819008,60,832,0,0,1,57,1,57,0,0,1,30,1,3,0,0,5,94,5,94,4.0295
2021A00054819009,236,2345,0,0,0,0,1,2,0,0,2,6,3,5,1,2,15,117,15,117,5.3828
2021A00054819011,103,605,1,2,0,0,0,0,0,0,0,0,1,1,0,0,7,10,7,10,4.7398
2021A00054819012,2968,43699,2,10,21,155,14,198,4,12,12,860,33,330,1,2,81,1818,85,1922,132.7068
2021A00054819014,299,2881,0,0,1,3,2,10,1,3,0,0,3,48,0,0,11,76,11,76,13.0129
2021A00054819038,529,8117,1,11,3,15,0,0,0,0,0,0,4,10,0,0,19,237,19,237,25.3423
2021A00054819041,31,149,0,0,1,6,0,0,0,0,0,0,0,0,0,0,8,17,8,17,2834.1835
2021A00054819042,23,324,0,0,0,0,0,0,0,0,0,0,0,0,0,0,3,13,3,13,3.5768
2021A00054819044,29,115,0,0,0,0,0,0,0,0,0,0,0,0,0,0,4,7,4,7,1.2564
2021A00054819046,0,0,0,0,0,0,0,0,0,0,0,0,0,0,0,0,0,0,0,0,2.8266
2021A00054819048,40,156,0,0,0,0,0,0,0,0,0,0,0,0,0,0,6,12,6,12,0.6581
2021A00054819049,54,278,0,0,0,0,0,0,0,0,0,0,0,0,0,0,9,15,9,15,2848.7465
2021A00054819054,0,0,0,0,0,0,0,0,0,0,0,0,0,0,0,0,0,0,0,0,679.8649
2021A00054819056,67,648,0,0,0,0,0,0,0,0,0,0,0,0,0,0,6,11,6,11,1.8514
2021A00054819058,127,1108,0,0,0,0,0,0,0,0,0,0,1,8,0,0,11,39,11,39,3.1123
2021A00054819059,110,753,0,0,0,0,0,0,0,0,1,6,2,28,0,0,15,71,15,71,5827.704
2021A00054819066,20,92,0,0,0,0,0,0,0,0,0,0,0,0,0,0,3,4,3,4,1373.6573
2021A00054819068,261,3200,0,0,0,0,0,0,0,0,1,7,2,2,0,0,14,38,14,38,10.6738
2021A00054819071,6,82,0,0,0,0,0,0,0,0,0,0,0,0,0,0,0,0,0,0,847.2169
2021A00054819072,30,146,0,0,0,0,0,0,0,0,0,0,0,0,0,0,5,8,5,8,1.5738
2021A00054819074,182,2303,0,0,0,0,0,0,0,0,1,3,1,1,0,0,10,45,10,45,7.0841
2021A00054819815,1,3,0,0,0,0,0,0,0,0,0,0,0,0,0,0,0,0,0,0,14.4673
2021A00054819826,0,0,0,0,0,0,0,0,0,0,0,0,0,0,0,0,0,0,0,0,20.1246
2021A00055901003,53,1953,0,0,0,0,0,0,0,0,0,0,1,23,0,0,0,0,1,23,108.121
2021A00055901006,108,2373,1,20,0,0,0,0,0,0,0,0,2,13,0,0,2,21,3,33,191.2959
2021A00055901012,340,4168,0,0,4,21,2,7,0,0,2,6,0,0,0,0,9,31,9,31,15.1082
2021A00055901017,57,862,0,0,1,1,0,0,0,0,1,2,0,0,0,0,2,3,2,3,4598.8762
2021A00055901019,49,838,0,0,1,2,1,5,0,0,4,312,0,0,0,0,10,326,10,326,2781.1528
2021A00055901022,897,14312,3,32,7,38,5,95,1,3,6,70,6,113,0,0,30,263,32,353,31.9707
2021A00055901028,233,2964,0,0,3,10,0,0,0,0,0,0,1,3,0,0,6,26,6,26,60.5082
2021A00055901035,194,1521,0,0,1,7,2,8,0,0,4,11,1,7,0,0,17,45,18,52,4528.6525
2021A00055901037,50,358,0,0,1,2,0,0,0,0,0,0,0,0,0,0,6,39,6,39,4254.4425
2021A00055901039,290,3607,0,0,4,27,1,7,0,0,2,18,1,7,0,0,15,65,16,72,10.7482
2021A00055901040,59,1195,0,0,1,3,0,0,0,0,1,263,1,8,0,0,6,298,6,298,6.3379
2021A00055901043,26,282,0,0,0,0,0,0,0,0,2,64,0,0,0,0,2,64,2,64,11.0663
2021A00055901046,158,2203,1,1,1,1,2,8,0,0,0,0,1,7,0,0,5,14,6,21,6091.9125
2021A00055901048,50,354,1,2,0,0,1,2,0,0,4,51,0,0,0,0,9,63,9,63,4656.389
2021A00055901801,11,73,0,0,0,0,0,0,0,0,1,6,0,0,0,0,2,8,2,8,41.7374
2021A00055901802,0,0,0,0,0,0,0,0,0,0,0,0,0,0,0,0,0,0,0,0,2.6275
2021A00055901803,0,0,0,0,0,0,0,0,0,0,0,0,0,0,0,0,0,0,0,0,74.0194
2021A00055901804,8,76,0,0,0,0,0,0,0,0,0,0,0,0,0,0,0,0,0,0,36.0165
2021A00055901805,0,0,0,0,0,0,0,0,0,0,0,0,0,0,0,0,0,0,0,0,0.6179
2021A00055901806,15,583,0,0,0,0,1,2,0,0,1,2,0,0,0,0,2,67,2,67,11.1407
2021A00055901808,7,899,0,0,0,0,0,0,0,0,0,0,0,0,0,0,0,0,0,0,1.3567
2021A00055903004,277,3626,0,0,2,59,0,0,0,0,2,36,0,0,0,0,18,162,18,162,8.4055
2021A00055903010,74,681,0,0,1,1,1,1,0,0,3,117,0,0,0,0,11,128,11,128,1689.1173
2021A00055903011,61,819,0,0,2,4,0,0,0,0,2,83,0,0,0,0,6,89,6,89,2.4442
2021A00055903013,135,877,0,0,3,22,1,5,0,0,6,104,0,0,0,0,28,200,28,200,1615.0993
2021A00055903015,693,10672,0,0,11,63,4,25,0,0,4,28,1,7,0,0,29,149,30,156,11.9338
2021A00055903017,39,321,0,0,2,6,1,3,1,3,0,0,1,3,0,0,12,69,12,69,740.2522
2021A00055903019,14,94,0,0,0,0,0,0,0,0,0,0,0,0,0,0,1,1,1,1,0.7757
2021A00055903023,84,784,0,0,3,25,2,12,0,0,1,5,0,0,0,0,7,53,7,53,3.0079
2021A00055903027,23,105,0,0,0,0,0,0,0,0,1,7,0,0,0,0,1,7,1,7,0.3541
2021A00055903032,34,446,0,0,0,0,0,0,0,0,0,0,0,0,0,0,0,0,0,0,0.8702
2021A00055903039,22,294,0,0,0,0,0,0,0,0,1,6,0,0,0,0,4,10,4,10,5781.1125
2021A00055903041,101,791,1,3,3,6,2,4,0,0,0,0,0,0,0,0,8,52,8,52,807.9861
2021A00055903043,90,574,0,0,0,0,0,0,0,0,0,0,0,0,0,0,1,5,1,5,404.3806
2021A00055903045,322,5361,0,0,2,5,3,6,1,3,1,57,1,3,0,0,8,159,8,159,19.8709
2021A00055903047,12,96,0,0,0,0,0,0,0,0,1,3,0,0,0,0,2,4,2,4,1509.144
2021A00055903050,149,2619,0,0,0,0,1,12,0,0,3,62,0,0,0,0,6,66,6,66,8.0376
2021A00055903052,135,1140,0,0,3,10,2,12,0,0,4,91,2,5,1,9,17,131,18,134,3288.2027
2021A00055903056,56,723,0,0,0,0,0,0,0,0,3,267,0,0,0,0,5,269,5,269,109.4822
2021A00055903058,58,1232,0,0,0,0,2,6,1,3,1,1,1,3,0,0,3,67,4,70,1693.0669
2021A00055903060,23,193,0,0,0,0,0,0,0,0,0,0,0,0,0,0,3,4,3,4,4377.0096
2021A00055903807,2,110,0,0,0,0,0,0,0,0,0,0,0,0,0,0,0,0,0,0,7.5454
2021A00055905005,49,583,0,0,0,0,0,0,0,0,0,0,0,0,0,0,1,62,1,62,2.7019
2021A00055905009,16,116,0,0,0,0,0,0,0,0,0,0,0,0,0,0,1,9,1,9,1.4616
2021A00055905014,351,6353,0,0,4,24,1,6,1,6,0,0,3,529,0,0,10,580,10,580,34.9039
2021A00055905018,24,284,0,0,0,0,0,0,0,0,0,0,0,0,0,0,0,0,0,0,1.8863
2021A00055905023,177,2400,0,0,2,12,1,6,1,6,1,3,1,6,0,0,7,30,7,30,59.7186
2021A00055905026,34,406,0,0,0,0,0,0,0,0,1,3,0,0,0,0,2,6,2,6,238.1809
2021A00055905030,36,488,0,0,1,3,1,3,0,0,0,0,1,3,0,0,2,20,3,23,776.3125
2021A00055905032,188,3519,2,34,3,69,4,104,0,0,3,103,3,146,0,0,10,221,12,291,10.3741
2021A00055905037,25,475,0,0,0,0,0,0,0,0,1,57,0,0,0,0,2,60,2,60,12.2311
2021A00055905042,20,204,0,0,0,0,0,0,0,0,1,2,0,0,0,0,1,2,1,2,2.419
2021A00055905050,70,422,1,3,3,18,1,12,1,12,0,0,1,12,0,0,8,27,8,27,529.5747
2021A00055905052,83,632,0,0,0,0,1,1,0,0,1,1,0,0,0,0,10,45,10,45,2117.8515
2021A00055905054,77,587,0,0,1,2,1,5,0,0,2,10,0,0,0,0,13,29,13,29,4293.1423
2021A00055907005,245,3667,1,1,3,9,1,1,0,0,2,3,0,0,0,0,32,130,32,130,8.4088
2021A00055907009,62,614,0,0,0,0,0,0,0,0,0,0,0,0,0,0,10,62,10,62,2.093
2021A00055907014,230,3451,1,12,3,21,2,15,1,3,0,0,1,3,0,0,31,223,31,223,5.4899
2021A00055907022,107,605,1,2,1,2,1,2,0,0,0,0,0,0,0,0,34,140,34,140,258.0377
2021A00055907024,103,1635,0,0,0,0,0,0,0,0,1,34,0,0,0,0,8,47,8,47,59.2806
2021A00055907026,79,992,1,32,1,32,0,0,0,0,1,5,0,0,0,0,37,280,37,280,238.7832
2021A00055907028,199,2622,1,3,2,6,2,6,1,3,1,3,1,3,0,0,70,392,70,392,444.7466
2021A00055907035,500,4342,6,18,11,108,8,89,1,3,1,3,4,46,0,0,71,463,74,508,74.0408
2021A00055907041,1622,23385,10,204,25,251,12,252,1,3,6,341,6,56,2,111,95,1263,99,1311,43.0259
2021A00055907047,136,1207,2,75,5,91,3,18,0,0,2,16,0,0,0,0,26,139,26,139,583.9268
2021A00055907048,67,417,0,0,0,0,0,0,0,0,0,0,0,0,0,0,6,14,6,14,344.3611
2021A00055907049,90,726,0,0,2,37,0,0,0,0,0,0,0,0,0,0,21,120,21,120,491.9045
2021A00055907051,62,330,0,0,0,0,0,0,0,0,0,0,0,0,0,0,4,16,4,16,568.8617
2021A00055907053,64,520,0,0,0,0,0,0,0,0,0,0,0,0,0,0,24,113,24,113,2110.6768
2021A00055907055,37,521,0,0,0,0,0,0,0,0,2,123,0,0,0,0,4,128,4,128,4757.2169
2021A00055907801,0,0,0,0,0,0,0,0,0,0,0,0,0,0,0,0,0,0,0,0,12.9762
2021A00055907802,19,261,0,0,0,0,0,0,0,0,1,2,0,0,0,0,2,3,2,3,130.3378
2021A00055907803,25,418,0,0,2,10,2,16,0,0,2,19,1,15,0,0,4,29,5,44,194.5453
2021A00055907805,0,0,0,0,0,0,0,0,0,0,0,0,0,0,0,0,0,0,0,0,16.9791
2021A00055907806,0,0,0,0,0,0,0,0,0,0,0,0,0,0,0,0,0,0,0,0,1.5793
2021A00055907807,3,41,0,0,0,0,0,0,0,0,0,0,0,0,0,0,1,2,1,2,21.3765
2021A00055907808,0,0,0,0,0,0,0,0,0,0,0,0,0,0,0,0,0,0,0,0,1.8797
2021A00055907809,0,0,0,0,0,0,0,0,0,0,0,0,0,0,0,0,0,0,0,0,35.9074
2021A00055907850,0,0,0,0,0,0,0,0,0,0,0,0,0,0,0,0,0,0,0,0,0.2051
2021A00055909009,202,3472,0,0,4,22,0,0,0,0,1,1,1,2,0,0,9,89,9,89,40.8706
2021A00055909014,18,126,0,0,0,0,0,0,0,0,0,0,0,0,0,0,0,0,0,0,2325.0643
2021A00055909016,14,90,0,0,0,0,0,0,0,0,1,1,0,0,0,0,3,11,3,11,3085.2173
2021A00055909020,3137,43569,15,376,51,1014,35,528,2,14,26,605,10,137,2,30,329,3525,334,3803,261.3431
2021A00055909027,57,822,0,0,0,0,0,0,0,0,0,0,0,0,0,0,1,1,1,1,5.485
2021A00055909032,214,2780,1,59,4,79,4,81,0,0,2,41,2,5,1,4,35,245,37,263,168.5891
2021A00055909034,56,508,0,0,0,0,0,0,0,0,1,3,0,0,0,0,3,10,3,10,219.3788
2021A00055909035,103,1907,0,0,0,0,0,0,0,0,1,13,1,3,0,0,9,41,9,41,109.0123
2021A00055909036,32,272,0,0,0,0,0,0,0,0,0,0,0,0,0,0,1,5,1,5,640.2882
2021A00055909048,20,188,0,0,0,0,0,0,0,0,0,0,0,0,0,0,0,0,0,0,3662.7339
2021A00055909052,6352,83757,19,357,74,1414,62,1234,9,30,50,1149,33,859,4,108,608,7346,627,8232,375.3312
2021A00055909056,1005,12222,4,156,19,269,13,216,5,38,14,74,7,55,0,0,56,545,57,548,226.9838
2021A00055909060,56,344,0,0,0,0,0,0,0,0,0,0,0,0,0,0,13,29,13,29,2015.0612
2021A00055909062,72,743,0,0,0,0,1,3,1,3,0,0,0,0,0,0,37,185,37,185,96.8102
2021A00055909804,0,0,0,0,0,0,0,0,0,0,0,0,0,0,0,0,0,0,0,0,5.4369
2021A00055909805,0,0,0,0,0,0,0,0,0,0,0,0,0,0,0,0,0,0,0,0,2.0191
2021A00055909806,0,0,0,0,0,0,0,0,0,0,0,0,0,0,0,0,0,0,0,0,1.4834
2021A00055909807,0,0,0,0,0,0,0,0,0,0,0,0,0,0,0,0,0,0,0,0,1.7282
2021A00055909808,2,10,0,0,0,0,0,0,0,0,0,0,0,0,0,0,0,0,0,0,2.371
2021A00055909809,0,0,0,0,0,0,0,0,0,0,0,0,0,0,0,0,0,0,0,0,0.3722
2021A00055909810,0,0,0,0,0,0,0,0,0,0,0,0,0,0,0,0,0,0,0,0,0.6501
2021A00055909812,0,0,0,0,0,0,0,0,0,0,0,0,0,0,0,0,0,0,0,0,0.8834
2021A00055909814,0,0,0,0,0,0,0,0,0,0,0,0,0,0,0,0,0,0,0,0,0.4998
2021A00055909815,1,7,0,0,0,0,0,0,0,0,0,0,0,0,0,0,0,0,0,0,1.6665
2021A00055909816,1,7,0,0,0,0,0,0,0,0,0,0,0,0,0,0,0,0,0,0,1.3358
2021A00055909817,2,38,0,0,0,0,0,0,0,0,0,0,0,0,0,0,0,0,0,0,0.3975
2021A00055909818,0,0,0,0,0,0,0,0,0,0,0,0,0,0,0,0,0,0,0,0,0.1006
2021A00055909819,0,0,0,0,0,0,0,0,0,0,0,0,0,0,0,0,0,0,0,0,0.2161
2021A00055909821,1,7,0,0,0,0,0,0,0,0,0,0,0,0,0,0,0,0,0,0,0.7164
2021A00055909824,0,0,0,0,0,0,0,0,0,0,0,0,0,0,0,0,0,0,0,0,1.1607
2021A00055909825,0,0,0,0,0,0,0,0,0,0,0,0,0,0,0,0,0,0,0,0,1.3548
2021A00055909826,1,35,0,0,0,0,0,0,0,0,0,0,0,0,0,0,0,0,0,0,2.5866
2021A00055909827,0,0,0,0,0,0,0,0,0,0,0,0,0,0,0,0,0,0,0,0,4.5657
2021A00055909830,51,759,0,0,0,0,0,0,0,0,1,13,0,0,0,0,3,17,3,17,2.6434
2021A00055909831,1,7,0,0,0,0,0,0,0,0,0,0,0,0,0,0,0,0,0,0,0.2074
2021A00055909832,0,0,0,0,0,0,0,0,0,0,0,0,0,0,0,0,0,0,0,0,16.6077
2021A00055909833,0,0,0,0,0,0,0,0,0,0,0,0,0,0,0,0,0,0,0,0,0.8664
2021A00055909834,0,0,0,0,0,0,0,0,0,0,0,0,0,0,0,0,0,0,0,0,1.0395
2021A00055909835,0,0,0,0,0,0,0,0,0,0,0,0,0,0,0,0,0,0,0,0,0.2088
2021A00055909836,0,0,0,0,0,0,0,0,0,0,0,0,0,0,0,0,0,0,0,0,0.3978
2021A00055909837,2,90,0,0,0,0,0,0,0,0,0,0,0,0,0,0,0,0,0,0,3.4982
2021A00055909838,0,0,0,0,0,0,0,0,0,0,0,0,0,0,0,0,0,0,0,0,0.9632
2021A00055909839,2,153,0,0,0,0,0,0,0,0,0,0,0,0,0,0,0,0,0,0,8.4971
2021A00055909841,0,0,0,0,0,0,0,0,0,0,0,0,0,0,0,0,0,0,0,0,0.511
2021A00055909842,0,0,0,0,0,0,0,0,0,0,0,0,0,0,0,0,0,0,0,0,3.8068
2021A00055909843,0,0,0,0,0,0,0,0,0,0,0,0,0,0,0,0,0,0,0,0,1.1475
2021A00055909844,0,0,0,0,0,0,0,0,0,0,0,0,0,0,0,0,0,0,0,0,1.4458
2021A00055909845,0,0,0,0,0,0,0,0,0,0,0,0,0,0,0,0,0,0,0,0,2.1601
2021A00055909847,0,0,0,0,0,0,0,0,0,0,0,0,0,0,0,0,0,0,0,0,0.3806
2021A00055909848,0,0,0,0,0,0,0,0,0,0,0,0,0,0,0,0,0,0,0,0,0.0034
2021A00055909850,0,0,0,0,0,0,0,0,0,0,0,0,0,0,0,0,0,0,0,0,0.8594
2021A00055909851,1,7,0,0,0,0,0,0,0,0,0,0,0,0,0,0,0,0,0,0,0.1792
2021A00055909852,0,0,0,0,0,0,0,0,0,0,0,0,0,0,0,0,0,0,0,0,0.2459
2021A00055909856,0,0,0,0,0,0,0,0,0,0,0,0,0,0,0,0,0,0,0,0,0.4799
2021A00055909875,0,0,0,0,0,0,0,0,0,0,0,0,0,0,0,0,0,0,0,0,0.3086
2021A00055909876,0,0,0,0,0,0,0,0,0,0,0,0,0,0,0,0,0,0,0,0,0.8186
2021A00055909877,11,177,0,0,0,0,0,0,0,0,0,0,0,0,0,0,2,5,2,5,2.564
2021A00055909878,0,0,0,0,0,0,0,0,0,0,0,0,0,0,0,0,0,0,0,0,1.3578
2021A00055909879,0,0,0,0,0,0,0,0,0,0,0,0,0,0,0,0,0,0,0,0,1.3058
2021A00055909880,11,133,0,0,0,0,0,0,0,0,0,0,0,0,0,0,2,34,2,34,0.4049
2021A00055909881,2,38,0,0,0,0,0,0,0,0,0,0,0,0,0,0,0,0,0,0,0.7203
2021A00055909882,1,35,0,0,0,0,0,0,0,0,0,0,0,0,0,0,0,0,0,0,1.5822
2021A00055909883,0,0,0,0,0,0,0,0,0,0,0,0,0,0,0,0,0,0,0,0,0.3545
2021A00055909884,6,90,0,0,0,0,0,0,0,0,0,0,0,0,0,0,1,2,1,2,0.7156
2021A00055909885,2,153,0,0,0,0,0,0,0,0,0,0,0,0,0,0,0,0,0,0,1.3487
2021A00055915001,5417,82348,32,1014,98,2164,84,1387,14,222,33,613,48,824,5,141,382,5546,404,6147,307.2193
2021A00055915002,1062,16373,7,59,18,187,13,214,0,0,9,45,5,98,2,61,56,562,61,660,10.1796
2021A00055915004,19943,230393,78,1455,277,3868,197,4119,23,290,164,2543,112,1688,17,598,797,9749,870,11941,316.1071
2021A00055915007,634,6721,3,30,6,37,2,27,0,0,2,18,0,0,0,0,15,69,15,69,5.1736
2021A00055915011,4176,69248,29,754,94,2559,58,1783,8,259,22,729,32,732,4,77,269,6680,285,7191,179.6628
2021A00055915015,9526,142335,36,1456,150,4082,66,1693,10,190,55,1174,42,709,3,43,453,8623,464,9199,128.8718
2021A00055915020,342,7096,2,85,7,154,2,6,0,0,0,0,3,13,0,0,12,169,12,169,815.2061
2021A00055915022,32572,556446,50,461,292,3556,96,885,10,44,58,545,87,605,4,15,764,7341,783,7584,115.1756
2021A00055915025,8962,165618,34,1095,161,3296,67,841,5,24,34,503,60,1287,3,15,339,6025,363,6436,90.5678
2021A00055915029,2051,33314,1,1,19,532,13,68,0,0,9,57,4,35,0,0,58,986,62,1022,15.6194
2021A00055915034,4265,56617,20,172,59,1032,31,474,5,80,15,87,15,353,2,12,134,1585,142,1859,122.1535
2021A00055915036,21,99,0,0,0,0,0,0,0,0,0,0,0,0,0,0,0,0,0,0,5.5027
2021A00055915038,105,1070,0,0,1,3,2,10,1,3,1,3,3,12,0,0,3,8,4,15,27.5283
2021A00055915039,2081,33234,15,196,62,1361,37,1039,5,99,12,178,19,477,4,36,116,1934,125,2302,29.164
2021A00055915043,1053,11472,1,2,9,147,4,45,1,26,2,6,4,48,0,0,22,177,24,195,25.8503
2021A00055915046,3473,36338,8,149,33,409,21,294,3,27,19,166,12,380,1,5,95,1041,98,1074,160.6647
2021A00055915051,2592,35165,6,34,28,261,7,27,1,12,5,25,8,83,1,2,72,488,72,488,11.8298
2021A00055915055,2097,19068,1,3,11,25,5,8,0,0,7,43,2,3,0,0,34,114,34,114,87.18
2021A00055915062,204,1516,0,0,3,12,1,1,0,0,0,0,1,7,0,0,9,24,9,24,50.1235
2021A00055915065,49,347,0,0,0,0,0,0,0,0,0,0,0,0,0,0,0,0,0,0,2.532
2021A00055915070,585,7902,2,23,11,105,4,41,0,0,7,289,1,2,0,0,59,931,60,946,86.3411
2021A00055915075,2420,29453,10,101,41,526,33,438,8,119,25,235,15,252,2,16,128,1430,134,1569,267.8161
2021A00055915801,12,96,0,0,0,0,0,0,0,0,0,0,0,0,0,0,0,0,0,0,1.3222
2021A00055915802,176,3871,0,0,0,0,0,0,0,0,0,0,0,0,0,0,2,3,2,3,6.5719
2021A00055915803,43,731,0,0,1,2,0,0,0,0,0,0,1,2,0,0,1,2,1,2,1.8398
2021A00055915804,1,15,0,0,0,0,0,0,0,0,0,0,0,0,0,0,0,0,0,0,0.8096
2021A00055915805,0,0,0,0,0,0,0,0,0,0,0,0,0,0,0,0,0,0,0,0,0.031
2021A00055915806,52,527,0,0,1,4,0,0,0,0,0,0,1,4,0,0,2,5,2,5,1.1176
2021A00055915807,17,171,1,6,1,6,1,6,0,0,0,0,0,0,0,0,2,7,2,7,0.2767
2021A00055915808,218,5114,0,0,1,2,2,5,0,0,0,0,0,0,0,0,3,7,3,7,1.7163
2021A00055915809,0,0,0,0,0,0,0,0,0,0,0,0,0,0,0,0,0,0,0,0,0.5841
2021A00055915810,0,0,0,0,0,0,0,0,0,0,0,0,0,0,0,0,0,0,0,0,0.5331
2021A00055915811,30,534,0,0,1,6,1,6,1,6,0,0,1,6,0,0,4,55,4,55,0.4861
2021A00055915813,0,0,0,0,0,0,0,0,0,0,0,0,0,0,0,0,0,0,0,0,0.3074
2021A00055915816,0,0,0,0,0,0,0,0,0,0,0,0,0,0,0,0,0,0,0,0,1.7796
2021A00055915825,0,0,0,0,0,0,0,0,0,0,0,0,0,0,0,0,0,0,0,0,0.2756
2021A00055915830,4,168,0,0,0,0,0,0,0,0,0,0,0,0,0,0,0,0,0,0,0.4241
2021A00055915840,0,0,0,0,0,0,0,0,0,0,0,0,0,0,0,0,0,0,0,0,0.3862
2021A00055917005,402,4353,1,7,8,402,3,34,1,12,1,7,3,29,0,0,26,451,27,466,37.1604
2021A00055917010,533,7238,5,74,16,268,8,90,1,3,3,13,4,56,0,0,32,474,34,512,5.1052
2021A00055917015,722,12134,4,357,13,512,8,254,3,21,8,236,7,77,0,0,61,853,62,888,41.2047
2021A00055917021,3475,48093,10,80,29,186,12,68,3,18,9,87,6,40,0,0,98,494,99,497,103.5861
2021A00055917027,517,5155,1,3,14,66,4,8,1,3,1,3,3,12,0,0,43,181,43,181,182.9422
2021A00055917029,204,1851,1,1,1,4,0,0,0,0,1,7,0,0,0,0,9,28,9,28,191.0754
2021A00055917030,669,5536,2,4,3,12,0,0,0,0,2,6,0,0,0,0,11,39,11,39,10.5199
2021A00055917034,4726,80107,10,85,54,477,22,143,3,23,13,105,18,184,1,5,136,1079,143,1160,19.4539
2021A00055917040,341,5111,1,3,8,127,1,75,0,0,0,0,2,13,0,0,18,93,19,168,7.0792
2021A00055917041,394,5207,0,0,1,3,1,3,1,3,0,0,1,3,0,0,5,59,5,59,17.6604
2021A00055917042,206,1666,0,0,3,14,3,14,2,9,1,6,2,9,0,0,11,30,11,30,69.5677
2021A00055917044,1218,20316,4,67,14,128,9,82,2,9,5,66,4,14,0,0,41,352,41,352,41.4315
2021A00055917047,289,5009,0,0,3,73,3,40,0,0,0,0,2,47,0,0,6,78,7,85,14.3326
2021A00055917049,83,565,0,0,0,0,0,0,0,0,1,7,0,0,0,0,1,7,1,7,38.0106
2021A00055917052,361,3245,0,0,5,43,0,0,0,0,0,0,1,1,0,0,16,75,16,75,56.5959
2021A00055917054,120,848,0,0,3,9,1,3,1,3,1,1,3,7,0,0,8,17,8,17,221.4759
2021A00055917056,5,15,0,0,0,0,0,0,0,0,0,0,0,0,0,0,0,0,0,0,1267.7202
2021A00055917801,3,81,0,0,0,0,0,0,0,0,0,0,0,0,0,0,0,0,0,0,2.8179
2021A00055917802,0,0,0,0,0,0,0,0,0,0,0,0,0,0,0,0,0,0,0,0,0.2894
2021A00055917803,14,114,0,0,0,0,0,0,0,0,0,0,0,0,0,0,0,0,0,0,2.6038
2021A00055917804,14,277,0,0,1,3,1,3,1,3,0,0,1,3,0,0,1,3,1,3,2.0887
2021A00055917805,0,0,0,0,0,0,0,0,0,0,0,0,0,0,0,0,0,0,0,0,0.2418
2021A00055917809,4,44,0,0,0,0,0,0,0,0,0,0,0,0,0,0,0,0,0,0,2.6356
2021A00055917811,10,258,0,0,0,0,0,0,0,0,0,0,0,0,0,0,0,0,0,0,0.2165
2021A00055917812,14,202,0,0,0,0,0,0,0,0,0,0,0,0,0,0,1,6,1,6,0.71
2021A00055917815,5,87,0,0,0,0,0,0,0,0,0,0,0,0,0,0,0,0,0,0,0.9504
2021A00055917819,1,3,0,0,0,0,0,0,0,0,0,0,0,0,0,0,0,0,0,0,0.7472
2021A00055919008,869,13348,8,32,12,159,14,211,1,111,19,259,7,200,0,0,64,778,68,862,195.4118
2021A00055919012,452,5619,0,0,4,17,1,35,0,0,1,16,1,35,0,0,10,54,11,89,2.0646
2021A00055919013,115,1273,0,0,2,15,0,0,0,0,1,57,0,0,0,0,8,93,8,93,15.5296
2021A00055919015,55,301,0,0,0,0,0,0,0,0,0,0,0,0,0,0,1,10,1,10,286.9032
2021A00055919016,99,1089,0,0,0,0,0,0,0,0,2,17,0,0,0,0,6,35,6,35,8.2412
2021A00055919017,91,1056,0,0,1,7,0,0,0,0,1,27,0,0,0,0,12,66,12,66,83.0168
2021A00055919021,205,3066,0,0,2,10,2,5,1,3,4,298,1,3,0,0,8,305,8,305,12.0423
2021A00055919033,22,166,0,0,0,0,0,0,0,0,0,0,0,0,0,0,0,0,0,0,1791.8779
2021A00055919035,12,76,0,0,1,6,1,6,1,6,0,0,1,6,0,0,1,6,1,6,505.5063
2021A00055919043,191,2079,1,1,1,4,0,0,0,0,2,6,1,3,0,0,18,41,18,41,49.2065
2021A00055919046,258,2608,1,9,5,12,2,3,0,0,5,28,0,0,0,0,23,94,23,94,306.078
2021A00055919049,196,1936,1,3,4,29,5,42,1,12,9,168,1,12,0,0,26,254,26,254,22.5668
2021A00055919051,241,3227,1,3,5,121,2,152,1,111,4,64,3,137,1,41,40,414,40,414,134.7764
2021A00055919801,12,88,0,0,0,0,0,0,0,0,0,0,0,0,0,0,3,31,3,31,1.1994
2021A00055919802,0,0,0,0,0,0,0,0,0,0,0,0,0,0,0,0,0,0,0,0,0.3291
2021A00055919803,0,0,0,0,0,0,0,0,0,0,0,0,0,0,0,0,0,0,0,0,0.1257
2021A00055919804,1,35,0,0,0,0,0,0,0,0,0,0,0,0,0,0,0,0,0,0,11.7156
2021A00055919808,0,0,0,0,0,0,0,0,0,0,0,0,0,0,0,0,0,0,0,0,0.2179
2021A00055919809,0,0,0,0,0,0,0,0,0,0,0,0,0,0,0,0,0,0,0,0,9.1202
2021A00055919811,0,0,0,0,0,0,0,0,0,0,0,0,0,0,0,0,0,0,0,0,0.4011
2021A00055919812,7,37,0,0,0,0,0,0,0,0,1,6,0,0,0,0,1,6,1,6,0.4253
2021A00055919813,0,0,0,0,0,0,0,0,0,0,0,0,0,0,0,0,0,0,0,0,7.5658
2021A00055919814,0,0,0,0,0,0,0,0,0,0,0,0,0,0,0,0,0,0,0,0,0.5704
2021A00055919815,1,75,0,0,0,0,0,0,0,0,0,0,0,0,0,0,0,0,0,0,2.4529
2021A00055919816,12,447,0,0,0,0,0,0,0,0,0,0,0,0,0,0,1,2,1,2,1.2282
2021A00055919817,0,0,0,0,0,0,0,0,0,0,0,0,0,0,0,0,0,0,0,0,0.0195
2021A00055919818,0,0,0,0,0,0,0,0,0,0,0,0,0,0,0,0,0,0,0,0,0.3388
2021A00055919820,0,0,0,0,0,0,0,0,0,0,0,0,0,0,0,0,0,0,0,0,0.3247
2021A00055919821,0,0,0,0,0,0,0,0,0,0,0,0,0,0,0,0,0,0,0,0,0.0745
2021A00055919822,68,2341,0,0,3,47,0,0,0,0,1,13,0,0,0,0,7,87,7,87,23.1509
2021A00055921007,3266,49220,6,19,23,138,17,146,0,0,17,391,13,186,1,3,88,957,97,1079,90.4488
2021A00055921008,188,1591,1,2,2,4,2,2,0,0,4,25,0,0,0,0,10,41,10,41,27.6768
2021A00055921010,263,3652,1,111,4,44,5,51,0,0,2,6,2,10,0,0,24,223,26,265,60.1814
2021A00055921014,108,784,0,0,0,0,0,0,0,0,0,0,0,0,0,0,3,12,3,12,58.0159
2021A00055921016,154,1346,0,0,1,12,2,19,1,12,1,22,2,13,0,0,10,64,10,64,1097.7703
2021A00055921018,494,7791,0,0,3,52,3,33,1,26,5,30,1,26,0,0,13,119,13,119,14.5205
2021A00055921023,318,2725,0,0,1,1,1,1,0,0,0,0,0,0,0,0,9,37,9,37,17.9785
2021A00055921030,190,1222,0,0,3,16,2,3,0,0,0,0,0,0,0,0,14,46,14,46,74.8329
2021A00055921032,331,3302,4,28,9,43,5,25,1,3,7,98,2,4,1,4,45,393,46,396,264.109
2021A00055921034,181,1103,0,0,2,5,2,2,0,0,2,16,0,0,0,0,13,56,13,56,49.3111
2021A00055921036,114,650,0,0,2,3,1,1,0,0,1,3,0,0,0,0,10,58,10,58,277.1381
2021A00055921804,7,276,0,0,0,0,0,0,0,0,1,2,0,0,0,0,1,2,1,2,0.2019
2021A00055921805,1,35,0,0,0,0,0,0,0,0,0,0,0,0,0,0,0,0,0,0,0.7052
2021A00055921806,2,42,0,0,0,0,0,0,0,0,0,0,0,0,0,0,0,0,0,0,0.7434
2021A00055921807,2,6,0,0,0,0,0,0,0,0,0,0,0,0,0,0,0,0,0,0,2.2927
2021A00055923008,563,9927,2,31,8,91,4,64,0,0,4,222,1,1,0,0,28,675,28,675,19.657
2021A00055923019,150,1915,0,0,1,13,0,0,0,0,0,0,0,0,0,0,5,100,5,100,6.4798
2021A00055923025,191,3381,0,0,3,19,0,0,0,0,1,1,0,0,0,0,10,143,10,143,10.557
2021A00055923033,15,85,0,0,0,0,0,0,0,0,0,0,0,0,0,0,5,18,5,18,92.2182
2021A00055923035,66,482,1,2,1,2,1,1,0,0,1,1,0,0,0,0,6,20,6,20,1398.8909
2021A00055923037,67,361,0,0,1,2,1,2,0,0,3,7,0,0,0,0,4,9,4,9,21.9129
2021A00055923039,57,519,0,0,1,1,0,0,0,0,2,4,0,0,0,0,4,6,4,6,186.53
2021A00055923047,2,150,0,0,0,0,0,0,0,0,0,0,0,0,0,0,0,0,0,0,1619.7727
2021A00055923049,38,382,0,0,0,0,1,2,0,0,2,4,0,0,0,0,5,8,5,8,3199.2695
2021A00055923801,1,35,0,0,0,0,0,0,0,0,0,0,0,0,0,0,0,0,0,0,0.4076
2021A00055923802,0,0,0,0,0,0,0,0,0,0,0,0,0,0,0,0,0,0,0,0,0.546
2021A00055923803,12,224,0,0,0,0,0,0,0,0,0,0,0,0,0,0,1,15,1,15,0.9276
2021A00055923804,0,0,0,0,0,0,0,0,0,0,0,0,0,0,0,0,0,0,0,0,0.0971
2021A00055923805,0,0,0,0,0,0,0,0,0,0,0,0,0,0,0,0,0,0,0,0,2.2965
2021A00055923806,0,0,0,0,0,0,0,0,0,0,0,0,0,0,0,0,0,0,0,0,1.5514
2021A00055923807,6,102,0,0,0,0,0,0,0,0,0,0,0,0,0,0,0,0,0,0,0.6761
2021A00055923808,3,188,0,0,0,0,0,0,0,0,0,0,0,0,0,0,0,0,0,0,1.7966
2021A00055923809,0,0,0,0,0,0,0,0,0,0,0,0,0,0,0,0,0,0,0,0,6.6918
2021A00055923810,0,0,0,0,0,0,0,0,0,0,0,0,0,0,0,0,0,0,0,0,0.4317
2021A00055923813,0,0,0,0,0,0,0,0,0,0,0,0,0,0,0,0,0,0,0,0,0.7205
2021A00055923814,0,0,0,0,0,0,0,0,0,0,0,0,0,0,0,0,0,0,0,0,0.069
2021A00055923816,11,520,0,0,0,0,0,0,0,0,0,0,0,0,0,0,0,0,0,0,4.0102
2021A00055923822,0,0,0,0,0,0,0,0,0,0,0,0,0,0,0,0,0,0,0,0,1.1738
2021A00055923823,0,0,0,0,0,0,0,0,0,0,0,0,0,0,0,0,0,0,0,0,0.0961
2021A00055923824,0,0,0,0,0,0,0,0,0,0,0,0,0,0,0,0,0,0,0,0,0.1668
2021A00055923825,0,0,0,0,0,0,0,0,0,0,0,0,0,0,0,0,0,0,0,0,0.1383
2021A00055924025,38,940,0,0,1,2,1,2,0,0,2,2,0,0,0,0,4,331,4,331,10.9152
2021A00055924029,8,120,0,0,0,0,0,0,0,0,0,0,0,0,0,0,0,0,0,0,1.5488
2021A00055924030,9,203,0,0,0,0,0,0,0,0,0,0,0,0,0,0,1,4,1,4,5.2617
2021A00055924034,1355,20031,0,0,8,73,5,79,3,44,13,61,7,54,1,20,63,1164,65,1180,144.3782
2021A00055924039,22,222,0,0,1,1,1,1,0,0,2,5,0,0,0,0,3,6,3,6,4.4408
2021A00055924042,109,651,0,0,2,10,1,1,0,0,1,1,0,0,0,0,9,41,9,41,1584.0722
2021A00055924048,13,171,0,0,1,9,0,0,0,0,0,0,0,0,0,0,3,46,3,46,7111.0117
2021A00055924052,31,441,0,0,0,0,0,0,0,0,0,0,0,0,0,0,2,4,2,4,135.553
2021A00055924054,87,1091,1,12,1,12,1,12,0,0,3,11,0,0,0,0,11,113,11,113,9229.0323
2021A00055924803,0,0,0,0,0,0,0,0,0,0,0,0,0,0,0,0,0,0,0,0,0.1848
2021A00055924804,33,701,0,0,0,0,0,0,0,0,0,0,0,0,0,0,2,16,2,16,1.0156
2021A00055924805,0,0,0,0,0,0,0,0,0,0,0,0,0,0,0,0,0,0,0,0,0.2376
2021A00055924806,6,178,0,0,0,0,0,0,0,0,0,0,0,0,0,0,1,10,1,10,0.1354
2021A00055924812,16,220,0,0,0,0,0,0,0,0,0,0,0,0,0,0,3,7,3,7,1.4067
2021A00055924813,0,0,0,0,0,0,0,0,0,0,0,0,0,0,0,0,0,0,0,0,0.5478
2021A00055924814,0,0,0,0,0,0,0,0,0,0,0,0,0,0,0,0,0,0,0,0,0.8145
2021A00055924817,4,12,0,0,0,0,0,0,0,0,0,0,0,0,0,0,1,2,1,2,4.9423
2021A00055924818,0,0,0,0,0,0,0,0,0,0,0,0,0,0,0,0,0,0,0,0,0.1706
2021A00055924820,2,10,0,0,0,0,0,0,0,0,0,0,0,0,0,0,1,3,1,3,2.6262
2021A00055924833,0,0,0,0,0,0,0,0,0,0,0,0,0,0,0,0,0,0,0,0,0.1236
2021A00055924835,0,0,0,0,0,0,0,0,0,0,0,0,0,0,0,0,0,0,0,0,1.8301
2021A00055924836,0,0,0,0,0,0,0,0,0,0,0,0,0,0,0,0,0,0,0,0,0.2311
2021A00055924840,6,110,0,0,0,0,0,0,0,0,0,0,0,0,0,0,0,0,0,0,0.7768
2021A00055924843,0,0,0,0,0,0,0,0,0,0,0,0,0,0,0,0,0,0,0,0,2.401
2021A00055926005,424,3862,0,0,4,25,1,3,0,0,1,1,0,0,0,0,15,77,16,80,16.8686
2021A00055926010,1126,18632,1,7,6,55,3,9,0,0,9,89,2,9,0,0,37,219,37,219,32.4176
2021A00055926014,130,1780,0,0,1,13,0,0,0,0,2,33,1,2,0,0,8,69,8,69,29.0385
2021A00055926021,212,1854,0,0,2,6,0,0,0,0,3,5,0,0,0,0,30,242,30,242,491.3426
2021A00055926022,246,1762,0,0,2,4,2,4,1,3,7,64,1,3,0,0,27,108,27,108,54.0836
2021A00055926024,290,2110,1,3,2,4,4,8,0,0,9,33,0,0,0,0,43,166,43,166,1071.8604
2021A00055926801,2,18,0,0,0,0,0,0,0,0,0,0,0,0,0,0,0,0,0,0,0.5821
2021A00055926802,0,0,0,0,0,0,0,0,0,0,0,0,0,0,0,0,0,0,0,0,0.834
2021A00055927008,688,7489,0,0,4,24,2,7,0,0,9,43,0,0,0,0,35,163,35,163,28.905
2021A00055927010,17,159,0,0,0,0,0,0,0,0,0,0,0,0,0,0,0,0,0,0,3886.8915
2021A00055927012,3,49,0,0,0,0,0,0,0,0,0,0,0,0,0,0,0,0,0,0,128.6053
2021A00055927016,0,0,0,0,0,0,0,0,0,0,0,0,0,0,0,0,0,0,0,0,642.0461
2021A00055927018,26,166,0,0,0,0,0,0,0,0,1,2,1,3,0,0,3,20,3,20,299.7457
2021A00055927020,14,54,0,0,0,0,0,0,0,0,0,0,0,0,0,0,2,6,2,6,73.3176
2021A00055927802,17,302,0,0,0,0,0,0,0,0,1,5,0,0,0,0,2,12,2,12,8.1364
2021A00055927806,0,0,0,0,0,0,0,0,0,0,0,0,0,0,0,0,0,0,0,0,0.2426
2021A00055929005,281,3785,1,6,3,25,2,12,1,6,3,6,2,10,0,0,15,84,15,84,4.313
2021A00055929011,490,5378,0,0,4,22,0,0,0,0,2,5,0,0,0,0,16,63,16,63,39.018
2021A00055929018,109,1027,0,0,1,1,1,1,0,0,2,2,0,0,0,0,11,65,11,65,1898.0179
2021A00055929022,108,735,0,0,1,2,0,0,0,0,3,5,1,32,0,0,7,188,7,188,1269.4489
2021A00055929024,129,767,0,0,4,14,2,4,0,0,2,8,0,0,0,0,16,42,16,42,143.3591
2021A00055929026,94,586,0,0,1,3,0,0,0,0,1,1,0,0,0,0,5,26,5,26,21.6023
2021A00055929028,66,889,0,0,2,16,1,3,1,3,1,7,1,3,0,0,5,86,5,86,380.7496
2021A00055929801,0,0,0,0,0,0,0,0,0,0,0,0,0,0,0,0,0,0,0,0,0.1299
2021A00055929803,0,0,0,0,0,0,0,0,0,0,0,0,0,0,0,0,0,0,0,0,10.7924
2021A00055931006,723,10044,4,20,13,116,6,69,2,58,8,78,3,61,0,0,33,229,33,229,104.7075
2021A00055931012,284,2847,0,0,4,16,0,0,0,0,2,4,0,0,0,0,15,57,15,57,61.3552
2021A00055931017,34,649,0,0,0,0,0,0,0,0,2,25,0,0,0,0,4,31,4,31,5513.216
2021A00055931020,870,15351,0,0,10,77,4,14,0,0,1,3,2,9,0,0,20,128,21,135,239.9956
2021A00055931021,205,1715,0,0,0,0,1,3,0,0,0,0,1,2,0,0,3,7,4,10,3040.2017
2021A00055931026,129,2014,0,0,1,6,0,0,0,0,1,3,1,3,0,0,8,27,8,27,27.6331
2021A00055931032,13,91,0,0,0,0,0,0,0,0,1,1,0,0,0,0,1,1,1,1,3712.3797
2021A00055931034,0,0,0,0,0,0,0,0,0,0,0,0,0,0,0,0,0,0,0,0,3463.8807
2021A00055931801,76,532,0,0,3,7,0,0,0,0,1,27,1,2,0,0,6,38,6,38,18.8149
2021A00055931802,0,0,0,0,0,0,0,0,0,0,0,0,0,0,0,0,0,0,0,0,0.2408
2021A00055931806,6,98,0,0,0,0,0,0,0,0,0,0,0,0,0,0,0,0,0,0,0.0286
2021A00055931807,0,0,0,0,0,0,0,0,0,0,0,0,0,0,0,0,0,0,0,0,0.2568
2021A00055931808,0,0,0,0,0,0,0,0,0,0,0,0,0,0,0,0,0,0,0,0,0.1718
2021A00055931809,0,0,0,0,0,0,0,0,0,0,0,0,0,0,0,0,0,0,0,0,0.0244
2021A00055931812,0,0,0,0,0,0,0,0,0,0,0,0,0,0,0,0,0,0,0,0,4.7443
2021A00055931813,0,0,0,0,0,0,0,0,0,0,0,0,0,0,0,0,0,0,0,0,39.0196
2021A00055931814,0,0,0,0,0,0,0,0,0,0,0,0,0,0,0,0,0,0,0,0,1.5757
2021A00055931815,0,0,0,0,0,0,0,0,0,0,0,0,0,0,0,0,0,0,0,0,2.5423
2021A00055931816,0,0,0,0,0,0,0,0,0,0,0,0,0,0,0,0,0,0,0,0,1.3777
2021A00055931817,0,0,0,0,0,0,0,0,0,0,0,0,0,0,0,0,0,0,0,0,2.8387
2021A00055931818,0,0,0,0,0,0,0,0,0,0,0,0,0,0,0,0,0,0,0,0,0.972
2021A00055931819,0,0,0,0,0,0,0,0,0,0,0,0,0,0,0,0,0,0,0,0,0.2238
2021A00055931820,0,0,0,0,0,0,0,0,0,0,0,0,0,0,0,0,0,0,0,0,0.2966
2021A00055931821,0,0,0,0,0,0,0,0,0,0,0,0,0,0,0,0,0,0,0,0,3.782
2021A00055931822,0,0,0,0,0,0,0,0,0,0,0,0,0,0,0,0,0,0,0,0,0.2265
2021A00055931823,0,0,0,0,0,0,0,0,0,0,0,0,0,0,0,0,0,0,0,0,1.8137
2021A00055931824,0,0,0,0,0,0,0,0,0,0,0,0,0,0,0,0,0,0,0,0,0.0164
2021A00055931825,0,0,0,0,0,0,0,0,0,0,0,0,0,0,0,0,0,0,0,0,0.2515
2021A00055931826,5,159,0,0,0,0,0,0,0,0,0,0,0,0,0,0,0,0,0,0,0.3699
2021A00055931827,0,0,0,0,0,0,0,0,0,0,0,0,0,0,0,0,0,0,0,0,5.6004
2021A00055931828,0,0,0,0,0,0,0,0,0,0,0,0,0,0,0,0,0,0,0,0,3.1299
2021A00055931829,1,3,0,0,0,0,0,0,0,0,0,0,0,0,0,0,0,0,0,0,9.4154
2021A00055931831,0,0,0,0,0,0,0,0,0,0,0,0,0,0,0,0,0,0,0,0,7.0049
2021A00055931832,3,21,0,0,0,0,0,0,0,0,0,0,0,0,0,0,1,1,1,1,0.8795
2021A00055931833,0,0,0,0,0,0,0,0,0,0,0,0,0,0,0,0,0,0,0,0,0.26
2021A00055931834,0,0,0,0,0,0,0,0,0,0,0,0,0,0,0,0,0,0,0,0,0.2315
2021A00055931842,0,0,0,0,0,0,0,0,0,0,0,0,0,0,0,0,0,0,0,0,0.8513
2021A00055931843,0,0,0,0,0,0,0,0,0,0,0,0,0,0,0,0,0,0,0,0,24.0461
2021A00055931844,12,124,0,0,0,0,0,0,0,0,0,0,0,0,0,0,0,0,0,0,1.9665
2021A00055933006,265,5072,2,13,6,29,7,33,1,3,7,235,2,6,1,2,19,281,20,284,26.043
2021A00055933008,45,490,0,0,0,0,0,0,0,0,0,0,0,0,0,0,3,68,3,68,3845.2978
2021A00055933012,6,30,0,0,0,0,0,0,0,0,0,0,0,0,0,0,1,1,1,1,2341.5791
2021A00055933015,36,887,0,0,0,0,0,0,0,0,0,0,0,0,0,0,1,1,1,1,6.729
2021A00055933019,64,1375,1,1,0,0,1,1,0,0,1,72,0,0,0,0,7,122,7,122,50.863
2021A00055933024,52,460,0,0,0,0,0,0,0,0,0,0,1,7,0,0,4,18,4,18,10.3976
2021A00055933028,41,323,0,0,0,0,0,0,0,0,2,7,0,0,0,0,4,11,4,11,8.1435
2021A00055933032,13,75,0,0,0,0,0,0,0,0,0,0,0,0,0,0,1,2,1,2,6625.5023
2021A00055933035,44,1059,0,0,1,2,1,2,0,0,0,0,1,1,0,0,3,6,4,7,324.2761
2021A00055933037,13,87,0,0,0,0,0,0,0,0,0,0,0,0,0,0,1,1,1,1,5736.5261
2021A00055933039,77,1273,0,0,0,0,0,0,0,0,0,0,1,1,0,0,8,174,9,175,3285.5569
2021A00055933042,3368,49670,7,76,19,248,17,302,1,3,14,282,15,207,4,27,112,1351,119,1485,297.9262
2021A00055933044,60,419,0,0,1,1,0,0,0,0,0,0,0,0,0,0,5,16,5,16,1546.5565
2021A00055933045,62,1104,0,0,0,0,0,0,0,0,1,1,0,0,0,0,3,6,3,6,40.8525
2021A00055933054,96,1255,0,0,1,2,1,15,0,0,3,119,0,0,0,0,6,142,6,142,3.7528
2021A00055933060,101,539,0,0,2,6,2,6,1,3,1,1,2,6,0,0,14,45,15,48,1912.9404
2021A00055933067,112,1739,1,5,1,1,2,6,0,0,3,22,0,0,1,5,8,33,8,33,55.6508
2021A00055933068,54,222,0,0,0,0,0,0,0,0,4,11,0,0,0,0,6,15,6,15,7085.6577
2021A00055933070,13,306,0,0,0,0,0,0,0,0,0,0,0,0,0,0,0,0,0,0,5126.199
2021A00055933072,26,170,0,0,0,0,0,0,0,0,0,0,0,0,0,0,5,14,5,14,5381.161
2021A00055933074,77,1138,0,0,0,0,0,0,0,0,3,85,0,0,0,0,4,101,4,101,10.7272
2021A00055933801,5,27,0,0,0,0,0,0,0,0,0,0,0,0,0,0,0,0,0,0,18.349
2021A00055933802,0,0,0,0,0,0,0,0,0,0,0,0,0,0,0,0,0,0,0,0,94.502
2021A00055933803,0,0,0,0,0,0,0,0,0,0,0,0,0,0,0,0,0,0,0,0,0.8083
2021A00055933805,0,0,0,0,0,0,0,0,0,0,0,0,0,0,0,0,0,0,0,0,1.3022
2021A00055933806,4,28,0,0,0,0,0,0,0,0,0,0,0,0,0,0,1,10,1,10,11.3223
2021A00055933807,5,210,0,0,0,0,0,0,0,0,0,0,0,0,0,0,0,0,0,0,45.9744
2021A00055933808,1,15,0,0,0,0,0,0,0,0,0,0,0,0,0,0,0,0,0,0,7.3045
2021A00055933809,0,0,0,0,0,0,0,0,0,0,0,0,0,0,0,0,0,0,0,0,5.6464
2021A00055933810,0,0,0,0,0,0,0,0,0,0,0,0,0,0,0,0,0,0,0,0,0.1759
2021A00055933811,0,0,0,0,0,0,0,0,0,0,0,0,0,0,0,0,0,0,0,0,2.1068
2021A00055933812,1,75,0,0,0,0,0,0,0,0,0,0,0,0,0,0,0,0,0,0,7.0606
2021A00055933813,0,0,0,0,0,0,0,0,0,0,0,0,0,0,0,0,0,0,0,0,1.6589
2021A00055933814,2,10,0,0,0,0,0,0,0,0,0,0,0,0,0,0,1,3,1,3,0.7046
2021A00055933817,5,15,0,0,0,0,0,0,0,0,0,0,0,0,0,0,1,3,1,3,79.918
2021A00055933819,0,0,0,0,0,0,0,0,0,0,0,0,0,0,0,0,0,0,0,0,13.4522
2021A00055933821,0,0,0,0,0,0,0,0,0,0,0,0,0,0,0,0,0,0,0,0,15.7573
2021A00055933823,0,0,0,0,0,0,0,0,0,0,0,0,0,0,0,0,0,0,0,0,0.1221
2021A00055933824,0,0,0,0,0,0,0,0,0,0,0,0,0,0,0,0,0,0,0,0,0.1865
2021A00055933825,0,0,0,0,0,0,0,0,0,0,0,0,0,0,0,0,0,0,0,0,0.6894
2021A00055933828,0,0,0,0,0,0,0,0,0,0,0,0,0,0,0,0,0,0,0,0,4.2932
2021A00055933829,0,0,0,0,0,0,0,0,0,0,0,0,0,0,0,0,0,0,0,0,0.1187
2021A00055933831,0,0,0,0,0,0,0,0,0,0,0,0,0,0,0,0,0,0,0,0,1.2055
2021A00055933832,0,0,0,0,0,0,0,0,0,0,0,0,0,0,0,0,0,0,0,0,0.2272
2021A00055933833,0,0,0,0,0,0,0,0,0,0,0,0,0,0,0,0,0,0,0,0,4.325
2021A00055933834,0,0,0,0,0,0,0,0,0,0,0,0,0,0,0,0,0,0,0,0,0.1538
2021A00055933836,0,0,0,0,0,0,0,0,0,0,0,0,0,0,0,0,0,0,0,0,8.3774
2021A00055933837,0,0,0,0,0,0,0,0,0,0,0,0,0,0,0,0,0,0,0,0,1.932
2021A00055933839,0,0,0,0,0,0,0,0,0,0,0,0,0,0,0,0,0,0,0,0,1.6226
2021A00055933840,0,0,0,0,0,0,0,0,0,0,0,0,0,0,0,0,0,0,0,0,1.2544
2021A00055933841,0,0,0,0,0,0,0,0,0,0,0,0,0,0,0,0,0,0,0,0,1.5156
2021A00055933842,0,0,0,0,0,0,0,0,0,0,0,0,0,0,0,0,0,0,0,0,0.7336
2021A00055933844,0,0,0,0,0,0,0,0,0,0,0,0,0,0,0,0,0,0,0,0,1.3995
2021A00055933845,0,0,0,0,0,0,0,0,0,0,0,0,0,0,0,0,0,0,0,0,13.6516
2021A00055933846,0,0,0,0,0,0,0,0,0,0,0,0,0,0,0,0,0,0,0,0,4.3539
2021A00055933848,0,0,0,0,0,0,0,0,0,0,0,0,0,0,0,0,0,0,0,0,0.6078
2021A00055933849,0,0,0,0,0,0,0,0,0,0,0,0,0,0,0,0,0,0,0,0,0.6216
2021A00055933850,0,0,0,0,0,0,0,0,0,0,0,0,0,0,0,0,0,0,0,0,1.0487
2021A00055933851,0,0,0,0,0,0,0,0,0,0,0,0,0,0,0,0,0,0,0,0,0.6747
2021A00055933852,0,0,0,0,0,0,0,0,0,0,0,0,0,0,0,0,0,0,0,0,0.1489
2021A00055933853,0,0,0,0,0,0,0,0,0,0,0,0,0,0,0,0,0,0,0,0,1.841
2021A00055933854,0,0,0,0,0,0,0,0,0,0,0,0,0,0,0,0,0,0,0,0,0.5535
2021A00055933855,0,0,0,0,0,0,0,0,0,0,0,0,0,0,0,0,0,0,0,0,0.4721
2021A00055933857,0,0,0,0,0,0,0,0,0,0,0,0,0,0,0,0,0,0,0,0,19.0032
2021A00055933858,0,0,0,0,0,0,0,0,0,0,0,0,0,0,0,0,0,0,0,0,1.5972
2021A00055933859,2,6,0,0,0,0,0,0,0,0,0,0,0,0,0,0,0,0,0,0,25.5218
2021A00055933861,0,0,0,0,0,0,0,0,0,0,0,0,0,0,0,0,0,0,0,0,0.8131
2021A00055933865,0,0,0,0,0,0,0,0,0,0,0,0,0,0,0,0,0,0,0,0,0.1289
2021A00055933866,0,0,0,0,0,0,0,0,0,0,0,0,0,0,0,0,0,0,0,0,0.9798
2021A00055933868,0,0,0,0,0,0,0,0,0,0,0,0,0,0,0,0,0,0,0,0,1.775
2021A00055933870,0,0,0,0,0,0,0,0,0,0,0,0,0,0,0,0,0,0,0,0,1.1597
2021A00055933872,0,0,0,0,0,0,0,0,0,0,0,0,0,0,0,0,0,0,0,0,2.842
2021A00055933873,0,0,0,0,0,0,0,0,0,0,0,0,0,0,0,0,0,0,0,0,2.5262
2021A00055933874,0,0,0,0,0,0,0,0,0,0,0,0,0,0,0,0,0,0,0,0,0.5578
2021A00055933875,0,0,0,0,0,0,0,0,0,0,0,0,0,0,0,0,0,0,0,0,9.0119
2021A00055933876,2,38,0,0,0,0,0,0,0,0,0,0,0,0,0,0,0,0,0,0,2.8977
2021A00055933877,10,50,0,0,0,0,0,0,0,0,0,0,0,0,0,0,0,0,0,0,5.0267
2021A00055933878,0,0,0,0,0,0,0,0,0,0,0,0,0,0,0,0,0,0,0,0,1.1565
2021A00055933879,0,0,0,0,0,0,0,0,0,0,0,0,0,0,0,0,0,0,0,0,0.2511
2021A00055933880,288,5806,1,16,3,49,4,50,0,0,4,45,2,39,1,20,17,235,17,235,136.7272
2021A00055933881,7,65,0,0,0,0,0,0,0,0,0,0,0,0,0,0,1,3,1,3,0.2259
2021A00055933882,0,0,0,0,0,0,0,0,0,0,0,0,0,0,0,0,0,0,0,0,1.159
2021A00055933884,1,150,0,0,0,0,0,0,0,0,0,0,0,0,0,0,0,0,0,0,13.4068
2021A00055933886,0,0,0,0,0,0,0,0,0,0,0,0,0,0,0,0,0,0,0,0,0.0218
2021A00055933887,0,0,0,0,0,0,0,0,0,0,0,0,0,0,0,0,0,0,0,0,12.7986
2021A00055933888,0,0,0,0,0,0,0,0,0,0,0,0,0,0,0,0,0,0,0,0,0.0322
2021A00055933889,0,0,0,0,0,0,0,0,0,0,0,0,0,0,0,0,0,0,0,0,0.3132
2021A00055933892,0,0,0,0,0,0,0,0,0,0,0,0,0,0,0,0,0,0,0,0,0.9914
2021A00055933893,0,0,0,0,0,0,0,0,0,0,0,0,0,0,0,0,0,0,0,0,0.1083
2021A00055933895,0,0,0,0,0,0,0,0,0,0,0,0,0,0,0,0,0,0,0,0,0.0357
2021A00055933896,0,0,0,0,0,0,0,0,0,0,0,0,0,0,0,0,0,0,0,0,0.1396
2021A00055933897,0,0,0,0,0,0,0,0,0,0,0,0,0,0,0,0,0,0,0,0,0.031
2021A00055933898,4,48,0,0,1,3,0,0,0,0,0,0,0,0,0,0,1,3,1,3,24.7251
2021A00055933899,0,0,0,0,0,0,0,0,0,0,0,0,0,0,0,0,0,0,0,0,0.758
2021A00055935010,6491,93392,10,79,70,772,37,514,9,117,28,557,30,430,2,33,292,3431,306,3728,211.8491
2021A00055935012,133,1884,0,0,2,4,1,2,0,0,1,3,0,0,0,0,15,324,15,324,1245.0801
2021A00055935016,514,4894,2,17,9,51,4,15,2,8,4,23,3,9,0,0,50,332,51,347,122.1632
2021A00055935018,167,1652,0,0,1,2,0,0,0,0,0,0,1,2,0,0,5,34,5,34,16.0986
2021A00055935020,64,324,0,0,0,0,0,0,0,0,0,0,0,0,0,0,2,3,2,3,1173.0978
2021A00055935029,1077,11716,1,2,19,115,8,83,2,37,11,360,12,137,0,0,67,784,71,828,122.0886
2021A00055935801,31,784,0,0,1,75,1,75,0,0,0,0,1,75,0,0,4,57,5,132,2.0103
2021A00055935802,235,4262,0,0,2,6,0,0,0,0,0,0,0,0,0,0,7,73,7,73,6.7576
2021A00055935803,51,588,0,0,1,2,0,0,0,0,0,0,1,2,0,0,1,2,1,2,3.3078
2021A00055937005,86,1156,1,2,1,8,1,35,0,0,1,1,1,35,0,0,7,15,8,50,5.9334
2021A00055937010,338,3807,0,0,1,41,2,22,0,0,5,361,0,0,0,0,21,522,21,522,66.5735
2021A00055937014,1948,26473,8,94,25,222,11,65,1,3,10,65,3,40,0,0,85,645,86,680,96.4285
2021A00055937017,121,1689,0,0,1,2,3,7,0,0,4,84,0,0,0,0,13,168,13,168,487.7976
2021A00055937021,151,837,0,0,2,7,0,0,0,0,1,1,0,0,0,0,11,48,11,48,300.1383
2021A00055937022,79,473,0,0,0,0,0,0,0,0,4,20,0,0,0,0,12,96,12,96,1790.9785
2021A00055937023,22,126,0,0,1,1,0,0,0,0,1,4,0,0,0,0,2,5,2,5,2604.0488
2021A00055937024,254,3909,2,6,6,59,10,124,1,26,6,318,4,91,0,0,64,1185,67,1250,254.9172
2021A00055937028,194,2543,2,14,2,13,2,16,0,0,1,5,1,1,0,0,13,64,13,64,5.2185
2021A00055937033,136,1300,1,3,0,0,0,0,0,0,1,3,0,0,0,0,14,62,14,62,4.2626
2021A00055937041,145,1107,0,0,1,7,1,7,0,0,4,88,1,7,0,0,29,254,30,261,1767.2854
2021A00055937801,27,336,0,0,0,0,1,1,0,0,1,1,0,0,0,0,3,10,3,10,89.7919
2021A00055937802,7,177,0,0,0,0,0,0,0,0,1,10,0,0,0,0,1,10,1,10,22.9906
2021A00055937803,1,3,0,0,0,0,0,0,0,0,0,0,0,0,0,0,0,0,0,0,0.3581
2021A00055937805,0,0,0,0,0,0,0,0,0,0,0,0,0,0,0,0,0,0,0,0,0.5087
2021A00055939007,275,3886,0,0,1,6,0,0,0,0,0,0,0,0,0,0,2,9,2,9,11.3255
2021A00055939011,105,1046,0,0,0,0,0,0,0,0,2,64,0,0,0,0,6,84,6,84,13434.8558
2021A00055939019,410,4974,0,0,7,27,2,2,0,0,4,270,0,0,0,0,20,342,20,342,41.28
2021A00055939023,83,1256,0,0,1,1,1,1,0,0,1,3,0,0,0,0,3,6,3,6,9763.8005
2021A00055939032,871,12525,3,21,16,241,14,227,4,48,7,21,10,143,0,0,61,922,65,1010,155.1886
2021A00055939037,266,1998,1,7,1,2,1,1,0,0,2,2,1,1,1,7,21,62,21,62,506.1015
2021A00055939039,103,661,0,0,2,8,2,4,0,0,5,10,1,3,0,0,15,38,16,41,693.6727
2021A00055939043,32,256,0,0,1,5,1,5,0,0,3,35,0,0,0,0,7,53,7,53,1530.0291
2021A00055939044,74,506,0,0,0,0,0,0,0,0,1,7,0,0,0,0,3,11,3,11,2652.0547
2021A00055939045,112,1276,1,3,2,11,1,1,0,0,1,1,0,0,0,0,5,28,6,31,12.7964
2021A00055939801,3,33,0,0,0,0,0,0,0,0,0,0,0,0,0,0,1,15,1,15,2.7737
2021A00055939802,0,0,0,0,0,0,0,0,0,0,0,0,0,0,0,0,0,0,0,0,9.1409
2021A00055939803,2,22,0,0,0,0,0,0,0,0,1,6,0,0,0,0,1,6,1,6,3.6578
2021A00055939804,2,42,0,0,0,0,0,0,0,0,0,0,0,0,0,0,0,0,0,0,17.7374
2021A00055939805,8,362,0,0,0,0,0,0,0,0,1,2,0,0,0,0,1,2,1,2,17.0962
2021A00055939806,0,0,0,0,0,0,0,0,0,0,0,0,0,0,0,0,0,0,0,0,16.1316
2021A00055939807,0,0,0,0,0,0,0,0,0,0,0,0,0,0,0,0,0,0,0,0,7.9427
2021A00055939808,12,172,0,0,0,0,0,0,0,0,0,0,0,0,0,0,1,17,1,17,5.4415
2021A00055939811,7,69,0,0,0,0,0,0,0,0,0,0,0,0,0,0,0,0,0,0,4.7927
2021A00055941005,20,180,0,0,0,0,0,0,0,0,0,0,0,0,0,0,0,0,0,0,53.0116
2021A00055941009,645,10613,0,0,7,63,4,58,1,3,11,229,4,12,0,0,31,671,32,674,33.1202
2021A00055941010,90,1982,0,0,1,1,3,9,0,0,6,380,5,22,0,0,15,409,17,417,849.5374
2021A00055941012,80,456,0,0,0,0,0,0,0,0,1,1,0,0,0,0,3,5,3,5,1745.1848
2021A00055941013,459,8975,0,0,2,7,2,4,0,0,6,319,1,3,0,0,14,827,15,830,35.3483
2021A00055941014,53,686,0,0,0,0,0,0,0,0,1,1,1,1,0,0,5,10,6,11,9740.2016
2021A00055941015,398,4525,1,7,3,15,3,15,2,8,6,284,3,11,0,0,26,377,26,377,2646.0347
2021A00055941016,12,48,0,0,0,0,0,0,0,0,0,0,0,0,0,0,1,1,1,1,2593.6782
2021A00055941017,123,525,0,0,3,8,3,7,2,6,4,4,2,6,0,0,16,47,16,47,1263.6899
2021A00055941019,172,1196,0,0,1,20,0,0,0,0,4,12,0,0,0,0,15,62,15,62,778.1176
2021A00055941021,102,985,0,0,0,0,2,13,0,0,6,303,1,3,0,0,11,330,12,333,1413.4709
2021A00055941025,12,76,0,0,0,0,0,0,0,0,0,0,0,0,0,0,0,0,0,0,158.0903
2021A00055941026,28,324,0,0,0,0,0,0,0,0,3,5,2,2,0,0,5,7,5,7,7377.4895
2021A00055941027,21,234,0,0,0,0,0,0,0,0,0,0,0,0,0,0,2,4,2,4,11915.9914
2021A00055941039,32,280,0,0,0,0,0,0,0,0,0,0,0,0,0,0,5,15,5,15,25880.0796
2021A00055941041,19,536,0,0,0,0,0,0,0,0,1,12,0,0,0,0,4,24,4,24,13629.5899
2021A00055941801,0,0,0,0,0,0,0,0,0,0,0,0,0,0,0,0,0,0,0,0,2.5878
2021A00055941802,10,118,0,0,0,0,0,0,0,0,0,0,0,0,0,0,1,2,1,2,17.2965
2021A00055941803,0,0,0,0,0,0,0,0,0,0,0,0,0,0,0,0,0,0,0,0,0.1286
2021A00055941804,0,0,0,0,0,0,0,0,0,0,0,0,0,0,0,0,0,0,0,0,28.032
2021A00055941805,0,0,0,0,0,0,0,0,0,0,0,0,0,0,0,0,0,0,0,0,15.6672
2021A00055941806,2,110,0,0,0,0,0,0,0,0,0,0,0,0,0,0,0,0,0,0,1.3618
2021A00055941807,0,0,0,0,0,0,0,0,0,0,0,0,0,0,0,0,0,0,0,0,2.1937
2021A00055941808,1,75,0,0,0,0,0,0,0,0,0,0,0,0,0,0,0,0,0,0,2.2813
2021A00055941809,0,0,0,0,0,0,0,0,0,0,0,0,0,0,0,0,0,0,0,0,5.4506
2021A00055941810,2,6,0,0,0,0,0,0,0,0,0,0,0,0,0,0,0,0,0,0,4.027
2021A00055941811,0,0,0,0,0,0,0,0,0,0,0,0,0,0,0,0,0,0,0,0,3.0652
2021A00055941812,5,99,0,0,0,0,0,0,0,0,0,0,0,0,0,0,1,1,1,1,16.5462
2021A00055941813,0,0,0,0,0,0,0,0,0,0,0,0,0,0,0,0,0,0,0,0,0.5642
2021A00055941817,0,0,0,0,0,0,0,0,0,0,0,0,0,0,0,0,0,0,0,0,1.642
2021A00055941818,0,0,0,0,0,0,0,0,0,0,0,0,0,0,0,0,0,0,0,0,0.3823
2021A00055941821,0,0,0,0,0,0,0,0,0,0,0,0,0,0,0,0,0,0,0,0,38.5898
2021A00055941827,0,0,0,0,0,0,0,0,0,0,0,0,0,0,0,0,0,0,0,0,4.6821
2021A00055941828,0,0,0,0,0,0,0,0,0,0,0,0,0,0,0,0,0,0,0,0,1.0049
2021A00055941829,0,0,0,0,0,0,0,0,0,0,0,0,0,0,0,0,0,0,0,0,6.788
2021A00055941831,0,0,0,0,0,0,0,0,0,0,0,0,0,0,0,0,0,0,0,0,2.0993
2021A00055941833,0,0,0,0,0,0,0,0,0,0,0,0,0,0,0,0,0,0,0,0,4.3962
2021A00055941835,0,0,0,0,0,0,0,0,0,0,0,0,0,0,0,0,0,0,0,0,0.6193
2021A00055941837,0,0,0,0,0,0,0,0,0,0,0,0,0,0,0,0,0,0,0,0,4.6594
2021A00055941838,0,0,0,0,0,0,0,0,0,0,0,0,0,0,0,0,0,0,0,0,0.2319
2021A00055941839,0,0,0,0,0,0,0,0,0,0,0,0,0,0,0,0,0,0,0,0,3.4471
2021A00055941840,17,151,0,0,0,0,0,0,0,0,0,0,0,0,0,0,3,6,3,6,4.1566
2021A00055941841,7,133,0,0,0,0,0,0,0,0,0,0,0,0,0,0,3,7,3,7,15.4751
2021A00055941844,0,0,0,0,0,0,0,0,0,0,0,0,0,0,0,0,0,0,0,0,1.1971
2021A00055941845,0,0,0,0,0,0,0,0,0,0,0,0,0,0,0,0,0,0,0,0,2.5562
2021A00055941848,0,0,0,0,0,0,0,0,0,0,0,0,0,0,0,0,0,0,0,0,3.6105
2021A00055941849,0,0,0,0,0,0,0,0,0,0,0,0,0,0,0,0,0,0,0,0,2.0648
2021A00055941850,6,86,0,0,0,0,1,10,0,0,1,10,0,0,0,0,2,13,2,13,22.4328
2021A00055941851,0,0,0,0,0,0,0,0,0,0,0,0,0,0,0,0,0,0,0,0,2.6355
2021A00055941852,0,0,0,0,0,0,0,0,0,0,0,0,0,0,0,0,0,0,0,0,0.9427
2021A00055941854,0,0,0,0,0,0,0,0,0,0,0,0,0,0,0,0,0,0,0,0,2.0129
2021A00055941855,0,0,0,0,0,0,0,0,0,0,0,0,0,0,0,0,0,0,0,0,0.0337
2021A00055941856,0,0,0,0,0,0,0,0,0,0,0,0,0,0,0,0,0,0,0,0,1.3155
2021A00055941861,0,0,0,0,0,0,0,0,0,0,0,0,0,0,0,0,0,0,0,0,1.2889
2021A00055941862,0,0,0,0,0,0,0,0,0,0,0,0,0,0,0,0,0,0,0,0,0.93
2021A00055941864,0,0,0,0,0,0,0,0,0,0,0,0,0,0,0,0,0,0,0,0,0.4883
2021A00055941866,0,0,0,0,0,0,0,0,0,0,0,0,0,0,0,0,0,0,0,0,3.8715
2021A00055941868,0,0,0,0,0,0,0,0,0,0,0,0,0,0,0,0,0,0,0,0,1.6815
2021A00055941871,1,3,0,0,0,0,0,0,0,0,0,0,0,0,0,0,0,0,0,0,0.2773
2021A00055941872,0,0,0,0,0,0,0,0,0,0,0,0,0,0,0,0,0,0,0,0,0.9644
2021A00055941873,0,0,0,0,0,0,0,0,0,0,0,0,0,0,0,0,0,0,0,0,1.2947
2021A00055941876,0,0,0,0,0,0,0,0,0,0,0,0,0,0,0,0,0,0,0,0,0.8935
2021A00055941879,0,0,0,0,0,0,0,0,0,0,0,0,0,0,0,0,0,0,0,0,0.0414
2021A00055941880,0,0,0,0,0,0,0,0,0,0,0,0,0,0,0,0,0,0,0,0,2.6351
2021A00055941881,0,0,0,0,0,0,0,0,0,0,0,0,0,0,0,0,0,0,0,0,0.2159
2021A00055941882,2,42,0,0,0,0,0,0,0,0,0,0,0,0,0,0,0,0,0,0,9.3074
2021A00055941883,0,0,0,0,0,0,0,0,0,0,0,0,0,0,0,0,0,0,0,0,4.188
2021A00055941884,0,0,0,0,0,0,0,0,0,0,0,0,0,0,0,0,0,0,0,0,2.0364
2021A00055941885,0,0,0,0,0,0,0,0,0,0,0,0,0,0,0,0,0,0,0,0,4.7069
2021A00055941886,0,0,0,0,0,0,0,0,0,0,0,0,0,0,0,0,0,0,0,0,0.1595
2021A00055943008,25,319,0,0,1,1,1,1,0,0,0,0,0,0,0,0,3,5,3,5,1.6923
2021A00055943012,97,1266,0,0,0,0,0,0,0,0,2,5,0,0,0,0,3,7,3,7,13.7675
2021A00055943017,16,331,0,0,0,0,0,0,0,0,1,42,0,0,0,0,1,42,1,42,7.0301
2021A00055943023,188,3356,0,0,0,0,0,0,0,0,3,5,1,7,0,0,14,191,14,191,38.5522
2021A00055943027,6,18,0,0,0,0,0,0,0,0,1,1,0,0,0,0,1,1,1,1,2579.5976
2021A00055943031,45,295,0,0,1,7,0,0,0,0,1,1,0,0,0,0,2,8,2,8,1505.0291
2021A00055943033,5,107,0,0,0,0,0,0,0,0,0,0,0,0,0,0,0,0,0,0,3331.0538
2021A00055943037,26,186,0,0,0,0,0,0,0,0,1,1,0,0,0,0,4,9,4,9,12666.4099
2021A00055943804,0,0,0,0,0,0,0,0,0,0,0,0,0,0,0,0,0,0,0,0,0.0481
2021A00055943806,0,0,0,0,0,0,0,0,0,0,0,0,0,0,0,0,0,0,0,0,0.5989
2021A00055943807,0,0,0,0,0,0,0,0,0,0,0,0,0,0,0,0,0,0,0,0,0.4177
2021A00055943808,2,10,0,0,0,0,0,0,0,0,0,0,0,0,0,0,0,0,0,0,0.3181
2021A00055943809,0,0,0,0,0,0,0,0,0,0,0,0,0,0,0,0,0,0,0,0,0.031
2021A00055943813,1,35,0,0,0,0,0,0,0,0,0,0,0,0,0,0,0,0,0,0,2.0478
2021A00055943815,2,90,0,0,0,0,0,0,0,0,0,0,0,0,0,0,1,12,1,12,0.1394
2021A00055943816,3,160,0,0,0,0,0,0,0,0,0,0,0,0,0,0,0,0,0,0,0.2416
2021A00055943817,0,0,0,0,0,0,0,0,0,0,0,0,0,0,0,0,0,0,0,0,0.1895
2021A00055943826,0,0,0,0,0,0,0,0,0,0,0,0,0,0,0,0,0,0,0,0,0.1299
2021A00055943835,0,0,0,0,0,0,0,0,0,0,0,0,0,0,0,0,0,0,0,0,0.0304
2021A00055943836,0,0,0,0,0,0,0,0,0,0,0,0,0,0,0,0,0,0,0,0,36.6499
2021A00055943837,0,0,0,0,0,0,0,0,0,0,0,0,0,0,0,0,0,0,0,0,2.4955
2021A00055945006,3,33,0,0,0,0,0,0,0,0,0,0,0,0,0,0,0,0,0,0,19779.2509
2021A00055945010,29,270,0,0,0,0,0,0,0,0,1,5,0,0,0,0,1,5,1,5,3963.651
2021A00055945012,5,63,0,0,0,0,0,0,0,0,0,0,0,0,0,0,0,0,0,0,304.2109
2021A00055945014,15,740,0,0,0,0,0,0,0,0,0,0,0,0,0,0,0,0,0,0,359.5281
2021A00055945801,14,401,0,0,0,0,0,0,0,0,0,0,0,0,0,0,1,8,1,8,5.8328
2021A00055945802,18,444,0,0,0,0,0,0,0,0,2,8,0,0,0,0,2,8,2,8,15.2153
2021A00055945803,1,3,0,0,0,0,0,0,0,0,0,0,0,0,0,0,0,0,0,0,6.0439
2021A00055947007,11,161,0,0,0,0,0,0,0,0,0,0,0,0,0,0,2,38,2,38,167.1555
2021A00055947012,455,8322,0,0,3,11,2,6,0,0,1,12,2,6,0,0,32,534,34,540,66.0033
2021A00055947016,0,0,0,0,0,0,0,0,0,0,0,0,0,0,0,0,0,0,0,0,2928.1639
2021A00055947021,2,6,0,0,0,0,0,0,0,0,1,1,0,0,0,0,1,1,1,1,6484.7797
2021A00055947023,39,1023,0,0,0,0,0,0,0,0,0,0,0,0,0,0,3,21,3,21,20.6897
2021A00055947026,0,0,0,0,0,0,0,0,0,0,0,0,0,0,0,0,0,0,0,0,35.5824
2021A00055947027,71,816,0,0,0,0,0,0,0,0,1,3,1,3,0,0,4,9,4,9,6418.0354
2021A00055947030,0,0,0,0,0,0,0,0,0,0,0,0,0,0,0,0,0,0,0,0,13.0738
2021A00055947032,35,413,0,0,0,0,0,0,0,0,2,17,0,0,0,0,3,27,3,27,3408.8451
2021A00055947802,0,0,0,0,0,0,0,0,0,0,0,0,0,0,0,0,0,0,0,0,0.5091
2021A00055947803,3,49,0,0,0,0,0,0,0,0,0,0,0,0,0,0,0,0,0,0,3.1581
2021A00055947804,32,395,0,0,0,0,0,0,0,0,1,1,0,0,0,0,1,1,1,1,5.1234
2021A00055947806,1,75,0,0,0,0,0,0,0,0,0,0,0,0,0,0,0,0,0,0,1.1383
2021A00055947807,1,150,0,0,0,0,0,0,0,0,0,0,0,0,0,0,0,0,0,0,15.0942
2021A00055947809,2,225,0,0,0,0,0,0,0,0,0,0,0,0,0,0,1,36,1,36,108.8369
2021A00055947810,0,0,0,0,0,0,0,0,0,0,0,0,0,0,0,0,0,0,0,0,33.4741
2021A00055947823,2,6,0,0,0,0,0,0,0,0,0,0,0,0,0,0,0,0,0,0,0.6406
2021A00055949005,226,4570,0,0,1,476,1,149,0,0,1,3,2,625,0,0,2,5,4,630,239.28
2021A00055949011,634,10684,1,2,2,16,2,5,1,3,10,168,1,3,1,2,19,205,19,205,57.3268
2021A00055949013,25,187,0,0,0,0,0,0,0,0,1,10,0,0,0,0,2,12,2,12,9635.7713
2021A00055949018,135,1205,0,0,0,0,1,7,0,0,4,6,2,8,0,0,8,23,9,30,16.4866
2021A00055949020,0,0,0,0,0,0,0,0,0,0,0,0,0,0,0,0,0,0,0,0,17986.6624
2021A00055949022,28,954,0,0,0,0,0,0,0,0,0,0,0,0,0,0,0,0,0,0,2.8855
2021A00055949024,28,268,0,0,0,0,0,0,0,0,0,0,0,0,0,0,0,0,0,0,24.3426
2021A00055949028,44,480,0,0,0,0,0,0,0,0,4,64,0,0,0,0,5,67,5,67,7382.1691
2021A00055949032,32,687,0,0,0,0,0,0,0,0,1,1,0,0,0,0,1,1,1,1,551.5683
2021A00055949035,16,761,0,0,0,0,0,0,0,0,2,3,0,0,0,0,3,8,3,8,2001.2492
2021A00055949038,18,1200,0,0,0,0,1,2,0,0,0,0,1,6,1,2,2,8,2,8,12956.4124
2021A00055949039,4,148,0,0,0,0,0,0,0,0,0,0,0,0,0,0,0,0,0,0,25253.6721
2021A00055949041,0,0,0,0,0,0,0,0,0,0,0,0,0,0,0,0,0,0,0,0,28105.9945
2021A00055949802,8,212,0,0,0,0,0,0,0,0,1,1,0,0,0,0,2,9,2,9,3.0861
2021A00055949803,3,172,0,0,0,0,0,0,0,0,0,0,0,0,0,0,0,0,0,0,1.5121
2021A00055949804,3,57,0,0,0,0,0,0,0,0,0,0,0,0,0,0,1,15,1,15,4.8565
2021A00055949805,0,0,0,0,0,0,0,0,0,0,0,0,0,0,0,0,0,0,0,0,2.5886
2021A00055949807,8,164,0,0,0,0,0,0,0,0,0,0,0,0,0,0,0,0,0,0,0.0714
2021A00055949810,0,0,0,0,0,0,0,0,0,0,0,0,0,0,0,0,0,0,0,0,1.4333
2021A00055949811,0,0,0,0,0,0,0,0,0,0,0,0,0,0,0,0,0,0,0,0,1.2648
2021A00055949812,6,126,0,0,0,0,0,0,0,0,0,0,0,0,0,0,0,0,0,0,10.4789
2021A00055949813,6,174,0,0,0,0,0,0,0,0,0,0,0,0,0,0,0,0,0,0,12.3069
2021A00055949814,4,88,0,0,0,0,0,0,0,0,0,0,0,0,0,0,0,0,0,0,10.98
2021A00055949815,4,88,0,0,0,0,0,0,0,0,0,0,0,0,0,0,0,0,0,0,5.0112
2021A00055949816,0,0,0,0,0,0,0,0,0,0,0,0,0,0,0,0,0,0,0,0,17.6239
2021A00055949817,6,341,0,0,0,0,0,0,0,0,0,0,0,0,0,0,0,0,0,0,5.7307
2021A00055949818,3,73,0,0,0,0,0,0,0,0,0,0,0,0,0,0,0,0,0,0,4.3981
2021A00055949819,5,19,0,0,0,0,0,0,0,0,0,0,0,0,0,0,2,6,2,6,1.1381
2021A00055949820,0,0,0,0,0,0,0,0,0,0,0,0,0,0,0,0,0,0,0,0,2.2288
2021A00055949832,3,97,0,0,0,0,0,0,0,0,0,0,0,0,0,0,0,0,0,0,0.5813
2021A00055949843,0,0,0,0,0,0,0,0,0,0,0,0,0,0,0,0,0,0,0,0,0.3101
2021A00055949844,1,35,0,0,0,0,0,0,0,0,0,0,0,0,0,0,0,0,0,0,4.7367
2021A00055949845,0,0,0,0,0,0,0,0,0,0,0,0,0,0,0,0,0,0,0,0,1.0541
2021A00055949846,0,0,0,0,0,0,0,0,0,0,0,0,0,0,0,0,0,0,0,0,1.5452
2021A00055949847,4,96,0,0,0,0,0,0,0,0,0,0,0,0,0,0,0,0,0,0,0.4914
2021A00055951007,288,3941,1,11,2,37,2,36,1,26,12,216,1,26,0,0,25,327,25,327,53.9276
2021A00055951009,0,0,0,0,0,0,0,0,0,0,0,0,0,0,0,0,0,0,0,0,4.0645
2021A00055951013,0,0,0,0,0,0,0,0,0,0,0,0,0,0,0,0,0,0,0,0,23.4524
2021A00055951015,0,0,0,0,0,0,0,0,0,0,0,0,0,0,0,0,0,0,0,0,25527.9887
2021A00055951017,17,139,0,0,0,0,0,0,0,0,2,4,0,0,0,0,2,4,2,4,4389.7479
2021A00055951019,77,838,0,0,1,1,1,1,0,0,8,283,0,0,0,0,15,335,15,335,5386.2588
2021A00055951022,90,2465,0,0,1,2,0,0,0,0,2,28,0,0,0,0,4,34,4,34,6.5402
2021A00055951028,52,464,0,0,0,0,1,21,0,0,5,82,0,0,0,0,7,87,7,87,3624.7225
2021A00055951031,109,1205,0,0,0,0,1,5,0,0,4,122,0,0,0,0,7,129,7,129,15856.1082
2021A00055951032,2,38,0,0,0,0,0,0,0,0,0,0,0,0,0,0,0,0,0,0,39.8477
2021A00055951034,166,2644,0,0,1,7,2,22,0,0,11,446,1,1,0,0,18,464,19,465,72.8761
2021A00055951038,62,594,0,0,0,0,0,0,0,0,1,2,0,0,0,0,7,20,7,20,7.0363
2021A00055951043,424,6380,1,5,4,19,3,20,0,0,7,324,0,0,1,5,19,390,19,390,15.259
2021A00055951051,237,2732,0,0,0,0,0,0,0,0,3,7,0,0,0,0,16,53,16,53,3674.4277
2021A00055951053,13,99,0,0,0,0,0,0,0,0,1,1,0,0,0,0,2,3,2,3,14417.3803
2021A00055951801,0,0,0,0,0,0,0,0,0,0,0,0,0,0,0,0,0,0,0,0,1.9939
2021A00055951802,0,0,0,0,0,0,0,0,0,0,0,0,0,0,0,0,0,0,0,0,5.0663
2021A00055951803,9,79,0,0,0,0,0,0,0,0,1,2,0,0,0,0,1,2,1,2,3.0892
2021A00055951804,0,0,0,0,0,0,0,0,0,0,0,0,0,0,0,0,0,0,0,0,1.0016
2021A00055951805,0,0,0,0,0,0,0,0,0,0,0,0,0,0,0,0,0,0,0,0,4.634
2021A00055951806,0,0,0,0,0,0,0,0,0,0,0,0,0,0,0,0,0,0,0,0,2.3885
2021A00055951807,41,730,0,0,1,3,1,3,1,3,2,266,1,3,0,0,5,273,5,273,8.3101
2021A00055951809,6,118,0,0,0,0,0,0,0,0,0,0,0,0,0,0,0,0,0,0,26.3698
2021A00055951810,0,0,0,0,0,0,0,0,0,0,0,0,0,0,0,0,0,0,0,0,8.9817
2021A00055951811,0,0,0,0,0,0,0,0,0,0,0,0,0,0,0,0,0,0,0,0,0.7247
2021A00055951813,0,0,0,0,0,0,0,0,0,0,0,0,0,0,0,0,0,0,0,0,2.4374
2021A00055951814,0,0,0,0,0,0,0,0,0,0,0,0,0,0,0,0,0,0,0,0,5.4422
2021A00055951815,0,0,0,0,0,0,0,0,0,0,0,0,0,0,0,0,0,0,0,0,0.5555
2021A00055951818,4,48,0,0,0,0,0,0,0,0,0,0,0,0,0,0,0,0,0,0,10.8075
2021A00055951819,0,0,0,0,0,0,0,0,0,0,0,0,0,0,0,0,0,0,0,0,0.5697
2021A00055951820,0,0,0,0,0,0,0,0,0,0,0,0,0,0,0,0,0,0,0,0,0.734
2021A00055951821,0,0,0,0,0,0,0,0,0,0,0,0,0,0,0,0,0,0,0,0,0.6663
2021A00055951822,0,0,0,0,0,0,0,0,0,0,0,0,0,0,0,0,0,0,0,0,1.3794
2021A00055951823,0,0,0,0,0,0,0,0,0,0,0,0,0,0,0,0,0,0,0,0,0.6726
2021A00055951824,0,0,0,0,0,0,0,0,0,0,0,0,0,0,0,0,0,0,0,0,0.6256
2021A00055951825,0,0,0,0,0,0,0,0,0,0,0,0,0,0,0,0,0,0,0,0,0.4522
2021A00055951826,0,0,0,0,0,0,0,0,0,0,0,0,0,0,0,0,0,0,0,0,0.3756
2021A00055951827,0,0,0,0,0,0,0,0,0,0,0,0,0,0,0,0,0,0,0,0,0.146
2021A00055951828,0,0,0,0,0,0,0,0,0,0,0,0,0,0,0,0,0,0,0,0,1.8218
2021A00055951829,0,0,0,0,0,0,0,0,0,0,0,0,0,0,0,0,0,0,0,0,0.4845
2021A00055951830,0,0,0,0,0,0,0,0,0,0,0,0,0,0,0,0,0,0,0,0,1.4153
2021A00055951831,0,0,0,0,0,0,0,0,0,0,0,0,0,0,0,0,0,0,0,0,2.802
2021A00055951832,0,0,0,0,0,0,0,0,0,0,0,0,0,0,0,0,0,0,0,0,0.7471
2021A00055951833,0,0,0,0,0,0,0,0,0,0,0,0,0,0,0,0,0,0,0,0,0.7006
2021A00055951840,0,0,0,0,0,0,0,0,0,0,0,0,0,0,0,0,0,0,0,0,0.6788
2021A00055951844,0,0,0,0,0,0,0,0,0,0,0,0,0,0,0,0,0,0,0,0,0.2193
2021A00055951845,0,0,0,0,0,0,0,0,0,0,0,0,0,0,0,0,0,0,0,0,1.8156
2021A00055951846,0,0,0,0,0,0,0,0,0,0,0,0,0,0,0,0,0,0,0,0,3.9981
2021A00055951847,0,0,0,0,0,0,0,0,0,0,0,0,0,0,0,0,0,0,0,0,0.0248
2021A00055951848,2,6,0,0,0,0,0,0,0,0,0,0,0,0,0,0,1,3,1,3,0.9797
2021A00055951849,0,0,0,0,0,0,0,0,0,0,0,0,0,0,0,0,0,0,0,0,0.4754
2021A00055953007,94,734,0,0,1,6,1,5,0,0,3,10,0,0,0,0,5,20,5,20,5.1629
2021A00055953012,75,928,0,0,1,2,1,5,0,0,1,5,0,0,0,0,5,14,5,14,4.6166
2021A00055953019,9,63,0,0,0,0,0,0,0,0,1,1,0,0,0,0,3,5,3,5,14926.7328
2021A00055953023,2825,49709,7,57,28,331,25,303,8,94,25,985,20,242,2,19,99,1948,106,2021,316.7408
2021A00055953033,104,1962,0,0,0,0,0,0,0,0,5,348,1,18,0,0,9,378,9,378,154.1856
2021A00055953038,101,531,0,0,0,0,0,0,0,0,3,4,0,0,0,0,7,13,7,13,1371.7853
2021A00055953042,114,849,0,0,0,0,0,0,0,0,1,1,1,2,0,0,8,15,8,15,2802.3279
2021A00055953044,120,1035,1,15,1,15,2,18,0,0,3,119,1,1,0,0,12,162,12,162,667.6134
2021A00055953046,11,69,0,0,0,0,0,0,0,0,0,0,0,0,0,0,0,0,0,0,614.2031
2021A00055953048,19,201,0,0,0,0,0,0,0,0,1,1,0,0,0,0,2,3,2,3,12487.289
2021A00055953050,2,357,0,0,0,0,0,0,0,0,1,263,0,0,0,0,1,263,1,263,17214.5966
2021A00055953801,0,0,0,0,0,0,0,0,0,0,0,0,0,0,0,0,0,0,0,0,5.234
2021A00055953802,4,88,0,0,0,0,0,0,0,0,0,0,0,0,0,0,0,0,0,0,10.2313
2021A00055955003,56,1776,0,0,0,0,0,0,0,0,0,0,2,24,0,0,0,0,2,24,1557.4142
2021A00055955005,70,546,0,0,1,3,1,3,1,3,0,0,2,4,0,0,6,14,6,14,2.0577
2021A00055955010,176,2777,0,0,0,0,1,10,0,0,4,390,2,9,0,0,11,413,11,413,63.5491
2021A00055955014,847,12308,0,0,4,23,1,7,0,0,2,268,11,107,0,0,33,454,33,454,26.7247
2021A00055955021,63,333,0,0,0,0,0,0,0,0,1,1,3,8,0,0,16,28,16,28,11688.0134
2021A00055955023,29,247,0,0,0,0,0,0,0,0,1,1,0,0,0,0,5,11,5,11,16336.9057
2021A00055955025,46,362,0,0,0,0,0,0,0,0,1,1,0,0,0,0,4,7,4,7,826.6963
2021A00055955030,59,492,0,0,1,3,1,3,1,3,2,4,1,3,0,0,7,47,7,47,16.9208
2021A00055955034,1502,23000,1,6,5,18,6,52,1,6,5,138,18,229,0,0,47,691,49,729,32.6746
2021A00055955040,240,1691,0,0,3,13,4,48,1,3,4,14,8,80,0,0,30,97,33,142,85959.7938
2021A00055955042,248,1894,0,0,2,5,3,21,1,3,1,11,5,24,0,0,18,46,20,64,568.1374
2021A00055955801,3,160,0,0,0,0,0,0,0,0,0,0,0,0,0,0,0,0,0,0,31.0826
2021A00055955802,2,225,0,0,0,0,0,0,0,0,0,0,0,0,0,0,0,0,0,0,19.0853
2021A00055955803,0,0,0,0,0,0,0,0,0,0,0,0,0,0,0,0,0,0,0,0,13.1292
2021A00055955804,0,0,0,0,0,0,0,0,0,0,0,0,0,0,0,0,0,0,0,0,11.3521
2021A00055955807,2,10,0,0,0,0,0,0,0,0,0,0,0,0,0,0,0,0,0,0,3.6167
2021A00055955808,0,0,0,0,0,0,0,0,0,0,0,0,0,0,0,0,0,0,0,0,40.2668
2021A00055955812,2,50,0,0,0,0,0,0,0,0,0,0,0,0,0,0,0,0,0,0,5.5604
2021A00055955840,0,0,0,0,0,0,0,0,0,0,0,0,0,0,0,0,0,0,0,0,9.4942
2021A00055955850,0,0,0,0,0,0,0,0,0,0,0,0,0,0,0,0,0,0,0,0,4.2687
2021A00055957022,18,234,0,0,0,0,0,0,0,0,0,0,0,0,0,0,0,0,0,0,118395.8868
2021A00055957802,0,0,0,0,0,0,0,0,0,0,0,0,0,0,0,0,0,0,0,0,0.0266
2021A00055957803,0,0,0,0,0,0,0,0,0,0,0,0,0,0,0,0,0,0,0,0,7.8598
2021A00055957804,2,22,0,0,0,0,0,0,0,0,0,0,0,0,0,0,0,0,0,0,0.4691
2021A00055957813,5,131,0,0,0,0,0,0,0,0,0,0,0,0,0,0,0,0,0,0,0.1506
2021A00055957814,0,0,0,0,0,0,0,0,0,0,0,0,0,0,0,0,0,0,0,0,2.8828
2021A00055957820,0,0,0,0,0,0,0,0,0,0,0,0,0,0,0,0,0,0,0,0,1.4821
2021A00055959007,245,3994,0,0,0,0,0,0,0,0,1,3,1,6,0,0,8,470,8,470,84759.3073
2021A00055959805,0,0,0,0,0,0,0,0,0,0,0,0,0,0,0,0,0,0,0,0,0.1287
2021A00055959806,3,13,0,0,0,0,0,0,0,0,0,0,0,0,0,0,0,0,0,0,95.5757
2021A00055959809,0,0,0,0,0,0,0,0,0,0,0,0,0,0,0,0,0,0,0,0,0.0825
2021A00055959810,0,0,0,0,0,0,0,0,0,0,0,0,0,0,0,0,0,0,0,0,3.7905
2021A00056001003,47,680,0,0,0,0,0,0,0,0,0,0,0,0,0,0,1,8,1,8,109.7659
2021A00056001004,8,116,0,0,0,0,0,0,0,0,0,0,0,0,0,0,0,0,0,0,199.8869
2021A00056001006,0,0,0,0,0,0,0,0,0,0,0,0,0,0,0,0,0,0,0,0,3.7741
2021A00056001007,0,0,0,0,0,0,0,0,0,0,0,0,0,0,0,0,0,0,0,0,1.1738
2021A00056001008,0,0,0,0,0,0,0,0,0,0,0,0,0,0,0,0,0,0,0,0,0.5774
2021A00056001009,1421,20162,1,2,4,19,0,0,0,0,1,29,12,372,0,0,23,431,23,431,413.9359
2021A00056001010,0,0,0,0,0,0,0,0,0,0,0,0,0,0,0,0,0,0,0,0,1.174
2021A00056001012,13,538,0,0,0,0,0,0,0,0,0,0,0,0,0,0,0,0,0,0,36.8718
2021A00056001018,33,622,0,0,0,0,0,0,0,0,0,0,0,0,0,0,0,0,0,0,34.3039
2021A00056001019,0,0,0,0,0,0,0,0,0,0,0,0,0,0,0,0,0,0,0,0,33.4516
2021A00056001022,18,345,0,0,0,0,0,0,0,0,0,0,2,6,0,0,2,6,2,6,0.982
2021A00056001029,136,1791,0,0,0,0,0,0,0,0,0,0,20,230,0,0,20,230,20,230,30.9054
2021A00056001031,0,0,0,0,0,0,0,0,0,0,0,0,0,0,0,0,0,0,0,0,8.5001
2021A00056001032,0,0,0,0,0,0,0,0,0,0,0,0,0,0,0,0,0,0,0,0,5.5596
2021A00056001036,11,41,0,0,0,0,0,0,0,0,0,0,0,0,0,0,0,0,0,0,45.258
2021A00056001037,8,160,0,0,0,0,0,0,0,0,0,0,0,0,0,0,0,0,0,0,20.4808
2021A00056001038,0,0,0,0,0,0,0,0,0,0,0,0,0,0,0,0,0,0,0,0,4.8168
2021A00056001039,0,0,0,0,0,0,0,0,0,0,0,0,0,0,0,0,0,0,0,0,30.4418
2021A00056001041,10,421,0,0,0,0,0,0,0,0,0,0,0,0,0,0,0,0,0,0,32.2768
2021A00056001042,9,103,0,0,0,0,0,0,0,0,0,0,0,0,0,0,0,0,0,0,26.6607
2021A00056001043,7,224,0,0,0,0,0,0,0,0,0,0,0,0,0,0,0,0,0,0,13.5097
2021A00056001044,0,0,0,0,0,0,0,0,0,0,0,0,0,0,0,0,0,0,0,0,159.2286
2021A00056001045,1,150,0,0,0,0,0,0,0,0,0,0,0,0,0,0,0,0,0,0,445269.8101
2021A00056001046,0,0,0,0,0,0,0,0,0,0,0,0,0,0,0,0,0,0,0,0,22.8773
2021A00056001047,15,272,0,0,0,0,0,0,0,0,0,0,0,0,0,0,0,0,0,0,21.9758
2021A00056001048,13,318,0,0,0,0,0,0,0,0,0,0,0,0,0,0,0,0,0,0,15.5613
2021A00056001049,11,276,0,0,0,0,0,0,0,0,0,0,0,0,0,0,0,0,0,0,13.9003
2021A00056001050,0,0,0,0,0,0,0,0,0,0,0,0,0,0,0,0,0,0,0,0,28.6789
2021A00056001052,0,0,0,0,0,0,0,0,0,0,0,0,0,0,0,0,0,0,0,0,53.884
2021A00056001055,1,3,0,0,0,0,0,0,0,0,0,0,0,0,0,0,0,0,0,0,207.1282
2021A00056001057,0,0,0,0,0,0,0,0,0,0,0,0,0,0,0,0,0,0,0,0,25.9349
2021A00056001058,0,0,0,0,0,0,0,0,0,0,0,0,0,0,0,0,0,0,0,0,817.1125
2021A00056001059,1,35,0,0,0,0,0,0,0,0,0,0,0,0,0,0,0,0,0,0,1834.2781
2021A00056001060,0,0,0,0,0,0,0,0,0,0,0,0,0,0,0,0,0,0,0,0,5032.3511
2021A00056001065,0,0,0,0,0,0,0,0,0,0,0,0,0,0,0,0,0,0,0,0,17788.407
2021A00056101010,10,138,0,0,0,0,0,0,0,0,0,0,0,0,0,0,0,0,0,0,47.8945
2021A00056101014,8,148,0,0,0,0,0,0,0,0,0,0,0,0,0,0,0,0,0,0,63.5834
2021A00056101015,15,261,0,0,0,0,0,0,0,0,0,0,0,0,0,0,0,0,0,0,53.8286
2021A00056101017,99,2410,0,0,0,0,0,0,0,0,0,0,0,0,0,0,0,0,0,0,62.6847
2021A00056101025,17,235,0,0,0,0,0,0,0,0,0,0,0,0,0,0,0,0,0,0,12.2912
2021A00056101036,21,335,0,0,0,0,0,0,0,0,0,0,0,0,0,0,0,0,0,0,12.6569
2021A00056101041,7,97,0,0,0,0,0,0,0,0,0,0,0,0,0,0,0,0,0,0,272.2209
2021A00056101063,0,0,0,0,0,0,0,0,0,0,0,0,0,0,0,0,0,0,0,0,356369.2587
2021A00056101095,11,217,0,0,0,0,0,0,0,0,0,0,0,0,0,0,0,0,0,0,120.7109
2021A00056102003,14,381,0,0,0,0,0,0,0,0,0,0,0,0,0,0,0,0,0,0,79.3881
2021A00056102005,25,395,0,0,0,0,0,0,0,0,0,0,0,0,0,0,0,0,0,0,52.2791
2021A00056102007,37,595,0,0,0,0,0,0,0,0,0,0,0,0,0,0,0,0,0,0,82.0912
2021A00056102009,18,346,0,0,0,0,0,0,0,0,0,0,0,0,0,0,0,0,0,0,47.249
2021A00056102012,6,190,0,0,0,0,0,0,0,0,0,0,0,0,0,0,0,0,0,0,126.1412
2021A00056102063,0,0,0,0,0,0,0,0,0,0,0,0,0,0,0,0,0,0,0,0,217909.7928
2021A00056103031,12,786,0,0,0,0,0,0,0,0,0,0,0,0,0,0,0,0,0,0,74.9589
2021A00056103034,3,97,0,0,0,0,0,0,0,0,0,0,0,0,0,0,0,0,0,0,58.3306
2021A00056103049,4,60,0,0,0,0,0,0,0,0,0,0,0,0,0,0,0,0,0,0,9.0426
2021A00056103052,0,0,0,0,0,0,0,0,0,0,0,0,0,0,0,0,0,0,0,0,14.7139
2021A00056103097,0,0,0,0,0,0,0,0,0,0,0,0,0,0,0,0,0,0,0,0,24639.9039
2021A00056104005,3,33,0,0,0,0,0,0,0,0,0,0,0,0,0,0,0,0,0,0,95.1432
2021A00056104006,1,35,0,0,0,0,0,0,0,0,0,0,0,0,0,0,0,0,0,0,118.0091
2021A00056104009,13,231,0,0,0,0,0,0,0,0,0,0,0,0,0,0,0,0,0,0,67.6131
2021A00056104010,0,0,0,0,0,0,0,0,0,0,0,0,0,0,0,0,0,0,0,0,79.423
2021A00056104013,0,0,0,0,0,0,0,0,0,0,0,0,0,0,0,0,0,0,0,0,37.5008
2021A00056104014,20,352,0,0,0,0,0,0,0,0,0,0,0,0,0,0,1,1,1,1,255.494
2021A00056104017,0,0,0,0,0,0,0,0,0,0,0,0,0,0,0,0,0,0,0,0,134.0044
2021A00056104038,43,665,0,0,0,0,0,0,0,0,0,0,0,0,0,0,0,0,0,0,77.885
2021A00056104044,3,73,0,0,0,0,0,0,0,0,0,0,0,0,0,0,0,0,0,0,53.9342
2021A00056104097,0,0,0,0,0,0,0,0,0,0,0,0,0,0,0,0,0,0,0,0,192346.4652
2021A00056105001,63,1527,0,0,0,0,0,0,0,0,0,0,0,0,0,0,1,2,1,2,91.2147
2021A00056105003,8,72,0,0,0,0,0,0,0,0,0,0,0,0,0,0,0,0,0,0,305.578
2021A00056105004,0,0,0,0,0,0,0,0,0,0,0,0,0,0,0,0,0,0,0,0,0.3494
2021A00056105016,146,2420,0,0,0,0,0,0,0,0,0,0,0,0,0,0,0,0,0,0,122.3976
2021A00056105018,11,153,0,0,0,0,0,0,0,0,0,0,0,0,0,0,0,0,0,0,452.8689
2021A00056105020,5,123,0,0,0,0,0,0,0,0,0,0,0,0,0,0,0,0,0,0,42.9646
2021A00056105026,0,0,0,0,0,0,0,0,0,0,0,0,0,0,0,0,0,0,0,0,20.9971
2021A00056105097,0,0,0,0,0,0,0,0,0,0,0,0,0,0,0,0,0,0,0,0,151099.552
2021A00056106021,0,0,0,0,0,0,0,0,0,0,0,0,0,0,0,0,0,0,0,0,1.1168
2021A00056106023,813,18280,0,0,0,0,0,0,0,0,0,0,2,13,0,0,2,13,2,13,103.3723
2021A00056106097,0,0,0,0,0,0,0,0,0,0,0,0,0,0,0,0,0,0,0,0,182097.013
2021A00056204001,7,141,0,0,0,0,0,0,0,0,0,0,0,0,0,0,0,0,0,0,109.6769
2021A00056204003,304,6292,0,0,0,0,0,0,0,0,0,0,0,0,0,0,3,490,3,490,51.5805
2021A00056204005,11,253,0,0,0,0,0,0,0,0,0,0,0,0,0,0,0,0,0,0,2.3038
2021A00056204007,13,279,0,0,0,0,0,0,0,0,0,0,0,0,0,0,0,0,0,0,9.8875
2021A00056204009,13,315,0,0,0,0,0,0,0,0,0,0,0,0,0,0,1,35,1,35,7.9779
2021A00056204010,8,196,0,0,0,0,0,0,0,0,0,0,0,0,0,0,1,35,1,35,130.8044
2021A00056204011,9,211,0,0,0,0,0,0,0,0,0,0,0,0,0,0,0,0,0,0,16.3635
2021A00056204012,12,391,0,0,0,0,0,0,0,0,0,0,0,0,0,0,0,0,0,0,104.8608
2021A00056204015,9,267,0,0,0,0,0,0,0,0,0,0,0,0,0,0,0,0,0,0,103.3775
2021A00056204018,12,244,0,0,0,0,0,0,0,0,0,0,0,0,0,0,0,0,0,0,245.159
2021A00056204019,1,3,0,0,0,0,0,0,0,0,0,0,0,0,0,0,0,0,0,0,165.4902
2021A00056204020,18,366,0,0,0,0,0,0,0,0,0,0,0,0,0,0,0,0,0,0,170.8263
2021A00056204022,9,127,0,0,0,0,0,0,0,0,0,0,0,0,0,0,0,0,0,0,115.016
2021A00056204025,6,405,0,0,0,0,0,0,0,0,0,0,0,0,0,0,0,0,0,0,332.9037
2021A00056204030,0,0,0,0,0,0,0,0,0,0,0,0,0,0,0,0,0,0,0,0,968988.3833
2021A00056205014,11,360,0,0,0,0,0,0,0,0,0,0,0,0,0,0,0,0,0,0,126.3904
2021A00056205015,22,625,0,0,0,0,0,0,0,0,0,0,0,0,0,0,0,0,0,0,126.1413
2021A00056205016,6,118,0,0,0,0,0,0,0,0,0,0,0,0,0,0,0,0,0,0,273.8941
2021A00056205017,64,2235,0,0,0,0,0,0,0,0,0,0,1,490,0,0,2,505,2,505,20.0328
2021A00056205019,10,214,0,0,0,0,0,0,0,0,0,0,0,0,0,0,0,0,0,0,139.4933
2021A00056205023,21,1496,0,0,0,0,0,0,0,0,0,0,1,490,0,0,1,490,1,490,179.5396
2021A00056205027,7,241,0,0,0,0,0,0,0,0,0,0,0,0,0,0,0,0,0,0,406.1928
2021A00056205033,0,0,0,0,0,0,0,0,0,0,0,0,0,0,0,0,0,0,0,0,433059.477
2021A00056208047,8,295,0,0,0,0,0,0,0,0,0,0,0,0,0,0,0,0,0,0,5.0588
2021A00056208059,11,356,0,0,0,0,0,0,0,0,0,0,0,0,0,0,0,0,0,0,538.9922
2021A00056208065,0,0,0,0,0,0,0,0,0,0,0,0,0,0,0,0,0,0,0,0,13.8444
2021A00056208068,0,0,0,0,0,0,0,0,0,0,0,0,0,0,0,0,0,0,0,0,99.945
2021A00056208073,44,967,0,0,0,0,0,0,0,0,0,0,0,0,0,0,1,15,1,15,195.7789
2021A00056208081,13,414,0,0,0,0,0,0,0,0,0,0,0,0,0,0,0,0,0,0,28.5462
2021A00056208087,11,265,0,0,0,0,0,0,0,0,0,0,0,0,0,0,0,0,0,0,35.3819
2021A00056208098,0,0,0,0,0,0,0,0,0,0,0,0,0,0,0,0,0,0,0,0,431190.4566
