ADADGUID,ADA_Total_Emp
2021S051610010001,2910
2021S051610010002,394
2021S051610010003,4186
2021S051610010004,9064
2021S051610010005,1441
2021S051610010006,3578
2021S051610010007,1750
2021S051610010008,2703
2021S051610010009,10720
2021S051610010010,7631
2021S051610010011,4039
2021S051610010013,12520
2021S051610010015,7036
2021S051610010016,557
2021S051610010017,1056
2021S051610010018,3886
2021S051610010019,4193
2021S051610010021,4164
2021S051610010023,7215
2021S051610010024,2182
2021S051610010025,2090
2021S051610010029,1852
2021S051610010031,1245
2021S051610010032,1165
2021S051610010035,2621
2021S051610010036,3345
2021S051610010037,786
2021S051610010040,1179
2021S051610010041,20293
2021S051610010042,4797
2021S051610010043,2148
2021S051610010044,3695
2021S051610010045,517
2021S051610020001,1696
2021S051610020002,441
2021S051610020003,3152
2021S051610030001,2145
2021S051610030003,2237
2021S051610040001,774
2021S051610040002,1407
2021S051610040003,4015
2021S051610050001,1033
2021S051610050002,2946
2021S051610050004,7589
2021S051610050006,753
2021S051610050008,89
2021S051610050009,158
2021S051610050010,5336
2021S051610050011,429
2021S051610060001,1344
2021S051610060002,6859
2021S051610060004,7536
2021S051610060005,1076
2021S051610062000,366
2021S051610070001,1881
2021S051610070002,2426
2021S051610070003,1896
2021S051610070004,5174
2021S051610070005,1745
2021S051610080001,2023
2021S051610080002,1628
2021S051610080003,1350
2021S051610080004,3002
2021S051610080005,2534
2021S051610090001,3316
2021S051610090002,1956
2021S051610100002,447
2021S051610100003,9
2021S051610100004,7141
2021S051610100005,188
2021S051610100006,45
2021S051610100007,34
2021S051610100008,60
2021S051610100009,189
2021S051610100010,630
2021S051610100012,5615
2021S051610110002,446
2021S051610110004,88
2021S051610110005,74
2021S051610110006,72
2021S051610110007,67
2021S051611010005,2336
2021S051611010006,5553
2021S051611010007,799
2021S051611010008,103
2021S051611020004,56
2021S051611020006,5096
2021S051611020007,6180
2021S051611020008,12820
2021S051611020009,13851
2021S051611020011,0
2021S051611020012,1996
2021S051611020013,1741
2021S051611020014,3678
2021S051611020015,1406
2021S051611020016,3771
2021S051611020017,2418
2021S051611020018,808
2021S051611030003,403
2021S051611030005,4676
2021S051611030006,5109
2021S051611030007,5350
2021S051611031110,10429
2021S051612010001,3645
2021S051612010002,4719
2021S051612020001,3210
2021S051612020002,3263
2021S051612020003,7868
2021S051612020004,198
2021S051612030001,4367
2021S051612030002,307
2021S051612030003,4743
2021S051612040001,3798
2021S051612050001,2373
2021S051612050002,4449
2021S051612060001,3363
2021S051612060005,35
2021S051612060007,872
2021S051612060008,1017
2021S051612060009,3179
2021S051612060010,8110
2021S051612060011,2512
2021S051612060012,1713
2021S051612070001,4039
2021S051612070003,2552
2021S051612070004,82
2021S051612070005,5879
2021S051612070006,4371
2021S051612070007,4244
2021S051612070008,448
2021S051612070009,2346
2021S051612070902,4314
2021S051612080006,1093
2021S051612080007,539
2021S051612080008,428
2021S051612080009,4864
2021S051612080111,3919
2021S051612082001,2855
2021S051612090005,5816
2021S051612090006,1191
2021S051612090009,2212
2021S051612090010,2235
2021S051612090011,1668
2021S051612090012,1391
2021S051612090013,3160
2021S051612090014,7989
2021S051612090015,473
2021S051612090016,1356
2021S051612090019,2228
2021S051612090022,1310
2021S051612090023,3870
2021S051612090025,1158
2021S051612090026,2190
2021S051612090029,1292
2021S051612090030,1375
2021S051612090032,1941
2021S051612090033,96
2021S051612090035,5601
2021S051612090036,5626
2021S051612090037,1060
2021S051612090038,2898
2021S051612090039,1510
2021S051612090040,43961
2021S051612090042,10045
2021S051612090043,2157
2021S051612090044,1779
2021S051612090045,1709
2021S051612090046,2458
2021S051612090047,1399
2021S051612090048,948
2021S051612090050,1544
2021S051612090051,1685
2021S051612090052,2766
2021S051612090053,1990
2021S051612090054,6215
2021S051612090055,1713
2021S051612090056,10349
2021S051612090057,2588
2021S051612090058,6227
2021S051612090059,7631
2021S051612090060,1276
2021S051612090061,1062
2021S051612090062,706
2021S051612090063,38644
2021S051612090064,7654
2021S051612090066,3801
2021S051612090067,1129
2021S051612090068,5309
2021S051612090069,3609
2021S051612090070,4057
2021S051612092000,3
2021S051612100001,1607
2021S051612100002,2548
2021S051612100003,3302
2021S051612100004,1250
2021S051612100005,1780
2021S051612100006,12565
2021S051612100007,860
2021S051612100008,597
2021S051612110001,3146
2021S051612110002,841
2021S051612110003,5742
2021S051612110005,3201
2021S051612120001,3605
2021S051612120002,1344
2021S051612120004,211
2021S051612120005,1157
2021S051612120006,8175
2021S051612120007,4811
2021S051612130001,2519
2021S051612140001,7990
2021S051612140002,1453
2021S051612150001,2777
2021S051612150002,3631
2021S051612150003,3763
2021S051612160001,3422
2021S051612160002,119
2021S051612170013,1244
2021S051612170014,1164
2021S051612170015,1965
2021S051612170016,3195
2021S051612170017,872
2021S051612170018,304
2021S051612170019,1116
2021S051612170020,2625
2021S051612170021,8512
2021S051612170022,1164
2021S051612170023,1315
2021S051612170024,733
2021S051612170025,2011
2021S051612170026,248
2021S051612170027,1412
2021S051612170028,1894
2021S051612170029,4007
2021S051612170030,1797
2021S051612170032,1814
2021S051612170033,2362
2021S051612170034,695
2021S051612170035,643
2021S051612180001,4377
2021S051613010001,313
2021S051613010002,179
2021S051613010012,202
2021S051613010013,3716
2021S051613010014,3375
2021S051613010015,5154
2021S051613010016,10881
2021S051613010017,20594
2021S051613010018,766
2021S051613010019,4529
2021S051613010020,3141
2021S051613020001,3490
2021S051613020002,4335
2021S051613020003,710
2021S051613020004,4256
2021S051613030001,702
2021S051613030002,1013
2021S051613030003,848
2021S051613030004,3715
2021S051613030005,3
2021S051613030006,531
2021S051613040001,3711
2021S051613040002,63
2021S051613050001,2399
2021S051613050002,5501
2021S051613050003,461
2021S051613050004,516
2021S051613050005,1557
2021S051613050006,46
2021S051613050007,3496
2021S051613050009,58
2021S051613050010,3696
2021S051613050011,215
2021S051613050012,736
2021S051613050013,718
2021S051613060001,2050
2021S051613060002,978
2021S051613060003,3122
2021S051613060004,706
2021S051613060005,95
2021S051613070001,5180
2021S051613070002,1957
2021S051613070003,3737
2021S051613070004,2926
2021S051613070005,1397
2021S051613070006,9019
2021S051613070007,1370
2021S051613070008,1849
2021S051613070009,8531
2021S051613070010,1119
2021S051613070014,8194
2021S051613070015,4446
2021S051613070017,17791
2021S051613070019,17817
2021S051613070020,42
2021S051613070021,2779
2021S051613070022,2347
2021S051613070023,1436
2021S051613070024,2619
2021S051613070025,1616
2021S051613080001,5894
2021S051613080003,4698
2021S051613080004,523
2021S051613080005,1750
2021S051613080006,50
2021S051613080007,150
2021S051613090001,3331
2021S051613090002,6
2021S051613090003,526
2021S051613090004,1389
2021S051613090005,3959
2021S051613090006,7017
2021S051613090008,210
2021S051613090009,2271
2021S051613090010,407
2021S051613090011,3
2021S051613090012,0
2021S051613100001,284
2021S051613100002,858
2021S051613100003,926
2021S051613100004,882
2021S051613100006,319
2021S051613100007,3346
2021S051613100008,3242
2021S051613100012,6120
2021S051613100014,378
2021S051613100015,353
2021S051613100016,756
2021S051613100017,2854
2021S051613100018,2857
2021S051613100020,15671
2021S051613100021,7852
2021S051613100022,6521
2021S051613100023,339
2021S051613100024,1785
2021S051613110001,3307
2021S051613110002,7752
2021S051613110003,4133
2021S051613110004,411
2021S051613120001,1762
2021S051613120002,2582
2021S051613120003,4181
2021S051613120004,575
2021S051613130003,4398
2021S051613130004,5570
2021S051613130005,464
2021S051613130008,1867
2021S051613130009,796
2021S051613130010,2318
2021S051613130011,68
2021S051613132000,3
2021S051613140001,3281
2021S051613140003,792
2021S051613140004,388
2021S051613140005,44
2021S051613140006,4026
2021S051613140007,2800
2021S051613140008,112
2021S051613140009,1951
2021S051613150001,5553
2021S051613150002,6464
2021S051613150003,2618
2021S051613150004,2135
2021S051613150005,4678
2021S051613150006,1995
2021S051613150007,1553
2021S051613150008,8518
2021S051613150009,81
2021S051624010001,9026
2021S051624020001,4661
2021S051624020002,4059
2021S051624030001,1155
2021S051624030002,3226
2021S051624030003,5591
2021S051624040001,1280
2021S051624040002,3441
2021S051624050001,3548
2021S051624050002,6018
2021S051624060001,4865
2021S051624060002,521
2021S051624060003,513
2021S051624060004,771
2021S051624060005,855
2021S051624070002,4021
2021S051624070003,4731
2021S051624080006,273
2021S051624080008,360
2021S051624080009,21
2021S051624080010,59
2021S051624080011,66
2021S051624080403,9476
2021S051624090001,3572
2021S051624090002,5092
2021S051624100002,961
2021S051624100003,574
2021S051624100004,295
2021S051624100005,451
2021S051624100006,4736
2021S051624100008,1420
2021S051624100009,520
2021S051624100010,2358
2021S051624100012,535
2021S051624100013,648
2021S051624100015,7775
2021S051624100016,1029
2021S051624100017,1472
2021S051624100019,892
2021S051624100020,3531
2021S051624102000,583
2021S051624110001,4696
2021S051624120001,2498
2021S051624120002,1100
2021S051624120003,8171
2021S051624120004,2611
2021S051624120005,7763
2021S051624130001,3227
2021S051624130002,3323
2021S051624130003,3534
2021S051624140001,3913
2021S051624140002,3121
2021S051624140003,5154
2021S051624150001,2850
2021S051624150002,5201
2021S051624160001,2987
2021S051624160002,5502
2021S051624170001,3726
2021S051624170002,2928
2021S051624170003,3075
2021S051624180001,2387
2021S051624180002,2313
2021S051624180003,10132
2021S051624190001,3064
2021S051624190002,2976
2021S051624190003,656
2021S051624190004,7960
2021S051624190005,2876
2021S051624200001,4071
2021S051624210001,5317
2021S051624210002,1348
2021S051624210003,1687
2021S051624210005,2213
2021S051624220002,2608
2021S051624220003,1348
2021S051624220004,1336
2021S051624220005,2529
2021S051624220006,1053
2021S051624220007,3091
2021S051624230001,1671
2021S051624230003,614
2021S051624230004,3751
2021S051624230007,2093
2021S051624230008,5098
2021S051624230009,6613
2021S051624230011,2698
2021S051624230012,2482
2021S051624230014,2131
2021S051624230015,2266
2021S051624230016,3310
2021S051624230019,2507
2021S051624230020,1621
2021S051624230021,1475
2021S051624230022,3345
2021S051624230023,4952
2021S051624230024,1471
2021S051624230025,2552
2021S051624230026,1909
2021S051624230027,4059
2021S051624230028,1536
2021S051624230029,26165
2021S051624230030,2947
2021S051624230031,15869
2021S051624230032,2436
2021S051624230034,3681
2021S051624230035,1872
2021S051624230036,14276
2021S051624230038,2637
2021S051624230039,1484
2021S051624230040,2444
2021S051624230041,10550
2021S051624230042,1770
2021S051624230044,6697
2021S051624230045,2360
2021S051624230046,1618
2021S051624230047,6637
2021S051624230048,35941
2021S051624230049,3689
2021S051624230050,5933
2021S051624230051,3955
2021S051624230052,6668
2021S051624230053,880
2021S051624230055,6733
2021S051624230057,3697
2021S051624230058,11557
2021S051624230059,21680
2021S051624230060,9034
2021S051624230062,1019
2021S051624230063,1634
2021S051624230064,1421
2021S051624230065,10335
2021S051624230066,1416
2021S051624230067,2993
2021S051624230068,1430
2021S051624230069,2355
2021S051624230070,15583
2021S051624230072,1165
2021S051624230073,5054
2021S051624230074,1154
2021S051624230075,1873
2021S051624230076,1697
2021S051624230077,3612
2021S051624230078,1330
2021S051624230079,2863
2021S051624230080,1586
2021S051624230081,5919
2021S051624230082,2629
2021S051624230083,8035
2021S051624230084,3981
2021S051624250001,1388
2021S051624250002,4319
2021S051624250003,2997
2021S051624250004,1509
2021S051624250005,4978
2021S051624250006,12794
2021S051624250007,5447
2021S051624250008,2783
2021S051624250010,896
2021S051624250012,3094
2021S051624250013,2380
2021S051624250015,1384
2021S051624250016,1871
2021S051624250017,5221
2021S051624250018,5489
2021S051624250019,1118
2021S051624250020,7427
2021S051624250022,4318
2021S051624250023,4997
2021S051624260001,5628
2021S051624260002,3000
2021S051624260003,4187
2021S051624260004,10045
2021S051624270001,3815
2021S051624270002,4742
2021S051624270003,2938
2021S051624280001,4371
2021S051624280002,2370
2021S051624290002,2772
2021S051624290004,12573
2021S051624290005,4615
2021S051624290006,2529
2021S051624290008,5753
2021S051624290009,4130
2021S051624290010,146
2021S051624290011,144
2021S051624290012,115
2021S051624290013,531
2021S051624300001,1978
2021S051624300002,3845
2021S051624300003,5496
2021S051624310001,3669
2021S051624310002,4909
2021S051624310003,5644
2021S051624310005,4986
2021S051624310006,1891
2021S051624310007,293
2021S051624310008,160
2021S051624310009,56
2021S051624320001,4540
2021S051624320003,6734
2021S051624320004,2940
2021S051624330002,3407
2021S051624330003,3595
2021S051624330004,4062
2021S051624330005,2566
2021S051624332000,804
2021S051624340001,4635
2021S051624340002,4475
2021S051624340003,2673
2021S051624340004,2125
2021S051624340005,1047
2021S051624340006,2568
2021S051624340007,3957
2021S051624350001,2428
2021S051624350003,3049
2021S051624360001,2635
2021S051624360002,1565
2021S051624360003,4978
2021S051624360004,3722
2021S051624360005,3792
2021S051624360006,2511
2021S051624360007,2414
2021S051624370001,4747
2021S051624370002,136
2021S051624370003,918
2021S051624370004,410
2021S051624370005,1998
2021S051624370006,1439
2021S051624370007,998
2021S051624370008,4642
2021S051624370009,2580
2021S051624370010,3158
2021S051624370011,7294
2021S051624370012,10717
2021S051624370013,2281
2021S051624370014,2101
2021S051624370015,3995
2021S051624370016,6723
2021S051624370017,9772
2021S051624370018,684
2021S051624370019,8420
2021S051624370020,3156
2021S051624380001,2557
2021S051624380002,4074
2021S051624380003,3535
2021S051624380004,358
2021S051624390003,8247
2021S051624390004,4140
2021S051624390005,1182
2021S051624390006,3179
2021S051624390007,2971
2021S051624390008,1869
2021S051624390009,6197
2021S051624390010,4780
2021S051624390011,1488
2021S051624390012,3188
2021S051624390013,2601
2021S051624390014,1642
2021S051624390015,401
2021S051624390016,272
2021S051624390017,1072
2021S051624390018,450
2021S051624400001,2463
2021S051624400002,3035
2021S051624410001,2645
2021S051624410002,5075
2021S051624410003,1008
2021S051624420001,3617
2021S051624420002,932
2021S051624420003,552
2021S051624420004,3304
2021S051624420005,4096
2021S051624420006,1414
2021S051624430001,3345
2021S051624430002,4539
2021S051624430003,1631
2021S051624430004,12219
2021S051624430005,2808
2021S051624430006,1644
2021S051624430007,791
2021S051624430008,2319
2021S051624430009,4153
2021S051624430010,4487
2021S051624430011,4532
2021S051624430012,13257
2021S051624430013,3338
2021S051624430014,5436
2021S051624430015,1174
2021S051624430016,2123
2021S051624430017,2177
2021S051624430018,2540
2021S051624430019,4117
2021S051624430020,1502
2021S051624430021,6862
2021S051624440001,8926
2021S051624440002,2868
2021S051624450001,1484
2021S051624450002,1284
2021S051624450003,1679
2021S051624450004,4847
2021S051624450005,6495
2021S051624450006,2517
2021S051624450007,3472
2021S051624450009,2121
2021S051624460001,3922
2021S051624460003,3787
2021S051624460004,4140
2021S051624460005,7835
2021S051624460006,3845
2021S051624460007,8291
2021S051624470002,14851
2021S051624470003,4086
2021S051624470004,3772
2021S051624470005,5135
2021S051624470006,2088
2021S051624470007,7629
2021S051624470008,567
2021S051624470009,1618
2021S051624470010,2095
2021S051624472000,1151
2021S051624472001,250
2021S051624472002,720
2021S051624480001,2618
2021S051624480002,3808
2021S051624490001,344
2021S051624490002,477
2021S051624490003,1196
2021S051624490004,4090
2021S051624490005,1476
2021S051624490007,260
2021S051624490008,422
2021S051624490010,1935
2021S051624490011,7414
2021S051624490012,8190
2021S051624490013,2324
2021S051624490014,3616
2021S051624490016,2488
2021S051624490017,4098
2021S051624490018,1913
2021S051624490019,2068
2021S051624490020,4577
2021S051624490021,8063
2021S051624490022,1461
2021S051624490023,439
2021S051624490024,162
2021S051624492000,208
2021S051624492001,596
2021S051624500001,4271
2021S051624500002,5642
2021S051624500003,2712
2021S051624500004,207
2021S051624510001,3848
2021S051624510002,1221
2021S051624510003,1880
2021S051624510004,6213
2021S051624510005,1477
2021S051624510006,1362
2021S051624520001,1447
2021S051624520002,3386
2021S051624520005,3526
2021S051624520006,1710
2021S051624520111,7658
2021S051624530001,327
2021S051624530002,1398
2021S051624530003,4089
2021S051624530004,2896
2021S051624530005,552
2021S051624530006,4016
2021S051624530007,1230
2021S051624530008,928
2021S051624530009,579
2021S051624530010,1026
2021S051624530011,285
2021S051624530012,1873
2021S051624530013,1708
2021S051624540001,5073
2021S051624540002,550
2021S051624540003,5261
2021S051624540011,2038
2021S051624540012,1329
2021S051624540013,1194
2021S051624540014,3207
2021S051624540015,5456
2021S051624540016,993
2021S051624540017,1082
2021S051624540018,1007
2021S051624540019,1466
2021S051624540020,5768
2021S051624540021,3419
2021S051624540022,2644
2021S051624540023,12270
2021S051624540024,1005
2021S051624550001,1836
2021S051624550002,1023
2021S051624550003,8395
2021S051624550004,4491
2021S051624550005,2889
2021S051624560001,2696
2021S051624560002,4624
2021S051624560003,3362
2021S051624560004,1756
2021S051624560005,1210
2021S051624560006,1942
2021S051624560007,6312
2021S051624560008,5209
2021S051624560009,8160
2021S051624560010,2358
2021S051624560011,1720
2021S051624560012,1595
2021S051624560013,2270
2021S051624560014,2569
2021S051624560015,2755
2021S051624560016,4884
2021S051624570001,2498
2021S051624570002,3201
2021S051624570003,8181
2021S051624570004,4519
2021S051624570005,3132
2021S051624570006,1616
2021S051624570007,4208
2021S051624570008,1554
2021S051624570009,1028
2021S051624570010,1203
2021S051624570011,1646
2021S051624570012,836
2021S051624570014,5425
2021S051624570016,157
2021S051624570017,4782
2021S051624570018,3243
2021S051624570019,2005
2021S051624580005,2541
2021S051624580007,16198
2021S051624580008,1996
2021S051624580009,3305
2021S051624580010,3417
2021S051624580011,9435
2021S051624580012,8958
2021S051624580013,7287
2021S051624580014,509
2021S051624580015,2785
2021S051624580016,3148
2021S051624580017,1406
2021S051624580018,1234
2021S051624580019,3766
2021S051624580020,12069
2021S051624580021,370
2021S051624580022,1338
2021S051624580023,766
2021S051624580024,1315
2021S051624580025,1122
2021S051624580026,1027
2021S051624580027,906
2021S051624580028,4037
2021S051624580029,1757
2021S051624580030,2564
2021S051624580031,7046
2021S051624580032,6527
2021S051624580033,2507
2021S051624580034,1981
2021S051624580035,658
2021S051624580036,3034
2021S051624580037,6071
2021S051624580038,441
2021S051624580039,826
2021S051624580040,3727
2021S051624580044,1082
2021S051624580046,6590
2021S051624580047,2040
2021S051624580048,2773
2021S051624580050,2083
2021S051624580052,1592
2021S051624580055,13663
2021S051624580056,3018
2021S051624580057,25731
2021S051624580058,3530
2021S051624580059,2894
2021S051624580062,1952
2021S051624580063,6591
2021S051624580064,16494
2021S051624590001,4254
2021S051624590002,1883
2021S051624590003,185
2021S051624590004,4093
2021S051624590005,9388
2021S051624590006,838
2021S051624590007,1467
2021S051624590008,5783
2021S051624590009,2663
2021S051624590010,4909
2021S051624600003,836
2021S051624600004,901
2021S051624600005,1085
2021S051624600006,3139
2021S051624600011,1650
2021S051624600012,2093
2021S051624600013,6511
2021S051624600014,399
2021S051624600015,5480
2021S051624600016,3593
2021S051624600017,1211
2021S051624600018,1652
2021S051624600019,3535
2021S051624600020,1070
2021S051624600021,4966
2021S051624600022,899
2021S051624600023,1380
2021S051624600024,1491
2021S051624610001,2720
2021S051624610002,2312
2021S051624610003,2957
2021S051624610004,5502
2021S051624610005,9838
2021S051624610006,1485
2021S051624610008,1631
2021S051624610009,11070
2021S051624620001,4316
2021S051624620002,588
2021S051624620003,2430
2021S051624620004,2204
2021S051624620005,3290
2021S051624620006,1754
2021S051624620007,4388
2021S051624630001,2939
2021S051624630002,2660
2021S051624630004,1105
2021S051624630005,3089
2021S051624630006,3602
2021S051624632001,6096
2021S051624640001,2902
2021S051624640002,2104
2021S051624640004,1221
2021S051624640006,619
2021S051624640007,6604
2021S051624640008,1693
2021S051624640010,1153
2021S051624640011,9688
2021S051624640012,5379
2021S051624640013,1908
2021S051624640014,1731
2021S051624640015,6077
2021S051624640016,1580
2021S051624640019,5793
2021S051624640020,1823
2021S051624640021,7891
2021S051624640022,2264
2021S051624640023,3987
2021S051624650001,2482
2021S051624650002,851
2021S051624650003,1676
2021S051624650004,4443
2021S051624650005,5710
2021S051624650006,3267
2021S051624650007,8087
2021S051624650008,964
2021S051624650009,1159
2021S051624650010,832
2021S051624650011,858
2021S051624650012,1244
2021S051624650013,4177
2021S051624650014,7111
2021S051624650015,1234
2021S051624650016,2184
2021S051624650017,1876
2021S051624650018,1972
2021S051624650019,691
2021S051624650020,37098
2021S051624650021,2459
2021S051624650022,2061
2021S051624650023,4394
2021S051624650024,2676
2021S051624650025,2106
2021S051624650026,2261
2021S051624650027,595
2021S051624650028,696
2021S051624650029,1144
2021S051624650030,25397
2021S051624650031,3303
2021S051624650032,566
2021S051624650033,10961
2021S051624650034,2264
2021S051624650035,10643
2021S051624650036,2496
2021S051624650037,2677
2021S051624650038,996
2021S051624650039,5216
2021S051624650040,1142
2021S051624650041,948
2021S051624650042,2085
2021S051624650043,3468
2021S051624650044,1575
2021S051624650045,2069
2021S051624650046,1941
2021S051624650047,1953
2021S051624650048,1772
2021S051624650049,2140
2021S051624650050,1456
2021S051624650051,2563
2021S051624650052,4345
2021S051624660001,699
2021S051624660002,2365
2021S051624660003,9016
2021S051624660004,1620
2021S051624660005,1140
2021S051624660006,3004
2021S051624660007,1695
2021S051624660008,4987
2021S051624660009,1610
2021S051624660010,9084
2021S051624660011,823
2021S051624660012,2150
2021S051624660013,680
2021S051624660014,782
2021S051624660015,25695
2021S051624660016,3221
2021S051624660017,1293
2021S051624660018,3795
2021S051624660019,964
2021S051624660020,2166
2021S051624660021,1813
2021S051624660023,1643
2021S051624660024,1835
2021S051624660025,1983
2021S051624660026,1219
2021S051624660027,1036
2021S051624660028,464
2021S051624660029,4918
2021S051624660030,784
2021S051624660031,902
2021S051624660032,9623
2021S051624660033,5130
2021S051624660034,3704
2021S051624660035,2745
2021S051624660036,8944
2021S051624660037,2494
2021S051624660038,861
2021S051624660039,7414
2021S051624660040,1295
2021S051624660041,3215
2021S051624660042,681
2021S051624660043,1466
2021S051624660044,2823
2021S051624660045,1066
2021S051624660046,1613
2021S051624660047,3080
2021S051624660048,2347
2021S051624660049,7171
2021S051624660050,2032
2021S051624660051,1816
2021S051624660052,4513
2021S051624660053,2614
2021S051624660054,2322
2021S051624660055,2348
2021S051624660056,2291
2021S051624660057,499
2021S051624660058,2300
2021S051624660059,6875
2021S051624660061,1655
2021S051624660062,1452
2021S051624660063,578
2021S051624660064,3238
2021S051624660065,847
2021S051624660066,3010
2021S051624660067,2961
2021S051624660068,3197
2021S051624660069,386
2021S051624660070,1310
2021S051624660071,2584
2021S051624660072,2590
2021S051624660073,1863
2021S051624660074,4472
2021S051624660075,1516
2021S051624660076,2789
2021S051624660077,6330
2021S051624660078,3603
2021S051624660079,1367
2021S051624660080,1052
2021S051624660081,3070
2021S051624660082,1308
2021S051624660083,2172
2021S051624660084,575
2021S051624660085,938
2021S051624660086,4303
2021S051624660087,1087
2021S051624660088,11297
2021S051624660089,3400
2021S051624660090,2677
2021S051624660091,6322
2021S051624660092,2005
2021S051624660093,3201
2021S051624660094,3057
2021S051624660095,4040
2021S051624660096,2778
2021S051624660097,5115
2021S051624660098,4699
2021S051624660099,1859
2021S051624660100,2061
2021S051624660101,2666
2021S051624660102,5590
2021S051624660103,2245
2021S051624660104,4264
2021S051624660105,2308
2021S051624660106,6669
2021S051624660107,7696
2021S051624660108,16585
2021S051624660109,9220
2021S051624660110,9873
2021S051624660111,6858
2021S051624660112,3777
2021S051624660113,2318
2021S051624660114,15367
2021S051624660115,7196
2021S051624660116,6613
2021S051624660117,10056
2021S051624660118,5794
2021S051624660119,173642
2021S051624660120,1110
2021S051624660121,12423
2021S051624660122,3925
2021S051624660123,942
2021S051624660124,7984
2021S051624660125,1736
2021S051624660126,1626
2021S051624660127,1455
2021S051624660128,3097
2021S051624660129,8574
2021S051624660130,2315
2021S051624660131,18458
2021S051624660132,6199
2021S051624660133,2002
2021S051624660135,2433
2021S051624660136,12948
2021S051624660138,618
2021S051624660139,10623
2021S051624660140,1998
2021S051624660141,780
2021S051624660142,1066
2021S051624660143,19157
2021S051624660144,993
2021S051624660145,1729
2021S051624660146,5033
2021S051624660147,544
2021S051624660148,1715
2021S051624660149,47724
2021S051624660150,1508
2021S051624660151,2702
2021S051624660152,327
2021S051624660153,1657
2021S051624660154,2325
2021S051624660155,6262
2021S051624660157,7035
2021S051624660158,13806
2021S051624660159,2539
2021S051624660160,2732
2021S051624660161,10045
2021S051624660162,874
2021S051624660163,4754
2021S051624660164,3980
2021S051624660165,12132
2021S051624660166,4221
2021S051624660168,7738
2021S051624660170,2742
2021S051624660171,7570
2021S051624660172,4835
2021S051624660173,2617
2021S051624660174,3914
2021S051624660175,6164
2021S051624660176,794
2021S051624660177,3086
2021S051624660178,2378
2021S051624660179,4568
2021S051624660180,2116
2021S051624660181,3099
2021S051624660182,7200
2021S051624660183,117
2021S051624660184,2137
2021S051624660185,13153
2021S051624660186,2014
2021S051624660187,1042
2021S051624660189,1187
2021S051624660190,2401
2021S051624660191,2469
2021S051624660192,2423
2021S051624660193,1715
2021S051624660194,2071
2021S051624660195,1375
2021S051624660196,1726
2021S051624660197,1427
2021S051624660198,4247
2021S051624660199,2662
2021S051624660200,528
2021S051624660201,2147
2021S051624660202,2015
2021S051624660203,3432
2021S051624660204,3212
2021S051624660205,1382
2021S051624660206,2207
2021S051624660207,29507
2021S051624660208,861
2021S051624660209,2348
2021S051624660210,1003
2021S051624660211,637
2021S051624660212,1028
2021S051624660213,1113
2021S051624660214,1135
2021S051624660215,1823
2021S051624660216,6265
2021S051624660217,16327
2021S051624660218,1641
2021S051624660219,1573
2021S051624660221,3096
2021S051624660222,1998
2021S051624660223,21709
2021S051624660224,876
2021S051624660225,5447
2021S051624660226,1707
2021S051624660227,1307
2021S051624660228,1440
2021S051624660229,3773
2021S051624660230,2027
2021S051624660231,1630
2021S051624660232,1246
2021S051624660233,2207
2021S051624660234,1169
2021S051624660235,2350
2021S051624660236,2319
2021S051624660237,1439
2021S051624660238,3050
2021S051624660239,2828
2021S051624660240,1089
2021S051624660241,4078
2021S051624660242,7053
2021S051624660243,1152
2021S051624660244,1103
2021S051624660245,2792
2021S051624660246,8120
2021S051624660248,611
2021S051624660249,1956
2021S051624660250,2280
2021S051624660251,932
2021S051624660252,3894
2021S051624660253,678
2021S051624660254,7003
2021S051624660255,1216
2021S051624660256,4443
2021S051624660257,396
2021S051624660258,2430
2021S051624660259,51808
2021S051624660260,7563
2021S051624660261,40968
2021S051624660262,1157
2021S051624670001,4304
2021S051624670002,2998
2021S051624670003,1625
2021S051624670004,3888
2021S051624670005,8602
2021S051624670006,1755
2021S051624670007,5519
2021S051624670008,1666
2021S051624670009,1577
2021S051624670010,2559
2021S051624670011,1715
2021S051624670012,4185
2021S051624670013,1523
2021S051624670014,1979
2021S051624670015,1886
2021S051624670016,1205
2021S051624670017,746
2021S051624670018,1259
2021S051624670019,5471
2021S051624670020,1581
2021S051624670022,2870
2021S051624670023,4158
2021S051624670024,3760
2021S051624680001,4274
2021S051624680002,9585
2021S051624680003,5861
2021S051624690001,4555
2021S051624690002,3254
2021S051624690003,767
2021S051624700001,1743
2021S051624700002,4688
2021S051624700003,3216
2021S051624700004,7449
2021S051624700005,3091
2021S051624700006,3150
2021S051624700007,6707
2021S051624710001,4434
2021S051624710002,1609
2021S051624710003,5813
2021S051624710004,1695
2021S051624710005,150
2021S051624710006,1573
2021S051624710007,2939
2021S051624710008,1990
2021S051624710009,3001
2021S051624710011,3955
2021S051624710012,1914
2021S051624710013,329
2021S051624710014,1697
2021S051624710015,875
2021S051624710016,655
2021S051624710018,3062
2021S051624710019,2140
2021S051624710020,3513
2021S051624710021,1179
2021S051624710022,1851
2021S051624710023,5032
2021S051624710024,4505
2021S051624720001,10005
2021S051624720003,4754
2021S051624720004,4461
2021S051624720005,4826
2021S051624720006,609
2021S051624720007,1848
2021S051624720008,2606
2021S051624720009,1764
2021S051624720010,1100
2021S051624720011,523
2021S051624720012,1206
2021S051624720013,2280
2021S051624722000,3248
2021S051624730003,8389
2021S051624730004,3716
2021S051624730005,1890
2021S051624730006,1948
2021S051624730007,1788
2021S051624730008,6245
2021S051624730009,6990
2021S051624730010,4538
2021S051624730011,1178
2021S051624730012,1875
2021S051624730013,1809
2021S051624730014,3264
2021S051624730015,2372
2021S051624730016,7640
2021S051624730017,15946
2021S051624730018,5092
2021S051624730019,1094
2021S051624730020,4513
2021S051624740001,4099
2021S051624740002,7678
2021S051624740003,9118
2021S051624740004,8239
2021S051624740005,4313
2021S051624750001,2143
2021S051624750002,3809
2021S051624750003,3631
2021S051624750008,4864
2021S051624750009,3436
2021S051624750010,11428
2021S051624750011,3098
2021S051624750012,7850
2021S051624750013,1362
2021S051624750014,7059
2021S051624750015,2088
2021S051624760003,184
2021S051624760004,7477
2021S051624760005,690
2021S051624760111,3625
2021S051624770003,2728
2021S051624770004,2875
2021S051624770005,8155
2021S051624770111,5671
2021S051624780001,2691
2021S051624780002,2627
2021S051624780003,9875
2021S051624780005,8224
2021S051624780006,2974
2021S051624790001,3424
2021S051624790002,2220
2021S051624790003,1854
2021S051624790004,9639
2021S051624800002,4180
2021S051624800003,246
2021S051624800004,154
2021S051624800006,1036
2021S051624800007,15
2021S051624800008,1654
2021S051624810001,2299
2021S051624810002,4049
2021S051624810003,519
2021S051624810004,3039
2021S051624810005,739
2021S051624810008,1629
2021S051624810011,2133
2021S051624810012,3862
2021S051624810013,11028
2021S051624810014,3385
2021S051624810016,774
2021S051624810017,1228
2021S051624810018,4797
2021S051624810019,894
2021S051624810021,10551
2021S051624810022,2619
2021S051624810023,6134
2021S051624810024,870
2021S051624810025,5110
2021S051624810026,3814
2021S051624810030,2244
2021S051624810031,980
2021S051624810032,4472
2021S051624810033,5214
2021S051624810034,1346
2021S051624810035,1074
2021S051624810036,1732
2021S051624810037,1216
2021S051624810038,1592
2021S051624810039,496
2021S051624820001,158
2021S051624820003,1549
2021S051624820004,2654
2021S051624820007,683
2021S051624820008,2907
2021S051624820009,2543
2021S051624820010,2520
2021S051624830001,6505
2021S051624830003,162
2021S051624830004,2235
2021S051624830005,53
2021S051624840001,3971
2021S051624850002,211
2021S051624850006,59
2021S051624850007,3093
2021S051624850603,5299
2021S051624860001,2398
2021S051624860002,13795
2021S051624860003,1755
2021S051624860004,8824
2021S051624870001,1322
2021S051624870002,1753
2021S051624870003,6233
2021S051624880005,260
2021S051624880006,1978
2021S051624880007,180
2021S051624880008,139
2021S051624880009,169
2021S051624880481,12270
2021S051624890001,1817
2021S051624890002,1414
2021S051624890003,4547
2021S051624890004,2927
2021S051624890005,10052
2021S051624890006,401
2021S051624890007,7197
2021S051624900001,6984
2021S051624900002,748
2021S051624900003,655
2021S051624910001,3817
2021S051624910002,7059
2021S051624910003,1209
2021S051624910004,5962
2021S051624920002,90
2021S051624920003,4662
2021S051624920004,204
2021S051624921411,8604
2021S051624930001,4591
2021S051624930002,829
2021S051624930004,4495
2021S051624930006,2817
2021S051624930007,3482
2021S051624930008,3338
2021S051624930009,8780
2021S051624940002,621
2021S051624940003,442
2021S051624940005,177
2021S051624940006,471
2021S051624940007,265
2021S051624940008,74
2021S051624940010,3389
2021S051624940014,3170
2021S051624940022,2938
2021S051624940023,571
2021S051624940025,3360
2021S051624940027,5223
2021S051624940028,14815
2021S051624940029,2185
2021S051624940030,1288
2021S051624940031,3502
2021S051624940032,3521
2021S051624940034,3984
2021S051624940035,13229
2021S051624940037,5092
2021S051624940038,7623
2021S051624940039,2629
2021S051624940040,1223
2021S051624940041,203
2021S051624940042,15
2021S051624942000,1955
2021S051624942001,398
2021S051624942002,316
2021S051624942003,406
2021S051624942004,1327
2021S051624950001,5698
2021S051624950002,487
2021S051624960001,423
2021S051624960003,4668
2021S051624960004,6214
2021S051624960005,999
2021S051624960006,1164
2021S051624960007,734
2021S051624970003,293
2021S051624970004,5115
2021S051624970005,620
2021S051624970007,65
2021S051624970008,4383
2021S051624970009,466
2021S051624970010,1635
2021S051624970012,4721
2021S051624970013,1215
2021S051624970014,3818
2021S051624980001,6662
2021S051624980002,265
2021S051624980004,41
2021S051624990004,528
2021S051624990006,359
2021S051624990007,412
2021S051624990009,178
2021S051624990011,261
2021S051624990014,211
2021S051624990016,302
2021S051624990017,120
2021S051624990018,952
2021S051624990020,207
2021S051624990022,3162
2021S051624990024,720
2021S051624990027,204
2021S051624990029,3778
2021S051624990030,0
2021S051624990031,813
2021S051624990034,1448
2021S051624990035,802
2021S051624990038,389
2021S051624990040,637
2021S051624990041,1756
2021S051624990044,829
2021S051624990045,5071
2021S051624990046,374
2021S051624990047,596
2021S051635010001,5157
2021S051635010002,3259
2021S051635010003,2063
2021S051635010004,3426
2021S051635010005,494
2021S051635010006,4267
2021S051635010007,7134
2021S051635010008,3827
2021S051635010009,1918
2021S051635010010,3038
2021S051635010011,2706
2021S051635010012,6586
2021S051635010013,3803
2021S051635020001,4655
2021S051635020002,7978
2021S051635020003,2732
2021S051635020005,1354
2021S051635020006,5049
2021S051635020007,1134
2021S051635020009,2107
2021S051635020010,2816
2021S051635020111,5284
2021S051635060004,675
2021S051635060005,2535
2021S051635060007,1160
2021S051635060008,1847
2021S051635060012,6323
2021S051635060013,920
2021S051635060017,3298
2021S051635060018,1176
2021S051635060019,991
2021S051635060023,1846
2021S051635060025,7493
2021S051635060027,18338
2021S051635060028,1722
2021S051635060031,22125
2021S051635060032,50593
2021S051635060033,5060
2021S051635060034,1291
2021S051635060036,9863
2021S051635060040,13063
2021S051635060043,2322
2021S051635060044,7954
2021S051635060045,612
2021S051635060052,5972
2021S051635060053,5803
2021S051635060057,6536
2021S051635060061,1203
2021S051635060062,769
2021S051635060063,2336
2021S051635060064,2868
2021S051635060066,2480
2021S051635060069,1059
2021S051635060071,2854
2021S051635060074,1853
2021S051635060081,365
2021S051635060083,8551
2021S051635060084,5985
2021S051635060090,3459
2021S051635060097,591
2021S051635060101,2866
2021S051635060102,2578
2021S051635060106,856
2021S051635060107,6366
2021S051635060108,2640
2021S051635060109,1229
2021S051635060111,1847
2021S051635060112,1322
2021S051635060114,1442
2021S051635060116,1904
2021S051635060117,742
2021S051635060118,1056
2021S051635060119,3458
2021S051635060122,7695
2021S051635060123,8437
2021S051635060124,5448
2021S051635060125,2519
2021S051635060126,5018
2021S051635060127,1137
2021S051635060129,6026
2021S051635060130,6585
2021S051635060131,975
2021S051635060132,3176
2021S051635060133,6271
2021S051635060134,1971
2021S051635060136,7284
2021S051635060137,10663
2021S051635060138,4415
2021S051635060139,4340
2021S051635060140,6696
2021S051635060141,5250
2021S051635060142,5549
2021S051635060143,3836
2021S051635060144,5472
2021S051635060145,1737
2021S051635060146,2805
2021S051635060147,4264
2021S051635060148,28605
2021S051635060149,5428
2021S051635060151,7365
2021S051635060152,1843
2021S051635060153,4678
2021S051635060154,3367
2021S051635060155,7214
2021S051635060156,1862
2021S051635060157,1541
2021S051635060158,4692
2021S051635060159,9039
2021S051635060160,2641
2021S051635060161,4835
2021S051635060162,4365
2021S051635060163,1083
2021S051635060164,9647
2021S051635060165,24141
2021S051635060166,11745
2021S051635060167,9861
2021S051635060168,2832
2021S051635070003,4518
2021S051635070004,3320
2021S051635070005,773
2021S051635070006,2332
2021S051635070007,1882
2021S051635070009,2558
2021S051635070010,7570
2021S051635070011,2243
2021S051635070012,2965
2021S051635070013,4839
2021S051635072000,7009
2021S051635090002,767
2021S051635090005,7460
2021S051635090006,1243
2021S051635090007,304
2021S051635090008,7480
2021S051635090009,4173
2021S051635090010,298
2021S051635090011,7213
2021S051635100001,1418
2021S051635100002,1109
2021S051635100003,825
2021S051635100004,3815
2021S051635100005,783
2021S051635100006,12763
2021S051635100007,313
2021S051635100008,3079
2021S051635100009,9731
2021S051635100010,2428
2021S051635100011,12834
2021S051635100012,5534
2021S051635100013,10665
2021S051635100014,3227
2021S051635100015,1222
2021S051635100016,1910
2021S051635100017,1873
2021S051635100018,1484
2021S051635110001,1903
2021S051635110002,1957
2021S051635110003,6796
2021S051635110004,1717
2021S051635110005,2231
2021S051635120001,4930
2021S051635120002,1436
2021S051635120003,1043
2021S051635120004,1145
2021S051635120005,934
2021S051635120007,6546
2021S051635120008,3465
2021S051635120010,1621
2021S051635120011,3044
2021S051635120013,7436
2021S051635120014,2000
2021S051635120015,6487
2021S051635120016,4365
2021S051635120017,385
2021S051635120018,2148
2021S051635120019,4603
2021S051635120020,1297
2021S051635120021,1521
2021S051635120022,5727
2021S051635122000,579
2021S051635130001,1544
2021S051635130002,5724
2021S051635130003,2728
2021S051635140001,4270
2021S051635140002,2890
2021S051635140003,1165
2021S051635140004,2014
2021S051635140006,712
2021S051635140007,3287
2021S051635140008,6431
2021S051635140009,7735
2021S051635140010,4422
2021S051635150001,3524
2021S051635150002,1504
2021S051635150003,1338
2021S051635150004,1681
2021S051635150005,202
2021S051635150006,4118
2021S051635150007,3529
2021S051635150008,2267
2021S051635150009,3661
2021S051635150010,3144
2021S051635150011,2250
2021S051635150012,2040
2021S051635150013,10455
2021S051635150014,5447
2021S051635150015,4435
2021S051635150016,1042
2021S051635150017,1537
2021S051635150018,3264
2021S051635150019,10654
2021S051635150020,428
2021S051635160001,1230
2021S051635160002,4966
2021S051635160003,1287
2021S051635160004,4003
2021S051635160005,2427
2021S051635160006,1457
2021S051635160007,1650
2021S051635160008,6899
2021S051635180001,3783
2021S051635180002,1912
2021S051635180003,4718
2021S051635180004,1771
2021S051635180006,1908
2021S051635180007,7476
2021S051635180008,1593
2021S051635180009,4437
2021S051635180010,2341
2021S051635180011,4757
2021S051635180012,2491
2021S051635180013,2159
2021S051635180015,1399
2021S051635180017,2973
2021S051635180019,4739
2021S051635180020,2534
2021S051635180022,4229
2021S051635180024,610
2021S051635180025,821
2021S051635180026,1531
2021S051635180027,1071
2021S051635180028,2440
2021S051635180029,2506
2021S051635180030,327
2021S051635180031,812
2021S051635180032,7279
2021S051635180033,922
2021S051635180034,2016
2021S051635180035,1008
2021S051635180036,1133
2021S051635180037,6515
2021S051635180038,780
2021S051635180039,1247
2021S051635180040,2413
2021S051635180041,2883
2021S051635180043,1899
2021S051635180045,5637
2021S051635180048,4140
2021S051635180049,11658
2021S051635180050,6046
2021S051635180053,852
2021S051635180054,9892
2021S051635180055,2587
2021S051635180056,531
2021S051635180057,1682
2021S051635180058,326
2021S051635180060,1985
2021S051635180061,317
2021S051635180062,1183
2021S051635180063,1603
2021S051635180066,1918
2021S051635180067,469
2021S051635180068,783
2021S051635180069,2039
2021S051635180070,4362
2021S051635180071,8130
2021S051635180072,14388
2021S051635180073,1282
2021S051635180074,726
2021S051635180075,396
2021S051635180076,635
2021S051635180077,3895
2021S051635180078,1634
2021S051635180079,942
2021S051635180080,1272
2021S051635180081,4986
2021S051635180082,878
2021S051635180083,1580
2021S051635180084,2190
2021S051635180085,7125
2021S051635182000,5427
2021S051635182001,581
2021S051635182002,999
2021S051635182003,1239
2021S051635182005,2189
2021S051635182006,9154
2021S051635182011,1348
2021S051635182012,1626
2021S051635190001,2003
2021S051635190002,1221
2021S051635190004,2144
2021S051635190006,4004
2021S051635190007,2018
2021S051635190008,873
2021S051635190009,4629
2021S051635190010,7181
2021S051635190011,7561
2021S051635190012,2533
2021S051635190013,2055
2021S051635190014,11518
2021S051635190015,1364
2021S051635190016,7410
2021S051635190017,4693
2021S051635190018,7048
2021S051635190019,4832
2021S051635190020,3180
2021S051635190021,1348
2021S051635190022,3681
2021S051635190023,5752
2021S051635190024,3540
2021S051635190025,2360
2021S051635190026,2711
2021S051635190027,2072
2021S051635190028,14718
2021S051635190029,3429
2021S051635190030,5666
2021S051635190031,3684
2021S051635190032,1115
2021S051635190034,1552
2021S051635190035,1934
2021S051635190036,2292
2021S051635190037,1496
2021S051635190038,3473
2021S051635190039,1510
2021S051635190040,2249
2021S051635190041,1908
2021S051635190042,1609
2021S051635190043,1035
2021S051635190044,2480
2021S051635190045,2275
2021S051635190046,1119
2021S051635190047,1630
2021S051635190048,492
2021S051635190049,2625
2021S051635190050,2422
2021S051635190051,5573
2021S051635190052,608
2021S051635190053,1842
2021S051635190054,2505
2021S051635190055,5337
2021S051635190057,1171
2021S051635190058,1676
2021S051635190059,2448
2021S051635190060,584
2021S051635190061,1559
2021S051635190062,1914
2021S051635190063,5104
2021S051635190064,21592
2021S051635190065,5197
2021S051635190066,1335
2021S051635190067,2094
2021S051635190071,6656
2021S051635190072,2644
2021S051635190073,1380
2021S051635190074,2222
2021S051635190075,2059
2021S051635190077,2869
2021S051635190081,28554
2021S051635190083,519
2021S051635190085,1536
2021S051635190086,592
2021S051635190087,521
2021S051635190088,2836
2021S051635190089,3057
2021S051635190090,497
2021S051635190093,2392
2021S051635190095,1911
2021S051635190096,3757
2021S051635190099,2446
2021S051635190100,5266
2021S051635190101,1335
2021S051635190102,1794
2021S051635190103,2287
2021S051635190104,2984
2021S051635190106,10307
2021S051635190107,1973
2021S051635190108,3547
2021S051635190109,111835
2021S051635190111,1255
2021S051635190112,2548
2021S051635190114,1040
2021S051635190115,3529
2021S051635190117,2289
2021S051635190118,529
2021S051635190119,3247
2021S051635190120,1142
2021S051635190121,5566
2021S051635190122,4431
2021S051635190123,686
2021S051635190124,2299
2021S051635190125,27177
2021S051635190126,4429
2021S051635190127,1167
2021S051635190128,834
2021S051635190129,1261
2021S051635190130,12049
2021S051635190131,27391
2021S051635190132,5315
2021S051635190133,4576
2021S051635190134,2160
2021S051635190148,2753
2021S051635190150,3078
2021S051635190151,931
2021S051635190152,665
2021S051635190157,86154
2021S051635190158,2101
2021S051635190159,4828
2021S051635190160,2402
2021S051635190164,950
2021S051635190165,1467
2021S051635190166,4806
2021S051635190167,5615
2021S051635190168,4132
2021S051635190169,1712
2021S051635190170,2224
2021S051635190171,1113
2021S051635190172,1651
2021S051635190173,1966
2021S051635190174,5336
2021S051635190175,2946
2021S051635190176,1844
2021S051635190177,1722
2021S051635200001,5955
2021S051635200002,10571
2021S051635200003,10379
2021S051635200004,428
2021S051635200005,2256
2021S051635200006,558
2021S051635200007,1534
2021S051635200008,3175
2021S051635200009,281
2021S051635200011,9294
2021S051635200012,453
2021S051635200014,1031
2021S051635200015,3155
2021S051635200016,509
2021S051635200017,4374
2021S051635200018,2822
2021S051635200019,1033
2021S051635200020,699
2021S051635200021,459
2021S051635200022,1141
2021S051635200024,5473
2021S051635200025,12854
2021S051635200026,911
2021S051635200027,649
2021S051635200028,9962
2021S051635200029,3717
2021S051635200030,1936
2021S051635200035,1041
2021S051635200036,1978
2021S051635200037,1177
2021S051635200038,1641
2021S051635200040,1851
2021S051635200041,3221
2021S051635200042,1689
2021S051635200044,1934
2021S051635200045,796
2021S051635200046,983
2021S051635200047,10701
2021S051635200049,1536
2021S051635200050,1354
2021S051635200051,2160
2021S051635200052,4741
2021S051635200053,1333
2021S051635200054,445
2021S051635200055,1894
2021S051635200056,420
2021S051635200057,2918
2021S051635200058,810
2021S051635200059,2432
2021S051635200060,5300
2021S051635200061,3809
2021S051635200062,5261
2021S051635200063,1268
2021S051635200064,910
2021S051635200065,6518
2021S051635200066,2426
2021S051635200067,1385
2021S051635200068,7135
2021S051635200069,8016
2021S051635200070,24131
2021S051635200071,2638
2021S051635200072,2075
2021S051635200073,812
2021S051635200075,1711
2021S051635200077,4991
2021S051635200078,1143
2021S051635200079,1494
2021S051635200080,1552
2021S051635200082,650
2021S051635200083,41295
2021S051635200085,14711
2021S051635200086,746
2021S051635200087,1556
2021S051635200088,1296
2021S051635200089,11582
2021S051635200090,8608
2021S051635200091,748
2021S051635200092,3776
2021S051635200093,504
2021S051635200095,1107
2021S051635200096,1488
2021S051635200097,1348
2021S051635200098,16883
2021S051635200099,8027
2021S051635200100,1186
2021S051635200101,13214
2021S051635200102,1184
2021S051635200103,2191
2021S051635200104,10087
2021S051635200105,702
2021S051635200106,4332
2021S051635200108,1709
2021S051635200109,4188
2021S051635200110,23164
2021S051635200111,972
2021S051635200115,278
2021S051635200116,163
2021S051635200117,264
2021S051635200118,1636
2021S051635200120,22258
2021S051635200121,10555
2021S051635200122,679
2021S051635200123,6924
2021S051635200124,4391
2021S051635200125,1672
2021S051635200126,4366
2021S051635200127,251
2021S051635200128,6988
2021S051635200129,3493
2021S051635200132,647
2021S051635200133,5097
2021S051635200134,5035
2021S051635200135,6253
2021S051635200136,568
2021S051635200137,695
2021S051635200138,1685
2021S051635200139,2184
2021S051635200141,1771
2021S051635200142,4088
2021S051635200144,1843
2021S051635200145,7158
2021S051635200146,6666
2021S051635200148,968
2021S051635200149,1369
2021S051635200151,718
2021S051635200153,1180
2021S051635200154,2020
2021S051635200155,10769
2021S051635200156,1324
2021S051635200157,6039
2021S051635200158,24800
2021S051635200159,2329
2021S051635200160,3552
2021S051635200161,4020
2021S051635200162,1782
2021S051635200163,1535
2021S051635200164,3142
2021S051635200165,1154
2021S051635200166,1969
2021S051635200168,343
2021S051635200169,15746
2021S051635200171,9087
2021S051635200172,5456
2021S051635200173,472
2021S051635200174,15467
2021S051635200176,2171
2021S051635200177,668
2021S051635200178,1291
2021S051635200179,1304
2021S051635200180,1776
2021S051635200181,1322
2021S051635200182,7349
2021S051635200183,5297
2021S051635200184,3156
2021S051635200187,7845
2021S051635200188,1383
2021S051635200189,2627
2021S051635200190,998
2021S051635200191,95
2021S051635200192,6008
2021S051635200195,1543
2021S051635200196,46540
2021S051635200197,1149
2021S051635200198,9881
2021S051635200199,3129
2021S051635200200,2672
2021S051635200201,5169
2021S051635200203,772
2021S051635200204,972
2021S051635200205,1317
2021S051635200206,2491
2021S051635200207,10523
2021S051635200208,1109
2021S051635200209,2754
2021S051635200210,1877
2021S051635200211,1888
2021S051635200212,3070
2021S051635200214,1598
2021S051635200215,1404
2021S051635200216,1144
2021S051635200217,2516
2021S051635200218,2640
2021S051635200219,1321
2021S051635200220,12650
2021S051635200221,1253
2021S051635200222,1015
2021S051635200223,3697
2021S051635200224,899
2021S051635200226,16183
2021S051635200228,1938
2021S051635200229,4780
2021S051635200230,1866
2021S051635200232,22300
2021S051635200233,24767
2021S051635200234,4283
2021S051635200236,2033
2021S051635200237,2299
2021S051635200238,2847
2021S051635200241,8071
2021S051635200242,5702
2021S051635200243,1376
2021S051635200244,15105
2021S051635200245,1516
2021S051635200246,257
2021S051635200247,5906
2021S051635200248,5954
2021S051635200249,11376
2021S051635200250,716
2021S051635200252,10419
2021S051635200253,2625
2021S051635200255,6789
2021S051635200256,735
2021S051635200257,4032
2021S051635200258,2112
2021S051635200259,1557
2021S051635200260,2117
2021S051635200261,194
2021S051635200262,3118
2021S051635200263,1541
2021S051635200264,8299
2021S051635200265,50788
2021S051635200267,16551
2021S051635200268,1653
2021S051635200269,205897
2021S051635200270,4910
2021S051635200272,3043
2021S051635200273,22480
2021S051635200274,2603
2021S051635200275,2840
2021S051635200278,7558
2021S051635200282,4775
2021S051635200284,5525
2021S051635200285,5087
2021S051635200286,1619
2021S051635200288,1901
2021S051635200289,3586
2021S051635200290,1176
2021S051635200291,28676
2021S051635200292,2832
2021S051635200293,9331
2021S051635200295,1458
2021S051635200296,6971
2021S051635200297,2876
2021S051635200299,1029
2021S051635200300,2681
2021S051635200301,3369
2021S051635200302,3577
2021S051635200303,5327
2021S051635200304,5162
2021S051635200306,1962
2021S051635200307,14384
2021S051635200308,1144
2021S051635200309,11518
2021S051635200310,1210
2021S051635200311,7672
2021S051635200313,529
2021S051635200314,4832
2021S051635200316,3320
2021S051635200318,9135
2021S051635200320,2595
2021S051635200321,1770
2021S051635200323,2929
2021S051635200324,5152
2021S051635200325,1122
2021S051635200326,1835
2021S051635200327,6341
2021S051635200328,5248
2021S051635200329,7001
2021S051635200330,3612
2021S051635200331,8144
2021S051635200332,20297
2021S051635200333,11093
2021S051635200334,68193
2021S051635200335,4857
2021S051635200336,3338
2021S051635202000,10801
2021S051635202001,3786
2021S051635202003,41036
2021S051635202004,1017
2021S051635210001,3941
2021S051635210002,3026
2021S051635210003,1865
2021S051635210004,624
2021S051635210005,3665
2021S051635210006,18024
2021S051635210007,2441
2021S051635210011,2442
2021S051635210012,3505
2021S051635210014,1566
2021S051635210019,1357
2021S051635210020,2141
2021S051635210021,2019
2021S051635210022,2051
2021S051635210023,1876
2021S051635210025,1126
2021S051635210026,942
2021S051635210027,1226
2021S051635210028,614
2021S051635210029,1205
2021S051635210030,845
2021S051635210031,1303
2021S051635210032,1895
2021S051635210034,569
2021S051635210035,748
2021S051635210036,1714
2021S051635210037,6593
2021S051635210038,2193
2021S051635210039,909
2021S051635210040,1610
2021S051635210041,7990
2021S051635210042,786
2021S051635210043,6556
2021S051635210044,982
2021S051635210046,1192
2021S051635210047,1490
2021S051635210048,1524
2021S051635210049,6662
2021S051635210050,400
2021S051635210051,30566
2021S051635210052,2202
2021S051635210053,1528
2021S051635210055,757
2021S051635210057,1846
2021S051635210058,1575
2021S051635210059,1536
2021S051635210060,6217
2021S051635210061,90102
2021S051635210062,1558
2021S051635210063,1362
2021S051635210064,807
2021S051635210067,1819
2021S051635210068,804
2021S051635210069,6704
2021S051635210070,577
2021S051635210071,2273
2021S051635210072,1964
2021S051635210073,912
2021S051635210074,974
2021S051635210075,718
2021S051635210076,1797
2021S051635210077,1965
2021S051635210079,4744
2021S051635210080,13344
2021S051635210082,640
2021S051635210083,1083
2021S051635210084,12734
2021S051635210086,712
2021S051635210087,22790
2021S051635210088,1693
2021S051635210089,19878
2021S051635210090,1492
2021S051635210091,5825
2021S051635210093,1112
2021S051635210094,1907
2021S051635210095,678
2021S051635210096,6068
2021S051635210097,1110
2021S051635210098,3154
2021S051635210100,1946
2021S051635210101,2758
2021S051635210102,3309
2021S051635210103,624
2021S051635210106,3797
2021S051635210107,36587
2021S051635210108,924
2021S051635210109,657
2021S051635210110,389
2021S051635210111,1953
2021S051635210112,176
2021S051635210113,4595
2021S051635210114,976
2021S051635210116,2911
2021S051635210117,1219
2021S051635210119,610
2021S051635210120,2142
2021S051635210121,5956
2021S051635210122,1372
2021S051635210123,246
2021S051635210124,1849
2021S051635210125,1613
2021S051635210126,2728
2021S051635210127,233
2021S051635210128,3470
2021S051635210129,1548
2021S051635210130,8012
2021S051635210131,683
2021S051635210132,1060
2021S051635210133,2945
2021S051635210134,3613
2021S051635210135,1073
2021S051635210136,326
2021S051635210137,870
2021S051635210138,1141
2021S051635210139,451
2021S051635210140,1130
2021S051635210141,3467
2021S051635210142,1674
2021S051635210143,1849
2021S051635210144,4555
2021S051635210145,564
2021S051635210146,650
2021S051635210148,8757
2021S051635210149,841
2021S051635210151,1453
2021S051635210152,680
2021S051635210155,1612
2021S051635210156,2743
2021S051635210157,5976
2021S051635210158,1194
2021S051635210159,640
2021S051635210160,9984
2021S051635210161,9908
2021S051635210162,1860
2021S051635210163,1206
2021S051635210164,564
2021S051635210165,1695
2021S051635210166,686
2021S051635210167,525
2021S051635210168,6784
2021S051635210169,8334
2021S051635210170,5254
2021S051635210171,1935
2021S051635210172,2525
2021S051635210173,48086
2021S051635210174,4765
2021S051635210175,1736
2021S051635210176,5056
2021S051635210177,137310
2021S051635210178,1542
2021S051635210179,22268
2021S051635210180,938
2021S051635210181,3167
2021S051635210182,3037
2021S051635210183,1446
2021S051635210184,5215
2021S051635210185,1828
2021S051635210186,8471
2021S051635210187,1192
2021S051635210188,19083
2021S051635210189,1800
2021S051635210190,1256
2021S051635210191,999
2021S051635210192,918
2021S051635210193,2289
2021S051635220001,1902
2021S051635220003,2121
2021S051635220004,3645
2021S051635220005,6628
2021S051635220006,648
2021S051635220007,4778
2021S051635220008,2197
2021S051635220009,3108
2021S051635230001,6590
2021S051635230002,4263
2021S051635230003,3433
2021S051635230004,1493
2021S051635230005,3621
2021S051635230006,5475
2021S051635230007,3002
2021S051635230008,4000
2021S051635230009,2671
2021S051635230013,6917
2021S051635230024,7909
2021S051635230025,2802
2021S051635230026,29487
2021S051635230027,5394
2021S051635230028,1598
2021S051635230029,3123
2021S051635230030,10848
2021S051635230031,1714
2021S051635230032,3294
2021S051635230033,538
2021S051635230034,6085
2021S051635230035,4516
2021S051635230036,3502
2021S051635230037,3489
2021S051635240001,2980
2021S051635240002,12889
2021S051635240003,2777
2021S051635240004,2483
2021S051635240005,2377
2021S051635240006,3559
2021S051635240007,6044
2021S051635240009,20365
2021S051635240010,22972
2021S051635240011,7983
2021S051635240014,1877
2021S051635240016,9217
2021S051635240017,790
2021S051635240018,2932
2021S051635240019,3305
2021S051635240020,2302
2021S051635240021,1995
2021S051635240022,10965
2021S051635240023,4290
2021S051635240024,3931
2021S051635240025,591
2021S051635240026,2035
2021S051635240027,1146
2021S051635240028,8684
2021S051635240029,3813
2021S051635240030,16840
2021S051635240031,2883
2021S051635240032,1567
2021S051635240033,794
2021S051635240034,5095
2021S051635240035,1210
2021S051635240036,3821
2021S051635240037,11718
2021S051635240039,2225
2021S051635240043,2772
2021S051635240044,2050
2021S051635240045,1952
2021S051635240046,1951
2021S051635240047,7993
2021S051635240048,1176
2021S051635240049,9031
2021S051635240050,1772
2021S051635240051,13819
2021S051635240052,1514
2021S051635240053,2631
2021S051635240054,3192
2021S051635240055,3815
2021S051635240056,9167
2021S051635240057,7250
2021S051635240058,4736
2021S051635240059,1570
2021S051635240060,1367
2021S051635240061,3208
2021S051635240062,2791
2021S051635240063,1214
2021S051635240064,1647
2021S051635240065,4297
2021S051635240066,1999
2021S051635240067,30063
2021S051635240068,1142
2021S051635242001,4767
2021S051635250001,2885
2021S051635250002,6395
2021S051635250005,13097
2021S051635250006,1305
2021S051635250007,3781
2021S051635250008,11451
2021S051635250009,2144
2021S051635250010,17769
2021S051635250011,2610
2021S051635250012,13058
2021S051635250013,4236
2021S051635250014,5020
2021S051635250015,1229
2021S051635250016,1143
2021S051635250017,1259
2021S051635250019,1962
2021S051635250020,8811
2021S051635250021,2114
2021S051635250022,4772
2021S051635250023,1565
2021S051635250024,11636
2021S051635250025,3849
2021S051635250026,3147
2021S051635250027,1432
2021S051635250028,1019
2021S051635250029,2403
2021S051635250030,1452
2021S051635250031,1375
2021S051635250032,1360
2021S051635250033,2786
2021S051635250034,807
2021S051635250035,2746
2021S051635250036,2215
2021S051635250037,913
2021S051635250038,3621
2021S051635250039,552
2021S051635250040,2361
2021S051635250041,467
2021S051635250042,882
2021S051635250043,324
2021S051635250044,1279
2021S051635250045,1056
2021S051635250046,1155
2021S051635250047,1224
2021S051635250048,2271
2021S051635250050,4227
2021S051635250051,2117
2021S051635250052,1344
2021S051635250053,3190
2021S051635250054,1679
2021S051635250055,464
2021S051635250056,12123
2021S051635250058,1849
2021S051635250059,2570
2021S051635250060,995
2021S051635250061,1423
2021S051635250063,1159
2021S051635250064,1559
2021S051635250067,4550
2021S051635250068,2253
2021S051635250069,7106
2021S051635250070,5786
2021S051635250071,3708
2021S051635250072,4353
2021S051635250073,4195
2021S051635250074,1165
2021S051635260001,17893
2021S051635260003,2240
2021S051635260004,1305
2021S051635260005,5263
2021S051635260010,5770
2021S051635260013,5155
2021S051635260017,10405
2021S051635260018,3948
2021S051635260020,2780
2021S051635260022,3061
2021S051635260023,2312
2021S051635260024,3966
2021S051635260027,7026
2021S051635260028,3125
2021S051635260030,4070
2021S051635260031,3008
2021S051635260033,11985
2021S051635260034,5401
2021S051635260035,7639
2021S051635260036,2388
2021S051635260037,3723
2021S051635260040,5676
2021S051635260042,1972
2021S051635260043,1561
2021S051635260044,4396
2021S051635260046,1170
2021S051635260047,5293
2021S051635260048,2520
2021S051635260051,1908
2021S051635260052,6526
2021S051635260053,11620
2021S051635260054,5373
2021S051635260055,5851
2021S051635260056,4507
2021S051635260057,2908
2021S051635260058,4716
2021S051635260059,4033
2021S051635260060,3970
2021S051635260061,8611
2021S051635260062,3458
2021S051635260063,4067
2021S051635260064,7494
2021S051635260065,2697
2021S051635280001,4988
2021S051635280002,3411
2021S051635280003,3
2021S051635280005,3484
2021S051635280006,2035
2021S051635280008,4152
2021S051635280018,1245
2021S051635280019,1421
2021S051635280020,3951
2021S051635280021,6192
2021S051635280022,5118
2021S051635280023,1740
2021S051635280024,2620
2021S051635280025,1235
2021S051635280026,4349
2021S051635290001,3793
2021S051635290002,3215
2021S051635290003,3153
2021S051635290004,861
2021S051635290005,2990
2021S051635290006,19794
2021S051635290007,2788
2021S051635290008,768
2021S051635290009,2436
2021S051635290010,6550
2021S051635290011,1949
2021S051635290012,2247
2021S051635290013,3920
2021S051635290014,3030
2021S051635290015,2523
2021S051635290016,904
2021S051635290017,5713
2021S051635290019,178
2021S051635290020,2242
2021S051635300001,5296
2021S051635300002,5196
2021S051635300004,12266
2021S051635300005,12498
2021S051635300007,9174
2021S051635300008,12699
2021S051635300010,2687
2021S051635300011,501
2021S051635300013,13970
2021S051635300014,4334
2021S051635300015,1320
2021S051635300016,3632
2021S051635300017,1748
2021S051635300019,5163
2021S051635300021,980
2021S051635300022,16758
2021S051635300023,638
2021S051635300024,1658
2021S051635300025,4019
2021S051635300026,5995
2021S051635300027,12727
2021S051635300028,1321
2021S051635300029,2480
2021S051635300030,1757
2021S051635300031,2070
2021S051635300033,2994
2021S051635300034,959
2021S051635300036,1586
2021S051635300039,2418
2021S051635300041,6351
2021S051635300042,6627
2021S051635300043,13288
2021S051635300044,2374
2021S051635300045,406
2021S051635300046,1813
2021S051635300047,3296
2021S051635300048,1693
2021S051635300050,2689
2021S051635300051,1057
2021S051635300052,649
2021S051635300053,1435
2021S051635300054,4935
2021S051635300056,11323
2021S051635300058,2055
2021S051635300061,285
2021S051635300062,587
2021S051635300063,1878
2021S051635300064,7763
2021S051635300065,12132
2021S051635300066,1308
2021S051635300067,29701
2021S051635300068,1827
2021S051635300069,18753
2021S051635300070,1276
2021S051635300071,1717
2021S051635300072,3239
2021S051635300073,4232
2021S051635300074,1778
2021S051635302000,5005
2021S051635302001,3300
2021S051635310001,9432
2021S051635310002,3162
2021S051635310003,4615
2021S051635310004,7975
2021S051635310005,5078
2021S051635310006,2548
2021S051635310009,8751
2021S051635310010,7488
2021S051635320001,2400
2021S051635320002,3061
2021S051635320003,3033
2021S051635320005,4390
2021S051635320007,780
2021S051635320008,8008
2021S051635320010,1922
2021S051635320011,7058
2021S051635320012,1399
2021S051635320013,9158
2021S051635320014,5874
2021S051635320015,9509
2021S051635320016,3484
2021S051635340001,995
2021S051635340002,1119
2021S051635340003,2328
2021S051635340004,1165
2021S051635340005,7390
2021S051635340006,4410
2021S051635340007,2828
2021S051635340008,4588
2021S051635340009,3895
2021S051635340010,4071
2021S051635340011,1265
2021S051635340012,2695
2021S051635360001,2747
2021S051635360002,4060
2021S051635360003,3966
2021S051635360004,89
2021S051635360005,3462
2021S051635360006,3032
2021S051635360007,685
2021S051635360008,3123
2021S051635360009,4491
2021S051635360010,5725
2021S051635360011,4147
2021S051635360012,8205
2021S051635360013,3949
2021S051635362000,885
2021S051635362001,1386
2021S051635362002,1875
2021S051635362003,478
2021S051635370001,2423
2021S051635370002,5255
2021S051635370003,2603
2021S051635370004,8416
2021S051635370005,3808
2021S051635370006,697
2021S051635370007,1513
2021S051635370008,311
2021S051635370009,1352
2021S051635370010,778
2021S051635370011,1394
2021S051635370013,4027
2021S051635370014,8832
2021S051635370015,3180
2021S051635370016,9176
2021S051635370017,3137
2021S051635370018,820
2021S051635370019,11967
2021S051635370020,6097
2021S051635370021,1290
2021S051635370022,2112
2021S051635370023,4644
2021S051635370024,2260
2021S051635370025,2003
2021S051635370026,2871
2021S051635370027,1946
2021S051635370028,7712
2021S051635370029,1926
2021S051635370030,1091
2021S051635370031,5166
2021S051635370032,5980
2021S051635370033,2695
2021S051635370035,1529
2021S051635370036,893
2021S051635370037,4022
2021S051635370038,2906
2021S051635370039,800
2021S051635370043,2578
2021S051635370044,604
2021S051635370047,3676
2021S051635370050,92
2021S051635370051,14433
2021S051635370052,1216
2021S051635370053,4622
2021S051635370054,7160
2021S051635370055,9368
2021S051635370056,5413
2021S051635370057,3868
2021S051635370058,8303
2021S051635370059,3403
2021S051635370060,2381
2021S051635380001,5119
2021S051635380002,346
2021S051635380003,2301
2021S051635380004,2329
2021S051635380005,2142
2021S051635380006,519
2021S051635380007,767
2021S051635380008,8855
2021S051635380009,803
2021S051635380010,1945
2021S051635380011,2379
2021S051635380013,3832
2021S051635380014,6483
2021S051635380015,3795
2021S051635380016,3506
2021S051635380017,0
2021S051635380018,2615
2021S051635380604,1768
2021S051635380605,7065
2021S051635380606,2900
2021S051635390001,3144
2021S051635390002,4880
2021S051635390003,2650
2021S051635390004,4853
2021S051635390005,9347
2021S051635390006,19611
2021S051635390007,570
2021S051635390008,1046
2021S051635390009,3044
2021S051635390010,4205
2021S051635390011,185
2021S051635390012,6837
2021S051635390013,1057
2021S051635390014,2618
2021S051635390015,3888
2021S051635390016,1903
2021S051635390017,1673
2021S051635390018,5029
2021S051635390019,1904
2021S051635390020,3877
2021S051635390021,2607
2021S051635390022,8378
2021S051635390023,9493
2021S051635390024,494
2021S051635390025,1537
2021S051635390026,28447
2021S051635390027,1742
2021S051635390028,20457
2021S051635390029,1603
2021S051635390030,3810
2021S051635390031,5505
2021S051635390032,1961
2021S051635390033,2685
2021S051635390034,2549
2021S051635390035,3509
2021S051635390036,1254
2021S051635390037,1144
2021S051635390038,2040
2021S051635390039,1947
2021S051635390040,17735
2021S051635390041,2551
2021S051635390042,3204
2021S051635390043,3917
2021S051635390044,2188
2021S051635390045,824
2021S051635390046,716
2021S051635390047,628
2021S051635390048,2567
2021S051635390049,6849
2021S051635390050,3261
2021S051635390051,1763
2021S051635390052,4275
2021S051635390053,4158
2021S051635390054,428
2021S051635390056,2660
2021S051635400001,5339
2021S051635400002,281
2021S051635400003,3712
2021S051635400004,3045
2021S051635400005,6096
2021S051635400006,3390
2021S051635400007,6873
2021S051635410001,5413
2021S051635410002,200
2021S051635410003,153
2021S051635410004,2366
2021S051635410005,5040
2021S051635410006,6555
2021S051635410007,5139
2021S051635410008,1698
2021S051635410009,1471
2021S051635412000,0
2021S051635420001,7000
2021S051635420002,2751
2021S051635420003,4746
2021S051635420004,7481
2021S051635420005,1455
2021S051635420006,4780
2021S051635420007,4502
2021S051635420008,1153
2021S051635420009,932
2021S051635420010,3939
2021S051635420011,6128
2021S051635430001,4614
2021S051635430002,2455
2021S051635430003,2114
2021S051635430005,4015
2021S051635430006,1150
2021S051635430007,1610
2021S051635430011,183
2021S051635430012,4559
2021S051635430013,1144
2021S051635430014,4735
2021S051635430015,5531
2021S051635430016,3004
2021S051635430019,2642
2021S051635430020,2950
2021S051635430021,1099
2021S051635430022,4052
2021S051635430023,1826
2021S051635430025,5258
2021S051635430026,4602
2021S051635430027,5107
2021S051635430028,5126
2021S051635430029,4453
2021S051635430030,3797
2021S051635430031,1266
2021S051635430033,13514
2021S051635430034,4607
2021S051635430035,326
2021S051635430036,1227
2021S051635430037,3412
2021S051635430038,1238
2021S051635430039,1108
2021S051635430040,908
2021S051635430041,1665
2021S051635430042,1190
2021S051635430043,3253
2021S051635430044,899
2021S051635430046,2052
2021S051635430047,8237
2021S051635430049,1782
2021S051635430050,2604
2021S051635430051,1551
2021S051635430053,2366
2021S051635430057,4175
2021S051635430058,5601
2021S051635430059,6740
2021S051635430060,1150
2021S051635430062,4845
2021S051635430063,3041
2021S051635430064,1719
2021S051635430065,1571
2021S051635430066,3189
2021S051635430067,2679
2021S051635430068,5374
2021S051635430069,10602
2021S051635430070,1462
2021S051635432000,1827
2021S051635432001,24085
2021S051635440001,1809
2021S051635440002,5806
2021S051635440003,6461
2021S051635440004,5766
2021S051635440005,10700
2021S051635440008,5503
2021S051635460001,2639
2021S051635460002,4067
2021S051635470001,1971
2021S051635470002,962
2021S051635470003,2247
2021S051635470004,2488
2021S051635470005,3989
2021S051635470006,9509
2021S051635470007,1359
2021S051635470008,1738
2021S051635470009,3063
2021S051635470012,6031
2021S051635470013,255
2021S051635470014,906
2021S051635470015,5318
2021S051635480001,1648
2021S051635480002,172
2021S051635480003,3599
2021S051635480005,341
2021S051635480007,353
2021S051635480009,1316
2021S051635480011,2801
2021S051635480021,3647
2021S051635480023,4348
2021S051635480024,10248
2021S051635480025,2165
2021S051635480026,5904
2021S051635480027,3281
2021S051635482000,534
2021S051635490001,2034
2021S051635490002,596
2021S051635490003,1231
2021S051635490004,243
2021S051635490005,117
2021S051635490006,0
2021S051635490007,209
2021S051635490008,3154
2021S051635490009,109
2021S051635490010,5592
2021S051635490011,0
2021S051635490012,2669
2021S051635510001,4773
2021S051635510002,98
2021S051635510003,75
2021S051635510004,1057
2021S051635510006,84
2021S051635510008,443
2021S051635520001,1708
2021S051635520002,14
2021S051635520005,43
2021S051635520007,222
2021S051635520008,3680
2021S051635520009,1277
2021S051635520010,152
2021S051635522000,158
2021S051635530001,3398
2021S051635530002,7
2021S051635530003,3088
2021S051635530004,841
2021S051635530005,823
2021S051635530006,3963
2021S051635530007,1023
2021S051635530008,2080
2021S051635530009,2643
2021S051635530010,4122
2021S051635530011,1707
2021S051635530012,8666
2021S051635530013,5264
2021S051635530014,3412
2021S051635530015,5429
2021S051635530016,1754
2021S051635530017,4643
2021S051635530018,6204
2021S051635530019,7434
2021S051635530020,7773
2021S051635530021,6210
2021S051635530022,4889
2021S051635540001,3786
2021S051635540002,3928
2021S051635540004,7777
2021S051635560001,954
2021S051635560002,468
2021S051635560003,1170
2021S051635560005,420
2021S051635560006,3684
2021S051635560007,3527
2021S051635560008,4196
2021S051635560010,2479
2021S051635560011,50
2021S051635560012,6054
2021S051635560013,7809
2021S051635560014,9681
2021S051635560015,348
2021S051635570002,15
2021S051635570004,3132
2021S051635570005,226
2021S051635570006,4441
2021S051635570007,3929
2021S051635570008,8315
2021S051635570009,780
2021S051635570010,92
2021S051635570011,482
2021S051635570012,826
2021S051635570013,1576
2021S051635570014,6166
2021S051635570016,9399
2021S051635570017,3876
2021S051635570020,308
2021S051635570021,42
2021S051635570023,78
2021S051635570604,4182
2021S051635572000,598
2021S051635572001,910
2021S051635580002,353
2021S051635580005,3
2021S051635580006,78
2021S051635580008,359
2021S051635580009,41
2021S051635580011,85
2021S051635580012,127
2021S051635580014,35
2021S051635580018,183
2021S051635580019,594
2021S051635580020,605
2021S051635580021,3018
2021S051635580022,2000
2021S051635580023,2231
2021S051635580024,1884
2021S051635580025,2076
2021S051635580026,819
2021S051635580027,6155
2021S051635580028,4998
2021S051635580030,5069
2021S051635580031,2652
2021S051635580032,5386
2021S051635580033,1019
2021S051635580034,203
2021S051635580035,1247
2021S051635580111,7445
2021S051635580602,25911
2021S051635590001,3402
2021S051635590003,123
2021S051635590004,93
2021S051635590009,0
2021S051635590011,97
2021S051635590013,826
2021S051635590015,6584
2021S051635590017,32
2021S051635600002,153
2021S051635600003,153
2021S051635600004,200
2021S051635600005,322
2021S051635600006,90
2021S051635600007,75
2021S051635600010,150
2021S051635600011,740
2021S051635600012,365
2021S051635600013,425
2021S051635600014,165
2021S051635600015,214
2021S051635600016,198
2021S051635600017,172
2021S051635600019,7
2021S051635600020,385
2021S051635600021,150
2021S051635600022,90
2021S051635600025,117
2021S051635600027,658
2021S051635600028,460
2021S051635600029,165
2021S051635600030,93
2021S051635600032,78
2021S051635600033,83
2021S051635600034,97
2021S051635600035,185
2021S051635600036,150
2021S051635600037,5387
2021S051635600038,35
2021S051635600039,3153
2021S051635600040,8471
2021S051635600041,5543
2021S051635600042,82
2021S051635600044,24
2021S051635600045,309
2021S051635600055,0
2021S051635600603,5956
2021S051646010001,3879
2021S051646010002,2407
2021S051646010005,110
2021S051646020001,2958
2021S051646020002,3720
2021S051646020003,1543
2021S051646020006,15826
2021S051646020007,2360
2021S051646020008,2041
2021S051646020010,281
2021S051646020011,2413
2021S051646020112,5513
2021S051646030001,3337
2021S051646030002,4736
2021S051646030003,1104
2021S051646030004,5316
2021S051646030005,5364
2021S051646030006,13478
2021S051646040001,4376
2021S051646050001,5954
2021S051646060001,5490
2021S051646060002,3
2021S051646070001,2357
2021S051646070002,720
2021S051646070004,41
2021S051646070005,5383
2021S051646070006,11257
2021S051646070007,4359
2021S051646070008,1845
2021S051646070011,199
2021S051646070013,551
2021S051646070014,5963
2021S051646070602,2277
2021S051646072000,1737
2021S051646080001,4319
2021S051646080002,185
2021S051646090002,10200
2021S051646090003,18
2021S051646090902,2735
2021S051646100001,318
2021S051646100002,1014
2021S051646100003,5695
2021S051646110003,1728
2021S051646110006,2967
2021S051646110007,2967
2021S051646110008,12105
2021S051646110009,691
2021S051646110010,1718
2021S051646110011,1919
2021S051646110012,3621
2021S051646110013,3650
2021S051646110014,3582
2021S051646110015,1416
2021S051646110016,4190
2021S051646110018,3432
2021S051646110019,803
2021S051646110020,1916
2021S051646110021,3638
2021S051646110022,1950
2021S051646110023,8981
2021S051646110024,1597
2021S051646110025,4988
2021S051646110026,1865
2021S051646110027,3019
2021S051646110029,9093
2021S051646110030,2354
2021S051646110031,25404
2021S051646110032,4812
2021S051646110033,3737
2021S051646110034,7243
2021S051646110035,29479
2021S051646110036,1739
2021S051646110037,1482
2021S051646110039,1599
2021S051646110040,2008
2021S051646110041,10483
2021S051646110042,17351
2021S051646110043,1082
2021S051646110044,46647
2021S051646110045,2157
2021S051646110046,4796
2021S051646110047,2166
2021S051646110048,3188
2021S051646110049,7923
2021S051646110050,5927
2021S051646110051,7213
2021S051646110052,3450
2021S051646110053,5049
2021S051646110054,2377
2021S051646110055,2696
2021S051646110056,3798
2021S051646110057,981
2021S051646110058,3671
2021S051646110059,2464
2021S051646110060,2463
2021S051646110061,1957
2021S051646110062,14517
2021S051646110063,4228
2021S051646110065,3738
2021S051646110066,5750
2021S051646110067,860
2021S051646110069,2405
2021S051646110070,6300
2021S051646110071,2821
2021S051646110072,8810
2021S051646110073,865
2021S051646110074,1332
2021S051646110077,905
2021S051646110078,788
2021S051646110079,1200
2021S051646110081,3947
2021S051646110082,1805
2021S051646110083,995
2021S051646110084,1924
2021S051646110085,1143
2021S051646110086,628
2021S051646110087,4493
2021S051646110088,1596
2021S051646110089,2408
2021S051646110090,8429
2021S051646110091,9103
2021S051646110092,2510
2021S051646110093,13411
2021S051646110094,1241
2021S051646120001,3058
2021S051646120002,7462
2021S051646120003,3494
2021S051646130001,897
2021S051646130002,3958
2021S051646130003,434
2021S051646130004,8007
2021S051646130005,3605
2021S051646130006,2684
2021S051646140003,657
2021S051646140111,5896
2021S051646150001,2444
2021S051646150003,3588
2021S051646150004,30
2021S051646150007,3762
2021S051646160001,3430
2021S051646160002,3
2021S051646160003,365
2021S051646170001,1492
2021S051646170002,2364
2021S051646170003,6251
2021S051646170004,350
2021S051646180001,3667
2021S051646180003,358
2021S051646180004,3551
2021S051646180005,82
2021S051646180006,3087
2021S051646190001,611
2021S051646190003,75
2021S051646190004,243
2021S051646190006,298
2021S051646190008,75
2021S051646190009,82
2021S051646190011,240
2021S051646190014,38
2021S051646190017,500
2021S051646190018,398
2021S051646190020,459
2021S051646190021,75
2021S051646190022,401
2021S051646200001,5205
2021S051646210001,4810
2021S051646210002,4508
2021S051646210004,1151
2021S051646210009,78
2021S051646210010,360
2021S051646220001,2853
2021S051646220002,577
2021S051646220004,228
2021S051646220005,7827
2021S051646220006,747
2021S051646220007,582
2021S051646220008,165
2021S051646220014,35
2021S051646220017,50
2021S051646230001,3746
2021S051646230002,263
2021S051646230003,80
2021S051646230004,171
2021S051646230005,107
2021S051646230010,445
2021S051646230011,388
2021S051647010001,4282
2021S051647010002,5087
2021S051647010014,58
2021S051647010015,9550
2021S051647020004,8033
2021S051647020005,134
2021S051647020006,3378
2021S051647030002,6193
2021S051647040003,3096
2021S051647050001,2828
2021S051647050002,5446
2021S051647050021,4997
2021S051647060004,1116
2021S051647060008,4363
2021S051647060013,6064
2021S051647060014,1533
2021S051647060018,2031
2021S051647060020,883
2021S051647060022,34595
2021S051647060023,709
2021S051647060024,1830
2021S051647060025,300
2021S051647060026,1038
2021S051647060027,2031
2021S051647060028,3337
2021S051647060029,2066
2021S051647060030,1448
2021S051647060031,921
2021S051647060032,32046
2021S051647060034,3360
2021S051647060035,2638
2021S051647060036,3182
2021S051647060037,4517
2021S051647060040,2926
2021S051647060041,2029
2021S051647060043,1914
2021S051647060044,3155
2021S051647060045,6601
2021S051647060046,5508
2021S051647060047,3107
2021S051647060050,314
2021S051647060051,2869
2021S051647062000,436
2021S051647070002,100
2021S051647070003,668
2021S051647070006,839
2021S051647070007,9968
2021S051647070008,4850
2021S051647070009,3050
2021S051647080001,4934
2021S051647080002,670
2021S051647080003,6822
2021S051647080004,4428
2021S051647090002,2211
2021S051647090010,213
2021S051647090012,9705
2021S051647090014,2245
2021S051647090016,71
2021S051647090017,2917
2021S051647100604,6981
2021S051647110001,359
2021S051647110002,3635
2021S051647110003,2647
2021S051647110004,2550
2021S051647110006,2452
2021S051647110011,2156
2021S051647110014,4585
2021S051647110015,31082
2021S051647110016,1503
2021S051647110017,1412
2021S051647110018,2137
2021S051647110019,5916
2021S051647110021,7480
2021S051647110022,2634
2021S051647110024,6219
2021S051647110026,834
2021S051647110027,3903
2021S051647110028,2380
2021S051647110031,761
2021S051647110033,599
2021S051647110034,4012
2021S051647110035,463
2021S051647110036,840
2021S051647110038,2944
2021S051647110039,3087
2021S051647110040,3625
2021S051647110041,1786
2021S051647110602,6814
2021S051647110603,35037
2021S051647110604,5716
2021S051647110606,2846
2021S051647110607,9103
2021S051647110608,1773
2021S051647110609,5927
2021S051647110610,2785
2021S051647120001,1407
2021S051647120002,0
2021S051647120006,4643
2021S051647120008,1878
2021S051647130001,4413
2021S051647130004,6350
2021S051647140001,4162
2021S051647140002,3396
2021S051647140004,3
2021S051647140005,385
2021S051647140007,4486
2021S051647140008,3906
2021S051647150003,0
2021S051647150004,198
2021S051647150006,846
2021S051647150007,426
2021S051647150008,3231
2021S051647150009,12997
2021S051647150011,5425
2021S051647150012,157
2021S051647150023,7923
2021S051647150903,5148
2021S051647152000,1843
2021S051647152001,281
2021S051647160005,2009
2021S051647160011,3
2021S051647160012,110
2021S051647160024,10850
2021S051647160608,4802
2021S051647170003,195
2021S051647170006,150
2021S051647170008,237
2021S051647170011,355
2021S051647170012,4828
2021S051647170017,1178
2021S051647170020,6544
2021S051647170021,18
2021S051647170024,33
2021S051647170602,3944
2021S051647170904,797
2021S051647180001,2292
2021S051647180003,156
2021S051647180007,446
2021S051647180009,353
2021S051647180010,72
2021S051647180011,254
2021S051647180014,207
2021S051647180019,210
2021S051647180020,22
2021S051647180023,502
2021S051647180029,3511
2021S051647180032,65
2021S051647180039,194
2021S051647180041,0
2021S051647180042,95
2021S051647180044,660
2021S051647180045,0
2021S051648010001,3115
2021S051648010002,2255
2021S051648010003,4125
2021S051648010004,3809
2021S051648010006,1018
2021S051648010007,15020
2021S051648010008,6208
2021S051648010009,1228
2021S051648010011,4072
2021S051648020001,1959
2021S051648020002,9703
2021S051648020003,3303
2021S051648020004,3730
2021S051648020005,40
2021S051648020006,420
2021S051648020007,2702
2021S051648020008,1228
2021S051648020011,1322
2021S051648020015,4304
2021S051648020016,3609
2021S051648020017,1019
2021S051648020019,6791
2021S051648020020,1701
2021S051648020021,1853
2021S051648020024,2184
2021S051648020026,4385
2021S051648020027,1710
2021S051648020028,4083
2021S051648020029,16575
2021S051648020030,1993
2021S051648020031,16720
2021S051648030004,359
2021S051648030005,1275
2021S051648030009,8511
2021S051648030904,3979
2021S051648030905,3908
2021S051648040002,4963
2021S051648050001,5371
2021S051648050002,3006
2021S051648050003,3494
2021S051648050004,7126
2021S051648050005,1219
2021S051648050006,2475
2021S051648060003,6935
2021S051648060008,11064
2021S051648060009,7637
2021S051648060012,3127
2021S051648060015,10835
2021S051648060018,1653
2021S051648060020,1358
2021S051648060022,1496
2021S051648060024,951
2021S051648060026,1295
2021S051648060027,771
2021S051648060028,4740
2021S051648060029,1560
2021S051648060030,1142
2021S051648060031,957
2021S051648060032,373
2021S051648060034,1354
2021S051648060037,687
2021S051648060038,1744
2021S051648060039,2881
2021S051648060040,821
2021S051648060042,463
2021S051648060043,1542
2021S051648060045,730
2021S051648060046,1064
2021S051648060048,1993
2021S051648060050,4993
2021S051648060051,3094
2021S051648060052,2390
2021S051648060053,1155
2021S051648060054,933
2021S051648060055,1871
2021S051648060056,4460
2021S051648060057,1017
2021S051648060058,943
2021S051648060061,3857
2021S051648060065,2109
2021S051648060066,1673
2021S051648060068,5453
2021S051648060070,604
2021S051648060071,396
2021S051648060072,1309
2021S051648060073,2686
2021S051648060074,4170
2021S051648060075,853
2021S051648060077,622
2021S051648060078,1315
2021S051648060079,6289
2021S051648060080,341
2021S051648060081,4480
2021S051648060082,2841
2021S051648060083,1965
2021S051648060084,384
2021S051648060085,2994
2021S051648060086,3253
2021S051648060087,679
2021S051648060088,607
2021S051648060089,3915
2021S051648060090,5427
2021S051648060091,236
2021S051648060092,1314
2021S051648060093,4676
2021S051648060094,405
2021S051648060096,1913
2021S051648060098,5559
2021S051648060099,18078
2021S051648060100,3023
2021S051648060103,2239
2021S051648060104,21499
2021S051648060105,2446
2021S051648060106,47483
2021S051648060108,1466
2021S051648060112,3932
2021S051648060113,317
2021S051648060114,1025
2021S051648060116,265
2021S051648060117,276
2021S051648060118,2053
2021S051648060119,1358
2021S051648060120,6899
2021S051648060121,3807
2021S051648060122,1221
2021S051648060123,1034
2021S051648060124,8667
2021S051648060125,4832
2021S051648060127,10802
2021S051648060129,25895
2021S051648060130,9644
2021S051648060131,62347
2021S051648060132,1290
2021S051648060133,5235
2021S051648060134,598
2021S051648060135,10706
2021S051648060136,947
2021S051648060137,1946
2021S051648060138,1473
2021S051648060139,1102
2021S051648060140,934
2021S051648060141,4669
2021S051648060143,9655
2021S051648060144,452
2021S051648060145,720
2021S051648060147,2921
2021S051648060148,1250
2021S051648060149,784
2021S051648060150,1462
2021S051648060151,689
2021S051648060152,722
2021S051648060153,647
2021S051648060154,9245
2021S051648060155,549
2021S051648060158,796
2021S051648060160,1093
2021S051648060162,2051
2021S051648060163,828
2021S051648060168,1107
2021S051648060169,684
2021S051648060173,170
2021S051648060174,8044
2021S051648060211,6023
2021S051648060215,2642
2021S051648060217,1640
2021S051648060218,4029
2021S051648060219,5186
2021S051648060220,1138
2021S051648060221,14512
2021S051648060222,3303
2021S051648060223,5411
2021S051648060224,5099
2021S051648060225,8278
2021S051648060226,2529
2021S051648060227,536
2021S051648060228,1951
2021S051648060229,2619
2021S051648060230,947
2021S051648060231,91885
2021S051648060232,1062
2021S051648060233,2306
2021S051648060234,1595
2021S051648060235,3391
2021S051648060236,1240
2021S051648060237,5108
2021S051648060238,1504
2021S051648060239,1254
2021S051648060240,8205
2021S051648060241,920
2021S051648060242,1038
2021S051648060243,1177
2021S051648060244,131967
2021S051648060245,1691
2021S051648060246,6230
2021S051648060247,6662
2021S051648060248,11909
2021S051648060249,1069
2021S051648060250,10565
2021S051648060251,2653
2021S051648060252,3032
2021S051648060253,2859
2021S051648060254,1946
2021S051648060255,1339
2021S051648060256,838
2021S051648060257,2729
2021S051648060258,1261
2021S051648060259,1161
2021S051648060260,1002
2021S051648060261,3558
2021S051648060262,7689
2021S051648060263,2598
2021S051648060264,8019
2021S051648060265,1482
2021S051648060266,4137
2021S051648070001,4202
2021S051648070002,978
2021S051648070004,5189
2021S051648070005,4785
2021S051648070006,4897
2021S051648070007,918
2021S051648080001,3006
2021S051648080003,4014
2021S051648080006,5796
2021S051648080007,10005
2021S051648080008,1376
2021S051648080010,5443
2021S051648080011,3343
2021S051648080012,2730
2021S051648080013,21599
2021S051648080014,946
2021S051648080017,680
2021S051648080018,1838
2021S051648080019,4134
2021S051648080020,6439
2021S051648080021,693
2021S051648080025,249
2021S051648080026,4948
2021S051648080027,168
2021S051648080028,69
2021S051648080029,9
2021S051648080030,14098
2021S051648080031,1349
2021S051648080032,9911
2021S051648080033,1494
2021S051648080034,1592
2021S051648080035,908
2021S051648090001,1533
2021S051648090005,10117
2021S051648100001,2851
2021S051648100003,471
2021S051648100004,1810
2021S051648100006,3589
2021S051648100009,11169
2021S051648100010,1235
2021S051648100012,2113
2021S051648100013,3673
2021S051648100014,12853
2021S051648100015,1797
2021S051648100016,2219
2021S051648100017,5498
2021S051648110001,2251
2021S051648110002,1529
2021S051648110003,2097
2021S051648110004,59
2021S051648110005,4907
2021S051648110007,998
2021S051648110008,8361
2021S051648110009,5282
2021S051648110011,7884
2021S051648110012,19
2021S051648110013,1587
2021S051648110014,3059
2021S051648110015,1834
2021S051648110020,615
2021S051648110021,5272
2021S051648110022,7801
2021S051648110023,1115
2021S051648110024,8288
2021S051648110025,6093
2021S051648110027,5895
2021S051648110028,4805
2021S051648110035,1307
2021S051648110038,2499
2021S051648110042,950
2021S051648110043,1753
2021S051648110048,397
2021S051648110054,4195
2021S051648110056,641
2021S051648110058,8042
2021S051648110066,447
2021S051648110068,9560
2021S051648110069,2053
2021S051648110070,1361
2021S051648110071,2926
2021S051648110073,1335
2021S051648110074,818
2021S051648110075,2396
2021S051648110079,9616
2021S051648110080,3007
2021S051648110084,3925
2021S051648110085,874
2021S051648110086,49212
2021S051648110087,1361
2021S051648110088,5096
2021S051648110089,1017
2021S051648110092,868
2021S051648110093,3856
2021S051648110094,24650
2021S051648110095,1574
2021S051648110100,5781
2021S051648110101,2047
2021S051648110103,3486
2021S051648110104,1383
2021S051648110107,1148
2021S051648110108,4031
2021S051648110110,2257
2021S051648110113,1238
2021S051648110114,1250
2021S051648110115,5427
2021S051648110116,2748
2021S051648110117,1280
2021S051648110118,1554
2021S051648110119,2541
2021S051648110121,503
2021S051648110125,1281
2021S051648110127,4293
2021S051648110133,2922
2021S051648110134,1662
2021S051648110138,786
2021S051648110140,8885
2021S051648110142,414
2021S051648110148,2146
2021S051648110149,2354
2021S051648110153,9337
2021S051648110154,11172
2021S051648110155,2109
2021S051648110157,8587
2021S051648110159,2405
2021S051648110160,2181
2021S051648110161,1063
2021S051648110162,988
2021S051648110163,1352
2021S051648110166,3892
2021S051648110167,1099
2021S051648110169,1819
2021S051648110170,2049
2021S051648110171,11279
2021S051648110172,95256
2021S051648110173,5065
2021S051648110175,758
2021S051648110176,7648
2021S051648110178,6377
2021S051648110179,5196
2021S051648110180,3838
2021S051648110181,3824
2021S051648110182,2094
2021S051648110183,2749
2021S051648110185,240
2021S051648110186,895
2021S051648110189,1000
2021S051648110190,2252
2021S051648110191,7238
2021S051648110192,9405
2021S051648110193,1910
2021S051648110195,8695
2021S051648110196,4206
2021S051648110197,4683
2021S051648110198,6672
2021S051648110199,4322
2021S051648110200,8133
2021S051648110201,8824
2021S051648110202,3910
2021S051648110203,1025
2021S051648110204,4822
2021S051648110205,989
2021S051648110206,1304
2021S051648110207,8340
2021S051648110208,8059
2021S051648110209,3637
2021S051648110210,3370
2021S051648110211,25770
2021S051648110212,2679
2021S051648110213,1413
2021S051648110214,904
2021S051648110215,13511
2021S051648110216,4652
2021S051648110217,3894
2021S051648110218,5479
2021S051648110219,20141
2021S051648110220,2874
2021S051648110221,1234
2021S051648110222,3278
2021S051648110223,4987
2021S051648110224,18637
2021S051648110225,2988
2021S051648110226,87218
2021S051648110227,3848
2021S051648110228,1594
2021S051648110229,3246
2021S051648110230,3798
2021S051648120001,5211
2021S051648120004,2636
2021S051648120005,987
2021S051648120007,2995
2021S051648120009,8514
2021S051648120011,0
2021S051648120012,10883
2021S051648120013,0
2021S051648120014,571
2021S051648120015,6092
2021S051648120016,135
2021S051648120017,3
2021S051648130001,7012
2021S051648130002,6242
2021S051648130004,10214
2021S051648130005,3826
2021S051648130111,5542
2021S051648140001,2875
2021S051648140002,6190
2021S051648140003,8390
2021S051648150001,7715
2021S051648150002,11275
2021S051648150003,722
2021S051648150004,12413
2021S051648150005,2887
2021S051648160004,7
2021S051648160022,308
2021S051648160023,357
2021S051648162000,9456
2021S051648162001,20783
2021S051648162005,5106
2021S051648162006,1946
2021S051648162007,5242
2021S051648162008,1823
2021S051648162009,1100
2021S051648162010,2054
2021S051648170002,0
2021S051648170003,380
2021S051648170004,2944
2021S051648170009,425
2021S051648170012,53
2021S051648170016,2586
2021S051648170019,121
2021S051648170021,652
2021S051648170023,373
2021S051648170028,357
2021S051648170030,6956
2021S051648170032,136
2021S051648170034,15
2021S051648170035,13
2021S051648170039,49
2021S051648170040,15
2021S051648170041,40
2021S051648170111,12128
2021S051648170603,5719
2021S051648180003,78
2021S051648180004,6996
2021S051648190001,4045
2021S051648190002,10648
2021S051648190004,2778
2021S051648190006,3
2021S051648190007,832
2021S051648190008,2345
2021S051648190009,2881
2021S051648190010,3362
2021S051648190011,605
2021S051648190012,9483
2021S051648192000,34615
2021S051648192001,1404
2021S051648192002,2350
2021S051648192003,817
2021S051648192004,1485
2021S051648192005,3028
2021S051659010001,7999
2021S051659010002,583
2021S051659010003,76
2021S051659010004,10194
2021S051659010005,1521
2021S051659010006,2964
2021S051659010007,0
2021S051659010009,9489
2021S051659010010,4823
2021S051659010013,73
2021S051659010014,899
2021S051659030002,4767
2021S051659030003,2863
2021S051659030004,2794
2021S051659030005,10672
2021S051659030006,5361
2021S051659030007,3626
2021S051659030008,110
2021S051659032000,1365
2021S051659050001,5839
2021S051659050003,6353
2021S051659050004,284
2021S051659050005,1105
2021S051659050006,2888
2021S051659070001,4282
2021S051659070003,726
2021S051659070004,4342
2021S051659070005,418
2021S051659070006,5339
2021S051659070007,41
2021S051659070008,6324
2021S051659070009,8207
2021S051659070010,3515
2021S051659070015,261
2021S051659070016,0
2021S051659070019,1954
2021S051659070111,10345
2021S051659090001,4963
2021S051659090011,7
2021S051659090014,38
2021S051659090017,7
2021S051659090019,0
2021S051659090024,153
2021S051659090025,2780
2021S051659090026,10
2021S051659090028,940
2021S051659090030,35
2021S051659090031,822
2021S051659090032,0
2021S051659090033,0
2021S051659090040,0
2021S051659090041,133
2021S051659090043,38
2021S051659090044,2090
2021S051659090045,4683
2021S051659090046,12741
2021S051659090051,5955
2021S051659090052,944
2021S051659090053,1551
2021S051659090055,35
2021S051659090057,2708
2021S051659090061,5273
2021S051659090062,12657
2021S051659090063,153
2021S051659090064,7
2021S051659090066,2250
2021S051659090068,1084
2021S051659090069,3895
2021S051659090071,3499
2021S051659090074,6199
2021S051659090075,177
2021S051659090077,90
2021S051659090078,90
2021S051659090080,7
2021S051659090083,759
2021S051659090084,2412
2021S051659090085,2687
2021S051659090086,0
2021S051659090087,1366
2021S051659090089,3360
2021S051659090090,1628
2021S051659090091,27184
2021S051659090093,6908
2021S051659090094,663
2021S051659090098,1389
2021S051659090101,8827
2021S051659090102,0
2021S051659090103,3036
2021S051659090104,2003
2021S051659090105,12128
2021S051659090106,1066
2021S051659090107,7
2021S051659090848,1109
2021S051659150002,1516
2021S051659150003,3280
2021S051659150004,1347
2021S051659150005,1944
2021S051659150006,1250
2021S051659150007,10212
2021S051659150008,956
2021S051659150009,1948
2021S051659150010,4536
2021S051659150011,2285
2021S051659150012,2064
2021S051659150013,3176
2021S051659150014,2396
2021S051659150015,1890
2021S051659150016,1749
2021S051659150017,5114
2021S051659150018,8179
2021S051659150019,7723
2021S051659150020,9857
2021S051659150024,3301
2021S051659150027,171
2021S051659150028,1938
2021S051659150030,4623
2021S051659150032,2825
2021S051659150033,2165
2021S051659150034,3175
2021S051659150036,113935
2021S051659150038,2578
2021S051659150040,5930
2021S051659150041,12632
2021S051659150042,1057
2021S051659150043,2546
2021S051659150044,3302
2021S051659150045,5217
2021S051659150046,4997
2021S051659150047,5976
2021S051659150049,534
2021S051659150050,10351
2021S051659150051,11433
2021S051659150052,6256
2021S051659150053,731
2021S051659150054,9211
2021S051659150055,3146
2021S051659150056,1479
2021S051659150057,7702
2021S051659150059,3819
2021S051659150060,527
2021S051659150061,2896
2021S051659150062,11038
2021S051659150063,7413
2021S051659150064,7411
2021S051659150065,5764
2021S051659150066,3107
2021S051659150067,4295
2021S051659150068,3103
2021S051659150069,1194
2021S051659150070,4857
2021S051659150071,3611
2021S051659150072,1758
2021S051659150073,6312
2021S051659150075,2907
2021S051659150076,1827
2021S051659150077,1410
2021S051659150078,3528
2021S051659150080,4803
2021S051659150081,1385
2021S051659150083,4932
2021S051659150084,3832
2021S051659150085,4083
2021S051659150086,17364
2021S051659150087,1087
2021S051659150088,1793
2021S051659150089,2096
2021S051659150090,12199
2021S051659150091,8019
2021S051659150092,1624
2021S051659150093,2497
2021S051659150094,2862
2021S051659150096,2205
2021S051659150098,980
2021S051659150099,20263
2021S051659150100,2360
2021S051659150101,632
2021S051659150102,1913
2021S051659150103,1354
2021S051659150105,17161
2021S051659150107,495
2021S051659150108,655
2021S051659150109,3674
2021S051659150110,7677
2021S051659150111,802
2021S051659150112,1213
2021S051659150113,7588
2021S051659150114,3379
2021S051659150115,1087
2021S051659150116,10845
2021S051659150117,4201
2021S051659150118,831
2021S051659150119,2485
2021S051659150120,935
2021S051659150121,887
2021S051659150122,4103
2021S051659150123,1488
2021S051659150124,1329
2021S051659150125,1907
2021S051659150127,728
2021S051659150128,1802
2021S051659150129,259
2021S051659150130,1665
2021S051659150131,2326
2021S051659150132,3521
2021S051659150137,16486
2021S051659150139,24054
2021S051659150140,3082
2021S051659150142,747
2021S051659150143,1267
2021S051659150144,720
2021S051659150145,3142
2021S051659150146,1217
2021S051659150148,1543
2021S051659150149,7533
2021S051659150150,1512
2021S051659150151,4990
2021S051659150152,825
2021S051659150154,1445
2021S051659150155,2593
2021S051659150156,1805
2021S051659150157,1433
2021S051659150158,10302
2021S051659150163,1677
2021S051659150164,42752
2021S051659150165,2832
2021S051659150166,2522
2021S051659150168,1755
2021S051659150169,2574
2021S051659150171,2022
2021S051659150173,1527
2021S051659150174,423
2021S051659150175,2969
2021S051659150176,5232
2021S051659150177,2445
2021S051659150178,5800
2021S051659150179,3324
2021S051659150180,483
2021S051659150183,19563
2021S051659150186,899
2021S051659150187,7805
2021S051659150188,6260
2021S051659150189,1262
2021S051659150191,1290
2021S051659150192,3622
2021S051659150194,5038
2021S051659150195,15
2021S051659150196,6689
2021S051659150198,5309
2021S051659150199,856
2021S051659150201,2096
2021S051659150202,1572
2021S051659150203,881
2021S051659150204,1003
2021S051659150205,1112
2021S051659150206,2305
2021S051659150207,953
2021S051659150208,2513
2021S051659150209,5325
2021S051659150212,1477
2021S051659150213,289
2021S051659150214,2849
2021S051659150215,758
2021S051659150216,1389
2021S051659150217,1861
2021S051659150218,16043
2021S051659150220,1306
2021S051659150221,7386
2021S051659150223,1915
2021S051659150224,3177
2021S051659150225,4349
2021S051659150226,682
2021S051659150227,3331
2021S051659150228,7
2021S051659150230,9145
2021S051659150234,610
2021S051659150236,2769
2021S051659150237,6480
2021S051659150238,1415
2021S051659150239,2339
2021S051659150240,1490
2021S051659150241,2570
2021S051659150242,14296
2021S051659150243,3871
2021S051659150244,1274
2021S051659150245,3917
2021S051659150247,910
2021S051659150248,1623
2021S051659150249,864
2021S051659150250,168
2021S051659150251,2854
2021S051659150252,2586
2021S051659150253,3765
2021S051659150254,2700
2021S051659150259,881
2021S051659150260,1874
2021S051659150261,9339
2021S051659150262,1353
2021S051659150263,1915
2021S051659150265,2010
2021S051659150267,947
2021S051659150269,4405
2021S051659150270,2009
2021S051659150272,1782
2021S051659150274,15147
2021S051659150277,1093
2021S051659150278,13490
2021S051659150280,1484
2021S051659150281,0
2021S051659150282,2815
2021S051659150283,4322
2021S051659150286,5900
2021S051659150287,1423
2021S051659150288,6272
2021S051659150289,7657
2021S051659150291,8379
2021S051659150292,1386
2021S051659150293,7050
2021S051659150296,2952
2021S051659150297,944
2021S051659150299,3286
2021S051659150301,3008
2021S051659150302,1466
2021S051659150303,1766
2021S051659150304,681
2021S051659150305,3435
2021S051659150306,6688
2021S051659150307,96
2021S051659150308,5074
2021S051659150309,0
2021S051659150311,1143
2021S051659150312,7892
2021S051659150313,1577
2021S051659150314,644
2021S051659150315,2354
2021S051659150316,40783
2021S051659150317,1512
2021S051659150318,560
2021S051659150321,2432
2021S051659150322,806
2021S051659150323,1340
2021S051659150324,12976
2021S051659150325,14924
2021S051659150327,1814
2021S051659150328,1102
2021S051659150329,820
2021S051659150330,898
2021S051659150331,8598
2021S051659150334,547
2021S051659150335,1438
2021S051659150336,8605
2021S051659150337,18660
2021S051659150338,75242
2021S051659150339,19228
2021S051659150340,20960
2021S051659150341,39770
2021S051659150342,4703
2021S051659150343,2056
2021S051659150344,946
2021S051659150345,2756
2021S051659150346,270
2021S051659150347,1229
2021S051659150348,2284
2021S051659150349,4844
2021S051659150350,3769
2021S051659150351,3488
2021S051659150352,6713
2021S051659150353,6208
2021S051659150354,1878
2021S051659150355,2390
2021S051659150356,2228
2021S051659150357,4727
2021S051659150358,1804
2021S051659150359,1495
2021S051659150360,2981
2021S051659150361,2876
2021S051659150362,10036
2021S051659150363,6772
2021S051659150364,1491
2021S051659150365,7584
2021S051659150366,4896
2021S051659150367,464
2021S051659150368,2099
2021S051659150369,6163
2021S051659150370,16135
2021S051659150371,3616
2021S051659150372,14154
2021S051659150373,2980
2021S051659150374,42236
2021S051659150375,2388
2021S051659150376,9699
2021S051659150377,1290
2021S051659150378,558
2021S051659150379,2242
2021S051659150380,8361
2021S051659150381,14851
2021S051659152000,2203
2021S051659152001,1030
2021S051659152002,4951
2021S051659170003,15
2021S051659170005,87
2021S051659170006,2187
2021S051659170008,2173
2021S051659170009,2166
2021S051659170010,848
2021S051659170011,5065
2021S051659170012,81
2021S051659170013,5838
2021S051659170014,277
2021S051659170015,6296
2021S051659170017,565
2021S051659170018,114
2021S051659170019,3525
2021S051659170020,4723
2021S051659170021,2983
2021S051659170022,2354
2021S051659170023,5009
2021S051659170024,2682
2021S051659170025,12731
2021S051659170026,1666
2021S051659170027,1298
2021S051659170028,3
2021S051659170029,1564
2021S051659170030,3321
2021S051659170031,1067
2021S051659170032,2505
2021S051659170033,3569
2021S051659170036,2143
2021S051659170037,7857
2021S051659170038,12404
2021S051659170039,1448
2021S051659170040,202
2021S051659170041,258
2021S051659170042,3649
2021S051659170044,3603
2021S051659170045,9266
2021S051659170047,1145
2021S051659170048,7402
2021S051659170049,4214
2021S051659170051,44
2021S051659170052,2260
2021S051659170053,3409
2021S051659170054,2282
2021S051659170055,1771
2021S051659170056,3276
2021S051659170057,2689
2021S051659170058,2959
2021S051659170059,2620
2021S051659170060,3245
2021S051659170061,1638
2021S051659170062,4881
2021S051659170063,37469
2021S051659170111,7006
2021S051659170112,3663
2021S051659190003,447
2021S051659190004,35
2021S051659190005,3066
2021S051659190009,37
2021S051659190011,4500
2021S051659190014,88
2021S051659190015,0
2021S051659190018,2341
2021S051659190019,5619
2021S051659190020,2608
2021S051659190021,0
2021S051659190022,7
2021S051659190023,18
2021S051659190026,4015
2021S051659190028,75
2021S051659190035,3358
2021S051659190036,2530
2021S051659190037,1857
2021S051659190039,1331
2021S051659190040,1357
2021S051659190041,4088
2021S051659190042,1490
2021S051659210001,3952
2021S051659210002,1103
2021S051659210003,42
2021S051659210004,2725
2021S051659210005,2937
2021S051659210006,1222
2021S051659210007,7791
2021S051659210009,35
2021S051659210010,7009
2021S051659210011,5657
2021S051659210012,827
2021S051659210013,3684
2021S051659210014,762
2021S051659210015,4521
2021S051659210016,1232
2021S051659210017,8496
2021S051659210018,9785
2021S051659210019,2198
2021S051659210020,784
2021S051659210021,1324
2021S051659210022,3725
2021S051659210023,276
2021S051659210024,6
2021S051659210025,3652
2021S051659230001,5828
2021S051659230005,188
2021S051659230006,0
2021S051659230009,0
2021S051659230010,520
2021S051659230011,3831
2021S051659230012,35
2021S051659230014,6096
2021S051659230015,102
2021S051659230018,0
2021S051659230021,224
2021S051659230022,85
2021S051659230023,1362
2021S051659240001,3188
2021S051659240002,178
2021S051659240007,651
2021S051659240008,6743
2021S051659240009,0
2021S051659240011,701
2021S051659240012,220
2021S051659240013,8590
2021S051659240017,10
2021S051659240018,12
2021S051659240020,2105
2021S051659240024,110
2021S051659240026,2593
2021S051659260001,2110
2021S051659260002,1762
2021S051659260003,12836
2021S051659260004,0
2021S051659260005,5778
2021S051659260006,3862
2021S051659260007,3634
2021S051659260009,18
2021S051659260010,18
2021S051659270001,379
2021S051659270003,302
2021S051659270005,0
2021S051659270945,7538
2021S051659290001,2529
2021S051659290002,0
2021S051659290003,5260
2021S051659290602,5378
2021S051659310001,7316
2021S051659310003,3
2021S051659310005,159
2021S051659310009,124
2021S051659310023,21
2021S051659310024,15351
2021S051659310026,532
2021S051659310029,9070
2021S051659310030,98
2021S051659310031,0
2021S051659310033,0
2021S051659310036,974
2021S051659330002,10
2021S051659330005,1273
2021S051659330011,75
2021S051659330012,1523
2021S051659330013,15
2021S051659330017,50
2021S051659330018,38
2021S051659330027,1059
2021S051659330029,1950
2021S051659330032,1318
2021S051659330033,5806
2021S051659330036,1255
2021S051659330039,65
2021S051659330043,2981
2021S051659330044,4835
2021S051659330045,4146
2021S051659330048,12345
2021S051659330051,1084
2021S051659330052,4283
2021S051659330056,150
2021S051659330061,48
2021S051659330064,2734
2021S051659330068,6
2021S051659330079,15
2021S051659330081,210
2021S051659330083,28
2021S051659330086,27
2021S051659330607,13279
2021S051659330608,6782
2021S051659330609,6131
2021S051659332000,715
2021S051659350003,9227
2021S051659350004,4022
2021S051659350005,784
2021S051659350006,8526
2021S051659350009,588
2021S051659350010,16624
2021S051659350011,4013
2021S051659350013,4262
2021S051659350014,4625
2021S051659350015,6657
2021S051659350016,5169
2021S051659350017,1652
2021S051659350018,23506
2021S051659350019,2760
2021S051659350020,3116
2021S051659350021,2654
2021S051659350022,1994
2021S051659350023,2383
2021S051659350024,4894
2021S051659350025,3155
2021S051659350026,324
2021S051659350027,5368
2021S051659350602,3193
2021S051659370001,2407
2021S051659370002,1755
2021S051659370003,6452
2021S051659370004,2526
2021S051659370005,177
2021S051659370006,336
2021S051659370008,2203
2021S051659370009,290
2021S051659370010,14979
2021S051659370011,0
2021S051659370012,1441
2021S051659370013,3
2021S051659370014,7560
2021S051659370015,3807
2021S051659390001,8226
2021S051659390003,362
2021S051659390004,0
2021S051659390005,2659
2021S051659390006,33
2021S051659390007,22
2021S051659390008,6945
2021S051659390009,5580
2021S051659390010,69
2021S051659390011,4974
2021S051659390012,172
2021S051659390013,0
2021S051659390014,42
2021S051659410001,816
2021S051659410002,1219
2021S051659410017,151
2021S051659410022,3
2021S051659410026,8975
2021S051659410027,1196
2021S051659410028,0
2021S051659410043,42
2021S051659410044,2438
2021S051659410047,6
2021S051659410048,133
2021S051659410050,10613
2021S051659410053,99
2021S051659410056,75
2021S051659410058,86
2021S051659410060,4705
2021S051659410067,573
2021S051659410069,110
2021S051659410073,118
2021S051659410075,686
2021S051659410077,400
2021S051659430001,5878
2021S051659430004,90
2021S051659430008,160
2021S051659430009,35
2021S051659430012,10
2021S051659450001,33
2021S051659450002,401
2021S051659450003,1073
2021S051659450004,444
2021S051659450005,3
2021S051659470001,2258
2021S051659470003,49
2021S051659470004,225
2021S051659470006,8483
2021S051659470007,395
2021S051659470008,150
2021S051659470009,75
2021S051659470011,6
2021S051659490001,1200
2021S051659490005,96
2021S051659490008,97
2021S051659490010,761
2021S051659490011,88
2021S051659490012,174
2021S051659490013,73
2021S051659490014,126
2021S051659490017,88
2021S051659490019,19
2021S051659490020,57
2021S051659490022,35
2021S051659490023,341
2021S051659490027,164
2021S051659490028,4570
2021S051659490029,172
2021S051659490030,212
2021S051659490031,187
2021S051659490604,2537
2021S051659490965,11889
2021S051659510001,5710
2021S051659510002,4779
2021S051659510003,3326
2021S051659510005,6
2021S051659510008,6380
2021S051659510014,1344
2021S051659510026,48
2021S051659510032,79
2021S051659510033,0
2021S051659510035,730
2021S051659510038,118
2021S051659530001,2319
2021S051659530002,88
2021S051659530003,531
2021S051659530004,201
2021S051659530005,849
2021S051659530006,2433
2021S051659530007,8560
2021S051659530008,1361
2021S051659530009,0
2021S051659530010,20969
2021S051659530011,462
2021S051659530012,2531
2021S051659530013,862
2021S051659530014,12000
2021S051659530015,1035
2021S051659530016,531
2021S051659530017,69
2021S051659530018,1725
2021S051659550001,2053
2021S051659550002,10
2021S051659550003,50
2021S051659550004,4800
2021S051659550006,0
2021S051659550007,0
2021S051659550008,2386
2021S051659550011,879
2021S051659550012,225
2021S051659550013,160
2021S051659550014,12308
2021S051659550016,18296
2021S051659550017,4704
2021S051659570005,131
2021S051659570006,22
2021S051659570008,234
2021S051659590001,3994
2021S051659590002,13
2021S051660010002,224
2021S051660010004,103
2021S051660010006,0
2021S051660010007,345
2021S051660010008,421
2021S051660010010,276
2021S051660010011,538
2021S051660010013,622
2021S051660010014,116
2021S051660010015,38
2021S051660010018,160
2021S051660010021,2844
2021S051660010022,12381
2021S051660010023,318
2021S051660010024,41
2021S051660010026,272
2021S051660010033,680
2021S051660010034,4937
2021S051660010035,1941
2021S051661010002,97
2021S051661010003,335
2021S051661010004,235
2021S051661010005,2410
2021S051661010006,261
2021S051661010007,217
2021S051661010008,138
2021S051661010009,148
2021S051661020002,190
2021S051661020003,346
2021S051661020004,595
2021S051661020005,395
2021S051661020006,381
2021S051661030002,60
2021S051661030003,0
2021S051661030004,97
2021S051661030005,786
2021S051661040002,73
2021S051661040003,665
2021S051661040006,231
2021S051661040007,352
2021S051661040008,35
2021S051661040009,33
2021S051661050003,123
2021S051661050004,2420
2021S051661050005,153
2021S051661050006,72
2021S051661050008,1527
2021S051661060002,13375
2021S051661060003,4905
2021S051662040002,405
2021S051662040003,127
2021S051662040004,244
2021S051662040005,366
2021S051662040006,3
2021S051662040007,267
2021S051662040008,196
2021S051662040009,391
2021S051662040010,211
2021S051662040011,315
2021S051662040012,6292
2021S051662040013,279
2021S051662040014,253
2021S051662040015,141
2021S051662050002,241
2021S051662050003,360
2021S051662050004,1496
2021S051662050005,214
2021S051662050006,2235
2021S051662050007,118
2021S051662050008,625
2021S051662080002,967
2021S051662080003,265
2021S051662080004,356
2021S051662080005,414
2021S051662080006,295
