"REF_DATE","GEO","DGUID","Labour force characteristics","Gender","Age group","Statistics","Data type","UOM","UOM_ID","SCALAR_FACTOR","SCALAR_ID","VECTOR","COORDINATE","VALUE","STATUS","SYMBOL","TERMINATED","DECIMALS"
"2025-06","Canada","2021A000011124","Population","Total - Gender","15 years and over","Estimate","Seasonally adjusted","Persons in thousands","428","thousands","3","v2062809","1.1.1.1.1.1","34577.2","","","","1"
"2025-07","Canada","2021A000011124","Population","Total - Gender","15 years and over","Estimate","Seasonally adjusted","Persons in thousands","428","thousands","3","v2062809","1.1.1.1.1.1","34614.8","","","","1"
"2025-08","Canada","2021A000011124","Population","Total - Gender","15 years and over","Estimate","Seasonally adjusted","Persons in thousands","428","thousands","3","v2062809","1.1.1.1.1.1","34644.2","","","","1"
"2025-09","Canada","2021A000011124","Population","Total - Gender","15 years and over","Estimate","Seasonally adjusted","Persons in thousands","428","thousands","3","v2062809","1.1.1.1.1.1","34671.9","","","","1"
"2025-10","Canada","2021A000011124","Population","Total - Gender","15 years and over","Estimate","Seasonally adjusted","Persons in thousands","428","thousands","3","v2062809","1.1.1.1.1.1","34695.4","","","","1"
"2025-11","Canada","2021A000011124","Population","Total - Gender","15 years and over","Estimate","Seasonally adjusted","Persons in thousands","428","thousands","3","v2062809","1.1.1.1.1.1","34713.1","","","","1"
"2025-12","Canada","2021A000011124","Population","Total - Gender","15 years and over","Estimate","Seasonally adjusted","Persons in thousands","428","thousands","3","v2062809","1.1.1.1.1.1","34723.0","","","","1"
"2026-01","Canada","2021A000011124","Population","Total - Gender","15 years and over","Estimate","Seasonally adjusted","Persons in thousands","428","thousands","3","v2062809","1.1.1.1.1.1","34728.2","","","","1"
"2026-02","Canada","2021A000011124","Population","Total - Gender","15 years and over","Estimate","Seasonally adjusted","Persons in thousands","428","thousands","3","v2062809","1.1.1.1.1.1","34735.5","","","","1"
"2026-03","Canada","2021A000011124","Population","Total - Gender","15 years and over","Estimate","Seasonally adjusted","Persons in thousands","428","thousands","3","v2062809","1.1.1.1.1.1","34746.7","","","","1"
"2026-04","Canada","2021A000011124","Population","Total - Gender","15 years and over","Estimate","Seasonally adjusted","Persons in thousands","428","thousands","3","v2062809","1.1.1.1.1.1","34755.6","","","","1"
"2026-05","Canada","2021A000011124","Population","Total - Gender","15 years and over","Estimate","Seasonally adjusted","Persons in thousands","428","thousands","3","v2062809","1.1.1.1.1.1","34770.0","","","","1"
"2025-06","Canada","2021A000011124","Labour force","Total - Gender","15 years and over","Estimate","Seasonally adjusted","Persons in thousands","428","thousands","3","v2062810","1.2.1.1.1.1","22589.0","","","","1"
"2025-07","Canada","2021A000011124","Labour force","Total - Gender","15 years and over","Estimate","Seasonally adjusted","Persons in thousands","428","thousands","3","v2062810","1.2.1.1.1.1","22578.2","","","","1"
"2025-08","Canada","2021A000011124","Labour force","Total - Gender","15 years and over","Estimate","Seasonally adjusted","Persons in thousands","428","thousands","3","v2062810","1.2.1.1.1.1","22546.6","","","","1"
"2025-09","Canada","2021A000011124","Labour force","Total - Gender","15 years and over","Estimate","Seasonally adjusted","Persons in thousands","428","thousands","3","v2062810","1.2.1.1.1.1","22606.0","","","","1"
"2025-10","Canada","2021A000011124","Labour force","Total - Gender","15 years and over","Estimate","Seasonally adjusted","Persons in thousands","428","thousands","3","v2062810","1.2.1.1.1.1","22634.3","","","","1"
"2025-11","Canada","2021A000011124","Labour force","Total - Gender","15 years and over","Estimate","Seasonally adjusted","Persons in thousands","428","thousands","3","v2062810","1.2.1.1.1.1","22619.8","","","","1"
"2025-12","Canada","2021A000011124","Labour force","Total - Gender","15 years and over","Estimate","Seasonally adjusted","Persons in thousands","428","thousands","3","v2062810","1.2.1.1.1.1","22697.7","","","","1"
"2026-01","Canada","2021A000011124","Labour force","Total - Gender","15 years and over","Estimate","Seasonally adjusted","Persons in thousands","428","thousands","3","v2062810","1.2.1.1.1.1","22578.7","","","","1"
"2026-02","Canada","2021A000011124","Labour force","Total - Gender","15 years and over","Estimate","Seasonally adjusted","Persons in thousands","428","thousands","3","v2062810","1.2.1.1.1.1","22551.5","","","","1"
"2026-03","Canada","2021A000011124","Labour force","Total - Gender","15 years and over","Estimate","Seasonally adjusted","Persons in thousands","428","thousands","3","v2062810","1.2.1.1.1.1","22566.6","","","","1"
"2026-04","Canada","2021A000011124","Labour force","Total - Gender","15 years and over","Estimate","Seasonally adjusted","Persons in thousands","428","thousands","3","v2062810","1.2.1.1.1.1","22600.1","","","","1"
"2026-05","Canada","2021A000011124","Labour force","Total - Gender","15 years and over","Estimate","Seasonally adjusted","Persons in thousands","428","thousands","3","v2062810","1.2.1.1.1.1","22603.9","","","","1"
"2025-06","Canada","2021A000011124","Labour force","Total - Gender","15 years and over","Standard error of estimate","Seasonally adjusted","Persons in thousands","428","thousands","3","v101884808","1.2.1.1.2.1","49.3","","","","1"
"2025-07","Canada","2021A000011124","Labour force","Total - Gender","15 years and over","Standard error of estimate","Seasonally adjusted","Persons in thousands","428","thousands","3","v101884808","1.2.1.1.2.1","49.3","","","","1"
"2025-08","Canada","2021A000011124","Labour force","Total - Gender","15 years and over","Standard error of estimate","Seasonally adjusted","Persons in thousands","428","thousands","3","v101884808","1.2.1.1.2.1","49.3","","","","1"
"2025-09","Canada","2021A000011124","Labour force","Total - Gender","15 years and over","Standard error of estimate","Seasonally adjusted","Persons in thousands","428","thousands","3","v101884808","1.2.1.1.2.1","49.3","","","","1"
"2025-10","Canada","2021A000011124","Labour force","Total - Gender","15 years and over","Standard error of estimate","Seasonally adjusted","Persons in thousands","428","thousands","3","v101884808","1.2.1.1.2.1","49.3","","","","1"
"2025-11","Canada","2021A000011124","Labour force","Total - Gender","15 years and over","Standard error of estimate","Seasonally adjusted","Persons in thousands","428","thousands","3","v101884808","1.2.1.1.2.1","49.3","","","","1"
"2025-12","Canada","2021A000011124","Labour force","Total - Gender","15 years and over","Standard error of estimate","Seasonally adjusted","Persons in thousands","428","thousands","3","v101884808","1.2.1.1.2.1","49.3","","","","1"
"2026-01","Canada","2021A000011124","Labour force","Total - Gender","15 years and over","Standard error of estimate","Seasonally adjusted","Persons in thousands","428","thousands","3","v101884808","1.2.1.1.2.1","48.1","","","","1"
"2026-02","Canada","2021A000011124","Labour force","Total - Gender","15 years and over","Standard error of estimate","Seasonally adjusted","Persons in thousands","428","thousands","3","v101884808","1.2.1.1.2.1","48.1","","","","1"
"2026-03","Canada","2021A000011124","Labour force","Total - Gender","15 years and over","Standard error of estimate","Seasonally adjusted","Persons in thousands","428","thousands","3","v101884808","1.2.1.1.2.1","48.1","","","","1"
"2026-04","Canada","2021A000011124","Labour force","Total - Gender","15 years and over","Standard error of estimate","Seasonally adjusted","Persons in thousands","428","thousands","3","v101884808","1.2.1.1.2.1","48.1","","","","1"
"2026-05","Canada","2021A000011124","Labour force","Total - Gender","15 years and over","Standard error of estimate","Seasonally adjusted","Persons in thousands","428","thousands","3","v101884808","1.2.1.1.2.1","48.1","","","","1"
"2025-06","Canada","2021A000011124","Employment","Total - Gender","15 years and over","Estimate","Seasonally adjusted","Persons in thousands","428","thousands","3","v2062811","1.3.1.1.1.1","21040.7","","","","1"
"2025-07","Canada","2021A000011124","Employment","Total - Gender","15 years and over","Estimate","Seasonally adjusted","Persons in thousands","428","thousands","3","v2062811","1.3.1.1.1.1","21018.3","","","","1"
"2025-08","Canada","2021A000011124","Employment","Total - Gender","15 years and over","Estimate","Seasonally adjusted","Persons in thousands","428","thousands","3","v2062811","1.3.1.1.1.1","20956.6","","","","1"
"2025-09","Canada","2021A000011124","Employment","Total - Gender","15 years and over","Estimate","Seasonally adjusted","Persons in thousands","428","thousands","3","v2062811","1.3.1.1.1.1","21009.9","","","","1"
"2025-10","Canada","2021A000011124","Employment","Total - Gender","15 years and over","Estimate","Seasonally adjusted","Persons in thousands","428","thousands","3","v2062811","1.3.1.1.1.1","21083.6","","","","1"
"2025-11","Canada","2021A000011124","Employment","Total - Gender","15 years and over","Estimate","Seasonally adjusted","Persons in thousands","428","thousands","3","v2062811","1.3.1.1.1.1","21135.9","","","","1"
"2025-12","Canada","2021A000011124","Employment","Total - Gender","15 years and over","Estimate","Seasonally adjusted","Persons in thousands","428","thousands","3","v2062811","1.3.1.1.1.1","21146.0","","","","1"
"2026-01","Canada","2021A000011124","Employment","Total - Gender","15 years and over","Estimate","Seasonally adjusted","Persons in thousands","428","thousands","3","v2062811","1.3.1.1.1.1","21121.2","","","","1"
"2026-02","Canada","2021A000011124","Employment","Total - Gender","15 years and over","Estimate","Seasonally adjusted","Persons in thousands","428","thousands","3","v2062811","1.3.1.1.1.1","21037.3","","","","1"
"2026-03","Canada","2021A000011124","Employment","Total - Gender","15 years and over","Estimate","Seasonally adjusted","Persons in thousands","428","thousands","3","v2062811","1.3.1.1.1.1","21051.4","","","","1"
"2026-04","Canada","2021A000011124","Employment","Total - Gender","15 years and over","Estimate","Seasonally adjusted","Persons in thousands","428","thousands","3","v2062811","1.3.1.1.1.1","21033.7","","","","1"
"2026-05","Canada","2021A000011124","Employment","Total - Gender","15 years and over","Estimate","Seasonally adjusted","Persons in thousands","428","thousands","3","v2062811","1.3.1.1.1.1","21121.5","","","","1"
"2025-06","Canada","2021A000011124","Employment","Total - Gender","15 years and over","Estimate","Trend-cycle","Persons in thousands","428","thousands","3","v100304302","1.3.1.1.1.3","20994.7","","","","1"
"2025-07","Canada","2021A000011124","Employment","Total - Gender","15 years and over","Estimate","Trend-cycle","Persons in thousands","428","thousands","3","v100304302","1.3.1.1.1.3","21004.1","","","","1"
"2025-08","Canada","2021A000011124","Employment","Total - Gender","15 years and over","Estimate","Trend-cycle","Persons in thousands","428","thousands","3","v100304302","1.3.1.1.1.3","21022.2","","","","1"
"2025-09","Canada","2021A000011124","Employment","Total - Gender","15 years and over","Estimate","Trend-cycle","Persons in thousands","428","thousands","3","v100304302","1.3.1.1.1.3","21045.8","","","","1"
"2025-10","Canada","2021A000011124","Employment","Total - Gender","15 years and over","Estimate","Trend-cycle","Persons in thousands","428","thousands","3","v100304302","1.3.1.1.1.3","21071.7","","","","1"
"2025-11","Canada","2021A000011124","Employment","Total - Gender","15 years and over","Estimate","Trend-cycle","Persons in thousands","428","thousands","3","v100304302","1.3.1.1.1.3","21090.1","","","","1"
"2025-12","Canada","2021A000011124","Employment","Total - Gender","15 years and over","Estimate","Trend-cycle","Persons in thousands","428","thousands","3","v100304302","1.3.1.1.1.3","21096.6","","","","1"
"2026-01","Canada","2021A000011124","Employment","Total - Gender","15 years and over","Estimate","Trend-cycle","Persons in thousands","428","thousands","3","v100304302","1.3.1.1.1.3","21095.6","","","","1"
"2026-02","Canada","2021A000011124","Employment","Total - Gender","15 years and over","Estimate","Trend-cycle","Persons in thousands","428","thousands","3","v100304302","1.3.1.1.1.3","21085.9","","","","1"
"2026-03","Canada","2021A000011124","Employment","Total - Gender","15 years and over","Estimate","Trend-cycle","Persons in thousands","428","thousands","3","v100304302","1.3.1.1.1.3","21075.9","","","","1"
"2026-04","Canada","2021A000011124","Employment","Total - Gender","15 years and over","Estimate","Trend-cycle","Persons in thousands","428","thousands","3","v100304302","1.3.1.1.1.3","21068.2","","","","1"
"2026-05","Canada","2021A000011124","Employment","Total - Gender","15 years and over","Estimate","Trend-cycle","Persons in thousands","428","thousands","3","v100304302","1.3.1.1.1.3","21068.8","","","","1"
"2025-06","Canada","2021A000011124","Employment","Total - Gender","15 years and over","Standard error of estimate","Seasonally adjusted","Persons in thousands","428","thousands","3","v101884904","1.3.1.1.2.1","52.2","","","","1"
"2025-07","Canada","2021A000011124","Employment","Total - Gender","15 years and over","Standard error of estimate","Seasonally adjusted","Persons in thousands","428","thousands","3","v101884904","1.3.1.1.2.1","52.9","","","","1"
"2025-08","Canada","2021A000011124","Employment","Total - Gender","15 years and over","Standard error of estimate","Seasonally adjusted","Persons in thousands","428","thousands","3","v101884904","1.3.1.1.2.1","52.9","","","","1"
"2025-09","Canada","2021A000011124","Employment","Total - Gender","15 years and over","Standard error of estimate","Seasonally adjusted","Persons in thousands","428","thousands","3","v101884904","1.3.1.1.2.1","52.9","","","","1"
"2025-10","Canada","2021A000011124","Employment","Total - Gender","15 years and over","Standard error of estimate","Seasonally adjusted","Persons in thousands","428","thousands","3","v101884904","1.3.1.1.2.1","52.9","","","","1"
"2025-11","Canada","2021A000011124","Employment","Total - Gender","15 years and over","Standard error of estimate","Seasonally adjusted","Persons in thousands","428","thousands","3","v101884904","1.3.1.1.2.1","52.9","","","","1"
"2025-12","Canada","2021A000011124","Employment","Total - Gender","15 years and over","Standard error of estimate","Seasonally adjusted","Persons in thousands","428","thousands","3","v101884904","1.3.1.1.2.1","52.9","","","","1"
"2026-01","Canada","2021A000011124","Employment","Total - Gender","15 years and over","Standard error of estimate","Seasonally adjusted","Persons in thousands","428","thousands","3","v101884904","1.3.1.1.2.1","51.4","","","","1"
"2026-02","Canada","2021A000011124","Employment","Total - Gender","15 years and over","Standard error of estimate","Seasonally adjusted","Persons in thousands","428","thousands","3","v101884904","1.3.1.1.2.1","51.4","","","","1"
"2026-03","Canada","2021A000011124","Employment","Total - Gender","15 years and over","Standard error of estimate","Seasonally adjusted","Persons in thousands","428","thousands","3","v101884904","1.3.1.1.2.1","51.4","","","","1"
"2026-04","Canada","2021A000011124","Employment","Total - Gender","15 years and over","Standard error of estimate","Seasonally adjusted","Persons in thousands","428","thousands","3","v101884904","1.3.1.1.2.1","51.4","","","","1"
"2026-05","Canada","2021A000011124","Employment","Total - Gender","15 years and over","Standard error of estimate","Seasonally adjusted","Persons in thousands","428","thousands","3","v101884904","1.3.1.1.2.1","51.4","","","","1"
"2025-06","Canada","2021A000011124","Unemployment","Total - Gender","15 years and over","Estimate","Seasonally adjusted","Persons in thousands","428","thousands","3","v2062814","1.6.1.1.1.1","1548.4","","","","1"
"2025-07","Canada","2021A000011124","Unemployment","Total - Gender","15 years and over","Estimate","Seasonally adjusted","Persons in thousands","428","thousands","3","v2062814","1.6.1.1.1.1","1559.9","","","","1"
"2025-08","Canada","2021A000011124","Unemployment","Total - Gender","15 years and over","Estimate","Seasonally adjusted","Persons in thousands","428","thousands","3","v2062814","1.6.1.1.1.1","1590.1","","","","1"
"2025-09","Canada","2021A000011124","Unemployment","Total - Gender","15 years and over","Estimate","Seasonally adjusted","Persons in thousands","428","thousands","3","v2062814","1.6.1.1.1.1","1596.1","","","","1"
"2025-10","Canada","2021A000011124","Unemployment","Total - Gender","15 years and over","Estimate","Seasonally adjusted","Persons in thousands","428","thousands","3","v2062814","1.6.1.1.1.1","1550.7","","","","1"
"2025-11","Canada","2021A000011124","Unemployment","Total - Gender","15 years and over","Estimate","Seasonally adjusted","Persons in thousands","428","thousands","3","v2062814","1.6.1.1.1.1","1483.9","","","","1"
"2025-12","Canada","2021A000011124","Unemployment","Total - Gender","15 years and over","Estimate","Seasonally adjusted","Persons in thousands","428","thousands","3","v2062814","1.6.1.1.1.1","1551.7","","","","1"
"2026-01","Canada","2021A000011124","Unemployment","Total - Gender","15 years and over","Estimate","Seasonally adjusted","Persons in thousands","428","thousands","3","v2062814","1.6.1.1.1.1","1457.5","","","","1"
"2026-02","Canada","2021A000011124","Unemployment","Total - Gender","15 years and over","Estimate","Seasonally adjusted","Persons in thousands","428","thousands","3","v2062814","1.6.1.1.1.1","1514.2","","","","1"
"2026-03","Canada","2021A000011124","Unemployment","Total - Gender","15 years and over","Estimate","Seasonally adjusted","Persons in thousands","428","thousands","3","v2062814","1.6.1.1.1.1","1515.2","","","","1"
"2026-04","Canada","2021A000011124","Unemployment","Total - Gender","15 years and over","Estimate","Seasonally adjusted","Persons in thousands","428","thousands","3","v2062814","1.6.1.1.1.1","1566.4","","","","1"
"2026-05","Canada","2021A000011124","Unemployment","Total - Gender","15 years and over","Estimate","Seasonally adjusted","Persons in thousands","428","thousands","3","v2062814","1.6.1.1.1.1","1482.4","","","","1"
"2025-06","Canada","2021A000011124","Unemployment","Total - Gender","15 years and over","Standard error of estimate","Seasonally adjusted","Persons in thousands","428","thousands","3","v101885096","1.6.1.1.2.1","28.1","","","","1"
"2025-07","Canada","2021A000011124","Unemployment","Total - Gender","15 years and over","Standard error of estimate","Seasonally adjusted","Persons in thousands","428","thousands","3","v101885096","1.6.1.1.2.1","28.7","","","","1"
"2025-08","Canada","2021A000011124","Unemployment","Total - Gender","15 years and over","Standard error of estimate","Seasonally adjusted","Persons in thousands","428","thousands","3","v101885096","1.6.1.1.2.1","28.7","","","","1"
"2025-09","Canada","2021A000011124","Unemployment","Total - Gender","15 years and over","Standard error of estimate","Seasonally adjusted","Persons in thousands","428","thousands","3","v101885096","1.6.1.1.2.1","28.7","","","","1"
"2025-10","Canada","2021A000011124","Unemployment","Total - Gender","15 years and over","Standard error of estimate","Seasonally adjusted","Persons in thousands","428","thousands","3","v101885096","1.6.1.1.2.1","28.7","","","","1"
"2025-11","Canada","2021A000011124","Unemployment","Total - Gender","15 years and over","Standard error of estimate","Seasonally adjusted","Persons in thousands","428","thousands","3","v101885096","1.6.1.1.2.1","28.7","","","","1"
"2025-12","Canada","2021A000011124","Unemployment","Total - Gender","15 years and over","Standard error of estimate","Seasonally adjusted","Persons in thousands","428","thousands","3","v101885096","1.6.1.1.2.1","28.7","","","","1"
"2026-01","Canada","2021A000011124","Unemployment","Total - Gender","15 years and over","Standard error of estimate","Seasonally adjusted","Persons in thousands","428","thousands","3","v101885096","1.6.1.1.2.1","28.8","","","","1"
"2026-02","Canada","2021A000011124","Unemployment","Total - Gender","15 years and over","Standard error of estimate","Seasonally adjusted","Persons in thousands","428","thousands","3","v101885096","1.6.1.1.2.1","28.8","","","","1"
"2026-03","Canada","2021A000011124","Unemployment","Total - Gender","15 years and over","Standard error of estimate","Seasonally adjusted","Persons in thousands","428","thousands","3","v101885096","1.6.1.1.2.1","28.8","","","","1"
"2026-04","Canada","2021A000011124","Unemployment","Total - Gender","15 years and over","Standard error of estimate","Seasonally adjusted","Persons in thousands","428","thousands","3","v101885096","1.6.1.1.2.1","28.8","","","","1"
"2026-05","Canada","2021A000011124","Unemployment","Total - Gender","15 years and over","Standard error of estimate","Seasonally adjusted","Persons in thousands","428","thousands","3","v101885096","1.6.1.1.2.1","28.8","","","","1"
"2025-06","Canada","2021A000011124","Employment rate","Total - Gender","15 years and over","Estimate","Seasonally adjusted","Percent","239","units","0","v2062817","1.9.1.1.1.1","60.9","","","","1"
"2025-07","Canada","2021A000011124","Employment rate","Total - Gender","15 years and over","Estimate","Seasonally adjusted","Percent","239","units","0","v2062817","1.9.1.1.1.1","60.7","","","","1"
"2025-08","Canada","2021A000011124","Employment rate","Total - Gender","15 years and over","Estimate","Seasonally adjusted","Percent","239","units","0","v2062817","1.9.1.1.1.1","60.5","","","","1"
"2025-09","Canada","2021A000011124","Employment rate","Total - Gender","15 years and over","Estimate","Seasonally adjusted","Percent","239","units","0","v2062817","1.9.1.1.1.1","60.6","","","","1"
"2025-10","Canada","2021A000011124","Employment rate","Total - Gender","15 years and over","Estimate","Seasonally adjusted","Percent","239","units","0","v2062817","1.9.1.1.1.1","60.8","","","","1"
"2025-11","Canada","2021A000011124","Employment rate","Total - Gender","15 years and over","Estimate","Seasonally adjusted","Percent","239","units","0","v2062817","1.9.1.1.1.1","60.9","","","","1"
"2025-12","Canada","2021A000011124","Employment rate","Total - Gender","15 years and over","Estimate","Seasonally adjusted","Percent","239","units","0","v2062817","1.9.1.1.1.1","60.9","","","","1"
"2026-01","Canada","2021A000011124","Employment rate","Total - Gender","15 years and over","Estimate","Seasonally adjusted","Percent","239","units","0","v2062817","1.9.1.1.1.1","60.8","","","","1"
"2026-02","Canada","2021A000011124","Employment rate","Total - Gender","15 years and over","Estimate","Seasonally adjusted","Percent","239","units","0","v2062817","1.9.1.1.1.1","60.6","","","","1"
"2026-03","Canada","2021A000011124","Employment rate","Total - Gender","15 years and over","Estimate","Seasonally adjusted","Percent","239","units","0","v2062817","1.9.1.1.1.1","60.6","","","","1"
"2026-04","Canada","2021A000011124","Employment rate","Total - Gender","15 years and over","Estimate","Seasonally adjusted","Percent","239","units","0","v2062817","1.9.1.1.1.1","60.5","","","","1"
"2026-05","Canada","2021A000011124","Employment rate","Total - Gender","15 years and over","Estimate","Seasonally adjusted","Percent","239","units","0","v2062817","1.9.1.1.1.1","60.7","","","","1"
"2025-06","Canada","2021A000011124","Employment rate","Total - Gender","15 years and over","Standard error of estimate","Seasonally adjusted","Percent","239","units","0","v101885384","1.9.1.1.2.1","0.2","","","","1"
"2025-07","Canada","2021A000011124","Employment rate","Total - Gender","15 years and over","Standard error of estimate","Seasonally adjusted","Percent","239","units","0","v101885384","1.9.1.1.2.1","0.2","","","","1"
"2025-08","Canada","2021A000011124","Employment rate","Total - Gender","15 years and over","Standard error of estimate","Seasonally adjusted","Percent","239","units","0","v101885384","1.9.1.1.2.1","0.2","","","","1"
"2025-09","Canada","2021A000011124","Employment rate","Total - Gender","15 years and over","Standard error of estimate","Seasonally adjusted","Percent","239","units","0","v101885384","1.9.1.1.2.1","0.2","","","","1"
"2025-10","Canada","2021A000011124","Employment rate","Total - Gender","15 years and over","Standard error of estimate","Seasonally adjusted","Percent","239","units","0","v101885384","1.9.1.1.2.1","0.2","","","","1"
"2025-11","Canada","2021A000011124","Employment rate","Total - Gender","15 years and over","Standard error of estimate","Seasonally adjusted","Percent","239","units","0","v101885384","1.9.1.1.2.1","0.2","","","","1"
"2025-12","Canada","2021A000011124","Employment rate","Total - Gender","15 years and over","Standard error of estimate","Seasonally adjusted","Percent","239","units","0","v101885384","1.9.1.1.2.1","0.2","","","","1"
"2026-01","Canada","2021A000011124","Employment rate","Total - Gender","15 years and over","Standard error of estimate","Seasonally adjusted","Percent","239","units","0","v101885384","1.9.1.1.2.1","0.1","","","","1"
"2026-02","Canada","2021A000011124","Employment rate","Total - Gender","15 years and over","Standard error of estimate","Seasonally adjusted","Percent","239","units","0","v101885384","1.9.1.1.2.1","0.1","","","","1"
"2026-03","Canada","2021A000011124","Employment rate","Total - Gender","15 years and over","Standard error of estimate","Seasonally adjusted","Percent","239","units","0","v101885384","1.9.1.1.2.1","0.1","","","","1"
"2026-04","Canada","2021A000011124","Employment rate","Total - Gender","15 years and over","Standard error of estimate","Seasonally adjusted","Percent","239","units","0","v101885384","1.9.1.1.2.1","0.1","","","","1"
"2026-05","Canada","2021A000011124","Employment rate","Total - Gender","15 years and over","Standard error of estimate","Seasonally adjusted","Percent","239","units","0","v101885384","1.9.1.1.2.1","0.1","","","","1"
"2025-06","Newfoundland and Labrador","2021A000210","Population","Total - Gender","15 years and over","Estimate","Seasonally adjusted","Persons in thousands","428","thousands","3","v2062998","2.1.1.1.1.1","471.1","","","","1"
"2025-07","Newfoundland and Labrador","2021A000210","Population","Total - Gender","15 years and over","Estimate","Seasonally adjusted","Persons in thousands","428","thousands","3","v2062998","2.1.1.1.1.1","471.4","","","","1"
"2025-08","Newfoundland and Labrador","2021A000210","Population","Total - Gender","15 years and over","Estimate","Seasonally adjusted","Persons in thousands","428","thousands","3","v2062998","2.1.1.1.1.1","471.7","","","","1"
"2025-09","Newfoundland and Labrador","2021A000210","Population","Total - Gender","15 years and over","Estimate","Seasonally adjusted","Persons in thousands","428","thousands","3","v2062998","2.1.1.1.1.1","471.8","","","","1"
"2025-10","Newfoundland and Labrador","2021A000210","Population","Total - Gender","15 years and over","Estimate","Seasonally adjusted","Persons in thousands","428","thousands","3","v2062998","2.1.1.1.1.1","472.1","","","","1"
"2025-11","Newfoundland and Labrador","2021A000210","Population","Total - Gender","15 years and over","Estimate","Seasonally adjusted","Persons in thousands","428","thousands","3","v2062998","2.1.1.1.1.1","472.4","","","","1"
"2025-12","Newfoundland and Labrador","2021A000210","Population","Total - Gender","15 years and over","Estimate","Seasonally adjusted","Persons in thousands","428","thousands","3","v2062998","2.1.1.1.1.1","472.7","","","","1"
"2026-01","Newfoundland and Labrador","2021A000210","Population","Total - Gender","15 years and over","Estimate","Seasonally adjusted","Persons in thousands","428","thousands","3","v2062998","2.1.1.1.1.1","472.9","","","","1"
"2026-02","Newfoundland and Labrador","2021A000210","Population","Total - Gender","15 years and over","Estimate","Seasonally adjusted","Persons in thousands","428","thousands","3","v2062998","2.1.1.1.1.1","473.1","","","","1"
"2026-03","Newfoundland and Labrador","2021A000210","Population","Total - Gender","15 years and over","Estimate","Seasonally adjusted","Persons in thousands","428","thousands","3","v2062998","2.1.1.1.1.1","473.4","","","","1"
"2026-04","Newfoundland and Labrador","2021A000210","Population","Total - Gender","15 years and over","Estimate","Seasonally adjusted","Persons in thousands","428","thousands","3","v2062998","2.1.1.1.1.1","473.9","","","","1"
"2026-05","Newfoundland and Labrador","2021A000210","Population","Total - Gender","15 years and over","Estimate","Seasonally adjusted","Persons in thousands","428","thousands","3","v2062998","2.1.1.1.1.1","474.2","","","","1"
"2025-06","Newfoundland and Labrador","2021A000210","Labour force","Total - Gender","15 years and over","Estimate","Seasonally adjusted","Persons in thousands","428","thousands","3","v2062999","2.2.1.1.1.1","270.9","","","","1"
"2025-07","Newfoundland and Labrador","2021A000210","Labour force","Total - Gender","15 years and over","Estimate","Seasonally adjusted","Persons in thousands","428","thousands","3","v2062999","2.2.1.1.1.1","274.7","","","","1"
"2025-08","Newfoundland and Labrador","2021A000210","Labour force","Total - Gender","15 years and over","Estimate","Seasonally adjusted","Persons in thousands","428","thousands","3","v2062999","2.2.1.1.1.1","271.4","","","","1"
"2025-09","Newfoundland and Labrador","2021A000210","Labour force","Total - Gender","15 years and over","Estimate","Seasonally adjusted","Persons in thousands","428","thousands","3","v2062999","2.2.1.1.1.1","269.2","","","","1"
"2025-10","Newfoundland and Labrador","2021A000210","Labour force","Total - Gender","15 years and over","Estimate","Seasonally adjusted","Persons in thousands","428","thousands","3","v2062999","2.2.1.1.1.1","272.9","","","","1"
"2025-11","Newfoundland and Labrador","2021A000210","Labour force","Total - Gender","15 years and over","Estimate","Seasonally adjusted","Persons in thousands","428","thousands","3","v2062999","2.2.1.1.1.1","271.6","","","","1"
"2025-12","Newfoundland and Labrador","2021A000210","Labour force","Total - Gender","15 years and over","Estimate","Seasonally adjusted","Persons in thousands","428","thousands","3","v2062999","2.2.1.1.1.1","272.1","","","","1"
"2026-01","Newfoundland and Labrador","2021A000210","Labour force","Total - Gender","15 years and over","Estimate","Seasonally adjusted","Persons in thousands","428","thousands","3","v2062999","2.2.1.1.1.1","272.5","","","","1"
"2026-02","Newfoundland and Labrador","2021A000210","Labour force","Total - Gender","15 years and over","Estimate","Seasonally adjusted","Persons in thousands","428","thousands","3","v2062999","2.2.1.1.1.1","274.7","","","","1"
"2026-03","Newfoundland and Labrador","2021A000210","Labour force","Total - Gender","15 years and over","Estimate","Seasonally adjusted","Persons in thousands","428","thousands","3","v2062999","2.2.1.1.1.1","276.0","","","","1"
"2026-04","Newfoundland and Labrador","2021A000210","Labour force","Total - Gender","15 years and over","Estimate","Seasonally adjusted","Persons in thousands","428","thousands","3","v2062999","2.2.1.1.1.1","271.6","","","","1"
"2026-05","Newfoundland and Labrador","2021A000210","Labour force","Total - Gender","15 years and over","Estimate","Seasonally adjusted","Persons in thousands","428","thousands","3","v2062999","2.2.1.1.1.1","269.1","","","","1"
"2025-06","Newfoundland and Labrador","2021A000210","Labour force","Total - Gender","15 years and over","Standard error of estimate","Seasonally adjusted","Persons in thousands","428","thousands","3","v101885480","2.2.1.1.2.1","2.8","","","","1"
"2025-07","Newfoundland and Labrador","2021A000210","Labour force","Total - Gender","15 years and over","Standard error of estimate","Seasonally adjusted","Persons in thousands","428","thousands","3","v101885480","2.2.1.1.2.1","2.8","","","","1"
"2025-08","Newfoundland and Labrador","2021A000210","Labour force","Total - Gender","15 years and over","Standard error of estimate","Seasonally adjusted","Persons in thousands","428","thousands","3","v101885480","2.2.1.1.2.1","2.8","","","","1"
"2025-09","Newfoundland and Labrador","2021A000210","Labour force","Total - Gender","15 years and over","Standard error of estimate","Seasonally adjusted","Persons in thousands","428","thousands","3","v101885480","2.2.1.1.2.1","2.8","","","","1"
"2025-10","Newfoundland and Labrador","2021A000210","Labour force","Total - Gender","15 years and over","Standard error of estimate","Seasonally adjusted","Persons in thousands","428","thousands","3","v101885480","2.2.1.1.2.1","2.8","","","","1"
"2025-11","Newfoundland and Labrador","2021A000210","Labour force","Total - Gender","15 years and over","Standard error of estimate","Seasonally adjusted","Persons in thousands","428","thousands","3","v101885480","2.2.1.1.2.1","2.8","","","","1"
"2025-12","Newfoundland and Labrador","2021A000210","Labour force","Total - Gender","15 years and over","Standard error of estimate","Seasonally adjusted","Persons in thousands","428","thousands","3","v101885480","2.2.1.1.2.1","2.8","","","","1"
"2026-01","Newfoundland and Labrador","2021A000210","Labour force","Total - Gender","15 years and over","Standard error of estimate","Seasonally adjusted","Persons in thousands","428","thousands","3","v101885480","2.2.1.1.2.1","2.6","","","","1"
"2026-02","Newfoundland and Labrador","2021A000210","Labour force","Total - Gender","15 years and over","Standard error of estimate","Seasonally adjusted","Persons in thousands","428","thousands","3","v101885480","2.2.1.1.2.1","2.6","","","","1"
"2026-03","Newfoundland and Labrador","2021A000210","Labour force","Total - Gender","15 years and over","Standard error of estimate","Seasonally adjusted","Persons in thousands","428","thousands","3","v101885480","2.2.1.1.2.1","2.6","","","","1"
"2026-04","Newfoundland and Labrador","2021A000210","Labour force","Total - Gender","15 years and over","Standard error of estimate","Seasonally adjusted","Persons in thousands","428","thousands","3","v101885480","2.2.1.1.2.1","2.6","","","","1"
"2026-05","Newfoundland and Labrador","2021A000210","Labour force","Total - Gender","15 years and over","Standard error of estimate","Seasonally adjusted","Persons in thousands","428","thousands","3","v101885480","2.2.1.1.2.1","2.6","","","","1"
"2025-06","Newfoundland and Labrador","2021A000210","Employment","Total - Gender","15 years and over","Estimate","Seasonally adjusted","Persons in thousands","428","thousands","3","v2063000","2.3.1.1.1.1","244.8","","","","1"
"2025-07","Newfoundland and Labrador","2021A000210","Employment","Total - Gender","15 years and over","Estimate","Seasonally adjusted","Persons in thousands","428","thousands","3","v2063000","2.3.1.1.1.1","245.7","","","","1"
"2025-08","Newfoundland and Labrador","2021A000210","Employment","Total - Gender","15 years and over","Estimate","Seasonally adjusted","Persons in thousands","428","thousands","3","v2063000","2.3.1.1.1.1","242.3","","","","1"
"2025-09","Newfoundland and Labrador","2021A000210","Employment","Total - Gender","15 years and over","Estimate","Seasonally adjusted","Persons in thousands","428","thousands","3","v2063000","2.3.1.1.1.1","241.0","","","","1"
"2025-10","Newfoundland and Labrador","2021A000210","Employment","Total - Gender","15 years and over","Estimate","Seasonally adjusted","Persons in thousands","428","thousands","3","v2063000","2.3.1.1.1.1","245.2","","","","1"
"2025-11","Newfoundland and Labrador","2021A000210","Employment","Total - Gender","15 years and over","Estimate","Seasonally adjusted","Persons in thousands","428","thousands","3","v2063000","2.3.1.1.1.1","243.4","","","","1"
"2025-12","Newfoundland and Labrador","2021A000210","Employment","Total - Gender","15 years and over","Estimate","Seasonally adjusted","Persons in thousands","428","thousands","3","v2063000","2.3.1.1.1.1","243.5","","","","1"
"2026-01","Newfoundland and Labrador","2021A000210","Employment","Total - Gender","15 years and over","Estimate","Seasonally adjusted","Persons in thousands","428","thousands","3","v2063000","2.3.1.1.1.1","247.3","","","","1"
"2026-02","Newfoundland and Labrador","2021A000210","Employment","Total - Gender","15 years and over","Estimate","Seasonally adjusted","Persons in thousands","428","thousands","3","v2063000","2.3.1.1.1.1","249.4","","","","1"
"2026-03","Newfoundland and Labrador","2021A000210","Employment","Total - Gender","15 years and over","Estimate","Seasonally adjusted","Persons in thousands","428","thousands","3","v2063000","2.3.1.1.1.1","249.6","","","","1"
"2026-04","Newfoundland and Labrador","2021A000210","Employment","Total - Gender","15 years and over","Estimate","Seasonally adjusted","Persons in thousands","428","thousands","3","v2063000","2.3.1.1.1.1","244.4","","","","1"
"2026-05","Newfoundland and Labrador","2021A000210","Employment","Total - Gender","15 years and over","Estimate","Seasonally adjusted","Persons in thousands","428","thousands","3","v2063000","2.3.1.1.1.1","243.2","","","","1"
"2025-06","Newfoundland and Labrador","2021A000210","Employment","Total - Gender","15 years and over","Estimate","Trend-cycle","Persons in thousands","428","thousands","3","v123339358","2.3.1.1.1.3","245.3","","","","1"
"2025-07","Newfoundland and Labrador","2021A000210","Employment","Total - Gender","15 years and over","Estimate","Trend-cycle","Persons in thousands","428","thousands","3","v123339358","2.3.1.1.1.3","244.6","","","","1"
"2025-08","Newfoundland and Labrador","2021A000210","Employment","Total - Gender","15 years and over","Estimate","Trend-cycle","Persons in thousands","428","thousands","3","v123339358","2.3.1.1.1.3","243.8","","","","1"
"2025-09","Newfoundland and Labrador","2021A000210","Employment","Total - Gender","15 years and over","Estimate","Trend-cycle","Persons in thousands","428","thousands","3","v123339358","2.3.1.1.1.3","243.4","","","","1"
"2025-10","Newfoundland and Labrador","2021A000210","Employment","Total - Gender","15 years and over","Estimate","Trend-cycle","Persons in thousands","428","thousands","3","v123339358","2.3.1.1.1.3","243.6","","","","1"
"2025-11","Newfoundland and Labrador","2021A000210","Employment","Total - Gender","15 years and over","Estimate","Trend-cycle","Persons in thousands","428","thousands","3","v123339358","2.3.1.1.1.3","244.4","","","","1"
"2025-12","Newfoundland and Labrador","2021A000210","Employment","Total - Gender","15 years and over","Estimate","Trend-cycle","Persons in thousands","428","thousands","3","v123339358","2.3.1.1.1.3","245.4","","","","1"
"2026-01","Newfoundland and Labrador","2021A000210","Employment","Total - Gender","15 years and over","Estimate","Trend-cycle","Persons in thousands","428","thousands","3","v123339358","2.3.1.1.1.3","246.2","","","","1"
"2026-02","Newfoundland and Labrador","2021A000210","Employment","Total - Gender","15 years and over","Estimate","Trend-cycle","Persons in thousands","428","thousands","3","v123339358","2.3.1.1.1.3","246.9","","","","1"
"2026-03","Newfoundland and Labrador","2021A000210","Employment","Total - Gender","15 years and over","Estimate","Trend-cycle","Persons in thousands","428","thousands","3","v123339358","2.3.1.1.1.3","246.9","","","","1"
"2026-04","Newfoundland and Labrador","2021A000210","Employment","Total - Gender","15 years and over","Estimate","Trend-cycle","Persons in thousands","428","thousands","3","v123339358","2.3.1.1.1.3","246.4","","","","1"
"2026-05","Newfoundland and Labrador","2021A000210","Employment","Total - Gender","15 years and over","Estimate","Trend-cycle","Persons in thousands","428","thousands","3","v123339358","2.3.1.1.1.3","245.9","","","","1"
"2025-06","Newfoundland and Labrador","2021A000210","Employment","Total - Gender","15 years and over","Standard error of estimate","Seasonally adjusted","Persons in thousands","428","thousands","3","v101885534","2.3.1.1.2.1","3.0","","","","1"
"2025-07","Newfoundland and Labrador","2021A000210","Employment","Total - Gender","15 years and over","Standard error of estimate","Seasonally adjusted","Persons in thousands","428","thousands","3","v101885534","2.3.1.1.2.1","3.0","","","","1"
"2025-08","Newfoundland and Labrador","2021A000210","Employment","Total - Gender","15 years and over","Standard error of estimate","Seasonally adjusted","Persons in thousands","428","thousands","3","v101885534","2.3.1.1.2.1","3.0","","","","1"
"2025-09","Newfoundland and Labrador","2021A000210","Employment","Total - Gender","15 years and over","Standard error of estimate","Seasonally adjusted","Persons in thousands","428","thousands","3","v101885534","2.3.1.1.2.1","3.0","","","","1"
"2025-10","Newfoundland and Labrador","2021A000210","Employment","Total - Gender","15 years and over","Standard error of estimate","Seasonally adjusted","Persons in thousands","428","thousands","3","v101885534","2.3.1.1.2.1","3.0","","","","1"
"2025-11","Newfoundland and Labrador","2021A000210","Employment","Total - Gender","15 years and over","Standard error of estimate","Seasonally adjusted","Persons in thousands","428","thousands","3","v101885534","2.3.1.1.2.1","3.0","","","","1"
"2025-12","Newfoundland and Labrador","2021A000210","Employment","Total - Gender","15 years and over","Standard error of estimate","Seasonally adjusted","Persons in thousands","428","thousands","3","v101885534","2.3.1.1.2.1","3.0","","","","1"
"2026-01","Newfoundland and Labrador","2021A000210","Employment","Total - Gender","15 years and over","Standard error of estimate","Seasonally adjusted","Persons in thousands","428","thousands","3","v101885534","2.3.1.1.2.1","2.7","","","","1"
"2026-02","Newfoundland and Labrador","2021A000210","Employment","Total - Gender","15 years and over","Standard error of estimate","Seasonally adjusted","Persons in thousands","428","thousands","3","v101885534","2.3.1.1.2.1","2.7","","","","1"
"2026-03","Newfoundland and Labrador","2021A000210","Employment","Total - Gender","15 years and over","Standard error of estimate","Seasonally adjusted","Persons in thousands","428","thousands","3","v101885534","2.3.1.1.2.1","2.7","","","","1"
"2026-04","Newfoundland and Labrador","2021A000210","Employment","Total - Gender","15 years and over","Standard error of estimate","Seasonally adjusted","Persons in thousands","428","thousands","3","v101885534","2.3.1.1.2.1","2.7","","","","1"
"2026-05","Newfoundland and Labrador","2021A000210","Employment","Total - Gender","15 years and over","Standard error of estimate","Seasonally adjusted","Persons in thousands","428","thousands","3","v101885534","2.3.1.1.2.1","2.7","","","","1"
"2025-06","Newfoundland and Labrador","2021A000210","Unemployment","Total - Gender","15 years and over","Estimate","Seasonally adjusted","Persons in thousands","428","thousands","3","v2063003","2.6.1.1.1.1","26.1","","","","1"
"2025-07","Newfoundland and Labrador","2021A000210","Unemployment","Total - Gender","15 years and over","Estimate","Seasonally adjusted","Persons in thousands","428","thousands","3","v2063003","2.6.1.1.1.1","29.0","","","","1"
"2025-08","Newfoundland and Labrador","2021A000210","Unemployment","Total - Gender","15 years and over","Estimate","Seasonally adjusted","Persons in thousands","428","thousands","3","v2063003","2.6.1.1.1.1","29.1","","","","1"
"2025-09","Newfoundland and Labrador","2021A000210","Unemployment","Total - Gender","15 years and over","Estimate","Seasonally adjusted","Persons in thousands","428","thousands","3","v2063003","2.6.1.1.1.1","28.2","","","","1"
"2025-10","Newfoundland and Labrador","2021A000210","Unemployment","Total - Gender","15 years and over","Estimate","Seasonally adjusted","Persons in thousands","428","thousands","3","v2063003","2.6.1.1.1.1","27.7","","","","1"
"2025-11","Newfoundland and Labrador","2021A000210","Unemployment","Total - Gender","15 years and over","Estimate","Seasonally adjusted","Persons in thousands","428","thousands","3","v2063003","2.6.1.1.1.1","28.2","","","","1"
"2025-12","Newfoundland and Labrador","2021A000210","Unemployment","Total - Gender","15 years and over","Estimate","Seasonally adjusted","Persons in thousands","428","thousands","3","v2063003","2.6.1.1.1.1","28.7","","","","1"
"2026-01","Newfoundland and Labrador","2021A000210","Unemployment","Total - Gender","15 years and over","Estimate","Seasonally adjusted","Persons in thousands","428","thousands","3","v2063003","2.6.1.1.1.1","25.1","","","","1"
"2026-02","Newfoundland and Labrador","2021A000210","Unemployment","Total - Gender","15 years and over","Estimate","Seasonally adjusted","Persons in thousands","428","thousands","3","v2063003","2.6.1.1.1.1","25.4","","","","1"
"2026-03","Newfoundland and Labrador","2021A000210","Unemployment","Total - Gender","15 years and over","Estimate","Seasonally adjusted","Persons in thousands","428","thousands","3","v2063003","2.6.1.1.1.1","26.3","","","","1"
"2026-04","Newfoundland and Labrador","2021A000210","Unemployment","Total - Gender","15 years and over","Estimate","Seasonally adjusted","Persons in thousands","428","thousands","3","v2063003","2.6.1.1.1.1","27.2","","","","1"
"2026-05","Newfoundland and Labrador","2021A000210","Unemployment","Total - Gender","15 years and over","Estimate","Seasonally adjusted","Persons in thousands","428","thousands","3","v2063003","2.6.1.1.1.1","25.8","","","","1"
"2025-06","Newfoundland and Labrador","2021A000210","Unemployment","Total - Gender","15 years and over","Standard error of estimate","Seasonally adjusted","Persons in thousands","428","thousands","3","v101885684","2.6.1.1.2.1","1.9","","","","1"
"2025-07","Newfoundland and Labrador","2021A000210","Unemployment","Total - Gender","15 years and over","Standard error of estimate","Seasonally adjusted","Persons in thousands","428","thousands","3","v101885684","2.6.1.1.2.1","1.9","","","","1"
"2025-08","Newfoundland and Labrador","2021A000210","Unemployment","Total - Gender","15 years and over","Standard error of estimate","Seasonally adjusted","Persons in thousands","428","thousands","3","v101885684","2.6.1.1.2.1","1.9","","","","1"
"2025-09","Newfoundland and Labrador","2021A000210","Unemployment","Total - Gender","15 years and over","Standard error of estimate","Seasonally adjusted","Persons in thousands","428","thousands","3","v101885684","2.6.1.1.2.1","1.9","","","","1"
"2025-10","Newfoundland and Labrador","2021A000210","Unemployment","Total - Gender","15 years and over","Standard error of estimate","Seasonally adjusted","Persons in thousands","428","thousands","3","v101885684","2.6.1.1.2.1","1.9","","","","1"
"2025-11","Newfoundland and Labrador","2021A000210","Unemployment","Total - Gender","15 years and over","Standard error of estimate","Seasonally adjusted","Persons in thousands","428","thousands","3","v101885684","2.6.1.1.2.1","1.9","","","","1"
"2025-12","Newfoundland and Labrador","2021A000210","Unemployment","Total - Gender","15 years and over","Standard error of estimate","Seasonally adjusted","Persons in thousands","428","thousands","3","v101885684","2.6.1.1.2.1","1.9","","","","1"
"2026-01","Newfoundland and Labrador","2021A000210","Unemployment","Total - Gender","15 years and over","Standard error of estimate","Seasonally adjusted","Persons in thousands","428","thousands","3","v101885684","2.6.1.1.2.1","1.7","","","","1"
"2026-02","Newfoundland and Labrador","2021A000210","Unemployment","Total - Gender","15 years and over","Standard error of estimate","Seasonally adjusted","Persons in thousands","428","thousands","3","v101885684","2.6.1.1.2.1","1.7","","","","1"
"2026-03","Newfoundland and Labrador","2021A000210","Unemployment","Total - Gender","15 years and over","Standard error of estimate","Seasonally adjusted","Persons in thousands","428","thousands","3","v101885684","2.6.1.1.2.1","1.7","","","","1"
"2026-04","Newfoundland and Labrador","2021A000210","Unemployment","Total - Gender","15 years and over","Standard error of estimate","Seasonally adjusted","Persons in thousands","428","thousands","3","v101885684","2.6.1.1.2.1","1.7","","","","1"
"2026-05","Newfoundland and Labrador","2021A000210","Unemployment","Total - Gender","15 years and over","Standard error of estimate","Seasonally adjusted","Persons in thousands","428","thousands","3","v101885684","2.6.1.1.2.1","1.7","","","","1"
"2025-06","Newfoundland and Labrador","2021A000210","Employment rate","Total - Gender","15 years and over","Estimate","Seasonally adjusted","Percent","239","units","0","v2063006","2.9.1.1.1.1","52.0","","","","1"
"2025-07","Newfoundland and Labrador","2021A000210","Employment rate","Total - Gender","15 years and over","Estimate","Seasonally adjusted","Percent","239","units","0","v2063006","2.9.1.1.1.1","52.1","","","","1"
"2025-08","Newfoundland and Labrador","2021A000210","Employment rate","Total - Gender","15 years and over","Estimate","Seasonally adjusted","Percent","239","units","0","v2063006","2.9.1.1.1.1","51.4","","","","1"
"2025-09","Newfoundland and Labrador","2021A000210","Employment rate","Total - Gender","15 years and over","Estimate","Seasonally adjusted","Percent","239","units","0","v2063006","2.9.1.1.1.1","51.1","","","","1"
"2025-10","Newfoundland and Labrador","2021A000210","Employment rate","Total - Gender","15 years and over","Estimate","Seasonally adjusted","Percent","239","units","0","v2063006","2.9.1.1.1.1","51.9","","","","1"
"2025-11","Newfoundland and Labrador","2021A000210","Employment rate","Total - Gender","15 years and over","Estimate","Seasonally adjusted","Percent","239","units","0","v2063006","2.9.1.1.1.1","51.5","","","","1"
"2025-12","Newfoundland and Labrador","2021A000210","Employment rate","Total - Gender","15 years and over","Estimate","Seasonally adjusted","Percent","239","units","0","v2063006","2.9.1.1.1.1","51.5","","","","1"
"2026-01","Newfoundland and Labrador","2021A000210","Employment rate","Total - Gender","15 years and over","Estimate","Seasonally adjusted","Percent","239","units","0","v2063006","2.9.1.1.1.1","52.3","","","","1"
"2026-02","Newfoundland and Labrador","2021A000210","Employment rate","Total - Gender","15 years and over","Estimate","Seasonally adjusted","Percent","239","units","0","v2063006","2.9.1.1.1.1","52.7","","","","1"
"2026-03","Newfoundland and Labrador","2021A000210","Employment rate","Total - Gender","15 years and over","Estimate","Seasonally adjusted","Percent","239","units","0","v2063006","2.9.1.1.1.1","52.7","","","","1"
"2026-04","Newfoundland and Labrador","2021A000210","Employment rate","Total - Gender","15 years and over","Estimate","Seasonally adjusted","Percent","239","units","0","v2063006","2.9.1.1.1.1","51.6","","","","1"
"2026-05","Newfoundland and Labrador","2021A000210","Employment rate","Total - Gender","15 years and over","Estimate","Seasonally adjusted","Percent","239","units","0","v2063006","2.9.1.1.1.1","51.3","","","","1"
"2025-06","Newfoundland and Labrador","2021A000210","Employment rate","Total - Gender","15 years and over","Standard error of estimate","Seasonally adjusted","Percent","239","units","0","v101885846","2.9.1.1.2.1","0.6","","","","1"
"2025-07","Newfoundland and Labrador","2021A000210","Employment rate","Total - Gender","15 years and over","Standard error of estimate","Seasonally adjusted","Percent","239","units","0","v101885846","2.9.1.1.2.1","0.6","","","","1"
"2025-08","Newfoundland and Labrador","2021A000210","Employment rate","Total - Gender","15 years and over","Standard error of estimate","Seasonally adjusted","Percent","239","units","0","v101885846","2.9.1.1.2.1","0.6","","","","1"
"2025-09","Newfoundland and Labrador","2021A000210","Employment rate","Total - Gender","15 years and over","Standard error of estimate","Seasonally adjusted","Percent","239","units","0","v101885846","2.9.1.1.2.1","0.6","","","","1"
"2025-10","Newfoundland and Labrador","2021A000210","Employment rate","Total - Gender","15 years and over","Standard error of estimate","Seasonally adjusted","Percent","239","units","0","v101885846","2.9.1.1.2.1","0.6","","","","1"
"2025-11","Newfoundland and Labrador","2021A000210","Employment rate","Total - Gender","15 years and over","Standard error of estimate","Seasonally adjusted","Percent","239","units","0","v101885846","2.9.1.1.2.1","0.6","","","","1"
"2025-12","Newfoundland and Labrador","2021A000210","Employment rate","Total - Gender","15 years and over","Standard error of estimate","Seasonally adjusted","Percent","239","units","0","v101885846","2.9.1.1.2.1","0.6","","","","1"
"2026-01","Newfoundland and Labrador","2021A000210","Employment rate","Total - Gender","15 years and over","Standard error of estimate","Seasonally adjusted","Percent","239","units","0","v101885846","2.9.1.1.2.1","0.6","","","","1"
"2026-02","Newfoundland and Labrador","2021A000210","Employment rate","Total - Gender","15 years and over","Standard error of estimate","Seasonally adjusted","Percent","239","units","0","v101885846","2.9.1.1.2.1","0.6","","","","1"
"2026-03","Newfoundland and Labrador","2021A000210","Employment rate","Total - Gender","15 years and over","Standard error of estimate","Seasonally adjusted","Percent","239","units","0","v101885846","2.9.1.1.2.1","0.6","","","","1"
"2026-04","Newfoundland and Labrador","2021A000210","Employment rate","Total - Gender","15 years and over","Standard error of estimate","Seasonally adjusted","Percent","239","units","0","v101885846","2.9.1.1.2.1","0.6","","","","1"
"2026-05","Newfoundland and Labrador","2021A000210","Employment rate","Total - Gender","15 years and over","Standard error of estimate","Seasonally adjusted","Percent","239","units","0","v101885846","2.9.1.1.2.1","0.6","","","","1"
"2025-06","Prince Edward Island","2021A000211","Population","Total - Gender","15 years and over","Estimate","Seasonally adjusted","Persons in thousands","428","thousands","3","v2063187","3.1.1.1.1.1","154.0","","","","1"
"2025-07","Prince Edward Island","2021A000211","Population","Total - Gender","15 years and over","Estimate","Seasonally adjusted","Persons in thousands","428","thousands","3","v2063187","3.1.1.1.1.1","154.3","","","","1"
"2025-08","Prince Edward Island","2021A000211","Population","Total - Gender","15 years and over","Estimate","Seasonally adjusted","Persons in thousands","428","thousands","3","v2063187","3.1.1.1.1.1","154.5","","","","1"
"2025-09","Prince Edward Island","2021A000211","Population","Total - Gender","15 years and over","Estimate","Seasonally adjusted","Persons in thousands","428","thousands","3","v2063187","3.1.1.1.1.1","154.6","","","","1"
"2025-10","Prince Edward Island","2021A000211","Population","Total - Gender","15 years and over","Estimate","Seasonally adjusted","Persons in thousands","428","thousands","3","v2063187","3.1.1.1.1.1","154.9","","","","1"
"2025-11","Prince Edward Island","2021A000211","Population","Total - Gender","15 years and over","Estimate","Seasonally adjusted","Persons in thousands","428","thousands","3","v2063187","3.1.1.1.1.1","155.2","","","","1"
"2025-12","Prince Edward Island","2021A000211","Population","Total - Gender","15 years and over","Estimate","Seasonally adjusted","Persons in thousands","428","thousands","3","v2063187","3.1.1.1.1.1","155.3","","","","1"
"2026-01","Prince Edward Island","2021A000211","Population","Total - Gender","15 years and over","Estimate","Seasonally adjusted","Persons in thousands","428","thousands","3","v2063187","3.1.1.1.1.1","155.4","","","","1"
"2026-02","Prince Edward Island","2021A000211","Population","Total - Gender","15 years and over","Estimate","Seasonally adjusted","Persons in thousands","428","thousands","3","v2063187","3.1.1.1.1.1","155.6","","","","1"
"2026-03","Prince Edward Island","2021A000211","Population","Total - Gender","15 years and over","Estimate","Seasonally adjusted","Persons in thousands","428","thousands","3","v2063187","3.1.1.1.1.1","155.8","","","","1"
"2026-04","Prince Edward Island","2021A000211","Population","Total - Gender","15 years and over","Estimate","Seasonally adjusted","Persons in thousands","428","thousands","3","v2063187","3.1.1.1.1.1","156.0","","","","1"
"2026-05","Prince Edward Island","2021A000211","Population","Total - Gender","15 years and over","Estimate","Seasonally adjusted","Persons in thousands","428","thousands","3","v2063187","3.1.1.1.1.1","156.0","","","","1"
"2025-06","Prince Edward Island","2021A000211","Labour force","Total - Gender","15 years and over","Estimate","Seasonally adjusted","Persons in thousands","428","thousands","3","v2063188","3.2.1.1.1.1","100.7","","","","1"
"2025-07","Prince Edward Island","2021A000211","Labour force","Total - Gender","15 years and over","Estimate","Seasonally adjusted","Persons in thousands","428","thousands","3","v2063188","3.2.1.1.1.1","101.6","","","","1"
"2025-08","Prince Edward Island","2021A000211","Labour force","Total - Gender","15 years and over","Estimate","Seasonally adjusted","Persons in thousands","428","thousands","3","v2063188","3.2.1.1.1.1","102.4","","","","1"
"2025-09","Prince Edward Island","2021A000211","Labour force","Total - Gender","15 years and over","Estimate","Seasonally adjusted","Persons in thousands","428","thousands","3","v2063188","3.2.1.1.1.1","102.9","","","","1"
"2025-10","Prince Edward Island","2021A000211","Labour force","Total - Gender","15 years and over","Estimate","Seasonally adjusted","Persons in thousands","428","thousands","3","v2063188","3.2.1.1.1.1","101.9","","","","1"
"2025-11","Prince Edward Island","2021A000211","Labour force","Total - Gender","15 years and over","Estimate","Seasonally adjusted","Persons in thousands","428","thousands","3","v2063188","3.2.1.1.1.1","101.8","","","","1"
"2025-12","Prince Edward Island","2021A000211","Labour force","Total - Gender","15 years and over","Estimate","Seasonally adjusted","Persons in thousands","428","thousands","3","v2063188","3.2.1.1.1.1","102.2","","","","1"
"2026-01","Prince Edward Island","2021A000211","Labour force","Total - Gender","15 years and over","Estimate","Seasonally adjusted","Persons in thousands","428","thousands","3","v2063188","3.2.1.1.1.1","103.4","","","","1"
"2026-02","Prince Edward Island","2021A000211","Labour force","Total - Gender","15 years and over","Estimate","Seasonally adjusted","Persons in thousands","428","thousands","3","v2063188","3.2.1.1.1.1","103.7","","","","1"
"2026-03","Prince Edward Island","2021A000211","Labour force","Total - Gender","15 years and over","Estimate","Seasonally adjusted","Persons in thousands","428","thousands","3","v2063188","3.2.1.1.1.1","103.6","","","","1"
"2026-04","Prince Edward Island","2021A000211","Labour force","Total - Gender","15 years and over","Estimate","Seasonally adjusted","Persons in thousands","428","thousands","3","v2063188","3.2.1.1.1.1","103.8","","","","1"
"2026-05","Prince Edward Island","2021A000211","Labour force","Total - Gender","15 years and over","Estimate","Seasonally adjusted","Persons in thousands","428","thousands","3","v2063188","3.2.1.1.1.1","103.8","","","","1"
"2025-06","Prince Edward Island","2021A000211","Labour force","Total - Gender","15 years and over","Standard error of estimate","Seasonally adjusted","Persons in thousands","428","thousands","3","v101885900","3.2.1.1.2.1","1.1","","","","1"
"2025-07","Prince Edward Island","2021A000211","Labour force","Total - Gender","15 years and over","Standard error of estimate","Seasonally adjusted","Persons in thousands","428","thousands","3","v101885900","3.2.1.1.2.1","1.2","","","","1"
"2025-08","Prince Edward Island","2021A000211","Labour force","Total - Gender","15 years and over","Standard error of estimate","Seasonally adjusted","Persons in thousands","428","thousands","3","v101885900","3.2.1.1.2.1","1.2","","","","1"
"2025-09","Prince Edward Island","2021A000211","Labour force","Total - Gender","15 years and over","Standard error of estimate","Seasonally adjusted","Persons in thousands","428","thousands","3","v101885900","3.2.1.1.2.1","1.2","","","","1"
"2025-10","Prince Edward Island","2021A000211","Labour force","Total - Gender","15 years and over","Standard error of estimate","Seasonally adjusted","Persons in thousands","428","thousands","3","v101885900","3.2.1.1.2.1","1.2","","","","1"
"2025-11","Prince Edward Island","2021A000211","Labour force","Total - Gender","15 years and over","Standard error of estimate","Seasonally adjusted","Persons in thousands","428","thousands","3","v101885900","3.2.1.1.2.1","1.2","","","","1"
"2025-12","Prince Edward Island","2021A000211","Labour force","Total - Gender","15 years and over","Standard error of estimate","Seasonally adjusted","Persons in thousands","428","thousands","3","v101885900","3.2.1.1.2.1","1.2","","","","1"
"2026-01","Prince Edward Island","2021A000211","Labour force","Total - Gender","15 years and over","Standard error of estimate","Seasonally adjusted","Persons in thousands","428","thousands","3","v101885900","3.2.1.1.2.1","1.1","","","","1"
"2026-02","Prince Edward Island","2021A000211","Labour force","Total - Gender","15 years and over","Standard error of estimate","Seasonally adjusted","Persons in thousands","428","thousands","3","v101885900","3.2.1.1.2.1","1.1","","","","1"
"2026-03","Prince Edward Island","2021A000211","Labour force","Total - Gender","15 years and over","Standard error of estimate","Seasonally adjusted","Persons in thousands","428","thousands","3","v101885900","3.2.1.1.2.1","1.1","","","","1"
"2026-04","Prince Edward Island","2021A000211","Labour force","Total - Gender","15 years and over","Standard error of estimate","Seasonally adjusted","Persons in thousands","428","thousands","3","v101885900","3.2.1.1.2.1","1.1","","","","1"
"2026-05","Prince Edward Island","2021A000211","Labour force","Total - Gender","15 years and over","Standard error of estimate","Seasonally adjusted","Persons in thousands","428","thousands","3","v101885900","3.2.1.1.2.1","1.1","","","","1"
"2025-06","Prince Edward Island","2021A000211","Employment","Total - Gender","15 years and over","Estimate","Seasonally adjusted","Persons in thousands","428","thousands","3","v2063189","3.3.1.1.1.1","92.0","","","","1"
"2025-07","Prince Edward Island","2021A000211","Employment","Total - Gender","15 years and over","Estimate","Seasonally adjusted","Persons in thousands","428","thousands","3","v2063189","3.3.1.1.1.1","92.9","","","","1"
"2025-08","Prince Edward Island","2021A000211","Employment","Total - Gender","15 years and over","Estimate","Seasonally adjusted","Persons in thousands","428","thousands","3","v2063189","3.3.1.1.1.1","94.2","","","","1"
"2025-09","Prince Edward Island","2021A000211","Employment","Total - Gender","15 years and over","Estimate","Seasonally adjusted","Persons in thousands","428","thousands","3","v2063189","3.3.1.1.1.1","93.1","","","","1"
"2025-10","Prince Edward Island","2021A000211","Employment","Total - Gender","15 years and over","Estimate","Seasonally adjusted","Persons in thousands","428","thousands","3","v2063189","3.3.1.1.1.1","93.5","","","","1"
"2025-11","Prince Edward Island","2021A000211","Employment","Total - Gender","15 years and over","Estimate","Seasonally adjusted","Persons in thousands","428","thousands","3","v2063189","3.3.1.1.1.1","94.1","","","","1"
"2025-12","Prince Edward Island","2021A000211","Employment","Total - Gender","15 years and over","Estimate","Seasonally adjusted","Persons in thousands","428","thousands","3","v2063189","3.3.1.1.1.1","94.9","","","","1"
"2026-01","Prince Edward Island","2021A000211","Employment","Total - Gender","15 years and over","Estimate","Seasonally adjusted","Persons in thousands","428","thousands","3","v2063189","3.3.1.1.1.1","95.5","","","","1"
"2026-02","Prince Edward Island","2021A000211","Employment","Total - Gender","15 years and over","Estimate","Seasonally adjusted","Persons in thousands","428","thousands","3","v2063189","3.3.1.1.1.1","96.2","","","","1"
"2026-03","Prince Edward Island","2021A000211","Employment","Total - Gender","15 years and over","Estimate","Seasonally adjusted","Persons in thousands","428","thousands","3","v2063189","3.3.1.1.1.1","96.0","","","","1"
"2026-04","Prince Edward Island","2021A000211","Employment","Total - Gender","15 years and over","Estimate","Seasonally adjusted","Persons in thousands","428","thousands","3","v2063189","3.3.1.1.1.1","95.5","","","","1"
"2026-05","Prince Edward Island","2021A000211","Employment","Total - Gender","15 years and over","Estimate","Seasonally adjusted","Persons in thousands","428","thousands","3","v2063189","3.3.1.1.1.1","96.7","","","","1"
"2025-06","Prince Edward Island","2021A000211","Employment","Total - Gender","15 years and over","Estimate","Trend-cycle","Persons in thousands","428","thousands","3","v123339359","3.3.1.1.1.3","92.8","","","","1"
"2025-07","Prince Edward Island","2021A000211","Employment","Total - Gender","15 years and over","Estimate","Trend-cycle","Persons in thousands","428","thousands","3","v123339359","3.3.1.1.1.3","92.9","","","","1"
"2025-08","Prince Edward Island","2021A000211","Employment","Total - Gender","15 years and over","Estimate","Trend-cycle","Persons in thousands","428","thousands","3","v123339359","3.3.1.1.1.3","93.2","","","","1"
"2025-09","Prince Edward Island","2021A000211","Employment","Total - Gender","15 years and over","Estimate","Trend-cycle","Persons in thousands","428","thousands","3","v123339359","3.3.1.1.1.3","93.5","","","","1"
"2025-10","Prince Edward Island","2021A000211","Employment","Total - Gender","15 years and over","Estimate","Trend-cycle","Persons in thousands","428","thousands","3","v123339359","3.3.1.1.1.3","93.9","","","","1"
"2025-11","Prince Edward Island","2021A000211","Employment","Total - Gender","15 years and over","Estimate","Trend-cycle","Persons in thousands","428","thousands","3","v123339359","3.3.1.1.1.3","94.4","","","","1"
"2025-12","Prince Edward Island","2021A000211","Employment","Total - Gender","15 years and over","Estimate","Trend-cycle","Persons in thousands","428","thousands","3","v123339359","3.3.1.1.1.3","94.9","","","","1"
"2026-01","Prince Edward Island","2021A000211","Employment","Total - Gender","15 years and over","Estimate","Trend-cycle","Persons in thousands","428","thousands","3","v123339359","3.3.1.1.1.3","95.3","","","","1"
"2026-02","Prince Edward Island","2021A000211","Employment","Total - Gender","15 years and over","Estimate","Trend-cycle","Persons in thousands","428","thousands","3","v123339359","3.3.1.1.1.3","95.6","","","","1"
"2026-03","Prince Edward Island","2021A000211","Employment","Total - Gender","15 years and over","Estimate","Trend-cycle","Persons in thousands","428","thousands","3","v123339359","3.3.1.1.1.3","95.9","","","","1"
"2026-04","Prince Edward Island","2021A000211","Employment","Total - Gender","15 years and over","Estimate","Trend-cycle","Persons in thousands","428","thousands","3","v123339359","3.3.1.1.1.3","96.1","","","","1"
"2026-05","Prince Edward Island","2021A000211","Employment","Total - Gender","15 years and over","Estimate","Trend-cycle","Persons in thousands","428","thousands","3","v123339359","3.3.1.1.1.3","96.2","","","","1"
"2025-06","Prince Edward Island","2021A000211","Employment","Total - Gender","15 years and over","Standard error of estimate","Seasonally adjusted","Persons in thousands","428","thousands","3","v101885954","3.3.1.1.2.1","1.2","","","","1"
"2025-07","Prince Edward Island","2021A000211","Employment","Total - Gender","15 years and over","Standard error of estimate","Seasonally adjusted","Persons in thousands","428","thousands","3","v101885954","3.3.1.1.2.1","1.3","","","","1"
"2025-08","Prince Edward Island","2021A000211","Employment","Total - Gender","15 years and over","Standard error of estimate","Seasonally adjusted","Persons in thousands","428","thousands","3","v101885954","3.3.1.1.2.1","1.3","","","","1"
"2025-09","Prince Edward Island","2021A000211","Employment","Total - Gender","15 years and over","Standard error of estimate","Seasonally adjusted","Persons in thousands","428","thousands","3","v101885954","3.3.1.1.2.1","1.3","","","","1"
"2025-10","Prince Edward Island","2021A000211","Employment","Total - Gender","15 years and over","Standard error of estimate","Seasonally adjusted","Persons in thousands","428","thousands","3","v101885954","3.3.1.1.2.1","1.3","","","","1"
"2025-11","Prince Edward Island","2021A000211","Employment","Total - Gender","15 years and over","Standard error of estimate","Seasonally adjusted","Persons in thousands","428","thousands","3","v101885954","3.3.1.1.2.1","1.3","","","","1"
"2025-12","Prince Edward Island","2021A000211","Employment","Total - Gender","15 years and over","Standard error of estimate","Seasonally adjusted","Persons in thousands","428","thousands","3","v101885954","3.3.1.1.2.1","1.3","","","","1"
"2026-01","Prince Edward Island","2021A000211","Employment","Total - Gender","15 years and over","Standard error of estimate","Seasonally adjusted","Persons in thousands","428","thousands","3","v101885954","3.3.1.1.2.1","1.2","","","","1"
"2026-02","Prince Edward Island","2021A000211","Employment","Total - Gender","15 years and over","Standard error of estimate","Seasonally adjusted","Persons in thousands","428","thousands","3","v101885954","3.3.1.1.2.1","1.2","","","","1"
"2026-03","Prince Edward Island","2021A000211","Employment","Total - Gender","15 years and over","Standard error of estimate","Seasonally adjusted","Persons in thousands","428","thousands","3","v101885954","3.3.1.1.2.1","1.2","","","","1"
"2026-04","Prince Edward Island","2021A000211","Employment","Total - Gender","15 years and over","Standard error of estimate","Seasonally adjusted","Persons in thousands","428","thousands","3","v101885954","3.3.1.1.2.1","1.2","","","","1"
"2026-05","Prince Edward Island","2021A000211","Employment","Total - Gender","15 years and over","Standard error of estimate","Seasonally adjusted","Persons in thousands","428","thousands","3","v101885954","3.3.1.1.2.1","1.2","","","","1"
"2025-06","Prince Edward Island","2021A000211","Unemployment","Total - Gender","15 years and over","Estimate","Seasonally adjusted","Persons in thousands","428","thousands","3","v2063192","3.6.1.1.1.1","8.6","","","","1"
"2025-07","Prince Edward Island","2021A000211","Unemployment","Total - Gender","15 years and over","Estimate","Seasonally adjusted","Persons in thousands","428","thousands","3","v2063192","3.6.1.1.1.1","8.7","","","","1"
"2025-08","Prince Edward Island","2021A000211","Unemployment","Total - Gender","15 years and over","Estimate","Seasonally adjusted","Persons in thousands","428","thousands","3","v2063192","3.6.1.1.1.1","8.2","","","","1"
"2025-09","Prince Edward Island","2021A000211","Unemployment","Total - Gender","15 years and over","Estimate","Seasonally adjusted","Persons in thousands","428","thousands","3","v2063192","3.6.1.1.1.1","9.8","","","","1"
"2025-10","Prince Edward Island","2021A000211","Unemployment","Total - Gender","15 years and over","Estimate","Seasonally adjusted","Persons in thousands","428","thousands","3","v2063192","3.6.1.1.1.1","8.4","","","","1"
"2025-11","Prince Edward Island","2021A000211","Unemployment","Total - Gender","15 years and over","Estimate","Seasonally adjusted","Persons in thousands","428","thousands","3","v2063192","3.6.1.1.1.1","7.7","","","","1"
"2025-12","Prince Edward Island","2021A000211","Unemployment","Total - Gender","15 years and over","Estimate","Seasonally adjusted","Persons in thousands","428","thousands","3","v2063192","3.6.1.1.1.1","7.3","","","","1"
"2026-01","Prince Edward Island","2021A000211","Unemployment","Total - Gender","15 years and over","Estimate","Seasonally adjusted","Persons in thousands","428","thousands","3","v2063192","3.6.1.1.1.1","7.9","","","","1"
"2026-02","Prince Edward Island","2021A000211","Unemployment","Total - Gender","15 years and over","Estimate","Seasonally adjusted","Persons in thousands","428","thousands","3","v2063192","3.6.1.1.1.1","7.5","","","","1"
"2026-03","Prince Edward Island","2021A000211","Unemployment","Total - Gender","15 years and over","Estimate","Seasonally adjusted","Persons in thousands","428","thousands","3","v2063192","3.6.1.1.1.1","7.6","","","","1"
"2026-04","Prince Edward Island","2021A000211","Unemployment","Total - Gender","15 years and over","Estimate","Seasonally adjusted","Persons in thousands","428","thousands","3","v2063192","3.6.1.1.1.1","8.3","","","","1"
"2026-05","Prince Edward Island","2021A000211","Unemployment","Total - Gender","15 years and over","Estimate","Seasonally adjusted","Persons in thousands","428","thousands","3","v2063192","3.6.1.1.1.1","7.0","","","","1"
"2025-06","Prince Edward Island","2021A000211","Unemployment","Total - Gender","15 years and over","Standard error of estimate","Seasonally adjusted","Persons in thousands","428","thousands","3","v101886104","3.6.1.1.2.1","0.7","","","","1"
"2025-07","Prince Edward Island","2021A000211","Unemployment","Total - Gender","15 years and over","Standard error of estimate","Seasonally adjusted","Persons in thousands","428","thousands","3","v101886104","3.6.1.1.2.1","0.7","","","","1"
"2025-08","Prince Edward Island","2021A000211","Unemployment","Total - Gender","15 years and over","Standard error of estimate","Seasonally adjusted","Persons in thousands","428","thousands","3","v101886104","3.6.1.1.2.1","0.7","","","","1"
"2025-09","Prince Edward Island","2021A000211","Unemployment","Total - Gender","15 years and over","Standard error of estimate","Seasonally adjusted","Persons in thousands","428","thousands","3","v101886104","3.6.1.1.2.1","0.7","","","","1"
"2025-10","Prince Edward Island","2021A000211","Unemployment","Total - Gender","15 years and over","Standard error of estimate","Seasonally adjusted","Persons in thousands","428","thousands","3","v101886104","3.6.1.1.2.1","0.7","","","","1"
"2025-11","Prince Edward Island","2021A000211","Unemployment","Total - Gender","15 years and over","Standard error of estimate","Seasonally adjusted","Persons in thousands","428","thousands","3","v101886104","3.6.1.1.2.1","0.7","","","","1"
"2025-12","Prince Edward Island","2021A000211","Unemployment","Total - Gender","15 years and over","Standard error of estimate","Seasonally adjusted","Persons in thousands","428","thousands","3","v101886104","3.6.1.1.2.1","0.7","","","","1"
"2026-01","Prince Edward Island","2021A000211","Unemployment","Total - Gender","15 years and over","Standard error of estimate","Seasonally adjusted","Persons in thousands","428","thousands","3","v101886104","3.6.1.1.2.1","0.7","","","","1"
"2026-02","Prince Edward Island","2021A000211","Unemployment","Total - Gender","15 years and over","Standard error of estimate","Seasonally adjusted","Persons in thousands","428","thousands","3","v101886104","3.6.1.1.2.1","0.7","","","","1"
"2026-03","Prince Edward Island","2021A000211","Unemployment","Total - Gender","15 years and over","Standard error of estimate","Seasonally adjusted","Persons in thousands","428","thousands","3","v101886104","3.6.1.1.2.1","0.7","","","","1"
"2026-04","Prince Edward Island","2021A000211","Unemployment","Total - Gender","15 years and over","Standard error of estimate","Seasonally adjusted","Persons in thousands","428","thousands","3","v101886104","3.6.1.1.2.1","0.7","","","","1"
"2026-05","Prince Edward Island","2021A000211","Unemployment","Total - Gender","15 years and over","Standard error of estimate","Seasonally adjusted","Persons in thousands","428","thousands","3","v101886104","3.6.1.1.2.1","0.7","","","","1"
"2025-06","Prince Edward Island","2021A000211","Employment rate","Total - Gender","15 years and over","Estimate","Seasonally adjusted","Percent","239","units","0","v2063195","3.9.1.1.1.1","59.7","","","","1"
"2025-07","Prince Edward Island","2021A000211","Employment rate","Total - Gender","15 years and over","Estimate","Seasonally adjusted","Percent","239","units","0","v2063195","3.9.1.1.1.1","60.2","","","","1"
"2025-08","Prince Edward Island","2021A000211","Employment rate","Total - Gender","15 years and over","Estimate","Seasonally adjusted","Percent","239","units","0","v2063195","3.9.1.1.1.1","61.0","","","","1"
"2025-09","Prince Edward Island","2021A000211","Employment rate","Total - Gender","15 years and over","Estimate","Seasonally adjusted","Percent","239","units","0","v2063195","3.9.1.1.1.1","60.2","","","","1"
"2025-10","Prince Edward Island","2021A000211","Employment rate","Total - Gender","15 years and over","Estimate","Seasonally adjusted","Percent","239","units","0","v2063195","3.9.1.1.1.1","60.4","","","","1"
"2025-11","Prince Edward Island","2021A000211","Employment rate","Total - Gender","15 years and over","Estimate","Seasonally adjusted","Percent","239","units","0","v2063195","3.9.1.1.1.1","60.6","","","","1"
"2025-12","Prince Edward Island","2021A000211","Employment rate","Total - Gender","15 years and over","Estimate","Seasonally adjusted","Percent","239","units","0","v2063195","3.9.1.1.1.1","61.1","","","","1"
"2026-01","Prince Edward Island","2021A000211","Employment rate","Total - Gender","15 years and over","Estimate","Seasonally adjusted","Percent","239","units","0","v2063195","3.9.1.1.1.1","61.5","","","","1"
"2026-02","Prince Edward Island","2021A000211","Employment rate","Total - Gender","15 years and over","Estimate","Seasonally adjusted","Percent","239","units","0","v2063195","3.9.1.1.1.1","61.8","","","","1"
"2026-03","Prince Edward Island","2021A000211","Employment rate","Total - Gender","15 years and over","Estimate","Seasonally adjusted","Percent","239","units","0","v2063195","3.9.1.1.1.1","61.6","","","","1"
"2026-04","Prince Edward Island","2021A000211","Employment rate","Total - Gender","15 years and over","Estimate","Seasonally adjusted","Percent","239","units","0","v2063195","3.9.1.1.1.1","61.2","","","","1"
"2026-05","Prince Edward Island","2021A000211","Employment rate","Total - Gender","15 years and over","Estimate","Seasonally adjusted","Percent","239","units","0","v2063195","3.9.1.1.1.1","62.0","","","","1"
"2025-06","Prince Edward Island","2021A000211","Employment rate","Total - Gender","15 years and over","Standard error of estimate","Seasonally adjusted","Percent","239","units","0","v101886266","3.9.1.1.2.1","0.8","","","","1"
"2025-07","Prince Edward Island","2021A000211","Employment rate","Total - Gender","15 years and over","Standard error of estimate","Seasonally adjusted","Percent","239","units","0","v101886266","3.9.1.1.2.1","0.8","","","","1"
"2025-08","Prince Edward Island","2021A000211","Employment rate","Total - Gender","15 years and over","Standard error of estimate","Seasonally adjusted","Percent","239","units","0","v101886266","3.9.1.1.2.1","0.8","","","","1"
"2025-09","Prince Edward Island","2021A000211","Employment rate","Total - Gender","15 years and over","Standard error of estimate","Seasonally adjusted","Percent","239","units","0","v101886266","3.9.1.1.2.1","0.8","","","","1"
"2025-10","Prince Edward Island","2021A000211","Employment rate","Total - Gender","15 years and over","Standard error of estimate","Seasonally adjusted","Percent","239","units","0","v101886266","3.9.1.1.2.1","0.8","","","","1"
"2025-11","Prince Edward Island","2021A000211","Employment rate","Total - Gender","15 years and over","Standard error of estimate","Seasonally adjusted","Percent","239","units","0","v101886266","3.9.1.1.2.1","0.8","","","","1"
"2025-12","Prince Edward Island","2021A000211","Employment rate","Total - Gender","15 years and over","Standard error of estimate","Seasonally adjusted","Percent","239","units","0","v101886266","3.9.1.1.2.1","0.8","","","","1"
"2026-01","Prince Edward Island","2021A000211","Employment rate","Total - Gender","15 years and over","Standard error of estimate","Seasonally adjusted","Percent","239","units","0","v101886266","3.9.1.1.2.1","0.8","","","","1"
"2026-02","Prince Edward Island","2021A000211","Employment rate","Total - Gender","15 years and over","Standard error of estimate","Seasonally adjusted","Percent","239","units","0","v101886266","3.9.1.1.2.1","0.8","","","","1"
"2026-03","Prince Edward Island","2021A000211","Employment rate","Total - Gender","15 years and over","Standard error of estimate","Seasonally adjusted","Percent","239","units","0","v101886266","3.9.1.1.2.1","0.8","","","","1"
"2026-04","Prince Edward Island","2021A000211","Employment rate","Total - Gender","15 years and over","Standard error of estimate","Seasonally adjusted","Percent","239","units","0","v101886266","3.9.1.1.2.1","0.8","","","","1"
"2026-05","Prince Edward Island","2021A000211","Employment rate","Total - Gender","15 years and over","Standard error of estimate","Seasonally adjusted","Percent","239","units","0","v101886266","3.9.1.1.2.1","0.8","","","","1"
"2025-06","Nova Scotia","2021A000212","Population","Total - Gender","15 years and over","Estimate","Seasonally adjusted","Persons in thousands","428","thousands","3","v2063376","4.1.1.1.1.1","913.2","","","","1"
"2025-07","Nova Scotia","2021A000212","Population","Total - Gender","15 years and over","Estimate","Seasonally adjusted","Persons in thousands","428","thousands","3","v2063376","4.1.1.1.1.1","913.8","","","","1"
"2025-08","Nova Scotia","2021A000212","Population","Total - Gender","15 years and over","Estimate","Seasonally adjusted","Persons in thousands","428","thousands","3","v2063376","4.1.1.1.1.1","914.3","","","","1"
"2025-09","Nova Scotia","2021A000212","Population","Total - Gender","15 years and over","Estimate","Seasonally adjusted","Persons in thousands","428","thousands","3","v2063376","4.1.1.1.1.1","915.4","","","","1"
"2025-10","Nova Scotia","2021A000212","Population","Total - Gender","15 years and over","Estimate","Seasonally adjusted","Persons in thousands","428","thousands","3","v2063376","4.1.1.1.1.1","916.4","","","","1"
"2025-11","Nova Scotia","2021A000212","Population","Total - Gender","15 years and over","Estimate","Seasonally adjusted","Persons in thousands","428","thousands","3","v2063376","4.1.1.1.1.1","917.2","","","","1"
"2025-12","Nova Scotia","2021A000212","Population","Total - Gender","15 years and over","Estimate","Seasonally adjusted","Persons in thousands","428","thousands","3","v2063376","4.1.1.1.1.1","917.8","","","","1"
"2026-01","Nova Scotia","2021A000212","Population","Total - Gender","15 years and over","Estimate","Seasonally adjusted","Persons in thousands","428","thousands","3","v2063376","4.1.1.1.1.1","918.5","","","","1"
"2026-02","Nova Scotia","2021A000212","Population","Total - Gender","15 years and over","Estimate","Seasonally adjusted","Persons in thousands","428","thousands","3","v2063376","4.1.1.1.1.1","919.3","","","","1"
"2026-03","Nova Scotia","2021A000212","Population","Total - Gender","15 years and over","Estimate","Seasonally adjusted","Persons in thousands","428","thousands","3","v2063376","4.1.1.1.1.1","920.3","","","","1"
"2026-04","Nova Scotia","2021A000212","Population","Total - Gender","15 years and over","Estimate","Seasonally adjusted","Persons in thousands","428","thousands","3","v2063376","4.1.1.1.1.1","921.6","","","","1"
"2026-05","Nova Scotia","2021A000212","Population","Total - Gender","15 years and over","Estimate","Seasonally adjusted","Persons in thousands","428","thousands","3","v2063376","4.1.1.1.1.1","922.7","","","","1"
"2025-06","Nova Scotia","2021A000212","Labour force","Total - Gender","15 years and over","Estimate","Seasonally adjusted","Persons in thousands","428","thousands","3","v2063377","4.2.1.1.1.1","560.0","","","","1"
"2025-07","Nova Scotia","2021A000212","Labour force","Total - Gender","15 years and over","Estimate","Seasonally adjusted","Persons in thousands","428","thousands","3","v2063377","4.2.1.1.1.1","564.6","","","","1"
"2025-08","Nova Scotia","2021A000212","Labour force","Total - Gender","15 years and over","Estimate","Seasonally adjusted","Persons in thousands","428","thousands","3","v2063377","4.2.1.1.1.1","560.3","","","","1"
"2025-09","Nova Scotia","2021A000212","Labour force","Total - Gender","15 years and over","Estimate","Seasonally adjusted","Persons in thousands","428","thousands","3","v2063377","4.2.1.1.1.1","559.4","","","","1"
"2025-10","Nova Scotia","2021A000212","Labour force","Total - Gender","15 years and over","Estimate","Seasonally adjusted","Persons in thousands","428","thousands","3","v2063377","4.2.1.1.1.1","559.1","","","","1"
"2025-11","Nova Scotia","2021A000212","Labour force","Total - Gender","15 years and over","Estimate","Seasonally adjusted","Persons in thousands","428","thousands","3","v2063377","4.2.1.1.1.1","561.5","","","","1"
"2025-12","Nova Scotia","2021A000212","Labour force","Total - Gender","15 years and over","Estimate","Seasonally adjusted","Persons in thousands","428","thousands","3","v2063377","4.2.1.1.1.1","560.3","","","","1"
"2026-01","Nova Scotia","2021A000212","Labour force","Total - Gender","15 years and over","Estimate","Seasonally adjusted","Persons in thousands","428","thousands","3","v2063377","4.2.1.1.1.1","563.5","","","","1"
"2026-02","Nova Scotia","2021A000212","Labour force","Total - Gender","15 years and over","Estimate","Seasonally adjusted","Persons in thousands","428","thousands","3","v2063377","4.2.1.1.1.1","563.9","","","","1"
"2026-03","Nova Scotia","2021A000212","Labour force","Total - Gender","15 years and over","Estimate","Seasonally adjusted","Persons in thousands","428","thousands","3","v2063377","4.2.1.1.1.1","565.5","","","","1"
"2026-04","Nova Scotia","2021A000212","Labour force","Total - Gender","15 years and over","Estimate","Seasonally adjusted","Persons in thousands","428","thousands","3","v2063377","4.2.1.1.1.1","564.5","","","","1"
"2026-05","Nova Scotia","2021A000212","Labour force","Total - Gender","15 years and over","Estimate","Seasonally adjusted","Persons in thousands","428","thousands","3","v2063377","4.2.1.1.1.1","569.1","","","","1"
"2025-06","Nova Scotia","2021A000212","Labour force","Total - Gender","15 years and over","Standard error of estimate","Seasonally adjusted","Persons in thousands","428","thousands","3","v101886320","4.2.1.1.2.1","4.7","","","","1"
"2025-07","Nova Scotia","2021A000212","Labour force","Total - Gender","15 years and over","Standard error of estimate","Seasonally adjusted","Persons in thousands","428","thousands","3","v101886320","4.2.1.1.2.1","4.8","","","","1"
"2025-08","Nova Scotia","2021A000212","Labour force","Total - Gender","15 years and over","Standard error of estimate","Seasonally adjusted","Persons in thousands","428","thousands","3","v101886320","4.2.1.1.2.1","4.8","","","","1"
"2025-09","Nova Scotia","2021A000212","Labour force","Total - Gender","15 years and over","Standard error of estimate","Seasonally adjusted","Persons in thousands","428","thousands","3","v101886320","4.2.1.1.2.1","4.8","","","","1"
"2025-10","Nova Scotia","2021A000212","Labour force","Total - Gender","15 years and over","Standard error of estimate","Seasonally adjusted","Persons in thousands","428","thousands","3","v101886320","4.2.1.1.2.1","4.8","","","","1"
"2025-11","Nova Scotia","2021A000212","Labour force","Total - Gender","15 years and over","Standard error of estimate","Seasonally adjusted","Persons in thousands","428","thousands","3","v101886320","4.2.1.1.2.1","4.8","","","","1"
"2025-12","Nova Scotia","2021A000212","Labour force","Total - Gender","15 years and over","Standard error of estimate","Seasonally adjusted","Persons in thousands","428","thousands","3","v101886320","4.2.1.1.2.1","4.8","","","","1"
"2026-01","Nova Scotia","2021A000212","Labour force","Total - Gender","15 years and over","Standard error of estimate","Seasonally adjusted","Persons in thousands","428","thousands","3","v101886320","4.2.1.1.2.1","4.5","","","","1"
"2026-02","Nova Scotia","2021A000212","Labour force","Total - Gender","15 years and over","Standard error of estimate","Seasonally adjusted","Persons in thousands","428","thousands","3","v101886320","4.2.1.1.2.1","4.5","","","","1"
"2026-03","Nova Scotia","2021A000212","Labour force","Total - Gender","15 years and over","Standard error of estimate","Seasonally adjusted","Persons in thousands","428","thousands","3","v101886320","4.2.1.1.2.1","4.5","","","","1"
"2026-04","Nova Scotia","2021A000212","Labour force","Total - Gender","15 years and over","Standard error of estimate","Seasonally adjusted","Persons in thousands","428","thousands","3","v101886320","4.2.1.1.2.1","4.5","","","","1"
"2026-05","Nova Scotia","2021A000212","Labour force","Total - Gender","15 years and over","Standard error of estimate","Seasonally adjusted","Persons in thousands","428","thousands","3","v101886320","4.2.1.1.2.1","4.5","","","","1"
"2025-06","Nova Scotia","2021A000212","Employment","Total - Gender","15 years and over","Estimate","Seasonally adjusted","Persons in thousands","428","thousands","3","v2063378","4.3.1.1.1.1","522.1","","","","1"
"2025-07","Nova Scotia","2021A000212","Employment","Total - Gender","15 years and over","Estimate","Seasonally adjusted","Persons in thousands","428","thousands","3","v2063378","4.3.1.1.1.1","525.5","","","","1"
"2025-08","Nova Scotia","2021A000212","Employment","Total - Gender","15 years and over","Estimate","Seasonally adjusted","Persons in thousands","428","thousands","3","v2063378","4.3.1.1.1.1","523.9","","","","1"
"2025-09","Nova Scotia","2021A000212","Employment","Total - Gender","15 years and over","Estimate","Seasonally adjusted","Persons in thousands","428","thousands","3","v2063378","4.3.1.1.1.1","524.6","","","","1"
"2025-10","Nova Scotia","2021A000212","Employment","Total - Gender","15 years and over","Estimate","Seasonally adjusted","Persons in thousands","428","thousands","3","v2063378","4.3.1.1.1.1","521.4","","","","1"
"2025-11","Nova Scotia","2021A000212","Employment","Total - Gender","15 years and over","Estimate","Seasonally adjusted","Persons in thousands","428","thousands","3","v2063378","4.3.1.1.1.1","524.2","","","","1"
"2025-12","Nova Scotia","2021A000212","Employment","Total - Gender","15 years and over","Estimate","Seasonally adjusted","Persons in thousands","428","thousands","3","v2063378","4.3.1.1.1.1","524.2","","","","1"
"2026-01","Nova Scotia","2021A000212","Employment","Total - Gender","15 years and over","Estimate","Seasonally adjusted","Persons in thousands","428","thousands","3","v2063378","4.3.1.1.1.1","524.7","","","","1"
"2026-02","Nova Scotia","2021A000212","Employment","Total - Gender","15 years and over","Estimate","Seasonally adjusted","Persons in thousands","428","thousands","3","v2063378","4.3.1.1.1.1","524.1","","","","1"
"2026-03","Nova Scotia","2021A000212","Employment","Total - Gender","15 years and over","Estimate","Seasonally adjusted","Persons in thousands","428","thousands","3","v2063378","4.3.1.1.1.1","528.0","","","","1"
"2026-04","Nova Scotia","2021A000212","Employment","Total - Gender","15 years and over","Estimate","Seasonally adjusted","Persons in thousands","428","thousands","3","v2063378","4.3.1.1.1.1","528.7","","","","1"
"2026-05","Nova Scotia","2021A000212","Employment","Total - Gender","15 years and over","Estimate","Seasonally adjusted","Persons in thousands","428","thousands","3","v2063378","4.3.1.1.1.1","528.5","","","","1"
"2025-06","Nova Scotia","2021A000212","Employment","Total - Gender","15 years and over","Estimate","Trend-cycle","Persons in thousands","428","thousands","3","v123339360","4.3.1.1.1.3","523.0","","","","1"
"2025-07","Nova Scotia","2021A000212","Employment","Total - Gender","15 years and over","Estimate","Trend-cycle","Persons in thousands","428","thousands","3","v123339360","4.3.1.1.1.3","523.6","","","","1"
"2025-08","Nova Scotia","2021A000212","Employment","Total - Gender","15 years and over","Estimate","Trend-cycle","Persons in thousands","428","thousands","3","v123339360","4.3.1.1.1.3","523.7","","","","1"
"2025-09","Nova Scotia","2021A000212","Employment","Total - Gender","15 years and over","Estimate","Trend-cycle","Persons in thousands","428","thousands","3","v123339360","4.3.1.1.1.3","523.8","","","","1"
"2025-10","Nova Scotia","2021A000212","Employment","Total - Gender","15 years and over","Estimate","Trend-cycle","Persons in thousands","428","thousands","3","v123339360","4.3.1.1.1.3","523.7","","","","1"
"2025-11","Nova Scotia","2021A000212","Employment","Total - Gender","15 years and over","Estimate","Trend-cycle","Persons in thousands","428","thousands","3","v123339360","4.3.1.1.1.3","523.7","","","","1"
"2025-12","Nova Scotia","2021A000212","Employment","Total - Gender","15 years and over","Estimate","Trend-cycle","Persons in thousands","428","thousands","3","v123339360","4.3.1.1.1.3","524.3","","","","1"
"2026-01","Nova Scotia","2021A000212","Employment","Total - Gender","15 years and over","Estimate","Trend-cycle","Persons in thousands","428","thousands","3","v123339360","4.3.1.1.1.3","525.0","","","","1"
"2026-02","Nova Scotia","2021A000212","Employment","Total - Gender","15 years and over","Estimate","Trend-cycle","Persons in thousands","428","thousands","3","v123339360","4.3.1.1.1.3","525.8","","","","1"
"2026-03","Nova Scotia","2021A000212","Employment","Total - Gender","15 years and over","Estimate","Trend-cycle","Persons in thousands","428","thousands","3","v123339360","4.3.1.1.1.3","526.7","","","","1"
"2026-04","Nova Scotia","2021A000212","Employment","Total - Gender","15 years and over","Estimate","Trend-cycle","Persons in thousands","428","thousands","3","v123339360","4.3.1.1.1.3","527.5","","","","1"
"2026-05","Nova Scotia","2021A000212","Employment","Total - Gender","15 years and over","Estimate","Trend-cycle","Persons in thousands","428","thousands","3","v123339360","4.3.1.1.1.3","528.0","","","","1"
"2025-06","Nova Scotia","2021A000212","Employment","Total - Gender","15 years and over","Standard error of estimate","Seasonally adjusted","Persons in thousands","428","thousands","3","v101886374","4.3.1.1.2.1","5.0","","","","1"
"2025-07","Nova Scotia","2021A000212","Employment","Total - Gender","15 years and over","Standard error of estimate","Seasonally adjusted","Persons in thousands","428","thousands","3","v101886374","4.3.1.1.2.1","5.2","","","","1"
"2025-08","Nova Scotia","2021A000212","Employment","Total - Gender","15 years and over","Standard error of estimate","Seasonally adjusted","Persons in thousands","428","thousands","3","v101886374","4.3.1.1.2.1","5.2","","","","1"
"2025-09","Nova Scotia","2021A000212","Employment","Total - Gender","15 years and over","Standard error of estimate","Seasonally adjusted","Persons in thousands","428","thousands","3","v101886374","4.3.1.1.2.1","5.2","","","","1"
"2025-10","Nova Scotia","2021A000212","Employment","Total - Gender","15 years and over","Standard error of estimate","Seasonally adjusted","Persons in thousands","428","thousands","3","v101886374","4.3.1.1.2.1","5.2","","","","1"
"2025-11","Nova Scotia","2021A000212","Employment","Total - Gender","15 years and over","Standard error of estimate","Seasonally adjusted","Persons in thousands","428","thousands","3","v101886374","4.3.1.1.2.1","5.2","","","","1"
"2025-12","Nova Scotia","2021A000212","Employment","Total - Gender","15 years and over","Standard error of estimate","Seasonally adjusted","Persons in thousands","428","thousands","3","v101886374","4.3.1.1.2.1","5.2","","","","1"
"2026-01","Nova Scotia","2021A000212","Employment","Total - Gender","15 years and over","Standard error of estimate","Seasonally adjusted","Persons in thousands","428","thousands","3","v101886374","4.3.1.1.2.1","4.7","","","","1"
"2026-02","Nova Scotia","2021A000212","Employment","Total - Gender","15 years and over","Standard error of estimate","Seasonally adjusted","Persons in thousands","428","thousands","3","v101886374","4.3.1.1.2.1","4.7","","","","1"
"2026-03","Nova Scotia","2021A000212","Employment","Total - Gender","15 years and over","Standard error of estimate","Seasonally adjusted","Persons in thousands","428","thousands","3","v101886374","4.3.1.1.2.1","4.7","","","","1"
"2026-04","Nova Scotia","2021A000212","Employment","Total - Gender","15 years and over","Standard error of estimate","Seasonally adjusted","Persons in thousands","428","thousands","3","v101886374","4.3.1.1.2.1","4.7","","","","1"
"2026-05","Nova Scotia","2021A000212","Employment","Total - Gender","15 years and over","Standard error of estimate","Seasonally adjusted","Persons in thousands","428","thousands","3","v101886374","4.3.1.1.2.1","4.7","","","","1"
"2025-06","Nova Scotia","2021A000212","Unemployment","Total - Gender","15 years and over","Estimate","Seasonally adjusted","Persons in thousands","428","thousands","3","v2063381","4.6.1.1.1.1","37.8","","","","1"
"2025-07","Nova Scotia","2021A000212","Unemployment","Total - Gender","15 years and over","Estimate","Seasonally adjusted","Persons in thousands","428","thousands","3","v2063381","4.6.1.1.1.1","39.0","","","","1"
"2025-08","Nova Scotia","2021A000212","Unemployment","Total - Gender","15 years and over","Estimate","Seasonally adjusted","Persons in thousands","428","thousands","3","v2063381","4.6.1.1.1.1","36.4","","","","1"
"2025-09","Nova Scotia","2021A000212","Unemployment","Total - Gender","15 years and over","Estimate","Seasonally adjusted","Persons in thousands","428","thousands","3","v2063381","4.6.1.1.1.1","34.8","","","","1"
"2025-10","Nova Scotia","2021A000212","Unemployment","Total - Gender","15 years and over","Estimate","Seasonally adjusted","Persons in thousands","428","thousands","3","v2063381","4.6.1.1.1.1","37.7","","","","1"
"2025-11","Nova Scotia","2021A000212","Unemployment","Total - Gender","15 years and over","Estimate","Seasonally adjusted","Persons in thousands","428","thousands","3","v2063381","4.6.1.1.1.1","37.3","","","","1"
"2025-12","Nova Scotia","2021A000212","Unemployment","Total - Gender","15 years and over","Estimate","Seasonally adjusted","Persons in thousands","428","thousands","3","v2063381","4.6.1.1.1.1","36.1","","","","1"
"2026-01","Nova Scotia","2021A000212","Unemployment","Total - Gender","15 years and over","Estimate","Seasonally adjusted","Persons in thousands","428","thousands","3","v2063381","4.6.1.1.1.1","38.8","","","","1"
"2026-02","Nova Scotia","2021A000212","Unemployment","Total - Gender","15 years and over","Estimate","Seasonally adjusted","Persons in thousands","428","thousands","3","v2063381","4.6.1.1.1.1","39.8","","","","1"
"2026-03","Nova Scotia","2021A000212","Unemployment","Total - Gender","15 years and over","Estimate","Seasonally adjusted","Persons in thousands","428","thousands","3","v2063381","4.6.1.1.1.1","37.4","","","","1"
"2026-04","Nova Scotia","2021A000212","Unemployment","Total - Gender","15 years and over","Estimate","Seasonally adjusted","Persons in thousands","428","thousands","3","v2063381","4.6.1.1.1.1","35.8","","","","1"
"2026-05","Nova Scotia","2021A000212","Unemployment","Total - Gender","15 years and over","Estimate","Seasonally adjusted","Persons in thousands","428","thousands","3","v2063381","4.6.1.1.1.1","40.5","","","","1"
"2025-06","Nova Scotia","2021A000212","Unemployment","Total - Gender","15 years and over","Standard error of estimate","Seasonally adjusted","Persons in thousands","428","thousands","3","v101886524","4.6.1.1.2.1","2.6","","","","1"
"2025-07","Nova Scotia","2021A000212","Unemployment","Total - Gender","15 years and over","Standard error of estimate","Seasonally adjusted","Persons in thousands","428","thousands","3","v101886524","4.6.1.1.2.1","2.6","","","","1"
"2025-08","Nova Scotia","2021A000212","Unemployment","Total - Gender","15 years and over","Standard error of estimate","Seasonally adjusted","Persons in thousands","428","thousands","3","v101886524","4.6.1.1.2.1","2.6","","","","1"
"2025-09","Nova Scotia","2021A000212","Unemployment","Total - Gender","15 years and over","Standard error of estimate","Seasonally adjusted","Persons in thousands","428","thousands","3","v101886524","4.6.1.1.2.1","2.6","","","","1"
"2025-10","Nova Scotia","2021A000212","Unemployment","Total - Gender","15 years and over","Standard error of estimate","Seasonally adjusted","Persons in thousands","428","thousands","3","v101886524","4.6.1.1.2.1","2.6","","","","1"
"2025-11","Nova Scotia","2021A000212","Unemployment","Total - Gender","15 years and over","Standard error of estimate","Seasonally adjusted","Persons in thousands","428","thousands","3","v101886524","4.6.1.1.2.1","2.6","","","","1"
"2025-12","Nova Scotia","2021A000212","Unemployment","Total - Gender","15 years and over","Standard error of estimate","Seasonally adjusted","Persons in thousands","428","thousands","3","v101886524","4.6.1.1.2.1","2.6","","","","1"
"2026-01","Nova Scotia","2021A000212","Unemployment","Total - Gender","15 years and over","Standard error of estimate","Seasonally adjusted","Persons in thousands","428","thousands","3","v101886524","4.6.1.1.2.1","2.5","","","","1"
"2026-02","Nova Scotia","2021A000212","Unemployment","Total - Gender","15 years and over","Standard error of estimate","Seasonally adjusted","Persons in thousands","428","thousands","3","v101886524","4.6.1.1.2.1","2.5","","","","1"
"2026-03","Nova Scotia","2021A000212","Unemployment","Total - Gender","15 years and over","Standard error of estimate","Seasonally adjusted","Persons in thousands","428","thousands","3","v101886524","4.6.1.1.2.1","2.5","","","","1"
"2026-04","Nova Scotia","2021A000212","Unemployment","Total - Gender","15 years and over","Standard error of estimate","Seasonally adjusted","Persons in thousands","428","thousands","3","v101886524","4.6.1.1.2.1","2.5","","","","1"
"2026-05","Nova Scotia","2021A000212","Unemployment","Total - Gender","15 years and over","Standard error of estimate","Seasonally adjusted","Persons in thousands","428","thousands","3","v101886524","4.6.1.1.2.1","2.5","","","","1"
"2025-06","Nova Scotia","2021A000212","Employment rate","Total - Gender","15 years and over","Estimate","Seasonally adjusted","Percent","239","units","0","v2063384","4.9.1.1.1.1","57.2","","","","1"
"2025-07","Nova Scotia","2021A000212","Employment rate","Total - Gender","15 years and over","Estimate","Seasonally adjusted","Percent","239","units","0","v2063384","4.9.1.1.1.1","57.5","","","","1"
"2025-08","Nova Scotia","2021A000212","Employment rate","Total - Gender","15 years and over","Estimate","Seasonally adjusted","Percent","239","units","0","v2063384","4.9.1.1.1.1","57.3","","","","1"
"2025-09","Nova Scotia","2021A000212","Employment rate","Total - Gender","15 years and over","Estimate","Seasonally adjusted","Percent","239","units","0","v2063384","4.9.1.1.1.1","57.3","","","","1"
"2025-10","Nova Scotia","2021A000212","Employment rate","Total - Gender","15 years and over","Estimate","Seasonally adjusted","Percent","239","units","0","v2063384","4.9.1.1.1.1","56.9","","","","1"
"2025-11","Nova Scotia","2021A000212","Employment rate","Total - Gender","15 years and over","Estimate","Seasonally adjusted","Percent","239","units","0","v2063384","4.9.1.1.1.1","57.2","","","","1"
"2025-12","Nova Scotia","2021A000212","Employment rate","Total - Gender","15 years and over","Estimate","Seasonally adjusted","Percent","239","units","0","v2063384","4.9.1.1.1.1","57.1","","","","1"
"2026-01","Nova Scotia","2021A000212","Employment rate","Total - Gender","15 years and over","Estimate","Seasonally adjusted","Percent","239","units","0","v2063384","4.9.1.1.1.1","57.1","","","","1"
"2026-02","Nova Scotia","2021A000212","Employment rate","Total - Gender","15 years and over","Estimate","Seasonally adjusted","Percent","239","units","0","v2063384","4.9.1.1.1.1","57.0","","","","1"
"2026-03","Nova Scotia","2021A000212","Employment rate","Total - Gender","15 years and over","Estimate","Seasonally adjusted","Percent","239","units","0","v2063384","4.9.1.1.1.1","57.4","","","","1"
"2026-04","Nova Scotia","2021A000212","Employment rate","Total - Gender","15 years and over","Estimate","Seasonally adjusted","Percent","239","units","0","v2063384","4.9.1.1.1.1","57.4","","","","1"
"2026-05","Nova Scotia","2021A000212","Employment rate","Total - Gender","15 years and over","Estimate","Seasonally adjusted","Percent","239","units","0","v2063384","4.9.1.1.1.1","57.3","","","","1"
"2025-06","Nova Scotia","2021A000212","Employment rate","Total - Gender","15 years and over","Standard error of estimate","Seasonally adjusted","Percent","239","units","0","v101886686","4.9.1.1.2.1","0.6","","","","1"
"2025-07","Nova Scotia","2021A000212","Employment rate","Total - Gender","15 years and over","Standard error of estimate","Seasonally adjusted","Percent","239","units","0","v101886686","4.9.1.1.2.1","0.6","","","","1"
"2025-08","Nova Scotia","2021A000212","Employment rate","Total - Gender","15 years and over","Standard error of estimate","Seasonally adjusted","Percent","239","units","0","v101886686","4.9.1.1.2.1","0.6","","","","1"
"2025-09","Nova Scotia","2021A000212","Employment rate","Total - Gender","15 years and over","Standard error of estimate","Seasonally adjusted","Percent","239","units","0","v101886686","4.9.1.1.2.1","0.6","","","","1"
"2025-10","Nova Scotia","2021A000212","Employment rate","Total - Gender","15 years and over","Standard error of estimate","Seasonally adjusted","Percent","239","units","0","v101886686","4.9.1.1.2.1","0.6","","","","1"
"2025-11","Nova Scotia","2021A000212","Employment rate","Total - Gender","15 years and over","Standard error of estimate","Seasonally adjusted","Percent","239","units","0","v101886686","4.9.1.1.2.1","0.6","","","","1"
"2025-12","Nova Scotia","2021A000212","Employment rate","Total - Gender","15 years and over","Standard error of estimate","Seasonally adjusted","Percent","239","units","0","v101886686","4.9.1.1.2.1","0.6","","","","1"
"2026-01","Nova Scotia","2021A000212","Employment rate","Total - Gender","15 years and over","Standard error of estimate","Seasonally adjusted","Percent","239","units","0","v101886686","4.9.1.1.2.1","0.5","","","","1"
"2026-02","Nova Scotia","2021A000212","Employment rate","Total - Gender","15 years and over","Standard error of estimate","Seasonally adjusted","Percent","239","units","0","v101886686","4.9.1.1.2.1","0.5","","","","1"
"2026-03","Nova Scotia","2021A000212","Employment rate","Total - Gender","15 years and over","Standard error of estimate","Seasonally adjusted","Percent","239","units","0","v101886686","4.9.1.1.2.1","0.5","","","","1"
"2026-04","Nova Scotia","2021A000212","Employment rate","Total - Gender","15 years and over","Standard error of estimate","Seasonally adjusted","Percent","239","units","0","v101886686","4.9.1.1.2.1","0.5","","","","1"
"2026-05","Nova Scotia","2021A000212","Employment rate","Total - Gender","15 years and over","Standard error of estimate","Seasonally adjusted","Percent","239","units","0","v101886686","4.9.1.1.2.1","0.5","","","","1"
"2025-06","New Brunswick","2021A000213","Population","Total - Gender","15 years and over","Estimate","Seasonally adjusted","Persons in thousands","428","thousands","3","v2063565","5.1.1.1.1.1","720.5","","","","1"
"2025-07","New Brunswick","2021A000213","Population","Total - Gender","15 years and over","Estimate","Seasonally adjusted","Persons in thousands","428","thousands","3","v2063565","5.1.1.1.1.1","721.2","","","","1"
"2025-08","New Brunswick","2021A000213","Population","Total - Gender","15 years and over","Estimate","Seasonally adjusted","Persons in thousands","428","thousands","3","v2063565","5.1.1.1.1.1","721.7","","","","1"
"2025-09","New Brunswick","2021A000213","Population","Total - Gender","15 years and over","Estimate","Seasonally adjusted","Persons in thousands","428","thousands","3","v2063565","5.1.1.1.1.1","722.5","","","","1"
"2025-10","New Brunswick","2021A000213","Population","Total - Gender","15 years and over","Estimate","Seasonally adjusted","Persons in thousands","428","thousands","3","v2063565","5.1.1.1.1.1","723.4","","","","1"
"2025-11","New Brunswick","2021A000213","Population","Total - Gender","15 years and over","Estimate","Seasonally adjusted","Persons in thousands","428","thousands","3","v2063565","5.1.1.1.1.1","723.9","","","","1"
"2025-12","New Brunswick","2021A000213","Population","Total - Gender","15 years and over","Estimate","Seasonally adjusted","Persons in thousands","428","thousands","3","v2063565","5.1.1.1.1.1","724.3","","","","1"
"2026-01","New Brunswick","2021A000213","Population","Total - Gender","15 years and over","Estimate","Seasonally adjusted","Persons in thousands","428","thousands","3","v2063565","5.1.1.1.1.1","724.4","","","","1"
"2026-02","New Brunswick","2021A000213","Population","Total - Gender","15 years and over","Estimate","Seasonally adjusted","Persons in thousands","428","thousands","3","v2063565","5.1.1.1.1.1","724.9","","","","1"
"2026-03","New Brunswick","2021A000213","Population","Total - Gender","15 years and over","Estimate","Seasonally adjusted","Persons in thousands","428","thousands","3","v2063565","5.1.1.1.1.1","725.6","","","","1"
"2026-04","New Brunswick","2021A000213","Population","Total - Gender","15 years and over","Estimate","Seasonally adjusted","Persons in thousands","428","thousands","3","v2063565","5.1.1.1.1.1","726.1","","","","1"
"2026-05","New Brunswick","2021A000213","Population","Total - Gender","15 years and over","Estimate","Seasonally adjusted","Persons in thousands","428","thousands","3","v2063565","5.1.1.1.1.1","726.9","","","","1"
"2025-06","New Brunswick","2021A000213","Labour force","Total - Gender","15 years and over","Estimate","Seasonally adjusted","Persons in thousands","428","thousands","3","v2063566","5.2.1.1.1.1","438.7","","","","1"
"2025-07","New Brunswick","2021A000213","Labour force","Total - Gender","15 years and over","Estimate","Seasonally adjusted","Persons in thousands","428","thousands","3","v2063566","5.2.1.1.1.1","440.3","","","","1"
"2025-08","New Brunswick","2021A000213","Labour force","Total - Gender","15 years and over","Estimate","Seasonally adjusted","Persons in thousands","428","thousands","3","v2063566","5.2.1.1.1.1","435.6","","","","1"
"2025-09","New Brunswick","2021A000213","Labour force","Total - Gender","15 years and over","Estimate","Seasonally adjusted","Persons in thousands","428","thousands","3","v2063566","5.2.1.1.1.1","440.7","","","","1"
"2025-10","New Brunswick","2021A000213","Labour force","Total - Gender","15 years and over","Estimate","Seasonally adjusted","Persons in thousands","428","thousands","3","v2063566","5.2.1.1.1.1","438.4","","","","1"
"2025-11","New Brunswick","2021A000213","Labour force","Total - Gender","15 years and over","Estimate","Seasonally adjusted","Persons in thousands","428","thousands","3","v2063566","5.2.1.1.1.1","438.1","","","","1"
"2025-12","New Brunswick","2021A000213","Labour force","Total - Gender","15 years and over","Estimate","Seasonally adjusted","Persons in thousands","428","thousands","3","v2063566","5.2.1.1.1.1","435.9","","","","1"
"2026-01","New Brunswick","2021A000213","Labour force","Total - Gender","15 years and over","Estimate","Seasonally adjusted","Persons in thousands","428","thousands","3","v2063566","5.2.1.1.1.1","439.0","","","","1"
"2026-02","New Brunswick","2021A000213","Labour force","Total - Gender","15 years and over","Estimate","Seasonally adjusted","Persons in thousands","428","thousands","3","v2063566","5.2.1.1.1.1","440.3","","","","1"
"2026-03","New Brunswick","2021A000213","Labour force","Total - Gender","15 years and over","Estimate","Seasonally adjusted","Persons in thousands","428","thousands","3","v2063566","5.2.1.1.1.1","442.2","","","","1"
"2026-04","New Brunswick","2021A000213","Labour force","Total - Gender","15 years and over","Estimate","Seasonally adjusted","Persons in thousands","428","thousands","3","v2063566","5.2.1.1.1.1","440.3","","","","1"
"2026-05","New Brunswick","2021A000213","Labour force","Total - Gender","15 years and over","Estimate","Seasonally adjusted","Persons in thousands","428","thousands","3","v2063566","5.2.1.1.1.1","439.8","","","","1"
"2025-06","New Brunswick","2021A000213","Labour force","Total - Gender","15 years and over","Standard error of estimate","Seasonally adjusted","Persons in thousands","428","thousands","3","v101886740","5.2.1.1.2.1","3.4","","","","1"
"2025-07","New Brunswick","2021A000213","Labour force","Total - Gender","15 years and over","Standard error of estimate","Seasonally adjusted","Persons in thousands","428","thousands","3","v101886740","5.2.1.1.2.1","3.6","","","","1"
"2025-08","New Brunswick","2021A000213","Labour force","Total - Gender","15 years and over","Standard error of estimate","Seasonally adjusted","Persons in thousands","428","thousands","3","v101886740","5.2.1.1.2.1","3.6","","","","1"
"2025-09","New Brunswick","2021A000213","Labour force","Total - Gender","15 years and over","Standard error of estimate","Seasonally adjusted","Persons in thousands","428","thousands","3","v101886740","5.2.1.1.2.1","3.6","","","","1"
"2025-10","New Brunswick","2021A000213","Labour force","Total - Gender","15 years and over","Standard error of estimate","Seasonally adjusted","Persons in thousands","428","thousands","3","v101886740","5.2.1.1.2.1","3.6","","","","1"
"2025-11","New Brunswick","2021A000213","Labour force","Total - Gender","15 years and over","Standard error of estimate","Seasonally adjusted","Persons in thousands","428","thousands","3","v101886740","5.2.1.1.2.1","3.6","","","","1"
"2025-12","New Brunswick","2021A000213","Labour force","Total - Gender","15 years and over","Standard error of estimate","Seasonally adjusted","Persons in thousands","428","thousands","3","v101886740","5.2.1.1.2.1","3.6","","","","1"
"2026-01","New Brunswick","2021A000213","Labour force","Total - Gender","15 years and over","Standard error of estimate","Seasonally adjusted","Persons in thousands","428","thousands","3","v101886740","5.2.1.1.2.1","3.5","","","","1"
"2026-02","New Brunswick","2021A000213","Labour force","Total - Gender","15 years and over","Standard error of estimate","Seasonally adjusted","Persons in thousands","428","thousands","3","v101886740","5.2.1.1.2.1","3.5","","","","1"
"2026-03","New Brunswick","2021A000213","Labour force","Total - Gender","15 years and over","Standard error of estimate","Seasonally adjusted","Persons in thousands","428","thousands","3","v101886740","5.2.1.1.2.1","3.5","","","","1"
"2026-04","New Brunswick","2021A000213","Labour force","Total - Gender","15 years and over","Standard error of estimate","Seasonally adjusted","Persons in thousands","428","thousands","3","v101886740","5.2.1.1.2.1","3.5","","","","1"
"2026-05","New Brunswick","2021A000213","Labour force","Total - Gender","15 years and over","Standard error of estimate","Seasonally adjusted","Persons in thousands","428","thousands","3","v101886740","5.2.1.1.2.1","3.5","","","","1"
"2025-06","New Brunswick","2021A000213","Employment","Total - Gender","15 years and over","Estimate","Seasonally adjusted","Persons in thousands","428","thousands","3","v2063567","5.3.1.1.1.1","406.2","","","","1"
"2025-07","New Brunswick","2021A000213","Employment","Total - Gender","15 years and over","Estimate","Seasonally adjusted","Persons in thousands","428","thousands","3","v2063567","5.3.1.1.1.1","407.2","","","","1"
"2025-08","New Brunswick","2021A000213","Employment","Total - Gender","15 years and over","Estimate","Seasonally adjusted","Persons in thousands","428","thousands","3","v2063567","5.3.1.1.1.1","402.1","","","","1"
"2025-09","New Brunswick","2021A000213","Employment","Total - Gender","15 years and over","Estimate","Seasonally adjusted","Persons in thousands","428","thousands","3","v2063567","5.3.1.1.1.1","405.8","","","","1"
"2025-10","New Brunswick","2021A000213","Employment","Total - Gender","15 years and over","Estimate","Seasonally adjusted","Persons in thousands","428","thousands","3","v2063567","5.3.1.1.1.1","404.5","","","","1"
"2025-11","New Brunswick","2021A000213","Employment","Total - Gender","15 years and over","Estimate","Seasonally adjusted","Persons in thousands","428","thousands","3","v2063567","5.3.1.1.1.1","409.4","","","","1"
"2025-12","New Brunswick","2021A000213","Employment","Total - Gender","15 years and over","Estimate","Seasonally adjusted","Persons in thousands","428","thousands","3","v2063567","5.3.1.1.1.1","407.5","","","","1"
"2026-01","New Brunswick","2021A000213","Employment","Total - Gender","15 years and over","Estimate","Seasonally adjusted","Persons in thousands","428","thousands","3","v2063567","5.3.1.1.1.1","409.6","","","","1"
"2026-02","New Brunswick","2021A000213","Employment","Total - Gender","15 years and over","Estimate","Seasonally adjusted","Persons in thousands","428","thousands","3","v2063567","5.3.1.1.1.1","409.3","","","","1"
"2026-03","New Brunswick","2021A000213","Employment","Total - Gender","15 years and over","Estimate","Seasonally adjusted","Persons in thousands","428","thousands","3","v2063567","5.3.1.1.1.1","411.3","","","","1"
"2026-04","New Brunswick","2021A000213","Employment","Total - Gender","15 years and over","Estimate","Seasonally adjusted","Persons in thousands","428","thousands","3","v2063567","5.3.1.1.1.1","408.6","","","","1"
"2026-05","New Brunswick","2021A000213","Employment","Total - Gender","15 years and over","Estimate","Seasonally adjusted","Persons in thousands","428","thousands","3","v2063567","5.3.1.1.1.1","408.1","","","","1"
"2025-06","New Brunswick","2021A000213","Employment","Total - Gender","15 years and over","Estimate","Trend-cycle","Persons in thousands","428","thousands","3","v123339361","5.3.1.1.1.3","405.0","","","","1"
"2025-07","New Brunswick","2021A000213","Employment","Total - Gender","15 years and over","Estimate","Trend-cycle","Persons in thousands","428","thousands","3","v123339361","5.3.1.1.1.3","405.4","","","","1"
"2025-08","New Brunswick","2021A000213","Employment","Total - Gender","15 years and over","Estimate","Trend-cycle","Persons in thousands","428","thousands","3","v123339361","5.3.1.1.1.3","405.4","","","","1"
"2025-09","New Brunswick","2021A000213","Employment","Total - Gender","15 years and over","Estimate","Trend-cycle","Persons in thousands","428","thousands","3","v123339361","5.3.1.1.1.3","405.8","","","","1"
"2025-10","New Brunswick","2021A000213","Employment","Total - Gender","15 years and over","Estimate","Trend-cycle","Persons in thousands","428","thousands","3","v123339361","5.3.1.1.1.3","406.4","","","","1"
"2025-11","New Brunswick","2021A000213","Employment","Total - Gender","15 years and over","Estimate","Trend-cycle","Persons in thousands","428","thousands","3","v123339361","5.3.1.1.1.3","407.3","","","","1"
"2025-12","New Brunswick","2021A000213","Employment","Total - Gender","15 years and over","Estimate","Trend-cycle","Persons in thousands","428","thousands","3","v123339361","5.3.1.1.1.3","408.1","","","","1"
"2026-01","New Brunswick","2021A000213","Employment","Total - Gender","15 years and over","Estimate","Trend-cycle","Persons in thousands","428","thousands","3","v123339361","5.3.1.1.1.3","408.9","","","","1"
"2026-02","New Brunswick","2021A000213","Employment","Total - Gender","15 years and over","Estimate","Trend-cycle","Persons in thousands","428","thousands","3","v123339361","5.3.1.1.1.3","409.4","","","","1"
"2026-03","New Brunswick","2021A000213","Employment","Total - Gender","15 years and over","Estimate","Trend-cycle","Persons in thousands","428","thousands","3","v123339361","5.3.1.1.1.3","409.5","","","","1"
"2026-04","New Brunswick","2021A000213","Employment","Total - Gender","15 years and over","Estimate","Trend-cycle","Persons in thousands","428","thousands","3","v123339361","5.3.1.1.1.3","409.4","","","","1"
"2026-05","New Brunswick","2021A000213","Employment","Total - Gender","15 years and over","Estimate","Trend-cycle","Persons in thousands","428","thousands","3","v123339361","5.3.1.1.1.3","409.1","","","","1"
"2025-06","New Brunswick","2021A000213","Employment","Total - Gender","15 years and over","Standard error of estimate","Seasonally adjusted","Persons in thousands","428","thousands","3","v101886794","5.3.1.1.2.1","3.6","","","","1"
"2025-07","New Brunswick","2021A000213","Employment","Total - Gender","15 years and over","Standard error of estimate","Seasonally adjusted","Persons in thousands","428","thousands","3","v101886794","5.3.1.1.2.1","3.9","","","","1"
"2025-08","New Brunswick","2021A000213","Employment","Total - Gender","15 years and over","Standard error of estimate","Seasonally adjusted","Persons in thousands","428","thousands","3","v101886794","5.3.1.1.2.1","3.9","","","","1"
"2025-09","New Brunswick","2021A000213","Employment","Total - Gender","15 years and over","Standard error of estimate","Seasonally adjusted","Persons in thousands","428","thousands","3","v101886794","5.3.1.1.2.1","3.9","","","","1"
"2025-10","New Brunswick","2021A000213","Employment","Total - Gender","15 years and over","Standard error of estimate","Seasonally adjusted","Persons in thousands","428","thousands","3","v101886794","5.3.1.1.2.1","3.9","","","","1"
"2025-11","New Brunswick","2021A000213","Employment","Total - Gender","15 years and over","Standard error of estimate","Seasonally adjusted","Persons in thousands","428","thousands","3","v101886794","5.3.1.1.2.1","3.9","","","","1"
"2025-12","New Brunswick","2021A000213","Employment","Total - Gender","15 years and over","Standard error of estimate","Seasonally adjusted","Persons in thousands","428","thousands","3","v101886794","5.3.1.1.2.1","3.9","","","","1"
"2026-01","New Brunswick","2021A000213","Employment","Total - Gender","15 years and over","Standard error of estimate","Seasonally adjusted","Persons in thousands","428","thousands","3","v101886794","5.3.1.1.2.1","3.7","","","","1"
"2026-02","New Brunswick","2021A000213","Employment","Total - Gender","15 years and over","Standard error of estimate","Seasonally adjusted","Persons in thousands","428","thousands","3","v101886794","5.3.1.1.2.1","3.7","","","","1"
"2026-03","New Brunswick","2021A000213","Employment","Total - Gender","15 years and over","Standard error of estimate","Seasonally adjusted","Persons in thousands","428","thousands","3","v101886794","5.3.1.1.2.1","3.7","","","","1"
"2026-04","New Brunswick","2021A000213","Employment","Total - Gender","15 years and over","Standard error of estimate","Seasonally adjusted","Persons in thousands","428","thousands","3","v101886794","5.3.1.1.2.1","3.7","","","","1"
"2026-05","New Brunswick","2021A000213","Employment","Total - Gender","15 years and over","Standard error of estimate","Seasonally adjusted","Persons in thousands","428","thousands","3","v101886794","5.3.1.1.2.1","3.7","","","","1"
"2025-06","New Brunswick","2021A000213","Unemployment","Total - Gender","15 years and over","Estimate","Seasonally adjusted","Persons in thousands","428","thousands","3","v2063570","5.6.1.1.1.1","32.5","","","","1"
"2025-07","New Brunswick","2021A000213","Unemployment","Total - Gender","15 years and over","Estimate","Seasonally adjusted","Persons in thousands","428","thousands","3","v2063570","5.6.1.1.1.1","33.1","","","","1"
"2025-08","New Brunswick","2021A000213","Unemployment","Total - Gender","15 years and over","Estimate","Seasonally adjusted","Persons in thousands","428","thousands","3","v2063570","5.6.1.1.1.1","33.6","","","","1"
"2025-09","New Brunswick","2021A000213","Unemployment","Total - Gender","15 years and over","Estimate","Seasonally adjusted","Persons in thousands","428","thousands","3","v2063570","5.6.1.1.1.1","34.9","","","","1"
"2025-10","New Brunswick","2021A000213","Unemployment","Total - Gender","15 years and over","Estimate","Seasonally adjusted","Persons in thousands","428","thousands","3","v2063570","5.6.1.1.1.1","33.9","","","","1"
"2025-11","New Brunswick","2021A000213","Unemployment","Total - Gender","15 years and over","Estimate","Seasonally adjusted","Persons in thousands","428","thousands","3","v2063570","5.6.1.1.1.1","28.7","","","","1"
"2025-12","New Brunswick","2021A000213","Unemployment","Total - Gender","15 years and over","Estimate","Seasonally adjusted","Persons in thousands","428","thousands","3","v2063570","5.6.1.1.1.1","28.4","","","","1"
"2026-01","New Brunswick","2021A000213","Unemployment","Total - Gender","15 years and over","Estimate","Seasonally adjusted","Persons in thousands","428","thousands","3","v2063570","5.6.1.1.1.1","29.5","","","","1"
"2026-02","New Brunswick","2021A000213","Unemployment","Total - Gender","15 years and over","Estimate","Seasonally adjusted","Persons in thousands","428","thousands","3","v2063570","5.6.1.1.1.1","31.0","","","","1"
"2026-03","New Brunswick","2021A000213","Unemployment","Total - Gender","15 years and over","Estimate","Seasonally adjusted","Persons in thousands","428","thousands","3","v2063570","5.6.1.1.1.1","30.9","","","","1"
"2026-04","New Brunswick","2021A000213","Unemployment","Total - Gender","15 years and over","Estimate","Seasonally adjusted","Persons in thousands","428","thousands","3","v2063570","5.6.1.1.1.1","31.8","","","","1"
"2026-05","New Brunswick","2021A000213","Unemployment","Total - Gender","15 years and over","Estimate","Seasonally adjusted","Persons in thousands","428","thousands","3","v2063570","5.6.1.1.1.1","31.6","","","","1"
"2025-06","New Brunswick","2021A000213","Unemployment","Total - Gender","15 years and over","Standard error of estimate","Seasonally adjusted","Persons in thousands","428","thousands","3","v101886944","5.6.1.1.2.1","2.1","","","","1"
"2025-07","New Brunswick","2021A000213","Unemployment","Total - Gender","15 years and over","Standard error of estimate","Seasonally adjusted","Persons in thousands","428","thousands","3","v101886944","5.6.1.1.2.1","2.1","","","","1"
"2025-08","New Brunswick","2021A000213","Unemployment","Total - Gender","15 years and over","Standard error of estimate","Seasonally adjusted","Persons in thousands","428","thousands","3","v101886944","5.6.1.1.2.1","2.1","","","","1"
"2025-09","New Brunswick","2021A000213","Unemployment","Total - Gender","15 years and over","Standard error of estimate","Seasonally adjusted","Persons in thousands","428","thousands","3","v101886944","5.6.1.1.2.1","2.1","","","","1"
"2025-10","New Brunswick","2021A000213","Unemployment","Total - Gender","15 years and over","Standard error of estimate","Seasonally adjusted","Persons in thousands","428","thousands","3","v101886944","5.6.1.1.2.1","2.1","","","","1"
"2025-11","New Brunswick","2021A000213","Unemployment","Total - Gender","15 years and over","Standard error of estimate","Seasonally adjusted","Persons in thousands","428","thousands","3","v101886944","5.6.1.1.2.1","2.1","","","","1"
"2025-12","New Brunswick","2021A000213","Unemployment","Total - Gender","15 years and over","Standard error of estimate","Seasonally adjusted","Persons in thousands","428","thousands","3","v101886944","5.6.1.1.2.1","2.1","","","","1"
"2026-01","New Brunswick","2021A000213","Unemployment","Total - Gender","15 years and over","Standard error of estimate","Seasonally adjusted","Persons in thousands","428","thousands","3","v101886944","5.6.1.1.2.1","2.0","","","","1"
"2026-02","New Brunswick","2021A000213","Unemployment","Total - Gender","15 years and over","Standard error of estimate","Seasonally adjusted","Persons in thousands","428","thousands","3","v101886944","5.6.1.1.2.1","2.0","","","","1"
"2026-03","New Brunswick","2021A000213","Unemployment","Total - Gender","15 years and over","Standard error of estimate","Seasonally adjusted","Persons in thousands","428","thousands","3","v101886944","5.6.1.1.2.1","2.0","","","","1"
"2026-04","New Brunswick","2021A000213","Unemployment","Total - Gender","15 years and over","Standard error of estimate","Seasonally adjusted","Persons in thousands","428","thousands","3","v101886944","5.6.1.1.2.1","2.0","","","","1"
"2026-05","New Brunswick","2021A000213","Unemployment","Total - Gender","15 years and over","Standard error of estimate","Seasonally adjusted","Persons in thousands","428","thousands","3","v101886944","5.6.1.1.2.1","2.0","","","","1"
"2025-06","New Brunswick","2021A000213","Employment rate","Total - Gender","15 years and over","Estimate","Seasonally adjusted","Percent","239","units","0","v2063573","5.9.1.1.1.1","56.4","","","","1"
"2025-07","New Brunswick","2021A000213","Employment rate","Total - Gender","15 years and over","Estimate","Seasonally adjusted","Percent","239","units","0","v2063573","5.9.1.1.1.1","56.5","","","","1"
"2025-08","New Brunswick","2021A000213","Employment rate","Total - Gender","15 years and over","Estimate","Seasonally adjusted","Percent","239","units","0","v2063573","5.9.1.1.1.1","55.7","","","","1"
"2025-09","New Brunswick","2021A000213","Employment rate","Total - Gender","15 years and over","Estimate","Seasonally adjusted","Percent","239","units","0","v2063573","5.9.1.1.1.1","56.2","","","","1"
"2025-10","New Brunswick","2021A000213","Employment rate","Total - Gender","15 years and over","Estimate","Seasonally adjusted","Percent","239","units","0","v2063573","5.9.1.1.1.1","55.9","","","","1"
"2025-11","New Brunswick","2021A000213","Employment rate","Total - Gender","15 years and over","Estimate","Seasonally adjusted","Percent","239","units","0","v2063573","5.9.1.1.1.1","56.6","","","","1"
"2025-12","New Brunswick","2021A000213","Employment rate","Total - Gender","15 years and over","Estimate","Seasonally adjusted","Percent","239","units","0","v2063573","5.9.1.1.1.1","56.3","","","","1"
"2026-01","New Brunswick","2021A000213","Employment rate","Total - Gender","15 years and over","Estimate","Seasonally adjusted","Percent","239","units","0","v2063573","5.9.1.1.1.1","56.5","","","","1"
"2026-02","New Brunswick","2021A000213","Employment rate","Total - Gender","15 years and over","Estimate","Seasonally adjusted","Percent","239","units","0","v2063573","5.9.1.1.1.1","56.5","","","","1"
"2026-03","New Brunswick","2021A000213","Employment rate","Total - Gender","15 years and over","Estimate","Seasonally adjusted","Percent","239","units","0","v2063573","5.9.1.1.1.1","56.7","","","","1"
"2026-04","New Brunswick","2021A000213","Employment rate","Total - Gender","15 years and over","Estimate","Seasonally adjusted","Percent","239","units","0","v2063573","5.9.1.1.1.1","56.3","","","","1"
"2026-05","New Brunswick","2021A000213","Employment rate","Total - Gender","15 years and over","Estimate","Seasonally adjusted","Percent","239","units","0","v2063573","5.9.1.1.1.1","56.1","","","","1"
"2025-06","New Brunswick","2021A000213","Employment rate","Total - Gender","15 years and over","Standard error of estimate","Seasonally adjusted","Percent","239","units","0","v101887106","5.9.1.1.2.1","0.5","","","","1"
"2025-07","New Brunswick","2021A000213","Employment rate","Total - Gender","15 years and over","Standard error of estimate","Seasonally adjusted","Percent","239","units","0","v101887106","5.9.1.1.2.1","0.5","","","","1"
"2025-08","New Brunswick","2021A000213","Employment rate","Total - Gender","15 years and over","Standard error of estimate","Seasonally adjusted","Percent","239","units","0","v101887106","5.9.1.1.2.1","0.5","","","","1"
"2025-09","New Brunswick","2021A000213","Employment rate","Total - Gender","15 years and over","Standard error of estimate","Seasonally adjusted","Percent","239","units","0","v101887106","5.9.1.1.2.1","0.5","","","","1"
"2025-10","New Brunswick","2021A000213","Employment rate","Total - Gender","15 years and over","Standard error of estimate","Seasonally adjusted","Percent","239","units","0","v101887106","5.9.1.1.2.1","0.5","","","","1"
"2025-11","New Brunswick","2021A000213","Employment rate","Total - Gender","15 years and over","Standard error of estimate","Seasonally adjusted","Percent","239","units","0","v101887106","5.9.1.1.2.1","0.5","","","","1"
"2025-12","New Brunswick","2021A000213","Employment rate","Total - Gender","15 years and over","Standard error of estimate","Seasonally adjusted","Percent","239","units","0","v101887106","5.9.1.1.2.1","0.5","","","","1"
"2026-01","New Brunswick","2021A000213","Employment rate","Total - Gender","15 years and over","Standard error of estimate","Seasonally adjusted","Percent","239","units","0","v101887106","5.9.1.1.2.1","0.5","","","","1"
"2026-02","New Brunswick","2021A000213","Employment rate","Total - Gender","15 years and over","Standard error of estimate","Seasonally adjusted","Percent","239","units","0","v101887106","5.9.1.1.2.1","0.5","","","","1"
"2026-03","New Brunswick","2021A000213","Employment rate","Total - Gender","15 years and over","Standard error of estimate","Seasonally adjusted","Percent","239","units","0","v101887106","5.9.1.1.2.1","0.5","","","","1"
"2026-04","New Brunswick","2021A000213","Employment rate","Total - Gender","15 years and over","Standard error of estimate","Seasonally adjusted","Percent","239","units","0","v101887106","5.9.1.1.2.1","0.5","","","","1"
"2026-05","New Brunswick","2021A000213","Employment rate","Total - Gender","15 years and over","Standard error of estimate","Seasonally adjusted","Percent","239","units","0","v101887106","5.9.1.1.2.1","0.5","","","","1"
"2025-06","Quebec","2021A000224","Population","Total - Gender","15 years and over","Estimate","Seasonally adjusted","Persons in thousands","428","thousands","3","v2063754","6.1.1.1.1.1","7584.3","","","","1"
"2025-07","Quebec","2021A000224","Population","Total - Gender","15 years and over","Estimate","Seasonally adjusted","Persons in thousands","428","thousands","3","v2063754","6.1.1.1.1.1","7593.5","","","","1"
"2025-08","Quebec","2021A000224","Population","Total - Gender","15 years and over","Estimate","Seasonally adjusted","Persons in thousands","428","thousands","3","v2063754","6.1.1.1.1.1","7600.3","","","","1"
"2025-09","Quebec","2021A000224","Population","Total - Gender","15 years and over","Estimate","Seasonally adjusted","Persons in thousands","428","thousands","3","v2063754","6.1.1.1.1.1","7601.7","","","","1"
"2025-10","Quebec","2021A000224","Population","Total - Gender","15 years and over","Estimate","Seasonally adjusted","Persons in thousands","428","thousands","3","v2063754","6.1.1.1.1.1","7602.1","","","","1"
"2025-11","Quebec","2021A000224","Population","Total - Gender","15 years and over","Estimate","Seasonally adjusted","Persons in thousands","428","thousands","3","v2063754","6.1.1.1.1.1","7601.5","","","","1"
"2025-12","Quebec","2021A000224","Population","Total - Gender","15 years and over","Estimate","Seasonally adjusted","Persons in thousands","428","thousands","3","v2063754","6.1.1.1.1.1","7599.2","","","","1"
"2026-01","Quebec","2021A000224","Population","Total - Gender","15 years and over","Estimate","Seasonally adjusted","Persons in thousands","428","thousands","3","v2063754","6.1.1.1.1.1","7597.3","","","","1"
"2026-02","Quebec","2021A000224","Population","Total - Gender","15 years and over","Estimate","Seasonally adjusted","Persons in thousands","428","thousands","3","v2063754","6.1.1.1.1.1","7593.2","","","","1"
"2026-03","Quebec","2021A000224","Population","Total - Gender","15 years and over","Estimate","Seasonally adjusted","Persons in thousands","428","thousands","3","v2063754","6.1.1.1.1.1","7589.6","","","","1"
"2026-04","Quebec","2021A000224","Population","Total - Gender","15 years and over","Estimate","Seasonally adjusted","Persons in thousands","428","thousands","3","v2063754","6.1.1.1.1.1","7586.0","","","","1"
"2026-05","Quebec","2021A000224","Population","Total - Gender","15 years and over","Estimate","Seasonally adjusted","Persons in thousands","428","thousands","3","v2063754","6.1.1.1.1.1","7583.3","","","","1"
"2025-06","Quebec","2021A000224","Labour force","Total - Gender","15 years and over","Estimate","Seasonally adjusted","Persons in thousands","428","thousands","3","v2063755","6.2.1.1.1.1","4956.5","","","","1"
"2025-07","Quebec","2021A000224","Labour force","Total - Gender","15 years and over","Estimate","Seasonally adjusted","Persons in thousands","428","thousands","3","v2063755","6.2.1.1.1.1","4903.8","","","","1"
"2025-08","Quebec","2021A000224","Labour force","Total - Gender","15 years and over","Estimate","Seasonally adjusted","Persons in thousands","428","thousands","3","v2063755","6.2.1.1.1.1","4936.2","","","","1"
"2025-09","Quebec","2021A000224","Labour force","Total - Gender","15 years and over","Estimate","Seasonally adjusted","Persons in thousands","428","thousands","3","v2063755","6.2.1.1.1.1","4911.7","","","","1"
"2025-10","Quebec","2021A000224","Labour force","Total - Gender","15 years and over","Estimate","Seasonally adjusted","Persons in thousands","428","thousands","3","v2063755","6.2.1.1.1.1","4912.4","","","","1"
"2025-11","Quebec","2021A000224","Labour force","Total - Gender","15 years and over","Estimate","Seasonally adjusted","Persons in thousands","428","thousands","3","v2063755","6.2.1.1.1.1","4902.6","","","","1"
"2025-12","Quebec","2021A000224","Labour force","Total - Gender","15 years and over","Estimate","Seasonally adjusted","Persons in thousands","428","thousands","3","v2063755","6.2.1.1.1.1","4926.8","","","","1"
"2026-01","Quebec","2021A000224","Labour force","Total - Gender","15 years and over","Estimate","Seasonally adjusted","Persons in thousands","428","thousands","3","v2063755","6.2.1.1.1.1","4923.8","","","","1"
"2026-02","Quebec","2021A000224","Labour force","Total - Gender","15 years and over","Estimate","Seasonally adjusted","Persons in thousands","428","thousands","3","v2063755","6.2.1.1.1.1","4900.1","","","","1"
"2026-03","Quebec","2021A000224","Labour force","Total - Gender","15 years and over","Estimate","Seasonally adjusted","Persons in thousands","428","thousands","3","v2063755","6.2.1.1.1.1","4887.1","","","","1"
"2026-04","Quebec","2021A000224","Labour force","Total - Gender","15 years and over","Estimate","Seasonally adjusted","Persons in thousands","428","thousands","3","v2063755","6.2.1.1.1.1","4882.3","","","","1"
"2026-05","Quebec","2021A000224","Labour force","Total - Gender","15 years and over","Estimate","Seasonally adjusted","Persons in thousands","428","thousands","3","v2063755","6.2.1.1.1.1","4864.5","","","","1"
"2025-06","Quebec","2021A000224","Labour force","Total - Gender","15 years and over","Standard error of estimate","Seasonally adjusted","Persons in thousands","428","thousands","3","v101887160","6.2.1.1.2.1","22.6","","","","1"
"2025-07","Quebec","2021A000224","Labour force","Total - Gender","15 years and over","Standard error of estimate","Seasonally adjusted","Persons in thousands","428","thousands","3","v101887160","6.2.1.1.2.1","22.6","","","","1"
"2025-08","Quebec","2021A000224","Labour force","Total - Gender","15 years and over","Standard error of estimate","Seasonally adjusted","Persons in thousands","428","thousands","3","v101887160","6.2.1.1.2.1","22.6","","","","1"
"2025-09","Quebec","2021A000224","Labour force","Total - Gender","15 years and over","Standard error of estimate","Seasonally adjusted","Persons in thousands","428","thousands","3","v101887160","6.2.1.1.2.1","22.6","","","","1"
"2025-10","Quebec","2021A000224","Labour force","Total - Gender","15 years and over","Standard error of estimate","Seasonally adjusted","Persons in thousands","428","thousands","3","v101887160","6.2.1.1.2.1","22.6","","","","1"
"2025-11","Quebec","2021A000224","Labour force","Total - Gender","15 years and over","Standard error of estimate","Seasonally adjusted","Persons in thousands","428","thousands","3","v101887160","6.2.1.1.2.1","22.6","","","","1"
"2025-12","Quebec","2021A000224","Labour force","Total - Gender","15 years and over","Standard error of estimate","Seasonally adjusted","Persons in thousands","428","thousands","3","v101887160","6.2.1.1.2.1","22.6","","","","1"
"2026-01","Quebec","2021A000224","Labour force","Total - Gender","15 years and over","Standard error of estimate","Seasonally adjusted","Persons in thousands","428","thousands","3","v101887160","6.2.1.1.2.1","22.6","","","","1"
"2026-02","Quebec","2021A000224","Labour force","Total - Gender","15 years and over","Standard error of estimate","Seasonally adjusted","Persons in thousands","428","thousands","3","v101887160","6.2.1.1.2.1","22.6","","","","1"
"2026-03","Quebec","2021A000224","Labour force","Total - Gender","15 years and over","Standard error of estimate","Seasonally adjusted","Persons in thousands","428","thousands","3","v101887160","6.2.1.1.2.1","22.6","","","","1"
"2026-04","Quebec","2021A000224","Labour force","Total - Gender","15 years and over","Standard error of estimate","Seasonally adjusted","Persons in thousands","428","thousands","3","v101887160","6.2.1.1.2.1","22.6","","","","1"
"2026-05","Quebec","2021A000224","Labour force","Total - Gender","15 years and over","Standard error of estimate","Seasonally adjusted","Persons in thousands","428","thousands","3","v101887160","6.2.1.1.2.1","22.6","","","","1"
"2025-06","Quebec","2021A000224","Employment","Total - Gender","15 years and over","Estimate","Seasonally adjusted","Persons in thousands","428","thousands","3","v2063756","6.3.1.1.1.1","4649.8","","","","1"
"2025-07","Quebec","2021A000224","Employment","Total - Gender","15 years and over","Estimate","Seasonally adjusted","Persons in thousands","428","thousands","3","v2063756","6.3.1.1.1.1","4635.0","","","","1"
"2025-08","Quebec","2021A000224","Employment","Total - Gender","15 years and over","Estimate","Seasonally adjusted","Persons in thousands","428","thousands","3","v2063756","6.3.1.1.1.1","4642.8","","","","1"
"2025-09","Quebec","2021A000224","Employment","Total - Gender","15 years and over","Estimate","Seasonally adjusted","Persons in thousands","428","thousands","3","v2063756","6.3.1.1.1.1","4633.9","","","","1"
"2025-10","Quebec","2021A000224","Employment","Total - Gender","15 years and over","Estimate","Seasonally adjusted","Persons in thousands","428","thousands","3","v2063756","6.3.1.1.1.1","4652.3","","","","1"
"2025-11","Quebec","2021A000224","Employment","Total - Gender","15 years and over","Estimate","Seasonally adjusted","Persons in thousands","428","thousands","3","v2063756","6.3.1.1.1.1","4651.7","","","","1"
"2025-12","Quebec","2021A000224","Employment","Total - Gender","15 years and over","Estimate","Seasonally adjusted","Persons in thousands","428","thousands","3","v2063756","6.3.1.1.1.1","4666.0","","","","1"
"2026-01","Quebec","2021A000224","Employment","Total - Gender","15 years and over","Estimate","Seasonally adjusted","Persons in thousands","428","thousands","3","v2063756","6.3.1.1.1.1","4669.7","","","","1"
"2026-02","Quebec","2021A000224","Employment","Total - Gender","15 years and over","Estimate","Seasonally adjusted","Persons in thousands","428","thousands","3","v2063756","6.3.1.1.1.1","4612.4","","","","1"
"2026-03","Quebec","2021A000224","Employment","Total - Gender","15 years and over","Estimate","Seasonally adjusted","Persons in thousands","428","thousands","3","v2063756","6.3.1.1.1.1","4622.3","","","","1"
"2026-04","Quebec","2021A000224","Employment","Total - Gender","15 years and over","Estimate","Seasonally adjusted","Persons in thousands","428","thousands","3","v2063756","6.3.1.1.1.1","4579.0","","","","1"
"2026-05","Quebec","2021A000224","Employment","Total - Gender","15 years and over","Estimate","Seasonally adjusted","Persons in thousands","428","thousands","3","v2063756","6.3.1.1.1.1","4592.2","","","","1"
"2025-06","Quebec","2021A000224","Employment","Total - Gender","15 years and over","Estimate","Trend-cycle","Persons in thousands","428","thousands","3","v123339362","6.3.1.1.1.3","4639.0","","","","1"
"2025-07","Quebec","2021A000224","Employment","Total - Gender","15 years and over","Estimate","Trend-cycle","Persons in thousands","428","thousands","3","v123339362","6.3.1.1.1.3","4639.3","","","","1"
"2025-08","Quebec","2021A000224","Employment","Total - Gender","15 years and over","Estimate","Trend-cycle","Persons in thousands","428","thousands","3","v123339362","6.3.1.1.1.3","4643.3","","","","1"
"2025-09","Quebec","2021A000224","Employment","Total - Gender","15 years and over","Estimate","Trend-cycle","Persons in thousands","428","thousands","3","v123339362","6.3.1.1.1.3","4646.2","","","","1"
"2025-10","Quebec","2021A000224","Employment","Total - Gender","15 years and over","Estimate","Trend-cycle","Persons in thousands","428","thousands","3","v123339362","6.3.1.1.1.3","4650.6","","","","1"
"2025-11","Quebec","2021A000224","Employment","Total - Gender","15 years and over","Estimate","Trend-cycle","Persons in thousands","428","thousands","3","v123339362","6.3.1.1.1.3","4652.6","","","","1"
"2025-12","Quebec","2021A000224","Employment","Total - Gender","15 years and over","Estimate","Trend-cycle","Persons in thousands","428","thousands","3","v123339362","6.3.1.1.1.3","4648.0","","","","1"
"2026-01","Quebec","2021A000224","Employment","Total - Gender","15 years and over","Estimate","Trend-cycle","Persons in thousands","428","thousands","3","v123339362","6.3.1.1.1.3","4640.7","","","","1"
"2026-02","Quebec","2021A000224","Employment","Total - Gender","15 years and over","Estimate","Trend-cycle","Persons in thousands","428","thousands","3","v123339362","6.3.1.1.1.3","4629.3","","","","1"
"2026-03","Quebec","2021A000224","Employment","Total - Gender","15 years and over","Estimate","Trend-cycle","Persons in thousands","428","thousands","3","v123339362","6.3.1.1.1.3","4617.7","","","","1"
"2026-04","Quebec","2021A000224","Employment","Total - Gender","15 years and over","Estimate","Trend-cycle","Persons in thousands","428","thousands","3","v123339362","6.3.1.1.1.3","4605.8","","","","1"
"2026-05","Quebec","2021A000224","Employment","Total - Gender","15 years and over","Estimate","Trend-cycle","Persons in thousands","428","thousands","3","v123339362","6.3.1.1.1.3","4597.5","","","","1"
"2025-06","Quebec","2021A000224","Employment","Total - Gender","15 years and over","Standard error of estimate","Seasonally adjusted","Persons in thousands","428","thousands","3","v101887214","6.3.1.1.2.1","24.4","","","","1"
"2025-07","Quebec","2021A000224","Employment","Total - Gender","15 years and over","Standard error of estimate","Seasonally adjusted","Persons in thousands","428","thousands","3","v101887214","6.3.1.1.2.1","24.4","","","","1"
"2025-08","Quebec","2021A000224","Employment","Total - Gender","15 years and over","Standard error of estimate","Seasonally adjusted","Persons in thousands","428","thousands","3","v101887214","6.3.1.1.2.1","24.4","","","","1"
"2025-09","Quebec","2021A000224","Employment","Total - Gender","15 years and over","Standard error of estimate","Seasonally adjusted","Persons in thousands","428","thousands","3","v101887214","6.3.1.1.2.1","24.4","","","","1"
"2025-10","Quebec","2021A000224","Employment","Total - Gender","15 years and over","Standard error of estimate","Seasonally adjusted","Persons in thousands","428","thousands","3","v101887214","6.3.1.1.2.1","24.4","","","","1"
"2025-11","Quebec","2021A000224","Employment","Total - Gender","15 years and over","Standard error of estimate","Seasonally adjusted","Persons in thousands","428","thousands","3","v101887214","6.3.1.1.2.1","24.4","","","","1"
"2025-12","Quebec","2021A000224","Employment","Total - Gender","15 years and over","Standard error of estimate","Seasonally adjusted","Persons in thousands","428","thousands","3","v101887214","6.3.1.1.2.1","24.4","","","","1"
"2026-01","Quebec","2021A000224","Employment","Total - Gender","15 years and over","Standard error of estimate","Seasonally adjusted","Persons in thousands","428","thousands","3","v101887214","6.3.1.1.2.1","24.3","","","","1"
"2026-02","Quebec","2021A000224","Employment","Total - Gender","15 years and over","Standard error of estimate","Seasonally adjusted","Persons in thousands","428","thousands","3","v101887214","6.3.1.1.2.1","24.3","","","","1"
"2026-03","Quebec","2021A000224","Employment","Total - Gender","15 years and over","Standard error of estimate","Seasonally adjusted","Persons in thousands","428","thousands","3","v101887214","6.3.1.1.2.1","24.3","","","","1"
"2026-04","Quebec","2021A000224","Employment","Total - Gender","15 years and over","Standard error of estimate","Seasonally adjusted","Persons in thousands","428","thousands","3","v101887214","6.3.1.1.2.1","24.3","","","","1"
"2026-05","Quebec","2021A000224","Employment","Total - Gender","15 years and over","Standard error of estimate","Seasonally adjusted","Persons in thousands","428","thousands","3","v101887214","6.3.1.1.2.1","24.3","","","","1"
"2025-06","Quebec","2021A000224","Unemployment","Total - Gender","15 years and over","Estimate","Seasonally adjusted","Persons in thousands","428","thousands","3","v2063759","6.6.1.1.1.1","306.7","","","","1"
"2025-07","Quebec","2021A000224","Unemployment","Total - Gender","15 years and over","Estimate","Seasonally adjusted","Persons in thousands","428","thousands","3","v2063759","6.6.1.1.1.1","268.8","","","","1"
"2025-08","Quebec","2021A000224","Unemployment","Total - Gender","15 years and over","Estimate","Seasonally adjusted","Persons in thousands","428","thousands","3","v2063759","6.6.1.1.1.1","293.4","","","","1"
"2025-09","Quebec","2021A000224","Unemployment","Total - Gender","15 years and over","Estimate","Seasonally adjusted","Persons in thousands","428","thousands","3","v2063759","6.6.1.1.1.1","277.7","","","","1"
"2025-10","Quebec","2021A000224","Unemployment","Total - Gender","15 years and over","Estimate","Seasonally adjusted","Persons in thousands","428","thousands","3","v2063759","6.6.1.1.1.1","260.1","","","","1"
"2025-11","Quebec","2021A000224","Unemployment","Total - Gender","15 years and over","Estimate","Seasonally adjusted","Persons in thousands","428","thousands","3","v2063759","6.6.1.1.1.1","250.8","","","","1"
"2025-12","Quebec","2021A000224","Unemployment","Total - Gender","15 years and over","Estimate","Seasonally adjusted","Persons in thousands","428","thousands","3","v2063759","6.6.1.1.1.1","260.8","","","","1"
"2026-01","Quebec","2021A000224","Unemployment","Total - Gender","15 years and over","Estimate","Seasonally adjusted","Persons in thousands","428","thousands","3","v2063759","6.6.1.1.1.1","254.1","","","","1"
"2026-02","Quebec","2021A000224","Unemployment","Total - Gender","15 years and over","Estimate","Seasonally adjusted","Persons in thousands","428","thousands","3","v2063759","6.6.1.1.1.1","287.7","","","","1"
"2026-03","Quebec","2021A000224","Unemployment","Total - Gender","15 years and over","Estimate","Seasonally adjusted","Persons in thousands","428","thousands","3","v2063759","6.6.1.1.1.1","264.8","","","","1"
"2026-04","Quebec","2021A000224","Unemployment","Total - Gender","15 years and over","Estimate","Seasonally adjusted","Persons in thousands","428","thousands","3","v2063759","6.6.1.1.1.1","303.3","","","","1"
"2026-05","Quebec","2021A000224","Unemployment","Total - Gender","15 years and over","Estimate","Seasonally adjusted","Persons in thousands","428","thousands","3","v2063759","6.6.1.1.1.1","272.3","","","","1"
"2025-06","Quebec","2021A000224","Unemployment","Total - Gender","15 years and over","Standard error of estimate","Seasonally adjusted","Persons in thousands","428","thousands","3","v101887364","6.6.1.1.2.1","12.8","","","","1"
"2025-07","Quebec","2021A000224","Unemployment","Total - Gender","15 years and over","Standard error of estimate","Seasonally adjusted","Persons in thousands","428","thousands","3","v101887364","6.6.1.1.2.1","13.4","","","","1"
"2025-08","Quebec","2021A000224","Unemployment","Total - Gender","15 years and over","Standard error of estimate","Seasonally adjusted","Persons in thousands","428","thousands","3","v101887364","6.6.1.1.2.1","13.4","","","","1"
"2025-09","Quebec","2021A000224","Unemployment","Total - Gender","15 years and over","Standard error of estimate","Seasonally adjusted","Persons in thousands","428","thousands","3","v101887364","6.6.1.1.2.1","13.4","","","","1"
"2025-10","Quebec","2021A000224","Unemployment","Total - Gender","15 years and over","Standard error of estimate","Seasonally adjusted","Persons in thousands","428","thousands","3","v101887364","6.6.1.1.2.1","13.4","","","","1"
"2025-11","Quebec","2021A000224","Unemployment","Total - Gender","15 years and over","Standard error of estimate","Seasonally adjusted","Persons in thousands","428","thousands","3","v101887364","6.6.1.1.2.1","13.4","","","","1"
"2025-12","Quebec","2021A000224","Unemployment","Total - Gender","15 years and over","Standard error of estimate","Seasonally adjusted","Persons in thousands","428","thousands","3","v101887364","6.6.1.1.2.1","13.4","","","","1"
"2026-01","Quebec","2021A000224","Unemployment","Total - Gender","15 years and over","Standard error of estimate","Seasonally adjusted","Persons in thousands","428","thousands","3","v101887364","6.6.1.1.2.1","13.5","","","","1"
"2026-02","Quebec","2021A000224","Unemployment","Total - Gender","15 years and over","Standard error of estimate","Seasonally adjusted","Persons in thousands","428","thousands","3","v101887364","6.6.1.1.2.1","13.5","","","","1"
"2026-03","Quebec","2021A000224","Unemployment","Total - Gender","15 years and over","Standard error of estimate","Seasonally adjusted","Persons in thousands","428","thousands","3","v101887364","6.6.1.1.2.1","13.5","","","","1"
"2026-04","Quebec","2021A000224","Unemployment","Total - Gender","15 years and over","Standard error of estimate","Seasonally adjusted","Persons in thousands","428","thousands","3","v101887364","6.6.1.1.2.1","13.5","","","","1"
"2026-05","Quebec","2021A000224","Unemployment","Total - Gender","15 years and over","Standard error of estimate","Seasonally adjusted","Persons in thousands","428","thousands","3","v101887364","6.6.1.1.2.1","13.5","","","","1"
"2025-06","Quebec","2021A000224","Employment rate","Total - Gender","15 years and over","Estimate","Seasonally adjusted","Percent","239","units","0","v2063762","6.9.1.1.1.1","61.3","","","","1"
"2025-07","Quebec","2021A000224","Employment rate","Total - Gender","15 years and over","Estimate","Seasonally adjusted","Percent","239","units","0","v2063762","6.9.1.1.1.1","61.0","","","","1"
"2025-08","Quebec","2021A000224","Employment rate","Total - Gender","15 years and over","Estimate","Seasonally adjusted","Percent","239","units","0","v2063762","6.9.1.1.1.1","61.1","","","","1"
"2025-09","Quebec","2021A000224","Employment rate","Total - Gender","15 years and over","Estimate","Seasonally adjusted","Percent","239","units","0","v2063762","6.9.1.1.1.1","61.0","","","","1"
"2025-10","Quebec","2021A000224","Employment rate","Total - Gender","15 years and over","Estimate","Seasonally adjusted","Percent","239","units","0","v2063762","6.9.1.1.1.1","61.2","","","","1"
"2025-11","Quebec","2021A000224","Employment rate","Total - Gender","15 years and over","Estimate","Seasonally adjusted","Percent","239","units","0","v2063762","6.9.1.1.1.1","61.2","","","","1"
"2025-12","Quebec","2021A000224","Employment rate","Total - Gender","15 years and over","Estimate","Seasonally adjusted","Percent","239","units","0","v2063762","6.9.1.1.1.1","61.4","","","","1"
"2026-01","Quebec","2021A000224","Employment rate","Total - Gender","15 years and over","Estimate","Seasonally adjusted","Percent","239","units","0","v2063762","6.9.1.1.1.1","61.5","","","","1"
"2026-02","Quebec","2021A000224","Employment rate","Total - Gender","15 years and over","Estimate","Seasonally adjusted","Percent","239","units","0","v2063762","6.9.1.1.1.1","60.7","","","","1"
"2026-03","Quebec","2021A000224","Employment rate","Total - Gender","15 years and over","Estimate","Seasonally adjusted","Percent","239","units","0","v2063762","6.9.1.1.1.1","60.9","","","","1"
"2026-04","Quebec","2021A000224","Employment rate","Total - Gender","15 years and over","Estimate","Seasonally adjusted","Percent","239","units","0","v2063762","6.9.1.1.1.1","60.4","","","","1"
"2026-05","Quebec","2021A000224","Employment rate","Total - Gender","15 years and over","Estimate","Seasonally adjusted","Percent","239","units","0","v2063762","6.9.1.1.1.1","60.6","","","","1"
"2025-06","Quebec","2021A000224","Employment rate","Total - Gender","15 years and over","Standard error of estimate","Seasonally adjusted","Percent","239","units","0","v101887526","6.9.1.1.2.1","0.3","","","","1"
"2025-07","Quebec","2021A000224","Employment rate","Total - Gender","15 years and over","Standard error of estimate","Seasonally adjusted","Percent","239","units","0","v101887526","6.9.1.1.2.1","0.3","","","","1"
"2025-08","Quebec","2021A000224","Employment rate","Total - Gender","15 years and over","Standard error of estimate","Seasonally adjusted","Percent","239","units","0","v101887526","6.9.1.1.2.1","0.3","","","","1"
"2025-09","Quebec","2021A000224","Employment rate","Total - Gender","15 years and over","Standard error of estimate","Seasonally adjusted","Percent","239","units","0","v101887526","6.9.1.1.2.1","0.3","","","","1"
"2025-10","Quebec","2021A000224","Employment rate","Total - Gender","15 years and over","Standard error of estimate","Seasonally adjusted","Percent","239","units","0","v101887526","6.9.1.1.2.1","0.3","","","","1"
"2025-11","Quebec","2021A000224","Employment rate","Total - Gender","15 years and over","Standard error of estimate","Seasonally adjusted","Percent","239","units","0","v101887526","6.9.1.1.2.1","0.3","","","","1"
"2025-12","Quebec","2021A000224","Employment rate","Total - Gender","15 years and over","Standard error of estimate","Seasonally adjusted","Percent","239","units","0","v101887526","6.9.1.1.2.1","0.3","","","","1"
"2026-01","Quebec","2021A000224","Employment rate","Total - Gender","15 years and over","Standard error of estimate","Seasonally adjusted","Percent","239","units","0","v101887526","6.9.1.1.2.1","0.3","","","","1"
"2026-02","Quebec","2021A000224","Employment rate","Total - Gender","15 years and over","Standard error of estimate","Seasonally adjusted","Percent","239","units","0","v101887526","6.9.1.1.2.1","0.3","","","","1"
"2026-03","Quebec","2021A000224","Employment rate","Total - Gender","15 years and over","Standard error of estimate","Seasonally adjusted","Percent","239","units","0","v101887526","6.9.1.1.2.1","0.3","","","","1"
"2026-04","Quebec","2021A000224","Employment rate","Total - Gender","15 years and over","Standard error of estimate","Seasonally adjusted","Percent","239","units","0","v101887526","6.9.1.1.2.1","0.3","","","","1"
"2026-05","Quebec","2021A000224","Employment rate","Total - Gender","15 years and over","Standard error of estimate","Seasonally adjusted","Percent","239","units","0","v101887526","6.9.1.1.2.1","0.3","","","","1"
"2025-06","Ontario","2021A000235","Population","Total - Gender","15 years and over","Estimate","Seasonally adjusted","Persons in thousands","428","thousands","3","v2063943","7.1.1.1.1.1","13705.6","","","","1"
"2025-07","Ontario","2021A000235","Population","Total - Gender","15 years and over","Estimate","Seasonally adjusted","Persons in thousands","428","thousands","3","v2063943","7.1.1.1.1.1","13715.2","","","","1"
"2025-08","Ontario","2021A000235","Population","Total - Gender","15 years and over","Estimate","Seasonally adjusted","Persons in thousands","428","thousands","3","v2063943","7.1.1.1.1.1","13722.8","","","","1"
"2025-09","Ontario","2021A000235","Population","Total - Gender","15 years and over","Estimate","Seasonally adjusted","Persons in thousands","428","thousands","3","v2063943","7.1.1.1.1.1","13732.8","","","","1"
"2025-10","Ontario","2021A000235","Population","Total - Gender","15 years and over","Estimate","Seasonally adjusted","Persons in thousands","428","thousands","3","v2063943","7.1.1.1.1.1","13741.8","","","","1"
"2025-11","Ontario","2021A000235","Population","Total - Gender","15 years and over","Estimate","Seasonally adjusted","Persons in thousands","428","thousands","3","v2063943","7.1.1.1.1.1","13748.5","","","","1"
"2025-12","Ontario","2021A000235","Population","Total - Gender","15 years and over","Estimate","Seasonally adjusted","Persons in thousands","428","thousands","3","v2063943","7.1.1.1.1.1","13751.5","","","","1"
"2026-01","Ontario","2021A000235","Population","Total - Gender","15 years and over","Estimate","Seasonally adjusted","Persons in thousands","428","thousands","3","v2063943","7.1.1.1.1.1","13751.2","","","","1"
"2026-02","Ontario","2021A000235","Population","Total - Gender","15 years and over","Estimate","Seasonally adjusted","Persons in thousands","428","thousands","3","v2063943","7.1.1.1.1.1","13754.3","","","","1"
"2026-03","Ontario","2021A000235","Population","Total - Gender","15 years and over","Estimate","Seasonally adjusted","Persons in thousands","428","thousands","3","v2063943","7.1.1.1.1.1","13758.5","","","","1"
"2026-04","Ontario","2021A000235","Population","Total - Gender","15 years and over","Estimate","Seasonally adjusted","Persons in thousands","428","thousands","3","v2063943","7.1.1.1.1.1","13760.8","","","","1"
"2026-05","Ontario","2021A000235","Population","Total - Gender","15 years and over","Estimate","Seasonally adjusted","Persons in thousands","428","thousands","3","v2063943","7.1.1.1.1.1","13766.3","","","","1"
"2025-06","Ontario","2021A000235","Labour force","Total - Gender","15 years and over","Estimate","Seasonally adjusted","Persons in thousands","428","thousands","3","v2063944","7.2.1.1.1.1","8899.2","","","","1"
"2025-07","Ontario","2021A000235","Labour force","Total - Gender","15 years and over","Estimate","Seasonally adjusted","Persons in thousands","428","thousands","3","v2063944","7.2.1.1.1.1","8912.7","","","","1"
"2025-08","Ontario","2021A000235","Labour force","Total - Gender","15 years and over","Estimate","Seasonally adjusted","Persons in thousands","428","thousands","3","v2063944","7.2.1.1.1.1","8876.1","","","","1"
"2025-09","Ontario","2021A000235","Labour force","Total - Gender","15 years and over","Estimate","Seasonally adjusted","Persons in thousands","428","thousands","3","v2063944","7.2.1.1.1.1","8903.0","","","","1"
"2025-10","Ontario","2021A000235","Labour force","Total - Gender","15 years and over","Estimate","Seasonally adjusted","Persons in thousands","428","thousands","3","v2063944","7.2.1.1.1.1","8928.3","","","","1"
"2025-11","Ontario","2021A000235","Labour force","Total - Gender","15 years and over","Estimate","Seasonally adjusted","Persons in thousands","428","thousands","3","v2063944","7.2.1.1.1.1","8914.5","","","","1"
"2025-12","Ontario","2021A000235","Labour force","Total - Gender","15 years and over","Estimate","Seasonally adjusted","Persons in thousands","428","thousands","3","v2063944","7.2.1.1.1.1","8988.9","","","","1"
"2026-01","Ontario","2021A000235","Labour force","Total - Gender","15 years and over","Estimate","Seasonally adjusted","Persons in thousands","428","thousands","3","v2063944","7.2.1.1.1.1","8852.6","","","","1"
"2026-02","Ontario","2021A000235","Labour force","Total - Gender","15 years and over","Estimate","Seasonally adjusted","Persons in thousands","428","thousands","3","v2063944","7.2.1.1.1.1","8883.7","","","","1"
"2026-03","Ontario","2021A000235","Labour force","Total - Gender","15 years and over","Estimate","Seasonally adjusted","Persons in thousands","428","thousands","3","v2063944","7.2.1.1.1.1","8881.5","","","","1"
"2026-04","Ontario","2021A000235","Labour force","Total - Gender","15 years and over","Estimate","Seasonally adjusted","Persons in thousands","428","thousands","3","v2063944","7.2.1.1.1.1","8920.8","","","","1"
"2026-05","Ontario","2021A000235","Labour force","Total - Gender","15 years and over","Estimate","Seasonally adjusted","Persons in thousands","428","thousands","3","v2063944","7.2.1.1.1.1","8910.4","","","","1"
"2025-06","Ontario","2021A000235","Labour force","Total - Gender","15 years and over","Standard error of estimate","Seasonally adjusted","Persons in thousands","428","thousands","3","v101887580","7.2.1.1.2.1","33.7","","","","1"
"2025-07","Ontario","2021A000235","Labour force","Total - Gender","15 years and over","Standard error of estimate","Seasonally adjusted","Persons in thousands","428","thousands","3","v101887580","7.2.1.1.2.1","34.0","","","","1"
"2025-08","Ontario","2021A000235","Labour force","Total - Gender","15 years and over","Standard error of estimate","Seasonally adjusted","Persons in thousands","428","thousands","3","v101887580","7.2.1.1.2.1","34.0","","","","1"
"2025-09","Ontario","2021A000235","Labour force","Total - Gender","15 years and over","Standard error of estimate","Seasonally adjusted","Persons in thousands","428","thousands","3","v101887580","7.2.1.1.2.1","34.0","","","","1"
"2025-10","Ontario","2021A000235","Labour force","Total - Gender","15 years and over","Standard error of estimate","Seasonally adjusted","Persons in thousands","428","thousands","3","v101887580","7.2.1.1.2.1","34.0","","","","1"
"2025-11","Ontario","2021A000235","Labour force","Total - Gender","15 years and over","Standard error of estimate","Seasonally adjusted","Persons in thousands","428","thousands","3","v101887580","7.2.1.1.2.1","34.0","","","","1"
"2025-12","Ontario","2021A000235","Labour force","Total - Gender","15 years and over","Standard error of estimate","Seasonally adjusted","Persons in thousands","428","thousands","3","v101887580","7.2.1.1.2.1","34.0","","","","1"
"2026-01","Ontario","2021A000235","Labour force","Total - Gender","15 years and over","Standard error of estimate","Seasonally adjusted","Persons in thousands","428","thousands","3","v101887580","7.2.1.1.2.1","33.5","","","","1"
"2026-02","Ontario","2021A000235","Labour force","Total - Gender","15 years and over","Standard error of estimate","Seasonally adjusted","Persons in thousands","428","thousands","3","v101887580","7.2.1.1.2.1","33.5","","","","1"
"2026-03","Ontario","2021A000235","Labour force","Total - Gender","15 years and over","Standard error of estimate","Seasonally adjusted","Persons in thousands","428","thousands","3","v101887580","7.2.1.1.2.1","33.5","","","","1"
"2026-04","Ontario","2021A000235","Labour force","Total - Gender","15 years and over","Standard error of estimate","Seasonally adjusted","Persons in thousands","428","thousands","3","v101887580","7.2.1.1.2.1","33.5","","","","1"
"2026-05","Ontario","2021A000235","Labour force","Total - Gender","15 years and over","Standard error of estimate","Seasonally adjusted","Persons in thousands","428","thousands","3","v101887580","7.2.1.1.2.1","33.5","","","","1"
"2025-06","Ontario","2021A000235","Employment","Total - Gender","15 years and over","Estimate","Seasonally adjusted","Persons in thousands","428","thousands","3","v2063945","7.3.1.1.1.1","8208.3","","","","1"
"2025-07","Ontario","2021A000235","Employment","Total - Gender","15 years and over","Estimate","Seasonally adjusted","Persons in thousands","428","thousands","3","v2063945","7.3.1.1.1.1","8216.3","","","","1"
"2025-08","Ontario","2021A000235","Employment","Total - Gender","15 years and over","Estimate","Seasonally adjusted","Persons in thousands","428","thousands","3","v2063945","7.3.1.1.1.1","8190.3","","","","1"
"2025-09","Ontario","2021A000235","Employment","Total - Gender","15 years and over","Estimate","Seasonally adjusted","Persons in thousands","428","thousands","3","v2063945","7.3.1.1.1.1","8200.2","","","","1"
"2025-10","Ontario","2021A000235","Employment","Total - Gender","15 years and over","Estimate","Seasonally adjusted","Persons in thousands","428","thousands","3","v2063945","7.3.1.1.1.1","8252.5","","","","1"
"2025-11","Ontario","2021A000235","Employment","Total - Gender","15 years and over","Estimate","Seasonally adjusted","Persons in thousands","428","thousands","3","v2063945","7.3.1.1.1.1","8256.4","","","","1"
"2025-12","Ontario","2021A000235","Employment","Total - Gender","15 years and over","Estimate","Seasonally adjusted","Persons in thousands","428","thousands","3","v2063945","7.3.1.1.1.1","8274.5","","","","1"
"2026-01","Ontario","2021A000235","Employment","Total - Gender","15 years and over","Estimate","Seasonally adjusted","Persons in thousands","428","thousands","3","v2063945","7.3.1.1.1.1","8208.0","","","","1"
"2026-02","Ontario","2021A000235","Employment","Total - Gender","15 years and over","Estimate","Seasonally adjusted","Persons in thousands","428","thousands","3","v2063945","7.3.1.1.1.1","8211.3","","","","1"
"2026-03","Ontario","2021A000235","Employment","Total - Gender","15 years and over","Estimate","Seasonally adjusted","Persons in thousands","428","thousands","3","v2063945","7.3.1.1.1.1","8205.5","","","","1"
"2026-04","Ontario","2021A000235","Employment","Total - Gender","15 years and over","Estimate","Seasonally adjusted","Persons in thousands","428","thousands","3","v2063945","7.3.1.1.1.1","8247.9","","","","1"
"2026-05","Ontario","2021A000235","Employment","Total - Gender","15 years and over","Estimate","Seasonally adjusted","Persons in thousands","428","thousands","3","v2063945","7.3.1.1.1.1","8289.7","","","","1"
"2025-06","Ontario","2021A000235","Employment","Total - Gender","15 years and over","Estimate","Trend-cycle","Persons in thousands","428","thousands","3","v123339363","7.3.1.1.1.3","8204.0","","","","1"
"2025-07","Ontario","2021A000235","Employment","Total - Gender","15 years and over","Estimate","Trend-cycle","Persons in thousands","428","thousands","3","v123339363","7.3.1.1.1.3","8206.7","","","","1"
"2025-08","Ontario","2021A000235","Employment","Total - Gender","15 years and over","Estimate","Trend-cycle","Persons in thousands","428","thousands","3","v123339363","7.3.1.1.1.3","8213.2","","","","1"
"2025-09","Ontario","2021A000235","Employment","Total - Gender","15 years and over","Estimate","Trend-cycle","Persons in thousands","428","thousands","3","v123339363","7.3.1.1.1.3","8222.9","","","","1"
"2025-10","Ontario","2021A000235","Employment","Total - Gender","15 years and over","Estimate","Trend-cycle","Persons in thousands","428","thousands","3","v123339363","7.3.1.1.1.3","8232.3","","","","1"
"2025-11","Ontario","2021A000235","Employment","Total - Gender","15 years and over","Estimate","Trend-cycle","Persons in thousands","428","thousands","3","v123339363","7.3.1.1.1.3","8235.6","","","","1"
"2025-12","Ontario","2021A000235","Employment","Total - Gender","15 years and over","Estimate","Trend-cycle","Persons in thousands","428","thousands","3","v123339363","7.3.1.1.1.3","8237.1","","","","1"
"2026-01","Ontario","2021A000235","Employment","Total - Gender","15 years and over","Estimate","Trend-cycle","Persons in thousands","428","thousands","3","v123339363","7.3.1.1.1.3","8234.3","","","","1"
"2026-02","Ontario","2021A000235","Employment","Total - Gender","15 years and over","Estimate","Trend-cycle","Persons in thousands","428","thousands","3","v123339363","7.3.1.1.1.3","8233.3","","","","1"
"2026-03","Ontario","2021A000235","Employment","Total - Gender","15 years and over","Estimate","Trend-cycle","Persons in thousands","428","thousands","3","v123339363","7.3.1.1.1.3","8234.2","","","","1"
"2026-04","Ontario","2021A000235","Employment","Total - Gender","15 years and over","Estimate","Trend-cycle","Persons in thousands","428","thousands","3","v123339363","7.3.1.1.1.3","8239.0","","","","1"
"2026-05","Ontario","2021A000235","Employment","Total - Gender","15 years and over","Estimate","Trend-cycle","Persons in thousands","428","thousands","3","v123339363","7.3.1.1.1.3","8247.1","","","","1"
"2025-06","Ontario","2021A000235","Employment","Total - Gender","15 years and over","Standard error of estimate","Seasonally adjusted","Persons in thousands","428","thousands","3","v101887634","7.3.1.1.2.1","35.7","","","","1"
"2025-07","Ontario","2021A000235","Employment","Total - Gender","15 years and over","Standard error of estimate","Seasonally adjusted","Persons in thousands","428","thousands","3","v101887634","7.3.1.1.2.1","36.8","","","","1"
"2025-08","Ontario","2021A000235","Employment","Total - Gender","15 years and over","Standard error of estimate","Seasonally adjusted","Persons in thousands","428","thousands","3","v101887634","7.3.1.1.2.1","36.8","","","","1"
"2025-09","Ontario","2021A000235","Employment","Total - Gender","15 years and over","Standard error of estimate","Seasonally adjusted","Persons in thousands","428","thousands","3","v101887634","7.3.1.1.2.1","36.8","","","","1"
"2025-10","Ontario","2021A000235","Employment","Total - Gender","15 years and over","Standard error of estimate","Seasonally adjusted","Persons in thousands","428","thousands","3","v101887634","7.3.1.1.2.1","36.8","","","","1"
"2025-11","Ontario","2021A000235","Employment","Total - Gender","15 years and over","Standard error of estimate","Seasonally adjusted","Persons in thousands","428","thousands","3","v101887634","7.3.1.1.2.1","36.8","","","","1"
"2025-12","Ontario","2021A000235","Employment","Total - Gender","15 years and over","Standard error of estimate","Seasonally adjusted","Persons in thousands","428","thousands","3","v101887634","7.3.1.1.2.1","36.8","","","","1"
"2026-01","Ontario","2021A000235","Employment","Total - Gender","15 years and over","Standard error of estimate","Seasonally adjusted","Persons in thousands","428","thousands","3","v101887634","7.3.1.1.2.1","35.9","","","","1"
"2026-02","Ontario","2021A000235","Employment","Total - Gender","15 years and over","Standard error of estimate","Seasonally adjusted","Persons in thousands","428","thousands","3","v101887634","7.3.1.1.2.1","35.9","","","","1"
"2026-03","Ontario","2021A000235","Employment","Total - Gender","15 years and over","Standard error of estimate","Seasonally adjusted","Persons in thousands","428","thousands","3","v101887634","7.3.1.1.2.1","35.9","","","","1"
"2026-04","Ontario","2021A000235","Employment","Total - Gender","15 years and over","Standard error of estimate","Seasonally adjusted","Persons in thousands","428","thousands","3","v101887634","7.3.1.1.2.1","35.9","","","","1"
"2026-05","Ontario","2021A000235","Employment","Total - Gender","15 years and over","Standard error of estimate","Seasonally adjusted","Persons in thousands","428","thousands","3","v101887634","7.3.1.1.2.1","35.9","","","","1"
"2025-06","Ontario","2021A000235","Unemployment","Total - Gender","15 years and over","Estimate","Seasonally adjusted","Persons in thousands","428","thousands","3","v2063948","7.6.1.1.1.1","690.9","","","","1"
"2025-07","Ontario","2021A000235","Unemployment","Total - Gender","15 years and over","Estimate","Seasonally adjusted","Persons in thousands","428","thousands","3","v2063948","7.6.1.1.1.1","696.4","","","","1"
"2025-08","Ontario","2021A000235","Unemployment","Total - Gender","15 years and over","Estimate","Seasonally adjusted","Persons in thousands","428","thousands","3","v2063948","7.6.1.1.1.1","685.9","","","","1"
"2025-09","Ontario","2021A000235","Unemployment","Total - Gender","15 years and over","Estimate","Seasonally adjusted","Persons in thousands","428","thousands","3","v2063948","7.6.1.1.1.1","702.9","","","","1"
"2025-10","Ontario","2021A000235","Unemployment","Total - Gender","15 years and over","Estimate","Seasonally adjusted","Persons in thousands","428","thousands","3","v2063948","7.6.1.1.1.1","675.8","","","","1"
"2025-11","Ontario","2021A000235","Unemployment","Total - Gender","15 years and over","Estimate","Seasonally adjusted","Persons in thousands","428","thousands","3","v2063948","7.6.1.1.1.1","658.1","","","","1"
"2025-12","Ontario","2021A000235","Unemployment","Total - Gender","15 years and over","Estimate","Seasonally adjusted","Persons in thousands","428","thousands","3","v2063948","7.6.1.1.1.1","714.3","","","","1"
"2026-01","Ontario","2021A000235","Unemployment","Total - Gender","15 years and over","Estimate","Seasonally adjusted","Persons in thousands","428","thousands","3","v2063948","7.6.1.1.1.1","644.5","","","","1"
"2026-02","Ontario","2021A000235","Unemployment","Total - Gender","15 years and over","Estimate","Seasonally adjusted","Persons in thousands","428","thousands","3","v2063948","7.6.1.1.1.1","672.4","","","","1"
"2026-03","Ontario","2021A000235","Unemployment","Total - Gender","15 years and over","Estimate","Seasonally adjusted","Persons in thousands","428","thousands","3","v2063948","7.6.1.1.1.1","676.1","","","","1"
"2026-04","Ontario","2021A000235","Unemployment","Total - Gender","15 years and over","Estimate","Seasonally adjusted","Persons in thousands","428","thousands","3","v2063948","7.6.1.1.1.1","672.9","","","","1"
"2026-05","Ontario","2021A000235","Unemployment","Total - Gender","15 years and over","Estimate","Seasonally adjusted","Persons in thousands","428","thousands","3","v2063948","7.6.1.1.1.1","620.7","","","","1"
"2025-06","Ontario","2021A000235","Unemployment","Total - Gender","15 years and over","Standard error of estimate","Seasonally adjusted","Persons in thousands","428","thousands","3","v101887784","7.6.1.1.2.1","19.7","","","","1"
"2025-07","Ontario","2021A000235","Unemployment","Total - Gender","15 years and over","Standard error of estimate","Seasonally adjusted","Persons in thousands","428","thousands","3","v101887784","7.6.1.1.2.1","19.9","","","","1"
"2025-08","Ontario","2021A000235","Unemployment","Total - Gender","15 years and over","Standard error of estimate","Seasonally adjusted","Persons in thousands","428","thousands","3","v101887784","7.6.1.1.2.1","19.9","","","","1"
"2025-09","Ontario","2021A000235","Unemployment","Total - Gender","15 years and over","Standard error of estimate","Seasonally adjusted","Persons in thousands","428","thousands","3","v101887784","7.6.1.1.2.1","19.9","","","","1"
"2025-10","Ontario","2021A000235","Unemployment","Total - Gender","15 years and over","Standard error of estimate","Seasonally adjusted","Persons in thousands","428","thousands","3","v101887784","7.6.1.1.2.1","19.9","","","","1"
"2025-11","Ontario","2021A000235","Unemployment","Total - Gender","15 years and over","Standard error of estimate","Seasonally adjusted","Persons in thousands","428","thousands","3","v101887784","7.6.1.1.2.1","19.9","","","","1"
"2025-12","Ontario","2021A000235","Unemployment","Total - Gender","15 years and over","Standard error of estimate","Seasonally adjusted","Persons in thousands","428","thousands","3","v101887784","7.6.1.1.2.1","19.9","","","","1"
"2026-01","Ontario","2021A000235","Unemployment","Total - Gender","15 years and over","Standard error of estimate","Seasonally adjusted","Persons in thousands","428","thousands","3","v101887784","7.6.1.1.2.1","20.3","","","","1"
"2026-02","Ontario","2021A000235","Unemployment","Total - Gender","15 years and over","Standard error of estimate","Seasonally adjusted","Persons in thousands","428","thousands","3","v101887784","7.6.1.1.2.1","20.3","","","","1"
"2026-03","Ontario","2021A000235","Unemployment","Total - Gender","15 years and over","Standard error of estimate","Seasonally adjusted","Persons in thousands","428","thousands","3","v101887784","7.6.1.1.2.1","20.3","","","","1"
"2026-04","Ontario","2021A000235","Unemployment","Total - Gender","15 years and over","Standard error of estimate","Seasonally adjusted","Persons in thousands","428","thousands","3","v101887784","7.6.1.1.2.1","20.3","","","","1"
"2026-05","Ontario","2021A000235","Unemployment","Total - Gender","15 years and over","Standard error of estimate","Seasonally adjusted","Persons in thousands","428","thousands","3","v101887784","7.6.1.1.2.1","20.3","","","","1"
"2025-06","Ontario","2021A000235","Employment rate","Total - Gender","15 years and over","Estimate","Seasonally adjusted","Percent","239","units","0","v2063951","7.9.1.1.1.1","59.9","","","","1"
"2025-07","Ontario","2021A000235","Employment rate","Total - Gender","15 years and over","Estimate","Seasonally adjusted","Percent","239","units","0","v2063951","7.9.1.1.1.1","59.9","","","","1"
"2025-08","Ontario","2021A000235","Employment rate","Total - Gender","15 years and over","Estimate","Seasonally adjusted","Percent","239","units","0","v2063951","7.9.1.1.1.1","59.7","","","","1"
"2025-09","Ontario","2021A000235","Employment rate","Total - Gender","15 years and over","Estimate","Seasonally adjusted","Percent","239","units","0","v2063951","7.9.1.1.1.1","59.7","","","","1"
"2025-10","Ontario","2021A000235","Employment rate","Total - Gender","15 years and over","Estimate","Seasonally adjusted","Percent","239","units","0","v2063951","7.9.1.1.1.1","60.1","","","","1"
"2025-11","Ontario","2021A000235","Employment rate","Total - Gender","15 years and over","Estimate","Seasonally adjusted","Percent","239","units","0","v2063951","7.9.1.1.1.1","60.1","","","","1"
"2025-12","Ontario","2021A000235","Employment rate","Total - Gender","15 years and over","Estimate","Seasonally adjusted","Percent","239","units","0","v2063951","7.9.1.1.1.1","60.2","","","","1"
"2026-01","Ontario","2021A000235","Employment rate","Total - Gender","15 years and over","Estimate","Seasonally adjusted","Percent","239","units","0","v2063951","7.9.1.1.1.1","59.7","","","","1"
"2026-02","Ontario","2021A000235","Employment rate","Total - Gender","15 years and over","Estimate","Seasonally adjusted","Percent","239","units","0","v2063951","7.9.1.1.1.1","59.7","","","","1"
"2026-03","Ontario","2021A000235","Employment rate","Total - Gender","15 years and over","Estimate","Seasonally adjusted","Percent","239","units","0","v2063951","7.9.1.1.1.1","59.6","","","","1"
"2026-04","Ontario","2021A000235","Employment rate","Total - Gender","15 years and over","Estimate","Seasonally adjusted","Percent","239","units","0","v2063951","7.9.1.1.1.1","59.9","","","","1"
"2026-05","Ontario","2021A000235","Employment rate","Total - Gender","15 years and over","Estimate","Seasonally adjusted","Percent","239","units","0","v2063951","7.9.1.1.1.1","60.2","","","","1"
"2025-06","Ontario","2021A000235","Employment rate","Total - Gender","15 years and over","Standard error of estimate","Seasonally adjusted","Percent","239","units","0","v101887946","7.9.1.1.2.1","0.3","","","","1"
"2025-07","Ontario","2021A000235","Employment rate","Total - Gender","15 years and over","Standard error of estimate","Seasonally adjusted","Percent","239","units","0","v101887946","7.9.1.1.2.1","0.3","","","","1"
"2025-08","Ontario","2021A000235","Employment rate","Total - Gender","15 years and over","Standard error of estimate","Seasonally adjusted","Percent","239","units","0","v101887946","7.9.1.1.2.1","0.3","","","","1"
"2025-09","Ontario","2021A000235","Employment rate","Total - Gender","15 years and over","Standard error of estimate","Seasonally adjusted","Percent","239","units","0","v101887946","7.9.1.1.2.1","0.3","","","","1"
"2025-10","Ontario","2021A000235","Employment rate","Total - Gender","15 years and over","Standard error of estimate","Seasonally adjusted","Percent","239","units","0","v101887946","7.9.1.1.2.1","0.3","","","","1"
"2025-11","Ontario","2021A000235","Employment rate","Total - Gender","15 years and over","Standard error of estimate","Seasonally adjusted","Percent","239","units","0","v101887946","7.9.1.1.2.1","0.3","","","","1"
"2025-12","Ontario","2021A000235","Employment rate","Total - Gender","15 years and over","Standard error of estimate","Seasonally adjusted","Percent","239","units","0","v101887946","7.9.1.1.2.1","0.3","","","","1"
"2026-01","Ontario","2021A000235","Employment rate","Total - Gender","15 years and over","Standard error of estimate","Seasonally adjusted","Percent","239","units","0","v101887946","7.9.1.1.2.1","0.3","","","","1"
"2026-02","Ontario","2021A000235","Employment rate","Total - Gender","15 years and over","Standard error of estimate","Seasonally adjusted","Percent","239","units","0","v101887946","7.9.1.1.2.1","0.3","","","","1"
"2026-03","Ontario","2021A000235","Employment rate","Total - Gender","15 years and over","Standard error of estimate","Seasonally adjusted","Percent","239","units","0","v101887946","7.9.1.1.2.1","0.3","","","","1"
"2026-04","Ontario","2021A000235","Employment rate","Total - Gender","15 years and over","Standard error of estimate","Seasonally adjusted","Percent","239","units","0","v101887946","7.9.1.1.2.1","0.3","","","","1"
"2026-05","Ontario","2021A000235","Employment rate","Total - Gender","15 years and over","Standard error of estimate","Seasonally adjusted","Percent","239","units","0","v101887946","7.9.1.1.2.1","0.3","","","","1"
"2025-06","Manitoba","2021A000246","Population","Total - Gender","15 years and over","Estimate","Seasonally adjusted","Persons in thousands","428","thousands","3","v2064132","8.1.1.1.1.1","1174.2","","","","1"
"2025-07","Manitoba","2021A000246","Population","Total - Gender","15 years and over","Estimate","Seasonally adjusted","Persons in thousands","428","thousands","3","v2064132","8.1.1.1.1.1","1175.9","","","","1"
"2025-08","Manitoba","2021A000246","Population","Total - Gender","15 years and over","Estimate","Seasonally adjusted","Persons in thousands","428","thousands","3","v2064132","8.1.1.1.1.1","1177.2","","","","1"
"2025-09","Manitoba","2021A000246","Population","Total - Gender","15 years and over","Estimate","Seasonally adjusted","Persons in thousands","428","thousands","3","v2064132","8.1.1.1.1.1","1178.7","","","","1"
"2025-10","Manitoba","2021A000246","Population","Total - Gender","15 years and over","Estimate","Seasonally adjusted","Persons in thousands","428","thousands","3","v2064132","8.1.1.1.1.1","1179.8","","","","1"
"2025-11","Manitoba","2021A000246","Population","Total - Gender","15 years and over","Estimate","Seasonally adjusted","Persons in thousands","428","thousands","3","v2064132","8.1.1.1.1.1","1180.9","","","","1"
"2025-12","Manitoba","2021A000246","Population","Total - Gender","15 years and over","Estimate","Seasonally adjusted","Persons in thousands","428","thousands","3","v2064132","8.1.1.1.1.1","1181.7","","","","1"
"2026-01","Manitoba","2021A000246","Population","Total - Gender","15 years and over","Estimate","Seasonally adjusted","Persons in thousands","428","thousands","3","v2064132","8.1.1.1.1.1","1182.5","","","","1"
"2026-02","Manitoba","2021A000246","Population","Total - Gender","15 years and over","Estimate","Seasonally adjusted","Persons in thousands","428","thousands","3","v2064132","8.1.1.1.1.1","1183.6","","","","1"
"2026-03","Manitoba","2021A000246","Population","Total - Gender","15 years and over","Estimate","Seasonally adjusted","Persons in thousands","428","thousands","3","v2064132","8.1.1.1.1.1","1185.0","","","","1"
"2026-04","Manitoba","2021A000246","Population","Total - Gender","15 years and over","Estimate","Seasonally adjusted","Persons in thousands","428","thousands","3","v2064132","8.1.1.1.1.1","1186.6","","","","1"
"2026-05","Manitoba","2021A000246","Population","Total - Gender","15 years and over","Estimate","Seasonally adjusted","Persons in thousands","428","thousands","3","v2064132","8.1.1.1.1.1","1187.6","","","","1"
"2025-06","Manitoba","2021A000246","Labour force","Total - Gender","15 years and over","Estimate","Seasonally adjusted","Persons in thousands","428","thousands","3","v2064133","8.2.1.1.1.1","781.5","","","","1"
"2025-07","Manitoba","2021A000246","Labour force","Total - Gender","15 years and over","Estimate","Seasonally adjusted","Persons in thousands","428","thousands","3","v2064133","8.2.1.1.1.1","785.0","","","","1"
"2025-08","Manitoba","2021A000246","Labour force","Total - Gender","15 years and over","Estimate","Seasonally adjusted","Persons in thousands","428","thousands","3","v2064133","8.2.1.1.1.1","782.3","","","","1"
"2025-09","Manitoba","2021A000246","Labour force","Total - Gender","15 years and over","Estimate","Seasonally adjusted","Persons in thousands","428","thousands","3","v2064133","8.2.1.1.1.1","788.5","","","","1"
"2025-10","Manitoba","2021A000246","Labour force","Total - Gender","15 years and over","Estimate","Seasonally adjusted","Persons in thousands","428","thousands","3","v2064133","8.2.1.1.1.1","782.5","","","","1"
"2025-11","Manitoba","2021A000246","Labour force","Total - Gender","15 years and over","Estimate","Seasonally adjusted","Persons in thousands","428","thousands","3","v2064133","8.2.1.1.1.1","787.7","","","","1"
"2025-12","Manitoba","2021A000246","Labour force","Total - Gender","15 years and over","Estimate","Seasonally adjusted","Persons in thousands","428","thousands","3","v2064133","8.2.1.1.1.1","788.0","","","","1"
"2026-01","Manitoba","2021A000246","Labour force","Total - Gender","15 years and over","Estimate","Seasonally adjusted","Persons in thousands","428","thousands","3","v2064133","8.2.1.1.1.1","794.0","","","","1"
"2026-02","Manitoba","2021A000246","Labour force","Total - Gender","15 years and over","Estimate","Seasonally adjusted","Persons in thousands","428","thousands","3","v2064133","8.2.1.1.1.1","785.2","","","","1"
"2026-03","Manitoba","2021A000246","Labour force","Total - Gender","15 years and over","Estimate","Seasonally adjusted","Persons in thousands","428","thousands","3","v2064133","8.2.1.1.1.1","795.6","","","","1"
"2026-04","Manitoba","2021A000246","Labour force","Total - Gender","15 years and over","Estimate","Seasonally adjusted","Persons in thousands","428","thousands","3","v2064133","8.2.1.1.1.1","788.9","","","","1"
"2026-05","Manitoba","2021A000246","Labour force","Total - Gender","15 years and over","Estimate","Seasonally adjusted","Persons in thousands","428","thousands","3","v2064133","8.2.1.1.1.1","792.9","","","","1"
"2025-06","Manitoba","2021A000246","Labour force","Total - Gender","15 years and over","Standard error of estimate","Seasonally adjusted","Persons in thousands","428","thousands","3","v101888000","8.2.1.1.2.1","5.3","","","","1"
"2025-07","Manitoba","2021A000246","Labour force","Total - Gender","15 years and over","Standard error of estimate","Seasonally adjusted","Persons in thousands","428","thousands","3","v101888000","8.2.1.1.2.1","5.1","","","","1"
"2025-08","Manitoba","2021A000246","Labour force","Total - Gender","15 years and over","Standard error of estimate","Seasonally adjusted","Persons in thousands","428","thousands","3","v101888000","8.2.1.1.2.1","5.1","","","","1"
"2025-09","Manitoba","2021A000246","Labour force","Total - Gender","15 years and over","Standard error of estimate","Seasonally adjusted","Persons in thousands","428","thousands","3","v101888000","8.2.1.1.2.1","5.1","","","","1"
"2025-10","Manitoba","2021A000246","Labour force","Total - Gender","15 years and over","Standard error of estimate","Seasonally adjusted","Persons in thousands","428","thousands","3","v101888000","8.2.1.1.2.1","5.1","","","","1"
"2025-11","Manitoba","2021A000246","Labour force","Total - Gender","15 years and over","Standard error of estimate","Seasonally adjusted","Persons in thousands","428","thousands","3","v101888000","8.2.1.1.2.1","5.1","","","","1"
"2025-12","Manitoba","2021A000246","Labour force","Total - Gender","15 years and over","Standard error of estimate","Seasonally adjusted","Persons in thousands","428","thousands","3","v101888000","8.2.1.1.2.1","5.1","","","","1"
"2026-01","Manitoba","2021A000246","Labour force","Total - Gender","15 years and over","Standard error of estimate","Seasonally adjusted","Persons in thousands","428","thousands","3","v101888000","8.2.1.1.2.1","5.0","","","","1"
"2026-02","Manitoba","2021A000246","Labour force","Total - Gender","15 years and over","Standard error of estimate","Seasonally adjusted","Persons in thousands","428","thousands","3","v101888000","8.2.1.1.2.1","5.0","","","","1"
"2026-03","Manitoba","2021A000246","Labour force","Total - Gender","15 years and over","Standard error of estimate","Seasonally adjusted","Persons in thousands","428","thousands","3","v101888000","8.2.1.1.2.1","5.0","","","","1"
"2026-04","Manitoba","2021A000246","Labour force","Total - Gender","15 years and over","Standard error of estimate","Seasonally adjusted","Persons in thousands","428","thousands","3","v101888000","8.2.1.1.2.1","5.0","","","","1"
"2026-05","Manitoba","2021A000246","Labour force","Total - Gender","15 years and over","Standard error of estimate","Seasonally adjusted","Persons in thousands","428","thousands","3","v101888000","8.2.1.1.2.1","5.0","","","","1"
"2025-06","Manitoba","2021A000246","Employment","Total - Gender","15 years and over","Estimate","Seasonally adjusted","Persons in thousands","428","thousands","3","v2064134","8.3.1.1.1.1","738.2","","","","1"
"2025-07","Manitoba","2021A000246","Employment","Total - Gender","15 years and over","Estimate","Seasonally adjusted","Persons in thousands","428","thousands","3","v2064134","8.3.1.1.1.1","741.5","","","","1"
"2025-08","Manitoba","2021A000246","Employment","Total - Gender","15 years and over","Estimate","Seasonally adjusted","Persons in thousands","428","thousands","3","v2064134","8.3.1.1.1.1","736.6","","","","1"
"2025-09","Manitoba","2021A000246","Employment","Total - Gender","15 years and over","Estimate","Seasonally adjusted","Persons in thousands","428","thousands","3","v2064134","8.3.1.1.1.1","739.4","","","","1"
"2025-10","Manitoba","2021A000246","Employment","Total - Gender","15 years and over","Estimate","Seasonally adjusted","Persons in thousands","428","thousands","3","v2064134","8.3.1.1.1.1","736.6","","","","1"
"2025-11","Manitoba","2021A000246","Employment","Total - Gender","15 years and over","Estimate","Seasonally adjusted","Persons in thousands","428","thousands","3","v2064134","8.3.1.1.1.1","740.1","","","","1"
"2025-12","Manitoba","2021A000246","Employment","Total - Gender","15 years and over","Estimate","Seasonally adjusted","Persons in thousands","428","thousands","3","v2064134","8.3.1.1.1.1","743.1","","","","1"
"2026-01","Manitoba","2021A000246","Employment","Total - Gender","15 years and over","Estimate","Seasonally adjusted","Persons in thousands","428","thousands","3","v2064134","8.3.1.1.1.1","744.1","","","","1"
"2026-02","Manitoba","2021A000246","Employment","Total - Gender","15 years and over","Estimate","Seasonally adjusted","Persons in thousands","428","thousands","3","v2064134","8.3.1.1.1.1","740.1","","","","1"
"2026-03","Manitoba","2021A000246","Employment","Total - Gender","15 years and over","Estimate","Seasonally adjusted","Persons in thousands","428","thousands","3","v2064134","8.3.1.1.1.1","750.9","","","","1"
"2026-04","Manitoba","2021A000246","Employment","Total - Gender","15 years and over","Estimate","Seasonally adjusted","Persons in thousands","428","thousands","3","v2064134","8.3.1.1.1.1","749.3","","","","1"
"2026-05","Manitoba","2021A000246","Employment","Total - Gender","15 years and over","Estimate","Seasonally adjusted","Persons in thousands","428","thousands","3","v2064134","8.3.1.1.1.1","749.6","","","","1"
"2025-06","Manitoba","2021A000246","Employment","Total - Gender","15 years and over","Estimate","Trend-cycle","Persons in thousands","428","thousands","3","v123339364","8.3.1.1.1.3","736.7","","","","1"
"2025-07","Manitoba","2021A000246","Employment","Total - Gender","15 years and over","Estimate","Trend-cycle","Persons in thousands","428","thousands","3","v123339364","8.3.1.1.1.3","737.5","","","","1"
"2025-08","Manitoba","2021A000246","Employment","Total - Gender","15 years and over","Estimate","Trend-cycle","Persons in thousands","428","thousands","3","v123339364","8.3.1.1.1.3","738.3","","","","1"
"2025-09","Manitoba","2021A000246","Employment","Total - Gender","15 years and over","Estimate","Trend-cycle","Persons in thousands","428","thousands","3","v123339364","8.3.1.1.1.3","738.7","","","","1"
"2025-10","Manitoba","2021A000246","Employment","Total - Gender","15 years and over","Estimate","Trend-cycle","Persons in thousands","428","thousands","3","v123339364","8.3.1.1.1.3","739.2","","","","1"
"2025-11","Manitoba","2021A000246","Employment","Total - Gender","15 years and over","Estimate","Trend-cycle","Persons in thousands","428","thousands","3","v123339364","8.3.1.1.1.3","740.5","","","","1"
"2025-12","Manitoba","2021A000246","Employment","Total - Gender","15 years and over","Estimate","Trend-cycle","Persons in thousands","428","thousands","3","v123339364","8.3.1.1.1.3","741.8","","","","1"
"2026-01","Manitoba","2021A000246","Employment","Total - Gender","15 years and over","Estimate","Trend-cycle","Persons in thousands","428","thousands","3","v123339364","8.3.1.1.1.3","743.6","","","","1"
"2026-02","Manitoba","2021A000246","Employment","Total - Gender","15 years and over","Estimate","Trend-cycle","Persons in thousands","428","thousands","3","v123339364","8.3.1.1.1.3","745.2","","","","1"
"2026-03","Manitoba","2021A000246","Employment","Total - Gender","15 years and over","Estimate","Trend-cycle","Persons in thousands","428","thousands","3","v123339364","8.3.1.1.1.3","746.8","","","","1"
"2026-04","Manitoba","2021A000246","Employment","Total - Gender","15 years and over","Estimate","Trend-cycle","Persons in thousands","428","thousands","3","v123339364","8.3.1.1.1.3","748.0","","","","1"
"2026-05","Manitoba","2021A000246","Employment","Total - Gender","15 years and over","Estimate","Trend-cycle","Persons in thousands","428","thousands","3","v123339364","8.3.1.1.1.3","749.0","","","","1"
"2025-06","Manitoba","2021A000246","Employment","Total - Gender","15 years and over","Standard error of estimate","Seasonally adjusted","Persons in thousands","428","thousands","3","v101888054","8.3.1.1.2.1","5.5","","","","1"
"2025-07","Manitoba","2021A000246","Employment","Total - Gender","15 years and over","Standard error of estimate","Seasonally adjusted","Persons in thousands","428","thousands","3","v101888054","8.3.1.1.2.1","5.3","","","","1"
"2025-08","Manitoba","2021A000246","Employment","Total - Gender","15 years and over","Standard error of estimate","Seasonally adjusted","Persons in thousands","428","thousands","3","v101888054","8.3.1.1.2.1","5.3","","","","1"
"2025-09","Manitoba","2021A000246","Employment","Total - Gender","15 years and over","Standard error of estimate","Seasonally adjusted","Persons in thousands","428","thousands","3","v101888054","8.3.1.1.2.1","5.3","","","","1"
"2025-10","Manitoba","2021A000246","Employment","Total - Gender","15 years and over","Standard error of estimate","Seasonally adjusted","Persons in thousands","428","thousands","3","v101888054","8.3.1.1.2.1","5.3","","","","1"
"2025-11","Manitoba","2021A000246","Employment","Total - Gender","15 years and over","Standard error of estimate","Seasonally adjusted","Persons in thousands","428","thousands","3","v101888054","8.3.1.1.2.1","5.3","","","","1"
"2025-12","Manitoba","2021A000246","Employment","Total - Gender","15 years and over","Standard error of estimate","Seasonally adjusted","Persons in thousands","428","thousands","3","v101888054","8.3.1.1.2.1","5.3","","","","1"
"2026-01","Manitoba","2021A000246","Employment","Total - Gender","15 years and over","Standard error of estimate","Seasonally adjusted","Persons in thousands","428","thousands","3","v101888054","8.3.1.1.2.1","5.3","","","","1"
"2026-02","Manitoba","2021A000246","Employment","Total - Gender","15 years and over","Standard error of estimate","Seasonally adjusted","Persons in thousands","428","thousands","3","v101888054","8.3.1.1.2.1","5.3","","","","1"
"2026-03","Manitoba","2021A000246","Employment","Total - Gender","15 years and over","Standard error of estimate","Seasonally adjusted","Persons in thousands","428","thousands","3","v101888054","8.3.1.1.2.1","5.3","","","","1"
"2026-04","Manitoba","2021A000246","Employment","Total - Gender","15 years and over","Standard error of estimate","Seasonally adjusted","Persons in thousands","428","thousands","3","v101888054","8.3.1.1.2.1","5.3","","","","1"
"2026-05","Manitoba","2021A000246","Employment","Total - Gender","15 years and over","Standard error of estimate","Seasonally adjusted","Persons in thousands","428","thousands","3","v101888054","8.3.1.1.2.1","5.3","","","","1"
"2025-06","Manitoba","2021A000246","Unemployment","Total - Gender","15 years and over","Estimate","Seasonally adjusted","Persons in thousands","428","thousands","3","v2064137","8.6.1.1.1.1","43.3","","","","1"
"2025-07","Manitoba","2021A000246","Unemployment","Total - Gender","15 years and over","Estimate","Seasonally adjusted","Persons in thousands","428","thousands","3","v2064137","8.6.1.1.1.1","43.5","","","","1"
"2025-08","Manitoba","2021A000246","Unemployment","Total - Gender","15 years and over","Estimate","Seasonally adjusted","Persons in thousands","428","thousands","3","v2064137","8.6.1.1.1.1","45.7","","","","1"
"2025-09","Manitoba","2021A000246","Unemployment","Total - Gender","15 years and over","Estimate","Seasonally adjusted","Persons in thousands","428","thousands","3","v2064137","8.6.1.1.1.1","49.1","","","","1"
"2025-10","Manitoba","2021A000246","Unemployment","Total - Gender","15 years and over","Estimate","Seasonally adjusted","Persons in thousands","428","thousands","3","v2064137","8.6.1.1.1.1","46.0","","","","1"
"2025-11","Manitoba","2021A000246","Unemployment","Total - Gender","15 years and over","Estimate","Seasonally adjusted","Persons in thousands","428","thousands","3","v2064137","8.6.1.1.1.1","47.7","","","","1"
"2025-12","Manitoba","2021A000246","Unemployment","Total - Gender","15 years and over","Estimate","Seasonally adjusted","Persons in thousands","428","thousands","3","v2064137","8.6.1.1.1.1","45.0","","","","1"
"2026-01","Manitoba","2021A000246","Unemployment","Total - Gender","15 years and over","Estimate","Seasonally adjusted","Persons in thousands","428","thousands","3","v2064137","8.6.1.1.1.1","49.9","","","","1"
"2026-02","Manitoba","2021A000246","Unemployment","Total - Gender","15 years and over","Estimate","Seasonally adjusted","Persons in thousands","428","thousands","3","v2064137","8.6.1.1.1.1","45.1","","","","1"
"2026-03","Manitoba","2021A000246","Unemployment","Total - Gender","15 years and over","Estimate","Seasonally adjusted","Persons in thousands","428","thousands","3","v2064137","8.6.1.1.1.1","44.6","","","","1"
"2026-04","Manitoba","2021A000246","Unemployment","Total - Gender","15 years and over","Estimate","Seasonally adjusted","Persons in thousands","428","thousands","3","v2064137","8.6.1.1.1.1","39.7","","","","1"
"2026-05","Manitoba","2021A000246","Unemployment","Total - Gender","15 years and over","Estimate","Seasonally adjusted","Persons in thousands","428","thousands","3","v2064137","8.6.1.1.1.1","43.4","","","","1"
"2025-06","Manitoba","2021A000246","Unemployment","Total - Gender","15 years and over","Standard error of estimate","Seasonally adjusted","Persons in thousands","428","thousands","3","v101888204","8.6.1.1.2.1","2.9","","","","1"
"2025-07","Manitoba","2021A000246","Unemployment","Total - Gender","15 years and over","Standard error of estimate","Seasonally adjusted","Persons in thousands","428","thousands","3","v101888204","8.6.1.1.2.1","3.0","","","","1"
"2025-08","Manitoba","2021A000246","Unemployment","Total - Gender","15 years and over","Standard error of estimate","Seasonally adjusted","Persons in thousands","428","thousands","3","v101888204","8.6.1.1.2.1","3.0","","","","1"
"2025-09","Manitoba","2021A000246","Unemployment","Total - Gender","15 years and over","Standard error of estimate","Seasonally adjusted","Persons in thousands","428","thousands","3","v101888204","8.6.1.1.2.1","3.0","","","","1"
"2025-10","Manitoba","2021A000246","Unemployment","Total - Gender","15 years and over","Standard error of estimate","Seasonally adjusted","Persons in thousands","428","thousands","3","v101888204","8.6.1.1.2.1","3.0","","","","1"
"2025-11","Manitoba","2021A000246","Unemployment","Total - Gender","15 years and over","Standard error of estimate","Seasonally adjusted","Persons in thousands","428","thousands","3","v101888204","8.6.1.1.2.1","3.0","","","","1"
"2025-12","Manitoba","2021A000246","Unemployment","Total - Gender","15 years and over","Standard error of estimate","Seasonally adjusted","Persons in thousands","428","thousands","3","v101888204","8.6.1.1.2.1","3.0","","","","1"
"2026-01","Manitoba","2021A000246","Unemployment","Total - Gender","15 years and over","Standard error of estimate","Seasonally adjusted","Persons in thousands","428","thousands","3","v101888204","8.6.1.1.2.1","2.9","","","","1"
"2026-02","Manitoba","2021A000246","Unemployment","Total - Gender","15 years and over","Standard error of estimate","Seasonally adjusted","Persons in thousands","428","thousands","3","v101888204","8.6.1.1.2.1","2.9","","","","1"
"2026-03","Manitoba","2021A000246","Unemployment","Total - Gender","15 years and over","Standard error of estimate","Seasonally adjusted","Persons in thousands","428","thousands","3","v101888204","8.6.1.1.2.1","2.9","","","","1"
"2026-04","Manitoba","2021A000246","Unemployment","Total - Gender","15 years and over","Standard error of estimate","Seasonally adjusted","Persons in thousands","428","thousands","3","v101888204","8.6.1.1.2.1","2.9","","","","1"
"2026-05","Manitoba","2021A000246","Unemployment","Total - Gender","15 years and over","Standard error of estimate","Seasonally adjusted","Persons in thousands","428","thousands","3","v101888204","8.6.1.1.2.1","2.9","","","","1"
"2025-06","Manitoba","2021A000246","Employment rate","Total - Gender","15 years and over","Estimate","Seasonally adjusted","Percent","239","units","0","v2064140","8.9.1.1.1.1","62.9","","","","1"
"2025-07","Manitoba","2021A000246","Employment rate","Total - Gender","15 years and over","Estimate","Seasonally adjusted","Percent","239","units","0","v2064140","8.9.1.1.1.1","63.1","","","","1"
"2025-08","Manitoba","2021A000246","Employment rate","Total - Gender","15 years and over","Estimate","Seasonally adjusted","Percent","239","units","0","v2064140","8.9.1.1.1.1","62.6","","","","1"
"2025-09","Manitoba","2021A000246","Employment rate","Total - Gender","15 years and over","Estimate","Seasonally adjusted","Percent","239","units","0","v2064140","8.9.1.1.1.1","62.7","","","","1"
"2025-10","Manitoba","2021A000246","Employment rate","Total - Gender","15 years and over","Estimate","Seasonally adjusted","Percent","239","units","0","v2064140","8.9.1.1.1.1","62.4","","","","1"
"2025-11","Manitoba","2021A000246","Employment rate","Total - Gender","15 years and over","Estimate","Seasonally adjusted","Percent","239","units","0","v2064140","8.9.1.1.1.1","62.7","","","","1"
"2025-12","Manitoba","2021A000246","Employment rate","Total - Gender","15 years and over","Estimate","Seasonally adjusted","Percent","239","units","0","v2064140","8.9.1.1.1.1","62.9","","","","1"
"2026-01","Manitoba","2021A000246","Employment rate","Total - Gender","15 years and over","Estimate","Seasonally adjusted","Percent","239","units","0","v2064140","8.9.1.1.1.1","62.9","","","","1"
"2026-02","Manitoba","2021A000246","Employment rate","Total - Gender","15 years and over","Estimate","Seasonally adjusted","Percent","239","units","0","v2064140","8.9.1.1.1.1","62.5","","","","1"
"2026-03","Manitoba","2021A000246","Employment rate","Total - Gender","15 years and over","Estimate","Seasonally adjusted","Percent","239","units","0","v2064140","8.9.1.1.1.1","63.4","","","","1"
"2026-04","Manitoba","2021A000246","Employment rate","Total - Gender","15 years and over","Estimate","Seasonally adjusted","Percent","239","units","0","v2064140","8.9.1.1.1.1","63.1","","","","1"
"2026-05","Manitoba","2021A000246","Employment rate","Total - Gender","15 years and over","Estimate","Seasonally adjusted","Percent","239","units","0","v2064140","8.9.1.1.1.1","63.1","","","","1"
"2025-06","Manitoba","2021A000246","Employment rate","Total - Gender","15 years and over","Standard error of estimate","Seasonally adjusted","Percent","239","units","0","v101888366","8.9.1.1.2.1","0.5","","","","1"
"2025-07","Manitoba","2021A000246","Employment rate","Total - Gender","15 years and over","Standard error of estimate","Seasonally adjusted","Percent","239","units","0","v101888366","8.9.1.1.2.1","0.5","","","","1"
"2025-08","Manitoba","2021A000246","Employment rate","Total - Gender","15 years and over","Standard error of estimate","Seasonally adjusted","Percent","239","units","0","v101888366","8.9.1.1.2.1","0.5","","","","1"
"2025-09","Manitoba","2021A000246","Employment rate","Total - Gender","15 years and over","Standard error of estimate","Seasonally adjusted","Percent","239","units","0","v101888366","8.9.1.1.2.1","0.5","","","","1"
"2025-10","Manitoba","2021A000246","Employment rate","Total - Gender","15 years and over","Standard error of estimate","Seasonally adjusted","Percent","239","units","0","v101888366","8.9.1.1.2.1","0.5","","","","1"
"2025-11","Manitoba","2021A000246","Employment rate","Total - Gender","15 years and over","Standard error of estimate","Seasonally adjusted","Percent","239","units","0","v101888366","8.9.1.1.2.1","0.5","","","","1"
"2025-12","Manitoba","2021A000246","Employment rate","Total - Gender","15 years and over","Standard error of estimate","Seasonally adjusted","Percent","239","units","0","v101888366","8.9.1.1.2.1","0.5","","","","1"
"2026-01","Manitoba","2021A000246","Employment rate","Total - Gender","15 years and over","Standard error of estimate","Seasonally adjusted","Percent","239","units","0","v101888366","8.9.1.1.2.1","0.4","","","","1"
"2026-02","Manitoba","2021A000246","Employment rate","Total - Gender","15 years and over","Standard error of estimate","Seasonally adjusted","Percent","239","units","0","v101888366","8.9.1.1.2.1","0.4","","","","1"
"2026-03","Manitoba","2021A000246","Employment rate","Total - Gender","15 years and over","Standard error of estimate","Seasonally adjusted","Percent","239","units","0","v101888366","8.9.1.1.2.1","0.4","","","","1"
"2026-04","Manitoba","2021A000246","Employment rate","Total - Gender","15 years and over","Standard error of estimate","Seasonally adjusted","Percent","239","units","0","v101888366","8.9.1.1.2.1","0.4","","","","1"
"2026-05","Manitoba","2021A000246","Employment rate","Total - Gender","15 years and over","Standard error of estimate","Seasonally adjusted","Percent","239","units","0","v101888366","8.9.1.1.2.1","0.4","","","","1"
"2025-06","Saskatchewan","2021A000247","Population","Total - Gender","15 years and over","Estimate","Seasonally adjusted","Persons in thousands","428","thousands","3","v2064321","9.1.1.1.1.1","965.6","","","","1"
"2025-07","Saskatchewan","2021A000247","Population","Total - Gender","15 years and over","Estimate","Seasonally adjusted","Persons in thousands","428","thousands","3","v2064321","9.1.1.1.1.1","966.9","","","","1"
"2025-08","Saskatchewan","2021A000247","Population","Total - Gender","15 years and over","Estimate","Seasonally adjusted","Persons in thousands","428","thousands","3","v2064321","9.1.1.1.1.1","968.0","","","","1"
"2025-09","Saskatchewan","2021A000247","Population","Total - Gender","15 years and over","Estimate","Seasonally adjusted","Persons in thousands","428","thousands","3","v2064321","9.1.1.1.1.1","969.4","","","","1"
"2025-10","Saskatchewan","2021A000247","Population","Total - Gender","15 years and over","Estimate","Seasonally adjusted","Persons in thousands","428","thousands","3","v2064321","9.1.1.1.1.1","970.7","","","","1"
"2025-11","Saskatchewan","2021A000247","Population","Total - Gender","15 years and over","Estimate","Seasonally adjusted","Persons in thousands","428","thousands","3","v2064321","9.1.1.1.1.1","971.9","","","","1"
"2025-12","Saskatchewan","2021A000247","Population","Total - Gender","15 years and over","Estimate","Seasonally adjusted","Persons in thousands","428","thousands","3","v2064321","9.1.1.1.1.1","973.1","","","","1"
"2026-01","Saskatchewan","2021A000247","Population","Total - Gender","15 years and over","Estimate","Seasonally adjusted","Persons in thousands","428","thousands","3","v2064321","9.1.1.1.1.1","974.3","","","","1"
"2026-02","Saskatchewan","2021A000247","Population","Total - Gender","15 years and over","Estimate","Seasonally adjusted","Persons in thousands","428","thousands","3","v2064321","9.1.1.1.1.1","975.5","","","","1"
"2026-03","Saskatchewan","2021A000247","Population","Total - Gender","15 years and over","Estimate","Seasonally adjusted","Persons in thousands","428","thousands","3","v2064321","9.1.1.1.1.1","977.1","","","","1"
"2026-04","Saskatchewan","2021A000247","Population","Total - Gender","15 years and over","Estimate","Seasonally adjusted","Persons in thousands","428","thousands","3","v2064321","9.1.1.1.1.1","978.6","","","","1"
"2026-05","Saskatchewan","2021A000247","Population","Total - Gender","15 years and over","Estimate","Seasonally adjusted","Persons in thousands","428","thousands","3","v2064321","9.1.1.1.1.1","980.3","","","","1"
"2025-06","Saskatchewan","2021A000247","Labour force","Total - Gender","15 years and over","Estimate","Seasonally adjusted","Persons in thousands","428","thousands","3","v2064322","9.2.1.1.1.1","651.9","","","","1"
"2025-07","Saskatchewan","2021A000247","Labour force","Total - Gender","15 years and over","Estimate","Seasonally adjusted","Persons in thousands","428","thousands","3","v2064322","9.2.1.1.1.1","656.1","","","","1"
"2025-08","Saskatchewan","2021A000247","Labour force","Total - Gender","15 years and over","Estimate","Seasonally adjusted","Persons in thousands","428","thousands","3","v2064322","9.2.1.1.1.1","651.6","","","","1"
"2025-09","Saskatchewan","2021A000247","Labour force","Total - Gender","15 years and over","Estimate","Seasonally adjusted","Persons in thousands","428","thousands","3","v2064322","9.2.1.1.1.1","659.5","","","","1"
"2025-10","Saskatchewan","2021A000247","Labour force","Total - Gender","15 years and over","Estimate","Seasonally adjusted","Persons in thousands","428","thousands","3","v2064322","9.2.1.1.1.1","654.5","","","","1"
"2025-11","Saskatchewan","2021A000247","Labour force","Total - Gender","15 years and over","Estimate","Seasonally adjusted","Persons in thousands","428","thousands","3","v2064322","9.2.1.1.1.1","657.9","","","","1"
"2025-12","Saskatchewan","2021A000247","Labour force","Total - Gender","15 years and over","Estimate","Seasonally adjusted","Persons in thousands","428","thousands","3","v2064322","9.2.1.1.1.1","659.8","","","","1"
"2026-01","Saskatchewan","2021A000247","Labour force","Total - Gender","15 years and over","Estimate","Seasonally adjusted","Persons in thousands","428","thousands","3","v2064322","9.2.1.1.1.1","658.6","","","","1"
"2026-02","Saskatchewan","2021A000247","Labour force","Total - Gender","15 years and over","Estimate","Seasonally adjusted","Persons in thousands","428","thousands","3","v2064322","9.2.1.1.1.1","654.7","","","","1"
"2026-03","Saskatchewan","2021A000247","Labour force","Total - Gender","15 years and over","Estimate","Seasonally adjusted","Persons in thousands","428","thousands","3","v2064322","9.2.1.1.1.1","656.9","","","","1"
"2026-04","Saskatchewan","2021A000247","Labour force","Total - Gender","15 years and over","Estimate","Seasonally adjusted","Persons in thousands","428","thousands","3","v2064322","9.2.1.1.1.1","656.7","","","","1"
"2026-05","Saskatchewan","2021A000247","Labour force","Total - Gender","15 years and over","Estimate","Seasonally adjusted","Persons in thousands","428","thousands","3","v2064322","9.2.1.1.1.1","654.7","","","","1"
"2025-06","Saskatchewan","2021A000247","Labour force","Total - Gender","15 years and over","Standard error of estimate","Seasonally adjusted","Persons in thousands","428","thousands","3","v101888420","9.2.1.1.2.1","4.6","","","","1"
"2025-07","Saskatchewan","2021A000247","Labour force","Total - Gender","15 years and over","Standard error of estimate","Seasonally adjusted","Persons in thousands","428","thousands","3","v101888420","9.2.1.1.2.1","4.4","","","","1"
"2025-08","Saskatchewan","2021A000247","Labour force","Total - Gender","15 years and over","Standard error of estimate","Seasonally adjusted","Persons in thousands","428","thousands","3","v101888420","9.2.1.1.2.1","4.4","","","","1"
"2025-09","Saskatchewan","2021A000247","Labour force","Total - Gender","15 years and over","Standard error of estimate","Seasonally adjusted","Persons in thousands","428","thousands","3","v101888420","9.2.1.1.2.1","4.4","","","","1"
"2025-10","Saskatchewan","2021A000247","Labour force","Total - Gender","15 years and over","Standard error of estimate","Seasonally adjusted","Persons in thousands","428","thousands","3","v101888420","9.2.1.1.2.1","4.4","","","","1"
"2025-11","Saskatchewan","2021A000247","Labour force","Total - Gender","15 years and over","Standard error of estimate","Seasonally adjusted","Persons in thousands","428","thousands","3","v101888420","9.2.1.1.2.1","4.4","","","","1"
"2025-12","Saskatchewan","2021A000247","Labour force","Total - Gender","15 years and over","Standard error of estimate","Seasonally adjusted","Persons in thousands","428","thousands","3","v101888420","9.2.1.1.2.1","4.4","","","","1"
"2026-01","Saskatchewan","2021A000247","Labour force","Total - Gender","15 years and over","Standard error of estimate","Seasonally adjusted","Persons in thousands","428","thousands","3","v101888420","9.2.1.1.2.1","4.4","","","","1"
"2026-02","Saskatchewan","2021A000247","Labour force","Total - Gender","15 years and over","Standard error of estimate","Seasonally adjusted","Persons in thousands","428","thousands","3","v101888420","9.2.1.1.2.1","4.4","","","","1"
"2026-03","Saskatchewan","2021A000247","Labour force","Total - Gender","15 years and over","Standard error of estimate","Seasonally adjusted","Persons in thousands","428","thousands","3","v101888420","9.2.1.1.2.1","4.4","","","","1"
"2026-04","Saskatchewan","2021A000247","Labour force","Total - Gender","15 years and over","Standard error of estimate","Seasonally adjusted","Persons in thousands","428","thousands","3","v101888420","9.2.1.1.2.1","4.4","","","","1"
"2026-05","Saskatchewan","2021A000247","Labour force","Total - Gender","15 years and over","Standard error of estimate","Seasonally adjusted","Persons in thousands","428","thousands","3","v101888420","9.2.1.1.2.1","4.4","","","","1"
"2025-06","Saskatchewan","2021A000247","Employment","Total - Gender","15 years and over","Estimate","Seasonally adjusted","Persons in thousands","428","thousands","3","v2064323","9.3.1.1.1.1","619.8","","","","1"
"2025-07","Saskatchewan","2021A000247","Employment","Total - Gender","15 years and over","Estimate","Seasonally adjusted","Persons in thousands","428","thousands","3","v2064323","9.3.1.1.1.1","623.0","","","","1"
"2025-08","Saskatchewan","2021A000247","Employment","Total - Gender","15 years and over","Estimate","Seasonally adjusted","Persons in thousands","428","thousands","3","v2064323","9.3.1.1.1.1","620.3","","","","1"
"2025-09","Saskatchewan","2021A000247","Employment","Total - Gender","15 years and over","Estimate","Seasonally adjusted","Persons in thousands","428","thousands","3","v2064323","9.3.1.1.1.1","619.8","","","","1"
"2025-10","Saskatchewan","2021A000247","Employment","Total - Gender","15 years and over","Estimate","Seasonally adjusted","Persons in thousands","428","thousands","3","v2064323","9.3.1.1.1.1","618.4","","","","1"
"2025-11","Saskatchewan","2021A000247","Employment","Total - Gender","15 years and over","Estimate","Seasonally adjusted","Persons in thousands","428","thousands","3","v2064323","9.3.1.1.1.1","620.6","","","","1"
"2025-12","Saskatchewan","2021A000247","Employment","Total - Gender","15 years and over","Estimate","Seasonally adjusted","Persons in thousands","428","thousands","3","v2064323","9.3.1.1.1.1","617.5","","","","1"
"2026-01","Saskatchewan","2021A000247","Employment","Total - Gender","15 years and over","Estimate","Seasonally adjusted","Persons in thousands","428","thousands","3","v2064323","9.3.1.1.1.1","623.6","","","","1"
"2026-02","Saskatchewan","2021A000247","Employment","Total - Gender","15 years and over","Estimate","Seasonally adjusted","Persons in thousands","428","thousands","3","v2064323","9.3.1.1.1.1","618.1","","","","1"
"2026-03","Saskatchewan","2021A000247","Employment","Total - Gender","15 years and over","Estimate","Seasonally adjusted","Persons in thousands","428","thousands","3","v2064323","9.3.1.1.1.1","623.9","","","","1"
"2026-04","Saskatchewan","2021A000247","Employment","Total - Gender","15 years and over","Estimate","Seasonally adjusted","Persons in thousands","428","thousands","3","v2064323","9.3.1.1.1.1","619.9","","","","1"
"2026-05","Saskatchewan","2021A000247","Employment","Total - Gender","15 years and over","Estimate","Seasonally adjusted","Persons in thousands","428","thousands","3","v2064323","9.3.1.1.1.1","613.8","","","","1"
"2025-06","Saskatchewan","2021A000247","Employment","Total - Gender","15 years and over","Estimate","Trend-cycle","Persons in thousands","428","thousands","3","v123339365","9.3.1.1.1.3","619.5","","","","1"
"2025-07","Saskatchewan","2021A000247","Employment","Total - Gender","15 years and over","Estimate","Trend-cycle","Persons in thousands","428","thousands","3","v123339365","9.3.1.1.1.3","620.3","","","","1"
"2025-08","Saskatchewan","2021A000247","Employment","Total - Gender","15 years and over","Estimate","Trend-cycle","Persons in thousands","428","thousands","3","v123339365","9.3.1.1.1.3","620.4","","","","1"
"2025-09","Saskatchewan","2021A000247","Employment","Total - Gender","15 years and over","Estimate","Trend-cycle","Persons in thousands","428","thousands","3","v123339365","9.3.1.1.1.3","620.1","","","","1"
"2025-10","Saskatchewan","2021A000247","Employment","Total - Gender","15 years and over","Estimate","Trend-cycle","Persons in thousands","428","thousands","3","v123339365","9.3.1.1.1.3","619.9","","","","1"
"2025-11","Saskatchewan","2021A000247","Employment","Total - Gender","15 years and over","Estimate","Trend-cycle","Persons in thousands","428","thousands","3","v123339365","9.3.1.1.1.3","620.2","","","","1"
"2025-12","Saskatchewan","2021A000247","Employment","Total - Gender","15 years and over","Estimate","Trend-cycle","Persons in thousands","428","thousands","3","v123339365","9.3.1.1.1.3","620.0","","","","1"
"2026-01","Saskatchewan","2021A000247","Employment","Total - Gender","15 years and over","Estimate","Trend-cycle","Persons in thousands","428","thousands","3","v123339365","9.3.1.1.1.3","620.2","","","","1"
"2026-02","Saskatchewan","2021A000247","Employment","Total - Gender","15 years and over","Estimate","Trend-cycle","Persons in thousands","428","thousands","3","v123339365","9.3.1.1.1.3","620.2","","","","1"
"2026-03","Saskatchewan","2021A000247","Employment","Total - Gender","15 years and over","Estimate","Trend-cycle","Persons in thousands","428","thousands","3","v123339365","9.3.1.1.1.3","620.0","","","","1"
"2026-04","Saskatchewan","2021A000247","Employment","Total - Gender","15 years and over","Estimate","Trend-cycle","Persons in thousands","428","thousands","3","v123339365","9.3.1.1.1.3","619.4","","","","1"
"2026-05","Saskatchewan","2021A000247","Employment","Total - Gender","15 years and over","Estimate","Trend-cycle","Persons in thousands","428","thousands","3","v123339365","9.3.1.1.1.3","618.5","","","","1"
"2025-06","Saskatchewan","2021A000247","Employment","Total - Gender","15 years and over","Standard error of estimate","Seasonally adjusted","Persons in thousands","428","thousands","3","v101888474","9.3.1.1.2.1","4.9","","","","1"
"2025-07","Saskatchewan","2021A000247","Employment","Total - Gender","15 years and over","Standard error of estimate","Seasonally adjusted","Persons in thousands","428","thousands","3","v101888474","9.3.1.1.2.1","4.7","","","","1"
"2025-08","Saskatchewan","2021A000247","Employment","Total - Gender","15 years and over","Standard error of estimate","Seasonally adjusted","Persons in thousands","428","thousands","3","v101888474","9.3.1.1.2.1","4.7","","","","1"
"2025-09","Saskatchewan","2021A000247","Employment","Total - Gender","15 years and over","Standard error of estimate","Seasonally adjusted","Persons in thousands","428","thousands","3","v101888474","9.3.1.1.2.1","4.7","","","","1"
"2025-10","Saskatchewan","2021A000247","Employment","Total - Gender","15 years and over","Standard error of estimate","Seasonally adjusted","Persons in thousands","428","thousands","3","v101888474","9.3.1.1.2.1","4.7","","","","1"
"2025-11","Saskatchewan","2021A000247","Employment","Total - Gender","15 years and over","Standard error of estimate","Seasonally adjusted","Persons in thousands","428","thousands","3","v101888474","9.3.1.1.2.1","4.7","","","","1"
"2025-12","Saskatchewan","2021A000247","Employment","Total - Gender","15 years and over","Standard error of estimate","Seasonally adjusted","Persons in thousands","428","thousands","3","v101888474","9.3.1.1.2.1","4.7","","","","1"
"2026-01","Saskatchewan","2021A000247","Employment","Total - Gender","15 years and over","Standard error of estimate","Seasonally adjusted","Persons in thousands","428","thousands","3","v101888474","9.3.1.1.2.1","4.7","","","","1"
"2026-02","Saskatchewan","2021A000247","Employment","Total - Gender","15 years and over","Standard error of estimate","Seasonally adjusted","Persons in thousands","428","thousands","3","v101888474","9.3.1.1.2.1","4.7","","","","1"
"2026-03","Saskatchewan","2021A000247","Employment","Total - Gender","15 years and over","Standard error of estimate","Seasonally adjusted","Persons in thousands","428","thousands","3","v101888474","9.3.1.1.2.1","4.7","","","","1"
"2026-04","Saskatchewan","2021A000247","Employment","Total - Gender","15 years and over","Standard error of estimate","Seasonally adjusted","Persons in thousands","428","thousands","3","v101888474","9.3.1.1.2.1","4.7","","","","1"
"2026-05","Saskatchewan","2021A000247","Employment","Total - Gender","15 years and over","Standard error of estimate","Seasonally adjusted","Persons in thousands","428","thousands","3","v101888474","9.3.1.1.2.1","4.7","","","","1"
"2025-06","Saskatchewan","2021A000247","Unemployment","Total - Gender","15 years and over","Estimate","Seasonally adjusted","Persons in thousands","428","thousands","3","v2064326","9.6.1.1.1.1","32.1","","","","1"
"2025-07","Saskatchewan","2021A000247","Unemployment","Total - Gender","15 years and over","Estimate","Seasonally adjusted","Persons in thousands","428","thousands","3","v2064326","9.6.1.1.1.1","33.2","","","","1"
"2025-08","Saskatchewan","2021A000247","Unemployment","Total - Gender","15 years and over","Estimate","Seasonally adjusted","Persons in thousands","428","thousands","3","v2064326","9.6.1.1.1.1","31.3","","","","1"
"2025-09","Saskatchewan","2021A000247","Unemployment","Total - Gender","15 years and over","Estimate","Seasonally adjusted","Persons in thousands","428","thousands","3","v2064326","9.6.1.1.1.1","39.7","","","","1"
"2025-10","Saskatchewan","2021A000247","Unemployment","Total - Gender","15 years and over","Estimate","Seasonally adjusted","Persons in thousands","428","thousands","3","v2064326","9.6.1.1.1.1","36.1","","","","1"
"2025-11","Saskatchewan","2021A000247","Unemployment","Total - Gender","15 years and over","Estimate","Seasonally adjusted","Persons in thousands","428","thousands","3","v2064326","9.6.1.1.1.1","37.3","","","","1"
"2025-12","Saskatchewan","2021A000247","Unemployment","Total - Gender","15 years and over","Estimate","Seasonally adjusted","Persons in thousands","428","thousands","3","v2064326","9.6.1.1.1.1","42.2","","","","1"
"2026-01","Saskatchewan","2021A000247","Unemployment","Total - Gender","15 years and over","Estimate","Seasonally adjusted","Persons in thousands","428","thousands","3","v2064326","9.6.1.1.1.1","35.0","","","","1"
"2026-02","Saskatchewan","2021A000247","Unemployment","Total - Gender","15 years and over","Estimate","Seasonally adjusted","Persons in thousands","428","thousands","3","v2064326","9.6.1.1.1.1","36.7","","","","1"
"2026-03","Saskatchewan","2021A000247","Unemployment","Total - Gender","15 years and over","Estimate","Seasonally adjusted","Persons in thousands","428","thousands","3","v2064326","9.6.1.1.1.1","33.0","","","","1"
"2026-04","Saskatchewan","2021A000247","Unemployment","Total - Gender","15 years and over","Estimate","Seasonally adjusted","Persons in thousands","428","thousands","3","v2064326","9.6.1.1.1.1","36.9","","","","1"
"2026-05","Saskatchewan","2021A000247","Unemployment","Total - Gender","15 years and over","Estimate","Seasonally adjusted","Persons in thousands","428","thousands","3","v2064326","9.6.1.1.1.1","40.8","","","","1"
"2025-06","Saskatchewan","2021A000247","Unemployment","Total - Gender","15 years and over","Standard error of estimate","Seasonally adjusted","Persons in thousands","428","thousands","3","v101888624","9.6.1.1.2.1","2.3","","","","1"
"2025-07","Saskatchewan","2021A000247","Unemployment","Total - Gender","15 years and over","Standard error of estimate","Seasonally adjusted","Persons in thousands","428","thousands","3","v101888624","9.6.1.1.2.1","2.3","","","","1"
"2025-08","Saskatchewan","2021A000247","Unemployment","Total - Gender","15 years and over","Standard error of estimate","Seasonally adjusted","Persons in thousands","428","thousands","3","v101888624","9.6.1.1.2.1","2.3","","","","1"
"2025-09","Saskatchewan","2021A000247","Unemployment","Total - Gender","15 years and over","Standard error of estimate","Seasonally adjusted","Persons in thousands","428","thousands","3","v101888624","9.6.1.1.2.1","2.3","","","","1"
"2025-10","Saskatchewan","2021A000247","Unemployment","Total - Gender","15 years and over","Standard error of estimate","Seasonally adjusted","Persons in thousands","428","thousands","3","v101888624","9.6.1.1.2.1","2.3","","","","1"
"2025-11","Saskatchewan","2021A000247","Unemployment","Total - Gender","15 years and over","Standard error of estimate","Seasonally adjusted","Persons in thousands","428","thousands","3","v101888624","9.6.1.1.2.1","2.3","","","","1"
"2025-12","Saskatchewan","2021A000247","Unemployment","Total - Gender","15 years and over","Standard error of estimate","Seasonally adjusted","Persons in thousands","428","thousands","3","v101888624","9.6.1.1.2.1","2.3","","","","1"
"2026-01","Saskatchewan","2021A000247","Unemployment","Total - Gender","15 years and over","Standard error of estimate","Seasonally adjusted","Persons in thousands","428","thousands","3","v101888624","9.6.1.1.2.1","2.4","","","","1"
"2026-02","Saskatchewan","2021A000247","Unemployment","Total - Gender","15 years and over","Standard error of estimate","Seasonally adjusted","Persons in thousands","428","thousands","3","v101888624","9.6.1.1.2.1","2.4","","","","1"
"2026-03","Saskatchewan","2021A000247","Unemployment","Total - Gender","15 years and over","Standard error of estimate","Seasonally adjusted","Persons in thousands","428","thousands","3","v101888624","9.6.1.1.2.1","2.4","","","","1"
"2026-04","Saskatchewan","2021A000247","Unemployment","Total - Gender","15 years and over","Standard error of estimate","Seasonally adjusted","Persons in thousands","428","thousands","3","v101888624","9.6.1.1.2.1","2.4","","","","1"
"2026-05","Saskatchewan","2021A000247","Unemployment","Total - Gender","15 years and over","Standard error of estimate","Seasonally adjusted","Persons in thousands","428","thousands","3","v101888624","9.6.1.1.2.1","2.4","","","","1"
"2025-06","Saskatchewan","2021A000247","Employment rate","Total - Gender","15 years and over","Estimate","Seasonally adjusted","Percent","239","units","0","v2064329","9.9.1.1.1.1","64.2","","","","1"
"2025-07","Saskatchewan","2021A000247","Employment rate","Total - Gender","15 years and over","Estimate","Seasonally adjusted","Percent","239","units","0","v2064329","9.9.1.1.1.1","64.4","","","","1"
"2025-08","Saskatchewan","2021A000247","Employment rate","Total - Gender","15 years and over","Estimate","Seasonally adjusted","Percent","239","units","0","v2064329","9.9.1.1.1.1","64.1","","","","1"
"2025-09","Saskatchewan","2021A000247","Employment rate","Total - Gender","15 years and over","Estimate","Seasonally adjusted","Percent","239","units","0","v2064329","9.9.1.1.1.1","63.9","","","","1"
"2025-10","Saskatchewan","2021A000247","Employment rate","Total - Gender","15 years and over","Estimate","Seasonally adjusted","Percent","239","units","0","v2064329","9.9.1.1.1.1","63.7","","","","1"
"2025-11","Saskatchewan","2021A000247","Employment rate","Total - Gender","15 years and over","Estimate","Seasonally adjusted","Percent","239","units","0","v2064329","9.9.1.1.1.1","63.9","","","","1"
"2025-12","Saskatchewan","2021A000247","Employment rate","Total - Gender","15 years and over","Estimate","Seasonally adjusted","Percent","239","units","0","v2064329","9.9.1.1.1.1","63.5","","","","1"
"2026-01","Saskatchewan","2021A000247","Employment rate","Total - Gender","15 years and over","Estimate","Seasonally adjusted","Percent","239","units","0","v2064329","9.9.1.1.1.1","64.0","","","","1"
"2026-02","Saskatchewan","2021A000247","Employment rate","Total - Gender","15 years and over","Estimate","Seasonally adjusted","Percent","239","units","0","v2064329","9.9.1.1.1.1","63.4","","","","1"
"2026-03","Saskatchewan","2021A000247","Employment rate","Total - Gender","15 years and over","Estimate","Seasonally adjusted","Percent","239","units","0","v2064329","9.9.1.1.1.1","63.9","","","","1"
"2026-04","Saskatchewan","2021A000247","Employment rate","Total - Gender","15 years and over","Estimate","Seasonally adjusted","Percent","239","units","0","v2064329","9.9.1.1.1.1","63.3","","","","1"
"2026-05","Saskatchewan","2021A000247","Employment rate","Total - Gender","15 years and over","Estimate","Seasonally adjusted","Percent","239","units","0","v2064329","9.9.1.1.1.1","62.6","","","","1"
"2025-06","Saskatchewan","2021A000247","Employment rate","Total - Gender","15 years and over","Standard error of estimate","Seasonally adjusted","Percent","239","units","0","v101888786","9.9.1.1.2.1","0.5","","","","1"
"2025-07","Saskatchewan","2021A000247","Employment rate","Total - Gender","15 years and over","Standard error of estimate","Seasonally adjusted","Percent","239","units","0","v101888786","9.9.1.1.2.1","0.5","","","","1"
"2025-08","Saskatchewan","2021A000247","Employment rate","Total - Gender","15 years and over","Standard error of estimate","Seasonally adjusted","Percent","239","units","0","v101888786","9.9.1.1.2.1","0.5","","","","1"
"2025-09","Saskatchewan","2021A000247","Employment rate","Total - Gender","15 years and over","Standard error of estimate","Seasonally adjusted","Percent","239","units","0","v101888786","9.9.1.1.2.1","0.5","","","","1"
"2025-10","Saskatchewan","2021A000247","Employment rate","Total - Gender","15 years and over","Standard error of estimate","Seasonally adjusted","Percent","239","units","0","v101888786","9.9.1.1.2.1","0.5","","","","1"
"2025-11","Saskatchewan","2021A000247","Employment rate","Total - Gender","15 years and over","Standard error of estimate","Seasonally adjusted","Percent","239","units","0","v101888786","9.9.1.1.2.1","0.5","","","","1"
"2025-12","Saskatchewan","2021A000247","Employment rate","Total - Gender","15 years and over","Standard error of estimate","Seasonally adjusted","Percent","239","units","0","v101888786","9.9.1.1.2.1","0.5","","","","1"
"2026-01","Saskatchewan","2021A000247","Employment rate","Total - Gender","15 years and over","Standard error of estimate","Seasonally adjusted","Percent","239","units","0","v101888786","9.9.1.1.2.1","0.5","","","","1"
"2026-02","Saskatchewan","2021A000247","Employment rate","Total - Gender","15 years and over","Standard error of estimate","Seasonally adjusted","Percent","239","units","0","v101888786","9.9.1.1.2.1","0.5","","","","1"
"2026-03","Saskatchewan","2021A000247","Employment rate","Total - Gender","15 years and over","Standard error of estimate","Seasonally adjusted","Percent","239","units","0","v101888786","9.9.1.1.2.1","0.5","","","","1"
"2026-04","Saskatchewan","2021A000247","Employment rate","Total - Gender","15 years and over","Standard error of estimate","Seasonally adjusted","Percent","239","units","0","v101888786","9.9.1.1.2.1","0.5","","","","1"
"2026-05","Saskatchewan","2021A000247","Employment rate","Total - Gender","15 years and over","Standard error of estimate","Seasonally adjusted","Percent","239","units","0","v101888786","9.9.1.1.2.1","0.5","","","","1"
"2025-06","Alberta","2021A000248","Population","Total - Gender","15 years and over","Estimate","Seasonally adjusted","Persons in thousands","428","thousands","3","v2064510","10.1.1.1.1.1","4051.6","","","","1"
"2025-07","Alberta","2021A000248","Population","Total - Gender","15 years and over","Estimate","Seasonally adjusted","Persons in thousands","428","thousands","3","v2064510","10.1.1.1.1.1","4060.3","","","","1"
"2025-08","Alberta","2021A000248","Population","Total - Gender","15 years and over","Estimate","Seasonally adjusted","Persons in thousands","428","thousands","3","v2064510","10.1.1.1.1.1","4067.5","","","","1"
"2025-09","Alberta","2021A000248","Population","Total - Gender","15 years and over","Estimate","Seasonally adjusted","Persons in thousands","428","thousands","3","v2064510","10.1.1.1.1.1","4076.7","","","","1"
"2025-10","Alberta","2021A000248","Population","Total - Gender","15 years and over","Estimate","Seasonally adjusted","Persons in thousands","428","thousands","3","v2064510","10.1.1.1.1.1","4085.4","","","","1"
"2025-11","Alberta","2021A000248","Population","Total - Gender","15 years and over","Estimate","Seasonally adjusted","Persons in thousands","428","thousands","3","v2064510","10.1.1.1.1.1","4093.4","","","","1"
"2025-12","Alberta","2021A000248","Population","Total - Gender","15 years and over","Estimate","Seasonally adjusted","Persons in thousands","428","thousands","3","v2064510","10.1.1.1.1.1","4100.4","","","","1"
"2026-01","Alberta","2021A000248","Population","Total - Gender","15 years and over","Estimate","Seasonally adjusted","Persons in thousands","428","thousands","3","v2064510","10.1.1.1.1.1","4107.5","","","","1"
"2026-02","Alberta","2021A000248","Population","Total - Gender","15 years and over","Estimate","Seasonally adjusted","Persons in thousands","428","thousands","3","v2064510","10.1.1.1.1.1","4114.1","","","","1"
"2026-03","Alberta","2021A000248","Population","Total - Gender","15 years and over","Estimate","Seasonally adjusted","Persons in thousands","428","thousands","3","v2064510","10.1.1.1.1.1","4121.0","","","","1"
"2026-04","Alberta","2021A000248","Population","Total - Gender","15 years and over","Estimate","Seasonally adjusted","Persons in thousands","428","thousands","3","v2064510","10.1.1.1.1.1","4127.4","","","","1"
"2026-05","Alberta","2021A000248","Population","Total - Gender","15 years and over","Estimate","Seasonally adjusted","Persons in thousands","428","thousands","3","v2064510","10.1.1.1.1.1","4134.7","","","","1"
"2025-06","Alberta","2021A000248","Labour force","Total - Gender","15 years and over","Estimate","Seasonally adjusted","Persons in thousands","428","thousands","3","v2064511","10.2.1.1.1.1","2789.0","","","","1"
"2025-07","Alberta","2021A000248","Labour force","Total - Gender","15 years and over","Estimate","Seasonally adjusted","Persons in thousands","428","thousands","3","v2064511","10.2.1.1.1.1","2800.0","","","","1"
"2025-08","Alberta","2021A000248","Labour force","Total - Gender","15 years and over","Estimate","Seasonally adjusted","Persons in thousands","428","thousands","3","v2064511","10.2.1.1.1.1","2797.2","","","","1"
"2025-09","Alberta","2021A000248","Labour force","Total - Gender","15 years and over","Estimate","Seasonally adjusted","Persons in thousands","428","thousands","3","v2064511","10.2.1.1.1.1","2826.7","","","","1"
"2025-10","Alberta","2021A000248","Labour force","Total - Gender","15 years and over","Estimate","Seasonally adjusted","Persons in thousands","428","thousands","3","v2064511","10.2.1.1.1.1","2834.7","","","","1"
"2025-11","Alberta","2021A000248","Labour force","Total - Gender","15 years and over","Estimate","Seasonally adjusted","Persons in thousands","428","thousands","3","v2064511","10.2.1.1.1.1","2831.7","","","","1"
"2025-12","Alberta","2021A000248","Labour force","Total - Gender","15 years and over","Estimate","Seasonally adjusted","Persons in thousands","428","thousands","3","v2064511","10.2.1.1.1.1","2820.0","","","","1"
"2026-01","Alberta","2021A000248","Labour force","Total - Gender","15 years and over","Estimate","Seasonally adjusted","Persons in thousands","428","thousands","3","v2064511","10.2.1.1.1.1","2833.3","","","","1"
"2026-02","Alberta","2021A000248","Labour force","Total - Gender","15 years and over","Estimate","Seasonally adjusted","Persons in thousands","428","thousands","3","v2064511","10.2.1.1.1.1","2826.9","","","","1"
"2026-03","Alberta","2021A000248","Labour force","Total - Gender","15 years and over","Estimate","Seasonally adjusted","Persons in thousands","428","thousands","3","v2064511","10.2.1.1.1.1","2840.2","","","","1"
"2026-04","Alberta","2021A000248","Labour force","Total - Gender","15 years and over","Estimate","Seasonally adjusted","Persons in thousands","428","thousands","3","v2064511","10.2.1.1.1.1","2856.5","","","","1"
"2026-05","Alberta","2021A000248","Labour force","Total - Gender","15 years and over","Estimate","Seasonally adjusted","Persons in thousands","428","thousands","3","v2064511","10.2.1.1.1.1","2858.3","","","","1"
"2025-06","Alberta","2021A000248","Labour force","Total - Gender","15 years and over","Standard error of estimate","Seasonally adjusted","Persons in thousands","428","thousands","3","v101888840","10.2.1.1.2.1","18.3","","","","1"
"2025-07","Alberta","2021A000248","Labour force","Total - Gender","15 years and over","Standard error of estimate","Seasonally adjusted","Persons in thousands","428","thousands","3","v101888840","10.2.1.1.2.1","17.9","","","","1"
"2025-08","Alberta","2021A000248","Labour force","Total - Gender","15 years and over","Standard error of estimate","Seasonally adjusted","Persons in thousands","428","thousands","3","v101888840","10.2.1.1.2.1","17.9","","","","1"
"2025-09","Alberta","2021A000248","Labour force","Total - Gender","15 years and over","Standard error of estimate","Seasonally adjusted","Persons in thousands","428","thousands","3","v101888840","10.2.1.1.2.1","17.9","","","","1"
"2025-10","Alberta","2021A000248","Labour force","Total - Gender","15 years and over","Standard error of estimate","Seasonally adjusted","Persons in thousands","428","thousands","3","v101888840","10.2.1.1.2.1","17.9","","","","1"
"2025-11","Alberta","2021A000248","Labour force","Total - Gender","15 years and over","Standard error of estimate","Seasonally adjusted","Persons in thousands","428","thousands","3","v101888840","10.2.1.1.2.1","17.9","","","","1"
"2025-12","Alberta","2021A000248","Labour force","Total - Gender","15 years and over","Standard error of estimate","Seasonally adjusted","Persons in thousands","428","thousands","3","v101888840","10.2.1.1.2.1","17.9","","","","1"
"2026-01","Alberta","2021A000248","Labour force","Total - Gender","15 years and over","Standard error of estimate","Seasonally adjusted","Persons in thousands","428","thousands","3","v101888840","10.2.1.1.2.1","18.0","","","","1"
"2026-02","Alberta","2021A000248","Labour force","Total - Gender","15 years and over","Standard error of estimate","Seasonally adjusted","Persons in thousands","428","thousands","3","v101888840","10.2.1.1.2.1","18.0","","","","1"
"2026-03","Alberta","2021A000248","Labour force","Total - Gender","15 years and over","Standard error of estimate","Seasonally adjusted","Persons in thousands","428","thousands","3","v101888840","10.2.1.1.2.1","18.0","","","","1"
"2026-04","Alberta","2021A000248","Labour force","Total - Gender","15 years and over","Standard error of estimate","Seasonally adjusted","Persons in thousands","428","thousands","3","v101888840","10.2.1.1.2.1","18.0","","","","1"
"2026-05","Alberta","2021A000248","Labour force","Total - Gender","15 years and over","Standard error of estimate","Seasonally adjusted","Persons in thousands","428","thousands","3","v101888840","10.2.1.1.2.1","18.0","","","","1"
"2025-06","Alberta","2021A000248","Employment","Total - Gender","15 years and over","Estimate","Seasonally adjusted","Persons in thousands","428","thousands","3","v2064512","10.3.1.1.1.1","2598.8","","","","1"
"2025-07","Alberta","2021A000248","Employment","Total - Gender","15 years and over","Estimate","Seasonally adjusted","Persons in thousands","428","thousands","3","v2064512","10.3.1.1.1.1","2579.0","","","","1"
"2025-08","Alberta","2021A000248","Employment","Total - Gender","15 years and over","Estimate","Seasonally adjusted","Persons in thousands","428","thousands","3","v2064512","10.3.1.1.1.1","2568.7","","","","1"
"2025-09","Alberta","2021A000248","Employment","Total - Gender","15 years and over","Estimate","Seasonally adjusted","Persons in thousands","428","thousands","3","v2064512","10.3.1.1.1.1","2608.5","","","","1"
"2025-10","Alberta","2021A000248","Employment","Total - Gender","15 years and over","Estimate","Seasonally adjusted","Persons in thousands","428","thousands","3","v2064512","10.3.1.1.1.1","2618.6","","","","1"
"2025-11","Alberta","2021A000248","Employment","Total - Gender","15 years and over","Estimate","Seasonally adjusted","Persons in thousands","428","thousands","3","v2064512","10.3.1.1.1.1","2646.6","","","","1"
"2025-12","Alberta","2021A000248","Employment","Total - Gender","15 years and over","Estimate","Seasonally adjusted","Persons in thousands","428","thousands","3","v2064512","10.3.1.1.1.1","2630.7","","","","1"
"2026-01","Alberta","2021A000248","Employment","Total - Gender","15 years and over","Estimate","Seasonally adjusted","Persons in thousands","428","thousands","3","v2064512","10.3.1.1.1.1","2651.0","","","","1"
"2026-02","Alberta","2021A000248","Employment","Total - Gender","15 years and over","Estimate","Seasonally adjusted","Persons in thousands","428","thousands","3","v2064512","10.3.1.1.1.1","2649.2","","","","1"
"2026-03","Alberta","2021A000248","Employment","Total - Gender","15 years and over","Estimate","Seasonally adjusted","Persons in thousands","428","thousands","3","v2064512","10.3.1.1.1.1","2655.6","","","","1"
"2026-04","Alberta","2021A000248","Employment","Total - Gender","15 years and over","Estimate","Seasonally adjusted","Persons in thousands","428","thousands","3","v2064512","10.3.1.1.1.1","2656.6","","","","1"
"2026-05","Alberta","2021A000248","Employment","Total - Gender","15 years and over","Estimate","Seasonally adjusted","Persons in thousands","428","thousands","3","v2064512","10.3.1.1.1.1","2670.5","","","","1"
"2025-06","Alberta","2021A000248","Employment","Total - Gender","15 years and over","Estimate","Trend-cycle","Persons in thousands","428","thousands","3","v123339366","10.3.1.1.1.3","2577.7","","","","1"
"2025-07","Alberta","2021A000248","Employment","Total - Gender","15 years and over","Estimate","Trend-cycle","Persons in thousands","428","thousands","3","v123339366","10.3.1.1.1.3","2584.5","","","","1"
"2025-08","Alberta","2021A000248","Employment","Total - Gender","15 years and over","Estimate","Trend-cycle","Persons in thousands","428","thousands","3","v123339366","10.3.1.1.1.3","2593.4","","","","1"
"2025-09","Alberta","2021A000248","Employment","Total - Gender","15 years and over","Estimate","Trend-cycle","Persons in thousands","428","thousands","3","v123339366","10.3.1.1.1.3","2605.1","","","","1"
"2025-10","Alberta","2021A000248","Employment","Total - Gender","15 years and over","Estimate","Trend-cycle","Persons in thousands","428","thousands","3","v123339366","10.3.1.1.1.3","2617.1","","","","1"
"2025-11","Alberta","2021A000248","Employment","Total - Gender","15 years and over","Estimate","Trend-cycle","Persons in thousands","428","thousands","3","v123339366","10.3.1.1.1.3","2628.7","","","","1"
"2025-12","Alberta","2021A000248","Employment","Total - Gender","15 years and over","Estimate","Trend-cycle","Persons in thousands","428","thousands","3","v123339366","10.3.1.1.1.3","2638.2","","","","1"
"2026-01","Alberta","2021A000248","Employment","Total - Gender","15 years and over","Estimate","Trend-cycle","Persons in thousands","428","thousands","3","v123339366","10.3.1.1.1.3","2647.0","","","","1"
"2026-02","Alberta","2021A000248","Employment","Total - Gender","15 years and over","Estimate","Trend-cycle","Persons in thousands","428","thousands","3","v123339366","10.3.1.1.1.3","2652.0","","","","1"
"2026-03","Alberta","2021A000248","Employment","Total - Gender","15 years and over","Estimate","Trend-cycle","Persons in thousands","428","thousands","3","v123339366","10.3.1.1.1.3","2655.6","","","","1"
"2026-04","Alberta","2021A000248","Employment","Total - Gender","15 years and over","Estimate","Trend-cycle","Persons in thousands","428","thousands","3","v123339366","10.3.1.1.1.3","2658.3","","","","1"
"2026-05","Alberta","2021A000248","Employment","Total - Gender","15 years and over","Estimate","Trend-cycle","Persons in thousands","428","thousands","3","v123339366","10.3.1.1.1.3","2661.1","","","","1"
"2025-06","Alberta","2021A000248","Employment","Total - Gender","15 years and over","Standard error of estimate","Seasonally adjusted","Persons in thousands","428","thousands","3","v101888894","10.3.1.1.2.1","19.3","","","","1"
"2025-07","Alberta","2021A000248","Employment","Total - Gender","15 years and over","Standard error of estimate","Seasonally adjusted","Persons in thousands","428","thousands","3","v101888894","10.3.1.1.2.1","19.1","","","","1"
"2025-08","Alberta","2021A000248","Employment","Total - Gender","15 years and over","Standard error of estimate","Seasonally adjusted","Persons in thousands","428","thousands","3","v101888894","10.3.1.1.2.1","19.1","","","","1"
"2025-09","Alberta","2021A000248","Employment","Total - Gender","15 years and over","Standard error of estimate","Seasonally adjusted","Persons in thousands","428","thousands","3","v101888894","10.3.1.1.2.1","19.1","","","","1"
"2025-10","Alberta","2021A000248","Employment","Total - Gender","15 years and over","Standard error of estimate","Seasonally adjusted","Persons in thousands","428","thousands","3","v101888894","10.3.1.1.2.1","19.1","","","","1"
"2025-11","Alberta","2021A000248","Employment","Total - Gender","15 years and over","Standard error of estimate","Seasonally adjusted","Persons in thousands","428","thousands","3","v101888894","10.3.1.1.2.1","19.1","","","","1"
"2025-12","Alberta","2021A000248","Employment","Total - Gender","15 years and over","Standard error of estimate","Seasonally adjusted","Persons in thousands","428","thousands","3","v101888894","10.3.1.1.2.1","19.1","","","","1"
"2026-01","Alberta","2021A000248","Employment","Total - Gender","15 years and over","Standard error of estimate","Seasonally adjusted","Persons in thousands","428","thousands","3","v101888894","10.3.1.1.2.1","19.4","","","","1"
"2026-02","Alberta","2021A000248","Employment","Total - Gender","15 years and over","Standard error of estimate","Seasonally adjusted","Persons in thousands","428","thousands","3","v101888894","10.3.1.1.2.1","19.4","","","","1"
"2026-03","Alberta","2021A000248","Employment","Total - Gender","15 years and over","Standard error of estimate","Seasonally adjusted","Persons in thousands","428","thousands","3","v101888894","10.3.1.1.2.1","19.4","","","","1"
"2026-04","Alberta","2021A000248","Employment","Total - Gender","15 years and over","Standard error of estimate","Seasonally adjusted","Persons in thousands","428","thousands","3","v101888894","10.3.1.1.2.1","19.4","","","","1"
"2026-05","Alberta","2021A000248","Employment","Total - Gender","15 years and over","Standard error of estimate","Seasonally adjusted","Persons in thousands","428","thousands","3","v101888894","10.3.1.1.2.1","19.4","","","","1"
"2025-06","Alberta","2021A000248","Unemployment","Total - Gender","15 years and over","Estimate","Seasonally adjusted","Persons in thousands","428","thousands","3","v2064515","10.6.1.1.1.1","190.2","","","","1"
"2025-07","Alberta","2021A000248","Unemployment","Total - Gender","15 years and over","Estimate","Seasonally adjusted","Persons in thousands","428","thousands","3","v2064515","10.6.1.1.1.1","221.1","","","","1"
"2025-08","Alberta","2021A000248","Unemployment","Total - Gender","15 years and over","Estimate","Seasonally adjusted","Persons in thousands","428","thousands","3","v2064515","10.6.1.1.1.1","228.5","","","","1"
"2025-09","Alberta","2021A000248","Unemployment","Total - Gender","15 years and over","Estimate","Seasonally adjusted","Persons in thousands","428","thousands","3","v2064515","10.6.1.1.1.1","218.2","","","","1"
"2025-10","Alberta","2021A000248","Unemployment","Total - Gender","15 years and over","Estimate","Seasonally adjusted","Persons in thousands","428","thousands","3","v2064515","10.6.1.1.1.1","216.1","","","","1"
"2025-11","Alberta","2021A000248","Unemployment","Total - Gender","15 years and over","Estimate","Seasonally adjusted","Persons in thousands","428","thousands","3","v2064515","10.6.1.1.1.1","185.0","","","","1"
"2025-12","Alberta","2021A000248","Unemployment","Total - Gender","15 years and over","Estimate","Seasonally adjusted","Persons in thousands","428","thousands","3","v2064515","10.6.1.1.1.1","189.4","","","","1"
"2026-01","Alberta","2021A000248","Unemployment","Total - Gender","15 years and over","Estimate","Seasonally adjusted","Persons in thousands","428","thousands","3","v2064515","10.6.1.1.1.1","182.3","","","","1"
"2026-02","Alberta","2021A000248","Unemployment","Total - Gender","15 years and over","Estimate","Seasonally adjusted","Persons in thousands","428","thousands","3","v2064515","10.6.1.1.1.1","177.8","","","","1"
"2026-03","Alberta","2021A000248","Unemployment","Total - Gender","15 years and over","Estimate","Seasonally adjusted","Persons in thousands","428","thousands","3","v2064515","10.6.1.1.1.1","184.6","","","","1"
"2026-04","Alberta","2021A000248","Unemployment","Total - Gender","15 years and over","Estimate","Seasonally adjusted","Persons in thousands","428","thousands","3","v2064515","10.6.1.1.1.1","199.9","","","","1"
"2026-05","Alberta","2021A000248","Unemployment","Total - Gender","15 years and over","Estimate","Seasonally adjusted","Persons in thousands","428","thousands","3","v2064515","10.6.1.1.1.1","187.8","","","","1"
"2025-06","Alberta","2021A000248","Unemployment","Total - Gender","15 years and over","Standard error of estimate","Seasonally adjusted","Persons in thousands","428","thousands","3","v101889044","10.6.1.1.2.1","10.9","","","","1"
"2025-07","Alberta","2021A000248","Unemployment","Total - Gender","15 years and over","Standard error of estimate","Seasonally adjusted","Persons in thousands","428","thousands","3","v101889044","10.6.1.1.2.1","11.0","","","","1"
"2025-08","Alberta","2021A000248","Unemployment","Total - Gender","15 years and over","Standard error of estimate","Seasonally adjusted","Persons in thousands","428","thousands","3","v101889044","10.6.1.1.2.1","11.0","","","","1"
"2025-09","Alberta","2021A000248","Unemployment","Total - Gender","15 years and over","Standard error of estimate","Seasonally adjusted","Persons in thousands","428","thousands","3","v101889044","10.6.1.1.2.1","11.0","","","","1"
"2025-10","Alberta","2021A000248","Unemployment","Total - Gender","15 years and over","Standard error of estimate","Seasonally adjusted","Persons in thousands","428","thousands","3","v101889044","10.6.1.1.2.1","11.0","","","","1"
"2025-11","Alberta","2021A000248","Unemployment","Total - Gender","15 years and over","Standard error of estimate","Seasonally adjusted","Persons in thousands","428","thousands","3","v101889044","10.6.1.1.2.1","11.0","","","","1"
"2025-12","Alberta","2021A000248","Unemployment","Total - Gender","15 years and over","Standard error of estimate","Seasonally adjusted","Persons in thousands","428","thousands","3","v101889044","10.6.1.1.2.1","11.0","","","","1"
"2026-01","Alberta","2021A000248","Unemployment","Total - Gender","15 years and over","Standard error of estimate","Seasonally adjusted","Persons in thousands","428","thousands","3","v101889044","10.6.1.1.2.1","11.6","","","","1"
"2026-02","Alberta","2021A000248","Unemployment","Total - Gender","15 years and over","Standard error of estimate","Seasonally adjusted","Persons in thousands","428","thousands","3","v101889044","10.6.1.1.2.1","11.6","","","","1"
"2026-03","Alberta","2021A000248","Unemployment","Total - Gender","15 years and over","Standard error of estimate","Seasonally adjusted","Persons in thousands","428","thousands","3","v101889044","10.6.1.1.2.1","11.6","","","","1"
"2026-04","Alberta","2021A000248","Unemployment","Total - Gender","15 years and over","Standard error of estimate","Seasonally adjusted","Persons in thousands","428","thousands","3","v101889044","10.6.1.1.2.1","11.6","","","","1"
"2026-05","Alberta","2021A000248","Unemployment","Total - Gender","15 years and over","Standard error of estimate","Seasonally adjusted","Persons in thousands","428","thousands","3","v101889044","10.6.1.1.2.1","11.6","","","","1"
"2025-06","Alberta","2021A000248","Employment rate","Total - Gender","15 years and over","Estimate","Seasonally adjusted","Percent","239","units","0","v2064518","10.9.1.1.1.1","64.1","","","","1"
"2025-07","Alberta","2021A000248","Employment rate","Total - Gender","15 years and over","Estimate","Seasonally adjusted","Percent","239","units","0","v2064518","10.9.1.1.1.1","63.5","","","","1"
"2025-08","Alberta","2021A000248","Employment rate","Total - Gender","15 years and over","Estimate","Seasonally adjusted","Percent","239","units","0","v2064518","10.9.1.1.1.1","63.2","","","","1"
"2025-09","Alberta","2021A000248","Employment rate","Total - Gender","15 years and over","Estimate","Seasonally adjusted","Percent","239","units","0","v2064518","10.9.1.1.1.1","64.0","","","","1"
"2025-10","Alberta","2021A000248","Employment rate","Total - Gender","15 years and over","Estimate","Seasonally adjusted","Percent","239","units","0","v2064518","10.9.1.1.1.1","64.1","","","","1"
"2025-11","Alberta","2021A000248","Employment rate","Total - Gender","15 years and over","Estimate","Seasonally adjusted","Percent","239","units","0","v2064518","10.9.1.1.1.1","64.7","","","","1"
"2025-12","Alberta","2021A000248","Employment rate","Total - Gender","15 years and over","Estimate","Seasonally adjusted","Percent","239","units","0","v2064518","10.9.1.1.1.1","64.2","","","","1"
"2026-01","Alberta","2021A000248","Employment rate","Total - Gender","15 years and over","Estimate","Seasonally adjusted","Percent","239","units","0","v2064518","10.9.1.1.1.1","64.5","","","","1"
"2026-02","Alberta","2021A000248","Employment rate","Total - Gender","15 years and over","Estimate","Seasonally adjusted","Percent","239","units","0","v2064518","10.9.1.1.1.1","64.4","","","","1"
"2026-03","Alberta","2021A000248","Employment rate","Total - Gender","15 years and over","Estimate","Seasonally adjusted","Percent","239","units","0","v2064518","10.9.1.1.1.1","64.4","","","","1"
"2026-04","Alberta","2021A000248","Employment rate","Total - Gender","15 years and over","Estimate","Seasonally adjusted","Percent","239","units","0","v2064518","10.9.1.1.1.1","64.4","","","","1"
"2026-05","Alberta","2021A000248","Employment rate","Total - Gender","15 years and over","Estimate","Seasonally adjusted","Percent","239","units","0","v2064518","10.9.1.1.1.1","64.6","","","","1"
"2025-06","Alberta","2021A000248","Employment rate","Total - Gender","15 years and over","Standard error of estimate","Seasonally adjusted","Percent","239","units","0","v101889206","10.9.1.1.2.1","0.5","","","","1"
"2025-07","Alberta","2021A000248","Employment rate","Total - Gender","15 years and over","Standard error of estimate","Seasonally adjusted","Percent","239","units","0","v101889206","10.9.1.1.2.1","0.5","","","","1"
"2025-08","Alberta","2021A000248","Employment rate","Total - Gender","15 years and over","Standard error of estimate","Seasonally adjusted","Percent","239","units","0","v101889206","10.9.1.1.2.1","0.5","","","","1"
"2025-09","Alberta","2021A000248","Employment rate","Total - Gender","15 years and over","Standard error of estimate","Seasonally adjusted","Percent","239","units","0","v101889206","10.9.1.1.2.1","0.5","","","","1"
"2025-10","Alberta","2021A000248","Employment rate","Total - Gender","15 years and over","Standard error of estimate","Seasonally adjusted","Percent","239","units","0","v101889206","10.9.1.1.2.1","0.5","","","","1"
"2025-11","Alberta","2021A000248","Employment rate","Total - Gender","15 years and over","Standard error of estimate","Seasonally adjusted","Percent","239","units","0","v101889206","10.9.1.1.2.1","0.5","","","","1"
"2025-12","Alberta","2021A000248","Employment rate","Total - Gender","15 years and over","Standard error of estimate","Seasonally adjusted","Percent","239","units","0","v101889206","10.9.1.1.2.1","0.5","","","","1"
"2026-01","Alberta","2021A000248","Employment rate","Total - Gender","15 years and over","Standard error of estimate","Seasonally adjusted","Percent","239","units","0","v101889206","10.9.1.1.2.1","0.5","","","","1"
"2026-02","Alberta","2021A000248","Employment rate","Total - Gender","15 years and over","Standard error of estimate","Seasonally adjusted","Percent","239","units","0","v101889206","10.9.1.1.2.1","0.5","","","","1"
"2026-03","Alberta","2021A000248","Employment rate","Total - Gender","15 years and over","Standard error of estimate","Seasonally adjusted","Percent","239","units","0","v101889206","10.9.1.1.2.1","0.5","","","","1"
"2026-04","Alberta","2021A000248","Employment rate","Total - Gender","15 years and over","Standard error of estimate","Seasonally adjusted","Percent","239","units","0","v101889206","10.9.1.1.2.1","0.5","","","","1"
"2026-05","Alberta","2021A000248","Employment rate","Total - Gender","15 years and over","Standard error of estimate","Seasonally adjusted","Percent","239","units","0","v101889206","10.9.1.1.2.1","0.5","","","","1"
"2025-06","British Columbia","2021A000259","Population","Total - Gender","15 years and over","Estimate","Seasonally adjusted","Persons in thousands","428","thousands","3","v2064699","11.1.1.1.1.1","4837.2","","","","1"
"2025-07","British Columbia","2021A000259","Population","Total - Gender","15 years and over","Estimate","Seasonally adjusted","Persons in thousands","428","thousands","3","v2064699","11.1.1.1.1.1","4842.4","","","","1"
"2025-08","British Columbia","2021A000259","Population","Total - Gender","15 years and over","Estimate","Seasonally adjusted","Persons in thousands","428","thousands","3","v2064699","11.1.1.1.1.1","4846.2","","","","1"
"2025-09","British Columbia","2021A000259","Population","Total - Gender","15 years and over","Estimate","Seasonally adjusted","Persons in thousands","428","thousands","3","v2064699","11.1.1.1.1.1","4848.1","","","","1"
"2025-10","British Columbia","2021A000259","Population","Total - Gender","15 years and over","Estimate","Seasonally adjusted","Persons in thousands","428","thousands","3","v2064699","11.1.1.1.1.1","4848.7","","","","1"
"2025-11","British Columbia","2021A000259","Population","Total - Gender","15 years and over","Estimate","Seasonally adjusted","Persons in thousands","428","thousands","3","v2064699","11.1.1.1.1.1","4848.3","","","","1"
"2025-12","British Columbia","2021A000259","Population","Total - Gender","15 years and over","Estimate","Seasonally adjusted","Persons in thousands","428","thousands","3","v2064699","11.1.1.1.1.1","4847.0","","","","1"
"2026-01","British Columbia","2021A000259","Population","Total - Gender","15 years and over","Estimate","Seasonally adjusted","Persons in thousands","428","thousands","3","v2064699","11.1.1.1.1.1","4844.0","","","","1"
"2026-02","British Columbia","2021A000259","Population","Total - Gender","15 years and over","Estimate","Seasonally adjusted","Persons in thousands","428","thousands","3","v2064699","11.1.1.1.1.1","4841.7","","","","1"
"2026-03","British Columbia","2021A000259","Population","Total - Gender","15 years and over","Estimate","Seasonally adjusted","Persons in thousands","428","thousands","3","v2064699","11.1.1.1.1.1","4840.3","","","","1"
"2026-04","British Columbia","2021A000259","Population","Total - Gender","15 years and over","Estimate","Seasonally adjusted","Persons in thousands","428","thousands","3","v2064699","11.1.1.1.1.1","4838.5","","","","1"
"2026-05","British Columbia","2021A000259","Population","Total - Gender","15 years and over","Estimate","Seasonally adjusted","Persons in thousands","428","thousands","3","v2064699","11.1.1.1.1.1","4838.0","","","","1"
"2025-06","British Columbia","2021A000259","Labour force","Total - Gender","15 years and over","Estimate","Seasonally adjusted","Persons in thousands","428","thousands","3","v2064700","11.2.1.1.1.1","3140.7","","","","1"
"2025-07","British Columbia","2021A000259","Labour force","Total - Gender","15 years and over","Estimate","Seasonally adjusted","Persons in thousands","428","thousands","3","v2064700","11.2.1.1.1.1","3139.5","","","","1"
"2025-08","British Columbia","2021A000259","Labour force","Total - Gender","15 years and over","Estimate","Seasonally adjusted","Persons in thousands","428","thousands","3","v2064700","11.2.1.1.1.1","3133.5","","","","1"
"2025-09","British Columbia","2021A000259","Labour force","Total - Gender","15 years and over","Estimate","Seasonally adjusted","Persons in thousands","428","thousands","3","v2064700","11.2.1.1.1.1","3144.4","","","","1"
"2025-10","British Columbia","2021A000259","Labour force","Total - Gender","15 years and over","Estimate","Seasonally adjusted","Persons in thousands","428","thousands","3","v2064700","11.2.1.1.1.1","3149.5","","","","1"
"2025-11","British Columbia","2021A000259","Labour force","Total - Gender","15 years and over","Estimate","Seasonally adjusted","Persons in thousands","428","thousands","3","v2064700","11.2.1.1.1.1","3152.5","","","","1"
"2025-12","British Columbia","2021A000259","Labour force","Total - Gender","15 years and over","Estimate","Seasonally adjusted","Persons in thousands","428","thousands","3","v2064700","11.2.1.1.1.1","3143.7","","","","1"
"2026-01","British Columbia","2021A000259","Labour force","Total - Gender","15 years and over","Estimate","Seasonally adjusted","Persons in thousands","428","thousands","3","v2064700","11.2.1.1.1.1","3138.1","","","","1"
"2026-02","British Columbia","2021A000259","Labour force","Total - Gender","15 years and over","Estimate","Seasonally adjusted","Persons in thousands","428","thousands","3","v2064700","11.2.1.1.1.1","3118.1","","","","1"
"2026-03","British Columbia","2021A000259","Labour force","Total - Gender","15 years and over","Estimate","Seasonally adjusted","Persons in thousands","428","thousands","3","v2064700","11.2.1.1.1.1","3118.1","","","","1"
"2026-04","British Columbia","2021A000259","Labour force","Total - Gender","15 years and over","Estimate","Seasonally adjusted","Persons in thousands","428","thousands","3","v2064700","11.2.1.1.1.1","3114.6","","","","1"
"2026-05","British Columbia","2021A000259","Labour force","Total - Gender","15 years and over","Estimate","Seasonally adjusted","Persons in thousands","428","thousands","3","v2064700","11.2.1.1.1.1","3141.3","","","","1"
"2025-06","British Columbia","2021A000259","Labour force","Total - Gender","15 years and over","Standard error of estimate","Seasonally adjusted","Persons in thousands","428","thousands","3","v101889260","11.2.1.1.2.1","17.6","","","","1"
"2025-07","British Columbia","2021A000259","Labour force","Total - Gender","15 years and over","Standard error of estimate","Seasonally adjusted","Persons in thousands","428","thousands","3","v101889260","11.2.1.1.2.1","17.3","","","","1"
"2025-08","British Columbia","2021A000259","Labour force","Total - Gender","15 years and over","Standard error of estimate","Seasonally adjusted","Persons in thousands","428","thousands","3","v101889260","11.2.1.1.2.1","17.3","","","","1"
"2025-09","British Columbia","2021A000259","Labour force","Total - Gender","15 years and over","Standard error of estimate","Seasonally adjusted","Persons in thousands","428","thousands","3","v101889260","11.2.1.1.2.1","17.3","","","","1"
"2025-10","British Columbia","2021A000259","Labour force","Total - Gender","15 years and over","Standard error of estimate","Seasonally adjusted","Persons in thousands","428","thousands","3","v101889260","11.2.1.1.2.1","17.3","","","","1"
"2025-11","British Columbia","2021A000259","Labour force","Total - Gender","15 years and over","Standard error of estimate","Seasonally adjusted","Persons in thousands","428","thousands","3","v101889260","11.2.1.1.2.1","17.3","","","","1"
"2025-12","British Columbia","2021A000259","Labour force","Total - Gender","15 years and over","Standard error of estimate","Seasonally adjusted","Persons in thousands","428","thousands","3","v101889260","11.2.1.1.2.1","17.3","","","","1"
"2026-01","British Columbia","2021A000259","Labour force","Total - Gender","15 years and over","Standard error of estimate","Seasonally adjusted","Persons in thousands","428","thousands","3","v101889260","11.2.1.1.2.1","17.2","","","","1"
"2026-02","British Columbia","2021A000259","Labour force","Total - Gender","15 years and over","Standard error of estimate","Seasonally adjusted","Persons in thousands","428","thousands","3","v101889260","11.2.1.1.2.1","17.2","","","","1"
"2026-03","British Columbia","2021A000259","Labour force","Total - Gender","15 years and over","Standard error of estimate","Seasonally adjusted","Persons in thousands","428","thousands","3","v101889260","11.2.1.1.2.1","17.2","","","","1"
"2026-04","British Columbia","2021A000259","Labour force","Total - Gender","15 years and over","Standard error of estimate","Seasonally adjusted","Persons in thousands","428","thousands","3","v101889260","11.2.1.1.2.1","17.2","","","","1"
"2026-05","British Columbia","2021A000259","Labour force","Total - Gender","15 years and over","Standard error of estimate","Seasonally adjusted","Persons in thousands","428","thousands","3","v101889260","11.2.1.1.2.1","17.2","","","","1"
"2025-06","British Columbia","2021A000259","Employment","Total - Gender","15 years and over","Estimate","Seasonally adjusted","Persons in thousands","428","thousands","3","v2064701","11.3.1.1.1.1","2960.6","","","","1"
"2025-07","British Columbia","2021A000259","Employment","Total - Gender","15 years and over","Estimate","Seasonally adjusted","Persons in thousands","428","thousands","3","v2064701","11.3.1.1.1.1","2952.4","","","","1"
"2025-08","British Columbia","2021A000259","Employment","Total - Gender","15 years and over","Estimate","Seasonally adjusted","Persons in thousands","428","thousands","3","v2064701","11.3.1.1.1.1","2935.4","","","","1"
"2025-09","British Columbia","2021A000259","Employment","Total - Gender","15 years and over","Estimate","Seasonally adjusted","Persons in thousands","428","thousands","3","v2064701","11.3.1.1.1.1","2943.5","","","","1"
"2025-10","British Columbia","2021A000259","Employment","Total - Gender","15 years and over","Estimate","Seasonally adjusted","Persons in thousands","428","thousands","3","v2064701","11.3.1.1.1.1","2940.5","","","","1"
"2025-11","British Columbia","2021A000259","Employment","Total - Gender","15 years and over","Estimate","Seasonally adjusted","Persons in thousands","428","thousands","3","v2064701","11.3.1.1.1.1","2949.5","","","","1"
"2025-12","British Columbia","2021A000259","Employment","Total - Gender","15 years and over","Estimate","Seasonally adjusted","Persons in thousands","428","thousands","3","v2064701","11.3.1.1.1.1","2944.1","","","","1"
"2026-01","British Columbia","2021A000259","Employment","Total - Gender","15 years and over","Estimate","Seasonally adjusted","Persons in thousands","428","thousands","3","v2064701","11.3.1.1.1.1","2947.6","","","","1"
"2026-02","British Columbia","2021A000259","Employment","Total - Gender","15 years and over","Estimate","Seasonally adjusted","Persons in thousands","428","thousands","3","v2064701","11.3.1.1.1.1","2927.4","","","","1"
"2026-03","British Columbia","2021A000259","Employment","Total - Gender","15 years and over","Estimate","Seasonally adjusted","Persons in thousands","428","thousands","3","v2064701","11.3.1.1.1.1","2908.2","","","","1"
"2026-04","British Columbia","2021A000259","Employment","Total - Gender","15 years and over","Estimate","Seasonally adjusted","Persons in thousands","428","thousands","3","v2064701","11.3.1.1.1.1","2903.9","","","","1"
"2026-05","British Columbia","2021A000259","Employment","Total - Gender","15 years and over","Estimate","Seasonally adjusted","Persons in thousands","428","thousands","3","v2064701","11.3.1.1.1.1","2929.1","","","","1"
"2025-06","British Columbia","2021A000259","Employment","Total - Gender","15 years and over","Estimate","Trend-cycle","Persons in thousands","428","thousands","3","v123339367","11.3.1.1.1.3","2951.8","","","","1"
"2025-07","British Columbia","2021A000259","Employment","Total - Gender","15 years and over","Estimate","Trend-cycle","Persons in thousands","428","thousands","3","v123339367","11.3.1.1.1.3","2949.4","","","","1"
"2025-08","British Columbia","2021A000259","Employment","Total - Gender","15 years and over","Estimate","Trend-cycle","Persons in thousands","428","thousands","3","v123339367","11.3.1.1.1.3","2947.4","","","","1"
"2025-09","British Columbia","2021A000259","Employment","Total - Gender","15 years and over","Estimate","Trend-cycle","Persons in thousands","428","thousands","3","v123339367","11.3.1.1.1.3","2946.2","","","","1"
"2025-10","British Columbia","2021A000259","Employment","Total - Gender","15 years and over","Estimate","Trend-cycle","Persons in thousands","428","thousands","3","v123339367","11.3.1.1.1.3","2944.9","","","","1"
"2025-11","British Columbia","2021A000259","Employment","Total - Gender","15 years and over","Estimate","Trend-cycle","Persons in thousands","428","thousands","3","v123339367","11.3.1.1.1.3","2942.6","","","","1"
"2025-12","British Columbia","2021A000259","Employment","Total - Gender","15 years and over","Estimate","Trend-cycle","Persons in thousands","428","thousands","3","v123339367","11.3.1.1.1.3","2938.8","","","","1"
"2026-01","British Columbia","2021A000259","Employment","Total - Gender","15 years and over","Estimate","Trend-cycle","Persons in thousands","428","thousands","3","v123339367","11.3.1.1.1.3","2934.3","","","","1"
"2026-02","British Columbia","2021A000259","Employment","Total - Gender","15 years and over","Estimate","Trend-cycle","Persons in thousands","428","thousands","3","v123339367","11.3.1.1.1.3","2928.3","","","","1"
"2026-03","British Columbia","2021A000259","Employment","Total - Gender","15 years and over","Estimate","Trend-cycle","Persons in thousands","428","thousands","3","v123339367","11.3.1.1.1.3","2922.6","","","","1"
"2026-04","British Columbia","2021A000259","Employment","Total - Gender","15 years and over","Estimate","Trend-cycle","Persons in thousands","428","thousands","3","v123339367","11.3.1.1.1.3","2918.4","","","","1"
"2026-05","British Columbia","2021A000259","Employment","Total - Gender","15 years and over","Estimate","Trend-cycle","Persons in thousands","428","thousands","3","v123339367","11.3.1.1.1.3","2916.4","","","","1"
"2025-06","British Columbia","2021A000259","Employment","Total - Gender","15 years and over","Standard error of estimate","Seasonally adjusted","Persons in thousands","428","thousands","3","v101889314","11.3.1.1.2.1","18.4","","","","1"
"2025-07","British Columbia","2021A000259","Employment","Total - Gender","15 years and over","Standard error of estimate","Seasonally adjusted","Persons in thousands","428","thousands","3","v101889314","11.3.1.1.2.1","18.2","","","","1"
"2025-08","British Columbia","2021A000259","Employment","Total - Gender","15 years and over","Standard error of estimate","Seasonally adjusted","Persons in thousands","428","thousands","3","v101889314","11.3.1.1.2.1","18.2","","","","1"
"2025-09","British Columbia","2021A000259","Employment","Total - Gender","15 years and over","Standard error of estimate","Seasonally adjusted","Persons in thousands","428","thousands","3","v101889314","11.3.1.1.2.1","18.2","","","","1"
"2025-10","British Columbia","2021A000259","Employment","Total - Gender","15 years and over","Standard error of estimate","Seasonally adjusted","Persons in thousands","428","thousands","3","v101889314","11.3.1.1.2.1","18.2","","","","1"
"2025-11","British Columbia","2021A000259","Employment","Total - Gender","15 years and over","Standard error of estimate","Seasonally adjusted","Persons in thousands","428","thousands","3","v101889314","11.3.1.1.2.1","18.2","","","","1"
"2025-12","British Columbia","2021A000259","Employment","Total - Gender","15 years and over","Standard error of estimate","Seasonally adjusted","Persons in thousands","428","thousands","3","v101889314","11.3.1.1.2.1","18.2","","","","1"
"2026-01","British Columbia","2021A000259","Employment","Total - Gender","15 years and over","Standard error of estimate","Seasonally adjusted","Persons in thousands","428","thousands","3","v101889314","11.3.1.1.2.1","18.1","","","","1"
"2026-02","British Columbia","2021A000259","Employment","Total - Gender","15 years and over","Standard error of estimate","Seasonally adjusted","Persons in thousands","428","thousands","3","v101889314","11.3.1.1.2.1","18.1","","","","1"
"2026-03","British Columbia","2021A000259","Employment","Total - Gender","15 years and over","Standard error of estimate","Seasonally adjusted","Persons in thousands","428","thousands","3","v101889314","11.3.1.1.2.1","18.1","","","","1"
"2026-04","British Columbia","2021A000259","Employment","Total - Gender","15 years and over","Standard error of estimate","Seasonally adjusted","Persons in thousands","428","thousands","3","v101889314","11.3.1.1.2.1","18.1","","","","1"
"2026-05","British Columbia","2021A000259","Employment","Total - Gender","15 years and over","Standard error of estimate","Seasonally adjusted","Persons in thousands","428","thousands","3","v101889314","11.3.1.1.2.1","18.1","","","","1"
"2025-06","British Columbia","2021A000259","Unemployment","Total - Gender","15 years and over","Estimate","Seasonally adjusted","Persons in thousands","428","thousands","3","v2064704","11.6.1.1.1.1","180.1","","","","1"
"2025-07","British Columbia","2021A000259","Unemployment","Total - Gender","15 years and over","Estimate","Seasonally adjusted","Persons in thousands","428","thousands","3","v2064704","11.6.1.1.1.1","187.2","","","","1"
"2025-08","British Columbia","2021A000259","Unemployment","Total - Gender","15 years and over","Estimate","Seasonally adjusted","Persons in thousands","428","thousands","3","v2064704","11.6.1.1.1.1","198.1","","","","1"
"2025-09","British Columbia","2021A000259","Unemployment","Total - Gender","15 years and over","Estimate","Seasonally adjusted","Persons in thousands","428","thousands","3","v2064704","11.6.1.1.1.1","200.9","","","","1"
"2025-10","British Columbia","2021A000259","Unemployment","Total - Gender","15 years and over","Estimate","Seasonally adjusted","Persons in thousands","428","thousands","3","v2064704","11.6.1.1.1.1","208.9","","","","1"
"2025-11","British Columbia","2021A000259","Unemployment","Total - Gender","15 years and over","Estimate","Seasonally adjusted","Persons in thousands","428","thousands","3","v2064704","11.6.1.1.1.1","203.0","","","","1"
"2025-12","British Columbia","2021A000259","Unemployment","Total - Gender","15 years and over","Estimate","Seasonally adjusted","Persons in thousands","428","thousands","3","v2064704","11.6.1.1.1.1","199.6","","","","1"
"2026-01","British Columbia","2021A000259","Unemployment","Total - Gender","15 years and over","Estimate","Seasonally adjusted","Persons in thousands","428","thousands","3","v2064704","11.6.1.1.1.1","190.4","","","","1"
"2026-02","British Columbia","2021A000259","Unemployment","Total - Gender","15 years and over","Estimate","Seasonally adjusted","Persons in thousands","428","thousands","3","v2064704","11.6.1.1.1.1","190.7","","","","1"
"2026-03","British Columbia","2021A000259","Unemployment","Total - Gender","15 years and over","Estimate","Seasonally adjusted","Persons in thousands","428","thousands","3","v2064704","11.6.1.1.1.1","209.8","","","","1"
"2026-04","British Columbia","2021A000259","Unemployment","Total - Gender","15 years and over","Estimate","Seasonally adjusted","Persons in thousands","428","thousands","3","v2064704","11.6.1.1.1.1","210.7","","","","1"
"2026-05","British Columbia","2021A000259","Unemployment","Total - Gender","15 years and over","Estimate","Seasonally adjusted","Persons in thousands","428","thousands","3","v2064704","11.6.1.1.1.1","212.2","","","","1"
"2025-06","British Columbia","2021A000259","Unemployment","Total - Gender","15 years and over","Standard error of estimate","Seasonally adjusted","Persons in thousands","428","thousands","3","v101889464","11.6.1.1.2.1","9.0","","","","1"
"2025-07","British Columbia","2021A000259","Unemployment","Total - Gender","15 years and over","Standard error of estimate","Seasonally adjusted","Persons in thousands","428","thousands","3","v101889464","11.6.1.1.2.1","9.6","","","","1"
"2025-08","British Columbia","2021A000259","Unemployment","Total - Gender","15 years and over","Standard error of estimate","Seasonally adjusted","Persons in thousands","428","thousands","3","v101889464","11.6.1.1.2.1","9.6","","","","1"
"2025-09","British Columbia","2021A000259","Unemployment","Total - Gender","15 years and over","Standard error of estimate","Seasonally adjusted","Persons in thousands","428","thousands","3","v101889464","11.6.1.1.2.1","9.6","","","","1"
"2025-10","British Columbia","2021A000259","Unemployment","Total - Gender","15 years and over","Standard error of estimate","Seasonally adjusted","Persons in thousands","428","thousands","3","v101889464","11.6.1.1.2.1","9.6","","","","1"
"2025-11","British Columbia","2021A000259","Unemployment","Total - Gender","15 years and over","Standard error of estimate","Seasonally adjusted","Persons in thousands","428","thousands","3","v101889464","11.6.1.1.2.1","9.6","","","","1"
"2025-12","British Columbia","2021A000259","Unemployment","Total - Gender","15 years and over","Standard error of estimate","Seasonally adjusted","Persons in thousands","428","thousands","3","v101889464","11.6.1.1.2.1","9.6","","","","1"
"2026-01","British Columbia","2021A000259","Unemployment","Total - Gender","15 years and over","Standard error of estimate","Seasonally adjusted","Persons in thousands","428","thousands","3","v101889464","11.6.1.1.2.1","10.1","","","","1"
"2026-02","British Columbia","2021A000259","Unemployment","Total - Gender","15 years and over","Standard error of estimate","Seasonally adjusted","Persons in thousands","428","thousands","3","v101889464","11.6.1.1.2.1","10.1","","","","1"
"2026-03","British Columbia","2021A000259","Unemployment","Total - Gender","15 years and over","Standard error of estimate","Seasonally adjusted","Persons in thousands","428","thousands","3","v101889464","11.6.1.1.2.1","10.1","","","","1"
"2026-04","British Columbia","2021A000259","Unemployment","Total - Gender","15 years and over","Standard error of estimate","Seasonally adjusted","Persons in thousands","428","thousands","3","v101889464","11.6.1.1.2.1","10.1","","","","1"
"2026-05","British Columbia","2021A000259","Unemployment","Total - Gender","15 years and over","Standard error of estimate","Seasonally adjusted","Persons in thousands","428","thousands","3","v101889464","11.6.1.1.2.1","10.1","","","","1"
"2025-06","British Columbia","2021A000259","Employment rate","Total - Gender","15 years and over","Estimate","Seasonally adjusted","Percent","239","units","0","v2064707","11.9.1.1.1.1","61.2","","","","1"
"2025-07","British Columbia","2021A000259","Employment rate","Total - Gender","15 years and over","Estimate","Seasonally adjusted","Percent","239","units","0","v2064707","11.9.1.1.1.1","61.0","","","","1"
"2025-08","British Columbia","2021A000259","Employment rate","Total - Gender","15 years and over","Estimate","Seasonally adjusted","Percent","239","units","0","v2064707","11.9.1.1.1.1","60.6","","","","1"
"2025-09","British Columbia","2021A000259","Employment rate","Total - Gender","15 years and over","Estimate","Seasonally adjusted","Percent","239","units","0","v2064707","11.9.1.1.1.1","60.7","","","","1"
"2025-10","British Columbia","2021A000259","Employment rate","Total - Gender","15 years and over","Estimate","Seasonally adjusted","Percent","239","units","0","v2064707","11.9.1.1.1.1","60.6","","","","1"
"2025-11","British Columbia","2021A000259","Employment rate","Total - Gender","15 years and over","Estimate","Seasonally adjusted","Percent","239","units","0","v2064707","11.9.1.1.1.1","60.8","","","","1"
"2025-12","British Columbia","2021A000259","Employment rate","Total - Gender","15 years and over","Estimate","Seasonally adjusted","Percent","239","units","0","v2064707","11.9.1.1.1.1","60.7","","","","1"
"2026-01","British Columbia","2021A000259","Employment rate","Total - Gender","15 years and over","Estimate","Seasonally adjusted","Percent","239","units","0","v2064707","11.9.1.1.1.1","60.9","","","","1"
"2026-02","British Columbia","2021A000259","Employment rate","Total - Gender","15 years and over","Estimate","Seasonally adjusted","Percent","239","units","0","v2064707","11.9.1.1.1.1","60.5","","","","1"
"2026-03","British Columbia","2021A000259","Employment rate","Total - Gender","15 years and over","Estimate","Seasonally adjusted","Percent","239","units","0","v2064707","11.9.1.1.1.1","60.1","","","","1"
"2026-04","British Columbia","2021A000259","Employment rate","Total - Gender","15 years and over","Estimate","Seasonally adjusted","Percent","239","units","0","v2064707","11.9.1.1.1.1","60.0","","","","1"
"2026-05","British Columbia","2021A000259","Employment rate","Total - Gender","15 years and over","Estimate","Seasonally adjusted","Percent","239","units","0","v2064707","11.9.1.1.1.1","60.5","","","","1"
"2025-06","British Columbia","2021A000259","Employment rate","Total - Gender","15 years and over","Standard error of estimate","Seasonally adjusted","Percent","239","units","0","v101889626","11.9.1.1.2.1","0.4","","","","1"
"2025-07","British Columbia","2021A000259","Employment rate","Total - Gender","15 years and over","Standard error of estimate","Seasonally adjusted","Percent","239","units","0","v101889626","11.9.1.1.2.1","0.4","","","","1"
"2025-08","British Columbia","2021A000259","Employment rate","Total - Gender","15 years and over","Standard error of estimate","Seasonally adjusted","Percent","239","units","0","v101889626","11.9.1.1.2.1","0.4","","","","1"
"2025-09","British Columbia","2021A000259","Employment rate","Total - Gender","15 years and over","Standard error of estimate","Seasonally adjusted","Percent","239","units","0","v101889626","11.9.1.1.2.1","0.4","","","","1"
"2025-10","British Columbia","2021A000259","Employment rate","Total - Gender","15 years and over","Standard error of estimate","Seasonally adjusted","Percent","239","units","0","v101889626","11.9.1.1.2.1","0.4","","","","1"
"2025-11","British Columbia","2021A000259","Employment rate","Total - Gender","15 years and over","Standard error of estimate","Seasonally adjusted","Percent","239","units","0","v101889626","11.9.1.1.2.1","0.4","","","","1"
"2025-12","British Columbia","2021A000259","Employment rate","Total - Gender","15 years and over","Standard error of estimate","Seasonally adjusted","Percent","239","units","0","v101889626","11.9.1.1.2.1","0.4","","","","1"
"2026-01","British Columbia","2021A000259","Employment rate","Total - Gender","15 years and over","Standard error of estimate","Seasonally adjusted","Percent","239","units","0","v101889626","11.9.1.1.2.1","0.4","","","","1"
"2026-02","British Columbia","2021A000259","Employment rate","Total - Gender","15 years and over","Standard error of estimate","Seasonally adjusted","Percent","239","units","0","v101889626","11.9.1.1.2.1","0.4","","","","1"
"2026-03","British Columbia","2021A000259","Employment rate","Total - Gender","15 years and over","Standard error of estimate","Seasonally adjusted","Percent","239","units","0","v101889626","11.9.1.1.2.1","0.4","","","","1"
"2026-04","British Columbia","2021A000259","Employment rate","Total - Gender","15 years and over","Standard error of estimate","Seasonally adjusted","Percent","239","units","0","v101889626","11.9.1.1.2.1","0.4","","","","1"
"2026-05","British Columbia","2021A000259","Employment rate","Total - Gender","15 years and over","Standard error of estimate","Seasonally adjusted","Percent","239","units","0","v101889626","11.9.1.1.2.1","0.4","","","","1"


