area_fips,NAME,all_emp,all_estabs,pre_emp,pre_emp_w,pre_estabs,post_emp,post_emp_w,post_estabs,pre_emp_pct,post_emp_pct,removed_emp,removed_emp_pct,rep_margin
21007,Ballard,31.0,10.0,21.0,5.697251478506191,7.0,0.0,0.0,0.0,0.6774193548387096,0.0,21.0,0.6774193548387096,0.653922542204568
21017,Bourbon,2100.0,251.0,192.0,10.025168319686138,33.0,0.0,0.0,0.0,0.09142857142857143,0.0,192.0,0.09142857142857143,0.34101579172001706
21031,Butler,247.0,101.0,25.0,9.475096219153272,7.0,0.0,0.0,0.0,0.10121457489878542,0.0,25.0,0.10121457489878542,0.6712095400340715
21065,Estill,555.0,74.0,0.0,0.0,0.0,0.0,0.0,0.0,0.0,0.0,0.0,0.0,0.6409347300564061
21069,Fleming,468.0,95.0,0.0,0.0,0.0,0.0,0.0,0.0,0.0,0.0,0.0,0.0,0.6140046296296297
21093,Hardin,26442.0,3171.0,1380.0,620.9081639299314,44.0,81.0,33.44401452346902,19.0,0.05218969820739732,0.0030633083730428863,1299.0,0.04912638983435443,0.2984505969011938
21099,Hart,957.0,143.0,141.0,53.850010833208344,13.0,20.0,2.0786328255216193,6.0,0.14733542319749215,0.02089864158829676,121.0,0.1264367816091954,0.6059042361694468
21131,Leslie,201.0,26.0,0.0,0.0,0.0,0.0,0.0,0.0,0.0,0.0,0.0,0.0,0.8219114219114219
21151,Madison,21503.0,2566.0,1936.0,985.8474501987221,40.0,170.0,18.756631983022547,14.0,0.09003394875133702,0.007905873599032692,1766.0,0.08212807515230433,0.3148273527420447
21155,Marion,2143.0,255.0,39.0,2.955308845435103,7.0,32.0,2.9410828072518362,4.0,0.018198786747550162,0.014932337844143724,7.0,0.003266448903406438,0.44068551079456936
21179,Nelson,12155.0,1174.0,4007.0,1298.0594842067799,41.0,25.0,2.2977209431654972,5.0,0.32965857671740023,0.0020567667626491155,3982.0,0.32760180995475113,0.42260823326095626
17091,Kankakee,23719.0,1686.0,3320.0,1552.5870013779488,70.0,425.0,150.63333558346676,21.0,0.13997217420633248,0.017918124710147983,2895.0,0.12205404949618451,0.21176420186787764
17187,Warren,1642.0,158.0,89.0,0.6306089884825978,12.0,0.0,0.0,0.0,0.05420219244823386,0.0,89.0,0.05420219244823386,0.256241426611797
17197,Will,212691.0,14752.0,16023.0,6336.1974947437275,527.0,2051.0,540.2400760839089,133.0,0.07533464039381074,0.009643097263165814,13972.0,0.06569154313064493,-0.016228560019466785
18027,Daviess,7271.0,661.0,278.0,179.7977117585961,55.0,108.0,78.38664055281542,14.0,0.03823408059414111,0.014853527712831797,170.0,0.02338055288130931,0.6521045635799734
18061,Harrison,3967.0,482.0,100.0,64.01997395120819,11.0,0.0,0.0,0.0,0.025207965717166624,0.0,100.0,0.025207965717166624,0.47834321886058917
01001,Autauga,5697.0,826.0,74.0,15.306540432846814,10.0,36.0,0.549138265784266,4.0,0.01298929261014569,0.00631911532385466,38.0,0.00667017728629103,0.4671775955305662
01005,Barbour,2036.0,219.0,36.0,1.783636899255101,7.0,0.0,0.0,0.0,0.01768172888015717,0.0,36.0,0.01768172888015717,0.14829987709954937
01023,Choctaw,693.0,93.0,0.0,0.0,0.0,0.0,0.0,0.0,0.0,0.0,0.0,0.0,0.23995164702326988
01035,Conecuh,395.0,51.0,0.0,0.0,0.0,0.0,0.0,0.0,0.0,0.0,0.0,0.0,0.14042978510744628
01051,Elmore,12420.0,1536.0,194.0,46.30294616974595,39.0,102.0,21.792043732430127,13.0,0.015619967793880838,0.00821256038647343,92.0,0.007407407407407408,0.5249343832020997
01055,Etowah,21081.0,1879.0,2372.0,324.9076962844597,55.0,513.0,110.2109954833974,33.0,0.11251838148095442,0.02433470897964992,1859.0,0.08818367250130449,0.5609894921190893
01065,Hale,403.0,60.0,0.0,0.0,0.0,0.0,0.0,0.0,0.0,0.0,0.0,0.0,-0.06895122288240983
01089,Madison,172831.0,13805.0,17536.0,3193.223841056969,392.0,1603.0,322.47821636208647,103.0,0.10146327915709566,0.009274956460357227,15933.0,0.09218832269673843,0.09110290084551936
01113,Russell,5785.0,710.0,40.0,10.467142993279106,10.0,32.0,7.360321484423833,5.0,0.006914433880726016,0.005531547104580812,8.0,0.0013828867761452035,-0.01678048780487805
01117,Shelby,68617.0,6914.0,2779.0,599.0775848259539,189.0,1274.0,249.20837840928533,76.0,0.04050016759695119,0.018566827462582158,1505.0,0.021933340134369036,0.4131065248818213
02016,Aleutians West,214.0,11.0,0.0,0.0,0.0,0.0,0.0,0.0,0.0,0.0,0.0,0.0,-0.15259355117006362
02130,Ketchikan Gateway,2902.0,310.0,276.0,57.07866303047044,9.0,0.0,0.0,0.0,0.09510682288077188,0.0,276.0,0.09510682288077188,
02180,Nome,544.0,42.0,0.0,0.0,0.0,0.0,0.0,0.0,0.0,0.0,0.0,0.0,
02282,Yakutat,0.0,0.0,0.0,0.0,0.0,0.0,0.0,0.0,0.0,0.0,0.0,0.0,
05011,Bradley,665.0,94.0,300.0,24.84845479435139,4.0,0.0,0.0,0.0,0.45112781954887216,0.0,300.0,0.45112781954887216,0.39445494643982354
05015,Carroll,3429.0,522.0,35.0,3.8112237461664233,3.0,35.0,3.8112237461664233,3.0,0.010207057451151939,0.010207057451151939,0.0,0.0,0.32423329196950895
05019,Clark,1976.0,279.0,445.0,37.241643623864555,13.0,0.0,0.0,0.0,0.22520242914979757,0.0,445.0,0.22520242914979757,0.20935203740814964
05025,Cleveland,16.0,4.0,0.0,0.0,0.0,0.0,0.0,0.0,0.0,0.0,0.0,0.0,0.6850961538461539
05063,Independence,6238.0,532.0,369.0,49.57157820483529,24.0,110.0,11.978131773665902,7.0,0.05915357486373838,0.017633857005450466,259.0,0.04151971785828791,0.6077887981330222
05067,Jackson,914.0,161.0,115.0,0.5802109074380951,29.0,0.0,0.0,0.0,0.12582056892778992,0.0,115.0,0.12582056892778992,0.4957374254049446
05121,Randolph,1022.0,76.0,0.0,0.0,0.0,0.0,0.0,0.0,0.0,0.0,0.0,0.0,0.6501152959262106
06001,Alameda,630613.0,74942.0,47828.0,5824.922384730935,1544.0,7636.0,933.5766491680563,413.0,0.07584366322927057,0.012108852814642261,40192.0,0.0637348104146283,-0.5602679826342256
06003,Alpine,,,,,,,,,,,,,
06005,Amador,4369.0,943.0,490.0,73.37032041635656,63.0,38.0,2.450901095990766,4.0,0.1121538109407187,0.00869764248111696,452.0,0.10345616845960175,0.2859960552268245
06013,Contra Costa,303665.0,40459.0,6787.0,1068.9356287267312,478.0,882.0,133.5375815210807,104.0,0.022350287323201556,0.0029045164902112524,5905.0,0.019445770832990303,-0.39251656509868654
06019,Fresno,339505.0,44702.0,59273.0,5422.94254349897,1838.0,3159.0,496.9316086550355,147.0,0.17458653038983227,0.009304723052679636,56114.0,0.16528180733715264,0.04501939839774273
06023,Humboldt,32001.0,6750.0,1206.0,120.1127234304634,137.0,87.0,5.178463137380991,9.0,0.03768632230242805,0.0027186650417174462,1119.0,0.034967657260710605,-0.2972832021382356
06033,Lake,9844.0,3540.0,296.0,44.87950817593024,49.0,0.0,0.0,0.0,0.030069077610727347,0.0,296.0,0.030069077610727347,0.014139857445578887
06037,Los Angeles,3910881.0,593133.0,264322.0,31426.82145613921,10929.0,54981.0,5922.273322338051,2743.0,0.06758630600112865,0.01405846917868378,209341.0,0.05352783682244487,-0.34024310148321124
06047,Merced,59101.0,8494.0,16918.0,2204.445292789803,618.0,368.0,87.2949067439896,17.0,0.2862557317135074,0.006226628991049221,16550.0,0.2800291027224582,0.04474419157406857
06057,Nevada,24465.0,4152.0,480.0,97.03816449131858,82.0,108.0,7.193387611777574,12.0,0.019619865113427344,0.004414469650521152,372.0,0.015205395462906193,-0.12686579610079884
06081,San Mateo,338977.0,31873.0,10668.0,1876.420747252199,552.0,1065.0,126.56134991790574,115.0,0.03147116176023742,0.00314180608123855,9603.0,0.028329355678998868,-0.5205101807724682
06085,Santa Clara,942438.0,85320.0,69974.0,6017.6678112998015,1916.0,8510.0,1067.8203605025358,585.0,0.0742478550313124,0.009029771719731166,61464.0,0.06521808331158123,-0.41545419777515424
06115,Yuba,7067.0,1725.0,419.0,46.82697954446594,74.0,0.0,0.0,0.0,0.05928965614829489,0.0,419.0,0.05928965614829489,0.26581325301204817
08013,Boulder,148586.0,18042.0,13173.0,2412.5613904780757,392.0,1265.0,312.24528189571055,87.0,0.0886557279959081,0.008513588090398826,11908.0,0.08014213990550927,-0.5730067519787122
08029,Delta,3881.0,651.0,271.0,149.81443345401678,41.0,94.0,19.67534558530894,10.0,0.06982736408142232,0.024220561710899254,177.0,0.04560680237052306,0.36452734745494786
08049,Grand,5125.0,631.0,84.0,70.01383450390435,6.0,0.0,0.0,0.0,0.016390243902439025,0.0,84.0,0.016390243902439025,0.008259278619968636
08077,Mesa,46984.0,5185.0,1650.0,613.042408020378,154.0,361.0,89.9397117149297,40.0,0.035118338157670695,0.0076834667120721945,1289.0,0.027434871445598502,0.24902697624479936
08083,Montezuma,3727.0,657.0,90.0,70.17377742212301,14.0,0.0,0.0,0.0,0.024148108398175477,0.0,90.0,0.024148108398175477,0.21530646799864545
08091,Ouray,416.0,147.0,0.0,0.0,0.0,0.0,0.0,0.0,0.0,0.0,0.0,0.0,-0.21643835616438356
09009,New Haven,,,,,,,,,,,,,
11001,District of Columbia,413124.0,37510.0,173.0,0.0,50.0,83.0,0.0,10.0,0.0004187604690117253,0.00020090820189579885,90.0,0.00021785226711592645,-0.8662949112005608
12009,Brevard,205474.0,18189.0,22238.0,1624.2509711839589,490.0,2556.0,169.34672353063436,162.0,0.10822780497775875,0.01243953006219765,19682.0,0.09578827491556109,0.21047276711593613
12023,Columbia,14265.0,1397.0,683.0,61.12556589990167,15.0,568.0,9.952587474157598,7.0,0.047879425166491414,0.03981773571678934,115.0,0.008061689449702071,0.5053660291384375
12039,Gadsden,5211.0,605.0,176.0,10.102787906056992,7.0,51.0,1.7402286396789217,4.0,0.03377470734983688,0.00978698906160046,125.0,0.023987718288236422,-0.3091529173195686
12055,Highlands,17932.0,2068.0,1283.0,305.0889731920895,142.0,0.0,0.0,0.0,0.07154807048851215,0.0,1283.0,0.07154807048851215,0.4099091243775311
12065,Jefferson,752.0,141.0,140.0,62.297538953079744,8.0,0.0,0.0,0.0,0.18617021276595744,0.0,140.0,0.18617021276595744,0.18744075829383886
12073,Leon,110615.0,10216.0,1585.0,113.82964095515246,140.0,245.0,17.117322054976384,36.0,0.014328978890747187,0.002214889481535054,1340.0,0.012114089409212133,-0.22026633616710883
12095,Orange,841855.0,54023.0,16667.0,1832.032199136121,1075.0,3917.0,297.7756911836789,276.0,0.019797946202136946,0.004652820260021025,12750.0,0.015145125942115922,-0.13775651575900622
12107,Putnam,8687.0,1136.0,77.0,27.372235923297062,7.0,0.0,0.0,0.0,0.008863819500402902,0.0,77.0,0.008863819500402902,0.4811116658345815
12123,Taylor,2119.0,232.0,379.0,13.980989589923004,7.0,379.0,13.980989589923004,7.0,0.17885795186408684,0.17885795186408684,0.0,0.0,0.5995977878330819
12127,Volusia,160070.0,15828.0,7046.0,877.388668304276,431.0,1827.0,118.79469459290225,119.0,0.04401824201911664,0.011413756481539326,5219.0,0.03260448553757731,0.2194735286187192
12131,Walton,27533.0,3809.0,93.0,5.348607802948381,16.0,65.0,4.415729525725331,11.0,0.0033777648639814043,0.0023608033995568952,28.0,0.001016961464424509,0.5823131737621049
12133,Washington,1938.0,256.0,0.0,0.0,0.0,0.0,0.0,0.0,0.0,0.0,0.0,0.0,0.6578737010391686
13009,Baldwin,8637.0,679.0,0.0,0.0,0.0,0.0,0.0,0.0,0.0,0.0,0.0,0.0,0.022153419099983987
13027,Brooks,616.0,61.0,56.0,4.833950223971745,15.0,0.0,0.0,0.0,0.09090909090909091,0.0,56.0,0.09090909090909091,0.2686048129086104
13103,Effingham,6304.0,889.0,20.0,0.7356110880949956,4.0,0.0,0.0,0.0,0.0031725888324873096,0.0,20.0,0.0031725888324873096,0.4932247069581844
13121,Fulton,831241.0,80143.0,20278.0,4518.801621816892,1691.0,4092.0,966.1615617674383,436.0,0.02439485059086354,0.004922760065973647,16186.0,0.019472090524889893,-0.4535206372412907
13141,Hancock,33.0,9.0,0.0,0.0,0.0,0.0,0.0,0.0,0.0,0.0,0.0,0.0,-0.3547776726584674
13149,Heard,229.0,27.0,0.0,0.0,0.0,0.0,0.0,0.0,0.0,0.0,0.0,0.0,0.7226348078785921
13179,Liberty,6020.0,644.0,0.0,0.0,0.0,0.0,0.0,0.0,0.0,0.0,0.0,0.0,-0.1754585152838428
13183,Long,101.0,13.0,0.0,0.0,0.0,0.0,0.0,0.0,0.0,0.0,0.0,0.0,0.2958908005118726
13189,McDuffie,1474.0,215.0,0.0,0.0,0.0,0.0,0.0,0.0,0.0,0.0,0.0,0.0,0.2500238117915992
13209,Montgomery,110.0,22.0,0.0,0.0,0.0,0.0,0.0,0.0,0.0,0.0,0.0,0.0,0.5318181818181819
13229,Pierce,1130.0,137.0,0.0,0.0,0.0,0.0,0.0,0.0,0.0,0.0,0.0,0.0,0.7764778325123153
13267,Tattnall,938.0,140.0,263.0,244.61339691743407,17.0,0.0,0.0,0.0,0.28038379530916846,0.0,263.0,0.28038379530916846,0.5361942937986324
13271,Telfair,254.0,46.0,0.0,0.0,0.0,0.0,0.0,0.0,0.0,0.0,0.0,0.0,0.3939105613701237
13291,Union,2312.0,458.0,34.0,4.204359195136468,6.0,0.0,0.0,0.0,0.014705882352941176,0.0,34.0,0.014705882352941176,0.6279095918137861
13305,Wayne,3652.0,385.0,126.0,23.705718190372295,18.0,0.0,0.0,0.0,0.03450164293537788,0.0,126.0,0.03450164293537788,0.5993786522671796
13319,Wilkinson,396.0,40.0,0.0,0.0,0.0,0.0,0.0,0.0,0.0,0.0,0.0,0.0,0.17877551020408164
15007,Kauai,4241.0,762.0,368.0,35.201589713567294,41.0,0.0,0.0,0.0,0.08677198773874087,0.0,368.0,0.08677198773874087,-0.19919940294456884
16015,Boise,288.0,59.0,0.0,0.0,0.0,0.0,0.0,0.0,0.0,0.0,0.0,0.0,0.5555091819699499
16023,Butte,103.0,14.0,0.0,0.0,0.0,0.0,0.0,0.0,0.0,0.0,0.0,0.0,0.7453544390915348
16025,Camas,36.0,12.0,29.0,1.79395903706336,7.0,0.0,0.0,0.0,0.8055555555555556,0.0,29.0,0.8055555555555556,0.5628571428571428
16027,Canyon,68101.0,8405.0,7999.0,3292.4381967712643,449.0,2633.0,1066.42554136509,118.0,0.11745789342300407,0.038663162068104724,5366.0,0.07879473135489934,0.47839957733886046
16037,Custer,554.0,90.0,0.0,0.0,0.0,0.0,0.0,0.0,0.0,0.0,0.0,0.0,0.5464396284829721
16039,Elmore,2426.0,384.0,0.0,0.0,0.0,0.0,0.0,0.0,0.0,0.0,0.0,0.0,0.4979811574697174
16043,Fremont,1388.0,277.0,171.0,19.672370277347245,27.0,0.0,0.0,0.0,0.12319884726224783,0.0,171.0,0.12319884726224783,0.7108652826185786
16061,Lewis,128.0,26.0,0.0,0.0,0.0,0.0,0.0,0.0,0.0,0.0,0.0,0.0,0.6626106194690266
16063,Lincoln,479.0,47.0,49.0,3.0311721660725737,9.0,0.0,0.0,0.0,0.1022964509394572,0.0,49.0,0.1022964509394572,0.5780409041980624
16085,Valley,2470.0,475.0,0.0,0.0,0.0,0.0,0.0,0.0,0.0,0.0,0.0,0.0,0.18989128900183538
19175,Union,1296.0,164.0,27.0,1.1997329536501087,4.0,0.0,0.0,0.0,0.020833333333333332,0.0,27.0,0.020833333333333332,0.36667793173369384
20053,Ellsworth,164.0,20.0,0.0,0.0,0.0,0.0,0.0,0.0,0.0,0.0,0.0,0.0,0.5313190862196021
20095,Kingman,234.0,35.0,0.0,0.0,0.0,0.0,0.0,0.0,0.0,0.0,0.0,0.0,0.6110537190082644
20135,Ness,180.0,27.0,0.0,0.0,0.0,0.0,0.0,0.0,0.0,0.0,0.0,0.0,0.8065967016491754
20199,Wallace,55.0,16.0,55.0,0.015205542570578972,16.0,0.0,0.0,0.0,1.0,0.0,55.0,1.0,0.8590785907859079
48011,Armstrong,8.0,0.0,0.0,0.0,0.0,0.0,0.0,0.0,0.0,0.0,0.0,0.0,0.8626865671641791
48025,Bee,2971.0,265.0,11.0,0.158129221556605,4.0,0.0,0.0,0.0,0.003702457085156513,0.0,11.0,0.003702457085156513,0.40232146370253785
48035,Bosque,643.0,89.0,0.0,0.0,0.0,0.0,0.0,0.0,0.0,0.0,0.0,0.0,0.6795171819189555
48053,Burnet,10763.0,1360.0,525.0,107.43391949808739,38.0,298.0,63.81682338067832,16.0,0.048778221685403696,0.027687447737619622,227.0,0.021090773947784074,0.5613822251790397
48055,Caldwell,4310.0,459.0,102.0,2.170807533787976,4.0,0.0,0.0,0.0,0.023665893271461718,0.0,102.0,0.023665893271461718,0.145542600896861
48083,Coleman,340.0,45.0,0.0,0.0,0.0,0.0,0.0,0.0,0.0,0.0,0.0,0.0,0.7947518836061315
29057,Dade,117.0,23.0,30.0,0.019378708505584086,4.0,0.0,0.0,0.0,0.2564102564102564,0.0,30.0,0.2564102564102564,0.6767044085762467
29143,New Madrid,2276.0,143.0,179.0,25.71305070919368,42.0,0.0,0.0,0.0,0.07864674868189807,0.0,179.0,0.07864674868189807,0.5384387936132466
29157,Perry,3574.0,355.0,152.0,29.22634557744872,10.0,0.0,0.0,0.0,0.042529378847229994,0.0,152.0,0.042529378847229994,0.6393308016011495
29189,St. Louis,509452.0,45306.0,23560.0,8338.523173818712,736.0,4281.0,1134.6659267431185,161.0,0.0462457699645894,0.00840314691079827,19279.0,0.03784262305379113,-0.23834876027365345
29199,Scotland,117.0,19.0,0.0,0.0,0.0,0.0,0.0,0.0,0.0,0.0,0.0,0.0,0.6221635883905013
29207,Stoddard,4177.0,530.0,294.0,26.081171177717298,63.0,12.0,1.0435412335272092,4.0,0.07038544409863538,0.0028728752693320567,282.0,0.06751256882930333,0.7431762704342038
30015,Chouteau,181.0,48.0,55.0,28.499325455197315,22.0,0.0,0.0,0.0,0.30386740331491713,0.0,55.0,0.30386740331491713,0.3345132743362832
30023,Deer Lodge,650.0,106.0,0.0,0.0,0.0,0.0,0.0,0.0,0.0,0.0,0.0,0.0,-0.009989373007438894
30029,Flathead,37605.0,6063.0,1691.0,975.6787169076703,152.0,570.0,168.4774191077113,88.0,0.04496742454460843,0.015157558835261268,1121.0,0.02980986570934716,0.3470676300201784
30039,Granite,104.0,34.0,0.0,0.0,0.0,0.0,0.0,0.0,0.0,0.0,0.0,0.0,0.45274102079395084
30057,Madison,1011.0,270.0,83.0,81.72901128599301,7.0,0.0,0.0,0.0,0.0820969337289812,0.0,83.0,0.0820969337289812,0.4641497461928934
30071,Phillips,209.0,31.0,0.0,0.0,0.0,0.0,0.0,0.0,0.0,0.0,0.0,0.0,0.6398503274087932
30077,Powell,257.0,46.0,0.0,0.0,0.0,0.0,0.0,0.0,0.0,0.0,0.0,0.0,0.552896725440806
30085,Roosevelt,372.0,56.0,14.0,7.254373752232044,3.0,0.0,0.0,0.0,0.03763440860215054,0.0,14.0,0.03763440860215054,0.10040160642570281
30087,Rosebud,670.0,74.0,0.0,0.0,0.0,0.0,0.0,0.0,0.0,0.0,0.0,0.0,0.38500421229991577
30105,Valley,580.0,97.0,0.0,0.0,0.0,0.0,0.0,0.0,0.0,0.0,0.0,0.0,0.5270612038442084
31091,Hooker,,,,,,,,,,,,,
53065,Stevens,4369.0,567.0,431.0,193.85528140160264,21.0,0.0,0.0,0.0,0.09864957656214236,0.0,431.0,0.09864957656214236,0.4528791032241574
21189,Owsley,19.0,4.0,0.0,0.0,0.0,0.0,0.0,0.0,0.0,0.0,0.0,0.0,0.7778993435448578
21195,Pike,8561.0,1074.0,0.0,0.0,0.0,0.0,0.0,0.0,0.0,0.0,0.0,0.0,0.6604664895187482
21217,Taylor,3074.0,542.0,0.0,0.0,0.0,0.0,0.0,0.0,0.0,0.0,0.0,0.0,0.5741796842714274
21237,Wolfe,151.0,16.0,0.0,0.0,0.0,0.0,0.0,0.0,0.0,0.0,0.0,0.0,0.5168302945301543
21239,Woodford,3766.0,618.0,220.0,14.367808553587194,9.0,0.0,0.0,0.0,0.058417419012214554,0.0,220.0,0.058417419012214554,0.14536426093463028
22001,Acadia,7898.0,909.0,598.0,26.17689050183643,32.0,48.0,1.0146599366417062,7.0,0.07571537097999494,0.00607748797163839,550.0,0.06963788300835655,0.6532188841201717
22009,Avoyelles,4566.0,559.0,18.0,1.1694952060214578,5.0,0.0,0.0,0.0,0.003942181340341655,0.0,18.0,0.003942181340341655,0.4314400458978772
22011,Beauregard,2804.0,428.0,0.0,0.0,0.0,0.0,0.0,0.0,0.0,0.0,0.0,0.0,0.6950680572741736
22029,Concordia,1458.0,209.0,29.0,0.0,5.0,0.0,0.0,0.0,0.019890260631001373,0.0,29.0,0.019890260631001373,0.34713520384999547
22031,De Soto,2383.0,260.0,0.0,0.0,0.0,0.0,0.0,0.0,0.0,0.0,0.0,0.0,0.3720538720538721
22033,East Baton Rouge,212101.0,18309.0,5960.0,684.5126872548616,304.0,2301.0,206.72165343675593,129.0,0.02809982036859798,0.010848605145661737,3659.0,0.017251215222936243,-0.09947809017541472
22047,Iberville,7269.0,477.0,2894.0,166.52026081555815,40.0,60.0,3.5126007689649303,4.0,0.39812904113358094,0.008254230293025175,2834.0,0.38987481084055575,0.04417749448394214
22071,Orleans,146080.0,16513.0,2642.0,489.6482243985336,168.0,477.0,32.04354146668173,44.0,0.018085980284775465,0.0032653340635268348,2165.0,0.01482064622124863,-0.7019804957683551
22081,Red River,197.0,20.0,0.0,0.0,0.0,0.0,0.0,0.0,0.0,0.0,0.0,0.0,0.27332686711930165
22099,St. Martin,6909.0,779.0,1067.0,101.03725831604588,41.0,218.0,22.895980860055552,14.0,0.15443624258213923,0.03155304675061514,849.0,0.12288319583152409,0.44200710716862157
22119,Webster,5415.0,595.0,97.0,5.834722569809174,8.0,97.0,5.834722569809174,8.0,0.01791320406278855,0.01791320406278855,0.0,0.0,0.37592116898976713
23013,Knox,9781.0,1666.0,513.0,172.7387619350031,56.0,198.0,76.032166600075,20.0,0.05244862488498109,0.020243328902975154,315.0,0.03220529598200593,-0.18999131738890204
23015,Lincoln,6332.0,1109.0,182.0,121.03593555327973,31.0,0.0,0.0,0.0,0.02874289324068225,0.0,182.0,0.02874289324068225,-0.11484331816828947
24003,Anne Arundel,208471.0,15599.0,1366.0,489.73631129831483,148.0,514.0,95.20049542785492,51.0,0.00655247012773959,0.00246557075084784,852.0,0.00408689937689175,-0.14311072108816403
18103,Miami,3016.0,311.0,96.0,57.883946647547404,21.0,0.0,0.0,0.0,0.03183023872679045,0.0,96.0,0.03183023872679045,0.5558471857684456
18129,Posey,4666.0,298.0,126.0,73.19727225271313,20.0,62.0,45.8341553776276,3.0,0.02700385769395628,0.013287612516073724,64.0,0.013716245177882556,0.44091407105963376
18147,Spencer,1577.0,214.0,54.0,36.475709472158826,13.0,0.0,0.0,0.0,0.03424223208623969,0.0,54.0,0.03424223208623969,0.4415190368992855
19001,Adair,708.0,106.0,48.0,2.13285858426686,10.0,0.0,0.0,0.0,0.06779661016949153,0.0,48.0,0.06779661016949153,0.4572713643178411
19045,Clinton,9733.0,1024.0,1808.0,841.3088279109811,35.0,602.0,288.7257869498903,12.0,0.18575978629405115,0.06185143326826261,1206.0,0.12390835302578854,0.0823337919274517
19083,Hardin,2423.0,320.0,0.0,0.0,0.0,0.0,0.0,0.0,0.0,0.0,0.0,0.0,0.38798993167925205
19111,Lee,5261.0,632.0,150.0,59.11792364962997,12.0,84.0,56.18524309626304,6.0,0.028511689792815053,0.01596654628397643,66.0,0.012545143508838622,0.2841692492568465
31167,Stanton,151.0,21.0,0.0,0.0,0.0,0.0,0.0,0.0,0.0,0.0,0.0,0.0,0.6750330250990753
34003,Bergen,363739.0,35639.0,25206.0,6227.143497520825,1019.0,4655.0,780.1667072660018,213.0,0.06929694093842013,0.012797637866712121,20551.0,0.056499303071708015,-0.03460543050009338
34007,Camden,171228.0,13728.0,6603.0,1958.1507995734478,266.0,1399.0,285.2464440939231,75.0,0.03856261826336814,0.008170392692783891,5204.0,0.03039222557058425,-0.27849594515165094
34013,Essex,239632.0,21501.0,10683.0,3598.1740525116384,486.0,1712.0,394.52980926106426,112.0,0.04458085731454897,0.0071442879081257925,8971.0,0.037436569406423176,-0.45603298498560796
34023,Middlesex,362543.0,24961.0,15374.0,4486.519270024963,507.0,2639.0,635.4167651806699,138.0,0.042406004253288575,0.00727913654380308,12735.0,0.0351268677094855,-0.08282876184508033
34041,Warren,18169.0,2018.0,1214.0,539.4016638432752,75.0,302.0,44.99693817553494,22.0,0.06681710605977213,0.016621718311409545,912.0,0.05019538774836259,0.21076324251142325
35007,Colfax,408.0,113.0,10.0,0.0,4.0,0.0,0.0,0.0,0.024509803921568627,0.0,10.0,0.024509803921568627,0.14345991561181434
35011,De Baca,16.0,7.0,0.0,0.0,0.0,0.0,0.0,0.0,0.0,0.0,0.0,0.0,0.5181286549707602
35051,Sierra,868.0,155.0,74.0,60.78216292798705,5.0,0.0,0.0,0.0,0.08525345622119816,0.0,74.0,0.08525345622119816,0.19655469422911284
36013,Chautauqua,26892.0,2577.0,2476.0,867.4698601938667,132.0,1194.0,312.05716623148993,31.0,0.09207199167038524,0.04439982150825524,1282.0,0.04767217016213,0.219790507480614
36029,Erie,375179.0,23570.0,26412.0,6828.123227519723,774.0,8052.0,2022.822255684495,275.0,0.07039839649873794,0.021461755588665678,18360.0,0.048936640910072264,-0.09676793295473342
36043,Herkimer,7013.0,809.0,241.0,32.469408458687155,10.0,241.0,32.469408458687155,10.0,0.03436475117638671,0.03436475117638671,0.0,0.0,0.36442599504656925
36045,Jefferson,23138.0,2319.0,207.0,80.53796325137128,23.0,0.0,0.0,0.0,0.008946322067594433,0.0,207.0,0.008946322067594433,0.2360854408909061
36047,Kings,788765.0,73462.0,13559.0,4956.19778088038,1356.0,3123.0,720.4920344412504,303.0,0.017190164370883596,0.003959354180269155,10436.0,0.01323081019061444,-0.43976083205923167
36053,Madison,10577.0,1249.0,476.0,165.04177030549826,26.0,98.0,15.915034127863192,6.0,0.04500330906684315,0.009265387160820648,378.0,0.0357379219060225,0.13062340286444404
36065,Oneida,62256.0,4630.0,5083.0,965.2305049196143,155.0,688.0,223.25672059715671,45.0,0.0816467489077358,0.011051143664867643,4395.0,0.07059560524286815,0.21250324668837786
36077,Otsego,8700.0,1047.0,133.0,61.29631291657131,11.0,0.0,0.0,0.0,0.01528735632183908,0.0,133.0,0.01528735632183908,0.07865804079612543
36081,Queens,589301.0,56544.0,11583.0,3908.7363542747808,991.0,2830.0,673.9899489098829,218.0,0.019655490148497965,0.004802299673681192,8753.0,0.014853190474816773,-0.24597740451054978
36091,Saratoga,65423.0,5862.0,1402.0,729.003374741016,77.0,132.0,50.72034901331513,8.0,0.021429772404200357,0.0020176390566008897,1270.0,0.019412133347599468,-0.018278686636829137
36115,Washington,6877.0,842.0,571.0,192.4012152522965,50.0,283.0,61.925774236597135,15.0,0.08303039115893558,0.04115166497019049,288.0,0.041878726188745094,0.21212972062333288
37007,Anson,1959.0,215.0,273.0,66.69214374476941,11.0,98.0,24.459573196940465,4.0,0.13935681470137826,0.050025523226135786,175.0,0.08933129147524246,0.025236593059936908
37027,Caldwell,11903.0,1144.0,2507.0,404.25249839615174,48.0,477.0,42.29297640426363,19.0,0.21061917163740235,0.040073930941779384,2030.0,0.17054524069562296,0.529787973583594
37039,Cherokee,2915.0,566.0,0.0,0.0,0.0,0.0,0.0,0.0,0.0,0.0,0.0,0.0,0.580397290682452
37049,Craven,20688.0,2325.0,192.0,23.595715830795573,34.0,82.0,16.08857662498867,12.0,0.009280742459396751,0.003963650425367363,110.0,0.0053170920340293885,0.2066392733564014
37055,Dare,14956.0,1985.0,62.0,26.550451420226093,12.0,0.0,0.0,0.0,0.004145493447445841,0.0,62.0,0.004145493447445841,0.1897369902678356
37059,Davie,6026.0,775.0,153.0,57.22628656464719,9.0,77.0,10.905198246228089,6.0,0.025389976767341522,0.01277796216395619,76.0,0.012612014603385333,0.4703251724399303
37069,Franklin,7443.0,1309.0,194.0,34.9657028779384,35.0,33.0,4.67365639124061,6.0,0.026064758833803575,0.004433696090286175,161.0,0.0216310627435174,0.13706210663816648
37083,Halifax,6589.0,626.0,320.0,8.369152355164236,7.0,0.0,0.0,0.0,0.04856579147063287,0.0,320.0,0.04856579147063287,-0.17804303967720242
37091,Hertford,2136.0,200.0,69.0,1.4892028937506412,14.0,0.0,0.0,0.0,0.032303370786516857,0.0,69.0,0.032303370786516857,-0.2696882690730107
37093,Hoke,2648.0,413.0,17.0,0.40669721031162653,4.0,0.0,0.0,0.0,0.006419939577039275,0.0,17.0,0.006419939577039275,-0.0601078287216504
37099,Jackson,8311.0,1007.0,42.0,39.94744079387986,8.0,0.0,0.0,0.0,0.005053543496570809,0.0,42.0,0.005053543496570809,0.09516293751740786
37111,McDowell,5019.0,598.0,469.0,76.65399050514581,13.0,372.0,75.74985503042372,8.0,0.09344490934449093,0.07411835026897788,97.0,0.019326559075513047,0.49545473944774016
37117,Martin,2306.0,226.0,60.0,1.238001647536756,20.0,0.0,0.0,0.0,0.026019080659150044,0.0,60.0,0.026019080659150044,0.1037538667335507
37127,Nash,23217.0,2039.0,804.0,188.20251315145418,66.0,180.0,70.24283644411662,14.0,0.03462979713141233,0.007752939656286342,624.0,0.026876857475125988,0.017770846570014823
37165,Scotland,3602.0,336.0,223.0,5.095972458415871,9.0,196.0,4.4500415949797585,6.0,0.061910049972237646,0.05441421432537479,27.0,0.007495835646862854,0.06976103574134013
37175,Transylvania,4540.0,756.0,3.0,0.7605215004375465,3.0,3.0,0.7605215004375465,3.0,0.0006607929515418502,0.0006607929515418502,0.0,0.0,0.12314308053166537
37199,Yancey,694.0,182.0,0.0,0.0,0.0,0.0,0.0,0.0,0.0,0.0,0.0,0.0,0.34763101220387654
38017,Cass,91485.0,8802.0,5189.0,2922.7480935269245,238.0,996.0,331.3236134466552,46.0,0.05671968082199268,0.01088703066076406,4193.0,0.045832650161228616,0.08583871077491863
38037,Grant,8.0,3.0,0.0,0.0,0.0,0.0,0.0,0.0,0.0,0.0,0.0,0.0,0.6799375487900078
38085,Sioux,,,,,,,,,,,,,
38099,Walsh,1464.0,243.0,568.0,422.32301275080033,89.0,0.0,0.0,0.0,0.3879781420765027,0.0,568.0,0.3879781420765027,0.4618031658637302
39035,Cuyahoga,588920.0,36759.0,53665.0,20594.764054281706,1428.0,19743.0,6809.57221959682,509.0,0.09112443116212729,0.03352407797323915,33922.0,0.05760035318888814,-0.31706873263487934
39039,Defiance,7674.0,576.0,846.0,597.041756357769,25.0,73.0,29.814123662602164,13.0,0.11024237685691947,0.009512640083398489,773.0,0.10072973677352098,0.4024988138541831
39043,Erie,20826.0,1617.0,1589.0,785.5780785447428,53.0,371.0,201.07381450170985,18.0,0.0762988571977336,0.01781427062325939,1218.0,0.058484586574474216,0.14282085153947768
39125,Paulding,1255.0,123.0,281.0,95.62786750240268,4.0,0.0,0.0,0.0,0.2239043824701195,0.0,281.0,0.2239043824701195,0.5675734494015234
40065,Jackson,3409.0,380.0,98.0,0.0,19.0,0.0,0.0,0.0,0.028747433264887063,0.0,98.0,0.028747433264887063,0.5942763074585286
48103,Crane,270.0,16.0,0.0,0.0,0.0,0.0,0.0,0.0,0.0,0.0,0.0,0.0,0.7488212601800257
48141,El Paso,256941.0,16125.0,10309.0,1342.5493942164896,481.0,1972.0,280.42523437922796,124.0,0.04012205136587777,0.007674913696140359,8337.0,0.03244713766973741,-0.17122414975987454
48151,Fisher,20.0,12.0,0.0,0.0,0.0,0.0,0.0,0.0,0.0,0.0,0.0,0.0,0.6486745448738422
48161,Freestone,1122.0,109.0,0.0,0.0,0.0,0.0,0.0,0.0,0.0,0.0,0.0,0.0,0.6680696023619574
48167,Galveston,81188.0,6270.0,1952.0,248.50379053782893,113.0,690.0,132.81413457150083,39.0,0.024042962014090754,0.008498792925062818,1262.0,0.015544169089027936,0.28050409751394534
48199,Hardin,4272.0,482.0,10.0,2.5837572703949303,3.0,0.0,0.0,0.0,0.0023408239700374533,0.0,10.0,0.0023408239700374533,0.7639523159954925
48213,Henderson,11130.0,1157.0,536.0,198.4311390967931,12.0,456.0,171.19274743140608,9.0,0.0481581311769991,0.04097035040431267,80.0,0.0071877807726864335,0.6384967652831286
48229,Hudspeth,117.0,14.0,88.0,1.26503377245284,9.0,0.0,0.0,0.0,0.7521367521367521,0.0,88.0,0.7521367521367521,0.5122302158273381
48241,Jasper,3389.0,316.0,0.0,0.0,0.0,0.0,0.0,0.0,0.0,0.0,0.0,0.0,0.6735886019590382
48245,Jefferson,98959.0,5078.0,5923.0,1027.1038393897602,131.0,2672.0,558.7921852634112,57.0,0.059853070463525296,0.027001081255873645,3251.0,0.03285198920765165,0.09762103213738078
48261,Kenedy,4.0,1.0,0.0,0.0,0.0,0.0,0.0,0.0,0.0,0.0,0.0,0.0,0.47794117647058826
48289,Leon,560.0,103.0,9.0,0.1915418412165861,8.0,0.0,0.0,0.0,0.01607142857142857,0.0,9.0,0.01607142857142857,0.7747936591117516
48317,Martin,251.0,83.0,135.0,1.5094152966766843,51.0,0.0,0.0,0.0,0.5378486055776892,0.0,135.0,0.5378486055776892,0.7722908093278463
48333,Mills,148.0,32.0,0.0,0.0,0.0,0.0,0.0,0.0,0.0,0.0,0.0,0.0,0.7699757869249395
48347,Nacogdoches,10347.0,899.0,1078.0,170.32835268754985,51.0,63.0,19.131035135220106,8.0,0.10418478786121581,0.006088721368512612,1015.0,0.0980960664927032,0.38459103856761767
48361,Orange,15076.0,988.0,1960.0,245.1533571212222,31.0,578.0,157.92521508665507,22.0,0.13000795967100026,0.0383390819846113,1382.0,0.09166887768638896,0.6759252182154486
48371,Pecos,1705.0,169.0,8.0,0.11500307022298546,6.0,0.0,0.0,0.0,0.00469208211143695,0.0,8.0,0.00469208211143695,0.4515250544662309
48395,Robertson,819.0,107.0,0.0,0.0,0.0,0.0,0.0,0.0,0.0,0.0,0.0,0.0,0.542098714226462
48423,Smith,90928.0,6365.0,2961.0,573.7082483826019,175.0,1428.0,301.04367659365533,82.0,0.0325642266408587,0.015704733415449586,1533.0,0.016859493225409115,0.46458479369445055
48427,Starr,4703.0,242.0,0.0,0.0,0.0,0.0,0.0,0.0,0.0,0.0,0.0,0.0,0.15442004504504506
48457,Tyler,659.0,79.0,0.0,0.0,0.0,0.0,0.0,0.0,0.0,0.0,0.0,0.0,0.7352339634335296
48471,Walker,8305.0,745.0,475.0,155.23836377040422,25.0,135.0,30.49007486723347,16.0,0.057194461167971104,0.01625526791089705,340.0,0.040939193257074055,0.41299242256392077
48475,Ward,2471.0,124.0,0.0,0.0,0.0,0.0,0.0,0.0,0.0,0.0,0.0,0.0,0.6796054724785237
48477,Washington,7215.0,647.0,236.0,16.90432590399132,23.0,87.0,6.4423264051023805,7.0,0.03270963270963271,0.012058212058212059,149.0,0.02065142065142065,0.5574124153018748
48499,Wood,4127.0,529.0,174.0,59.264962871292184,10.0,152.0,57.06424914380203,6.0,0.042161376302398836,0.03683062757450933,22.0,0.005330748727889509,0.7063791801139875
49001,Beaver,525.0,63.0,25.0,0.3526577747007267,5.0,0.0,0.0,0.0,0.047619047619047616,0.0,25.0,0.047619047619047616,0.7518110236220472
49003,Box Elder,12262.0,1217.0,1352.0,582.1035532197474,36.0,883.0,495.4177448377579,15.0,0.11025933779155113,0.07201109117599086,469.0,0.03824824661556027,0.6249866676147474
49011,Davis,97538.0,9630.0,4929.0,1333.6533423119831,197.0,3293.0,779.8416787341448,83.0,0.05053415079251164,0.033761200762779636,1636.0,0.016772950029732003,0.25683053329031935
40073,Kingfisher,2703.0,308.0,33.0,0.0,9.0,0.0,0.0,0.0,0.01220865704772475,0.0,33.0,0.01220865704772475,0.7231553689262148
40079,Le Flore,4994.0,584.0,159.0,30.799781878766616,13.0,0.0,0.0,0.0,0.03183820584701642,0.0,159.0,0.03183820584701642,0.656099800183615
40145,Wagoner,5660.0,921.0,129.0,23.38154518880187,11.0,94.0,17.018790803421417,8.0,0.022791519434628975,0.016607773851590107,35.0,0.006183745583038868,0.5065711188090013
41005,Clackamas,148110.0,15842.0,12599.0,3690.975973675456,726.0,2548.0,715.6833299194499,192.0,0.08506515427722638,0.017203429883194923,10051.0,0.06786172439403146,-0.1020943844501555
41021,Gilliam,22.0,13.0,22.0,0.8984491733176343,13.0,0.0,0.0,0.0,1.0,0.0,22.0,1.0,0.46897810218978103
41033,Josephine,21160.0,2151.0,1374.0,313.82092355119534,114.0,477.0,77.69776160254371,31.0,0.06493383742911153,0.022542533081285444,897.0,0.04239130434782609,0.2955032565495141
41035,Klamath,13471.0,1761.0,1192.0,643.1613978389297,77.0,0.0,0.0,0.0,0.08848637814564621,0.0,1192.0,0.08848637814564621,0.42915061828501927
41039,Lane,113805.0,11557.0,12044.0,4904.965605026772,541.0,2435.0,576.8674790772935,126.0,0.10583014806027854,0.021396247968015467,9609.0,0.08443390009226308,-0.23824150508734881
41043,Linn,32832.0,3161.0,5306.0,1923.5953075596715,258.0,1509.0,667.9656246479145,47.0,0.16161062378167643,0.04596125730994152,3797.0,0.1156493664717349,0.2517761924826013
41051,Multnomah,403655.0,37581.0,17401.0,6549.705134887649,1123.0,3674.0,1001.2626994401371,284.0,0.043108595211257136,0.009101832010008547,13727.0,0.03400676320124859,-0.6432493206213479
41055,Sherman,106.0,8.0,0.0,0.0,0.0,0.0,0.0,0.0,0.0,0.0,0.0,0.0,0.585040071237756
41061,Union,3903.0,588.0,226.0,17.25999924864067,45.0,0.0,0.0,0.0,0.05790417627466052,0.0,226.0,0.05790417627466052,0.41533205210335256
42005,Armstrong,9054.0,989.0,502.0,166.8660202029747,32.0,86.0,25.045915225128137,10.0,0.05544510713496797,0.009498564170532362,416.0,0.04594654296443561,0.5357811609541643
42029,Chester,220078.0,15968.0,18029.0,8074.933842341968,684.0,3547.0,1326.9378371800042,167.0,0.08192095529766719,0.01611701305900635,14482.0,0.06580394223866083,-0.14609739411654954
42035,Clinton,5898.0,554.0,1550.0,1052.4677663717146,11.0,1550.0,1052.4677663717146,11.0,0.2628009494743981,0.2628009494743981,0.0,0.0,0.41230936819172115
42059,Greene,5006.0,432.0,0.0,0.0,0.0,0.0,0.0,0.0,0.0,0.0,0.0,0.0,0.4569215303648513
42067,Juniata,2466.0,269.0,665.0,244.00419245062886,33.0,518.0,142.06363031921697,24.0,0.26966747769667476,0.21005677210056772,147.0,0.05961070559610704,0.6186828740321372
42091,Montgomery,452813.0,28162.0,25698.0,7775.626218383041,782.0,6711.0,1941.5265513086974,245.0,0.05675190420769722,0.014820687568598959,18987.0,0.04193121663909826,-0.23047879956695005
42111,Somerset,13548.0,1345.0,823.0,383.98834716045616,61.0,708.0,343.27035239638707,34.0,0.060746973723058754,0.05225863596102746,115.0,0.008488337762031298,0.5764369656803567
45005,Allendale,92.0,21.0,0.0,0.0,0.0,0.0,0.0,0.0,0.0,0.0,0.0,0.0,-0.4539959704499664
45019,Charleston,216877.0,21927.0,3473.0,772.111416741743,445.0,1380.0,349.1807956890043,138.0,0.016013685176390305,0.006363053712472968,2093.0,0.009650631463917337,-0.05772407115600023
45025,Chesterfield,3722.0,384.0,232.0,9.482723634745094,19.0,141.0,5.893601375156274,8.0,0.06233207952713595,0.03788285867813004,91.0,0.024449220849005915,0.2835952093176574
45043,Georgetown,14945.0,1903.0,207.0,82.5194589482676,20.0,120.0,34.291328352434164,11.0,0.013850786216125795,0.008029441284710606,87.0,0.005821344931415189,0.19739347295594112
45063,Lexington,96524.0,8338.0,4046.0,667.0570537491528,210.0,1985.0,462.25423707915525,94.0,0.041917036177530974,0.020564833616509882,2061.0,0.02135220256102109,0.33948059124188423
45077,Pickens,21462.0,2415.0,1891.0,346.182955688897,55.0,222.0,25.17163340898533,27.0,0.08810921628925543,0.01034386357282639,1669.0,0.07776535271642904,0.5340076150220567
45091,York,83399.0,8389.0,8242.0,1585.1506626113896,364.0,2840.0,522.0474322125077,137.0,0.09882612501348938,0.034053166105109174,5402.0,0.0647729589083802,0.19371748997219948
46073,Jerauld,176.0,21.0,37.0,1.2996493024685507,13.0,0.0,0.0,0.0,0.21022727272727273,0.0,37.0,0.21022727272727273,0.43902439024390244
46093,Meade,3536.0,728.0,118.0,21.09121374484271,9.0,43.0,13.701779083115282,6.0,0.0333710407239819,0.012160633484162896,75.0,0.021210407239819005,0.5218059826670394
46095,Mellette,,,,,,,,,,,,,
46123,Tripp,480.0,58.0,0.0,0.0,0.0,0.0,0.0,0.0,0.0,0.0,0.0,0.0,0.6412213740458015
47001,Anderson,25504.0,1477.0,3999.0,1120.266025371911,42.0,417.0,86.93522483574912,16.0,0.15679893350062735,0.01635037641154329,3582.0,0.14044855708908405,0.3616196305425541
47003,Bedford,5703.0,595.0,0.0,0.0,0.0,0.0,0.0,0.0,0.0,0.0,0.0,0.0,0.585603699607922
47005,Benton,815.0,100.0,124.0,23.152061472356472,5.0,124.0,23.152061472356472,5.0,0.1521472392638037,0.1521472392638037,0.0,0.0,0.6343190337359433
47019,Carter,4311.0,393.0,3.0,0.29961218297044023,3.0,0.0,0.0,0.0,0.0006958942240779402,0.0,3.0,0.0006958942240779402,0.6381950367572398
47029,Cocke,2380.0,277.0,79.0,0.8139978555497306,4.0,0.0,0.0,0.0,0.03319327731092437,0.0,79.0,0.03319327731092437,0.6887886597938144
47049,Fentress,832.0,100.0,61.0,2.5814872071269965,4.0,61.0,2.5814872071269965,4.0,0.0733173076923077,0.0733173076923077,0.0,0.0,0.7631904369332234
47063,Hamblen,12589.0,918.0,798.0,223.81541837906752,28.0,400.0,99.21171162128397,15.0,0.06338867265072683,0.031773770752244024,398.0,0.0316149018984828,0.5940836826702524
47073,Hawkins,4460.0,434.0,918.0,289.94867980791815,14.0,42.0,25.99599252547948,4.0,0.20582959641255605,0.009417040358744395,876.0,0.19641255605381167,0.693931600967259
47081,Hickman,918.0,143.0,0.0,0.0,0.0,0.0,0.0,0.0,0.0,0.0,0.0,0.0,0.6153620639108766
47097,Lauderdale,848.0,91.0,91.0,10.283146059761606,6.0,0.0,0.0,0.0,0.10731132075471699,0.0,91.0,0.10731132075471699,0.37323256947830324
47121,Meigs,110.0,19.0,0.0,0.0,0.0,0.0,0.0,0.0,0.0,0.0,0.0,0.0,0.6801585990417974
47149,Rutherford,96586.0,7286.0,6347.0,1903.6079378432603,156.0,829.0,239.05938563965915,52.0,0.06571345743689562,0.008583024454889943,5518.0,0.05713043298200568,0.22104669787649434
47173,Union,363.0,63.0,0.0,0.0,0.0,0.0,0.0,0.0,0.0,0.0,0.0,0.0,0.7172093023255814
48007,Aransas,3093.0,433.0,13.0,0.7420663068218806,6.0,5.0,0.18228069016224124,3.0,0.004203039120594891,0.0016165535079211122,8.0,0.0025864856126737792,0.5615262850953928
25001,Barnstable,70710.0,8862.0,1100.0,474.0940462413408,70.0,0.0,0.0,0.0,0.015556498373638806,0.0,1100.0,0.015556498373638806,-0.210729495809864
25013,Hampden,157488.0,18355.0,10108.0,2788.9156723673505,362.0,5313.0,1087.2649255271065,162.0,0.06418266788580718,0.03373590368790003,4795.0,0.030446764197907143,-0.09076696933794141
25025,Suffolk,598821.0,31880.0,4075.0,2423.8090794407576,236.0,339.0,96.04965860860437,41.0,0.006805038567451709,0.0005661124108873937,3736.0,0.006238926156564316,-0.5395484139077434
26033,Chippewa,2942.0,431.0,25.0,4.719966671197497,4.0,25.0,4.719966671197497,4.0,0.00849762066621346,0.00849762066621346,0.0,0.0,0.24677195899141036
26053,Gogebic,814.0,124.0,42.0,33.42173216758145,4.0,0.0,0.0,0.0,0.051597051597051594,0.0,42.0,0.051597051597051594,0.17318026380068394
26063,Huron,6419.0,653.0,843.0,324.21699018251354,64.0,482.0,227.3962357020197,3.0,0.13132886742483252,0.07508957781585916,361.0,0.056239289608973356,0.41086098367651763
26097,Mackinac,1724.0,199.0,0.0,0.0,0.0,0.0,0.0,0.0,0.0,0.0,0.0,0.0,0.25185288770801284
26115,Monroe,24142.0,2059.0,2508.0,894.3598697700263,74.0,636.0,269.2150741863043,22.0,0.1038853450418358,0.026344130560848313,1872.0,0.0775412144809875,0.275284081442234
13283,Treutlen,56.0,11.0,0.0,0.0,0.0,0.0,0.0,0.0,0.0,0.0,0.0,0.0,0.44508670520231214
13289,Twiggs,45.0,8.0,0.0,0.0,0.0,0.0,0.0,0.0,0.0,0.0,0.0,0.0,0.14716471647164717
13313,Whitfield,44296.0,2214.0,13448.0,6984.538088762281,202.0,666.0,157.64140692879053,31.0,0.30359400397327074,0.015035217626873758,12782.0,0.288558786346397,0.4469299131488588
13317,Wilkes,607.0,48.0,0.0,0.0,0.0,0.0,0.0,0.0,0.0,0.0,0.0,0.0,0.16899468817627386
15001,Hawaii,22970.0,2976.0,2295.0,581.0872922896597,217.0,0.0,0.0,0.0,0.0999129299085764,0.0,2295.0,0.0999129299085764,-0.2893920480527988
15009,Maui,29490.0,4001.0,740.0,109.18743826960777,96.0,0.0,0.0,0.0,0.025093251949813496,0.0,740.0,0.025093251949813496,-0.2646685953905666
16059,Lemhi,755.0,156.0,13.0,1.3397455605231685,4.0,13.0,1.3397455605231685,4.0,0.017218543046357615,0.017218543046357615,0.0,0.0,0.563315103071098
16073,Owyhee,1272.0,161.0,28.0,8.770555004715428,8.0,0.0,0.0,0.0,0.0220125786163522,0.0,28.0,0.0220125786163522,0.6886967263743051
16083,Twin Falls,27691.0,3326.0,2114.0,399.8327165135159,182.0,190.0,32.130029968932774,20.0,0.07634249395110325,0.006861435123325268,1924.0,0.06948105882777798,0.5015398152221734
16087,Washington,573.0,125.0,30.0,2.4408265839670555,12.0,0.0,0.0,0.0,0.05235602094240838,0.0,30.0,0.05235602094240838,0.6286082000367714
17027,Clinton,4868.0,512.0,270.0,51.90606684720641,23.0,0.0,0.0,0.0,0.055464256368118324,0.0,270.0,0.055464256368118324,0.5282698631590114
17031,Cook,2276004.0,135876.0,159720.0,51933.39911651485,4715.0,49953.0,15128.469831402928,1403.0,0.07017562359292866,0.021947676717615612,109767.0,0.048227946875313045,-0.42525002793264466
17047,Edwards,19.0,4.0,0.0,0.0,0.0,0.0,0.0,0.0,0.0,0.0,0.0,0.0,0.7188557366964011
49029,Morgan,1154.0,249.0,19.0,4.43049505614184,4.0,19.0,4.43049505614184,4.0,0.016464471403812825,0.016464471403812825,0.0,0.0,0.6168395363026236
49035,Salt Lake,681201.0,66568.0,52116.0,11519.39724921797,2547.0,8450.0,3288.3909552996456,637.0,0.07650605327942854,0.01240456194280396,43666.0,0.06410149133662459,-0.10521331225149583
49043,Summit,21865.0,3101.0,217.0,56.10580852436022,26.0,107.0,35.93431447823157,8.0,0.009924536931168534,0.00489366567573748,110.0,0.005030871255431054,-0.15077771214806066
49049,Utah,250123.0,21846.0,14757.0,4592.892013017338,614.0,5284.0,2032.7159599976649,201.0,0.05899897250552728,0.02112560620174874,9473.0,0.03787336630377854,0.41100435833336224
51015,Augusta,14002.0,1567.0,716.0,284.0450544550908,54.0,268.0,23.590253684394536,21.0,0.051135552063990855,0.019140122839594344,448.0,0.03199542922439651,0.47969519985398795
51037,Charlotte,298.0,89.0,0.0,0.0,0.0,0.0,0.0,0.0,0.0,0.0,0.0,0.0,0.32741584324233797
51051,Dickenson,254.0,40.0,0.0,0.0,0.0,0.0,0.0,0.0,0.0,0.0,0.0,0.0,0.6249109305971213
51053,Dinwiddie,3433.0,192.0,0.0,0.0,0.0,0.0,0.0,0.0,0.0,0.0,0.0,0.0,0.2328448776709057
51069,Frederick,19008.0,1760.0,776.0,388.5713217623262,29.0,452.0,181.62127457857827,11.0,0.040824915824915826,0.02377946127946128,324.0,0.017045454545454548,0.2873969833618411
51073,Gloucester,4103.0,730.0,0.0,0.0,0.0,0.0,0.0,0.0,0.0,0.0,0.0,0.0,0.38706866504008364
51085,Hanover,37721.0,3582.0,1575.0,612.9838326820815,76.0,775.0,193.75270892418382,30.0,0.04175393017152249,0.020545584687574562,800.0,0.02120834548394793,0.2605183812342674
51099,King George,4434.0,325.0,0.0,0.0,0.0,0.0,0.0,0.0,0.0,0.0,0.0,0.0,0.25354621626971036
51125,Nelson,1164.0,163.0,469.0,116.40276667461491,20.0,0.0,0.0,0.0,0.4029209621993127,0.0,469.0,0.4029209621993127,0.07589765641797463
51131,Northampton,1279.0,142.0,399.0,358.9321855493911,12.0,0.0,0.0,0.0,0.31196247068021893,0.0,399.0,0.31196247068021893,-0.0618921308576481
51137,Orange,3275.0,449.0,455.0,323.225185017467,16.0,0.0,0.0,0.0,0.13893129770992366,0.0,455.0,0.13893129770992366,0.24911516471549142
51145,Powhatan,4988.0,604.0,48.0,8.117929051954631,3.0,48.0,8.117929051954631,3.0,0.009623095429029671,0.009623095429029671,0.0,0.0,0.44470269223319775
51149,Prince George,4442.0,323.0,0.0,0.0,0.0,0.0,0.0,0.0,0.0,0.0,0.0,0.0,0.21500688389169345
51161,Roanoke,24133.0,2280.0,106.0,14.874532418892075,18.0,63.0,7.42511006202442,6.0,0.004392325860854432,0.002610533294658766,43.0,0.0017817925661956658,0.22726463149645568
51177,Spotsylvania,27667.0,3219.0,127.0,23.327011865082824,26.0,27.0,3.1821900265818943,8.0,0.004590306140889869,0.0009758918567246178,100.0,0.003614414284165251,0.08666547433506222
51185,Tazewell,2957.0,532.0,191.0,48.81094353556247,9.0,14.0,2.3677293068201006,4.0,0.06459249239093676,0.0047345282380791345,177.0,0.05985796415285762,0.6930246694696317
51199,York,11770.0,1323.0,307.0,47.82074711984815,5.0,0.0,0.0,0.0,0.026083262531860663,0.0,307.0,0.026083262531860663,0.06217643139064022
53005,Benton,69258.0,4965.0,9195.0,1906.5300253596122,304.0,103.0,42.08522610275987,16.0,0.1327644459845794,0.001487192815270438,9092.0,0.13127725316930897,0.2251972391659895
53007,Chelan,28443.0,2753.0,8427.0,1268.0240206424612,417.0,61.0,18.95706886833637,10.0,0.29627676405442466,0.0021446401575079986,8366.0,0.2941321238969167,0.09730127576054956
53009,Clallam,11729.0,1821.0,274.0,90.72872406017908,40.0,0.0,0.0,0.0,0.023360900332509166,0.0,274.0,0.023360900332509166,-0.08089734874235215
53015,Cowlitz,25498.0,2233.0,4139.0,1828.6875203304617,91.0,706.0,472.41244390668,32.0,0.1623264569770178,0.027688446152639424,3433.0,0.13463801082437837,0.2047731033882066
53025,Grant,26429.0,2216.0,10615.0,1972.8386908039258,452.0,28.0,2.183288328840621,4.0,0.4016421355329373,0.0010594422793143894,10587.0,0.40058269325362295,0.3848343390641011
53031,Jefferson,4415.0,698.0,138.0,60.0479762224993,23.0,15.0,7.43459784823616,3.0,0.031257078142695356,0.0033975084937712344,123.0,0.027859569648924123,-0.4681915654038599
53037,Kittitas,8892.0,1095.0,268.0,61.09066906917501,58.0,0.0,0.0,0.0,0.03013945119208277,0.0,268.0,0.03013945119208277,0.1506580239638578
53043,Lincoln,479.0,191.0,140.0,1.0832527247169572,123.0,0.0,0.0,0.0,0.29227557411273486,0.0,140.0,0.29227557411273486,0.5171223021582734
12077,Liberty,81.0,14.0,0.0,0.0,0.0,0.0,0.0,0.0,0.0,0.0,0.0,0.0,0.6732101616628176
72054,Florida,16.0,6.0,0.0,0.0,0.0,0.0,0.0,0.0,0.0,0.0,0.0,0.0,
72113,Ponce,24550.0,1938.0,887.0,0.0,78.0,84.0,0.0,15.0,0.03613034623217923,0.0034215885947046845,803.0,0.03270875763747454,
72115,Quebradillas,542.0,70.0,97.0,0.0,10.0,36.0,0.0,6.0,0.17896678966789667,0.06642066420664207,61.0,0.1125461254612546,
72141,Utuado,1003.0,166.0,166.0,0.0,49.0,0.0,0.0,0.0,0.16550348953140578,0.0,166.0,0.16550348953140578,
72147,Vieques,276.0,32.0,0.0,0.0,0.0,0.0,0.0,0.0,0.0,0.0,0.0,0.0,
78010,St. Croix,1160.0,176.0,0.0,0.0,0.0,0.0,0.0,0.0,0.0,0.0,0.0,0.0,
78020,St. John,501.0,54.0,0.0,0.0,0.0,0.0,0.0,0.0,0.0,0.0,0.0,0.0,
05061,Howard,809.0,72.0,0.0,0.0,0.0,0.0,0.0,0.0,0.0,0.0,0.0,0.0,0.47411444141689374
05093,Mississippi,12584.0,685.0,5091.0,1911.3784245471834,110.0,4826.0,1905.541968996746,27.0,0.40456134774316593,0.38350286077558804,265.0,0.021058486967577894,0.32162854702476984
05095,Monroe,256.0,50.0,80.0,0.7491075287292149,23.0,0.0,0.0,0.0,0.3125,0.0,80.0,0.3125,0.16045245077503142
05099,Nevada,246.0,27.0,0.0,0.0,0.0,0.0,0.0,0.0,0.0,0.0,0.0,0.0,0.40441950192914766
05103,Ouachita,1856.0,264.0,58.0,32.89053620395133,3.0,0.0,0.0,0.0,0.03125,0.0,58.0,0.03125,0.19414265470004724
05109,Pike,694.0,83.0,0.0,0.0,0.0,0.0,0.0,0.0,0.0,0.0,0.0,0.0,0.7398978169995355
05117,Prairie,185.0,28.0,24.0,0.0,5.0,0.0,0.0,0.0,0.12972972972972974,0.0,24.0,0.12972972972972974,0.6675126903553299
05133,Sevier,525.0,84.0,11.0,1.1978131773665903,3.0,11.0,1.1978131773665903,3.0,0.02095238095238095,0.02095238095238095,0.0,0.0,0.6279671989641779
05147,Woodruff,165.0,31.0,61.0,0.30776404655412,19.0,0.0,0.0,0.0,0.3696969696969697,0.0,61.0,0.3696969696969697,0.33128024637043557
06045,Mendocino,20599.0,3874.0,1802.0,135.60928417662018,168.0,257.0,30.421866196021124,16.0,0.08747997475605612,0.012476333802611777,1545.0,0.07500364095344435,-0.2799850972669452
06051,Mono,4397.0,388.0,63.0,10.09323539163054,5.0,0.0,0.0,0.0,0.014327950875596998,0.0,63.0,0.014327950875596998,-0.2111416781292985
24011,Caroline,2770.0,327.0,43.0,14.855401233078746,15.0,0.0,0.0,0.0,0.01552346570397112,0.0,43.0,0.01552346570397112,0.38917865895808457
24033,Prince George's,224790.0,17782.0,5075.0,2233.0220932574975,226.0,1170.0,145.58097729509421,59.0,0.0225766270741581,0.005204857867342853,3905.0,0.017371769206815248,-0.7703942904659147
24043,Washington,46469.0,3208.0,2013.0,743.1919285961767,71.0,358.0,142.42271879368468,17.0,0.04331920204867761,0.00770406077169726,1655.0,0.03561514127698035,0.23549373194604145
25007,Dukes,2914.0,543.0,0.0,0.0,0.0,0.0,0.0,0.0,0.0,0.0,0.0,0.0,-0.5379565729675139
25017,Middlesex,795967.0,57918.0,49104.0,9658.503198075163,1348.0,5765.0,1160.8771376189259,288.0,0.0616909997525023,0.007242762576840497,43339.0,0.0544482371756618,-0.4044547226468454
26041,Delta,5894.0,667.0,600.0,151.2757964291608,30.0,505.0,115.48879260763574,22.0,0.10179843909060061,0.08568035290125552,95.0,0.0161180861893451,0.30814519493764775
26099,Macomb,276653.0,19558.0,48167.0,15458.012203745455,1484.0,9765.0,2749.5183253710097,549.0,0.1741061907877377,0.035296924305899445,38402.0,0.13880926648183825,0.13946725322584197
26103,Marquette,14297.0,1249.0,549.0,145.5802747936625,33.0,28.0,5.2863626717411965,9.0,0.03839966426523047,0.0019584528222704066,521.0,0.036441211442960066,-0.088897586431833
26135,Oscoda,249.0,39.0,64.0,19.034837196311962,10.0,22.0,11.99294202213898,5.0,0.2570281124497992,0.08835341365461848,42.0,0.1686746987951807,0.4487329434697856
26147,St. Clair,27215.0,2785.0,1639.0,479.0222914138224,114.0,868.0,250.52797148373674,58.0,0.060224141098658826,0.03189417600587911,771.0,0.028329965092779713,0.3514786429915581
26163,Wayne,612887.0,36754.0,74331.0,35269.34429342256,1537.0,36491.0,22638.92459983999,521.0,0.12128010546805529,0.05953952359896686,37840.0,0.06174058186908843,-0.3004896524000717
27023,Chippewa,1584.0,183.0,104.0,16.176429417871972,39.0,0.0,0.0,0.0,0.06565656565656566,0.0,104.0,0.06565656565656566,0.3465570069343654
27053,Hennepin,805296.0,41840.0,61312.0,12846.79197066296,1440.0,13254.0,4146.713926641753,429.0,0.07613597981363375,0.016458544435834773,48058.0,0.059677435377798974,-0.43640867828457297
27077,Lake of the Woods,14.0,7.0,0.0,0.0,0.0,0.0,0.0,0.0,0.0,0.0,0.0,0.0,0.47796024200518583
27091,Martin,3015.0,310.0,59.0,5.981292355622949,20.0,0.0,0.0,0.0,0.01956882255389718,0.0,59.0,0.01956882255389718,0.40243098087251483
27129,Renville,1760.0,263.0,204.0,32.977936231002204,49.0,0.0,0.0,0.0,0.1159090909090909,0.0,204.0,0.1159090909090909,0.4220532319391635
27139,Scott,34227.0,3473.0,1657.0,530.3859638335333,80.0,346.0,128.1650351783387,28.0,0.04841207234054986,0.010108978291991703,1311.0,0.03830309404855815,0.0865748259531408
27163,Washington,71351.0,6440.0,5178.0,1665.3209768860347,168.0,773.0,203.9082822160163,60.0,0.07257081190172528,0.010833765469299659,4405.0,0.06173704643242562,-0.09090250309490021
28007,Attala,1007.0,111.0,0.0,0.0,0.0,0.0,0.0,0.0,0.0,0.0,0.0,0.0,0.2342872076309944
28033,DeSoto,54772.0,3290.0,912.0,334.408119243765,42.0,455.0,229.85028937441143,19.0,0.016650843496677135,0.008307164244504492,457.0,0.008343679252172644,0.2470066288738698
28055,Issaquena,,,,,,,,,,,,,
28075,Lauderdale,16711.0,1420.0,396.0,348.49818258205903,11.0,369.0,343.9977277815917,7.0,0.023696966070253126,0.022081263838190413,27.0,0.001615702232062713,0.21388602562214695
28143,Tunica,2196.0,105.0,197.0,90.0,38.0,0.0,0.0,0.0,0.08970856102003642,0.0,197.0,0.08970856102003642,-0.3937784522003035
28157,Wilkinson,64.0,14.0,0.0,0.0,0.0,0.0,0.0,0.0,0.0,0.0,0.0,0.0,-0.2565698478561549
28163,Yazoo,1287.0,113.0,80.0,0.0,22.0,0.0,0.0,0.0,0.06216006216006216,0.0,80.0,0.06216006216006216,0.024269662921348314
29023,Butler,9671.0,1211.0,191.0,20.137987801260145,54.0,0.0,0.0,0.0,0.01974976734567263,0.0,191.0,0.01974976734567263,0.6431193178609746
29029,Camden,12257.0,1441.0,201.0,49.16843705264368,18.0,18.0,1.5653118502908137,4.0,0.016398792526719427,0.0014685485844823365,183.0,0.014930243942237091,0.5478851546147466
29031,Cape Girardeau,30463.0,2514.0,523.0,110.29223384724541,30.0,245.0,40.552691558087915,11.0,0.01716836818435479,0.008042543413321078,278.0,0.009125824771033714,0.4703079546594443
29033,Carroll,611.0,89.0,68.0,0.04392507261265726,22.0,0.0,0.0,0.0,0.11129296235679215,0.0,68.0,0.11129296235679215,0.6490993995997332
17075,Iroquois,2983.0,332.0,94.0,0.6660364597456652,31.0,0.0,0.0,0.0,0.03151190077103587,0.0,94.0,0.03151190077103587,0.5813457288729711
17129,Menard,404.0,65.0,87.0,1.9183476721242427,13.0,0.0,0.0,0.0,0.21534653465346534,0.0,87.0,0.21534653465346534,0.42081162166429814
17161,Rock Island,33105.0,2225.0,1237.0,427.1272392253168,63.0,404.0,111.8920307228394,21.0,0.03736595680410814,0.012203594623168706,833.0,0.025162362180939434,-0.09752842233907408
17175,Stark,156.0,24.0,0.0,0.0,0.0,0.0,0.0,0.0,0.0,0.0,0.0,0.0,0.46454948301329396
17185,Wabash,607.0,96.0,0.0,0.0,0.0,0.0,0.0,0.0,0.0,0.0,0.0,0.0,0.546742209631728
18009,Blackford,866.0,73.0,276.0,88.95415165017391,3.0,0.0,0.0,0.0,0.3187066974595843,0.0,276.0,0.3187066974595843,0.5129019452163557
18035,Delaware,28183.0,1933.0,1616.0,706.3296262072531,65.0,303.0,120.04345724463256,23.0,0.05733953092289678,0.010751162048043146,1313.0,0.04658836887485363,0.16072581542914394
18067,Howard,17954.0,1579.0,245.0,137.26351713697855,34.0,117.0,58.8224286723729,6.0,0.013645984181797927,0.006516653670491255,128.0,0.007129330511306672,0.3591993275191762
18083,Knox,6889.0,561.0,312.0,183.544961631398,56.0,0.0,0.0,0.0,0.04528959210335317,0.0,312.0,0.04528959210335317,0.5121458852028801
18159,Tipton,1007.0,118.0,0.0,0.0,0.0,0.0,0.0,0.0,0.0,0.0,0.0,0.0,0.5170302334481439
18175,Washington,1960.0,261.0,125.0,70.16068708122809,8.0,90.0,65.32220046067951,5.0,0.06377551020408163,0.04591836734693878,35.0,0.017857142857142856,0.557866112133088
49025,Kane,1380.0,174.0,0.0,0.0,0.0,0.0,0.0,0.0,0.0,0.0,0.0,0.0,0.48482102401449934
05003,Ashley,1149.0,172.0,53.0,3.694345776871613,13.0,33.0,3.5934395320997705,3.0,0.04612706701479547,0.028720626631853787,20.0,0.017406440382941684,0.4872091342679578
05007,Benton,97075.0,8278.0,8548.0,3264.225843427625,149.0,595.0,215.86516081958274,34.0,0.08805562709245429,0.006129281483389132,7953.0,0.08192634560906516,0.2771020793044479
05013,Calhoun,27.0,8.0,0.0,0.0,0.0,0.0,0.0,0.0,0.0,0.0,0.0,0.0,0.6307842182172431
05045,Faulkner,30692.0,2931.0,796.0,369.07419421489186,28.0,782.0,366.44934111138735,23.0,0.0259350970937052,0.025478952169946566,14.0,0.00045614492375863416,0.33148807170159483
13051,Chatham,127809.0,10398.0,3004.0,628.2291016477803,152.0,687.0,66.35956762910138,52.0,0.0235038221095541,0.005375208318663005,2317.0,0.018128613790891094,-0.18146387425585678
13077,Coweta,31072.0,2929.0,441.0,65.28726569309714,52.0,117.0,9.763166847997136,19.0,0.014192842430484036,0.003765447991761071,324.0,0.010427394438722965,0.3410068569419211
13123,Gilmer,3566.0,485.0,252.0,24.58702160355851,20.0,97.0,0.8884692791912513,4.0,0.07066741446999439,0.027201346045989904,155.0,0.04346606842400448,0.6287998259829246
13133,Greene,2170.0,288.0,0.0,0.0,0.0,0.0,0.0,0.0,0.0,0.0,0.0,0.0,0.29075339775316206
13137,Habersham,6343.0,742.0,72.0,7.827826061246283,10.0,42.0,2.679089256300896,6.0,0.011351095696042882,0.006621472489358348,30.0,0.004729623206684534,0.6517387177495901
13139,Hall,67059.0,5120.0,14075.0,1611.2830034858137,191.0,1042.0,221.06272897912368,60.0,0.2098897985356179,0.01553855560029228,13033.0,0.19435124293532563,0.44054550119402397
13143,Haralson,2646.0,365.0,9.0,0.5740905549216205,4.0,9.0,0.5740905549216205,4.0,0.003401360544217687,0.003401360544217687,0.0,0.0,0.7466879293424926
13157,Jackson,15493.0,1563.0,1648.0,228.24571644466863,18.0,0.0,0.0,0.0,0.10637061898922094,0.0,1648.0,0.10637061898922094,0.5540888671251251
13171,Lamar,448.0,97.0,0.0,0.0,0.0,0.0,0.0,0.0,0.0,0.0,0.0,0.0,0.4609450337512054
13181,Lincoln,55.0,14.0,0.0,0.0,0.0,0.0,0.0,0.0,0.0,0.0,0.0,0.0,0.4496945010183299
13185,Lowndes,29464.0,2512.0,775.0,215.70003482918088,40.0,211.0,68.89193083949148,16.0,0.02630328536519142,0.007161281563942438,564.0,0.01914200380124898,0.18066767574840228
13195,Madison,1112.0,277.0,10.0,2.1544338283914657,7.0,0.0,0.0,0.0,0.008992805755395683,0.0,10.0,0.008992805755395683,0.5506465517241379
13213,Murray,2206.0,251.0,244.0,41.87639268022247,7.0,0.0,0.0,0.0,0.11060743427017226,0.0,244.0,0.11060743427017226,0.7177456382001837
13217,Newton,13455.0,1609.0,799.0,210.47463832615273,18.0,799.0,210.47463832615273,18.0,0.05938312894834634,0.05938312894834634,0.0,0.0,-0.15231900837703466
13237,Putnam,2656.0,331.0,235.0,1.8135764668027603,8.0,198.0,1.8135764668027603,4.0,0.0884789156626506,0.07454819277108433,37.0,0.013930722891566272,0.4239401496259352
13245,Richmond,72045.0,4718.0,1288.0,259.66524200709165,69.0,553.0,174.1779828790982,35.0,0.017877715316815878,0.007675758206676383,735.0,0.010201957110139496,-0.36311034656978913
13251,Screven,680.0,110.0,55.0,1.9326864900640737,10.0,10.0,0.6378783943573562,4.0,0.08088235294117647,0.014705882352941176,45.0,0.0661764705882353,0.2525340283811179
13269,Taylor,81.0,14.0,0.0,0.0,0.0,0.0,0.0,0.0,0.0,0.0,0.0,0.0,0.3111447302067574
13279,Toombs,5108.0,425.0,459.0,427.50173430573903,15.0,0.0,0.0,0.0,0.0898590446358653,0.0,459.0,0.0898590446358653,0.5085462231207498
23023,Sagadahoc,5061.0,717.0,0.0,0.0,0.0,0.0,0.0,0.0,0.0,0.0,0.0,0.0,-0.17009079877819155
23031,York,49711.0,7696.0,2490.0,1299.630127381492,172.0,774.0,324.7641331181061,30.0,0.050089517410633465,0.015569994568606546,1716.0,0.03451952284202692,-0.10682383276544802
24001,Allegany,11045.0,964.0,147.0,63.88144964472747,13.0,0.0,0.0,0.0,0.013309189678587597,0.0,147.0,0.013309189678587597,0.41151345148540097
24005,Baltimore,297110.0,22410.0,8390.0,3338.139000401693,421.0,1482.0,368.85577582657356,122.0,0.028238699471576183,0.004988051563394029,6908.0,0.023250647908182154,-0.25129781386570815
24017,Charles,26502.0,2851.0,184.0,48.18796654410036,13.0,0.0,0.0,0.0,0.006942872236057656,0.0,184.0,0.006942872236057656,-0.41639973660420315
24021,Frederick,79416.0,6760.0,2257.0,851.8357776032484,145.0,628.0,207.380627620883,29.0,0.028419965749974817,0.007907726402740001,1629.0,0.020512239347234815,-0.09034016485624694
24031,Montgomery,357532.0,35377.0,5701.0,1502.765453101454,319.0,433.0,137.5445127834406,50.0,0.01594542586397861,0.001211080406788763,5268.0,0.014734345457189848,-0.5487462391179805
24045,Wicomico,27115.0,2206.0,557.0,288.7097573290941,30.0,0.0,0.0,0.0,0.02054213534943758,0.0,557.0,0.02054213534943758,0.05599192592917636
28149,Warren,5884.0,557.0,0.0,0.0,0.0,0.0,0.0,0.0,0.0,0.0,0.0,0.0,0.04002211166390271
28151,Washington,7331.0,809.0,314.0,172.21821475086438,89.0,46.0,5.218214750864368,3.0,0.04283181012140226,0.006274723775746828,268.0,0.03655708634565543,-0.353587319243604
29041,Chariton,572.0,97.0,42.0,0.02713019190781772,11.0,0.0,0.0,0.0,0.07342657342657342,0.0,42.0,0.07342657342657342,0.568327577701036
29069,Dunklin,4651.0,1399.0,67.0,0.043279115662471127,21.0,0.0,0.0,0.0,0.014405504192646742,0.0,67.0,0.014405504192646742,0.6222823364392346
29087,Holt,131.0,21.0,63.0,0.0,3.0,0.0,0.0,0.0,0.48091603053435117,0.0,63.0,0.48091603053435117,0.6947413424540402
29113,Lincoln,6722.0,880.0,262.0,51.83337318159348,19.0,178.0,33.88942439378241,12.0,0.0389764950907468,0.02648021422195775,84.0,0.01249628086878905,0.5651790772329578
29159,Pettis,8862.0,939.0,420.0,127.52372384037099,27.0,324.0,127.52372384037099,15.0,0.04739336492890995,0.03656059580230196,96.0,0.010832769126607987,0.4945728103170339
29183,St. Charles,115987.0,10069.0,7052.0,2015.3671723109928,194.0,1049.0,343.92451112968666,57.0,0.060799917232103595,0.009044117013113539,6003.0,0.05175580021899005,0.17217050993205094
29195,Saline,2469.0,281.0,177.0,0.060073996367310666,33.0,0.0,0.0,0.0,0.07168894289185905,0.0,177.0,0.07168894289185905,0.40893321769297486
29197,Schuyler,4.0,5.0,0.0,0.0,0.0,0.0,0.0,0.0,0.0,0.0,0.0,0.0,0.6524453694068678
29201,Scott,7737.0,894.0,490.0,215.91785419353724,44.0,368.0,215.83904744561454,14.0,0.06333204084270389,0.047563655163500064,122.0,0.01576838567920382,0.5927444977182138
30001,Beaverhead,1003.0,212.0,0.0,0.0,0.0,0.0,0.0,0.0,0.0,0.0,0.0,0.0,0.44902695947152294
30013,Cascade,22201.0,2566.0,375.0,299.9216298790552,34.0,35.0,7.9335920937816224,5.0,0.016891131030133778,0.0015765055628124858,340.0,0.015314625467321291,0.2304610318331504
30027,Fergus,1766.0,277.0,245.0,123.73377942391477,9.0,227.0,120.79885755109315,5.0,0.13873159682899208,0.12853907134767836,18.0,0.010192525481313719,0.5307538153229536
30031,Gallatin,59676.0,9167.0,2502.0,1271.5021100452716,247.0,712.0,185.0780548350412,65.0,0.041926402573899055,0.011931094577384543,1790.0,0.029995307996514512,-0.033164283707657505
30045,Judith Basin,,,,,,,,,,,,,
30049,Lewis and Clark,21368.0,3078.0,255.0,150.8611733044329,36.0,127.0,33.94516549963701,20.0,0.01193373268438787,0.005943466866342194,128.0,0.005990265818045676,0.059017848338428165
30055,McCone,13.0,3.0,0.0,0.0,0.0,0.0,0.0,0.0,0.0,0.0,0.0,0.0,0.7566037735849057
30059,Meagher,105.0,22.0,0.0,0.0,0.0,0.0,0.0,0.0,0.0,0.0,0.0,0.0,0.5524475524475524
30069,Petroleum,,,,,,,,,,,,,
30073,Pondera,206.0,31.0,0.0,0.0,0.0,0.0,0.0,0.0,0.0,0.0,0.0,0.0,0.43209876543209874
30083,Richland,1672.0,304.0,22.0,21.275099235975265,4.0,0.0,0.0,0.0,0.013157894736842105,0.0,22.0,0.013157894736842105,0.6987415295256534
30099,Teton,397.0,100.0,19.0,18.373949340160454,5.0,0.0,0.0,0.0,0.04785894206549118,0.0,19.0,0.04785894206549118,0.4641618497109827
31103,Keya Paha,21.0,3.0,0.0,0.0,0.0,0.0,0.0,0.0,0.0,0.0,0.0,0.0,0.8382352941176471
31151,Saline,852.0,137.0,0.0,0.0,0.0,0.0,0.0,0.0,0.0,0.0,0.0,0.0,0.3361960994811236
32001,Churchill,3673.0,358.0,60.0,0.6570967503770659,7.0,0.0,0.0,0.0,0.016335420637081405,0.0,60.0,0.016335420637081405,0.5161707632600259
32003,Clark,1010962.0,68769.0,23081.0,7452.289457203485,1011.0,7956.0,1872.3288035056553,274.0,0.022830729542752348,0.007869731997839682,15125.0,0.014960997544912666,-0.026780453575119
32015,Lander,219.0,21.0,0.0,0.0,0.0,0.0,0.0,0.0,0.0,0.0,0.0,0.0,0.6378662659654395
33007,Coos,1816.0,219.0,0.0,0.0,0.0,0.0,0.0,0.0,0.0,0.0,0.0,0.0,0.13841295830653177
33015,Rockingham,131210.0,10977.0,8855.0,2076.9753735338754,307.0,2851.0,582.3965482584023,124.0,0.06748723420471,0.021728526789116683,6004.0,0.04575870741559332,0.02462153384961279
33017,Strafford,28557.0,2598.0,1363.0,259.33207662546897,47.0,874.0,178.71716479244571,16.0,0.04772910319711454,0.030605455755156354,489.0,0.017123647441958188,-0.12194346991460912
34001,Atlantic,95340.0,6575.0,1800.0,1125.463938169278,116.0,72.0,18.50980253225537,6.0,0.018879798615481436,0.0007551919446192574,1728.0,0.01812460667086218,0.03083886730986092
34005,Burlington,172362.0,11863.0,7046.0,2468.9917859802786,273.0,1441.0,202.15527549869847,69.0,0.040879080075654724,0.008360311437555841,5605.0,0.03251876863809888,-0.1685535202371119
34015,Gloucester,90008.0,6853.0,4427.0,2301.8828366193247,187.0,292.0,56.041495926167876,28.0,0.04918451693182828,0.0032441560750155543,4135.0,0.045940360856812724,0.028500191317871557
34019,Hunterdon,29212.0,3135.0,1509.0,909.4638644171384,89.0,113.0,23.81224830166356,12.0,0.0516568533479392,0.0038682733123373957,1396.0,0.0477885800356018,0.06797168266444965
34021,Mercer,154532.0,10924.0,4246.0,1414.6713958710257,176.0,1721.0,688.5185290323319,20.0,0.027476509719669712,0.011136851914166645,2525.0,0.016339657805503068,-0.3458881825917213
34025,Monmouth,242513.0,21384.0,6206.0,1805.9676880454656,401.0,457.0,61.62818364419864,68.0,0.025590380721858208,0.0018844350612132134,5749.0,0.023705945660644996,0.11596394481487658
34029,Ocean,158626.0,15524.0,3277.0,1048.4473842124098,257.0,655.0,127.16470304204657,83.0,0.020658656210205135,0.004129209587331207,2622.0,0.01652944662287393,0.36467069644256667
34035,Somerset,158072.0,10496.0,5761.0,968.5575664891612,208.0,595.0,89.2845481467004,42.0,0.03644541727820234,0.003764107495318589,5166.0,0.03268130978288375,-0.14280095551532468
21229,Washington,463.0,121.0,0.0,0.0,0.0,0.0,0.0,0.0,0.0,0.0,0.0,0.0,0.509675355829202
21231,Wayne,815.0,172.0,0.0,0.0,0.0,0.0,0.0,0.0,0.0,0.0,0.0,0.0,0.6660113334104314
22035,East Carroll,241.0,40.0,122.0,0.06565657345229173,30.0,0.0,0.0,0.0,0.5062240663900415,0.0,122.0,0.5062240663900415,-0.12373968835930339
22045,Iberia,14068.0,1386.0,1300.0,134.6919423351195,65.0,582.0,45.68029498771664,31.0,0.09240830253056583,0.04137048620983793,718.0,0.051037816320727895,0.35861778339654443
22053,Jefferson Davis,3368.0,442.0,16.0,0.000500870694746075,4.0,0.0,0.0,0.0,0.004750593824228029,0.0,16.0,0.004750593824228029,0.6210854470738274
22055,Lafayette,118378.0,11414.0,5410.0,631.4777245316867,300.0,1891.0,135.28499755975014,107.0,0.045701059318454446,0.01597425197249489,3519.0,0.029726807345959557,0.33130587718012605
06055,Napa,61483.0,6233.0,18214.0,2385.487013473826,773.0,0.0,0.0,0.0,0.2962444903469252,0.0,18214.0,0.2962444903469252,-0.3595305888090107
06059,Orange,1456216.0,155339.0,120059.0,12751.874788253173,4498.0,25396.0,2590.9026875187315,1293.0,0.08244587341438359,0.01743972048102754,94663.0,0.06500615293335604,-0.027415327809075962
06069,San Benito,9463.0,1751.0,2063.0,279.34452879300113,94.0,47.0,3.031377671357,6.0,0.21800697453238932,0.004966712459051041,2016.0,0.2130402620733383,-0.12934786652282282
06073,San Diego,1263872.0,137144.0,84219.0,9014.76110023733,3225.0,12259.0,1467.622518827901,800.0,0.066635703615556,0.00969955818310715,71960.0,0.05693614543244885,-0.17293652353688238
06079,San Luis Obispo,91052.0,11209.0,11002.0,1468.4715065811267,650.0,843.0,82.46678089231133,64.0,0.12083205201423362,0.009258445723322937,10159.0,0.11157360629091069,-0.11201673891935506
06083,Santa Barbara,172638.0,17383.0,35695.0,3950.2437617819137,783.0,747.0,78.2469074354071,72.0,0.20676212653065953,0.004326973204045459,34948.0,0.20243515332661408,-0.27527245711349074
06097,Sonoma,172412.0,21593.0,21781.0,2934.3557180283037,1267.0,1250.0,134.6152621635385,130.0,0.12633111384358398,0.007250075400784168,20531.0,0.11908103844279981,-0.4780311571601392
06101,Sutter,23966.0,3958.0,3942.0,416.17026427138234,398.0,174.0,12.196027113935566,12.0,0.16448301760827838,0.0072602854043227905,3768.0,0.15722273220395558,0.32187141815150566
06107,Tulare,130439.0,14769.0,37668.0,2328.7313995667405,1155.0,2078.0,207.78448753746227,59.0,0.2887786628232354,0.015930818236877007,35590.0,0.27284784458635836,0.2119785304460485
06113,Yolo,62633.0,7498.0,7279.0,1049.9807667995713,350.0,959.0,120.91889397768672,44.0,0.11621669088180352,0.015311417303977136,6320.0,0.10090527357782639,-0.37603782675436137
08019,Clear Creek,842.0,176.0,0.0,0.0,0.0,0.0,0.0,0.0,0.0,0.0,0.0,0.0,-0.17106152805949967
08023,Costilla,78.0,12.0,72.0,36.798882578727614,9.0,0.0,0.0,0.0,0.9230769230769231,0.0,72.0,0.9230769230769231,-0.15211970074812967
08031,Denver,475602.0,42171.0,14243.0,6112.812664417661,642.0,2881.0,597.2070422305994,156.0,0.02994730888431924,0.0060575859647352195,11362.0,0.023889722919584022,-0.5768805231480565
08037,Eagle,24161.0,3391.0,105.0,69.31536410695023,17.0,27.0,4.3025177818961975,8.0,0.004345846612309093,0.0011175034145937668,78.0,0.0032283431977153257,-0.2508213059687719
08055,Huerfano,358.0,40.0,0.0,0.0,0.0,0.0,0.0,0.0,0.0,0.0,0.0,0.0,0.0883785664578984
01049,DeKalb,12042.0,1059.0,2506.0,617.0916896235063,83.0,1105.0,245.3989510133636,26.0,0.20810496595249958,0.09176216575319715,1401.0,0.11634280019930243,0.7442754584736824
01063,Greene,125.0,10.0,0.0,0.0,0.0,0.0,0.0,0.0,0.0,0.0,0.0,0.0,-0.5594823295171727
01087,Macon,316.0,109.0,0.0,0.0,0.0,0.0,0.0,0.0,0.0,0.0,0.0,0.0,-0.5668297707957765
01091,Marengo,1559.0,277.0,0.0,0.0,0.0,0.0,0.0,0.0,0.0,0.0,0.0,0.0,0.037814253064616665
01095,Marshall,27373.0,2114.0,9782.0,1103.49379630072,83.0,588.0,47.193280112813184,24.0,0.3573594417857012,0.021481021444489094,9194.0,0.3358784203412121,0.7222597344136844
01101,Montgomery,77870.0,6514.0,3936.0,768.8533260121906,118.0,889.0,253.7245768217015,49.0,0.050545781430589444,0.01141646333632978,3047.0,0.039129318094259666,-0.31065446772898453
01107,Pickens,1039.0,100.0,592.0,16.033709136343482,12.0,262.0,3.9965062676521583,5.0,0.5697786333012512,0.2521655437921078,330.0,0.3176130895091434,0.23460973681237998
01115,St. Clair,12188.0,1491.0,1100.0,307.4422615805177,36.0,683.0,158.65471301817152,16.0,0.09025270758122744,0.056038726616343945,417.0,0.0342139809648835,0.6458125680906794
01119,Sumter,322.0,44.0,0.0,0.0,0.0,0.0,0.0,0.0,0.0,0.0,0.0,0.0,-0.4144674387696981
01131,Wilcox,221.0,154.0,0.0,0.0,0.0,0.0,0.0,0.0,0.0,0.0,0.0,0.0,-0.31590995803128574
02090,Fairbanks North Star,19951.0,2020.0,240.0,1.089037977631983,22.0,74.0,1.089037977631983,6.0,0.012029472206906922,0.003709087263796301,166.0,0.008320384943110621,
02158,Kusilvak,333.0,27.0,0.0,0.0,0.0,0.0,0.0,0.0,0.0,0.0,0.0,0.0,
02240,Southeast Fairbanks,372.0,57.0,0.0,0.0,0.0,0.0,0.0,0.0,0.0,0.0,0.0,0.0,
04005,Coconino,37934.0,3414.0,160.0,50.6282634064529,25.0,29.0,13.8527407826168,6.0,0.004217852058839036,0.0007644856856645753,131.0,0.003453366373174461,-0.20769143633892162
04009,Graham,3261.0,222.0,111.0,7.7812127843196865,4.0,0.0,0.0,0.0,0.03403863845446182,0.0,111.0,0.03403863845446182,0.48335270390373963
04013,Maricopa,2050133.0,138000.0,105537.0,17507.877987824006,3505.0,29534.0,5661.020890519338,1058.0,0.05147812361441916,0.014405894641957375,76003.0,0.03707222897246179,0.03520223750668825
54001,Barbour,700.0,130.0,0.0,0.0,0.0,0.0,0.0,0.0,0.0,0.0,0.0,0.0,0.6175438596491228
54005,Boone,1361.0,198.0,0.0,0.0,0.0,0.0,0.0,0.0,0.0,0.0,0.0,0.0,0.5874292897548712
54021,Gilmer,271.0,43.0,0.0,0.0,0.0,0.0,0.0,0.0,0.0,0.0,0.0,0.0,0.5788561525129983
54039,Kanawha,58479.0,6038.0,1055.0,246.37746834658557,53.0,96.0,73.57088644229167,10.0,0.01804066417004395,0.0016416149386959422,959.0,0.016399049231348006,0.17831564355897422
54045,Logan,4236.0,600.0,0.0,0.0,0.0,0.0,0.0,0.0,0.0,0.0,0.0,0.0,0.6743038420867113
54047,McDowell,1131.0,117.0,0.0,0.0,0.0,0.0,0.0,0.0,0.0,0.0,0.0,0.0,0.6124205013093902
54063,Monroe,227.0,101.0,0.0,0.0,0.0,0.0,0.0,0.0,0.0,0.0,0.0,0.0,0.6300448430493274
54067,Nicholas,2333.0,385.0,45.0,19.394105508426136,4.0,45.0,19.394105508426136,4.0,0.01928846978139734,0.01928846978139734,0.0,0.0,0.6114991395890272
54087,Roane,674.0,141.0,13.0,1.9367413212942282,3.0,0.0,0.0,0.0,0.019287833827893175,0.0,13.0,0.019287833827893175,0.5494729054928796
54107,Wood,23060.0,2211.0,367.0,310.67698479968493,23.0,303.0,282.78549720196054,13.0,0.015915004336513442,0.013139635732870771,64.0,0.002775368603642671,0.4377197046080061
55003,Ashland,2692.0,272.0,138.0,64.6404588647615,9.0,138.0,64.6404588647615,9.0,0.0512630014858841,0.0512630014858841,0.0,0.0,-0.04782460524821084
55043,Grant,9695.0,1143.0,1281.0,344.82851802041233,27.0,291.0,96.7409687582967,8.0,0.13212996389891696,0.03001547189272821,990.0,0.10211449200618875,0.1843201428146385
55113,Sawyer,2613.0,398.0,36.0,20.34311787177298,5.0,36.0,20.34311787177298,5.0,0.013777267508610792,0.013777267508610792,0.0,0.0,0.1654114871608747
56029,Park,8380.0,1526.0,163.0,81.37514046638985,23.0,38.0,5.061968691214158,3.0,0.01945107398568019,0.004534606205250597,125.0,0.014916467780429592,0.6011748149054641
60010,Eastern,,,,,,,,,,,,,
60020,Manu'a,,,,,,,,,,,,,
69085,Northern Islands,,,,,,,,,,,,,
69100,Rota,,,,,,,,,,,,,
69110,Saipan,,,,,,,,,,,,,
72023,Cabo Rojo,2617.0,444.0,103.0,0.0,21.0,0.0,0.0,0.0,0.03935804356132977,0.0,103.0,0.03935804356132977,
72031,Carolina,25753.0,1709.0,471.0,0.0,38.0,212.0,0.0,15.0,0.01828913136333631,0.00823205063487749,259.0,0.010057080728458819,
72037,Ceiba,86.0,17.0,0.0,0.0,0.0,0.0,0.0,0.0,0.0,0.0,0.0,0.0,
72039,Ciales,291.0,54.0,46.0,0.0,14.0,0.0,0.0,0.0,0.15807560137457044,0.0,46.0,0.15807560137457044,
72053,Fajardo,2791.0,302.0,65.0,0.0,8.0,16.0,0.0,4.0,0.023289143676101756,0.00573271228950197,49.0,0.017556431386599784,
12086,Miami-Dade,1130222.0,122118.0,44261.0,6038.766628839173,3393.0,8782.0,623.5065942273395,716.0,0.03916133290627859,0.007770154889924281,35479.0,0.031391178016354306,0.11532352006777508
12093,Okeechobee,6602.0,728.0,114.0,50.72799600465065,7.0,0.0,0.0,0.0,0.017267494698576188,0.0,114.0,0.017267494698576188,0.5407231327411485
12097,Osceola,97056.0,9926.0,1051.0,75.60999465700738,128.0,326.0,12.214462349596285,45.0,0.010828799868117375,0.0033588855918232773,725.0,0.007469914276294098,0.014673703179302356
13021,Bibb,46361.0,3595.0,1313.0,445.21435769316463,54.0,942.0,383.0652821015284,23.0,0.028321218265352343,0.02031880244170747,371.0,0.008002415823644873,-0.22539590294929537
13029,Bryan,6011.0,641.0,26.0,14.412909618978091,4.0,26.0,14.412909618978091,4.0,0.004325403427050407,0.004325403427050407,0.0,0.0,0.3654199127136273
39137,Putnam,6004.0,486.0,1614.0,845.3179489316074,31.0,275.0,45.536944141905174,9.0,0.2688207861425716,0.045802798134576946,1339.0,0.22301798800799466,0.6938483547925608
39175,Wyandot,2842.0,254.0,184.0,81.84613895479453,16.0,0.0,0.0,0.0,0.06474313863476425,0.0,184.0,0.06474313863476425,0.516423196104471
40013,Bryan,6820.0,770.0,300.0,31.286006592014026,26.0,126.0,22.064844821478253,8.0,0.04398826979472141,0.01847507331378299,174.0,0.02551319648093842,0.5936930783242259
40027,Cleveland,60767.0,7055.0,786.0,123.54876122361453,71.0,130.0,20.920106451088124,25.0,0.012934652031530271,0.0021393190382938106,656.0,0.01079533299323646,0.15252406627977746
40057,Harmon,81.0,9.0,0.0,0.0,0.0,0.0,0.0,0.0,0.0,0.0,0.0,0.0,0.6224256292906178
40067,Jefferson,106.0,20.0,0.0,0.0,0.0,0.0,0.0,0.0,0.0,0.0,0.0,0.0,0.7272338606241984
40075,Kiowa,106.0,19.0,0.0,0.0,0.0,0.0,0.0,0.0,0.0,0.0,0.0,0.0,0.5921908893709328
40095,Marshall,1692.0,134.0,618.0,451.2660276805872,5.0,618.0,451.2660276805872,5.0,0.36524822695035464,0.36524822695035464,0.0,0.0,0.6412459720730398
40125,Pottawatomie,8100.0,971.0,264.0,100.13519346847593,17.0,108.0,79.52371756002513,5.0,0.03259259259259259,0.013333333333333334,156.0,0.019259259259259254,0.4843334161314361
40135,Sequoyah,3317.0,387.0,0.0,0.0,0.0,0.0,0.0,0.0,0.0,0.0,0.0,0.0,0.6224184959085596
40143,Tulsa,322308.0,25864.0,29408.0,8941.557160284481,780.0,9799.0,5840.424707305243,292.0,0.09124191766881368,0.0304025962743711,19609.0,0.06083932139444258,0.1557056806155658
27011,Big Stone,180.0,23.0,0.0,0.0,0.0,0.0,0.0,0.0,0.0,0.0,0.0,0.0,0.30144927536231886
27013,Blue Earth,24141.0,1639.0,1257.0,436.86297521141927,51.0,526.0,251.46577677529538,12.0,0.05206909407232509,0.021788658299159106,731.0,0.03028043577316598,0.012458168114963863
27031,Cook,404.0,90.0,0.0,0.0,0.0,0.0,0.0,0.0,0.0,0.0,0.0,0.0,-0.3580663293985385
27061,Itasca,7812.0,840.0,146.0,35.76672886688377,17.0,77.0,9.179264872112254,6.0,0.018689196108550948,0.00985663082437276,69.0,0.008832565284178188,0.20493733383972654
27073,Lac qui Parle,314.0,48.0,0.0,0.0,0.0,0.0,0.0,0.0,0.0,0.0,0.0,0.0,0.32856412876852326
27075,Lake,1168.0,149.0,0.0,0.0,0.0,0.0,0.0,0.0,0.0,0.0,0.0,0.0,-0.03956464185909692
27089,Marshall,627.0,127.0,121.0,19.560442568388563,50.0,0.0,0.0,0.0,0.19298245614035087,0.0,121.0,0.19298245614035087,0.5245404968693194
27097,Morrison,4493.0,662.0,227.0,112.65081333005861,24.0,52.0,2.9556150582445375,5.0,0.05052303583351881,0.011573558869352326,175.0,0.038949476964166486,0.5687963148407771
27127,Redwood,2081.0,259.0,0.0,0.0,0.0,0.0,0.0,0.0,0.0,0.0,0.0,0.0,0.43868212324588163
27161,Waseca,1540.0,254.0,0.0,0.0,0.0,0.0,0.0,0.0,0.0,0.0,0.0,0.0,0.331104994101455
27171,Wright,29822.0,3395.0,2554.0,752.8460828191824,104.0,1511.0,481.2547313427434,58.0,0.08564147273824693,0.05066729260277647,1043.0,0.03497418013547046,0.2988625786092129
28001,Adams,4429.0,411.0,174.0,8.05377937560245,7.0,0.0,0.0,0.0,0.03928652065929104,0.0,174.0,0.03928652065929104,-0.1405615696887686
28011,Bolivar,3548.0,397.0,0.0,0.0,0.0,0.0,0.0,0.0,0.0,0.0,0.0,0.0,-0.23895000965064658
28029,Copiah,751.0,132.0,0.0,0.0,0.0,0.0,0.0,0.0,0.0,0.0,0.0,0.0,0.06124567474048443
28043,Grenada,3135.0,307.0,0.0,0.0,0.0,0.0,0.0,0.0,0.0,0.0,0.0,0.0,0.1638348264854289
28083,Leflore,4947.0,434.0,157.0,125.0,53.0,0.0,0.0,0.0,0.03173640590256721,0.0,157.0,0.03173640590256721,-0.3882100750267953
28087,Lowndes,13753.0,1122.0,559.0,160.70149415336385,3.0,0.0,0.0,0.0,0.040645677306769434,0.0,559.0,0.040645677306769434,0.082330562792044
28103,Noxubee,224.0,37.0,0.0,0.0,0.0,0.0,0.0,0.0,0.0,0.0,0.0,0.0,-0.47918552036199097
28121,Rankin,51014.0,4123.0,1275.0,495.2596235280611,46.0,923.0,456.67036336678234,25.0,0.024993139138275767,0.018093072489904733,352.0,0.006900066648371034,0.4761877139045188
35015,Eddy,22730.0,1508.0,1058.0,322.1250432191381,43.0,70.0,0.9246689643766655,9.0,0.04654641443026837,0.0030796304443466782,988.0,0.04346678398592169,0.5657014629094205
35039,Rio Arriba,3082.0,456.0,32.0,0.0,5.0,0.0,0.0,0.0,0.010382868267358857,0.0,32.0,0.010382868267358857,-0.19851671887986702
35045,San Juan,30755.0,2642.0,225.0,6.376855258850066,30.0,150.0,2.0477251266417817,19.0,0.007315883596163225,0.004877255730775484,75.0,0.002438627865387741,0.32477575007732756
35055,Taos,6497.0,949.0,0.0,0.0,0.0,0.0,0.0,0.0,0.0,0.0,0.0,0.0,-0.48828583791803176
36025,Delaware,5384.0,768.0,240.0,88.34564654613465,13.0,0.0,0.0,0.0,0.04457652303120357,0.0,240.0,0.04457652303120357,0.19768956831407974
36031,Essex,6014.0,825.0,180.0,97.09662828658608,18.0,0.0,0.0,0.0,0.02993016295310941,0.0,180.0,0.02993016295310941,-0.005009915457676652
36103,Suffolk,568655.0,54356.0,32334.0,9017.930828727198,1441.0,7809.0,1637.0201705156844,423.0,0.05686048658677054,0.013732403654236752,24525.0,0.043128082932533784,0.09973780586572131
36105,Sullivan,19151.0,1773.0,1576.0,862.9529493940416,41.0,28.0,10.75886191191533,4.0,0.08229335282752859,0.001462064644143909,1548.0,0.08083128818338468,0.167081723200229
36119,Westchester,359345.0,36355.0,5282.0,1562.703886484624,417.0,1630.0,195.22863485623145,108.0,0.014698966174567616,0.004536030833878307,3652.0,0.01016293534068931,-0.2628105854416129
36123,Yates,2256.0,294.0,564.0,325.6005020790847,61.0,29.0,4.709550915388087,4.0,0.25,0.012854609929078014,535.0,0.23714539007092197,0.1616344413753691
37009,Ashe,2929.0,416.0,93.0,88.45504747216256,17.0,0.0,0.0,0.0,0.03175145100716968,0.0,93.0,0.03175145100716968,0.44819427148194274
37013,Beaufort,7149.0,898.0,199.0,2.422119574005344,37.0,0.0,0.0,0.0,0.027836060987550707,0.0,199.0,0.027836060987550707,0.3130385272347694
37017,Bladen,1855.0,245.0,245.0,151.28242825231231,34.0,0.0,0.0,0.0,0.1320754716981132,0.0,245.0,0.1320754716981132,0.20504353047132992
37023,Burke,14877.0,1363.0,2435.0,507.22198743631725,42.0,430.0,102.06672229290027,10.0,0.16367547220541775,0.02890367681656248,2005.0,0.13477179538885528,0.41535615171137835
37037,Chatham,13538.0,2121.0,660.0,335.30790930110965,30.0,123.0,5.5066846359553825,13.0,0.04875166198847688,0.00908553700694342,537.0,0.03966612498153346,-0.12629801440189437
37043,Clay,406.0,119.0,0.0,0.0,0.0,0.0,0.0,0.0,0.0,0.0,0.0,0.0,0.504177545691906
37053,Currituck,3866.0,666.0,0.0,0.0,0.0,0.0,0.0,0.0,0.0,0.0,0.0,0.0,0.48382756880991085
37057,Davidson,31436.0,3150.0,6082.0,1696.4462423428224,144.0,4403.0,1169.381539558841,78.0,0.19347245196589896,0.14006234889935107,1679.0,0.05341010306654789,0.4756212747939941
37065,Edgecombe,4005.0,503.0,84.0,6.326702563570164,21.0,0.0,0.0,0.0,0.020973782771535582,0.0,84.0,0.020973782771535582,-0.22861265718408574
37075,Graham,432.0,46.0,0.0,0.0,0.0,0.0,0.0,0.0,0.0,0.0,0.0,0.0,0.6446421008047437
37085,Harnett,15419.0,2059.0,529.0,277.1407321869328,36.0,380.0,192.07040442841853,7.0,0.03430832090278228,0.02464491860691355,149.0,0.009663402295868734,0.2538148524923703
37089,Henderson,27979.0,3682.0,2227.0,1099.9756329066709,110.0,197.0,58.09757835709582,22.0,0.07959541084384718,0.007040995031988277,2030.0,0.0725544158118589,0.1472014871184176
37095,Hyde,179.0,38.0,59.0,0.882086917007218,11.0,0.0,0.0,0.0,0.329608938547486,0.0,59.0,0.329608938547486,0.22287145242070117
37103,Jones,140.0,29.0,0.0,0.0,0.0,0.0,0.0,0.0,0.0,0.0,0.0,0.0,0.2588626292466765
37115,Madison,985.0,302.0,0.0,0.0,0.0,0.0,0.0,0.0,0.0,0.0,0.0,0.0,0.23830901608679386
37123,Montgomery,2486.0,281.0,675.0,17.65368074917456,6.0,0.0,0.0,0.0,0.2715205148833467,0.0,675.0,0.2715205148833467,0.3808687686082907
28141,Tishomingo,879.0,151.0,24.0,8.07975343042888,4.0,0.0,0.0,0.0,0.027303754266211604,0.0,24.0,0.027303754266211604,0.7949916527545909
42099,Perry,4390.0,589.0,244.0,89.79936836716503,25.0,118.0,32.223702524779355,15.0,0.05558086560364465,0.026879271070615034,126.0,0.028701594533029614,0.4983895042815618
42103,Pike,7336.0,738.0,69.0,39.47771372254457,7.0,0.0,0.0,0.0,0.00940567066521265,0.0,69.0,0.00940567066521265,0.24243560529579739
42127,Wayne,8919.0,1056.0,198.0,92.96710870521076,24.0,18.0,2.728203575671557,6.0,0.022199798183652877,0.0020181634712411706,180.0,0.020181634712411706,0.3737380650901749
42133,York,151401.0,8744.0,22978.0,9121.294284010672,434.0,7235.0,2893.6668118294087,140.0,0.15176914287223994,0.04778700272785517,15743.0,0.10398214014438478,0.255086908958308
48411,San Saba,277.0,48.0,67.0,3.9369511531414694,6.0,0.0,0.0,0.0,0.24187725631768953,0.0,67.0,0.24187725631768953,0.7981018119068162
48429,Stephens,766.0,98.0,0.0,0.0,0.0,0.0,0.0,0.0,0.0,0.0,0.0,0.0,0.8006024096385542
48449,Titus,5414.0,492.0,1362.0,200.33841659199953,18.0,1362.0,200.33841659199953,18.0,0.25157000369412635,0.25157000369412635,0.0,0.0,0.5637301631806202
48453,Travis,766535.0,50415.0,25518.0,2758.8356864618777,968.0,3189.0,592.4157057072268,223.0,0.03329006503290782,0.004160279700209384,22329.0,0.02912978533269844,-0.4141731290346006
48455,Trinity,354.0,49.0,0.0,0.0,0.0,0.0,0.0,0.0,0.0,0.0,0.0,0.0,0.6856881293866341
48467,Van Zandt,7073.0,752.0,615.0,187.20387336571997,23.0,566.0,180.06619277609195,13.0,0.08695037466421603,0.080022621235685,49.0,0.006927753428531025,0.7518431936702032
48473,Waller,9701.0,693.0,1533.0,465.6067133801082,62.0,833.0,231.65777518450574,32.0,0.15802494588186786,0.08586743634676837,700.0,0.07215750953509949,0.2757861250458828
48479,Webb,78010.0,5502.0,388.0,72.85268485975075,44.0,86.0,32.28635148925641,5.0,0.004973721317779772,0.0011024227663120113,302.0,0.0038712985514677604,0.010801120650049095
49033,Rich,142.0,25.0,0.0,0.0,0.0,0.0,0.0,0.0,0.0,0.0,0.0,0.0,0.6996491228070175
49045,Tooele,9379.0,1069.0,0.0,0.0,0.0,0.0,0.0,0.0,0.0,0.0,0.0,0.0,0.4213775571964653
49047,Uintah,8684.0,962.0,350.0,115.4011027149814,15.0,20.0,4.663679006465095,3.0,0.04030400736987563,0.0023030861354214646,330.0,0.03800092123445417,0.7489550511221144
49051,Wasatch,6412.0,1216.0,106.0,88.24999759105333,12.0,37.0,30.79007927765451,5.0,0.01653150343106675,0.005770430442919526,69.0,0.010761072988147226,0.2804945973042219
50017,Orange,2844.0,577.0,167.0,127.21150819057739,21.0,0.0,0.0,0.0,0.05872011251758087,0.0,167.0,0.05872011251758087,-0.2092527953617701
50027,Windsor,14605.0,2579.0,575.0,313.51515414635173,59.0,177.0,161.12080559130405,15.0,0.03937007874015748,0.012119137281752825,398.0,0.027250941458404655,-0.36669997274956856
51007,Amelia,671.0,111.0,35.0,5.952698706135893,7.0,0.0,0.0,0.0,0.05216095380029806,0.0,35.0,0.05216095380029806,0.4458072590738423
51017,Bath,110.0,57.0,0.0,0.0,0.0,0.0,0.0,0.0,0.0,0.0,0.0,0.0,0.5413416536661466
51019,Bedford,11484.0,1894.0,478.0,136.65618052787315,29.0,124.0,50.6720185653489,12.0,0.04162312783002438,0.01079763148728666,354.0,0.03082549634273772,0.5076837659376178
51023,Botetourt,3796.0,499.0,217.0,42.859572561139046,5.0,0.0,0.0,0.0,0.057165437302423606,0.0,217.0,0.057165437302423606,0.45511491870480403
51033,Caroline,1700.0,425.0,17.0,0.7905972865510487,3.0,0.0,0.0,0.0,0.01,0.0,17.0,0.01,0.08896267460499198
51036,Charles City,429.0,33.0,17.0,0.7905972865510487,3.0,0.0,0.0,0.0,0.039627039627039624,0.0,17.0,0.039627039627039624,-0.10857940013950244
51041,Chesterfield,105648.0,9754.0,2271.0,452.8052868390667,128.0,1295.0,197.1209616457753,43.0,0.02149591094956838,0.012257685900348326,976.0,0.009238225049220053,-0.09105408919327788
51057,Essex,479.0,83.0,0.0,0.0,0.0,0.0,0.0,0.0,0.0,0.0,0.0,0.0,0.07807308970099668
51067,Franklin,7679.0,1301.0,30.0,5.073705657471644,4.0,30.0,5.073705657471644,4.0,0.003906758692538091,0.003906758692538091,0.0,0.0,0.4568537859007833
51083,Halifax,2981.0,362.0,9.0,0.41855150464467283,3.0,0.0,0.0,0.0,0.0030191211003019122,0.0,9.0,0.0030191211003019122,0.2119605077574048
51091,Highland,10.0,5.0,0.0,0.0,0.0,0.0,0.0,0.0,0.0,0.0,0.0,0.0,0.4493712772998015
51095,James City,18222.0,1743.0,643.0,132.31162807216467,12.0,0.0,0.0,0.0,0.03528701569531336,0.0,643.0,0.03528701569531336,-0.06294095434942465
51107,Loudoun,159549.0,14067.0,4071.0,1029.5205938418057,218.0,367.0,93.36486981937098,29.0,0.025515672301299287,0.0023002337839785896,3704.0,0.023215438517320698,-0.16790958818720159
51111,Lunenburg,153.0,148.0,0.0,0.0,0.0,0.0,0.0,0.0,0.0,0.0,0.0,0.0,0.2293483837865572
51127,New Kent,1867.0,380.0,56.0,11.060534854487496,3.0,0.0,0.0,0.0,0.029994643813604713,0.0,56.0,0.029994643813604713,0.3209750225699669
51133,Northumberland,647.0,187.0,0.0,0.0,0.0,0.0,0.0,0.0,0.0,0.0,0.0,0.0,0.21326781326781327
51143,Pittsylvania,5037.0,1022.0,16.0,2.1516102384443103,11.0,0.0,0.0,0.0,0.0031764939448084176,0.0,16.0,0.0031764939448084176,0.4338376242295556
51159,Richmond,269.0,94.0,0.0,0.0,0.0,0.0,0.0,0.0,0.0,0.0,0.0,0.0,0.3041586073500967
51165,Rockingham,19320.0,1605.0,3642.0,470.46281436788297,42.0,161.0,17.207328362619997,11.0,0.18850931677018634,0.008333333333333333,3481.0,0.180175983436853,0.37442789381709246
51175,Southampton,682.0,81.0,48.0,2.232274691438255,13.0,0.0,0.0,0.0,0.07038123167155426,0.0,48.0,0.07038123167155426,0.2568910749052157
51179,Stafford,22393.0,2627.0,157.0,47.88554579762419,15.0,0.0,0.0,0.0,0.007011119546286786,0.0,157.0,0.007011119546286786,-0.008088756384252584
51187,Warren,5693.0,743.0,209.0,59.18857135512281,6.0,0.0,0.0,0.0,0.03671175127349376,0.0,209.0,0.03671175127349376,0.38054683998207084
53047,Okanogan,8811.0,1077.0,3472.0,554.1985106374237,196.0,0.0,0.0,0.0,0.39405288843491093,0.0,3472.0,0.39405288843491093,0.15428799760251735
53049,Pacific,2372.0,334.0,106.0,42.89917768807079,15.0,0.0,0.0,0.0,0.04468802698145025,0.0,106.0,0.04468802698145025,0.013371882905674015
53053,Pierce,264956.0,20542.0,10165.0,3924.479731429616,539.0,2902.0,1876.3278295515966,171.0,0.03836486058062471,0.010952761968024879,7263.0,0.027412098612599828,-0.11095679121699345
53061,Snohomish,243147.0,20269.0,49057.0,4152.364576020905,604.0,4369.0,1344.9750734620216,183.0,0.20175860693325437,0.01796855400231136,44688.0,0.183790052930943,-0.1960993349440805
53071,Walla Walla,11263.0,1383.0,1322.0,452.6419925096896,208.0,4.0,0.5801780694597233,3.0,0.11737547722631626,0.00035514516558643347,1318.0,0.11702033206072983,0.08291931985165489
53073,Whatcom,70367.0,6933.0,8743.0,3284.5198556818204,438.0,2128.0,1609.424047339536,77.0,0.12424858243210596,0.03024144840621314,6615.0,0.09400713402589282,-0.257207112023425
54013,Calhoun,280.0,23.0,0.0,0.0,0.0,0.0,0.0,0.0,0.0,0.0,0.0,0.0,0.66099340048628
54017,Doddridge,71.0,12.0,0.0,0.0,0.0,0.0,0.0,0.0,0.0,0.0,0.0,0.0,0.7433962264150943
54019,Fayette,4974.0,843.0,63.0,22.223387595544867,9.0,18.0,7.757642203370454,5.0,0.012665862484921592,0.0036188178528347406,45.0,0.009047044632086852,0.42642348172844347
54023,Grant,988.0,144.0,0.0,0.0,0.0,0.0,0.0,0.0,0.0,0.0,0.0,0.0,0.7993092165060898
54027,Hampshire,1036.0,285.0,0.0,0.0,0.0,0.0,0.0,0.0,0.0,0.0,0.0,0.0,0.6349237009851265
54033,Harrison,21747.0,1998.0,898.0,105.11259445400077,12.0,83.0,55.08942697457553,8.0,0.04129305191520669,0.0038166183841449397,815.0,0.037476433531061754,0.4181843362648016
54037,Jefferson,7722.0,1927.0,12.0,0.0,5.0,0.0,0.0,0.0,0.001554001554001554,0.0,12.0,0.001554001554001554,0.1613875262789068
54043,Lincoln,842.0,127.0,0.0,0.0,0.0,0.0,0.0,0.0,0.0,0.0,0.0,0.0,0.6371116470421336
54065,Morgan,767.0,162.0,61.0,0.0,3.0,0.0,0.0,0.0,0.07953063885267275,0.0,61.0,0.07953063885267275,0.5652076820008932
54071,Pendleton,208.0,63.0,0.0,0.0,0.0,0.0,0.0,0.0,0.0,0.0,0.0,0.0,0.596079596079596
54081,Raleigh,18147.0,2008.0,22.0,14.917160841606243,8.0,8.0,3.4478409792757576,3.0,0.0012123215958560643,0.0004408442166749325,14.0,0.0007714773791811318,0.552462245567958
54093,Tucker,341.0,71.0,35.0,0.0,4.0,0.0,0.0,0.0,0.10263929618768329,0.0,35.0,0.10263929618768329,0.4998595110986232
54095,Tyler,84.0,15.0,0.0,0.0,0.0,0.0,0.0,0.0,0.0,0.0,0.0,0.0,0.6874471086036671
37133,Onslow,35372.0,3911.0,112.0,87.39458262646443,12.0,0.0,0.0,0.0,0.0031663462625805723,0.0,112.0,0.0031663462625805723,0.3630276275978374
37137,Pamlico,723.0,104.0,150.0,0.5203006881632973,13.0,0.0,0.0,0.0,0.2074688796680498,0.0,150.0,0.2074688796680498,0.3229601518026565
37149,Polk,2199.0,445.0,103.0,51.577168083958256,12.0,0.0,0.0,0.0,0.046839472487494316,0.0,103.0,0.046839472487494316,0.2535951755064172
37153,Richmond,4083.0,386.0,598.0,125.26374134454397,5.0,0.0,0.0,0.0,0.1464609355865785,0.0,598.0,0.1464609355865785,0.21016330256618318
37161,Rutherford,8340.0,904.0,503.0,136.37450037543564,18.0,484.0,134.94324773966443,13.0,0.06031175059952038,0.05803357314148681,19.0,0.0022781774580335687,0.48129182426534767
37163,Sampson,8109.0,914.0,731.0,109.46302814138167,84.0,0.0,0.0,0.0,0.09014675052410902,0.0,731.0,0.09014675052410902,0.2995889186773905
37177,Tyrrell,153.0,21.0,44.0,0.6578275313274168,7.0,0.0,0.0,0.0,0.2875816993464052,0.0,44.0,0.2875816993464052,0.21704087507196315
38005,Benson,76.0,24.0,45.0,12.019173859092831,17.0,0.0,0.0,0.0,0.5921052631578947,0.0,45.0,0.5921052631578947,0.18794688457609807
38033,Golden Valley,87.0,10.0,0.0,0.0,0.0,0.0,0.0,0.0,0.0,0.0,0.0,0.0,0.7481940144478845
38053,McKenzie,6260.0,549.0,0.0,0.0,0.0,0.0,0.0,0.0,0.0,0.0,0.0,0.0,0.702354672553348
38059,Morton,6146.0,854.0,0.0,0.0,0.0,0.0,0.0,0.0,0.0,0.0,0.0,0.0,0.5480798215469946
38067,Pembina,1058.0,185.0,281.0,175.17867330423238,69.0,0.0,0.0,0.0,0.2655954631379962,0.0,281.0,0.2655954631379962,0.5389652914210871
38071,Ramsey,2102.0,277.0,42.0,0.0,9.0,0.0,0.0,0.0,0.019980970504281638,0.0,42.0,0.019980970504281638,0.4092151503319016
22067,Morehouse,2775.0,259.0,187.0,0.0021600048710924483,28.0,0.0,0.0,0.0,0.06738738738738739,0.0,187.0,0.06738738738738739,0.22898730257045524
22069,Natchitoches,5358.0,608.0,9.0,0.0,3.0,0.0,0.0,0.0,0.0016797312430011197,0.0,9.0,0.0016797312430011197,0.21898216939078752
22079,Rapides,37816.0,3587.0,698.0,379.95150566531174,88.0,20.0,1.17086692298831,6.0,0.018457795642056272,0.0005288766659614978,678.0,0.017928918976094773,0.3623585784639957
22097,St. Landry,13527.0,1578.0,247.0,13.326461290109826,25.0,15.0,0.8781501922412326,3.0,0.018259776742810676,0.0011088933244621868,232.0,0.01715088341834849,0.1820390708523666
22107,Tensas,92.0,21.0,92.0,0.14258680274279095,21.0,0.0,0.0,0.0,1.0,0.0,92.0,1.0,0.07888992828188338
22113,Vermilion,7112.0,981.0,138.0,7.498022798109726,24.0,47.0,2.7515372690225286,5.0,0.01940382452193476,0.006608548931383577,91.0,0.012795275590551183,0.6520323438432735
22117,Washington,4735.0,524.0,228.0,73.59602424251487,19.0,62.0,3.629687461263761,4.0,0.04815205913410771,0.013093980992608237,166.0,0.03505807814149947,0.4128713239394728
22123,West Carroll,227.0,37.0,68.0,0.0014713076658165953,18.0,0.0,0.0,0.0,0.29955947136563876,0.0,68.0,0.29955947136563876,0.7732541702007351
23007,Franklin,3724.0,558.0,0.0,0.0,0.0,0.0,0.0,0.0,0.0,0.0,0.0,0.0,0.08418820562782968
08065,Lake,592.0,115.0,0.0,0.0,0.0,0.0,0.0,0.0,0.0,0.0,0.0,0.0,-0.17092651757188498
08071,Las Animas,1375.0,301.0,32.0,24.766645805185956,4.0,0.0,0.0,0.0,0.02327272727272727,0.0,32.0,0.02327272727272727,0.13834823776959496
08093,Park,1358.0,418.0,0.0,0.0,0.0,0.0,0.0,0.0,0.0,0.0,0.0,0.0,0.17028022966835205
08105,Rio Grande,1378.0,229.0,257.0,51.5131812709063,30.0,0.0,0.0,0.0,0.18650217706821481,0.0,257.0,0.18650217706821481,0.23755992726070424
08113,San Miguel,2380.0,432.0,0.0,0.0,0.0,0.0,0.0,0.0,0.0,0.0,0.0,0.0,-0.5071535340593637
09001,Fairfield,,,,,,,,,,,,,
09007,Middlesex,,,,,,,,,,,,,
09011,New London,,,,,,,,,,,,,
10005,Sussex,43338.0,6477.0,9189.0,1312.6769061639116,97.0,308.0,118.28559334788171,12.0,0.21203101204485672,0.007106926946328857,8881.0,0.20492408509852786,0.11098922947189448
12033,Escambia,110641.0,8979.0,2128.0,139.66632648083333,146.0,1206.0,72.05345964937946,46.0,0.019233376415614466,0.010900118400954438,922.0,0.008333258014660028,0.19754297923084568
12037,Franklin,1399.0,191.0,0.0,0.0,0.0,0.0,0.0,0.0,0.0,0.0,0.0,0.0,0.4418743471123713
12041,Gilchrist,1024.0,161.0,60.0,6.553738988627865,7.0,0.0,0.0,0.0,0.05859375,0.0,60.0,0.05859375,0.686207873123761
12047,Hamilton,291.0,59.0,36.0,3.9322433931767193,7.0,0.0,0.0,0.0,0.12371134020618557,0.0,36.0,0.12371134020618557,0.39307678791073625
12053,Hernando,35867.0,4222.0,1214.0,122.39187150525156,77.0,744.0,53.85492074768938,24.0,0.033847269077424934,0.020743301642178046,470.0,0.013103967435246888,0.37328103242716854
12071,Lee,245869.0,28197.0,6233.0,858.2605629706125,566.0,1717.0,144.16544009492134,174.0,0.025350898242560062,0.006983393595776613,4516.0,0.01836750464678345,0.2857674127534938
19009,Audubon,405.0,88.0,18.0,0.7998219691000725,6.0,0.0,0.0,0.0,0.044444444444444446,0.0,18.0,0.044444444444444446,0.3907035175879397
19027,Carroll,4394.0,539.0,0.0,0.0,0.0,0.0,0.0,0.0,0.0,0.0,0.0,0.0,0.42500227956597064
19075,Grundy,1403.0,154.0,199.0,0.0,12.0,0.0,0.0,0.0,0.14183891660727013,0.0,199.0,0.14183891660727013,0.4245404018811458
19113,Linn,88834.0,7047.0,6319.0,2393.841747803094,174.0,549.0,214.61703137702227,40.0,0.07113267442645833,0.006180066190872864,5770.0,0.06495260823558546,-0.10050997139184875
19147,Palo Alto,819.0,84.0,0.0,0.0,0.0,0.0,0.0,0.0,0.0,0.0,0.0,0.0,0.4554334554334554
19195,Worth,266.0,52.0,0.0,0.0,0.0,0.0,0.0,0.0,0.0,0.0,0.0,0.0,0.285815770779067
20069,Gray,1157.0,124.0,93.0,0.02571119016479717,26.0,0.0,0.0,0.0,0.08038029386343994,0.0,93.0,0.08038029386343994,0.7001388246182323
20143,Ottawa,86.0,18.0,0.0,0.0,0.0,0.0,0.0,0.0,0.0,0.0,0.0,0.0,0.677397492375466
20181,Sherman,428.0,69.0,71.0,0.013823220518708155,22.0,0.0,0.0,0.0,0.1658878504672897,0.0,71.0,0.1658878504672897,0.7015748031496063
21005,Anderson,1122.0,251.0,23.0,8.125501787835953,3.0,0.0,0.0,0.0,0.020499108734402853,0.0,23.0,0.020499108734402853,0.4989127058092575
21025,Breathitt,340.0,175.0,0.0,0.0,0.0,0.0,0.0,0.0,0.0,0.0,0.0,0.0,0.6022231044065105
21029,Bullitt,18858.0,1319.0,203.0,34.65614309627663,19.0,193.0,29.72850982630381,16.0,0.010764662212323682,0.01023438328560823,10.0,0.000530278926715453,0.5171328589210644
21033,Caldwell,382.0,102.0,30.0,11.370115462983925,4.0,0.0,0.0,0.0,0.07853403141361257,0.0,30.0,0.07853403141361257,0.5892740353172008
21043,Carter,2015.0,352.0,0.0,0.0,0.0,0.0,0.0,0.0,0.0,0.0,0.0,0.0,0.5915293283714337
21049,Clark,5747.0,692.0,599.0,247.2108255114435,9.0,96.0,36.15819739191261,4.0,0.10422829302244649,0.016704367496084914,503.0,0.08752392552636157,0.35880379782818805
21063,Elliott,,,,,,,,,,,,,
21071,Floyd,4557.0,698.0,18.0,6.359088355697701,3.0,0.0,0.0,0.0,0.003949967083607637,0.0,18.0,0.003949967083607637,0.6021316695912133
21085,Grayson,1368.0,291.0,10.0,3.7900384876613087,3.0,0.0,0.0,0.0,0.007309941520467836,0.0,10.0,0.007309941520467836,0.6257848472164086
21097,Harrison,1014.0,153.0,16.0,1.4705414036259181,4.0,16.0,1.4705414036259181,4.0,0.015779092702169626,0.015779092702169626,0.0,0.0,0.4912398921832884
21109,Jackson,301.0,46.0,0.0,0.0,0.0,0.0,0.0,0.0,0.0,0.0,0.0,0.0,0.8274215552523875
21119,Knott,453.0,155.0,0.0,0.0,0.0,0.0,0.0,0.0,0.0,0.0,0.0,0.0,0.6005411804498563
21125,Laurel,12218.0,1181.0,1212.0,798.610201835232,17.0,10.0,3.7664788949908967,3.0,0.09919790473072516,0.000818464560484531,1202.0,0.09837944017024064,0.7069647588284398
21135,Lewis,82.0,22.0,0.0,0.0,0.0,0.0,0.0,0.0,0.0,0.0,0.0,0.0,0.7647889811054212
21139,Livingston,736.0,42.0,461.0,7.0681166542703044,8.0,0.0,0.0,0.0,0.626358695652174,0.0,461.0,0.626358695652174,0.6388832280415733
21153,Magoffin,492.0,72.0,0.0,0.0,0.0,0.0,0.0,0.0,0.0,0.0,0.0,0.0,0.6501827977679431
21159,Martin,221.0,87.0,0.0,0.0,0.0,0.0,0.0,0.0,0.0,0.0,0.0,0.0,0.8418732782369146
21167,Mercer,1201.0,254.0,0.0,0.0,0.0,0.0,0.0,0.0,0.0,0.0,0.0,0.0,0.5133744855967078
21181,Nicholas,71.0,12.0,0.0,0.0,0.0,0.0,0.0,0.0,0.0,0.0,0.0,0.0,0.496793893129771
21183,Ohio,1404.0,227.0,22.0,18.456395728814044,3.0,0.0,0.0,0.0,0.01566951566951567,0.0,22.0,0.01566951566951567,0.6112503480924534
21193,Perry,4442.0,590.0,0.0,0.0,0.0,0.0,0.0,0.0,0.0,0.0,0.0,0.0,0.6019840064783885
21197,Powell,553.0,91.0,0.0,0.0,0.0,0.0,0.0,0.0,0.0,0.0,0.0,0.0,0.5541207747816179
21205,Rowan,3468.0,458.0,468.0,48.640008117205895,5.0,468.0,48.640008117205895,5.0,0.13494809688581316,0.13494809688581316,0.0,0.0,0.28224145035022663
54109,Wyoming,1865.0,199.0,38.0,16.37724465155985,4.0,38.0,16.37724465155985,4.0,0.02037533512064343,0.02037533512064343,0.0,0.0,0.7380729653882133
55023,Crawford,1253.0,126.0,0.0,0.0,0.0,0.0,0.0,0.0,0.0,0.0,0.0,0.0,0.13964114565919983
55037,Florence,219.0,21.0,89.0,38.25167537284867,5.0,0.0,0.0,0.0,0.4063926940639269,0.0,89.0,0.4063926940639269,0.5011150047785919
55051,Iron,180.0,35.0,0.0,0.0,0.0,0.0,0.0,0.0,0.0,0.0,0.0,0.0,0.2645895153313551
55069,Lincoln,3185.0,512.0,335.0,178.99490200039077,17.0,302.0,149.47082914069915,12.0,0.10518053375196232,0.09481946624803768,33.0,0.01036106750392464,0.2554460121612846
55075,Marinette,7963.0,855.0,403.0,154.43633348659765,40.0,276.0,98.85706680754981,20.0,0.0506090669345724,0.03466030390556323,127.0,0.015948763029009168,0.3842640647706041
55111,Sauk,24814.0,1861.0,1909.0,710.5105008400562,60.0,76.0,7.945617636813356,9.0,0.07693237688401709,0.0030627871362940277,1833.0,0.07386958974772306,0.016932648093048418
41007,Clatsop,11255.0,1479.0,730.0,324.9663798741806,24.0,19.0,2.983202464963721,4.0,0.06486006219458018,0.0016881386050644157,711.0,0.06317192358951576,-0.11672458344471175
41017,Deschutes,72083.0,10420.0,3318.0,982.0960508090643,328.0,1136.0,341.46811483091204,93.0,0.04603027066021115,0.01575961044906566,2182.0,0.030270660211145488,-0.10782543632785178
41019,Douglas,24275.0,2819.0,3361.0,1856.2450900812883,109.0,360.0,123.25851322815305,21.0,0.1384552008238929,0.014830072090628218,3001.0,0.12362512873326469,0.3865914891487481
41065,Wasco,5478.0,572.0,1355.0,646.5633885350543,64.0,0.0,0.0,0.0,0.24735304855786783,0.0,1355.0,0.24735304855786783,0.05950720595072059
42003,Allegheny,594664.0,35295.0,24980.0,9715.274233183956,878.0,8041.0,3485.390942040144,259.0,0.04200691482921448,0.013521921622966919,16939.0,0.02848499320624756,-0.20507182089694484
42027,Centre,36375.0,3028.0,2144.0,696.4509112174354,87.0,374.0,112.41099276164148,33.0,0.058941580756013745,0.010281786941580755,1770.0,0.048659793814432986,-0.028643618351928753
42033,Clearfield,16255.0,1474.0,1048.0,453.36229377764204,61.0,597.0,322.21329761817384,26.0,0.06447247000922793,0.03672716087357736,451.0,0.02774530913565057,0.5191885964912281
42041,Cumberland,108996.0,6438.0,3395.0,1224.5062962763882,125.0,701.0,245.08302885540667,51.0,0.03114793203420309,0.0064314286762816985,2694.0,0.024716503357921395,0.09563069027176806
42045,Delaware,186736.0,13821.0,8306.0,2023.3804512563138,238.0,1932.0,722.0982925929756,77.0,0.044479907462942336,0.010346157141633108,6374.0,0.03413375032130923,-0.23988975965757747
42051,Fayette,25452.0,2257.0,1244.0,512.3413575939632,56.0,840.0,357.94835129787504,30.0,0.04887631620304888,0.033003300330033,404.0,0.01587301587301588,0.38120637533435686
42061,Huntingdon,6614.0,704.0,314.0,91.80051529795479,18.0,199.0,51.19027369325332,4.0,0.04747505291805262,0.030087692772905957,115.0,0.01738736014514666,0.5331158947597304
42071,Lancaster,224891.0,13980.0,29621.0,12831.854501593341,1046.0,11716.0,4541.92900638842,400.0,0.13171269637290955,0.052096348897910545,17905.0,0.07961634747499902,0.16112158670298204
42089,Monroe,39412.0,3304.0,1666.0,846.2504266003787,82.0,507.0,317.7114719403344,14.0,0.04227138942454075,0.012864102303866842,1159.0,0.029407287120673906,0.007900050777605895
42095,Northampton,96367.0,6485.0,7563.0,2478.0470506685037,227.0,3734.0,1066.340532817016,94.0,0.078481222825241,0.03874770408957423,3829.0,0.03973351873566677,0.017917856657146743
51063,Floyd,907.0,251.0,10.0,2.475798191142339,3.0,0.0,0.0,0.0,0.011025358324145534,0.0,10.0,0.011025358324145534,0.3764050845677067
51087,Henrico,153423.0,11668.0,2360.0,792.2168258430718,146.0,649.0,114.34897844428075,41.0,0.015382309041017318,0.004230134986279763,1711.0,0.011152174054737556,-0.2931509313069772
53077,Yakima,92291.0,6008.0,31611.0,5111.522623786218,830.0,891.0,532.3348930237196,47.0,0.34251443802754333,0.009654245809450542,30720.0,0.33286019221809277,0.14710597857657365
45027,Clarendon,1931.0,218.0,49.0,0.06623450200809386,15.0,0.0,0.0,0.0,0.025375453133091662,0.0,49.0,0.025375453133091662,0.12406224812449625
45047,Greenwood,13203.0,1216.0,255.0,9.623493925976273,8.0,243.0,7.80674329723117,4.0,0.01931379231992729,0.018404907975460124,12.0,0.0009088843444671653,0.29359272989731305
01043,Cullman,15281.0,1712.0,853.0,230.10500449544566,43.0,710.0,154.29463554013125,36.0,0.05582095412603887,0.04646292781886002,143.0,0.00935802630717885,0.8110099899398732
45029,Colleton,4660.0,599.0,112.0,37.47227952956932,7.0,112.0,37.47227952956932,7.0,0.0240343347639485,0.0240343347639485,0.0,0.0,0.183709606020363
45071,Newberry,5487.0,548.0,0.0,0.0,0.0,0.0,0.0,0.0,0.0,0.0,0.0,0.0,0.3476658476658477
46067,Hutchinson,847.0,85.0,189.0,139.3141192414605,3.0,0.0,0.0,0.0,0.2231404958677686,0.0,189.0,0.2231404958677686,0.5888919139667846
01033,Colbert,10912.0,1163.0,952.0,95.99039873774714,48.0,522.0,57.247005702678905,24.0,0.0872434017595308,0.04783724340175953,430.0,0.03940615835777127,0.4683996871624893
02050,Bethel,543.0,35.0,0.0,0.0,0.0,0.0,0.0,0.0,0.0,0.0,0.0,0.0,
04007,Gila,6392.0,669.0,854.0,1.5080995438073292,3.0,0.0,0.0,0.0,0.13360450563204004,0.0,854.0,0.13360450563204004,0.3793833242109104
05039,Dallas,178.0,35.0,0.0,0.0,0.0,0.0,0.0,0.0,0.0,0.0,0.0,0.0,0.3
06039,Madera,36194.0,5458.0,11831.0,278.7539699550548,399.0,244.0,16.435718845209635,5.0,0.3268773829916561,0.006741448858926894,11587.0,0.32013593413272917,0.21308954524144397
08043,Fremont,5573.0,719.0,54.0,28.274197698502764,15.0,31.0,9.10374301290991,10.0,0.009689574735331061,0.00556253364435672,23.0,0.0041270410909743415,0.3940174725230484
12013,Calhoun,332.0,52.0,0.0,0.0,0.0,0.0,0.0,0.0,0.0,0.0,0.0,0.0,0.6803381340012523
12069,Lake,100631.0,10323.0,4668.0,1036.8286647784525,266.0,982.0,76.99650865212044,73.0,0.04638729616122268,0.00975842434239946,3686.0,0.036628871818823225,0.24863361268362913
12129,Wakulla,1756.0,300.0,0.0,0.0,0.0,0.0,0.0,0.0,0.0,0.0,0.0,0.0,0.44724945395438614
13219,Oconee,10107.0,1293.0,192.0,32.789160125669774,12.0,0.0,0.0,0.0,0.018996734936182844,0.0,192.0,0.018996734936182844,0.3625203372282207
16035,Clearwater,332.0,57.0,38.0,7.890071547218693,3.0,38.0,7.890071547218693,3.0,0.1144578313253012,0.1144578313253012,0.0,0.0,0.6419981498612396
16069,Nez Perce,8979.0,1065.0,137.0,50.123705833588225,29.0,28.0,2.2254604963753293,6.0,0.015257823811114823,0.003118387348257044,109.0,0.01213943646285778,0.39618029029793733
17153,Pulaski,18.0,4.0,0.0,0.0,0.0,0.0,0.0,0.0,0.0,0.0,0.0,0.0,0.3460884353741497
18071,Jackson,8077.0,707.0,711.0,229.01208406048195,22.0,642.0,204.05835474761884,10.0,0.08802773306920886,0.07948495728612108,69.0,0.008542775783087778,0.5621114625368088
19087,Henry,2660.0,323.0,71.0,1.2553763653715668,7.0,12.0,1.2553763653715668,3.0,0.02669172932330827,0.004511278195488722,59.0,0.022180451127819547,0.365062539749841
21003,Allen,682.0,178.0,0.0,0.0,0.0,0.0,0.0,0.0,0.0,0.0,0.0,0.0,0.6773501983063566
21051,Clay,489.0,118.0,0.0,0.0,0.0,0.0,0.0,0.0,0.0,0.0,0.0,0.0,0.8135022234200242
21165,Menifee,7.0,6.0,0.0,0.0,0.0,0.0,0.0,0.0,0.0,0.0,0.0,0.0,0.5884722652618531
46085,Lyman,203.0,19.0,0.0,0.0,0.0,0.0,0.0,0.0,0.0,0.0,0.0,0.0,0.40353356890459363
47057,Grainger,711.0,90.0,194.0,71.78503249968199,13.0,0.0,0.0,0.0,0.27285513361462727,0.0,194.0,0.27285513361462727,0.7410956427409149
02195,Petersburg,75.0,17.0,0.0,0.0,0.0,0.0,0.0,0.0,0.0,0.0,0.0,0.0,
06009,Calaveras,4515.0,1021.0,256.0,33.36253914623826,35.0,83.0,5.353283972821936,4.0,0.056699889258028796,0.01838316722037652,173.0,0.038316722037652275,0.2884600480508409
08097,Pitkin,12842.0,1698.0,0.0,0.0,0.0,0.0,0.0,0.0,0.0,0.0,0.0,0.0,-0.45221530574880997
13007,Baker,28.0,8.0,28.0,2.4169751119858724,8.0,0.0,0.0,0.0,1.0,0.0,28.0,1.0,0.19891378139850646
21055,Crittenden,125.0,24.0,0.0,0.0,0.0,0.0,0.0,0.0,0.0,0.0,0.0,0.0,0.6926964872378064
22017,Caddo,84539.0,7274.0,1975.0,186.27038379363057,117.0,1435.0,122.14207031753904,57.0,0.023361998604194512,0.016974414175705888,540.0,0.006387584428488625,-0.03397646917672113
22115,Vernon,4698.0,607.0,0.0,0.0,0.0,0.0,0.0,0.0,0.0,0.0,0.0,0.0,0.6636581643775888
26137,Otsego,3814.0,412.0,0.0,0.0,0.0,0.0,0.0,0.0,0.0,0.0,0.0,0.0,0.35827246744998414
29019,Boone,59375.0,4685.0,533.0,177.15760525638797,53.0,58.0,16.735987146476514,14.0,0.008976842105263158,0.000976842105263158,475.0,0.008,-0.09961985815602836
30005,Blaine,24.0,7.0,0.0,0.0,0.0,0.0,0.0,0.0,0.0,0.0,0.0,0.0,0.061934585942936674
37029,Camden,209.0,64.0,24.0,0.35881501708768193,7.0,0.0,0.0,0.0,0.11483253588516747,0.0,24.0,0.11483253588516747,0.512023084321898
40089,McCurtain,3747.0,427.0,302.0,12.869646692144183,20.0,28.0,5.069427047827657,6.0,0.08059781158259942,0.007472644782492661,274.0,0.07312516680010676,0.6966282085681066
41023,Grant,551.0,109.0,0.0,0.0,0.0,0.0,0.0,0.0,0.0,0.0,0.0,0.0,0.6209939619136089
46117,Stanley,329.0,38.0,22.0,1.191345193929505,6.0,0.0,0.0,0.0,0.0668693009118541,0.0,22.0,0.0668693009118541,0.47627416520210897
47091,Johnson,359.0,93.0,0.0,0.0,0.0,0.0,0.0,0.0,0.0,0.0,0.0,0.0,0.6985449570948887
39047,Fayette,3875.0,335.0,15.0,0.0,6.0,0.0,0.0,0.0,0.003870967741935484,0.0,15.0,0.003870967741935484,0.5555733632502604
39061,Hamilton,450317.0,26140.0,40530.0,15133.371955595134,908.0,6160.0,2337.741965749916,251.0,0.0900032643671014,0.013679252615379833,34370.0,0.07632401175172157,-0.15033581859633988
39095,Lucas,153461.0,10141.0,11097.0,5574.204656293839,339.0,2176.0,713.8014992998825,116.0,0.07231153192016213,0.014179498374179759,8921.0,0.05813203354598237,-0.1267605633802817
45055,Kershaw,8840.0,1080.0,326.0,38.87628141115634,19.0,30.0,7.988919303550198,6.0,0.03687782805429864,0.003393665158371041,296.0,0.0334841628959276,0.2857617393930243
45059,Laurens,6096.0,554.0,616.0,98.54974300783266,19.0,281.0,17.728487246323905,13.0,0.1010498687664042,0.04609580052493438,335.0,0.054954068241469825,0.4130325646775327
45069,Marlboro,1075.0,111.0,27.0,0.017457482478343778,4.0,0.0,0.0,0.0,0.025116279069767444,0.0,27.0,0.025116279069767444,-0.02402073158576697
45073,Oconee,12091.0,1534.0,800.0,133.74526582798728,27.0,84.0,4.062389984447728,11.0,0.06616491605326276,0.006947316185592589,716.0,0.05921759986767017,0.5216839483704112
45083,Spartanburg,105149.0,7695.0,15207.0,2764.166279767692,383.0,3278.0,567.0742640657558,159.0,0.144623344016586,0.031174809080447747,11929.0,0.11344853493613825,0.3403233989410831
45089,Williamsburg,1957.0,308.0,272.0,41.968260135155255,6.0,0.0,0.0,0.0,0.13898824731732243,0.0,272.0,0.13898824731732243,-0.21966379432123181
46009,Bon Homme,359.0,70.0,13.0,0.7039767055037983,7.0,0.0,0.0,0.0,0.036211699164345405,0.0,13.0,0.036211699164345405,0.5247187180361405
06043,Mariposa,1378.0,435.0,0.0,0.0,0.0,0.0,0.0,0.0,0.0,0.0,0.0,0.0,0.21661079268952094
06095,Solano,107551.0,13480.0,7102.0,1271.180496437066,286.0,2301.0,322.1446923754751,58.0,0.06603378862121226,0.02139450121337784,4801.0,0.04463928740783442,-0.23679899317572772
08035,Douglas,120399.0,15241.0,520.0,286.8373242728645,66.0,52.0,18.719707936521342,5.0,0.0043189727489430976,0.0004318972748943098,468.0,0.003887075474048788,0.07165169280960569
10003,New Castle,207089.0,25280.0,3755.0,518.7795886117974,189.0,585.0,129.81174792503637,50.0,0.018132300605053865,0.002824872397857926,3170.0,0.015307428207195939,-0.33079007835974783
12079,Madison,1126.0,147.0,0.0,0.0,0.0,0.0,0.0,0.0,0.0,0.0,0.0,0.0,0.2902800658978583
12113,Santa Rosa,32476.0,4061.0,210.0,10.78621319722284,55.0,97.0,5.5010290035741445,21.0,0.006466313585416923,0.002986821037073531,113.0,0.003479492548343392,0.514409648941616
13001,Appling,2500.0,215.0,122.0,51.321216863170804,24.0,79.0,38.8875231524146,9.0,0.0488,0.0316,43.0,0.0172,0.6250450666987141
13079,Crawford,292.0,28.0,185.0,80.55376159311491,7.0,0.0,0.0,0.0,0.6335616438356164,0.0,185.0,0.6335616438356164,0.49968374446552816
13135,Gwinnett,336000.0,32847.0,19788.0,4573.339656644628,845.0,5476.0,1632.2146517641213,220.0,0.05889285714285714,0.016297619047619047,14312.0,0.042595238095238096,-0.1671672105268224
13311,White,3967.0,522.0,60.0,7.10267476577547,6.0,0.0,0.0,0.0,0.015124779430299974,0.0,60.0,0.015124779430299974,0.6883845924156464
47107,McMinn,7348.0,528.0,2651.0,880.2442522131926,24.0,629.0,213.44899247410643,18.0,0.36077844311377244,0.08560152422427872,2022.0,0.2751769188894937,0.6476549413735343
47117,Marshall,2806.0,315.0,12.0,2.240522077969981,3.0,12.0,2.240522077969981,3.0,0.0042765502494654314,0.0042765502494654314,0.0,0.0,0.571320182094082
47123,Monroe,5739.0,435.0,413.0,87.35173682163813,8.0,43.0,8.028537446059099,4.0,0.0719637567520474,0.0074925945286635305,370.0,0.06447116222338387,0.6739857233215867
47143,Rhea,3932.0,281.0,844.0,438.95414415917776,14.0,749.0,402.5893399432885,5.0,0.21464903357070192,0.1904883011190234,95.0,0.024160732451678518,0.6763264734705305
47151,Scott,1713.0,177.0,294.0,86.9109684667809,8.0,26.0,4.854464502268293,5.0,0.17162872154115585,0.015178050204319907,268.0,0.15645067133683593,0.8027225130890052
47155,Sevier,42099.0,2871.0,1398.0,144.17619220815322,71.0,68.0,42.088749803157256,6.0,0.033207439606641485,0.0016152402669897146,1330.0,0.03159219933965177,0.6176342208642515
47157,Shelby,362808.0,21705.0,20234.0,5746.321781874296,578.0,5374.0,2310.987622594492,178.0,0.05577054530219841,0.014812242287931909,14860.0,0.0409583030142665,-0.2583355162219811
47165,Sumner,44954.0,4593.0,3803.0,1381.6234468401574,158.0,1447.0,615.6760212031824,54.0,0.08459758864617165,0.032188459313965384,2356.0,0.05240912933220626,0.4231433863474095
47167,Tipton,3811.0,496.0,68.0,4.950032753303773,15.0,0.0,0.0,0.0,0.01784308580425085,0.0,68.0,0.01784308580425085,0.5334013065971829
47185,White,2365.0,236.0,1204.0,287.04737088734987,19.0,70.0,2.962362368834258,6.0,0.509090909090909,0.02959830866807611,1134.0,0.4794926004228329,0.6716580876618312
47189,Wilson,48412.0,3954.0,1932.0,740.3395133517222,97.0,915.0,314.41258752196995,39.0,0.03990746096009254,0.018900272659671157,1017.0,0.021007188300421382,0.40570503238664674
48001,Anderson,8728.0,1208.0,0.0,0.0,0.0,0.0,0.0,0.0,0.0,0.0,0.0,0.0,0.6228827483196415
48005,Angelina,21452.0,1563.0,823.0,136.29826788750978,35.0,136.0,26.947649040732642,12.0,0.038364721238113,0.0063397352228230465,687.0,0.032024986015289955,0.534406405752104
48029,Bexar,772194.0,44357.0,35913.0,5845.276816997016,914.0,12550.0,2737.8889061400264,236.0,0.046507742872904996,0.01625239253348252,23363.0,0.030255350339422477,-0.1066211753598127
48037,Bowie,22414.0,1823.0,1086.0,163.04321709202702,31.0,903.0,131.57568252237104,27.0,0.04845186044436513,0.04028732042473454,183.0,0.008164540019630587,0.4895218464036978
48043,Brewster,1078.0,183.0,0.0,0.0,0.0,0.0,0.0,0.0,0.0,0.0,0.0,0.0,0.1336300063572791
48051,Burleson,1314.0,159.0,12.0,0.1725046053344782,5.0,0.0,0.0,0.0,0.0091324200913242,0.0,12.0,0.0091324200913242,0.6414957780458383
48057,Calhoun,4782.0,346.0,969.0,56.52349082522427,7.0,0.0,0.0,0.0,0.20263488080301129,0.0,969.0,0.20263488080301129,0.5147911178020323
48067,Cass,2857.0,243.0,0.0,0.0,0.0,0.0,0.0,0.0,0.0,0.0,0.0,0.0,0.6666932143994903
48091,Comal,56177.0,4824.0,713.0,210.47284123804252,56.0,537.0,175.83081428318846,29.0,0.012692026986133115,0.009559072218167578,176.0,0.003132954767965537,0.4613135166862318
48109,Culberson,24.0,7.0,0.0,0.0,0.0,0.0,0.0,0.0,0.0,0.0,0.0,0.0,0.143317230273752
48119,Delta,26.0,6.0,17.0,0.2443815242238441,3.0,0.0,0.0,0.0,0.6538461538461539,0.0,17.0,0.6538461538461539,0.701976460137686
48173,Glasscock,88.0,56.0,88.0,1.26503377245284,56.0,0.0,0.0,0.0,1.0,0.0,88.0,1.0,0.8856152512998267
48187,Guadalupe,27034.0,2232.0,1382.0,331.0627722863798,61.0,775.0,185.66955364659643,25.0,0.05112081083080565,0.028667603758230378,607.0,0.02245320707257527,0.2976326594251858
48205,Hartley,205.0,35.0,51.0,0.024284647865114143,11.0,0.0,0.0,0.0,0.24878048780487805,0.0,51.0,0.24878048780487805,0.8404494382022472
48215,Hidalgo,228537.0,13346.0,4269.0,955.228158329928,343.0,1117.0,238.97031733422259,63.0,0.018679688628099607,0.0048876111964364635,3152.0,0.013792077431663143,0.014595281431367835
48225,Houston,3663.0,614.0,80.0,1.6900711842838687,4.0,0.0,0.0,0.0,0.02184002184002184,0.0,80.0,0.02184002184002184,0.5514525174869241
48263,Kent,,,,,,,,,,,,,
48273,Kleberg,3733.0,289.0,0.0,0.0,0.0,0.0,0.0,0.0,0.0,0.0,0.0,0.0,0.11619657875164482
48287,Lee,1248.0,161.0,0.0,0.0,0.0,0.0,0.0,0.0,0.0,0.0,0.0,0.0,0.616848926690968
48301,Loving,,,,,,,,,,,,,
48311,McMullen,,,,,,,,,,,,,
48315,Marion,316.0,38.0,0.0,0.0,0.0,0.0,0.0,0.0,0.0,0.0,0.0,0.0,0.5268737672583826
48339,Montgomery,194889.0,14918.0,10511.0,1979.5231116402756,535.0,4215.0,949.8791286718086,227.0,0.05393326457624596,0.021627695765281774,6296.0,0.03230556881096419,0.46423530903787447
48343,Morris,182.0,40.0,0.0,0.0,0.0,0.0,0.0,0.0,0.0,0.0,0.0,0.0,0.5234468501795234
48349,Navarro,6681.0,564.0,483.0,93.24560028440365,13.0,455.0,90.44469190396164,9.0,0.07229456668163449,0.0681035773087861,28.0,0.004190989372848383,0.5281108206376394
48373,Polk,5399.0,567.0,0.0,0.0,0.0,0.0,0.0,0.0,0.0,0.0,0.0,0.0,0.5942709980571996
48377,Presidio,278.0,43.0,0.0,0.0,0.0,0.0,0.0,0.0,0.0,0.0,0.0,0.0,-0.3271783035199077
48383,Reagan,373.0,41.0,0.0,0.0,0.0,0.0,0.0,0.0,0.0,0.0,0.0,0.0,0.713410900183711
48405,San Augustine,240.0,33.0,64.0,9.196983644147307,9.0,0.0,0.0,0.0,0.26666666666666666,0.0,64.0,0.26666666666666666,0.564905719183419
48407,San Jacinto,532.0,88.0,0.0,0.0,0.0,0.0,0.0,0.0,0.0,0.0,0.0,0.0,0.6621177318380399
46041,Dewey,100.0,13.0,0.0,0.0,0.0,0.0,0.0,0.0,0.0,0.0,0.0,0.0,-0.13095890410958905
46071,Jackson,65.0,7.0,0.0,0.0,0.0,0.0,0.0,0.0,0.0,0.0,0.0,0.0,0.3567567567567568
46075,Jones,,,,,,,,,,,,,
46079,Lake,1602.0,245.0,270.0,164.47235218377108,4.0,0.0,0.0,0.0,0.16853932584269662,0.0,270.0,0.16853932584269662,0.31757805761600827
46127,Union,4305.0,616.0,231.0,153.34357559630217,14.0,0.0,0.0,0.0,0.05365853658536585,0.0,231.0,0.05365853658536585,0.41479099678456594
47013,Campbell,3177.0,390.0,30.0,5.6013051949249535,5.0,30.0,5.6013051949249535,5.0,0.009442870632672332,0.009442870632672332,0.0,0.0,0.7010376134889753
47021,Cheatham,4081.0,560.0,294.0,105.25318640851621,22.0,258.0,93.09649270499352,17.0,0.07204116638078903,0.06321979906885568,36.0,0.00882136731193335,0.4656496014864799
47031,Coffee,13187.0,1073.0,1877.0,654.3313610842475,36.0,448.0,150.5719479907972,10.0,0.14233715022370516,0.03397285205126261,1429.0,0.10836429817244256,0.5579751361014057
47035,Cumberland,9223.0,907.0,13.0,2.4272322511341464,4.0,13.0,2.4272322511341464,4.0,0.0014095196790632116,0.0014095196790632116,0.0,0.0,0.5931966855647623
47037,Davidson,439475.0,31051.0,9497.0,3237.6919997217515,596.0,2837.0,891.7323627680662,145.0,0.02160987541953467,0.006455429774162353,6660.0,0.015154445645372319,-0.28018640142476015
47041,DeKalb,805.0,143.0,0.0,0.0,0.0,0.0,0.0,0.0,0.0,0.0,0.0,0.0,0.6333154218162278
47065,Hamilton,175605.0,11538.0,11518.0,3925.957179853438,354.0,4080.0,1411.4556972436599,112.0,0.0655903875174397,0.023233962586486717,7438.0,0.042356424930952985,0.1325976507877319
47089,Jefferson,3907.0,530.0,439.0,32.48427653384039,11.0,393.0,19.086190810671965,7.0,0.11236242641412848,0.10058868697210135,46.0,0.011773739442027129,0.6478041531422314
56003,Big Horn,1031.0,223.0,114.0,86.88735484518746,23.0,0.0,0.0,0.0,0.11057225994180407,0.0,114.0,0.11057225994180407,0.7354252094847566
56013,Fremont,7527.0,1432.0,130.0,56.62552612530906,17.0,11.0,1.4653067264040984,3.0,0.017271157167530225,0.0014614056064833267,119.0,0.015809751561046897,0.3809096886019963
56031,Platte,971.0,150.0,0.0,0.0,0.0,0.0,0.0,0.0,0.0,0.0,0.0,0.0,0.664804469273743
56035,Sublette,1652.0,304.0,0.0,0.0,0.0,0.0,0.0,0.0,0.0,0.0,0.0,0.0,0.6186528497409326
01041,Crenshaw,1036.0,106.0,544.0,58.138444025133,4.0,0.0,0.0,0.0,0.525096525096525,0.0,544.0,0.525096525096525,0.5487068297971194
02100,Haines,343.0,31.0,0.0,0.0,0.0,0.0,0.0,0.0,0.0,0.0,0.0,0.0,
04001,Apache,3437.0,152.0,0.0,0.0,0.0,0.0,0.0,0.0,0.0,0.0,0.0,0.0,-0.1919032431237566
05001,Arkansas,2474.0,335.0,88.0,1.049682374120591,35.0,0.0,0.0,0.0,0.03556992724333064,0.0,88.0,0.03556992724333064,0.44884488448844884
05029,Conway,1837.0,211.0,0.0,0.0,0.0,0.0,0.0,0.0,0.0,0.0,0.0,0.0,0.4128506353392472
05057,Hempstead,983.0,108.0,0.0,0.0,0.0,0.0,0.0,0.0,0.0,0.0,0.0,0.0,0.40492544814876863
39115,Morgan,118.0,10.0,0.0,0.0,0.0,0.0,0.0,0.0,0.0,0.0,0.0,0.0,0.5362663495838288
40113,Osage,1558.0,183.0,142.0,25.709237171125974,7.0,142.0,25.709237171125974,7.0,0.09114249037227215,0.09114249037227215,0.0,0.0,0.42114350550046864
41015,Curry,2896.0,574.0,23.0,10.922893155371934,5.0,0.0,0.0,0.0,0.007941988950276244,0.0,23.0,0.007941988950276244,0.16473757006624445
42049,Erie,87840.0,5857.0,11906.0,4556.903684338808,382.0,3917.0,1490.3636323586227,157.0,0.13554189435336977,0.044592440801457196,7989.0,0.09094945355191258,0.010343158110943208
42101,Philadelphia,602422.0,32337.0,12749.0,5257.2267292098695,546.0,3053.0,1115.6611542418716,120.0,0.021162905737174272,0.005067876007184333,9696.0,0.01609502972998994,-0.5951335564651653
45009,Bamberg,518.0,57.0,0.0,0.0,0.0,0.0,0.0,0.0,0.0,0.0,0.0,0.0,-0.15459882583170254
45057,Lancaster,18281.0,1900.0,156.0,15.276013419950715,23.0,126.0,10.929590631752609,10.0,0.008533450030085881,0.006892401947377058,30.0,0.0016410480827088233,0.25064628317431975
45087,Union,1746.0,183.0,0.0,0.0,0.0,0.0,0.0,0.0,0.0,0.0,0.0,0.0,0.3297226325291318
47025,Claiborne,1461.0,230.0,0.0,0.0,0.0,0.0,0.0,0.0,0.0,0.0,0.0,0.0,0.7065654309959803
47053,Gibson,5486.0,626.0,322.0,37.26224280729167,35.0,140.0,5.924724737668516,8.0,0.05869485964272694,0.025519504192489974,182.0,0.03317535545023697,0.5243868320432715
47135,Perry,182.0,20.0,0.0,0.0,0.0,0.0,0.0,0.0,0.0,0.0,0.0,0.0,0.6981336218555586
47163,Sullivan,43731.0,3377.0,2107.0,566.5226349639066,101.0,797.0,257.45539268611213,27.0,0.048180924287118974,0.018225057739361093,1310.0,0.029955866547757882,0.5553772499933135
48089,Colorado,2396.0,318.0,47.0,0.022379969601183623,21.0,0.0,0.0,0.0,0.01961602671118531,0.0,47.0,0.01961602671118531,0.5783722894959167
48135,Ector,65008.0,3889.0,2988.0,665.188596267097,190.0,1226.0,207.66521006569536,61.0,0.04596357371400443,0.018859217327098204,1762.0,0.02710435638690623,0.5300894179603928
48203,Harrison,9426.0,927.0,725.0,82.93111218289565,25.0,290.0,24.766030030065686,13.0,0.07691491618926374,0.030765966475705495,435.0,0.04614894971355825,0.5184307434280089
48323,Maverick,9483.0,638.0,64.0,8.887159855144601,5.0,0.0,0.0,0.0,0.00674891911842244,0.0,64.0,0.00674891911842244,0.1734550294732839
48351,Newton,131.0,25.0,0.0,0.0,0.0,0.0,0.0,0.0,0.0,0.0,0.0,0.0,0.6883804681707446
48379,Rains,369.0,60.0,46.0,17.269443819834823,4.0,46.0,17.269443819834823,4.0,0.12466124661246612,0.12466124661246612,0.0,0.0,0.7372988457325806
48409,San Patricio,9970.0,711.0,1466.0,113.40593762023185,51.0,1193.0,111.37424681189191,6.0,0.14704112337011033,0.11965897693079237,273.0,0.027382146439317953,0.36894727403156385
48465,Val Verde,8405.0,550.0,0.0,0.0,0.0,0.0,0.0,0.0,0.0,0.0,0.0,0.0,0.26523297491039427
49007,Carbon,2593.0,279.0,99.0,39.0928821483061,7.0,57.0,32.774873659609064,3.0,0.03817971461627458,0.021982259930582337,42.0,0.016197454685692246,0.45369969710082214
49019,Grand,3782.0,347.0,0.0,0.0,0.0,0.0,0.0,0.0,0.0,0.0,0.0,0.0,-0.09718719689621727
51005,Alleghany,627.0,211.0,0.0,0.0,0.0,0.0,0.0,0.0,0.0,0.0,0.0,0.0,0.4848300231509687
51029,Buckingham,648.0,145.0,103.0,9.754608688970256,5.0,0.0,0.0,0.0,0.15895061728395063,0.0,103.0,0.15895061728395063,0.23726866624122528
51089,Henry,6108.0,530.0,727.0,156.7505122541009,19.0,244.0,37.169459621925924,7.0,0.11902423051735429,0.03994760969220694,483.0,0.07907662082514735,0.3303242665399691
51141,Patrick,224.0,57.0,0.0,0.0,0.0,0.0,0.0,0.0,0.0,0.0,0.0,0.0,0.6083887043189369
51193,Westmoreland,898.0,168.0,76.0,32.550464553992114,17.0,0.0,0.0,0.0,0.08463251670378619,0.0,76.0,0.08463251670378619,0.14408233276157806
53011,Clark,141536.0,15174.0,5641.0,2047.4542957518875,386.0,1867.0,938.5721744015508,122.0,0.03985558444494687,0.013190990278091792,3774.0,0.026664594166855078,-0.07188515141988892
53045,Mason,5551.0,800.0,119.0,45.783026248613865,23.0,0.0,0.0,0.0,0.021437578814627996,0.0,119.0,0.021437578814627996,0.025804991228566578
54025,Greenbrier,6885.0,853.0,208.0,150.34173475874323,4.0,208.0,150.34173475874323,4.0,0.030210602759622368,0.030210602759622368,0.0,0.0,0.4296200638890777
55001,Adams,1100.0,240.0,361.0,67.14251995187267,16.0,0.0,0.0,0.0,0.3281818181818182,0.0,361.0,0.3281818181818182,0.27199737833852206
72097,Mayagüez,17054.0,1270.0,1376.0,0.0,50.0,0.0,0.0,0.0,0.080684883311833,0.0,1376.0,0.080684883311833,
72151,Yabucoa,355.0,65.0,34.0,0.0,16.0,0.0,0.0,0.0,0.09577464788732394,0.0,34.0,0.09577464788732394,
08027,Custer,222.0,68.0,0.0,0.0,0.0,0.0,0.0,0.0,0.0,0.0,0.0,0.0,0.36992840095465396
08051,Gunnison,5217.0,928.0,139.0,66.83927986376061,17.0,55.0,11.364789459951357,5.0,0.026643664941537283,0.010542457350967989,84.0,0.016101207590569294,-0.30238275340393345
05041,Desha,1171.0,207.0,108.0,0.5448937217679501,35.0,0.0,0.0,0.0,0.09222886421861656,0.0,108.0,0.09222886421861656,0.04850421144350857
13261,Sumter,2653.0,297.0,74.0,11.592934933377812,5.0,0.0,0.0,0.0,0.02789295137580098,0.0,74.0,0.02789295137580098,-0.022240733027905038
18179,Wells,4493.0,387.0,1277.0,535.5307700551775,24.0,51.0,16.948995534476218,8.0,0.2842198976185177,0.01135099042955709,1226.0,0.2728689071889606,0.5886258660508084
22111,Union,1527.0,178.0,0.0,0.0,0.0,0.0,0.0,0.0,0.0,0.0,0.0,0.0,0.5866070833055426
23003,Aroostook,15075.0,1584.0,1698.0,1460.1640629147598,111.0,113.0,31.993847617864127,13.0,0.11263681592039801,0.007495854063018242,1585.0,0.10514096185737977,0.26591930802936325
40133,Seminole,2086.0,191.0,69.0,27.584936624958416,4.0,0.0,0.0,0.0,0.03307766059443912,0.0,69.0,0.03307766059443912,0.5062009617818274
35019,Guadalupe,186.0,7.0,0.0,0.0,0.0,0.0,0.0,0.0,0.0,0.0,0.0,0.0,-0.007352941176470588
37105,Lee,12489.0,1369.0,805.0,183.12542319992147,25.0,760.0,162.13967403903388,17.0,0.06445672191528545,0.06085355112498999,45.0,0.0036031707902954638,0.17636375866011972
37125,Moore,27603.0,3082.0,274.0,113.68610753992158,33.0,17.0,8.592623356008197,8.0,0.009926457269137413,0.0006158750860413723,257.0,0.009310582183096041,0.2977904443680081
19035,Cherokee,1872.0,169.0,41.0,10.58491458480533,13.0,0.0,0.0,0.0,0.0219017094017094,0.0,41.0,0.0219017094017094,0.4638042935596605
20033,Comanche,,,,,,,,,,,,,
20149,Pottawatomie,3364.0,390.0,0.0,0.0,0.0,0.0,0.0,0.0,0.0,0.0,0.0,0.0,0.4859522907989398
21027,Breckinridge,606.0,133.0,69.0,13.060785611858378,9.0,49.0,4.503533048604374,6.0,0.11386138613861387,0.08085808580858085,20.0,0.033003300330033014,0.5891129032258065
21147,McCreary,345.0,111.0,0.0,0.0,0.0,0.0,0.0,0.0,0.0,0.0,0.0,0.0,0.7922877511341543
21175,Morgan,237.0,76.0,0.0,0.0,0.0,0.0,0.0,0.0,0.0,0.0,0.0,0.0,0.645124716553288
22005,Ascension,38754.0,3539.0,2909.0,229.0743379677111,90.0,722.0,73.87029176534237,35.0,0.07506321928059038,0.01863033493316819,2187.0,0.05643288434742219,0.3502968440787418
22015,Bossier,29744.0,3154.0,953.0,80.26645348883802,39.0,645.0,29.634778354819773,21.0,0.03204007530930608,0.02168504572350726,308.0,0.010355029585798821,0.4560589693080003
22025,Catahoula,185.0,65.0,22.0,0.000688697205275853,6.0,0.0,0.0,0.0,0.11891891891891893,0.0,22.0,0.11891891891891893,0.5454245127188636
22037,East Feliciana,384.0,78.0,0.0,0.0,0.0,0.0,0.0,0.0,0.0,0.0,0.0,0.0,0.22033898305084745
22091,St. Helena,67.0,8.0,0.0,0.0,0.0,0.0,0.0,0.0,0.0,0.0,0.0,0.0,-0.0023511941591387205
22109,Terrebonne,37664.0,2848.0,2601.0,225.15293891240586,96.0,906.0,66.2948182311074,53.0,0.06905798640611725,0.02405480033984707,1695.0,0.045003186066270184,0.5347267431899949
24029,Kent,2096.0,296.0,160.0,73.16713963187969,21.0,0.0,0.0,0.0,0.07633587786259542,0.0,160.0,0.07633587786259542,0.028671846096929337
24047,Worcester,18575.0,1977.0,147.0,55.81601481855289,23.0,0.0,0.0,0.0,0.007913862718707941,0.0,147.0,0.007913862718707941,0.22458909022861243
26055,Grand Traverse,36296.0,3396.0,3377.0,1213.4942741681148,165.0,850.0,176.60254676923392,44.0,0.09304055543310558,0.023418558518845053,2527.0,0.06962199691426052,0.01755124510216638
27015,Brown,6751.0,526.0,984.0,182.0251033005955,17.0,84.0,49.51426728070963,3.0,0.1457561842689972,0.012442601096133906,900.0,0.1333135831728633,0.3585646201289599
27167,Wilkin,243.0,36.0,94.0,15.19571571428533,24.0,0.0,0.0,0.0,0.3868312757201646,0.0,94.0,0.3868312757201646,0.398046398046398
28051,Holmes,356.0,74.0,80.0,19.0,26.0,0.0,0.0,0.0,0.2247191011235955,0.0,80.0,0.2247191011235955,-0.6268947921356747
29013,Bates,1176.0,218.0,60.0,0.03875741701116817,14.0,0.0,0.0,0.0,0.05102040816326531,0.0,60.0,0.05102040816326531,0.6217785843920145
29095,Jackson,301390.0,25166.0,16435.0,5528.243841611421,541.0,6049.0,1727.4612832525672,161.0,0.05453067454129201,0.020070340754504132,10386.0,0.03446033378678788,0.04203909809122888
30053,Lincoln,2424.0,530.0,0.0,0.0,0.0,0.0,0.0,0.0,0.0,0.0,0.0,0.0,0.5461645262061784
35033,Mora,29.0,4.0,0.0,0.0,0.0,0.0,0.0,0.0,0.0,0.0,0.0,0.0,-0.17517354022049816
36059,Nassau,541531.0,54565.0,11509.0,3362.9856687987476,786.0,2305.0,382.1673808323759,197.0,0.02125270760122689,0.004256450692573463,9204.0,0.016996256908653428,0.04202586969475232
38003,Barnes,1233.0,170.0,94.0,25.106718727882804,28.0,0.0,0.0,0.0,0.07623682076236821,0.0,94.0,0.07623682076236821,0.3601694915254237
38055,McLean,841.0,101.0,0.0,0.0,0.0,0.0,0.0,0.0,0.0,0.0,0.0,0.0,0.5894064613072878
40055,Greer,74.0,8.0,0.0,0.0,0.0,0.0,0.0,0.0,0.0,0.0,0.0,0.0,0.6650137741046832
40117,Pawnee,290.0,89.0,0.0,0.0,0.0,0.0,0.0,0.0,0.0,0.0,0.0,0.0,0.599112426035503
42043,Dauphin,133017.0,6950.0,3553.0,1420.1172556277168,138.0,624.0,259.12283958390424,30.0,0.02671087154273514,0.0046911297052256475,2929.0,0.02201974183750949,-0.059898106237440886
42097,Northumberland,15133.0,1306.0,1378.0,821.8962502619846,44.0,424.0,258.9281534236374,12.0,0.09105927443335757,0.028018238287186942,954.0,0.06304103614617063,0.4031505927661648
45015,Berkeley,46139.0,4668.0,2475.0,428.0888788296658,93.0,1660.0,334.61274262216494,39.0,0.053642254925334316,0.03597823966709292,815.0,0.0176640152582414,0.16512730117903104
45067,Marion,1319.0,115.0,0.0,0.0,0.0,0.0,0.0,0.0,0.0,0.0,0.0,0.0,-0.10664044773861746
47009,Blount,33471.0,2515.0,1454.0,411.38566246022265,60.0,698.0,239.5231554739966,23.0,0.04344059036180574,0.020853873502434943,756.0,0.022586716859370796,0.48322923218700176
47129,Morgan,312.0,52.0,0.0,0.0,0.0,0.0,0.0,0.0,0.0,0.0,0.0,0.0,0.7514444051409032
48065,Carson,349.0,37.0,129.0,0.46001228089194185,12.0,0.0,0.0,0.0,0.36962750716332377,0.0,129.0,0.36962750716332377,0.8086361042419631
48157,Fort Bend,205953.0,17862.0,10891.0,1866.6089183065978,421.0,2941.0,503.41029015119045,134.0,0.052880997120702294,0.014279957077585663,7950.0,0.03860104004311663,-0.017624729679714433
12057,Hillsborough,690418.0,56291.0,20008.0,2425.304107906721,1312.0,6130.0,427.6310353293345,378.0,0.02897954572447416,0.008878679292834197,13878.0,0.020100866431639962,0.030991511322256252
12089,Nassau,17471.0,2596.0,81.0,5.905899619791466,18.0,47.0,4.772890404171422,9.0,0.004636254364375251,0.0026901722855016885,34.0,0.0019460820788735622,0.47323623402163223
13025,Brantley,388.0,59.0,0.0,0.0,0.0,0.0,0.0,0.0,0.0,0.0,0.0,0.0,0.8264150943396227
39167,Washington,15401.0,1141.0,373.0,170.03921425328994,32.0,111.0,64.04782036669329,11.0,0.024219206545029542,0.0072073241997272905,262.0,0.01701188234530225,0.4408504274893534
40023,Choctaw,858.0,70.0,0.0,0.0,0.0,0.0,0.0,0.0,0.0,0.0,0.0,0.0,0.6614667383898153
18007,Benton,396.0,54.0,0.0,0.0,0.0,0.0,0.0,0.0,0.0,0.0,0.0,0.0,0.47978367241823333
18051,Gibson,6309.0,462.0,204.0,64.05333572068957,29.0,127.0,31.132085730352298,9.0,0.03233475986685687,0.020129973054366777,77.0,0.012204786812490091,0.5233704699705468
18123,Perry,1531.0,150.0,0.0,0.0,0.0,0.0,0.0,0.0,0.0,0.0,0.0,0.0,0.3027350628007982
20083,Hodgeman,107.0,10.0,0.0,0.0,0.0,0.0,0.0,0.0,0.0,0.0,0.0,0.0,0.7145855194123819
20203,Wichita,89.0,23.0,42.0,0.007464539080102404,15.0,0.0,0.0,0.0,0.47191011235955055,0.0,42.0,0.47191011235955055,0.7473435655253837
21079,Garrard,781.0,191.0,0.0,0.0,0.0,0.0,0.0,0.0,0.0,0.0,0.0,0.0,0.6095400340715502
21123,Larue,676.0,128.0,40.0,4.157265651043239,4.0,40.0,4.157265651043239,4.0,0.05917159763313609,0.05917159763313609,0.0,0.0,0.6121195196872382
21209,Scott,11382.0,1317.0,2193.0,805.0006772101397,27.0,892.0,102.73644794549773,14.0,0.19267264101212442,0.07836935512212265,1301.0,0.11430328589000177,0.28193380743982493
22065,Madison,737.0,65.0,24.0,0.0,5.0,0.0,0.0,0.0,0.032564450474898234,0.0,24.0,0.032564450474898234,-0.0534788052226793
22105,Tangipahoa,30249.0,3376.0,290.0,85.43192736810008,37.0,123.0,6.842392698845158,15.0,0.009587093788224404,0.0040662501239710405,167.0,0.005520843664253363,0.38794798026478516
23025,Somerset,7961.0,1005.0,592.0,367.515735224648,44.0,103.0,32.96241333930215,12.0,0.07436251727169954,0.01293807310639367,489.0,0.061424444165305875,0.27510729613733903
26007,Alpena,5741.0,542.0,1149.0,396.78888519469643,60.0,0.0,0.0,0.0,0.20013934854554954,0.0,1149.0,0.20013934854554954,0.2898559247280212
28017,Chickasaw,752.0,105.0,303.0,78.07033334812989,15.0,275.0,50.07033334812989,10.0,0.4029255319148936,0.36569148936170215,28.0,0.03723404255319146,0.13795508439112847
48419,Shelby,2405.0,266.0,136.0,25.196042404469097,24.0,0.0,0.0,0.0,0.05654885654885655,0.0,136.0,0.05654885654885655,0.6542690620681367
54083,Randolph,4459.0,574.0,738.0,442.1871843590618,14.0,579.0,418.499348198617,6.0,0.1655079614263288,0.12984974209464006,159.0,0.03565821933168872,0.47060894051390356
06063,Plumas,2409.0,657.0,23.0,3.6848319683730537,4.0,0.0,0.0,0.0,0.009547530095475302,0.0,23.0,0.009547530095475302,0.17496151872755258
48129,Donley,84.0,18.0,10.0,0.14375383777873182,6.0,0.0,0.0,0.0,0.11904761904761904,0.0,10.0,0.11904761904761904,0.7971484121840571
48313,Madison,443.0,68.0,0.0,0.0,0.0,0.0,0.0,0.0,0.0,0.0,0.0,0.0,0.652592744414839
53027,Grays Harbor,11173.0,1235.0,948.0,438.4644315171032,44.0,9.0,4.460758708941696,3.0,0.08484739998209971,0.000805513290969301,939.0,0.08404188669113041,0.062061049927581775
54059,Mingo,1128.0,217.0,0.0,0.0,0.0,0.0,0.0,0.0,0.0,0.0,0.0,0.0,0.7469592177438588
05119,Pulaski,199277.0,13926.0,4549.0,1296.9735043163114,172.0,1568.0,594.1586586623343,57.0,0.022827521490187026,0.007868444426602167,2981.0,0.014959077063584859,-0.2270506282705063
06093,Siskiyou,5217.0,1218.0,144.0,24.4933214251637,34.0,0.0,0.0,0.0,0.027602070155261643,0.0,144.0,0.027602070155261643,0.19874939874939876
02170,Matanuska-Susitna,19011.0,2488.0,386.0,29.652761301777577,48.0,73.0,29.652761301777577,10.0,0.020304034506338435,0.0038398821734785126,313.0,0.016464152332859923,
13075,Cook,851.0,119.0,248.0,125.77643060946431,15.0,223.0,123.61841711661978,8.0,0.29142185663924797,0.2620446533490012,25.0,0.02937720329024679,0.46630286493860845
25005,Bristol,188580.0,17275.0,18831.0,5194.920804462278,538.0,6555.0,1285.660119265164,186.0,0.09985682468978682,0.0347597836461979,12276.0,0.06509704104358892,-0.01319940290166261
13303,Washington,1739.0,108.0,0.0,0.0,0.0,0.0,0.0,0.0,0.0,0.0,0.0,0.0,0.01911904510404563
17017,Cass,513.0,82.0,73.0,0.5172410804407825,9.0,0.0,0.0,0.0,0.14230019493177387,0.0,73.0,0.14230019493177387,0.44155339805825244
22043,Grant,349.0,91.0,0.0,0.0,0.0,0.0,0.0,0.0,0.0,0.0,0.0,0.0,0.7605717689100655
22127,Winn,571.0,64.0,0.0,0.0,0.0,0.0,0.0,0.0,0.0,0.0,0.0,0.0,0.5784244144783535
10001,Kent,17935.0,3413.0,148.0,10.881893516226329,27.0,0.0,0.0,0.0,0.008252021187621968,0.0,148.0,0.008252021187621968,-0.020350715274573144
12075,Levy,5188.0,824.0,231.0,69.01488230888793,32.0,0.0,0.0,0.0,0.04452582883577486,0.0,231.0,0.04452582883577486,0.5054251413012087
27021,Cass,4269.0,541.0,56.0,37.55355250481399,6.0,56.0,37.55355250481399,6.0,0.013117826188802998,0.013117826188802998,0.0,0.0,0.33889501023138674
28089,Madison,41216.0,3576.0,1111.0,326.92381069014584,26.0,0.0,0.0,0.0,0.026955551242236024,0.0,1111.0,0.026955551242236024,0.17504043028728217
29227,Worth,,,,,,,,,,,,,
30043,Jefferson,933.0,235.0,0.0,0.0,0.0,0.0,0.0,0.0,0.0,0.0,0.0,0.0,0.375682382133995
30081,Ravalli,8664.0,1925.0,483.0,251.58834636207948,74.0,310.0,95.58105951700044,43.0,0.05574792243767313,0.03578024007386888,173.0,0.01996768236380425,0.4168785650470758
34027,Morris,248109.0,17520.0,13145.0,2377.384482129853,454.0,3226.0,558.4615444643457,119.0,0.05298074636550871,0.013002349773688178,9919.0,0.03997839659182053,0.027827638466416588
36075,Oswego,13659.0,1757.0,704.0,308.79705203523474,53.0,411.0,118.8283493525548,25.0,0.05154110842667838,0.0300900505161432,293.0,0.02145105791053518,0.24180563010123818
37021,Buncombe,103290.0,12817.0,3859.0,1231.930587018411,277.0,574.0,166.60283931961794,60.0,0.037360828734630654,0.0055571691354438955,3285.0,0.03180365959918676,-0.2514364717969533
37107,Lenoir,10941.0,954.0,167.0,1.6507122065589548,27.0,0.0,0.0,0.0,0.01526368704871584,0.0,167.0,0.01526368704871584,0.06836854460093897
37145,Person,3467.0,464.0,34.0,0.8133944206232531,9.0,0.0,0.0,0.0,0.00980674935102394,0.0,34.0,0.00980674935102394,0.2391304347826087
37193,Wilkes,9466.0,985.0,1146.0,121.206798073828,37.0,808.0,9.803851727707354,7.0,0.12106486372279739,0.08535812381153603,338.0,0.03570673991126136,0.6003999333444426
40141,Tillman,134.0,19.0,17.0,0.04395664589286728,8.0,0.0,0.0,0.0,0.12686567164179105,0.0,17.0,0.12686567164179105,0.6009577015163607
41031,Jefferson,2125.0,302.0,149.0,21.870057956778666,33.0,0.0,0.0,0.0,0.07011764705882353,0.0,149.0,0.07011764705882353,0.30829311101360246
41047,Marion,123582.0,11047.0,16628.0,5499.997003469842,735.0,2474.0,1123.2556421424288,114.0,0.13455033904613942,0.020019096632195626,14154.0,0.11453124241394379,0.020647561548798814
27087,Mahnomen,124.0,10.0,0.0,0.0,0.0,0.0,0.0,0.0,0.0,0.0,0.0,0.0,0.08878504672897196
27173,Yellow Medicine,821.0,136.0,44.0,6.903362665493914,4.0,44.0,6.903362665493914,4.0,0.0535931790499391,0.0535931790499391,0.0,0.0,0.41430192962542567
28109,Pearl River,5802.0,692.0,57.0,40.03700097120215,9.0,57.0,40.03700097120215,9.0,0.00982419855222337,0.00982419855222337,0.0,0.0,0.6738738738738739
29027,Callaway,4317.0,556.0,0.0,0.0,0.0,0.0,0.0,0.0,0.0,0.0,0.0,0.0,0.4391444255158054
30009,Carbon,1036.0,266.0,0.0,0.0,0.0,0.0,0.0,0.0,0.0,0.0,0.0,0.0,0.33455882352941174
30033,Garfield,,,,,,,,,,,,,
31033,Cheyenne,780.0,114.0,0.0,0.0,0.0,0.0,0.0,0.0,0.0,0.0,0.0,0.0,0.6485822728287565
34031,Passaic,135308.0,15132.0,14881.0,4454.198193388731,488.0,2497.0,597.6650066328144,143.0,0.10997871522748101,0.01845419339580808,12384.0,0.09152452183167292,0.029565040028555402
35017,Grant,2837.0,402.0,24.0,0.5466348516727372,3.0,0.0,0.0,0.0,0.008459640465280225,0.0,24.0,0.008459640465280225,-0.05194150277357539
36009,Cattaraugus,12021.0,1109.0,380.0,139.08052073237448,27.0,160.0,71.60388128750947,6.0,0.031611346809749606,0.013310040761999833,220.0,0.018301306047749773,0.32819758894442813
36061,New York,2206177.0,128072.0,13274.0,3619.511689413833,1516.0,2657.0,114.06484494370281,366.0,0.006016742990249649,0.0012043457981839173,10617.0,0.004812397192065732,-0.648230747734687
36071,Orange,119189.0,11163.0,5364.0,1815.304620937628,301.0,943.0,166.08349058184746,77.0,0.04500415306781666,0.00791180394163891,4421.0,0.03709234912617775,0.08381233981585602
37015,Bertie,1226.0,120.0,108.0,2.1052561474954787,26.0,0.0,0.0,0.0,0.08809135399673736,0.0,108.0,0.08809135399673736,-0.1578023906130058
37101,Johnston,42713.0,5182.0,1509.0,563.4735681444889,111.0,269.0,125.41477643576924,15.0,0.03532882260670053,0.006297848430220307,1240.0,0.029030974176480227,0.21758784981381205
37131,Northampton,606.0,105.0,29.0,0.69377759406101,10.0,0.0,0.0,0.0,0.04785478547854786,0.0,29.0,0.04785478547854786,-0.14588801399825022
37159,Rowan,32143.0,2997.0,1011.0,310.2281978696069,66.0,541.0,166.6006437623102,36.0,0.031453193541362036,0.016831036306505304,470.0,0.014622157234856731,0.3622092633554528
37183,Wake,568462.0,51506.0,14115.0,4257.268723388609,655.0,2354.0,803.094089931865,158.0,0.024830155753594787,0.0041409979910706435,11761.0,0.020689157762524144,-0.25987816525693314
13201,Miller,90.0,33.0,33.0,2.848577810554778,17.0,0.0,0.0,0.0,0.36666666666666664,0.0,33.0,0.36666666666666664,0.5064456721915286
13265,Taliaferro,2.0,4.0,0.0,0.0,0.0,0.0,0.0,0.0,0.0,0.0,0.0,0.0,-0.14965986394557823
44009,Washington,28719.0,4388.0,1449.0,259.0551971431144,90.0,57.0,31.69345181524425,6.0,0.050454403008461296,0.001984748772589575,1392.0,0.04846965423587172,-0.15361070480524405
45003,Aiken,37714.0,3238.0,770.0,111.38210952761898,24.0,687.0,108.37931496794727,12.0,0.020416821339555604,0.01821604709126584,83.0,0.002200774248289763,0.26262221698668864
45007,Anderson,43500.0,3844.0,4652.0,828.9491196168809,95.0,957.0,201.96032547072025,46.0,0.10694252873563219,0.022,3695.0,0.08494252873563218,0.4793273537983091
45017,Calhoun,657.0,72.0,104.0,0.019397202753715308,19.0,0.0,0.0,0.0,0.1582952815829528,0.0,104.0,0.1582952815829528,0.14527070267502878
45035,Dorchester,26396.0,3104.0,529.0,31.244601834609156,28.0,507.0,29.655945641195476,20.0,0.020040915290195485,0.01920745567510229,22.0,0.0008334596150931968,0.14870034587569436
45041,Florence,40991.0,3179.0,1147.0,203.77851690993788,59.0,270.0,29.143214990925628,42.0,0.027981752091922617,0.006586811739162255,877.0,0.021394940352760364,0.08138127683559623
45045,Greenville,255214.0,19553.0,13975.0,2995.6322445755914,603.0,3091.0,601.1611554623591,195.0,0.05475796782308181,0.012111404546772512,10884.0,0.04264656327630929,0.22607737370222145
45051,Horry,116860.0,12209.0,1708.0,221.90627058750943,214.0,908.0,148.2144903777385,93.0,0.014615779565291802,0.007769981174054424,800.0,0.006845798391237378,0.3891023504734273
30007,Broadwater,407.0,89.0,0.0,0.0,0.0,0.0,0.0,0.0,0.0,0.0,0.0,0.0,0.6197636949516648
30093,Silver Bow,8877.0,1046.0,145.0,140.9841763171195,7.0,0.0,0.0,0.0,0.016334347189365776,0.0,145.0,0.016334347189365776,-0.07293095564700502
37051,Cumberland,77201.0,6868.0,468.0,139.81537498762358,57.0,62.0,12.472889091054759,14.0,0.006062097641222264,0.0008030984054610692,406.0,0.005258999235761196,-0.13570350470495626
37139,Pasquotank,8185.0,787.0,407.0,56.82162520802268,16.0,0.0,0.0,0.0,0.0497251069028711,0.0,407.0,0.0497251069028711,0.04918848949517077
45061,Lee,508.0,92.0,17.0,0.01099174822710534,5.0,0.0,0.0,0.0,0.03346456692913386,0.0,17.0,0.03346456692913386,-0.18818409600421995
46055,Haakon,70.0,17.0,19.0,1.028889031120936,4.0,0.0,0.0,0.0,0.2714285714285714,0.0,19.0,0.2714285714285714,0.8106402164111812
47045,Dyer,5993.0,491.0,548.0,151.83691403122066,13.0,0.0,0.0,0.0,0.09144001334890706,0.0,548.0,0.09144001334890706,0.6216631726065688
47127,Moore,,,,,,,,,,,,,
51081,Greensville,19.0,6.0,0.0,0.0,0.0,0.0,0.0,0.0,0.0,0.0,0.0,0.0,-0.09320843091334895
51105,Lee,502.0,76.0,0.0,0.0,0.0,0.0,0.0,0.0,0.0,0.0,0.0,0.0,0.7235966219572777
51195,Wise,3405.0,446.0,0.0,0.0,0.0,0.0,0.0,0.0,0.0,0.0,0.0,0.0,0.6362111317476484
54007,Braxton,920.0,107.0,0.0,0.0,0.0,0.0,0.0,0.0,0.0,0.0,0.0,0.0,0.527947932618683
54099,Wayne,2229.0,341.0,14.0,5.028514652531811,3.0,14.0,5.028514652531811,3.0,0.006280843427545985,0.006280843427545985,0.0,0.0,0.5432561748351222
42031,Clarion,6392.0,658.0,1133.0,320.1960053341883,20.0,1073.0,276.0158978535719,11.0,0.17725281602002504,0.16786608260325406,60.0,0.009386733416770987,0.5344422900295949
01009,Blount,3719.0,567.0,261.0,52.72084265645365,26.0,200.0,42.914394429182906,14.0,0.07018015595590213,0.05377789728421619,61.0,0.01640225867168594,0.8155388471177945
01047,Dallas,3701.0,526.0,0.0,0.0,0.0,0.0,0.0,0.0,0.0,0.0,0.0,0.0,-0.3271100739012058
05073,Lafayette,77.0,24.0,0.0,0.0,0.0,0.0,0.0,0.0,0.0,0.0,0.0,0.0,0.3895933537385221
06027,Inyo,2833.0,329.0,166.0,26.59487420651856,5.0,0.0,0.0,0.0,0.0585951288386869,0.0,166.0,0.0585951288386869,0.03079940016149498
06053,Monterey,155940.0,15474.0,55726.0,5188.8373305166815,757.0,770.0,77.32417135578669,48.0,0.3573553930999102,0.004937796588431448,54956.0,0.35241759651147875,-0.3080696625107178
06099,Stanislaus,151951.0,17620.0,29478.0,4231.7760532412985,1075.0,3087.0,360.9921438083732,119.0,0.19399674895196478,0.020315759685688148,26391.0,0.17368098926627662,0.11250799394799645
08111,San Juan,16.0,7.0,0.0,0.0,0.0,0.0,0.0,0.0,0.0,0.0,0.0,0.0,-0.3333333333333333
12045,Gulf,2144.0,341.0,9.0,0.2998537319645519,3.0,0.0,0.0,0.0,0.004197761194029851,0.0,9.0,0.004197761194029851,0.5447192049919113
12105,Polk,225201.0,16545.0,13784.0,1446.3849430426171,581.0,2429.0,160.83322211881847,129.0,0.06120754348337707,0.010785920133569566,11355.0,0.0504216233498075,0.20861579021921065
12121,Suwannee,3889.0,529.0,307.0,75.73360625228062,38.0,30.0,3.11260356116994,5.0,0.07894060169709437,0.007714065312419645,277.0,0.07122653638467472,0.6127284415465148
16041,Franklin,1073.0,242.0,85.0,24.609357589880048,10.0,10.0,1.111348928398963,3.0,0.07921714818266543,0.009319664492078284,75.0,0.06989748369058714,0.7986250358063592
16079,Shoshone,875.0,134.0,0.0,0.0,0.0,0.0,0.0,0.0,0.0,0.0,0.0,0.0,0.507032819825854
18021,Clay,1550.0,227.0,113.0,19.382380602533388,7.0,0.0,0.0,0.0,0.07290322580645162,0.0,113.0,0.07290322580645162,0.5788674149717276
48175,Goliad,31.0,17.0,0.0,0.0,0.0,0.0,0.0,0.0,0.0,0.0,0.0,0.0,0.6045836959675079
48503,Young,2089.0,298.0,0.0,0.0,0.0,0.0,0.0,0.0,0.0,0.0,0.0,0.0,0.7668711656441718
51113,Madison,784.0,160.0,175.0,31.2237420005027,8.0,0.0,0.0,0.0,0.22321428571428573,0.0,175.0,0.22321428571428573,0.3549157806713654
53033,King,1247091.0,82029.0,81203.0,15261.163684000712,2153.0,9889.0,5283.957931733778,458.0,0.06511393314521555,0.007929653890534051,71314.0,0.057184279254681496,-0.5350419755180453
53057,Skagit,33748.0,3402.0,3744.0,1485.973930478705,191.0,444.0,246.90766785021228,30.0,0.11093990755007704,0.013156335190233496,3300.0,0.09778357235984354,-0.09141920526867589
06091,Sierra,38.0,38.0,0.0,0.0,0.0,0.0,0.0,0.0,0.0,0.0,0.0,0.0,0.24897480960749854
18125,Pike,257.0,48.0,10.0,4.275487011732114,3.0,0.0,0.0,0.0,0.038910505836575876,0.0,10.0,0.038910505836575876,0.5563808237677245
26003,Alger,588.0,66.0,0.0,0.0,0.0,0.0,0.0,0.0,0.0,0.0,0.0,0.0,0.20053939510691582
27103,Nicollet,5890.0,487.0,1447.0,347.9281963857971,30.0,0.0,0.0,0.0,0.24567062818336163,0.0,1447.0,0.24567062818336163,0.005215742057847321
01039,Covington,5013.0,719.0,44.0,3.1683332557532218,12.0,0.0,0.0,0.0,0.008777179333732297,0.0,44.0,0.008777179333732297,0.7276205049732212
01061,Geneva,2489.0,273.0,793.0,149.91434293226956,22.0,613.0,140.99615843599406,10.0,0.31860184813177983,0.24628364805142627,180.0,0.07231820008035356,0.7741883116883117
01075,Lamar,458.0,63.0,0.0,0.0,0.0,0.0,0.0,0.0,0.0,0.0,0.0,0.0,0.7642930252960959
04011,Greenlee,,,,,,,,,,,,,
01013,Butler,1438.0,253.0,0.0,0.0,0.0,0.0,0.0,0.0,0.0,0.0,0.0,0.0,0.22806600973524874
01015,Calhoun,25959.0,2503.0,2483.0,769.0874359927521,60.0,1624.0,655.0645406028189,34.0,0.09565083400747332,0.0625601910705343,859.0,0.033090642936939016,0.4514613561717873
21235,Whitley,4749.0,651.0,0.0,0.0,0.0,0.0,0.0,0.0,0.0,0.0,0.0,0.0,0.7002144197266148
22057,Lafourche,21152.0,1596.0,127.0,4.323940775555828,22.0,27.0,3.380705528837115,5.0,0.006004160363086233,0.0012764750378214825,100.0,0.00472768532526475,0.6397908772603003
24023,Garrett,5496.0,606.0,92.0,45.63958995963246,3.0,0.0,0.0,0.0,0.016739446870451237,0.0,92.0,0.016739446870451237,0.552302610272686
26013,Baraga,312.0,39.0,91.0,20.001411017670627,6.0,91.0,20.001411017670627,6.0,0.2916666666666667,0.2916666666666667,0.0,0.0,0.30255448793063044
26071,Iron,926.0,125.0,0.0,0.0,0.0,0.0,0.0,0.0,0.0,0.0,0.0,0.0,0.29674445404782485
47145,Roane,4444.0,478.0,13.0,2.4272322511341464,3.0,13.0,2.4272322511341464,3.0,0.0029252925292529252,0.0029252925292529252,0.0,0.0,0.5515433466253138
47183,Weakley,3253.0,301.0,18.0,2.034028890941856,4.0,0.0,0.0,0.0,0.005533353827236397,0.0,18.0,0.005533353827236397,0.5891753354439921
48041,Brazos,66189.0,4678.0,2619.0,459.95296607617814,96.0,1032.0,311.1128682147674,32.0,0.03956850836241672,0.015591714635362372,1587.0,0.023976793727054344,0.258120242462718
48079,Cochran,23.0,5.0,0.0,0.0,0.0,0.0,0.0,0.0,0.0,0.0,0.0,0.0,0.6713483146067416
48341,Moore,3021.0,258.0,308.0,2.31226218132285,33.0,0.0,0.0,0.0,0.10195299569678914,0.0,308.0,0.10195299569678914,0.6947871512726465
49005,Cache,41158.0,3914.0,7562.0,1728.3756642589976,170.0,1516.0,393.95736697268467,69.0,0.1837309879002867,0.03683366538704504,6046.0,0.14689732251324164,0.3564933390631715
49023,Juab,909.0,147.0,0.0,0.0,0.0,0.0,0.0,0.0,0.0,0.0,0.0,0.0,0.7708040593286495
51103,Lancaster,1854.0,285.0,9.0,1.0607300088606315,4.0,9.0,1.0607300088606315,4.0,0.0048543689320388345,0.0048543689320388345,0.0,0.0,0.07076582190832295
51157,Rappahannock,335.0,81.0,104.0,24.922765027146546,13.0,0.0,0.0,0.0,0.31044776119402984,0.0,104.0,0.31044776119402984,0.18097913322632425
53019,Ferry,194.0,37.0,0.0,0.0,0.0,0.0,0.0,0.0,0.0,0.0,0.0,0.0,0.33952787543947766
53075,Whitman,5596.0,767.0,416.0,55.723725988821194,171.0,0.0,0.0,0.0,0.07433881343817011,0.0,416.0,0.07433881343817011,-0.09286198446217217
55011,Buffalo,586.0,117.0,0.0,0.0,0.0,0.0,0.0,0.0,0.0,0.0,0.0,0.0,0.3068438205063926
56033,Sheridan,7723.0,1375.0,288.0,61.733021790113426,14.0,230.0,45.45446167066694,7.0,0.03729120807976175,0.029781173119254177,58.0,0.007510034960507575,0.508802706597331
56039,Teton,18110.0,2518.0,44.0,16.980059856207703,10.0,0.0,0.0,0.0,0.0024295969077857537,0.0,44.0,0.0024295969077857537,-0.3581741965533302
60050,Western,,,,,,,,,,,,,
78030,St. Thomas,5504.0,424.0,0.0,0.0,0.0,0.0,0.0,0.0,0.0,0.0,0.0,0.0,
05085,Lonoke,6547.0,1005.0,266.0,6.949779974381157,54.0,54.0,5.880173779799625,3.0,0.040629295860699556,0.008248052543149535,212.0,0.03238124331755002,0.5475595535565551
06089,Shasta,51486.0,8329.0,1628.0,245.7282092399339,107.0,359.0,42.42639150929345,33.0,0.03162024628054228,0.006972769296507788,1269.0,0.024647476984034494,0.37393993238643575
08005,Arapahoe,287177.0,25419.0,6489.0,1604.885407474625,319.0,1180.0,251.95158308226658,90.0,0.022595820695947098,0.004108964157993154,5309.0,0.018486856537953945,-0.20698274880076953
08033,Dolores,29.0,11.0,0.0,0.0,0.0,0.0,0.0,0.0,0.0,0.0,0.0,0.0,0.53604568165596
01073,Jefferson,293428.0,22649.0,16462.0,4532.464822258747,575.0,8891.0,2932.909682488354,243.0,0.05610234878743678,0.03030044849162316,7571.0,0.02580190029581362,-0.10567974491448838
01129,Washington,971.0,105.0,546.0,60.12161062647181,6.0,0.0,0.0,0.0,0.5623069001029866,0.0,546.0,0.5623069001029866,0.5562700964630225
02290,Yukon-Koyukuk,97.0,27.0,0.0,0.0,0.0,0.0,0.0,0.0,0.0,0.0,0.0,0.0,
42131,Wyoming,3927.0,468.0,24.0,6.113863433026971,3.0,24.0,6.113863433026971,3.0,0.006111535523300229,0.006111535523300229,0.0,0.0,0.37189638974634276
45021,Cherokee,6690.0,615.0,54.0,4.819709278885462,10.0,54.0,4.819709278885462,10.0,0.008071748878923767,0.008071748878923767,0.0,0.0,0.5178600422146452
27137,St. Louis,61656.0,4749.0,5108.0,3557.5190951305067,117.0,499.0,175.92050930567518,42.0,0.08284676268327494,0.008093291812637862,4609.0,0.07475347087063708,-0.1397766323024055
28021,Claiborne,45.0,9.0,0.0,0.0,0.0,0.0,0.0,0.0,0.0,0.0,0.0,0.0,-0.6818700114025086
28053,Humphreys,772.0,41.0,683.0,683.0,17.0,0.0,0.0,0.0,0.8847150259067358,0.0,683.0,0.8847150259067358,-0.42324497524031457
28137,Tate,1972.0,191.0,12.0,12.0,3.0,0.0,0.0,0.0,0.006085192697768763,0.0,12.0,0.006085192697768763,0.44191522762951335
30003,Big Horn,237.0,44.0,0.0,0.0,0.0,0.0,0.0,0.0,0.0,0.0,0.0,0.0,0.017674418604651163
30035,Glacier,383.0,70.0,0.0,0.0,0.0,0.0,0.0,0.0,0.0,0.0,0.0,0.0,-0.20402298850574713
30061,Mineral,20.0,11.0,0.0,0.0,0.0,0.0,0.0,0.0,0.0,0.0,0.0,0.0,0.4967129291453616
30089,Sanders,898.0,225.0,37.0,8.386940213426287,4.0,37.0,8.386940213426287,4.0,0.04120267260579064,0.04120267260579064,0.0,0.0,0.5658816040738384
31009,Blaine,,,,,,,,,,,,,
32033,White Pine,365.0,38.0,0.0,0.0,0.0,0.0,0.0,0.0,0.0,0.0,0.0,0.0,0.5841770661643513
34009,Cape May,27486.0,3058.0,696.0,268.221886450536,58.0,60.0,15.424835443546144,5.0,0.02532198209997817,0.0021829294913774284,636.0,0.023139052608600743,0.1952266770757821
36017,Chenango,4910.0,566.0,227.0,67.35000565872417,10.0,77.0,34.459367869613935,6.0,0.046232179226069245,0.015682281059063136,150.0,0.03054989816700611,0.2722175248097548
37019,Brunswick,29544.0,4250.0,497.0,179.2048166909391,60.0,68.0,9.63056468498065,5.0,0.016822366639588412,0.0023016517736257785,429.0,0.014520714865962634,0.25043663078131495
37047,Columbus,5782.0,728.0,0.0,0.0,0.0,0.0,0.0,0.0,0.0,0.0,0.0,0.0,0.3408536585365854
37079,Greene,921.0,149.0,83.0,3.3998057104537103,21.0,0.0,0.0,0.0,0.09011943539630836,0.0,83.0,0.09011943539630836,0.18186146155677219
37147,Pitt,46665.0,3999.0,1024.0,390.2745199119931,54.0,760.0,250.3974060121259,27.0,0.021943640844315868,0.016286295939140685,264.0,0.005657344905175183,-0.060373497058071116
37173,Swain,1629.0,258.0,0.0,0.0,0.0,0.0,0.0,0.0,0.0,0.0,0.0,0.0,0.23986194995685936
45065,McCormick,348.0,94.0,0.0,0.0,0.0,0.0,0.0,0.0,0.0,0.0,0.0,0.0,0.17308325106943073
46003,Aurora,80.0,4.0,0.0,0.0,0.0,0.0,0.0,0.0,0.0,0.0,0.0,0.0,0.5552282768777614
47055,Giles,2889.0,257.0,1057.0,292.2267207827622,11.0,196.0,8.294614632735923,6.0,0.3658705434406369,0.06784354447905849,861.0,0.2980269989615784,0.5550568521843208
47085,Humphreys,1696.0,124.0,471.0,66.71284733988611,8.0,47.0,29.090753540417513,3.0,0.2777122641509434,0.027712264150943397,424.0,0.25,0.5672829680421207
05145,White,14021.0,1474.0,41.0,5.250550391964885,14.0,31.0,3.375655318033118,9.0,0.0029241851508451607,0.0022109692603951214,10.0,0.0007132158904500393,0.6258663571547007
13107,Emanuel,1793.0,173.0,0.0,0.0,0.0,0.0,0.0,0.0,0.0,0.0,0.0,0.0,0.4426605504587156
16007,Bear Lake,451.0,90.0,0.0,0.0,0.0,0.0,0.0,0.0,0.0,0.0,0.0,0.0,0.787338660110633
47119,Maury,23407.0,2452.0,1071.0,427.33558747517753,26.0,264.0,163.40338158872817,9.0,0.04575554321356859,0.011278677318750801,807.0,0.034476865894817785,0.4509035150715242
47147,Robertson,9462.0,1051.0,581.0,302.93114970209393,33.0,412.0,255.00830763089394,14.0,0.06140350877192982,0.0435425914183048,169.0,0.017860917353625022,0.5140682656826568
48015,Austin,6546.0,1005.0,237.0,21.91404498823168,21.0,148.0,12.597622035150916,12.0,0.03620531622364803,0.022609227008860373,89.0,0.013596089214787659,0.637761422429498
48277,Lamar,13517.0,960.0,1793.0,262.11678294195536,18.0,1782.0,262.11678294195536,13.0,0.13264777687356663,0.1318339868313975,11.0,0.000813790042169138,0.6137994035304549
48391,Refugio,387.0,38.0,0.0,0.0,0.0,0.0,0.0,0.0,0.0,0.0,0.0,0.0,0.42785299806576405
48469,Victoria,25122.0,2005.0,1056.0,175.1226682339929,42.0,222.0,61.04223830763661,14.0,0.04203486983520421,0.008836876044900884,834.0,0.033197993790303325,0.4274424934008821
49057,Weber,78849.0,6691.0,8783.0,1842.04145597093,167.0,1895.0,800.0382517527812,72.0,0.11139012542961864,0.024033278798716536,6888.0,0.0873568466309021,0.24185794258505153
51003,Albemarle,35090.0,3716.0,2345.0,589.1096037638176,115.0,40.0,4.71435559493614,9.0,0.06682815616984895,0.001139925904816187,2305.0,0.06568823026503277,-0.3460299124513619
51031,Campbell,9158.0,1274.0,241.0,44.52255339736236,19.0,202.0,24.5648389019735,13.0,0.02631578947368421,0.022057217733129506,39.0,0.0042585717405547036,0.48968372032856866
51059,Fairfax,524018.0,37781.0,3343.0,870.9684911395552,378.0,457.0,95.33283510010003,71.0,0.006379551847455622,0.0008721074466907625,2886.0,0.005507444400764859,-0.3598999178298638
51121,Montgomery,18578.0,2052.0,363.0,44.79455293582377,21.0,0.0,0.0,0.0,0.019539239961244483,0.0,363.0,0.019539239961244483,-0.035485975212002606
51155,Pulaski,2830.0,288.0,26.0,4.397211569808758,4.0,26.0,4.397211569808758,4.0,0.009187279151943463,0.009187279151943463,0.0,0.0,0.44994875298940895
53067,Thurston,76663.0,7877.0,1996.0,790.2331746986979,155.0,284.0,145.29823236869612,35.0,0.026036027810025696,0.0037045249990216925,1712.0,0.022331502811004003,-0.21134572161195353
54031,Hardy,680.0,143.0,41.0,3.3521508877671793,5.0,0.0,0.0,0.0,0.060294117647058824,0.0,41.0,0.060294117647058824,0.5878614553543057
54057,Mineral,2255.0,389.0,0.0,0.0,0.0,0.0,0.0,0.0,0.0,0.0,0.0,0.0,0.609897879025923
54085,Ritchie,878.0,91.0,0.0,0.0,0.0,0.0,0.0,0.0,0.0,0.0,0.0,0.0,0.7408521303258145
55007,Bayfield,982.0,156.0,15.0,7.167403944049386,3.0,0.0,0.0,0.0,0.015274949083503055,0.0,15.0,0.015274949083503055,-0.11370475061548281
55057,Juneau,3314.0,429.0,611.0,140.04420752857087,17.0,275.0,28.750590133206224,8.0,0.1843693421846711,0.08298129149064574,336.0,0.10138805069402536,0.3248487377425412
55121,Trempealeau,3238.0,384.0,326.0,152.31687233066913,20.0,0.0,0.0,0.0,0.10067943174799258,0.0,326.0,0.10067943174799258,0.21675062972292192
41003,Benton,20163.0,2437.0,554.0,164.2949170625148,81.0,0.0,0.0,0.0,0.02747607002926152,0.0,554.0,0.02747607002926152,-0.4100548902195609
42023,Cameron,314.0,15.0,285.0,163.87720499037968,12.0,234.0,155.8307581728846,9.0,0.9076433121019108,0.7452229299363057,51.0,0.16242038216560517,0.5091240875912408
42055,Franklin,45047.0,3053.0,5161.0,2850.9999462572086,162.0,1041.0,450.3183245721093,40.0,0.11456922769551801,0.023109197060847558,4120.0,0.09146003063467045,0.4337017571289403
44007,Providence,234792.0,23529.0,11323.0,2607.779431532971,539.0,3297.0,489.3562844226501,175.0,0.04822566356604995,0.014042216089134212,8026.0,0.03418344747691574,-0.14343826772553275
21203,Rockcastle,489.0,89.0,0.0,0.0,0.0,0.0,0.0,0.0,0.0,0.0,0.0,0.0,0.741241306915103
05017,Chicot,713.0,85.0,125.0,2.0583734301888703,36.0,0.0,0.0,0.0,0.1753155680224404,0.0,125.0,0.1753155680224404,-0.039953676896352056
13215,Muscogee,56229.0,4221.0,829.0,247.0198216874455,51.0,157.0,77.85204012485376,15.0,0.014743281936367356,0.002792153515090078,672.0,0.011951128421277277,-0.2348773569581027
13301,Warren,20.0,7.0,0.0,0.0,0.0,0.0,0.0,0.0,0.0,0.0,0.0,0.0,-0.04717710750193349
16013,Blaine,10675.0,1820.0,46.0,9.36514475394101,15.0,0.0,0.0,0.0,0.004309133489461358,0.0,46.0,0.004309133489461358,-0.3260920897284534
16031,Cassia,6528.0,705.0,668.0,186.12215591487657,61.0,0.0,0.0,0.0,0.10232843137254902,0.0,668.0,0.10232843137254902,0.7083065035415326
17125,Mason,482.0,63.0,58.0,0.0,6.0,0.0,0.0,0.0,0.12033195020746888,0.0,58.0,0.12033195020746888,0.4314574314574315
24015,Cecil,19001.0,1630.0,792.0,670.3945988251029,30.0,85.0,33.12187473319543,4.0,0.041682016735961266,0.004473448765854429,707.0,0.03720856797010684,0.31540418260548747
24039,Somerset,984.0,120.0,54.0,3.007559398027916,4.0,0.0,0.0,0.0,0.054878048780487805,0.0,54.0,0.054878048780487805,0.17760421949487779
17007,Boone,5243.0,557.0,408.0,61.0019987150628,25.0,219.0,31.740261555427285,9.0,0.07781804310509251,0.04176997901964524,189.0,0.036048064085447265,0.14744880832494126
18053,Grant,12326.0,763.0,691.0,337.62728921599484,31.0,426.0,232.9133071473347,7.0,0.056060360214181405,0.03456109037806263,265.0,0.021499269836118773,0.42561732149373555
20065,Graham,33.0,9.0,0.0,0.0,0.0,0.0,0.0,0.0,0.0,0.0,0.0,0.0,0.6679841897233202
21011,Bath,204.0,110.0,0.0,0.0,0.0,0.0,0.0,0.0,0.0,0.0,0.0,0.0,0.5194585448392555
21067,Fayette,145735.0,14649.0,3323.0,956.4216785414699,414.0,1178.0,371.9098542911412,108.0,0.022801660548255394,0.008083164648162762,2145.0,0.014718495900092632,-0.1850299145906462
21101,Henderson,8941.0,1045.0,1261.0,317.95569444360314,28.0,1047.0,222.8491094898899,13.0,0.14103567833575661,0.11710099541438318,214.0,0.023934682921373435,0.29620670132276494
21133,Letcher,1183.0,237.0,0.0,0.0,0.0,0.0,0.0,0.0,0.0,0.0,0.0,0.0,0.6491270319084889
22077,Pointe Coupee,1486.0,221.0,0.0,0.0,0.0,0.0,0.0,0.0,0.0,0.0,0.0,0.0,0.2711412648412891
22103,St. Tammany,75321.0,10533.0,1287.0,208.24406528174111,142.0,265.0,27.841151065405676,45.0,0.01708686820408651,0.0035182751158375487,1022.0,0.01356859308824896,0.4421831981546246
08069,Larimer,124540.0,14711.0,8106.0,2777.0219864641667,406.0,880.0,208.6500403809751,110.0,0.06508752208125904,0.007066002890637546,7226.0,0.05802151919062149,-0.18121393616244247
12029,Dixie,876.0,83.0,397.0,9.617472659690936,3.0,0.0,0.0,0.0,0.4531963470319635,0.0,397.0,0.4531963470319635,0.7080093792422559
27067,Kandiyohi,12875.0,988.0,1324.0,1063.8480350774103,55.0,222.0,130.85913495616117,4.0,0.10283495145631068,0.01724271844660194,1102.0,0.08559223300970874,0.31540213772560016
27119,Polk,4609.0,595.0,526.0,125.02609437441015,162.0,0.0,0.0,0.0,0.11412453894554134,0.0,526.0,0.11412453894554134,0.3433802630709234
20067,Grant,647.0,66.0,0.0,0.0,0.0,0.0,0.0,0.0,0.0,0.0,0.0,0.0,0.6389396709323584
21089,Greenup,2350.0,437.0,0.0,0.0,0.0,0.0,0.0,0.0,0.0,0.0,0.0,0.0,0.5121922762804807
26089,Leelanau,3448.0,560.0,399.0,155.0354626161989,45.0,0.0,0.0,0.0,0.11571925754060325,0.0,399.0,0.11571925754060325,-0.07860787798864743
26141,Presque Isle,527.0,86.0,0.0,0.0,0.0,0.0,0.0,0.0,0.0,0.0,0.0,0.0,0.29428172942817293
32031,Washoe,201842.0,17043.0,8471.0,2173.5300492740284,310.0,3197.0,703.5680467936895,98.0,0.041968470387729016,0.01583912168924208,5274.0,0.026129348698486935,-0.010205270393066007
38097,Traill,1125.0,186.0,227.0,98.00832442667419,62.0,0.0,0.0,0.0,0.20177777777777778,0.0,227.0,0.20177777777777778,0.32202544275380396
47105,Loudon,7482.0,891.0,688.0,94.39901831460745,14.0,31.0,7.9855032729385895,3.0,0.09195402298850575,0.004143277198609997,657.0,0.08781074578989576,0.5357827767800067
13309,Wheeler,,,,,,,,,,,,,
17003,Alexander,,,,,,,,,,,,,
17189,Washington,1303.0,135.0,84.0,4.343303979359562,22.0,0.0,0.0,0.0,0.0644666155026861,0.0,84.0,0.0644666155026861,0.5804721030042919
19003,Adams,91.0,17.0,0.0,0.0,0.0,0.0,0.0,0.0,0.0,0.0,0.0,0.0,0.44959388437649306
19163,Scott,70697.0,5622.0,3277.0,1339.6397182184003,128.0,1199.0,425.614647143004,40.0,0.04635274481236828,0.016959701260308074,2078.0,0.029393043552060204,0.03953422644282403
20195,Trego,114.0,19.0,0.0,0.0,0.0,0.0,0.0,0.0,0.0,0.0,0.0,0.0,0.7228992944194996
21187,Owen,107.0,20.0,0.0,0.0,0.0,0.0,0.0,0.0,0.0,0.0,0.0,0.0,0.6355588343784582
22063,Livingston,18536.0,2792.0,912.0,85.44615439413755,33.0,775.0,66.02202560500467,18.0,0.04920155373327579,0.041810530858869224,137.0,0.007391022874406565,0.6953161087672836
22101,St. Mary,12672.0,932.0,1170.0,67.9281321658798,51.0,447.0,20.17919851609972,19.0,0.09232954545454546,0.035274621212121215,723.0,0.05705492424242424,0.34530938123752497
08117,Summit,13507.0,2091.0,258.0,215.04249169056334,7.0,0.0,0.0,0.0,0.019101206781668763,0.0,258.0,0.019101206781668763,-0.3832764906503587
12007,Bradford,1454.0,235.0,0.0,0.0,0.0,0.0,0.0,0.0,0.0,0.0,0.0,0.0,0.5750757247944612
13031,Bulloch,14623.0,1456.0,144.0,23.760325275048185,24.0,33.0,18.293308362549116,4.0,0.009847500512890652,0.002256718867537441,111.0,0.007590781645353211,0.29142435151850826
39123,Ottawa,6243.0,708.0,441.0,233.45925113686246,20.0,329.0,186.40694401313124,7.0,0.07063911580970687,0.052699022905654334,112.0,0.01794009290405254,0.25301204819277107
40101,Muskogee,9587.0,946.0,469.0,288.27784045816657,7.0,376.0,276.86035002379117,4.0,0.04892041305935121,0.03921977678105768,93.0,0.009700636278293526,0.38204592901878914
27069,Kittson,158.0,46.0,58.0,9.51303836783158,27.0,0.0,0.0,0.0,0.3670886075949367,0.0,58.0,0.3670886075949367,0.25511038430089944
27107,Norman,218.0,62.0,138.0,22.911221140647886,49.0,0.0,0.0,0.0,0.6330275229357798,0.0,138.0,0.6330275229357798,0.2284105131414268
27145,Stearns,58011.0,4060.0,4888.0,1376.6227127577106,184.0,2493.0,893.026031615692,87.0,0.0842598817465653,0.04297460826394994,2395.0,0.04128527348261536,0.2725663925626172
28049,Hinds,57326.0,4691.0,658.0,127.61121082933667,50.0,169.0,97.23119584399038,15.0,0.011478212329484004,0.0029480514949586575,489.0,0.008530160834525347,-0.46726440646306155
29171,Putnam,101.0,27.0,19.0,0.012273182053536587,4.0,0.0,0.0,0.0,0.18811881188118812,0.0,19.0,0.18811881188118812,0.7069256756756757
30075,Powder River,24.0,4.0,0.0,0.0,0.0,0.0,0.0,0.0,0.0,0.0,0.0,0.0,0.7605118829981719
32011,Eureka,17.0,4.0,17.0,0.18617741260683535,4.0,0.0,0.0,0.0,1.0,0.0,17.0,1.0,0.7948717948717948
34033,Salem,10314.0,908.0,808.0,390.9394502107089,45.0,0.0,0.0,0.0,0.07834012022493698,0.0,808.0,0.07834012022493698,0.19518751639129295
36113,Warren,21225.0,1706.0,208.0,79.66844553219973,21.0,25.0,4.059957685679386,3.0,0.009799764428739694,0.001177856301531213,183.0,0.008621908127208481,0.04220697381319143
37031,Carteret,18053.0,2437.0,110.0,54.2996759791059,9.0,98.0,49.53394640522372,6.0,0.006093170110230987,0.005428460643660334,12.0,0.0006647094665706531,0.43456675713245513
37113,Macon,8635.0,1205.0,55.0,23.707163872656437,10.0,0.0,0.0,0.0,0.006369426751592357,0.0,55.0,0.006369426751592357,0.38354266715921687
38035,Grand Forks,22257.0,2314.0,396.0,141.64100833170076,64.0,174.0,45.99904325110242,5.0,0.017792155276991507,0.007817765197465966,222.0,0.00997439007952554,0.18481956066945607
39055,Geauga,24914.0,2501.0,3380.0,1254.5965755294678,124.0,722.0,272.15407703115693,35.0,0.13566669342538332,0.02897969013406117,2658.0,0.10668700329132215,0.24316779312371437
46023,Charles Mix,416.0,85.0,14.0,6.97611539225147,3.0,0.0,0.0,0.0,0.03365384615384615,0.0,14.0,0.03365384615384615,0.4367783722894959
47093,Knox,219405.0,15274.0,7938.0,2297.8701490263534,389.0,2444.0,810.4787584254401,124.0,0.036179667737745266,0.011139217428955584,5494.0,0.02504045030878968,0.19831814996496147
01071,Jackson,5700.0,775.0,787.0,162.0427376851142,24.0,312.0,55.824365931050835,16.0,0.13807017543859648,0.05473684210526316,475.0,0.08333333333333331,0.7193884106385713
13019,Berrien,516.0,75.0,70.0,36.56912454068733,6.0,0.0,0.0,0.0,0.13565891472868216,0.0,70.0,0.13565891472868216,0.6996273291925466
48061,Cameron,108927.0,6571.0,2006.0,176.97258544661761,185.0,511.0,42.00695576284408,29.0,0.018416003378409394,0.004691215217531007,1495.0,0.013724788160878387,0.04670456063281934
48185,Grimes,2942.0,321.0,516.0,128.1180264975506,21.0,257.0,55.49690881602241,12.0,0.17539089055064583,0.08735554044867437,259.0,0.08803535010197146,0.613328390790395
48239,Jackson,1179.0,141.0,71.0,0.21220727290782504,21.0,0.0,0.0,0.0,0.06022052586938083,0.0,71.0,0.06022052586938083,0.7225350853669438
06011,Colusa,3179.0,392.0,1800.0,352.13496993733514,187.0,0.0,0.0,0.0,0.5662157911292859,0.0,1800.0,0.5662157911292859,0.2897005113221329
16029,Caribou,433.0,78.0,117.0,19.009390997018965,18.0,0.0,0.0,0.0,0.2702078521939954,0.0,117.0,0.2702078521939954,0.7344076395105938
01021,Chilton,3563.0,595.0,298.0,37.918352421935694,15.0,121.0,27.83121561297762,7.0,0.08363738422677519,0.03396014594442885,177.0,0.04967723828234634,0.7249464777245387
01027,Clay,183.0,21.0,0.0,0.0,0.0,0.0,0.0,0.0,0.0,0.0,0.0,0.0,0.7047718150735841
01029,Cleburne,454.0,88.0,0.0,0.0,0.0,0.0,0.0,0.0,0.0,0.0,0.0,0.0,0.8406426972211247
04023,Santa Cruz,6311.0,728.0,384.0,59.30132541477754,26.0,12.0,1.7902894007614545,5.0,0.060846141657423546,0.0019014419267944858,372.0,0.05894469973062906,-0.18804049778527737
01093,Marion,2160.0,353.0,113.0,27.909467739313804,11.0,71.0,16.33071329356538,5.0,0.052314814814814814,0.03287037037037037,42.0,0.019444444444444445,0.8219015027525666
05053,Grant,565.0,112.0,0.0,0.0,0.0,0.0,0.0,0.0,0.0,0.0,0.0,0.0,0.7000125833647918
01103,Morgan,33414.0,2745.0,2995.0,732.3050263323657,92.0,1973.0,454.3655785021117,54.0,0.08963308792721614,0.0590471060034716,1022.0,0.030585981923744537,0.5309702692984615
01133,Winston,3326.0,170.0,2405.0,36.68548692253221,20.0,2405.0,36.68548692253221,20.0,0.7230907997594709,0.7230907997594709,0.0,0.0,0.8403611738148984
02070,Dillingham,24.0,3.0,0.0,0.0,0.0,0.0,0.0,0.0,0.0,0.0,0.0,0.0,
02110,Juneau,7457.0,797.0,335.0,38.05244202031362,20.0,0.0,0.0,0.0,0.04492423226498592,0.0,335.0,0.04492423226498592,
02150,Kodiak Island,894.0,160.0,0.0,0.0,0.0,0.0,0.0,0.0,0.0,0.0,0.0,0.0,
02220,Sitka,893.0,153.0,30.0,0.0,3.0,0.0,0.0,0.0,0.0335946248600224,0.0,30.0,0.0335946248600224,
02261,Valdez-Cordova,,,,,,,,,,,,,
48389,Reeves,2883.0,200.0,0.0,0.0,0.0,0.0,0.0,0.0,0.0,0.0,0.0,0.0,0.35262267343485615
49017,Garfield,1258.0,98.0,0.0,0.0,0.0,0.0,0.0,0.0,0.0,0.0,0.0,0.0,0.6068313953488372
51093,Isle of Wight,3200.0,495.0,38.0,3.5768843314387175,11.0,0.0,0.0,0.0,0.011875,0.0,38.0,0.011875,0.1996890089205336
51171,Shenandoah,5109.0,777.0,146.0,54.77627115453376,11.0,0.0,0.0,0.0,0.028577020943433156,0.0,146.0,0.028577020943433156,0.42691367234448174
53021,Franklin,26295.0,2065.0,7436.0,1042.6799105466775,268.0,17.0,15.712356617977681,3.0,0.282791405210116,0.000646510743487355,7419.0,0.2821448944666286,0.23254762673555054
53055,San Juan,3980.0,775.0,132.0,51.48822757648457,18.0,0.0,0.0,0.0,0.033165829145728645,0.0,132.0,0.033165829145728645,-0.534958564647196
66010,Guam,,,,,,,,,,,,,
05069,Jefferson,8586.0,1160.0,34.0,0.17154061611213245,13.0,0.0,0.0,0.0,0.00395993477754484,0.0,34.0,0.00395993477754484,-0.20376116596144805
05107,Phillips,1263.0,190.0,239.0,5.229374298779016,39.0,0.0,0.0,0.0,0.1892319873317498,0.0,239.0,0.1892319873317498,-0.13520197856553998
06041,Marin,86618.0,12575.0,1318.0,252.21490387826668,143.0,59.0,8.778640594314599,18.0,0.015216236809900944,0.0006811517236602092,1259.0,0.014535085086240735,-0.6568763105715876
06077,San Joaquin,231777.0,22487.0,28483.0,3730.5026014161413,1317.0,4635.0,689.9892551838291,156.0,0.12288967412642324,0.01999767017434862,23848.0,0.10289200395207462,0.009188595032916998
08001,Adams,184171.0,13611.0,8787.0,3064.3099655477004,317.0,3009.0,725.2180815211253,151.0,0.04771109458058,0.0163380771131177,5778.0,0.03137301746746231,-0.09261934120133873
01059,Franklin,3147.0,326.0,808.0,185.4035929876037,13.0,716.0,164.68719321398328,10.0,0.2567524626628535,0.22751827136955832,92.0,0.029234191293295186,0.7383395911556112
01097,Mobile,133933.0,11649.0,10962.0,1901.34149172257,309.0,3406.0,492.98919525392296,104.0,0.08184689359605175,0.025430625760641513,7556.0,0.05641626783541024,0.1660976541252445
48283,La Salle,235.0,21.0,0.0,0.0,0.0,0.0,0.0,0.0,0.0,0.0,0.0,0.0,0.20545127282077655
48401,Rusk,6134.0,504.0,0.0,0.0,0.0,0.0,0.0,0.0,0.0,0.0,0.0,0.0,0.6044090957617166
48459,Upshur,2933.0,247.0,15.0,1.1107459319142035,5.0,15.0,1.1107459319142035,5.0,0.005114217524718718,0.005114217524718718,0.0,0.0,0.7176990896298211
49037,San Juan,648.0,79.0,0.0,0.0,0.0,0.0,0.0,0.0,0.0,0.0,0.0,0.0,0.16661285114627059
51027,Buchanan,2030.0,288.0,0.0,0.0,0.0,0.0,0.0,0.0,0.0,0.0,0.0,0.0,0.7084140305573489
51101,King William,934.0,237.0,0.0,0.0,0.0,0.0,0.0,0.0,0.0,0.0,0.0,0.0,0.4091384722706662
51147,Prince Edward,1843.0,382.0,0.0,0.0,0.0,0.0,0.0,0.0,0.0,0.0,0.0,0.0,0.026070164145477952
51191,Washington,10131.0,1196.0,321.0,117.64947827048589,22.0,264.0,104.51626205448488,15.0,0.03168492745039976,0.026058631921824105,57.0,0.005626295528575655,0.536592876449858
54003,Berkeley,19390.0,3228.0,1336.0,648.4529134494567,20.0,0.0,0.0,0.0,0.06890149561629706,0.0,1336.0,0.06890149561629706,0.364560639070443
54041,Lewis,1721.0,268.0,6.0,4.915422798141638,3.0,0.0,0.0,0.0,0.003486345148169669,0.0,6.0,0.003486345148169669,0.6035827795434845
42017,Bucks,242137.0,20808.0,19792.0,7174.838260594697,847.0,7669.0,3165.51666448457,291.0,0.08173885032027324,0.031672152541742896,12123.0,0.050066697778530345,0.0007327150997222733
05043,Drew,2105.0,249.0,37.0,0.18667655282790885,7.0,0.0,0.0,0.0,0.017577197149643706,0.0,37.0,0.017577197149643706,0.34431472893011356
05049,Fulton,106.0,29.0,0.0,0.0,0.0,0.0,0.0,0.0,0.0,0.0,0.0,0.0,0.6336433481601293
02020,Anchorage,117938.0,8329.0,1340.0,58.382878366759186,124.0,109.0,23.91388097458237,9.0,0.011361902016313657,0.0009242144177449168,1231.0,0.01043768759856874,-0.12677674084709262
04021,Pinal,42787.0,4742.0,3203.0,201.77236115326824,158.0,166.0,67.6654781566314,26.0,0.07485918620141632,0.0038796830813097438,3037.0,0.07097950312010658,0.22289986607702017
13113,Fayette,34574.0,4254.0,914.0,405.84468934794523,37.0,814.0,387.9533654795173,17.0,0.02643605021114132,0.02354370336090704,100.0,0.0028923468502342793,0.031824754388572817
13151,Henry,53985.0,4814.0,740.0,162.06547964305636,39.0,29.0,1.8498473436363327,4.0,0.013707511345744189,0.0005371862554413263,711.0,0.013170325090302862,-0.2984442624868406
13191,McIntosh,203.0,44.0,0.0,0.0,0.0,0.0,0.0,0.0,0.0,0.0,0.0,0.0,0.2873220338983051
23027,Waldo,4825.0,817.0,83.0,36.22396429907124,11.0,0.0,0.0,0.0,0.017202072538860105,0.0,83.0,0.017202072538860105,-0.03456447131884295
24027,Howard,144857.0,10925.0,3126.0,1326.1827812497195,135.0,482.0,130.93971648817626,25.0,0.021579902938760293,0.0033274194550487724,2644.0,0.018252483483711522,-0.4325129600606238
05135,Sharp,1492.0,148.0,0.0,0.0,0.0,0.0,0.0,0.0,0.0,0.0,0.0,0.0,0.6391554702495201
09005,Litchfield,,,,,,,,,,,,,
09013,Tolland,,,,,,,,,,,,,
12115,Sarasota,162180.0,20395.0,6262.0,543.289751025879,415.0,4163.0,389.5247518698337,147.0,0.038611419410531506,0.025669009742261686,2099.0,0.01294240966826982,0.18323081551504783
05101,Newton,38.0,5.0,0.0,0.0,0.0,0.0,0.0,0.0,0.0,0.0,0.0,0.0,0.652549231184246
05105,Perry,56.0,16.0,0.0,0.0,0.0,0.0,0.0,0.0,0.0,0.0,0.0,0.0,0.5881302989736724
05115,Pope,15631.0,1432.0,1821.0,368.13109433997636,30.0,390.0,173.1693411249174,8.0,0.11649926428251552,0.02495041903908899,1431.0,0.09154884524342652,0.5350984960813387
05005,Baxter,8341.0,1021.0,236.0,59.82932895353976,18.0,141.0,45.39316154834202,8.0,0.028293969548015826,0.01690444790792471,95.0,0.011389521640091115,0.5784208992910557
05009,Boone,4885.0,565.0,14.0,1.5244894984665693,3.0,14.0,1.5244894984665693,3.0,0.0028659160696008186,0.0028659160696008186,0.0,0.0,0.660682439662347
08021,Conejos,204.0,63.0,27.0,5.915299338361718,3.0,0.0,0.0,0.0,0.1323529411764706,0.0,27.0,0.1323529411764706,0.1834378920953576
08039,Elbert,2568.0,588.0,27.0,3.5515997346834087,6.0,27.0,3.5515997346834087,6.0,0.010514018691588784,0.010514018691588784,0.0,0.0,0.5226510487060119
08059,Jefferson,196138.0,24371.0,7188.0,1240.8436174433891,290.0,1728.0,473.4559553878347,106.0,0.03664766643893585,0.008810123484485413,5460.0,0.027837542954450435,-0.2002675166486425
01037,Coosa,15.0,3.0,0.0,0.0,0.0,0.0,0.0,0.0,0.0,0.0,0.0,0.0,0.43544690603514136
08073,Lincoln,212.0,14.0,0.0,0.0,0.0,0.0,0.0,0.0,0.0,0.0,0.0,0.0,0.6574147501982553
08101,Pueblo,38525.0,3315.0,1755.0,416.502920413119,58.0,1077.0,149.43679137892875,17.0,0.04555483452303699,0.027955872809863724,678.0,0.017598961713173267,0.052519996145321386
08121,Washington,214.0,27.0,0.0,0.0,0.0,0.0,0.0,0.0,0.0,0.0,0.0,0.0,0.7620253164556962
08125,Yuma,1221.0,184.0,143.0,1.1063576317991206,30.0,0.0,0.0,0.0,0.11711711711711711,0.0,143.0,0.11711711711711711,0.667907995618839
05077,Lee,219.0,42.0,165.0,2.302821020812158,35.0,0.0,0.0,0.0,0.7534246575342466,0.0,165.0,0.7534246575342466,-0.03631170950632395
01017,Chambers,2544.0,428.0,110.0,4.012400956230442,3.0,0.0,0.0,0.0,0.04323899371069182,0.0,110.0,0.04323899371069182,0.2342023236044205
05129,Searcy,137.0,20.0,0.0,0.0,0.0,0.0,0.0,0.0,0.0,0.0,0.0,0.0,0.7321802935010482
13063,Clayton,97793.0,4305.0,306.0,124.0049216130499,30.0,169.0,88.96572068193956,14.0,0.003129058317057458,0.0017281400509238903,137.0,0.0014009182661335678,-0.6961289160965071
13159,Jasper,626.0,74.0,124.0,40.77748597521248,3.0,0.0,0.0,0.0,0.19808306709265175,0.0,124.0,0.19808306709265175,0.5858652575957728
06031,Kings,25052.0,1879.0,7463.0,295.81539890695234,254.0,6.0,0.3869843835774894,3.0,0.2979003672361488,0.00023950183618074404,7457.0,0.29766086539996806,0.23538541127780652
06035,Lassen,1305.0,347.0,103.0,0.6041525774134417,12.0,0.0,0.0,0.0,0.0789272030651341,0.0,103.0,0.0789272030651341,0.5533928088672614
06075,San Francisco,561300.0,67659.0,6160.0,997.6542951107122,513.0,430.0,72.05668562777495,70.0,0.010974523427756993,0.0007660787457687511,5730.0,0.010208444681988242,-0.6759415292780725
08003,Alamosa,3057.0,364.0,214.0,60.35981053778884,32.0,0.0,0.0,0.0,0.0700032711808963,0.0,214.0,0.0700032711808963,0.11135460895767703
08015,Chaffee,4902.0,883.0,143.0,93.02916112159784,17.0,23.0,4.752548319616022,6.0,0.029171766625866992,0.004691962464300286,120.0,0.024479804161566705,-0.13959788963353773
13003,Atkinson,716.0,15.0,665.0,6.091052274867857,5.0,665.0,6.091052274867857,5.0,0.9287709497206704,0.9287709497206704,0.0,0.0,0.5409836065573771
12035,Flagler,20432.0,3079.0,318.0,91.71913800528863,46.0,27.0,0.921297515124135,7.0,0.015563821456538762,0.0013214565387627251,291.0,0.014242364917776036,0.28425955063251307
12059,Holmes,826.0,152.0,72.0,3.506397836283438,3.0,72.0,3.506397836283438,3.0,0.08716707021791767,0.08716707021791767,0.0,0.0,0.8056198347107438
12087,Monroe,36378.0,4412.0,129.0,4.88303175252179,30.0,7.0,0.726274164272986,3.0,0.0035460992907801418,0.00019242399252295344,122.0,0.0033536752982571885,0.18480805509466555
12109,St. Johns,81280.0,10476.0,1308.0,297.0761678285018,168.0,137.0,6.218682524606881,36.0,0.01609251968503937,0.0016855314960629922,1171.0,0.014406988188976377,0.3164128595600677
12111,St. Lucie,69066.0,8341.0,2508.0,353.22014105246336,186.0,377.0,25.37940012717455,53.0,0.03631309182521067,0.005458546897170822,2131.0,0.030854544928039847,0.09126815733637995
05149,Yell,1186.0,155.0,59.0,8.6540358410596,8.0,0.0,0.0,0.0,0.049747048903878585,0.0,59.0,0.049747048903878585,0.6185534591194969
06021,Glenn,4377.0,486.0,1877.0,132.38228501157795,193.0,0.0,0.0,0.0,0.4288325336988805,0.0,1877.0,0.4288325336988805,0.3585202676111767
06025,Imperial,42278.0,9797.0,8302.0,818.076092133449,286.0,26.0,1.6769323288357874,4.0,0.19636690477316807,0.0006149770566251952,8276.0,0.19575192771654287,0.008797431074122631
06061,Placer,150199.0,15832.0,3134.0,487.8611235194469,250.0,768.0,84.45646391960452,63.0,0.020865651568918567,0.005113216466154901,2366.0,0.015752435102763668,0.08768357912935117
06109,Tuolumne,8235.0,1486.0,48.0,4.63060606307147,7.0,0.0,0.0,0.0,0.0058287795992714025,0.0,48.0,0.0058287795992714025,0.2240833600056901
13117,Forsyth,67207.0,8844.0,3890.0,572.8459225280375,209.0,1024.0,171.79369668560366,64.0,0.05788087550403976,0.01523650810183463,2866.0,0.04264436740220513,0.33461510344323414
13169,Jones,1321.0,195.0,0.0,0.0,0.0,0.0,0.0,0.0,0.0,0.0,0.0,0.0,0.38159371492704824
13197,Marion,,,,,,,,,,,,,
17067,Hancock,874.0,101.0,124.0,0.0,4.0,0.0,0.0,0.0,0.14187643020594964,0.0,124.0,0.14187643020594964,0.5089416263637386
17183,Vermilion,11966.0,805.0,1466.0,370.2530068921698,49.0,80.0,11.59461609330677,7.0,0.12251378906902892,0.006685609226140732,1386.0,0.1158281798428882,0.3624745961213875
13059,Clarke,36582.0,3205.0,562.0,108.36320512277004,37.0,85.0,38.77969535081174,9.0,0.015362746706030288,0.0023235470996665025,477.0,0.013039199606363785,-0.3868108355939327
13069,Coffee,5060.0,508.0,379.0,22.773230335460287,33.0,0.0,0.0,0.0,0.07490118577075099,0.0,379.0,0.07490118577075099,0.45227316202257223
13083,Dade,577.0,92.0,0.0,0.0,0.0,0.0,0.0,0.0,0.0,0.0,0.0,0.0,0.6703080888670676
17053,Ford,1362.0,104.0,75.0,0.5314120689460095,12.0,0.0,0.0,0.0,0.05506607929515418,0.0,75.0,0.05506607929515418,0.4882417068992369
13145,Harris,1466.0,297.0,0.0,0.0,0.0,0.0,0.0,0.0,0.0,0.0,0.0,0.0,0.46304865447684085
13023,Bleckley,757.0,56.0,0.0,0.0,0.0,0.0,0.0,0.0,0.0,0.0,0.0,0.0,0.5554448871181938
13037,Calhoun,122.0,29.0,43.0,3.71178320769259,13.0,0.0,0.0,0.0,0.3524590163934426,0.0,43.0,0.3524590163934426,-0.12323429128105212
13053,Chattahoochee,129.0,27.0,0.0,0.0,0.0,0.0,0.0,0.0,0.0,0.0,0.0,0.0,0.1655786350148368
17073,Henry,6127.0,688.0,968.0,110.26991768152413,45.0,506.0,108.14426940574009,13.0,0.15798922800718132,0.08258527827648116,462.0,0.07540394973070016,0.24946105348789913
17097,Lake,272321.0,19050.0,25553.0,6453.7908126794055,763.0,7215.0,1646.8953511915174,231.0,0.09383411488647589,0.026494467925720015,18338.0,0.06733964696075587,-0.21059257025216035
17059,Gallatin,,,,,,,,,,,,,
17063,Grundy,8898.0,777.0,51.0,12.98836267371093,13.0,0.0,0.0,0.0,0.0057316250842886045,0.0,51.0,0.0057316250842886045,0.3004590665646519
13093,Dooly,184.0,35.0,117.0,3.4528215885512465,26.0,0.0,0.0,0.0,0.6358695652173914,0.0,117.0,0.6358695652173914,0.07732949087415947
16051,Jefferson,3930.0,781.0,497.0,16.583646475333992,54.0,4.0,0.8305338470756519,6.0,0.12646310432569974,0.0010178117048346056,493.0,0.12544529262086512,0.753968253968254
16065,Madison,8100.0,1247.0,248.0,33.90302880660902,31.0,84.0,15.035960236521605,10.0,0.030617283950617285,0.01037037037037037,164.0,0.020246913580246915,0.668463934819075
13111,Fannin,3619.0,444.0,0.0,0.0,0.0,0.0,0.0,0.0,0.0,0.0,0.0,0.0,0.6499781781906603
13243,Randolph,107.0,17.0,28.0,2.4169751119858724,6.0,0.0,0.0,0.0,0.2616822429906542,0.0,28.0,0.2616822429906542,-0.07666442501681238
13257,Stephens,2334.0,317.0,44.0,3.3408989046460986,7.0,44.0,3.3408989046460986,7.0,0.018851756640959727,0.018851756640959727,0.0,0.0,0.6311752071187481
17011,Bureau,2498.0,351.0,321.0,93.34534111648435,17.0,190.0,93.34534111648435,4.0,0.12850280224179345,0.07606084867894315,131.0,0.052441953562850294,0.24764090793165008
17015,Carroll,1133.0,136.0,0.0,0.0,0.0,0.0,0.0,0.0,0.0,0.0,0.0,0.0,0.3230929445456912
18099,Marshall,9788.0,793.0,2956.0,1381.550677313421,73.0,2224.0,1020.3809631767688,40.0,0.3020024519820188,0.22721700040866366,732.0,0.07478545157335514,0.44187985202938573
18101,Martin,1861.0,137.0,30.0,15.98196500502889,8.0,0.0,0.0,0.0,0.016120365394948953,0.0,30.0,0.016120365394948953,0.6187167960768287
13287,Turner,147.0,24.0,0.0,0.0,0.0,0.0,0.0,0.0,0.0,0.0,0.0,0.0,0.2857142857142857
13295,Walker,4598.0,453.0,62.0,39.3647357802755,3.0,0.0,0.0,0.0,0.013484123531970421,0.0,62.0,0.013484123531970421,0.5964637281334253
15003,Honolulu,343120.0,29996.0,6984.0,689.2006283495692,480.0,286.0,6.656633733710736,33.0,0.02035439496386104,0.0008335276288179063,6698.0,0.019520867335043136,-0.22047253502195405
16009,Benewah,558.0,149.0,0.0,0.0,0.0,0.0,0.0,0.0,0.0,0.0,0.0,0.0,0.6281566911910916
18003,Allen,144807.0,9870.0,15217.0,6404.791249453779,370.0,5291.0,2460.2592691293326,140.0,0.10508469894411182,0.036538288894873865,9926.0,0.06854641004923795,0.1268261328107936
17149,Pike,1292.0,181.0,89.0,0.5526685517038498,31.0,0.0,0.0,0.0,0.06888544891640867,0.0,89.0,0.06888544891640867,0.6475365457498646
17159,Richland,1457.0,138.0,42.0,12.090831674100313,3.0,0.0,0.0,0.0,0.028826355525051476,0.0,42.0,0.028826355525051476,0.5424305919329492
17107,Logan,2109.0,262.0,139.0,0.6589509654930517,25.0,0.0,0.0,0.0,0.06590801327643434,0.0,139.0,0.06590801327643434,0.42390243902439023
17115,Macon,27116.0,1492.0,6269.0,1802.2321308716967,31.0,160.0,64.40590176288097,9.0,0.23119191621183066,0.005900575306092344,6109.0,0.22529134090573832,0.19189607592380695
17121,Marion,4590.0,423.0,206.0,71.40807611582835,13.0,138.0,67.79819512670969,3.0,0.044880174291938996,0.030065359477124184,68.0,0.014814814814814812,0.5018456883509833
17131,Mercer,507.0,64.0,0.0,0.0,0.0,0.0,0.0,0.0,0.0,0.0,0.0,0.0,0.2774035517452541
17135,Montgomery,3515.0,346.0,0.0,0.0,0.0,0.0,0.0,0.0,0.0,0.0,0.0,0.0,0.448227936066713
17145,Perry,1037.0,132.0,0.0,0.0,0.0,0.0,0.0,0.0,0.0,0.0,0.0,0.0,0.5280923584387026
13233,Polk,2760.0,316.0,38.0,5.985019246036071,6.0,38.0,5.985019246036071,6.0,0.013768115942028985,0.013768115942028985,0.0,0.0,0.6074551070624574
13239,Quitman,11.0,6.0,0.0,0.0,0.0,0.0,0.0,0.0,0.0,0.0,0.0,0.0,0.15492957746478872
18031,Decatur,4226.0,436.0,239.0,67.68165791479439,39.0,0.0,0.0,0.0,0.05655466161855182,0.0,239.0,0.05655466161855182,0.5955282844414558
18037,Dubois,18762.0,1109.0,7760.0,4055.5534198856803,93.0,170.0,99.05846998069912,6.0,0.4136019614113634,0.009060867711331414,7590.0,0.404541093700032,0.4319300425287906
18041,Fayette,880.0,122.0,92.0,22.552377064507176,8.0,92.0,22.552377064507176,8.0,0.10454545454545454,0.10454545454545454,0.0,0.0,0.5707075908950459
18055,Greene,2724.0,361.0,0.0,0.0,0.0,0.0,0.0,0.0,0.0,0.0,0.0,0.0,0.5458964032773226
18065,Henry,5147.0,548.0,313.0,138.65291646297078,30.0,72.0,53.22676108369657,7.0,0.06081212356712648,0.013988731299786283,241.0,0.0468233922673402,0.4854009189269305
18075,Jay,2683.0,182.0,1115.0,688.3542123485745,20.0,0.0,0.0,0.0,0.4155795751024972,0.0,1115.0,0.4155795751024972,0.5612757408337519
18085,Kosciusko,17761.0,1742.0,1850.0,928.211928664577,78.0,1311.0,607.2615796513519,34.0,0.10416080175665784,0.07381341140701538,539.0,0.03034739034964247,0.5325654817586529
18091,LaPorte,26983.0,2107.0,5611.0,2437.109572703917,108.0,2315.0,737.2063259005273,40.0,0.20794574361635104,0.08579475966349183,3296.0,0.12215098395285921,0.1437742066633856
18109,Morgan,7358.0,1009.0,521.0,233.9840165560511,26.0,184.0,110.32939105222314,13.0,0.07080728458820332,0.025006795324816526,337.0,0.04580048926338679,0.5528361646991073
16019,Bonneville,48573.0,5216.0,1751.0,625.2448988402044,173.0,501.0,58.002666997038276,42.0,0.036048833714203365,0.010314372182076462,1250.0,0.025734461532126905,0.46953825833318047
16021,Boundary,1205.0,285.0,56.0,17.244266857404025,13.0,0.0,0.0,0.0,0.046473029045643155,0.0,56.0,0.046473029045643155,0.6699812653120046
16045,Gem,1704.0,365.0,0.0,0.0,0.0,0.0,0.0,0.0,0.0,0.0,0.0,0.0,0.673457620603498
17029,Coles,8172.0,584.0,165.0,72.72785270411408,7.0,104.0,51.09429197954933,3.0,0.020190895741556535,0.012726382770435633,61.0,0.007464512971120902,0.2896071276242832
18181,White,3528.0,398.0,473.0,306.01661431969745,35.0,371.0,262.4066468000299,7.0,0.1340702947845805,0.10515873015873016,102.0,0.02891156462585033,0.4603261865493861
19007,Appanoose,695.0,96.0,0.0,0.0,0.0,0.0,0.0,0.0,0.0,0.0,0.0,0.0,0.4723004694835681
19017,Bremer,3282.0,372.0,180.0,74.38216116305301,6.0,0.0,0.0,0.0,0.054844606946983544,0.0,180.0,0.054844606946983544,0.2246346555323591
19025,Calhoun,590.0,81.0,0.0,0.0,0.0,0.0,0.0,0.0,0.0,0.0,0.0,0.0,0.4725972994440032
18095,Madison,22626.0,2042.0,935.0,401.49775873151486,52.0,324.0,140.52624558252842,21.0,0.04132414036948643,0.014319809069212411,611.0,0.02700433130027402,0.2746565192733393
18097,Marion,531808.0,28034.0,26091.0,10173.483700552975,660.0,5543.0,2523.8174323377634,217.0,0.04906093928635899,0.010422934592935796,20548.0,0.0386380046934232,-0.2814423515948747
17173,Shelby,986.0,181.0,67.0,0.47472811492510175,19.0,0.0,0.0,0.0,0.06795131845841786,0.0,67.0,0.06795131845841786,0.610671765012601
17177,Stephenson,6999.0,622.0,1248.0,390.7458398513594,26.0,36.0,5.217577241988047,5.0,0.17831118731247322,0.005143591941705958,1212.0,0.17316759537076726,0.19728484848484848
16075,Payette,2607.0,446.0,63.0,9.089687745626996,14.0,0.0,0.0,0.0,0.024165707710011506,0.0,63.0,0.024165707710011506,0.6417288665162298
17005,Bond,928.0,111.0,0.0,0.0,0.0,0.0,0.0,0.0,0.0,0.0,0.0,0.0,0.45780509668331415
19103,Johnson,45308.0,4583.0,616.0,293.8858168879903,45.0,0.0,0.0,0.0,0.01359583296548071,0.0,616.0,0.01359583296548071,-0.38570402552600286
19117,Lucas,343.0,60.0,0.0,0.0,0.0,0.0,0.0,0.0,0.0,0.0,0.0,0.0,0.4882906544101554
19127,Marshall,5477.0,604.0,0.0,0.0,0.0,0.0,0.0,0.0,0.0,0.0,0.0,0.0,0.15818042362381263
19131,Mitchell,963.0,113.0,0.0,0.0,0.0,0.0,0.0,0.0,0.0,0.0,0.0,0.0,0.31572459940130304
20105,Lincoln,11.0,3.0,0.0,0.0,0.0,0.0,0.0,0.0,0.0,0.0,0.0,0.0,0.6628455832771409
20109,Logan,26.0,9.0,0.0,0.0,0.0,0.0,0.0,0.0,0.0,0.0,0.0,0.0,0.7326515704894083
20111,Lyon,3933.0,497.0,0.0,0.0,0.0,0.0,0.0,0.0,0.0,0.0,0.0,0.0,0.15003467673576326
20113,McPherson,6134.0,535.0,904.0,369.6716133594849,19.0,0.0,0.0,0.0,0.14737528529507662,0.0,904.0,0.14737528529507662,0.4188046541880465
19135,Monroe,343.0,54.0,0.0,0.0,0.0,0.0,0.0,0.0,0.0,0.0,0.0,0.0,0.5119337554797857
19041,Clay,3736.0,404.0,40.0,0.0,6.0,0.0,0.0,0.0,0.010706638115631691,0.0,40.0,0.010706638115631691,0.43736629427145235
18017,Cass,5481.0,444.0,818.0,397.00467383346006,22.0,299.0,199.4131377590197,5.0,0.14924283889801132,0.05455208903484766,519.0,0.09469074986316367,0.46855143856643106
20049,Elk,,,,,,,,,,,,,
20057,Ford,5346.0,485.0,83.0,0.022946546061055537,14.0,0.0,0.0,0.0,0.015525626636737748,0.0,83.0,0.015525626636737748,0.3906153274730717
18115,Ohio,,,,,,,,,,,,,
18119,Owen,559.0,109.0,140.0,59.30800965002286,10.0,68.0,49.35455145918008,5.0,0.2504472271914132,0.12164579606440072,72.0,0.12880143112701248,0.5153386864319539
18121,Parke,713.0,110.0,0.0,0.0,0.0,0.0,0.0,0.0,0.0,0.0,0.0,0.0,0.5800275693061725
20091,Johnson,325745.0,28342.0,11037.0,3669.9959782316,486.0,2902.0,889.7112760048813,121.0,0.03388233127139327,0.008908809037744247,8135.0,0.024973522233649022,-0.08647963565078857
20097,Kiowa,49.0,8.0,49.0,0.013546756108333993,8.0,0.0,0.0,0.0,1.0,0.0,49.0,1.0,0.7234432234432234
20101,Lane,34.0,9.0,34.0,0.009399789952721546,9.0,0.0,0.0,0.0,1.0,0.0,34.0,1.0,0.7292682926829268
19049,Dallas,36727.0,3098.0,414.0,49.673981008181364,41.0,0.0,0.0,0.0,0.011272360933373268,0.0,414.0,0.011272360933373268,0.04810929810929811
18133,Putnam,4193.0,464.0,593.0,194.5957916463152,13.0,0.0,0.0,0.0,0.14142618650131172,0.0,593.0,0.14142618650131172,0.5289894749650179
18157,Tippecanoe,49178.0,3896.0,2750.0,955.8295094142035,58.0,318.0,148.7007017103115,18.0,0.055919313514173,0.006466306071820733,2432.0,0.049453007442352266,0.0015275104634466746
18111,Newton,897.0,112.0,91.0,32.995661418247224,16.0,0.0,0.0,0.0,0.10144927536231885,0.0,91.0,0.10144927536231885,0.5785263805568374
17021,Christian,3762.0,386.0,114.0,0.8077463447979344,23.0,0.0,0.0,0.0,0.030303030303030304,0.0,114.0,0.030303030303030304,0.47386304234187143
19159,Ringgold,80.0,11.0,0.0,0.0,0.0,0.0,0.0,0.0,0.0,0.0,0.0,0.0,0.5190350546551075
19165,Shelby,1619.0,184.0,0.0,0.0,0.0,0.0,0.0,0.0,0.0,0.0,0.0,0.0,0.43503353610981127
20063,Gove,10.0,6.0,0.0,0.0,0.0,0.0,0.0,0.0,0.0,0.0,0.0,0.0,0.7821350762527233
20073,Greenwood,212.0,38.0,0.0,0.0,0.0,0.0,0.0,0.0,0.0,0.0,0.0,0.0,0.6190140845070422
20077,Harper,295.0,51.0,0.0,0.0,0.0,0.0,0.0,0.0,0.0,0.0,0.0,0.0,0.6516540454364289
20085,Jackson,529.0,60.0,0.0,0.0,0.0,0.0,0.0,0.0,0.0,0.0,0.0,0.0,0.43392070484581496
19169,Story,26042.0,2533.0,1290.0,670.9588126998598,70.0,62.0,6.486111221086429,3.0,0.049535365947315876,0.0023807695261500654,1228.0,0.04715459642116581,-0.10530662812306421
19189,Winnebago,857.0,91.0,25.0,1.1108638459723228,7.0,0.0,0.0,0.0,0.029171528588098017,0.0,25.0,0.029171528588098017,0.3114517583408476
20001,Allen,1495.0,135.0,0.0,0.0,0.0,0.0,0.0,0.0,0.0,0.0,0.0,0.0,0.4720496894409938
20009,Barton,5645.0,534.0,149.0,2.067075769203286,31.0,25.0,1.9133825222477572,5.0,0.026395039858281667,0.0044286979627989375,124.0,0.02196634189548273,0.5760660776027661
20015,Butler,9433.0,1216.0,44.0,0.022127267583927027,5.0,0.0,0.0,0.0,0.004664475776529206,0.0,44.0,0.004664475776529206,0.42044590828477324
20025,Clark,94.0,11.0,0.0,0.0,0.0,0.0,0.0,0.0,0.0,0.0,0.0,0.0,0.7409638554216867
20029,Cloud,1123.0,126.0,40.0,0.08521337580620503,10.0,0.0,0.0,0.0,0.03561887800534283,0.0,40.0,0.03561887800534283,0.6150564617314931
20043,Doniphan,270.0,63.0,7.0,0.0,5.0,0.0,0.0,0.0,0.025925925925925925,0.0,7.0,0.025925925925925925,0.644822695035461
40045,Ellis,99.0,15.0,0.0,0.0,0.0,0.0,0.0,0.0,0.0,0.0,0.0,0.0,0.7789001122334456
48309,McLennan,83729.0,5233.0,10142.0,1000.0778945887231,195.0,3140.0,398.0854966137214,76.0,0.12112888007739255,0.0375019407851521,7002.0,0.08362693929224044,0.30935795606516964
48337,Montague,1844.0,257.0,0.0,0.0,0.0,0.0,0.0,0.0,0.0,0.0,0.0,0.0,0.7837
48355,Nueces,130281.0,7777.0,2791.0,386.34904736998357,219.0,1053.0,198.16676552342466,65.0,0.021422924294409777,0.008082529302047113,1738.0,0.013340394992362664,0.11170414496748592
51720,Norton,531.0,72.0,0.0,0.0,0.0,0.0,0.0,0.0,0.0,0.0,0.0,0.0,0.4387254901960784
51740,Portsmouth,17114.0,1432.0,361.0,163.9131827661757,17.0,307.0,142.6216934205713,8.0,0.02109384129952086,0.0179385298585953,54.0,0.003155311440925561,-0.3917789359819058
18143,Scott,2820.0,183.0,317.0,102.16835533733742,4.0,0.0,0.0,0.0,0.11241134751773049,0.0,317.0,0.11241134751773049,0.5232488525244462
18171,Warren,334.0,41.0,196.0,100.63198637936844,17.0,54.0,39.92007081277243,3.0,0.5868263473053892,0.16167664670658682,142.0,0.42514970059880236,0.5823255813953488
18177,Wayne,17578.0,1145.0,3459.0,1314.1030447269793,72.0,1401.0,678.9125582413849,35.0,0.19678006599158038,0.07970190010240073,2058.0,0.11707816588917964,0.3300447749867193
19097,Jackson,2479.0,362.0,332.0,67.62718756193541,16.0,226.0,63.90518519213177,3.0,0.13392496974586526,0.09116579265832997,106.0,0.042759177087535294,0.3295742881308148
19141,O'Brien,2451.0,292.0,19.0,0.0,8.0,0.0,0.0,0.0,0.007751937984496124,0.0,19.0,0.007751937984496124,0.615405332615136
19055,Delaware,2279.0,306.0,305.0,109.82330490355065,12.0,0.0,0.0,0.0,0.1338306274681878,0.0,305.0,0.1338306274681878,0.4021280867295724
19073,Greene,483.0,90.0,25.0,1.1108638459723228,9.0,0.0,0.0,0.0,0.051759834368530024,0.0,25.0,0.051759834368530024,0.3340257582052347
19079,Hamilton,2325.0,226.0,142.0,49.23398884692455,20.0,0.0,0.0,0.0,0.0610752688172043,0.0,142.0,0.0610752688172043,0.3368955383382314
40041,Delaware,3890.0,496.0,264.0,12.465244647942377,7.0,14.0,2.5347135239138283,4.0,0.067866323907455,0.0035989717223650387,250.0,0.06426735218508997,0.6113410133094732
46111,Sanborn,38.0,8.0,0.0,0.0,0.0,0.0,0.0,0.0,0.0,0.0,0.0,0.0,0.563973063973064
51810,Virginia Beach,136028.0,13398.0,2099.0,527.5664669592189,164.0,879.0,103.74291901127745,46.0,0.015430646631575852,0.006461904901931955,1220.0,0.008968741729643896,-0.02685653529785975
72061,Guaynabo,44499.0,2370.0,611.0,0.0,26.0,0.0,0.0,0.0,0.013730645632486124,0.0,611.0,0.013730645632486124,
20087,Jefferson,823.0,164.0,15.0,0.004146966155612447,4.0,0.0,0.0,0.0,0.018226002430133656,0.0,15.0,0.018226002430133656,0.376799670917318
20089,Jewell,101.0,19.0,31.0,0.008570396721599058,4.0,0.0,0.0,0.0,0.3069306930693069,0.0,31.0,0.3069306930693069,0.7723156532988357
46109,Roberts,552.0,97.0,26.0,1.4079534110075966,9.0,0.0,0.0,0.0,0.04710144927536232,0.0,26.0,0.04710144927536232,0.2341678939617084
46121,Todd,,,,,,,,,,,,,
53051,Pend Oreille,600.0,120.0,0.0,0.0,0.0,0.0,0.0,0.0,0.0,0.0,0.0,0.0,0.40605768070471826
53059,Skamania,351.0,76.0,85.0,37.597635334528555,10.0,0.0,0.0,0.0,0.24216524216524216,0.0,85.0,0.24216524216524216,0.11451885199774901
54011,Cabell,30149.0,2794.0,598.0,370.4813938333174,26.0,461.0,258.2459066090833,18.0,0.019834820392052803,0.01529072274370626,137.0,0.0045440976483465435,0.22346771172521107
23011,Kennebec,36008.0,3610.0,939.0,450.19888259268976,71.0,420.0,160.42258449095004,21.0,0.02607753832481671,0.01166407465007776,519.0,0.014413463674738948,0.02815634922865091
24019,Dorchester,3598.0,403.0,100.0,38.00795452279091,16.0,46.0,17.92477926737635,5.0,0.027793218454697052,0.012784880489160644,54.0,0.015008337965536408,0.14904552129221732
38103,Wells,246.0,43.0,0.0,0.0,0.0,0.0,0.0,0.0,0.0,0.0,0.0,0.0,0.6351351351351351
30101,Toole,366.0,66.0,0.0,0.0,0.0,0.0,0.0,0.0,0.0,0.0,0.0,0.0,0.5820745216515609
31003,Antelope,640.0,77.0,8.0,0.0,3.0,0.0,0.0,0.0,0.0125,0.0,8.0,0.0125,0.7689614935822637
48275,Knox,119.0,32.0,68.0,0.4379278872599523,18.0,0.0,0.0,0.0,0.5714285714285714,0.0,68.0,0.5714285714285714,0.7145698657384386
31029,Chase,353.0,45.0,32.0,0.0,6.0,0.0,0.0,0.0,0.0906515580736544,0.0,32.0,0.0906515580736544,0.7796976241900648
24025,Harford,63113.0,5759.0,1044.0,342.63490633082483,64.0,115.0,30.962165654102826,19.0,0.016541758433286327,0.0018221285630535707,929.0,0.014719629870232757,0.1415572187515034
24035,Queen Anne's,8523.0,1207.0,95.0,47.804424924682955,19.0,0.0,0.0,0.0,0.011146309984747155,0.0,95.0,0.011146309984747155,0.28363994534998255
25009,Essex,276797.0,28441.0,30357.0,7282.582741958441,624.0,5150.0,1249.6118947779908,223.0,0.10967243142086078,0.018605692980776526,25207.0,0.09106673844008426,-0.20738850903153383
26015,Barry,4472.0,699.0,318.0,86.0431313943865,21.0,79.0,17.363862312043732,10.0,0.07110912343470482,0.0176654740608229,239.0,0.05344364937388192,0.3485449909308378
38045,LaMoure,430.0,78.0,82.0,21.901605698791382,28.0,0.0,0.0,0.0,0.19069767441860466,0.0,82.0,0.19069767441860466,0.5616835994194485
38051,McIntosh,68.0,21.0,10.0,2.6709275242428516,5.0,0.0,0.0,0.0,0.14705882352941177,0.0,10.0,0.14705882352941177,0.6634827332843497
38095,Towner,26.0,6.0,0.0,0.0,0.0,0.0,0.0,0.0,0.0,0.0,0.0,0.0,0.46728110599078343
38101,Ward,20185.0,2173.0,96.0,85.30535676382314,10.0,0.0,0.0,0.0,0.004756006935843448,0.0,96.0,0.004756006935843448,0.48186714542190306
25003,Berkshire,37869.0,4671.0,1796.0,608.6948166700479,102.0,121.0,31.35066791189653,13.0,0.047426655047664315,0.0031952256463070056,1675.0,0.04423142940135731,-0.4079134217252874
25011,Franklin,10587.0,1592.0,2253.0,808.143972310862,80.0,204.0,46.13001636132076,10.0,0.21280816095211108,0.019268914706715785,2049.0,0.19353924624539529,-0.38978224044386617
25021,Norfolk,305820.0,26486.0,13190.0,4441.597484433662,426.0,4093.0,1023.5864363855201,131.0,0.0431299457197044,0.013383689752141784,9097.0,0.02974625596756262,-0.29374295392701133
26159,Van Buren,10764.0,1122.0,2618.0,1327.037336902672,143.0,27.0,5.934484587660516,6.0,0.24321813452248234,0.002508361204013378,2591.0,0.24070977331846896,0.15356562022571582
26165,Wexford,5287.0,510.0,988.0,320.86137465820934,17.0,18.0,3.3983760032621975,3.0,0.18687346321165121,0.0034045772649895973,970.0,0.1834688859466616,0.35139641517298875
40151,Woods,502.0,78.0,0.0,0.0,0.0,0.0,0.0,0.0,0.0,0.0,0.0,0.0,0.6559260297001961
42073,Lawrence,17379.0,1547.0,1458.0,688.0547747247649,97.0,932.0,506.883275907325,45.0,0.08389435525634387,0.053627941768801424,526.0,0.030266413487542443,0.3399876033941052
42083,McKean,6228.0,682.0,89.0,38.802342653507054,10.0,0.0,0.0,0.0,0.014290301862556198,0.0,89.0,0.014290301862556198,0.4758147161303546
48441,Taylor,44864.0,3247.0,472.0,108.75172200376278,51.0,345.0,96.52221106975496,23.0,0.010520684736091298,0.00768990727532097,127.0,0.0028307774607703277,0.5041928082678524
48451,Tom Green,32065.0,2532.0,1204.0,272.5269741061711,80.0,699.0,209.4338032357228,15.0,0.0375487291439264,0.02179946982691408,505.0,0.01574925931701232,0.486182999592346
55123,Vernon,3976.0,509.0,336.0,84.26472439292809,8.0,0.0,0.0,0.0,0.08450704225352113,0.0,336.0,0.08450704225352113,0.0792230868206605
72035,Cayey,2919.0,300.0,0.0,0.0,0.0,0.0,0.0,0.0,0.0,0.0,0.0,0.0,
72041,Cidra,1832.0,213.0,118.0,0.0,13.0,38.0,0.0,4.0,0.06441048034934498,0.02074235807860262,80.0,0.043668122270742356,
47115,Marion,2057.0,226.0,0.0,0.0,0.0,0.0,0.0,0.0,0.0,0.0,0.0,0.0,0.5618937309975387
47125,Montgomery,39526.0,3973.0,665.0,190.73549666472067,35.0,66.0,21.866832542560672,15.0,0.016824368769923593,0.0016697869756615899,599.0,0.015154581794262004,0.1869963119792378
51153,Prince William,104261.0,10058.0,1204.0,328.82522998763204,103.0,385.0,134.13263560691416,25.0,0.01154794218355857,0.0036926559307890773,819.0,0.007855286252769492,-0.1849040577235001
46015,Brule,736.0,114.0,34.0,1.8411698451637803,8.0,0.0,0.0,0.0,0.04619565217391304,0.0,34.0,0.04619565217391304,0.43559322033898307
46035,Davison,5303.0,505.0,82.0,42.43446169376468,6.0,82.0,42.43446169376468,6.0,0.01546294550254573,0.01546294550254573,0.0,0.0,0.3871075857446095
46039,Deuel,232.0,36.0,0.0,0.0,0.0,0.0,0.0,0.0,0.0,0.0,0.0,0.0,0.5296213808463252
46049,Faulk,50.0,12.0,0.0,0.0,0.0,0.0,0.0,0.0,0.0,0.0,0.0,0.0,0.6681776971894833
51075,Goochland,5111.0,532.0,12.0,2.970957829370807,3.0,0.0,0.0,0.0,0.002347877127763647,0.0,12.0,0.002347877127763647,0.18797690245411425
45001,Abbeville,1043.0,123.0,336.0,37.37191484482379,3.0,336.0,37.37191484482379,3.0,0.3221476510067114,0.3221476510067114,0.0,0.0,0.42912327846825665
48045,Briscoe,20.0,11.0,20.0,0.28750767555746365,11.0,0.0,0.0,0.0,1.0,0.0,20.0,1.0,0.8044515103338633
72011,Añasco,1028.0,156.0,54.0,0.0,13.0,0.0,0.0,0.0,0.05252918287937743,0.0,54.0,0.05252918287937743,
72013,Arecibo,8962.0,930.0,566.0,0.0,41.0,19.0,0.0,7.0,0.06315554563713457,0.0021200624860522204,547.0,0.061035483151082356,
51181,Surry,49.0,17.0,0.0,0.0,0.0,0.0,0.0,0.0,0.0,0.0,0.0,0.0,0.0066194932663775395
29005,Atchison,383.0,59.0,55.0,0.0,7.0,0.0,0.0,0.0,0.14360313315926893,0.0,55.0,0.14360313315926893,0.6053711301753077
29009,Barry,6261.0,570.0,3085.0,785.2632492155822,26.0,1393.0,655.4528126279084,14.0,0.4927327902890912,0.22248842038013097,1692.0,0.2702443699089603,0.6411217288114421
39159,Union,17954.0,1157.0,284.0,129.84686044447224,24.0,145.0,24.01038872936818,8.0,0.01581820207196168,0.00807619471983959,139.0,0.007742007352122089,0.2992740275219417
31171,Thomas,,,,,,,,,,,,,
48145,Falls,372.0,60.0,7.0,0.10062768644511227,4.0,0.0,0.0,0.0,0.01881720430107527,0.0,7.0,0.01881720430107527,0.44478989068298064
36057,Montgomery,8055.0,808.0,247.0,89.64207178519828,15.0,0.0,0.0,0.0,0.030664183736809434,0.0,247.0,0.030664183736809434,0.287278364499564
36067,Onondaga,183000.0,12158.0,13715.0,2750.9836373589123,332.0,2273.0,482.0428585625764,98.0,0.07494535519125683,0.012420765027322405,11442.0,0.06252459016393443,-0.17280498170175848
39105,Meigs,1004.0,106.0,0.0,0.0,0.0,0.0,0.0,0.0,0.0,0.0,0.0,0.0,0.5736276503049667
27153,Todd,2169.0,312.0,86.0,12.068831936063166,10.0,68.0,3.865035076165934,6.0,0.0396496081143384,0.03135085292761641,18.0,0.00829875518672199,0.5436720142602496
27157,Wabasha,2149.0,294.0,0.0,0.0,0.0,0.0,0.0,0.0,0.0,0.0,0.0,0.0,0.28707339172455454
28013,Calhoun,596.0,81.0,276.0,180.0,28.0,0.0,0.0,0.0,0.46308724832214765,0.0,276.0,0.46308724832214765,0.48347245409015027
26023,Branch,4829.0,480.0,296.0,172.013833559335,36.0,175.0,82.19114238241039,18.0,0.061296334644854004,0.03623938703665355,121.0,0.02505694760820045,0.43051206705525313
37001,Alamance,45786.0,3903.0,2801.0,814.3496646921576,92.0,340.0,103.09001812485727,22.0,0.06117590529856288,0.007425850696719521,2461.0,0.05375005460184336,0.08257585167285826
55077,Marquette,840.0,169.0,14.0,0.30271480405889695,4.0,0.0,0.0,0.0,0.016666666666666666,0.0,14.0,0.016666666666666666,0.30011836866458624
29203,Shannon,211.0,101.0,61.0,5.304667937096647,4.0,61.0,5.304667937096647,4.0,0.2890995260663507,0.2890995260663507,0.0,0.0,0.686638255201805
29133,Mississippi,598.0,203.0,212.0,0.13694287343946088,53.0,0.0,0.0,0.0,0.35451505016722407,0.0,212.0,0.35451505016722407,0.5406200497850192
29149,Oregon,576.0,98.0,0.0,0.0,0.0,0.0,0.0,0.0,0.0,0.0,0.0,0.0,0.6960698689956332
31031,Cherry,465.0,89.0,0.0,0.0,0.0,0.0,0.0,0.0,0.0,0.0,0.0,0.0,0.7700922266139657
31035,Clay,362.0,66.0,0.0,0.0,0.0,0.0,0.0,0.0,0.0,0.0,0.0,0.0,0.645359557467732
31037,Colfax,1109.0,152.0,0.0,0.0,0.0,0.0,0.0,0.0,0.0,0.0,0.0,0.0,0.5145073254811836
38027,Eddy,57.0,16.0,6.0,1.6025565145457108,4.0,0.0,0.0,0.0,0.10526315789473684,0.0,6.0,0.10526315789473684,0.4634974533106961
13205,Mitchell,967.0,158.0,152.0,38.57505419007578,36.0,0.0,0.0,0.0,0.15718717683557393,0.0,152.0,0.15718717683557393,0.16371031521861937
13315,Wilcox,59.0,17.0,0.0,0.0,0.0,0.0,0.0,0.0,0.0,0.0,0.0,0.0,0.492814371257485
16033,Clark,,,,,,,,,,,,,
17043,DuPage,560350.0,32598.0,47162.0,13910.550294342236,1527.0,14123.0,3309.043803486477,531.0,0.08416525385919514,0.02520389042562684,33039.0,0.0589613634335683,-0.13544315528461348
47101,Lewis,451.0,59.0,0.0,0.0,0.0,0.0,0.0,0.0,0.0,0.0,0.0,0.0,0.6607906897141879
48385,Real,87.0,12.0,0.0,0.0,0.0,0.0,0.0,0.0,0.0,0.0,0.0,0.0,0.676329862088376
48399,Runnels,303.0,34.0,90.0,1.9013300823193522,4.0,0.0,0.0,0.0,0.297029702970297,0.0,90.0,0.297029702970297,0.7844364937388193
55085,Oneida,8238.0,1153.0,219.0,100.45031622002139,16.0,139.0,53.67793206784306,8.0,0.026584122359796066,0.016873027433843165,80.0,0.009711094925952901,0.1783166904422254
40131,Rogers,15824.0,1676.0,3225.0,1906.2640337633043,80.0,2882.0,1863.1203409488621,52.0,0.20380434782608695,0.1821284125379171,343.0,0.021675935288169856,0.5597118555806284
60030,Rose Island,,,,,,,,,,,,,
60040,Swains Island,,,,,,,,,,,,,
69120,Tinian,,,,,,,,,,,,,
48093,Comanche,1022.0,125.0,245.0,68.06877435377973,11.0,0.0,0.0,0.0,0.23972602739726026,0.0,245.0,0.23972602739726026,0.7490243690920129
36019,Clinton,16194.0,1474.0,337.0,234.70074785645147,15.0,91.0,34.966301213724826,4.0,0.020810176608620477,0.0056193651969865385,246.0,0.015190811411633937,0.021525542337298812
31051,Dixon,116.0,20.0,0.0,0.0,0.0,0.0,0.0,0.0,0.0,0.0,0.0,0.0,0.5970464135021097
41025,Harney,150.0,29.0,0.0,0.0,0.0,0.0,0.0,0.0,0.0,0.0,0.0,0.0,0.6115984405458089
47087,Jackson,151.0,33.0,0.0,0.0,0.0,0.0,0.0,0.0,0.0,0.0,0.0,0.0,0.6302879488091006
28023,Clarke,465.0,50.0,0.0,0.0,0.0,0.0,0.0,0.0,0.0,0.0,0.0,0.0,0.35398112455137576
48485,Wichita,32926.0,2627.0,2711.0,452.8970396010107,64.0,1113.0,260.4657014851207,36.0,0.08233614772520197,0.03380307355888963,1598.0,0.048533074166312334,0.448310768062761
48489,Willacy,1209.0,103.0,252.0,3.622596712024042,30.0,0.0,0.0,0.0,0.20843672456575682,0.0,252.0,0.20843672456575682,0.0292850038678307
50025,Windham,13071.0,2026.0,730.0,447.25410099390956,50.0,180.0,96.97760966102116,10.0,0.05584882564455665,0.013770943309616708,550.0,0.04207788233493994,-0.4420103092783505
72047,Corozal,874.0,126.0,54.0,0.0,19.0,9.0,0.0,3.0,0.06178489702517163,0.010297482837528604,45.0,0.05148741418764302,
21075,Fulton,258.0,16.0,0.0,0.0,0.0,0.0,0.0,0.0,0.0,0.0,0.0,0.0,0.4019746121297602
21083,Graves,4152.0,664.0,413.0,156.18092330516188,41.0,233.0,55.001346392598734,12.0,0.09947013487475916,0.056117533718689785,180.0,0.04335260115606937,0.6232481951101134
26027,Cass,4122.0,622.0,576.0,217.45395512229547,42.0,482.0,184.48709177891973,23.0,0.13973799126637554,0.11693352741387676,94.0,0.022804463852498777,0.34313191798221737
30067,Park,4617.0,901.0,37.0,35.78084871504931,6.0,0.0,0.0,0.0,0.008013861815031406,0.0,37.0,0.008013861815031406,0.07963354474982381
30095,Stillwater,473.0,137.0,0.0,0.0,0.0,0.0,0.0,0.0,0.0,0.0,0.0,0.0,0.6330147697654214
36073,Orleans,3988.0,480.0,724.0,428.80454093866615,62.0,20.0,3.2479661485435085,6.0,0.1815446339017051,0.0050150451354062184,704.0,0.1765295887662989,0.40460471567267686
48049,Brown,6848.0,568.0,78.0,7.023049087443281,8.0,30.0,2.221491863828407,3.0,0.01139018691588785,0.004380841121495327,48.0,0.007009345794392523,0.7498798159467069
48069,Castro,568.0,101.0,68.0,0.5466504563267693,38.0,0.0,0.0,0.0,0.11971830985915492,0.0,68.0,0.11971830985915492,0.5963647759323096
13273,Terrell,244.0,39.0,39.0,3.366501048837465,10.0,0.0,0.0,0.0,0.1598360655737705,0.0,39.0,0.1598360655737705,-0.0411275415896488
45081,Saluda,1935.0,59.0,1475.0,140.96279645789267,3.0,0.0,0.0,0.0,0.7622739018087855,0.0,1475.0,0.7622739018087855,0.448910846620256
46005,Beadle,2842.0,378.0,177.0,39.49836088641312,7.0,162.0,32.02062926991602,4.0,0.06228008444757213,0.05700211118930331,15.0,0.005277973258268821,0.4104924740610843
46011,Brookings,7281.0,1007.0,172.0,71.44414644302863,19.0,0.0,0.0,0.0,0.023623128691113857,0.0,172.0,0.023623128691113857,0.17845117845117844
29021,Buchanan,27487.0,2222.0,5867.0,888.298812097449,34.0,617.0,224.36844828802148,15.0,0.21344635645941717,0.022446974933604976,5250.0,0.1909993815258122,0.28428587660493126
29035,Carter,267.0,130.0,84.0,13.165982086526457,12.0,40.0,2.6323219042846713,6.0,0.3146067415730337,0.149812734082397,44.0,0.1647940074906367,0.7447405329593267
26037,Clinton,11393.0,1100.0,1021.0,343.6317984083057,44.0,25.0,5.4948931367227,5.0,0.08961643114192926,0.002194329851663302,996.0,0.08742210129026595,0.08741692242027602
26051,Gladwin,1345.0,166.0,184.0,28.60885782384389,3.0,0.0,0.0,0.0,0.13680297397769517,0.0,184.0,0.13680297397769517,0.41201828870019597
40001,Adair,560.0,87.0,0.0,0.0,0.0,0.0,0.0,0.0,0.0,0.0,0.0,0.0,0.6393901244929361
40005,Atoka,628.0,68.0,0.0,0.0,0.0,0.0,0.0,0.0,0.0,0.0,0.0,0.0,0.7223311352700054
40033,Cotton,142.0,20.0,0.0,0.0,0.0,0.0,0.0,0.0,0.0,0.0,0.0,0.0,0.6811712078080521
08053,Hinsdale,52.0,9.0,0.0,0.0,0.0,0.0,0.0,0.0,0.0,0.0,0.0,0.0,0.1273344651952462
12031,Duval,494467.0,33653.0,17257.0,1418.3276200891648,730.0,4477.0,352.1051256323398,208.0,0.03490020567601074,0.009054193707567947,12780.0,0.02584601196844279,0.014860947063244926
12119,Sumter,27328.0,2443.0,533.0,130.04889035171828,26.0,0.0,0.0,0.0,0.0195038056206089,0.0,533.0,0.0195038056206089,0.3781152982757797
13073,Columbia,24952.0,2867.0,67.0,9.938621513777917,20.0,22.0,2.5786472004283936,4.0,0.00268515549855723,0.0008816928502725233,45.0,0.0018034626482847068,0.2583576646615307
55105,Rock,54341.0,3676.0,7755.0,3016.6402853880636,184.0,2812.0,985.9272252940707,68.0,0.14270992436650043,0.05174729946081228,4943.0,0.09096262490568816,-0.07395809348376699
55119,Taylor,2899.0,247.0,1002.0,261.58678745383355,10.0,0.0,0.0,0.0,0.3456364263539151,0.0,1002.0,0.3456364263539151,0.48821609862219
41011,Coos,13510.0,1461.0,619.0,181.66153793745517,34.0,0.0,0.0,0.0,0.0458179126572909,0.0,619.0,0.0458179126572909,0.20584152689415847
51079,Greene,1057.0,298.0,0.0,0.0,0.0,0.0,0.0,0.0,0.0,0.0,0.0,0.0,0.2503364737550471
72045,Comerío,132.0,28.0,33.0,0.0,12.0,0.0,0.0,0.0,0.25,0.0,33.0,0.25,
32013,Humboldt,2522.0,251.0,150.0,1.6427418759426649,17.0,0.0,0.0,0.0,0.05947660586835844,0.0,150.0,0.05947660586835844,0.5641874681609781
27095,Mille Lacs,3318.0,457.0,0.0,0.0,0.0,0.0,0.0,0.0,0.0,0.0,0.0,0.0,0.4146145610278373
27101,Murray,594.0,127.0,64.0,23.03279422727428,7.0,0.0,0.0,0.0,0.10774410774410774,0.0,64.0,0.10774410774410774,0.4314438502673797
27109,Olmsted,42448.0,3390.0,1253.0,191.53345649272495,67.0,236.0,32.51279447262324,19.0,0.029518469656992084,0.005559743686392763,1017.0,0.023958725970599323,-0.10897638506343975
27125,Red Lake,99.0,12.0,0.0,0.0,0.0,0.0,0.0,0.0,0.0,0.0,0.0,0.0,0.3788098693759071
54049,Marion,9767.0,1245.0,113.0,46.905741222982996,10.0,113.0,46.905741222982996,10.0,0.01156957100440258,0.01156957100440258,0.0,0.0,0.3197872517244245
54073,Pleasants,86.0,16.0,0.0,0.0,0.0,0.0,0.0,0.0,0.0,0.0,0.0,0.0,0.6009732360097324
55067,Langlade,2294.0,297.0,173.0,85.78596892233371,8.0,173.0,85.78596892233371,8.0,0.07541412380122058,0.07541412380122058,0.0,0.0,0.35010409437890355
55073,Marathon,47517.0,3552.0,11776.0,5177.938095399695,212.0,5914.0,3119.079734992316,97.0,0.24782709346128753,0.12446071932150599,5862.0,0.12336637413978155,0.1888811710529701
17137,Morgan,5562.0,410.0,330.0,120.58672808124281,10.0,26.0,12.773572994887333,3.0,0.0593311758360302,0.004674577490111471,304.0,0.05465659834591873,0.32922864060878587
72089,Luquillo,641.0,59.0,0.0,0.0,0.0,0.0,0.0,0.0,0.0,0.0,0.0,0.0,
72093,Maricao,83.0,26.0,83.0,0.0,26.0,0.0,0.0,0.0,1.0,0.0,83.0,1.0,
72007,Aguas Buenas,271.0,49.0,57.0,0.0,12.0,0.0,0.0,0.0,0.21033210332103322,0.0,57.0,0.21033210332103322,
42121,Venango,7729.0,815.0,1140.0,480.5593647816809,47.0,1030.0,450.9241359437524,34.0,0.14749644197179454,0.1332643291499547,110.0,0.014232112821839837,0.42475572490285585
44001,Bristol,4671.0,1223.0,170.0,31.864423803583506,12.0,0.0,0.0,0.0,0.036394776279169344,0.0,170.0,0.036394776279169344,-0.26939576819602995
48107,Crosby,249.0,55.0,121.0,0.9775260968953764,44.0,0.0,0.0,0.0,0.4859437751004016,0.0,121.0,0.4859437751004016,0.5168690958164642
39099,Mahoning,67951.0,5543.0,5168.0,2293.5048465007308,215.0,3127.0,1455.0128686656699,102.0,0.07605480419714206,0.04601845447454784,2041.0,0.030036349722594217,0.0948563256915583
39103,Medina,49895.0,4598.0,5789.0,2230.4481659842186,256.0,2011.0,512.063524210768,89.0,0.11602364966429501,0.04030463974346127,3778.0,0.07571900992083375,0.2501626146551155
32009,Esmeralda,,,,,,,,,,,,,
41027,Hood River,7543.0,979.0,2535.0,1247.970838183013,183.0,0.0,0.0,0.0,0.3360731804321888,0.0,2535.0,0.3360731804321888,-0.3691275167785235
41049,Morrow,2804.0,159.0,1726.0,511.8653525064008,31.0,0.0,0.0,0.0,0.615549215406562,0.0,1726.0,0.615549215406562,0.49934007919049717
48507,Zavala,346.0,26.0,0.0,0.0,0.0,0.0,0.0,0.0,0.0,0.0,0.0,0.0,-0.17462555066079294
49009,Daggett,,,,,,,,,,,,,
49021,Iron,14060.0,1776.0,796.0,274.96884643494997,20.0,151.0,35.21077649881147,4.0,0.05661450924608819,0.010739687055476529,645.0,0.04587482219061166,0.5829602994055918
56041,Uinta,3465.0,548.0,57.0,0.6338422530391294,3.0,0.0,0.0,0.0,0.01645021645021645,0.0,57.0,0.01645021645021645,0.6469523917222662
51011,Appomattox,1202.0,281.0,0.0,0.0,0.0,0.0,0.0,0.0,0.0,0.0,0.0,0.0,0.5141632695724888
51025,Brunswick,577.0,80.0,145.0,13.057427091686677,10.0,0.0,0.0,0.0,0.2512998266897747,0.0,145.0,0.2512998266897747,-0.08576618658362528
21045,Casey,764.0,130.0,57.0,21.46892970144811,6.0,57.0,21.46892970144811,6.0,0.07460732984293193,0.07460732984293193,0.0,0.0,0.770940170940171
21113,Jessamine,8967.0,1580.0,261.0,90.52737466146438,27.0,74.0,18.190816062668663,9.0,0.029106724657075946,0.008252481320397012,187.0,0.020854243336678936,0.3651412623771839
21141,Logan,2969.0,422.0,84.0,29.96958866116219,20.0,0.0,0.0,0.0,0.028292354328056584,0.0,84.0,0.028292354328056584,0.5573903189250445
41059,Umatilla,16448.0,1818.0,3446.0,521.1698597537234,151.0,26.0,18.291602171759017,4.0,0.20950875486381323,0.001580739299610895,3420.0,0.20792801556420235,0.38783748014822655
40017,Canadian,24173.0,3520.0,765.0,465.313615946679,40.0,634.0,441.09143190608296,18.0,0.0316468787490175,0.026227609316179207,131.0,0.00541926943283829,0.41225607286035565
56045,Weston,466.0,61.0,0.0,0.0,0.0,0.0,0.0,0.0,0.0,0.0,0.0,0.0,0.7806788511749347
23019,Penobscot,52389.0,4343.0,1078.0,483.6078233368074,95.0,650.0,207.41832598671488,41.0,0.020576838649334784,0.012407184714348433,428.0,0.008169653934986351,0.11118138271084407
51043,Clarke,1125.0,253.0,0.0,0.0,0.0,0.0,0.0,0.0,0.0,0.0,0.0,0.0,0.1710608262403986
48251,Johnson,41682.0,3613.0,2904.0,763.2278021471171,119.0,1509.0,473.4898373020236,48.0,0.069670361307039,0.036202677414711386,1395.0,0.03346768389232762,0.5216138724826216
51135,Nottoway,1164.0,224.0,53.0,5.933353761469316,5.0,0.0,0.0,0.0,0.04553264604810996,0.0,53.0,0.04553264604810996,0.22516166960611406
22095,St. John the Baptist,6018.0,581.0,361.0,21.425263966424595,5.0,0.0,0.0,0.0,0.05998670654702559,0.0,361.0,0.05998670654702559,-0.2979760777298397
22125,West Feliciana,887.0,104.0,0.0,0.0,0.0,0.0,0.0,0.0,0.0,0.0,0.0,0.0,0.33641742872512104
26061,Houghton,6099.0,598.0,53.0,27.178016866476533,10.0,53.0,27.178016866476533,10.0,0.00868994917199541,0.00868994917199541,0.0,0.0,0.17311929493232608
48231,Hunt,14853.0,1337.0,395.0,68.97269407744768,32.0,89.0,27.08378734269658,11.0,0.026593954083350167,0.005992055477008012,306.0,0.020601898606342154,0.5604967948717948
48279,Lamb,513.0,154.0,219.0,22.012686533074323,100.0,0.0,0.0,0.0,0.4269005847953216,0.0,219.0,0.4269005847953216,0.6517967781908303
04003,Cochise,19791.0,1983.0,771.0,154.09409763787534,61.0,53.0,16.915960270158003,12.0,0.0389571017128998,0.0026779849426506997,718.0,0.0362791167702491,0.23423547190548152
29081,Harrison,756.0,78.0,0.0,0.0,0.0,0.0,0.0,0.0,0.0,0.0,0.0,0.0,0.7209302325581395
31023,Butler,607.0,83.0,0.0,0.0,0.0,0.0,0.0,0.0,0.0,0.0,0.0,0.0,0.6015831134564644
37189,Watauga,13705.0,1629.0,125.0,43.05830444664229,13.0,20.0,10.10896865412729,5.0,0.009120758847136081,0.001459321415541773,105.0,0.007661437431594308,-0.06068536592875396
38007,Billings,128.0,14.0,0.0,0.0,0.0,0.0,0.0,0.0,0.0,0.0,0.0,0.0,0.7075471698113207
51630,Fredericksburg,14992.0,1335.0,11.0,5.610420046693839,3.0,0.0,0.0,0.0,0.0007337246531483458,0.0,11.0,0.0007337246531483458,-0.32326283987915405
42013,Blair,40605.0,3040.0,3183.0,1369.259815595751,77.0,546.0,191.9130414188923,29.0,0.07838936091614333,0.013446619874399704,2637.0,0.06494274104174363,0.437739419035655
42117,Tioga,5338.0,544.0,590.0,198.39815298893546,14.0,70.0,18.00662893732529,5.0,0.11052828774822031,0.013113525665043087,520.0,0.09741476208317722,0.5227400336889388
26065,Ingham,85339.0,6338.0,5454.0,1789.5695098373342,200.0,995.0,199.68777476381376,56.0,0.06390981848861599,0.01165938199416445,4459.0,0.05225043649445154,-0.3030749934530619
29167,Polk,3252.0,530.0,0.0,0.0,0.0,0.0,0.0,0.0,0.0,0.0,0.0,0.0,0.6229937975573886
19191,Winneshiek,3230.0,419.0,221.0,22.644215887758772,16.0,0.0,0.0,0.0,0.06842105263157895,0.0,221.0,0.06842105263157895,0.09414368403132448
29085,Hickory,113.0,16.0,0.0,0.0,0.0,0.0,0.0,0.0,0.0,0.0,0.0,0.0,0.6154148643334644
40035,Craig,1345.0,145.0,0.0,0.0,0.0,0.0,0.0,0.0,0.0,0.0,0.0,0.0,0.592741935483871
49027,Millard,1152.0,172.0,96.0,1.3976135323331578,15.0,0.0,0.0,0.0,0.08333333333333333,0.0,96.0,0.08333333333333333,0.7726040503906872
50009,Essex,102.0,18.0,78.0,39.9057255200723,6.0,0.0,0.0,0.0,0.7647058823529411,0.0,78.0,0.7647058823529411,0.16883116883116883
47139,Polk,463.0,76.0,0.0,0.0,0.0,0.0,0.0,0.0,0.0,0.0,0.0,0.0,0.6867636867636867
47153,Sequatchie,300.0,74.0,0.0,0.0,0.0,0.0,0.0,0.0,0.0,0.0,0.0,0.0,0.6693114921934988
48497,Wise,13095.0,1267.0,1077.0,310.30301639117744,58.0,834.0,237.10986472506346,32.0,0.08224513172966781,0.06368843069873997,243.0,0.01855670103092784,0.7106215533088235
13223,Paulding,20064.0,2590.0,351.0,78.5302253547493,21.0,87.0,5.549542030908999,8.0,0.017494019138755982,0.004336124401913876,264.0,0.013157894736842106,0.24285457486967463
55127,Walworth,30600.0,3072.0,5066.0,1803.711390769921,138.0,1379.0,364.6601223156939,34.0,0.16555555555555557,0.04506535947712418,3687.0,0.1204901960784314,0.22491801084264776
56001,Albany,7657.0,1309.0,27.0,8.949957068468867,5.0,0.0,0.0,0.0,0.003526185190022202,0.0,27.0,0.003526185190022202,0.03231027108259638
56005,Campbell,16413.0,1580.0,187.0,27.685996995211276,10.0,173.0,23.045278515264457,5.0,0.011393407664656066,0.010540425272649728,14.0,0.0008529823920063375,0.7774569683509162
21201,Robertson,1.0,1.0,0.0,0.0,0.0,0.0,0.0,0.0,0.0,0.0,0.0,0.0,0.6194690265486725
20023,Cheyenne,35.0,7.0,0.0,0.0,0.0,0.0,0.0,0.0,0.0,0.0,0.0,0.0,0.7038102084831057
47169,Trousdale,49.0,16.0,0.0,0.0,0.0,0.0,0.0,0.0,0.0,0.0,0.0,0.0,0.5938315539739027
50019,Orleans,3267.0,561.0,188.0,98.55202881960732,25.0,0.0,0.0,0.0,0.057545148454239366,0.0,188.0,0.057545148454239366,0.015942130767610085
72005,Aguadilla,7210.0,765.0,122.0,0.0,26.0,23.0,0.0,6.0,0.016920943134535366,0.0031900138696255203,99.0,0.013730929264909847,
48413,Schleicher,104.0,10.0,0.0,0.0,0.0,0.0,0.0,0.0,0.0,0.0,0.0,0.0,0.6673448626653102
46059,Hand,323.0,59.0,87.0,4.711228721448497,17.0,0.0,0.0,0.0,0.2693498452012384,0.0,87.0,0.2693498452012384,0.5807007466973004
46063,Harding,,,,,,,,,,,,,
46077,Kingsbury,322.0,46.0,100.0,94.69864583251896,4.0,100.0,94.69864583251896,4.0,0.3105590062111801,0.3105590062111801,0.0,0.0,0.4470716624226992
46087,McCook,194.0,56.0,0.0,0.0,0.0,0.0,0.0,0.0,0.0,0.0,0.0,0.0,0.5047297297297297
46089,McPherson,15.0,7.0,0.0,0.0,0.0,0.0,0.0,0.0,0.0,0.0,0.0,0.0,0.7050980392156863
56015,Goshen,1145.0,246.0,51.0,30.961768841324467,13.0,0.0,0.0,0.0,0.0445414847161572,0.0,51.0,0.0445414847161572,0.6177880641428335
72021,Bayamón,39694.0,2714.0,1765.0,0.0,104.0,531.0,0.0,28.0,0.04446515846223611,0.013377336625182647,1234.0,0.031087821837053463,
47177,Warren,5940.0,556.0,1006.0,632.4252993591371,67.0,249.0,37.2368061956671,10.0,0.16936026936026935,0.04191919191919192,757.0,0.12744107744107744,0.5668388859195914
48017,Bailey,710.0,71.0,190.0,0.7929366588145439,38.0,0.0,0.0,0.0,0.2676056338028169,0.0,190.0,0.2676056338028169,0.6317222600408441
48131,Duval,1573.0,40.0,0.0,0.0,0.0,0.0,0.0,0.0,0.0,0.0,0.0,0.0,0.08752904725019364
48143,Erath,9319.0,904.0,100.0,16.04368805277221,11.0,21.0,4.050760067574259,4.0,0.010730765103551884,0.0022534606717458956,79.0,0.008477304431805988,0.6877567285880694
42011,Berks,129054.0,8225.0,16994.0,7147.7851770323205,390.0,4790.0,2150.5103131193778,140.0,0.13168131169897873,0.03711624591256373,12204.0,0.09456506578641499,0.12296320535894746
42019,Butler,68502.0,4922.0,6462.0,1972.256615021906,215.0,1664.0,708.8040302679433,70.0,0.09433301217482701,0.024291261569005285,4798.0,0.07004175060582173,0.32475878904628264
42105,Potter,1299.0,171.0,0.0,0.0,0.0,0.0,0.0,0.0,0.0,0.0,0.0,0.0,0.6281496281496282
42115,Susquehanna,4112.0,582.0,445.0,207.83395062253672,55.0,63.0,15.135300797655427,9.0,0.10821984435797666,0.01532101167315175,382.0,0.0928988326848249,0.4512541090647093
51049,Cumberland,121.0,34.0,0.0,0.0,0.0,0.0,0.0,0.0,0.0,0.0,0.0,0.0,0.22340425531914893
26017,Bay,18447.0,1597.0,2165.0,641.1406733459446,98.0,593.0,220.3404495769722,23.0,0.11736325689814062,0.03214614842521819,1572.0,0.08521710847292242,0.1490282204131508
72025,Caguas,29923.0,2037.0,485.0,0.0,46.0,92.0,0.0,10.0,0.016208267887578117,0.0030745580322828594,393.0,0.013133709855295259,
72033,Cataño,4500.0,147.0,0.0,0.0,0.0,0.0,0.0,0.0,0.0,0.0,0.0,0.0,
51685,Manassas Park,1176.0,122.0,16.0,3.9612771058277425,3.0,0.0,0.0,0.0,0.013605442176870748,0.0,16.0,0.013605442176870748,-0.20481099656357388
48163,Frio,879.0,110.0,122.0,19.218829260036227,17.0,0.0,0.0,0.0,0.13879408418657566,0.0,122.0,0.13879408418657566,0.23404798366513527
48165,Gaines,3098.0,361.0,592.0,8.245561415688039,100.0,0.0,0.0,0.0,0.19109102646868947,0.0,592.0,0.19109102646868947,0.8409801876955162
48179,Gray,3071.0,202.0,1160.0,263.1270908731833,11.0,0.0,0.0,0.0,0.3777271247150765,0.0,1160.0,0.3777271247150765,0.7810450124406243
28047,Harrison,62534.0,4685.0,644.0,394.0645503570904,47.0,44.0,41.018699247669474,8.0,0.010298397671666614,0.0007036172322256693,600.0,0.009594780439440944,0.292357298939402
48285,Lavaca,1888.0,216.0,501.0,38.80515613503284,11.0,0.0,0.0,0.0,0.2653601694915254,0.0,501.0,0.2653601694915254,0.7668131868131868
48303,Lubbock,112170.0,7712.0,3704.0,638.23979176954,308.0,893.0,218.90081913109756,70.0,0.033021306944815906,0.007961130427030401,2811.0,0.025060176517785505,0.40769267926384245
51540,Charlottesville,22850.0,2175.0,479.0,91.33088183017279,17.0,0.0,0.0,0.0,0.020962800875273524,0.0,479.0,0.020962800875273524,-0.7001268424966103
51570,Colonial Heights,5859.0,416.0,0.0,0.0,0.0,0.0,0.0,0.0,0.0,0.0,0.0,0.0,0.3272419627749577
51610,Falls Church,6718.0,810.0,10.0,0.8777256527336172,3.0,0.0,0.0,0.0,0.0014885382554331646,0.0,10.0,0.0014885382554331646,-0.6326530612244898
02060,Bristol Bay,612.0,11.0,612.0,138.61961021685678,11.0,0.0,0.0,0.0,1.0,0.0,612.0,1.0,
02068,Denali,100.0,10.0,0.0,0.0,0.0,0.0,0.0,0.0,0.0,0.0,0.0,0.0,
02188,Northwest Arctic,197.0,11.0,0.0,0.0,0.0,0.0,0.0,0.0,0.0,0.0,0.0,0.0,
02230,Skagway,252.0,30.0,0.0,0.0,0.0,0.0,0.0,0.0,0.0,0.0,0.0,0.0,
02275,Wrangell,24.0,5.0,0.0,0.0,0.0,0.0,0.0,0.0,0.0,0.0,0.0,0.0,
30019,Daniels,10.0,3.0,0.0,0.0,0.0,0.0,0.0,0.0,0.0,0.0,0.0,0.0,0.6695278969957081
39025,Clermont,45438.0,4412.0,3941.0,1832.3925262391695,106.0,1965.0,1188.8857812741785,33.0,0.08673357101985123,0.043245741449887756,1976.0,0.04348782956996347,0.3610624789997701
39053,Gallia,5196.0,465.0,0.0,0.0,0.0,0.0,0.0,0.0,0.0,0.0,0.0,0.0,0.5983263598326359
39067,Harrison,456.0,61.0,0.0,0.0,0.0,0.0,0.0,0.0,0.0,0.0,0.0,0.0,0.5572909271617209
31153,Sarpy,58298.0,4171.0,884.0,266.70215434248774,51.0,220.0,97.14362189031029,15.0,0.01516347044495523,0.0037737143641291297,664.0,0.0113897560808261,0.11813828074694141
02013,Aleutians East,,,,,,,,,,,,,
40093,Major,321.0,50.0,0.0,0.0,0.0,0.0,0.0,0.0,0.0,0.0,0.0,0.0,0.8084358523725835
40103,Noble,407.0,60.0,16.0,2.896815455901518,3.0,16.0,2.896815455901518,3.0,0.03931203931203931,0.03931203931203931,0.0,0.0,0.5849444672974085
40053,Grant,43.0,5.0,0.0,0.0,0.0,0.0,0.0,0.0,0.0,0.0,0.0,0.0,0.7175682144566778
31081,Hamilton,1388.0,191.0,71.0,1.1357737754256998,26.0,0.0,0.0,0.0,0.051152737752161385,0.0,71.0,0.051152737752161385,0.6107970089367135
31109,Lancaster,123875.0,9212.0,5620.0,1223.148189745943,189.0,1347.0,522.960480871342,59.0,0.04536831483350151,0.010873864783047428,4273.0,0.03449445005045408,-0.043787485424571754
31119,Madison,11087.0,962.0,169.0,30.51412486270536,11.0,49.0,8.754239488065336,7.0,0.015243077478127537,0.004419590511409759,120.0,0.010823486966717777,0.5665914221218962
01057,Fayette,262.0,53.0,26.0,3.8105859071722707,3.0,26.0,3.8105859071722707,3.0,0.09923664122137404,0.09923664122137404,0.0,0.0,0.7248192771084337
01111,Randolph,1326.0,201.0,0.0,0.0,0.0,0.0,0.0,0.0,0.0,0.0,0.0,0.0,0.6516058791507894
05021,Clay,533.0,109.0,125.0,1.7987899028498058,34.0,0.0,0.0,0.0,0.23452157598499063,0.0,125.0,0.23452157598499063,0.6278974358974359
05023,Cleburne,1804.0,242.0,0.0,0.0,0.0,0.0,0.0,0.0,0.0,0.0,0.0,0.0,0.6903318442884493
05037,Cross,1429.0,195.0,78.0,19.22156046879523,26.0,0.0,0.0,0.0,0.05458362491252624,0.0,78.0,0.05458362491252624,0.48647380766223614
27071,Koochiching,976.0,130.0,0.0,0.0,0.0,0.0,0.0,0.0,0.0,0.0,0.0,0.0,0.26075873444294495
19197,Wright,1473.0,144.0,480.0,223.3252079687945,14.0,0.0,0.0,0.0,0.3258655804480652,0.0,480.0,0.3258655804480652,0.370442824115241
20013,Brown,727.0,122.0,179.0,43.508932256270356,22.0,0.0,0.0,0.0,0.24621733149931224,0.0,179.0,0.24621733149931224,0.4893310956605131
40107,Okfuskee,99.0,19.0,0.0,0.0,0.0,0.0,0.0,0.0,0.0,0.0,0.0,0.0,0.5658362989323843
31053,Dodge,10565.0,746.0,2936.0,335.5027100252164,20.0,0.0,0.0,0.0,0.27789872219593,0.0,2936.0,0.27789872219593,0.33033458623451845
31123,Morrill,153.0,31.0,27.0,0.4319139709365338,5.0,0.0,0.0,0.0,0.17647058823529413,0.0,27.0,0.17647058823529413,0.6939799331103679
21041,Carroll,1313.0,110.0,0.0,0.0,0.0,0.0,0.0,0.0,0.0,0.0,0.0,0.0,0.5157153633392004
39135,Preble,3900.0,398.0,470.0,59.34886434939515,5.0,470.0,59.34886434939515,5.0,0.12051282051282051,0.12051282051282051,0.0,0.0,0.5957931965191493
39119,Muskingum,21848.0,1523.0,997.0,438.6316538772569,36.0,341.0,171.1652940792387,20.0,0.045633467594287803,0.015607835957524716,656.0,0.030025631636763087,0.44265908100766255
05051,Garland,27645.0,2944.0,898.0,105.7033505762378,35.0,89.0,35.34631804125011,12.0,0.03248327003074697,0.0032193886778802677,809.0,0.0292638813528667,0.3708609271523179
31095,Jefferson,551.0,79.0,0.0,0.0,0.0,0.0,0.0,0.0,0.0,0.0,0.0,0.0,0.45951982132886654
29173,Ralls,502.0,110.0,49.0,4.077379097946161,3.0,0.0,0.0,0.0,0.09760956175298804,0.0,49.0,0.09760956175298804,0.5971373712689824
72059,Guayanilla,62.0,13.0,0.0,0.0,0.0,0.0,0.0,0.0,0.0,0.0,0.0,0.0,
40021,Cherokee,4908.0,503.0,497.0,28.606996278413042,13.0,0.0,0.0,0.0,0.10126324368378158,0.0,497.0,0.10126324368378158,0.33276069403882497
36079,Putnam,17704.0,2916.0,34.0,11.009946772286863,10.0,21.0,8.069146433936499,6.0,0.0019204699502937189,0.0011861726163578852,13.0,0.0007342973339358337,0.13686068925759787
36097,Schuyler,1673.0,168.0,318.0,169.8608039588888,30.0,0.0,0.0,0.0,0.19007770472205618,0.0,318.0,0.19007770472205618,0.2095631016608484
29011,Barton,718.0,107.0,69.0,0.044571029562843395,12.0,0.0,0.0,0.0,0.09610027855153204,0.0,69.0,0.09610027855153204,0.7257066399063389
39127,Perry,2445.0,292.0,0.0,0.0,0.0,0.0,0.0,0.0,0.0,0.0,0.0,0.0,0.5492824101530067
20045,Douglas,29556.0,3096.0,1210.0,648.0376632470692,33.0,54.0,12.789460905182182,6.0,0.04093923399648126,0.0018270401948842874,1156.0,0.03911219380159697,-0.3862884160756501
20051,Ellis,6696.0,714.0,56.0,29.491124298911583,8.0,0.0,0.0,0.0,0.008363201911589008,0.0,56.0,0.008363201911589008,0.4701976761732307
20055,Finney,9022.0,837.0,223.0,56.93258586828357,40.0,9.0,2.1315768175303638,4.0,0.024717357570383507,0.0009975615162935048,214.0,0.02371979605409,0.35322443584175245
29177,Ray,1225.0,227.0,46.0,0.029714019708562266,10.0,0.0,0.0,0.0,0.037551020408163265,0.0,46.0,0.037551020408163265,0.4922369676468037
28153,Wayne,1057.0,126.0,0.0,0.0,0.0,0.0,0.0,0.0,0.0,0.0,0.0,0.0,0.33016259263355824
28159,Winston,1093.0,130.0,0.0,0.0,0.0,0.0,0.0,0.0,0.0,0.0,0.0,0.0,0.18402694250661536
28161,Yalobusha,192.0,37.0,0.0,0.0,0.0,0.0,0.0,0.0,0.0,0.0,0.0,0.0,0.21164112278284827
20173,Sedgwick,220644.0,13334.0,36979.0,5428.498570353876,427.0,2702.0,789.2990597268212,120.0,0.16759576512391,0.012245970885226881,34277.0,0.15534979423868311,0.14059176542084473
20177,Shawnee,63606.0,6236.0,2475.0,1045.0292529328171,102.0,1251.0,545.2541716707252,42.0,0.03891142345061786,0.019667955853221394,1224.0,0.01924346759739647,-0.005074243538755002
20185,Stafford,147.0,28.0,52.0,0.006911610259354078,16.0,0.0,0.0,0.0,0.35374149659863946,0.0,52.0,0.35374149659863946,0.6520811099252934
29017,Bollinger,275.0,83.0,0.0,0.0,0.0,0.0,0.0,0.0,0.0,0.0,0.0,0.0,0.7529815389642215
29047,Clay,67946.0,6046.0,3468.0,1320.2435738394229,136.0,931.0,392.6762049865072,31.0,0.05104053218732523,0.013702057516262914,2537.0,0.03733847467106231,0.05735240133403107
20059,Franklin,2692.0,330.0,185.0,87.66818918944496,3.0,185.0,87.66818918944496,3.0,0.0687221396731055,0.0687221396731055,0.0,0.0,0.4094304763434814
39163,Vinton,374.0,21.0,0.0,0.0,0.0,0.0,0.0,0.0,0.0,0.0,0.0,0.0,0.5898245614035088
29105,Laclede,6019.0,605.0,96.0,35.77905412606817,9.0,4.0,0.34784707784240304,3.0,0.015949493271307527,0.0006645622196378136,92.0,0.015284931051669714,0.6740583052451067
29109,Lawrence,3379.0,405.0,286.0,107.43339733014282,8.0,0.0,0.0,0.0,0.08464042616158626,0.0,286.0,0.08464042616158626,0.6440352896049099
31137,Phelps,1762.0,225.0,186.0,1.727655883746135,46.0,0.0,0.0,0.0,0.10556186152099886,0.0,186.0,0.10556186152099886,0.6916192026037429
33003,Carroll,10689.0,1359.0,251.0,128.49711899234555,29.0,70.0,15.151058747872753,8.0,0.023482084385817194,0.006548788474132285,181.0,0.01693329591168491,0.01763606633964027
39009,Athens,9099.0,893.0,75.0,28.74475239057537,10.0,0.0,0.0,0.0,0.008242664029014177,0.0,75.0,0.008242664029014177,-0.10841861741755872
19181,Warren,6325.0,961.0,33.0,1.0606670927719688,4.0,0.0,0.0,0.0,0.0052173913043478265,0.0,33.0,0.0052173913043478265,0.21038573824461146
19185,Wayne,205.0,36.0,0.0,0.0,0.0,0.0,0.0,0.0,0.0,0.0,0.0,0.0,0.580971000325839
19187,Webster,9266.0,710.0,722.0,269.5758475975964,20.0,0.0,0.0,0.0,0.07791927476796892,0.0,722.0,0.07791927476796892,0.3158692620217088
21207,Russell,1753.0,301.0,14.0,8.353504216984312,3.0,0.0,0.0,0.0,0.007986309184255563,0.0,14.0,0.007986309184255563,0.7279528451598277
38065,Oliver,,,,,,,,,,,,,
06111,Ventura,281083.0,32057.0,39521.0,4167.584782102527,1088.0,4753.0,574.3524126775653,226.0,0.14060259780918805,0.016909596097949717,34768.0,0.12369300171123833,-0.15551185810137513
08009,Baca,79.0,12.0,0.0,0.0,0.0,0.0,0.0,0.0,0.0,0.0,0.0,0.0,0.7195308516063234
08011,Bent,,,,,,,,,,,,,
08017,Cheyenne,,,,,,,,,,,,,
29125,Maries,134.0,49.0,0.0,0.0,0.0,0.0,0.0,0.0,0.0,0.0,0.0,0.0,0.681568958245466
31133,Pawnee,68.0,10.0,0.0,0.0,0.0,0.0,0.0,0.0,0.0,0.0,0.0,0.0,0.5850986121256392
20175,Seward,2162.0,270.0,32.0,1.664804690560748,11.0,7.0,1.657893080301394,3.0,0.014801110083256245,0.0032377428307123032,25.0,0.011563367252543942,0.3964787162915088
22023,Cameron,120.0,18.0,0.0,0.0,0.0,0.0,0.0,0.0,0.0,0.0,0.0,0.0,0.866611943361379
22041,Franklin,983.0,176.0,26.0,0.0008139148789623719,9.0,0.0,0.0,0.0,0.026449643947100712,0.0,26.0,0.026449643947100712,0.5423074009544732
22051,Jefferson,147518.0,15547.0,3058.0,501.3543394744356,252.0,1110.0,72.65172943068161,84.0,0.02072967366694234,0.007524505484076519,1948.0,0.01320516818286582,0.12156075757402994
22075,Plaquemines,6995.0,499.0,635.0,34.94845491230618,7.0,118.0,4.264628123825534,4.0,0.09077912794853467,0.016869192280200142,517.0,0.07390993566833452,0.4206131684619797
39171,Williams,6456.0,507.0,1576.0,575.6803946939275,39.0,683.0,155.64214996667295,18.0,0.24411400247831475,0.10579306071871128,893.0,0.13832094175960347,0.48699254349627175
20017,Chase,31.0,6.0,0.0,0.0,0.0,0.0,0.0,0.0,0.0,0.0,0.0,0.0,0.5159944367176634
20183,Smith,102.0,16.0,0.0,0.0,0.0,0.0,0.0,0.0,0.0,0.0,0.0,0.0,0.6962025316455697
20189,Stevens,180.0,44.0,109.0,0.021564224009184722,27.0,0.0,0.0,0.0,0.6055555555555555,0.0,109.0,0.6055555555555555,0.7673130193905817
20037,Crawford,8012.0,732.0,1629.0,703.540241938461,39.0,654.0,261.8769096507511,12.0,0.20332001997004492,0.081627558662007,975.0,0.12169246130803793,0.257356608478803
20027,Clay,488.0,89.0,56.0,0.015482006980953134,14.0,0.0,0.0,0.0,0.11475409836065574,0.0,56.0,0.11475409836065574,0.5683345780433159
20031,Coffey,520.0,63.0,0.0,0.0,0.0,0.0,0.0,0.0,0.0,0.0,0.0,0.0,0.5660859465737514
29223,Wayne,297.0,207.0,0.0,0.0,0.0,0.0,0.0,0.0,0.0,0.0,0.0,0.0,0.7306038190263203
29510,St. Louis,165456.0,15153.0,10382.0,3749.5584409684943,296.0,1098.0,343.28430288584775,84.0,0.0627478000193405,0.006636205395996519,9284.0,0.056111594623343974,-0.6600702987697715
21021,Boyle,5440.0,652.0,13.0,4.592674923559451,4.0,0.0,0.0,0.0,0.0023897058823529414,0.0,13.0,0.0023897058823529414,0.29464979857233725
36107,Tioga,3248.0,481.0,30.0,4.871949222815263,4.0,30.0,4.871949222815263,4.0,0.009236453201970444,0.009236453201970444,0.0,0.0,0.22884576098059245
20159,Rice,617.0,77.0,26.0,0.0,4.0,0.0,0.0,0.0,0.04213938411669368,0.0,26.0,0.04213938411669368,0.5767060030785018
20169,Saline,15465.0,1137.0,1516.0,435.8529811699669,22.0,348.0,26.634284709688778,10.0,0.09802780472033625,0.02250242483026188,1168.0,0.07552537989007437,0.3216682015524273
21137,Lincoln,875.0,212.0,0.0,0.0,0.0,0.0,0.0,0.0,0.0,0.0,0.0,0.0,0.6188032621643911
39147,Seneca,9055.0,841.0,1427.0,445.55035266022156,35.0,356.0,104.91587140039607,20.0,0.15759249033683048,0.03931529541689674,1071.0,0.11827719491993374,0.3789490522274654
39153,Summit,223938.0,14594.0,22227.0,7674.042737853724,697.0,7042.0,2492.4508268317018,231.0,0.09925515097928891,0.03144620385999696,15185.0,0.06780894711929195,-0.07048336194009192
40037,Creek,12123.0,1141.0,2193.0,750.2183574015058,68.0,1269.0,604.3460221985173,48.0,0.18089581786686465,0.10467706013363029,924.0,0.07621875773323436,0.567808464265964
34037,Sussex,22173.0,2753.0,547.0,195.9760285075076,47.0,309.0,70.81510049423704,21.0,0.024669643259820503,0.01393586794750372,238.0,0.010733775312316783,0.2538307955064829
32023,Nye,4569.0,602.0,0.0,0.0,0.0,0.0,0.0,0.0,0.0,0.0,0.0,0.0,0.4296170533861536
32510,Carson City,15900.0,1587.0,653.0,133.78245074396048,36.0,30.0,6.058020954992851,6.0,0.041069182389937106,0.0018867924528301887,623.0,0.03918238993710692,0.11564400952129067
40039,Custer,5873.0,635.0,39.0,8.282759265087957,6.0,0.0,0.0,0.0,0.006640558487995913,0.0,39.0,0.006640558487995913,0.5429201764941837
40043,Dewey,59.0,9.0,0.0,0.0,0.0,0.0,0.0,0.0,0.0,0.0,0.0,0.0,0.8093935248518012
39131,Pike,4555.0,324.0,282.0,119.39886204089676,18.0,195.0,94.7166558655846,12.0,0.061909989023051594,0.042810098792535674,87.0,0.01909989023051592,0.5400576368876081
29077,Greene,133470.0,10729.0,9499.0,4129.046031109292,225.0,3687.0,2138.4623448452726,91.0,0.07116955121000974,0.027624185210159587,5812.0,0.04354536599985016,0.21127058276437888
28115,Pontotoc,6265.0,208.0,4593.0,1497.3097411236595,28.0,0.0,0.0,0.0,0.7331205107741421,0.0,4593.0,0.7331205107741421,0.6826716353733696
28129,Smith,70.0,20.0,0.0,0.0,0.0,0.0,0.0,0.0,0.0,0.0,0.0,0.0,0.610587002096436
31177,Washington,3832.0,418.0,446.0,107.48661354134491,14.0,0.0,0.0,0.0,0.11638830897703549,0.0,446.0,0.11638830897703549,0.42903251835713707
20125,Montgomery,5968.0,1695.0,175.0,59.61037187190158,13.0,34.0,10.549136286993333,7.0,0.029323056300268095,0.005697050938337802,141.0,0.023626005361930293,0.5198428933802471
20209,Wyandotte,53779.0,3295.0,4370.0,1636.8225388898554,91.0,407.0,79.56819857854342,21.0,0.08125848379478978,0.007568009817958683,3963.0,0.0736904739768311,-0.24236522437506275
21001,Adair,1822.0,274.0,0.0,0.0,0.0,0.0,0.0,0.0,0.0,0.0,0.0,0.0,0.7175280898876405
21077,Gallatin,31.0,8.0,0.0,0.0,0.0,0.0,0.0,0.0,0.0,0.0,0.0,0.0,0.60671834625323
23021,Piscataquis,642.0,143.0,0.0,0.0,0.0,0.0,0.0,0.0,0.0,0.0,0.0,0.0,0.2977893368010403
24009,Calvert,12510.0,1564.0,44.0,13.801332219592162,7.0,0.0,0.0,0.0,0.0035171862509992004,0.0,44.0,0.0035171862509992004,0.11218015492717665
06103,Tehama,8288.0,1894.0,1424.0,94.47095244333867,100.0,0.0,0.0,0.0,0.1718146718146718,0.0,1424.0,0.1718146718146718,0.4278107878694344
40009,Beckham,4430.0,454.0,44.0,2.4672040022234576,6.0,0.0,0.0,0.0,0.009932279909706547,0.0,44.0,0.009932279909706547,0.7111140478393022
40019,Carter,13943.0,1213.0,25.0,6.702460314015414,12.0,5.0,0.6975945817063902,4.0,0.0017930144158359034,0.0003586028831671807,20.0,0.0014344115326687227,0.5549890750182083
72017,Barceloneta,2173.0,160.0,0.0,0.0,0.0,0.0,0.0,0.0,0.0,0.0,0.0,0.0,
31041,Custer,1067.0,174.0,134.0,2.1435730409442786,28.0,0.0,0.0,0.0,0.12558575445173384,0.0,134.0,0.12558575445173384,0.730267673301304
38089,Stark,11514.0,1164.0,40.0,18.55348191041445,5.0,40.0,18.55348191041445,5.0,0.0034740316136876847,0.0034740316136876847,0.0,0.0,0.6657204649905379
26131,Ontonagon,109.0,20.0,0.0,0.0,0.0,0.0,0.0,0.0,0.0,0.0,0.0,0.0,0.30748945147679324
38061,Mountrail,2248.0,233.0,0.0,0.0,0.0,0.0,0.0,0.0,0.0,0.0,0.0,0.0,0.43778110944527737
29001,Adair,3245.0,532.0,16.0,6.584002611627304,3.0,0.0,0.0,0.0,0.004930662557781202,0.0,16.0,0.004930662557781202,0.3401286491835725
51790,Staunton,5563.0,595.0,0.0,0.0,0.0,0.0,0.0,0.0,0.0,0.0,0.0,0.0,-0.1356768885564697
72065,Hatillo,4117.0,368.0,97.0,0.0,10.0,0.0,0.0,0.0,0.02356084527568618,0.0,97.0,0.02356084527568618,
40069,Johnston,576.0,55.0,286.0,55.537969167579405,13.0,0.0,0.0,0.0,0.4965277777777778,0.0,286.0,0.4965277777777778,0.6700434153400868
46097,Miner,41.0,7.0,0.0,0.0,0.0,0.0,0.0,0.0,0.0,0.0,0.0,0.0,0.48324514991181655
21171,Monroe,355.0,99.0,0.0,0.0,0.0,0.0,0.0,0.0,0.0,0.0,0.0,0.0,0.7807802093244529
26075,Jackson,35662.0,2682.0,6481.0,2317.9480419475512,207.0,1986.0,420.1080181056189,68.0,0.181734058661881,0.055689529471145756,4495.0,0.12604452919073525,0.21625255914812166
26079,Kalkaska,1175.0,124.0,0.0,0.0,0.0,0.0,0.0,0.0,0.0,0.0,0.0,0.0,0.43531483927785114
26095,Luce,179.0,15.0,0.0,0.0,0.0,0.0,0.0,0.0,0.0,0.0,0.0,0.0,0.4766927526369513
26133,Osceola,1157.0,180.0,0.0,0.0,0.0,0.0,0.0,0.0,0.0,0.0,0.0,0.0,0.4869263401465484
26143,Roscommon,2953.0,324.0,0.0,0.0,0.0,0.0,0.0,0.0,0.0,0.0,0.0,0.0,0.33341733870967744
39007,Ashtabula,15149.0,1575.0,3028.0,1355.1823009069824,80.0,1008.0,578.6995125209379,35.0,0.1998811802759258,0.06653904548154994,2020.0,0.13334213479437584,0.28629566754261526
36121,Wyoming,4429.0,529.0,283.0,212.37241420487908,18.0,35.0,5.68394075995114,5.0,0.06389704222172048,0.007902461052156242,248.0,0.05599458116956423,0.4822750905939814
37121,Mitchell,1166.0,149.0,0.0,0.0,0.0,0.0,0.0,0.0,0.0,0.0,0.0,0.0,0.5626855446448961
37141,Pender,9999.0,1700.0,134.0,33.578325133106695,13.0,0.0,0.0,0.0,0.0134013401340134,0.0,134.0,0.0134013401340134,0.35276089553789414
39073,Hocking,3132.0,288.0,135.0,33.118730283895665,6.0,0.0,0.0,0.0,0.04310344827586207,0.0,135.0,0.04310344827586207,0.4464619293133079
39077,Huron,10792.0,929.0,1711.0,704.97547519791,33.0,305.0,112.02881939706505,14.0,0.15854336545589326,0.028261675315048185,1406.0,0.13028169014084506,0.44432913269088214
46099,Minnehaha,102808.0,9536.0,5418.0,3252.6411750011216,144.0,2704.0,1638.3538112105355,54.0,0.05270017897439888,0.026301455139677847,2714.0,0.026398723834721034,0.12988612215986486
54015,Clay,228.0,47.0,0.0,0.0,0.0,0.0,0.0,0.0,0.0,0.0,0.0,0.0,0.6348756688700031
26119,Montmorency,422.0,61.0,9.0,1.978161529220172,3.0,9.0,1.978161529220172,3.0,0.02132701421800948,0.02132701421800948,0.0,0.0,0.4597682907475004
21103,Henry,864.0,180.0,18.0,1.2129788041186416,5.0,0.0,0.0,0.0,0.020833333333333332,0.0,18.0,0.020833333333333332,0.5328301886792453
36033,Franklin,5767.0,607.0,8.0,1.448220823447504,3.0,0.0,0.0,0.0,0.001387203051846714,0.0,8.0,0.001387203051846714,0.09014956162970604
36051,Livingston,8175.0,960.0,312.0,218.46880855466046,40.0,0.0,0.0,0.0,0.0381651376146789,0.0,312.0,0.0381651376146789,0.21443352302121055
31055,Douglas,279540.0,18060.0,14876.0,2879.593276905294,337.0,1606.0,700.1225159301647,84.0,0.05321599771052443,0.005745152750947986,13270.0,0.047470844959576444,-0.10314776081764644
40047,Garfield,12014.0,1209.0,28.0,0.7808683392945722,4.0,0.0,0.0,0.0,0.002330614283336108,0.0,28.0,0.002330614283336108,0.5477101016696204
13047,Catoosa,5789.0,665.0,459.0,158.17771218687633,17.0,436.0,154.8652010922531,14.0,0.07928830540680601,0.07531525306615997,23.0,0.003973052340646044,0.557927354105698
20131,Nemaha,1903.0,173.0,122.0,42.450147101835505,4.0,0.0,0.0,0.0,0.06410930110352075,0.0,122.0,0.06410930110352075,0.6795958867039509
20141,Osborne,157.0,29.0,0.0,0.0,0.0,0.0,0.0,0.0,0.0,0.0,0.0,0.0,0.6996547756041427
31047,Dawson,3748.0,436.0,238.0,42.30234667236789,54.0,0.0,0.0,0.0,0.06350053361792957,0.0,238.0,0.06350053361792957,0.5005348864852015
47039,Decatur,482.0,82.0,0.0,0.0,0.0,0.0,0.0,0.0,0.0,0.0,0.0,0.0,0.6975069252077563
55025,Dane,263477.0,18035.0,12748.0,5122.748829448095,415.0,4070.0,1864.1553892992463,121.0,0.04838372988913643,0.015447268642044657,8678.0,0.03293646124709178,-0.5245278189673639
39129,Pickaway,6772.0,701.0,146.0,19.622193193972965,30.0,0.0,0.0,0.0,0.02155936207914944,0.0,146.0,0.02155936207914944,0.4899324231140532
39019,Carroll,2482.0,262.0,0.0,0.0,0.0,0.0,0.0,0.0,0.0,0.0,0.0,0.0,0.5518423932871215
35003,Catron,17.0,3.0,0.0,0.0,0.0,0.0,0.0,0.0,0.0,0.0,0.0,0.0,0.5083943176926389
35021,Harding,,,,,,,,,,,,,
35037,Quay,568.0,71.0,0.0,0.0,0.0,0.0,0.0,0.0,0.0,0.0,0.0,0.0,0.41793103448275865
20193,Thomas,1347.0,140.0,0.0,0.0,0.0,0.0,0.0,0.0,0.0,0.0,0.0,0.0,0.6687014428412874
21013,Bell,1702.0,231.0,0.0,0.0,0.0,0.0,0.0,0.0,0.0,0.0,0.0,0.0,0.6931891891891891
39097,Madison,15288.0,668.0,2421.0,1739.4777857975132,31.0,33.0,18.181008301002144,4.0,0.15835949764521193,0.0021585557299843012,2388.0,0.15620094191522763,0.4412713936430318
28067,Jones,8904.0,903.0,147.0,17.52750427290758,12.0,131.0,14.860568094852875,7.0,0.01650943396226415,0.014712488769092542,16.0,0.0017969451931716084,0.4718378908377819
21173,Montgomery,2356.0,360.0,62.0,5.698347939050433,3.0,62.0,5.698347939050433,3.0,0.02631578947368421,0.02631578947368421,0.0,0.0,0.4728841738579685
29119,McDonald,1501.0,223.0,0.0,0.0,0.0,0.0,0.0,0.0,0.0,0.0,0.0,0.0,0.6928556011223829
31161,Sheridan,190.0,27.0,29.0,0.463907598413314,6.0,0.0,0.0,0.0,0.15263157894736842,0.0,29.0,0.15263157894736842,0.7061688311688312
55039,Fond du Lac,26997.0,2081.0,3542.0,1618.2451309227354,108.0,702.0,308.44086127198466,28.0,0.13119976293662258,0.026002889209912214,2840.0,0.10519687372671037,0.29042532934028076
55059,Kenosha,54204.0,4110.0,4595.0,2138.869027993961,137.0,1608.0,855.5005398885272,59.0,0.08477234152461073,0.029665707327872482,2987.0,0.05510663419673825,0.06328943832303144
39151,Stark,124768.0,8804.0,11797.0,5225.99043259689,375.0,4337.0,1746.360711474071,147.0,0.09455148756091306,0.03476051551679918,7460.0,0.05979097204411388,0.22122168178432144
72019,Barranquitas,1091.0,204.0,151.0,0.0,45.0,48.0,0.0,6.0,0.1384051329055912,0.043996333638863426,103.0,0.09440879926672777,
40031,Comanche,19892.0,2197.0,9.0,2.0432047313683523,4.0,0.0,0.0,0.0,0.00045244319324351496,0.0,9.0,0.00045244319324351496,0.23776972002615468
28071,Lafayette,12830.0,1187.0,0.0,0.0,0.0,0.0,0.0,0.0,0.0,0.0,0.0,0.0,0.2214204990002608
28085,Lincoln,3595.0,354.0,0.0,0.0,0.0,0.0,0.0,0.0,0.0,0.0,0.0,0.0,0.4568624952211036
39083,Knox,8904.0,937.0,830.0,410.64641593260444,44.0,484.0,284.88421573710343,20.0,0.09321653189577718,0.05435759209344115,346.0,0.03885893980233603,0.45312794718641936
39091,Logan,9040.0,629.0,1463.0,1040.116625751806,12.0,52.0,8.610622165014796,5.0,0.1618362831858407,0.005752212389380531,1411.0,0.15608407079646017,0.566805980438623
29061,Daviess,314.0,59.0,0.0,0.0,0.0,0.0,0.0,0.0,0.0,0.0,0.0,0.0,0.6392177045805455
29067,Douglas,215.0,81.0,0.0,0.0,0.0,0.0,0.0,0.0,0.0,0.0,0.0,0.0,0.7247858524454269
40121,Pittsburg,5345.0,556.0,61.0,5.680885413881656,6.0,0.0,0.0,0.0,0.011412535079513564,0.0,61.0,0.011412535079513564,0.5988217627353587
40127,Pushmataha,279.0,53.0,0.0,0.0,0.0,0.0,0.0,0.0,0.0,0.0,0.0,0.0,0.7345399698340875
46125,Turner,656.0,134.0,0.0,0.0,0.0,0.0,0.0,0.0,0.0,0.0,0.0,0.0,0.5273879583521955
21199,Pulaski,19552.0,1854.0,2534.0,1043.0420002167812,28.0,812.0,84.39249271617774,12.0,0.12960310965630115,0.04153027823240589,1722.0,0.08807283142389526,0.6591936819310872
26149,St. Joseph,8848.0,1789.0,2477.0,1146.5162867573856,108.0,1251.0,741.3321555472223,23.0,0.2799502712477396,0.1413878842676311,1226.0,0.13856238698010848,0.3448622422457113
39157,Tuscarawas,22488.0,1876.0,4691.0,1875.8151285025208,138.0,1075.0,595.4690898903956,44.0,0.20860014229811455,0.04780327285663465,3616.0,0.1607968694414799,0.43622903195576795
26153,Schoolcraft,531.0,64.0,0.0,0.0,0.0,0.0,0.0,0.0,0.0,0.0,0.0,0.0,0.3242179407499482
26155,Shiawassee,6575.0,773.0,820.0,207.9679595897344,27.0,115.0,17.930528795119734,4.0,0.1247148288973384,0.01749049429657795,705.0,0.10722433460076045,0.23426459940578734
27081,Lincoln,202.0,27.0,0.0,0.0,0.0,0.0,0.0,0.0,0.0,0.0,0.0,0.0,0.38519924098671726
39117,Morrow,1493.0,241.0,109.0,10.213762354895493,14.0,0.0,0.0,0.0,0.07300736771600803,0.0,109.0,0.07300736771600803,0.5617082687476616
27033,Cottonwood,904.0,97.0,0.0,0.0,0.0,0.0,0.0,0.0,0.0,0.0,0.0,0.0,0.41828727396792903
27043,Faribault,717.0,114.0,24.0,0.0,6.0,0.0,0.0,0.0,0.03347280334728033,0.0,24.0,0.03347280334728033,0.3809711804184761
39143,Sandusky,11839.0,1001.0,2038.0,1210.5795902271243,59.0,798.0,426.8054263738541,25.0,0.1721429174761382,0.06740434158290397,1240.0,0.10473857589323422,0.31144312393887946
46107,Potter,174.0,19.0,0.0,0.0,0.0,0.0,0.0,0.0,0.0,0.0,0.0,0.0,0.6637863315003928
48365,Panola,3274.0,230.0,0.0,0.0,0.0,0.0,0.0,0.0,0.0,0.0,0.0,0.0,0.6754949589928433
53013,Columbia,139.0,42.0,100.0,3.669453930187217,33.0,0.0,0.0,0.0,0.7194244604316546,0.0,100.0,0.7194244604316546,0.4487072560467056
39165,Warren,78651.0,6029.0,7152.0,2934.8577931069267,172.0,1108.0,377.5557516957513,60.0,0.09093336384788496,0.014087551334375914,6044.0,0.07684581251350904,0.3182699262259511
39133,Portage,39752.0,3174.0,6974.0,2318.688301264424,192.0,1746.0,611.9744818594472,71.0,0.17543771382571946,0.043922318373918294,5228.0,0.13151539545180116,0.15674429888403688
39013,Belmont,12593.0,1154.0,36.0,12.938172072111069,7.0,36.0,12.938172072111069,7.0,0.002858731041054554,0.002858731041054554,0.0,0.0,0.4759712043582593
31065,Furnas,258.0,44.0,0.0,0.0,0.0,0.0,0.0,0.0,0.0,0.0,0.0,0.0,0.7017909204498126
31071,Garfield,25.0,12.0,0.0,0.0,0.0,0.0,0.0,0.0,0.0,0.0,0.0,0.0,0.7700693756194251
31089,Holt,1493.0,234.0,85.0,1.3597291677631618,19.0,0.0,0.0,0.0,0.056932350971198926,0.0,85.0,0.056932350971198926,0.7472629430321024
39107,Mercer,10089.0,787.0,1877.0,898.6673439771328,65.0,392.0,60.5862260977742,19.0,0.18604420656160175,0.038854197640995146,1485.0,0.1471900089206066,0.6721102863202545
39121,Noble,613.0,72.0,0.0,0.0,0.0,0.0,0.0,0.0,0.0,0.0,0.0,0.0,0.650596502696519
21227,Warren,47327.0,4819.0,5147.0,2529.19669019223,119.0,1222.0,465.42263503963414,48.0,0.10875398820969003,0.025820356244849664,3925.0,0.08293363196484035,0.24669658662184635
53029,Island,10571.0,1684.0,134.0,54.732958300660236,39.0,10.0,4.956398565490773,6.0,0.012676189575253051,0.0009459842966606754,124.0,0.011730205278592375,-0.17064198409873027
53035,Kitsap,54180.0,6463.0,1043.0,352.3800507501632,117.0,210.0,89.88375058051551,18.0,0.01925064599483204,0.003875968992248062,833.0,0.015374677002583978,-0.21650277499651882
53041,Lewis,16572.0,1778.0,2131.0,1165.746289410007,84.0,268.0,208.63452307617382,13.0,0.12859039343470915,0.016171856142891624,1863.0,0.11241853729181753,0.3402811107302023
51830,Williamsburg,2085.0,241.0,0.0,0.0,0.0,0.0,0.0,0.0,0.0,0.0,0.0,0.0,-0.4518882565959648
55015,Calumet,7438.0,673.0,1440.0,378.344637763687,20.0,132.0,47.24692599338758,9.0,0.19360043022317827,0.01774670610379134,1308.0,0.17585372411938693,0.2024062933826932
55021,Columbia,11450.0,1358.0,1587.0,641.2930434888892,41.0,549.0,99.6289286569586,10.0,0.13860262008733623,0.04794759825327511,1038.0,0.09065502183406113,0.046544100535257156
39017,Butler,131110.0,8678.0,11858.0,4660.198593650352,291.0,2391.0,883.0835606305626,103.0,0.09044313934863855,0.018236595225383265,9467.0,0.07220654412325529,0.26504869342969195
35047,San Miguel,2859.0,391.0,0.0,0.0,0.0,0.0,0.0,0.0,0.0,0.0,0.0,0.0,-0.2849521707137601
35057,Torrance,173.0,77.0,0.0,0.0,0.0,0.0,0.0,0.0,0.0,0.0,0.0,0.0,0.3895216400911162
33013,Merrimack,50358.0,4238.0,1670.0,504.988123053811,95.0,447.0,156.73542425199378,31.0,0.03316255609833591,0.00887644465626117,1223.0,0.024286111442074744,-0.05261893058058878
39155,Trumbull,44710.0,3752.0,4005.0,1725.292293187158,124.0,2645.0,1210.8706299024852,63.0,0.08957727577723104,0.0591590248266607,1360.0,0.03041825095057034,0.16946762619985167
28133,Sunflower,2570.0,267.0,32.0,0.0,16.0,0.0,0.0,0.0,0.012451361867704281,0.0,32.0,0.012451361867704281,-0.35735275328989397
22003,Allen,1176.0,148.0,0.0,0.0,0.0,0.0,0.0,0.0,0.0,0.0,0.0,0.0,0.6105469749978667
22021,Caldwell,203.0,43.0,0.0,0.0,0.0,0.0,0.0,0.0,0.0,0.0,0.0,0.0,0.7432028917177432
18059,Hancock,17361.0,1770.0,909.0,370.28291158319365,52.0,86.0,63.57640907219313,6.0,0.052358735095904614,0.0049536317032429006,823.0,0.04740510339266171,0.3434862385321101
20021,Cherokee,1229.0,156.0,119.0,43.35982075336157,11.0,0.0,0.0,0.0,0.096826688364524,0.0,119.0,0.096826688364524,0.5393967734393267
27141,Sherburne,17489.0,2029.0,1494.0,362.0772436250405,74.0,1259.0,245.78046348190554,50.0,0.08542512436388587,0.07198810680999486,235.0,0.013437017553891012,0.354839845124956
27147,Steele,6800.0,757.0,395.0,69.35717298482938,26.0,79.0,4.490261338486894,4.0,0.05808823529411765,0.01161764705882353,316.0,0.04647058823529412,0.2497057669674382
27151,Swift,919.0,136.0,75.0,12.425549871235773,23.0,0.0,0.0,0.0,0.08161044613710555,0.0,75.0,0.08161044613710555,0.3473174667204518
35061,Valencia,9961.0,1158.0,9.0,0.20498806937727643,3.0,0.0,0.0,0.0,0.0009035237425961249,0.0,9.0,0.0009035237425961249,0.1667789138553848
21213,Simpson,2630.0,353.0,640.0,356.3645540564789,8.0,0.0,0.0,0.0,0.24334600760456274,0.0,640.0,0.24334600760456274,0.4447781885397412
13235,Pulaski,202.0,35.0,28.0,2.4169751119858724,3.0,0.0,0.0,0.0,0.13861386138613863,0.0,28.0,0.13861386138613863,0.4065323141070188
13249,Schley,,,,,,,,,,,,,
20147,Phillips,118.0,30.0,16.0,0.0,4.0,0.0,0.0,0.0,0.13559322033898305,0.0,16.0,0.13559322033898305,0.753628582061779
20151,Pratt,1547.0,162.0,0.0,0.0,0.0,0.0,0.0,0.0,0.0,0.0,0.0,0.0,0.5239520958083832
20153,Rawlins,144.0,12.0,0.0,0.0,0.0,0.0,0.0,0.0,0.0,0.0,0.0,0.0,0.743065693430657
17019,Champaign,48317.0,3546.0,2674.0,823.3926416657969,98.0,511.0,86.86067002806516,13.0,0.05534283999420494,0.010575987747583665,2163.0,0.044766852246621275,-0.2446063772499685
47131,Obion,3561.0,326.0,11.0,3.714545298298601,3.0,0.0,0.0,0.0,0.003089019938219601,0.0,11.0,0.003089019938219601,0.6534290395568386
13065,Clinch,209.0,32.0,0.0,0.0,0.0,0.0,0.0,0.0,0.0,0.0,0.0,0.0,0.5163623837409577
13161,Jeff Davis,399.0,53.0,62.0,3.954846045015608,4.0,62.0,3.954846045015608,4.0,0.15538847117794485,0.15538847117794485,0.0,0.0,0.6845878136200717
21111,Jefferson,403521.0,33089.0,21830.0,8266.332151579685,1006.0,8071.0,2326.0336883916816,326.0,0.05409879535389732,0.02000143734774646,13759.0,0.03409735800615086,-0.16833466140042516
19171,Tama,1048.0,121.0,0.0,0.0,0.0,0.0,0.0,0.0,0.0,0.0,0.0,0.0,0.2732867795005326
12099,Palm Beach,603211.0,69121.0,21336.0,2426.6982384861612,1558.0,2826.0,172.29188817257514,369.0,0.03537070776229213,0.004684927827907647,18510.0,0.030685779934384486,-0.007677034360003679
12067,Lafayette,29.0,8.0,0.0,0.0,0.0,0.0,0.0,0.0,0.0,0.0,0.0,0.0,0.763981803585764
22121,West Baton Rouge,8254.0,495.0,533.0,30.61218847750189,19.0,269.0,14.943851394022406,11.0,0.06457475163557064,0.032590259268233585,264.0,0.03198449236733705,0.1448470588235294
01053,Escambia,5387.0,610.0,483.0,32.28521051739093,15.0,124.0,18.17356355728314,5.0,0.08966029329868201,0.023018377575645073,359.0,0.06664191572303693,0.4660560344827586
01067,Henry,725.0,141.0,0.0,0.0,0.0,0.0,0.0,0.0,0.0,0.0,0.0,0.0,0.5108084738434933
21129,Lee,78.0,27.0,0.0,0.0,0.0,0.0,0.0,0.0,0.0,0.0,0.0,0.0,0.6916065324724648
19077,Guthrie,681.0,121.0,0.0,0.0,0.0,0.0,0.0,0.0,0.0,0.0,0.0,0.0,0.36025699862322164
19081,Hancock,1005.0,127.0,0.0,0.0,0.0,0.0,0.0,0.0,0.0,0.0,0.0,0.0,0.48011606076122204
19089,Howard,969.0,132.0,0.0,0.0,0.0,0.0,0.0,0.0,0.0,0.0,0.0,0.0,0.32202680067001677
13011,Banks,1396.0,147.0,15.0,0.13739215657596668,3.0,15.0,0.13739215657596668,3.0,0.010744985673352435,0.010744985673352435,0.0,0.0,0.783495330665142
27131,Rice,10735.0,1257.0,562.0,215.96496267585556,43.0,104.0,5.911230116489075,6.0,0.052352119236143455,0.00968793665579879,458.0,0.04266418258034466,0.025577673582839654
27135,Roseau,812.0,166.0,94.0,15.594914482898405,29.0,0.0,0.0,0.0,0.11576354679802955,0.0,94.0,0.11576354679802955,0.5
42079,Luzerne,107301.0,6710.0,7123.0,3722.115308411352,171.0,2370.0,1039.6974894336315,55.0,0.06638335150650973,0.02208739899907736,4753.0,0.04429595250743237,0.1932261145674678
45011,Barnwell,1272.0,168.0,0.0,0.0,0.0,0.0,0.0,0.0,0.0,0.0,0.0,0.0,0.15722101785898626
47181,Wayne,1095.0,105.0,156.0,6.6018361362592035,5.0,156.0,6.6018361362592035,5.0,0.14246575342465753,0.14246575342465753,0.0,0.0,0.7751549129536737
48009,Archer,597.0,86.0,0.0,0.0,0.0,0.0,0.0,0.0,0.0,0.0,0.0,0.0,0.797437596642368
50003,Bennington,8239.0,1462.0,105.0,76.99797690764268,14.0,20.0,16.82348170225461,4.0,0.012744265080713678,0.002427479062993082,85.0,0.010316786017720597,-0.23118413824102282
19167,Sioux,12758.0,1153.0,2981.0,665.7159378272098,93.0,519.0,119.74886816523455,13.0,0.23365731305847312,0.040680357422793544,2462.0,0.19297695563567957,0.7188286310830344
72111,Peñuelas,617.0,67.0,27.0,0.0,3.0,0.0,0.0,0.0,0.04376012965964344,0.0,27.0,0.04376012965964344,
13207,Monroe,3294.0,434.0,0.0,0.0,0.0,0.0,0.0,0.0,0.0,0.0,0.0,0.0,0.4684577452814147
18173,Warrick,8320.0,1013.0,0.0,0.0,0.0,0.0,0.0,0.0,0.0,0.0,0.0,0.0,0.3066437430922265
17179,Tazewell,30238.0,2080.0,1920.0,497.2317405176872,58.0,1377.0,328.0395549818753,22.0,0.06349626298035585,0.045538726106223955,543.0,0.017957536874131895,0.27144483047801604
72127,San Juan,189325.0,11330.0,2045.0,0.0,172.0,496.0,0.0,38.0,0.010801531757559752,0.002619833619437475,1549.0,0.008181698138122277,
13057,Cherokee,53341.0,7524.0,2132.0,507.9164672191596,141.0,462.0,112.99811580131997,35.0,0.03996925441967717,0.008661254944601713,1670.0,0.031307999475075454,0.3932413964467636
17057,Fulton,2280.0,249.0,0.0,0.0,0.0,0.0,0.0,0.0,0.0,0.0,0.0,0.0,0.2433731890934396
13085,Dawson,4770.0,609.0,0.0,0.0,0.0,0.0,0.0,0.0,0.0,0.0,0.0,0.0,0.6557924479835603
08115,Sedgwick,36.0,3.0,0.0,0.0,0.0,0.0,0.0,0.0,0.0,0.0,0.0,0.0,0.574755822689707
13225,Peach,3375.0,333.0,363.0,189.63703154670716,10.0,0.0,0.0,0.0,0.10755555555555556,0.0,363.0,0.10755555555555556,0.06053594088228708
05089,Marion,531.0,69.0,291.0,145.6473622984177,6.0,0.0,0.0,0.0,0.5480225988700564,0.0,291.0,0.5480225988700564,0.6116931832880611
19173,Taylor,93.0,28.0,23.0,1.0219947382945371,8.0,0.0,0.0,0.0,0.24731182795698925,0.0,23.0,0.24731182795698925,0.5628487036429275
48417,Shackelford,350.0,26.0,0.0,0.0,0.0,0.0,0.0,0.0,0.0,0.0,0.0,0.0,0.8313253012048193
48421,Sherman,410.0,33.0,49.0,0.02333230873314888,13.0,0.0,0.0,0.0,0.11951219512195121,0.0,49.0,0.11951219512195121,0.8750821827744905
48431,Sterling,,,,,,,,,,,,,
48435,Sutton,368.0,58.0,0.0,0.0,0.0,0.0,0.0,0.0,0.0,0.0,0.0,0.0,0.6870802054523903
42047,Elk,8215.0,579.0,3740.0,2248.320365367516,71.0,2564.0,1847.382436439321,53.0,0.45526475958612295,0.3121119902617164,1176.0,0.14315276932440657,0.4733936332667685
13253,Seminole,422.0,42.0,313.0,3.0212188899823404,13.0,0.0,0.0,0.0,0.7417061611374408,0.0,313.0,0.7417061611374408,0.4047976011994003
13277,Tift,9244.0,798.0,313.0,160.00450326008905,22.0,0.0,0.0,0.0,0.033859800951968846,0.0,313.0,0.033859800951968846,0.3577418211881422
48369,Parmer,2239.0,163.0,300.0,62.77862129139306,50.0,0.0,0.0,0.0,0.13398838767306834,0.0,300.0,0.13398838767306834,0.7195414556118368
48381,Randall,25935.0,2385.0,643.0,107.50299794799287,51.0,146.0,34.94688612774483,9.0,0.02479275110854058,0.005629458261037209,497.0,0.01916329284750337,0.6138331842098783
17041,Douglas,2786.0,342.0,656.0,189.73179430703283,75.0,265.0,61.54554107393712,20.0,0.23546302943287867,0.09511844938980617,391.0,0.1403445800430725,0.4686971235194585
72143,Vega Alta,1773.0,200.0,0.0,0.0,0.0,0.0,0.0,0.0,0.0,0.0,0.0,0.0,
05113,Polk,1096.0,169.0,73.0,6.046457333292171,3.0,0.0,0.0,0.0,0.0666058394160584,0.0,73.0,0.0666058394160584,0.7183964584358091
26125,Oakland,667985.0,43847.0,59420.0,19098.539847566546,2107.0,14158.0,4817.099895780195,641.0,0.08895409328053773,0.021195086716019072,45262.0,0.06775900656451866,-0.1079188179213268
72099,Moca,1840.0,328.0,119.0,0.0,43.0,10.0,0.0,5.0,0.06467391304347826,0.005434782608695652,109.0,0.059239130434782614,
21169,Metcalfe,547.0,86.0,0.0,0.0,0.0,0.0,0.0,0.0,0.0,0.0,0.0,0.0,0.6520370005904349
48487,Wilbarger,1044.0,94.0,49.0,0.2443815242238441,11.0,0.0,0.0,0.0,0.04693486590038314,0.0,49.0,0.04693486590038314,0.6253799392097265
48493,Wilson,4203.0,615.0,80.0,15.861943261563521,8.0,40.0,15.016907669421586,4.0,0.019034023316678562,0.009517011658339281,40.0,0.009517011658339281,0.540834919220958
42075,Lebanon,37335.0,2551.0,6524.0,2407.083662097341,159.0,1389.0,578.2851790482318,57.0,0.1747421990089728,0.03720369626355966,5135.0,0.13753850274541315,0.32250465651364085
24510,Baltimore,227046.0,13528.0,7115.0,2702.9728566249078,292.0,1361.0,488.09139933943925,81.0,0.031337262052623695,0.005994379993481497,5754.0,0.0253428820591422,-0.7491270456715361
25019,Nantucket,2575.0,649.0,0.0,0.0,0.0,0.0,0.0,0.0,0.0,0.0,0.0,0.0,-0.37570093457943926
36095,Schoharie,2365.0,260.0,85.0,60.12293855090003,16.0,0.0,0.0,0.0,0.035940803382663845,0.0,85.0,0.035940803382663845,0.3053224796493425
19095,Iowa,3077.0,471.0,142.0,8.128166073914855,21.0,0.0,0.0,0.0,0.04614884627884303,0.0,142.0,0.04614884627884303,0.2817912970004225
19099,Jasper,5014.0,583.0,243.0,174.60011844522063,6.0,0.0,0.0,0.0,0.04846429996011169,0.0,243.0,0.04846429996011169,0.28021368813627656
13015,Bartow,25826.0,2366.0,2580.0,833.8668588604812,68.0,795.0,256.0580122174486,26.0,0.09989932626035777,0.030782931929063735,1785.0,0.06911639433129405,0.5126282488245678
47075,Haywood,1018.0,123.0,36.0,0.13098777991744961,8.0,0.0,0.0,0.0,0.03536345776031434,0.0,36.0,0.03536345776031434,-0.0037896013339396694
17051,Fayette,1981.0,199.0,0.0,0.0,0.0,0.0,0.0,0.0,0.0,0.0,0.0,0.0,0.6556598797341492
05055,Greene,4376.0,518.0,334.0,28.181641582172183,36.0,127.0,13.82929759323245,6.0,0.0763254113345521,0.029021937842778792,207.0,0.047303473491773315,0.6225565843621399
08014,Broomfield,31464.0,3119.0,885.0,136.84256371059064,24.0,48.0,17.279730402942775,8.0,0.02812738367658276,0.0015255530129672007,837.0,0.02660183066361556,-0.2935358375277491
05065,Izard,410.0,61.0,0.0,0.0,0.0,0.0,0.0,0.0,0.0,0.0,0.0,0.0,0.672927795967603
05071,Johnson,2068.0,266.0,59.0,26.87923310417922,5.0,59.0,26.87923310417922,5.0,0.02852998065764023,0.02852998065764023,0.0,0.0,0.5250760734813479
19101,Jefferson,2082.0,449.0,43.0,3.7953777416070125,11.0,4.0,2.0624301418901885,3.0,0.020653218059558116,0.0019212295869356388,39.0,0.018731988472622477,0.06940179339147524
19105,Jones,2245.0,314.0,287.0,191.96624724556537,4.0,287.0,191.96624724556537,4.0,0.12783964365256126,0.12783964365256126,0.0,0.0,0.26742241219104257
19109,Kossuth,2366.0,307.0,343.0,160.98621743374557,27.0,228.0,159.6531808185788,3.0,0.14497041420118342,0.09636517328825021,115.0,0.04860524091293321,0.4474416354179267
12019,Clay,42173.0,4992.0,395.0,40.42994513392731,48.0,261.0,23.87661017711458,24.0,0.009366182154459014,0.006188793778009627,134.0,0.003177388376449387,0.3962606556985601
12049,Hardee,2475.0,287.0,382.0,185.07251510468762,36.0,0.0,0.0,0.0,0.15434343434343434,0.0,382.0,0.15434343434343434,0.5669593174230246
19057,Des Moines,9757.0,1040.0,18.0,0.7998219691000725,11.0,0.0,0.0,0.0,0.0018448293532848212,0.0,18.0,0.0018448293532848212,0.15265096908537562
20061,Geary,4403.0,445.0,0.0,0.0,0.0,0.0,0.0,0.0,0.0,0.0,0.0,0.0,0.18009372907833074
72131,San Sebastián,3230.0,514.0,456.0,0.0,115.0,37.0,0.0,9.0,0.1411764705882353,0.011455108359133126,419.0,0.12972136222910216,
72133,Santa Isabel,1057.0,101.0,516.0,0.0,46.0,0.0,0.0,0.0,0.4881740775780511,0.0,516.0,0.4881740775780511,
42123,Warren,5573.0,519.0,421.0,287.13454692186974,14.0,366.0,276.5814571692246,9.0,0.07554279562174772,0.06567378431724386,55.0,0.009869011304503864,0.39563165831590213
13095,Dougherty,25821.0,2091.0,1305.0,362.52275957794257,43.0,1108.0,311.9375499509049,12.0,0.05054025792959219,0.042910809031408544,197.0,0.0076294488981836495,-0.4128353342226175
72149,Villalba,426.0,61.0,18.0,0.0,3.0,0.0,0.0,0.0,0.04225352112676056,0.0,18.0,0.04225352112676056,
27083,Lyon,4781.0,444.0,201.0,122.34644693429172,8.0,172.0,115.3430541219287,4.0,0.04204141393014014,0.035975737293453255,29.0,0.006065676636686883,0.32450331125827814
19161,Sac,687.0,157.0,33.0,1.4663402766834661,10.0,0.0,0.0,0.0,0.048034934497816595,0.0,33.0,0.048034934497816595,0.5216181109667842
13049,Charlton,310.0,35.0,0.0,0.0,0.0,0.0,0.0,0.0,0.0,0.0,0.0,0.0,0.5635023840485479
42119,Union,7835.0,694.0,98.0,57.28451858280234,12.0,0.0,0.0,0.0,0.012507977026164645,0.0,98.0,0.012507977026164645,0.23608463591307663
13177,Lee,3366.0,334.0,61.0,31.867379956884676,8.0,0.0,0.0,0.0,0.018122400475341652,0.0,61.0,0.018122400475341652,0.43708834885305475
36099,Seneca,3370.0,345.0,117.0,60.60927970141573,12.0,0.0,0.0,0.0,0.034718100890207715,0.0,117.0,0.034718100890207715,0.11801988124624725
33001,Belknap,15689.0,1638.0,195.0,55.82230376248699,23.0,134.0,29.003455317356412,13.0,0.012429090445535088,0.008541015998470266,61.0,0.0038880744470648227,0.13162996470646718
08099,Prowers,1480.0,161.0,152.0,49.236684010137274,23.0,0.0,0.0,0.0,0.10270270270270271,0.0,152.0,0.10270270270270271,0.5150197628458498
45037,Edgefield,1108.0,177.0,131.0,85.80867033616886,6.0,0.0,0.0,0.0,0.11823104693140794,0.0,131.0,0.11823104693140794,0.3223765544324049
29055,Crawford,2053.0,433.0,91.0,21.785524467818238,8.0,0.0,0.0,0.0,0.04432537749634681,0.0,91.0,0.04432537749634681,0.6265699134803238
26001,Alcona,97.0,15.0,0.0,0.0,0.0,0.0,0.0,0.0,0.0,0.0,0.0,0.0,0.42138704880356903
13167,Johnson,162.0,19.0,0.0,0.0,0.0,0.0,0.0,0.0,0.0,0.0,0.0,0.0,0.46418698165368183
27093,Meeker,3586.0,406.0,619.0,169.29279640097758,23.0,0.0,0.0,0.0,0.17261572783045176,0.0,619.0,0.17261572783045176,0.43452071093924294
27099,Mower,4287.0,468.0,36.0,5.819635805470977,9.0,0.0,0.0,0.0,0.008397480755773267,0.0,36.0,0.008397480755773267,0.10666881616422161
21145,McCracken,28794.0,2445.0,103.0,18.091947292975846,8.0,70.0,6.433618640863392,3.0,0.003577134125164965,0.0024310620268111413,33.0,0.0011460720983538235,0.35377298668357643
26039,Crawford,724.0,75.0,0.0,0.0,0.0,0.0,0.0,0.0,0.0,0.0,0.0,0.0,0.34202032277346084
26045,Eaton,28817.0,1660.0,5761.0,3730.7815426931343,68.0,5108.0,3507.675563181515,25.0,0.19991671582746295,0.17725648054967555,653.0,0.022660235277787405,0.031890021509398674
08041,El Paso,238448.0,24407.0,6709.0,1417.9236428100526,309.0,1713.0,381.2359021995351,108.0,0.028136113534187747,0.007183956250419379,4996.0,0.02095215728376837,0.10076377081477883
72101,Morovis,432.0,78.0,14.0,0.0,5.0,14.0,0.0,5.0,0.032407407407407406,0.032407407407407406,0.0,0.0,
72105,Naranjito,1895.0,199.0,10.0,0.0,7.0,0.0,0.0,0.0,0.005277044854881266,0.0,10.0,0.005277044854881266,
19137,Montgomery,1365.0,155.0,0.0,0.0,0.0,0.0,0.0,0.0,0.0,0.0,0.0,0.0,0.3960752903484181
13043,Candler,396.0,55.0,0.0,0.0,0.0,0.0,0.0,0.0,0.0,0.0,0.0,0.0,0.4756685664182376
18069,Huntington,5600.0,635.0,197.0,122.41040865659798,9.0,197.0,122.41040865659798,9.0,0.03517857142857143,0.03517857142857143,0.0,0.0,0.49258876249569117
18073,Jasper,5221.0,537.0,186.0,79.52405841821731,24.0,0.0,0.0,0.0,0.0356253591266041,0.0,186.0,0.0356253591266041,0.5518592254832702
37087,Haywood,10759.0,1659.0,199.0,60.963544057299806,16.0,7.0,0.9913816587480081,4.0,0.018496142764197417,0.0006506180871828237,192.0,0.017845524677014595,0.25411461963223075
37155,Robeson,14171.0,1340.0,504.0,104.72088117568735,45.0,326.0,81.36551900206726,4.0,0.035565591701361934,0.023004727965563476,178.0,0.012560863735798459,0.27857681940700807
38105,Williams,18486.0,1645.0,61.0,36.39513525260752,10.0,36.0,16.698133719373004,4.0,0.0032997944390349455,0.0019474196689386564,25.0,0.0013523747700962892,0.6919537118494958
48139,Ellis,44040.0,3518.0,2478.0,591.0315263636857,121.0,1311.0,448.64139453357024,45.0,0.05626702997275204,0.029768392370572206,1167.0,0.026498637602179836,0.3159971724840396
48403,Sabine,319.0,64.0,0.0,0.0,0.0,0.0,0.0,0.0,0.0,0.0,0.0,0.0,0.797979797979798
48481,Wharton,7779.0,709.0,1523.0,288.1463683165116,115.0,21.0,1.555044304679885,3.0,0.19578351973261346,0.002699575780948708,1502.0,0.19308394395166475,0.5336959405677899
41001,Baker,1749.0,333.0,64.0,13.20033736241166,16.0,0.0,0.0,0.0,0.03659233847913093,0.0,64.0,0.03659233847913093,0.5016484100818888
41045,Malheur,5716.0,657.0,594.0,102.50124544178522,62.0,0.0,0.0,0.0,0.10391882435269419,0.0,594.0,0.10391882435269419,0.45554087219180667
42063,Indiana,17667.0,1468.0,729.0,309.5642619223782,37.0,237.0,98.22635937101002,13.0,0.041263372389200206,0.013414841229410767,492.0,0.02784853115978944,0.39411147165489596
45053,Jasper,5878.0,591.0,76.0,25.80673773580967,6.0,76.0,25.80673773580967,6.0,0.012929567880231372,0.012929567880231372,0.0,0.0,0.09731766792285525
18029,Dearborn,7873.0,850.0,819.0,179.59566315967305,23.0,105.0,19.566823949617543,13.0,0.10402641940810364,0.013336720436936365,714.0,0.09068969897116727,0.5924214064708354
18131,Pulaski,1050.0,139.0,9.0,5.64603864102131,3.0,0.0,0.0,0.0,0.008571428571428572,0.0,9.0,0.008571428571428572,0.5470629865534324
18139,Rush,1439.0,185.0,87.0,29.550987216861415,11.0,63.0,19.289818388704344,5.0,0.06045865184155664,0.04378040305767894,24.0,0.0166782487838777,0.5525577667957794
08047,Gilpin,157.0,67.0,0.0,0.0,0.0,0.0,0.0,0.0,0.0,0.0,0.0,0.0,-0.13181019332161686
08089,Otero,1554.0,222.0,60.0,30.958307256482446,13.0,0.0,0.0,0.0,0.03861003861003861,0.0,60.0,0.03861003861003861,0.27130354675264856
19047,Crawford,1678.0,210.0,31.0,1.3774711690056805,10.0,0.0,0.0,0.0,0.018474374255065554,0.0,31.0,0.018474374255065554,0.4392696889989169
72135,Toa Alta,1988.0,255.0,70.0,0.0,11.0,0.0,0.0,0.0,0.035211267605633804,0.0,70.0,0.035211267605633804,
40061,Haskell,557.0,85.0,44.0,8.523210079658686,8.0,0.0,0.0,0.0,0.07899461400359066,0.0,44.0,0.07899461400359066,0.7053754616331556
29137,Monroe,387.0,74.0,0.0,0.0,0.0,0.0,0.0,0.0,0.0,0.0,0.0,0.0,0.6044311100853912
31169,Thayer,690.0,112.0,79.0,1.263748285332821,24.0,0.0,0.0,0.0,0.1144927536231884,0.0,79.0,0.1144927536231884,0.6144578313253012
47161,Stewart,164.0,35.0,0.0,0.0,0.0,0.0,0.0,0.0,0.0,0.0,0.0,0.0,0.6457474423576118
17023,Clark,897.0,99.0,176.0,37.29189724511038,22.0,0.0,0.0,0.0,0.19620958751393533,0.0,176.0,0.19620958751393533,0.5216581854288197
19043,Clayton,1607.0,225.0,0.0,0.0,0.0,0.0,0.0,0.0,0.0,0.0,0.0,0.0,0.34922346850733393
19053,Decatur,276.0,35.0,0.0,0.0,0.0,0.0,0.0,0.0,0.0,0.0,0.0,0.0,0.4781897491821156
20171,Scott,355.0,70.0,0.0,0.0,0.0,0.0,0.0,0.0,0.0,0.0,0.0,0.0,0.7627929220468675
19133,Monona,575.0,76.0,52.0,2.3105967996224317,19.0,0.0,0.0,0.0,0.09043478260869565,0.0,52.0,0.09043478260869565,0.45872564046419967
26019,Benzie,1600.0,201.0,227.0,135.1386303474722,5.0,0.0,0.0,0.0,0.141875,0.0,227.0,0.141875,0.08796844181459566
26035,Clare,2434.0,326.0,185.0,47.143374512630416,7.0,0.0,0.0,0.0,0.07600657354149548,0.0,185.0,0.07600657354149548,0.381284834262247
20071,Greeley,7.0,3.0,0.0,0.0,0.0,0.0,0.0,0.0,0.0,0.0,0.0,0.0,0.7435897435897436
20123,Mitchell,521.0,65.0,0.0,0.0,0.0,0.0,0.0,0.0,0.0,0.0,0.0,0.0,0.6632653061224489
42065,Jefferson,7494.0,805.0,1640.0,856.7486002486221,61.0,925.0,577.6074355584053,22.0,0.21884174005871362,0.12343207899653055,715.0,0.09540966106218307,0.5896608839682678
44003,Kent,52569.0,5576.0,2022.0,361.0384826495436,107.0,897.0,136.32902092420667,37.0,0.03846373337898762,0.017063288249728928,1125.0,0.02140044512925869,-0.01919709235090038
17061,Greene,556.0,76.0,0.0,0.0,0.0,0.0,0.0,0.0,0.0,0.0,0.0,0.0,0.5891564236403435
18105,Monroe,35896.0,3012.0,1280.0,401.98520609703024,49.0,155.0,44.16221173935372,13.0,0.03565856919991085,0.004318029864051705,1125.0,0.03134053933585915,-0.27842382809145094
18117,Orange,1659.0,144.0,64.0,27.363116875085527,4.0,0.0,0.0,0.0,0.038577456298975285,0.0,64.0,0.038577456298975285,0.5297457125960969
18137,Ripley,4632.0,488.0,209.0,58.245943233892234,21.0,86.0,21.081569864648014,8.0,0.04512089810017271,0.018566493955094993,123.0,0.026554404145077717,0.6224662162162162
05083,Logan,940.0,190.0,10.0,1.4667857357728133,3.0,0.0,0.0,0.0,0.010638297872340425,0.0,10.0,0.010638297872340425,0.635412775494957
40081,Lincoln,1976.0,272.0,0.0,0.0,0.0,0.0,0.0,0.0,0.0,0.0,0.0,0.0,0.6433221542710594
19071,Fremont,265.0,53.0,0.0,0.0,0.0,0.0,0.0,0.0,0.0,0.0,0.0,0.0,0.45206213176218535
19023,Butler,521.0,137.0,26.0,2.7199821249717284,5.0,26.0,2.7199821249717284,5.0,0.04990403071017274,0.04990403071017274,0.0,0.0,0.4591321897073663
19029,Cass,1388.0,218.0,0.0,0.0,0.0,0.0,0.0,0.0,0.0,0.0,0.0,0.0,0.41360813099943533
08103,Rio Blanco,225.0,44.0,0.0,0.0,0.0,0.0,0.0,0.0,0.0,0.0,0.0,0.0,0.648551724137931
08109,Saguache,352.0,65.0,218.0,66.63669739742144,27.0,0.0,0.0,0.0,0.6193181818181818,0.0,218.0,0.6193181818181818,-0.03870771106370009
05031,Craighead,32327.0,2606.0,1156.0,404.7751547536225,87.0,213.0,76.23730040402366,12.0,0.0357595817737495,0.006588919479073221,943.0,0.02917066229467628,0.38342225400143004
26009,Antrim,1867.0,281.0,444.0,199.13695454318844,24.0,0.0,0.0,0.0,0.2378146759507231,0.0,444.0,0.2378146759507231,0.24059744466438726
27117,Pipestone,1539.0,130.0,43.0,12.839642449507474,3.0,43.0,12.839642449507474,3.0,0.02794022092267706,0.02794022092267706,0.0,0.0,0.48863636363636365
27121,Pope,1574.0,136.0,695.0,132.37167529458327,23.0,0.0,0.0,0.0,0.4415501905972046,0.0,695.0,0.4415501905972046,0.3221201413427562
27041,Douglas,11344.0,995.0,1825.0,318.9331482397235,37.0,468.0,97.43857148635283,23.0,0.16087799717912554,0.041255289139633285,1357.0,0.11962270803949226,0.35630879013947453
19115,Louisa,417.0,69.0,0.0,0.0,0.0,0.0,0.0,0.0,0.0,0.0,0.0,0.0,0.4154818325434439
19125,Marion,5442.0,652.0,91.0,47.582004585054044,9.0,29.0,3.03382621631462,4.0,0.016721793458287393,0.005328923190003675,62.0,0.011392870268283718,0.383046261122964
13187,Lumpkin,3102.0,414.0,97.0,11.482657538003677,8.0,0.0,0.0,0.0,0.03127014829142489,0.0,97.0,0.03127014829142489,0.6206838089855892
17009,Brown,151.0,18.0,0.0,0.0,0.0,0.0,0.0,0.0,0.0,0.0,0.0,0.0,0.6116424116424116
08119,Teller,3387.0,718.0,0.0,0.0,0.0,0.0,0.0,0.0,0.0,0.0,0.0,0.0,0.3637334338295333
12001,Alachua,85371.0,7579.0,4268.0,850.320039275537,209.0,631.0,41.47515052124584,40.0,0.04999355753124597,0.007391268697801361,3637.0,0.04260228883344461,-0.21290245842532915
09015,Windham,,,,,,,,,,,,,
12027,DeSoto,4316.0,494.0,801.0,204.47281942751937,54.0,53.0,0.9286745354407617,3.0,0.1855885078776645,0.012279888785912883,748.0,0.17330861909175163,0.43204704745025374
05123,St. Francis,2638.0,341.0,96.0,0.48434997490484455,22.0,0.0,0.0,0.0,0.03639120545868082,0.0,96.0,0.03639120545868082,-0.007505970658478335
26011,Arenac,929.0,122.0,188.0,63.80959760422007,11.0,0.0,0.0,0.0,0.2023681377825619,0.0,188.0,0.2023681377825619,0.41112708771153633
18043,Floyd,19530.0,1733.0,1187.0,478.7832476442913,51.0,601.0,203.76229399606126,32.0,0.06077828981054788,0.0307731694828469,586.0,0.030005120327700977,0.15786609947320257
21215,Spencer,610.0,211.0,0.0,0.0,0.0,0.0,0.0,0.0,0.0,0.0,0.0,0.0,0.5741491800387939
21221,Trigg,538.0,99.0,0.0,0.0,0.0,0.0,0.0,0.0,0.0,0.0,0.0,0.0,0.530620864423483
22059,LaSalle,1470.0,204.0,0.0,0.0,0.0,0.0,0.0,0.0,0.0,0.0,0.0,0.0,0.8376823505239367
22073,Ouachita,51839.0,4836.0,897.0,92.52071838137823,67.0,578.0,23.866640231188843,36.0,0.017303574528829645,0.011149906441096471,319.0,0.006153668087733174,0.30177575249810984
22083,Richland,2022.0,246.0,39.0,0.0012208723184435578,10.0,0.0,0.0,0.0,0.019287833827893175,0.0,39.0,0.019287833827893175,0.42974203338391503
22087,St. Bernard,4751.0,620.0,114.0,4.120064458611109,7.0,114.0,4.120064458611109,7.0,0.023994948431909073,0.023994948431909073,0.0,0.0,0.3061256834931453
40071,Kay,8374.0,742.0,820.0,332.6904954665713,30.0,418.0,280.83537549266543,19.0,0.0979221399570098,0.04991640792930499,402.0,0.048005732027704806,0.5022564534568867
09003,Hartford,,,,,,,,,,,,,
05141,Van Buren,581.0,108.0,0.0,0.0,0.0,0.0,0.0,0.0,0.0,0.0,0.0,0.0,0.614745308310992
26117,Montcalm,6994.0,733.0,1282.0,452.48025156316226,52.0,159.0,34.94752034955637,6.0,0.18329997140406062,0.022733771804403776,1123.0,0.16056619959965684,0.3956985486973247
26121,Muskegon,37969.0,2506.0,9003.0,3545.841806063891,199.0,5687.0,2212.704789594331,87.0,0.23711448813505756,0.14978008375253496,3316.0,0.0873344043825226,0.01818453301479293
49055,Wayne,90.0,13.0,0.0,0.0,0.0,0.0,0.0,0.0,0.0,0.0,0.0,0.0,0.5293390982087709
42081,Lycoming,30293.0,2497.0,1668.0,765.2721504443273,69.0,1001.0,427.0993060167071,34.0,0.055062225596672495,0.033043937543326844,667.0,0.02201828805334565,0.4181523226929381
19061,Dubuque,38993.0,3119.0,3539.0,1535.698075468695,95.0,1482.0,765.7955030854844,30.0,0.09075987997845768,0.03800682173723489,2057.0,0.05275305824122279,0.195818195299177
19067,Floyd,1393.0,213.0,29.0,1.2886020613278946,12.0,0.0,0.0,0.0,0.0208183776022972,0.0,29.0,0.0208183776022972,0.26069625298963595
19139,Muscatine,9219.0,867.0,346.0,107.97502164384257,38.0,53.0,5.544578947057754,8.0,0.03753118559496692,0.005748996637379326,293.0,0.031782188957587595,0.15182813468291675
19143,Osceola,479.0,101.0,57.0,2.6886163255567355,17.0,0.0,0.0,0.0,0.11899791231732777,0.0,57.0,0.11899791231732777,0.6507237256135935
19153,Polk,253557.0,18982.0,11319.0,4490.093957195425,289.0,1796.0,1010.5121636012016,68.0,0.044640849986393595,0.007083219946599779,9523.0,0.037557630039793816,-0.11031845114242118
19157,Poweshiek,2512.0,285.0,189.0,93.50456078367924,3.0,0.0,0.0,0.0,0.07523885350318471,0.0,189.0,0.07523885350318471,0.1721119592875318
26101,Manistee,2217.0,286.0,0.0,0.0,0.0,0.0,0.0,0.0,0.0,0.0,0.0,0.0,0.16198445905558875
19005,Allamakee,1625.0,191.0,329.0,164.46482546407097,10.0,41.0,27.42374960650934,3.0,0.20246153846153847,0.02523076923076923,288.0,0.17723076923076925,0.34785625086721245
19013,Black Hawk,45387.0,3349.0,3759.0,1025.9327922552125,114.0,1512.0,368.62723934988736,38.0,0.08282107211316016,0.03331350386674598,2247.0,0.049507568246414176,-0.011750254561911073
19019,Buchanan,2567.0,338.0,26.0,2.538815858673032,7.0,0.0,0.0,0.0,0.01012855473315154,0.0,26.0,0.01012855473315154,0.2864721485411141
20139,Osage,590.0,105.0,0.0,0.0,0.0,0.0,0.0,0.0,0.0,0.0,0.0,0.0,0.4933611038791981
42069,Lackawanna,76796.0,5011.0,3115.0,1781.6875647791603,85.0,997.0,540.0437617990002,33.0,0.04056200843793947,0.012982447002448045,2118.0,0.02757956143549143,-0.028064022941842084
72087,Loíza,131.0,24.0,0.0,0.0,0.0,0.0,0.0,0.0,0.0,0.0,0.0,0.0,
40115,Ottawa,3204.0,348.0,562.0,148.53238778482796,21.0,14.0,10.308630054077332,4.0,0.17540574282147317,0.004369538077403246,548.0,0.17103620474406991,0.5434960458140169
27045,Fillmore,2484.0,471.0,98.0,15.451862497215657,10.0,82.0,12.865357694784112,5.0,0.039452495974235106,0.033011272141706925,16.0,0.006441223832528181,0.2594607964382884
27123,Ramsey,252196.0,14232.0,20022.0,3841.6537188305797,439.0,2980.0,969.1663501569574,155.0,0.07939063268251677,0.01181620644260813,17042.0,0.06757442623990864,-0.4432727434073329
13099,Early,287.0,56.0,53.0,4.574988604830401,14.0,0.0,0.0,0.0,0.18466898954703834,0.0,53.0,0.18466898954703834,0.11484823625922888
16053,Jerome,7251.0,545.0,1839.0,709.7930449365557,41.0,0.0,0.0,0.0,0.25362019031857674,0.0,1839.0,0.25362019031857674,0.5506835181841631
54061,Monongalia,44210.0,3879.0,330.0,164.93494184229058,28.0,114.0,63.6202915656217,7.0,0.007464374575887808,0.0025786021262157884,216.0,0.00488577244967202,0.04508166249473345
42007,Beaver,31473.0,3120.0,1303.0,484.58949913387204,70.0,1077.0,346.2679765549158,46.0,0.04140056556413434,0.0342198074540082,226.0,0.00718075811012614,0.20887348058660257
48353,Nolan,1423.0,165.0,48.0,0.6900184213379128,16.0,0.0,0.0,0.0,0.03373155305692199,0.0,48.0,0.03373155305692199,0.6006270348486675
48357,Ochiltree,1450.0,155.0,0.0,0.0,0.0,0.0,0.0,0.0,0.0,0.0,0.0,0.0,0.8279610909784475
48367,Parker,31968.0,3422.0,1910.0,444.1454303698942,144.0,525.0,133.95593762857442,43.0,0.05974724724724725,0.016422672672672674,1385.0,0.04332457457457457,0.6712929853695196
54069,Ohio,14060.0,1366.0,115.0,68.68395171810872,13.0,67.0,28.87566820143447,4.0,0.008179231863442389,0.00476529160739687,48.0,0.003413940256045519,0.2656113537117904
28037,Franklin,136.0,22.0,0.0,0.0,0.0,0.0,0.0,0.0,0.0,0.0,0.0,0.0,0.4000989119683482
28041,Greene,262.0,32.0,0.0,0.0,0.0,0.0,0.0,0.0,0.0,0.0,0.0,0.0,0.7023703439672073
48221,Hood,11976.0,1393.0,230.0,21.300900131955,17.0,54.0,3.9986853548911325,4.0,0.019205076820307282,0.0045090180360721445,176.0,0.014696058784235137,0.6658528498658709
48227,Howard,5023.0,449.0,0.0,0.0,0.0,0.0,0.0,0.0,0.0,0.0,0.0,0.0,0.6416574649851805
38087,Slope,,,,,,,,,,,,,
13089,DeKalb,225031.0,21647.0,8444.0,2022.259772727629,411.0,2058.0,569.4119883058618,96.0,0.03752371895427741,0.009145406632863916,6386.0,0.028378312321413496,-0.6542627783973587
12061,Indian River,41217.0,5305.0,744.0,129.75728563982673,71.0,282.0,20.35291357937875,32.0,0.018050804279787468,0.0068418371060484755,462.0,0.011208967173738992,0.27525891595776036
72153,Yauco,1960.0,257.0,148.0,0.0,40.0,0.0,0.0,0.0,0.07551020408163266,0.0,148.0,0.07551020408163266,
13285,Troup,20506.0,1203.0,4053.0,421.50350505314435,29.0,107.0,6.82529881962371,9.0,0.19764946844825904,0.005217984980005852,3946.0,0.19243148346825317,0.24511220263892902
17085,Jo Daviess,3020.0,376.0,58.0,1.9239888261736207,8.0,0.0,0.0,0.0,0.019205298013245033,0.0,58.0,0.019205298013245033,0.17108394190530893
17089,Kane,168208.0,12285.0,24069.0,6348.738184984688,688.0,6282.0,1362.7945490468164,244.0,0.14309069723199846,0.037346618472367546,17787.0,0.10574407875963092,-0.09490874772610185
45039,Fairfield,952.0,114.0,0.0,0.0,0.0,0.0,0.0,0.0,0.0,0.0,0.0,0.0,-0.1341584605655434
13115,Floyd,23929.0,1843.0,362.0,18.57931948964758,14.0,56.0,3.5721190084011942,5.0,0.01512808725813866,0.00234025659241924,306.0,0.01278783066571942,0.4218416380104736
42021,Cambria,31866.0,2662.0,1404.0,744.1656495667573,61.0,662.0,283.66299387487044,20.0,0.044059499152701936,0.020774493190234104,742.0,0.023285005962467832,0.39995749805199404
18141,St. Joseph,94254.0,6238.0,7980.0,3063.201153991335,264.0,2799.0,1481.3459378165676,84.0,0.08466484181042715,0.029696352409446816,5181.0,0.05496848940098033,-0.014981617647058824
18149,Starke,715.0,83.0,31.0,13.254009736369552,9.0,0.0,0.0,0.0,0.043356643356643354,0.0,31.0,0.043356643356643354,0.528135593220339
13125,Glascock,5.0,4.0,0.0,0.0,0.0,0.0,0.0,0.0,0.0,0.0,0.0,0.0,0.8404319136172765
13255,Spalding,12199.0,995.0,354.0,123.80441086660483,16.0,272.0,79.15402175077078,5.0,0.029018772030494303,0.022296909582752683,82.0,0.00672186244774162,0.16751361713781457
13259,Stewart,,,,,,,,,,,,,
08081,Moffat,1374.0,205.0,0.0,0.0,0.0,0.0,0.0,0.0,0.0,0.0,0.0,0.0,0.6422988505747127
72057,Guayama,2827.0,274.0,0.0,0.0,0.0,0.0,0.0,0.0,0.0,0.0,0.0,0.0,
27001,Aitkin,1089.0,216.0,7.0,1.690474127122106,3.0,0.0,0.0,0.0,0.006427915518824609,0.0,7.0,0.006427915518824609,0.3133950316609839
42037,Columbia,13554.0,1104.0,762.0,281.90365546998584,40.0,266.0,77.4675982544661,7.0,0.056219566179725546,0.019625202892135162,496.0,0.03659436328759039,0.31317200136336876
17069,Hardin,,,,,,,,,,,,,
17151,Pope,,,,,,,,,,,,,
26077,Kalamazoo,86684.0,5598.0,8622.0,3125.0745407079075,246.0,2033.0,493.9877107060278,40.0,0.09946472244012736,0.02345300170735084,6589.0,0.07601172073277651,-0.18041237113402062
42107,Schuylkill,34281.0,2411.0,5342.0,2091.4888979797993,119.0,1939.0,771.5570104007386,53.0,0.15582975992532305,0.05656194393395759,3403.0,0.09926781599136547,0.42431802831268006
17071,Henderson,233.0,26.0,0.0,0.0,0.0,0.0,0.0,0.0,0.0,0.0,0.0,0.0,0.39558173784977907
72079,Lajas,1105.0,150.0,125.0,0.0,29.0,0.0,0.0,0.0,0.11312217194570136,0.0,125.0,0.11312217194570136,
72081,Lares,1239.0,209.0,634.0,0.0,114.0,4.0,0.0,4.0,0.5117029862792575,0.003228410008071025,630.0,0.5084745762711864,
30037,Golden Valley,12.0,6.0,0.0,0.0,0.0,0.0,0.0,0.0,0.0,0.0,0.0,0.0,0.7357001972386588
30051,Liberty,,,,,,,,,,,,,
27005,Becker,7052.0,719.0,179.0,28.37461307127667,21.0,118.0,18.513563512006403,4.0,0.025382870107770846,0.016732841747022123,61.0,0.008650028360748723,0.33646112600536193
38023,Divide,44.0,11.0,0.0,0.0,0.0,0.0,0.0,0.0,0.0,0.0,0.0,0.0,0.5664095972579263
72103,Naguabo,598.0,59.0,10.0,0.0,4.0,0.0,0.0,0.0,0.016722408026755852,0.0,10.0,0.016722408026755852,
51173,Smyth,2354.0,194.0,1186.0,255.86427500766067,14.0,471.0,23.90343694913004,10.0,0.5038232795242141,0.20008496176720475,715.0,0.3037383177570094,0.6084042998743543
01077,Lauderdale,19924.0,2175.0,652.0,128.73153774927124,36.0,143.0,6.120513893825027,12.0,0.03272435253965067,0.007177273639831359,509.0,0.02554707889981931,0.5201003857415067
01083,Limestone,15466.0,1610.0,3488.0,433.98398511947073,50.0,210.0,39.20616329605032,15.0,0.22552696236906764,0.013578171472908315,3278.0,0.2119487908961593,0.4441945566821682
13067,Cobb,318040.0,24736.0,10527.0,2385.082209479016,592.0,2275.0,520.3252051541883,150.0,0.03309961011193561,0.007153188278203999,8252.0,0.02594642183373161,-0.15040936025969381
13081,Crisp,2669.0,239.0,273.0,10.041091352496691,4.0,0.0,0.0,0.0,0.10228550018733608,0.0,273.0,0.10228550018733608,0.26025704399406824
37097,Iredell,61842.0,6934.0,4676.0,1312.9374956684658,173.0,1124.0,334.5946661771495,70.0,0.07561204359496781,0.018175350085702275,3552.0,0.05743669350926554,0.32921307285010043
37169,Stokes,3757.0,553.0,117.0,33.94547252990172,8.0,49.0,6.939671611236057,4.0,0.031141868512110725,0.01304232100079851,68.0,0.018099547511312215,0.6004159239453357
51510,Alexandria,56418.0,5671.0,661.0,264.34299769123976,32.0,40.0,4.71435559493614,6.0,0.01171611896912333,0.0007089935836080683,621.0,0.011007125385515262,-0.5891787143986333
51013,Arlington,131379.0,8646.0,538.0,103.38106412630701,46.0,0.0,0.0,0.0,0.004095022796641777,0.0,538.0,0.004095022796641777,-0.5985803977114483
13165,Jenkins,68.0,11.0,0.0,0.0,0.0,0.0,0.0,0.0,0.0,0.0,0.0,0.0,0.30565371024734983
26073,Isabella,10472.0,955.0,135.0,33.67321485391417,12.0,58.0,12.748152077196664,4.0,0.012891520244461422,0.005538579067990833,77.0,0.007352941176470589,0.07612673502357324
18005,Bartholomew,23254.0,1675.0,1908.0,521.349866968975,47.0,966.0,236.79995917732538,23.0,0.08205039993119463,0.041541240216736906,942.0,0.040509159714457725,0.27903295438192544
18015,Carroll,1460.0,194.0,8.0,1.364182117991671,3.0,0.0,0.0,0.0,0.005479452054794521,0.0,8.0,0.005479452054794521,0.5300376856572822
72137,Toa Baja,8193.0,539.0,1381.0,0.0,19.0,42.0,0.0,3.0,0.16855852557060905,0.005126327352618088,1339.0,0.16343219821799096,
16071,Oneida,198.0,39.0,0.0,0.0,0.0,0.0,0.0,0.0,0.0,0.0,0.0,0.0,0.7866779089376054
17167,Sangamon,59845.0,4275.0,1062.0,341.4411960245442,111.0,230.0,81.36394769892686,11.0,0.017745843428857884,0.0038432617595454926,832.0,0.013902581669312391,0.050539396000123644
18163,Vanderburgh,81063.0,4637.0,2305.0,907.9641784518951,111.0,562.0,285.7827222809806,34.0,0.028434674265694584,0.006932879365431825,1743.0,0.021501794900262758,0.12817553549592625
18165,Vermillion,813.0,80.0,19.0,8.123425322291016,6.0,0.0,0.0,0.0,0.023370233702337023,0.0,19.0,0.023370233702337023,0.4570543508870741
18169,Wabash,4050.0,416.0,64.0,15.68861013183108,6.0,64.0,15.68861013183108,6.0,0.01580246913580247,0.01580246913580247,0.0,0.0,0.5152616279069767
54055,Mercer,9915.0,1160.0,270.0,164.6598250870307,12.0,270.0,164.6598250870307,12.0,0.02723146747352496,0.02723146747352496,0.0,0.0,0.5822245187960212
13299,Ware,6388.0,603.0,115.0,40.3622407233207,14.0,0.0,0.0,0.0,0.01800250469630557,0.0,115.0,0.01800250469630557,0.4329128040705374
26093,Livingston,49422.0,4408.0,5996.0,1873.7875525156699,145.0,952.0,171.29843468411752,42.0,0.12132248796082716,0.019262676540811784,5044.0,0.10205981142001538,0.24261015911872705
17203,Woodford,4711.0,477.0,559.0,111.27808528559467,42.0,400.0,68.13139155842293,9.0,0.11865845892591806,0.08490766291657822,159.0,0.033750796009339834,0.4269776388554941
08085,Montrose,10979.0,1345.0,624.0,178.28417471644622,47.0,282.0,50.460827358192134,16.0,0.05683577739320521,0.025685399398852355,342.0,0.031150377994352853,0.3332269135605396
12021,Collier,150691.0,17841.0,6231.0,1400.1175482715719,320.0,327.0,23.18375778696747,74.0,0.041349516560378524,0.002170003517131083,5904.0,0.03917951304324744,0.3327968667872941
12051,Hendry,5785.0,683.0,929.0,449.7712597787927,52.0,34.0,1.6557989782449567,3.0,0.1605877268798617,0.005877268798617113,895.0,0.1547104580812446,0.38632107273953104
17147,Piatt,1059.0,146.0,0.0,0.0,0.0,0.0,0.0,0.0,0.0,0.0,0.0,0.0,0.3115599484314568
48097,Cooke,8857.0,716.0,850.0,161.85550553818655,35.0,312.0,30.336466494405663,16.0,0.09596928982725528,0.03522637461894547,538.0,0.06074291520830981,0.6718475157876524
48113,Dallas,1624934.0,81474.0,92286.0,13588.985794536926,2404.0,22757.0,4660.000410359864,730.0,0.05679369131300102,0.014004876505753465,69529.0,0.042788814807247555,-0.23230729039017284
13307,Webster,2.0,2.0,0.0,0.0,0.0,0.0,0.0,0.0,0.0,0.0,0.0,0.0,0.18440779610194902
17141,Ogle,5181.0,609.0,279.0,61.916491944855345,34.0,33.0,4.782779138489043,5.0,0.05385060799073538,0.006369426751592357,246.0,0.04748118123914302,0.2987012987012987
17157,Randolph,2652.0,267.0,24.0,3.4783848279920315,3.0,24.0,3.4783848279920315,3.0,0.00904977375565611,0.00904977375565611,0.0,0.0,0.5085552005679801
47109,McNairy,1207.0,199.0,22.0,6.407780128471854,5.0,0.0,0.0,0.0,0.018227009113504555,0.0,22.0,0.018227009113504555,0.6906126836259405
47113,Madison,35345.0,2422.0,1781.0,569.7749985281388,41.0,786.0,310.8022405542236,19.0,0.05038902249257321,0.02223794030273023,995.0,0.02815108218984298,0.1840506329113924
48445,Terry,1028.0,166.0,311.0,10.425722859553355,81.0,0.0,0.0,0.0,0.3025291828793774,0.0,311.0,0.3025291828793774,0.6678966789667896
48483,Wheeler,475.0,40.0,0.0,0.0,0.0,0.0,0.0,0.0,0.0,0.0,0.0,0.0,0.8623921085080148
53039,Klickitat,2323.0,398.0,529.0,177.44211953829125,24.0,0.0,0.0,0.0,0.22772277227722773,0.0,529.0,0.22772277227722773,0.0962962962962963
54035,Jackson,2182.0,310.0,0.0,0.0,0.0,0.0,0.0,0.0,0.0,0.0,0.0,0.0,0.5717912105346661
48127,Dimmit,1623.0,62.0,0.0,0.0,0.0,0.0,0.0,0.0,0.0,0.0,0.0,0.0,-0.050505050505050504
27133,Rock,581.0,97.0,0.0,0.0,0.0,0.0,0.0,0.0,0.0,0.0,0.0,0.0,0.3990521327014218
54101,Webster,125.0,61.0,0.0,0.0,0.0,0.0,0.0,0.0,0.0,0.0,0.0,0.0,0.6760229962800135
55005,Barron,11138.0,1134.0,1015.0,642.4526813979176,31.0,780.0,495.9170749172821,18.0,0.09112946669060873,0.07003052612677321,235.0,0.021098940563835517,0.30330774925000975
17165,Saline,3340.0,201.0,0.0,0.0,0.0,0.0,0.0,0.0,0.0,0.0,0.0,0.0,0.49655963302752293
72121,Sabana Grande,813.0,102.0,81.0,0.0,8.0,0.0,0.0,0.0,0.0996309963099631,0.0,81.0,0.0996309963099631,
18001,Adams,4460.0,486.0,587.0,264.80291093906663,29.0,268.0,123.01467525349885,8.0,0.13161434977578476,0.060089686098654706,319.0,0.07152466367713006,0.5361494127088349
01125,Tuscaloosa,55367.0,4898.0,3281.0,529.5572995503454,89.0,680.0,196.36610065188998,32.0,0.05925912547185146,0.012281684035616884,2601.0,0.04697744143623458,0.20594843265218787
04017,Navajo,13006.0,1453.0,65.0,25.733620561586893,8.0,65.0,25.733620561586893,8.0,0.004997693372289712,0.004997693372289712,0.0,0.0,0.17370705100131384
56019,Johnson,1343.0,263.0,0.0,0.0,0.0,0.0,0.0,0.0,0.0,0.0,0.0,0.0,0.6458289776291031
72001,Adjuntas,389.0,112.0,199.0,0.0,70.0,0.0,0.0,0.0,0.5115681233933161,0.0,199.0,0.5115681233933161,
55089,Ozaukee,29636.0,2957.0,3683.0,939.0245254437295,127.0,1735.0,354.40869780110006,49.0,0.1242745309758402,0.058543663112430824,1948.0,0.06573086786340937,0.10628747314758408
39001,Adams,2892.0,353.0,192.0,80.73996825932805,16.0,143.0,66.83849581576143,13.0,0.06639004149377593,0.04944674965421853,49.0,0.016943291839557402,0.6607099539095981
28091,Marion,2993.0,263.0,27.0,1.0930626791417324,3.0,0.0,0.0,0.0,0.009021049114600735,0.0,27.0,0.009021049114600735,0.4201460907205339
51045,Craig,6.0,6.0,0.0,0.0,0.0,0.0,0.0,0.0,0.0,0.0,0.0,0.0,0.6507731958762887
51580,Covington,559.0,92.0,0.0,0.0,0.0,0.0,0.0,0.0,0.0,0.0,0.0,0.0,0.33495934959349594
51600,Fairfax,16068.0,1348.0,0.0,0.0,0.0,0.0,0.0,0.0,0.0,0.0,0.0,0.0,-0.3431559661042828
17081,Jefferson,8432.0,545.0,56.0,9.70559566663584,5.0,56.0,9.70559566663584,5.0,0.006641366223908918,0.006641366223908918,0.0,0.0,0.48383955201168666
13035,Butts,2645.0,226.0,0.0,0.0,0.0,0.0,0.0,0.0,0.0,0.0,0.0,0.0,0.45342381246144353
27019,Carver,24577.0,2292.0,2413.0,550.1015535127007,63.0,322.0,22.204256202308848,18.0,0.09818122634983928,0.013101680432925093,2091.0,0.08507954591691419,0.05510340226817879
27029,Clearwater,549.0,41.0,19.0,3.0714744528874602,4.0,0.0,0.0,0.0,0.03460837887067395,0.0,19.0,0.03460837887067395,0.5071669477234402
39169,Wayne,30053.0,2418.0,7209.0,3783.4746833554946,269.0,3080.0,1426.5582306777483,90.0,0.2398762186803314,0.10248560875786111,4129.0,0.1373906099224703,0.3962249819604269
42001,Adams,20684.0,1806.0,4027.0,2464.13246928106,99.0,1307.0,814.7326987885272,19.0,0.19469154902339972,0.06318893830980468,2720.0,0.13150261071359504,0.3395906140788817
28095,Monroe,3146.0,339.0,55.0,11.853543997350407,8.0,34.0,3.8569413375954023,5.0,0.017482517482517484,0.01080737444373808,21.0,0.006675143038779403,0.36179549871481415
47133,Overton,1074.0,143.0,19.0,0.8040697858264415,6.0,19.0,0.8040697858264415,6.0,0.017690875232774673,0.017690875232774673,0.0,0.0,0.6480452018591087
49041,Sevier,4616.0,494.0,105.0,1.4818974895553116,4.0,0.0,0.0,0.0,0.02274696707105719,0.0,105.0,0.02274696707105719,0.770302917673295
26043,Dickinson,4769.0,513.0,81.0,29.23241012864237,12.0,16.0,3.020778669566398,4.0,0.016984692807716504,0.003355001048437828,65.0,0.013629691759278676,0.3685954795519321
26057,Gratiot,5313.0,509.0,700.0,196.82557667405524,45.0,33.0,7.253258940473963,4.0,0.13175230566534915,0.006211180124223602,667.0,0.12554112554112554,0.3173273395995096
26067,Ionia,6959.0,767.0,1202.0,475.72029491960734,44.0,68.0,35.57919282277487,12.0,0.1727259663744791,0.00977151889639316,1134.0,0.16295444747808593,0.32344780260763195
36069,Ontario,35260.0,2772.0,2043.0,475.9820098850221,129.0,1155.0,148.99224279128754,34.0,0.05794100964265456,0.03275666477595009,888.0,0.025184344866704476,0.011733985035402822
28105,Oktibbeha,8706.0,753.0,12.0,2.000202133541029,3.0,0.0,0.0,0.0,0.0013783597518952446,0.0,12.0,0.0013783597518952446,0.0028165840468679587
31039,Cuming,1424.0,195.0,47.0,0.7518502457043366,13.0,0.0,0.0,0.0,0.03300561797752809,0.0,47.0,0.03300561797752809,0.6061776061776062
13193,Macon,781.0,79.0,127.0,4.613428560308394,15.0,94.0,0.860990847876058,7.0,0.16261203585147246,0.1203585147247119,33.0,0.04225352112676056,-0.17961892528366516
16001,Ada,250357.0,25963.0,8618.0,3642.3599791674364,766.0,3346.0,1145.925684684053,249.0,0.03442284417851308,0.01336491490152063,5272.0,0.021057929276992453,0.10637037037037037
26087,Lapeer,12585.0,1334.0,2449.0,708.9924252095695,84.0,592.0,127.84122179387305,23.0,0.19459674215335718,0.04704012713547875,1857.0,0.14755661501787842,0.4030254311604794
26091,Lenawee,12983.0,1436.0,1963.0,619.6815117647074,82.0,377.0,77.47478833159084,18.0,0.15119772009550952,0.029037972733574675,1586.0,0.12215974736193486,0.2336589861751152
21127,Lawrence,557.0,73.0,0.0,0.0,0.0,0.0,0.0,0.0,0.0,0.0,0.0,0.0,0.6791641057160418
13293,Upson,1404.0,226.0,0.0,0.0,0.0,0.0,0.0,0.0,0.0,0.0,0.0,0.0,0.3985028621752532
17133,Monroe,4170.0,511.0,27.0,0.1913083448205634,11.0,0.0,0.0,0.0,0.006474820143884892,0.0,27.0,0.006474820143884892,0.36934918160561186
47043,Dickson,9467.0,933.0,536.0,183.63126910713055,20.0,359.0,153.58454474404382,12.0,0.056617724728002534,0.03792119995774797,177.0,0.018696524770254568,0.5253461770018062
54097,Upshur,3006.0,487.0,0.0,0.0,0.0,0.0,0.0,0.0,0.0,0.0,0.0,0.0,0.5793503000206911
45023,Chester,2532.0,325.0,77.0,24.496168599252584,8.0,59.0,20.0341779791154,5.0,0.030410742496050552,0.02330173775671406,18.0,0.007109004739336493,0.17402327244360657
50007,Chittenden,72115.0,9019.0,3474.0,1309.871821686058,198.0,686.0,302.1141633185023,34.0,0.048173056922970255,0.009512584067115025,2788.0,0.03866047285585523,-0.5525947453335185
31113,Logan,,,,,,,,,,,,,
42009,Bedford,8375.0,847.0,1243.0,618.0452054347464,39.0,112.0,30.40832505819268,11.0,0.1484179104477612,0.013373134328358209,1131.0,0.135044776119403,0.690219332714153
18079,Jennings,1667.0,154.0,180.0,49.67597980264723,5.0,0.0,0.0,0.0,0.10797840431913618,0.0,180.0,0.10797840431913618,0.5986552883372123
17181,Union,1339.0,115.0,138.0,52.19378629472494,11.0,0.0,0.0,0.0,0.10306198655713218,0.0,138.0,0.10306198655713218,0.43733070672248214
17191,Wayne,951.0,146.0,64.0,0.4534716321672614,15.0,0.0,0.0,0.0,0.06729758149316509,0.0,64.0,0.06729758149316509,0.7173966234401762
17195,Whiteside,7791.0,721.0,585.0,180.66769282487246,48.0,262.0,106.5513641434028,12.0,0.07508663842895649,0.033628545757925815,323.0,0.04145809267103068,0.14998070243149364
42053,Forest,21.0,6.0,0.0,0.0,0.0,0.0,0.0,0.0,0.0,0.0,0.0,0.0,0.4485910129474486
48149,Fayette,4937.0,510.0,203.0,20.916007023257507,26.0,28.0,10.511835368595111,4.0,0.041118087907636214,0.005671460401053271,175.0,0.035446627506582944,0.6210507553139343
48155,Foard,,,,,,,,,,,,,
48183,Gregg,57639.0,3691.0,4103.0,947.1982395995531,131.0,1448.0,323.46820603774336,55.0,0.07118444109023404,0.025121879283124274,2655.0,0.04606256180710977,0.43795083523158695
50011,Franklin,8660.0,1082.0,1292.0,923.8506943456389,47.0,0.0,0.0,0.0,0.1491916859122402,0.0,1292.0,0.1491916859122402,-0.0306558013193636
26005,Allegan,20974.0,2171.0,3527.0,1640.4565851024704,158.0,1195.0,357.39953834191226,47.0,0.16816057976542387,0.056975302755792885,2332.0,0.11118527700963099,0.27623053795011504
18093,Lawrence,7743.0,574.0,449.0,180.0941931878716,26.0,165.0,88.54917968241655,16.0,0.05798786000258298,0.021309569934134055,284.0,0.03667829006844892,0.519193857965451
05047,Franklin,694.0,126.0,55.0,7.803227381712923,4.0,0.0,0.0,0.0,0.0792507204610951,0.0,55.0,0.0792507204610951,0.6383915468153801
13055,Chattooga,948.0,130.0,0.0,0.0,0.0,0.0,0.0,0.0,0.0,0.0,0.0,0.0,0.6444444444444445
05137,Stone,280.0,48.0,0.0,0.0,0.0,0.0,0.0,0.0,0.0,0.0,0.0,0.0,0.6306596574529422
08061,Kiowa,0.0,0.0,0.0,0.0,0.0,0.0,0.0,0.0,0.0,0.0,0.0,0.0,0.7588652482269503
08075,Logan,2897.0,377.0,100.0,45.90499819560004,9.0,0.0,0.0,0.0,0.03451846738004832,0.0,100.0,0.03451846738004832,0.5784185672661509
48189,Hale,4135.0,477.0,174.0,3.1009161860153243,85.0,0.0,0.0,0.0,0.042079806529625154,0.0,174.0,0.042079806529625154,0.5974718056760441
72051,Dorado,3272.0,458.0,0.0,0.0,0.0,0.0,0.0,0.0,0.0,0.0,0.0,0.0,
40007,Beaver,213.0,34.0,0.0,0.0,0.0,0.0,0.0,0.0,0.0,0.0,0.0,0.0,0.8492366412213741
13321,Worth,825.0,116.0,70.0,3.193859969409903,19.0,0.0,0.0,0.0,0.08484848484848485,0.0,70.0,0.08484848484848485,0.5048972123560435
17109,McDonough,2568.0,247.0,27.0,0.1913083448205634,7.0,0.0,0.0,0.0,0.010514018691588784,0.0,27.0,0.010514018691588784,0.1920156956410475
17113,McLean,44526.0,2704.0,527.0,127.4918701784353,70.0,21.0,6.994041038005444,3.0,0.011835781341238827,0.00047163455059964966,506.0,0.011364146790639178,-0.049596037034852866
26025,Calhoun,35055.0,2224.0,8398.0,3508.5473614145385,113.0,1212.0,403.5891087016883,47.0,0.23956639566395663,0.0345742404792469,7186.0,0.20499215518470973,0.14229073586412996
13101,Echols,24.0,4.0,0.0,0.0,0.0,0.0,0.0,0.0,0.0,0.0,0.0,0.0,0.8228730822873083
17099,LaSalle,21883.0,1900.0,1017.0,216.1839779368349,61.0,473.0,103.88174157419122,18.0,0.046474432207649775,0.021614952246035737,544.0,0.02485947996161404,0.1872222007498164
17103,Lee,3336.0,344.0,75.0,10.869952587475098,4.0,75.0,10.869952587475098,4.0,0.022482014388489208,0.022482014388489208,0.0,0.0,0.2264808362369338
17105,Livingston,4684.0,425.0,248.0,83.57326304365044,28.0,146.0,71.72852527898272,4.0,0.05294619982920581,0.03116994022203245,102.0,0.021776259607173356,0.47042564953012717
51197,Wythe,4272.0,566.0,811.0,158.76094438623224,11.0,50.0,8.456176095786073,5.0,0.18984082397003746,0.011704119850187267,761.0,0.1781367041198502,0.5991396167383652
37179,Union,53906.0,7780.0,2405.0,884.2666782699763,165.0,972.0,384.2135456338038,49.0,0.044614699662375246,0.01803138797165436,1433.0,0.026583311690720885,0.25540785366599
17123,Marshall,766.0,73.0,0.0,0.0,0.0,0.0,0.0,0.0,0.0,0.0,0.0,0.0,0.3657161803713528
72083,Las Marías,143.0,39.0,62.0,0.0,26.0,0.0,0.0,0.0,0.43356643356643354,0.0,62.0,0.43356643356643354,
13109,Evans,473.0,61.0,0.0,0.0,0.0,0.0,0.0,0.0,0.0,0.0,0.0,0.0,0.4253254437869822
48397,Rockwall,32036.0,3003.0,1501.0,230.61404758007276,41.0,382.0,113.77682057029487,16.0,0.04685353976776127,0.011924085403920589,1119.0,0.03492945436384068,0.41582864213883614
72069,Humacao,4906.0,550.0,0.0,0.0,0.0,0.0,0.0,0.0,0.0,0.0,0.0,0.0,
72077,Juncos,942.0,116.0,0.0,0.0,0.0,0.0,0.0,0.0,0.0,0.0,0.0,0.0,
18155,Switzerland,47.0,10.0,0.0,0.0,0.0,0.0,0.0,0.0,0.0,0.0,0.0,0.0,0.5834923664122137
37025,Cabarrus,62049.0,6434.0,2389.0,799.050232378307,109.0,905.0,281.6479288252595,45.0,0.038501829199503616,0.014585247143386678,1484.0,0.023916582056116936,0.07824763193504736
37035,Catawba,63407.0,4644.0,13126.0,2725.311294237706,275.0,1028.0,287.08067627186205,54.0,0.2070118441181573,0.016212720992950305,12098.0,0.19079912312520697,0.3831634666728577
13211,Morgan,1998.0,393.0,0.0,0.0,0.0,0.0,0.0,0.0,0.0,0.0,0.0,0.0,0.4615150129553422
40105,Nowata,142.0,21.0,0.0,0.0,0.0,0.0,0.0,0.0,0.0,0.0,0.0,0.0,0.6795727636849133
40111,Okmulgee,2091.0,310.0,32.0,3.419046104334658,6.0,13.0,2.3536625579199835,3.0,0.015303682448589193,0.006217120994739359,19.0,0.009086561453849833,0.43476099154769515
26031,Cheboygan,2440.0,404.0,0.0,0.0,0.0,0.0,0.0,0.0,0.0,0.0,0.0,0.0,0.31551000246974564
54089,Summers,387.0,86.0,0.0,0.0,0.0,0.0,0.0,0.0,0.0,0.0,0.0,0.0,0.5245297653674617
51115,Mathews,223.0,55.0,0.0,0.0,0.0,0.0,0.0,0.0,0.0,0.0,0.0,0.0,0.39659863945578233
51169,Scott,880.0,146.0,0.0,0.0,0.0,0.0,0.0,0.0,0.0,0.0,0.0,0.0,0.7077916174197655
17083,Jersey,1325.0,154.0,6.0,0.042512965515680755,3.0,0.0,0.0,0.0,0.004528301886792453,0.0,6.0,0.004528301886792453,0.5102608695652174
39071,Highland,4820.0,527.0,432.0,316.08066858431397,6.0,0.0,0.0,0.0,0.08962655601659751,0.0,432.0,0.08962655601659751,0.6368849984907938
39079,Jackson,3869.0,388.0,0.0,0.0,0.0,0.0,0.0,0.0,0.0,0.0,0.0,0.0,0.5841430784396564
48267,Kimble,243.0,28.0,0.0,0.0,0.0,0.0,0.0,0.0,0.0,0.0,0.0,0.0,0.7748469147432878
28117,Prentiss,2751.0,304.0,491.0,194.38255299876417,7.0,0.0,0.0,0.0,0.17848055252635406,0.0,491.0,0.17848055252635406,0.6649204501358168
28125,Sharkey,151.0,30.0,120.0,83.0,23.0,0.0,0.0,0.0,0.7947019867549668,0.0,120.0,0.7947019867549668,-0.3710045662100457
29135,Moniteau,847.0,100.0,154.0,0.0,6.0,0.0,0.0,0.0,0.18181818181818182,0.0,154.0,0.18181818181818182,0.6347705146036161
48271,Kinney,29.0,14.0,0.0,0.0,0.0,0.0,0.0,0.0,0.0,0.0,0.0,0.0,0.523960396039604
51650,Hampton,27708.0,2641.0,315.0,60.88616455362254,22.0,234.0,39.574904128278824,11.0,0.0113685578172369,0.008445214378518839,81.0,0.0029233434387180603,-0.4045027534823453
37143,Perquimans,420.0,67.0,20.0,0.2990125142397349,3.0,0.0,0.0,0.0,0.047619047619047616,0.0,20.0,0.047619047619047616,0.3987014707830926
29221,Washington,1501.0,498.0,0.0,0.0,0.0,0.0,0.0,0.0,0.0,0.0,0.0,0.0,0.6564742896470357
39069,Henry,4187.0,309.0,1074.0,536.8570554882117,29.0,215.0,35.60161087458041,6.0,0.2565082397898257,0.051349414855505135,859.0,0.20515882493432053,0.4715117065908783
29075,Gentry,210.0,54.0,0.0,0.0,0.0,0.0,0.0,0.0,0.0,0.0,0.0,0.0,0.622895622895623
29079,Grundy,453.0,78.0,0.0,0.0,0.0,0.0,0.0,0.0,0.0,0.0,0.0,0.0,0.6408612001832341
29165,Platte,34121.0,2666.0,1212.0,277.99845487766675,27.0,0.0,0.0,0.0,0.035520647108818616,0.0,1212.0,0.035520647108818616,0.031871740390187364
17111,McHenry,71351.0,7159.0,7162.0,2063.8217361133934,356.0,3037.0,912.6828380446665,125.0,0.10037700943224341,0.04256422474807641,4125.0,0.057812784684167,0.05375291111906241
30107,Wheatland,26.0,7.0,0.0,0.0,0.0,0.0,0.0,0.0,0.0,0.0,0.0,0.0,0.6026615969581749
46047,Fall River,453.0,125.0,0.0,0.0,0.0,0.0,0.0,0.0,0.0,0.0,0.0,0.0,0.5054021608643458
37191,Wayne,25494.0,2186.0,2253.0,538.5762790636575,51.0,72.0,36.392287154858245,4.0,0.08837373499646976,0.002824193927983055,2181.0,0.08554954106848671,0.16535665522713014
38001,Adams,23.0,4.0,0.0,0.0,0.0,0.0,0.0,0.0,0.0,0.0,0.0,0.0,0.6346644010195412
29225,Webster,3356.0,572.0,0.0,0.0,0.0,0.0,0.0,0.0,0.0,0.0,0.0,0.0,0.6279472424504762
36085,Richmond,90546.0,8820.0,402.0,174.3245597184344,71.0,83.0,13.184726185693606,21.0,0.004439732290769333,0.0009166611446115786,319.0,0.0035230711461577543,0.29775792927451694
28059,Jackson,21991.0,2266.0,161.0,53.32671812181463,24.0,63.0,23.52275969194234,8.0,0.007321176845072984,0.002864808330680733,98.0,0.0044563685143922515,0.40325971646253256
29093,Iron,659.0,397.0,0.0,0.0,0.0,0.0,0.0,0.0,0.0,0.0,0.0,0.0,0.631154879140555
56037,Sweetwater,8918.0,1323.0,6.0,1.9888793485486371,4.0,0.0,0.0,0.0,0.0006727965911639381,0.0,6.0,0.0006727965911639381,0.5414208456243854
54079,Putnam,12285.0,1488.0,21.0,13.99387225572412,3.0,0.0,0.0,0.0,0.0017094017094017094,0.0,21.0,0.0017094017094017094,0.472139893301719
39089,Licking,48371.0,3356.0,3573.0,1909.4591551248484,90.0,878.0,496.6730677190194,35.0,0.07386657294660023,0.018151371689648758,2695.0,0.05571520125695148,0.3028633308914864
45085,Sumter,18667.0,1780.0,683.0,101.87186529157918,27.0,655.0,101.85376123567572,22.0,0.03658863234585097,0.03508865913108695,28.0,0.0014999732147640207,-0.049507168458781364
46007,Bennett,42.0,3.0,0.0,0.0,0.0,0.0,0.0,0.0,0.0,0.0,0.0,0.0,0.26948356807511736
18089,Lake,132073.0,11061.0,5568.0,2272.8218203569672,269.0,1788.0,665.8975484792031,95.0,0.04215850325198943,0.013537967639108675,3780.0,0.028620535612880756,-0.05726026866192405
18107,Montgomery,4757.0,523.0,193.0,105.69475472590399,17.0,193.0,105.69475472590399,17.0,0.04057178894261089,0.04057178894261089,0.0,0.0,0.49138779527559057
18161,Union,96.0,17.0,12.0,2.9416143997183273,3.0,12.0,2.9416143997183273,3.0,0.125,0.125,0.0,0.0,0.5667828106852497
19021,Buena Vista,2533.0,278.0,6.0,3.0936452128352827,3.0,6.0,3.0936452128352827,3.0,0.002368732727990525,0.002368732727990525,0.0,0.0,0.33674568965517243
36117,Wayne,12791.0,1604.0,1564.0,1027.198911099872,140.0,438.0,113.05949645479517,35.0,0.12227347353608006,0.034242826987725745,1126.0,0.08803064654835432,0.23070677912588516
48177,Gonzales,2007.0,216.0,483.0,16.2256904528354,43.0,0.0,0.0,0.0,0.2406576980568012,0.0,483.0,0.2406576980568012,0.5632929642445214
48191,Hall,46.0,15.0,26.0,0.0,3.0,0.0,0.0,0.0,0.5652173913043478,0.0,26.0,0.5652173913043478,0.740894901144641
48219,Hockley,2391.0,282.0,170.0,5.333936909624084,89.0,0.0,0.0,0.0,0.07109995817649518,0.0,170.0,0.07109995817649518,0.6726250540579501
12005,Bay,64470.0,6237.0,978.0,78.74623034011795,97.0,355.0,20.127932615774306,41.0,0.015169846440204747,0.005506437102528307,623.0,0.00966340933767644,0.4787689507538936
48257,Kaufman,29913.0,2258.0,1822.0,483.31144069215037,62.0,1200.0,410.8282871576105,34.0,0.060909972252866644,0.04011633737839735,622.0,0.020793634874469294,0.28516351062879963
31021,Burt,208.0,43.0,41.0,9.511898039628484,19.0,0.0,0.0,0.0,0.1971153846153846,0.0,41.0,0.1971153846153846,0.4561549100968188
36011,Cayuga,12347.0,1278.0,791.0,393.17880936689215,46.0,78.0,12.667067979319683,6.0,0.0640641451364704,0.006317324046327043,713.0,0.05774682109014335,0.12991669884702378
31141,Platte,8401.0,827.0,730.0,375.1641480911782,35.0,114.0,30.22361750281365,7.0,0.08689441733127008,0.013569813117486014,616.0,0.07332460421378406,0.5887091576980087
31145,Red Willow,1638.0,212.0,0.0,0.0,0.0,0.0,0.0,0.0,0.0,0.0,0.0,0.0,0.6908194233687405
31149,Rock,,,,,,,,,,,,,
48247,Jim Hogg,76.0,15.0,0.0,0.0,0.0,0.0,0.0,0.0,0.0,0.0,0.0,0.0,-0.1201235998455002
48021,Bastrop,13468.0,1443.0,445.0,55.463497013483675,36.0,165.0,30.903328953414324,13.0,0.033041283041283044,0.012251262251262251,280.0,0.02079002079002079,0.18209450902029214
29111,Lewis,495.0,96.0,40.0,0.025838278007445446,12.0,0.0,0.0,0.0,0.08080808080808081,0.0,40.0,0.08080808080808081,0.6069416272256029
53001,Adams,5489.0,416.0,3651.0,255.05298742546057,141.0,0.0,0.0,0.0,0.6651484787757332,0.0,3651.0,0.6651484787757332,0.44274224435082343
53063,Spokane,183096.0,15032.0,8568.0,3160.5983247042395,510.0,2633.0,1482.1232366147656,134.0,0.04679512386944554,0.014380434307685586,5935.0,0.032414689561759955,0.05126563737563336
40153,Woodward,4553.0,471.0,65.0,6.897491580593324,4.0,0.0,0.0,0.0,0.014276301339775971,0.0,65.0,0.014276301339775971,0.7313142539594332
17139,Moultrie,2184.0,160.0,837.0,354.31300744199183,30.0,89.0,29.64141201821355,10.0,0.38324175824175827,0.04075091575091575,748.0,0.3424908424908425,0.49774529622142744
55091,Pepin,537.0,58.0,0.0,0.0,0.0,0.0,0.0,0.0,0.0,0.0,0.0,0.0,0.29507058551261284
37033,Caswell,505.0,95.0,0.0,0.0,0.0,0.0,0.0,0.0,0.0,0.0,0.0,0.0,0.2472776009381806
37185,Warren,435.0,87.0,0.0,0.0,0.0,0.0,0.0,0.0,0.0,0.0,0.0,0.0,-0.1925264012997563
37187,Washington,285.0,49.0,52.0,1.118396641840862,15.0,0.0,0.0,0.0,0.1824561403508772,0.0,52.0,0.1824561403508772,-0.06264815441923467
33005,Cheshire,15122.0,1448.0,1831.0,316.44707819437224,58.0,951.0,124.1324803184801,33.0,0.12108186747784684,0.06288850681126835,880.0,0.058193360666578486,-0.10066723389010793
35001,Bernalillo,272181.0,22189.0,5068.0,1112.1604459048126,432.0,1339.0,42.73074395796077,137.0,0.018619962451456935,0.004919520466160386,3729.0,0.01370044198529655,-0.21577923857381992
28107,Panola,3072.0,261.0,68.0,30.0,12.0,0.0,0.0,0.0,0.022135416666666668,0.0,68.0,0.022135416666666668,0.1501086727897357
36027,Dutchess,79581.0,8240.0,1769.0,825.1935176203418,198.0,247.0,73.38939606283958,27.0,0.022228923989394453,0.0031037559216395873,1522.0,0.019125168067754866,-0.05413383232743853
17193,White,1390.0,99.0,0.0,0.0,0.0,0.0,0.0,0.0,0.0,0.0,0.0,0.0,0.6014908256880734
18047,Franklin,1395.0,153.0,0.0,0.0,0.0,0.0,0.0,0.0,0.0,0.0,0.0,0.0,0.6527672479150872
02185,North Slope,7205.0,66.0,0.0,0.0,0.0,0.0,0.0,0.0,0.0,0.0,0.0,0.0,
05111,Poinsett,1763.0,234.0,185.0,2.3610921645043983,49.0,0.0,0.0,0.0,0.10493477027793534,0.0,185.0,0.10493477027793534,0.6454206144128625
38015,Burleigh,37629.0,3841.0,370.0,213.38456685446647,30.0,96.0,34.15567061327961,11.0,0.00983284169124877,0.002551223790161843,274.0,0.007281617901086927,0.4404644754969494
29025,Caldwell,110.0,24.0,0.0,0.0,0.0,0.0,0.0,0.0,0.0,0.0,0.0,0.0,0.6188023180940115
29091,Howell,7278.0,1024.0,789.0,133.2462201946677,46.0,398.0,26.19160294763248,10.0,0.10840890354492992,0.054685353118988735,391.0,0.05372355042594119,0.6731894076358609
20191,Sumner,1731.0,256.0,293.0,29.923595645618263,13.0,76.0,5.816682867633181,6.0,0.16926632004621606,0.0439052570768342,217.0,0.12536106296938185,0.5110767147141337
21039,Carlisle,144.0,25.0,71.0,26.909273262395292,13.0,0.0,0.0,0.0,0.4930555555555556,0.0,71.0,0.4930555555555556,0.684942084942085
48197,Hardeman,47.0,13.0,17.0,0.0,3.0,0.0,0.0,0.0,0.3617021276595745,0.0,17.0,0.3617021276595745,0.7302204928664072
31067,Gage,3667.0,456.0,160.0,64.72432205337917,11.0,116.0,20.724322053379165,7.0,0.0436323970548132,0.031633487864739566,44.0,0.011998909190073632,0.397677659080353
31077,Greeley,139.0,32.0,23.0,0.3679267159829732,8.0,0.0,0.0,0.0,0.16546762589928057,0.0,23.0,0.16546762589928057,0.6857610474631751
46065,Hughes,3727.0,543.0,39.0,0.0,7.0,0.0,0.0,0.0,0.01046418030587604,0.0,39.0,0.01046418030587604,0.3092369477911647
54051,Marshall,3007.0,349.0,13.0,5.602741591323106,4.0,13.0,5.602741591323106,4.0,0.004323245759893582,0.004323245759893582,0.0,0.0,0.5096198245344005
31097,Johnson,85.0,16.0,0.0,0.0,0.0,0.0,0.0,0.0,0.0,0.0,0.0,0.0,0.41065535124941066
20145,Pawnee,227.0,20.0,0.0,0.0,0.0,0.0,0.0,0.0,0.0,0.0,0.0,0.0,0.5243531202435312
26123,Newaygo,4283.0,512.0,207.0,165.40110947440155,20.0,64.0,41.78549309735807,5.0,0.04833060938594443,0.014942797104833061,143.0,0.03338781228111137,0.4345815514064184
31127,Nemaha,296.0,44.0,0.0,0.0,0.0,0.0,0.0,0.0,0.0,0.0,0.0,0.0,0.45503275759380585
37109,Lincoln,17327.0,2335.0,517.0,122.38477147341058,49.0,147.0,20.81901483370817,19.0,0.029837825359265886,0.008483869106019507,370.0,0.02135395625324638,0.4605361199454793
37197,Yadkin,3120.0,399.0,153.0,29.231084776311285,15.0,81.0,11.47170205122695,6.0,0.04903846153846154,0.025961538461538463,72.0,0.023076923076923075,0.6293983546436713
31083,Harlan,171.0,26.0,18.0,0.2879426472910225,6.0,0.0,0.0,0.0,0.10526315789473684,0.0,18.0,0.10526315789473684,0.6864501679731243
31093,Howard,373.0,70.0,25.0,0.39992034345975347,10.0,0.0,0.0,0.0,0.06702412868632708,0.0,25.0,0.06702412868632708,0.6341880341880342
55071,Manitowoc,20481.0,1650.0,4889.0,1699.7343351308043,110.0,2204.0,484.9932693372454,54.0,0.23870904740979446,0.10761193301108345,2685.0,0.13109711439871102,0.23686922958836817
42113,Sullivan,107.0,25.0,0.0,0.0,0.0,0.0,0.0,0.0,0.0,0.0,0.0,0.0,0.4720043278333784
48209,Hays,66667.0,5883.0,2273.0,363.8341248132023,152.0,480.0,105.72439047157135,32.0,0.03409482952585237,0.007199964000179999,1793.0,0.02689486552567237,-0.0606198763754329
48233,Hutchinson,2125.0,170.0,0.0,0.0,0.0,0.0,0.0,0.0,0.0,0.0,0.0,0.0,0.7856311211560852
48307,McCulloch,334.0,54.0,128.0,7.521339516449374,4.0,0.0,0.0,0.0,0.38323353293413176,0.0,128.0,0.38323353293413176,0.7411266688375122
31173,Thurston,198.0,26.0,0.0,0.0,0.0,0.0,0.0,0.0,0.0,0.0,0.0,0.0,0.06990014265335236
31175,Valley,296.0,54.0,0.0,0.0,0.0,0.0,0.0,0.0,0.0,0.0,0.0,0.0,0.6457142857142857
35006,Cibola,2030.0,154.0,0.0,0.0,0.0,0.0,0.0,0.0,0.0,0.0,0.0,0.0,-0.015865768747859832
35009,Curry,9042.0,939.0,152.0,22.33947259503652,18.0,0.0,0.0,0.0,0.0168104401681044,0.0,152.0,0.0168104401681044,0.4338865096359743
31131,Otoe,1714.0,232.0,18.0,0.0,4.0,0.0,0.0,0.0,0.010501750291715286,0.0,18.0,0.010501750291715286,0.3929011584914962
31139,Pierce,569.0,106.0,44.0,0.6298930655674949,13.0,0.0,0.0,0.0,0.0773286467486819,0.0,44.0,0.0773286467486819,0.7692705638903259
48123,DeWitt,2700.0,266.0,58.0,9.707227257570201,3.0,0.0,0.0,0.0,0.02148148148148148,0.0,58.0,0.02148148148148148,0.6775180249071444
48125,Dickens,26.0,8.0,0.0,0.0,0.0,0.0,0.0,0.0,0.0,0.0,0.0,0.0,0.7281077770973668
51680,Lynchburg,29170.0,2276.0,1491.0,465.75699395571013,38.0,515.0,168.93611833808586,17.0,0.05111415838189921,0.017655125128556735,976.0,0.03345903325334248,0.0803024449472929
51683,Manassas,14386.0,1220.0,61.0,26.424399823496373,10.0,0.0,0.0,0.0,0.00424023356040595,0.0,61.0,0.00424023356040595,-0.15129151291512916
13005,Bacon,708.0,81.0,115.0,54.84470115786245,21.0,0.0,0.0,0.0,0.16242937853107345,0.0,115.0,0.16242937853107345,0.7329745394328296
13045,Carroll,23263.0,2214.0,1243.0,604.9366589772769,41.0,1109.0,583.3705198712756,23.0,0.05343248936078752,0.04767226926879594,134.0,0.0057602200919915775,0.4138607279375104
21163,Meade,2032.0,237.0,0.0,0.0,0.0,0.0,0.0,0.0,0.0,0.0,0.0,0.0,0.5285067222661586
21191,Pendleton,189.0,68.0,0.0,0.0,0.0,0.0,0.0,0.0,0.0,0.0,0.0,0.0,0.6442745847420256
39051,Fulton,7553.0,734.0,1674.0,1202.6081416979055,54.0,908.0,695.1928050180201,14.0,0.22163378789884813,0.12021713226532503,766.0,0.1014166556335231,0.4274936003952037
30065,Musselshell,56.0,31.0,0.0,0.0,0.0,0.0,0.0,0.0,0.0,0.0,0.0,0.0,0.7311608961303462
35013,Doña Ana,55486.0,5245.0,3361.0,751.2177855659108,206.0,353.0,15.040334330557222,15.0,0.06057383844573406,0.006361965180405868,3008.0,0.05421187326532819,-0.09987908680609595
55083,Oconto,2829.0,515.0,32.0,14.398459385057077,7.0,32.0,14.398459385057077,7.0,0.011311417462000707,0.011311417462000707,0.0,0.0,0.434542650758867
48077,Clay,123.0,37.0,0.0,0.0,0.0,0.0,0.0,0.0,0.0,0.0,0.0,0.0,0.7985895042522299
48081,Coke,15.0,10.0,0.0,0.0,0.0,0.0,0.0,0.0,0.0,0.0,0.0,0.0,0.8038834951456311
40099,Murray,772.0,92.0,172.0,33.31800303866577,5.0,0.0,0.0,0.0,0.22279792746113988,0.0,172.0,0.22279792746113988,0.625585023400936
13087,Decatur,3379.0,465.0,463.0,320.37276108399806,29.0,98.0,54.32558240999434,4.0,0.1370227878070435,0.029002663509914175,365.0,0.10802012429712932,0.2404447533009034
27155,Traverse,64.0,12.0,0.0,0.0,0.0,0.0,0.0,0.0,0.0,0.0,0.0,0.0,0.322360953461975
27159,Wadena,1332.0,181.0,0.0,0.0,0.0,0.0,0.0,0.0,0.0,0.0,0.0,0.0,0.5210698965430229
27169,Winona,7361.0,782.0,204.0,23.822500781059215,29.0,111.0,6.3091013743296855,11.0,0.02771362586605081,0.015079472897704116,93.0,0.012634152968346694,0.049932027776757176
36049,Lewis,2022.0,292.0,0.0,0.0,0.0,0.0,0.0,0.0,0.0,0.0,0.0,0.0,0.444144213695669
39059,Guernsey,6155.0,554.0,212.0,156.25045087828656,7.0,212.0,156.25045087828656,7.0,0.03444354183590577,0.03444354183590577,0.0,0.0,0.5243874513395924
05027,Columbia,1740.0,290.0,68.0,7.404663278266194,3.0,68.0,7.404663278266194,3.0,0.03908045977011494,0.03908045977011494,0.0,0.0,0.3703561853695902
48087,Collingsworth,68.0,15.0,0.0,0.0,0.0,0.0,0.0,0.0,0.0,0.0,0.0,0.0,0.771622934888241
48235,Irion,399.0,18.0,0.0,0.0,0.0,0.0,0.0,0.0,0.0,0.0,0.0,0.0,0.7787723785166241
48243,Jeff Davis,,,,,,,,,,,,,
48249,Jim Wells,8406.0,489.0,138.0,51.838401723748845,6.0,0.0,0.0,0.0,0.01641684511063526,0.0,138.0,0.01641684511063526,0.14648782209671726
29181,Ripley,806.0,499.0,61.0,9.222090509167291,13.0,31.0,2.04004947582062,4.0,0.07568238213399504,0.038461538461538464,30.0,0.03722084367245658,0.7352992194275803
31013,Box Butte,997.0,153.0,87.0,1.0557897067337492,27.0,0.0,0.0,0.0,0.08726178535606821,0.0,87.0,0.08726178535606821,0.5716632443531827
48281,Lampasas,2177.0,241.0,0.0,0.0,0.0,0.0,0.0,0.0,0.0,0.0,0.0,0.0,0.6041297935103245
48291,Liberty,9997.0,875.0,179.0,45.91537467996594,27.0,111.0,34.137594709113415,12.0,0.017905371611483444,0.01110333099929979,68.0,0.006802040612183653,0.6302380571408253
41009,Columbia,6189.0,959.0,84.0,49.116035798951614,6.0,0.0,0.0,0.0,0.013572467280659235,0.0,84.0,0.013572467280659235,0.1438151517163535
28065,Jefferson Davis,63.0,13.0,0.0,0.0,0.0,0.0,0.0,0.0,0.0,0.0,0.0,0.0,-0.13831180984465655
28069,Kemper,115.0,13.0,0.0,0.0,0.0,0.0,0.0,0.0,0.0,0.0,0.0,0.0,-0.1694499017681729
29107,Lafayette,2719.0,508.0,204.0,57.87564460386803,37.0,109.0,48.49361787471984,7.0,0.07502758367046708,0.04008826774549467,95.0,0.03493931592497241,0.49523921476431176
13061,Clay,12.0,12.0,10.0,0.8632053971378116,4.0,0.0,0.0,0.0,0.8333333333333334,0.0,10.0,0.8333333333333334,-0.07531380753138076
28039,George,1290.0,110.0,0.0,0.0,0.0,0.0,0.0,0.0,0.0,0.0,0.0,0.0,0.7930156420516552
37081,Guilford,233622.0,16619.0,16772.0,5456.627975902633,475.0,3145.0,975.5354396546765,112.0,0.0717911840494474,0.01346191711397043,13627.0,0.058329266935476964,-0.22142079623119612
37119,Mecklenburg,689414.0,52561.0,25589.0,8630.88970787113,887.0,8071.0,3101.6331816141183,230.0,0.03711702982532992,0.01170704395327046,17518.0,0.02540998587205946,-0.33441328266787657
37171,Surry,17043.0,1481.0,1370.0,603.753659871376,62.0,743.0,375.5481855008288,25.0,0.0803849087601948,0.04359561110133193,627.0,0.03678929765886287,0.5366614664586583
28005,Amite,119.0,22.0,0.0,0.0,0.0,0.0,0.0,0.0,0.0,0.0,0.0,0.0,0.3325408618127786
28113,Pike,6264.0,642.0,329.0,130.2481872435711,5.0,0.0,0.0,0.0,0.05252234993614304,0.0,329.0,0.05252234993614304,0.035255783642880414
17025,Clay,677.0,76.0,0.0,0.0,0.0,0.0,0.0,0.0,0.0,0.0,0.0,0.0,0.6836734693877551
55049,Iowa,3291.0,442.0,389.0,79.7028452681197,20.0,0.0,0.0,0.0,0.1182011546642358,0.0,389.0,0.1182011546642358,-0.07781100062582574
48253,Jones,368.0,59.0,101.0,2.872968134336936,19.0,0.0,0.0,0.0,0.27445652173913043,0.0,101.0,0.27445652173913043,0.7395290310983282
51550,Chesapeake,81732.0,6499.0,851.0,289.31915616469985,70.0,279.0,78.99902236532229,29.0,0.010412078500464933,0.0034135956540889737,572.0,0.006998482846375959,-0.03849971020016038
46129,Walworth,399.0,72.0,0.0,0.0,0.0,0.0,0.0,0.0,0.0,0.0,0.0,0.0,0.6026435357290376
51065,Fluvanna,1420.0,389.0,0.0,0.0,0.0,0.0,0.0,0.0,0.0,0.0,0.0,0.0,0.06336321783377756
51520,Bristol,2294.0,301.0,30.0,5.073705657471644,3.0,30.0,5.073705657471644,3.0,0.013077593722755012,0.013077593722755012,0.0,0.0,0.3992999461497038
28063,Jefferson,84.0,7.0,0.0,0.0,0.0,0.0,0.0,0.0,0.0,0.0,0.0,0.0,-0.6689106487148103
28127,Simpson,1920.0,185.0,87.0,0.0,3.0,0.0,0.0,0.0,0.0453125,0.0,87.0,0.0453125,0.36923216390173147
17049,Effingham,11371.0,834.0,791.0,230.9113809071891,33.0,166.0,24.05882839361155,8.0,0.06956292322574971,0.014598540145985401,625.0,0.05496438307976431,0.6140013873325864
01007,Bibb,637.0,99.0,50.0,0.7626920358114806,5.0,50.0,0.7626920358114806,5.0,0.07849293563579278,0.07849293563579278,0.0,0.0,0.6476988358176476
30097,Sweet Grass,151.0,46.0,15.0,4.888899060720285,3.0,15.0,4.888899060720285,3.0,0.09933774834437085,0.09933774834437085,0.0,0.0,0.5462402765773552
01019,Cherokee,1620.0,197.0,115.0,0.5945456330850336,8.0,0.0,0.0,0.0,0.07098765432098765,0.0,115.0,0.07098765432098765,0.7594299434590659
28015,Carroll,43.0,8.0,0.0,0.0,0.0,0.0,0.0,0.0,0.0,0.0,0.0,0.0,0.4454563069172641
55031,Douglas,8008.0,848.0,181.0,50.02851966444534,9.0,57.0,5.959213227610017,4.0,0.022602397602397604,0.007117882117882118,124.0,0.015484515484515486,-0.054061681112678894
01085,Lowndes,64.0,9.0,0.0,0.0,0.0,0.0,0.0,0.0,0.0,0.0,0.0,0.0,-0.37493333333333334
55101,Racine,51992.0,4815.0,6689.0,2786.2476483519213,194.0,2361.0,1021.1276800911711,71.0,0.12865440837051853,0.04541083243575935,4328.0,0.08324357593475917,0.06246935927895313
28135,Tallahatchie,304.0,83.0,97.0,57.0,32.0,0.0,0.0,0.0,0.3190789473684211,0.0,97.0,0.3190789473684211,-0.05984283699375378
28145,Union,4436.0,314.0,1020.0,296.16762327528545,20.0,165.0,0.0,5.0,0.22993688007213706,0.03719567177637511,855.0,0.19274120829576194,0.7077470483584021
55129,Washburn,1804.0,288.0,66.0,28.366410950651822,4.0,0.0,0.0,0.0,0.036585365853658534,0.0,66.0,0.036585365853658534,0.2858066303444455
46051,Grant,767.0,112.0,0.0,0.0,0.0,0.0,0.0,0.0,0.0,0.0,0.0,0.0,0.4655367231638418
41057,Tillamook,4430.0,610.0,17.0,4.067275375648281,4.0,0.0,0.0,0.0,0.003837471783295711,0.0,17.0,0.003837471783295711,0.014251176994528566
46045,Edmunds,236.0,44.0,121.0,4.873684884257066,26.0,0.0,0.0,0.0,0.5127118644067796,0.0,121.0,0.5127118644067796,0.6163836163836164
20081,Haskell,650.0,63.0,84.0,0.03719187102456921,27.0,0.0,0.0,0.0,0.12923076923076923,0.0,84.0,0.12923076923076923,0.65086887835703
20093,Kearny,555.0,34.0,78.0,0.15504286291341401,23.0,0.0,0.0,0.0,0.14054054054054055,0.0,78.0,0.14054054054054055,0.6985871271585558
46043,Douglas,27.0,4.0,0.0,0.0,0.0,0.0,0.0,0.0,0.0,0.0,0.0,0.0,0.7326007326007326
29053,Cooper,1703.0,154.0,0.0,0.0,0.0,0.0,0.0,0.0,0.0,0.0,0.0,0.0,0.462929061784897
30103,Treasure,59.0,5.0,0.0,0.0,0.0,0.0,0.0,0.0,0.0,0.0,0.0,0.0,0.7311320754716981
35028,Los Alamos,2301.0,317.0,38.0,0.589471598325371,4.0,38.0,0.589471598325371,4.0,0.016514558887440245,0.016514558887440245,0.0,0.0,-0.3124946912426739
28019,Choctaw,18.0,8.0,0.0,0.0,0.0,0.0,0.0,0.0,0.0,0.0,0.0,0.0,0.49817992719708787
37181,Vance,6965.0,539.0,0.0,0.0,0.0,0.0,0.0,0.0,0.0,0.0,0.0,0.0,-0.13453230181854717
28073,Lamar,14555.0,1236.0,31.0,5.167188844980991,5.0,0.0,0.0,0.0,0.0021298522844383373,0.0,31.0,0.0021298522844383373,0.49390572753748246
46057,Hamlin,700.0,101.0,0.0,0.0,0.0,0.0,0.0,0.0,0.0,0.0,0.0,0.0,0.6151419558359621
55135,Waupaca,8259.0,941.0,1321.0,641.7277850596154,28.0,866.0,441.86278814220975,20.0,0.15994672478508293,0.10485530935948661,455.0,0.05509141542559631,0.3377496671105193
28025,Clay,1421.0,147.0,0.0,0.0,0.0,0.0,0.0,0.0,0.0,0.0,0.0,0.0,-0.10504622925253425
48085,Collin,489501.0,34525.0,19265.0,2255.0323531695153,592.0,2127.0,559.9869296978771,118.0,0.039356405809181184,0.004345241378465008,17138.0,0.035011164430716175,0.11501890324672118
48095,Concho,46.0,7.0,0.0,0.0,0.0,0.0,0.0,0.0,0.0,0.0,0.0,0.0,0.7528438469493278
48111,Dallam,852.0,127.0,96.0,0.0457122783343325,19.0,0.0,0.0,0.0,0.11267605633802817,0.0,96.0,0.11267605633802817,0.7980647875473286
48115,Dawson,1615.0,246.0,324.0,3.2119007868234943,119.0,0.0,0.0,0.0,0.20061919504643963,0.0,324.0,0.20061919504643963,0.6306930693069307
36021,Columbia,11621.0,1794.0,1003.0,581.5002453950874,96.0,0.0,0.0,0.0,0.08630926770501678,0.0,1003.0,0.08630926770501678,-0.14700258688561466
30109,Wibaux,0.0,2.0,0.0,0.0,0.0,0.0,0.0,0.0,0.0,0.0,0.0,0.0,0.7340823970037453
29131,Miller,3540.0,491.0,0.0,0.0,0.0,0.0,0.0,0.0,0.0,0.0,0.0,0.0,0.6793608935081051
28155,Webster,292.0,51.0,0.0,0.0,0.0,0.0,0.0,0.0,0.0,0.0,0.0,0.0,0.6558121176238405
29039,Cedar,553.0,103.0,33.0,11.159660577144187,6.0,7.0,0.4606563332498175,3.0,0.059674502712477394,0.012658227848101266,26.0,0.04701627486437613,0.7024143739472206
48047,Brooks,47.0,8.0,0.0,0.0,0.0,0.0,0.0,0.0,0.0,0.0,0.0,0.0,-0.12543728135932034
48105,Crockett,231.0,40.0,0.0,0.0,0.0,0.0,0.0,0.0,0.0,0.0,0.0,0.0,0.5446500402252614
28031,Covington,962.0,117.0,0.0,0.0,0.0,0.0,0.0,0.0,0.0,0.0,0.0,0.0,0.3353811149032992
28035,Forrest,19948.0,1420.0,714.0,206.01478449629428,19.0,351.0,70.13952748396736,5.0,0.035793061961098854,0.017595748947262884,363.0,0.01819731301383597,0.18193483995152207
05125,Saline,19720.0,2232.0,331.0,122.66652378818378,24.0,177.0,59.48972429318189,13.0,0.016784989858012172,0.008975659229208925,154.0,0.007809330628803247,0.4104534563847724
21143,Lyon,307.0,50.0,0.0,0.0,0.0,0.0,0.0,0.0,0.0,0.0,0.0,0.0,0.5407299975827895
39081,Jefferson,8223.0,902.0,52.0,14.102734076650645,4.0,52.0,14.102734076650645,4.0,0.00632372613401435,0.00632372613401435,0.0,0.0,0.44404542366301075
37005,Alleghany,300.0,83.0,0.0,0.0,0.0,0.0,0.0,0.0,0.0,0.0,0.0,0.0,0.5233949945593036
34039,Union,187665.0,16021.0,9858.0,2838.303190082486,422.0,2467.0,388.3221441859517,136.0,0.05252977379905683,0.013145765060080462,7391.0,0.039384008738976364,-0.24647404712551294
29051,Cole,26938.0,2015.0,983.0,403.7511485299668,25.0,11.0,0.7238885236782846,3.0,0.03649120201945207,0.00040834508872225107,972.0,0.03608285693072982,0.34914054600606675
21219,Todd,360.0,78.0,134.0,42.99022640634375,24.0,39.0,4.053334009767158,6.0,0.37222222222222223,0.10833333333333334,95.0,0.2638888888888889,0.5845849802371541
22049,Jackson,571.0,88.0,0.0,0.0,0.0,0.0,0.0,0.0,0.0,0.0,0.0,0.0,0.49893760865366044
06049,Modoc,175.0,32.0,96.0,0.0,4.0,0.0,0.0,0.0,0.5485714285714286,0.0,96.0,0.5485714285714286,0.48201438848920863
06087,Santa Cruz,78141.0,10063.0,11175.0,2091.046552594306,440.0,435.0,52.453057970048306,56.0,0.14301071140630398,0.005566859907091028,10740.0,0.13744385149921295,-0.5661518422032006
17033,Crawford,1416.0,141.0,42.0,0.2975907586097653,11.0,0.0,0.0,0.0,0.029661016949152543,0.0,42.0,0.029661016949152543,0.5332193732193732
40119,Payne,16921.0,1874.0,363.0,119.24306434653333,25.0,151.0,85.15628261204975,11.0,0.0214526328231192,0.00892382246912121,212.0,0.01252881035399799,0.25951896781431877
29147,Nodaway,2060.0,272.0,0.0,0.0,0.0,0.0,0.0,0.0,0.0,0.0,0.0,0.0,0.4419284149013879
29151,Osage,585.0,96.0,66.0,27.15901077296263,4.0,0.0,0.0,0.0,0.11282051282051282,0.0,66.0,0.11282051282051282,0.7367597182363684
46091,Marshall,495.0,67.0,0.0,0.0,0.0,0.0,0.0,0.0,0.0,0.0,0.0,0.0,0.24444444444444444
35027,Lincoln,3516.0,562.0,0.0,0.0,0.0,0.0,0.0,0.0,0.0,0.0,0.0,0.0,0.39187969924812033
35053,Socorro,819.0,124.0,0.0,0.0,0.0,0.0,0.0,0.0,0.0,0.0,0.0,0.0,0.03795309168443497
39031,Coshocton,3832.0,422.0,41.0,11.361302977947494,6.0,21.0,3.4773666435636676,3.0,0.01069937369519833,0.005480167014613779,20.0,0.00521920668058455,0.5264555164536643
39033,Crawford,5181.0,527.0,678.0,242.3867007104227,36.0,266.0,73.00562322368607,14.0,0.13086276780544295,0.051341439876471724,412.0,0.07952132792897124,0.5336818521284541
21073,Franklin,15502.0,2069.0,84.0,31.638422717923532,4.0,84.0,31.638422717923532,4.0,0.005418655657334537,0.005418655657334537,0.0,0.0,0.049520640202836544
28099,Neshoba,3387.0,281.0,0.0,0.0,0.0,0.0,0.0,0.0,0.0,0.0,0.0,0.0,0.5133630289532294
28147,Walthall,231.0,39.0,69.0,51.82413104522614,3.0,0.0,0.0,0.0,0.2987012987012987,0.0,69.0,0.2987012987012987,0.2719121966300819
51750,Radford,623.0,128.0,0.0,0.0,0.0,0.0,0.0,0.0,0.0,0.0,0.0,0.0,-0.005289359054138146
40123,Pontotoc,6506.0,664.0,212.0,31.070174149819188,14.0,0.0,0.0,0.0,0.032585305871503226,0.0,212.0,0.032585305871503226,0.4758444354730184
27059,Isanti,4289.0,610.0,353.0,75.98651162895801,31.0,319.0,61.27352335869363,22.0,0.08230356726509676,0.07437631149452087,34.0,0.007927255770575889,0.41883436307111094
37041,Chowan,1460.0,158.0,71.0,43.422836920137804,15.0,0.0,0.0,0.0,0.04863013698630137,0.0,71.0,0.04863013698630137,0.22614274258219727
39037,Darke,9169.0,904.0,873.0,731.8223095946665,40.0,104.0,45.12913277689444,9.0,0.09521212782200894,0.01134256734649362,769.0,0.08386956047551532,0.6582018868628109
26105,Mason,3013.0,413.0,127.0,80.81841232696144,16.0,45.0,8.495940008155493,6.0,0.04215068038499834,0.014935280451377365,82.0,0.027215399933620977,0.21664887940234792
48439,Tarrant,849842.0,48325.0,69096.0,10106.831372222683,1521.0,15221.0,3297.672631996717,515.0,0.0813045248410881,0.017910388048601976,53875.0,0.06339413679248612,0.05405719107981926
16055,Kootenai,53650.0,8187.0,2404.0,861.1161580989835,270.0,809.0,114.86512257095612,93.0,0.0448089468779124,0.015079217148182665,1595.0,0.02972972972972973,0.530369961347322
39057,Greene,47929.0,3485.0,705.0,219.7151508686812,62.0,184.0,30.46835535312928,12.0,0.01470925744330155,0.0038390118717269296,521.0,0.01087024557157462,0.20032818576213277
39065,Hardin,1996.0,223.0,141.0,60.11119559853,16.0,81.0,60.05911620951608,8.0,0.07064128256513026,0.0405811623246493,60.0,0.030060120240480964,0.5517457335212149
29185,St. Clair,323.0,103.0,0.0,0.0,0.0,0.0,0.0,0.0,0.0,0.0,0.0,0.0,0.611819469742967
21047,Christian,15532.0,1654.0,1555.0,815.4474183700986,50.0,43.0,4.469060574871482,5.0,0.10011588977594643,0.0027684779809425703,1512.0,0.09734741179500386,0.34025342497779026
21081,Grant,2340.0,279.0,0.0,0.0,0.0,0.0,0.0,0.0,0.0,0.0,0.0,0.0,0.6564156945917285
46103,Pennington,45616.0,5361.0,669.0,298.18305288176884,70.0,337.0,201.37322177442093,28.0,0.014665906699403718,0.007387758681164504,332.0,0.007278148018239215,0.27166727206683616
37061,Duplin,11497.0,678.0,6419.0,529.7035446089893,80.0,0.0,0.0,0.0,0.5583195616247717,0.0,6419.0,0.5583195616247717,0.2911938066332366
01045,Dale,6001.0,703.0,132.0,30.36132612324831,5.0,132.0,30.36132612324831,5.0,0.02199633394434261,0.02199633394434261,0.0,0.0,0.5270042194092827
31159,Seward,2173.0,309.0,215.0,1.2317546578560408,39.0,0.0,0.0,0.0,0.09894155545329038,0.0,215.0,0.09894155545329038,0.4725565985643291
31165,Sioux,69.0,8.0,0.0,0.0,0.0,0.0,0.0,0.0,0.0,0.0,0.0,0.0,0.771513353115727
31111,Lincoln,6717.0,781.0,171.0,5.4195046512399525,31.0,0.0,0.0,0.0,0.025457793657882984,0.0,171.0,0.025457793657882984,0.5589175891758917
31115,Loup,19.0,6.0,0.0,0.0,0.0,0.0,0.0,0.0,0.0,0.0,0.0,0.0,0.65807962529274
56011,Crook,404.0,116.0,0.0,0.0,0.0,0.0,0.0,0.0,0.0,0.0,0.0,0.0,0.7914312617702448
56017,Hot Springs,378.0,67.0,0.0,0.0,0.0,0.0,0.0,0.0,0.0,0.0,0.0,0.0,0.6202334630350195
56023,Lincoln,3291.0,876.0,0.0,0.0,0.0,0.0,0.0,0.0,0.0,0.0,0.0,0.0,0.693194706994329
56027,Niobrara,16.0,7.0,0.0,0.0,0.0,0.0,0.0,0.0,0.0,0.0,0.0,0.0,0.8163934426229508
12063,Jackson,4456.0,546.0,87.0,4.6968462751833036,22.0,0.0,0.0,0.0,0.01952423698384201,0.0,87.0,0.01952423698384201,0.4635345534007102
27055,Houston,1589.0,200.0,0.0,0.0,0.0,0.0,0.0,0.0,0.0,0.0,0.0,0.0,0.16764758337792046
01105,Perry,89.0,11.0,0.0,0.0,0.0,0.0,0.0,0.0,0.0,0.0,0.0,0.0,-0.4287643484132343
02122,Kenai Peninsula,12284.0,1865.0,648.0,104.24997632111833,61.0,50.0,6.853844959601316,11.0,0.05275154672745034,0.0040703353956366,598.0,0.04868121133181374,
25023,Plymouth,160134.0,15994.0,5958.0,1870.4921908363817,345.0,1551.0,378.7139591856311,116.0,0.037206339690509196,0.009685638277942223,4407.0,0.027520701412566975,-0.09000838143002188
46061,Hanson,51.0,19.0,0.0,0.0,0.0,0.0,0.0,0.0,0.0,0.0,0.0,0.0,0.6029850746268657
47095,Lake,36.0,7.0,0.0,0.0,0.0,0.0,0.0,0.0,0.0,0.0,0.0,0.0,0.5535900104058272
47099,Lawrence,4473.0,506.0,353.0,141.31150363237583,14.0,316.0,129.56572949379168,10.0,0.07891795215738878,0.0706460988151129,37.0,0.008271853342275884,0.696509706732755
56007,Carbon,1683.0,322.0,0.0,0.0,0.0,0.0,0.0,0.0,0.0,0.0,0.0,0.0,0.5907484741407003
55093,Pierce,4202.0,631.0,273.0,130.91133173430677,16.0,0.0,0.0,0.0,0.0649690623512613,0.0,273.0,0.0649690623512613,0.17268586302261266
55097,Portage,19243.0,1537.0,3104.0,1134.226210707024,63.0,552.0,100.96588970302531,17.0,0.16130540975939303,0.028685755859273503,2552.0,0.13261965390011954,-0.012144033890327135
38039,Griggs,18.0,4.0,0.0,0.0,0.0,0.0,0.0,0.0,0.0,0.0,0.0,0.0,0.5237341772151899
46115,Spink,718.0,81.0,0.0,0.0,0.0,0.0,0.0,0.0,0.0,0.0,0.0,0.0,0.39921722113502933
18049,Fulton,1823.0,221.0,78.0,19.12049359816913,5.0,78.0,19.12049359816913,5.0,0.04278661546900713,0.04278661546900713,0.0,0.0,0.5195876288659794
18057,Hamilton,142172.0,13067.0,5461.0,1863.4349652060455,203.0,725.0,283.16017598066264,53.0,0.03841122021213741,0.005099456995751625,4736.0,0.033311763216385785,0.06187471460002491
18077,Jefferson,4603.0,451.0,619.0,231.49511109434968,26.0,140.0,77.29069524021082,15.0,0.13447751466434935,0.030414946773843144,479.0,0.1040625678905062,0.36795674445076837
18127,Porter,47362.0,3805.0,6957.0,3440.9410785762752,97.0,5740.0,2870.0543650593427,38.0,0.14688991174359192,0.12119420632574637,1217.0,0.02569570541784555,0.10676652024675355
38029,Emmons,100.0,23.0,0.0,0.0,0.0,0.0,0.0,0.0,0.0,0.0,0.0,0.0,0.7844374342797056
38057,Mercer,829.0,96.0,0.0,0.0,0.0,0.0,0.0,0.0,0.0,0.0,0.0,0.0,0.6993288590604027
12101,Pasco,127363.0,14524.0,3340.0,361.7801164667926,323.0,544.0,35.40561735114187,89.0,0.026224256652245943,0.004271256173299938,2796.0,0.021953000478946005,0.2548274429065854
47179,Washington,39042.0,2982.0,574.0,140.61347239481844,39.0,149.0,76.66316517150949,15.0,0.014702115670303776,0.0038164028482147432,425.0,0.010885712822089033,0.39993380771140163
20163,Rooks,257.0,48.0,0.0,0.0,0.0,0.0,0.0,0.0,0.0,0.0,0.0,0.0,0.7210231814548361
39023,Clark,30431.0,2050.0,3189.0,1863.2815126915257,91.0,1159.0,560.1176119456356,46.0,0.10479445302487594,0.038086162137294204,2030.0,0.06670829088758173,0.29808835341365464
39139,Richland,31672.0,2338.0,4994.0,2394.0951401083985,100.0,2008.0,819.105093991367,54.0,0.15767870674412732,0.06339984844657742,2986.0,0.0942788582975499,0.4267995646841369
30017,Custer,1970.0,252.0,12.0,11.777408008103542,3.0,0.0,0.0,0.0,0.006091370558375634,0.0,12.0,0.006091370558375634,0.5047380654389415
40129,Roger Mills,34.0,6.0,0.0,0.0,0.0,0.0,0.0,0.0,0.0,0.0,0.0,0.0,0.8126463700234192
40149,Washita,60.0,17.0,0.0,0.0,0.0,0.0,0.0,0.0,0.0,0.0,0.0,0.0,0.7594411700502074
27085,McLeod,6299.0,742.0,679.0,260.3906298256463,50.0,360.0,184.04733933279172,24.0,0.10779488807747262,0.057151928877599616,319.0,0.050642959199873,0.386171032357473
31179,Wayne,642.0,73.0,101.0,60.91271498984339,3.0,101.0,60.91271498984339,3.0,0.1573208722741433,0.1573208722741433,0.0,0.0,0.49912870301219814
31183,Wheeler,56.0,5.0,0.0,0.0,0.0,0.0,0.0,0.0,0.0,0.0,0.0,0.0,0.762993762993763
32017,Lincoln,95.0,11.0,0.0,0.0,0.0,0.0,0.0,0.0,0.0,0.0,0.0,0.0,0.740710156895128
32021,Mineral,,,,,,,,,,,,,
32027,Pershing,101.0,10.0,0.0,0.0,0.0,0.0,0.0,0.0,0.0,0.0,0.0,0.0,0.5610619469026549
37003,Alexander,3953.0,432.0,2066.0,307.5095747621605,39.0,131.0,1.5894858617941379,6.0,0.5226410321274981,0.033139387806729065,1935.0,0.48950164432076904,0.6032056293979672
35005,Chaves,12793.0,1323.0,166.0,48.25953157804099,26.0,0.0,0.0,0.0,0.012975846165871961,0.0,166.0,0.012975846165871961,0.4558277994046256
30021,Dawson,771.0,117.0,0.0,0.0,0.0,0.0,0.0,0.0,0.0,0.0,0.0,0.0,0.6045122760451228
49031,Piute,,,,,,,,,,,,,
18019,Clark,36835.0,2690.0,2584.0,1439.5228825452873,83.0,989.0,663.706100613611,30.0,0.07015067191529795,0.026849463825166283,1595.0,0.04330120809013166,0.20721534825524815
38043,Kidder,130.0,17.0,65.0,60.30600471799271,4.0,0.0,0.0,0.0,0.5,0.0,65.0,0.5,0.6538181818181819
29083,Henry,2173.0,242.0,0.0,0.0,0.0,0.0,0.0,0.0,0.0,0.0,0.0,0.0,0.531466592736346
39041,Delaware,82899.0,6938.0,3751.0,1696.8942495925342,117.0,901.0,425.41459363059494,31.0,0.04524783169881422,0.010868647390197711,2850.0,0.03437918430861651,0.06654555088755157
46037,Day,704.0,111.0,40.0,2.166082170780918,12.0,0.0,0.0,0.0,0.056818181818181816,0.0,40.0,0.056818181818181816,0.3045897079276773
47061,Grundy,179.0,35.0,0.0,0.0,0.0,0.0,0.0,0.0,0.0,0.0,0.0,0.0,0.6981852913085005
47069,Hardeman,761.0,71.0,0.0,0.0,0.0,0.0,0.0,0.0,0.0,0.0,0.0,0.0,0.24313304721030043
47071,Hardin,2625.0,297.0,0.0,0.0,0.0,0.0,0.0,0.0,0.0,0.0,0.0,0.0,0.7159289822455613
29097,Jasper,39199.0,3135.0,2495.0,738.461372653876,89.0,1064.0,341.54489135141426,33.0,0.0636495828975229,0.027143549580346437,1431.0,0.03650603331717646,0.4741169592848926
32029,Storey,3942.0,113.0,0.0,0.0,0.0,0.0,0.0,0.0,0.0,0.0,0.0,0.0,0.3955643826547501
39027,Clinton,5596.0,592.0,269.0,50.38733640882454,22.0,206.0,34.111310884481696,5.0,0.04807005003573982,0.0368120085775554,63.0,0.011258041458184417,0.5505650676626085
21091,Hancock,96.0,19.0,0.0,0.0,0.0,0.0,0.0,0.0,0.0,0.0,0.0,0.0,0.4841688654353562
12081,Manatee,121874.0,13915.0,6732.0,1388.1778855039095,432.0,1587.0,128.8454786436714,131.0,0.05523737630667739,0.013021645305807638,5145.0,0.042215731000869755,0.23689029758760344
41037,Lake,324.0,57.0,0.0,0.0,0.0,0.0,0.0,0.0,0.0,0.0,0.0,0.0,0.6679668454412482
48121,Denton,257967.0,20142.0,10660.0,1501.400816652682,434.0,2791.0,575.1713149842808,117.0,0.04132311497207007,0.010819213310229604,7869.0,0.030503901661840468,0.13646105692258279
48133,Eastland,1860.0,230.0,0.0,0.0,0.0,0.0,0.0,0.0,0.0,0.0,0.0,0.0,0.7791452991452992
48269,King,,,,,,,,,,,,,
48327,Menard,1.0,1.0,0.0,0.0,0.0,0.0,0.0,0.0,0.0,0.0,0.0,0.0,0.6812062466343565
28101,Newton,807.0,106.0,0.0,0.0,0.0,0.0,0.0,0.0,0.0,0.0,0.0,0.0,0.43682388576373865
29117,Livingston,1868.0,180.0,0.0,0.0,0.0,0.0,0.0,0.0,0.0,0.0,0.0,0.0,0.5828076866656887
29121,Macon,1172.0,167.0,0.0,0.0,0.0,0.0,0.0,0.0,0.0,0.0,0.0,0.0,0.6193291350726128
46027,Clay,1380.0,222.0,0.0,0.0,0.0,0.0,0.0,0.0,0.0,0.0,0.0,0.0,-0.06705328017397608
17055,Franklin,3588.0,377.0,20.0,7.092970729365492,5.0,0.0,0.0,0.0,0.005574136008918618,0.0,20.0,0.005574136008918618,0.5122873345935728
16081,Teton,2741.0,469.0,52.0,5.982241253930156,7.0,0.0,0.0,0.0,0.01897117840204305,0.0,52.0,0.01897117840204305,-0.07081014223871367
05079,Lincoln,197.0,52.0,41.0,0.5097052503445191,19.0,0.0,0.0,0.0,0.20812182741116753,0.0,41.0,0.20812182741116753,0.5095022624434389
20201,Washington,206.0,45.0,0.0,0.0,0.0,0.0,0.0,0.0,0.0,0.0,0.0,0.0,0.7021436630312148
20205,Wilson,117.0,18.0,0.0,0.0,0.0,0.0,0.0,0.0,0.0,0.0,0.0,0.0,0.6345665066365433
48447,Throckmorton,17.0,8.0,0.0,0.0,0.0,0.0,0.0,0.0,0.0,0.0,0.0,0.0,0.8491321762349799
29139,Montgomery,255.0,88.0,34.0,7.263026890304479,3.0,0.0,0.0,0.0,0.13333333333333333,0.0,34.0,0.13333333333333333,0.6064581231079718
47103,Lincoln,2266.0,349.0,24.0,0.14302710563379853,3.0,0.0,0.0,0.0,0.01059135039717564,0.0,24.0,0.01059135039717564,0.6520325203252032
31121,Merrick,262.0,48.0,0.0,0.0,0.0,0.0,0.0,0.0,0.0,0.0,0.0,0.0,0.6589581873394067
31125,Nance,65.0,6.0,0.0,0.0,0.0,0.0,0.0,0.0,0.0,0.0,0.0,0.0,0.6119073869900772
46135,Yankton,4337.0,512.0,520.0,404.97671797495525,12.0,0.0,0.0,0.0,0.11989854738298363,0.0,520.0,0.11989854738298363,0.2626981866514763
05127,Scott,143.0,16.0,0.0,0.0,0.0,0.0,0.0,0.0,0.0,0.0,0.0,0.0,0.7453565008987417
13199,Meriwether,1244.0,167.0,0.0,0.0,0.0,0.0,0.0,0.0,0.0,0.0,0.0,0.0,0.25553285665645215
21211,Shelby,6976.0,1096.0,371.0,131.05867578712184,17.0,266.0,117.46067076560172,3.0,0.05318233944954128,0.03813073394495413,105.0,0.015051605504587152,0.35296550583174785
40091,McIntosh,1161.0,105.0,0.0,0.0,0.0,0.0,0.0,0.0,0.0,0.0,0.0,0.0,0.5345987506006727
19037,Chickasaw,902.0,127.0,9.0,1.1424671364028645,3.0,0.0,0.0,0.0,0.009977827050997782,0.0,9.0,0.009977827050997782,0.376239232894523
55141,Wood,20066.0,1687.0,1774.0,766.6769925755342,75.0,941.0,424.9048819519218,23.0,0.08840825276587262,0.046895245689225554,833.0,0.04151300707664707,0.20189441292431964
30079,Prairie,,,,,,,,,,,,,
38019,Cavalier,183.0,22.0,0.0,0.0,0.0,0.0,0.0,0.0,0.0,0.0,0.0,0.0,0.4969262295081967
38021,Dickey,887.0,85.0,15.0,0.0,3.0,0.0,0.0,0.0,0.016910935738444193,0.0,15.0,0.016910935738444193,0.5331098072087175
47027,Clay,92.0,7.0,0.0,0.0,0.0,0.0,0.0,0.0,0.0,0.0,0.0,0.0,0.6708657196462074
47047,Fayette,3503.0,405.0,510.0,154.07479990058306,20.0,121.0,74.89321656150041,7.0,0.14558949471881244,0.03454182129603197,389.0,0.11104767342278046,0.427500425966945
55027,Dodge,24268.0,1651.0,7057.0,2094.0173221878367,99.0,1686.0,591.4646507714612,37.0,0.29079446184275587,0.0694742047140267,5371.0,0.22132025712872916,0.3337501260461833
21015,Boone,78757.0,5532.0,7562.0,3075.6658186257205,269.0,1173.0,263.3806060549839,75.0,0.09601686199321965,0.014893914191754384,6389.0,0.08112294780146527,0.37809240615235995
21087,Green,374.0,83.0,0.0,0.0,0.0,0.0,0.0,0.0,0.0,0.0,0.0,0.0,0.7310404127257094
20167,Russell,650.0,110.0,0.0,0.0,0.0,0.0,0.0,0.0,0.0,0.0,0.0,0.0,0.6246913580246913
27035,Crow Wing,19687.0,1854.0,804.0,174.3058067171344,35.0,430.0,70.19320669093982,19.0,0.040839132422410725,0.021841824554274393,374.0,0.01899730786813633,0.3185402442542552
18033,DeKalb,14027.0,782.0,5515.0,2930.8104688514436,64.0,3838.0,2295.591674257982,34.0,0.39317031439366934,0.27361517074214015,1677.0,0.1195551436515292,0.47903914407695075
18039,Elkhart,108642.0,4966.0,54034.0,38956.65855557373,720.0,37520.0,31753.489700813723,348.0,0.4973582960549327,0.34535446696489386,16514.0,0.15200382909003884,0.32836732912386885
36015,Chemung,17664.0,1454.0,1285.0,417.3317763217993,27.0,716.0,238.07196845675142,12.0,0.07274682971014493,0.04053442028985507,569.0,0.032212409420289856,0.16800683888547538
48305,Lynn,85.0,12.0,61.0,0.0,8.0,0.0,0.0,0.0,0.7176470588235294,0.0,61.0,0.7176470588235294,0.7206812652068126
13091,Dodge,996.0,99.0,0.0,0.0,0.0,0.0,0.0,0.0,0.0,0.0,0.0,0.0,0.5003601440576231
46033,Custer,352.0,139.0,0.0,0.0,0.0,0.0,0.0,0.0,0.0,0.0,0.0,0.0,0.4670068027210884
36109,Tompkins,21002.0,2258.0,665.0,272.8921150919135,59.0,0.0,0.0,0.0,0.031663651080849446,0.0,665.0,0.031663651080849446,-0.5061868000434925
40085,Love,412.0,44.0,0.0,0.0,0.0,0.0,0.0,0.0,0.0,0.0,0.0,0.0,0.6718266253869969
37071,Gaston,58550.0,5033.0,8398.0,2344.4201112824585,197.0,2848.0,873.2258733900223,93.0,0.1434329632792485,0.04864218616567037,5550.0,0.09479077711357814,0.2524896089575028
21019,Boyd,14153.0,1330.0,139.0,12.775328444000163,7.0,139.0,12.775328444000163,7.0,0.009821239313219812,0.009821239313219812,0.0,0.0,0.3908201801103902
12011,Broward,751134.0,79834.0,24395.0,1656.2670504077548,1760.0,5707.0,435.7971104038405,480.0,0.03247756059504696,0.007597845391101987,18688.0,0.024879715203944972,-0.17127949392806022
13119,Franklin,1690.0,221.0,123.0,7.84590425059548,4.0,123.0,7.84590425059548,4.0,0.0727810650887574,0.0727810650887574,0.0,0.0,0.7279035189162398
19149,Plymouth,7244.0,540.0,2237.0,613.7185076195497,10.0,6.0,4.013231649733074,3.0,0.30880728879072333,0.0008282716731087797,2231.0,0.30797901711761455,0.5490010897203051
47023,Chester,432.0,74.0,0.0,0.0,0.0,0.0,0.0,0.0,0.0,0.0,0.0,0.0,0.6567004805125467
08007,Archuleta,2305.0,394.0,0.0,0.0,0.0,0.0,0.0,0.0,0.0,0.0,0.0,0.0,0.14404735803551852
38083,Sheridan,,,,,,,,,,,,,
20127,Morris,170.0,16.0,0.0,0.0,0.0,0.0,0.0,0.0,0.0,0.0,0.0,0.0,0.47410649161196206
20129,Morton,,,,,,,,,,,,,
20133,Neosho,1597.0,216.0,126.0,32.54488917553321,11.0,106.0,32.53935988732572,6.0,0.07889793362554791,0.06637445209768315,20.0,0.012523481527864755,0.4904611686946072
17013,Calhoun,123.0,20.0,0.0,0.0,0.0,0.0,0.0,0.0,0.0,0.0,0.0,0.0,0.5723558610156548
12015,Charlotte,45637.0,5590.0,349.0,48.16029846196385,72.0,114.0,6.127012917488722,35.0,0.007647303722856454,0.0024979731358327675,235.0,0.005149330587023686,0.34190189538761895
27017,Carlton,3883.0,398.0,0.0,0.0,0.0,0.0,0.0,0.0,0.0,0.0,0.0,0.0,0.026057030481809244
31163,Sherman,33.0,7.0,0.0,0.0,0.0,0.0,0.0,0.0,0.0,0.0,0.0,0.0,0.6076555023923444
29141,Morgan,2437.0,398.0,20.0,1.5404872629663378,9.0,0.0,0.0,0.0,0.008206811653672548,0.0,20.0,0.008206811653672548,0.60286336756925
29145,Newton,9395.0,1129.0,560.0,148.54788273520955,22.0,20.0,1.3161609521423356,4.0,0.05960617349654071,0.0021287919105907396,540.0,0.05747738158594997,0.5924279263633206
46031,Corson,24.0,7.0,0.0,0.0,0.0,0.0,0.0,0.0,0.0,0.0,0.0,0.0,0.12078152753108348
36039,Greene,6440.0,893.0,28.0,18.283035500704344,5.0,0.0,0.0,0.0,0.004347826086956522,0.0,28.0,0.004347826086956522,0.16970323812554697
47083,Houston,188.0,27.0,0.0,0.0,0.0,0.0,0.0,0.0,0.0,0.0,0.0,0.0,0.5890483785220627
55133,Waukesha,222527.0,14571.0,30585.0,10609.105511189857,672.0,9749.0,3030.4731105777955,254.0,0.13744399556008935,0.04381041401717544,20836.0,0.0936335815429139,0.20015041696467414
72015,Arroyo,143.0,23.0,0.0,0.0,0.0,0.0,0.0,0.0,0.0,0.0,0.0,0.0,
21009,Barren,7778.0,857.0,210.0,79.3649881524781,10.0,0.0,0.0,0.0,0.026999228593468757,0.0,210.0,0.026999228593468757,0.5338031045751634
72123,Salinas,963.0,92.0,98.0,0.0,8.0,0.0,0.0,0.0,0.10176531671858775,0.0,98.0,0.10176531671858775,
29205,Shelby,214.0,49.0,30.0,0.019378708505584086,5.0,0.0,0.0,0.0,0.14018691588785046,0.0,30.0,0.14018691588785046,0.6605985806849738
29211,Sullivan,91.0,13.0,0.0,0.0,0.0,0.0,0.0,0.0,0.0,0.0,0.0,0.0,0.6659844453540729
48331,Milam,2504.0,221.0,6.0,0.0862523026672391,3.0,0.0,0.0,0.0,0.0023961661341853034,0.0,6.0,0.0023961661341853034,0.5878630860445418
48363,Palo Pinto,3476.0,400.0,40.0,15.025623688043144,3.0,0.0,0.0,0.0,0.011507479861910242,0.0,40.0,0.011507479861910242,0.6739836342382127
36041,Hamilton,209.0,47.0,0.0,0.0,0.0,0.0,0.0,0.0,0.0,0.0,0.0,0.0,0.2947000582411182
36093,Schenectady,34636.0,2977.0,1352.0,608.3942937139138,39.0,449.0,272.59308484632226,6.0,0.03903453054625245,0.012963390691765792,903.0,0.02607113985448666,-0.10818876554917164
28077,Lawrence,120.0,35.0,0.0,0.0,0.0,0.0,0.0,0.0,0.0,0.0,0.0,0.0,0.36826347305389223
22089,St. Charles,12106.0,968.0,1288.0,76.66767547621431,18.0,34.0,2.2430743296867743,5.0,0.10639352387245994,0.002808524698496613,1254.0,0.10358499917396333,0.3340352859600914
22093,St. James,2068.0,202.0,126.0,7.376461614826353,4.0,126.0,7.376461614826353,4.0,0.0609284332688588,0.0609284332688588,0.0,0.0,0.045967833922664535
20187,Stanton,85.0,6.0,0.0,0.0,0.0,0.0,0.0,0.0,0.0,0.0,0.0,0.0,0.647239263803681
23009,Hancock,15364.0,2271.0,309.0,124.35807841915637,41.0,0.0,0.0,0.0,0.020111950013017445,0.0,309.0,0.020111950013017445,-0.12061750735127799
27049,Goodhue,9961.0,941.0,1550.0,311.9149646151206,52.0,308.0,115.37048696736133,13.0,0.15560686678044372,0.030920590302178495,1242.0,0.12468627647826522,0.16777809307604993
13129,Gordon,11026.0,788.0,2136.0,681.3584870533962,46.0,190.0,61.95156326736527,13.0,0.19372392526754942,0.01723199709776891,1946.0,0.17649192816978052,0.6373694362557776
29007,Audrain,2661.0,301.0,0.0,0.0,0.0,0.0,0.0,0.0,0.0,0.0,0.0,0.0,0.4824299605275826
42015,Bradford,9872.0,984.0,526.0,186.74447290682687,21.0,393.0,105.30961760634476,9.0,0.05328200972447326,0.0398095623987034,133.0,0.013472447325769854,0.4832993824166586
46029,Codington,9643.0,1092.0,1262.0,477.05650069197964,43.0,206.0,40.71759030618951,9.0,0.13087213522762625,0.021362646479311416,1056.0,0.10950948874831484,0.4176965653195845
28097,Montgomery,363.0,53.0,0.0,0.0,0.0,0.0,0.0,0.0,0.0,0.0,0.0,0.0,0.20955631399317406
38009,Bottineau,734.0,121.0,116.0,49.9560748518127,25.0,0.0,0.0,0.0,0.15803814713896458,0.0,116.0,0.15803814713896458,0.5628902765388046
38011,Bowman,171.0,20.0,0.0,0.0,0.0,0.0,0.0,0.0,0.0,0.0,0.0,0.0,0.7397862979258328
29215,Texas,1773.0,332.0,32.0,6.835790014404216,5.0,0.0,0.0,0.0,0.01804850535815003,0.0,32.0,0.01804850535815003,0.7222998951415589
29219,Warren,3731.0,549.0,314.0,61.34052920813416,8.0,10.0,5.053760746832253,3.0,0.08415974269632806,0.002680246582685607,304.0,0.08147949611364246,0.5001257229067136
18045,Fountain,1298.0,164.0,0.0,0.0,0.0,0.0,0.0,0.0,0.0,0.0,0.0,0.0,0.6105652673216793
27065,Kanabec,1166.0,136.0,38.0,5.961995029290198,4.0,38.0,5.961995029290198,4.0,0.032590051457975985,0.032590051457975985,0.0,0.0,0.4299496644295302
21035,Calloway,3804.0,844.0,104.0,18.79640963705309,22.0,35.0,3.6376074446628337,3.0,0.027339642481598318,0.009200841219768665,69.0,0.01813880126182965,0.3860660660660661
21053,Clinton,351.0,90.0,0.0,0.0,0.0,0.0,0.0,0.0,0.0,0.0,0.0,0.0,0.7724352331606218
28111,Perry,186.0,26.0,0.0,0.0,0.0,0.0,0.0,0.0,0.0,0.0,0.0,0.0,0.6082137016172997
29045,Clark,145.0,28.0,33.0,0.021316579356142496,5.0,0.0,0.0,0.0,0.22758620689655173,0.0,33.0,0.22758620689655173,0.6201995766555791
29073,Gasconade,1602.0,260.0,201.0,31.812995227408024,15.0,0.0,0.0,0.0,0.1254681647940075,0.0,201.0,0.1254681647940075,0.6075709779179811
54077,Preston,2891.0,540.0,0.0,0.0,0.0,0.0,0.0,0.0,0.0,0.0,0.0,0.0,0.5819944794394508
35041,Roosevelt,1782.0,206.0,220.0,9.685838977810985,4.0,0.0,0.0,0.0,0.12345679012345678,0.0,220.0,0.12345679012345678,0.4406024281542954
44005,Newport,16628.0,2624.0,248.0,0.0,18.0,0.0,0.0,0.0,0.014914601876353139,0.0,248.0,0.014914601876353139,-0.2607301828916719
37073,Gates,124.0,44.0,30.0,0.7177009593734587,8.0,0.0,0.0,0.0,0.24193548387096775,0.0,30.0,0.24193548387096775,0.21873923527385464
38013,Burke,66.0,17.0,0.0,0.0,0.0,0.0,0.0,0.0,0.0,0.0,0.0,0.0,0.7497593840230992
19051,Davis,253.0,48.0,0.0,0.0,0.0,0.0,0.0,0.0,0.0,0.0,0.0,0.0,0.5503201024327785
05035,Crittenden,8712.0,663.0,109.0,0.5499390340065423,28.0,0.0,0.0,0.0,0.012511478420569329,0.0,109.0,0.012511478420569329,-0.023210562890896454
72003,Aguada,2498.0,404.0,28.0,0.0,13.0,0.0,0.0,0.0,0.01120896717373899,0.0,28.0,0.01120896717373899,
72107,Orocovis,568.0,97.0,23.0,0.0,4.0,23.0,0.0,4.0,0.040492957746478875,0.040492957746478875,0.0,0.0,
72125,San Germán,1965.0,222.0,38.0,0.0,12.0,18.0,0.0,4.0,0.019338422391857506,0.00916030534351145,20.0,0.010178117048346055,
51760,Richmond,112793.0,8248.0,1372.0,435.66337041150445,122.0,406.0,120.80490195484191,37.0,0.01216387541780075,0.003599514154247161,966.0,0.008564361263553588,-0.6777146315401272
53023,Garfield,,,,,,,,,,,,,
20003,Anderson,436.0,50.0,62.0,9.748849262744091,9.0,43.0,9.743596438946982,3.0,0.14220183486238533,0.09862385321100918,19.0,0.04357798165137615,0.6075067024128686
20047,Edwards,74.0,13.0,0.0,0.0,0.0,0.0,0.0,0.0,0.0,0.0,0.0,0.0,0.6605577689243027
20119,Meade,438.0,22.0,0.0,0.0,0.0,0.0,0.0,0.0,0.0,0.0,0.0,0.0,0.7048984468339307
20157,Republic,248.0,38.0,0.0,0.0,0.0,0.0,0.0,0.0,0.0,0.0,0.0,0.0,0.6695869837296621
50015,Lamoille,5845.0,1084.0,334.0,126.75630810877215,28.0,0.0,0.0,0.0,0.05714285714285714,0.0,334.0,0.05714285714285714,-0.36962149303855035
40059,Harper,104.0,20.0,0.0,0.0,0.0,0.0,0.0,0.0,0.0,0.0,0.0,0.0,0.7945492662473794
72043,Coamo,1071.0,163.0,163.0,0.0,24.0,0.0,0.0,0.0,0.15219421101774042,0.0,163.0,0.15219421101774042,
31063,Frontier,,,,,,,,,,,,,
41029,Jackson,68556.0,7338.0,4553.0,2380.540333432429,335.0,450.0,109.51022495491085,46.0,0.06641285956006768,0.00656397689480133,4103.0,0.05984888266526635,0.06629939209726443
16011,Bingham,7457.0,1079.0,1113.0,90.46558092906983,91.0,66.0,33.272030465261295,4.0,0.14925573286844576,0.008850744267131554,1047.0,0.1404049886013142,0.6134755307485299
72029,Canóvanas,1653.0,173.0,14.0,0.0,3.0,0.0,0.0,0.0,0.008469449485783424,0.0,14.0,0.008469449485783424,
38069,Pierce,201.0,44.0,8.0,2.136742019394281,4.0,0.0,0.0,0.0,0.03980099502487562,0.0,8.0,0.03980099502487562,0.5455486542443064
39005,Ashland,9548.0,759.0,1257.0,482.95128714514766,36.0,628.0,273.42542304814737,22.0,0.13165060745705906,0.06577293674067868,629.0,0.06587767071638038,0.5043738402696255
17095,Knox,6436.0,558.0,107.0,3.2515785962321813,33.0,15.0,2.599713124991743,4.0,0.016625233064014915,0.0023306401491609697,92.0,0.014294592914853944,0.09556423810618249
21157,Marshall,6282.0,672.0,0.0,0.0,0.0,0.0,0.0,0.0,0.0,0.0,0.0,0.0,0.5741497381596363
40139,Texas,2649.0,285.0,73.0,0.14479836294120987,20.0,0.0,0.0,0.0,0.027557568893922236,0.0,73.0,0.027557568893922236,0.6897496087636933
48137,Edwards,,,,,,,,,,,,,
48217,Hill,4507.0,460.0,164.0,37.170331336735,33.0,98.0,36.79142379008289,5.0,0.03638784113601065,0.02174395384956734,66.0,0.014643887286443311,0.6491542975491889
48299,Llano,1661.0,262.0,0.0,0.0,0.0,0.0,0.0,0.0,0.0,0.0,0.0,0.0,0.6146658781785925
18011,Boone,36214.0,2276.0,955.0,486.14923541672016,42.0,0.0,0.0,0.0,0.026371016733859835,0.0,955.0,0.026371016733859835,0.16334742525339987
20121,Miami,3932.0,579.0,64.0,35.11798454841244,10.0,0.0,0.0,0.0,0.01627670396744659,0.0,64.0,0.01627670396744659,0.40281567172323474
31143,Polk,262.0,31.0,0.0,0.0,0.0,0.0,0.0,0.0,0.0,0.0,0.0,0.0,0.6417590275294959
32005,Douglas,11958.0,1792.0,845.0,36.74446058430402,11.0,0.0,0.0,0.0,0.07066399063388526,0.0,845.0,0.07066399063388526,0.3358436332279391
31087,Hitchcock,93.0,16.0,18.0,0.2879426472910225,5.0,0.0,0.0,0.0,0.1935483870967742,0.0,18.0,0.1935483870967742,0.7860661505981703
31117,McPherson,,,,,,,,,,,,,
42109,Snyder,8824.0,676.0,1451.0,445.1793840004758,41.0,1190.0,306.6565961927332,26.0,0.16443789664551223,0.13485947416137806,261.0,0.02957842248413417,0.47354670150228606
23005,Cumberland,154753.0,16412.0,5301.0,2345.839204112104,416.0,985.0,354.4673540213814,86.0,0.03425458634081407,0.006364981615865282,4316.0,0.027889604724948787,-0.3618644744193471
17035,Cumberland,543.0,32.0,0.0,0.0,0.0,0.0,0.0,0.0,0.0,0.0,0.0,0.0,0.6275061554695744
17039,De Witt,1359.0,121.0,63.0,28.824966787474416,3.0,0.0,0.0,0.0,0.046357615894039736,0.0,63.0,0.046357615894039736,0.45749308026888097
20041,Dickinson,1573.0,248.0,0.0,0.0,0.0,0.0,0.0,0.0,0.0,0.0,0.0,0.0,0.5581472842385872
20137,Norton,198.0,26.0,0.0,0.0,0.0,0.0,0.0,0.0,0.0,0.0,0.0,0.0,0.6894075403949731
42025,Carbon,8847.0,929.0,27.0,16.609822472579435,6.0,8.0,1.2125349225206918,3.0,0.003051881993896236,0.0009042613315248107,19.0,0.0021476206623714253,0.35080622186769983
20179,Sheridan,87.0,16.0,23.0,0.0,7.0,0.0,0.0,0.0,0.26436781609195403,0.0,23.0,0.26436781609195403,0.8140221402214022
26151,Sanilac,4048.0,507.0,837.0,249.9914068433761,61.0,651.0,193.83969934213604,15.0,0.2067687747035573,0.16082015810276679,186.0,0.045948616600790526,0.48283196596779093
17079,Jasper,543.0,84.0,10.0,0.07085494252613458,5.0,0.0,0.0,0.0,0.01841620626151013,0.0,10.0,0.01841620626151013,0.65976496922216
51021,Bland,,,,,,,,,,,,,
40109,Oklahoma,402833.0,32317.0,17882.0,4561.078873714683,643.0,6804.0,3270.9543881254726,181.0,0.04439060355035462,0.016890373926664398,11078.0,0.02750022962369022,0.017171470358054726
40083,Logan,4252.0,558.0,0.0,0.0,0.0,0.0,0.0,0.0,0.0,0.0,0.0,0.0,0.5009514144361283
40137,Stephens,6383.0,748.0,98.0,17.742994667396797,13.0,98.0,17.742994667396797,13.0,0.015353282155726148,0.015353282155726148,0.0,0.0,0.6468790920995199
29123,Madison,668.0,139.0,0.0,0.0,0.0,0.0,0.0,0.0,0.0,0.0,0.0,0.0,0.6544594357806203
29187,St. Francois,12585.0,1589.0,118.0,59.63437681262059,4.0,118.0,59.63437681262059,4.0,0.009376241557409615,0.009376241557409615,0.0,0.0,0.5192009035719328
72119,Río Grande,1666.0,185.0,36.0,0.0,4.0,0.0,0.0,0.0,0.021608643457382955,0.0,36.0,0.021608643457382955,
41041,Lincoln,9985.0,1352.0,91.0,50.03594076540123,18.0,9.0,0.8082856940185769,4.0,0.009113670505758637,0.000901352028042063,82.0,0.008212318477716574,-0.19011023402997532
17155,Putnam,198.0,24.0,0.0,0.0,0.0,0.0,0.0,0.0,0.0,0.0,0.0,0.0,0.23255813953488372
18023,Clinton,2840.0,319.0,290.0,78.350873435795,8.0,271.0,66.43145852697224,4.0,0.10211267605633803,0.0954225352112676,19.0,0.0066901408450704275,0.48787061994609165
18063,Hendricks,58586.0,3880.0,860.0,435.4823545203564,66.0,178.0,57.09264236202383,17.0,0.01467927491209504,0.0030382685283173454,682.0,0.011641006383777694,0.2186780905752754
18145,Shelby,7061.0,706.0,491.0,188.82907413031407,39.0,126.0,30.88695119704244,8.0,0.06953689279138932,0.017844497946466507,365.0,0.051692394844922815,0.4889908729954107
26161,Washtenaw,116227.0,9234.0,8060.0,2751.7151468927577,352.0,1359.0,310.33676553630914,94.0,0.06934705361060683,0.011692635962383955,6701.0,0.05765441764822288,-0.45513805811218727
38041,Hettinger,196.0,45.0,35.0,9.34824633484998,20.0,0.0,0.0,0.0,0.17857142857142858,0.0,35.0,0.17857142857142858,0.7002341920374707
40063,Hughes,238.0,35.0,0.0,0.0,0.0,0.0,0.0,0.0,0.0,0.0,0.0,0.0,0.6367213114754099
35023,Hidalgo,22.0,8.0,18.0,7.646181109304476,4.0,0.0,0.0,0.0,0.8181818181818182,0.0,18.0,0.8181818181818182,0.23577235772357724
37157,Rockingham,11313.0,1316.0,133.0,37.16859745305585,19.0,0.0,0.0,0.0,0.011756386458057103,0.0,133.0,0.011756386458057103,0.3617653644932109
37195,Wilson,18775.0,1604.0,300.0,30.308559395512212,36.0,54.0,27.294215366143685,5.0,0.015978695073235686,0.0028761651131824235,246.0,0.013102529960053262,-0.004009178244534658
72027,Camuy,1511.0,236.0,53.0,0.0,7.0,13.0,0.0,4.0,0.03507610853739246,0.008603573792190603,40.0,0.026472534745201858,
31181,Webster,84.0,13.0,28.0,0.4479107846749239,7.0,0.0,0.0,0.0,0.3333333333333333,0.0,28.0,0.3333333333333333,0.6607449856733524
37151,Randolph,28684.0,2672.0,5663.0,1593.4641907318683,198.0,1805.0,502.89872718934254,74.0,0.19742713707990517,0.06292706735462279,3858.0,0.1345000697252824,0.5763796674988049
17101,Lawrence,513.0,69.0,74.0,0.5243265746933959,12.0,0.0,0.0,0.0,0.1442495126705653,0.0,74.0,0.1442495126705653,0.5721907302434145
12003,Baker,2444.0,276.0,30.0,13.349472632802803,3.0,0.0,0.0,0.0,0.012274959083469721,0.0,30.0,0.012274959083469721,0.7341024953045345
53003,Asotin,1996.0,255.0,35.0,8.014089364782475,18.0,0.0,0.0,0.0,0.01753507014028056,0.0,35.0,0.01753507014028056,0.26357568103914847
19011,Benton,2205.0,367.0,0.0,0.0,0.0,0.0,0.0,0.0,0.0,0.0,0.0,0.0,0.3366461366181411
31007,Banner,,,,,,,,,,,,,
40025,Cimarron,120.0,7.0,0.0,0.0,0.0,0.0,0.0,0.0,0.0,0.0,0.0,0.0,0.857451403887689
40147,Washington,8224.0,905.0,69.0,14.423331494886122,8.0,27.0,4.888376081833812,4.0,0.008390077821011673,0.0032830739299610895,42.0,0.005107003891050583,0.4880021211719475
41053,Polk,11869.0,1793.0,770.0,327.7242358144687,85.0,204.0,128.78959739879144,14.0,0.06487488415199258,0.01718763164546297,566.0,0.04768725250652961,0.03785860879437579
51840,Winchester,12833.0,1164.0,93.0,27.431718658100635,10.0,0.0,0.0,0.0,0.0072469414789994545,0.0,93.0,0.0072469414789994545,-0.09906509992280642
13175,Laurens,8726.0,826.0,401.0,42.29132578151372,21.0,243.0,19.12177970377482,11.0,0.045954618381847355,0.027847811139124455,158.0,0.0181068072427229,0.3281786941580756
08123,Weld,93300.0,9312.0,7729.0,2621.6427082672735,358.0,3798.0,1517.70456039477,120.0,0.08284030010718113,0.040707395498392286,3931.0,0.042132904608788845,0.2152538793866032
27009,Benton,8501.0,602.0,584.0,94.95977423162633,14.0,69.0,3.9218738272860207,5.0,0.06869780025879309,0.008116692153864251,515.0,0.06058110810492884,0.3659147869674185
27057,Hubbard,2331.0,293.0,69.0,52.177715621874064,3.0,0.0,0.0,0.0,0.029601029601029602,0.0,69.0,0.029601029601029602,0.32019482952416634
26069,Iosco,1439.0,260.0,22.0,6.248167961306483,4.0,0.0,0.0,0.0,0.015288394718554551,0.0,22.0,0.015288394718554551,0.31040712304019613
18135,Randolph,2408.0,283.0,111.0,31.92399353133551,20.0,55.0,13.482399332042334,6.0,0.04609634551495016,0.022840531561461794,56.0,0.02325581395348837,0.5463937433619774
31027,Cedar,1034.0,149.0,0.0,0.0,0.0,0.0,0.0,0.0,0.0,0.0,0.0,0.0,0.7100970472847409
31043,Dakota,4473.0,284.0,68.0,44.6249319936256,8.0,52.0,41.7236139436736,4.0,0.01520232506147999,0.011625307399955287,16.0,0.003577017661524703,0.3020023167301009
55045,Green,7197.0,826.0,1827.0,470.6232750218903,33.0,271.0,71.74848119745202,7.0,0.2538557732388495,0.037654578296512434,1556.0,0.21620119494233708,-0.002759128115515497
46025,Clark,139.0,29.0,0.0,0.0,0.0,0.0,0.0,0.0,0.0,0.0,0.0,0.0,0.5381190873678353
17117,Macoupin,3964.0,511.0,135.0,8.40029089744376,28.0,54.0,7.826365862982071,5.0,0.03405650857719475,0.013622603430877902,81.0,0.02043390514631685,0.3995731149540445
56009,Converse,2238.0,341.0,0.0,0.0,0.0,0.0,0.0,0.0,0.0,0.0,0.0,0.0,0.7439781851234661
72049,Culebra,51.0,10.0,0.0,0.0,0.0,0.0,0.0,0.0,0.0,0.0,0.0,0.0,
72095,Maunabo,25.0,8.0,0.0,0.0,0.0,0.0,0.0,0.0,0.0,0.0,0.0,0.0,
42077,Lehigh,145648.0,8243.0,8096.0,4387.555784349656,217.0,2123.0,996.1574982622531,61.0,0.055586070526200154,0.014576238602658465,5973.0,0.04100983192354169,-0.027249845353128133
49053,Washington,68070.0,7713.0,2369.0,794.7048379847823,173.0,1125.0,315.93449173419265,73.0,0.034802409284560014,0.016527104451300133,1244.0,0.01827530483325988,0.5323796757843589
18153,Sullivan,1133.0,152.0,42.0,17.957045449274876,12.0,0.0,0.0,0.0,0.037069726390114736,0.0,42.0,0.037069726390114736,0.5359167148640833
19123,Mahaska,2361.0,305.0,99.0,16.521007844969787,17.0,0.0,0.0,0.0,0.04193138500635324,0.0,99.0,0.04193138500635324,0.331980848819281
21117,Kenton,52265.0,5447.0,2613.0,1068.1067171055922,171.0,259.0,69.16611453725888,53.0,0.04999521668420549,0.004955515163111069,2354.0,0.045039701521094426,0.22174444850762265
29186,Ste. Genevieve,2333.0,269.0,360.0,70.8605670613939,17.0,0.0,0.0,0.0,0.15430775825117873,0.0,360.0,0.15430775825117873,0.4556935817805383
72009,Aibonito,1643.0,174.0,139.0,0.0,21.0,0.0,0.0,0.0,0.08460133901399879,0.0,139.0,0.08460133901399879,
31099,Kearney,72.0,25.0,0.0,0.0,0.0,0.0,0.0,0.0,0.0,0.0,0.0,0.0,0.5869809203142536
21105,Hickman,23.0,3.0,0.0,0.0,0.0,0.0,0.0,0.0,0.0,0.0,0.0,0.0,0.615609756097561
13247,Rockdale,21338.0,2149.0,372.0,168.5459007946594,26.0,289.0,154.95945654647926,8.0,0.017433686381104135,0.013543912269191114,83.0,0.003889774111913021,-0.47807291202424457
17077,Jackson,8351.0,752.0,112.0,20.468876757186763,21.0,21.0,10.317116649716692,4.0,0.013411567476948869,0.002514668901927913,91.0,0.010896898575020957,-0.03544165757906216
18183,Whitley,4053.0,377.0,841.0,226.57897987165774,27.0,667.0,163.50473371767703,8.0,0.20750061682704168,0.16456945472489515,174.0,0.042931162102146536,0.5085359544749095
27007,Beltrami,8878.0,862.0,0.0,0.0,0.0,0.0,0.0,0.0,0.0,0.0,0.0,0.0,0.05760321430035669
19015,Boone,3400.0,406.0,175.0,17.887313703434017,24.0,0.0,0.0,0.0,0.051470588235294115,0.0,175.0,0.051470588235294115,0.21889492513581554
31045,Dawes,911.0,108.0,0.0,0.0,0.0,0.0,0.0,0.0,0.0,0.0,0.0,0.0,0.4784437434279706
29229,Wright,1858.0,365.0,15.0,5.599683544265435,9.0,0.0,0.0,0.0,0.008073196986006458,0.0,15.0,0.008073196986006458,0.7626585831368586
30041,Hill,1823.0,249.0,0.0,0.0,0.0,0.0,0.0,0.0,0.0,0.0,0.0,0.0,0.19016141429669486
31005,Arthur,,,,,,,,,,,,,
12043,Glades,333.0,33.0,98.0,33.87142756661658,14.0,0.0,0.0,0.0,0.29429429429429427,0.0,98.0,0.29429429429429427,0.5350076103500762
39015,Brown,3594.0,445.0,27.0,4.470899970296144,4.0,27.0,4.470899970296144,4.0,0.007512520868113523,0.007512520868113523,0.0,0.0,0.6184000750257901
35025,Lea,22447.0,1688.0,80.0,1.3005931613197694,15.0,62.0,0.8906170225652167,11.0,0.0035639506392836457,0.0027620617454448258,18.0,0.00080188889383882,0.6244086586706169
38031,Foster,347.0,50.0,16.0,4.273484038788562,6.0,0.0,0.0,0.0,0.04610951008645533,0.0,16.0,0.04610951008645533,0.596628537025888
13147,Hart,2246.0,286.0,188.0,93.87670713475715,8.0,162.0,89.80351377978657,4.0,0.08370436331255565,0.07212822796081923,26.0,0.011576135351736419,0.5502311895754519
05097,Montgomery,60.0,27.0,0.0,0.0,0.0,0.0,0.0,0.0,0.0,0.0,0.0,0.0,0.6448237885462555
06105,Trinity,307.0,45.0,23.0,3.6848319683730537,4.0,0.0,0.0,0.0,0.0749185667752443,0.0,23.0,0.0749185667752443,0.09764185703758291
08107,Routt,10828.0,1695.0,67.0,38.6651377193614,12.0,16.0,2.104651694627205,5.0,0.0061876616180273365,0.0014776505356483192,51.0,0.004710011082379017,-0.2853185595567867
12103,Pinellas,391261.0,40227.0,23669.0,1711.3255229533013,1235.0,5495.0,427.7285191803295,405.0,0.06049414585149044,0.0140443335778419,18174.0,0.04644981227364854,0.05278127222009517
13017,Ben Hill,1155.0,109.0,646.0,212.11090907570872,8.0,446.0,204.75479819475876,4.0,0.5593073593073593,0.38614718614718613,200.0,0.17316017316017318,0.3212962962962963
51183,Sussex,414.0,45.0,0.0,0.0,0.0,0.0,0.0,0.0,0.0,0.0,0.0,0.0,-0.0446410203661798
13071,Colquitt,6484.0,718.0,1254.0,433.2373059540696,57.0,492.0,50.141267763002894,15.0,0.1933991363355953,0.07587908698334361,762.0,0.11752004935225169,0.5032900694234832
41063,Wallowa,705.0,159.0,42.0,6.164714323387275,12.0,0.0,0.0,0.0,0.059574468085106386,0.0,42.0,0.059574468085106386,0.36302895322939865
39029,Columbiana,17671.0,1662.0,3515.0,1274.9557242437636,125.0,1667.0,635.4314917079278,57.0,0.19891347405353405,0.09433535170618527,1848.0,0.10457812234734877,0.4938641941641669
48027,Bell,93174.0,5929.0,5237.0,636.898494987408,127.0,1998.0,232.41873247257377,39.0,0.056206667095970976,0.021443750402472792,3239.0,0.03476291669349818,0.16296499405904397
19065,Fayette,2482.0,338.0,0.0,0.0,0.0,0.0,0.0,0.0,0.0,0.0,0.0,0.0,0.3096593850295062
19093,Ida,637.0,88.0,86.0,52.82901011717601,3.0,0.0,0.0,0.0,0.13500784929356358,0.0,86.0,0.13500784929356358,0.540728384765082
13033,Burke,1962.0,239.0,42.0,0.0,6.0,0.0,0.0,0.0,0.021406727828746176,0.0,42.0,0.021406727828746176,0.09373015152889938
48375,Potter,48975.0,3460.0,846.0,150.83205014481592,63.0,329.0,76.69026441763594,32.0,0.017274119448698316,0.0067177131189382336,517.0,0.010556406329760081,0.45414333107409127
48461,Upton,366.0,19.0,0.0,0.0,0.0,0.0,0.0,0.0,0.0,0.0,0.0,0.0,0.7726495726495727
48495,Winkler,2505.0,106.0,758.0,44.54043244897364,8.0,0.0,0.0,0.0,0.3025948103792415,0.0,758.0,0.3025948103792415,0.7163166397415186
19119,Lyon,1814.0,274.0,64.0,2.8438114456891466,18.0,0.0,0.0,0.0,0.03528114663726571,0.0,64.0,0.03528114663726571,0.7044206876625253
17087,Johnson,277.0,34.0,0.0,0.0,0.0,0.0,0.0,0.0,0.0,0.0,0.0,0.0,0.5890048021195562
51590,Danville,13796.0,1435.0,85.0,43.35324581536148,4.0,0.0,0.0,0.0,0.0061612061467091915,0.0,85.0,0.0061612061467091915,-0.21251927580101662
27079,Le Sueur,2832.0,430.0,266.0,80.95727838947052,15.0,0.0,0.0,0.0,0.09392655367231638,0.0,266.0,0.09392655367231638,0.3423186883715503
42087,Mifflin,8515.0,756.0,646.0,180.09104767964965,37.0,583.0,133.08880147420717,27.0,0.07586611861421022,0.06846741045214327,63.0,0.007398708162066947,0.5679547424608787
20007,Barber,235.0,57.0,0.0,0.0,0.0,0.0,0.0,0.0,0.0,0.0,0.0,0.0,0.7310924369747899
20117,Marshall,704.0,130.0,0.0,0.0,0.0,0.0,0.0,0.0,0.0,0.0,0.0,0.0,0.5029903072798515
19121,Madison,1265.0,261.0,7.0,0.3110418768722504,3.0,0.0,0.0,0.0,0.005533596837944664,0.0,7.0,0.005533596837944664,0.3905996758508914
19151,Pocahontas,203.0,40.0,40.0,1.7773821535557166,14.0,0.0,0.0,0.0,0.19704433497536947,0.0,40.0,0.19704433497536947,0.5481124042009651
72067,Hormigueros,693.0,77.0,0.0,0.0,0.0,0.0,0.0,0.0,0.0,0.0,0.0,0.0,
19179,Wapello,5861.0,503.0,18.0,12.933342107053381,3.0,0.0,0.0,0.0,0.0030711482682136155,0.0,18.0,0.0030711482682136155,0.31881739130434783
27039,Dodge,963.0,171.0,0.0,0.0,0.0,0.0,0.0,0.0,0.0,0.0,0.0,0.0,0.32672293698270916
27063,Jackson,564.0,120.0,0.0,0.0,0.0,0.0,0.0,0.0,0.0,0.0,0.0,0.0,0.42820976491862567
48415,Scurry,2014.0,187.0,0.0,0.0,0.0,0.0,0.0,0.0,0.0,0.0,0.0,0.0,0.7483271746729252
27111,Otter Tail,12242.0,1422.0,918.0,428.4794814833664,49.0,152.0,88.9109725302134,9.0,0.07498774710014704,0.012416271851004738,766.0,0.0625714752491423,0.34761851892972134
27165,Watonwan,863.0,119.0,10.0,1.6165655015197158,3.0,0.0,0.0,0.0,0.011587485515643106,0.0,10.0,0.011587485515643106,0.2835758835758836
72091,Manatí,4370.0,444.0,12.0,0.0,3.0,0.0,0.0,0.0,0.002745995423340961,0.0,12.0,0.002745995423340961,
19107,Keokuk,583.0,95.0,0.0,0.0,0.0,0.0,0.0,0.0,0.0,0.0,0.0,0.0,0.4254398084185318
20207,Woodson,57.0,13.0,18.0,0.004976359386734936,5.0,0.0,0.0,0.0,0.3157894736842105,0.0,18.0,0.3157894736842105,0.620712844653665
21061,Edmonson,296.0,29.0,0.0,0.0,0.0,0.0,0.0,0.0,0.0,0.0,0.0,0.0,0.6373662017515407
38079,Rolette,627.0,104.0,0.0,0.0,0.0,0.0,0.0,0.0,0.0,0.0,0.0,0.0,-0.28542814221331997
48193,Hamilton,258.0,53.0,0.0,0.0,0.0,0.0,0.0,0.0,0.0,0.0,0.0,0.0,0.7233659289758106
48433,Stonewall,,,,,,,,,,,,,
48505,Zapata,337.0,38.0,0.0,0.0,0.0,0.0,0.0,0.0,0.0,0.0,0.0,0.0,0.22232939474318786
13297,Walton,14847.0,1910.0,173.0,45.11614469664263,17.0,139.0,39.28090965103786,10.0,0.011652185626725937,0.009362160705866505,34.0,0.002290024920859432,0.46200786044266706
15005,Kalawao,,,,,,,,,,,,,
19033,Cerro Gordo,13340.0,1258.0,240.0,130.72614137949256,21.0,14.0,7.218505496615659,3.0,0.017991004497751123,0.0010494752623688155,226.0,0.016941529235382308,0.11832432911168186
17201,Winnebago,95177.0,5294.0,14232.0,4096.677662584558,404.0,6291.0,1667.4963635012186,204.0,0.1495319247297141,0.06609790180400726,7941.0,0.08343402292570684,-0.005746692505809612
19059,Dickinson,4052.0,537.0,55.0,27.072232405963838,14.0,0.0,0.0,0.0,0.013573543928923988,0.0,55.0,0.013573543928923988,0.4044436416184971
19183,Washington,3614.0,511.0,58.0,3.7322914699824103,16.0,0.0,0.0,0.0,0.016048699501936912,0.0,58.0,0.016048699501936912,0.2471969166082691
20075,Hamilton,684.0,17.0,0.0,0.0,0.0,0.0,0.0,0.0,0.0,0.0,0.0,0.0,0.6733167082294265
01011,Bullock,151.0,15.0,0.0,0.0,0.0,0.0,0.0,0.0,0.0,0.0,0.0,0.0,-0.460822722820764
39113,Montgomery,202728.0,12493.0,16123.0,5813.084060693054,521.0,3831.0,1229.656667872351,190.0,0.0795302079633795,0.018897241624245293,12292.0,0.06063296633913422,-0.004759583566160589
18167,Vigo,29720.0,2112.0,3070.0,1161.8334922680574,61.0,408.0,159.80414010336455,19.0,0.10329744279946164,0.013728129205921938,2662.0,0.0895693135935397,0.18464916658349137
37067,Forsyth,133365.0,10749.0,7561.0,1989.9616532517396,210.0,3039.0,1051.593713177754,65.0,0.05669403516664792,0.022787088066584187,4522.0,0.033906947100063735,-0.13330718785525997
19063,Emmet,886.0,130.0,0.0,0.0,0.0,0.0,0.0,0.0,0.0,0.0,0.0,0.0,0.4447962845682922
27115,Pine,2367.0,348.0,93.0,5.286003854168115,5.0,93.0,5.286003854168115,5.0,0.03929024081115336,0.03929024081115336,0.0,0.0,0.35725034611448864
13231,Pike,1279.0,183.0,0.0,0.0,0.0,0.0,0.0,0.0,0.0,0.0,0.0,0.0,0.7365728900255755
26021,Berrien,35433.0,3537.0,6469.0,2657.0741594127326,281.0,2260.0,743.569765557061,95.0,0.18256992069539696,0.0637823497869218,4209.0,0.11878757090847517,0.0798578597325266
39141,Ross,14627.0,1172.0,427.0,289.8694991069218,22.0,343.0,251.42142528769241,8.0,0.029192589047651603,0.023449784644834895,84.0,0.005742804402816708,0.39682053481177443
51820,Waynesboro,3822.0,450.0,0.0,0.0,0.0,0.0,0.0,0.0,0.0,0.0,0.0,0.0,0.05772343103758317
48059,Callahan,1090.0,142.0,0.0,0.0,0.0,0.0,0.0,0.0,0.0,0.0,0.0,0.0,0.7833870967741936
55033,Dunn,9352.0,796.0,1303.0,592.6761918872093,35.0,510.0,273.23384524143046,13.0,0.1393284858853721,0.05453378956372968,793.0,0.08479469632164244,0.1609444597737396
72139,Trujillo Alto,3638.0,418.0,101.0,0.0,11.0,50.0,0.0,4.0,0.027762506871907643,0.013743815283122594,51.0,0.014018691588785048,
28045,Hancock,7172.0,745.0,24.0,8.07975343042888,4.0,0.0,0.0,0.0,0.0033463469046291134,0.0,24.0,0.0033463469046291134,0.5930487921321493
27143,Sibley,804.0,165.0,61.0,9.861049559270267,15.0,0.0,0.0,0.0,0.07587064676616916,0.0,61.0,0.07587064676616916,0.43789599521817096
20039,Decatur,86.0,10.0,0.0,0.0,0.0,0.0,0.0,0.0,0.0,0.0,0.0,0.0,0.6997206703910615
27105,Nobles,3109.0,317.0,266.0,152.90002843344337,9.0,208.0,139.48462358930914,4.0,0.08555805725313606,0.06690254100997105,58.0,0.018655516243165013,0.3614250614250614
72073,Jayuya,231.0,59.0,118.0,0.0,33.0,0.0,0.0,0.0,0.5108225108225108,0.0,118.0,0.5108225108225108,
19177,Van Buren,214.0,54.0,0.0,0.0,0.0,0.0,0.0,0.0,0.0,0.0,0.0,0.0,0.5632893628964356
20011,Bourbon,1268.0,150.0,354.0,194.24635203340628,5.0,0.0,0.0,0.0,0.27917981072555204,0.0,354.0,0.27917981072555204,0.5520397083915
55087,Outagamie,79647.0,5568.0,10792.0,4020.658937253357,235.0,2944.0,990.8431971703411,94.0,0.13549788441498112,0.0369630996773262,7848.0,0.09853478473765492,0.10328753457579468
39063,Hancock,23864.0,1435.0,1723.0,1215.452956637696,33.0,0.0,0.0,0.0,0.07220080455916862,0.0,1723.0,0.07220080455916862,0.38873637357072416
39149,Shelby,11433.0,745.0,2424.0,884.8105902445013,58.0,1005.0,551.6238591441451,29.0,0.21201784308580426,0.08790343741800052,1419.0,0.12411440566780374,0.6532483060980471
28079,Leake,809.0,121.0,0.0,0.0,0.0,0.0,0.0,0.0,0.0,0.0,0.0,0.0,0.23555555555555555
29155,Pemiscot,1941.0,744.0,205.0,24.597535385083788,44.0,0.0,0.0,0.0,0.1056156620298815,0.0,205.0,0.1056156620298815,0.4927591463414634
54053,Mason,1207.0,187.0,0.0,0.0,0.0,0.0,0.0,0.0,0.0,0.0,0.0,0.0,0.591801218215218
27149,Stevens,1898.0,153.0,68.0,10.992645410334069,25.0,0.0,0.0,0.0,0.03582718651211802,0.0,68.0,0.03582718651211802,0.275
36023,Cortland,7350.0,718.0,293.0,47.5827040761624,8.0,293.0,47.5827040761624,8.0,0.039863945578231294,0.039863945578231294,0.0,0.0,0.06437534097108565
01003,Baldwin,68462.0,8853.0,2257.0,371.7478274044747,223.0,834.0,158.12235626779648,61.0,0.03296719347959452,0.012181940346469574,1423.0,0.02078525313312495,0.5869529205181725
01109,Pike,3099.0,409.0,11.0,4.271879574676,4.0,0.0,0.0,0.0,0.0035495321071313327,0.0,11.0,0.0035495321071313327,0.2533719423912215
04015,Mohave,42148.0,4623.0,442.0,46.00819661724442,76.0,207.0,26.713848833810253,41.0,0.01048685584132106,0.004911265065958053,235.0,0.0055755907753630065,0.5612222586640429
05091,Miller,5466.0,616.0,0.0,0.0,0.0,0.0,0.0,0.0,0.0,0.0,0.0,0.0,0.5171353532765358
72063,Gurabo,2179.0,231.0,9.0,0.0,3.0,0.0,0.0,0.0,0.004130335016062414,0.0,9.0,0.004130335016062414,
55017,Chippewa,16044.0,1632.0,2446.0,914.3241427333406,75.0,832.0,391.40094832842635,28.0,0.1524557466965844,0.051857392171528294,1614.0,0.10059835452505611,0.2324344253660592
55019,Clark,5811.0,604.0,1992.0,656.9167314088147,45.0,387.0,204.87234690961364,12.0,0.3427981414558596,0.06659783169850284,1605.0,0.27620030975735677,0.39839893262174786
38047,Logan,26.0,10.0,26.0,6.944411563031414,10.0,0.0,0.0,0.0,1.0,0.0,26.0,1.0,0.7694581280788177
38049,McHenry,186.0,35.0,0.0,0.0,0.0,0.0,0.0,0.0,0.0,0.0,0.0,0.0,0.6454478164322723
47171,Unicoi,695.0,87.0,0.0,0.0,0.0,0.0,0.0,0.0,0.0,0.0,0.0,0.0,0.6266855926188787
26059,Hillsdale,3503.0,438.0,56.0,21.59205844018543,12.0,14.0,2.6431813358705982,4.0,0.01598629745932058,0.003996574364830145,42.0,0.011989723094490437,0.5205255855708806
28139,Tippah,1115.0,105.0,251.0,95.57844131421459,5.0,0.0,0.0,0.0,0.22511210762331837,0.0,251.0,0.22511210762331837,0.6753750918056867
26029,Charlevoix,4762.0,571.0,1366.0,253.0786353902592,19.0,27.0,5.097564004893297,6.0,0.2868542629147417,0.005669886602267955,1339.0,0.2811843763124737,0.17180667433831992
26111,Midland,25022.0,3724.0,171.0,55.76739935100907,19.0,0.0,0.0,0.0,0.00683398609223883,0.0,171.0,0.00683398609223883,0.15445380528112815
35059,Union,165.0,33.0,0.0,0.0,0.0,0.0,0.0,0.0,0.0,0.0,0.0,0.0,0.5347692307692308
39085,Lake,78305.0,6067.0,19035.0,6091.476862598275,499.0,7903.0,2658.752743848207,260.0,0.2430879254198327,0.10092586680288615,11132.0,0.14216205861694656,0.1447318849679769
35031,McKinley,9208.0,781.0,0.0,0.0,0.0,0.0,0.0,0.0,0.0,0.0,0.0,0.0,-0.25312063808574276
41071,Yamhill,25921.0,3106.0,6020.0,2640.4147786408043,370.0,515.0,233.66665907270144,29.0,0.23224412638401296,0.019868060645808417,5505.0,0.21237606573820453,0.06345977280501197
27025,Chisago,8374.0,958.0,939.0,173.72624475870794,30.0,382.0,63.86597910366181,22.0,0.11213279197516121,0.04561738715070456,557.0,0.06651540482445664,0.3191952147906471
12085,Martin,62335.0,7108.0,2450.0,274.6037481013758,194.0,473.0,23.258087986649198,55.0,0.039303761931499155,0.007588032405550654,1977.0,0.031715729525948505,0.313147655130043
40029,Coal,61.0,4.0,0.0,0.0,0.0,0.0,0.0,0.0,0.0,0.0,0.0,0.0,0.724
28009,Benton,26.0,6.0,0.0,0.0,0.0,0.0,0.0,0.0,0.0,0.0,0.0,0.0,0.3158577731637685
33011,Hillsborough,168265.0,11750.0,16491.0,2267.2713727933815,369.0,4745.0,906.4343492537221,129.0,0.09800612129676403,0.028199566160520606,11746.0,0.06980655513624343,-0.02910762326010579
36001,Albany,148303.0,10490.0,2633.0,984.2887215157781,133.0,408.0,73.14453704951855,31.0,0.017754192430362165,0.0027511243872342436,2225.0,0.015003068043127921,-0.2584387253736009
23029,Washington,3024.0,443.0,466.0,326.19009839241784,36.0,138.0,45.077319073361934,10.0,0.1541005291005291,0.04563492063492063,328.0,0.10846560846560846,0.2385723936050439
50023,Washington,19475.0,2654.0,1258.0,822.4502721042387,53.0,0.0,0.0,0.0,0.06459563543003852,0.0,1258.0,0.06459563543003852,-0.4489868257812962
01127,Walker,7764.0,962.0,912.0,102.14474792019416,23.0,327.0,40.966166579698715,11.0,0.11746522411128284,0.042117465224111285,585.0,0.07534775888717155,0.7225191097882703
02164,Lake and Peninsula,12.0,4.0,0.0,0.0,0.0,0.0,0.0,0.0,0.0,0.0,0.0,0.0,
29059,Dallas,779.0,100.0,0.0,0.0,0.0,0.0,0.0,0.0,0.0,0.0,0.0,0.0,0.6514046622833234
29063,DeKalb,736.0,74.0,0.0,0.0,0.0,0.0,0.0,0.0,0.0,0.0,0.0,0.0,0.6340694006309149
36007,Broome,49445.0,3810.0,2023.0,468.25298988668084,75.0,564.0,98.4698949754479,19.0,0.04091414703205582,0.011406613408838103,1459.0,0.029507533623217716,-0.004215560869807018
28131,Stone,1364.0,113.0,0.0,0.0,0.0,0.0,0.0,0.0,0.0,0.0,0.0,0.0,0.5864181771764105
29049,Clinton,1139.0,241.0,48.0,0.031005933608934538,7.0,0.0,0.0,0.0,0.04214223002633889,0.0,48.0,0.04214223002633889,0.48512173128944996
72145,Vega Baja,2927.0,318.0,17.0,0.0,4.0,0.0,0.0,0.0,0.0058079945336522035,0.0,17.0,0.0058079945336522035,
48099,Coryell,4115.0,508.0,66.0,7.155502339204583,6.0,42.0,3.11008860935977,3.0,0.01603888213851762,0.010206561360874849,24.0,0.00583232077764277,0.4078371694883013
22027,Claiborne,412.0,56.0,0.0,0.0,0.0,0.0,0.0,0.0,0.0,0.0,0.0,0.0,0.2549019607843137
24037,St. Mary's,27903.0,1756.0,166.0,67.37877003701428,16.0,102.0,32.656664422515874,4.0,0.005949181091638892,0.0036555209117299214,64.0,0.002293660179908971,0.17598445187610526
26047,Emmet,9844.0,1229.0,264.0,117.69531933001514,23.0,0.0,0.0,0.0,0.026818366517675742,0.0,264.0,0.026818366517675742,0.10947930574098798
29217,Vernon,2517.0,459.0,264.0,0.0,7.0,0.0,0.0,0.0,0.10488676996424315,0.0,264.0,0.10488676996424315,0.6007202340760748
04019,Pima,289536.0,22510.0,11809.0,1444.8267316956665,502.0,3447.0,644.3694169168053,179.0,0.040785947170645445,0.011905255305039789,8362.0,0.028880691865605657,-0.1533782011717171
56043,Washakie,871.0,193.0,61.0,61.0,10.0,0.0,0.0,0.0,0.07003444316877153,0.0,61.0,0.07003444316877153,0.6530018513620736
20005,Atchison,981.0,131.0,21.0,0.005805752617857426,5.0,0.0,0.0,0.0,0.021406727828746176,0.0,21.0,0.021406727828746176,0.3810461192350956
46013,Brown,10145.0,1085.0,583.0,160.78411579015236,63.0,0.0,0.0,0.0,0.057466732380483,0.0,583.0,0.057466732380483,0.27332535885167464
46017,Buffalo,,,,,,,,,,,,,
31049,Deuel,131.0,17.0,21.0,0.3359330885061929,4.0,0.0,0.0,0.0,0.16030534351145037,0.0,21.0,0.16030534351145037,0.6961770623742455
55109,St. Croix,26273.0,2574.0,3589.0,1389.2506806059755,128.0,911.0,361.551480358738,39.0,0.13660411829634986,0.034674380542762534,2678.0,0.10192973775358732,0.19639099769387447
55137,Waushara,2295.0,321.0,187.0,51.3374076147288,22.0,0.0,0.0,0.0,0.08148148148148149,0.0,187.0,0.08148148148148149,0.35601577909270216
56025,Natrona,27472.0,3586.0,803.0,484.9940657659986,56.0,408.0,265.3147346952027,28.0,0.02922976121141526,0.01485148514851485,395.0,0.01437827606290041,0.4948497333979641
40049,Garvin,2963.0,379.0,27.0,6.129614194105057,3.0,0.0,0.0,0.0,0.00911238609517381,0.0,27.0,0.00911238609517381,0.6682926829268293
72055,Guánica,355.0,35.0,124.0,0.0,10.0,0.0,0.0,0.0,0.3492957746478873,0.0,124.0,0.3492957746478873,
51800,Suffolk,27402.0,1812.0,1188.0,426.43586474275565,28.0,107.0,38.77717467387841,9.0,0.04335449967155682,0.0039048244653674914,1081.0,0.03944967520618933,-0.16097820106623156
17045,Edgar,1331.0,128.0,42.0,0.2975907586097653,15.0,0.0,0.0,0.0,0.03155522163786627,0.0,42.0,0.03155522163786627,0.5326212842619997
50001,Addison,7349.0,1318.0,378.0,105.98981593287931,40.0,32.0,1.286254079374829,3.0,0.051435569465233366,0.004354333922982719,346.0,0.047081235542250646,-0.37007366482504606
47007,Bledsoe,144.0,36.0,0.0,0.0,0.0,0.0,0.0,0.0,0.0,0.0,0.0,0.0,0.7100081366965012
26113,Missaukee,1005.0,111.0,28.0,4.117474493616914,3.0,0.0,0.0,0.0,0.027860696517412936,0.0,28.0,0.027860696517412936,0.5683054045056043
26129,Ogemaw,2596.0,313.0,43.0,8.393240786882473,7.0,19.0,4.176118783909252,4.0,0.016563944530046226,0.007318952234206471,24.0,0.009244992295839756,0.42554387091595086
36037,Genesee,11347.0,1035.0,1232.0,530.0615159425249,50.0,160.0,96.71233512832195,9.0,0.10857495373226403,0.014100643341852471,1072.0,0.09447431039041156,0.33951487801438446
50013,Grand Isle,109.0,39.0,0.0,0.0,0.0,0.0,0.0,0.0,0.0,0.0,0.0,0.0,-0.21663563004345127
38073,Ransom,289.0,45.0,0.0,0.0,0.0,0.0,0.0,0.0,0.0,0.0,0.0,0.0,0.28709802402169704
46069,Hyde,93.0,27.0,44.0,1.7328657366247344,15.0,0.0,0.0,0.0,0.4731182795698925,0.0,44.0,0.4731182795698925,0.5634218289085545
56021,Laramie,30709.0,4426.0,208.0,68.1434502152761,24.0,118.0,21.991126891492353,6.0,0.006773258653814842,0.0038425217362988047,90.0,0.0029307369175160377,0.32949592571536857
31185,York,2159.0,274.0,510.0,169.0971585891994,26.0,211.0,120.911319102894,7.0,0.23622047244094488,0.09773043075497916,299.0,0.13849004168596574,0.5210694565533275
33019,Sullivan,3252.0,430.0,365.0,50.64291018612693,20.0,349.0,50.40753788054848,17.0,0.11223862238622387,0.10731857318573186,16.0,0.004920049200492008,0.006733599451635015
19193,Woodbury,35570.0,2732.0,5263.0,1234.7101091291809,32.0,623.0,416.70721963061754,8.0,0.1479617655327523,0.01751475962890076,4640.0,0.13044700590385155,0.23327159614380016
55115,Shawano,5430.0,694.0,486.0,134.53845542036362,27.0,174.0,29.075894853105517,13.0,0.08950276243093923,0.032044198895027624,312.0,0.057458563535911604,0.367204347451048
51035,Carroll,1285.0,327.0,0.0,0.0,0.0,0.0,0.0,0.0,0.0,0.0,0.0,0.0,0.6361261429371151
01031,Coffee,6761.0,811.0,140.0,5.0485849518898185,8.0,0.0,0.0,0.0,0.020706996006507914,0.0,140.0,0.020706996006507914,0.5835445329471397
01123,Tallapoosa,5802.0,651.0,448.0,91.58961542402764,18.0,121.0,27.83121561297762,6.0,0.07721475353326439,0.020854877628404,327.0,0.056359875904860385,0.49896772244322474
35049,Santa Fe,39499.0,6007.0,315.0,92.76369637586767,45.0,47.0,6.716325184742755,9.0,0.007974885440137724,0.0011899035418618193,268.0,0.006784981898275905,-0.5002076665607974
47011,Bradley,23509.0,1851.0,664.0,506.76742324751547,28.0,172.0,97.99202439196046,13.0,0.028244502105576587,0.0073163469309626104,492.0,0.020928155174613976,0.5953006901084457
31107,Knox,564.0,98.0,0.0,0.0,0.0,0.0,0.0,0.0,0.0,0.0,0.0,0.0,0.6410139301210322
21233,Webster,880.0,107.0,0.0,0.0,0.0,0.0,0.0,0.0,0.0,0.0,0.0,0.0,0.5801165331391115
53069,Wahkiakum,32.0,13.0,0.0,0.0,0.0,0.0,0.0,0.0,0.0,0.0,0.0,0.0,0.1867612293144208
55095,Polk,7532.0,952.0,968.0,221.41857473923088,34.0,282.0,53.13831421817074,11.0,0.128518321826872,0.03744025491237387,686.0,0.09107806691449813,0.313282848221656
55125,Vilas,4237.0,732.0,34.0,22.17615259943252,7.0,0.0,0.0,0.0,0.0080245456691055,0.0,34.0,0.0080245456691055,0.23301579343193782
41013,Crook,3289.0,453.0,79.0,14.929842473261035,18.0,0.0,0.0,0.0,0.024019458802067496,0.0,79.0,0.024019458802067496,0.5159010600706714
36005,Bronx,265462.0,18815.0,2808.0,1338.3039841687532,205.0,599.0,205.46079613662897,49.0,0.01057778514438978,0.002256443483436424,2209.0,0.008321341660953357,-0.4543524416135881
36055,Monroe,298608.0,18811.0,30201.0,6965.264224659097,699.0,4498.0,830.9357581724388,194.0,0.10113928628837808,0.015063226705245673,25703.0,0.08607605958313241,-0.1907889447375498
48319,Mason,170.0,28.0,10.0,1.4721655795523452,3.0,0.0,0.0,0.0,0.058823529411764705,0.0,10.0,0.058823529411764705,0.6563573883161512
48359,Oldham,174.0,30.0,9.0,0.0,4.0,0.0,0.0,0.0,0.05172413793103448,0.0,9.0,0.05172413793103448,0.8611464968152867
48425,Somervell,1063.0,83.0,0.0,0.0,0.0,0.0,0.0,0.0,0.0,0.0,0.0,0.0,0.71625
51670,Hopewell,1305.0,273.0,0.0,0.0,0.0,0.0,0.0,0.0,0.0,0.0,0.0,0.0,-0.13907581875280395
54029,Hancock,3382.0,586.0,0.0,0.0,0.0,0.0,0.0,0.0,0.0,0.0,0.0,0.0,0.47590079550772113
28119,Quitman,99.0,22.0,44.0,44.0,10.0,0.0,0.0,0.0,0.4444444444444444,0.0,44.0,0.4444444444444444,-0.31328511610201754
55053,Jackson,1127.0,182.0,212.0,167.5663806746143,21.0,0.0,0.0,0.0,0.1881100266193434,0.0,212.0,0.1881100266193434,0.19756780233568189
72109,Patillas,108.0,12.0,0.0,0.0,0.0,0.0,0.0,0.0,0.0,0.0,0.0,0.0,
19039,Clarke,702.0,72.0,0.0,0.0,0.0,0.0,0.0,0.0,0.0,0.0,0.0,0.0,0.42565266742338254
12091,Okaloosa,69056.0,6839.0,1943.0,137.20060286861542,116.0,315.0,18.956019422041592,34.0,0.028136584800741427,0.004561515291936978,1628.0,0.023575069508804447,0.429201925558136
36035,Fulton,5407.0,683.0,60.0,20.010400359240563,9.0,0.0,0.0,0.0,0.011096726465692621,0.0,60.0,0.011096726465692621,0.3585742375434046
39109,Miami,24423.0,2073.0,2866.0,956.3010138441665,115.0,943.0,354.68999407484944,51.0,0.11734840109732629,0.038611145231953484,1923.0,0.07873725586537281,0.4554104286737373
31085,Hayes,42.0,5.0,0.0,0.0,0.0,0.0,0.0,0.0,0.0,0.0,0.0,0.0,0.9226069246435845
31147,Richardson,432.0,93.0,0.0,0.0,0.0,0.0,0.0,0.0,0.0,0.0,0.0,0.0,0.5205338809034907
51530,Buena Vista,61.0,12.0,0.0,0.0,0.0,0.0,0.0,0.0,0.0,0.0,0.0,0.0,0.45253390435403285
28057,Itawamba,1322.0,147.0,0.0,0.0,0.0,0.0,0.0,0.0,0.0,0.0,0.0,0.0,0.8053080568720379
29037,Cass,19823.0,2193.0,594.0,332.68251395533497,29.0,206.0,104.10747138474441,4.0,0.029965191948746406,0.010391968924986127,388.0,0.01957322302376028,0.3252028354257409
47051,Franklin,3787.0,551.0,317.0,138.4475290919195,25.0,45.0,8.40195779238743,5.0,0.08370742012146819,0.011882756799577503,272.0,0.07182466332189069,0.5365566641084676
16017,Bonner,10756.0,1875.0,928.0,220.78291085949053,39.0,75.0,7.100604690759047,20.0,0.08627742655262179,0.006972852361472667,853.0,0.07930457419114911,0.47245017584994137
20099,Labette,1677.0,180.0,0.0,0.0,0.0,0.0,0.0,0.0,0.0,0.0,0.0,0.0,0.3880692751763951
31017,Brown,141.0,29.0,13.0,0.2079585785990718,7.0,0.0,0.0,0.0,0.09219858156028368,0.0,13.0,0.09219858156028368,0.7532228360957642
40015,Caddo,2310.0,251.0,20.0,0.051713701050432104,4.0,0.0,0.0,0.0,0.008658008658008658,0.0,20.0,0.008658008658008658,0.4808602150537634
19091,Humboldt,1180.0,141.0,216.0,83.19629657739236,3.0,0.0,0.0,0.0,0.18305084745762712,0.0,216.0,0.18305084745762712,0.5061925689172992
29209,Stone,2684.0,568.0,0.0,0.0,0.0,0.0,0.0,0.0,0.0,0.0,0.0,0.0,0.6184855351214629
28081,Lee,35515.0,2349.0,4536.0,1449.4293848576915,64.0,477.0,162.3018698184226,12.0,0.12772068140222442,0.013430944671265663,4059.0,0.11428973673095875,0.3925904734658847
55047,Green Lake,1918.0,272.0,92.0,58.685774422538884,6.0,0.0,0.0,0.0,0.047966631908237745,0.0,92.0,0.047966631908237745,0.3675621160722472
55055,Jefferson,20299.0,1943.0,5078.0,1826.302146119369,112.0,1189.0,335.19502265191727,37.0,0.25016010640918274,0.05857431400561604,3889.0,0.1915857924035667,0.166116121187557
05087,Madison,305.0,81.0,0.0,0.0,0.0,0.0,0.0,0.0,0.0,0.0,0.0,0.0,0.5957158351409978
08087,Morgan,4617.0,500.0,668.0,174.4642630103863,24.0,47.0,2.856639274963822,3.0,0.14468269439029674,0.010179770413688543,621.0,0.1345029239766082,0.49836140538068746
39093,Lorain,74655.0,6255.0,10342.0,4535.84581954981,302.0,4032.0,1227.584231830091,142.0,0.13853057397361196,0.0540084388185654,6310.0,0.08452213515504656,0.05771281999187322
46053,Gregory,314.0,50.0,40.0,7.7372823454831865,7.0,0.0,0.0,0.0,0.12738853503184713,0.0,40.0,0.12738853503184713,0.6155234657039711
46102,Oglala Lakota,82.0,14.0,0.0,0.0,0.0,0.0,0.0,0.0,0.0,0.0,0.0,0.0,
48393,Roberts,,,,,,,,,,,,,
36089,St. Lawrence,17531.0,1338.0,59.0,21.886432202527768,8.0,0.0,0.0,0.0,0.0033654668872283382,0.0,59.0,0.0033654668872283382,0.18004051992988687
38025,Dunn,362.0,16.0,0.0,0.0,0.0,0.0,0.0,0.0,0.0,0.0,0.0,0.0,0.6994114984155727
35035,Otero,6683.0,889.0,0.0,0.0,0.0,0.0,0.0,0.0,0.0,0.0,0.0,0.0,0.2757500316469049
06029,Kern,266522.0,28773.0,59258.0,3375.6516124210366,1125.0,1453.0,200.36079158418988,121.0,0.22233811842924786,0.005451707551346606,57805.0,0.21688641087790125,0.21598580327393888
06071,San Bernardino,699555.0,80677.0,43882.0,6068.164124374241,1827.0,14345.0,1601.8809978485053,644.0,0.06272844879959402,0.020505893031998915,29537.0,0.04222255576759511,0.022013962972465665
08063,Kit Carson,879.0,99.0,0.0,0.0,0.0,0.0,0.0,0.0,0.0,0.0,0.0,0.0,0.6944215443803242
54009,Brooke,2797.0,308.0,94.0,90.95377652236286,5.0,94.0,90.95377652236286,5.0,0.03360743653914909,0.03360743653914909,0.0,0.0,0.4543561986051837
31135,Perkins,179.0,36.0,40.0,0.6398725495356056,12.0,0.0,0.0,0.0,0.22346368715083798,0.0,40.0,0.22346368715083798,0.7349397590361446
17001,Adams,17814.0,1371.0,1470.0,457.7700917529272,44.0,226.0,84.69084401493157,12.0,0.08251936679016504,0.01268665094869204,1244.0,0.069832715841473,0.481261192120747
51071,Giles,925.0,103.0,0.0,0.0,0.0,0.0,0.0,0.0,0.0,0.0,0.0,0.0,0.5487951150365282
32019,Lyon,6817.0,795.0,994.0,374.4642719165567,44.0,248.0,73.26406254208679,10.0,0.1458119407363943,0.036379639137450494,746.0,0.10943230159894382,0.45427396007923204
48013,Atascosa,7228.0,574.0,389.0,119.21280638160931,28.0,0.0,0.0,0.0,0.05381848367459878,0.0,389.0,0.05381848367459878,0.4426833073322933
48023,Baylor,155.0,38.0,0.0,0.0,0.0,0.0,0.0,0.0,0.0,0.0,0.0,0.0,0.78531445505433
48033,Borden,38.0,10.0,0.0,0.0,0.0,0.0,0.0,0.0,0.0,0.0,0.0,0.0,0.9219653179190751
48071,Chambers,11832.0,595.0,1772.0,224.5158223714953,21.0,535.0,152.93797167423568,9.0,0.149763353617309,0.04521636240703178,1237.0,0.10454699121027722,0.6715978928884987
55041,Forest,105.0,39.0,0.0,0.0,0.0,0.0,0.0,0.0,0.0,0.0,0.0,0.0,0.33596681809204026
39045,Fairfield,32315.0,3007.0,989.0,300.0298839060316,49.0,177.0,29.309233138608057,15.0,0.030604982206405694,0.005477332508123163,812.0,0.02512764969828253,0.24259803570148397
05033,Crawford,6584.0,807.0,432.0,270.6702267867316,26.0,160.0,72.8928355367572,5.0,0.06561360874848117,0.024301336573511544,272.0,0.041312272174969626,0.5932043820609381
29163,Pike,1411.0,225.0,0.0,0.0,0.0,0.0,0.0,0.0,0.0,0.0,0.0,0.0,0.5834727764191016
36083,Rensselaer,28298.0,2945.0,1004.0,393.34924632690263,67.0,94.0,15.26544089815449,6.0,0.035479539190048766,0.003321789525761538,910.0,0.03215774966428723,-0.013632472626454919
72075,Juana Díaz,902.0,130.0,76.0,0.0,13.0,0.0,0.0,0.0,0.08425720620842572,0.0,76.0,0.08425720620842572,
72071,Isabela,3581.0,410.0,153.0,0.0,24.0,8.0,0.0,3.0,0.04272549567160011,0.002234012845573862,145.0,0.04049148282602625,
54105,Wirt,11.0,3.0,0.0,0.0,0.0,0.0,0.0,0.0,0.0,0.0,0.0,0.0,0.6765519968366943
48019,Bandera,1620.0,242.0,36.0,8.140375616786832,15.0,6.0,1.1573600193069313,3.0,0.022222222222222223,0.003703703703703704,30.0,0.018518518518518517,0.6237067928462587
51770,Roanoke,37749.0,2990.0,488.0,115.05020751260155,35.0,243.0,75.81077294745991,18.0,0.012927494768073327,0.0064372566160692994,245.0,0.006490238152004027,-0.2396204604566034
51775,Salem,7154.0,678.0,83.0,28.014753549046432,11.0,42.0,7.103187920460302,5.0,0.011601901034386358,0.005870841487279843,41.0,0.005731059547106515,0.19467937874827002
13275,Thomas,10693.0,1112.0,835.0,217.30431531383044,45.0,54.0,6.329406764687874,4.0,0.0780884690919293,0.005050032731693631,781.0,0.07303843636023567,0.24176772493981924
72085,Las Piedras,1238.0,152.0,0.0,0.0,0.0,0.0,0.0,0.0,0.0,0.0,0.0,0.0,
31079,Hall,20417.0,1573.0,930.0,512.4238685233519,38.0,51.0,9.111555385537391,6.0,0.04555027673017584,0.002497918401332223,879.0,0.04305235832884361,0.3822928691945653
72117,Rincón,978.0,124.0,0.0,0.0,0.0,0.0,0.0,0.0,0.0,0.0,0.0,0.0,
08045,Garfield,17754.0,2628.0,240.0,134.8808700597739,38.0,48.0,6.313955083881615,6.0,0.013518080432578574,0.0027036160865157146,192.0,0.010814464346062858,-0.021437493670031397
02198,Prince of Wales-Hyder,153.0,22.0,82.0,18.57321574801022,6.0,0.0,0.0,0.0,0.5359477124183006,0.0,82.0,0.5359477124183006,
13227,Pickens,4885.0,622.0,85.0,10.051622497430241,11.0,9.0,1.0549011274479791,5.0,0.017400204708290685,0.001842374616171955,76.0,0.015557830092118731,0.6613949911070519
48181,Grayson,33278.0,2792.0,1205.0,306.36634835162937,66.0,292.0,82.49985932206422,16.0,0.036210108780575755,0.008774565779193461,913.0,0.027435543001382293,0.5488772467698735
48195,Hansford,485.0,68.0,100.0,0.026189326129044663,23.0,0.0,0.0,0.0,0.20618556701030927,0.0,100.0,0.20618556701030927,0.8609098811938568
48211,Hemphill,28.0,13.0,0.0,0.0,0.0,0.0,0.0,0.0,0.0,0.0,0.0,0.0,0.7597173144876325
48295,Lipscomb,43.0,8.0,0.0,0.0,0.0,0.0,0.0,0.0,0.0,0.0,0.0,0.0,0.8131811105345096
51620,Franklin,783.0,91.0,0.0,0.0,0.0,0.0,0.0,0.0,0.0,0.0,0.0,0.0,-0.2302477183833116
55103,Richland,1969.0,258.0,575.0,121.59499090522687,5.0,0.0,0.0,0.0,0.2920264093448451,0.0,575.0,0.2920264093448451,0.13294168842471715
55065,Lafayette,1813.0,276.0,91.0,31.963478554212617,12.0,0.0,0.0,0.0,0.05019305019305019,0.0,91.0,0.05019305019305019,0.2048137535816619
13281,Towns,754.0,107.0,49.0,5.8005177253833,3.0,0.0,0.0,0.0,0.0649867374005305,0.0,49.0,0.0649867374005305,0.625397546569741
47137,Pickett,59.0,9.0,0.0,0.0,0.0,0.0,0.0,0.0,0.0,0.0,0.0,0.0,0.6673497267759563
46083,Lincoln,20679.0,2317.0,407.0,253.39765462986136,36.0,73.0,49.5376616282794,7.0,0.019681802795106146,0.003530151361284395,334.0,0.016151651433821752,0.2707713049828661
31129,Nuckolls,302.0,67.0,21.0,0.3359330885061929,10.0,0.0,0.0,0.0,0.0695364238410596,0.0,21.0,0.0695364238410596,0.6429530201342282
31157,Scotts Bluff,8133.0,813.0,165.0,15.75168370103489,38.0,0.0,0.0,0.0,0.02028771670970122,0.0,165.0,0.02028771670970122,0.48203371616629725
48297,Live Oak,572.0,71.0,0.0,0.0,0.0,0.0,0.0,0.0,0.0,0.0,0.0,0.0,0.7037550548815713
46081,Lawrence,7885.0,1278.0,30.0,2.955773864690973,3.0,0.0,0.0,0.0,0.003804692454026633,0.0,30.0,0.003804692454026633,0.3224729603418347
31001,Adams,7149.0,691.0,912.0,95.57589985038535,8.0,0.0,0.0,0.0,0.12757028955098615,0.0,912.0,0.12757028955098615,0.4215983635465895
55078,Menominee,,,,,,,,,,,,,
51710,Norfolk,85532.0,5791.0,1256.0,399.83153619847417,71.0,402.0,137.72953842016702,25.0,0.014684562502922882,0.004699995323387738,854.0,0.009984567179535143,-0.4217841979174079
51735,Poquoson,355.0,65.0,0.0,0.0,0.0,0.0,0.0,0.0,0.0,0.0,0.0,0.0,0.464831418108347
29169,Pulaski,4101.0,519.0,0.0,0.0,0.0,0.0,0.0,0.0,0.0,0.0,0.0,0.0,0.5092544316996872
20103,Leavenworth,9532.0,1273.0,23.0,10.033836591464453,4.0,0.0,0.0,0.0,0.0024129248845992444,0.0,23.0,0.0024129248845992444,0.23257048648950737
51660,Harrisonburg,12567.0,1276.0,444.0,177.16336084874553,19.0,44.0,5.1857911544297535,3.0,0.03533062783480544,0.0035012333890347734,400.0,0.03182939444577067,-0.2587685574022594
38063,Nelson,401.0,67.0,33.0,8.81406083000141,14.0,0.0,0.0,0.0,0.08229426433915212,0.0,33.0,0.08229426433915212,0.32597327135386406
38081,Sargent,222.0,41.0,68.0,18.16230716485139,20.0,0.0,0.0,0.0,0.3063063063063063,0.0,68.0,0.3063063063063063,0.3329979879275654
31019,Buffalo,18770.0,1558.0,2763.0,755.4011108594112,70.0,0.0,0.0,0.0,0.14720298348428343,0.0,2763.0,0.14720298348428343,0.4553518123667377
31011,Boone,754.0,99.0,84.0,1.3437323540247716,22.0,0.0,0.0,0.0,0.11140583554376658,0.0,84.0,0.11140583554376658,0.6687813021702838
31015,Boyd,77.0,15.0,0.0,0.0,0.0,0.0,0.0,0.0,0.0,0.0,0.0,0.0,0.7532710280373832
29175,Randolph,2919.0,340.0,136.0,56.4232413987876,7.0,136.0,56.4232413987876,7.0,0.046591298389859544,0.046591298389859544,0.0,0.0,0.5279537317543377
30025,Fallon,117.0,27.0,0.0,0.0,0.0,0.0,0.0,0.0,0.0,0.0,0.0,0.0,0.7776261937244202
48101,Cottle,30.0,15.0,0.0,0.0,0.0,0.0,0.0,0.0,0.0,0.0,0.0,0.0,0.7412935323383084
48259,Kendall,12916.0,1649.0,87.0,11.038238458849442,23.0,0.0,0.0,0.0,0.0067358315267884794,0.0,87.0,0.0067358315267884794,0.564176245210728
48463,Uvalde,3962.0,404.0,132.0,36.91342814275863,31.0,0.0,0.0,0.0,0.03331650681474003,0.0,132.0,0.03331650681474003,0.3226574592213359
72129,San Lorenzo,1084.0,121.0,0.0,0.0,0.0,0.0,0.0,0.0,0.0,0.0,0.0,0.0,
19145,Page,1553.0,159.0,0.0,0.0,0.0,0.0,0.0,0.0,0.0,0.0,0.0,0.0,0.4288090946901428
31101,Keith,1180.0,162.0,0.0,0.0,0.0,0.0,0.0,0.0,0.0,0.0,0.0,0.0,0.6474559922835785
55013,Burnett,1143.0,185.0,119.0,12.441164457641966,3.0,119.0,12.441164457641966,3.0,0.10411198600174978,0.10411198600174978,0.0,0.0,0.31322027546144476
36003,Allegany,3580.0,410.0,100.0,1.7429098051912006,5.0,100.0,1.7429098051912006,5.0,0.027932960893854747,0.027932960893854747,0.0,0.0,0.4320783054534155
29065,Dent,1029.0,354.0,135.0,32.31918465006002,7.0,0.0,0.0,0.0,0.13119533527696792,0.0,135.0,0.13119533527696792,0.7087240693378801
55009,Brown,128244.0,6971.0,25397.0,12425.886092495683,349.0,7083.0,4008.287263278036,137.0,0.19803655531642805,0.055230654065687286,18314.0,0.14280590125074077,0.07612073244531478
47017,Carroll,2611.0,245.0,123.0,23.975664949926273,17.0,92.0,21.784971860626275,9.0,0.047108387590961316,0.035235541937954806,31.0,0.01187284565300651,0.6208828522920203
51640,Galax,941.0,73.0,0.0,0.0,0.0,0.0,0.0,0.0,0.0,0.0,0.0,0.0,0.44201556131900704
55061,Kewaunee,1739.0,261.0,293.0,45.93689943580033,8.0,252.0,26.345995322065342,5.0,0.16848763657274296,0.14491086831512365,41.0,0.023576768257619313,0.34139217913353886
20197,Wabaunsee,125.0,17.0,0.0,0.0,0.0,0.0,0.0,0.0,0.0,0.0,0.0,0.0,0.4978723404255319
51700,Newport News,48775.0,3909.0,744.0,209.11925242539496,31.0,0.0,0.0,0.0,0.015253716043054843,0.0,744.0,0.015253716043054843,-0.2921908951900636
55063,La Crosse,51629.0,3036.0,5124.0,2681.544196705916,64.0,1910.0,927.0425869389701,17.0,0.09924654748300374,0.03699471227410951,3214.0,0.06225183520889423,-0.09488456950389447
50021,Rutland,15713.0,2312.0,727.0,467.96412064709074,62.0,147.0,139.14525007904794,14.0,0.046267421879972,0.009355310889072743,580.0,0.036912110990899256,-0.0542762658899912
46019,Butte,784.0,186.0,0.0,0.0,0.0,0.0,0.0,0.0,0.0,0.0,0.0,0.0,0.6206202174788562
48325,Medina,4940.0,571.0,165.0,7.667200178274773,21.0,0.0,0.0,0.0,0.03340080971659919,0.0,165.0,0.03340080971659919,0.4350363012783395
48329,Midland,100663.0,5889.0,3090.0,707.0530926568783,163.0,674.0,115.02740045807963,37.0,0.03069648232220379,0.00669560811817649,2416.0,0.0240008742040273,0.6150726855394032
48335,Mitchell,223.0,36.0,0.0,0.0,0.0,0.0,0.0,0.0,0.0,0.0,0.0,0.0,0.7203909979540805
51077,Grayson,329.0,160.0,0.0,0.0,0.0,0.0,0.0,0.0,0.0,0.0,0.0,0.0,0.6264446377531999
08025,Crowley,,,,,,,,,,,,,
55131,Washington,41885.0,3513.0,7939.0,3112.2842386731577,234.0,3831.0,1349.2380172480734,109.0,0.18954279575026858,0.09146472484182881,4108.0,0.09807807090843977,0.36733697340968613
34017,Hudson,212871.0,17763.0,3757.0,1407.4354765332214,238.0,548.0,33.356344705238655,46.0,0.01764918659657727,0.0025743290537461657,3209.0,0.015074857542831105,-0.2886441930229039
17037,DeKalb,17960.0,1451.0,1021.0,217.2137787147119,79.0,191.0,48.87343773299397,12.0,0.05684855233853007,0.010634743875278397,830.0,0.04621380846325167,-0.02010180312311276
29153,Ozark,244.0,57.0,0.0,0.0,0.0,0.0,0.0,0.0,0.0,0.0,0.0,0.0,0.7056094474905104
30011,Carter,43.0,14.0,0.0,0.0,0.0,0.0,0.0,0.0,0.0,0.0,0.0,0.0,0.8203592814371258
31069,Garden,,,,,,,,,,,,,
12017,Citrus,23862.0,3193.0,145.0,21.360170691420535,40.0,65.0,5.4906105892489965,13.0,0.006076607157824155,0.0027239963121280697,80.0,0.0033526108456960854,0.46173385775155684
20161,Riley,15069.0,1512.0,103.0,35.49380178513681,13.0,34.0,8.052623532892486,4.0,0.006835224633353241,0.002256287743048643,69.0,0.004578936890304598,-0.018275440003376525
21059,Daviess,28312.0,3075.0,1091.0,411.6813808394121,62.0,334.0,67.08681028237947,12.0,0.03853489686352077,0.01179711782989545,757.0,0.026737779033625318,0.32411919444564236
39173,Wood,51809.0,2862.0,5257.0,2020.1646037886426,117.0,940.0,496.96358045606945,22.0,0.10146885676233859,0.018143565789727655,4317.0,0.08332529097261093,0.10256678576233687
17093,Kendall,18788.0,2016.0,991.0,294.0241404583468,45.0,95.0,38.70642349728293,9.0,0.052746433893974876,0.00505641899084522,896.0,0.04769001490312966,-0.01550495019015505
17127,Massac,590.0,69.0,0.0,0.0,0.0,0.0,0.0,0.0,0.0,0.0,0.0,0.0,0.49169435215946844
39087,Lawrence,7876.0,571.0,155.0,25.666277607255644,7.0,155.0,25.666277607255644,7.0,0.0196800406297613,0.0196800406297613,0.0,0.0,0.508877747200965
35043,Sandoval,20346.0,2884.0,385.0,21.84842618557566,21.0,176.0,19.44424285283865,7.0,0.018922638356433697,0.008650348962941118,209.0,0.01027228939349258,-0.05911836524868269
37045,Cleveland,16541.0,1636.0,1582.0,472.5688334364768,41.0,1092.0,330.8348226699143,18.0,0.09564113415150233,0.06601777401608125,490.0,0.02962336013542108,0.35216653335154224
55035,Eau Claire,38396.0,2992.0,1709.0,709.7665291905638,39.0,561.0,311.35922283674336,12.0,0.04450984477549745,0.014610896968434211,1148.0,0.029898947807063238,-0.10739119237702807
55099,Price,1162.0,134.0,401.0,144.27895608151346,13.0,68.0,7.109236832938267,4.0,0.34509466437177283,0.058519793459552494,333.0,0.28657487091222034,0.3145529197080292
31057,Dundy,94.0,8.0,0.0,0.0,0.0,0.0,0.0,0.0,0.0,0.0,0.0,0.0,0.7924324324324324
31075,Grant,127.0,21.0,0.0,0.0,0.0,0.0,0.0,0.0,0.0,0.0,0.0,0.0,0.9180327868852459
31105,Kimball,44.0,17.0,0.0,0.0,0.0,0.0,0.0,0.0,0.0,0.0,0.0,0.0,0.6792452830188679
28061,Jasper,272.0,36.0,0.0,0.0,0.0,0.0,0.0,0.0,0.0,0.0,0.0,0.0,0.050510204081632655
17119,Madison,80407.0,4829.0,3478.0,857.2291457585656,121.0,1409.0,307.12451221279605,42.0,0.04325494049025582,0.017523349957093287,2069.0,0.025731590533162534,0.13498533769364224
21121,Knox,2377.0,281.0,0.0,0.0,0.0,0.0,0.0,0.0,0.0,0.0,0.0,0.0,0.7198246018924532
21177,Muhlenberg,2187.0,362.0,118.0,32.67158584443457,10.0,55.0,5.7162402701844535,4.0,0.053955189757658895,0.025148605395518976,63.0,0.02880658436213992,0.5497451805894084
54103,Wetzel,1140.0,136.0,0.0,0.0,0.0,0.0,0.0,0.0,0.0,0.0,0.0,0.0,0.5695276114437791
55107,Rusk,922.0,152.0,0.0,0.0,0.0,0.0,0.0,0.0,0.0,0.0,0.0,0.0,0.38454011741682975
48443,Terrell,,,,,,,,,,,,,
48491,Williamson,196713.0,15126.0,7230.0,969.1603004718007,351.0,2252.0,373.4993579619709,101.0,0.03675405285873328,0.011448150351018998,4978.0,0.025305902507714285,0.019201461880815313
51009,Amherst,1993.0,230.0,286.0,41.4263806866403,11.0,232.0,28.05707045447167,6.0,0.1435022579026593,0.11640742599096839,54.0,0.027094831911690917,0.36765476675790576
51047,Culpeper,7763.0,1061.0,223.0,114.7971659818802,21.0,26.0,4.397211569808758,3.0,0.028726007986603116,0.0033492206621151617,197.0,0.025376787324487955,0.25239005736137665
39145,Scioto,14491.0,1115.0,9.0,3.547771350472722,6.0,0.0,0.0,0.0,0.0006210751500931612,0.0,9.0,0.0006210751500931612,0.4824994354656602
40003,Alfalfa,184.0,24.0,0.0,0.0,0.0,0.0,0.0,0.0,0.0,0.0,0.0,0.0,0.7780912082745651
46119,Sully,117.0,24.0,101.0,5.469357481221818,20.0,0.0,0.0,0.0,0.8632478632478633,0.0,101.0,0.8632478632478633,0.6199095022624435
19031,Cedar,1921.0,301.0,126.0,44.31387182626425,23.0,62.0,41.4700603805751,3.0,0.06559083810515356,0.032274856845393024,64.0,0.03331598125976054,0.221213569039656
20019,Chautauqua,92.0,14.0,0.0,0.0,0.0,0.0,0.0,0.0,0.0,0.0,0.0,0.0,0.7205298013245033
20079,Harvey,7192.0,510.0,1869.0,614.7806404846499,20.0,393.0,101.20345095752538,11.0,0.25987208008898777,0.0546440489432703,1476.0,0.20522803114571747,0.21458874184765403
20107,Linn,302.0,53.0,0.0,0.0,0.0,0.0,0.0,0.0,0.0,0.0,0.0,0.0,0.6547402466141096
46101,Moody,448.0,51.0,14.0,10.319564388256333,3.0,0.0,0.0,0.0,0.03125,0.0,14.0,0.03125,0.32564102564102565
55117,Sheboygan,38055.0,2512.0,9419.0,3482.5087779854102,133.0,2743.0,1254.6008779363922,45.0,0.24751018263040336,0.07207988437787413,6676.0,0.17543029825252923,0.16583957412253
55139,Winnebago,59415.0,3900.0,9707.0,5511.880050788805,187.0,6200.0,3723.211854845299,81.0,0.16337625178826895,0.1043507531768072,3507.0,0.05902549861146175,0.04815694966911412
05081,Little River,330.0,47.0,0.0,0.0,0.0,0.0,0.0,0.0,0.0,0.0,0.0,0.0,0.5509527754763878
12083,Marion,97960.0,9771.0,6230.0,719.2846744877063,289.0,2724.0,233.02661678093602,66.0,0.06359738668844427,0.027807268272764394,3506.0,0.035790118415679875,0.3185989304309789
13127,Glynn,24000.0,2817.0,244.0,72.04924486588445,29.0,93.0,43.70499161025304,9.0,0.010166666666666666,0.003875,151.0,0.006291666666666666,0.26117797812457094
29115,Linn,927.0,151.0,21.0,1.169487155207349,6.0,0.0,0.0,0.0,0.022653721682847898,0.0,21.0,0.022653721682847898,0.5790035587188612
51119,Middlesex,544.0,101.0,0.0,0.0,0.0,0.0,0.0,0.0,0.0,0.0,0.0,0.0,0.27584187408491945
51139,Page,1020.0,335.0,30.0,5.240810689174755,7.0,0.0,0.0,0.0,0.029411764705882353,0.0,30.0,0.029411764705882353,0.5456141690205359
51730,Petersburg,4293.0,590.0,27.0,13.77103102370306,3.0,0.0,0.0,0.0,0.006289308176100629,0.0,27.0,0.006289308176100629,-0.7365528983824782
37129,New Hanover,109458.0,10929.0,1388.0,516.7411649884197,159.0,412.0,124.14166974339065,50.0,0.012680662902665863,0.0037640008039613367,976.0,0.008916662098704526,-0.006324810072899834
37167,Stanly,10357.0,1286.0,510.0,102.7853769320181,41.0,188.0,54.276187425651834,12.0,0.049242058511151876,0.01815197450999324,322.0,0.031090084001158636,0.5120195609769499
38077,Richland,2047.0,310.0,278.0,94.81225898554786,64.0,30.0,13.91511143281084,6.0,0.1358085002442599,0.014655593551538837,248.0,0.12115290669272105,0.38551372841346754
45079,Richland,155830.0,11658.0,4259.0,830.7337317613293,194.0,2416.0,446.41051055091407,74.0,0.02733106590515305,0.015504074953474941,1843.0,0.01182699095167811,-0.35220985993334414
06017,El Dorado,41280.0,6287.0,1344.0,164.36800999959073,155.0,342.0,38.51364859225241,35.0,0.03255813953488372,0.008284883720930232,1002.0,0.02427325581395349,0.12320332316288644
12125,Union,320.0,39.0,0.0,0.0,0.0,0.0,0.0,0.0,0.0,0.0,0.0,0.0,0.6865213882163035
19085,Harrison,1397.0,232.0,26.0,12.096782098309703,5.0,0.0,0.0,0.0,0.018611309949892626,0.0,26.0,0.018611309949892626,0.42516963256945334
47015,Cannon,297.0,74.0,0.0,0.0,0.0,0.0,0.0,0.0,0.0,0.0,0.0,0.0,0.6677428823011446
48159,Franklin,758.0,92.0,0.0,0.0,0.0,0.0,0.0,0.0,0.0,0.0,0.0,0.0,0.6968780382413309
32007,Elko,15922.0,1082.0,487.0,162.93819824584972,16.0,0.0,0.0,0.0,0.030586609722396685,0.0,487.0,0.030586609722396685,0.5786026200873362
17163,St. Clair,63128.0,4191.0,1336.0,352.64976633819396,80.0,228.0,56.25067991306646,17.0,0.02116335065264225,0.0036117095425167913,1108.0,0.017551641110125457,-0.08013349907197712
30111,Yellowstone,71256.0,6969.0,1517.0,784.3864596840297,114.0,463.0,191.64703499183582,50.0,0.021289435275625913,0.0064976984394296625,1054.0,0.014791736836196251,0.27986607822249276
31025,Cass,2701.0,430.0,299.0,36.82970411021405,21.0,0.0,0.0,0.0,0.11069974083672714,0.0,299.0,0.11069974083672714,0.37790960087691017
22019,Calcasieu,69275.0,5235.0,4992.0,332.26177589583693,112.0,1136.0,77.26962316648441,48.0,0.07206062793215445,0.01639841212558643,3856.0,0.05566221580656802,0.41496564054331153
47141,Putnam,23612.0,1877.0,2266.0,676.2469691929136,58.0,184.0,36.74358103559463,20.0,0.09596815178722683,0.007792647806200237,2082.0,0.0881755039810266,0.47946157186278765
47175,Van Buren,30.0,11.0,0.0,0.0,0.0,0.0,0.0,0.0,0.0,0.0,0.0,0.0,0.6767427513880321
48039,Brazoria,95284.0,6336.0,9215.0,833.4023042402533,205.0,1453.0,270.39057408039855,78.0,0.09671088535325972,0.015249149909743503,7762.0,0.08146173544351622,0.19881233633394785
48223,Hopkins,7571.0,632.0,864.0,126.07831970857075,26.0,259.0,61.324421048315685,9.0,0.11411966715097081,0.034209483555672965,605.0,0.07991018359529785,0.657453310696095
48321,Matagorda,3807.0,391.0,225.0,58.02001937265152,23.0,0.0,0.0,0.0,0.0591016548463357,0.0,225.0,0.0591016548463357,0.5138318152933701
48387,Red River,558.0,53.0,0.0,0.0,0.0,0.0,0.0,0.0,0.0,0.0,0.0,0.0,0.6209110977322898
46137,Ziebach,,,,,,,,,,,,,
47059,Greene,11275.0,1043.0,649.0,167.2271090834349,36.0,236.0,36.83905040719024,18.0,0.0575609756097561,0.020931263858093126,413.0,0.03662971175166298,0.6651589600078097
01099,Monroe,1026.0,173.0,0.0,0.0,0.0,0.0,0.0,0.0,0.0,0.0,0.0,0.0,0.23258438493895559
42129,Westmoreland,103299.0,8371.0,11887.0,4279.608653582851,420.0,4525.0,1728.097281455051,194.0,0.11507371804180098,0.04380487710432821,7362.0,0.07126884093747277,0.2863295095087465
48003,Andrews,3926.0,272.0,0.0,0.0,0.0,0.0,0.0,0.0,0.0,0.0,0.0,0.0,0.7399020242166559
48265,Kerr,10541.0,1129.0,200.0,37.75431608494935,24.0,41.0,15.392330361157127,5.0,0.01897353192296746,0.0038895740442083295,159.0,0.015083957878759132,0.5518252681947982
48293,Limestone,1556.0,166.0,0.0,0.0,0.0,0.0,0.0,0.0,0.0,0.0,0.0,0.0,0.5718441689855805
48437,Swisher,227.0,38.0,20.0,0.28750767555746365,14.0,0.0,0.0,0.0,0.0881057268722467,0.0,20.0,0.0881057268722467,0.6510526315789473
06067,Sacramento,520616.0,71044.0,13931.0,2385.8199646437865,791.0,3145.0,533.3203345590214,169.0,0.026758685864437512,0.006040920755412819,10786.0,0.02071776510902469,-0.20423415348490778
17143,Peoria,62259.0,3186.0,1647.0,461.2404417270078,89.0,588.0,189.4060332359369,29.0,0.026454006649641017,0.009444417674553077,1059.0,0.01700958897508794,-0.04735347276013426
01079,Lawrence,993.0,259.0,80.0,3.9636375539002247,10.0,0.0,0.0,0.0,0.08056394763343404,0.0,80.0,0.08056394763343404,0.6272880614731056
19069,Franklin,1174.0,147.0,58.0,2.577204122655789,16.0,0.0,0.0,0.0,0.049403747870528106,0.0,58.0,0.049403747870528106,0.4224709784411277
16067,Minidoka,3941.0,421.0,816.0,132.1872430875523,70.0,21.0,2.333832749637822,5.0,0.20705404719614312,0.0053285968028419185,795.0,0.2017254503933012,0.6467712889117572
42057,Fulton,828.0,83.0,61.0,11.704335907479166,3.0,0.0,0.0,0.0,0.07367149758454106,0.0,61.0,0.07367149758454106,0.7292715882569709
27037,Dakota,152973.0,11119.0,13469.0,4168.122161807729,358.0,3393.0,1203.10537861116,133.0,0.0880482176593255,0.022180384773783608,10076.0,0.06586783288554189,-0.1313738342112121
05139,Union,5498.0,628.0,34.0,3.702331639133097,4.0,34.0,3.702331639133097,4.0,0.0061840669334303384,0.0061840669334303384,0.0,0.0,0.3402563259940848
27051,Grant,282.0,57.0,94.0,15.19571571428533,31.0,0.0,0.0,0.0,0.3333333333333333,0.0,94.0,0.3333333333333333,0.31248189979727775
48075,Childress,380.0,54.0,29.0,0.0,5.0,0.0,0.0,0.0,0.07631578947368421,0.0,29.0,0.07631578947368421,0.7759439859964992
45031,Darlington,8400.0,756.0,636.0,61.5627159964103,19.0,502.0,39.85733726799589,16.0,0.07571428571428572,0.05976190476190476,134.0,0.01595238095238096,0.13469360538774422
17169,Schuyler,117.0,15.0,0.0,0.0,0.0,0.0,0.0,0.0,0.0,0.0,0.0,0.0,0.47785927737027983
17171,Scott,84.0,9.0,0.0,0.0,0.0,0.0,0.0,0.0,0.0,0.0,0.0,0.0,0.6186010160218836
54091,Taylor,499.0,82.0,0.0,0.0,0.0,0.0,0.0,0.0,0.0,0.0,0.0,0.0,0.5238898257448005
13173,Lanier,66.0,21.0,0.0,0.0,0.0,0.0,0.0,0.0,0.0,0.0,0.0,0.0,0.4651975275463585
48237,Jack,468.0,71.0,0.0,0.0,0.0,0.0,0.0,0.0,0.0,0.0,0.0,0.0,0.8220440881763527
20035,Cowley,2746.0,418.0,0.0,0.0,0.0,0.0,0.0,0.0,0.0,0.0,0.0,0.0,0.4097447096919949
13131,Grady,2007.0,269.0,245.0,38.38201430645356,4.0,0.0,0.0,0.0,0.12207274539113104,0.0,245.0,0.12207274539113104,0.3836065573770492
20155,Reno,12653.0,1126.0,441.0,135.03561391256054,25.0,23.0,1.7603119204679365,6.0,0.03485339445190864,0.0018177507310519244,418.0,0.03303564372085671,0.35199424264232415
12117,Seminole,191799.0,17444.0,5673.0,360.1024034209569,401.0,1257.0,71.46154405984194,119.0,0.02957783930051773,0.006553735942314611,4416.0,0.02302410335820312,0.03600689952565761
13013,Barrow,12040.0,1315.0,281.0,69.8452562929817,26.0,147.0,47.64008977800003,17.0,0.02333887043189369,0.012209302325581395,134.0,0.011129568106312293,0.40708349550127065
45049,Hampton,1381.0,137.0,166.0,26.88875275311038,4.0,0.0,0.0,0.0,0.12020275162925416,0.0,166.0,0.12020275162925416,-0.06482962233977119
48063,Camp,535.0,95.0,0.0,0.0,0.0,0.0,0.0,0.0,0.0,0.0,0.0,0.0,0.5521878335112059
16077,Power,1024.0,104.0,480.0,58.13658303180245,30.0,0.0,0.0,0.0,0.46875,0.0,480.0,0.46875,0.4643466393722279
49015,Emery,267.0,35.0,0.0,0.0,0.0,0.0,0.0,0.0,0.0,0.0,0.0,0.0,0.7560679611650486
02105,Hoonah-Angoon,109.0,16.0,0.0,0.0,0.0,0.0,0.0,0.0,0.0,0.0,0.0,0.0,
22039,Evangeline,2690.0,265.0,0.0,0.0,0.0,0.0,0.0,0.0,0.0,0.0,0.0,0.0,0.5035232101554515
51097,King and Queen,159.0,53.0,22.0,0.022301460526038368,4.0,0.0,0.0,0.0,0.13836477987421383,0.0,22.0,0.13836477987421383,0.25868725868725867
06007,Butte,50355.0,8428.0,3764.0,479.1665993182649,395.0,251.0,40.492318627602906,24.0,0.0747492801112104,0.00498460927415351,3513.0,0.0697646708370569,0.03228417954861225
13241,Rabun,2359.0,324.0,21.0,2.4859361680214147,5.0,0.0,0.0,0.0,0.008902077151335312,0.0,21.0,0.008902077151335312,0.5715800636267232
01025,Clarke,3784.0,412.0,811.0,294.7320278408461,12.0,52.0,0.7931997172439398,3.0,0.214323467230444,0.013742071881606765,759.0,0.20058139534883723,0.1713757147662294
08067,La Plata,16255.0,2631.0,195.0,127.09638730944546,15.0,0.0,0.0,0.0,0.011996308828052906,0.0,195.0,0.011996308828052906,-0.19172358145298407
13263,Talbot,126.0,13.0,0.0,0.0,0.0,0.0,0.0,0.0,0.0,0.0,0.0,0.0,-0.12014239098190448
21037,Campbell,20810.0,3032.0,334.0,130.8479346214159,65.0,74.0,28.875343394909663,20.0,0.01604997597308986,0.0035559827006247,260.0,0.01249399327246516,0.20037129235053372
16047,Gooding,2843.0,302.0,309.0,26.543527657693943,32.0,0.0,0.0,0.0,0.1086880056278579,0.0,309.0,0.1086880056278579,0.6191135734072022
48255,Karnes,725.0,86.0,31.0,11.644858358233437,4.0,0.0,0.0,0.0,0.04275862068965517,0.0,31.0,0.04275862068965517,0.5870206489675516
47111,Macon,558.0,100.0,0.0,0.0,0.0,0.0,0.0,0.0,0.0,0.0,0.0,0.0,0.7504640937957987
48153,Floyd,384.0,99.0,212.0,1.5094152966766843,74.0,0.0,0.0,0.0,0.5520833333333334,0.0,212.0,0.5520833333333334,0.6676687619568188
48169,Garza,529.0,50.0,23.0,0.3306338268910832,11.0,0.0,0.0,0.0,0.043478260869565216,0.0,23.0,0.043478260869565216,0.7360959651035986
17199,Williamson,14612.0,1023.0,31.0,10.738894447126544,7.0,0.0,0.0,0.0,0.0021215439364905557,0.0,31.0,0.0021215439364905557,0.39280451866404714
46021,Campbell,,,,,,,,,,,,,
28093,Marshall,5689.0,195.0,0.0,0.0,0.0,0.0,0.0,0.0,0.0,0.0,0.0,0.0,0.07325933400605449
29089,Howard,194.0,22.0,0.0,0.0,0.0,0.0,0.0,0.0,0.0,0.0,0.0,0.0,0.44984615384615384
36101,Steuben,16184.0,1541.0,466.0,229.32424635587608,67.0,7.0,0.12200368636338405,4.0,0.02879387048937222,0.00043252595155709344,459.0,0.028361344537815126,0.31785793317105554
37063,Durham,153113.0,11177.0,8179.0,1919.4358372134068,141.0,369.0,107.24185065149277,28.0,0.05341806378295769,0.002409984782480913,7810.0,0.051008079000476776,-0.6294140539077173
35029,Luna,2029.0,218.0,56.0,45.99731248604426,7.0,0.0,0.0,0.0,0.02759980285855101,0.0,56.0,0.02759980285855101,0.19329438658877318
29003,Andrew,657.0,234.0,24.0,0.015502966804467269,6.0,0.0,0.0,0.0,0.0365296803652968,0.0,24.0,0.0365296803652968,0.5242308879514354
29015,Benton,1370.0,299.0,0.0,0.0,0.0,0.0,0.0,0.0,0.0,0.0,0.0,0.0,0.5948372615039281
51690,Martinsville,3283.0,681.0,0.0,0.0,0.0,0.0,0.0,0.0,0.0,0.0,0.0,0.0,-0.22898032200357782
19129,Mills,1080.0,242.0,13.0,0.5776491999056079,7.0,0.0,0.0,0.0,0.012037037037037037,0.0,13.0,0.012037037037037037,0.3955949304786514
21023,Bracken,184.0,32.0,0.0,0.0,0.0,0.0,0.0,0.0,0.0,0.0,0.0,0.0,0.6576444769568398
37135,Orange,34625.0,4848.0,552.0,214.93585062252725,64.0,174.0,67.2888434876118,12.0,0.015942238267148013,0.0050252707581227435,378.0,0.01091696750902527,-0.5175420289855073
38091,Steele,17.0,3.0,0.0,0.0,0.0,0.0,0.0,0.0,0.0,0.0,0.0,0.0,0.25783619817997977
08095,Phillips,114.0,40.0,36.0,0.2785235996137646,12.0,0.0,0.0,0.0,0.3157894736842105,0.0,36.0,0.3157894736842105,0.6417391304347826
48207,Haskell,96.0,28.0,57.0,0.41631966319394537,20.0,0.0,0.0,0.0,0.59375,0.0,57.0,0.59375,0.7208693375229117
54075,Pocahontas,428.0,103.0,0.0,0.0,0.0,0.0,0.0,0.0,0.0,0.0,0.0,0.0,0.5141509433962265
25015,Hampshire,40614.0,4180.0,1843.0,771.9169661495105,97.0,742.0,263.36192296008636,21.0,0.045378440931698426,0.018269562219924165,1101.0,0.02710887871177426,-0.4319006265801913
21115,Johnson,934.0,164.0,0.0,0.0,0.0,0.0,0.0,0.0,0.0,0.0,0.0,0.0,0.7157894736842105
39161,Van Wert,3281.0,295.0,145.0,89.76557639464436,7.0,123.0,67.76557639464436,4.0,0.04419384334044499,0.037488570557756784,22.0,0.006705272782688204,0.5894909688013136
29043,Christian,13231.0,2023.0,283.0,98.50579719945303,26.0,41.0,3.5654325478846314,3.0,0.021389161816945054,0.003098783160758824,242.0,0.01829037865618623,0.5281610225168727
13097,Douglas,37833.0,2931.0,2424.0,1079.3057183320263,48.0,1933.0,943.8332138474282,35.0,0.0640710490841329,0.051092961171464064,491.0,0.012978087912668836,-0.3167036847200866
13155,Irwin,39.0,13.0,0.0,0.0,0.0,0.0,0.0,0.0,0.0,0.0,0.0,0.0,0.5441516412390199
38075,Renville,157.0,33.0,9.0,0.0,4.0,0.0,0.0,0.0,0.05732484076433121,0.0,9.0,0.05732484076433121,0.6945392491467577
38093,Stutsman,4068.0,521.0,0.0,0.0,0.0,0.0,0.0,0.0,0.0,0.0,0.0,0.0,0.4548952110964868
39003,Allen,28562.0,2032.0,1980.0,873.3235053834211,72.0,534.0,321.1437237627991,26.0,0.06932287654926125,0.018696169736012885,1446.0,0.050626706813248365,0.4449352627570449
39021,Champaign,3521.0,397.0,170.0,34.51377228354967,11.0,0.0,0.0,0.0,0.04828173814257313,0.0,170.0,0.04828173814257313,0.5123779465430516
01081,Lee,43628.0,4155.0,2355.0,325.460282149515,89.0,184.0,40.584190834291064,29.0,0.053979095993398736,0.004217475016044742,2171.0,0.049761620977353996,0.28157286474142973
26127,Oceana,2978.0,276.0,1306.0,830.7366244537982,57.0,31.0,6.813667489536148,3.0,0.43854936198791133,0.010409670920080591,1275.0,0.42813969106783073,0.30494805904866046
26145,Saginaw,46992.0,3368.0,3165.0,1453.152720463423,109.0,1239.0,631.3689627189685,28.0,0.06735188968335036,0.026366189989785495,1926.0,0.040985699693564866,0.03316508342526873
49039,Sanpete,2218.0,340.0,100.0,0.0,7.0,0.0,0.0,0.0,0.04508566275924256,0.0,100.0,0.04508566275924256,0.6964726490962656
50005,Caledonia,5343.0,742.0,160.0,21.549397880136006,16.0,0.0,0.0,0.0,0.02994572337638031,0.0,160.0,0.02994572337638031,-0.1288983903420523
51167,Russell,1397.0,262.0,0.0,0.0,0.0,0.0,0.0,0.0,0.0,0.0,0.0,0.0,0.6776252319109461
51595,Emporia,855.0,60.0,0.0,0.0,0.0,0.0,0.0,0.0,0.0,0.0,0.0,0.0,-0.3120665742024965
51678,Lexington,562.0,85.0,0.0,0.0,0.0,0.0,0.0,0.0,0.0,0.0,0.0,0.0,-0.27079646017699116
41069,Wheeler,,,,,,,,,,,,,
42085,Mercer,30872.0,2398.0,3570.0,1210.5412026230156,126.0,2593.0,893.4399226650146,69.0,0.11563876651982379,0.08399196683078518,977.0,0.03164679968903861,0.30421717956688427
22061,Lincoln,9133.0,976.0,108.0,4.038482939949249,3.0,0.0,0.0,0.0,0.011825249096682361,0.0,108.0,0.011825249096682361,0.25828963748161005
28027,Coahoma,2208.0,259.0,0.0,0.0,0.0,0.0,0.0,0.0,0.0,0.0,0.0,0.0,-0.4022920077392469
51061,Fauquier,15878.0,2132.0,590.0,248.11541472122545,73.0,26.0,4.397211569808758,5.0,0.03715833228366293,0.0016374858294495528,564.0,0.03552084645421338,0.21917963867742302
55029,Door,7546.0,1088.0,267.0,147.27575873179387,25.0,0.0,0.0,0.0,0.0353829843625762,0.0,267.0,0.0353829843625762,-0.022551296941540844
21095,Harlan,1033.0,190.0,0.0,0.0,0.0,0.0,0.0,0.0,0.0,0.0,0.0,0.0,0.7673651532790066
47079,Henry,4733.0,428.0,153.0,8.37127589252414,12.0,0.0,0.0,0.0,0.03232622015634904,0.0,153.0,0.03232622015634904,0.5593697619845793
42125,Washington,65109.0,4938.0,3706.0,1280.951041991484,122.0,906.0,367.75410741235186,54.0,0.056919934264080235,0.013915126940975901,2800.0,0.043004807323104334,0.25669692731651206
06015,Del Norte,1316.0,449.0,0.0,0.0,0.0,0.0,0.0,0.0,0.0,0.0,0.0,0.0,0.1688261081344374
16003,Adams,187.0,59.0,0.0,0.0,0.0,0.0,0.0,0.0,0.0,0.0,0.0,0.0,0.558530986993114
21107,Hopkins,6356.0,792.0,378.0,143.2242532690216,27.0,159.0,49.552869821086645,7.0,0.05947136563876652,0.0250157331655129,219.0,0.03445563247325362,0.5151156482714405
16049,Idaho,1391.0,334.0,0.0,0.0,0.0,0.0,0.0,0.0,0.0,0.0,0.0,0.0,0.6960865945045795
36063,Niagara,47906.0,4294.0,4640.0,1666.0940418683037,179.0,1151.0,241.12242578884317,66.0,0.09685634367302634,0.024026218010270113,3489.0,0.07283012566275623,0.1492420384660582
51117,Mecklenburg,4799.0,726.0,79.0,44.592756149298,16.0,0.0,0.0,0.0,0.016461762867264012,0.0,79.0,0.016461762867264012,0.20913862303179995
13153,Houston,30106.0,2806.0,247.0,76.72259607196767,29.0,20.0,2.344224727662176,5.0,0.008204344648907194,0.0006643194047698133,227.0,0.007540025244137381,0.11337456942849736
23001,Androscoggin,32673.0,3053.0,2707.0,1296.102275680432,114.0,187.0,72.99014594309234,18.0,0.08285128393474735,0.005723380160989196,2520.0,0.07712790377375815,0.06223101485492156
21185,Oldham,9207.0,1996.0,148.0,33.373778181820214,37.0,0.0,0.0,0.0,0.016074725752145108,0.0,148.0,0.016074725752145108,0.23039516926283166
27047,Freeborn,4739.0,464.0,169.0,66.05594782802703,20.0,80.0,47.156445029247266,3.0,0.03566153196876978,0.01688119856509812,89.0,0.018780333403671662,0.21609628594006444
28003,Alcorn,4534.0,487.0,123.0,15.913977045023016,11.0,116.0,14.747192467124082,7.0,0.027128363475959417,0.025584472871636524,7.0,0.001543890604322893,0.6892892892892893
28123,Scott,3179.0,258.0,289.0,0.0,8.0,0.0,0.0,0.0,0.09090909090909091,0.0,289.0,0.09090909090909091,0.24107051999592957
42039,Crawford,15910.0,1571.0,3088.0,829.0470572550414,171.0,1381.0,427.7823769287909,70.0,0.19409176618478943,0.08680075424261471,1707.0,0.10729101194217472,0.39552922925040546
18025,Crawford,283.0,37.0,12.0,8.709626728090601,3.0,12.0,8.709626728090601,3.0,0.04240282685512368,0.04240282685512368,0.0,0.0,0.4962267999184173
21161,Mason,2810.0,389.0,0.0,0.0,0.0,0.0,0.0,0.0,0.0,0.0,0.0,0.0,0.44294699011680144
27003,Anoka,102780.0,8071.0,18692.0,4268.263454451425,477.0,9192.0,2717.1269555650015,244.0,0.18186417590971007,0.08943374197314653,9500.0,0.09243043393656354,0.04547964484145406
31155,Saunders,2425.0,400.0,109.0,53.89582156934985,18.0,0.0,0.0,0.0,0.044948453608247424,0.0,109.0,0.044948453608247424,0.46943036087086193
45075,Orangeburg,14960.0,1348.0,1775.0,273.83704804497023,74.0,262.0,37.99203074461148,20.0,0.11864973262032086,0.01751336898395722,1513.0,0.10113636363636364,-0.24826417363730796
48201,Harris,2164237.0,121847.0,143471.0,25244.2058035917,4417.0,57553.0,11505.617982686652,1726.0,0.06629172313383423,0.026592743770668368,85918.0,0.03969897936316587,-0.057702338867747976
39011,Auglaize,7694.0,646.0,1364.0,533.3606542911162,42.0,1255.0,459.8775806135994,33.0,0.1772809981804003,0.16311411489472316,109.0,0.01416688328567714,0.6506488399528116
20115,Marion,686.0,111.0,22.0,10.42540628198805,4.0,22.0,10.42540628198805,4.0,0.03206997084548105,0.03206997084548105,0.0,0.0,0.5021773210242119
20165,Rush,68.0,11.0,0.0,0.0,0.0,0.0,0.0,0.0,0.0,0.0,0.0,0.0,0.6656111462951235
26107,Mecosta,3161.0,377.0,0.0,0.0,0.0,0.0,0.0,0.0,0.0,0.0,0.0,0.0,0.3052907423304568
40051,Grady,6222.0,834.0,277.0,37.66027860129592,38.0,151.0,27.338695865070576,11.0,0.04451944712311154,0.02426872388299582,126.0,0.020250723240115717,0.635867383800273
40077,Latimer,290.0,36.0,0.0,0.0,0.0,0.0,0.0,0.0,0.0,0.0,0.0,0.0,0.6626207579886054
18081,Johnson,48196.0,3857.0,2472.0,618.5488553486028,93.0,647.0,132.74820014234555,37.0,0.05129056353224334,0.01342435056851191,1825.0,0.037866212963731424,0.34927028299419366
29103,Knox,13.0,3.0,13.0,0.008397440352419771,3.0,0.0,0.0,0.0,1.0,0.0,13.0,1.0,0.6525139664804469
29127,Marion,5975.0,674.0,0.0,0.0,0.0,0.0,0.0,0.0,0.0,0.0,0.0,0.0,0.5343622821162558
29161,Phelps,8373.0,1033.0,38.0,15.637006202614847,4.0,0.0,0.0,0.0,0.00453839722918906,0.0,38.0,0.00453839722918906,0.43488995114776485
39049,Franklin,641350.0,38406.0,27213.0,12684.907147922593,825.0,5825.0,2710.8455036070004,210.0,0.04243081001013487,0.009082404303422468,21388.0,0.0333484057067124,-0.2869511691930978
22007,Assumption,741.0,125.0,0.0,0.0,0.0,0.0,0.0,0.0,0.0,0.0,0.0,0.0,0.33974865350089767
05059,Hot Spring,2276.0,271.0,0.0,0.0,0.0,0.0,0.0,0.0,0.0,0.0,0.0,0.0,0.5320491531052807
05143,Washington,94445.0,6884.0,8493.0,2686.230774751573,130.0,1222.0,436.77669351046296,33.0,0.08992535338027423,0.012938747419132828,7271.0,0.0769866059611414,0.068749867052392
40011,Blaine,455.0,77.0,0.0,0.0,0.0,0.0,0.0,0.0,0.0,0.0,0.0,0.0,0.6397315436241611
29179,Reynolds,381.0,147.0,182.0,34.891382927081196,16.0,50.0,3.290402380355839,4.0,0.4776902887139108,0.13123359580052493,132.0,0.3464566929133859,0.6886543535620053
40097,Mayes,5824.0,631.0,273.0,84.40439718042462,26.0,242.0,82.68391642132798,20.0,0.046875,0.0415521978021978,31.0,0.0053228021978022,0.5858710320952883
26049,Genesee,100498.0,6796.0,4622.0,1730.6158289178147,235.0,1270.0,400.75854871985155,80.0,0.04599096499432825,0.012637067404326454,3352.0,0.03335389759000179,-0.042582498761211604
21057,Cumberland,78.0,18.0,0.0,0.0,0.0,0.0,0.0,0.0,0.0,0.0,0.0,0.0,0.7162995594713656
39111,Monroe,460.0,69.0,0.0,0.0,0.0,0.0,0.0,0.0,0.0,0.0,0.0,0.0,0.6030897207367796
46105,Perkins,147.0,19.0,0.0,0.0,0.0,0.0,0.0,0.0,0.0,0.0,0.0,0.0,0.7095541401273885
42093,Montour,2310.0,185.0,351.0,274.21017615406305,4.0,0.0,0.0,0.0,0.15194805194805194,0.0,351.0,0.15194805194805194,0.2123189883744646
08057,Jackson,17.0,5.0,0.0,0.0,0.0,0.0,0.0,0.0,0.0,0.0,0.0,0.0,0.5712515489467163
33009,Grafton,33523.0,2689.0,839.0,240.32758831594828,42.0,65.0,1.0005579414249506,4.0,0.025027592995853592,0.0019389672761984309,774.0,0.02308862571965516,-0.20188699865214382
39101,Marion,9225.0,702.0,772.0,256.0641280486648,31.0,409.0,185.29706036673159,10.0,0.08368563685636857,0.044336043360433605,363.0,0.03934959349593496,0.4172781239629807
30063,Missoula,48835.0,6185.0,888.0,320.8945553089403,100.0,340.0,130.29578238109275,38.0,0.018183679737892904,0.0069622197194635,548.0,0.011221460018429405,-0.22215100628124598
36111,Ulster,41266.0,5221.0,2612.0,1260.375253963652,167.0,332.0,104.14150246688243,26.0,0.06329666068918723,0.008045364222362236,2280.0,0.05525129646682499,-0.18656937892076098
23017,Oxford,9751.0,1254.0,583.0,334.7763678465409,35.0,461.0,244.5169666888699,9.0,0.05978873961644959,0.04727720233822172,122.0,0.012511537278227874,0.1312917365339923
45013,Beaufort,54120.0,6980.0,369.0,55.02372953491859,95.0,149.0,31.30758292131448,38.0,0.006818181818181818,0.0027531411677753142,220.0,0.004065040650406504,0.14662787878787878
34011,Cumberland,36217.0,2955.0,7141.0,3263.0366516630042,186.0,1048.0,284.2756816618762,38.0,0.19717259850346522,0.028936687191098102,6093.0,0.16823591131236712,0.037971476145659884
48345,Motley,11.0,7.0,0.0,0.0,0.0,0.0,0.0,0.0,0.0,0.0,0.0,0.0,0.8909740840035746
25027,Worcester,292647.0,26743.0,26436.0,7533.965165572956,770.0,6595.0,2217.131286597132,237.0,0.09033408850936453,0.02253568292174531,19841.0,0.06779840558761922,-0.10227067368040597
47187,Williamson,128218.0,12768.0,1299.0,501.829555428914,201.0,129.0,30.522923105291902,42.0,0.010131182829243943,0.0010060989876616389,1170.0,0.009125083841582305,0.32945303218822275
04025,Yavapai,48610.0,6498.0,804.0,295.82977046594993,83.0,366.0,80.89137151282105,40.0,0.01653980662415141,0.007529314955770417,438.0,0.009010491668380992,0.34194228132619225
08079,Mineral,114.0,21.0,0.0,0.0,0.0,0.0,0.0,0.0,0.0,0.0,0.0,0.0,0.1362397820163488
41067,Washington,267446.0,20856.0,20572.0,4945.9668479204265,796.0,4618.0,1117.8650828756877,193.0,0.07692020071341504,0.017267037084121653,15954.0,0.05965316362929339,-0.351617454998722
18013,Brown,1149.0,165.0,0.0,0.0,0.0,0.0,0.0,0.0,0.0,0.0,0.0,0.0,0.3319966977237882
26081,Kent,369239.0,17419.0,50783.0,17784.342076449695,1154.0,7022.0,2454.56095789826,332.0,0.13753422579954988,0.019017492735057782,43761.0,0.11851673306449209,-0.054594020602756525
26085,Lake,277.0,31.0,0.0,0.0,0.0,0.0,0.0,0.0,0.0,0.0,0.0,0.0,0.3261985046180912
55081,Monroe,9318.0,967.0,1680.0,886.7423753379802,69.0,410.0,237.90278113290432,14.0,0.180296200901481,0.04400085855333763,1270.0,0.13629534234814336,0.26420417552845177
21149,McLean,333.0,32.0,189.0,158.5572178520843,6.0,0.0,0.0,0.0,0.5675675675675675,0.0,189.0,0.5675675675675675,0.5668929275235385
29071,Franklin,24291.0,2531.0,2652.0,643.3660774510818,90.0,1067.0,293.2024445573215,47.0,0.10917623811288131,0.04392573381087646,1585.0,0.06525050430200485,0.46391827800072966
29213,Taney,20647.0,1797.0,63.0,24.96995421967203,17.0,23.0,10.320718247435792,8.0,0.0030512907444180753,0.0011139632876446942,40.0,0.001937327456773381,0.5987954074910596
30091,Sheridan,208.0,39.0,0.0,0.0,0.0,0.0,0.0,0.0,0.0,0.0,0.0,0.0,0.44371584699453553
19155,Pottawattamie,27568.0,2156.0,3988.0,837.6047012478489,48.0,361.0,226.2278253238938,10.0,0.1446604759141033,0.013094892629135229,3627.0,0.13156558328496806,0.20242905737049974
18087,LaGrange,9424.0,777.0,4916.0,3855.838120139793,160.0,3727.0,3304.9388784472176,67.0,0.5216468590831919,0.3954796264855688,1189.0,0.12616723259762308,0.5775280898876405
18113,Noble,7316.0,639.0,1642.0,535.2647564231097,48.0,958.0,325.29951241473793,32.0,0.2244395844723893,0.13094587206123565,684.0,0.09349371241115365,0.5220395265384822
29101,Johnson,5516.0,854.0,49.0,2.966389515913218,8.0,34.0,2.956700161660426,3.0,0.008883248730964468,0.006163886874546773,15.0,0.0027193618564176946,0.4014962593516209
18151,Steuben,5896.0,662.0,528.0,170.46084483644836,24.0,470.0,142.29172321912733,11.0,0.08955223880597014,0.07971506105834464,58.0,0.009837177747625506,0.42828722412185266
26157,Tuscola,4726.0,499.0,291.0,87.54112189034981,54.0,34.0,14.835798936957174,8.0,0.061574269995768094,0.007194244604316547,257.0,0.05438002539145155,0.4353360153004023
29129,Mercer,32.0,3.0,0.0,0.0,0.0,0.0,0.0,0.0,0.0,0.0,0.0,0.0,0.7359550561797753
36087,Rockland,106856.0,11853.0,3804.0,1334.5255635989201,171.0,272.0,41.13017778366047,37.0,0.03559931122257992,0.002545481769858501,3532.0,0.03305382945272142,0.11820804026153939
47067,Hancock,48.0,8.0,0.0,0.0,0.0,0.0,0.0,0.0,0.0,0.0,0.0,0.0,0.7690179806362379
47033,Crockett,533.0,88.0,96.0,8.251999622449173,19.0,16.0,5.336202332432888,3.0,0.1801125703564728,0.0300187617260788,80.0,0.150093808630394,0.5925042589437819
47159,Smith,1215.0,148.0,0.0,0.0,0.0,0.0,0.0,0.0,0.0,0.0,0.0,0.0,0.6551351351351351
48073,Cherokee,6159.0,470.0,691.0,117.26111514227658,26.0,577.0,104.08199730198004,17.0,0.1121935379119987,0.09368403961682091,114.0,0.018509498295177784,0.6354505821974504
30047,Lake,3691.0,876.0,98.0,83.56903010581449,16.0,0.0,0.0,0.0,0.02655107017068545,0.0,98.0,0.02655107017068545,0.20561317876754118
31059,Fillmore,566.0,100.0,89.0,1.15177058916409,43.0,0.0,0.0,0.0,0.15724381625441697,0.0,89.0,0.15724381625441697,0.5552569701041317
22013,Bienville,386.0,66.0,0.0,0.0,0.0,0.0,0.0,0.0,0.0,0.0,0.0,0.0,0.1532316630355846
22085,Sabine,1396.0,219.0,0.0,0.0,0.0,0.0,0.0,0.0,0.0,0.0,0.0,0.0,0.720422434708149
24013,Carroll,40324.0,4155.0,851.0,408.88013380701676,66.0,300.0,85.66681828237171,24.0,0.02110405713718877,0.007439738121218133,551.0,0.013664319015970636,0.25626386927577166
26109,Menominee,1660.0,219.0,321.0,62.846004640843944,18.0,188.0,40.5466699226295,11.0,0.19337349397590362,0.11325301204819277,133.0,0.08012048192771085,0.34030845539796944
04027,Yuma,45008.0,3243.0,9803.0,2023.6761306401563,248.0,118.0,38.80035116621353,11.0,0.21780572342694632,0.002621756132243157,9685.0,0.21518396729470315,0.20604428131659958
13105,Elbert,1925.0,257.0,167.0,10.336491830739249,15.0,29.0,1.8498473436363327,6.0,0.08675324675324675,0.015064935064935066,138.0,0.07168831168831169,0.4351464435146444
21223,Trimble,59.0,22.0,0.0,0.0,0.0,0.0,0.0,0.0,0.0,0.0,0.0,0.0,0.5611031859248692
31061,Franklin,141.0,35.0,54.0,0.8638279418730676,18.0,0.0,0.0,0.0,0.3829787234042553,0.0,54.0,0.3829787234042553,0.702583490863264
47077,Henderson,1965.0,242.0,50.0,9.335508658208255,6.0,50.0,9.335508658208255,6.0,0.02544529262086514,0.02544529262086514,0.0,0.0,0.6826032540675845
48031,Blanco,1835.0,249.0,378.0,57.83881027896183,25.0,0.0,0.0,0.0,0.20599455040871933,0.0,378.0,0.20599455040871933,0.5270992366412214
16057,Latah,6905.0,992.0,36.0,11.708953851259336,18.0,0.0,0.0,0.0,0.0052136133236784935,0.0,36.0,0.0052136133236784935,0.08270752993708139
37011,Avery,3845.0,411.0,0.0,0.0,0.0,0.0,0.0,0.0,0.0,0.0,0.0,0.0,0.5277098181044569
21225,Union,857.0,140.0,0.0,0.0,0.0,0.0,0.0,0.0,0.0,0.0,0.0,0.0,0.5905064348988801
48501,Yoakum,270.0,50.0,67.0,0.9631507131175032,29.0,0.0,0.0,0.0,0.24814814814814815,0.0,67.0,0.24814814814814815,0.7286219081272085
37077,Granville,6271.0,812.0,160.0,6.710204021945454,8.0,150.0,1.820021979153593,5.0,0.02551427204592569,0.023919630043055334,10.0,0.001594642002870357,0.09506110621141489
13163,Jefferson,353.0,39.0,191.0,76.45102821877921,8.0,117.0,64.85809328540141,4.0,0.5410764872521246,0.3314447592067989,74.0,0.20963172804532576,0.012232826992875387
13221,Oglethorpe,502.0,86.0,71.0,12.122246783973623,8.0,0.0,0.0,0.0,0.14143426294820718,0.0,71.0,0.14143426294820718,0.4264538198403649
24041,Talbot,11374.0,1198.0,21.0,0.2523969315984804,10.0,0.0,0.0,0.0,0.0018463161596623879,0.0,21.0,0.0018463161596623879,0.000269735659054127
26083,Keweenaw,16.0,4.0,0.0,0.0,0.0,0.0,0.0,0.0,0.0,0.0,0.0,0.0,0.12988650693568726
16005,Bannock,21455.0,2737.0,332.0,100.74295577852955,53.0,202.0,28.053743202055838,25.0,0.015474248426940108,0.00941505476578886,130.0,0.0060591936611512475,0.25942797981105215
49013,Duchesne,4093.0,523.0,81.0,14.569817210824144,13.0,0.0,0.0,0.0,0.0197898851698021,0.0,81.0,0.0197898851698021,0.7713055303717135
51001,Accomack,3433.0,662.0,66.0,1.3304949497365164,13.0,0.0,0.0,0.0,0.019225167491989513,0.0,66.0,0.019225167491989513,0.1341513532554453
51109,Louisa,4826.0,759.0,37.0,7.307853386000667,4.0,0.0,0.0,0.0,0.007666804807293825,0.0,37.0,0.007666804807293825,0.26421656958471273
51163,Rockbridge,1284.0,187.0,62.0,28.803078150082804,3.0,62.0,28.803078150082804,3.0,0.048286604361370715,0.048286604361370715,0.0,0.0,0.3411466582198289
53017,Douglas,7031.0,693.0,2409.0,472.8495043916785,141.0,0.0,0.0,0.0,0.3426255155738871,0.0,2409.0,0.3426255155738871,0.27724945135332846
05075,Lawrence,1142.0,189.0,184.0,33.03247238783908,54.0,0.0,0.0,0.0,0.16112084063047286,0.0,184.0,0.16112084063047286,0.6536874214965009
05131,Sebastian,44744.0,3345.0,4211.0,705.7750026365038,65.0,807.0,93.94931855698198,35.0,0.09411317718576792,0.018035937779367066,3404.0,0.07607723940640085,0.3846431227603615
06065,Riverside,694296.0,91300.0,45894.0,5603.506863692592,1837.0,13037.0,1757.8076186926655,521.0,0.0661014898544713,0.018777293834330026,32857.0,0.047324196020141276,0.01299348195823079
01069,Houston,33114.0,3349.0,1197.0,269.70253644239773,72.0,955.0,227.20765227981565,37.0,0.03614785287189708,0.028839765658029835,242.0,0.007308087213867248,0.48189224344492365
01121,Talladega,11633.0,1021.0,1642.0,228.65506761603052,26.0,854.0,144.43982149138935,21.0,0.1411501762228144,0.0734118456116221,788.0,0.06773833061119229,0.3394751197042245
04012,La Paz,424.0,40.0,0.0,0.0,0.0,0.0,0.0,0.0,0.0,0.0,0.0,0.0,0.4449874521199313
13039,Camden,6733.0,855.0,34.0,5.127861836442184,6.0,13.0,1.5237460729804142,3.0,0.0050497549383632856,0.0019307886529036091,21.0,0.0031189662854596767,0.35898413666870044
40087,McClain,6614.0,864.0,341.0,49.42285721464805,29.0,83.0,14.57037763131089,11.0,0.051557302691260964,0.012549138191714545,258.0,0.039008164499546416,0.6167522342650694
27027,Clay,8894.0,919.0,169.0,53.23098273437316,56.0,0.0,0.0,0.0,0.019001574094895436,0.0,169.0,0.019001574094895436,-0.004861933553574768
27113,Pennington,1418.0,137.0,46.0,3.8797572036473182,17.0,0.0,0.0,0.0,0.03244005641748942,0.0,46.0,0.03244005641748942,0.3220291869353718
29099,Jefferson,31329.0,4074.0,1123.0,343.76033827096506,92.0,413.0,90.0784060743222,41.0,0.03584538287209933,0.013182674199623353,710.0,0.02266270867247598,0.37220302137379946
48117,Deaf Smith,1933.0,152.0,533.0,98.04893134498889,30.0,0.0,0.0,0.0,0.2757371960682876,0.0,533.0,0.2757371960682876,0.5433369447453954
48147,Fannin,1865.0,257.0,237.0,34.529750946933525,14.0,0.0,0.0,0.0,0.12707774798927615,0.0,237.0,0.12707774798927615,0.6788135593220339
17065,Hamilton,227.0,44.0,52.0,0.36844570113589986,4.0,0.0,0.0,0.0,0.2290748898678414,0.0,52.0,0.2290748898678414,0.6416100872938895
45033,Dillon,2077.0,234.0,48.0,0.05900651826353659,11.0,0.0,0.0,0.0,0.023110255175734232,0.0,48.0,0.023110255175734232,0.10920370527747089
31073,Gosper,58.0,15.0,37.0,0.5918821083204352,12.0,0.0,0.0,0.0,0.6379310344827587,0.0,37.0,0.6379310344827587,0.6342342342342342
39075,Holmes,14148.0,1112.0,4690.0,2682.364999228937,246.0,1545.0,720.5708927743739,89.0,0.33149561775515973,0.10920271416454623,3145.0,0.2222929035906135,0.6970093152475895
48171,Gillespie,7401.0,900.0,925.0,145.27867122815906,57.0,68.0,8.04911118742365,12.0,0.12498311039048778,0.009187947574652074,857.0,0.1157951628158357,0.6040382139711362
55079,Milwaukee,400965.0,28576.0,34003.0,12881.276172294574,666.0,11331.0,3682.8566984926547,238.0,0.08480291297245396,0.02825932437993341,22672.0,0.05654358859252055,-0.39239380692648695
26139,Ottawa,95216.0,6644.0,26043.0,10619.74654219195,646.0,6443.0,1789.1740767088017,211.0,0.273514955469669,0.0676671987901193,19600.0,0.2058477566795497,0.20752505887840897
