metro,visitChange,total_jobs,population2025,region,distToBorderKm,cy24Enplanements,cy23Enplanements,share_11,share_21,share_22,share_23,share_31_33,share_42,share_44_45,share_48_49,share_51,share_52,share_53,share_54,share_55,share_56,share_61,share_62,share_71,share_72,share_81,share_99,jobs_11,jobs_21,jobs_22,jobs_23,jobs_31_33,jobs_42,jobs_44_45,jobs_48_49,jobs_51,jobs_52,jobs_53,jobs_54,jobs_55,jobs_56,jobs_61,jobs_62,jobs_71,jobs_72,jobs_81,jobs_99
"Abilene, TX",-29.8,42970,185429,Southwest,1840.5549216906445,94579.0,79831.0,0.0058180125669071445,0.028903886432394693,0.01638352338841052,0.08850360716779149,0.0797998603676984,0.07205026762857808,0.2177565743542006,0.037421456830346755,0.020386316034442634,0.07330695834303003,0.02590179194787061,0.0,0.0,0.09024901093786362,0.0,0.0,0.017198045147777518,0.17519199441470792,0.050034908075401445,0.0010937863625785432,250.0,1242.0,704.0,3803.0,3429.0,3096.0,9357.0,1608.0,876.0,3150.0,1113.0,0.0,0.0,3878.0,0.0,0.0,739.0,7528.0,2150.0,47.0
"Akron, OH",-43.7,280604,701780,Midwest,296.18571093175564,380232.0,344002.0,0.002006386224002509,0.001065558580775755,0.003962880072985417,0.051282234038003735,0.1342033613205799,0.05639620247751279,0.12141665835127083,0.05935767130903337,0.011728271870678963,0.03947555986372254,0.013624182121423786,0.05874114410343402,0.04816039685820587,0.05642471240609542,0.015470199997149008,0.17819774486464912,0.017601317158700516,0.09928226254793232,0.03146783367307665,0.00013542216076748727,563.0,299.0,1112.0,14390.0,37658.0,15825.0,34070.0,16656.0,3291.0,11077.0,3823.0,16483.0,13514.0,15833.0,4341.0,50003.0,4939.0,27859.0,8830.0,38.0
"Albany-Schenectady-Troy, NY",-54.9,303269,915835,Northeast,208.06749425144588,1490673.0,1376492.0,0.0,0.0,0.0,0.06354424619727041,0.09091928288087474,0.0,0.1492800121344417,0.049431362915431515,0.02423261197155001,0.05917848510728099,0.01827090800576386,0.10463318044376445,0.0,0.0,0.05779027859754871,0.20564911019589868,0.016885998898667518,0.10716558566816918,0.04918735512037168,0.0038315818629665412,0.0,0.0,0.0,19271.0,27573.0,0.0,45272.0,14991.0,7349.0,17947.0,5541.0,31732.0,0.0,0.0,17526.0,62367.0,5121.0,32500.0,14917.0,1162.0
"Albuquerque, NM",-5.9,183339,925279,Southwest,1547.6088462281878,2690218.0,2605163.0,0.0,0.0,0.0,0.14742635227638418,0.09200442895401414,0.06271987956735883,0.23112921964230196,0.0,0.03035360725213948,0.0,0.0,0.0,0.0,0.13436857406225625,0.0,0.0,0.030348152875274766,0.21616786390238849,0.0554819214678819,0.0,0.0,0.0,0.0,27029.0,16868.0,11499.0,42375.0,0.0,5565.0,0.0,0.0,0.0,0.0,24635.0,0.0,0.0,5564.0,39632.0,10172.0,0.0
"Allentown-Bethlehem-Easton, PA-NJ",-46.8,316910,887615,Northeast,295.07446342567204,447899.0,419604.0,0.004080022719384052,0.0006815815215676375,0.0,0.04084755924394939,0.12962355242813417,0.0,0.12241961440156511,0.11824492758196334,0.014275346312833297,0.022978132592849705,0.010394118203906472,0.04492442649332618,0.027493610173235303,0.06254141554384525,0.02863589031586255,0.22386797513489634,0.023656558644410085,0.09161276072070935,0.033318607806632795,0.00040390016092897035,1293.0,216.0,0.0,12945.0,41079.0,0.0,38796.0,37473.0,4524.0,7282.0,3294.0,14237.0,8713.0,19820.0,9075.0,70946.0,7497.0,29033.0,10559.0,128.0
"Amarillo, TX",-37.6,66227,276235,Southwest,1532.1058445730885,402315.0,397983.0,0.015190179232035273,0.0,0.020263638697208087,0.0,0.2057921995560723,0.08010328113911244,0.2234889093572108,0.06165159225089465,0.01914626964833074,0.0,0.0,0.0,0.0,0.0653056910323584,0.0,0.2460778836426231,0.0,0.0,0.06150059643347879,0.0014797590106754043,1006.0,0.0,1342.0,0.0,13629.0,5305.0,14801.0,4083.0,1268.0,0.0,0.0,0.0,0.0,4325.0,0.0,16297.0,0.0,0.0,4073.0,98.0
"Anchorage, AK",-53.5,142177,405821,Pacific,2158.1981840299,2767856.0,2681818.0,0.0035237767008728556,0.011985060874825043,0.008475351146809963,0.07587021810841416,0.016535726594315535,0.034330447259402014,0.14010001617701878,0.09120321852338986,0.021986678576703687,0.032241501790022296,0.01812529452724421,0.06734563255660198,0.013855968264909233,0.05284258354023506,0.01175295582267174,0.21468310626894646,0.02027754137448392,0.12323371572054552,0.04117402955470997,0.0004571766178777158,501.0,1704.0,1205.0,10787.0,2351.0,4881.0,19919.0,12967.0,3126.0,4584.0,2577.0,9575.0,1970.0,7513.0,1671.0,30523.0,2883.0,17521.0,5854.0,65.0
"Ann Arbor, MI",-53.9,133466,370214,Midwest,396.0618878293922,,,0.0,0.0,0.0029745403323692926,0.036353827941198506,0.09045000224776348,0.04744279441955254,0.11358698095395083,0.03174591281674734,0.02934080589813136,0.02698814679394003,0.01895613864205116,0.14146674059310985,0.013381685223202914,0.05731047607630408,0.025392234726447187,0.19957891897561925,0.01816192888076364,0.10679873525841788,0.03585931997662326,0.0042108102438074115,0.0,0.0,397.0,4852.0,12072.0,6332.0,15160.0,4237.0,3916.0,3602.0,2530.0,18881.0,1786.0,7649.0,3389.0,26637.0,2424.0,14254.0,4786.0,562.0
"Appleton, WI",-38.1,82109,249876,Midwest,394.1844932883118,540349.0,474885.0,0.018158788926914225,0.0033370276096408432,0.0,0.11774592310221778,0.30271955571252845,0.07446199563994203,0.17252676320500798,0.0,0.0,0.0590069298128098,0.012398153673775104,0.0,0.0,0.0946912031567794,0.0,0.0,0.020448428308711592,0.12450523085167278,0.0,0.0,1491.0,274.0,0.0,9668.0,24856.0,6114.0,14166.0,0.0,0.0,4845.0,1018.0,0.0,0.0,7775.0,0.0,0.0,1679.0,10223.0,0.0,0.0
"Asheville, NC",-40.7,119833,422345,Southeast,870.7659298644759,1096465.0,1125935.0,0.013251775387414151,0.0012433970609097662,0.005274006325469612,0.08832291605818098,0.18059299191374664,0.0,0.2240868542054359,0.0,0.019669039413183348,0.032470187677851675,0.026728864336201214,0.0,0.0,0.08707117405055369,0.0,0.0,0.040047399297355485,0.21274607161633272,0.06849532265736483,0.0,1588.0,149.0,632.0,10584.0,21641.0,0.0,26853.0,0.0,2357.0,3891.0,3203.0,0.0,0.0,10434.0,0.0,0.0,4799.0,25494.0,8208.0,0.0
"Athens-Clarke County, GA",-31.4,43944,224148,Southeast,1067.6418256267082,,,0.01538321500091025,0.002594210813762971,0.0,0.08606408155834698,0.1469825232113599,0.0,0.2538913162206445,0.02974239941744038,0.0,0.0,0.0,0.0,0.0,0.09120699071545603,0.04173493537229201,0.3231840524303659,0.0,0.0,0.0,0.009216275259421081,676.0,114.0,0.0,3782.0,6459.0,0.0,11157.0,1307.0,0.0,0.0,0.0,0.0,0.0,4008.0,1834.0,14202.0,0.0,0.0,0.0,405.0
"Atlanta-Sandy Springs-Alpharetta, GA",-45.2,2066204,5044702,Southeast,1123.8851281307047,52511402.0,50950068.0,0.001173649842900314,0.0,0.005210037343844074,0.0,0.08544219254245951,0.06773435730450623,0.14252174519069752,0.08849561805126696,0.04304802429963353,0.06020944688907775,0.026181829093351868,0.11349508567401864,0.03679501152838732,0.09879179403389017,0.02886549440423114,0.15954426571626035,0.0,0.0,0.03432187722025511,0.008169570865219505,2425.0,0.0,10765.0,0.0,176541.0,139953.0,294479.0,182850.0,88946.0,124405.0,54097.0,234504.0,76026.0,204124.0,59642.0,329651.0,0.0,0.0,70916.0,16880.0
"Atlantic City-Hammonton, NJ",-52.8,105031,372047,Northeast,451.5899207470887,489848.0,437812.0,0.012310651141091677,0.00030467195399453496,0.007978596795231883,0.05250830707124563,0.022831354552465464,0.0212794317868058,0.13923508297550247,0.016956898439508334,0.003684626443621407,0.020498709904694806,0.012291609143967019,0.04303491350172806,0.01288191105483143,0.048728470642000934,0.006750387980691415,0.18732564671382734,0.027039635917014977,0.3280745684607402,0.03393283887614133,0.002351686644895317,1293.0,32.0,838.0,5515.0,2398.0,2235.0,14624.0,1781.0,387.0,2153.0,1291.0,4520.0,1353.0,5118.0,709.0,19675.0,2840.0,34458.0,3564.0,247.0
"Auburn-Opelika, AL",-31.0,48780,208013,Southeast,1281.1297787018138,,,0.0,0.0,0.004571545715457154,0.06197211972119721,0.14020090200902008,0.03302583025830258,0.16312013120131202,0.07125871258712588,0.013653136531365314,0.023636736367363673,0.015826158261582617,0.03923739237392374,0.002931529315293153,0.0974989749897499,0.017527675276752766,0.09493644936449365,0.017240672406724066,0.17777777777777778,0.025584255842558426,0.0,0.0,0.0,223.0,3023.0,6839.0,1611.0,7957.0,3476.0,666.0,1153.0,772.0,1914.0,143.0,4756.0,855.0,4631.0,841.0,8672.0,1248.0,0.0
"Augusta-Richmond County, GA-SC",-32.9,127003,641231,Southeast,1082.6359470029115,299141.0,280553.0,0.01059030101651142,0.002102312543798178,0.01912553246773698,0.10964307929733944,0.19039707723439603,0.03673141579332772,0.21119186160956827,0.04862877254867995,0.0,0.02873947859499382,0.020330228419801106,0.0,0.0034566112611513116,0.0,0.0,0.26285205861278865,0.0,0.0,0.05201451934206278,0.004196751257844303,1345.0,267.0,2429.0,13925.0,24181.0,4665.0,26822.0,6176.0,0.0,3650.0,2582.0,0.0,439.0,0.0,0.0,33383.0,0.0,0.0,6606.0,533.0
"Austin-Round Rock-Georgetown, TX",-50.7,890041,2620945,Southwest,2083.1053096179558,10678073.0,10833443.0,0.0015066721645407347,0.003721176889603962,0.0036144402336521575,0.08761057074898797,0.08115581192327095,0.05430086928579694,0.13071307950982033,0.03402315174244782,0.05144931525626348,0.05752206920804772,0.02846722791421968,0.0,0.0,0.09249012124160573,0.026424625382426202,0.13977108919701453,0.01892272378463464,0.14346979521168127,0.04368562796545328,0.0011516323405326271,1341.0,3312.0,3217.0,77977.0,72232.0,48330.0,116340.0,30282.0,45792.0,51197.0,25337.0,0.0,0.0,82320.0,23519.0,124402.0,16842.0,127694.0,38882.0,1025.0
"Bakersfield, CA",-41.6,274650,927068,Pacific,1515.220677388005,195148.0,174891.0,0.2106244310941198,0.026855998543600948,0.005865647187329328,0.058995084653194974,0.046186054979064264,0.03027125432368469,0.11742581467322047,0.06888403422537775,0.006207900964864373,0.01469870744584016,0.012372109958128527,0.040112870926633896,0.010664482068086656,0.04650282177316585,0.0075368651010376845,0.15828873111232478,0.009666848716548335,0.09934462042599672,0.029361004915346805,0.0001347169124340069,57848.0,7376.0,1611.0,16203.0,12685.0,8314.0,32251.0,18919.0,1705.0,4037.0,3398.0,11017.0,2929.0,12772.0,2070.0,43474.0,2655.0,27285.0,8064.0,37.0
"Baltimore-Columbia-Towson, MD",-38.9,1047002,2857781,Northeast,436.0898031459854,13221461.0,12849721.0,0.0022110750504774584,0.0005243542992276997,0.0,0.07467320979329552,0.058111636845010806,0.0,0.1180322482669565,0.06221478086956854,0.012645630094307365,0.04039056276874352,0.019487068792609755,0.1139338797824646,0.014260717744569733,0.08020615051356157,0.04410784315598251,0.19907698361607715,0.020535777391065154,0.10051079176544075,0.039068693278522866,8.595972118486879e-06,2315.0,549.0,0.0,78183.0,60843.0,0.0,123580.0,65139.0,13240.0,42289.0,20403.0,119289.0,14931.0,83976.0,46181.0,208434.0,21501.0,105235.0,40905.0,9.0
"Barnstable Town, MA",-54.4,81309,233539,Northeast,371.25905375111824,270251.0,246503.0,0.0,0.0,0.0055836377276808225,0.08987934914954064,0.02813956634566899,0.021190766089854752,0.18187408527961235,0.027044976570859313,0.013467143858613438,0.026835897625109153,0.017464241350895963,0.0601901388530175,0.006481447318255052,0.05164249960029025,0.011978993715332866,0.18203396917930365,0.038470526018029985,0.1934472198649596,0.044275541452975686,0.0,0.0,0.0,454.0,7308.0,2288.0,1723.0,14788.0,2199.0,1095.0,2182.0,1420.0,4894.0,527.0,4199.0,974.0,14801.0,3128.0,15729.0,3600.0,0.0
"Baton Rouge, LA",-46.1,215149,888699,Southeast,1761.39395146917,419446.0,377665.0,0.0038252559853868716,0.0,0.010397445491264194,0.0,0.0,0.060446481275767024,0.1873724721007302,0.06704191048993953,0.018828811660756034,0.0,0.0,0.10571743303478055,0.0,0.10271951066470214,0.024587611376302006,0.23653839897001613,0.02475493727602731,0.15776043579100996,0.0,9.295883318072592e-06,823.0,0.0,2237.0,0.0,0.0,13005.0,40313.0,14424.0,4051.0,0.0,0.0,22745.0,0.0,22100.0,5290.0,50891.0,5326.0,33942.0,0.0,2.0
"Beaumont-Port Arthur, TX",-24.3,58874,399310,Southwest,1964.827733199862,33907.0,32150.0,0.005316438495770629,0.01479430648503584,0.011159425213167103,0.0,0.0,0.09370859802289636,0.3202941875870503,0.08817134898257295,0.0,0.0,0.0,0.10848591908142813,0.0,0.0,0.020195672113326766,0.3366171824574515,0.0,0.0,0.0,0.0012569215613004042,313.0,871.0,657.0,0.0,0.0,5517.0,18857.0,5191.0,0.0,0.0,0.0,6387.0,0.0,0.0,1189.0,19818.0,0.0,0.0,0.0,74.0
"Bellingham, WA",-30.5,74312,236392,Pacific,44.57166551311091,266703.0,311234.0,0.0,0.0,0.002274195284745398,0.1057433523522446,0.12179728711379051,0.036212186457099796,0.14287059963397566,0.029039724405210465,0.01608084831521154,0.034785768112821615,0.01688825492518032,0.05988265690601787,0.00438690924749704,0.05427118096673485,0.016646032942189685,0.17274464420282054,0.020037140704058563,0.11894445042523415,0.047394768005167405,0.0,0.0,0.0,169.0,7858.0,9051.0,2691.0,10617.0,2158.0,1195.0,2585.0,1255.0,4450.0,326.0,4033.0,1237.0,12837.0,1489.0,8839.0,3522.0,0.0
"Billings, MT",-26.4,32281,193603,Pacific,359.6477477873673,475334.0,428868.0,0.0,0.0,0.009448282271305102,0.0,0.0,0.17158700164183266,0.0,0.0,0.02784919921935504,0.0,0.0,0.14822960874818003,0.012577057711966792,0.13230692977293146,0.02784919921935504,0.4655370031907314,0.0,0.0,0.0,0.004615718224342492,0.0,0.0,305.0,0.0,0.0,5539.0,0.0,0.0,899.0,0.0,0.0,4785.0,406.0,4271.0,899.0,15028.0,0.0,0.0,0.0,149.0
"Binghamton, NY",-48.2,66417,243189,Northeast,124.6131734794665,24496.0,36647.0,0.0,0.0,0.0,0.060421277684930066,0.16143457247391482,0.0,0.1622175045545568,0.05069485222156978,0.018820482707740487,0.029962208470722857,0.013400183687911228,0.04873752201996477,0.0,0.0,0.006835599319451345,0.24683439480855804,0.015583359682009124,0.13004200731740367,0.0528328590571691,0.0021831759940978968,0.0,0.0,0.0,4013.0,10722.0,0.0,10774.0,3367.0,1250.0,1990.0,890.0,3237.0,0.0,0.0,454.0,16394.0,1035.0,8637.0,3509.0,145.0
"Birmingham-Hoover, AL",-34.9,317380,1197766,Southeast,1250.0122812271354,1596510.0,1499027.0,0.0023252882979393785,0.007045182431155083,0.0,0.08835150293024135,0.1252536391707102,0.0,0.18232087718192702,0.0645125716806352,0.0,0.09370155649379293,0.02368139139202218,0.0,0.02479677358371668,0.0,0.016919780704518245,0.21330266557439032,0.02057470540046632,0.1372140651584851,0.0,0.0,738.0,2236.0,0.0,28041.0,39753.0,0.0,57865.0,20475.0,0.0,29739.0,7516.0,0.0,7870.0,0.0,5370.0,67698.0,6530.0,43549.0,0.0,0.0
"Blacksburg-Christiansburg, VA",-31.3,34935,181616,Southeast,643.5138330656202,,,0.0075568913696865605,0.0019750966079862603,0.0,0.0,0.0,0.021067697151853443,0.21311006154286533,0.0,0.0,0.024817518248175182,0.02624874767425218,0.08976670960354945,0.00941748962358666,0.09503363389151281,0.014999284385286962,0.2307714326606555,0.02038070702733648,0.19622155431515673,0.048633175898096466,0.0,264.0,69.0,0.0,0.0,0.0,736.0,7445.0,0.0,0.0,867.0,917.0,3136.0,329.0,3320.0,524.0,8062.0,712.0,6855.0,1699.0,0.0
"Bloomington, IL",-35.9,65069,171419,Midwest,760.5195407623506,161971.0,164672.0,0.0,0.0,0.0,0.04688868739338241,0.16344188476847654,0.03560835420860932,0.13542547142264366,0.0,0.005317432264211837,0.26279795294226127,0.016828289969109716,0.04940908881341345,0.010296761898907313,0.0718468087722264,0.0,0.0,0.019317954786457453,0.13896018073122376,0.043523029399560466,0.00033810262951635957,0.0,0.0,0.0,3051.0,10635.0,2317.0,8812.0,0.0,346.0,17100.0,1095.0,3215.0,670.0,4675.0,0.0,0.0,1257.0,9042.0,2832.0,22.0
"Bloomington, IN",-43.9,49565,165231,Midwest,760.9322154644653,,,0.0022596590335922525,0.004317562796328054,0.007787753455059014,0.0575607787753455,0.23367295470594168,0.03617472006456169,0.1356400685967921,0.017673761727025117,0.0,0.02927468980127106,0.02150711187329769,0.0,0.0,0.04517300514475941,0.013860587107838192,0.2165842832644003,0.014102693432865934,0.16441037022092203,0.0,0.0,112.0,214.0,386.0,2853.0,11582.0,1793.0,6723.0,876.0,0.0,1451.0,1066.0,0.0,0.0,2239.0,687.0,10735.0,699.0,8149.0,0.0,0.0
"Boise City, ID",-42.7,219652,864243,Pacific,598.9856372674042,2475370.0,2369164.0,0.021921038733997415,0.0016753774151840183,0.0,0.1474923970644474,0.1369438930672154,0.0,0.18114563036075246,0.06945532023382442,0.017486751770983192,0.06592701181869502,0.023833154262196565,0.0,0.024720922186003313,0.0,0.021392930635732887,0.24082184546464408,0.0,0.0,0.047065357929816254,0.00011836905650756652,4815.0,368.0,0.0,32397.0,30080.0,0.0,39789.0,15256.0,3841.0,14481.0,5235.0,0.0,5430.0,0.0,4699.0,52897.0,0.0,0.0,10338.0,26.0
"Boston-Cambridge-Newton, MA-NH",-52.0,2333735,2078469,Northeast,293.5816732478036,21203593.0,20067425.0,0.0029214970851446287,0.00016111512232537114,0.0,0.053271686802486146,0.07262049889983224,0.035342487471799494,0.10073680173627254,0.0,0.03421639560618493,0.05864119105211174,0.017600970118715278,0.13951584048745894,0.025685435578589686,0.060402316458381095,0.054194242276865194,0.19250686131887296,0.02014067578366867,0.09469369915607384,0.03723087668479926,0.00011740836041795663,6818.0,376.0,0.0,124322.0,169477.0,82480.0,235093.0,0.0,79852.0,136853.0,41076.0,325593.0,59943.0,140963.0,126475.0,449260.0,47003.0,220990.0,86887.0,274.0
"Boulder, CO",-48.2,165117,328560,Southwest,999.3148202284084,,,0.0038397015449650853,0.0011809807590980942,0.002543650865749741,0.0345997080857816,0.1285754949520643,0.0444593833463544,0.10189138610803249,0.009447846072784753,0.0519510407771459,0.024964116353858173,0.016006831519468013,0.21470835831561863,0.011488823076969664,0.03449675078883458,0.021608919735702562,0.13738137199682648,0.021748214902160286,0.10447137484329294,0.03419999152116378,0.00043605443412852703,634.0,195.0,420.0,5713.0,21230.0,7341.0,16824.0,1560.0,8578.0,4122.0,2643.0,35452.0,1897.0,5696.0,3568.0,22684.0,3591.0,17250.0,5647.0,72.0
"Bowling Green, KY",-37.7,64446,197180,Southeast,922.7003530953214,8835.0,10822.0,0.0,0.0,0.0025757998944853054,0.058126183161096114,0.2244825124910778,0.040731775439903174,0.1385811376966763,0.04715575830928219,0.0,0.0,0.0,0.040576606771560685,0.03283369022127052,0.06563634670887254,0.006408466002544766,0.17254755919684697,0.01770474505787791,0.12691245383732117,0.025726965211184557,0.0,0.0,0.0,166.0,3746.0,14467.0,2625.0,8931.0,3039.0,0.0,0.0,0.0,2615.0,2116.0,4230.0,413.0,11120.0,1141.0,8179.0,1658.0,0.0
"Bremerton-Silverdale-Port Orchard, WA",-45.8,59179,283374,Pacific,161.6075532228328,,,0.004798999645144393,0.0008955879619459606,0.002805049088359046,0.07536457189205631,0.044323155173287825,0.022879737744808126,0.18248027171800807,0.018942530289460788,0.013416921543114956,0.031886311022491086,0.016948579732675443,0.09466195778908058,0.005948055898207134,0.05846668581760422,0.012893087074806941,0.20661045303232567,0.022051741327159972,0.1421619155443654,0.04246438770509809,0.0,284.0,53.0,166.0,4460.0,2623.0,1354.0,10799.0,1121.0,794.0,1887.0,1003.0,5602.0,352.0,3460.0,763.0,12227.0,1305.0,8413.0,2513.0,0.0
"Bridgeport-Stamford-Norwalk, CT",-51.9,373022,978179,Northeast,333.7311851214085,,,0.001182235900295425,0.00022250698350231353,0.0025199586083394544,0.03843741119826713,0.08277795947692093,0.03892531807775413,0.11986156312496314,0.025464985979379233,0.03562256381661135,0.07993094241090337,0.014894563859504266,0.08261443024808188,0.030435202213274285,0.06482727560304755,0.032523550889759854,0.18553061213547725,0.02766860935816118,0.09044506758314523,0.0450884934400652,0.0010267490925468202,441.0,83.0,940.0,14338.0,30878.0,14520.0,44711.0,9499.0,13288.0,29816.0,5556.0,30817.0,11353.0,24182.0,12132.0,69207.0,10321.0,33738.0,16819.0,383.0
"Brownsville-Harlingen, TX",-58.5,127458,433946,Southwest,2534.5673347328475,188157.0,176056.0,0.0036404148817649738,0.001271006919926564,0.0030912143608090507,0.02881733590673006,0.05831724960379105,0.023866685496398813,0.13693922703949538,0.034835004472061386,0.010999701862574339,0.026189019127869573,0.01324357827676568,0.03728286965117921,0.004644667262941518,0.0803323447723956,0.015824820725258516,0.3551601311804673,0.008944122769853598,0.134428596086554,0.021324671656545686,0.0008473379466177093,464.0,162.0,394.0,3673.0,7433.0,3042.0,17454.0,4440.0,1402.0,3338.0,1688.0,4752.0,592.0,10239.0,2017.0,45268.0,1140.0,17134.0,2718.0,108.0
"Buffalo-Cheektowaga, NY",-50.7,444527,1155653,Northeast,2.320167409106822,2558414.0,2344626.0,0.0035408422885449026,0.0004701626672845519,0.002890713050050953,0.04681380433584462,0.1213177152343952,0.042361881280552134,0.12636127839253858,0.044856667873942414,0.012026266121068012,0.05798522924366799,0.01626447887304933,0.061177386300494685,0.025957928314815523,0.06832655834178801,0.030880014037392555,0.17019663597486767,0.018541055998848213,0.10504198845064529,0.04223590468070556,0.0027534885395037872,1574.0,209.0,1285.0,20810.0,53929.0,18831.0,56171.0,19940.0,5346.0,25776.0,7230.0,27195.0,11539.0,30373.0,13727.0,75657.0,8242.0,46694.0,18775.0,1224.0
"Burlington, NC",-17.2,59694,186177,Southeast,758.0044970808016,,,0.0,0.0,0.00167521023888498,0.05395852179448521,0.14602807652360372,0.04017154152846182,0.16144001072134553,0.040757865112071565,0.004573323952155995,0.025814989781217542,0.009967500921365632,0.02775823365832412,0.005578450095486983,0.07447984722082622,0.03529667973330653,0.2048949643180219,0.013167152477635943,0.12383154085837772,0.03038831373337354,0.00021777733105504742,0.0,0.0,100.0,3221.0,8717.0,2398.0,9637.0,2433.0,273.0,1541.0,595.0,1657.0,333.0,4446.0,2107.0,12231.0,786.0,7392.0,1814.0,13.0
"Burlington-South Burlington, VT",-48.0,72880,227803,Northeast,60.637349985228326,670636.0,649557.0,0.0,0.0,0.0,0.08021405049396269,0.16140230515916576,0.0,0.1901344676180022,0.04551317233809001,0.03264270032930845,0.044195938529088916,0.017069154774972558,0.13298572996706914,0.011306256860592756,0.0765642151481888,0.0,0.0,0.024588364434687156,0.1350164654226125,0.048243688254665205,0.0001234906695938529,0.0,0.0,0.0,5846.0,11763.0,0.0,13857.0,3317.0,2379.0,3221.0,1244.0,9692.0,824.0,5580.0,0.0,0.0,1792.0,9840.0,3516.0,9.0
"Canton-Massillon, OH",-42.3,99623,400246,Midwest,310.9761485064858,,,0.0023388173413769913,0.0038946829547393674,0.0,0.0819890989028638,0.25543298234343476,0.0,0.1976953113236903,0.05660339479838993,0.015116991056282184,0.04623430332352971,0.017164710960320406,0.0,0.0,0.0782750971161278,0.0,0.0,0.020928901960390673,0.16568463105909279,0.058560774118426466,8.030274133483231e-05,233.0,388.0,0.0,8168.0,25447.0,0.0,19695.0,5639.0,1506.0,4606.0,1710.0,0.0,0.0,7798.0,0.0,0.0,2085.0,16506.0,5834.0,8.0
"Cape Coral-Fort Myers, FL",-58.2,249079,875607,Southeast,1837.5003842737044,5425293.0,4963269.0,0.005062650805567712,0.001156259660589612,0.003669518506176755,0.15996531221018231,0.032331107801139396,0.031588371560830095,0.17092569024285467,0.02443802970142003,0.012558264646959399,0.02726042741459537,0.03054452603390892,0.07017050815203209,0.009555201361816933,0.0825440924365362,0.011755306549327724,0.12234271054565017,0.03410163040641724,0.12919194311844837,0.03752624669281634,0.00331220215273066,1261.0,288.0,914.0,39844.0,8053.0,7868.0,42574.0,6087.0,3128.0,6790.0,7608.0,17478.0,2380.0,20560.0,2928.0,30473.0,8494.0,32179.0,9347.0,825.0
"Cedar Rapids, IA",-37.3,105295,279285,Midwest,701.5541685694986,759978.0,691094.0,0.004549123890023268,0.0016240087373569495,0.0,0.08092502018139512,0.19088275796571538,0.05634645519730282,0.13370055558193647,0.0,0.028111496272377606,0.07694572391851465,0.011814426136093832,0.057182202383778906,0.0,0.0,0.02978299064532979,0.17472814473621728,0.01927916805166437,0.09712711904648844,0.03700080725580512,0.0,479.0,171.0,0.0,8521.0,20099.0,5933.0,14078.0,0.0,2960.0,8102.0,1244.0,6021.0,0.0,0.0,3136.0,18398.0,2030.0,10227.0,3896.0,0.0
"Champaign-Urbana, IL",-46.1,41567,239979,Midwest,771.5117188933316,86626.0,70184.0,0.0,0.0,0.0,0.10116197945485601,0.1919310991892607,0.07453027642119951,0.23364688334496114,0.0,0.046262660283397886,0.06803473909591744,0.03736136839319652,0.08487502105035244,0.0024779272018668657,0.09878028243558593,0.0,0.0,0.0,0.0,0.06086559049245796,7.217263694757861e-05,0.0,0.0,0.0,4205.0,7978.0,3098.0,9712.0,0.0,1923.0,2828.0,1553.0,3528.0,103.0,4106.0,0.0,0.0,0.0,0.0,2530.0,3.0
"Charleston, WV",-38.1,29240,200170,Southeast,555.9551092295133,,,0.0,0.0,0.02332421340629275,0.14996580027359782,0.0,0.0,0.35437756497948014,0.0,0.0,0.0,0.04582763337893297,0.0,0.0,0.0,0.0,0.0,0.04018467852257182,0.2800615595075239,0.10512995896032831,0.0011285909712722298,0.0,0.0,682.0,4385.0,0.0,0.0,10362.0,0.0,0.0,0.0,1340.0,0.0,0.0,0.0,0.0,0.0,1175.0,8189.0,3074.0,33.0
"Charleston-North Charleston, SC",-48.5,313057,889263,Southeast,1129.291013194635,3115194.0,3032768.0,0.0,0.0,0.003849139294122157,0.06669073044206007,0.10319526476009161,0.03535777829596527,0.13623397656017913,0.05464819505713017,0.020871598462899727,0.03263942349156863,0.025298907227757246,0.09037970720986913,0.008953641030227721,0.08052207744915463,0.015846954388497942,0.12237707510133937,0.020542584896680156,0.14800180158884804,0.034587950437140844,3.1943064681511672e-06,0.0,0.0,1205.0,20878.0,32306.0,11069.0,42649.0,17108.0,6534.0,10218.0,7920.0,28294.0,2803.0,25208.0,4961.0,38311.0,6431.0,46333.0,10828.0,1.0
"Charlotte-Concord-Gastonia, NC-SC",-41.9,977473,2938830,Southeast,869.4518494751748,28655822.0,26015296.0,0.0031959962065448355,0.0014077115173513745,0.00496381997252098,0.07825996216775297,0.11165014276609175,0.06582892826707235,0.13889590812227037,0.07362965524367425,0.026678997783058968,0.09899096957153804,0.023153580712715338,0.0,0.04536493591127325,0.0,0.02265535723237368,0.11741603092873154,0.028329171240535543,0.12388065961924268,0.03569612664493035,2.046092321731649e-06,3124.0,1376.0,4852.0,76497.0,109135.0,64346.0,135767.0,71971.0,26078.0,96761.0,22632.0,0.0,44343.0,0.0,22145.0,114771.0,27691.0,121090.0,34892.0,2.0
"Charlottesville, VA",-35.3,55721,228597,Southeast,542.7774529091839,351138.0,308485.0,0.02248703361389781,0.002745822939286804,0.005814683871430879,0.10073401410599235,0.07695482852066546,0.03332675292977513,0.18025520001435724,0.0256097342115181,0.0,0.047881409163511066,0.032285852730568367,0.13890633692862656,0.0,0.0,0.0,0.0,0.045350944886129105,0.20735449830405053,0.08029288778019059,0.0,1253.0,153.0,324.0,5613.0,4288.0,1857.0,10044.0,1427.0,0.0,2668.0,1799.0,7740.0,0.0,0.0,0.0,0.0,2527.0,11554.0,4474.0,0.0
"Chattanooga, TN-GA",-41.2,192327,594530,Southeast,1033.5633985982029,557741.0,488024.0,0.003286070078564112,0.0008475149095030859,0.0,0.06827954473370873,0.20557696007320864,0.0,0.1462769137978547,0.08187098015359258,0.0,0.07126924456784539,0.018104582299937087,0.0,0.010362559599016259,0.0,0.020745917109922164,0.17456207396777362,0.020350756784018886,0.1369230529254863,0.04154382899956845,0.0,632.0,163.0,0.0,13132.0,39538.0,0.0,28133.0,15746.0,0.0,13707.0,3482.0,0.0,1993.0,0.0,3990.0,33573.0,3914.0,26334.0,7990.0,0.0
"Chicago-Naperville-Elgin, IL-IN-WI",-48.6,3534749,7212979,Midwest,571.1926991157941,49067940.0,46623118.0,0.0017364740749626069,0.0004266215224899986,0.0040984522521966904,0.050378117371275864,0.1153179476109902,0.0637564364541867,0.12091523330227974,0.07321142180109536,0.018565108866287254,0.0630254085933683,0.019140821597233636,0.10110958373564856,0.019581871301187156,0.09493488788029927,0.03474306096415898,0.17355885806884733,0.0,0.0,0.045380025569000795,0.00011966903449155796,6138.0,1508.0,14487.0,178074.0,407620.0,225363.0,427405.0,258784.0,65623.0,222779.0,67658.0,357397.0,69217.0,335571.0,122808.0,613487.0,0.0,0.0,160407.0,423.0
"Chico, CA",-19.9,63091,209211,Pacific,1031.0240053687369,,,0.04449129035837124,0.0006815552138973863,0.012061942273858395,0.06523909907910795,0.06484284604777227,0.03472761566625985,0.14821448384080138,0.020399106053161305,0.010223328208460794,0.02019305447686675,0.019812651566784484,0.03350715632974592,0.006498549713905312,0.03951435228479498,0.007592208080391815,0.28947076445134806,0.01426510912808483,0.1140416224184115,0.05409646383794836,0.0001268009700274207,2807.0,43.0,761.0,4116.0,4091.0,2191.0,9351.0,1287.0,645.0,1274.0,1250.0,2114.0,410.0,2493.0,479.0,18263.0,900.0,7195.0,3413.0,8.0
"Cincinnati, OH-KY-IN",-38.4,735183,2312858,Midwest,632.2176765434641,4500414.0,4287722.0,0.001639047692887349,0.0008596499102944436,0.0034440404633948284,0.0,0.0,0.07196983608162866,0.13730186905845213,0.08523184023569642,0.0,0.0,0.020298347486272125,0.0833357136930533,0.05270932543325947,0.09190228827380394,0.02176600927932229,0.21173095678218892,0.033858236656723564,0.14267604120334665,0.04105780465543953,0.000218993094236401,1205.0,632.0,2532.0,0.0,0.0,52911.0,100942.0,62661.0,0.0,0.0,14923.0,61267.0,38751.0,67565.0,16002.0,155661.0,24892.0,104893.0,30185.0,161.0
"Clarksville, TN-KY",-37.0,47675,349001,Southeast,1011.5642346905232,,,0.0,0.0,0.0,0.07651809124278972,0.25761929732564237,0.0,0.28151022548505505,0.03752490823282643,0.024729942317776612,0.041174619821709495,0.02636601992658626,0.06504457262716308,0.0302464604090194,0.11517566858940745,0.0,0.0,0.0,0.0,0.04253801782905087,0.0015521761929732565,0.0,0.0,0.0,3648.0,12282.0,0.0,13421.0,1789.0,1179.0,1963.0,1257.0,3101.0,1442.0,5491.0,0.0,0.0,0.0,0.0,2028.0,74.0
"Cleveland-Elyria, OH",35.5,871729,2165775,Midwest,277.51608786689275,,,0.0027864164206995523,0.0005552184222390215,0.002630404632632389,0.04422475333503876,0.1362510596756561,0.054254246445856455,0.10732119729870178,0.0408051125980666,0.01481767842987901,0.05153321731868505,0.016999549171818305,0.06502364840449268,0.031754134599170154,0.06288995777357413,0.02799493879405182,0.19218243284323452,0.0191447112577418,0.09487008003634156,0.03381096648155562,0.00015027606056469385,2429.0,484.0,2293.0,38552.0,118774.0,47295.0,93555.0,35571.0,12917.0,44923.0,14819.0,56683.0,27681.0,54823.0,24404.0,167531.0,16689.0,82701.0,29474.0,131.0
"Coeur d'Alene, ID",-39.7,58877,191864,Pacific,147.9252641027445,,,0.014538784245121185,0.002394823105796831,0.006097457411213207,0.11539310766513239,0.0912920155578579,0.03505613397421744,0.16544660903238956,0.016746777179543794,0.011906177284848073,0.03495422660801332,0.016542962447135552,0.05603206685123223,0.004348047624709139,0.05368819742853746,0.013791463559624302,0.14773171187390663,0.039336243354790495,0.14589737928223245,0.028754861830595987,5.0953683102060226e-05,856.0,141.0,359.0,6794.0,5375.0,2064.0,9741.0,986.0,701.0,2058.0,974.0,3299.0,256.0,3161.0,812.0,8698.0,2316.0,8590.0,1693.0,3.0
"College Station-Bryan, TX",-35.9,74298,287476,Southwest,2029.792314038344,68316.0,60072.0,0.016581872997927266,0.02201943524724757,0.0,0.08029825836496272,0.08329968505208754,0.040324100244959485,0.17424425960321946,0.0,0.0192871948100891,0.027968451371503944,0.03172359955853455,0.0,0.0,0.0,0.01627230881046596,0.19008587041373926,0.023513418934560822,0.2338151767207731,0.03887049449514119,0.0016958733747880158,1232.0,1636.0,0.0,5966.0,6189.0,2996.0,12946.0,0.0,1433.0,2078.0,2357.0,0.0,0.0,0.0,1209.0,14123.0,1747.0,17372.0,2888.0,126.0
"Colorado Springs, CO",-51.0,245829,781796,Southwest,1130.5083605328434,,,0.0,0.0,0.002017662684223586,0.07392130301957865,0.0,0.027384889496357225,0.135586118806162,0.04056478283685001,0.020921046743874808,0.05589251064764531,0.02220649313140435,0.13865329151564706,0.007257077073900963,0.06897070728026393,0.017451155071208035,0.16524087882227076,0.025513670071472445,0.1459022328529181,0.05197108559201721,0.0005450943542055657,0.0,0.0,496.0,18172.0,0.0,6732.0,33331.0,9972.0,5143.0,13740.0,5459.0,34085.0,1784.0,16955.0,4290.0,40621.0,6272.0,35867.0,12776.0,134.0
"Columbia, MO",-36.7,65584,219062,Midwest,1041.200107854571,103081.0,97779.0,0.0,0.0,0.0,0.056873627714076606,0.07634484020492803,0.0,0.16109111978531349,0.0,0.016726640644059525,0.09720358624054648,0.022734203464259577,0.06044157111490608,0.04356245425713589,0.04889912173700903,0.020614784093681386,0.17777201756525982,0.01887655525737985,0.1624329104659673,0.03642656745547695,0.0,0.0,0.0,0.0,3730.0,5007.0,0.0,10565.0,0.0,1097.0,6375.0,1491.0,3964.0,2857.0,3207.0,1352.0,11659.0,1238.0,10653.0,2389.0,0.0
"Columbia, SC",-40.4,196992,879918,Southeast,1006.7671755823214,654460.0,593590.0,0.012893924626380766,0.001974699480181936,0.0,0.08069363222871995,0.15870187621832357,0.0,0.22171458739441197,0.06970333820662768,0.0,0.12352278265107212,0.028534153671215076,0.09998375568551007,0.0,0.0,0.0,0.0,0.019665773229369722,0.18261147660818713,0.0,0.0,2540.0,389.0,0.0,15896.0,31263.0,0.0,43676.0,13731.0,0.0,24333.0,5621.0,19696.0,0.0,0.0,0.0,0.0,3874.0,35973.0,0.0,0.0
"Columbus, GA-AL",-14.0,34095,324830,Southeast,1277.5235964279425,63422.0,65701.0,0.011673265874761696,0.003988854670772841,0.0,0.0,0.0,0.07159407537762136,0.374952339052647,0.0,0.0,0.0,0.0,0.0,0.061152661680598325,0.0,0.025076990761108666,0.4515618125824901,0.0,0.0,0.0,0.0,398.0,136.0,0.0,0.0,0.0,2441.0,12784.0,0.0,0.0,0.0,0.0,0.0,2085.0,0.0,855.0,15396.0,0.0,0.0,0.0,0.0
"Columbus, OH",-45.4,869731,2242028,Midwest,472.700859707363,4530430.0,4244552.0,0.0033999018087201675,0.0006381283408318204,0.0,0.05586554923303872,0.08514356737887922,0.0,0.11821126302270472,0.08504008710739297,0.018318307614653265,0.061172937379488604,0.01992800072666146,0.07856337189314858,0.04342492103880395,0.07739749416773692,0.017611192426163953,0.17139207410107263,0.018582757197340326,0.1083415446845059,0.03675159330873569,0.0002173085701211064,2957.0,555.0,0.0,48588.0,74052.0,0.0,102812.0,73962.0,15932.0,53204.0,17332.0,68329.0,37768.0,67315.0,15317.0,149065.0,16162.0,94228.0,31964.0,189.0
"Corpus Christi, TX",-37.6,119499,451191,Southwest,2357.5104134522903,369393.0,352224.0,0.006334781044192838,0.024544138444673177,0.0,0.1658674967991364,0.07438555971179675,0.0,0.17495543895764817,0.04538950116737379,0.011506372438263081,0.04104636858885848,0.030686449258989616,0.0784943807061147,0.00892894501209215,0.07300479501920518,0.0,0.0,0.019682173072578014,0.20344940125021968,0.04080368873379694,0.0009205097950610465,757.0,2933.0,0.0,19821.0,8889.0,0.0,20907.0,5424.0,1375.0,4905.0,3667.0,9380.0,1067.0,8724.0,0.0,0.0,2352.0,24312.0,4876.0,110.0
"Crestview-Fort Walton Beach-Destin, FL",-46.8,103362,315098,Southeast,1515.2486466834457,1164880.0,1116717.0,0.001209341924498365,0.0005417851821752675,0.004663222460865695,0.076178866508001,0.03235231516418026,0.01768541630386409,0.17162013118941197,0.020220196977612664,0.012644879162554905,0.027718116909502526,0.0435653334881291,0.1271453725740601,0.0062208548596195895,0.06585592384048296,0.009016853389059809,0.1160581258102591,0.01985255703256516,0.20745535109614752,0.03695748921267003,0.0030378669143398926,125.0,56.0,482.0,7874.0,3344.0,1828.0,17739.0,2090.0,1307.0,2865.0,4503.0,13142.0,643.0,6807.0,932.0,11996.0,2052.0,21443.0,3820.0,314.0
"Dallas-Fort Worth-Arlington, TX",-49.6,2941996,5742098,Southwest,1804.0276022696737,51006307.0,47805264.0,0.0011838901208567245,0.005883080738383057,0.0,0.07575877057616666,0.10238253213124696,0.0,0.1318553798169678,0.08334069794792379,0.02766523135993387,0.0823525932734103,0.028874274472161076,0.11859397497481301,0.0,0.0,0.020194792922899964,0.14413581799567368,0.017365761204298034,0.12485129143615423,0.03461935366329526,0.0009425573658155891,3483.0,17308.0,0.0,222882.0,301209.0,0.0,387918.0,245188.0,81391.0,242281.0,84948.0,348903.0,0.0,0.0,59413.0,424047.0,51090.0,367312.0,101850.0,2773.0
"Daphne-Fairhope-Foley, AL",-44.9,69024,267761,Southeast,1582.111422547002,,,0.009605354659248957,0.001043115438108484,0.004737482614742698,0.07727746870653686,0.05924026425591099,0.03351008344923505,0.21622913769123783,0.02933762169680111,0.0,0.029352109411219286,0.03682777005099676,0.04253592953175707,0.003245248029670839,0.06121059341678257,0.016211752433936022,0.15068671766342143,0.029424547983310154,0.19952480296708391,0.0,0.0,663.0,72.0,327.0,5334.0,4089.0,2313.0,14925.0,2025.0,0.0,2026.0,2542.0,2936.0,224.0,4225.0,1119.0,10401.0,2031.0,13772.0,0.0,0.0
"Davenport-Moline-Rock Island, IA-IL",-32.1,126560,380452,Midwest,730.7900541196537,326888.0,272481.0,0.0,0.0,0.009141908975979772,0.0780578381795196,0.19604930467762327,0.09028919089759797,0.16439633375474083,0.047218710493046774,0.010232300884955753,0.041039823008849556,0.012413084702907713,0.0489807206068268,0.035303413400758536,0.0752212389380531,0.0,0.0,0.016964285714285713,0.13025442477876106,0.044326801517067006,0.00011061946902654867,0.0,0.0,1157.0,9879.0,24812.0,11427.0,20806.0,5976.0,1295.0,5194.0,1571.0,6199.0,4468.0,9520.0,0.0,0.0,2147.0,16485.0,5610.0,14.0
"Deltona-Daytona Beach-Ormond Beach, FL",-55.1,188549,746933,Southeast,1533.9376407307034,337763.0,348080.0,0.008342658937464532,0.00010607322234538502,0.0023283072304812013,0.07660608117783706,0.06726103028920864,0.027202477870473987,0.1715522224991912,0.025027976812393594,0.00863436029891434,0.02731385475393664,0.02081686988528181,0.05098939798142658,0.010214851311860578,0.062068746055402045,0.0338585725726469,0.1898339423704183,0.02664028979204345,0.15581095630313604,0.032978164827180204,0.002413165808357509,1573.0,20.0,439.0,14444.0,12682.0,5129.0,32346.0,4719.0,1628.0,5150.0,3925.0,9614.0,1926.0,11703.0,6384.0,35793.0,5023.0,29378.0,6218.0,455.0
"Denver-Aurora-Lakewood, CO",-45.2,781665,3092037,Southwest,1029.7542628836793,40012895.0,37863967.0,0.0,0.010334350393071201,0.0,0.13481094842419708,0.0,0.1010356098840296,0.0,0.09430254648730595,0.0,0.09775287367350463,0.043197533470220616,0.23097490612986382,0.0,0.0,0.0,0.0,0.038386009351832305,0.1858251296911081,0.06338009249486673,0.0,0.0,8078.0,0.0,105377.0,0.0,78976.0,0.0,73713.0,0.0,76410.0,33766.0,180545.0,0.0,0.0,0.0,0.0,30005.0,145253.0,49542.0,0.0
"Des Moines-West Des Moines, IA",-41.3,253074,758539,Midwest,800.712601722243,1555454.0,1519262.0,0.0,0.0,0.0022562570631514895,0.09657254399898844,0.09229711467792029,0.07740423749575223,0.16037996791452303,0.06461351225333302,0.023657112149015704,0.18961647581339847,0.02218718635655974,0.0,0.0,0.08216569066755178,0.0,0.0,0.025727652781399907,0.11860562523214555,0.04451662359626038,0.0,0.0,0.0,571.0,24440.0,23358.0,19589.0,40588.0,16352.0,5987.0,47987.0,5615.0,0.0,0.0,20794.0,0.0,0.0,6511.0,30016.0,11266.0,0.0
"Detroit-Warren-Dearborn, MI",-41.4,1650744,1769038,Midwest,339.0144198565971,16110696.0,15378601.0,0.002266250854160306,0.000612451112952705,0.0,0.04846663080404957,0.15067508953538525,0.0,0.11858289353164392,0.05399383550689871,0.013870715265359134,0.04634758630048027,0.019206491133694867,0.11474704739196387,0.02846413495975148,0.06836432541932608,0.015768041561865436,0.1683186490455213,0.015448185787741769,0.09573501403003737,0.035018755179482705,0.0041139025796852816,3741.0,1011.0,0.0,80006.0,248726.0,0.0,195750.0,89130.0,22897.0,76508.0,31705.0,189418.0,46987.0,112852.0,26029.0,277851.0,25501.0,158034.0,57807.0,6791.0
"Dover, DE",-27.1,50595,194786,Northeast,452.96558350120927,,,0.0,0.0,0.005870145271271865,0.053266133017096554,0.09155054847316929,0.032216622195869155,0.18323945053859078,0.055716968079849785,0.008222156339559245,0.03529993082320387,0.009981223441051488,0.054610139341832196,0.0055539084889811244,0.07105445202095069,0.005158612511117699,0.2052179069077972,0.02678130250024706,0.12341140428896136,0.032849095760450635,0.0,0.0,0.0,297.0,2695.0,4632.0,1630.0,9271.0,2819.0,416.0,1786.0,505.0,2763.0,281.0,3595.0,261.0,10383.0,1355.0,6244.0,1662.0,0.0
"Duluth, MN-WI",-44.2,98707,281219,Midwest,269.54682893921114,135966.0,128109.0,0.002735368312277751,0.034212365890970244,0.011063045174101128,0.06639853303210512,0.08477615569311193,0.02865045032267215,0.15059722208151397,0.041456026421631695,0.00986758791169826,0.03332083844104268,0.011984965605276222,0.0451741011275796,0.0,0.0,0.01617919701743544,0.2762519375525545,0.018742338435977186,0.12474292603361464,0.043846940946437436,0.0,270.0,3377.0,1092.0,6554.0,8368.0,2828.0,14865.0,4092.0,974.0,3289.0,1183.0,4459.0,0.0,0.0,1597.0,27268.0,1850.0,12313.0,4328.0,0.0
"Durham-Chapel Hill, NC",-45.9,275424,625485,Southeast,767.9121727820856,,,0.003256796793307773,0.0002577843615661671,0.003093412338794005,0.037563901475543164,0.10610549552689671,0.03455036598117811,0.08620163820146393,0.02354188451260602,0.022496224003717903,0.04559878587196468,0.01410915533867782,0.14559007203439062,0.02234736261182758,0.05503514581154874,0.08973437318461717,0.17922185430463577,0.012903741140931799,0.0878173289183223,0.03057467758800976,0.0,897.0,71.0,852.0,10346.0,29224.0,9516.0,23742.0,6484.0,6196.0,12559.0,3886.0,40099.0,6155.0,15158.0,24715.0,49362.0,3554.0,24187.0,8421.0,0.0
"East Stroudsburg, PA",-41.4,46310,167179,Northeast,261.2276644238923,,,0.004059598358885769,0.0015115525804361909,0.0020945800043187216,0.03871733966745843,0.10863744331677823,0.01403584538976463,0.18240120924206435,0.06206003023105161,0.006370114446123947,0.018376160656445692,0.011336644353271431,0.028287626862448716,0.0037572878427985317,0.037832001727488664,0.005679118980781689,0.1831353919239905,0.026430576549341396,0.2219822932412006,0.043295184625350897,0.0,188.0,70.0,97.0,1793.0,5031.0,650.0,8447.0,2874.0,295.0,851.0,525.0,1310.0,174.0,1752.0,263.0,8481.0,1224.0,10280.0,2005.0,0.0
"Eau Claire, WI",-43.6,73440,176647,Midwest,402.95578930864326,22289.0,25856.0,0.0,0.0,0.0022739651416122005,0.053281590413943355,0.14680010893246187,0.04443082788671024,0.14990468409586058,0.05829248366013072,0.009340958605664487,0.028458605664488018,0.010634531590413943,0.0400599128540305,0.03959694989106754,0.040754357298474944,0.008374183006535947,0.213630174291939,0.018137254901960786,0.100599128540305,0.03543028322440087,0.0,0.0,0.0,167.0,3913.0,10781.0,3263.0,11009.0,4281.0,686.0,2090.0,781.0,2942.0,2908.0,2993.0,615.0,15689.0,1332.0,7388.0,2602.0,0.0
"El Centro, CA",-42.7,45829,181411,Pacific,1802.6133082206657,4183.0,7100.0,0.19620764144973707,0.00728796177093107,0.011128324859804927,0.03709441619934976,0.0502302035828842,0.03665801130288682,0.17870780510157325,0.04259311789478278,0.0045604311680377055,0.01400859717646032,0.011368347552859544,0.021383839926683978,0.0030330140304174213,0.04457876017368915,0.005367780226494141,0.21471120905976565,0.0034912391717035066,0.0926487595190818,0.023740426367583844,0.0012001134652730803,8992.0,334.0,510.0,1700.0,2302.0,1680.0,8190.0,1952.0,209.0,642.0,521.0,980.0,139.0,2043.0,246.0,9840.0,160.0,4246.0,1088.0,55.0
"El Paso, TX",-38.2,110452,881291,Southwest,1917.2188577873897,2071894.0,2018137.0,0.0,0.0,0.0,0.0,0.0,0.0,0.352741462354688,0.0,0.0,0.0,0.04481584760801072,0.09810596458189982,0.015889255061021984,0.0,0.03115380436750806,0.4240937239705936,0.031859993481331256,0.0,0.0,0.001339948574946583,0.0,0.0,0.0,0.0,0.0,0.0,38961.0,0.0,0.0,0.0,4950.0,10836.0,1755.0,0.0,3441.0,46842.0,3519.0,0.0,0.0,148.0
"Elkhart-Goshen, IN",-38.2,122485,208774,Midwest,548.5322614190574,,,0.0,0.0,0.0012001469567702167,0.03506551822672164,0.5291750010205332,0.05727231905947667,0.08304690370249418,0.020002449279503613,0.0036657549904069884,0.01432828509613422,0.007282524390741723,0.01725109197044536,0.021863901702249253,0.034028656570192266,0.006335469649344817,0.08814140507000857,0.0033800057149855085,0.05712536228925991,0.020835204310731926,0.0,0.0,0.0,147.0,4295.0,64816.0,7015.0,10172.0,2450.0,449.0,1755.0,892.0,2113.0,2678.0,4168.0,776.0,10796.0,414.0,6997.0,2552.0,0.0
"Erie, PA",-39.7,103917,265832,Northeast,129.53887430790954,46810.0,47206.0,0.0035797800167441324,0.00030793806595648453,0.0042149022777793815,0.04019554067188237,0.18122155181539112,0.026925334642070115,0.13006534060837013,0.02799349480835667,0.008641511975903847,0.04799984603096702,0.008805104073443228,0.029658284977433915,0.004936632119864892,0.040493855673277714,0.02859012481114736,0.24068246773867605,0.023749723336893867,0.10614240210937576,0.04579616424646593,0.0,372.0,32.0,438.0,4177.0,18832.0,2798.0,13516.0,2909.0,898.0,4988.0,915.0,3082.0,513.0,4208.0,2971.0,25011.0,2468.0,11030.0,4759.0,0.0
"Evansville, IN-KY",-45.8,120072,273786,Midwest,913.3923355073788,189706.0,165186.0,0.0034729162502498503,0.0010660270504364048,0.0,0.08060996735292159,0.189736158305017,0.05076120994070225,0.13715937104404025,0.0,0.012617429542274634,0.03576187620760877,0.01370011326537411,0.0,0.0,0.06576887201012725,0.020487707375574656,0.20862482510493705,0.022844626557398894,0.11283230061962822,0.044506629355719904,4.9970017989206476e-05,417.0,128.0,0.0,9679.0,22782.0,6095.0,16469.0,0.0,1515.0,4294.0,1645.0,0.0,0.0,7897.0,2460.0,25050.0,2743.0,13548.0,5344.0,6.0
"Fargo, ND-MN",-43.1,119617,269528,Midwest,236.56309887075224,552860.0,522976.0,0.0,0.0,0.0,0.08404323800128745,0.10179155136811657,0.07539898175008569,0.12413787337920196,0.0,0.020874959244923382,0.06677980554603442,0.017271792470969844,0.06159659580160011,0.019119355944389176,0.04434152336206392,0.015658309437621743,0.21114891695996388,0.02400996513873446,0.09859802536428769,0.03522910623071971,0.0,0.0,0.0,0.0,10053.0,12176.0,9019.0,14849.0,0.0,2497.0,7988.0,2066.0,7368.0,2287.0,5304.0,1873.0,25257.0,2872.0,11794.0,4214.0,0.0
"Fayetteville, NC",-42.3,83684,395412,Southeast,872.5819363228725,168117.0,167572.0,0.0,0.0,0.0,0.0722240810668706,0.09706753979255293,0.0,0.20689737584245496,0.058230964103054346,0.008675493523254146,0.024867358156875866,0.02048181253286172,0.0,0.0,0.07733855934228766,0.018820802064910856,0.17377276420821183,0.014244060991348406,0.18158787820849864,0.04577936045122126,1.1949715596768797e-05,0.0,0.0,0.0,6044.0,8123.0,0.0,17314.0,4873.0,726.0,2081.0,1714.0,0.0,0.0,6472.0,1575.0,14542.0,1192.0,15196.0,3831.0,1.0
"Fayetteville-Springdale-Rogers, AR",-45.0,110150,622177,Southeast,1393.2204631140892,1123106.0,972907.0,0.01333635950975942,0.0006082614616432138,0.0,0.13975487970948705,0.27284611892873356,0.10277802995914662,0.2628869723104857,0.0,0.0,0.05063095778483886,0.028769859282796188,0.12829777576032683,0.0,0.0,0.0,0.0,0.0,0.0,0.0,9.078529278256922e-05,1469.0,67.0,0.0,15394.0,30054.0,11321.0,28957.0,0.0,0.0,5577.0,3169.0,14132.0,0.0,0.0,0.0,0.0,0.0,0.0,0.0,10.0
"Flint, MI",-55.3,115054,401093,Midwest,381.1150075586643,285088.0,281903.0,0.0027899942635631965,0.00034766283658108364,0.003954664766109827,0.05414848679750378,0.11936134336920055,0.053027274149529784,0.1550228588315052,0.022259113112103882,0.007509517270151408,0.03540076833486885,0.015340622664140317,0.04708223964399325,0.0033027969475202946,0.0942253202843882,0.019434352564882577,0.19710744519964538,0.015679593929806872,0.115015557911937,0.0358353468805952,0.003155040241973334,321.0,40.0,455.0,6230.0,13733.0,6101.0,17836.0,2561.0,864.0,4073.0,1765.0,5417.0,380.0,10841.0,2236.0,22678.0,1804.0,13233.0,4123.0,363.0
"Florence, SC",-37.5,71472,201392,Southeast,970.7937238608934,24728.0,22734.0,0.004785090664875756,0.0005316767405417507,0.011682896798746362,0.045318446384598164,0.1566487575554063,0.04867640474591448,0.15573931049921647,0.06159055294381016,0.008646742780389523,0.028416722632639356,0.011808820237295724,0.03643384822028207,0.019028430714125813,0.07228005372733379,0.011962726662189388,0.1608182225207074,0.011067271099171704,0.125461719274681,0.02910230579807477,0.0,342.0,38.0,835.0,3239.0,11196.0,3479.0,11131.0,4402.0,618.0,2031.0,844.0,2604.0,1360.0,5166.0,855.0,11494.0,791.0,8967.0,2080.0,0.0
"Fort Collins, CO",-41.8,136176,377292,Southwest,935.6954831120366,,,0.006601750675596287,0.0032164258019034193,0.002188344495358947,0.08337739396075666,0.11143667019151686,0.044170778991892846,0.14156679591117377,0.02824286217835742,0.018079544119374926,0.026502467395135707,0.022514980613323934,0.09991481612031489,0.007314064152273528,0.05774879567618376,0.01484108800375984,0.12912701210198566,0.023418223475502292,0.1389965926448126,0.040330160968158855,0.00041123252261778876,899.0,438.0,298.0,11354.0,15175.0,6015.0,19278.0,3846.0,2462.0,3609.0,3066.0,13606.0,996.0,7864.0,2021.0,17584.0,3189.0,18928.0,5492.0,56.0
"Fort Smith, AR-OK",-33.5,82265,234140,Southeast,1471.5503107947277,59250.0,58615.0,0.0,0.0,0.009530176867440588,0.05817783990761563,0.2293441925484714,0.04797909195891327,0.15700480155594723,0.06207986385461618,0.014064304382179541,0.030413906278490246,0.014027836868656171,0.03249255454932231,0.0,0.0,0.007791892056159971,0.18947304442958732,0.0071111651370570714,0.11421625235519359,0.026244453898984988,4.86233513644928e-05,0.0,0.0,784.0,4786.0,18867.0,3947.0,12916.0,5107.0,1157.0,2502.0,1154.0,2673.0,0.0,0.0,641.0,15587.0,585.0,9396.0,2159.0,4.0
"Fort Wayne, IN",-37.3,119061,466258,Midwest,546.8011661254153,424491.0,392876.0,0.0,0.0,0.004653076994145858,0.10089785908063933,0.3236156256036821,0.0,0.20272801337129706,0.0,0.015177094094623764,0.0732817631298242,0.02028372010985965,0.0,0.018822284375236222,0.0,0.0,0.0,0.021661165285021964,0.15735631315040188,0.061523084805267886,0.0,0.0,0.0,554.0,12013.0,38530.0,0.0,24137.0,0.0,1807.0,8725.0,2415.0,0.0,2241.0,0.0,0.0,0.0,2579.0,18735.0,7325.0,0.0
"Fresno, CA",-46.8,344502,1203383,Pacific,1363.6033031517022,1318250.0,1201789.0,0.12094559683252927,0.0006647276358337542,0.008049300149200876,0.06531457001701006,0.07739287435196313,0.045921358947117866,0.11644925138315598,0.04893440386412851,0.008455683856697494,0.020716860860024035,0.014676257322163587,0.033613738091506,0.008690805858891966,0.05278634086304289,0.012954932046838626,0.2166692791333577,0.0139999187232585,0.09438842154762526,0.03920731955112017,0.0001683589645343133,41666.0,229.0,2773.0,22501.0,26662.0,15820.0,40117.0,16858.0,2913.0,7137.0,5056.0,11580.0,2994.0,18185.0,4463.0,74643.0,4823.0,32517.0,13507.0,58.0
"Gainesville, FL",31.0,46546,359036,Southeast,1504.436110494353,290563.0,273366.0,0.0,0.0,0.0,0.12914106475314743,0.09530357066128131,0.06397971898766812,0.3022601297641043,0.0,0.034116787693894216,0.07306750311519787,0.05355991921969665,0.0,0.0,0.17384952520087654,0.0,0.0,0.0,0.0,0.07076870192927427,0.003953078674859279,0.0,0.0,0.0,6011.0,4436.0,2978.0,14069.0,0.0,1588.0,3401.0,2493.0,0.0,0.0,8092.0,0.0,0.0,0.0,0.0,3294.0,184.0
"Gainesville, GA",-39.8,89004,226568,Southeast,1047.3664673377396,,,0.0,0.0,0.0017190238640959958,0.05386274774167453,0.27235854568334006,0.05807604152622354,0.1063098287717406,0.04306548020313694,0.006089613949934835,0.023392207091816098,0.008595119320479978,0.029403172891106017,0.015190328524560695,0.07818749719113748,0.013257831108714216,0.16973394454181834,0.0109096220394589,0.08497370904678442,0.020100220214821805,0.004775066289155544,0.0,0.0,153.0,4794.0,24241.0,5169.0,9462.0,3833.0,542.0,2082.0,765.0,2617.0,1352.0,6959.0,1180.0,15107.0,971.0,7563.0,1789.0,425.0
"Grand Rapids-Kentwood, MI",-53.2,473578,1183645,Midwest,403.9190451700847,2065053.0,1899740.0,0.0,0.0,0.0,0.057599804044951415,0.2395656048211699,0.06883765715468201,0.1055222159813167,0.0,0.011693955377994754,0.03795573274096348,0.011645388932762924,0.0,0.0,0.12212982866602756,0.02689314115098252,0.16687852898572147,0.013176287749853246,0.09457153837382648,0.039670339416104636,0.003859976603642906,0.0,0.0,0.0,27278.0,113453.0,32600.0,49973.0,0.0,5538.0,17975.0,5515.0,0.0,0.0,57838.0,12736.0,79030.0,6240.0,44787.0,18787.0,1828.0
"Greeley, CO",-29.9,98481,378426,Southwest,953.960485481772,,,0.04099267879083275,0.06244859414506351,0.005036504503406748,0.13207623805607174,0.13493973456808928,0.04550116266081782,0.1137173668017181,0.03840334683847646,0.005442674221423422,0.02849280571886963,0.01509935926726983,0.04340938861303196,0.01923213614808948,0.06257044506046852,0.00900681349701973,0.10296402351722668,0.011768767579533108,0.09802906144332409,0.03031041520699424,0.0005584833622729258,4037.0,6150.0,496.0,13007.0,13289.0,4481.0,11199.0,3782.0,536.0,2806.0,1487.0,4275.0,1894.0,6162.0,887.0,10140.0,1159.0,9654.0,2985.0,55.0
"Green Bay, WI",-43.1,102061,336756,Midwest,351.70687301829804,338127.0,330492.0,0.024994856017479743,0.0008916236368446322,0.006084596466818863,0.08363625674841517,0.31094149577213626,0.08042249243099715,0.1694868754960269,0.07730670873301261,0.0,0.07237828357550877,0.0137074886587433,0.0,0.0,0.0,0.0,0.0,0.030971673802921783,0.12917764866109482,0.0,0.0,2551.0,91.0,621.0,8536.0,31735.0,8208.0,17298.0,7890.0,0.0,7387.0,1399.0,0.0,0.0,0.0,0.0,0.0,3161.0,13184.0,0.0,0.0
"Greensboro-High Point, NC",-44.2,292776,805945,Southeast,763.0079775767963,985563.0,903776.0,0.0,0.0,0.0025206984179031067,0.06105350165314097,0.1659084077929885,0.0720038527748176,0.13787332294996857,0.07249911194906686,0.012726452987949832,0.03734937289941798,0.01810940787496243,0.0,0.0,0.09030111757794354,0.020681340000546493,0.15214703390988332,0.014505970434735088,0.11232478071973112,0.029995628056944557,0.0,0.0,0.0,738.0,17875.0,48574.0,21081.0,40366.0,21226.0,3726.0,10935.0,5302.0,0.0,0.0,26438.0,6055.0,44545.0,4247.0,32886.0,8782.0,0.0
"Greenville, NC",-29.5,54995,182936,Southeast,820.9570011788571,42318.0,34824.0,0.0,0.0,0.001181925629602691,0.07097008818983544,0.12172015637785254,0.02902082007455223,0.17474315846895172,0.02072915719610874,0.010728248022547505,0.02485680516410583,0.01958359850895536,0.03911264660423675,0.014310391853804892,0.08618965360487317,0.013946722429311756,0.17219747249749978,0.011982907537048823,0.1585962360214565,0.030130011819256296,0.0,0.0,0.0,65.0,3903.0,6694.0,1596.0,9610.0,1140.0,590.0,1367.0,1077.0,2151.0,787.0,4740.0,767.0,9470.0,659.0,8722.0,1657.0,0.0
"Greenville-Anderson, SC",-42.6,343934,1014101,Southeast,944.323870819448,1412702.0,1258724.0,0.0,0.0,0.0,0.05881360958788605,0.17626928422313584,0.0,0.13809044758587402,0.038487035303284935,0.015191868207272325,0.04114161437950305,0.0146045462210773,0.0718539022021667,0.018302930213354888,0.09737333325579908,0.02400751306936796,0.13296737164688574,0.02032366675001599,0.12450063093500498,0.028063523815615787,8.72260375537167e-06,0.0,0.0,0.0,20228.0,60625.0,0.0,47494.0,13237.0,5225.0,14150.0,5023.0,24713.0,6295.0,33490.0,8257.0,45732.0,6990.0,42820.0,9652.0,3.0
"Gulfport-Biloxi, MS",-37.2,87430,431329,Southeast,1661.2167373594996,424624.0,376980.0,0.0,0.0,0.014560219604254833,0.08101338213427885,0.0,0.024236532082809105,0.2114377216058561,0.033352396202676424,0.014903351252430516,0.03857943497655267,0.020233329520759465,0.05853825917877159,0.01594418391856342,0.0892371039688894,0.0,0.0,0.02495710854397804,0.3383849937092531,0.03462198330092645,0.0,0.0,0.0,1273.0,7083.0,0.0,2119.0,18486.0,2916.0,1303.0,3373.0,1769.0,5118.0,1394.0,7802.0,0.0,0.0,2182.0,29585.0,3027.0,0.0
"Hagerstown-Martinsburg, MD-WV",-52.0,82932,315280,Northeast,375.46563735593656,41508.0,32331.0,0.004895577099310279,0.0005184970819466551,0.004316789658997733,0.05209086962812907,0.12082187816524381,0.03412434283509381,0.17202045048955772,0.0925698162349877,0.01820768822649882,0.03413640090676699,0.012817730188588242,0.03981575266483384,0.010731683789128442,0.05698644672743935,0.009730863840254667,0.17809771861283943,0.017423913567742248,0.10155307963150532,0.03894757150436502,0.0001929291467708484,406.0,43.0,358.0,4320.0,10020.0,2830.0,14266.0,7677.0,1510.0,2831.0,1063.0,3302.0,890.0,4726.0,807.0,14770.0,1445.0,8422.0,3230.0,16.0
"Harrisburg-Carlisle, PA",-41.4,267680,617427,Northeast,330.39196234712614,727163.0,654791.0,0.002955020920502092,0.0004707112970711297,0.0,0.04407875074716079,0.08330842797369994,0.0,0.11684847579199044,0.12648684997011356,0.010026897788404064,0.045528242677824265,0.012257172743574418,0.06252615062761506,0.03410415421398685,0.0592498505678422,0.02601613867304244,0.21877241482367005,0.026673640167364017,0.0882957262402869,0.04240137477585176,0.0,791.0,126.0,0.0,11799.0,22300.0,0.0,31278.0,33858.0,2684.0,12187.0,3281.0,16737.0,9129.0,15860.0,6964.0,58561.0,7140.0,23635.0,11350.0,0.0
"Hartford-East Hartford-Middletown, CT",-44.7,494327,1171426,Northeast,329.48808473117185,3285194.0,3122212.0,0.0,0.0,0.0019703556552646325,0.0,0.1280994159736369,0.03856961080418427,0.11229004282590269,0.05772292429909756,0.018362339099422042,0.09112996053219832,0.01392398149403128,0.07433338660441367,0.0267151096339063,0.059070210609576256,0.026929542590228735,0.20712807514054463,0.017399413748389225,0.08720340988859601,0.038488692707458826,0.0006635283931486647,0.0,0.0,974.0,0.0,63323.0,19066.0,55508.0,28534.0,9077.0,45048.0,6883.0,36745.0,13206.0,29200.0,13312.0,102389.0,8601.0,43107.0,19026.0,328.0
"Hartford-East Hartford-Middletown, CT",-35.1,494327,1171426,Northeast,329.48808473117185,3285194.0,3122212.0,0.0,0.0,0.0019703556552646325,0.0,0.1280994159736369,0.03856961080418427,0.11229004282590269,0.05772292429909756,0.018362339099422042,0.09112996053219832,0.01392398149403128,0.07433338660441367,0.0267151096339063,0.059070210609576256,0.026929542590228735,0.20712807514054463,0.017399413748389225,0.08720340988859601,0.038488692707458826,0.0006635283931486647,0.0,0.0,974.0,0.0,63323.0,19066.0,55508.0,28534.0,9077.0,45048.0,6883.0,36745.0,13206.0,29200.0,13312.0,102389.0,8601.0,43107.0,19026.0,328.0
"Hattiesburg, MS",-24.3,33326,158014,Southeast,1579.9053155075624,17003.0,15513.0,0.008521874812458741,0.0012302706595450998,0.02094460781371902,0.06670467502850627,0.14085098721718778,0.05047110364280142,0.2791814199123807,0.058002760607333614,0.0,0.05131128848346636,0.0,0.04272940046810298,0.0,0.0,0.0,0.0,0.018544079697533456,0.22817019744343756,0.03333733421352698,0.0,284.0,41.0,698.0,2223.0,4694.0,1682.0,9304.0,1933.0,0.0,1710.0,0.0,1424.0,0.0,0.0,0.0,0.0,618.0,7604.0,1111.0,0.0
"Hickory-Lenoir-Morganton, NC",-30.7,120008,376890,Southeast,823.893380595541,,,0.002691487234184388,0.0008332777814812345,0.0,0.04324711685887608,0.34296046930204654,0.06497900139990667,0.14858176121591893,0.0,0.005991267248850077,0.018098793413772414,0.007866142257182854,0.0,0.0,0.06537897473501766,0.008107792813812412,0.14480701286580894,0.013149123391773881,0.10770115325644956,0.025606626224918338,0.0,323.0,100.0,0.0,5190.0,41158.0,7798.0,17831.0,0.0,719.0,2172.0,944.0,0.0,0.0,7846.0,973.0,17378.0,1578.0,12925.0,3073.0,0.0
"Hilton Head Island-Bluffton, SC",-52.6,68515,242966,Southeast,1199.0549251523166,108775.0,103964.0,0.0,0.0,0.0,0.09155659344669051,0.019251258848427353,0.01532511128949865,0.1919579654090345,0.0,0.007034955849084142,0.027380865503904256,0.03619645333138729,0.05813325549149821,0.009720499160767716,0.07172152083485368,0.017222506020579436,0.13528424432605998,0.046924031234036344,0.20702036050499892,0.06527037874917901,0.0,0.0,0.0,0.0,6273.0,1319.0,1050.0,13152.0,0.0,482.0,1876.0,2480.0,3983.0,666.0,4914.0,1180.0,9269.0,3215.0,14184.0,4472.0,0.0
"Houma-Thibodaux, LA",-23.8,71962,199668,Southeast,1815.8444250013447,,,0.003154442622495206,0.07396959506406159,0.00391873488785748,0.07471999110641728,0.10319335204691366,0.03253105805841972,0.13703065506795253,0.1245240543620244,0.00518329118145688,0.0226508435007365,0.02073316472582752,0.04036852783413468,0.012173091353770045,0.04689975264723048,0.004669130930213168,0.1623217809399405,0.008226564019899392,0.09805174953447653,0.02561073900113949,6.948111503293405e-05,227.0,5323.0,282.0,5377.0,7426.0,2341.0,9861.0,8961.0,373.0,1630.0,1492.0,2905.0,876.0,3375.0,336.0,11681.0,592.0,7056.0,1843.0,5.0
"Houston-The Woodlands-Sugar Land, TX",-51.7,1314372,7904627,Southwest,2069.061373333844,30466124.0,29029164.0,0.002535811779313619,0.051299023411941216,0.0,0.17238955181638074,0.17542370044401434,0.0,0.23932265751248505,0.12422586604096861,0.0,0.07853332237753087,0.04967010861460835,0.0,0.034078632228927576,0.0,0.0,0.0,0.0,0.0,0.07252132577382964,0.0,3333.0,67426.0,0.0,226584.0,230572.0,0.0,314559.0,163279.0,0.0,103222.0,65285.0,0.0,44792.0,0.0,0.0,0.0,0.0,0.0,95320.0,0.0
"Huntington-Ashland, WV-KY-OH",-41.2,84065,365965,Southeast,580.9499118128728,93330.0,88888.0,0.0,0.0030452625944209838,0.01247843930292036,0.0,0.14425741985368465,0.04427526318919883,0.1829179801344198,0.042895378576101824,0.014191399512282163,0.0,0.0,0.0,0.0,0.0,0.005816927377624457,0.34947956938083624,0.020864806994587523,0.1441384642835901,0.035103788734907514,0.0005353000654255636,0.0,256.0,1049.0,0.0,12127.0,3722.0,15377.0,3606.0,1193.0,0.0,0.0,0.0,0.0,0.0,489.0,29379.0,1754.0,12117.0,2951.0,45.0
"Huntsville, AL",-27.2,196779,556444,Southeast,1125.2567744396026,804665.0,724147.0,0.0,0.0,0.0,0.04962419770402329,0.17540997769070887,0.0,0.13766204727130435,0.03095858806071786,0.010173849851864274,0.023305332377946835,0.01584010488924123,0.22730067740968293,0.004248420817262005,0.07084597441800192,0.012506415826892098,0.10218570070993348,0.016785327702651197,0.10108294076095518,0.022070444508814457,0.0,0.0,0.0,0.0,9765.0,34517.0,0.0,27089.0,6092.0,2002.0,4586.0,3117.0,44728.0,836.0,13941.0,2461.0,20108.0,3303.0,19891.0,4343.0,0.0
"Idaho Falls, ID",-33.0,38569,173851,Pacific,612.5030236315891,301674.0,270140.0,0.0,0.0,0.0,0.14773522777360057,0.13528999974072442,0.0,0.2416448443050118,0.06699681091031658,0.016515854701962717,0.0,0.0,0.0,0.0,0.13689750836163758,0.0,0.0,0.02940185122766989,0.18551168036506002,0.03992843993881096,7.77826752054759e-05,0.0,0.0,0.0,5698.0,5218.0,0.0,9320.0,2584.0,637.0,0.0,0.0,0.0,0.0,5280.0,0.0,0.0,1134.0,7155.0,1540.0,3.0
"Indianapolis-Carmel-Anderson, IN",-48.8,648065,2205695,Midwest,696.5944757112711,5181947.0,4788376.0,0.0037480808252258646,0.001161920486370966,0.005078194316928086,0.0930462222153642,0.15055742865299004,0.0,0.15247853224599384,0.0,0.01634249650883785,0.07456659440025307,0.02587086171911768,0.10969887279825326,0.020794210457284378,0.12550438613410692,0.0,0.0,0.02736299599577203,0.14300880312931574,0.050780400114186074,0.0,2429.0,753.0,3291.0,60300.0,97571.0,0.0,98816.0,0.0,10591.0,48324.0,16766.0,71092.0,13476.0,81335.0,0.0,0.0,17733.0,92679.0,32909.0,0.0
"Iowa City, IA",-18.3,55441,182711,Midwest,732.4382951831158,,,0.010245125448675169,0.0017856820764416226,0.0,0.06511426561569958,0.10616691618116557,0.03881603867174113,0.18596345664760736,0.0,0.011146985083241644,0.03724680290759546,0.015872729568369978,0.05714182644613192,0.01616132465143125,0.0438664526253134,0.025414404502083297,0.1659421727602316,0.014429754153063617,0.1668440323947981,0.03784203026640934,0.0,568.0,99.0,0.0,3610.0,5886.0,2152.0,10310.0,0.0,618.0,2065.0,880.0,3168.0,896.0,2432.0,1409.0,9200.0,800.0,9250.0,2098.0,0.0
"Jackson, MI",-44.7,45121,159552,Midwest,449.73474260386007,,,0.007047716141042973,0.00150705879745573,0.0,0.05108486070787438,0.20671084417455288,0.033598546131513043,0.14401276567451962,0.0,0.003413044923649742,0.034906141264599636,0.011746193568404955,0.05212650428846878,0.011812681456528003,0.0756188914252787,0.024068615500542984,0.18357305910773253,0.012876487666496753,0.10106158994703132,0.04031382283194078,0.004521176392367191,318.0,68.0,0.0,2305.0,9327.0,1516.0,6498.0,0.0,154.0,1575.0,530.0,2352.0,533.0,3412.0,1086.0,8283.0,581.0,4560.0,1819.0,204.0
"Jackson, MS",-26.7,134384,609847,Southeast,1539.130392961502,616695.0,628321.0,0.008565007739016549,0.004933623050363139,0.006563281343017026,0.08306792475294678,0.1452181807358019,0.06387665198237885,0.2078595666150732,0.11485742350279796,0.015597094892249077,0.07475592332420526,0.023968627217525896,0.07351321585903084,0.025635492320514347,0.10924663650434575,0.0,0.0,0.0,0.0,0.04234135016073342,0.0,1151.0,663.0,882.0,11163.0,19515.0,8584.0,27933.0,15435.0,2096.0,10046.0,3221.0,9879.0,3445.0,14681.0,0.0,0.0,0.0,0.0,5690.0,0.0
"Jackson, TN",-23.9,39715,184569,Southeast,1175.2457249992665,,,0.0,0.0,0.0015107641948885811,0.08160644592723153,0.31089009190482186,0.06833690041546016,0.1903311091527131,0.06423265768601284,0.012816316253304797,0.030215283897771623,0.016970917789248394,0.035981367241596375,0.0,0.0,0.0,0.0,0.01125519325191993,0.14599018003273323,0.029132569558101472,0.0007302026941961475,0.0,0.0,60.0,3241.0,12347.0,2714.0,7559.0,2551.0,509.0,1200.0,674.0,1429.0,0.0,0.0,0.0,0.0,447.0,5798.0,1157.0,29.0
"Jacksonville, FL",-48.6,437010,1785500,Southeast,1418.724112597033,3749791.0,3619739.0,0.0037687924761447104,0.0003752774536051807,0.0,0.11244593945218645,0.08076474222557836,0.059753781378000505,0.18785382485526647,0.0,0.02825335804672662,0.12042973844992105,0.02822589872085307,0.0,0.0,0.11843664904693256,0.0,0.0,0.03374979977574884,0.1727351776847212,0.04961442529919224,0.003592595135122766,1647.0,164.0,0.0,49140.0,35295.0,26113.0,82094.0,0.0,12347.0,52629.0,12335.0,0.0,0.0,51758.0,0.0,0.0,14749.0,75487.0,21682.0,1570.0
"Jacksonville, NC",-29.3,38786,217175,Southeast,914.6544092962756,145901.0,133839.0,0.0,0.0,0.0054916722528747484,0.07577476409013562,0.023874593925643273,0.011576341979064611,0.21675346774609394,0.021244779043984943,0.0070386221832620015,0.023513638941886246,0.021347909039344092,0.07077295931521684,0.0066518847006651885,0.09823132057959058,0.013097509410612076,0.11666580725003868,0.014928066828236993,0.2342597844583097,0.038776878255040476,0.0,0.0,0.0,213.0,2939.0,926.0,449.0,8407.0,824.0,273.0,912.0,828.0,2745.0,258.0,3810.0,508.0,4525.0,579.0,9086.0,1504.0,0.0
"Janesville-Beloit, WI",-41.9,56031,166472,Midwest,554.9540695618656,,,0.0,0.0,0.0,0.06621334618336278,0.20986596705395227,0.0852385286716282,0.1433313701343899,0.0,0.012368153343684745,0.022434009744605663,0.00928057682354411,0.026753047420178117,0.034141814352769,0.04793774874622977,0.010708357873320126,0.17716978101408148,0.01270725134300655,0.1106530313576413,0.031197015937605967,0.0,0.0,0.0,0.0,3710.0,11759.0,4776.0,8031.0,0.0,693.0,1257.0,520.0,1499.0,1913.0,2686.0,600.0,9927.0,712.0,6200.0,1748.0,0.0
"Johnson City, TN",-31.4,55198,216416,Southeast,789.7030163954635,,,0.0,0.0,0.0,0.053480198557918766,0.1491901880502917,0.04797275263596507,0.1897713685278452,0.0,0.013678031812746839,0.06858944164643646,0.016975252726548064,0.042791405485706,0.0258523859560129,0.10186963295771585,0.013062067466212544,0.24461031196782493,0.0,0.0,0.031522881263813904,0.000634080944961774,0.0,0.0,0.0,2952.0,8235.0,2648.0,10475.0,0.0,755.0,3786.0,937.0,2362.0,1427.0,5623.0,721.0,13502.0,0.0,0.0,1740.0,35.0
"Joplin, MO",-31.5,70141,208796,Midwest,1294.229930833198,18362.0,14420.0,0.0,0.0,0.007613236195663022,0.04466717041388061,0.1937240700873954,0.049386236295461995,0.14717497611953065,0.1020800958070173,0.00808371708415905,0.022212400735661025,0.009694757702342424,0.02832865228610941,0.01678048502302505,0.03378908199198757,0.006101994553827291,0.18581143696268945,0.007328096263241186,0.1062573958169972,0.030966196661011393,0.0,0.0,0.0,534.0,3133.0,13588.0,3464.0,10323.0,7160.0,567.0,1558.0,680.0,1987.0,1177.0,2370.0,428.0,13033.0,514.0,7453.0,2172.0,0.0
"Kahului-Wailuku-Lahaina, HI",-47.9,64446,160674,Pacific,4303.743802501451,3415615.0,3745866.0,0.0,0.0,0.007525680414610682,0.07218446451292555,0.01827886913074512,0.020978803959904417,0.1377897774881296,0.054634888123390124,0.01033423331160972,0.01219625733171958,0.03019582285944822,0.0271390000931012,0.003894733575396456,0.07190516090990907,0.02024951121869472,0.12328150699810694,0.03149923967352512,0.30867703193371193,0.049235018465071535,0.0,0.0,0.0,485.0,4652.0,1178.0,1352.0,8880.0,3521.0,666.0,786.0,1946.0,1749.0,251.0,4634.0,1305.0,7945.0,2030.0,19893.0,3173.0,0.0
"Kalamazoo-Portage, MI",-44.5,118346,263795,Midwest,475.8336450109149,92510.0,87626.0,0.0,0.0,0.0,0.059571088165210485,0.21191252767309415,0.046254203775370525,0.1279722170584557,0.0,0.007004883984249573,0.029937640477920673,0.01598702110759975,0.06618728136143173,0.004469944062325723,0.05572642928362598,0.02242576850928633,0.18121440521859633,0.016417960894326806,0.11397934868943606,0.03703547225930746,0.0039038074797627296,0.0,0.0,0.0,7050.0,25079.0,5474.0,15145.0,0.0,829.0,3543.0,1892.0,7833.0,529.0,6595.0,2654.0,21446.0,1943.0,13489.0,4383.0,462.0
"Kansas City, MO-KS",-45.0,591014,2270682,Midwest,1086.2711097487356,5915078.0,5654068.0,0.0036648878029962063,0.0015278825882297205,0.004358610794329745,0.09770157728920127,0.1488255777358912,0.08419089903115662,0.18655395642066008,0.09981827841641654,0.0,0.0,0.0,0.0,0.0,0.1062056059585729,0.02184381419052679,0.24530890977201894,0.0,0.0,0.0,0.0,2166.0,903.0,2576.0,57743.0,87958.0,49758.0,110256.0,58994.0,0.0,0.0,0.0,0.0,0.0,62769.0,12910.0,144981.0,0.0,0.0,0.0,0.0
"Kennewick-Richland, WA",-38.9,98784,324334,Pacific,310.2708030440881,476639.0,438076.0,0.0,0.0,0.0,0.10604956268221574,0.0961491739552964,0.03722262714609653,0.14195618723679948,0.0,0.007744169096209913,0.025702542921930676,0.015660430839002266,0.0987710560414642,0.006134596695821185,0.12071793002915451,0.008037738905085844,0.18122367994816974,0.018282312925170068,0.10830701328150308,0.02804097829608034,0.0,0.0,0.0,0.0,10476.0,9498.0,3677.0,14023.0,0.0,765.0,2539.0,1547.0,9757.0,606.0,11925.0,794.0,17902.0,1806.0,10699.0,2770.0,0.0
"Killeen-Temple, TX",-36.7,82162,511497,Southwest,1988.619253998304,117523.0,113701.0,0.004101652832209537,0.003480927922884058,0.0,0.09107616659769724,0.09794065383023783,0.05811689102017965,0.23503566125459457,0.0,0.013047394172488498,0.04229449137070665,0.02869939874881332,0.07875903702441518,0.014751344903970206,0.06987415106740343,0.0,0.0,0.013753316618388063,0.19725663932231446,0.05076556072150142,0.0010467125921959056,337.0,286.0,0.0,7483.0,8047.0,4775.0,19311.0,0.0,1072.0,3475.0,2358.0,6471.0,1212.0,5741.0,0.0,0.0,1130.0,16207.0,4171.0,86.0
"Kingsport-Bristol, TN-VA",-40.9,64187,314834,Southeast,772.3754823596411,229860.0,220977.0,0.005141227974511973,0.0,0.003879290198949943,0.0,0.3234611369903563,0.051318802872855875,0.23534360540296323,0.07281848349354231,0.0,0.04164394659354698,0.011077009363266705,0.0,0.0,0.0,0.0,0.0,0.025269914468661878,0.1847881969869288,0.045258385654416006,0.0,330.0,0.0,249.0,0.0,20762.0,3294.0,15106.0,4674.0,0.0,2673.0,711.0,0.0,0.0,0.0,0.0,0.0,1622.0,11861.0,2905.0,0.0
"Kingston, NY",-41.6,43873,183330,Northeast,227.98329237169764,,,0.02192692544389488,0.002416064549950995,0.0,0.0660998791967725,0.07856768399699132,0.032662457547922415,0.18321063068401977,0.0,0.019032206596312082,0.028810430105076015,0.012650149294554738,0.038497481366671985,0.010188498621019762,0.05333576459325781,0.01932851639960796,0.1865156246438584,0.018986620472728102,0.17181409978802453,0.04964328858295535,0.006313678116381374,962.0,106.0,0.0,2900.0,3447.0,1433.0,8038.0,0.0,835.0,1264.0,555.0,1689.0,447.0,2340.0,848.0,8183.0,833.0,7538.0,2178.0,277.0
"Knoxville, TN",-41.0,172768,968137,Southeast,883.5231034618092,1639080.0,1382197.0,0.004734673087608816,0.0,0.0,0.0,0.27109186886460457,0.10007640303759956,0.28928389516577147,0.0,0.0,0.0,0.0,0.0,0.0,0.0,0.023627060566771625,0.3099648082978329,0.0,0.0,0.0,0.0012212909798110761,818.0,0.0,0.0,0.0,46836.0,17290.0,49979.0,0.0,0.0,0.0,0.0,0.0,0.0,0.0,4082.0,53552.0,0.0,0.0,0.0,211.0
"Lafayette, LA",-42.5,155605,423758,Southeast,1828.3050516235637,264471.0,229831.0,0.005970245172070306,0.062099546929725906,0.0028855113910221395,0.06681019247453487,0.11047202853378747,0.05232479676102953,0.16712187911699494,0.03632916680055268,0.0,0.0335786125124514,0.03154140291121751,0.06812120433148035,0.0,0.0,0.00960123389351242,0.21288519006458662,0.014086950933453295,0.12608849330034383,0.0,8.354487323672119e-05,929.0,9663.0,449.0,10396.0,17190.0,8142.0,26005.0,5653.0,0.0,5225.0,4908.0,10600.0,0.0,0.0,1494.0,33126.0,2192.0,19620.0,0.0,13.0
"Lafayette-West Lafayette, IN",-41.2,31051,228468,Midwest,702.9839329292839,5647.0,2249.0,0.0,0.0,0.00376799458954623,0.14038195227206854,0.0,0.0,0.3012141315899649,0.0,0.0,0.0,0.0,0.10582589932691379,0.006312196064538984,0.0,0.0,0.0,0.030594827863836913,0.32491707191394803,0.08698592637918263,0.0,0.0,0.0,117.0,4359.0,0.0,0.0,9353.0,0.0,0.0,0.0,0.0,3286.0,196.0,0.0,0.0,0.0,950.0,10089.0,2701.0,0.0
"Lake Charles, LA",-35.1,58843,244655,Southeast,1897.4299227232996,90791.0,82425.0,0.002141291232602009,0.005336233706643101,0.0,0.16984178237003553,0.19434767092092517,0.0,0.1898611559573781,0.04518804275784715,0.0,0.0,0.0,0.06333803511037847,0.01012864741770474,0.07949968560406505,0.008633142429855717,0.20252196522950902,0.0,0.0,0.02916234726305593,0.0,126.0,314.0,0.0,9994.0,11436.0,0.0,11172.0,2659.0,0.0,0.0,0.0,3727.0,596.0,4678.0,508.0,11917.0,0.0,0.0,1716.0,0.0
"Lake Havasu City-Kingman, AZ",-44.2,46952,228102,Southwest,1614.334401123686,,,0.008604532288294428,0.0063256091327313,0.006921962855682399,0.09085874936104958,0.06261714090986539,0.03539785312659738,0.21257880388481853,0.03164934401090475,0.01331146703015846,0.024365309252002046,0.014908843073777475,0.03237348781734537,0.0035568239904583405,0.053331061509626854,0.013290168682910206,0.1864670301584597,0.012203952973249275,0.1545621059805759,0.034013460555460895,0.002662293406031692,404.0,297.0,325.0,4266.0,2940.0,1662.0,9981.0,1486.0,625.0,1144.0,700.0,1520.0,167.0,2504.0,624.0,8755.0,573.0,7257.0,1597.0,125.0
"Lakeland-Winter Haven, FL",-49.8,230380,874790,Southeast,1675.0096036839357,24185.0,224.0,0.00806927684694852,0.0028821946349509506,0.003103568018057123,0.06489712648667419,0.08379199583297162,0.04423995138466881,0.13887056168070144,0.12366958937407761,0.008937407761090373,0.04712648667419047,0.01654657522354371,0.03668721243163469,0.029581560899383626,0.08194721764042018,0.02191162427294036,0.1433023699973956,0.01938536331278757,0.09636253146974563,0.027016234048094452,0.0016711520097230663,1859.0,664.0,715.0,14951.0,19304.0,10192.0,31993.0,28491.0,2059.0,10857.0,3812.0,8452.0,6815.0,18879.0,5048.0,33014.0,4466.0,22200.0,6224.0,385.0
"Lancaster, PA",-44.8,231090,563159,Northeast,351.7187369515685,,,0.014063784672638366,0.0019732571725301832,0.004253753948678004,0.07923319918646415,0.162750443550132,0.05438140984032195,0.12746981695443335,0.06210567311437103,0.009619628716084643,0.02857761045480116,0.010805313946947077,0.04752693755679605,0.017469384222597258,0.036016270717036655,0.0177420052793284,0.1821151932147648,0.02087931109091696,0.08785321736120126,0.03516378899995673,0.0,3250.0,456.0,983.0,18310.0,37610.0,12567.0,29457.0,14352.0,2223.0,6604.0,2497.0,10983.0,4037.0,8323.0,4100.0,42085.0,4825.0,20302.0,8126.0,0.0
"Lansing-East Lansing, MI",-48.6,157623,479722,Midwest,418.9498852088632,123608.0,115895.0,0.014134992989601771,0.0012244405955983582,0.0,0.058068936639957366,0.1258255457642603,0.0,0.1312562252970696,0.055810383002480604,0.019058132379157863,0.07596607094142352,0.019825786845828336,0.0611141774994766,0.01687570976316908,0.05618469385812984,0.022058963476142442,0.17485392360251995,0.01266947082595814,0.09992196570297482,0.051096603922016454,0.0040539768942349785,2228.0,193.0,0.0,9153.0,19833.0,0.0,20689.0,8797.0,3004.0,11974.0,3125.0,9633.0,2660.0,8856.0,3477.0,27561.0,1997.0,15750.0,8054.0,639.0
"Laredo, TX",-47.7,82406,281224,Southwest,2390.353045046814,172726.0,151114.0,0.0018081207679052497,0.012135038710773488,0.0021721719292284542,0.0248525592796641,0.011406936388127079,0.04266679610707958,0.1498070528844987,0.21418343324515204,0.007924180278135087,0.027570807950877362,0.013142246923767687,0.03361405722884256,0.0010072082129941994,0.07450913768414921,0.008749362910467684,0.2069388151348203,0.01120064073004393,0.13147100939251996,0.023930296337645318,0.0009101279033080116,149.0,1000.0,179.0,2048.0,940.0,3516.0,12345.0,17650.0,653.0,2272.0,1083.0,2770.0,83.0,6140.0,721.0,17053.0,923.0,10834.0,1972.0,75.0
"Las Cruces, NM",-29.9,59046,229091,Southwest,1854.8471514201583,,,0.040663211733224944,0.0008806693086745927,0.004894489042441486,0.06830267926701215,0.05575314161839921,0.024878907970057245,0.13553839379466856,0.0379534600142262,0.009433323171764388,0.02579344917521932,0.01375198997391864,0.05593943704908038,0.0015750431866680215,0.05866612471632287,0.015496392643024083,0.2729397418961488,0.011905971615350744,0.14209260576499677,0.023540968058801612,0.0,2401.0,52.0,289.0,4033.0,3292.0,1469.0,8003.0,2241.0,557.0,1523.0,812.0,3303.0,93.0,3464.0,915.0,16116.0,703.0,8390.0,1390.0,0.0
"Las Vegas-Henderson-Paradise, NV",-55.5,986288,2407226,Southwest,1426.6872586845182,28244966.0,27896199.0,0.002124126015930438,0.00042888081371769704,0.0028186493194685526,0.08118216991385883,0.030098713560339375,0.026993129795759453,0.11111156173450351,0.07005256071248966,0.01456876693217397,0.03313028243271742,0.023428248138474765,0.051845911133462035,0.025768335415213405,0.08683163538439076,0.011115414564508541,0.11068673653131743,0.02988680791006278,0.25987135603393735,0.027630874551855037,0.00042583910581899,2095.0,423.0,2780.0,80069.0,29686.0,26623.0,109588.0,69092.0,14369.0,32676.0,23107.0,51135.0,25415.0,85641.0,10963.0,109169.0,29477.0,256308.0,27252.0,420.0
"Lexington-Fayette, KY",-44.7,171030,535174,Southeast,718.442309054377,776297.0,665667.0,0.023978249429924575,0.001502660351985032,0.0033736771326667836,0.08300882886043384,0.1844997953575396,0.06135180962404257,0.16332222417119804,0.0681693270186517,0.017230895164591007,0.04149564403905748,0.02172718236566684,0.09265625913582412,0.0,0.0,0.0,0.0,0.025510144419107757,0.16504706776588904,0.04659416476641525,0.0005320703970063731,4101.0,257.0,577.0,14197.0,31555.0,10493.0,27933.0,11659.0,2947.0,7097.0,3716.0,15847.0,0.0,0.0,0.0,0.0,4363.0,28228.0,7969.0,91.0
"Lincoln, NE",-24.4,115546,352081,Midwest,910.5853723639073,,,0.0,0.0,0.001228947778373981,0.09420490540563932,0.12919529884201963,0.03680785141848268,0.15826597199383796,0.07856611219773943,0.031459332214010004,0.06504768663562564,0.01745625119000225,0.08376750385128001,0.02216433281982933,0.07091547954927042,0.0,0.0,0.03200456960864072,0.13183494019697783,0.047080816298270815,0.0,0.0,0.0,142.0,10885.0,14928.0,4253.0,18287.0,9078.0,3635.0,7516.0,2017.0,9679.0,2561.0,8194.0,0.0,0.0,3698.0,15233.0,5440.0,0.0
"Little Rock-North Little Rock-Conway, AR",-45.3,214358,777607,Southeast,1461.2033879395424,1145693.0,1097472.0,0.00407729126041482,0.0037367394732177013,0.0,0.08479272991910729,0.09286334076638147,0.06981778146838466,0.17976935780330103,0.0,0.020736338275221824,0.07508000634452644,0.0,0.07355918603457767,0.027920581457188443,0.09016691702665634,0.027538043833213597,0.2499276910588828,0.0,0.0,0.0,1.3995278925908994e-05,874.0,801.0,0.0,18176.0,19906.0,14966.0,38535.0,0.0,4445.0,16094.0,0.0,15768.0,5985.0,19328.0,5903.0,53574.0,0.0,0.0,0.0,3.0
"Longview, TX",-30.2,80851,297315,Southwest,1783.9900615301503,35057.0,32613.0,0.002325264993630258,0.05750083486908016,0.008497111971404188,0.10147060642416296,0.11456877465955895,0.06286873384373724,0.14567537816477225,0.04349977118402988,0.013481589590728624,0.03851529356470545,0.01735290843650666,0.0,0.0,0.05171240924663888,0.014978169719607673,0.17576777034297658,0.007297374182137512,0.11303508923822835,0.030661339995794734,0.0007915795722996624,188.0,4649.0,687.0,8204.0,9263.0,5083.0,11778.0,3517.0,1090.0,3114.0,1403.0,0.0,0.0,4181.0,1211.0,14211.0,590.0,9139.0,2479.0,64.0
"Los Angeles-Long Beach-Anaheim, CA",-52.0,5390296,9694934,Pacific,1662.2409641047907,48552571.0,51637768.0,0.0011928843981851831,0.00036083361655834856,0.002880361301123352,0.04716605544482158,0.08776122869690273,0.05106509920790992,0.10183262663126477,0.04287760820556051,0.039322701387827314,0.03382782689484956,0.023598889560053845,0.08225930449830585,0.01829509919306843,0.07661527307591272,0.02850233085529997,0.18333000636699728,0.028005697646288814,0.11310992939905341,0.03781220919964321,0.00018403442037320399,6430.0,1945.0,15526.0,254239.0,473059.0,275256.0,548908.0,231123.0,211961.0,182342.0,127205.0,443402.0,98616.0,412979.0,153636.0,988203.0,150959.0,609696.0,203819.0,992.0
"Louisville, KY-IN",-43.9,545160,1402509,Southeast,775.7621225569987,2343305.0,2268034.0,0.0013518966908797417,0.0009373394966615305,0.0035842688385061268,0.05761427837699024,0.15069704306992443,0.05472521828454032,0.11658412209259666,0.11392618680754274,0.014634235820676498,0.06469476850832782,0.015553232078655808,0.060646415731161495,0.0,0.0,0.01293932056643921,0.17322987746716562,0.019531880548829702,0.10764913053048646,0.03153202729473916,0.00016875779587643993,737.0,511.0,1954.0,31409.0,82154.0,29834.0,63557.0,62108.0,7978.0,35269.0,8479.0,33062.0,0.0,0.0,7054.0,94438.0,10648.0,58686.0,17190.0,92.0
"Lubbock, TX",-32.8,58392,368431,Southwest,1714.901095714369,563180.0,543363.0,0.0,0.0,0.0,0.13765584326620084,0.08672420879572544,0.11761885189752021,0.34217016029593095,0.0,0.0,0.08610768598438143,0.040073982737361284,0.0,0.0,0.11102548294286889,0.0,0.0,0.0,0.0,0.07862378408001096,0.0,0.0,0.0,0.0,8038.0,5064.0,6868.0,19980.0,0.0,0.0,5028.0,2340.0,0.0,0.0,6483.0,0.0,0.0,0.0,0.0,4591.0,0.0
"Lynchburg, VA",-32.3,73651,269169,Southeast,610.3839222972787,81477.0,74730.0,0.0,0.0,0.0,0.07608857992423729,0.18875507460862717,0.0429050522056727,0.1694070684715754,0.0,0.007915710580983285,0.036876620819812356,0.016551031214783234,0.0,0.018872791951229446,0.0,0.031364136264273396,0.2177295623956226,0.019252963299887307,0.13034446239698036,0.03940204477875385,0.004534901087561608,0.0,0.0,0.0,5604.0,13902.0,3160.0,12477.0,0.0,583.0,2716.0,1219.0,0.0,1390.0,0.0,2310.0,16036.0,1418.0,9600.0,2902.0,334.0
"Macon-Bibb County, GA",-39.4,52286,238553,Southeast,1192.647331787268,17020.0,15832.0,0.009486286960180546,0.00747810121256168,0.011876984278774433,0.06814443636920017,0.1294227900393987,0.05297785258004055,0.22988945415598822,0.0713001568297441,0.0,0.0,0.0,0.0,0.0,0.0,0.054182764028611864,0.3252495888000612,0.0,0.0,0.03999158474543855,0.0,496.0,391.0,621.0,3563.0,6767.0,2770.0,12020.0,3728.0,0.0,0.0,0.0,0.0,0.0,0.0,2833.0,17006.0,0.0,0.0,2091.0,0.0
"Madison, WI",-43.2,251216,709685,Midwest,542.7642961303767,1156399.0,1037983.0,0.013370963632889626,0.001218075281829183,0.0,0.0772801095471626,0.15319884083816318,0.0,0.15092987707789313,0.03679701929813388,0.0780523533532896,0.07626902745048086,0.017952678173364753,0.10879482198586077,0.02242691548309025,0.06418779058658684,0.0,0.0,0.02581443857079167,0.12581603082606205,0.04789105789440163,0.0,3359.0,306.0,0.0,19414.0,38486.0,0.0,37916.0,9244.0,19608.0,19160.0,4510.0,27331.0,5634.0,16125.0,0.0,0.0,6485.0,31607.0,12031.0,0.0
"Manchester-Nashua, NH",-50.3,181065,433415,Northeast,222.9084233432588,633257.0,645158.0,0.0013199679673045592,0.00032584983293292464,0.0021263082318504403,0.04913705023058018,0.1433021290696711,0.03772678319940353,0.1383094468837158,0.023356253279209125,0.028420732885980172,0.05218567917598652,0.012282881838013973,0.0792201695523707,0.02077706900836716,0.06124319995581697,0.03365089884847983,0.17035318808162814,0.019556512854499764,0.08738850688979095,0.03821279650954077,0.0011045757048573717,239.0,59.0,385.0,8897.0,25947.0,6831.0,25043.0,4229.0,5146.0,9449.0,2224.0,14344.0,3762.0,11089.0,6093.0,30845.0,3541.0,15823.0,6919.0,200.0
"McAllen-Edinburg-Mission, TX",-52.6,229469,921549,Southwest,2534.9442479360177,1229231.0,1050280.0,0.009574278007051061,0.0033773625195560185,0.003904666861318958,0.035059201896552476,0.030287315497953972,0.038610879900988805,0.16203060108337075,0.03701153532721196,0.011757579455176952,0.027724877870213407,0.00990983531544566,0.029642348203896822,0.006323294214033268,0.06920760538460533,0.025458776566769366,0.35287119393033484,0.010323834592036398,0.11462114708304826,0.021501815059986315,0.0008018512304494289,2197.0,775.0,896.0,8045.0,6950.0,8860.0,37181.0,8493.0,2698.0,6362.0,2274.0,6802.0,1451.0,15881.0,5842.0,80973.0,2369.0,26302.0,4934.0,184.0
"Medford, OR",,80005,221795,Pacific,742.1220160761815,503733.0,478121.0,0.04393475407787013,0.001874882819823761,0.003074807824510968,0.06705830885569652,0.08816948940691206,0.03218548840697456,0.16911443034810325,0.03909755640272483,0.011386788325729641,0.022823573526654584,0.015061558652584213,0.03672270483094807,0.020748703206049622,0.0433222923567277,0.013361664895944004,0.220648709455659,0.01908630710580589,0.11494281607399537,0.03643522279857509,0.0009499406287107056,3515.0,150.0,246.0,5365.0,7054.0,2575.0,13530.0,3128.0,911.0,1826.0,1205.0,2938.0,1660.0,3466.0,1069.0,17653.0,1527.0,9196.0,2915.0,76.0
"Memphis, TN-MS-AR",-48.4,407252,1341412,Southeast,1290.3177433850694,2439366.0,2399876.0,0.0026470097138872246,0.0,0.0,0.0,0.10500132596033905,0.08301002818893462,0.0,0.2044458959072024,0.0,0.0,0.02344248769803463,0.06047361338925285,0.02096736173180242,0.13061200436093623,0.02777150265683164,0.20752507047233654,0.0,0.13410369992044238,0.0,0.0,1078.0,0.0,0.0,0.0,42762.0,33806.0,0.0,83261.0,0.0,0.0,9547.0,24628.0,8539.0,53192.0,11310.0,84515.0,0.0,54614.0,0.0,0.0
"Merced, CA",-28.5,50440,297260,Pacific,1301.3185503630734,4858.0,3798.0,0.0,0.0,0.0,0.06536478984932594,0.19829500396510705,0.0,0.17206582077716098,0.05551149881046788,0.005134813639968279,0.022343378271213323,0.012708168120539255,0.021015067406819986,0.018497224425059477,0.03156225218080888,0.005491673275178429,0.20939730372720064,0.011855670103092783,0.12846946867565423,0.042049960348929424,0.00023790642347343378,0.0,0.0,0.0,3297.0,10002.0,0.0,8679.0,2800.0,259.0,1127.0,641.0,1060.0,933.0,1592.0,277.0,10562.0,598.0,6480.0,2121.0,12.0
"Miami-Fort Lauderdale-Pompano Beach, FL",-58.1,2447752,2802029,Southeast,1909.3138120843475,47821837.0,45606713.0,0.00677070226068654,0.00031825119538253873,0.0025378388006628123,0.06074471596795754,0.03926255601057623,0.05714181828878089,0.1327250473087143,0.059693955923639325,0.019486042703672594,0.049272557023750774,0.030816438920282775,0.08873979063238432,0.012887743529573257,0.08614353088057941,0.0291532802342721,0.14718525406168598,0.021686837555438623,0.11508927374995506,0.03711732234311319,0.0032270426088917507,16573.0,779.0,6212.0,148688.0,96105.0,139869.0,324878.0,146116.0,47697.0,120607.0,75431.0,217213.0,31546.0,210858.0,71360.0,360273.0,53084.0,281710.0,90854.0,7899.0
"Midland, TX",-32.3,81440,193139,Southwest,1890.6251834337745,761865.0,684419.0,0.004334479371316306,0.39226424361493123,0.0,0.0981213163064833,0.05669204322200393,0.0,0.11486984282907663,0.05776031434184676,0.0,0.0,0.0,0.06283153241650295,0.02073919449901768,0.05013506876227898,0.02568762278978389,0.07551571709233791,0.0,0.0,0.041048624754420435,0.0,353.0,31946.0,0.0,7991.0,4617.0,0.0,9355.0,4704.0,0.0,0.0,0.0,5117.0,1689.0,4083.0,2092.0,6150.0,0.0,0.0,3343.0,0.0
"Milwaukee-Waukesha, WI",-51.2,735240,1575010,Midwest,469.3972688097478,3104054.0,2959840.0,0.0,0.0,0.0031622327403296882,0.04883983461182743,0.15486915837005605,0.048793591208312934,0.10200478755236385,0.04177411457483271,0.015371851368260704,0.04991431369348784,0.015133833850171372,0.058151079919482075,0.03438469071323649,0.06465235841357923,0.033507426146564386,0.18788150807899462,0.021273325716772755,0.08685055220064197,0.033433980740982534,1.3601001033676078e-06,0.0,0.0,2325.0,35909.0,113866.0,35875.0,74998.0,30714.0,11302.0,36699.0,11127.0,42755.0,25281.0,47535.0,24636.0,138138.0,15641.0,63856.0,24582.0,1.0
"Minneapolis-St. Paul-Bloomington, MN-WI",-43.4,1694675,3790295,Midwest,468.41413398252433,18054481.0,17019128.0,0.003749981559886114,0.00047265699912962664,0.004800920530485196,0.05241476979361825,0.12023426320680956,0.04993936890554236,0.10468968976352398,0.04188472716007494,0.016703497720801923,0.06281322377447003,0.016559517311578915,0.07668432000236033,0.046182896425568325,0.05505126351660348,0.022899966070190448,0.18133624441264548,0.021169840824936934,0.08644725389824008,0.03596559812353401,0.0,6355.0,801.0,8136.0,88826.0,203758.0,84631.0,177415.0,70981.0,28307.0,106448.0,28063.0,129955.0,78265.0,93294.0,38808.0,307306.0,35876.0,146500.0,60950.0,0.0
"Mobile, AL",-39.8,147490,411658,Southeast,1580.1130512236562,314406.0,275342.0,0.0037290663773815176,0.0011865211200759373,0.005593599566072276,0.07828327344226728,0.1073699911858431,0.05106108888738219,0.13251745881076682,0.06885212556783511,0.012617804596921826,0.037826293308020884,0.016692657129296903,0.05630890229846091,0.009959997287951725,0.0736321106515696,0.014285714285714285,0.17521187877144212,0.009804054512170316,0.10831920808190386,0.03674825411892332,0.0,550.0,175.0,825.0,11546.0,15836.0,7531.0,19545.0,10155.0,1861.0,5579.0,2462.0,8305.0,1469.0,10860.0,2107.0,25842.0,1446.0,15976.0,5420.0,0.0
"Modesto, CA",-47.7,166418,557719,Pacific,1263.2744667092925,,,0.07493179824297852,0.0003004482688170751,0.002409595115912942,0.06361691643932747,0.14211804011585286,0.0319256330445024,0.1367400161040272,0.060696559266425504,0.004554795755266858,0.016332367892896202,0.012174163852467883,0.03193164200987874,0.007913807400641758,0.04599262099051785,0.007409054309029071,0.20432885865711642,0.010437572858705188,0.11502361523392902,0.030994243411169464,0.00016825103053756205,12470.0,50.0,401.0,10587.0,23651.0,5313.0,22756.0,10101.0,758.0,2718.0,2026.0,5314.0,1317.0,7654.0,1233.0,34004.0,1737.0,19142.0,5158.0,28.0
"Monroe, LA",-49.6,53994,222390,Southeast,1635.4778125606683,105274.0,96964.0,0.0037041152720672667,0.0,0.008815794347520094,0.0714153424454569,0.0,0.037707893469644774,0.1693891913916361,0.03117013001444605,0.02398414638663555,0.05052413231099752,0.01716857428603178,0.0,0.0,0.10554876467755676,0.01313108863947846,0.27771604252324333,0.017298218320554136,0.13586694817942735,0.036559617735303925,0.0,200.0,0.0,476.0,3856.0,0.0,2036.0,9146.0,1683.0,1295.0,2728.0,927.0,0.0,0.0,5699.0,709.0,14995.0,934.0,7336.0,1974.0,0.0
"Montgomery, AL",-37.6,73394,388747,Southeast,1338.9823578379835,193746.0,181927.0,0.0,0.0,0.0,0.08935335313513366,0.2630324004687032,0.07300324277188872,0.24188625773223968,0.0,0.0,0.0,0.029675450309289586,0.0,0.011663078725781399,0.0,0.0,0.0,0.028558192767801183,0.20271411832029868,0.06011390576886394,0.0,0.0,0.0,0.0,6558.0,19305.0,5358.0,17753.0,0.0,0.0,0.0,2178.0,0.0,856.0,0.0,0.0,0.0,2096.0,14878.0,4412.0,0.0
"Myrtle Beach-Conway-North Myrtle Beach, SC-NC",-65.4,156051,427551,Southeast,1024.2171229224757,1894929.0,1658984.0,0.0023453870849914453,0.0005062447533178255,0.009073956591114443,0.074507692997802,0.03405937802385118,0.022415748697541187,0.20775900186477497,0.02383195237454422,0.014828485559208208,0.025254564212981653,0.03498856143183959,0.04053802923403246,0.003505264304618362,0.06415851228124139,0.007709018205586635,0.12270347514594587,0.04492761981659842,0.23755695253474826,0.029330154885261868,0.0,366.0,79.0,1416.0,11627.0,5315.0,3498.0,32421.0,3719.0,2314.0,3941.0,5460.0,6326.0,547.0,10012.0,1203.0,19148.0,7011.0,37071.0,4577.0,0.0
"Naples-Marco Island, FL",-57.4,152438,417131,Southeast,1881.8577440050535,,,0.01376953253125861,0.00026240176333984966,0.0013251289048662406,0.13291305317571733,0.03557511906480011,0.032885500990566655,0.14837507708051798,0.017994200921030188,0.007734291974442069,0.0317571734082053,0.032839580681982186,0.05298547606239914,0.003450583187919023,0.07567666854721264,0.016695312192497935,0.15039557065823483,0.050459859090253086,0.14493761398076596,0.04685839488841365,0.0031094608955772184,2099.0,40.0,202.0,20261.0,5423.0,5013.0,22618.0,2743.0,1179.0,4841.0,5006.0,8077.0,526.0,11536.0,2545.0,22926.0,7692.0,22094.0,7143.0,474.0
"Nashville-Davidson--Murfreesboro--Franklin, TN",-50.8,840442,2197416,Southeast,1008.0838154389064,12058688.0,11227243.0,0.0014278201232208766,0.0,0.0020179857741521724,0.0,0.10117890348173937,0.0520404739410929,0.12364565312061987,0.0819961401262669,0.033361017179055784,0.0,0.0,0.09104257045697384,0.033753667712941526,0.09231689991694847,0.02882173903731608,0.16435518453385242,0.023299644710759338,0.13215070165460555,0.03768136290190162,0.0009102353285533088,1200.0,0.0,1696.0,0.0,85035.0,43737.0,103917.0,68913.0,28038.0,0.0,0.0,76516.0,28368.0,77587.0,24223.0,138131.0,19582.0,111065.0,31669.0,765.0
"New Haven-Milford, CT",-49.6,328380,578741,Northeast,341.6776637857433,589409.0,490255.0,0.003054388208782508,0.00022839393385711677,0.004997259272793714,0.044829161337474874,0.08745660515256715,0.04365673914367501,0.11934039831902064,0.06054875449174737,0.013201169376941348,0.027532127413362566,0.015125768926243986,0.051288141786954136,0.011995249406175771,0.06168463365613009,0.09269443936902369,0.22605213472196845,0.015335891345392533,0.08312321091418479,0.037340885559412874,0.0005146476642913698,1003.0,75.0,1641.0,14721.0,28719.0,14336.0,39189.0,19883.0,4335.0,9041.0,4967.0,16842.0,3939.0,20256.0,30439.0,74231.0,5036.0,27296.0,12262.0,169.0
"New Orleans-Metairie, LA",-42.3,346047,970849,Southeast,1749.2464080754094,6537092.0,6309212.0,0.0019274838389004962,0.008634665233335356,0.005094683670137294,0.08131554384231043,0.08665296910535274,0.059335870560935366,0.16715937430464647,0.07273000488372967,0.0,0.04872170543307701,0.024826107436273108,0.09555927374027227,0.01969096683398498,0.09281109213488341,0.0,0.0,0.034284360216964745,0.2012125520521779,0.0,4.334671301875179e-05,667.0,2988.0,1763.0,28139.0,29986.0,20533.0,57845.0,25168.0,0.0,16860.0,8591.0,33068.0,6814.0,32117.0,0.0,0.0,11864.0,69629.0,0.0,15.0
"New York-Newark-Jersey City, NY-NJ-PA",-55.5,7554881,12300480,Northeast,330.7302060345104,74591177.0,73350890.0,0.0013350309554842758,0.0,0.0,0.051718749772498074,0.0,0.047179300375479113,0.11203419352336588,0.0,0.03853667582586675,0.07307924506024648,0.028259875966279283,0.10520973129821634,0.02093878116677152,0.07402644727296168,0.041243270410215596,0.23255574773447787,0.023579061007049616,0.09723965208717385,0.04767487403176834,0.005389363512145327,10086.0,0.0,0.0,390729.0,0.0,356434.0,846405.0,0.0,291140.0,552105.0,213500.0,794847.0,158190.0,559261.0,311588.0,1756931.0,178137.0,734634.0,360178.0,40716.0
"North Port-Sarasota-Bradenton, FL",-56.3,297275,948158,Southeast,1774.1576940429711,2112417.0,2144736.0,0.0,0.0,0.0023244470608022876,0.10322428727609116,0.06132705407451013,0.031418720040366666,0.15631990581111765,0.023395845597510723,0.012049449163232697,0.030574383987890003,0.026070137078462702,0.06470776217307207,0.014155243461441426,0.06582793709528215,0.02139769573627113,0.1788007736943907,0.03351778656126482,0.13052224371373308,0.04155411655874191,0.0028122109158186864,0.0,0.0,691.0,30686.0,18231.0,9340.0,46470.0,6955.0,3582.0,9089.0,7750.0,19236.0,4208.0,19569.0,6361.0,53153.0,9964.0,38801.0,12353.0,836.0
"Norwich-New London, CT",-46.4,92784,284015,Northeast,386.5290170436925,,,0.012750043110881187,0.0007221072598723918,0.011564493878254872,0.03849801689946542,0.2093356613209174,0.030942834971546818,0.138623038454906,0.02853940334540438,0.012685376789101569,0.017567684083462667,0.00899939644766339,0.05697102948784273,0.00877306432143473,0.032958268667011556,0.02790351784790481,0.18473012588377308,0.021749439558544578,0.12814709432660804,0.02811907225383687,0.00042033109156751163,1183.0,67.0,1073.0,3572.0,19423.0,2871.0,12862.0,2648.0,1177.0,1630.0,835.0,5286.0,814.0,3058.0,2589.0,17140.0,2018.0,11890.0,2609.0,39.0
"Ocala, FL",-46.4,101921,442660,Southeast,1552.030841961538,,,0.01547276812433159,0.0018936234927051344,0.00243325713052266,0.08871577005720116,0.09529930043857497,0.043729947704594735,0.18980386770145505,0.055955102481333584,0.006240127157308111,0.02111439251969663,0.018347543685795862,0.03982496247093337,0.0018641889306423602,0.05745626514653506,0.010851541880476054,0.1815523788031907,0.02443068651210251,0.11341136762786865,0.029414939021398925,0.0021879691133328753,1577.0,193.0,248.0,9042.0,9713.0,4457.0,19345.0,5703.0,636.0,2152.0,1870.0,4059.0,190.0,5856.0,1106.0,18504.0,2490.0,11559.0,2998.0,223.0
"Odessa, TX",-31.7,67941,173801,Southwest,1907.718874638988,,,0.0010155870534728662,0.18418922300231083,0.0051515285321087415,0.09330154104296375,0.05838889624821536,0.09215348611295095,0.12769903298450125,0.05101485112082542,0.005269277755699798,0.019222560751240046,0.0345741157769241,0.0339117763942244,0.0036796632372205294,0.03183644632843202,0.00750651300392988,0.0720183688788802,0.0059021798325017295,0.129479989991316,0.04247803241047379,0.0012069295418083337,69.0,12514.0,350.0,6339.0,3967.0,6261.0,8676.0,3466.0,358.0,1306.0,2349.0,2304.0,250.0,2163.0,510.0,4893.0,401.0,8797.0,2886.0,82.0
"Ogden-Clearfield, UT",-38.2,216824,672784,Southwest,864.7653735110264,15582.0,215.0,0.0,0.0,0.0015404198797181123,0.10732667970335387,0.18556525107921631,0.03619525513780762,0.14924547098107221,0.04640630188540014,0.010303287458952884,0.03756502970150906,0.013176585617828284,0.07198465114562963,0.0,0.0,0.024540641257425378,0.15132549902224846,0.028391690956720658,0.10245175810795853,0.033963029922886766,1.8448142272073202e-05,0.0,0.0,334.0,23271.0,40235.0,7848.0,32360.0,10062.0,2234.0,8145.0,2857.0,15608.0,0.0,0.0,5321.0,32811.0,6156.0,22214.0,7364.0,4.0
"Oklahoma City, OK",-44.6,424435,1512813,Southwest,1505.252340219534,2243575.0,2135106.0,0.004278629236514425,0.025398470908384086,0.0,0.07972245455723491,0.08545478106188227,0.05776856291304911,0.1663434919363389,0.0,0.014909232273492997,0.05922697232791829,0.025186424305252867,0.0,0.022700766901881324,0.0,0.024305252865574233,0.2089625030923463,0.022276673695618882,0.16338190771260616,0.04008387621190524,0.0,1816.0,10780.0,0.0,33837.0,36270.0,24519.0,70602.0,0.0,6328.0,25138.0,10690.0,0.0,9635.0,0.0,10316.0,88691.0,9455.0,69345.0,17013.0,0.0
"Olympia-Lacey-Tumwater, WA",-44.2,83053,304261,Pacific,218.30047948796516,,,0.0,0.0,0.0025766679108521063,0.07692678169361733,0.039348367909648053,0.044850878354785496,0.1500608045464944,0.037987790928684095,0.020444776227228397,0.03331607527723261,0.014063308971379722,0.08409088172612669,0.01448472662035086,0.07727595631705056,0.029451073410954452,0.1937196729799044,0.018157080418527927,0.11330114505195478,0.04994401165520812,0.0,0.0,0.0,214.0,6389.0,3268.0,3725.0,12463.0,3155.0,1698.0,2767.0,1168.0,6984.0,1203.0,6418.0,2446.0,16089.0,1508.0,9410.0,4148.0,0.0
"Orlando-Kissimmee-Sanford, FL",-58.2,1252654,2957672,Southeast,1612.3471255524998,29272737.0,29480089.0,0.004180723487890511,0.0001708372782907331,0.001559888045701367,0.07046718407477244,0.04117577559326039,0.03688568431506226,0.11959487615893934,0.047018570171811214,0.018099970143391552,0.037955413066976196,0.02775147806177923,0.07993907335944322,0.01857176842128792,0.09925965190707091,0.019746075133277027,0.1237708098165974,0.0746926126448325,0.14867154058502988,0.028647974620286207,0.0018400931142997189,5237.0,214.0,1954.0,88271.0,51579.0,46205.0,149811.0,58898.0,22673.0,47545.0,34763.0,100136.0,23264.0,124338.0,24735.0,155042.0,93564.0,186234.0,35886.0,2305.0
"Oshkosh-Neenah, WI",-34.8,78885,174218,Midwest,419.2621674610125,,,0.0,0.0,0.0,0.07434873550104583,0.2624199784496419,0.0,0.10832224123724409,0.04265703238892058,0.01914178867972365,0.046003676237561006,0.009456804208658173,0.048031945236737025,0.06145655067503328,0.05311529441592191,0.004969259047981238,0.13693351080687077,0.010572352158204982,0.0830702921975027,0.03950053875895291,0.0,0.0,0.0,0.0,5865.0,20701.0,0.0,8545.0,3365.0,1510.0,3629.0,746.0,3789.0,4848.0,4190.0,392.0,10802.0,834.0,6553.0,3116.0,0.0
"Oxnard-Thousand Oaks-Ventura, CA",-48.7,284394,830851,Pacific,1646.0275405608218,,,0.08457984345661301,0.0034775698502781355,0.0032068187092554696,0.06284942720310555,0.09347946862451388,0.04034192001237719,0.12768553485657222,0.02617495446458083,0.012915181051639626,0.0341216762660253,0.01581960238261004,0.05970941721695957,0.02854490601067533,0.06168554892156656,0.01917058728383862,0.16141690752969473,0.016645920800016877,0.11758335267270055,0.030299514054445593,0.0002918486325309254,24054.0,989.0,912.0,17874.0,26585.0,11473.0,36313.0,7444.0,3673.0,9704.0,4499.0,16981.0,8118.0,17543.0,5452.0,45906.0,4734.0,33440.0,8617.0,83.0
"Palm Bay-Melbourne-Titusville, FL",-55.9,210348,663982,Southeast,1659.9275318308455,348283.0,363844.0,0.0012408009584117749,0.00025196341301082016,0.0014357160514956169,0.08505429098446383,0.15794778177116017,0.023465875596630346,0.13371175385551562,0.024112423222469433,0.01121950291897237,0.022952440717287543,0.014357160514956169,0.0894089794055565,0.013054557209956833,0.06865289900545762,0.026755662045752752,0.15268982828455702,0.018840207655884535,0.12135603856466427,0.031723619906060437,0.0017684979177363227,261.0,53.0,302.0,17891.0,33224.0,4936.0,28126.0,5072.0,2360.0,4828.0,3020.0,18807.0,2746.0,14441.0,5628.0,32118.0,3963.0,25527.0,6673.0,372.0
"Panama City, FL",-60.3,60144,231174,Southeast,1538.8018335256545,918470.0,816642.0,0.0,0.0,0.0038574088853418464,0.11756783719074222,0.0562317105613195,0.038557462090981647,0.20369446661346102,0.02615389731311519,0.011971268954509178,0.0342511306198457,0.05199188613993083,0.08213620643788241,0.003358606012237297,0.08877028465017292,0.0,0.0,0.022462756052141528,0.21631417930300612,0.03765961691939346,0.005021282255919127,0.0,0.0,232.0,7071.0,3382.0,2319.0,12251.0,1573.0,720.0,2060.0,3127.0,4940.0,202.0,5339.0,0.0,0.0,1351.0,13010.0,2265.0,302.0
"Pensacola-Ferry Pass-Brent, FL",-12.1,156538,544949,Southeast,1571.4793566656883,1528204.0,1365976.0,0.0024530784857350932,0.0007665870267922166,0.0,0.08282972824489901,0.04302469687871316,0.03791411670009838,0.15357293436737407,0.0,0.010061454726647844,0.08197370606498103,0.023649209776539882,0.06496186229541709,0.009122385618827377,0.0763265149676117,0.01909440519234946,0.18356565179061954,0.016494397526479194,0.15234000689928323,0.038399621817066784,0.0034496416205649747,384.0,120.0,0.0,12966.0,6735.0,5935.0,24040.0,0.0,1575.0,12832.0,3702.0,10169.0,1428.0,11948.0,2989.0,28735.0,2582.0,23847.0,6011.0,540.0
"Peoria, IL",-32.2,64570,363505,Midwest,764.3365037404776,343114.0,315482.0,0.015641938980950905,0.0009447111661762428,0.013783490785194363,0.12411336533994115,0.36259873006039955,0.0,0.2698157038872541,0.0,0.0,0.0,0.0,0.0,0.0,0.12295183521759331,0.0,0.0,0.0,0.0,0.0899488926746167,0.00020133188787362552,1010.0,61.0,890.0,8014.0,23413.0,0.0,17422.0,0.0,0.0,0.0,0.0,0.0,0.0,7939.0,0.0,0.0,0.0,0.0,5808.0,13.0
"Philadelphia-Camden-Wilmington, PA-NJ-DE-MD",-50.4,2213682,2155218,Northeast,371.2029047941356,15469282.0,14118346.0,0.004263033263133548,0.0,0.004668240515123672,0.0,0.0,0.04497619802663617,0.12642285567665093,0.05583051224159568,0.01826865828063832,0.07014647993704606,0.017900041650065365,0.09718062485939714,0.028297198965343714,0.06767503191515313,0.04728050370378401,0.2509077636263926,0.024319662896477454,0.09832216190039943,0.042856652400841674,0.0006843801413211111,9437.0,0.0,10334.0,0.0,0.0,99563.0,279860.0,123591.0,40441.0,155282.0,39625.0,215127.0,62641.0,149811.0,104664.0,555430.0,53836.0,217654.0,94871.0,1515.0
"Phoenix-Mesa-Chandler, AZ",-46.9,2074527,5228938,Southwest,1729.2698703583033,26574019.0,24844636.0,0.0036475784600537857,0.0015960264677201117,0.004068879315622308,0.08060198782662265,0.07169104089751543,0.04421971851896842,0.11884636835288237,0.05328636359035096,0.018932990508197772,0.06895210329872785,0.022327499232355136,0.06459737569094064,0.019530717122505516,0.09175489159697608,0.02717390518416969,0.15562728274927248,0.01835888373590703,0.10326209299758451,0.029871869587621662,0.0016524248660056003,7567.0,3311.0,8441.0,167211.0,148725.0,91735.0,246550.0,110544.0,39277.0,143043.0,46319.0,134009.0,40517.0,190348.0,56373.0,322853.0,38086.0,214220.0,61970.0,3428.0
"Pittsburgh, PA",-44.3,959227,2421992,Northeast,288.21648265980605,4938813.0,4569977.0,0.0014167657916217954,0.007875091088970599,0.005537792409930079,0.05610038082747879,0.08800315253845023,0.03486765906297467,0.11955564219939598,0.04149382784262745,0.016617547254195304,0.0454897537287837,0.015339434774042015,0.0776239617942364,0.04054827480877832,0.04937308895600311,0.040747393474120305,0.2006553193352564,0.02188637308999851,0.09853037914904397,0.03833816187409237,0.0,1359.0,7554.0,5312.0,53813.0,84415.0,33446.0,114681.0,39802.0,15940.0,43635.0,14714.0,74459.0,38895.0,47360.0,39086.0,192474.0,20994.0,94513.0,36775.0,0.0
"Port St. Lucie, FL",-54.6,143879,568721,Southeast,1740.2509597842663,,,0.0,0.0,0.011544422744111372,0.09667845898289534,0.057610909166730374,0.03615538056283405,0.15593658560318044,0.036266585116660525,0.008243037552387771,0.023992382488062885,0.017375711535387375,0.05307237331368719,0.003940811376225857,0.08669785027696884,0.013594756705287082,0.1991395547647676,0.0268906511721655,0.12429193975493297,0.04496834145358253,0.003600247430132264,0.0,0.0,1661.0,13910.0,8289.0,5202.0,22436.0,5218.0,1186.0,3452.0,2500.0,7636.0,567.0,12474.0,1956.0,28652.0,3869.0,17883.0,6470.0,518.0
"Portland-South Portland, ME",-49.0,211858,577635,Northeast,160.39061205318814,1221913.0,1114714.0,0.011488827422141246,0.0,0.0,0.06899432638842999,0.0,0.042519045775944266,0.15648689216361902,0.0,0.01861152281244985,0.06041310689235242,0.018639843668872547,0.08625588837806455,0.03487713468455286,0.054366604046106354,0.02952921296340001,0.2186134108695447,0.02208082772423038,0.13840402533772622,0.03870517044435424,1.416042821134911e-05,2434.0,0.0,0.0,14617.0,0.0,9008.0,33153.0,0.0,3943.0,12799.0,3949.0,18274.0,7389.0,11518.0,6256.0,46315.0,4678.0,29322.0,8200.0,3.0
"Providence-Warwick, RI-MA",-55.6,521261,1708161,Northeast,353.22525559664075,1984916.0,1732909.0,0.0,0.0,0.0,0.06387778867016715,0.0,0.048459409010073645,0.15083039015004,0.0,0.014196343098754751,0.05239026130863426,0.0156255695323456,0.06689738921576716,0.024133783267883076,0.073598446843328,0.04611509397403604,0.23497249938130801,0.020847521682995657,0.13922392045443646,0.048818154437028666,1.3428973201524763e-05,0.0,0.0,0.0,33297.0,0.0,25260.0,78622.0,0.0,7400.0,27309.0,8145.0,34871.0,12580.0,38364.0,24038.0,122482.0,10867.0,72572.0,25447.0,7.0
"Provo-Orem, UT",-45.4,188749,773426,Southwest,975.1287929634402,455219.0,415197.0,0.007025202782531298,0.0020980243603939625,0.0,0.1598472044885006,0.12854107836332906,0.039602858823093105,0.18320626864248288,0.0,0.0,0.050188345368717184,0.0,0.13908418057844016,0.01529014723256812,0.08816470550837355,0.0,0.0,0.023189526831930235,0.127152991539028,0.036588273315355316,2.119216525650467e-05,1326.0,396.0,0.0,30171.0,24262.0,7475.0,34580.0,0.0,0.0,9473.0,0.0,26252.0,2886.0,16641.0,0.0,0.0,4377.0,24000.0,6906.0,4.0
"Pueblo, CO",-30.1,50452,169277,Southwest,1195.265832964901,,,0.0,0.0,0.007967969555220803,0.08316815983509078,0.09718147942598906,0.030900658051216997,0.1625505430904622,0.04289225402362642,0.008483310869737573,0.023031792594941727,0.013636724014905257,0.05121699833505114,0.0037064933005629113,0.056172203282327755,0.007531911519860462,0.24318163799254738,0.015301672877190201,0.12219535399984144,0.030623166574169507,0.0002576706572583842,0.0,0.0,402.0,4196.0,4903.0,1559.0,8201.0,2164.0,428.0,1162.0,688.0,2584.0,187.0,2834.0,380.0,12269.0,772.0,6165.0,1545.0,13.0
"Punta Gorda, FL",-50.5,47296,217212,Southeast,1798.4419093348536,957136.0,949732.0,0.005328146143437077,0.002135487144790257,0.0017760487144790258,0.11757865358592692,0.01983254397834912,0.019451962110960758,0.2136121447902571,0.03105970906630582,0.007675067658998647,0.023765223274695536,0.02179888362652233,0.055163227334235454,0.00537043301759134,0.055691813261163736,0.0064487483085250335,0.20052435723951287,0.025414411366711773,0.14183017591339647,0.042794316644113664,0.0027486468200270636,252.0,101.0,84.0,5561.0,938.0,920.0,10103.0,1469.0,363.0,1124.0,1031.0,2609.0,254.0,2634.0,305.0,9484.0,1202.0,6708.0,2024.0,130.0
"Raleigh-Cary, NC",-44.0,501740,1595720,Southeast,792.071157043096,7584394.0,7119040.0,0.0,0.0,0.0,0.09993622194762228,0.0675768326224738,0.059604576075258105,0.1451269581855144,0.0,0.05297165862797465,0.05752979630884522,0.02466616175708534,0.0,0.0,0.10949894367600749,0.025527165464184636,0.1593494638657472,0.02670307330489895,0.12736277753418104,0.04414637063020688,0.0,0.0,0.0,0.0,50142.0,33906.0,29906.0,72816.0,0.0,26578.0,28865.0,12376.0,0.0,0.0,54940.0,12808.0,79952.0,13398.0,63903.0,22150.0,0.0
"Reading, PA",-41.7,152922,440072,Northeast,319.31048350268856,,,0.016975974679902174,0.0014582597664168661,0.0033742692352964256,0.04906422882253698,0.20679169772825362,0.03913106027909653,0.12086553929454232,0.057427969814676766,0.00565647846614614,0.027177253763356484,0.012771216698709146,0.040229659565007,0.03083925138305803,0.055629667412144757,0.014549901256849898,0.18621911824328743,0.014955336707602568,0.08193065745935836,0.03495245942375852,0.0,2596.0,223.0,516.0,7503.0,31623.0,5984.0,18483.0,8782.0,865.0,4156.0,1953.0,6152.0,4716.0,8507.0,2225.0,28477.0,2287.0,12529.0,5345.0,0.0
"Redding, CA",-41.1,54303,181648,Pacific,936.0453384763464,88676.0,87670.0,0.0,0.0,0.008526232436513636,0.07447102370034804,0.05415907040126697,0.029390641401027567,0.17199786383809365,0.03167412481815001,0.00937333112351067,0.03176620076238882,0.018175791392740732,0.04436218993425778,0.009760050089313665,0.0588917739351417,0.016776237040310848,0.27070327606209604,0.017954809126567592,0.10953354326648619,0.04239176472754728,9.207594423880817e-05,0.0,0.0,463.0,4044.0,2941.0,1596.0,9340.0,1720.0,509.0,1725.0,987.0,2409.0,530.0,3198.0,911.0,14700.0,975.0,5948.0,2302.0,5.0
"Reno, NV",-48.1,164589,578734,Southwest,1053.1638921693598,2377780.0,2251825.0,0.0,0.0,0.0,0.13342933002813068,0.17064323861254396,0.062021155727296474,0.0,0.1402888406880168,0.022899464727290403,0.0,0.0,0.08016939163613607,0.024861928804476605,0.09745487243983499,0.0,0.0,0.03821032997344902,0.18943550298015055,0.04058594438267442,0.0,0.0,0.0,0.0,21961.0,28086.0,10208.0,0.0,23090.0,3769.0,0.0,0.0,13195.0,4092.0,16040.0,0.0,0.0,6289.0,31179.0,6680.0,0.0
"Richmond, VA",-31.7,437313,1389338,Southeast,608.723070260646,2456422.0,2399239.0,0.0032356687315492566,0.0,0.0,0.0,0.07246983281997105,0.0537692682357945,0.0,0.07682598047622641,0.013969399491897109,0.08138564369227533,0.02671084554998365,0.09950767528063424,0.04952745516369282,0.09728501096468661,0.021892786173747406,0.19812125411318665,0.03318446970476523,0.11955967464950733,0.04877970698332773,0.003775327968754645,1415.0,0.0,0.0,0.0,31692.0,23514.0,0.0,33597.0,6109.0,35591.0,11681.0,43516.0,21659.0,42544.0,9574.0,86641.0,14512.0,52285.0,21332.0,1651.0
"Riverside-San Bernardino-Ontario, CA",-48.3,1394634,4769007,Pacific,1670.3682821583943,5132287.0,4833837.0,0.009368766285634798,0.0010619273587192052,0.003990294227732867,0.08218428634322697,0.07000904896912022,0.048622792790079694,0.13059053486434433,0.14118973149944716,0.0093049502593512,0.015744632641969146,0.015994877509081237,0.0322113185251471,0.006353638302235569,0.07722097697317003,0.014167874868962036,0.17537791277137946,0.015619868725414697,0.11849847343460722,0.03231457142160596,0.00017352222877113277,13066.0,1481.0,5565.0,114617.0,97637.0,67811.0,182126.0,196908.0,12977.0,21958.0,22307.0,44923.0,8861.0,107695.0,19759.0,244588.0,21784.0,165262.0,45067.0,242.0
"Roanoke, VA",-41.1,85233,316547,Southeast,632.1396059769771,382103.0,345561.0,0.004270646345898889,0.0,0.0026515551488273323,0.0,0.19200309739185525,0.08331280137974728,0.18727488179461008,0.07718841293865052,0.0,0.0,0.0,0.0,0.0,0.0846737765888799,0.027911724332124882,0.28799877981532973,0.0,0.0,0.05271432426407612,0.0,364.0,0.0,226.0,0.0,16365.0,7101.0,15962.0,6579.0,0.0,0.0,0.0,0.0,0.0,7217.0,2379.0,24547.0,0.0,0.0,4493.0,0.0
"Rochester, MN",-45.0,99529,231184,Midwest,518.4085048290603,98537.0,93490.0,0.01042912116066674,0.0013061519758060464,0.0,0.050809311858855205,0.09472616021461082,0.0,0.12010569783681138,0.02152136563212732,0.011132433763023843,0.017823950808307128,0.007756533271709753,0.0,0.006309718775432286,0.0,0.010067417536597373,0.505912849521245,0.01578434426147153,0.09625335329401481,0.0300615900893207,0.0,1038.0,130.0,0.0,5057.0,9428.0,0.0,11954.0,2142.0,1108.0,1774.0,772.0,0.0,628.0,0.0,1002.0,50353.0,1571.0,9580.0,2992.0,0.0
"Rochester, NY",-51.6,295917,1056149,Northeast,108.76357414061448,1331837.0,1325357.0,0.01599097044103583,0.0022404931112440314,0.0,0.07763325527090366,0.17962807138488157,0.05252148406478844,0.17011526880848346,0.0,0.020289473061703114,0.04885153607261496,0.02525370289642028,0.08565239577313909,0.03585126910586414,0.08097540864499167,0.0,0.0,0.027821990625749787,0.12442678183409538,0.04864877651503631,0.004099122389048281,4732.0,663.0,0.0,22973.0,53155.0,15542.0,50340.0,0.0,6004.0,14456.0,7473.0,25346.0,10609.0,23962.0,0.0,0.0,8233.0,36820.0,14396.0,1213.0
"Rockford, IL",-36.8,116287,337242,Midwest,595.0802937385579,,,0.0,0.0,0.0,0.04825130926070842,0.21688580838786795,0.0,0.13520857877492756,0.06895869701686345,0.01049988390791748,0.026073421792633743,0.008883194166157867,0.029521786614152914,0.0012985114415196885,0.07776449646134134,0.013595672775116738,0.20477783415171086,0.023725781901674306,0.10010577278629597,0.03437185583943175,7.739472167998142e-05,0.0,0.0,0.0,5611.0,25221.0,0.0,15723.0,8019.0,1221.0,3032.0,1033.0,3433.0,151.0,9043.0,1581.0,23813.0,2759.0,11641.0,3997.0,9.0
"Sacramento-Roseville-Folsom, CA",-48.4,772834,2477274,Pacific,1159.1456954647006,6679426.0,6371910.0,0.011804604869868562,0.0005149876946407637,0.0,0.09583688088256986,0.052037048059479785,0.0,0.12774412098846583,0.04590636540317843,0.012599083373661097,0.03848691957134391,0.023732133938206654,0.07748235714267229,0.01697389090024507,0.07623629395187065,0.01854343882386127,0.21064549437524746,0.026010760396152344,0.1191329574009425,0.04568510184593328,0.0006275603816602272,9123.0,398.0,0.0,74066.0,40216.0,0.0,98725.0,35478.0,9737.0,29744.0,18341.0,59881.0,13118.0,58918.0,14331.0,162794.0,20102.0,92070.0,35307.0,485.0
"Saginaw, MI",-51.8,66854,187688,Midwest,345.24827951261204,110822.0,93545.0,0.010111586442097706,0.0006132766924940916,0.0,0.05034852065695396,0.16799293983905225,0.0,0.16226403805307088,0.02771711490711102,0.011891584647141532,0.04367726688006701,0.008615789631136506,0.03634786250635714,0.004233104975020194,0.09010679989230264,0.006476800191461992,0.21277709635923056,0.010261166123193825,0.1150118167948066,0.03915996051096419,0.0023932748975379185,676.0,41.0,0.0,3366.0,11231.0,0.0,10848.0,1853.0,795.0,2920.0,576.0,2430.0,283.0,6024.0,433.0,14225.0,686.0,7689.0,2618.0,160.0
"Salinas, CA",-39.2,162829,433729,Pacific,1370.461148148855,305434.0,259778.0,0.33384716481707805,0.0014493732688894484,0.003457615044003218,0.043831258559593196,0.030829889024682335,0.03497534223019241,0.09917152350011361,0.017803953841146233,0.005250907393646095,0.012890824116097255,0.012080157711464173,0.030872878909776514,0.009482340369344528,0.04803812588666638,0.013283874494101174,0.11343802393922459,0.017404762050986004,0.1383967229424734,0.03339085789386412,0.00010440400665729078,54360.0,236.0,563.0,7137.0,5020.0,5695.0,16148.0,2899.0,855.0,2099.0,1967.0,5027.0,1544.0,7822.0,2163.0,18471.0,2834.0,22535.0,5437.0,17.0
"Salisbury, MD-DE",-48.1,128961,131872,Northeast,540.4720455959028,60442.0,52236.0,0.0,0.0,0.0,0.07678290335837966,0.11501151510921907,0.03442125914036026,0.1833887764517955,0.0,0.008560727661851257,0.029063050069400825,0.023635052457719775,0.04329991237660998,0.0,0.0,0.00749063670411985,0.20076612309147726,0.02851249602593032,0.20734175448391373,0.04172579306922248,0.0,0.0,0.0,0.0,9902.0,14832.0,4439.0,23650.0,0.0,1104.0,3748.0,3048.0,5584.0,0.0,0.0,966.0,25891.0,3677.0,26739.0,5381.0,0.0
"Salt Lake City, UT",-38.9,695958,1308377,Southwest,916.1972159893028,13543570.0,12905368.0,0.0010029340851028367,0.005082203236402197,0.0020877696642613492,0.07923322959144086,0.09072386552062049,0.055460243290543394,0.10891749214751464,0.06396362998916601,0.03286692587771101,0.07281473882044606,0.018268343779365995,0.1097623707177732,0.021338931372295453,0.07507924328766966,0.02472850373154702,0.11006554993261088,0.015973665077490307,0.08400650613973831,0.028540515375927857,8.333836237244201e-05,698.0,3537.0,1453.0,55143.0,63140.0,38598.0,75802.0,44516.0,22874.0,50676.0,12714.0,76390.0,14851.0,52252.0,17210.0,76601.0,11117.0,58465.0,19863.0,58.0
"San Antonio-New Braunfels, TX",-42.0,760560,2813140,Southwest,2177.143935727788,5466684.0,5336684.0,0.0,0.0,0.0027072157357736406,0.08379877984642894,0.07809640265067845,0.0,0.1589289470916167,0.0,0.02086094456716104,0.08822972546544651,0.023715420216682444,0.0,0.0,0.09415956663511098,0.02983722520248238,0.19271457873146103,0.023817976228042496,0.16171899652887345,0.04027690123067214,0.0011373198695697907,0.0,0.0,2059.0,63734.0,59397.0,0.0,120875.0,0.0,15866.0,67104.0,18037.0,0.0,0.0,71614.0,22693.0,146571.0,18115.0,122997.0,30633.0,865.0
"San Diego-Chula Vista-Carlsbad, CA",-53.0,1288281,3282248,Pacific,1810.7811186244885,12797447.0,12194512.0,0.007248418629165532,0.0002662462614910877,0.004565774081896729,0.06935132940717126,0.08881369825371949,0.03301143151222443,0.10747189471862117,0.026793843889648297,0.016533659970146265,0.032284881947339125,0.023262005727011422,0.11871555972648824,0.01728427260822755,0.07362757038254852,0.021361022944528407,0.16190256628794494,0.02332177529591758,0.13212179640932376,0.041740893485194615,0.0003213584613915753,9338.0,343.0,5882.0,89344.0,114417.0,42528.0,138454.0,34518.0,21300.0,41592.0,29968.0,152939.0,22267.0,94853.0,27519.0,208576.0,30045.0,170210.0,53774.0,414.0
"San Francisco-Oakland-Berkeley, CA",-56.9,2034641,1569647,Pacific,1248.6287676178154,30371704.0,29711971.0,0.00185683862656852,0.0001946289296244399,0.0,0.06017523484486944,0.07393048699991792,0.0,0.08967282188848057,0.04253084450770431,0.0694977639790017,0.04586017877355268,0.020379025095827716,0.15850314625528533,0.02118850450767482,0.06266756641589352,0.02640416663185299,0.16209690063259316,0.019898842105314892,0.10253553329555436,0.04241288758065919,0.0001946289296244399,3778.0,396.0,0.0,122435.0,150422.0,0.0,182452.0,86535.0,141403.0,93309.0,41464.0,322497.0,43111.0,127506.0,53723.0,329809.0,40487.0,208623.0,86295.0,396.0
"San Jose-Sunnyvale-Santa Clara, CA",-49.2,828906,1984473,Pacific,1296.765366495781,5822019.0,5958855.0,0.0,0.0,0.0,0.06456220608850702,0.21687621998151782,0.0,0.08923569138116988,0.019775463080252766,0.11459079799156961,0.025591562855136772,0.01900336105662162,0.0,0.0,0.0745464503815873,0.04958825246771045,0.17250810103920106,0.021551297734604406,0.10115742918979957,0.03081169638053048,0.00020147037179125258,0.0,0.0,0.0,53516.0,179770.0,0.0,73968.0,16392.0,94985.0,21213.0,15752.0,0.0,0.0,61792.0,41104.0,142993.0,17864.0,83850.0,25540.0,167.0
"San Luis Obispo-Paso Robles, CA",-42.0,99254,282367,Pacific,1525.5369620779209,366428.0,324925.0,0.057378040179740866,0.0007757873738086122,0.02030144880810849,0.08669675781328712,0.08470187599492211,0.024412114373224252,0.13520865657807243,0.018246116025550606,0.011596509964333932,0.020029419469240535,0.018729723739093637,0.05540330868277349,0.004564047796562355,0.050103774155197775,0.021470167449170813,0.1537570274245874,0.018770024381888892,0.18074838293670784,0.036945614282547806,0.00016120257118101033,5695.0,77.0,2015.0,8605.0,8407.0,2423.0,13420.0,1811.0,1151.0,1988.0,1859.0,5499.0,453.0,4973.0,2131.0,15261.0,1863.0,17940.0,3667.0,16.0
"Santa Cruz-Watsonville, CA",-38.8,85544,258852,Pacific,1337.221383976199,,,0.08040306742728888,0.00028055737398297953,0.002302908444776957,0.05861311138127747,0.09143832413728607,0.0372790610679884,0.12540914617039184,0.022257551669316374,0.006791826428504629,0.021976994295333396,0.01561769381838586,0.051049752174319646,0.015991770317029832,0.04670111287758347,0.021976994295333396,0.18485223978303564,0.030288506499579163,0.13785887964088656,0.048676704386046946,0.00023379781165248293,6878.0,24.0,197.0,5014.0,7822.0,3189.0,10728.0,1904.0,581.0,1880.0,1336.0,4367.0,1368.0,3995.0,1880.0,15813.0,2591.0,11793.0,4164.0,20.0
"Santa Maria-Santa Barbara, CA",-52.3,181537,442065,Pacific,1562.3631766235426,709921.0,653211.0,0.15944408027013776,0.0035034180359926627,0.0017241664233737476,0.05441314993637661,0.06969378143298612,0.02678241901100051,0.10136225673003299,0.017329800536529744,0.023868412499931144,0.019147611781620277,0.018541674699923433,0.06592595448861664,0.015875551540457316,0.06376110655128156,0.016591659000644497,0.1481516164748784,0.021461189729917316,0.13637991153318607,0.03587698375537769,0.00016525556773550295,28945.0,636.0,313.0,9878.0,12652.0,4862.0,18401.0,3146.0,4333.0,3476.0,3366.0,11968.0,2882.0,11575.0,3012.0,26895.0,3896.0,24758.0,6513.0,30.0
"Santa Rosa-Petaluma, CA",-26.3,180724,486444,Pacific,1174.396330542776,382556.0,318197.0,0.03503685177397579,0.0008355282087603196,0.004764170779752551,0.08965605010955933,0.12478143467386733,0.036647041898143023,0.12645249109138798,0.01959341316039928,0.013440384232310042,0.02191739890662004,0.01996414421991545,0.0510280870277329,0.011957459994245368,0.06903897656094377,0.011608862132312256,0.18166375246231822,0.02249839534317523,0.11824107478807463,0.040559084570947965,0.00031539806555853125,6332.0,151.0,861.0,16203.0,22551.0,6623.0,22853.0,3541.0,2429.0,3961.0,3608.0,9222.0,2161.0,12477.0,2098.0,32831.0,4066.0,21369.0,7330.0,57.0
"Savannah, GA",-40.9,139979,438314,Southeast,1218.1703467488935,2020753.0,1909590.0,0.0,0.0,0.0,0.06766729295108552,0.15399452775059116,0.0,0.16379599797112424,0.1242257767236514,0.009537144857442902,0.02250337550632595,0.02306774587616714,0.0,0.004950742611391709,0.0,0.02808278384614835,0.16005257931546876,0.01855992684616978,0.17474049678880405,0.042777845248215804,0.0060437637074132545,0.0,0.0,0.0,9472.0,21556.0,0.0,22928.0,17389.0,1335.0,3150.0,3229.0,0.0,693.0,0.0,3931.0,22404.0,2598.0,24460.0,5988.0,846.0
"Scranton--Wilkes-Barre, PA",-42.6,211833,574418,Northeast,203.9970619328811,219572.0,174061.0,0.0,0.0,0.008114882950248545,0.04553587023740399,0.14192783938291012,0.04119754712438572,0.13376102873489967,0.13162727242686456,0.011282472513725435,0.03514088928542767,0.008969329613421893,0.0,0.0,0.064749118409313,0.03460272950862236,0.2028673530564171,0.013505922117894757,0.09342264897348383,0.03329509566498138,0.0,0.0,0.0,1719.0,9646.0,30065.0,8727.0,28335.0,27883.0,2390.0,7444.0,1900.0,0.0,0.0,13716.0,7330.0,42974.0,2861.0,19790.0,7053.0,0.0
"Seattle-Tacoma-Bellevue, WA",-47.6,1807420,2344939,Pacific,156.9175896235746,25690588.0,24900709.0,0.0028493653937656993,0.00035741554259662944,0.0016697834482300737,0.06915769439311284,0.09029334631684943,0.046887275785373626,0.09721592103661574,0.04895763021323212,0.07751546403160306,0.031587566807936174,0.021678967810470174,0.10168748824290978,0.04790419492978942,0.06215821447145655,0.017738544444567395,0.13845204767015967,0.019484126545019975,0.08905069104026735,0.035354261876044304,0.0,5150.0,646.0,3018.0,124997.0,163198.0,84745.0,175710.0,88487.0,140103.0,57092.0,39183.0,183792.0,86583.0,112346.0,32061.0,250241.0,35216.0,160952.0,63900.0,0.0
"Shreveport-Bossier City, LA",-34.6,143015,383474,Southeast,1737.9947694412456,352281.0,308925.0,0.0030136698947662833,0.036821312449743036,0.005628780197881341,0.06109149389924134,0.07469845820368493,0.046925147711778484,0.15037583470265356,0.036038177813516065,0.011425374960668462,0.027088067685207846,0.02078103695416565,0.049344474355836804,0.007383840855854281,0.06330105233716743,0.011614166346187463,0.2205153305597315,0.018047058000908996,0.12528056497570184,0.030563227633465022,6.293046183966717e-05,431.0,5266.0,805.0,8737.0,10683.0,6711.0,21506.0,5154.0,1634.0,3874.0,2972.0,7057.0,1056.0,9053.0,1661.0,31537.0,2581.0,17917.0,4371.0,9.0
"Sioux Falls, SD",-41.3,90149,314638,Midwest,606.9636552232387,701353.0,655505.0,0.010737778566595304,0.0,0.004514747806409389,0.12663479350852477,0.0,0.0962850392128587,0.21542113611909172,0.07856992312726709,0.0,0.0,0.0,0.08748849127555491,0.0,0.0,0.021830525019689625,0.3585175653640085,0.0,0.0,0.0,0.0,968.0,0.0,407.0,11416.0,0.0,8680.0,19420.0,7083.0,0.0,0.0,0.0,7887.0,0.0,0.0,1968.0,32320.0,0.0,0.0,0.0,0.0
"South Bend-Mishawaka, IN-MI",-35.1,111508,324538,Midwest,554.2716205346059,454920.0,411377.0,0.0,0.0,0.0,0.05350288768518851,0.13657316067008646,0.054668723320299886,0.13052875130035513,0.0,0.011478997022635147,0.03325321949994619,0.01525451088711124,0.04752125408042472,0.00802632994942067,0.0502564838397245,0.07864009757147469,0.20377910105104566,0.02493094665853571,0.1130681206729562,0.038149729167414,0.0003676866233812821,0.0,0.0,0.0,5966.0,15229.0,6096.0,14555.0,0.0,1280.0,3708.0,1701.0,5299.0,895.0,5604.0,8769.0,22723.0,2780.0,12608.0,4254.0,41.0
"Spartanburg, SC",-33.8,108126,407656,Southeast,921.9545764861588,,,0.0,0.0,0.0,0.06615430146310786,0.3530325731091504,0.06685718513586002,0.1609418641214879,0.0,0.0074080239720326286,0.028411297930192553,0.015750143351275364,0.043033128017313134,0.01695244437045669,0.07536577696391247,0.02280672548693191,0.11099088100919298,0.0,0.0,0.03229565506908607,0.0,0.0,0.0,0.0,7153.0,38172.0,7229.0,17402.0,0.0,801.0,3072.0,1703.0,4653.0,1833.0,8149.0,2466.0,12001.0,0.0,0.0,3492.0,0.0
"Spokane-Spokane Valley, WA",-43.4,135758,608012,Pacific,152.42289840393656,2064142.0,2002286.0,0.016234770694913008,0.0026223132338425727,0.0,0.11129362542170627,0.1309757067723449,0.0,0.2062125252287158,0.07499373885885179,0.02192872611558803,0.0731374946596149,0.029515755977548283,0.0,0.0,0.09859455796343494,0.0,0.0,0.02579590153066486,0.15902561911636884,0.04966926442640581,0.0,2204.0,356.0,0.0,15109.0,17781.0,0.0,27995.0,10181.0,2977.0,9929.0,4007.0,0.0,0.0,13385.0,0.0,0.0,3502.0,21589.0,6743.0,0.0
"Springfield, IL",-25.0,67081,206033,Midwest,855.5078760851638,51784.0,50513.0,0.006782844620682458,0.0022211952713883216,0.0,0.052906188041323174,0.05320433505761691,0.0444537201293958,0.17051027861838672,0.0,0.0,0.0,0.0,0.07015399293391571,0.008571726718444864,0.08148357955307763,0.0,0.28599752537976475,0.019364648708278052,0.13769919947526124,0.06633771112535591,0.00031305436710842114,455.0,149.0,0.0,3549.0,3569.0,2982.0,11438.0,0.0,0.0,0.0,0.0,4706.0,575.0,5466.0,0.0,19185.0,1299.0,9237.0,4450.0,21.0
"Springfield, MA",-31.0,219027,464338,Northeast,319.4884329166468,,,0.004419546448611358,0.00045199906860797983,0.006035785542421711,0.0463595812388427,0.0935775041433248,0.040994945828596474,0.12229999041214097,0.03906824272806549,0.011806763549699352,0.03615535984148073,0.012057874143370452,0.03452542380619741,0.014756171613545362,0.038419920831678285,0.05516214895880417,0.29030210887242214,0.017947558976747158,0.09839882754180991,0.03726024645363357,0.0,968.0,99.0,1322.0,10154.0,20496.0,8979.0,26787.0,8557.0,2586.0,7919.0,2641.0,7562.0,3232.0,8415.0,12082.0,63584.0,3931.0,21552.0,8161.0,0.0
"Springfield, MO",-41.5,143691,500694,Midwest,1249.745122646745,702338.0,632705.0,0.003514485945535907,0.0013153224627847255,0.0,0.0741660925179726,0.13522767605486774,0.0,0.1834700851131943,0.09293553528056733,0.0,0.05303742057609732,0.023362632315176317,0.0,0.026014155375075683,0.06836197117425587,0.018038708061047664,0.27794364295606544,0.0,0.0,0.042612272167359126,0.0,505.0,189.0,0.0,10657.0,19431.0,0.0,26363.0,13354.0,0.0,7621.0,3357.0,0.0,3738.0,9823.0,2592.0,39938.0,0.0,0.0,6123.0,0.0
"St. Cloud, MN",-34.6,87415,205854,Midwest,407.0210331002194,23885.0,19556.0,0.015752445232511583,0.0014185208488245724,0.0022650574844134304,0.08751358462506435,0.1718354973402734,0.059829548704455754,0.1475604873305497,0.04252130641194303,0.014105130698392724,0.04492364010753303,0.011554081107361436,0.0,0.0,0.043070411256649316,0.01862380598295487,0.20817937424927072,0.011622719212949722,0.08210261396785448,0.03712177543899788,0.0,1377.0,124.0,198.0,7650.0,15021.0,5230.0,12899.0,3717.0,1233.0,3927.0,1010.0,0.0,0.0,3765.0,1628.0,18198.0,1016.0,7177.0,3245.0,0.0
"St. George, UT",-46.3,73453,213670,Southwest,1324.067304796127,161201.0,136411.0,0.0010755176779709474,0.00652117680693777,0.0023007909819884823,0.13303745252065946,0.05393925367241637,0.025812424271302738,0.16385988319061168,0.05769675847140348,0.013723061004996392,0.021346983785549944,0.018365485412440607,0.05192435979469865,0.0027228295644834114,0.057043279375927465,0.011558411501232081,0.18036023035138116,0.025104488584537052,0.13981729813622315,0.033763086599594296,2.7228295644834112e-05,79.0,479.0,169.0,9772.0,3962.0,1896.0,12036.0,4238.0,1008.0,1568.0,1349.0,3814.0,200.0,4190.0,849.0,13248.0,1844.0,10270.0,2480.0,2.0
"St. Louis, MO-IL",-39.1,841265,2814421,Midwest,991.4494264929192,7971270.0,7466835.0,0.004540780847889785,0.0015013105264096332,0.006590075659869363,0.0,0.0,0.06882730174201945,0.15532561083606236,0.06683506386215995,0.029744491925849763,0.07471486392516033,0.024484555996029788,0.09188305706287556,0.045105882213095756,0.08979572429614925,0.03962128461305296,0.2536727428337088,0.0,0.0,0.047284743808431354,7.250985123593636e-05,3820.0,1263.0,5544.0,0.0,0.0,57902.0,130670.0,56226.0,25023.0,62855.0,20598.0,77298.0,37946.0,75542.0,33332.0,213406.0,0.0,0.0,39779.0,61.0
"State College, PA",-35.5,44293,157393,Northeast,249.5758210528157,134128.0,138860.0,0.006028040548167882,0.0037026166662903846,0.0024608854672295848,0.06517959948524597,0.10254442011153003,0.013681620120560812,0.16580498047095477,0.027837355789853926,0.020748199489761362,0.02959835639943106,0.021199738107601653,0.06867902377350824,0.010453119003002732,0.04070620639830221,0.012417311990607997,0.20438895536540763,0.017587429164879327,0.14514708870476148,0.04183505294290294,0.0,267.0,164.0,109.0,2887.0,4542.0,606.0,7344.0,1233.0,919.0,1311.0,939.0,3042.0,463.0,1803.0,550.0,9053.0,779.0,6429.0,1853.0,0.0
"Stockton, CA",-40.5,240253,823815,Pacific,1228.0693344252977,63668.0,67688.0,0.06050288654043862,0.0001207060889978481,0.0071258215298039985,0.057568479894111624,0.09631513446242086,0.04995983400831623,0.11272283800826628,0.1875939114183798,0.004574344545125347,0.01728594440027804,0.015475353065310319,0.02503194549079512,0.008765759428602348,0.060852517970639286,0.017901961682060163,0.1456464643521621,0.010555539368915269,0.0915326759707475,0.030309715175252754,0.0001581665993764906,14536.0,29.0,1712.0,13831.0,23140.0,12003.0,27082.0,45070.0,1099.0,4153.0,3718.0,6014.0,2106.0,14620.0,4301.0,34992.0,2536.0,21991.0,7282.0,38.0
"Syracuse, NY",-51.2,169433,652273,Northeast,17.421626360862916,1486554.0,1412853.0,0.0,0.0,0.0,0.07465487832948717,0.14762177379849262,0.07345676462082357,0.18808614614626432,0.0,0.019807239439778555,0.05275241540904074,0.022038209793841815,0.08991754852950724,0.02403900066693029,0.08818234936523582,0.0,0.0,0.024859383945276304,0.1367856320787568,0.05420431675057397,0.0035943411259908046,0.0,0.0,0.0,12649.0,25012.0,12446.0,31868.0,0.0,3356.0,8938.0,3734.0,15235.0,4073.0,14941.0,0.0,0.0,4212.0,23176.0,9184.0,609.0
"Tallahassee, FL",-37.6,87114,397442,Southeast,1464.1477889856494,469318.0,416501.0,0.0,0.0,0.003719264412149597,0.10408200748444567,0.04689257754207131,0.048717772114700277,0.21165369515806873,0.027320522533691483,0.0,0.059462313749799114,0.03192368620428404,0.16364763413458228,0.0,0.0,0.0,0.0,0.02255664990701839,0.21365107789792687,0.06637279886126225,0.0,0.0,0.0,324.0,9067.0,4085.0,4244.0,18438.0,2380.0,0.0,5180.0,2781.0,14256.0,0.0,0.0,0.0,0.0,1965.0,18612.0,5782.0,0.0
"Tampa-St. Petersburg-Clearwater, FL",-53.2,1281667,2470332,Southeast,1692.8141288292115,13303639.0,12923955.0,0.004333418898980781,0.00020052010389594177,0.004286604866942817,0.07039894137868885,0.0566488799352718,0.041722225819967276,0.12615211283430094,0.03471182452228231,0.019267095119090995,0.07394510430556454,0.02402730194348454,0.09689490327830864,0.02124888914203143,0.08045303499270871,0.02137684749626853,0.16004625226365352,0.020715209176798654,0.11014015340958298,0.0313037629899186,0.0021269175222581216,5554.0,257.0,5494.0,90228.0,72605.0,53474.0,161685.0,44489.0,24694.0,94773.0,30795.0,124187.0,27234.0,103114.0,27398.0,205126.0,26550.0,141163.0,40121.0,2726.0
"Terre Haute, IN",-35.8,40374,169241,Midwest,805.2881548511965,,,0.0,0.0,0.012037449843958983,0.08255312825085451,0.24533115371278547,0.04106603259523456,0.20604844702035963,0.04651508396492792,0.0,0.03762322286620102,0.0,0.0,0.0075543666716203495,0.0,0.030019319363947094,0.24491009065240005,0.0,0.0,0.04634170505771041,0.0,0.0,0.0,486.0,3333.0,9905.0,1658.0,8319.0,1878.0,0.0,1519.0,0.0,0.0,305.0,0.0,1212.0,9888.0,0.0,0.0,1871.0,0.0
"Toledo, OH",-46.5,181728,599376,Midwest,402.7717640016963,66614.0,70346.0,0.0,0.0,0.0,0.07472156189469976,0.2506383166050361,0.05930291424546575,0.1601349269237542,0.0,0.01574330868110583,0.033346539883782354,0.017212537418559607,0.05438347420320479,0.027166974819510477,0.0820071755590773,0.0,0.0,0.026539663673181897,0.15251364676879733,0.04612938017256559,0.00015957915125902448,0.0,0.0,0.0,13579.0,45548.0,10777.0,29101.0,0.0,2861.0,6060.0,3128.0,9883.0,4937.0,14903.0,0.0,0.0,4823.0,27716.0,8383.0,29.0
"Topeka, KS",-32.6,50724,233052,Midwest,1106.0214342545323,,,0.0,0.0056777856635912,0.0,0.11467944168440974,0.0,0.0,0.19280813815945114,0.07513208737481271,0.0,0.0,0.0,0.0,0.030616670609573376,0.0,0.01145414399495308,0.3940935257471808,0.018511947007333808,0.1570262597586941,0.0,0.0,0.0,288.0,0.0,5817.0,0.0,0.0,9780.0,3811.0,0.0,0.0,0.0,0.0,1553.0,0.0,581.0,19990.0,939.0,7965.0,0.0,0.0
"Trenton-Princeton, NJ",-50.7,187295,399289,Northeast,353.03345948981763,,,0.0008809631864171494,5.3391708267706024e-05,0.0032408766918497556,0.03075896313302544,0.056424357297311725,0.037795990282709094,0.09839023999572866,0.06645665928081369,0.020801409541098267,0.07997010064337008,0.014212872740863344,0.1289302971248565,0.025478523185349315,0.08583784938199097,0.08223390907392082,0.14727034891481353,0.011842280893777197,0.06738567500467177,0.038874502789716756,0.0031607891294481967,165.0,10.0,607.0,5761.0,10568.0,7079.0,18428.0,12447.0,3896.0,14978.0,2662.0,24148.0,4772.0,16077.0,15402.0,27583.0,2218.0,12621.0,7281.0,592.0
"Tucson, AZ",-49.4,315519,1074685,Southwest,1865.5629565492704,1959789.0,1925546.0,0.0015149642335326875,0.007324440049569123,0.0064116582519594695,0.06311822742845914,0.08941775297208726,0.0242742909301817,0.13584918816299493,0.05493488506238927,0.016239909482471736,0.03128813161806421,0.020921085576462908,0.05772394055508543,0.007479739730412432,0.08268281783347436,0.02171976964937135,0.19676469562847246,0.016895971399503676,0.1247056437171771,0.03933519059074097,0.0013976971275897806,478.0,2311.0,2023.0,19915.0,28213.0,7659.0,42863.0,17333.0,5124.0,9872.0,6601.0,18213.0,2360.0,26088.0,6853.0,62083.0,5331.0,39347.0,12411.0,441.0
"Tulsa, OK",-42.8,249019,1069273,Southwest,1428.4101475283994,1627181.0,1571600.0,0.0,0.0,0.0,0.10428521518438352,0.2071769624004594,0.07198647492761596,0.19522205132941664,0.0,0.020331781912223564,0.06548496299479156,0.02690959324388902,0.09590432858536899,0.035961111401138064,0.12880543251719748,0.0,0.0,0.0,0.0,0.0479320855035158,0.0,0.0,0.0,0.0,25969.0,51591.0,17926.0,48614.0,0.0,5063.0,16307.0,6701.0,23882.0,8955.0,32075.0,0.0,0.0,0.0,0.0,11936.0,0.0
"Tuscaloosa, AL",-36.9,48865,281850,Southeast,1316.3748767321638,,,0.0,0.0,0.0,0.09937583137214775,0.39809679729868,0.0,0.23352092499744193,0.06714417272076129,0.012933592550905556,0.03796173130052185,0.03609945768955285,0.06888365906067738,0.0,0.0,0.0,0.0,0.0,0.0,0.045983833009311366,0.0,0.0,0.0,0.0,4856.0,19453.0,0.0,11411.0,3281.0,632.0,1855.0,1764.0,3366.0,0.0,0.0,0.0,0.0,0.0,0.0,2247.0,0.0
"Tyler, TX",-19.5,97502,252549,Southwest,1818.9701124736475,51296.0,50155.0,0.005415273532850608,0.016153514799696417,0.002092264774055917,0.05425529732723431,0.07640868905253226,0.05779368628335829,0.14406883961354638,0.05277840454554778,0.014717646817501179,0.029917335029025046,0.014020225226149208,0.054019404730159384,0.007876761502328158,0.05178355315788394,0.012143340649422575,0.24961539250476913,0.00936391048388751,0.11637709995692395,0.03071731861910525,0.0004820413940226867,528.0,1575.0,204.0,5290.0,7450.0,5635.0,14047.0,5146.0,1435.0,2917.0,1367.0,5267.0,768.0,5049.0,1184.0,24338.0,913.0,11347.0,2995.0,47.0
"Urban Honolulu, HI",-53.3,356166,988703,Pacific,4350.432552764969,14365322.0,14186616.0,0.00469163255335995,0.000662612377374595,0.006769315431568426,0.0754395422359237,0.025802575203697154,0.03817601904729817,0.11731608295008507,0.06384382563186829,0.018665453749094525,0.03496684130433562,0.02257935906290887,0.06079468562411909,0.02210205353683395,0.07171094377340903,0.03160604886485515,0.15510183453782786,0.02240528292986978,0.17506724392558526,0.05229583958042037,2.807679565146589e-06,1671.0,236.0,2411.0,26869.0,9190.0,13597.0,41784.0,22739.0,6648.0,12454.0,8042.0,21653.0,7872.0,25541.0,11257.0,55242.0,7980.0,62353.0,18626.0,1.0
"Utica-Rome, NY",-50.2,85114,285611,Northeast,79.24014386562506,,,0.0059919637192471275,0.0011513969499729775,0.0,0.034800385365509785,0.13676950912893296,0.04363559461428202,0.15623751674225156,0.0,0.009716380383955637,0.06545339192142303,0.006908381699837865,0.04451676574946542,0.006920130648306977,0.0411683154357685,0.03638649340883991,0.25166247620837934,0.01365227812110816,0.10433066240571469,0.03778461827666424,0.0029137392203397797,510.0,98.0,0.0,2962.0,11641.0,3714.0,13298.0,0.0,827.0,5571.0,588.0,3789.0,589.0,3504.0,3097.0,21420.0,1162.0,8880.0,3216.0,248.0
"Vallejo, CA",-43.1,116651,455376,Pacific,1211.7432836969133,,,0.012833151880395367,0.0025546287644340813,0.005786491328835587,0.10026489271416447,0.09435838526887896,0.03473609313250636,0.14927433112446528,0.03987964098036022,0.007346700842684589,0.02382319911530977,0.015927853168854103,0.03599626235523056,0.005272136544050201,0.05165836555194555,0.01672510308527145,0.22734481487514038,0.020454175274965496,0.11668995550831111,0.0383880121044826,0.0006858063797138472,1497.0,298.0,675.0,11696.0,11007.0,4052.0,17413.0,4652.0,857.0,2779.0,1858.0,4199.0,615.0,6026.0,1951.0,26520.0,2386.0,13612.0,4478.0,80.0
"Virginia Beach-Norfolk-Newport News, VA-NC",-41.6,426034,1797213,Southeast,706.0176041149058,2513684.0,2377440.0,0.0021923132895496603,0.0,0.003450428839012849,0.0,0.13511597665913988,0.03932784707323829,0.18655788035696683,0.06314519498443787,0.019024303224625266,0.0,0.0,0.11554946318838402,0.028901449180112386,0.10338611472323805,0.02921363083697545,0.22494448799861044,0.0,0.0,0.049190909645709026,0.0,934.0,0.0,1470.0,0.0,57564.0,16755.0,79480.0,26902.0,8105.0,0.0,0.0,49228.0,12313.0,44046.0,12446.0,95834.0,0.0,0.0,20957.0,0.0
"Visalia, CA",-40.5,140865,485146,Pacific,1409.0169772288932,,,0.2568416569055479,0.0005324246619103397,0.005033187803925744,0.051872360061051365,0.09783125687715188,0.030135235864125226,0.11919923330848685,0.062130408547190576,0.004309090263727683,0.014432257835516275,0.010336137436552728,0.016725233379476803,0.004770524970716643,0.05667128101373656,0.008291626734817023,0.13600255563837718,0.007390054307315515,0.092585099208462,0.02483938522699038,7.098995492137862e-05,36180.0,75.0,709.0,7307.0,13781.0,4245.0,16791.0,8752.0,607.0,2033.0,1456.0,2356.0,672.0,7983.0,1168.0,19158.0,1041.0,13042.0,3499.0,10.0
"Waco, TX",-38.9,51998,308807,Southwest,1940.4682389383545,53849.0,51867.0,0.0,0.0,0.0,0.1601023116273703,0.3012038924574022,0.11194661333128197,0.26662563944767104,0.0,0.016827570291165043,0.0,0.0,0.08608023385514828,0.0,0.0,0.0,0.0,0.0,0.0,0.05613677449132659,0.0010769644986345628,0.0,0.0,0.0,8325.0,15662.0,5821.0,13864.0,0.0,875.0,0.0,0.0,4476.0,0.0,0.0,0.0,0.0,0.0,0.0,2919.0,56.0
"Warner Robins, GA",-40.7,36356,208091,Southeast,1215.6464641432062,,,0.0,0.0,0.0,0.06639894377819341,0.23421168445373527,0.0,0.267521179447684,0.0,0.0,0.0354549455385631,0.009737044779403676,0.12289580811970514,0.006573880514908131,0.05877984376719111,0.012295081967213115,0.17914512047529982,0.0,0.0,0.0,0.006986467158103202,0.0,0.0,0.0,2414.0,8515.0,0.0,9726.0,0.0,0.0,1289.0,354.0,4468.0,239.0,2137.0,447.0,6513.0,0.0,0.0,0.0,254.0
"Washington-Arlington-Alexandria, DC-VA-MD-WV",-44.9,741297,1840612,Southeast,470.745588083288,25754126.0,24438601.0,0.003708365203150694,0.0,0.0,0.0,0.07539218423924554,0.0732796706313394,0.0,0.09282244498493857,0.09590622921716936,0.11065200587618727,0.06972508994370677,0.0,0.0,0.2530969368552685,0.0,0.0,0.0,0.0,0.22003461500586136,0.005382458043132509,2749.0,0.0,0.0,0.0,55888.0,54322.0,0.0,68809.0,71095.0,82026.0,51687.0,0.0,0.0,187620.0,0.0,0.0,0.0,0.0,163111.0,3990.0
"Waterloo-Cedar Falls, IA",-29.2,64816,169189,Midwest,665.7745505275624,12006.0,12885.0,0.0,0.0,0.0010799802517896815,0.05632868427548753,0.25314737101950135,0.047210565292520365,0.1563811404591459,0.061882868427548754,0.009364971611947668,0.0,0.0,0.03935756603307825,0.0,0.0,0.01854480375215996,0.19121821772401876,0.014888299185386325,0.10336953838558381,0.047225993581831646,0.0,0.0,0.0,70.0,3651.0,16408.0,3060.0,10136.0,4011.0,607.0,0.0,0.0,2551.0,0.0,0.0,1202.0,12394.0,965.0,6700.0,3061.0,0.0
"Wausau-Weston, WI",-33.1,60359,139432,Midwest,341.5539236908092,90087.0,84775.0,0.0177935353468414,0.001225997779949966,0.0,0.04567670107191968,0.30832187411984957,0.054971089646945775,0.12215245448069054,0.0,0.0066270150267565735,0.05790354379628556,0.0100564953031031,0.02725359929753641,0.0371278516874037,0.03200848257923425,0.0035785881144485493,0.15366391093291804,0.02118988054805414,0.07713845491144651,0.023310525356616246,0.0,1074.0,74.0,0.0,2757.0,18610.0,3318.0,7373.0,0.0,400.0,3495.0,607.0,1645.0,2241.0,1932.0,216.0,9275.0,1279.0,4656.0,1407.0,0.0
"Wichita, KS",-43.7,217625,663809,Midwest,1258.205780257461,885585.0,843273.0,0.0018931648477886272,0.003124641010913268,0.0,0.0798759333716255,0.2411120045950603,0.045431361286616886,0.14493279724296382,0.0,0.0,0.038235496840896034,0.018701895462377945,0.0624468696151637,0.0,0.0,0.01813210798391729,0.1946559448592763,0.023126938541068353,0.128330844342332,0.0,0.0,412.0,680.0,0.0,17383.0,52472.0,9887.0,31541.0,0.0,0.0,8321.0,4070.0,13590.0,0.0,0.0,3946.0,42362.0,5033.0,27928.0,0.0,0.0
"Wilmington, NC",-44.4,110082,492772,Southeast,968.0879732448996,737065.0,655912.0,0.0,0.0,0.0,0.10065224105666686,0.05973728674987736,0.0425773514289348,0.1628422448720045,0.0,0.022501408041278318,0.03739939317962973,0.032384949401355355,0.0,0.0,0.08080340110099744,0.013771552115695572,0.20816300575934304,0.023237223160916406,0.17057284569684417,0.04535709743645646,0.0,0.0,0.0,0.0,11080.0,6576.0,4687.0,17926.0,0.0,2477.0,4117.0,3565.0,0.0,0.0,8895.0,1516.0,22915.0,2558.0,18777.0,4993.0,0.0
"Winston-Salem, NC",-42.1,226053,712206,Southeast,764.8507423945023,,,0.0013846310378539547,0.0006989511309294723,0.0,0.05608861638642265,0.15135830977691073,0.03949516263885018,0.1401308542686892,0.0,0.0,0.04813472946609866,0.0,0.044551498984751366,0.027896112858488937,0.07882222310697048,0.031107749067696512,0.21863456799953992,0.017044675363742132,0.11439795092301364,0.03025396699004216,0.0,313.0,158.0,0.0,12679.0,34215.0,8928.0,31677.0,0.0,0.0,10881.0,0.0,10071.0,6306.0,17818.0,7032.0,49423.0,3853.0,25860.0,6839.0,0.0
"Worcester, MA-CT",-45.0,329539,888502,Northeast,304.8002873466875,,,0.005765630168204674,0.0,0.009995781986350628,0.054934317334215374,0.12766319009282664,0.038350544245142455,0.1293321882994122,0.03409308154725237,0.010375099760574621,0.037919639253624,0.00905507390627513,0.05638786304504171,0.012654040948112363,0.0603782860298781,0.03583187422429515,0.2368156728035225,0.016568600378103957,0.09117282021247865,0.03257581045035641,0.00013048531433305314,1900.0,0.0,3294.0,18103.0,42070.0,12638.0,42620.0,11235.0,3419.0,12496.0,2984.0,18582.0,4170.0,19897.0,11808.0,78040.0,5460.0,30045.0,10735.0,43.0
"Yakima, WA",-38.1,97672,259185,Pacific,269.17442916243914,41471.0,24044.0,0.29377917929396347,0.00034810385780981244,0.001955524612990417,0.04313416332213941,0.08296133999508559,0.045110164632648046,0.1178229175198624,0.03825047096404292,0.005323941354738308,0.013709148988451143,0.009163322139405357,0.02051765091326071,0.0076275698255385375,0.021326480465230568,0.012173396674584324,0.18287738553526087,0.012460070439839462,0.07179130149889426,0.0196678679662544,0.0,28694.0,34.0,191.0,4213.0,8103.0,4406.0,11508.0,3736.0,520.0,1339.0,895.0,2004.0,745.0,2083.0,1189.0,17862.0,1217.0,7012.0,1921.0,0.0
"York-Hanover, PA",-41.2,163174,473197,Northeast,362.6459963485634,,,0.005025310404843909,0.0013911530023165456,0.007017049284812531,0.07165970068760955,0.2015333325162097,0.03780626815546594,0.12389841518869428,0.08199835758147744,0.005442043462806575,0.02078762547954944,0.012354909483128439,0.04284996384227879,0.02258938311250567,0.05190165099832081,0.01073700466986162,0.1639231740350791,0.014714354002475885,0.08293600696189343,0.04143429713067033,0.0,820.0,227.0,1145.0,11693.0,32885.0,6169.0,20217.0,13380.0,888.0,3392.0,2016.0,6992.0,3686.0,8469.0,1752.0,26748.0,2401.0,13533.0,6761.0,0.0
"Youngstown-Warren-Boardman, OH-PA",-37.4,175326,423678,Midwest,246.9061284543463,523.0,730.0,0.003022940122970923,0.0021959093346109533,0.0032796048503929824,0.051897607884740425,0.15386194859861058,0.0416709444121237,0.1550882356296271,0.045737654426611,0.007745571107536817,0.02495921882664294,0.012308499595040098,0.02818749073155151,0.01260508994672781,0.05262767644274095,0.01216020441919624,0.21336823973626273,0.01895326420496675,0.12262870310165064,0.03758712341580826,0.00011407321218758199,530.0,385.0,575.0,9099.0,26976.0,7306.0,27191.0,8019.0,1358.0,4376.0,2158.0,4942.0,2210.0,9227.0,2132.0,37409.0,3323.0,21500.0,6590.0,20.0
"Yuba City, CA",-29.7,23091,187478,Pacific,1096.760617717908,,,0.0,0.0,0.0,0.1315664111558616,0.09752717508986185,0.0,0.2635225845567537,0.10913342860854879,0.0,0.0260707635009311,0.025334545926984538,0.0,0.0,0.07405482655580096,0.0,0.0,0.03126759343467152,0.20025118011346413,0.04127149105712182,0.0,0.0,0.0,0.0,3038.0,2252.0,0.0,6085.0,2520.0,0.0,602.0,585.0,0.0,0.0,1710.0,0.0,0.0,722.0,4624.0,953.0,0.0
"Yuma, AZ",-62.3,46604,224449,Southwest,1813.553477604485,85227.0,94364.0,0.0,0.0,0.0031971504591880523,0.08162389494463995,0.06739764827053472,0.0384730924384173,0.17884730924384173,0.0389666123079564,0.007660286670672045,0.047978714273452926,0.014548107458587246,0.051841043687237146,0.006973650330443739,0.09308213887219981,0.010900351901124367,0.17562870139902154,0.005857866277572741,0.1440219723628873,0.031327783022916486,0.0016736760793064974,0.0,0.0,149.0,3804.0,3141.0,1793.0,8335.0,1816.0,357.0,2236.0,678.0,2416.0,325.0,4338.0,508.0,8185.0,273.0,6712.0,1460.0,78.0
