ADADGUID,Auto_B,Alum_B,Steel_B,Cop_B,Lum_B,Ene_B,MHDV_B,CUSMA_B,Total_B,Auto_E,Alum_E,Steel_E,Cop_E,Lum_E,Ene_E,MHDV_E,CUSMA_E,Total_E,Auto_C,Alum_C,Steel_C,Cop_C,Lum_C,Ene_C,MHDV_C,CUSMA_C,Total_C,geometry
2021S051610010001,0,1,1,0,3,0,0,16,16,0,1,1,0,13,0,0,845,845,0.0,1.0,1.0,0.0,8.0,0.0,0.0,613.0,613.0,POINT (-53.25418982995286 47.86225405767045)
2021S051610010002,0,0,0,0,0,0,0,2,2,0,0,0,0,0,0,0,10,10,6.0,8.0,8.0,1.0,8.0,7.0,1.0,82.0,82.0,POINT (-52.76053689500512 47.72308896969448)
2021S051610010003,0,1,1,0,4,0,0,9,9,0,1,1,0,42,0,0,54,54,0.0,1.0,2.0,0.0,10.0,28.0,0.0,258.0,258.0,POINT (-53.26648981737229 47.73592881595869)
2021S051610010004,0,1,1,1,1,2,0,7,7,0,1,1,1,34,12,0,62,62,6.0,9.0,8.0,1.0,18.0,13.0,1.0,98.0,98.0,POINT (-52.71311539417454 47.6217728223513)
2021S051610010005,2,1,1,0,2,0,0,5,5,5,3,3,0,29,0,0,35,35,6.0,9.0,8.0,1.0,18.0,15.0,1.0,110.0,110.0,POINT (-52.77029796102484 47.647250554620264)
2021S051610010006,1,0,2,0,0,0,1,3,3,4,0,23,0,0,0,4,25,25,6.0,9.0,8.0,1.0,13.0,8.0,1.0,77.0,77.0,POINT (-52.679613635842756 47.59531216519224)
2021S051610010007,0,1,1,0,0,0,0,2,2,0,1,1,0,0,0,0,12,12,6.0,9.0,9.0,1.0,17.0,10.0,1.0,92.0,92.0,POINT (-52.83057044008754 47.551106188098785)
2021S051610010008,0,0,0,0,0,0,0,0,0,0,0,0,0,0,0,0,0,0,6.0,8.0,8.0,1.0,10.0,8.0,1.0,71.0,71.0,POINT (-52.704423939326304 47.607914789682326)
2021S051610010009,0,0,0,0,0,2,0,9,9,0,0,0,0,0,19,0,39,39,6.0,9.0,8.0,1.0,14.0,10.0,1.0,80.0,80.0,POINT (-52.70185190517219 47.57263479931771)
2021S051610010010,1,0,0,0,0,0,0,5,5,2,0,0,0,0,0,0,301,301,6.0,9.0,9.0,1.0,17.0,11.0,1.0,97.0,97.0,POINT (-52.76722256483111 47.584334355043154)
2021S051610010011,0,0,0,0,0,0,0,2,2,0,0,0,0,0,0,0,14,14,6.0,9.0,8.0,1.0,13.0,8.0,1.0,62.0,62.0,POINT (-52.72386161987496 47.574234162935866)
2021S051610010013,0,1,0,0,1,1,0,11,11,0,2,0,0,3,19,0,135,135,7.0,12.0,11.0,1.0,20.0,9.0,1.0,149.0,149.0,POINT (-52.71977683258316 47.449941846639724)
2021S051610010015,0,0,0,0,1,0,0,4,4,0,0,0,0,7,0,0,74,74,6.0,9.0,9.0,1.0,21.0,9.0,1.0,110.0,110.0,POINT (-52.73885940812563 47.54044945089918)
2021S051610010016,0,0,0,0,0,0,0,1,1,0,0,0,0,0,0,0,1,1,6.0,9.0,10.0,1.0,12.0,8.0,1.0,104.0,104.0,POINT (-52.75448159718064 47.51055609803952)
2021S051610010017,0,1,0,0,1,2,0,6,6,0,2,0,0,34,2,0,47,47,6.0,9.0,9.0,1.0,14.0,12.0,1.0,113.0,113.0,POINT (-52.82967120906252 47.60970452174025)
2021S051610010018,0,0,0,0,1,0,0,4,4,0,0,0,0,34,0,0,41,41,6.0,8.0,9.0,1.0,13.0,8.0,1.0,93.0,93.0,POINT (-52.769101413359685 47.51902454264896)
2021S051610010019,0,2,0,0,2,0,0,5,5,0,12,0,0,30,0,0,55,55,6.0,9.0,9.0,1.0,19.0,10.0,1.0,99.0,99.0,POINT (-52.80973360545448 47.5284132307023)
2021S051610010021,0,0,0,0,1,0,0,13,13,0,0,0,0,3,0,0,270,270,0.0,1.0,2.0,0.0,10.0,25.0,0.0,240.0,240.0,POINT (-53.33626823590323 47.62653702195714)
2021S051610010023,0,1,2,1,2,2,0,9,9,0,5,9,5,22,11,0,121,121,6.0,9.0,9.0,1.0,19.0,7.0,1.0,93.0,93.0,POINT (-52.834012022649546 47.5161330967878)
2021S051610010024,0,0,0,0,0,0,0,1,1,0,0,0,0,0,0,0,3,3,6.0,9.0,9.0,1.0,20.0,7.0,1.0,94.0,94.0,POINT (-52.80255516753328 47.5038382123368)
2021S051610010025,0,0,0,0,0,0,0,2,2,0,0,0,0,0,0,0,18,18,7.0,11.0,11.0,1.0,19.0,13.0,1.0,162.0,162.0,POINT (-52.85826070515557 47.44144707418933)
2021S051610010029,0,0,2,0,2,0,0,2,2,0,0,10,0,10,0,0,10,10,4.0,10.0,9.0,1.0,46.0,5.0,0.0,212.0,212.0,POINT (-53.04510349217021 47.47384932544892)
2021S051610010031,0,1,1,0,0,0,0,4,4,0,25,25,0,0,0,0,379,379,2.0,5.0,4.0,0.0,1.0,10.0,0.0,91.0,91.0,POINT (-52.80341448822298 47.30186447838793)
2021S051610010032,1,1,1,0,0,0,0,10,10,24,24,24,0,0,0,0,105,105,31.0,31.0,31.0,0.0,0.0,0.0,0.0,271.0,271.0,POINT (-53.2515062147288 46.95784918994938)
2021S051610010035,0,0,0,0,0,0,0,8,8,0,0,0,0,0,0,0,23,23,0.0,0.0,0.0,0.0,0.0,0.0,0.0,120.0,120.0,POINT (-53.8630551071577 47.15255209652538)
2021S051610010036,0,0,1,0,2,2,0,13,13,0,0,3,0,18,303,0,577,577,0.0,0.0,1.0,0.0,6.0,66.0,0.0,305.0,305.0,POINT (-53.86934197130467 47.67834435251795)
2021S051610010037,0,0,0,0,0,0,0,7,7,0,0,0,0,0,0,0,92,92,2.0,3.0,4.0,0.0,10.0,12.0,0.0,181.0,181.0,POINT (-53.32443920469301 47.505930648585384)
2021S051610010040,0,0,0,0,0,0,0,1,1,0,0,0,0,0,0,0,54,54,5.0,7.0,6.0,0.0,12.0,0.0,0.0,46.0,46.0,POINT (-53.13640909823138 47.35280260484353)
2021S051610010041,2,5,1,0,2,0,0,18,18,13,24,2,0,30,0,0,290,290,6.0,9.0,8.0,1.0,18.0,6.0,1.0,95.0,95.0,POINT (-52.76275047309796 47.55575146186367)
2021S051610010042,1,2,1,0,1,0,0,6,6,16,26,16,0,15,0,0,156,156,7.0,11.0,11.0,1.0,31.0,22.0,1.0,210.0,210.0,POINT (-52.891644920182365 47.53797715162918)
2021S051610010043,0,1,2,0,2,1,0,6,6,0,1,2,0,56,1,0,67,67,6.0,9.0,9.0,1.0,20.0,14.0,1.0,117.0,117.0,POINT (-52.8481217739254 47.5339210006871)
2021S051610010044,0,0,0,0,2,0,0,3,3,0,0,0,0,75,0,0,81,81,6.0,11.0,9.0,1.0,31.0,17.0,0.0,175.0,175.0,POINT (-52.94135669128401 47.50912541571069)
2021S051610010045,0,0,0,0,0,0,0,0,0,0,0,0,0,0,0,0,0,0,6.0,9.0,10.0,1.0,14.0,13.0,1.0,102.0,102.0,POINT (-52.9554500634026 47.31331218071789)
2021S051610020001,0,0,0,0,0,0,0,6,6,0,0,0,0,0,0,0,468,468,0.0,0.0,0.0,0.0,0.0,0.0,0.0,521.0,521.0,POINT (-55.595406270940515 46.99287888360747)
2021S051610020002,0,0,1,0,1,0,0,6,6,0,0,3,0,3,0,0,20,20,0.0,0.0,87.0,0.0,87.0,0.0,0.0,401.0,401.0,POINT (-54.68103239149581 47.55347530218918)
2021S051610020003,0,1,0,0,0,0,0,6,6,0,2,0,0,0,0,0,132,132,0.0,1.0,1.0,0.0,1.0,0.0,0.0,298.0,298.0,POINT (-55.25219862269525 47.077113573226136)
2021S051610030001,0,0,0,0,2,0,0,12,12,0,0,0,0,10,0,0,295,295,0.0,0.0,0.0,0.0,10.0,0.0,0.0,631.0,631.0,POINT (-56.39395108219305 48.07843025163938)
2021S051610030002,0,0,0,0,0,0,0,0,0,0,0,0,0,0,0,0,0,0,0.0,0.0,0.0,0.0,2.0,0.0,0.0,46.0,46.0,POINT (-55.693615110744744 47.878552629200854)
2021S051610030003,0,0,0,0,0,0,0,4,4,0,0,0,0,0,0,0,31,31,0.0,0.0,0.0,0.0,0.0,0.0,0.0,274.0,274.0,POINT (-57.86552366005794 47.83022224396506)
2021S051610040001,0,0,0,0,2,0,0,18,18,0,0,0,0,6,0,0,274,274,0.0,0.0,0.0,0.0,28.0,0.0,0.0,381.0,381.0,POINT (-58.53904938472145 48.60039580333414)
2021S051610040002,0,0,0,0,0,0,0,8,8,0,0,0,0,0,0,0,21,21,0.0,0.0,0.0,0.0,0.0,0.0,0.0,60.0,60.0,POINT (-58.56468597817895 48.17770565057481)
2021S051610040003,0,0,0,0,0,0,0,5,5,0,0,0,0,0,0,0,163,163,0.0,0.0,0.0,0.0,6.0,0.0,0.0,71.0,71.0,POINT (-58.57854243012728 48.5523768666752)
2021S051610050001,0,0,0,0,0,1,0,3,3,0,0,0,0,0,1,0,39,39,0.0,0.0,2.0,0.0,4.0,1.0,0.0,94.0,94.0,POINT (-57.71322394732833 48.992595868611254)
2021S051610050002,0,0,0,0,3,0,0,9,9,0,0,0,0,73,0,0,109,109,0.0,0.0,7.0,0.0,76.0,0.0,0.0,171.0,171.0,POINT (-57.06857944339313 49.263195010214396)
2021S051610050004,0,0,0,0,1,0,0,5,5,0,0,0,0,3,0,0,13,13,0.0,0.0,1.0,0.0,11.0,1.0,0.0,93.0,93.0,POINT (-57.86578993613213 48.945347468571974)
2021S051610050006,0,0,0,0,0,0,0,1,1,0,0,0,0,0,0,0,346,346,0.0,0.0,1.0,0.0,15.0,1.0,0.0,145.0,145.0,POINT (-58.172316370795585 49.019501677166915)
2021S051610050008,0,0,0,0,0,0,0,0,0,0,0,0,0,0,0,0,0,0,0.0,0.0,1.0,0.0,6.0,1.0,0.0,44.0,44.0,POINT (-57.89284322131067 48.937622878734985)
2021S051610050009,0,0,0,0,0,0,0,0,0,0,0,0,0,0,0,0,0,0,0.0,0.0,1.0,0.0,4.0,1.0,0.0,24.0,24.0,POINT (-57.94396565211296 48.986520627494464)
2021S051610050010,0,0,1,0,2,0,0,7,7,0,0,3,0,6,0,0,87,87,0.0,0.0,1.0,0.0,19.0,1.0,0.0,242.0,242.0,POINT (-57.97405417162579 48.912535400713985)
2021S051610050011,0,0,0,0,0,0,0,1,1,0,0,0,0,0,0,0,36,36,0.0,0.0,1.0,0.0,4.0,1.0,0.0,22.0,22.0,POINT (-58.101932330385004 49.05318769155701)
2021S051610060001,0,0,1,0,1,0,0,3,3,0,0,3,0,3,0,0,11,11,0.0,0.0,57.0,0.0,57.0,0.0,0.0,72.0,72.0,POINT (-56.55280148332646 48.70071085816526)
2021S051610060002,0,1,0,0,1,0,0,3,3,0,37,0,0,3,0,0,43,43,0.0,6.0,1.0,0.0,4.0,0.0,0.0,117.0,117.0,POINT (-54.59336177531689 48.95305715213384)
2021S051610060004,0,0,0,0,0,0,0,0,0,0,0,0,0,0,0,0,0,0,0.0,1.0,1.0,0.0,3.0,0.0,0.0,103.0,103.0,POINT (-55.679792491769746 48.96865505946553)
2021S051610060005,0,1,0,0,0,0,0,6,6,0,5,0,0,0,0,0,41,41,0.0,4.0,0.0,0.0,0.0,0.0,0.0,15.0,15.0,POINT (-55.53316249073199 48.77847592556924)
2021S051610062000,0,0,0,0,0,0,0,0,0,0,0,0,0,0,0,0,0,0,0.0,1.0,1.0,0.0,2.0,0.0,0.0,12.0,12.0,POINT (-54.96852180625378 48.731437758173904)
2021S051610070001,0,1,1,0,2,0,0,10,10,0,1,1,0,18,0,0,187,187,0.0,1.0,1.0,0.0,12.0,0.0,0.0,165.0,165.0,POINT (-54.55863435970391 48.53796174651995)
2021S051610070002,0,1,1,0,0,0,0,8,8,0,1,1,0,0,0,0,384,384,0.0,2.0,2.0,0.0,45.0,0.0,0.0,360.0,360.0,POINT (-53.13588927746223 48.552014900886185)
2021S051610070003,0,1,1,0,4,0,0,14,14,0,2,3,0,116,0,0,360,360,0.0,2.0,2.0,0.0,26.0,0.0,0.0,277.0,277.0,POINT (-53.90287686705962 48.27577944183364)
2021S051610070004,1,1,1,0,2,1,0,9,9,16,16,16,0,8,1,0,36,36,3.0,4.0,5.0,0.0,21.0,36.0,0.0,173.0,173.0,POINT (-53.94807736264831 48.07477171122845)
2021S051610070005,0,0,0,0,1,0,0,12,12,0,0,0,0,3,0,0,478,478,0.0,0.0,0.0,0.0,2.0,0.0,0.0,418.0,418.0,POINT (-53.88750741226523 49.09481568474344)
2021S051610080001,0,0,0,0,1,0,0,15,15,0,0,0,0,3,0,0,220,220,0.0,0.0,0.0,0.0,6.0,0.0,0.0,333.0,333.0,POINT (-54.229534537382506 49.24292447916725)
2021S051610080002,0,0,1,0,1,0,0,8,8,0,0,7,0,7,0,0,40,40,0.0,0.0,3.0,0.0,33.0,0.0,0.0,170.0,170.0,POINT (-56.45804447560163 49.70639200036143)
2021S051610080003,0,0,0,0,1,0,0,3,3,0,0,0,0,75,0,0,81,81,0.0,0.0,0.0,0.0,20.0,0.0,0.0,223.0,223.0,POINT (-54.73592218835874 49.6427280486669)
2021S051610080004,0,0,0,0,3,0,0,21,21,0,0,0,0,7,0,0,368,368,0.0,0.0,0.0,0.0,6.0,0.0,0.0,424.0,424.0,POINT (-55.489383386523315 49.304069369315414)
2021S051610080005,0,0,0,0,1,0,0,4,4,0,0,0,0,7,0,0,236,236,0.0,0.0,0.0,0.0,17.0,0.0,0.0,138.0,138.0,POINT (-54.741322135092965 49.273461436033756)
2021S051610090001,0,0,0,0,0,0,0,34,34,0,0,0,0,0,0,0,458,458,0.0,0.0,0.0,0.0,0.0,0.0,0.0,558.0,558.0,POINT (-56.51442922869643 50.95495709166574)
2021S051610090002,0,1,1,0,0,0,0,8,8,0,1,1,0,0,0,0,176,176,0.0,1.0,1.0,0.0,0.0,0.0,0.0,270.0,270.0,POINT (-57.5055376020375 50.05752807267907)
2021S051610100001,0,0,0,0,0,0,0,0,0,0,0,0,0,0,0,0,0,0,0.0,0.0,0.0,0.0,0.0,0.0,0.0,0.0,0.0,POINT (-62.8207479639038 55.31281271487929)
2021S051610100002,0,0,0,0,0,0,0,0,0,0,0,0,0,0,0,0,0,0,0.0,0.0,0.0,0.0,0.0,0.0,0.0,0.0,0.0,POINT (-61.14122639573118 55.91620339801479)
2021S051610100003,0,0,0,0,0,0,0,0,0,0,0,0,0,0,0,0,0,0,0.0,0.0,0.0,0.0,0.0,0.0,0.0,13.0,13.0,POINT (-57.70648479549369 53.064303969196764)
2021S051610100004,0,1,1,0,0,0,0,10,10,0,1,1,0,0,0,0,473,473,0.0,1.0,1.0,0.0,0.0,0.0,0.0,434.0,434.0,POINT (-62.7499198432037 53.370716847363774)
2021S051610100005,0,0,0,0,0,0,0,1,1,0,0,0,0,0,0,0,48,48,0.0,0.0,0.0,0.0,0.0,0.0,0.0,26.0,26.0,POINT (-56.99422014780664 53.70239212429525)
2021S051610100006,0,0,0,0,0,0,0,1,1,0,0,0,0,0,0,0,2,2,0.0,0.0,0.0,0.0,0.0,0.0,0.0,16.0,16.0,POINT (-56.137167585933554 52.76335425807338)
2021S051610100007,0,0,0,0,0,0,0,1,1,0,0,0,0,0,0,0,3,3,0.0,0.0,0.0,0.0,0.0,0.0,0.0,22.0,22.0,POINT (-55.71170706206399 52.37455957291518)
2021S051610100008,0,0,0,0,0,0,0,1,1,0,0,0,0,0,0,0,1,1,0.0,0.0,0.0,0.0,0.0,0.0,0.0,4.0,4.0,POINT (-56.33209880526547 52.54241712291567)
2021S051610100009,0,0,0,0,0,0,0,1,1,0,0,0,0,0,0,0,48,48,0.0,0.0,0.0,0.0,0.0,0.0,0.0,42.0,42.0,POINT (-55.84466426160847 52.28128533278157)
2021S051610100010,0,0,0,0,0,0,0,0,0,0,0,0,0,0,0,0,0,0,0.0,0.0,0.0,0.0,0.0,0.0,0.0,14.0,14.0,POINT (-60.144751344112414 53.53964719784053)
2021S051610100011,0,0,0,0,0,0,0,0,0,0,0,0,0,0,0,0,0,0,0.0,0.0,0.0,0.0,0.0,0.0,0.0,22.0,22.0,POINT (-60.120573551335774 53.4978801400089)
2021S051610100012,0,1,0,0,0,0,0,5,5,0,2,0,0,0,0,0,82,82,0.0,2.0,1.0,0.0,0.0,0.0,0.0,101.0,101.0,POINT (-60.455834875715475 53.33169341555427)
2021S051610110001,0,0,0,0,0,0,0,0,0,0,0,0,0,0,0,0,0,0,0.0,0.0,0.0,0.0,0.0,0.0,0.0,0.0,0.0,POINT (-62.55700387382296 57.822108810269874)
2021S051610110002,0,0,0,0,0,0,0,1,1,0,0,0,0,0,0,0,3,3,0.0,0.0,0.0,0.0,0.0,0.0,0.0,10.0,10.0,POINT (-61.765588568341414 56.52656153002799)
2021S051610110003,0,0,0,0,0,0,0,0,0,0,0,0,0,0,0,0,0,0,0.0,0.0,0.0,0.0,0.0,0.0,0.0,0.0,0.0,POINT (-59.9987675254304 54.738931640228756)
2021S051610110004,0,0,0,0,0,0,0,0,0,0,0,0,0,0,0,0,0,0,0.0,0.0,0.0,0.0,0.0,0.0,0.0,0.0,0.0,POINT (-60.22529198333657 55.45957210787992)
2021S051610110005,0,0,0,0,0,0,0,0,0,0,0,0,0,0,0,0,0,0,0.0,0.0,0.0,0.0,0.0,0.0,0.0,0.0,0.0,POINT (-59.1854187384139 55.08842152917623)
2021S051610110006,0,0,0,0,0,0,0,0,0,0,0,0,0,0,0,0,0,0,0.0,0.0,0.0,0.0,0.0,0.0,0.0,0.0,0.0,POINT (-59.782869121869844 54.911112571322874)
2021S051610110007,0,0,0,0,0,0,0,0,0,0,0,0,0,0,0,0,0,0,0.0,0.0,0.0,0.0,0.0,0.0,0.0,0.0,0.0,POINT (-58.444656305299475 54.18120734643711)
2021S051611010003,0,0,0,0,0,0,0,0,0,0,0,0,0,0,0,0,0,0,0.0,0.0,0.0,0.0,0.0,0.0,0.0,0.0,0.0,POINT (-62.705739462360555 46.357708659555655)
2021S051611010005,0,0,0,0,1,0,0,83,83,0,0,0,0,3,0,0,292,292,11.0,13.0,14.0,0.0,4.0,1.0,8.0,386.0,386.0,POINT (-62.35875294927369 46.39211088734303)
2021S051611010006,3,4,3,0,1,1,1,92,92,28,55,72,0,15,3,21,801,801,20.0,24.0,28.0,0.0,7.0,1.0,16.0,463.0,463.0,POINT (-62.66411174368014 46.30564282929351)
2021S051611010007,1,0,1,0,0,0,0,27,27,3,0,3,0,0,0,0,134,134,11.0,12.0,14.0,0.0,3.0,1.0,7.0,268.0,268.0,POINT (-62.63511613536592 46.05301116919922)
2021S051611010008,0,0,0,0,0,0,0,2,2,0,0,0,0,0,0,0,6,6,4.0,7.0,6.0,1.0,4.0,2.0,2.0,67.0,67.0,POINT (-62.79969899308965 46.348013833994806)
2021S051611020004,0,0,0,0,0,0,0,0,0,0,0,0,0,0,0,0,0,0,0.0,0.0,0.0,0.0,0.0,0.0,0.0,18.0,18.0,POINT (-62.90617918315332 46.36072709064499)
2021S051611020006,0,2,3,1,0,3,0,7,8,0,4,39,2,0,40,0,62,97,14.0,28.0,32.0,1.0,5.0,8.0,5.0,137.0,142.0,POINT (-63.117437248353674 46.27935920725307)
2021S051611020007,0,0,0,0,1,0,0,7,7,0,0,0,0,2,0,0,38,38,12.0,26.0,28.0,1.0,5.0,7.0,4.0,128.0,132.0,POINT (-63.113984644697815 46.25853734464514)
2021S051611020008,0,1,0,0,0,0,0,11,11,0,5,0,0,0,0,0,24,24,11.0,23.0,25.0,1.0,5.0,7.0,4.0,104.0,108.0,POINT (-63.13484843449378 46.25449010247011)
2021S051611020009,2,4,3,0,0,1,0,15,15,30,17,35,0,0,4,0,239,239,17.0,33.0,38.0,1.0,6.0,9.0,6.0,150.0,156.0,POINT (-63.168478041468276 46.25730744108208)
2021S051611020011,0,0,0,0,0,0,0,0,0,0,0,0,0,0,0,0,0,0,0.0,0.0,0.0,0.0,0.0,0.0,0.0,0.0,0.0,POINT (-63.14278753453788 46.203367270171434)
2021S051611020012,2,3,2,0,1,0,1,29,29,40,28,27,0,6,0,35,208,208,10.0,19.0,21.0,1.0,6.0,5.0,4.0,194.0,196.0,POINT (-62.80577317518475 46.12810276323723)
2021S051611020013,1,2,3,1,1,1,0,48,48,11,13,16,2,3,2,0,152,152,12.0,25.0,28.0,1.0,6.0,6.0,5.0,234.0,237.0,POINT (-63.058770302169044 46.38128060958366)
2021S051611020014,1,2,2,0,0,0,0,35,35,1,3,3,0,0,0,0,341,341,9.0,30.0,19.0,1.0,6.0,8.0,1.0,229.0,233.0,POINT (-63.54170869352037 46.503530498680604)
2021S051611020015,0,0,0,0,0,0,0,10,10,0,0,0,0,0,0,0,27,27,6.0,21.0,17.0,1.0,4.0,5.0,1.0,159.0,161.0,POINT (-63.39977766163988 46.41628035783675)
2021S051611020016,0,3,2,0,3,0,0,14,14,0,5,2,0,5,0,0,34,34,15.0,29.0,34.0,1.0,6.0,7.0,7.0,217.0,221.0,POINT (-63.03506449203247 46.23711517607789)
2021S051611020017,2,4,1,1,1,1,0,14,14,2,5,2,2,3,2,0,37,37,14.0,37.0,31.0,1.0,6.0,7.0,6.0,222.0,226.0,POINT (-63.31059172509622 46.22300677239756)
2021S051611020018,0,1,1,0,0,0,0,5,5,0,92,92,0,0,0,0,108,108,7.0,16.0,15.0,1.0,5.0,5.0,2.0,85.0,87.0,POINT (-63.1827272619067 46.314490123488014)
2021S051611030003,0,0,0,0,0,0,0,6,6,0,0,0,0,0,0,0,90,90,3.0,5.0,5.0,1.0,2.0,3.0,1.0,49.0,50.0,POINT (-63.848249246790594 46.61078604681158)
2021S051611030005,1,2,4,1,2,2,0,59,59,3,7,24,3,17,5,0,603,603,13.0,8.0,25.0,2.0,16.0,9.0,0.0,706.0,711.0,POINT (-64.08649516237278 46.90458551600455)
2021S051611030006,2,1,3,0,3,1,0,48,49,18,5,15,0,9,7,0,313,320,12.0,83.0,25.0,0.0,23.0,25.0,0.0,418.0,438.0,POINT (-63.97387557329938 46.538053937130776)
2021S051611030007,2,4,3,1,1,1,1,50,50,10,86,13,3,3,3,9,656,656,8.0,53.0,22.0,1.0,18.0,12.0,2.0,522.0,535.0,POINT (-63.670607570980856 46.402030880933765)
2021S051611031110,1,2,1,0,2,2,0,20,21,7,168,35,0,38,45,0,316,351,18.0,126.0,34.0,2.0,25.0,27.0,5.0,566.0,586.0,POINT (-63.886868792164776 46.465040300917096)
2021S051612010001,0,3,1,1,1,3,0,68,68,0,14,2,2,19,14,0,701,701,0.0,11.0,2.0,2.0,14.0,11.0,0.0,624.0,624.0,POINT (-65.28223443641197 43.852956804578746)
2021S051612010002,2,2,4,2,1,1,0,207,208,42,12,50,42,3,3,0,1068,1071,33.0,12.0,37.0,34.0,9.0,7.0,0.0,1125.0,1126.0,POINT (-65.5613017553395 43.67984700886028)
2021S051612020001,2,1,2,2,1,0,0,185,185,69,2,69,69,7,0,0,1147,1147,39.0,7.0,43.0,39.0,4.0,2.0,0.0,829.0,831.0,POINT (-65.70033262918194 43.94271791002181)
2021S051612020002,0,0,0,0,2,0,0,113,113,0,0,0,0,17,0,0,419,419,18.0,7.0,20.0,11.0,13.0,4.0,7.0,515.0,518.0,POINT (-66.04783539234884 43.94251506561624)
2021S051612020003,2,1,3,1,1,2,1,36,38,86,7,45,35,3,10,51,379,389,21.0,2.0,16.0,14.0,5.0,2.0,7.0,200.0,202.0,POINT (-66.10615178976326 43.83693037800481)
2021S051612020004,0,0,0,0,0,0,0,1,1,0,0,0,0,0,0,0,21,21,2.0,2.0,2.0,1.0,2.0,1.0,1.0,34.0,35.0,POINT (-66.08315370033797 43.83532509331731)
2021S051612030001,1,4,4,0,3,2,1,80,81,2,33,36,0,50,21,2,496,511,2.0,36.0,38.0,0.0,53.0,23.0,2.0,512.0,528.0,POINT (-65.63819586334836 44.39692815261464)
2021S051612030002,0,0,0,0,0,0,0,0,0,0,0,0,0,0,0,0,0,0,0.0,0.0,0.0,0.0,1.0,0.0,0.0,16.0,16.0,POINT (-65.6201729405483 44.5490504125477)
2021S051612030003,0,0,2,0,4,0,0,78,78,0,0,4,0,12,0,0,981,981,0.0,0.0,3.0,0.0,13.0,0.0,0.0,531.0,531.0,POINT (-65.98942662416972 44.19261102216107)
2021S051612040001,1,1,1,1,4,0,0,29,29,3,5,3,3,149,0,0,392,392,2.0,6.0,2.0,2.0,79.0,0.0,0.0,417.0,417.0,POINT (-64.98313668842259 44.18132217530543)
2021S051612040002,0,0,0,0,0,0,0,0,0,0,0,0,0,0,0,0,0,0,0.0,0.0,0.0,0.0,0.0,0.0,0.0,0.0,0.0,POINT (-64.92034438932706 44.354744959825126)
2021S051612040003,0,0,0,0,0,0,0,0,0,0,0,0,0,0,0,0,0,0,0.0,0.0,0.0,0.0,0.0,0.0,0.0,0.0,0.0,POINT (-64.99765870165272 44.16737450785852)
2021S051612040004,0,0,0,0,0,0,0,0,0,0,0,0,0,0,0,0,0,0,0.0,0.0,0.0,0.0,0.0,0.0,0.0,0.0,0.0,POINT (-64.84187914441286 44.2685624426995)
2021S051612050001,1,3,2,0,2,0,0,23,23,3,10,7,0,4,0,0,132,132,151.0,9.0,7.0,2.0,17.0,2.0,0.0,399.0,399.0,POINT (-65.14879881385255 44.90692156572783)
2021S051612050002,0,1,0,0,4,0,0,42,42,0,5,0,0,22,0,0,308,308,153.0,8.0,6.0,3.0,57.0,2.0,0.0,490.0,490.0,POINT (-65.25616277621775 44.674563912693614)
2021S051612050003,0,0,0,0,0,0,0,0,0,0,0,0,0,0,0,0,0,0,0.0,0.0,0.0,0.0,0.0,0.0,0.0,0.0,0.0,POINT (-65.50194470932202 44.70566854204943)
2021S051612050004,0,0,0,0,0,0,0,0,0,0,0,0,0,0,0,0,0,0,0.0,0.0,0.0,0.0,0.0,0.0,0.0,0.0,0.0,POINT (-65.60731181255306 44.55144011779752)
2021S051612060001,1,1,3,0,5,0,1,27,27,22,4,27,0,14,0,22,186,186,12.0,9.0,16.0,2.0,26.0,6.0,9.0,287.0,291.0,POINT (-64.34330372101289 44.67854218153766)
2021S051612060002,0,0,0,0,0,0,0,0,0,0,0,0,0,0,0,0,0,0,0.0,0.0,0.0,0.0,0.0,0.0,0.0,0.0,0.0,POINT (-64.41521041472593 44.843311093484125)
2021S051612060003,0,0,0,0,0,0,0,0,0,0,0,0,0,0,0,0,0,0,0.0,0.0,0.0,0.0,0.0,0.0,0.0,0.0,0.0,POINT (-64.4355980596509 44.79467334032828)
2021S051612060005,0,0,0,0,0,0,0,0,0,0,0,0,0,0,0,0,0,0,0.0,0.0,0.0,0.0,0.0,0.0,0.0,0.0,0.0,POINT (-64.34173667734328 44.55703522743035)
2021S051612060007,0,0,1,0,2,2,0,7,7,0,0,1,0,3,31,0,40,40,11.0,13.0,9.0,1.0,5.0,5.0,1.0,48.0,50.0,POINT (-64.38727036823165 44.45229674790017)
2021S051612060008,2,2,0,0,0,0,0,14,14,3,5,0,0,0,0,0,29,29,56.0,38.0,15.0,2.0,32.0,10.0,0.0,267.0,271.0,POINT (-64.49862320079734 44.25238652490975)
2021S051612060009,0,2,1,0,0,1,0,10,10,0,268,33,0,0,3,0,683,683,23.0,21.0,12.0,1.0,9.0,7.0,1.0,112.0,115.0,POINT (-64.32455542961834 44.37761886314498)
2021S051612060010,4,4,2,0,0,0,0,10,10,544,40,26,0,0,0,0,748,748,128.0,82.0,24.0,1.0,26.0,17.0,0.0,346.0,353.0,POINT (-64.53125107147262 44.382938773409734)
2021S051612060011,0,1,1,1,14,2,0,29,29,0,2,2,2,80,4,0,128,128,0.0,15.0,15.0,15.0,553.0,29.0,0.0,657.0,657.0,POINT (-64.69681117315658 44.48371022477504)
2021S051612060012,0,1,2,0,4,2,0,20,22,0,26,29,0,29,29,0,116,145,100.0,70.0,25.0,2.0,50.0,14.0,4.0,455.0,461.0,POINT (-64.4197067871577 44.371033212760246)
2021S051612070001,2,1,1,1,2,1,2,46,47,7,6,6,3,5,6,7,391,397,109.0,20.0,16.0,4.0,19.0,8.0,2.0,444.0,448.0,POINT (-64.44928703982168 45.19267588143945)
2021S051612070003,0,0,0,0,2,0,0,33,33,0,0,0,0,16,0,0,258,258,108.0,20.0,18.0,4.0,18.0,6.0,2.0,405.0,408.0,POINT (-64.82686894941648 45.085602337868)
2021S051612070004,0,0,0,0,0,0,0,0,0,0,0,0,0,0,0,0,0,0,0.0,0.0,0.0,0.0,0.0,0.0,0.0,0.0,0.0,POINT (-64.23772541588842 45.04162879816516)
2021S051612070005,0,3,3,2,0,3,0,6,7,0,15,11,8,0,11,0,28,31,78.0,11.0,11.0,4.0,24.0,7.0,5.0,293.0,296.0,POINT (-64.48961967980287 44.953467516475854)
2021S051612070006,0,1,0,0,2,0,0,9,9,0,3,0,0,3,0,0,358,358,63.0,7.0,7.0,3.0,11.0,4.0,2.0,171.0,173.0,POINT (-64.50593182642807 45.0698256518345)
2021S051612070007,2,3,4,1,5,1,0,26,26,530,11,12,4,10,4,0,760,760,156.0,8.0,6.0,2.0,18.0,2.0,0.0,360.0,360.0,POINT (-64.76085715526604 44.8876638993738)
2021S051612070008,0,0,0,0,0,0,0,0,0,0,0,0,0,0,0,0,0,0,14.0,5.0,6.0,2.0,7.0,3.0,1.0,65.0,67.0,POINT (-64.65019056464145 45.068116651752256)
2021S051612070009,0,0,0,0,2,0,0,5,5,0,0,0,0,11,0,0,36,36,42.0,6.0,7.0,3.0,9.0,4.0,1.0,109.0,111.0,POINT (-64.73792121091601 45.04948204223752)
2021S051612070902,0,0,0,0,1,0,0,28,28,0,0,0,0,15,0,0,335,335,66.0,11.0,10.0,3.0,14.0,6.0,5.0,329.0,332.0,POINT (-64.3459277803448 45.02654781782079)
2021S051612080006,0,1,1,0,1,1,0,6,6,0,2,2,0,15,4,0,32,32,18.0,56.0,20.0,1.0,20.0,15.0,1.0,154.0,164.0,POINT (-63.80452410863023 44.93703029879899)
2021S051612080007,0,0,0,0,2,0,0,12,12,0,0,0,0,6,0,0,20,20,0.0,0.0,0.0,0.0,205.0,0.0,0.0,219.0,219.0,POINT (-63.74440981945967 45.19402808385641)
2021S051612080008,0,0,0,0,0,0,0,2,2,0,0,0,0,0,0,0,4,4,3.0,30.0,8.0,1.0,16.0,6.0,0.0,77.0,79.0,POINT (-63.486311637120494 45.08485527142966)
2021S051612080009,1,5,5,1,3,4,0,22,23,2,246,53,2,82,41,0,407,442,42.0,154.0,45.0,2.0,67.0,101.0,0.0,399.0,423.0,POINT (-63.54708324576176 45.04600727545055)
2021S051612080111,2,4,3,1,6,3,0,34,36,5,11,6,2,30,9,0,333,339,13.0,11.0,18.0,2.0,36.0,9.0,10.0,344.0,348.0,POINT (-64.00381643919972 44.955474226408974)
2021S051612082001,1,1,0,0,0,1,0,5,5,2,2,0,0,0,8,0,15,15,3.0,5.0,3.0,1.0,8.0,4.0,0.0,73.0,75.0,POINT (-64.131738845851 44.98361552584136)
2021S051612090002,0,0,0,0,0,0,0,0,0,0,0,0,0,0,0,0,0,0,0.0,0.0,0.0,0.0,0.0,0.0,0.0,0.0,0.0,POINT (-59.79739686790765 43.9538548056845)
2021S051612090003,0,0,0,0,0,0,0,0,0,0,0,0,0,0,0,0,0,0,0.0,0.0,0.0,0.0,0.0,0.0,0.0,0.0,0.0,POINT (-62.7600412755764 45.02215704872377)
2021S051612090004,0,0,0,0,0,0,0,0,0,0,0,0,0,0,0,0,0,0,0.0,0.0,0.0,0.0,0.0,0.0,0.0,0.0,0.0,POINT (-62.522085851571 44.91674603801633)
2021S051612090005,1,2,1,0,4,1,0,13,13,12,383,1,0,150,3,0,560,560,27.0,62.0,38.0,3.0,24.0,44.0,0.0,227.0,248.0,POINT (-63.40547969689206 44.89141405260806)
2021S051612090006,0,2,1,2,1,1,0,5,5,0,13,8,14,1,8,0,22,22,5.0,56.0,5.0,3.0,35.0,22.0,0.0,170.0,170.0,POINT (-63.24134093201092 44.75019306217532)
2021S051612090009,0,1,2,0,0,1,0,3,4,0,2,77,0,0,75,0,9,84,28.0,77.0,47.0,4.0,26.0,39.0,0.0,223.0,252.0,POINT (-63.596415191338565 44.85079617493463)
2021S051612090010,1,3,3,1,1,1,0,11,11,5,9,9,2,15,2,0,37,37,29.0,64.0,41.0,4.0,24.0,41.0,0.0,248.0,272.0,POINT (-63.415310322408814 44.74135215808805)
2021S051612090011,0,0,0,0,0,0,0,4,4,0,0,0,0,0,0,0,12,12,23.0,44.0,29.0,2.0,14.0,23.0,0.0,154.0,170.0,POINT (-63.4809145100591 44.68476176268926)
2021S051612090012,0,1,1,1,1,1,0,5,5,0,2,2,2,15,2,0,22,22,24.0,55.0,34.0,2.0,20.0,24.0,0.0,151.0,172.0,POINT (-63.74847708625038 44.822587342811794)
2021S051612090013,1,1,1,0,2,0,0,4,4,84,84,84,0,19,0,0,104,104,23.0,54.0,32.0,2.0,19.0,25.0,0.0,177.0,195.0,POINT (-63.65712634886262 44.76848387857359)
2021S051612090014,4,7,1,0,1,3,0,14,15,116,188,26,0,3,69,0,195,221,39.0,105.0,61.0,4.0,36.0,48.0,0.0,326.0,367.0,POINT (-63.77826261484272 44.753798799047345)
2021S051612090015,0,0,0,0,0,0,0,0,0,0,0,0,0,0,0,0,0,0,24.0,60.0,35.0,2.0,20.0,25.0,0.0,169.0,189.0,POINT (-63.70417493872103 44.78972593884579)
2021S051612090016,0,0,0,0,0,0,0,1,1,0,0,0,0,0,0,0,1,1,28.0,75.0,45.0,4.0,24.0,36.0,0.0,225.0,252.0,POINT (-63.68330838970296 44.78051980161808)
2021S051612090019,0,0,0,0,0,0,0,0,0,0,0,0,0,0,0,0,0,0,22.0,43.0,26.0,2.0,15.0,21.0,0.0,148.0,162.0,POINT (-63.68899066865664 44.76551113816307)
2021S051612090022,0,0,0,0,0,0,0,0,0,0,0,0,0,0,0,0,0,0,28.0,58.0,39.0,4.0,19.0,29.0,0.0,195.0,217.0,POINT (-63.505778639131414 44.68178513080767)
2021S051612090023,0,0,0,0,0,2,0,3,3,0,0,0,0,0,6,0,7,7,22.0,41.0,26.0,2.0,14.0,21.0,0.0,147.0,161.0,POINT (-63.53827310199692 44.68413137138277)
2021S051612090025,0,0,0,0,0,0,0,0,0,0,0,0,0,0,0,0,0,0,20.0,38.0,23.0,2.0,13.0,19.0,0.0,141.0,152.0,POINT (-63.48570489858418 44.66338631354005)
2021S051612090026,0,0,0,0,0,0,0,0,0,0,0,0,0,0,0,0,0,0,23.0,46.0,28.0,2.0,15.0,22.0,0.0,162.0,177.0,POINT (-63.56411896347023 44.68345167384136)
2021S051612090029,0,1,1,0,3,0,0,5,5,0,101,4,0,49,0,0,153,153,20.0,39.0,22.0,1.0,13.0,18.0,0.0,152.0,164.0,POINT (-63.84491947175438 44.73979716497724)
2021S051612090030,0,0,0,0,0,0,0,2,2,0,0,0,0,0,0,0,4,4,27.0,55.0,36.0,4.0,18.0,26.0,0.0,185.0,204.0,POINT (-63.49000566707729 44.6380637491418)
2021S051612090032,1,3,1,0,0,0,0,6,6,1,7,5,0,0,0,0,75,75,29.0,65.0,41.0,3.0,22.0,30.0,0.0,213.0,237.0,POINT (-63.670218232785935 44.695668869073955)
2021S051612090033,0,0,0,0,0,0,0,0,0,0,0,0,0,0,0,0,0,0,0.0,0.0,0.0,0.0,0.0,0.0,0.0,0.0,0.0,POINT (-63.48318877823609 44.65058324277675)
2021S051612090035,0,3,0,0,1,1,0,8,8,0,63,0,0,15,3,0,115,115,19.0,35.0,23.0,2.0,12.0,18.0,0.0,110.0,121.0,POINT (-63.61649363972157 44.66842880888051)
2021S051612090036,0,1,0,0,0,0,0,5,5,0,7,0,0,0,0,0,367,367,23.0,47.0,29.0,2.0,15.0,23.0,0.0,132.0,148.0,POINT (-63.59876641048031 44.66230929682508)
2021S051612090037,0,0,0,0,0,0,0,7,7,0,0,0,0,0,0,0,14,14,21.0,49.0,34.0,4.0,18.0,26.0,0.0,191.0,211.0,POINT (-63.43914290800339 44.62508481221659)
2021S051612090038,2,3,2,0,0,0,0,8,8,7,30,7,0,0,0,0,56,56,32.0,73.0,43.0,4.0,23.0,35.0,1.0,242.0,268.0,POINT (-64.04248772268325 44.7236604678371)
2021S051612090039,0,2,1,0,0,0,0,9,9,0,9,2,0,0,0,0,54,54,19.0,38.0,23.0,2.0,13.0,19.0,0.0,145.0,156.0,POINT (-63.58671566519454 44.65534186638147)
2021S051612090040,1,3,3,0,2,1,0,23,23,3,28,25,0,24,35,0,138,138,28.0,58.0,39.0,3.0,19.0,29.0,0.0,201.0,223.0,POINT (-63.572823693701714 44.64530615303355)
2021S051612090042,3,6,4,1,1,3,0,13,14,28,107,54,2,4,49,0,151,186,26.0,56.0,36.0,3.0,19.0,27.0,0.0,183.0,203.0,POINT (-63.70039247910669 44.63174093417391)
2021S051612090043,0,0,0,0,0,0,0,0,0,0,0,0,0,0,0,0,0,0,23.0,49.0,31.0,2.0,16.0,24.0,0.0,174.0,191.0,POINT (-63.66818243612437 44.66937059176946)
2021S051612090044,0,1,0,0,1,0,0,2,2,0,15,0,0,1,0,0,16,16,18.0,33.0,20.0,2.0,11.0,16.0,0.0,138.0,147.0,POINT (-63.60511672348593 44.652963091655124)
2021S051612090045,0,2,1,1,0,1,0,3,3,0,9,2,2,0,2,0,10,10,19.0,36.0,23.0,2.0,13.0,19.0,0.0,159.0,170.0,POINT (-63.59744216939559 44.64813279602155)
2021S051612090046,0,1,0,0,0,0,0,4,4,0,2,0,0,0,0,0,10,10,23.0,44.0,28.0,2.0,14.0,22.0,0.0,168.0,183.0,POINT (-63.57253108638661 44.629384952613755)
2021S051612090047,0,0,0,0,0,0,0,1,1,0,0,0,0,0,0,0,3,3,35.0,80.0,49.0,4.0,24.0,39.0,0.0,242.0,272.0,POINT (-63.64314173365854 44.653115477567965)
2021S051612090048,0,0,0,0,0,0,0,2,2,0,0,0,0,0,0,0,2,2,23.0,45.0,28.0,2.0,15.0,22.0,0.0,155.0,170.0,POINT (-63.640450256944554 44.63655457426758)
2021S051612090050,0,1,3,0,3,1,0,23,24,0,5,5,0,4,3,0,159,162,24.0,56.0,34.0,3.0,19.0,27.0,0.0,247.0,267.0,POINT (-63.609396604030806 44.517020519696665)
2021S051612090051,0,0,0,0,0,0,0,7,7,0,0,0,0,0,0,0,17,17,23.0,49.0,30.0,2.0,16.0,23.0,0.0,179.0,195.0,POINT (-63.595739756991996 44.60348390808012)
2021S051612090052,0,0,0,0,0,0,0,1,1,0,0,0,0,0,0,0,2,2,20.0,39.0,24.0,2.0,14.0,20.0,0.0,156.0,168.0,POINT (-63.617896863264406 44.623573884667955)
2021S051612090053,1,1,0,0,1,0,0,7,7,58,58,0,0,1,0,0,79,79,21.0,40.0,25.0,2.0,14.0,20.0,1.0,202.0,214.0,POINT (-63.8267330379593 44.57251302112776)
2021S051612090054,1,1,1,0,0,0,0,6,6,3,3,3,0,0,0,0,16,16,20.0,39.0,24.0,2.0,13.0,20.0,0.0,149.0,161.0,POINT (-63.58696544456348 44.63983460522682)
2021S051612090055,0,0,0,0,0,0,0,0,0,0,0,0,0,0,0,0,0,0,16.0,27.0,17.0,2.0,10.0,14.0,0.0,137.0,143.0,POINT (-63.59993234398018 44.642460241326276)
2021S051612090056,0,0,0,0,0,0,0,1,1,0,0,0,0,0,0,0,2,2,19.0,36.0,23.0,2.0,13.0,19.0,0.0,137.0,148.0,POINT (-63.620856066736394 44.652484051675614)
2021S051612090057,0,0,0,0,0,0,0,2,2,0,0,0,0,0,0,0,4,4,26.0,56.0,36.0,3.0,18.0,27.0,0.0,198.0,218.0,POINT (-63.64904221309869 44.67045100839218)
2021S051612090058,1,0,0,0,0,1,0,4,4,1,0,0,0,0,3,0,8,8,23.0,50.0,32.0,2.0,15.0,25.0,0.0,143.0,161.0,POINT (-63.559183477565185 44.66910526403499)
2021S051612090059,2,7,5,1,1,2,0,15,17,8,68,130,26,4,101,0,371,472,29.0,61.0,41.0,3.0,20.0,30.0,0.0,196.0,220.0,POINT (-63.53931383229862 44.65843930533054)
2021S051612090060,0,0,0,0,0,0,0,1,1,0,0,0,0,0,0,0,1,1,20.0,39.0,24.0,2.0,14.0,20.0,0.0,149.0,161.0,POINT (-63.58975543812418 44.677204733321965)
2021S051612090061,0,0,0,0,0,0,0,2,2,0,0,0,0,0,0,0,4,4,23.0,48.0,31.0,2.0,16.0,24.0,0.0,170.0,187.0,POINT (-63.526517666186145 44.70627714227852)
2021S051612090062,0,1,1,1,0,1,0,6,6,0,2,2,2,0,2,0,24,24,18.0,41.0,32.0,4.0,19.0,31.0,0.0,185.0,204.0,POINT (-63.36045074050557 44.687809103807645)
2021S051612090063,11,22,14,1,8,12,0,64,71,318,479,673,18,200,462,0,1596,2132,29.0,67.0,42.0,4.0,22.0,34.0,0.0,207.0,232.0,POINT (-63.58702332913301 44.705610298872344)
2021S051612090064,1,2,2,0,0,0,0,5,6,3,9,9,0,0,0,0,23,30,23.0,49.0,31.0,2.0,16.0,24.0,0.0,164.0,181.0,POINT (-63.64159983239589 44.73276722872328)
2021S051612090066,1,0,0,0,5,1,0,39,39,2,0,0,0,63,265,0,479,479,4.0,0.0,0.0,0.0,115.0,76.0,0.0,414.0,414.0,POINT (-62.893706995559754 44.96135579874758)
2021S051612090067,0,1,0,0,1,0,0,3,3,0,24,0,0,10,0,0,37,37,26.0,66.0,39.0,3.0,24.0,29.0,0.0,204.0,228.0,POINT (-63.68202265749948 44.88492860780756)
2021S051612090068,1,3,1,0,1,0,0,8,8,6,24,1,0,1,0,0,192,192,30.0,69.0,44.0,4.0,22.0,35.0,0.0,213.0,239.0,POINT (-63.683380451787755 44.716227724049126)
2021S051612090069,1,1,0,0,0,0,0,2,2,3,3,0,0,0,0,0,5,5,23.0,47.0,31.0,3.0,16.0,25.0,0.0,158.0,175.0,POINT (-63.51949270997911 44.665242543687036)
2021S051612090070,0,0,0,0,0,0,0,2,2,0,0,0,0,0,0,0,78,78,22.0,42.0,26.0,2.0,14.0,21.0,0.0,123.0,137.0,POINT (-63.65884204486243 44.65618487549507)
2021S051612092000,0,0,0,0,0,0,0,0,0,0,0,0,0,0,0,0,0,0,0.0,0.0,0.0,0.0,0.0,0.0,0.0,0.0,0.0,POINT (-63.79785106118753 44.731921306472216)
2021S051612100001,2,2,2,1,2,1,0,26,26,62,37,37,2,7,2,0,131,131,23.0,60.0,27.0,1.0,54.0,12.0,0.0,291.0,302.0,POINT (-63.152807607534974 45.54746415612047)
2021S051612100002,1,2,2,0,2,1,0,18,19,5,17,17,0,11,12,0,116,128,13.0,27.0,23.0,1.0,46.0,13.0,0.0,244.0,251.0,POINT (-63.34724885186109 45.482346631213225)
2021S051612100003,1,0,1,0,3,1,0,18,18,15,0,1,0,39,1,0,91,91,22.0,19.0,20.0,0.0,55.0,14.0,0.0,215.0,228.0,POINT (-63.21583338937004 45.25386739732363)
2021S051612100004,0,0,1,0,5,0,0,18,18,0,0,2,0,14,0,0,330,330,0.0,0.0,11.0,0.0,33.0,0.0,0.0,133.0,133.0,POINT (-63.70051545831483 45.47551383161884)
2021S051612100005,0,1,0,0,2,0,0,3,3,0,7,0,0,151,0,0,158,158,13.0,11.0,17.0,1.0,33.0,5.0,0.0,119.0,122.0,POINT (-63.232631386396044 45.37903622390966)
2021S051612100006,0,1,2,0,3,1,0,17,18,0,2,48,0,41,3,0,287,290,21.0,17.0,28.0,1.0,62.0,6.0,0.0,261.0,265.0,POINT (-63.25154857092792 45.338452801783866)
2021S051612100007,0,0,0,0,0,0,0,0,0,0,0,0,0,0,0,0,0,0,0.0,0.0,0.0,0.0,1.0,0.0,0.0,14.0,14.0,POINT (-63.29618234937393 45.331595545050135)
2021S051612100008,0,0,0,0,0,0,0,1,1,0,0,0,0,0,0,0,2,2,4.0,22.0,6.0,1.0,13.0,19.0,0.0,82.0,83.0,POINT (-63.342433551185046 45.13641163133339)
2021S051612110001,1,2,3,0,0,2,0,33,34,2,4,11,0,0,35,0,376,383,2.0,3.0,6.0,0.0,0.0,15.0,0.0,315.0,318.0,POINT (-63.63697780605214 45.69749290547402)
2021S051612110002,0,2,1,0,2,1,0,12,12,0,15,1,0,3,6,0,39,39,0.0,66.0,2.0,0.0,8.0,29.0,0.0,123.0,123.0,POINT (-64.00551333541841 45.8441261420233)
2021S051612110003,1,5,4,1,2,3,0,16,17,58,273,172,39,40,55,0,496,569,34.0,71.0,51.0,7.0,20.0,14.0,0.0,287.0,306.0,POINT (-64.20347712681684 45.8216083507161)
2021S051612110005,4,3,3,0,2,0,0,50,50,141,47,47,0,6,0,0,351,351,258.0,85.0,85.0,0.0,7.0,0.0,0.0,501.0,501.0,POINT (-64.37087749861354 45.50656615846696)
2021S051612120001,2,2,4,0,5,1,0,92,93,8,151,44,0,156,35,0,690,725,35.0,93.0,42.0,2.0,84.0,19.0,0.0,499.0,516.0,POINT (-62.97571670256604 45.65967174346283)
2021S051612120002,0,1,2,1,7,1,0,26,26,0,77,78,77,48,77,0,205,205,219.0,42.0,43.0,32.0,40.0,32.0,0.0,408.0,408.0,POINT (-62.31045895724894 45.52098318703912)
2021S051612120003,0,0,0,0,0,0,0,0,0,0,0,0,0,0,0,0,0,0,0.0,0.0,0.0,0.0,0.0,0.0,0.0,0.0,0.0,POINT (-62.48509754150926 45.62644728456801)
2021S051612120004,0,0,0,0,0,0,0,6,6,0,0,0,0,0,0,0,15,15,0.0,0.0,0.0,0.0,2.0,0.0,0.0,49.0,49.0,POINT (-62.65067419190082 45.67230098851599)
2021S051612120005,1,0,0,0,0,0,0,15,15,3,0,0,0,0,0,0,40,40,332.0,14.0,14.0,0.0,5.0,0.0,0.0,412.0,412.0,POINT (-62.73910619683186 45.474403459682726)
2021S051612120006,2,2,2,0,1,0,0,8,8,542,22,20,0,7,0,0,571,571,84.0,41.0,27.0,12.0,42.0,18.0,0.0,245.0,251.0,POINT (-62.63739377946464 45.58494690388239)
2021S051612120007,1,1,1,0,5,0,0,18,18,2,7,2,0,47,0,0,128,128,91.0,44.0,28.0,13.0,45.0,19.0,0.0,266.0,272.0,POINT (-62.70071185519735 45.561319972943494)
2021S051612130001,2,1,3,1,4,1,0,60,61,6,3,41,3,33,35,0,418,453,4.0,5.0,24.0,2.0,26.0,18.0,0.0,370.0,387.0,POINT (-61.74090217399355 45.284191689514)
2021S051612140001,0,3,3,0,4,1,0,58,58,0,8,8,0,12,1,0,147,147,4.0,6.0,27.0,2.0,29.0,20.0,0.0,358.0,377.0,POINT (-62.07410276115168 45.658653200122345)
2021S051612140002,0,0,1,0,1,1,0,38,39,0,0,3,0,2,3,0,101,104,2.0,17.0,23.0,12.0,17.0,20.0,0.0,231.0,239.0,POINT (-61.808555573193594 45.57963580778613)
2021S051612140003,0,0,0,0,0,0,0,0,0,0,0,0,0,0,0,0,0,0,0.0,0.0,0.0,0.0,1.0,0.0,0.0,21.0,21.0,POINT (-61.80603193604239 45.59316642078307)
2021S051612150001,0,3,6,1,5,1,0,79,79,0,24,30,18,11,18,0,417,417,0.0,8.0,10.0,6.0,9.0,7.0,0.0,279.0,279.0,POINT (-60.89030795482885 46.54814630824725)
2021S051612150002,0,0,0,0,2,1,0,38,38,0,0,0,0,7,3,0,103,103,0.0,6.0,7.0,4.0,8.0,5.0,0.0,274.0,274.0,POINT (-61.26817293332785 46.0423332750264)
2021S051612150003,0,1,0,0,0,0,0,14,14,0,3,0,0,0,0,0,34,34,0.0,84.0,0.0,0.0,0.0,0.0,0.0,145.0,145.0,POINT (-61.31114236073502 45.83228645083976)
2021S051612150004,0,0,0,0,0,0,0,0,0,0,0,0,0,0,0,0,0,0,0.0,0.0,0.0,0.0,2.0,0.0,0.0,39.0,39.0,POINT (-61.1399849591329 45.96236615042393)
2021S051612150005,0,0,0,0,0,0,0,0,0,0,0,0,0,0,0,0,0,0,0.0,0.0,0.0,0.0,0.0,0.0,0.0,0.0,0.0,POINT (-60.964283224363506 45.88367249291965)
2021S051612160001,0,6,6,3,0,5,0,49,51,0,25,25,8,0,23,0,353,368,0.0,15.0,15.0,5.0,0.0,14.0,0.0,283.0,292.0,POINT (-60.74590622229763 45.634433197485315)
2021S051612160002,0,0,0,0,0,0,0,2,2,0,0,0,0,0,0,0,6,6,0.0,0.0,0.0,0.0,0.0,0.0,0.0,15.0,15.0,POINT (-60.76725326771654 45.69226572020111)
2021S051612170013,0,0,0,0,0,0,0,0,0,0,0,0,0,0,0,0,0,0,0.0,0.0,0.0,0.0,1.0,0.0,0.0,20.0,20.0,POINT (-60.189559880310576 46.112644715010504)
2021S051612170014,0,0,0,0,0,0,0,1,1,0,0,0,0,0,0,0,43,43,0.0,4.0,4.0,1.0,5.0,3.0,0.0,84.0,85.0,POINT (-60.625624490973365 45.955788631677414)
2021S051612170015,0,1,0,0,0,0,0,19,19,0,3,0,0,0,0,0,49,49,0.0,7.0,10.0,2.0,11.0,10.0,0.0,132.0,138.0,POINT (-60.23257113370246 46.2447755184921)
2021S051612170016,0,1,0,0,0,1,0,7,7,0,3,0,0,0,2,0,90,90,0.0,7.0,8.0,2.0,8.0,8.0,0.0,98.0,102.0,POINT (-60.25652366559568 46.21517946717431)
2021S051612170017,0,0,0,0,0,0,0,33,33,0,0,0,0,0,0,0,105,105,0.0,7.0,10.0,2.0,11.0,10.0,0.0,155.0,161.0,POINT (-60.37176978974722 46.247931742825195)
2021S051612170018,0,0,0,0,3,0,0,12,12,0,0,0,0,5,0,0,26,26,0.0,6.0,7.0,1.0,7.0,7.0,0.0,77.0,81.0,POINT (-60.49973823362277 46.058218015358726)
2021S051612170019,0,0,0,0,0,0,0,1,1,0,0,0,0,0,0,0,21,21,0.0,4.0,5.0,1.0,6.0,5.0,0.0,56.0,59.0,POINT (-60.16995529044805 46.16231022154777)
2021S051612170020,0,0,0,0,0,0,0,5,5,0,0,0,0,0,0,0,13,13,0.0,6.0,9.0,2.0,9.0,9.0,0.0,79.0,85.0,POINT (-60.16056435604441 46.138240374252725)
2021S051612170021,0,2,0,0,0,0,0,12,12,0,22,0,0,0,0,0,50,50,0.0,6.0,9.0,2.0,8.0,9.0,0.0,71.0,77.0,POINT (-60.17718039688495 46.143403997512515)
2021S051612170022,0,0,0,0,0,0,0,3,3,0,0,0,0,0,0,0,15,15,0.0,5.0,6.0,2.0,7.0,7.0,0.0,59.0,63.0,POINT (-60.178207638754465 46.12009119468731)
2021S051612170023,0,0,0,0,0,0,0,12,12,0,0,0,0,0,0,0,54,54,0.0,4.0,6.0,2.0,6.0,7.0,0.0,62.0,65.0,POINT (-60.082704711584746 46.24883051821656)
2021S051612170024,0,0,1,0,0,0,0,5,5,0,0,4,0,0,0,0,65,65,0.0,7.0,4.0,3.0,2.0,3.0,0.0,44.0,44.0,POINT (-59.97166330829979 46.21014467540264)
2021S051612170025,0,1,1,1,0,1,0,6,6,0,2,2,2,0,2,0,21,21,0.0,6.0,4.0,3.0,6.0,3.0,0.0,73.0,73.0,POINT (-59.98255168770709 46.18862349950424)
2021S051612170026,0,0,0,0,0,0,0,1,1,0,0,0,0,0,0,0,2,2,0.0,3.0,3.0,1.0,5.0,4.0,0.0,42.0,43.0,POINT (-60.01695886892704 46.20963930610951)
2021S051612170027,0,0,0,0,0,0,0,13,13,0,0,0,0,0,0,0,40,40,0.0,5.0,3.0,2.0,5.0,2.0,0.0,85.0,85.0,POINT (-59.9541499796025 46.18257045803076)
2021S051612170028,0,0,1,0,3,1,0,12,13,0,0,75,0,38,75,0,98,173,0.0,7.0,9.0,2.0,9.0,9.0,0.0,77.0,82.0,POINT (-60.24354832413464 46.142311355170605)
2021S051612170029,0,1,1,0,0,0,0,9,10,0,15,15,0,0,0,0,71,86,0.0,5.0,6.0,2.0,7.0,7.0,0.0,64.0,68.0,POINT (-60.23572418784453 46.08714532268298)
2021S051612170030,0,0,0,0,0,1,0,2,2,0,0,0,0,0,1,0,4,4,0.0,4.0,4.0,1.0,5.0,5.0,0.0,34.0,37.0,POINT (-60.19907990900341 46.121907804582975)
2021S051612170032,0,0,0,0,1,0,0,43,43,0,0,0,0,35,0,0,329,329,0.0,5.0,5.0,0.0,10.0,0.0,0.0,273.0,278.0,POINT (-60.23949342102076 45.92057671625945)
2021S051612170033,0,0,0,0,1,0,0,29,29,0,0,0,0,3,0,0,127,127,0.0,6.0,8.0,2.0,9.0,8.0,0.0,142.0,147.0,POINT (-60.00193953871023 46.1257140738717)
2021S051612170034,0,2,1,1,1,1,0,14,14,0,21,18,18,5,18,0,53,53,0.0,5.0,7.0,1.0,7.0,6.0,0.0,87.0,90.0,POINT (-60.1072112517885 46.20565964986922)
2021S051612170035,0,1,0,0,0,0,0,5,5,0,3,0,0,0,0,0,11,11,0.0,7.0,8.0,2.0,7.0,8.0,0.0,78.0,82.0,POINT (-60.41531823541892 45.950492014506644)
2021S051612180001,0,1,2,0,4,1,0,102,102,0,4,5,0,8,3,0,293,293,0.0,8.0,10.0,0.0,14.0,6.0,0.0,350.0,350.0,POINT (-60.59855723776299 46.48043039855177)
2021S051612180002,0,0,0,0,0,0,0,0,0,0,0,0,0,0,0,0,0,0,0.0,4.0,4.0,1.0,4.0,2.0,0.0,47.0,47.0,POINT (-60.91934944286294 46.08104848307656)
2021S051613010001,0,0,0,0,3,0,0,7,7,0,0,0,0,13,0,0,28,28,8.0,16.0,19.0,1.0,7.0,10.0,2.0,64.0,71.0,POINT (-65.43181234207442 45.46847939967979)
2021S051613010002,0,1,0,0,0,0,0,8,8,0,7,0,0,0,0,0,26,26,10.0,24.0,58.0,1.0,26.0,51.0,1.0,126.0,173.0,POINT (-65.79071121841034 45.29690820540584)
2021S051613010012,0,0,0,0,0,0,0,12,12,0,0,0,0,0,0,0,45,45,7.0,16.0,24.0,0.0,21.0,17.0,1.0,106.0,123.0,POINT (-66.35560099687315 45.173792258180924)
2021S051613010013,3,2,1,0,0,0,0,8,8,137,134,104,0,0,0,0,180,180,13.0,29.0,78.0,0.0,40.0,70.0,1.0,167.0,233.0,POINT (-66.0431593594952 45.325199921713335)
2021S051613010014,1,2,4,0,1,4,1,11,14,15,46,164,0,7,131,15,107,232,19.0,46.0,129.0,1.0,84.0,116.0,2.0,278.0,386.0,POINT (-65.93363147865854 45.28537661901231)
2021S051613010015,0,0,2,0,0,1,0,3,5,0,0,554,0,0,547,0,12,566,13.0,28.0,74.0,0.0,48.0,66.0,1.0,175.0,237.0,POINT (-66.08211480594332 45.280271394645254)
2021S051613010016,0,0,0,0,0,0,0,8,8,0,0,0,0,0,0,0,382,382,19.0,45.0,124.0,0.0,69.0,111.0,2.0,255.0,359.0,POINT (-66.02139769232564 45.28969473713234)
2021S051613010017,1,6,2,0,5,1,0,19,19,1,33,19,0,735,60,0,956,956,13.0,29.0,79.0,0.0,52.0,71.0,1.0,179.0,246.0,POINT (-66.05613573363225 45.27364922622153)
2021S051613010018,0,0,0,0,1,0,0,4,4,0,0,0,0,3,0,0,15,15,10.0,19.0,46.0,0.0,21.0,40.0,1.0,105.0,142.0,POINT (-66.07355843147293 45.25530784349486)
2021S051613010019,0,1,1,0,0,1,0,7,8,0,150,348,0,0,348,0,488,836,11.0,24.0,63.0,0.0,36.0,55.0,1.0,141.0,193.0,POINT (-66.1016042835754 45.25575019960865)
2021S051613010020,0,1,1,0,2,0,0,8,8,0,1,1,0,78,0,0,99,99,13.0,28.0,75.0,0.0,62.0,68.0,1.0,191.0,254.0,POINT (-66.19634477170506 45.227963356863484)
2021S051613020001,0,2,1,0,0,0,0,97,98,0,77,75,0,0,0,0,1410,1485,0.0,41.0,40.0,0.0,0.0,4.0,0.0,937.0,977.0,POINT (-66.68462077351099 45.27779713455836)
2021S051613020002,0,2,1,0,1,0,0,73,73,0,22,7,0,3,0,0,828,828,0.0,19.0,6.0,0.0,12.0,12.0,0.0,823.0,825.0,POINT (-66.95595946078215 45.2947070488896)
2021S051613020003,0,0,0,0,0,0,0,8,8,0,0,0,0,0,0,0,53,53,0.0,6.0,5.0,0.0,2.0,1.0,0.0,91.0,94.0,POINT (-66.52619731406368 45.21438627712899)
2021S051613020004,0,3,1,0,1,2,0,16,17,0,13,3,0,15,24,0,277,280,0.0,24.0,16.0,0.0,10.0,8.0,3.0,511.0,512.0,POINT (-67.28001358493626 45.31935489968626)
2021S051613030001,1,2,2,0,4,1,0,7,8,3,6,4,0,10,3,0,23,26,60.0,122.0,75.0,0.0,27.0,62.0,0.0,104.0,166.0,POINT (-66.28747312356457 45.910874065003526)
2021S051613030002,0,0,1,0,2,0,0,9,9,0,0,1,0,4,0,0,22,22,0.0,0.0,10.0,0.0,13.0,0.0,0.0,29.0,29.0,POINT (-66.28869049442363 46.127427989128236)
2021S051613030003,0,0,0,0,0,0,0,2,2,0,0,0,0,0,0,0,9,9,14.0,27.0,20.0,0.0,56.0,15.0,2.0,170.0,181.0,POINT (-66.59061640991516 45.81785850353654)
2021S051613030004,0,0,0,0,0,0,0,1,1,0,0,0,0,0,0,0,6,6,5.0,10.0,8.0,0.0,23.0,9.0,1.0,93.0,98.0,POINT (-66.48133236103902 45.838490051239525)
2021S051613030005,0,0,0,0,0,0,0,0,0,0,0,0,0,0,0,0,0,0,3.0,7.0,5.0,0.0,9.0,5.0,0.0,36.0,38.0,POINT (-66.48179485987706 45.81712473949976)
2021S051613030006,0,0,0,0,1,0,0,2,2,0,0,0,0,303,0,0,309,309,7.0,15.0,13.0,0.0,19.0,7.0,0.0,136.0,142.0,POINT (-66.73036418861727 45.61374254287282)
2021S051613040001,1,0,0,0,7,0,0,29,29,3,0,0,0,381,0,0,456,456,76.0,74.0,78.0,0.0,272.0,14.0,4.0,581.0,581.0,POINT (-65.9115900863734 45.927829136337586)
2021S051613040002,0,0,0,0,0,1,0,2,2,0,0,0,0,0,7,0,9,9,2.0,9.0,6.0,1.0,13.0,4.0,0.0,63.0,65.0,POINT (-66.39875977866255 45.49310101689099)
2021S051613050001,1,1,2,0,10,1,1,52,52,122,122,127,0,75,15,5,479,479,72.0,90.0,73.0,0.0,271.0,9.0,3.0,733.0,733.0,POINT (-65.29611050072386 45.74333655326484)
2021S051613050002,0,4,3,1,5,2,0,45,45,0,39,26,18,25,46,0,436,436,0.0,35.0,24.0,17.0,33.0,40.0,0.0,479.0,479.0,POINT (-65.70011074095719 45.7387751733674)
2021S051613050003,0,1,1,1,1,1,0,4,4,0,4,4,4,3,4,0,13,13,11.0,19.0,26.0,2.0,41.0,16.0,2.0,152.0,161.0,POINT (-65.68792549085585 45.51947080840891)
2021S051613050004,0,0,0,0,0,0,0,2,2,0,0,0,0,0,0,0,5,5,14.0,23.0,46.0,1.0,60.0,35.0,2.0,206.0,236.0,POINT (-66.0166529109027 45.47855879090813)
2021S051613050005,0,2,0,0,2,0,0,10,10,0,10,0,0,10,0,0,37,37,33.0,46.0,52.0,3.0,19.0,25.0,3.0,243.0,258.0,POINT (-65.8271080023552 45.480670583812795)
2021S051613050006,0,0,0,0,1,0,0,2,2,0,0,0,0,3,0,0,4,4,6.0,9.0,7.0,1.0,14.0,3.0,0.0,69.0,69.0,POINT (-66.10971807631638 45.519854570160724)
2021S051613050007,0,0,0,0,0,0,0,3,3,0,0,0,0,0,0,0,27,27,43.0,61.0,140.0,3.0,73.0,111.0,4.0,336.0,428.0,POINT (-65.92213555184301 45.4473157441769)
2021S051613050009,0,0,0,0,0,0,0,0,0,0,0,0,0,0,0,0,0,0,6.0,10.0,9.0,1.0,2.0,5.0,1.0,39.0,42.0,POINT (-65.88233623398705 45.39643351988056)
2021S051613050010,0,1,0,0,1,0,0,7,7,0,7,0,0,7,0,0,45,45,19.0,49.0,127.0,3.0,76.0,116.0,2.0,309.0,412.0,POINT (-65.97923333580229 45.37345607310548)
2021S051613050011,0,0,0,0,0,0,0,2,2,0,0,0,0,0,0,0,21,21,8.0,16.0,25.0,0.0,14.0,18.0,1.0,79.0,97.0,POINT (-66.32687408502248 45.334817987213235)
2021S051613050012,0,0,1,0,1,0,0,1,1,0,0,3,0,3,0,0,3,3,10.0,26.0,59.0,0.0,27.0,49.0,1.0,163.0,212.0,POINT (-66.22744778565824 45.32781945760623)
2021S051613050013,0,0,0,0,0,0,0,0,0,0,0,0,0,0,0,0,0,0,25.0,42.0,130.0,4.0,10.0,110.0,3.0,234.0,335.0,POINT (-65.97726220057483 45.430924781136454)
2021S051613060001,0,0,0,0,1,0,0,1,1,0,0,0,0,3,0,0,3,3,15.0,31.0,27.0,5.0,31.0,18.0,3.0,212.0,224.0,POINT (-64.77593772162717 46.06308036038197)
2021S051613060002,0,2,1,0,2,1,0,7,8,0,18,3,0,18,3,0,45,48,21.0,36.0,33.0,5.0,36.0,20.0,5.0,273.0,286.0,POINT (-64.8030410327198 45.92523180778903)
2021S051613060003,1,1,0,0,1,0,0,7,7,1,3,0,0,3,0,0,23,23,25.0,51.0,45.0,8.0,50.0,32.0,7.0,280.0,302.0,POINT (-64.82730464388632 46.04117899460402)
2021S051613060004,0,1,0,0,0,0,0,13,13,0,35,0,0,0,0,0,82,82,7.0,9.0,10.0,0.0,8.0,3.0,2.0,67.0,69.0,POINT (-64.92612236945963 45.66378823120007)
2021S051613060005,0,0,0,0,0,0,0,4,4,0,0,0,0,0,0,0,30,30,8.0,12.0,14.0,4.0,16.0,5.0,1.0,108.0,111.0,POINT (-65.06514101762622 45.80435509993781)
2021S051613070001,0,2,2,0,3,2,0,76,77,0,50,50,0,18,6,0,1238,1273,59.0,101.0,70.0,11.0,76.0,38.0,9.0,537.0,566.0,POINT (-64.55719290071379 46.1487533775324)
2021S051613070002,2,3,3,0,5,0,0,55,55,40,41,29,0,60,0,0,479,479,20.0,69.0,51.0,1.0,45.0,41.0,14.0,446.0,477.0,POINT (-64.38623070342287 46.16906201204103)
2021S051613070003,0,2,1,0,1,0,0,14,14,0,16,1,0,146,0,0,429,429,28.0,57.0,52.0,8.0,74.0,33.0,8.0,388.0,414.0,POINT (-64.50867926793335 46.157600265313384)
2021S051613070004,0,2,1,0,1,0,0,16,16,0,15,12,0,3,0,0,100,100,15.0,39.0,27.0,2.0,16.0,17.0,5.0,235.0,247.0,POINT (-64.40036069828112 45.93213826592124)
2021S051613070005,0,1,1,1,1,1,0,11,11,0,2,2,2,13,2,0,74,74,27.0,40.0,32.0,5.0,34.0,21.0,4.0,264.0,278.0,POINT (-64.89517579346703 46.22039436708216)
2021S051613070006,0,2,2,0,1,3,0,12,13,0,50,50,0,8,23,0,204,219,26.0,38.0,29.0,5.0,31.0,17.0,4.0,222.0,233.0,POINT (-64.79357837407063 46.141681258716716)
2021S051613070007,1,3,4,0,4,2,1,15,17,24,91,115,0,16,90,24,76,166,17.0,30.0,24.0,3.0,29.0,16.0,3.0,218.0,229.0,POINT (-64.62772442313941 45.99393872227171)
2021S051613070008,0,3,4,1,1,1,0,13,13,0,37,39,2,2,35,0,128,128,25.0,37.0,28.0,5.0,32.0,20.0,3.0,221.0,233.0,POINT (-64.9830770339979 46.1167241068995)
2021S051613070009,1,4,1,0,0,2,1,19,20,71,279,149,0,0,229,71,1062,1211,24.0,47.0,43.0,6.0,58.0,27.0,7.0,349.0,369.0,POINT (-64.69478288537246 46.10699103502534)
2021S051613070010,1,1,1,0,1,0,0,19,19,11,11,11,0,3,0,0,140,140,8.0,28.0,25.0,0.0,31.0,32.0,0.0,275.0,296.0,POINT (-65.1901969239726 46.05864068071893)
2021S051613070014,2,6,5,1,2,3,0,16,18,44,115,92,18,149,60,0,353,395,17.0,33.0,29.0,5.0,32.0,19.0,4.0,210.0,223.0,POINT (-64.73578943429825 46.09884886093731)
2021S051613070015,0,0,0,0,0,0,0,2,2,0,0,0,0,0,0,0,5,5,17.0,33.0,29.0,5.0,32.0,19.0,4.0,216.0,229.0,POINT (-64.80925804270858 46.10721024946651)
2021S051613070017,1,3,1,0,0,0,0,9,9,1,9,1,0,0,0,0,109,109,17.0,33.0,29.0,5.0,32.0,19.0,4.0,221.0,234.0,POINT (-64.78389687279646 46.08334342137622)
2021S051613070019,6,8,11,2,6,4,0,36,42,154,124,169,85,604,28,0,1350,1396,20.0,39.0,36.0,6.0,40.0,24.0,5.0,276.0,292.0,POINT (-64.86123304235743 46.0767619773056)
2021S051613070020,0,0,0,0,0,0,0,0,0,0,0,0,0,0,0,0,0,0,0.0,0.0,0.0,0.0,0.0,0.0,0.0,0.0,0.0,POINT (-64.49606132145554 45.891314439056316)
2021S051613070021,0,1,0,0,1,0,0,9,9,0,35,0,0,3,0,0,64,64,22.0,42.0,38.0,6.0,44.0,25.0,5.0,294.0,311.0,POINT (-64.73992976214967 46.114330819058026)
2021S051613070022,1,0,1,0,0,1,0,5,6,15,0,35,0,0,35,0,33,68,16.0,32.0,28.0,5.0,32.0,18.0,3.0,217.0,229.0,POINT (-64.76879469198573 46.12411430265845)
2021S051613070023,1,1,1,0,0,0,0,3,3,3,3,3,0,0,0,0,9,9,20.0,36.0,33.0,5.0,38.0,21.0,5.0,231.0,245.0,POINT (-64.68172225522542 46.08810264023017)
2021S051613070024,1,2,2,0,0,1,0,5,5,3,4,4,0,0,3,0,20,20,34.0,66.0,55.0,11.0,71.0,38.0,7.0,367.0,393.0,POINT (-64.87175634844031 46.11470838838574)
2021S051613070025,0,0,0,0,0,0,0,1,1,0,0,0,0,0,0,0,1,1,18.0,34.0,32.0,5.0,35.0,21.0,5.0,237.0,251.0,POINT (-64.83691050398279 46.101648503937774)
2021S051613080001,1,2,2,0,9,2,0,220,221,32,152,150,0,179,223,0,1559,1708,172.0,212.0,86.0,17.0,92.0,94.0,0.0,1103.0,1164.0,POINT (-65.22915964760546 46.66264215365656)
2021S051613080002,0,0,0,0,0,0,0,0,0,0,0,0,0,0,0,0,0,0,0.0,0.0,0.0,0.0,1.0,0.0,0.0,18.0,18.0,POINT (-64.79097091975969 46.689879555026465)
2021S051613080003,3,6,5,2,3,1,0,58,58,369,349,41,37,21,4,0,924,924,49.0,76.0,47.0,6.0,48.0,38.0,4.0,495.0,519.0,POINT (-64.82701584989931 46.47154583702455)
2021S051613080004,0,0,0,0,1,0,0,3,3,0,0,0,0,3,0,0,9,9,6.0,10.0,7.0,2.0,8.0,4.0,0.0,133.0,135.0,POINT (-64.9949539758988 46.59168246216749)
2021S051613080005,2,1,3,0,9,2,2,60,61,31,15,43,0,154,22,31,387,402,40.0,65.0,38.0,5.0,36.0,26.0,9.0,417.0,433.0,POINT (-64.69967351361558 46.341240538534855)
2021S051613080006,0,0,0,0,0,0,0,0,0,0,0,0,0,0,0,0,0,0,0.0,0.0,0.0,0.0,1.0,0.0,0.0,20.0,20.0,POINT (-64.75751539467352 46.450756050871675)
2021S051613080007,0,0,0,0,1,0,0,2,2,0,0,0,0,15,0,0,27,27,9.0,14.0,14.0,3.0,8.0,7.0,2.0,106.0,109.0,POINT (-65.0017735166619 46.33770283654902)
2021S051613090001,1,0,3,1,4,1,0,143,144,15,0,23,15,8,7,0,1060,1067,9.0,0.0,14.0,9.0,5.0,4.0,0.0,757.0,761.0,POINT (-65.29579964393534 47.28144978386482)
2021S051613090002,0,0,0,0,0,0,0,0,0,0,0,0,0,0,0,0,0,0,0.0,0.0,0.0,0.0,0.0,0.0,0.0,0.0,0.0,POINT (-65.1486653982036 47.3387276413674)
2021S051613090003,0,0,0,0,2,0,0,23,23,0,0,0,0,6,0,0,68,68,1.0,1.0,4.0,2.0,12.0,2.0,0.0,132.0,133.0,POINT (-65.13477009330336 47.22476552521718)
2021S051613090004,0,1,1,1,8,1,0,19,19,0,8,8,8,40,8,0,123,123,0.0,29.0,29.0,29.0,66.0,29.0,0.0,264.0,264.0,POINT (-66.21826320203881 47.08336434087829)
2021S051613090005,1,1,1,0,2,0,0,10,10,3,3,3,0,6,0,0,29,29,4.0,8.0,71.0,3.0,11.0,75.0,2.0,212.0,276.0,POINT (-65.50218312402488 47.0596681416149)
2021S051613090006,1,4,3,0,1,3,1,17,19,3,39,508,0,15,571,11,324,821,4.0,10.0,65.0,3.0,28.0,66.0,2.0,210.0,266.0,POINT (-65.55119319426201 46.99278531899248)
2021S051613090007,0,0,0,0,0,0,0,0,0,0,0,0,0,0,0,0,0,0,0.0,0.0,0.0,0.0,0.0,0.0,0.0,0.0,0.0,POINT (-65.7894570527073 47.02980586690349)
2021S051613090008,0,0,0,0,0,0,0,0,0,0,0,0,0,0,0,0,0,0,0.0,0.0,0.0,0.0,6.0,0.0,0.0,22.0,22.0,POINT (-65.63390990050205 46.989916757767574)
2021S051613090009,0,2,2,1,5,1,0,12,12,0,14,14,2,165,2,0,191,191,0.0,20.0,20.0,3.0,307.0,3.0,0.0,387.0,387.0,POINT (-66.09107138412625 46.64433225902567)
2021S051613090010,0,0,0,0,0,0,0,0,0,0,0,0,0,0,0,0,0,0,0.0,0.0,0.0,0.0,8.0,0.0,0.0,20.0,20.0,POINT (-65.88413090145848 46.9206584488609)
2021S051613090011,0,0,0,0,0,0,0,0,0,0,0,0,0,0,0,0,0,0,0.0,0.0,0.0,0.0,0.0,0.0,0.0,0.0,0.0,POINT (-65.78093751640134 46.820780741745985)
2021S051613090012,0,0,0,0,0,0,0,0,0,0,0,0,0,0,0,0,0,0,0.0,0.0,0.0,0.0,0.0,0.0,0.0,0.0,0.0,POINT (-65.7940100678165 47.05483586385264)
2021S051613100001,0,0,0,0,1,0,0,2,2,0,0,0,0,3,0,0,4,4,0.0,1.0,0.0,0.0,52.0,0.0,0.0,62.0,62.0,POINT (-66.73377219252554 46.69508682799143)
2021S051613100002,1,1,2,0,2,0,0,10,10,3,3,4,0,36,0,0,157,157,3.0,3.0,5.0,0.0,54.0,15.0,0.0,155.0,155.0,POINT (-66.98675312923956 46.33702328187389)
2021S051613100003,0,0,1,0,3,1,0,7,7,0,0,2,0,19,15,0,45,45,3.0,3.0,5.0,0.0,36.0,14.0,0.0,101.0,101.0,POINT (-66.51569682648109 46.168121348755484)
2021S051613100004,0,0,0,0,1,0,0,11,11,0,0,0,0,15,0,0,72,72,13.0,24.0,26.0,1.0,22.0,14.0,9.0,172.0,181.0,POINT (-67.00134781172707 46.05840625186824)
2021S051613100006,0,0,0,0,1,0,0,1,1,0,0,0,0,3,0,0,3,3,0.0,0.0,0.0,0.0,2.0,0.0,0.0,17.0,17.0,POINT (-66.60338120849187 46.00644935775332)
2021S051613100007,0,1,0,0,3,0,0,7,7,0,15,0,0,52,0,0,86,86,21.0,40.0,30.0,0.0,22.0,21.0,4.0,149.0,166.0,POINT (-66.60340965338818 45.97189362287696)
2021S051613100008,1,3,0,0,0,1,0,5,6,7,49,0,0,0,3,0,48,55,11.0,23.0,17.0,0.0,13.0,12.0,2.0,102.0,111.0,POINT (-66.64504265912477 45.9783948658648)
2021S051613100012,0,2,1,0,1,0,0,5,6,0,42,7,0,3,0,0,42,49,19.0,37.0,27.0,0.0,18.0,19.0,3.0,142.0,157.0,POINT (-66.68609814934452 45.940270736112296)
2021S051613100014,0,0,0,0,0,0,0,1,1,0,0,0,0,0,0,0,3,3,10.0,20.0,15.0,0.0,21.0,11.0,2.0,104.0,112.0,POINT (-66.6800225096413 45.887416476469085)
2021S051613100015,0,0,0,0,0,0,0,0,0,0,0,0,0,0,0,0,0,0,0.0,0.0,0.0,0.0,0.0,0.0,0.0,0.0,0.0,POINT (-66.83473199067068 45.92673493596807)
2021S051613100016,0,2,0,0,2,0,0,7,7,0,6,0,0,38,0,0,50,50,0.0,12.0,0.0,0.0,75.0,0.0,0.0,107.0,107.0,POINT (-66.95318149531245 45.68993512027954)
2021S051613100017,3,6,5,0,2,1,0,10,11,112,123,88,0,14,7,0,143,150,12.0,28.0,22.0,0.0,39.0,14.0,3.0,158.0,169.0,POINT (-66.827865531911 45.87923380383637)
2021S051613100018,0,1,0,0,2,0,0,8,8,0,7,0,0,10,0,0,31,31,22.0,45.0,34.0,0.0,28.0,24.0,4.0,176.0,196.0,POINT (-66.668346311429 45.99640549682278)
2021S051613100020,2,4,0,0,0,2,1,15,15,36,52,0,0,0,4,33,112,112,18.0,35.0,25.0,0.0,22.0,18.0,3.0,141.0,155.0,POINT (-66.65046546819535 45.95848523490669)
2021S051613100021,1,1,0,0,0,0,0,2,2,3,3,0,0,0,0,0,6,6,13.0,28.0,22.0,0.0,19.0,16.0,3.0,122.0,135.0,POINT (-66.66152778287731 45.94771535572987)
2021S051613100022,1,5,5,0,1,5,0,21,24,11,57,159,0,15,153,0,414,559,21.0,40.0,30.0,0.0,52.0,21.0,4.0,193.0,210.0,POINT (-66.6241055209208 45.90552754031109)
2021S051613100023,0,0,0,0,1,0,0,3,3,0,0,0,0,3,0,0,12,12,4.0,9.0,9.0,0.0,6.0,2.0,1.0,68.0,70.0,POINT (-67.14218995543193 45.76104140516792)
2021S051613100024,0,3,3,0,3,0,1,17,17,0,33,31,0,9,0,5,285,285,0.0,16.0,13.0,0.0,15.0,8.0,3.0,284.0,285.0,POINT (-67.42325715751201 45.89379312335203)
2021S051613110001,2,3,4,1,7,2,0,33,33,9,4,11,7,120,50,0,261,261,15.0,7.0,19.0,12.0,167.0,80.0,0.0,342.0,342.0,POINT (-67.29533017248613 46.581781485605994)
2021S051613110002,2,2,4,1,2,2,2,18,18,26,6,134,4,38,39,128,291,291,23.0,5.0,115.0,3.0,33.0,33.0,110.0,245.0,245.0,POINT (-67.40899156036741 46.244284613243636)
2021S051613110003,2,1,3,0,4,0,1,36,36,40,5,27,0,28,0,33,224,224,28.0,4.0,20.0,0.0,21.0,0.0,23.0,150.0,150.0,POINT (-67.69443755234992 46.19068811068011)
2021S051613110004,0,0,0,0,1,0,0,2,2,0,0,0,0,3,0,0,6,6,4.0,4.0,7.0,1.0,5.0,2.0,3.0,43.0,43.0,POINT (-67.59865276458252 46.10206191521358)
2021S051613120001,0,0,0,0,3,0,0,13,13,0,0,0,0,9,0,0,24,24,0.0,0.0,0.0,0.0,8.0,0.0,0.0,45.0,45.0,POINT (-67.55040722801185 47.14848398002271)
2021S051613120002,0,1,0,0,11,0,0,18,18,0,3,0,0,223,0,0,255,255,0.0,4.0,0.0,0.0,253.0,0.0,0.0,289.0,289.0,POINT (-67.14890539833596 46.92249175202045)
2021S051613120003,1,4,1,0,2,0,0,15,15,7,140,7,0,10,0,0,169,169,3.0,46.0,4.0,0.0,114.0,0.0,0.0,191.0,191.0,POINT (-67.76157096245288 47.041415779391286)
2021S051613120004,0,0,0,0,0,0,0,1,1,0,0,0,0,0,0,0,1,1,0.0,0.0,0.0,0.0,1.0,0.0,0.0,7.0,7.0,POINT (-67.68859379359188 46.80272858815276)
2021S051613130003,4,1,2,0,6,1,1,17,18,87,34,50,0,221,35,33,497,532,23.0,28.0,46.0,3.0,117.0,34.0,8.0,369.0,386.0,POINT (-68.36172083895705 47.373770598885926)
2021S051613130004,1,3,2,1,2,1,0,12,12,10,48,33,8,6,8,0,355,355,18.0,25.0,36.0,3.0,119.0,18.0,7.0,305.0,319.0,POINT (-68.24828250218964 47.370839191323306)
2021S051613130005,0,0,0,0,0,0,0,1,1,0,0,0,0,0,0,0,13,13,5.0,6.0,7.0,1.0,5.0,4.0,2.0,30.0,32.0,POINT (-68.30269303963117 47.366899833685984)
2021S051613130008,1,2,6,0,5,3,1,17,19,3,8,68,0,67,45,3,407,449,23.0,28.0,45.0,3.0,122.0,34.0,8.0,377.0,394.0,POINT (-68.73410791192782 47.29900360415475)
2021S051613130009,0,2,2,1,6,2,0,17,17,0,42,42,8,51,11,0,110,110,0.0,31.0,31.0,6.0,277.0,9.0,0.0,360.0,360.0,POINT (-68.05442731074079 47.475409255489495)
2021S051613130010,0,1,1,0,8,0,0,16,16,0,3,3,0,376,0,0,447,447,0.0,19.0,29.0,3.0,356.0,5.0,0.0,446.0,446.0,POINT (-67.83313395860962 47.343989850363585)
2021S051613130011,1,0,0,0,0,0,0,1,1,3,0,0,0,0,0,0,3,3,6.0,6.0,10.0,1.0,22.0,7.0,2.0,69.0,72.0,POINT (-68.6501996327336 47.339435862450664)
2021S051613132000,0,0,0,0,0,0,0,0,0,0,0,0,0,0,0,0,0,0,0.0,0.0,0.0,0.0,0.0,0.0,0.0,0.0,0.0,POINT (-68.17811551138222 47.61337237887483)
2021S051613140001,0,1,1,1,3,1,0,13,13,0,2,2,2,81,2,0,168,168,1.0,4.0,13.0,1.0,97.0,17.0,0.0,275.0,286.0,POINT (-66.3577437892691 47.71802240486901)
2021S051613140003,0,0,1,0,2,2,0,9,9,0,0,15,0,362,9,0,385,385,1.0,2.0,3.0,1.0,17.0,4.0,0.0,91.0,92.0,POINT (-65.97812184945333 47.85869552486764)
2021S051613140004,0,0,0,0,0,0,0,6,6,0,0,0,0,0,0,0,18,18,0.0,0.0,0.0,0.0,3.0,0.0,0.0,22.0,22.0,POINT (-66.38082365814992 48.03252256406181)
2021S051613140005,0,0,0,0,0,0,0,1,1,0,0,0,0,0,0,0,3,3,0.0,0.0,0.0,0.0,3.0,0.0,0.0,22.0,22.0,POINT (-66.39617651803225 48.036355512828926)
2021S051613140006,0,2,0,0,0,0,0,2,2,0,14,0,0,0,0,0,14,14,0.0,21.0,1.0,1.0,61.0,4.0,0.0,181.0,181.0,POINT (-66.65730071815831 47.99418015994191)
2021S051613140007,0,1,2,0,21,0,0,44,44,0,7,34,0,630,0,0,735,735,0.0,6.0,19.0,0.0,490.0,0.0,0.0,599.0,599.0,POINT (-67.49735169630603 47.82340606900672)
2021S051613140008,0,0,0,0,0,1,0,2,2,0,0,0,0,0,3,0,6,6,0.0,8.0,1.0,1.0,13.0,3.0,0.0,56.0,56.0,POINT (-66.56350836221503 48.01207235031259)
2021S051613140009,0,1,0,0,8,0,0,15,15,0,4,0,0,28,0,0,242,242,0.0,3.0,1.0,1.0,85.0,3.0,0.0,237.0,237.0,POINT (-66.76553991140447 47.69370968412867)
2021S051613150001,3,4,4,1,1,1,0,277,278,13,15,13,2,3,2,0,1624,1631,11.0,29.0,34.0,1.0,24.0,59.0,0.0,1409.0,1419.0,POINT (-64.6288325810058 47.815819233275015)
2021S051613150002,0,1,2,0,2,1,0,84,85,0,11,38,0,38,279,0,1546,1581,10.0,33.0,39.0,1.0,31.0,54.0,0.0,741.0,752.0,POINT (-64.89551610903565 47.71671266599243)
2021S051613150003,0,5,5,1,5,3,0,68,70,0,45,45,2,81,8,0,572,578,8.0,36.0,49.0,1.0,92.0,71.0,0.0,741.0,759.0,POINT (-65.23664415096121 47.53455439716406)
2021S051613150004,0,0,1,0,5,1,0,35,35,0,0,1,0,21,15,0,134,134,7.0,20.0,30.0,3.0,228.0,34.0,0.0,445.0,467.0,POINT (-65.85860998203623 47.70269634306162)
2021S051613150005,1,6,3,0,4,0,0,67,67,29,88,87,0,55,0,0,370,370,9.0,21.0,27.0,3.0,19.0,31.0,0.0,486.0,493.0,POINT (-64.95090291804061 47.56539248659241)
2021S051613150006,1,1,1,0,2,1,0,24,25,3,1,35,0,184,35,0,256,291,1.0,11.0,16.0,1.0,66.0,9.0,0.0,235.0,243.0,POINT (-65.83783170034731 47.52669019738243)
2021S051613150007,0,0,0,0,0,0,0,53,53,0,0,0,0,0,0,0,270,270,8.0,25.0,35.0,4.0,57.0,43.0,0.0,587.0,599.0,POINT (-65.13134609859581 47.437417466619216)
2021S051613150008,2,5,1,0,1,1,0,20,21,18,47,35,0,15,35,0,140,175,5.0,20.0,21.0,1.0,47.0,17.0,0.0,295.0,308.0,POINT (-65.58508876354605 47.6109330913071)
2021S051613150009,0,0,0,0,0,0,0,2,2,0,0,0,0,0,0,0,6,6,0.0,0.0,0.0,0.0,0.0,0.0,0.0,0.0,0.0,POINT (-65.6662271844849 47.532960606451674)
2021S051624010001,1,7,5,1,0,6,0,405,406,2,34,11,2,0,20,0,1611,1614,2.0,31.0,10.0,2.0,0.0,19.0,0.0,1219.0,1222.0,POINT (-61.69960035252169 47.27781167399213)
2021S051624020001,0,5,2,0,5,0,0,110,110,0,67,10,0,15,0,0,1562,1562,0.0,32.0,6.0,0.0,10.0,0.0,0.0,854.0,854.0,POINT (-64.73927246760356 48.552589955155305)
2021S051624020002,1,2,0,0,6,0,0,70,70,3,15,0,0,17,0,0,478,478,5.0,23.0,16.0,0.0,111.0,7.0,0.0,705.0,705.0,POINT (-64.84280078618782 48.30714733129482)
2021S051624030001,0,0,0,0,4,0,0,11,11,0,0,0,0,44,0,0,100,100,0.0,0.0,3.0,0.0,55.0,0.0,0.0,127.0,127.0,POINT (-65.02732152091967 48.88821958249051)
2021S051624030002,1,6,2,0,2,1,0,58,58,11,36,13,0,6,2,0,677,677,9.0,31.0,11.0,0.0,6.0,2.0,0.0,575.0,575.0,POINT (-64.455345791325 48.909649891440566)
2021S051624030003,0,0,0,0,1,0,0,20,20,0,0,0,0,24,0,0,283,283,2.0,10.0,4.0,0.0,12.0,1.0,0.0,261.0,261.0,POINT (-64.48957471269661 48.74555240364833)
2021S051624040001,0,0,1,0,3,0,0,15,15,0,0,6,0,72,0,0,152,152,7.0,8.0,11.0,0.0,63.0,0.0,0.0,236.0,236.0,POINT (-65.88133589936612 48.987007464233315)
2021S051624040002,0,2,1,1,1,1,0,25,25,0,17,5,5,15,5,0,136,136,0.0,6.0,4.0,2.0,27.0,2.0,0.0,170.0,170.0,POINT (-66.42016678629933 49.110104122316365)
2021S051624050001,1,2,3,0,6,2,0,50,50,6,23,29,0,183,11,0,652,652,5.0,17.0,13.0,0.0,73.0,6.0,0.0,466.0,466.0,POINT (-65.61620794940725 48.38861480094266)
2021S051624050002,1,3,1,0,3,1,0,26,26,4,9,70,0,21,70,0,165,165,4.0,19.0,22.0,0.0,58.0,18.0,0.0,318.0,318.0,POINT (-65.6309433388787 48.14800748615196)
2021S051624060001,0,2,0,0,6,1,0,29,29,0,46,0,0,39,3,0,176,176,4.0,48.0,61.0,0.0,80.0,64.0,0.0,331.0,331.0,POINT (-66.38334706245844 48.25848939701264)
2021S051624060002,0,0,0,0,0,0,0,1,1,0,0,0,0,0,0,0,14,14,0.0,0.0,0.0,0.0,3.0,0.0,0.0,28.0,28.0,POINT (-65.92891457897562 48.199949004580816)
2021S051624060003,0,0,0,0,2,0,0,2,2,0,0,0,0,35,0,0,35,35,2.0,9.0,6.0,1.0,36.0,3.0,0.0,111.0,111.0,POINT (-66.67623086276141 48.14184714110223)
2021S051624060004,0,0,0,0,3,0,0,3,3,0,0,0,0,8,0,0,8,8,0.0,0.0,0.0,0.0,0.0,0.0,0.0,0.0,0.0,POINT (-66.7549149480001 48.06240042492804)
2021S051624060005,0,0,0,0,3,0,0,14,14,0,0,0,0,32,0,0,58,58,3.0,5.0,4.0,0.0,35.0,0.0,0.0,165.0,165.0,POINT (-67.30624187945462 48.02940387769114)
2021S051624070002,2,5,7,0,19,0,0,99,99,33,41,49,0,240,0,0,814,814,18.0,33.0,54.0,0.0,209.0,20.0,0.0,881.0,899.0,POINT (-67.07566082286658 48.44772277323188)
2021S051624070003,0,1,3,0,6,2,0,32,33,0,20,49,0,36,38,0,315,350,8.0,18.0,25.0,2.0,71.0,11.0,4.0,361.0,369.0,POINT (-67.4281814795785 48.48347822125152)
2021S051624080006,0,0,0,0,0,0,0,10,10,0,0,0,0,0,0,0,38,38,2.0,6.0,7.0,1.0,16.0,2.0,1.0,93.0,94.0,POINT (-67.85204833948163 48.712908335028985)
2021S051624080008,0,0,0,0,0,0,0,4,4,0,0,0,0,0,0,0,82,82,2.0,6.0,6.0,1.0,13.0,2.0,1.0,81.0,82.0,POINT (-66.93282000790678 48.77993509431329)
2021S051624080009,0,0,0,0,0,0,0,0,0,0,0,0,0,0,0,0,0,0,2.0,6.0,7.0,1.0,7.0,3.0,1.0,36.0,37.0,POINT (-67.51807008724214 48.670399352884296)
2021S051624080010,0,0,0,0,0,0,0,0,0,0,0,0,0,0,0,0,0,0,3.0,7.0,7.0,1.0,18.0,2.0,1.0,91.0,92.0,POINT (-67.29553279097077 48.815913438489694)
2021S051624080011,0,0,0,0,0,0,0,6,6,0,0,0,0,0,0,0,18,18,2.0,6.0,6.0,1.0,13.0,2.0,1.0,85.0,86.0,POINT (-67.5964431802615 48.709310951910844)
2021S051624080403,1,5,4,2,9,3,1,57,58,11,36,46,10,154,25,21,804,819,16.0,35.0,75.0,3.0,229.0,34.0,7.0,796.0,825.0,POINT (-67.47407835543616 48.8091824350887)
2021S051624090001,0,0,3,0,10,1,0,101,102,0,0,72,0,273,35,0,553,588,0.0,0.0,90.0,0.0,339.0,44.0,0.0,686.0,730.0,POINT (-67.9656895286837 48.35003150464302)
2021S051624090002,0,3,3,0,2,1,0,13,13,0,25,231,0,175,8,0,450,450,5.0,12.0,46.0,0.0,126.0,7.0,0.0,255.0,260.0,POINT (-68.18950548367111 48.57776765549561)
2021S051624100002,0,0,0,0,2,0,0,17,17,0,0,0,0,353,0,0,417,417,9.0,18.0,37.0,0.0,45.0,17.0,0.0,171.0,184.0,POINT (-68.3814455512866 48.44594873085264)
2021S051624100003,0,1,1,0,0,0,0,5,5,0,2,2,0,0,0,0,18,18,10.0,19.0,40.0,0.0,49.0,18.0,0.0,157.0,171.0,POINT (-68.45469756963288 48.501914967123675)
2021S051624100004,0,0,0,0,3,0,0,16,16,0,0,0,0,10,0,0,66,66,0.0,1.0,9.0,0.0,48.0,2.0,0.0,98.0,100.0,POINT (-68.20893699005136 48.11583023408143)
2021S051624100005,0,0,2,0,3,0,0,24,24,0,0,17,0,8,0,0,75,75,9.0,16.0,24.0,0.0,36.0,15.0,0.0,159.0,171.0,POINT (-68.42971147976287 48.37430114855648)
2021S051624100006,3,4,2,0,0,2,0,8,9,25,28,164,0,0,153,0,38,187,12.0,22.0,33.0,0.0,45.0,20.0,0.0,118.0,135.0,POINT (-68.51038851300915 48.458335833985416)
2021S051624100008,0,1,1,0,1,0,0,5,5,0,11,11,0,3,0,0,24,24,9.0,17.0,25.0,0.0,37.0,16.0,0.0,127.0,140.0,POINT (-68.52868147264854 48.43521733054871)
2021S051624100009,0,1,0,0,1,0,0,18,18,0,29,0,0,7,0,0,86,86,9.0,17.0,23.0,1.0,32.0,14.0,0.0,151.0,161.0,POINT (-68.5543426604657 48.277056842238665)
2021S051624100010,1,3,3,0,0,0,0,4,4,27,31,31,0,0,0,0,34,34,9.0,16.0,22.0,0.0,30.0,13.0,0.0,103.0,113.0,POINT (-68.5557434942027 48.42971917025219)
2021S051624100012,0,0,0,0,0,0,0,3,3,0,0,0,0,0,0,0,8,8,11.0,21.0,29.0,0.0,41.0,18.0,0.0,135.0,150.0,POINT (-68.50948789671503 48.43246231540501)
2021S051624100013,0,2,1,0,1,0,0,3,3,0,15,6,0,6,0,0,21,21,6.0,12.0,17.0,0.0,19.0,9.0,0.0,88.0,93.0,POINT (-68.49229969196057 48.46845466714487)
2021S051624100015,2,3,2,0,0,0,0,5,5,36,45,36,0,0,0,0,52,52,8.0,15.0,21.0,0.0,28.0,13.0,0.0,107.0,117.0,POINT (-68.52473263993801 48.44835243153758)
2021S051624100016,0,0,0,0,0,0,0,8,8,0,0,0,0,0,0,0,30,30,9.0,17.0,23.0,1.0,31.0,14.0,0.0,128.0,138.0,POINT (-68.54488531655007 48.36414819390816)
2021S051624100017,0,0,0,0,0,0,0,8,8,0,0,0,0,0,0,0,26,26,9.0,17.0,23.0,1.0,30.0,14.0,0.0,108.0,118.0,POINT (-68.57170370750994 48.46982327889117)
2021S051624100019,2,2,2,0,0,0,0,25,25,19,19,19,0,0,0,0,141,141,13.0,24.0,30.0,1.0,30.0,20.0,0.0,133.0,147.0,POINT (-68.69772804319555 48.35820085118876)
2021S051624100020,1,4,3,0,1,3,0,14,15,6,15,88,0,6,92,0,86,161,9.0,17.0,26.0,0.0,38.0,17.0,0.0,107.0,121.0,POINT (-68.49130907846289 48.45177070077806)
2021S051624102000,0,1,1,1,2,1,0,17,17,0,2,2,2,47,2,0,93,93,7.0,14.0,10.0,1.0,11.0,6.0,0.0,107.0,109.0,POINT (-68.85656297972274 48.28521551762771)
2021S051624110001,3,6,5,0,7,2,0,85,86,24,43,42,0,23,34,0,338,353,20.0,89.0,52.0,45.0,64.0,44.0,0.0,501.0,510.0,POINT (-68.97168224783869 48.043812783262645)
2021S051624120001,1,7,4,3,9,2,0,82,82,7,105,43,77,38,38,0,364,364,22.0,67.0,51.0,29.0,42.0,37.0,0.0,484.0,490.0,POINT (-69.18896800059726 47.865231290997116)
2021S051624120002,0,0,0,0,0,2,0,42,42,0,0,0,0,0,18,0,146,146,23.0,25.0,27.0,6.0,53.0,12.0,0.0,273.0,276.0,POINT (-69.43622768861668 47.924671330874844)
2021S051624120003,3,4,4,0,3,1,0,30,30,171,15,37,0,21,27,0,728,728,57.0,68.0,75.0,18.0,141.0,36.0,0.0,540.0,554.0,POINT (-69.4896242611511 47.81005133357976)
2021S051624120004,2,5,6,1,3,1,0,26,27,19,27,30,2,13,2,0,165,178,49.0,59.0,73.0,13.0,126.0,39.0,0.0,507.0,521.0,POINT (-69.41963184715641 47.77021742377207)
2021S051624120005,1,3,0,0,1,0,0,11,12,6,21,0,0,317,0,0,585,591,44.0,54.0,59.0,14.0,108.0,28.0,0.0,432.0,443.0,POINT (-69.52594402134561 47.82535114601953)
2021S051624130001,0,1,2,0,12,1,0,58,59,0,2,33,0,194,7,0,337,344,0.0,4.0,72.0,0.0,318.0,16.0,0.0,525.0,541.0,POINT (-68.61974657897707 47.7465539200247)
2021S051624130002,1,0,3,0,20,1,0,74,74,1,0,61,0,204,39,0,432,432,1.0,34.0,81.0,0.0,197.0,60.0,0.0,594.0,616.0,POINT (-68.95621460320434 47.516832104150495)
2021S051624130003,3,4,6,1,3,1,0,30,30,21,23,37,2,46,2,0,282,282,14.0,38.0,45.0,15.0,81.0,24.0,0.0,272.0,276.0,POINT (-68.87341706130735 47.67814280524789)
2021S051624140001,1,4,6,1,5,3,0,99,99,36,60,144,5,157,14,0,609,609,34.0,49.0,52.0,9.0,89.0,25.0,0.0,509.0,516.0,POINT (-69.73309274803015 47.59585068386324)
2021S051624140002,0,3,4,0,7,2,0,120,121,0,52,65,0,109,53,0,592,626,1.0,42.0,99.0,0.0,232.0,72.0,0.0,662.0,689.0,POINT (-69.74838944985787 47.445514716271006)
2021S051624140003,1,4,2,0,0,2,0,35,35,6,56,39,0,0,28,0,326,326,34.0,57.0,108.0,3.0,91.0,17.0,0.0,391.0,395.0,POINT (-70.0157171407966 47.355256763532665)
2021S051624150001,1,3,2,0,3,0,0,14,14,58,70,61,0,9,0,0,181,181,29.0,45.0,40.0,0.0,107.0,6.0,0.0,290.0,290.0,POINT (-70.30121625424769 47.92763989159635)
2021S051624150002,0,0,0,0,5,2,0,33,33,0,0,0,0,19,6,0,97,97,33.0,54.0,57.0,2.0,68.0,15.0,0.0,271.0,291.0,POINT (-70.12578306152119 47.69375656602046)
2021S051624160001,0,1,1,0,5,0,0,42,42,0,7,7,0,41,0,0,204,204,26.0,35.0,18.0,0.0,65.0,1.0,0.0,215.0,234.0,POINT (-70.8720062149855 47.75502314819417)
2021S051624160002,3,6,3,0,4,0,0,25,26,106,124,64,0,75,0,0,209,295,30.0,40.0,26.0,0.0,59.0,3.0,0.0,201.0,216.0,POINT (-70.71459872171992 47.42541906379552)
2021S051624170001,0,2,0,1,6,2,0,67,67,0,22,0,15,445,18,0,720,720,41.0,79.0,119.0,11.0,231.0,18.0,0.0,698.0,702.0,POINT (-70.1922234108765 47.21884221111965)
2021S051624170002,1,2,4,0,8,0,0,43,43,252,255,681,0,46,0,0,1079,1079,116.0,166.0,322.0,34.0,172.0,7.0,0.0,776.0,776.0,POINT (-70.05763685729005 47.10225875933382)
2021S051624170003,1,1,1,0,15,1,0,45,45,3,3,3,0,832,2,0,1108,1108,3.0,3.0,3.0,0.0,651.0,2.0,0.0,910.0,910.0,POINT (-69.9238545350413 46.973921666513)
2021S051624180001,2,3,4,1,2,1,0,55,55,91,157,242,5,149,5,0,527,527,75.0,132.0,155.0,8.0,168.0,15.0,36.0,622.0,635.0,POINT (-70.51317771777494 46.833029914546756)
2021S051624180002,1,4,5,1,7,1,0,38,38,7,112,35,75,326,14,0,635,635,103.0,148.0,287.0,30.0,153.0,6.0,0.0,683.0,683.0,POINT (-70.14454149188889 46.76970074899936)
2021S051624180003,5,7,12,1,13,2,1,54,57,176,947,689,23,952,109,12,1792,2014,101.0,309.0,324.0,21.0,307.0,31.0,3.0,892.0,935.0,POINT (-70.54710497856892 46.94744701281724)
2021S051624190001,0,5,6,0,4,3,0,113,114,0,159,107,0,22,9,0,633,648,56.0,176.0,175.0,18.0,103.0,83.0,23.0,707.0,764.0,POINT (-70.79465182587475 46.78995452303073)
2021S051624190002,1,4,4,0,6,1,0,67,67,1,23,15,0,52,3,0,238,238,4.0,76.0,100.0,0.0,158.0,33.0,2.0,487.0,510.0,POINT (-70.61683824633818 46.61719504913451)
2021S051624190003,2,2,2,0,1,0,0,11,11,9,6,7,0,3,0,0,37,37,31.0,62.0,55.0,5.0,16.0,29.0,9.0,236.0,256.0,POINT (-70.99318095768083 46.821112423057684)
2021S051624190004,4,13,12,2,2,3,2,173,173,535,636,734,4,37,10,435,1814,1814,124.0,268.0,318.0,25.0,205.0,114.0,78.0,1281.0,1350.0,POINT (-70.8550230675779 46.648076128657884)
2021S051624190005,1,6,5,4,2,6,0,49,49,2,123,211,118,78,148,0,700,700,81.0,145.0,122.0,10.0,39.0,77.0,23.0,495.0,543.0,POINT (-71.06471654443135 46.68474596645865)
2021S051624200001,1,4,3,1,3,1,0,56,56,17,50,21,2,38,2,0,1108,1108,42.0,70.0,57.0,5.0,27.0,34.0,7.0,442.0,462.0,POINT (-70.95068057246844 46.93156795394227)
2021S051624210001,2,3,2,0,5,1,0,27,27,4,14,5,0,170,4,0,271,271,39.0,134.0,107.0,0.0,110.0,10.0,0.0,415.0,444.0,POINT (-71.2828471537531 47.50245204186133)
2021S051624210002,0,1,2,0,2,1,0,9,9,0,2,9,0,151,7,0,186,186,21.0,66.0,56.0,2.0,29.0,20.0,5.0,239.0,266.0,POINT (-71.04378603920978 47.04383464892289)
2021S051624210003,1,3,3,0,0,2,0,12,14,3,206,161,0,0,158,0,107,265,30.0,56.0,45.0,2.0,18.0,24.0,6.0,206.0,223.0,POINT (-71.13330852982027 46.95199414064937)
2021S051624210005,0,2,2,0,3,0,0,9,9,0,56,56,0,39,0,0,102,102,41.0,66.0,51.0,3.0,18.0,34.0,5.0,241.0,263.0,POINT (-71.14764458488898 46.916060869483154)
2021S051624220001,0,0,0,0,0,0,0,0,0,0,0,0,0,0,0,0,0,0,0.0,0.0,0.0,0.0,0.0,0.0,0.0,0.0,0.0,POINT (-71.86556647247535 47.50519809352163)
2021S051624220002,1,3,1,1,1,1,1,11,11,1,28,2,2,3,2,1,45,45,56.0,93.0,70.0,3.0,29.0,48.0,7.0,295.0,332.0,POINT (-71.39576983329707 47.12052842728187)
2021S051624220003,0,0,0,0,3,0,0,6,6,0,0,0,0,13,0,0,19,19,31.0,69.0,53.0,3.0,24.0,26.0,8.0,237.0,261.0,POINT (-71.17558379504689 47.02275600706234)
2021S051624220004,0,1,1,0,1,0,0,4,4,0,4,4,0,7,0,0,22,22,33.0,41.0,34.0,4.0,14.0,23.0,6.0,202.0,212.0,POINT (-71.60776895203915 47.044775772316115)
2021S051624220005,1,1,0,0,1,0,0,4,4,1,9,0,0,7,0,0,19,19,52.0,89.0,67.0,3.0,23.0,41.0,8.0,266.0,299.0,POINT (-71.29102950780995 46.9792106003565)
2021S051624220006,0,0,0,0,0,0,0,3,3,0,0,0,0,0,0,0,4,4,39.0,57.0,46.0,6.0,16.0,30.0,6.0,211.0,226.0,POINT (-71.564620183256 46.91739880204614)
2021S051624220007,1,3,3,0,5,0,0,10,10,4,17,17,0,37,0,0,56,56,84.0,128.0,105.0,11.0,40.0,73.0,16.0,421.0,467.0,POINT (-71.63616618464965 46.882468273802544)
2021S051624230001,0,0,0,0,0,0,0,4,4,0,0,0,0,0,0,0,18,18,59.0,101.0,77.0,4.0,24.0,52.0,9.0,307.0,346.0,POINT (-71.2453925383435 46.93157530716974)
2021S051624230003,0,0,0,0,0,0,0,1,1,0,0,0,0,0,0,0,1,1,56.0,90.0,67.0,3.0,23.0,45.0,8.0,280.0,313.0,POINT (-71.2038400269767 46.91289970125082)
2021S051624230004,3,10,12,0,4,4,2,21,24,186,270,322,0,66,58,15,324,379,40.0,62.0,49.0,5.0,18.0,32.0,5.0,261.0,281.0,POINT (-71.34486619862757 46.92281699429874)
2021S051624230007,0,1,1,0,2,0,0,4,4,0,2,2,0,6,0,0,16,16,47.0,81.0,61.0,4.0,19.0,43.0,6.0,219.0,250.0,POINT (-71.16044920840119 46.88552484223876)
2021S051624230008,1,1,1,0,0,0,0,9,9,6,6,6,0,0,0,0,64,64,51.0,87.0,67.0,5.0,21.0,48.0,10.0,274.0,306.0,POINT (-71.210251194881 46.85624504763812)
2021S051624230009,2,5,6,1,4,4,0,21,25,13,451,515,2,120,118,0,523,1025,49.0,87.0,67.0,5.0,21.0,46.0,6.0,262.0,295.0,POINT (-71.19189601876045 46.88656828044059)
2021S051624230011,1,2,1,1,0,2,0,6,6,2,9,2,2,0,9,0,14,14,49.0,79.0,59.0,4.0,20.0,43.0,9.0,268.0,297.0,POINT (-71.21394434485485 46.87870678521232)
2021S051624230012,0,0,0,0,0,0,0,1,1,0,0,0,0,0,0,0,1,1,58.0,97.0,75.0,5.0,23.0,52.0,10.0,286.0,324.0,POINT (-71.19331846046026 46.86770012902634)
2021S051624230014,0,0,0,0,1,0,0,3,3,0,0,0,0,7,0,0,10,10,63.0,105.0,82.0,5.0,24.0,56.0,12.0,297.0,339.0,POINT (-71.27070656378814 46.893687243733844)
2021S051624230015,1,2,3,0,0,2,0,5,7,1,9,44,0,0,42,0,18,60,66.0,112.0,90.0,9.0,34.0,56.0,10.0,321.0,363.0,POINT (-71.38661837755824 46.925420619207884)
2021S051624230016,0,0,0,0,0,0,0,1,1,0,0,0,0,0,0,0,1,1,44.0,68.0,51.0,4.0,15.0,36.0,8.0,215.0,237.0,POINT (-71.2291902544001 46.857728390048024)
2021S051624230019,0,1,1,0,1,1,0,3,3,0,2,3,0,3,2,0,7,7,48.0,78.0,59.0,4.0,18.0,43.0,9.0,250.0,279.0,POINT (-71.26138646495542 46.868345599910214)
2021S051624230020,2,4,1,0,0,0,0,6,6,4,26,2,0,0,0,0,40,40,54.0,92.0,74.0,8.0,22.0,52.0,11.0,253.0,288.0,POINT (-71.24716881999989 46.856958105258855)
2021S051624230021,3,3,3,0,0,0,0,7,7,11,11,11,0,0,0,0,40,40,60.0,103.0,86.0,9.0,26.0,58.0,12.0,295.0,336.0,POINT (-71.3311152632303 46.86751236290108)
2021S051624230022,0,0,0,0,0,0,0,4,4,0,0,0,0,0,0,0,14,14,49.0,83.0,64.0,7.0,20.0,46.0,10.0,278.0,307.0,POINT (-71.27523736397254 46.859226488919)
2021S051624230023,2,6,5,1,1,1,1,17,17,29,15,12,2,7,2,27,189,189,62.0,114.0,96.0,10.0,32.0,64.0,12.0,344.0,390.0,POINT (-71.2091723054428 46.83101806612472)
2021S051624230024,1,4,3,0,1,2,0,9,10,26,116,8,0,3,6,0,140,143,71.0,118.0,97.0,9.0,34.0,57.0,10.0,381.0,425.0,POINT (-71.47050972522682 46.859124551116565)
2021S051624230025,0,1,0,0,0,0,0,7,7,0,9,0,0,0,0,0,68,68,53.0,90.0,68.0,5.0,20.0,50.0,10.0,287.0,321.0,POINT (-71.22873736650189 46.84039075511133)
2021S051624230026,0,2,1,0,2,0,0,6,6,0,16,3,0,73,0,0,103,103,35.0,47.0,38.0,5.0,13.0,26.0,6.0,199.0,211.0,POINT (-71.36468640592473 46.87106294065648)
2021S051624230027,0,0,0,0,0,0,0,2,2,0,0,0,0,0,0,0,5,5,67.0,126.0,103.0,10.0,31.0,73.0,13.0,348.0,400.0,POINT (-71.26169636370476 46.84470373180201)
2021S051624230028,0,1,0,0,0,0,0,2,2,0,3,0,0,0,0,0,4,4,43.0,65.0,51.0,6.0,17.0,37.0,8.0,251.0,272.0,POINT (-71.23330841288956 46.83325003762819)
2021S051624230029,2,2,1,0,1,0,0,11,11,110,114,5,0,3,0,0,179,179,46.0,73.0,57.0,6.0,19.0,39.0,8.0,253.0,278.0,POINT (-71.28111933435366 46.836247558908894)
2021S051624230030,0,3,1,0,1,0,0,6,6,0,11,2,0,3,0,0,17,17,66.0,124.0,102.0,10.0,30.0,71.0,13.0,341.0,391.0,POINT (-71.40155214819607 46.8800688656853)
2021S051624230031,0,4,3,2,1,4,0,14,14,0,27,29,23,6,29,0,62,62,39.0,59.0,48.0,6.0,16.0,35.0,6.0,245.0,263.0,POINT (-71.20715887777592 46.80859334268439)
2021S051624230032,0,1,2,0,0,1,0,6,7,0,5,40,0,0,35,0,14,49,65.0,114.0,95.0,9.0,29.0,64.0,13.0,328.0,375.0,POINT (-71.24875102407792 46.83661146646486)
2021S051624230034,1,4,1,0,0,0,0,9,9,2,47,2,0,0,0,0,225,225,50.0,87.0,69.0,8.0,21.0,50.0,10.0,304.0,335.0,POINT (-71.24066083796707 46.82818043364926)
2021S051624230035,1,2,1,0,1,0,0,4,4,3,5,3,0,3,0,0,12,12,50.0,76.0,60.0,7.0,21.0,37.0,10.0,253.0,277.0,POINT (-71.41602786577603 46.85840690879684)
2021S051624230036,2,3,1,0,2,0,0,14,14,9,46,6,0,9,0,0,180,180,44.0,73.0,58.0,7.0,17.0,39.0,7.0,260.0,284.0,POINT (-71.22401377416037 46.814714578605965)
2021S051624230038,0,0,0,0,0,0,0,2,2,0,0,0,0,0,0,0,4,4,55.0,99.0,83.0,9.0,25.0,57.0,10.0,271.0,311.0,POINT (-71.25795374598648 46.81495141503088)
2021S051624230039,1,1,0,0,1,1,0,6,6,13,2,0,0,3,2,0,46,46,47.0,78.0,63.0,7.0,19.0,44.0,9.0,259.0,287.0,POINT (-71.3563862288774 46.84331013752109)
2021S051624230040,0,2,1,0,0,0,0,3,4,0,5,3,0,0,0,0,10,13,72.0,131.0,111.0,11.0,32.0,78.0,14.0,390.0,445.0,POINT (-71.37522038598243 46.83390658659136)
2021S051624230041,0,0,0,0,0,0,0,4,4,0,0,0,0,0,0,0,21,21,39.0,59.0,48.0,6.0,16.0,35.0,6.0,245.0,263.0,POINT (-71.22003335482835 46.80303845184271)
2021S051624230042,0,0,0,0,1,1,0,5,5,0,0,0,0,3,3,0,10,10,40.0,60.0,48.0,6.0,16.0,35.0,6.0,250.0,268.0,POINT (-71.22223702576683 46.810048734663596)
2021S051624230044,5,16,15,1,3,8,3,29,35,191,226,323,5,40,102,139,426,540,54.0,96.0,77.0,9.0,24.0,54.0,10.0,309.0,345.0,POINT (-71.24908923237949 46.805699722288345)
2021S051624230045,0,1,0,0,1,0,0,5,5,0,20,0,0,3,0,0,35,35,48.0,85.0,68.0,8.0,21.0,50.0,9.0,301.0,332.0,POINT (-71.2368967437033 46.811072369450685)
2021S051624230046,0,2,2,0,1,0,0,6,6,0,5,5,0,11,0,0,21,21,81.0,142.0,114.0,12.0,38.0,73.0,16.0,422.0,477.0,POINT (-71.45226701150484 46.829097158776044)
2021S051624230047,2,6,4,0,1,3,0,12,15,9,183,174,0,7,141,0,169,310,59.0,102.0,86.0,9.0,26.0,56.0,12.0,310.0,349.0,POINT (-71.33778288176582 46.823254077659065)
2021S051624230048,27,48,30,2,12,16,3,110,118,1492,2190,1389,26,396,1202,97,3798,4714,54.0,95.0,77.0,9.0,23.0,54.0,11.0,308.0,344.0,POINT (-71.3062757254015 46.80338360385973)
2021S051624230049,1,0,2,0,1,0,0,4,4,3,0,5,0,3,0,0,9,9,41.0,62.0,49.0,6.0,17.0,35.0,6.0,239.0,258.0,POINT (-71.2368552585734 46.79691243747483)
2021S051624230050,1,4,1,0,0,1,0,5,6,10,29,3,0,0,15,0,31,34,44.0,71.0,57.0,7.0,17.0,39.0,7.0,267.0,290.0,POINT (-71.2553316127925 46.794745878146415)
2021S051624230051,1,2,3,1,0,2,0,16,16,24,11,35,9,0,13,0,189,189,60.0,100.0,87.0,9.0,25.0,57.0,12.0,321.0,361.0,POINT (-71.41597677601568 46.79622836732222)
2021S051624230052,0,0,0,0,0,0,0,2,2,0,0,0,0,0,0,0,7,7,38.0,57.0,46.0,6.0,16.0,32.0,6.0,235.0,252.0,POINT (-71.25290353421008 46.77162872951121)
2021S051624230053,0,1,0,0,0,1,0,2,2,0,2,0,0,0,2,0,5,5,53.0,90.0,73.0,8.0,20.0,50.0,11.0,252.0,285.0,POINT (-71.35131888879447 46.80907570717036)
2021S051624230055,0,0,0,0,0,0,0,4,4,0,0,0,0,0,0,0,69,69,57.0,98.0,84.0,9.0,24.0,56.0,11.0,286.0,324.0,POINT (-71.3694377587099 46.80431314091198)
2021S051624230057,0,0,0,0,0,0,0,6,6,0,0,0,0,0,0,0,11,11,33.0,44.0,38.0,5.0,12.0,26.0,5.0,204.0,217.0,POINT (-71.26760508811324 46.77613662597033)
2021S051624230058,8,12,10,2,4,4,1,40,40,266,323,212,41,153,84,43,793,793,59.0,106.0,91.0,10.0,27.0,60.0,11.0,331.0,373.0,POINT (-71.3205490797621 46.78585212620288)
2021S051624230059,1,1,0,0,0,0,0,5,6,3,3,0,0,0,0,0,44,47,54.0,97.0,82.0,10.0,26.0,56.0,10.0,325.0,362.0,POINT (-71.29369471982612 46.774030725572715)
2021S051624230060,1,1,1,0,0,2,0,4,4,3,3,3,0,0,3,0,11,11,47.0,81.0,66.0,9.0,19.0,47.0,9.0,285.0,313.0,POINT (-71.28381435107256 46.761183135658115)
2021S051624230062,0,1,0,0,0,2,0,4,4,0,15,0,0,0,17,0,24,24,50.0,87.0,72.0,8.0,21.0,50.0,10.0,270.0,304.0,POINT (-71.34377387271616 46.770477598314216)
2021S051624230063,0,0,0,0,0,0,0,0,0,0,0,0,0,0,0,0,0,0,38.0,57.0,47.0,6.0,14.0,33.0,6.0,234.0,252.0,POINT (-71.3266849817029 46.76286952330842)
2021S051624230064,1,0,1,1,0,0,0,2,2,10,0,10,10,0,0,0,35,35,46.0,78.0,65.0,8.0,19.0,43.0,8.0,261.0,289.0,POINT (-71.30932158105597 46.754359914854994)
2021S051624230065,8,16,18,4,4,17,3,71,78,167,579,856,285,407,471,57,2042,2301,83.0,146.0,130.0,12.0,44.0,89.0,16.0,457.0,518.0,POINT (-71.5013179586031 46.75758727189106)
2021S051624230066,0,0,0,0,0,0,0,1,1,0,0,0,0,0,0,0,1,1,46.0,73.0,61.0,8.0,18.0,41.0,8.0,249.0,273.0,POINT (-71.34957504580372 46.75868662465604)
2021S051624230067,0,2,1,0,4,1,0,10,10,0,10,7,0,26,3,0,54,54,66.0,114.0,97.0,11.0,29.0,69.0,12.0,353.0,397.0,POINT (-71.3901781945966 46.74595174575272)
2021S051624230068,0,1,0,0,1,0,0,2,2,0,3,0,0,7,0,0,10,10,43.0,73.0,55.0,4.0,18.0,39.0,5.0,236.0,263.0,POINT (-71.18236332198292 46.907091673977725)
2021S051624230069,0,0,0,0,0,0,0,5,5,0,0,0,0,0,0,0,32,32,34.0,45.0,38.0,5.0,13.0,26.0,5.0,214.0,227.0,POINT (-71.23237608819659 46.803861009264395)
2021S051624230070,5,16,9,1,1,6,1,34,37,218,386,196,2,26,138,10,591,710,47.0,79.0,65.0,8.0,20.0,45.0,9.0,275.0,303.0,POINT (-71.27395130446664 46.82400669926885)
2021S051624230072,0,0,0,0,0,0,0,0,0,0,0,0,0,0,0,0,0,0,42.0,61.0,51.0,6.0,15.0,36.0,7.0,231.0,251.0,POINT (-71.36572901518221 46.74449385329329)
2021S051624230073,1,1,0,0,0,1,0,6,6,5,15,0,0,0,15,0,42,42,44.0,74.0,60.0,8.0,19.0,41.0,7.0,249.0,275.0,POINT (-71.30947326147749 46.770234648545305)
2021S051624230074,0,2,1,0,0,0,0,3,3,0,22,2,0,0,0,0,28,28,42.0,66.0,53.0,6.0,16.0,36.0,7.0,249.0,271.0,POINT (-71.2947100319041 46.87842790261196)
2021S051624230075,0,0,1,0,0,1,0,4,5,0,0,3,0,0,3,0,17,20,58.0,102.0,81.0,5.0,24.0,55.0,9.0,303.0,344.0,POINT (-71.29580792484646 46.91324194744306)
2021S051624230076,0,2,2,1,1,2,0,3,4,0,5,5,2,7,5,0,10,13,68.0,115.0,88.0,5.0,29.0,63.0,13.0,328.0,375.0,POINT (-71.24642999361735 46.890137174270144)
2021S051624230077,0,4,2,0,1,2,0,3,5,0,202,18,0,15,18,0,199,217,68.0,119.0,95.0,7.0,30.0,70.0,12.0,369.0,418.0,POINT (-71.16794898427305 46.869445029546405)
2021S051624230078,0,0,0,0,2,0,0,4,4,0,0,0,0,10,0,0,12,12,53.0,91.0,74.0,8.0,22.0,50.0,10.0,280.0,314.0,POINT (-71.34559782748762 46.880946564053815)
2021S051624230079,1,0,1,0,1,0,0,10,10,2,0,2,0,3,0,0,97,97,55.0,96.0,80.0,8.0,24.0,55.0,11.0,304.0,342.0,POINT (-71.30382695727617 46.8600217687058)
2021S051624230080,0,0,0,0,0,1,0,3,3,0,0,0,0,0,1,0,12,12,54.0,94.0,75.0,8.0,22.0,53.0,11.0,287.0,323.0,POINT (-71.33590269884319 46.847283963050735)
2021S051624230081,3,4,3,1,1,3,0,15,15,19,89,19,10,3,87,0,214,214,51.0,89.0,72.0,8.0,20.0,51.0,11.0,279.0,313.0,POINT (-71.32611080540707 46.83394630897704)
2021S051624230082,2,1,0,0,2,0,1,6,6,8,6,0,0,7,0,6,49,49,79.0,152.0,121.0,12.0,37.0,86.0,16.0,410.0,473.0,POINT (-71.29513612614929 46.81636014348315)
2021S051624230083,2,2,0,0,0,1,0,7,7,31,20,0,0,0,3,0,51,51,48.0,84.0,69.0,9.0,20.0,49.0,9.0,300.0,330.0,POINT (-71.2757606585681 46.787683488922184)
2021S051624230084,0,0,0,0,0,0,0,4,4,0,0,0,0,0,0,0,34,34,55.0,96.0,82.0,8.0,25.0,54.0,10.0,311.0,349.0,POINT (-71.36570046717202 46.776066779711975)
2021S051624250001,0,0,0,0,0,0,0,2,2,0,0,0,0,0,0,0,313,313,76.0,145.0,116.0,8.0,34.0,82.0,15.0,387.0,448.0,POINT (-71.13551025698662 46.82622869984716)
2021S051624250002,1,4,4,0,4,2,0,19,20,2,136,49,0,51,42,0,496,531,85.0,154.0,127.0,8.0,32.0,81.0,22.0,418.0,477.0,POINT (-71.10217536519603 46.819711684890095)
2021S051624250003,2,2,3,0,1,0,0,26,27,5,37,39,0,3,0,0,172,206,88.0,167.0,138.0,10.0,41.0,88.0,22.0,489.0,553.0,POINT (-71.0826526321097 46.7661639521087)
2021S051624250004,0,0,0,0,0,0,0,0,0,0,0,0,0,0,0,0,0,0,55.0,96.0,77.0,6.0,23.0,53.0,9.0,285.0,322.0,POINT (-71.16091484721578 46.8157384304308)
2021S051624250005,0,3,1,0,0,0,0,8,8,0,15,4,0,0,0,0,26,26,54.0,95.0,76.0,6.0,22.0,53.0,9.0,289.0,326.0,POINT (-71.18408904195739 46.80474967514604)
2021S051624250006,0,0,0,0,0,0,0,6,6,0,0,0,0,0,0,0,11,11,78.0,157.0,125.0,10.0,40.0,88.0,15.0,442.0,506.0,POINT (-71.16186936015949 46.78406158083524)
2021S051624250007,2,8,6,0,1,8,1,18,21,29,262,288,0,13,382,12,270,500,72.0,136.0,116.0,13.0,38.0,72.0,17.0,393.0,443.0,POINT (-71.18201155776829 46.764452952336775)
2021S051624250008,1,0,0,0,0,0,0,2,2,14,0,0,0,0,0,0,18,18,53.0,94.0,78.0,10.0,23.0,55.0,10.0,280.0,315.0,POINT (-71.18961734245589 46.77748991951201)
2021S051624250010,1,2,2,0,0,1,0,6,7,3,6,6,0,0,3,0,13,16,84.0,168.0,140.0,16.0,47.0,90.0,23.0,491.0,553.0,POINT (-71.1739109177247 46.71357897826484)
2021S051624250012,0,5,5,2,0,3,0,16,18,0,63,125,51,0,114,0,105,175,62.0,117.0,97.0,12.0,34.0,67.0,12.0,363.0,409.0,POINT (-71.2144277121957 46.73126464974837)
2021S051624250013,1,0,0,0,1,1,1,9,9,269,0,0,0,3,2,269,300,300,61.0,103.0,88.0,12.0,27.0,61.0,12.0,340.0,379.0,POINT (-71.29899035593664 46.724745681409644)
2021S051624250015,1,1,0,0,0,0,0,8,8,7,7,0,0,0,0,0,92,92,74.0,137.0,118.0,14.0,38.0,79.0,19.0,432.0,480.0,POINT (-71.20317862992903 46.65412173630212)
2021S051624250016,1,1,0,0,0,0,0,14,14,2,2,0,0,0,0,0,434,434,52.0,87.0,77.0,10.0,26.0,54.0,10.0,345.0,378.0,POINT (-71.38729968552707 46.697872714562266)
2021S051624250017,4,11,9,2,0,4,0,23,25,36,379,223,4,0,190,0,524,563,55.0,98.0,86.0,11.0,28.0,59.0,10.0,335.0,372.0,POINT (-71.35910530290674 46.682722067052026)
2021S051624250018,2,8,10,0,6,6,1,30,36,40,189,221,0,92,154,35,310,506,91.0,171.0,147.0,17.0,52.0,96.0,24.0,528.0,590.0,POINT (-71.31267245614193 46.64742487577206)
2021S051624250019,0,0,2,0,1,1,0,2,3,0,0,10,0,3,7,0,7,14,61.0,105.0,92.0,12.0,30.0,65.0,12.0,324.0,365.0,POINT (-71.28837799565181 46.69459556204957)
2021S051624250020,3,11,9,3,3,8,0,31,33,58,400,486,36,49,471,0,586,1006,47.0,82.0,66.0,9.0,23.0,46.0,9.0,276.0,304.0,POINT (-71.23209952747195 46.74366462772494)
2021S051624250022,1,1,1,0,2,0,0,5,5,7,7,7,0,42,0,0,55,55,52.0,94.0,79.0,10.0,25.0,56.0,10.0,327.0,364.0,POINT (-71.26471626880247 46.738864528951126)
2021S051624250023,1,3,3,0,0,3,0,7,9,4,54,52,0,0,67,0,93,141,66.0,120.0,99.0,13.0,33.0,74.0,13.0,364.0,409.0,POINT (-71.26600720801767 46.71181832995179)
2021S051624260001,2,8,12,0,11,5,1,149,152,5,152,212,0,327,70,3,1042,1095,87.0,211.0,238.0,21.0,137.0,114.0,47.0,949.0,1034.0,POINT (-70.8419391711944 46.45179954447906)
2021S051624260002,3,8,6,2,3,3,0,32,33,23,151,146,107,43,122,0,442,457,55.0,121.0,122.0,12.0,46.0,72.0,27.0,423.0,468.0,POINT (-71.23318428188075 46.595706866993275)
2021S051624260003,3,6,4,1,6,2,1,115,115,33,308,42,9,144,11,22,985,985,73.0,148.0,157.0,16.0,121.0,51.0,35.0,787.0,823.0,POINT (-71.15348042151803 46.4692177267677)
2021S051624260004,4,10,12,2,5,6,2,69,71,71,116,297,4,110,96,48,1444,1526,132.0,250.0,282.0,32.0,218.0,73.0,68.0,1007.0,1047.0,POINT (-71.00764010619518 46.43791066956711)
2021S051624270001,1,4,7,1,11,3,2,72,72,115,125,185,2,831,12,26,1261,1261,78.0,140.0,160.0,4.0,162.0,24.0,42.0,642.0,690.0,POINT (-70.71900302494925 46.33972579412627)
2021S051624270002,1,8,8,1,4,5,0,37,42,19,416,237,9,106,104,0,598,798,59.0,104.0,154.0,6.0,182.0,52.0,20.0,490.0,569.0,POINT (-70.78142739830058 46.22834114712)
2021S051624270003,3,9,6,1,5,1,0,93,94,79,114,47,2,23,2,0,492,522,58.0,133.0,173.0,11.0,186.0,72.0,11.0,724.0,825.0,POINT (-70.95487702742452 46.22597124631562)
2021S051624280001,2,4,5,1,8,1,2,50,50,218,19,273,2,70,2,233,416,416,360.0,29.0,449.0,3.0,105.0,3.0,384.0,651.0,651.0,POINT (-70.32796335217462 46.44289269836351)
2021S051624280002,1,3,5,1,7,1,0,34,35,9,27,43,3,239,7,0,483,490,54.0,100.0,149.0,6.0,192.0,47.0,20.0,580.0,657.0,POINT (-70.43292368548046 46.177306016340495)
2021S051624290002,1,3,2,0,2,0,0,18,18,3,8,5,0,14,0,0,70,70,88.0,150.0,227.0,8.0,285.0,73.0,33.0,668.0,796.0,POINT (-70.63352741655372 46.1528857912398)
2021S051624290004,3,11,10,0,7,1,1,42,45,210,505,490,0,818,3,58,1411,1818,61.0,128.0,176.0,8.0,237.0,62.0,12.0,535.0,643.0,POINT (-70.68815750441792 46.153328798482576)
2021S051624290005,0,0,1,0,4,0,0,18,18,0,0,47,0,384,0,0,701,701,55.0,120.0,166.0,7.0,225.0,59.0,10.0,520.0,622.0,POINT (-70.72378622681568 46.10764289724119)
2021S051624290006,1,3,3,0,3,1,0,26,28,3,22,22,0,17,3,0,152,158,70.0,151.0,211.0,8.0,240.0,90.0,13.0,639.0,775.0,POINT (-70.68695242598895 46.05520309188685)
2021S051624290008,9,14,17,6,14,10,1,103,109,315,375,458,65,501,180,10,1172,1465,94.0,177.0,256.0,18.0,240.0,122.0,18.0,853.0,1014.0,POINT (-70.8653465275907 45.962926469445264)
2021S051624290009,0,5,8,1,15,2,1,60,62,0,80,827,2,501,545,43,991,1549,0.0,63.0,613.0,2.0,374.0,401.0,33.0,784.0,1195.0,POINT (-70.42807304068002 45.909032841675234)
2021S051624290010,0,0,0,0,0,0,0,3,3,0,0,0,0,0,0,0,4,4,18.0,30.0,40.0,3.0,37.0,15.0,3.0,161.0,180.0,POINT (-70.59844488610922 46.00929386654556)
2021S051624290011,0,0,0,0,0,0,0,2,2,0,0,0,0,0,0,0,4,4,13.0,20.0,24.0,3.0,16.0,6.0,3.0,118.0,126.0,POINT (-70.53675548964536 46.13559097446027)
2021S051624290012,0,2,0,0,1,0,0,5,5,0,5,0,0,5,0,0,15,15,14.0,21.0,30.0,3.0,23.0,9.0,4.0,135.0,144.0,POINT (-70.66311924015702 46.20731059076511)
2021S051624290013,0,1,1,0,1,0,0,9,10,0,34,34,0,35,0,0,126,160,25.0,44.0,62.0,4.0,63.0,18.0,8.0,203.0,233.0,POINT (-70.71941314397156 46.174772551267004)
2021S051624300001,1,0,0,0,8,0,0,48,48,2,0,0,0,124,0,0,360,360,41.0,56.0,82.0,6.0,171.0,99.0,2.0,650.0,669.0,POINT (-71.03816040713566 45.519039064163294)
2021S051624300002,2,6,8,0,14,10,0,109,111,74,91,143,0,233,192,0,1032,1070,72.0,87.0,136.0,0.0,329.0,179.0,0.0,1210.0,1246.0,POINT (-70.82132922792432 45.670377250222096)
2021S051624300003,0,4,4,1,6,4,0,21,21,0,37,54,9,75,38,0,780,780,17.0,32.0,45.0,3.0,89.0,50.0,0.0,414.0,423.0,POINT (-70.88040323738689 45.58573741488733)
2021S051624310001,4,7,9,1,7,4,1,98,102,113,143,145,2,28,43,6,726,807,134.0,172.0,227.0,24.0,169.0,100.0,6.0,756.0,879.0,POINT (-71.1067615299083 46.110624383150274)
2021S051624310002,2,6,6,2,2,4,0,27,30,60,194,488,96,26,443,0,286,765,84.0,123.0,176.0,20.0,86.0,89.0,12.0,407.0,499.0,POINT (-71.23497507328838 46.14787849226004)
2021S051624310003,0,3,5,0,6,1,0,31,31,0,43,168,0,189,39,0,562,562,80.0,129.0,220.0,23.0,66.0,125.0,20.0,436.0,545.0,POINT (-71.34278675480179 46.09934081622799)
2021S051624310005,2,6,5,3,3,5,1,22,22,259,190,275,17,9,21,91,353,353,103.0,141.0,211.0,23.0,125.0,124.0,15.0,489.0,600.0,POINT (-71.27119186230257 46.05663406071985)
2021S051624310006,2,5,6,3,1,3,1,43,43,4,16,18,11,3,11,2,133,133,64.0,94.0,118.0,14.0,89.0,70.0,8.0,447.0,500.0,POINT (-71.41133588378152 45.90039169262398)
2021S051624310007,0,2,2,0,0,0,0,4,4,0,7,7,0,0,0,0,11,11,29.0,42.0,50.0,7.0,29.0,32.0,4.0,190.0,212.0,POINT (-71.33655040755693 45.99034760332066)
2021S051624310008,0,0,0,0,1,0,0,5,5,0,0,0,0,3,0,0,14,14,17.0,28.0,31.0,5.0,13.0,16.0,3.0,128.0,142.0,POINT (-71.49212802413075 46.065864956663276)
2021S051624310009,0,0,0,0,0,0,0,9,9,0,0,0,0,0,0,0,28,28,10.0,17.0,17.0,3.0,9.0,9.0,3.0,114.0,121.0,POINT (-71.44428359425456 46.12155789823278)
2021S051624320001,3,8,8,1,8,6,1,177,180,31,133,135,5,113,110,22,833,916,58.0,176.0,138.0,14.0,149.0,94.0,9.0,1095.0,1188.0,POINT (-71.68510099498067 46.25382554395054)
2021S051624320003,3,12,11,2,6,4,2,53,54,230,136,356,23,241,67,255,1174,1208,59.0,97.0,153.0,11.0,95.0,56.0,54.0,562.0,597.0,POINT (-71.77089441437664 46.22220780521152)
2021S051624320004,4,8,6,3,4,4,0,46,48,44,115,125,32,70,83,0,788,857,110.0,192.0,226.0,14.0,116.0,69.0,51.0,799.0,840.0,POINT (-71.87881660051265 46.18870261543329)
2021S051624330002,3,10,12,2,4,4,0,119,122,21,60,159,7,48,54,0,532,581,96.0,202.0,242.0,32.0,146.0,113.0,46.0,932.0,1011.0,POINT (-71.31787682427057 46.44580382782325)
2021S051624330003,1,4,6,0,3,0,2,91,91,5,71,284,0,157,0,10,715,715,41.0,129.0,173.0,23.0,87.0,97.0,12.0,734.0,798.0,POINT (-71.86018667828453 46.55956501978774)
2021S051624330004,4,9,7,0,6,2,0,78,82,67,207,99,0,180,55,0,714,807,69.0,192.0,215.0,18.0,113.0,99.0,29.0,788.0,864.0,POINT (-71.55402571424878 46.44186457129158)
2021S051624330005,0,4,5,0,5,3,0,27,30,0,85,99,0,77,51,0,192,275,58.0,139.0,168.0,28.0,76.0,97.0,28.0,530.0,594.0,POINT (-71.50152314430355 46.603610889014746)
2021S051624332000,0,1,1,0,0,0,0,16,16,0,4,4,0,0,0,0,79,79,23.0,35.0,39.0,7.0,17.0,23.0,7.0,183.0,195.0,POINT (-71.56188617399835 46.65001434760794)
2021S051624340001,3,5,5,2,5,7,2,53,54,65,27,113,11,61,165,57,689,764,34.0,53.0,89.0,28.0,67.0,134.0,29.0,747.0,794.0,POINT (-72.22873888792974 47.07349332984952)
2021S051624340002,2,3,3,0,6,0,0,26,26,5,7,7,0,100,0,0,235,235,44.0,121.0,170.0,41.0,109.0,115.0,19.0,667.0,733.0,POINT (-71.89096970402653 46.99227004218709)
2021S051624340003,0,3,4,1,2,1,1,31,31,0,10,62,5,10,5,9,392,392,34.0,111.0,137.0,23.0,67.0,81.0,11.0,508.0,551.0,POINT (-71.68575821645182 46.77275553151591)
2021S051624340004,0,0,2,0,0,0,0,25,25,0,0,10,0,0,0,0,458,458,30.0,81.0,106.0,19.0,65.0,60.0,9.0,407.0,446.0,POINT (-71.84873006368198 46.77340334126666)
2021S051624340005,2,4,3,0,1,1,0,23,24,12,18,14,0,3,3,0,101,107,33.0,58.0,69.0,9.0,35.0,39.0,13.0,289.0,314.0,POINT (-71.62370230024999 46.72013155037397)
2021S051624340006,0,3,1,1,3,4,0,60,61,0,68,44,44,60,95,0,388,403,25.0,36.0,76.0,6.0,69.0,40.0,8.0,465.0,488.0,POINT (-72.23767575138244 46.73953161200783)
2021S051624340007,1,7,4,0,1,1,1,19,20,1,48,165,0,7,149,9,86,235,29.0,91.0,108.0,18.0,59.0,64.0,8.0,368.0,406.0,POINT (-71.70272176525806 46.68695974284846)
2021S051624350001,1,1,2,0,9,0,0,48,48,2,2,5,0,190,0,0,313,313,33.0,12.0,47.0,2.0,130.0,17.0,0.0,457.0,459.0,POINT (-73.09982867342308 47.05461388223332)
2021S051624350003,3,2,1,0,3,0,0,36,36,82,92,72,0,142,0,0,382,382,55.0,107.0,74.0,5.0,52.0,51.0,4.0,385.0,410.0,POINT (-72.69541428760748 46.76610041494474)
2021S051624360001,0,4,4,1,1,4,0,16,17,0,270,130,9,14,167,0,330,337,59.0,120.0,80.0,3.0,52.0,48.0,6.0,365.0,391.0,POINT (-72.94497047208287 46.754453609344274)
2021S051624360002,2,3,2,0,1,0,0,8,8,4,6,5,0,3,0,0,145,145,65.0,134.0,88.0,3.0,58.0,54.0,6.0,402.0,431.0,POINT (-72.63754809896795 46.63301393275321)
2021S051624360003,3,7,5,0,3,4,0,22,24,359,176,151,0,20,75,0,612,681,93.0,183.0,121.0,6.0,60.0,75.0,6.0,448.0,496.0,POINT (-72.66340210991059 46.57203957777691)
2021S051624360004,3,8,4,0,1,2,2,14,14,39,278,53,0,3,179,24,380,380,64.0,124.0,84.0,4.0,30.0,52.0,4.0,313.0,345.0,POINT (-72.79240935427558 46.58117364592382)
2021S051624360005,0,2,1,0,1,0,0,8,8,0,13,7,0,3,0,0,23,23,61.0,119.0,81.0,4.0,28.0,49.0,4.0,313.0,344.0,POINT (-72.74794352469704 46.561977903592926)
2021S051624360006,1,7,6,0,3,3,1,13,17,10,202,199,0,28,33,10,106,284,56.0,123.0,91.0,4.0,41.0,64.0,4.0,318.0,363.0,POINT (-72.73611522517399 46.51020390610248)
2021S051624360007,0,0,0,0,0,0,0,1,1,0,0,0,0,0,0,0,7,7,54.0,107.0,70.0,4.0,25.0,45.0,4.0,277.0,305.0,POINT (-72.74189114816163 46.53214963547548)
2021S051624370001,2,3,6,1,3,3,0,77,78,54,16,73,2,39,25,0,521,524,80.0,213.0,159.0,12.0,87.0,150.0,9.0,717.0,814.0,POINT (-72.41611881876538 46.550071669606595)
2021S051624370002,1,0,0,0,0,0,0,6,6,2,0,0,0,0,0,0,19,19,21.0,28.0,23.0,2.0,9.0,17.0,2.0,145.0,154.0,POINT (-72.41589486796184 46.48103930037079)
2021S051624370003,0,1,1,0,3,1,0,32,33,0,7,7,0,26,7,0,100,107,38.0,75.0,49.0,4.0,28.0,47.0,3.0,277.0,305.0,POINT (-72.53778135222134 46.47865206502185)
2021S051624370004,0,0,1,0,0,1,0,11,12,0,0,3,0,0,3,0,90,93,20.0,38.0,26.0,3.0,13.0,25.0,1.0,178.0,194.0,POINT (-72.38165480804705 46.44760266287131)
2021S051624370005,2,7,5,0,3,1,0,14,15,13,41,28,0,263,3,0,322,325,67.0,156.0,99.0,9.0,49.0,96.0,1.0,407.0,469.0,POINT (-72.48369345045815 46.41034008855262)
2021S051624370006,1,1,2,1,1,1,1,9,9,3,21,27,21,6,21,3,90,90,55.0,138.0,92.0,6.0,37.0,94.0,4.0,362.0,424.0,POINT (-72.59356618804824 46.420993504434975)
2021S051624370007,0,0,0,0,0,0,0,1,1,0,0,0,0,0,0,0,1,1,38.0,120.0,78.0,7.0,38.0,89.0,1.0,305.0,367.0,POINT (-72.55119307710716 46.39622993643876)
2021S051624370008,1,7,6,2,2,3,0,19,20,26,185,118,47,104,51,0,381,415,69.0,180.0,120.0,8.0,47.0,114.0,1.0,382.0,463.0,POINT (-72.53020615301821 46.37887519643538)
2021S051624370009,0,0,0,0,0,0,0,3,3,0,0,0,0,0,0,0,70,70,63.0,149.0,93.0,8.0,41.0,90.0,1.0,362.0,420.0,POINT (-72.5065894058564 46.371470740908144)
2021S051624370010,0,0,0,0,0,0,0,2,2,0,0,0,0,0,0,0,2,2,48.0,153.0,104.0,8.0,49.0,116.0,1.0,373.0,457.0,POINT (-72.55838080252443 46.38125578974065)
2021S051624370011,5,13,11,3,3,6,0,33,36,290,571,393,31,44,253,0,737,959,88.0,200.0,134.0,8.0,56.0,137.0,15.0,499.0,599.0,POINT (-72.65964167008534 46.369735353738356)
2021S051624370012,3,5,2,0,0,1,0,10,11,39,97,27,0,0,15,0,524,539,55.0,143.0,94.0,7.0,39.0,92.0,1.0,339.0,403.0,POINT (-72.53834619556159 46.35382089456423)
2021S051624370013,0,1,0,0,1,0,0,2,2,0,2,0,0,7,0,0,9,9,39.0,126.0,86.0,6.0,39.0,89.0,2.0,308.0,378.0,POINT (-72.6246403572083 46.37704545585671)
2021S051624370014,0,1,1,0,0,0,0,2,2,0,2,2,0,0,0,0,5,5,38.0,92.0,62.0,5.0,23.0,60.0,1.0,229.0,269.0,POINT (-72.56636068432684 46.35974941641737)
2021S051624370015,0,0,0,0,0,0,0,1,1,0,0,0,0,0,0,0,5,5,32.0,89.0,62.0,5.0,27.0,67.0,1.0,238.0,284.0,POINT (-72.59475443473146 46.35712276955872)
2021S051624370016,1,1,3,0,0,1,0,7,8,26,26,75,0,0,35,0,85,120,48.0,121.0,81.0,6.0,32.0,77.0,1.0,300.0,352.0,POINT (-72.56923954657715 46.34432717637909)
2021S051624370017,2,8,7,0,1,4,0,26,29,13,53,170,0,26,97,0,562,686,60.0,153.0,101.0,7.0,39.0,96.0,1.0,351.0,418.0,POINT (-72.56410416187032 46.328419569469766)
2021S051624370018,0,0,0,0,0,0,0,2,2,0,0,0,0,0,0,0,6,6,47.0,151.0,102.0,8.0,48.0,113.0,1.0,357.0,438.0,POINT (-72.60463849777354 46.345256054611326)
2021S051624370019,1,2,1,1,1,1,0,12,12,62,14,9,9,6,9,0,192,192,59.0,133.0,89.0,7.0,36.0,85.0,8.0,323.0,381.0,POINT (-72.62205415681049 46.32597856263589)
2021S051624370020,2,2,4,1,4,4,0,22,23,12,11,48,2,60,41,0,244,247,101.0,280.0,186.0,11.0,80.0,147.0,15.0,626.0,741.0,POINT (-72.68666988377119 46.313526153236)
2021S051624380001,1,2,4,1,5,3,0,94,96,8,29,67,21,84,59,0,451,489,54.0,118.0,108.0,7.0,73.0,76.0,16.0,675.0,720.0,POINT (-72.03464747043408 46.34839559733697)
2021S051624380002,2,8,5,0,1,10,0,44,45,6,699,85,0,7,822,0,552,1073,54.0,124.0,96.0,7.0,49.0,77.0,3.0,425.0,475.0,POINT (-72.34223750135467 46.345292893641876)
2021S051624380003,3,2,2,0,3,1,0,46,46,16,13,5,0,9,4,0,203,203,77.0,180.0,136.0,10.0,59.0,113.0,9.0,519.0,598.0,POINT (-72.462454211702 46.284201899924824)
2021S051624380004,0,0,0,0,0,1,0,1,1,0,0,0,0,0,2,0,2,2,15.0,26.0,19.0,2.0,7.0,17.0,1.0,96.0,101.0,POINT (-72.42688564369229 46.33481293560024)
2021S051624390003,9,14,17,1,10,3,5,63,65,220,205,564,21,213,191,342,1625,1666,82.0,134.0,164.0,9.0,75.0,46.0,39.0,571.0,595.0,POINT (-71.97528937007391 46.079750352169505)
2021S051624390004,2,5,5,0,4,3,0,18,21,52,233,222,0,50,33,0,302,335,56.0,108.0,145.0,9.0,74.0,45.0,31.0,495.0,518.0,POINT (-71.92638225663323 46.08255445817723)
2021S051624390005,0,1,0,0,4,0,0,19,19,0,6,0,0,55,0,0,101,101,26.0,55.0,63.0,5.0,34.0,24.0,12.0,295.0,305.0,POINT (-71.87534430749363 46.014503804256435)
2021S051624390006,0,0,0,0,0,0,0,6,6,0,0,0,0,0,0,0,75,75,50.0,99.0,130.0,9.0,65.0,42.0,26.0,460.0,481.0,POINT (-71.917385568005 46.039652771630536)
2021S051624390007,0,2,2,0,1,2,0,5,6,0,5,5,0,3,6,0,10,13,34.0,65.0,83.0,6.0,41.0,29.0,17.0,311.0,325.0,POINT (-71.94892967823733 46.046512809710784)
2021S051624390008,0,7,6,1,5,3,0,21,22,0,172,169,2,165,7,0,237,240,62.0,110.0,124.0,7.0,53.0,38.0,22.0,423.0,442.0,POINT (-72.0003708182178 46.033947642711865)
2021S051624390009,4,12,9,2,1,6,1,123,126,99,76,135,11,7,63,46,1725,1770,138.0,210.0,253.0,12.0,84.0,64.0,33.0,810.0,863.0,POINT (-72.11173675619717 45.92595398984232)
2021S051624390010,0,0,0,0,0,0,0,2,2,0,0,0,0,0,0,0,5,5,37.0,73.0,95.0,6.0,50.0,31.0,20.0,345.0,360.0,POINT (-71.95079114861282 46.05820669096234)
2021S051624390011,1,1,1,0,0,0,0,3,3,2,2,2,0,0,0,0,6,6,58.0,106.0,121.0,7.0,50.0,37.0,22.0,380.0,399.0,POINT (-71.98532480659765 46.05585114218792)
2021S051624390012,2,2,2,1,1,1,0,6,6,11,16,16,9,35,9,0,57,57,27.0,54.0,65.0,4.0,32.0,22.0,14.0,265.0,275.0,POINT (-71.96329285535778 46.0601159018513)
2021S051624390013,2,4,7,1,7,2,0,44,45,11,201,382,9,166,43,0,961,995,59.0,133.0,136.0,7.0,72.0,76.0,28.0,554.0,598.0,POINT (-72.04896602156607 46.226922207694415)
2021S051624390014,1,4,2,1,4,1,0,52,52,65,108,86,21,56,21,0,367,367,47.0,69.0,75.0,5.0,46.0,28.0,15.0,459.0,477.0,POINT (-71.60506661180028 45.83665308828535)
2021S051624390015,2,3,3,0,0,0,0,21,21,91,95,95,0,0,0,0,145,145,15.0,22.0,20.0,2.0,12.0,10.0,5.0,171.0,174.0,POINT (-71.77955118288301 45.96933999163679)
2021S051624390016,1,0,0,0,1,0,0,16,16,12,0,0,0,3,0,0,64,64,25.0,43.0,46.0,3.0,21.0,15.0,8.0,218.0,225.0,POINT (-72.1029294450199 46.07713178526016)
2021S051624390017,0,0,1,0,2,0,0,49,49,0,0,10,0,10,0,0,240,240,59.0,81.0,95.0,8.0,36.0,28.0,20.0,400.0,413.0,POINT (-72.16772368217246 45.99518864439882)
2021S051624390018,3,6,5,3,1,4,0,36,36,8,19,17,11,11,15,0,111,111,21.0,35.0,38.0,3.0,23.0,13.0,9.0,249.0,255.0,POINT (-71.76700769996896 46.06010713096566)
2021S051624400001,0,5,3,1,6,2,0,76,76,0,53,22,9,84,48,0,356,356,6.0,86.0,29.0,9.0,239.0,91.0,0.0,808.0,808.0,POINT (-71.76770819467802 45.736150807474296)
2021S051624400002,1,2,2,0,0,2,1,13,13,12,5,25,0,0,11,21,104,104,135.0,137.0,150.0,7.0,33.0,35.0,12.0,468.0,526.0,POINT (-71.94006729831686 45.773969713754724)
2021S051624410001,1,5,2,0,7,2,0,58,58,6,41,9,0,185,53,0,529,529,5.0,81.0,48.0,8.0,226.0,108.0,0.0,776.0,776.0,POINT (-71.39232564698521 45.47933024287925)
2021S051624410002,0,8,6,1,11,2,0,60,61,0,150,84,5,256,8,0,700,703,89.0,208.0,195.0,10.0,140.0,77.0,27.0,758.0,816.0,POINT (-71.63260080352437 45.393618860149466)
2021S051624410003,2,4,4,1,3,1,0,17,17,5,14,15,5,25,5,0,95,95,44.0,74.0,73.0,4.0,39.0,28.0,7.0,277.0,299.0,POINT (-71.76218704475932 45.45508842993706)
2021S051624420001,9,6,7,1,2,2,0,59,60,481,436,459,2,6,14,0,479,779,141.0,269.0,252.0,13.0,94.0,82.0,32.0,832.0,922.0,POINT (-72.1413620165682 45.61881378923115)
2021S051624420002,0,0,1,0,0,1,0,14,14,0,0,24,0,0,24,0,115,115,43.0,76.0,75.0,4.0,25.0,28.0,7.0,275.0,299.0,POINT (-71.77703873409553 45.5409326497241)
2021S051624420003,1,1,1,0,1,0,0,11,11,13,13,13,0,3,0,0,61,61,38.0,68.0,67.0,5.0,19.0,26.0,6.0,249.0,271.0,POINT (-71.92994190544242 45.555196873633044)
2021S051624420004,3,5,2,0,2,1,0,16,18,80,160,78,0,59,11,0,994,1072,115.0,222.0,207.0,5.0,38.0,49.0,12.0,392.0,488.0,POINT (-71.99483778623554 45.56865829555572)
2021S051624420005,4,11,9,1,4,1,1,53,54,143,280,163,3,63,52,5,356,475,115.0,272.0,228.0,11.0,77.0,77.0,20.0,731.0,819.0,POINT (-72.31398717043612 45.46949191889447)
2021S051624420006,3,5,6,0,2,1,1,12,13,20,32,103,0,35,75,2,84,159,54.0,104.0,101.0,6.0,30.0,37.0,11.0,327.0,358.0,POINT (-72.10818838133042 45.4384669409663)
2021S051624430001,1,12,13,2,2,4,0,26,28,6,435,523,14,10,104,0,512,602,85.0,163.0,155.0,8.0,48.0,47.0,15.0,422.0,478.0,POINT (-71.94673524563171 45.486486298658846)
2021S051624430002,2,2,2,0,1,1,0,11,12,19,19,38,0,3,2,0,76,111,113.0,208.0,202.0,8.0,116.0,57.0,21.0,624.0,698.0,POINT (-71.87846200924764 45.4378930364414)
2021S051624430003,0,1,1,0,0,1,0,6,6,0,4,4,0,0,1,0,68,68,60.0,118.0,117.0,6.0,70.0,38.0,14.0,386.0,421.0,POINT (-71.82777731466543 45.41085511351879)
2021S051624430004,14,28,20,1,6,7,2,54,58,345,1143,953,21,176,220,91,1318,1784,91.0,186.0,171.0,9.0,52.0,60.0,20.0,493.0,553.0,POINT (-71.95992412059779 45.41595774675853)
2021S051624430005,1,1,0,0,0,0,0,4,4,1,3,0,0,0,0,0,59,59,92.0,165.0,165.0,7.0,88.0,49.0,17.0,464.0,520.0,POINT (-71.86471119350881 45.41123451071238)
2021S051624430006,1,1,1,0,0,0,0,4,4,3,2,2,0,0,0,0,8,8,67.0,128.0,124.0,6.0,36.0,44.0,14.0,338.0,379.0,POINT (-71.88813363372483 45.41466754062476)
2021S051624430007,1,0,0,0,0,0,0,3,3,2,0,0,0,0,0,0,23,23,58.0,113.0,108.0,6.0,31.0,40.0,12.0,312.0,346.0,POINT (-71.92797097326907 45.41680555621509)
2021S051624430008,5,5,7,0,0,1,1,19,20,201,88,137,0,0,8,46,212,272,61.0,119.0,112.0,6.0,34.0,39.0,12.0,368.0,404.0,POINT (-72.02617756550356 45.40507668388558)
2021S051624430009,1,4,4,0,0,3,0,14,14,2,69,270,0,0,84,0,536,536,40.0,82.0,79.0,5.0,46.0,35.0,9.0,308.0,330.0,POINT (-71.84580625815974 45.365323334737475)
2021S051624430010,0,0,1,0,2,0,0,6,6,0,0,3,0,6,0,0,45,45,58.0,111.0,107.0,6.0,31.0,40.0,12.0,314.0,348.0,POINT (-71.91006798151797 45.40796838158113)
2021S051624430011,2,7,8,2,2,6,1,20,22,56,82,157,45,18,78,22,311,333,70.0,130.0,125.0,6.0,65.0,45.0,14.0,406.0,448.0,POINT (-71.87084655225543 45.396594631722714)
2021S051624430012,1,3,0,0,0,0,0,10,10,10,44,0,0,0,0,0,142,142,67.0,133.0,125.0,7.0,38.0,48.0,14.0,373.0,411.0,POINT (-71.94344158742871 45.39931293378994)
2021S051624430013,0,0,0,0,2,0,0,6,6,0,0,0,0,71,0,0,77,77,86.0,166.0,159.0,8.0,87.0,58.0,19.0,519.0,571.0,POINT (-71.9003078110485 45.390436569348296)
2021S051624430014,1,6,5,1,2,2,1,15,15,91,317,232,5,225,152,91,675,675,71.0,139.0,134.0,7.0,40.0,50.0,16.0,392.0,433.0,POINT (-71.92889898209125 45.3846903860199)
2021S051624430015,0,2,1,0,0,1,0,5,5,0,9,7,0,0,2,0,89,89,86.0,166.0,159.0,8.0,87.0,58.0,19.0,503.0,555.0,POINT (-71.89557967873519 45.36627540987667)
2021S051624430016,1,2,2,0,0,1,0,11,13,37,10,13,0,0,6,0,53,66,79.0,155.0,150.0,8.0,44.0,53.0,17.0,420.0,468.0,POINT (-72.06446820875058 45.368355361333656)
2021S051624430017,1,1,0,0,0,0,0,6,6,2,2,0,0,0,0,0,14,14,81.0,160.0,154.0,8.0,44.0,54.0,17.0,398.0,448.0,POINT (-71.97501270879829 45.371740937690156)
2021S051624430018,1,1,2,0,0,0,0,10,10,54,54,64,0,0,0,0,95,95,76.0,149.0,143.0,8.0,41.0,52.0,16.0,387.0,432.0,POINT (-72.0060235559929 45.36970905304784)
2021S051624430019,2,4,8,1,3,4,3,24,27,24,308,190,3,31,59,129,522,579,97.0,203.0,194.0,9.0,59.0,64.0,22.0,524.0,587.0,POINT (-72.01325444303686 45.33339453085267)
2021S051624430020,2,6,4,2,2,3,0,14,14,13,21,22,15,22,11,0,89,89,65.0,128.0,122.0,7.0,36.0,43.0,14.0,337.0,376.0,POINT (-71.99682987594021 45.35665298798022)
2021S051624430021,3,6,1,0,0,0,0,12,12,101,36,2,0,0,0,0,132,132,58.0,103.0,101.0,5.0,52.0,35.0,12.0,349.0,382.0,POINT (-71.88718377252606 45.39483385093006)
2021S051624440001,5,7,4,0,14,1,0,162,163,117,45,22,0,1079,15,0,1864,1879,57.0,96.0,53.0,3.0,642.0,13.0,0.0,1466.0,1476.0,POINT (-71.67278741927082 45.117021663077175)
2021S051624440002,3,3,5,0,3,2,1,82,83,265,134,145,0,70,13,2,660,789,51.0,111.0,104.0,6.0,72.0,45.0,14.0,508.0,537.0,POINT (-71.82779594105305 45.235763859411584)
2021S051624450001,0,2,1,0,1,0,0,5,5,0,13,4,0,5,0,0,25,25,61.0,119.0,106.0,6.0,28.0,38.0,13.0,319.0,357.0,POINT (-72.1764373470293 45.36912671887373)
2021S051624450002,0,0,0,0,0,1,0,17,17,0,0,0,0,0,2,0,159,159,39.0,67.0,66.0,4.0,33.0,27.0,7.0,264.0,284.0,POINT (-71.94491896259622 45.302449818757346)
2021S051624450003,0,3,4,0,5,2,0,20,20,0,22,28,0,34,13,0,99,99,55.0,108.0,79.0,6.0,68.0,40.0,12.0,392.0,422.0,POINT (-72.31573842552935 45.263498607223426)
2021S051624450004,0,8,8,2,7,13,1,75,75,0,264,129,26,39,216,86,754,754,80.0,170.0,155.0,8.0,119.0,62.0,24.0,701.0,746.0,POINT (-72.38109825534968 45.07903014277213)
2021S051624450005,3,10,7,2,6,8,0,34,35,7,161,105,11,69,89,0,609,612,56.0,114.0,104.0,6.0,64.0,43.0,15.0,367.0,400.0,POINT (-72.10263503864581 45.28316860043433)
2021S051624450006,1,3,3,0,2,0,0,17,17,2,12,16,0,9,0,0,75,75,49.0,96.0,80.0,5.0,53.0,33.0,13.0,312.0,340.0,POINT (-72.20641992288438 45.27291500686812)
2021S051624450007,1,3,2,0,0,0,0,5,5,5,10,93,0,0,0,0,103,103,43.0,85.0,72.0,6.0,78.0,37.0,15.0,326.0,347.0,POINT (-72.14676861350097 45.275236766142484)
2021S051624450009,0,3,2,0,4,0,0,18,18,0,10,6,0,22,0,0,109,109,54.0,83.0,74.0,6.0,76.0,35.0,14.0,362.0,387.0,POINT (-72.1490556632132 45.20525799433332)
2021S051624460001,1,0,0,0,4,0,0,36,36,6,0,0,0,41,0,0,636,636,59.0,131.0,98.0,16.0,60.0,55.0,12.0,599.0,619.0,POINT (-72.52589424409472 45.23240054510621)
2021S051624460003,3,5,4,2,7,1,1,40,40,39,60,65,80,101,21,22,391,391,84.0,223.0,181.0,41.0,85.0,78.0,12.0,740.0,776.0,POINT (-72.95310432277367 45.27943524644982)
2021S051624460004,2,6,2,0,1,0,0,77,77,11,58,5,0,15,0,0,589,589,43.0,97.0,70.0,13.0,44.0,45.0,6.0,582.0,595.0,POINT (-72.71887408902626 45.08978044272993)
2021S051624460005,4,12,11,1,5,5,1,41,42,39,45,203,2,163,31,22,555,558,87.0,192.0,141.0,25.0,93.0,74.0,6.0,729.0,757.0,POINT (-72.78019100427917 45.209650412266136)
2021S051624460006,2,5,8,2,7,5,0,114,115,243,19,44,11,230,48,0,1138,1145,48.0,127.0,116.0,27.0,48.0,54.0,4.0,647.0,660.0,POINT (-73.01985623417124 45.14363975278185)
2021S051624460007,3,13,8,2,3,8,0,43,45,9,635,107,30,159,310,0,1038,1085,68.0,138.0,106.0,18.0,62.0,51.0,9.0,509.0,532.0,POINT (-72.69743376620228 45.30374452772498)
2021S051624470002,12,31,19,5,6,10,1,105,107,251,798,612,136,229,211,22,2381,2418,67.0,189.0,135.0,24.0,92.0,65.0,16.0,643.0,666.0,POINT (-72.79704912391263 45.414659674525794)
2021S051624470003,0,2,0,0,1,1,0,10,10,0,5,0,0,7,2,0,28,28,72.0,235.0,152.0,25.0,80.0,80.0,16.0,674.0,705.0,POINT (-72.7054990781834 45.42510013502126)
2021S051624470004,3,9,7,2,3,3,0,25,27,25,77,68,27,71,19,0,231,241,75.0,224.0,151.0,22.0,81.0,72.0,16.0,687.0,719.0,POINT (-72.56484008313193 45.355687851560354)
2021S051624470005,0,1,1,1,0,1,0,3,3,0,2,2,2,0,2,0,20,20,45.0,132.0,88.0,15.0,43.0,46.0,8.0,401.0,419.0,POINT (-72.73851723287858 45.41659005920548)
2021S051624470006,2,4,3,0,0,0,0,8,8,10,13,6,0,0,0,0,24,24,59.0,178.0,125.0,19.0,65.0,61.0,13.0,556.0,579.0,POINT (-72.68804310062319 45.37391596790578)
2021S051624470007,3,8,3,0,1,2,0,18,20,134,167,144,0,5,14,0,194,208,73.0,221.0,153.0,28.0,90.0,76.0,15.0,677.0,706.0,POINT (-72.7374830397702 45.37175928840244)
2021S051624470008,0,3,2,1,0,1,0,4,4,0,14,8,5,0,5,0,15,15,75.0,236.0,153.0,24.0,80.0,80.0,15.0,652.0,685.0,POINT (-72.76245725497985 45.40169082154262)
2021S051624470009,2,7,5,1,0,2,0,16,17,10,107,45,5,0,12,0,150,157,55.0,167.0,108.0,18.0,55.0,57.0,10.0,478.0,501.0,POINT (-72.74074790179648 45.38985184471353)
2021S051624470010,2,9,6,0,3,2,0,39,42,96,103,75,0,21,32,0,295,351,43.0,88.0,63.0,12.0,47.0,33.0,7.0,364.0,376.0,POINT (-72.82190029123603 45.321555262377416)
2021S051624472000,0,2,3,0,2,1,0,26,27,0,5,10,0,29,3,0,127,130,45.0,106.0,72.0,10.0,37.0,38.0,7.0,414.0,432.0,POINT (-72.64297809802537 45.47712857561798)
2021S051624472001,0,0,0,0,2,0,0,14,14,0,0,0,0,6,0,0,34,34,26.0,46.0,35.0,5.0,15.0,18.0,3.0,214.0,221.0,POINT (-72.52691580956832 45.43427386012076)
2021S051624472002,2,3,4,1,1,1,0,20,20,10,12,17,2,6,2,0,112,112,31.0,61.0,45.0,8.0,22.0,22.0,5.0,271.0,279.0,POINT (-72.75130574294045 45.491166356498226)
2021S051624480001,1,6,6,2,2,4,1,116,116,2,21,40,8,6,17,21,562,562,140.0,204.0,145.0,19.0,60.0,47.0,19.0,786.0,818.0,POINT (-72.42801011508904 45.59950123136398)
2021S051624480002,4,4,3,0,2,1,1,37,37,121,28,33,0,49,3,21,437,437,187.0,232.0,182.0,5.0,96.0,40.0,23.0,622.0,701.0,POINT (-72.57365834327663 45.640416880669534)
2021S051624490001,1,1,1,0,0,1,0,22,22,8,8,8,0,0,3,0,78,78,27.0,34.0,28.0,3.0,10.0,12.0,4.0,176.0,182.0,POINT (-72.51694977025412 46.04455841139966)
2021S051624490002,0,1,1,0,0,0,0,9,9,0,5,5,0,0,0,0,163,163,33.0,41.0,34.0,4.0,11.0,15.0,6.0,173.0,179.0,POINT (-72.39480693011576 46.0051436468353)
2021S051624490003,1,1,0,0,0,0,0,11,11,1,3,0,0,0,0,0,97,97,44.0,44.0,41.0,4.0,8.0,12.0,14.0,179.0,184.0,POINT (-72.34881207605935 46.00349266558934)
2021S051624490004,6,6,6,2,3,2,1,26,26,598,387,378,67,24,47,269,740,740,143.0,182.0,118.0,11.0,39.0,38.0,26.0,489.0,508.0,POINT (-72.5113951324324 45.92632161216376)
2021S051624490005,1,6,4,1,2,2,1,30,30,6,16,31,2,17,19,21,131,131,138.0,163.0,116.0,9.0,30.0,36.0,22.0,475.0,503.0,POINT (-72.40776494957741 45.92360805038607)
2021S051624490007,0,0,0,0,0,1,0,7,7,0,0,0,0,0,2,0,72,72,59.0,75.0,55.0,4.0,16.0,18.0,7.0,249.0,262.0,POINT (-72.29259784120235 45.86776085746021)
2021S051624490008,2,5,3,1,0,1,0,13,13,44,57,40,5,0,5,0,72,72,40.0,51.0,38.0,5.0,12.0,15.0,6.0,192.0,199.0,POINT (-72.58985087691543 45.92940115709219)
2021S051624490010,3,7,5,2,1,2,0,14,14,34,50,22,11,3,11,0,138,138,180.0,215.0,154.0,12.0,40.0,44.0,30.0,577.0,614.0,POINT (-72.46896947427868 45.89416342258198)
2021S051624490011,0,1,0,0,0,1,0,4,4,0,15,0,0,0,15,0,39,39,85.0,103.0,67.0,7.0,23.0,25.0,18.0,313.0,325.0,POINT (-72.47750074634266 45.88284749776866)
2021S051624490012,7,15,8,2,1,1,2,34,35,749,857,399,56,3,21,23,1592,1622,179.0,217.0,136.0,13.0,48.0,46.0,39.0,573.0,595.0,POINT (-72.51946971517178 45.88588150895442)
2021S051624490013,2,5,8,1,3,3,0,33,35,7,77,95,2,29,20,0,213,231,156.0,192.0,135.0,11.0,44.0,43.0,23.0,601.0,638.0,POINT (-72.34958913521784 45.77348763737566)
2021S051624490014,0,3,2,0,2,2,0,12,12,0,167,22,0,130,162,0,420,420,200.0,263.0,166.0,15.0,57.0,55.0,34.0,682.0,712.0,POINT (-72.49270221481606 45.870229366441464)
2021S051624490016,0,1,3,0,0,2,0,10,11,0,5,171,0,0,78,0,135,210,186.0,240.0,162.0,15.0,59.0,58.0,34.0,706.0,735.0,POINT (-72.46302516281729 45.85182970238122)
2021S051624490017,6,13,8,2,5,5,1,50,53,412,544,141,7,114,39,58,1144,1176,143.0,171.0,111.0,11.0,42.0,41.0,31.0,540.0,560.0,POINT (-72.61798597985174 45.84361321189662)
2021S051624490018,3,2,2,0,0,0,0,10,10,143,137,137,0,0,0,0,219,219,152.0,191.0,129.0,12.0,43.0,43.0,29.0,586.0,609.0,POINT (-72.42554388767287 45.83907248362881)
2021S051624490019,4,8,9,0,4,2,1,50,52,63,105,114,0,160,37,9,389,429,90.0,112.0,79.0,6.0,26.0,25.0,12.0,389.0,411.0,POINT (-72.46493600001791 45.742907423945944)
2021S051624490020,0,0,0,0,1,0,0,4,4,0,0,0,0,3,0,0,21,21,110.0,143.0,96.0,10.0,29.0,32.0,20.0,388.0,404.0,POINT (-72.50914667497172 45.89914598440019)
2021S051624490021,8,23,8,1,4,5,0,55,56,223,552,206,5,54,65,0,1286,1403,272.0,330.0,203.0,19.0,72.0,68.0,58.0,875.0,910.0,POINT (-72.52214736601766 45.867971315120656)
2021S051624490022,1,2,2,0,3,0,0,26,26,4,6,6,0,62,0,0,290,290,74.0,88.0,60.0,6.0,23.0,22.0,14.0,308.0,318.0,POINT (-72.77142803686388 45.85938366566122)
2021S051624490023,0,1,1,0,1,1,0,20,20,0,11,11,0,7,56,0,126,126,36.0,46.0,37.0,5.0,12.0,16.0,7.0,200.0,206.0,POINT (-72.6707656061437 45.959008052219865)
2021S051624490024,0,1,0,0,0,0,0,8,8,0,1,0,0,0,0,0,20,20,30.0,33.0,28.0,3.0,10.0,11.0,9.0,123.0,127.0,POINT (-72.7564523719498 45.99083624474581)
2021S051624492000,0,0,0,0,1,0,0,10,10,0,0,0,0,3,0,0,26,26,27.0,34.0,32.0,2.0,12.0,9.0,2.0,155.0,165.0,POINT (-72.33454014848591 45.64637257366348)
2021S051624492001,0,0,1,0,1,1,0,19,19,0,0,33,0,54,33,0,139,139,35.0,47.0,46.0,3.0,16.0,18.0,4.0,216.0,231.0,POINT (-72.19685505869339 45.78480517092611)
2021S051624500001,4,16,12,4,4,9,0,121,125,404,611,425,15,28,88,0,1041,1093,101.0,159.0,150.0,14.0,73.0,92.0,40.0,832.0,880.0,POINT (-72.38593289312006 46.13914318112848)
2021S051624500002,2,5,1,0,1,1,0,34,34,39,58,36,0,70,2,0,330,330,88.0,161.0,111.0,12.0,41.0,96.0,19.0,421.0,484.0,POINT (-72.60312339719843 46.20932499030399)
2021S051624500003,3,3,3,1,4,3,2,107,107,191,13,13,9,31,27,150,595,595,95.0,144.0,113.0,9.0,34.0,64.0,17.0,577.0,611.0,POINT (-72.70864674901581 46.09700436141104)
2021S051624500004,0,0,0,0,0,0,0,0,0,0,0,0,0,0,0,0,0,0,18.0,19.0,16.0,2.0,9.0,5.0,6.0,93.0,95.0,POINT (-72.81788693376309 46.077713175006814)
2021S051624510001,0,4,4,0,3,1,0,32,32,0,35,41,0,44,4,0,224,224,2.0,327.0,139.0,7.0,66.0,133.0,0.0,598.0,609.0,POINT (-73.16557108725944 46.612447218095426)
2021S051624510002,4,2,1,0,1,0,0,20,20,12,5,2,0,14,0,0,195,195,55.0,123.0,90.0,4.0,31.0,64.0,4.0,315.0,360.0,POINT (-72.84576157948253 46.525911717325464)
2021S051624510003,1,4,2,0,1,1,0,27,28,2,136,18,0,33,7,0,276,283,55.0,137.0,100.0,6.0,47.0,62.0,5.0,415.0,461.0,POINT (-72.81655525051987 46.41142401495505)
2021S051624510004,3,12,9,0,7,3,1,45,49,14,526,238,0,184,33,2,968,1007,53.0,215.0,156.0,11.0,86.0,101.0,33.0,504.0,580.0,POINT (-72.95376286033802 46.25450708361511)
2021S051624510005,1,2,4,0,1,2,0,23,25,3,334,347,0,6,339,0,63,402,42.0,98.0,81.0,6.0,35.0,43.0,9.0,310.0,349.0,POINT (-72.82983034825119 46.309697994611454)
2021S051624510006,0,0,0,0,1,0,0,58,58,0,0,0,0,33,0,0,202,202,42.0,126.0,158.0,6.0,75.0,122.0,18.0,508.0,570.0,POINT (-73.10921351784104 46.296092254340415)
2021S051624520001,0,0,0,0,2,0,0,33,33,0,0,0,0,33,0,0,110,110,35.0,94.0,179.0,6.0,54.0,137.0,15.0,473.0,523.0,POINT (-73.33383712784692 46.37357695383326)
2021S051624520002,4,1,3,1,3,2,1,71,71,30,44,83,44,16,46,12,549,549,69.0,79.0,156.0,7.0,70.0,116.0,17.0,549.0,576.0,POINT (-73.324309709992 46.2325243569356)
2021S051624520005,0,1,1,0,4,1,0,24,24,0,2,3,0,65,3,0,304,304,48.0,76.0,102.0,15.0,37.0,75.0,8.0,358.0,376.0,POINT (-73.33152526804201 45.90805514483525)
2021S051624520006,0,0,0,0,0,0,0,2,2,0,0,0,0,0,0,0,2,2,29.0,56.0,95.0,4.0,26.0,48.0,4.0,260.0,273.0,POINT (-73.28103831322281 45.88555426275345)
2021S051624520111,5,11,15,1,4,6,0,81,83,92,196,438,5,87,239,0,869,1052,120.0,119.0,245.0,13.0,103.0,166.0,27.0,803.0,842.0,POINT (-73.22595524070078 46.024765096988396)
2021S051624530001,0,0,0,0,0,0,0,2,2,0,0,0,0,0,0,0,2,2,21.0,42.0,85.0,4.0,25.0,65.0,10.0,236.0,251.0,POINT (-73.0077192714006 46.05930985786882)
2021S051624530002,0,3,3,2,2,4,0,64,64,0,6,6,4,6,19,0,200,200,69.0,91.0,121.0,9.0,50.0,84.0,26.0,485.0,503.0,POINT (-72.89847678382478 45.97769810740943)
2021S051624530003,0,2,0,0,0,0,0,6,6,0,9,0,0,0,0,0,26,26,19.0,21.0,70.0,3.0,18.0,59.0,8.0,177.0,189.0,POINT (-73.10892527676404 46.04602230576675)
2021S051624530004,0,1,2,0,1,1,0,4,5,0,15,30,0,15,15,0,65,80,20.0,25.0,87.0,5.0,21.0,74.0,11.0,206.0,221.0,POINT (-73.08609348737969 46.03733440436379)
2021S051624530005,0,1,2,0,0,2,0,1,2,0,34,346,0,0,346,0,312,346,14.0,14.0,45.0,2.0,12.0,39.0,5.0,131.0,139.0,POINT (-73.12968671827538 46.044230707086825)
2021S051624530006,0,2,3,0,2,5,0,10,12,0,7,74,0,104,307,0,470,540,22.0,27.0,98.0,5.0,23.0,86.0,10.0,212.0,229.0,POINT (-73.1475184952753 46.030865865409446)
2021S051624530007,1,0,0,0,0,0,1,4,4,27,0,0,0,0,0,27,32,32,30.0,38.0,133.0,7.0,32.0,110.0,16.0,306.0,329.0,POINT (-73.05503745044268 46.00646076887641)
2021S051624530008,0,0,0,0,0,0,0,1,1,0,0,0,0,0,0,0,2,2,27.0,34.0,123.0,6.0,27.0,104.0,15.0,258.0,279.0,POINT (-73.1426786301588 46.02145696138396)
2021S051624530009,0,0,0,0,1,0,0,8,8,0,0,0,0,7,0,0,23,23,17.0,23.0,66.0,3.0,26.0,54.0,9.0,215.0,226.0,POINT (-73.08407305622511 45.95311170756823)
2021S051624530010,0,2,2,0,0,1,0,18,19,0,20,106,0,0,15,0,164,179,18.0,37.0,96.0,3.0,42.0,76.0,5.0,269.0,285.0,POINT (-73.12947738744101 45.89443176573451)
2021S051624530011,0,1,1,1,0,1,0,2,2,0,9,9,9,0,9,0,12,12,29.0,33.0,126.0,6.0,27.0,106.0,16.0,279.0,300.0,POINT (-73.12042200126989 46.0238156315258)
2021S051624530012,1,1,1,1,0,1,0,7,7,1,21,21,21,0,21,0,56,56,33.0,44.0,130.0,7.0,28.0,100.0,14.0,302.0,323.0,POINT (-73.15847734560622 45.9966997881302)
2021S051624530013,0,0,0,0,0,0,0,0,0,0,0,0,0,0,0,0,0,0,20.0,26.0,90.0,5.0,21.0,76.0,11.0,219.0,235.0,POINT (-73.09095976916728 46.02491444150517)
2021S051624540001,5,11,13,2,7,6,1,162,164,13,76,105,10,33,39,43,542,560,82.0,153.0,147.0,17.0,72.0,77.0,20.0,879.0,909.0,POINT (-72.99591382750768 45.75115925486699)
2021S051624540002,0,2,1,0,0,0,0,17,17,0,5,3,0,0,0,0,51,51,20.0,30.0,23.0,3.0,13.0,11.0,4.0,177.0,180.0,POINT (-72.8412222126437 45.717191640708634)
2021S051624540003,1,1,2,0,6,3,1,90,90,1,4,18,0,314,29,1,920,920,81.0,179.0,184.0,27.0,61.0,83.0,26.0,704.0,752.0,POINT (-73.07296865983447 45.62054153546465)
2021S051624540011,1,12,5,3,6,5,0,57,57,55,495,86,69,175,75,0,774,774,55.0,147.0,128.0,31.0,51.0,52.0,11.0,553.0,576.0,POINT (-72.88181489792683 45.50691554281802)
2021S051624540012,2,2,2,0,5,0,0,29,29,61,59,61,0,39,0,0,181,181,45.0,104.0,82.0,13.0,41.0,34.0,9.0,403.0,422.0,POINT (-72.89325469022654 45.61079466270774)
2021S051624540013,0,1,0,0,0,0,0,2,2,0,2,0,0,0,0,0,4,4,37.0,60.0,50.0,7.0,25.0,21.0,14.0,255.0,269.0,POINT (-72.98699093075011 45.58831822733125)
2021S051624540014,1,2,2,1,0,1,0,9,9,2,7,7,5,0,5,0,270,270,50.0,97.0,79.0,10.0,42.0,37.0,19.0,359.0,384.0,POINT (-72.99173571477257 45.610804041584416)
2021S051624540015,0,1,0,0,0,0,0,4,4,0,14,0,0,0,0,0,50,50,33.0,89.0,66.0,11.0,42.0,28.0,7.0,291.0,308.0,POINT (-72.9472354280789 45.624317890776986)
2021S051624540016,0,1,0,0,0,0,0,1,1,0,3,0,0,0,0,0,3,3,32.0,69.0,59.0,9.0,31.0,24.0,8.0,248.0,264.0,POINT (-72.9500682822327 45.611998703303925)
2021S051624540017,2,3,4,1,0,2,0,6,7,133,56,153,97,0,29,0,194,197,27.0,70.0,52.0,10.0,31.0,24.0,6.0,239.0,251.0,POINT (-72.93003986604394 45.62537235349747)
2021S051624540018,0,1,1,0,0,2,0,17,17,0,4,4,0,0,9,0,53,53,32.0,69.0,51.0,9.0,33.0,23.0,6.0,275.0,287.0,POINT (-72.88520698679827 45.669795575451595)
2021S051624540019,1,3,3,0,1,1,0,8,8,2,8,9,0,3,2,0,105,105,27.0,67.0,51.0,9.0,29.0,23.0,6.0,237.0,249.0,POINT (-72.92348717772694 45.64237436217859)
2021S051624540020,0,1,1,0,0,0,0,9,9,0,35,35,0,0,0,0,200,200,22.0,54.0,42.0,6.0,26.0,18.0,5.0,198.0,208.0,POINT (-72.94946450983154 45.64170941233918)
2021S051624540021,0,0,1,0,0,1,0,0,1,0,0,3,0,0,3,0,0,3,33.0,86.0,63.0,10.0,40.0,26.0,7.0,275.0,291.0,POINT (-72.95414081974015 45.633379035176624)
2021S051624540022,0,1,1,0,0,0,0,7,7,0,5,5,0,0,0,0,89,89,29.0,77.0,61.0,10.0,33.0,28.0,5.0,265.0,283.0,POINT (-72.97010045312292 45.626835286618835)
2021S051624540023,7,18,19,1,11,6,1,81,86,195,784,528,9,133,241,46,1789,2079,43.0,81.0,67.0,9.0,35.0,30.0,15.0,309.0,329.0,POINT (-72.98972695913679 45.654850759431035)
2021S051624540024,0,2,3,0,1,1,0,29,30,0,4,39,0,70,35,0,197,232,33.0,60.0,47.0,7.0,19.0,18.0,6.0,282.0,291.0,POINT (-72.83039938862072 45.58552699794635)
2021S051624550001,2,2,4,0,2,1,2,40,41,93,5,105,0,9,3,96,397,400,33.0,81.0,65.0,17.0,33.0,32.0,7.0,356.0,365.0,POINT (-72.89598928119844 45.43926574633099)
2021S051624550002,2,1,2,0,1,0,1,11,11,97,6,97,0,7,0,91,145,145,56.0,104.0,78.0,10.0,24.0,37.0,9.0,311.0,333.0,POINT (-73.21500847857577 45.48460313318684)
2021S051624550003,4,7,8,1,2,2,0,116,119,23,136,199,2,29,107,0,1020,1130,119.0,296.0,245.0,39.0,117.0,109.0,35.0,1111.0,1174.0,POINT (-72.98766227555384 45.38245090346442)
2021S051624550004,5,11,12,4,2,3,2,36,36,37,516,730,339,6,350,19,1026,1026,130.0,281.0,232.0,32.0,93.0,85.0,30.0,748.0,805.0,POINT (-73.15657159849066 45.428015589280605)
2021S051624550005,0,2,2,0,3,0,0,11,12,0,341,341,0,88,0,0,104,443,63.0,134.0,105.0,15.0,35.0,46.0,13.0,366.0,393.0,POINT (-73.222765277181 45.40563810134703)
2021S051624560001,1,1,3,1,2,2,0,72,73,10,2,15,10,6,15,0,431,434,56.0,124.0,105.0,19.0,45.0,48.0,10.0,546.0,568.0,POINT (-73.11405791656814 45.28289298689435)
2021S051624560002,1,0,1,0,1,0,1,8,8,22,0,22,0,3,0,22,53,53,80.0,200.0,154.0,21.0,50.0,73.0,8.0,527.0,569.0,POINT (-73.32980232705314 45.367892710643005)
2021S051624560003,0,3,3,0,3,2,0,7,8,0,18,18,0,17,38,0,62,69,59.0,158.0,143.0,22.0,39.0,63.0,9.0,404.0,436.0,POINT (-73.2588560633386 45.360144439240756)
2021S051624560004,0,2,1,1,3,1,0,23,23,0,25,5,5,9,5,0,106,106,53.0,120.0,108.0,19.0,38.0,50.0,8.0,395.0,419.0,POINT (-73.19363808349738 45.30943601413605)
2021S051624560005,1,3,2,0,0,0,0,16,16,5,11,6,0,0,0,0,49,49,53.0,120.0,99.0,12.0,33.0,48.0,6.0,361.0,388.0,POINT (-73.34325656606852 45.30738671703527)
2021S051624560006,0,0,0,0,0,0,0,2,2,0,0,0,0,0,0,0,7,7,39.0,87.0,77.0,12.0,25.0,38.0,6.0,267.0,284.0,POINT (-73.29543923222982 45.34072536916253)
2021S051624560007,1,1,0,0,0,0,0,2,2,4,4,0,0,0,0,0,5,5,44.0,118.0,105.0,16.0,29.0,49.0,7.0,315.0,339.0,POINT (-73.27432764199254 45.334518130754866)
2021S051624560008,0,5,2,0,0,0,0,9,9,0,79,7,0,0,0,0,83,83,50.0,127.0,122.0,19.0,36.0,53.0,9.0,346.0,376.0,POINT (-73.25577906876563 45.3082340251256)
2021S051624560009,9,12,15,3,5,8,1,43,47,166,443,536,84,341,304,58,1354,1539,42.0,106.0,94.0,14.0,30.0,44.0,7.0,306.0,327.0,POINT (-73.277681944646 45.318376151309074)
2021S051624560010,0,1,1,0,1,0,0,6,6,0,2,2,0,15,0,0,66,66,49.0,109.0,111.0,20.0,38.0,47.0,8.0,345.0,372.0,POINT (-73.23836186078358 45.30448903543145)
2021S051624560011,0,2,1,0,1,2,0,17,17,0,26,11,0,15,15,0,241,241,57.0,134.0,121.0,18.0,43.0,59.0,9.0,385.0,413.0,POINT (-73.29733126767125 45.27877922832047)
2021S051624560012,1,1,1,0,1,0,0,5,5,3,3,3,0,15,0,0,197,197,54.0,132.0,139.0,24.0,47.0,59.0,6.0,402.0,437.0,POINT (-73.25343851720392 45.26225311384658)
2021S051624560013,1,1,1,0,1,2,0,62,62,2,2,2,0,7,15,0,239,239,47.0,113.0,116.0,24.0,49.0,49.0,6.0,436.0,461.0,POINT (-73.14763478153907 45.10889999321474)
2021S051624560014,2,3,3,0,2,1,0,47,47,133,148,148,0,18,12,0,311,311,50.0,114.0,113.0,19.0,46.0,53.0,6.0,382.0,408.0,POINT (-73.3203444199799 45.129924030297445)
2021S051624560015,0,1,1,0,0,1,0,5,5,0,390,390,0,0,3,0,414,414,62.0,149.0,141.0,23.0,49.0,60.0,7.0,431.0,466.0,POINT (-73.2600938428276 45.29673261424691)
2021S051624560016,5,6,3,1,4,2,0,23,23,259,410,351,44,162,47,0,835,835,52.0,112.0,106.0,19.0,39.0,47.0,8.0,350.0,376.0,POINT (-73.21969171856487 45.310400922641804)
2021S051624570001,1,4,3,1,2,1,0,54,54,5,10,5,2,5,2,0,230,230,75.0,149.0,135.0,17.0,41.0,75.0,14.0,531.0,565.0,POINT (-73.16768430153901 45.7265812909205)
2021S051624570002,3,12,11,0,3,4,0,32,33,6,144,170,0,115,45,0,397,431,40.0,68.0,58.0,6.0,14.0,32.0,6.0,228.0,242.0,POINT (-73.25732959837262 45.60517244545032)
2021S051624570003,9,7,6,0,3,1,4,29,31,434,149,148,0,13,72,348,738,815,98.0,237.0,179.0,20.0,44.0,85.0,18.0,547.0,610.0,POINT (-73.22108323796968 45.58932677299083)
2021S051624570004,0,3,5,0,3,1,0,14,15,0,29,39,0,39,7,0,160,167,63.0,146.0,103.0,15.0,35.0,50.0,13.0,389.0,421.0,POINT (-73.16436472476784 45.590410900171605)
2021S051624570005,1,2,3,0,0,0,0,11,11,2,4,7,0,0,0,0,66,66,55.0,123.0,87.0,13.0,27.0,43.0,11.0,349.0,375.0,POINT (-73.16923132918491 45.55007966341026)
2021S051624570006,0,1,1,1,0,1,0,20,20,0,21,21,21,0,21,0,214,214,52.0,107.0,81.0,12.0,27.0,36.0,11.0,360.0,382.0,POINT (-73.117665908599 45.51291482046464)
2021S051624570007,0,3,1,0,1,1,0,5,6,0,25,3,0,3,3,0,48,51,62.0,139.0,102.0,14.0,31.0,48.0,13.0,369.0,402.0,POINT (-73.20807526817053 45.57172423202439)
2021S051624570008,1,1,0,0,0,0,0,11,11,1,3,0,0,0,0,0,26,26,60.0,110.0,86.0,9.0,21.0,45.0,9.0,316.0,342.0,POINT (-73.26360482670754 45.53898918479068)
2021S051624570009,0,1,0,0,1,1,0,4,4,0,3,0,0,3,7,0,16,16,67.0,160.0,114.0,15.0,34.0,54.0,14.0,399.0,436.0,POINT (-73.21111455095382 45.53859134491248)
2021S051624570010,0,2,1,0,0,0,0,3,3,0,5,2,0,0,0,0,8,8,52.0,103.0,79.0,10.0,22.0,37.0,9.0,289.0,313.0,POINT (-73.23346354358146 45.54683009464507)
2021S051624570011,0,1,0,0,0,0,0,4,4,0,2,0,0,0,0,0,10,10,60.0,111.0,87.0,9.0,20.0,40.0,10.0,308.0,333.0,POINT (-73.29962207399768 45.52348751228768)
2021S051624570012,0,1,2,0,1,0,0,4,4,0,2,5,0,3,0,0,13,13,58.0,107.0,82.0,9.0,20.0,39.0,10.0,313.0,337.0,POINT (-73.28824561986805 45.50507983287587)
2021S051624570014,0,3,0,0,0,0,0,6,6,0,209,0,0,0,0,0,215,215,91.0,214.0,160.0,20.0,45.0,66.0,17.0,493.0,536.0,POINT (-73.27643279259347 45.445168284125884)
2021S051624570016,0,0,0,0,0,0,0,1,1,0,0,0,0,0,0,0,7,7,33.0,48.0,40.0,6.0,11.0,21.0,4.0,174.0,183.0,POINT (-73.25711368749283 45.41004438291562)
2021S051624570017,5,18,13,2,7,11,0,38,43,28,299,235,6,76,254,0,482,621,81.0,177.0,138.0,20.0,39.0,60.0,13.0,451.0,487.0,POINT (-73.28327125063767 45.417780105824036)
2021S051624570018,4,5,4,0,1,0,0,15,16,74,29,26,0,6,0,0,108,123,84.0,180.0,147.0,16.0,47.0,69.0,14.0,493.0,538.0,POINT (-73.33394216478013 45.44959621660427)
2021S051624570019,0,2,1,0,0,0,0,4,4,0,5,2,0,0,0,0,14,14,82.0,182.0,139.0,20.0,38.0,64.0,13.0,477.0,516.0,POINT (-73.31505119684962 45.43239631989233)
2021S051624580005,1,4,2,0,2,1,0,10,10,26,71,33,0,25,35,0,124,124,51.0,94.0,70.0,8.0,18.0,43.0,8.0,301.0,323.0,POINT (-73.33270620653298 45.54978670995674)
2021S051624580007,11,24,18,2,5,12,2,64,70,529,1154,1205,30,96,391,49,1849,2366,78.0,154.0,104.0,9.0,32.0,54.0,9.0,452.0,481.0,POINT (-73.4764079840014 45.56430387816936)
2021S051624580008,1,1,0,0,0,0,0,3,3,70,70,0,0,0,0,0,324,324,72.0,141.0,99.0,9.0,28.0,50.0,9.0,426.0,456.0,POINT (-73.43947730403801 45.54628653684803)
2021S051624580009,1,3,1,0,0,0,0,9,9,4,11,4,0,0,0,0,36,36,68.0,132.0,96.0,9.0,24.0,48.0,11.0,368.0,402.0,POINT (-73.340926724028 45.51105850220864)
2021S051624580010,0,0,0,0,0,0,0,3,3,0,0,0,0,0,0,0,8,8,63.0,126.0,88.0,9.0,23.0,49.0,8.0,392.0,416.0,POINT (-73.4673164247569 45.549293593735044)
2021S051624580011,4,19,16,2,5,9,1,34,39,10,898,204,6,61,185,43,1207,1305,70.0,140.0,101.0,9.0,31.0,57.0,9.0,438.0,472.0,POINT (-73.41070844944848 45.51998497490515)
2021S051624580012,3,5,1,0,0,0,0,10,10,422,752,395,0,0,0,0,1063,1063,54.0,103.0,78.0,10.0,16.0,47.0,8.0,322.0,348.0,POINT (-73.37698757318947 45.52118245651759)
2021S051624580013,6,11,9,1,2,5,0,17,21,171,485,449,21,157,166,0,458,673,57.0,112.0,84.0,9.0,18.0,43.0,8.0,323.0,350.0,POINT (-73.34651901932021 45.51780392673212)
2021S051624580014,0,0,1,0,1,1,0,1,2,0,0,3,0,3,3,0,3,6,57.0,105.0,80.0,9.0,21.0,47.0,8.0,354.0,380.0,POINT (-73.43989166218414 45.5337095388825)
2021S051624580015,0,0,0,0,0,0,0,4,4,0,0,0,0,0,0,0,36,36,50.0,96.0,68.0,7.0,19.0,40.0,5.0,329.0,348.0,POINT (-73.48204076563407 45.544522798477914)
2021S051624580016,1,4,3,0,1,1,1,7,8,35,232,22,0,3,3,35,285,288,59.0,109.0,79.0,8.0,20.0,48.0,6.0,343.0,365.0,POINT (-73.50224120195634 45.540213299366556)
2021S051624580017,0,0,0,0,0,2,0,2,2,0,0,0,0,0,8,0,8,8,69.0,140.0,97.0,9.0,30.0,58.0,6.0,436.0,466.0,POINT (-73.47675931004747 45.52893178116268)
2021S051624580018,0,0,0,0,0,0,0,1,1,0,0,0,0,0,0,0,3,3,72.0,150.0,105.0,9.0,33.0,60.0,6.0,430.0,462.0,POINT (-73.46349434802744 45.528494054919136)
2021S051624580019,0,0,0,0,0,0,0,1,1,0,0,0,0,0,0,0,3,3,61.0,115.0,84.0,9.0,23.0,48.0,6.0,381.0,403.0,POINT (-73.48604001701007 45.531864781092)
2021S051624580020,0,2,2,0,0,1,0,9,9,0,5,5,0,0,3,0,95,95,62.0,120.0,83.0,9.0,22.0,50.0,6.0,367.0,390.0,POINT (-73.51658179720953 45.53171178027586)
2021S051624580021,0,0,0,0,0,0,0,0,0,0,0,0,0,0,0,0,0,0,58.0,99.0,74.0,8.0,19.0,42.0,8.0,312.0,334.0,POINT (-73.45038772045824 45.52271763987288)
2021S051624580022,0,0,0,0,0,0,0,2,2,0,0,0,0,0,0,0,29,29,58.0,113.0,88.0,11.0,21.0,46.0,8.0,315.0,343.0,POINT (-73.37117838633877 45.489824841702635)
2021S051624580023,0,1,1,0,0,1,0,0,1,0,72,72,0,0,72,0,0,72,51.0,95.0,71.0,7.0,18.0,39.0,8.0,309.0,333.0,POINT (-73.41324665116191 45.50703776007132)
2021S051624580024,0,0,0,0,0,0,0,0,0,0,0,0,0,0,0,0,0,0,55.0,106.0,78.0,8.0,21.0,46.0,6.0,332.0,353.0,POINT (-73.46580806946291 45.51716613742771)
2021S051624580025,0,0,0,0,0,0,0,2,2,0,0,0,0,0,0,0,7,7,65.0,128.0,90.0,9.0,24.0,50.0,6.0,406.0,429.0,POINT (-73.4906928838869 45.52270998528293)
2021S051624580026,0,0,0,0,0,1,0,3,3,0,0,0,0,0,2,0,5,5,58.0,105.0,75.0,9.0,19.0,46.0,8.0,354.0,376.0,POINT (-73.45906892781086 45.50918116868449)
2021S051624580027,0,2,0,0,0,0,0,4,4,0,9,0,0,0,0,0,22,22,63.0,122.0,86.0,9.0,23.0,49.0,6.0,366.0,388.0,POINT (-73.4990104701921 45.52135721179159)
2021S051624580028,2,6,3,0,0,0,0,8,8,9,21,6,0,0,0,0,26,26,86.0,180.0,129.0,10.0,32.0,70.0,12.0,498.0,543.0,POINT (-73.42286610275578 45.494498264170616)
2021S051624580029,0,0,0,0,0,0,0,3,3,0,0,0,0,0,0,0,10,10,49.0,89.0,65.0,7.0,17.0,41.0,6.0,329.0,346.0,POINT (-73.48269907657851 45.509738846518054)
2021S051624580030,2,4,1,0,0,0,0,4,5,7,37,2,0,0,0,0,46,51,64.0,122.0,84.0,9.0,23.0,51.0,6.0,395.0,418.0,POINT (-73.50142071053845 45.51208241559967)
2021S051624580031,3,9,4,1,0,1,0,18,18,23,132,13,5,0,5,0,172,172,85.0,195.0,150.0,17.0,42.0,86.0,14.0,529.0,581.0,POINT (-73.37386498967784 45.4714629981375)
2021S051624580032,2,8,5,0,0,5,0,22,23,39,410,119,0,0,189,0,612,615,94.0,204.0,153.0,16.0,42.0,80.0,14.0,554.0,605.0,POINT (-73.41050070922137 45.46723958059951)
2021S051624580033,1,1,1,0,1,1,0,4,4,252,252,252,0,3,17,0,280,280,59.0,114.0,79.0,9.0,17.0,47.0,6.0,344.0,366.0,POINT (-73.47942424440662 45.501919135753745)
2021S051624580034,0,0,0,0,0,0,0,2,2,0,0,0,0,0,0,0,7,7,42.0,68.0,52.0,7.0,13.0,31.0,5.0,270.0,283.0,POINT (-73.51185161481345 45.508658426942205)
2021S051624580035,0,0,0,0,1,0,0,4,4,0,0,0,0,3,0,0,7,7,51.0,91.0,67.0,8.0,16.0,41.0,6.0,299.0,320.0,POINT (-73.4577690293556 45.49558293998222)
2021S051624580036,0,2,0,0,0,0,0,5,5,0,6,0,0,0,0,0,17,17,72.0,148.0,99.0,10.0,26.0,60.0,6.0,448.0,479.0,POINT (-73.47226436317557 45.49150499057638)
2021S051624580037,2,3,3,0,0,0,1,6,7,14,40,46,0,0,0,10,128,162,47.0,89.0,61.0,7.0,17.0,38.0,5.0,322.0,338.0,POINT (-73.50774989249639 45.49924515164382)
2021S051624580038,1,0,1,0,0,0,0,1,1,3,0,3,0,0,0,0,3,3,54.0,100.0,75.0,9.0,17.0,40.0,6.0,305.0,328.0,POINT (-73.44838675077247 45.489638939075775)
2021S051624580039,0,1,0,0,0,0,0,6,6,0,28,0,0,0,0,0,42,42,71.0,136.0,98.0,9.0,25.0,52.0,9.0,413.0,445.0,POINT (-73.4358656760596 45.481748575205145)
2021S051624580040,2,5,5,1,0,1,0,10,10,60,85,85,21,0,21,0,130,130,65.0,125.0,86.0,9.0,20.0,50.0,6.0,399.0,424.0,POINT (-73.48627991994105 45.49205054352293)
2021S051624580044,0,1,0,0,0,1,0,3,3,0,6,0,0,0,6,0,8,8,44.0,73.0,52.0,7.0,13.0,37.0,5.0,290.0,305.0,POINT (-73.49220240894329 45.48097888659803)
2021S051624580046,0,2,0,0,0,1,0,3,3,0,22,0,0,0,13,0,76,76,69.0,137.0,99.0,11.0,25.0,49.0,6.0,410.0,439.0,POINT (-73.40654400194809 45.439858966438166)
2021S051624580047,0,0,0,0,0,0,0,1,1,0,0,0,0,0,0,0,1,1,53.0,89.0,61.0,5.0,15.0,33.0,6.0,313.0,330.0,POINT (-73.47829832974881 45.469721527572204)
2021S051624580048,1,1,0,0,0,1,0,1,2,6,6,0,0,0,2,0,2,8,54.0,93.0,64.0,6.0,16.0,36.0,6.0,327.0,345.0,POINT (-73.4807860369468 45.459922929744)
2021S051624580050,0,0,0,0,0,0,0,1,1,0,0,0,0,0,0,0,2,2,58.0,98.0,67.0,6.0,16.0,35.0,6.0,330.0,347.0,POINT (-73.48527142042136 45.45280640223989)
2021S051624580052,0,1,1,0,0,1,0,1,2,0,3,3,0,0,3,0,1,4,52.0,85.0,59.0,6.0,13.0,32.0,5.0,276.0,291.0,POINT (-73.48144915892556 45.438627834790296)
2021S051624580055,9,23,11,0,5,7,0,47,50,468,669,626,0,99,358,0,1359,1580,98.0,226.0,159.0,16.0,56.0,82.0,14.0,617.0,663.0,POINT (-73.44516961980882 45.586085140634964)
2021S051624580056,1,4,4,1,0,1,0,7,7,3,14,14,2,0,2,0,28,28,68.0,153.0,108.0,11.0,38.0,55.0,7.0,432.0,464.0,POINT (-73.44126856709384 45.62758041789286)
2021S051624580057,10,29,18,5,9,8,1,78,80,424,897,462,161,210,244,22,2192,2270,82.0,185.0,134.0,13.0,43.0,68.0,12.0,502.0,547.0,POINT (-73.40134299198972 45.58676587223229)
2021S051624580058,0,1,1,0,0,0,0,1,1,0,2,2,0,0,0,0,2,2,56.0,94.0,66.0,6.0,15.0,34.0,6.0,295.0,313.0,POINT (-73.46708278930629 45.44252087791752)
2021S051624580059,0,0,0,0,0,0,0,3,3,0,0,0,0,0,0,0,8,8,62.0,118.0,81.0,8.0,20.0,41.0,6.0,341.0,368.0,POINT (-73.45716223461007 45.453449652428816)
2021S051624580062,0,1,0,0,0,1,0,2,2,0,2,0,0,0,2,0,3,3,82.0,164.0,109.0,9.0,30.0,53.0,8.0,466.0,502.0,POINT (-73.45140776539975 45.469334584817304)
2021S051624580063,0,1,2,0,0,2,0,4,6,0,15,18,0,0,18,0,9,27,72.0,148.0,96.0,9.0,25.0,51.0,6.0,430.0,459.0,POINT (-73.46691278864303 45.47382308603771)
2021S051624580064,7,10,6,0,4,4,2,34,34,167,229,86,0,88,14,14,449,449,81.0,173.0,119.0,13.0,34.0,58.0,7.0,475.0,511.0,POINT (-73.4348694994363 45.43472548858985)
2021S051624590001,2,2,5,0,0,7,0,16,16,6,6,615,0,0,643,0,686,686,43.0,117.0,193.0,26.0,74.0,151.0,12.0,485.0,518.0,POINT (-73.21081586887325 45.878409215741)
2021S051624590002,3,5,3,0,2,0,0,25,25,10,18,10,0,21,0,0,115,115,59.0,112.0,113.0,16.0,41.0,75.0,14.0,397.0,422.0,POINT (-73.34234539304511 45.7546204028981)
2021S051624590003,0,1,1,0,0,1,0,5,6,0,3,3,0,0,3,0,8,11,27.0,33.0,31.0,3.0,10.0,14.0,4.0,172.0,177.0,POINT (-73.26711989892651 45.749222841282524)
2021S051624590004,1,4,4,0,2,7,0,15,17,23,98,99,0,6,421,0,498,538,87.0,223.0,166.0,17.0,62.0,86.0,10.0,571.0,619.0,POINT (-73.47039032672004 45.681715254395826)
2021S051624590005,3,11,8,2,0,9,0,31,34,57,277,199,41,0,264,0,705,817,74.0,161.0,126.0,13.0,44.0,63.0,12.0,452.0,488.0,POINT (-73.37105544051666 45.67316628053962)
2021S051624590006,0,1,0,0,0,0,0,4,4,0,5,0,0,0,0,0,8,8,76.0,152.0,125.0,11.0,33.0,79.0,13.0,418.0,453.0,POINT (-73.27928837248037 45.65618897662301)
2021S051624590007,3,2,3,0,0,1,1,15,15,11,7,12,0,0,4,5,74,74,70.0,140.0,115.0,14.0,34.0,72.0,13.0,388.0,422.0,POINT (-73.31373868719787 45.6609296905332)
2021S051624590008,1,7,6,2,0,1,0,13,14,60,76,56,9,0,2,0,114,148,103.0,247.0,175.0,25.0,56.0,92.0,18.0,600.0,655.0,POINT (-73.33131682514617 45.61418679293229)
2021S051624590009,0,1,1,0,0,1,0,2,3,0,34,34,0,0,34,0,9,43,90.0,195.0,131.0,12.0,42.0,70.0,15.0,487.0,531.0,POINT (-73.35827472062263 45.59337837382991)
2021S051624590010,7,11,10,2,4,3,1,27,29,125,419,339,14,186,29,21,609,769,68.0,141.0,105.0,12.0,24.0,56.0,10.0,365.0,400.0,POINT (-73.3139935124048 45.57357691814212)
2021S051624600003,0,2,1,0,1,2,0,12,13,0,10,7,0,3,11,0,32,39,27.0,46.0,57.0,8.0,18.0,35.0,4.0,232.0,240.0,POINT (-73.37529795216619 45.82820260866837)
2021S051624600004,1,1,1,0,0,0,0,20,20,1,2,2,0,0,0,0,118,118,34.0,55.0,66.0,8.0,27.0,41.0,5.0,267.0,285.0,POINT (-73.50744952420847 45.844839115605104)
2021S051624600005,0,1,1,0,0,1,0,1,2,0,3,3,0,0,3,0,2,5,32.0,82.0,104.0,16.0,39.0,75.0,4.0,280.0,294.0,POINT (-73.48225410359811 45.8499343319357)
2021S051624600006,1,1,2,0,1,0,0,7,7,65,65,71,0,6,0,0,81,81,28.0,66.0,78.0,10.0,26.0,55.0,3.0,235.0,249.0,POINT (-73.42478927248344 45.82451579657674)
2021S051624600011,0,2,1,1,0,0,0,6,6,0,6,3,3,0,0,0,13,13,47.0,94.0,90.0,15.0,34.0,62.0,6.0,335.0,351.0,POINT (-73.41410836038068 45.77470437617804)
2021S051624600012,0,0,0,0,1,0,0,1,1,0,0,0,0,7,0,0,7,7,48.0,105.0,89.0,13.0,38.0,54.0,6.0,299.0,318.0,POINT (-73.46040232049744 45.751409121870665)
2021S051624600013,1,6,6,2,4,3,0,16,18,6,81,72,11,68,14,0,148,188,37.0,81.0,67.0,11.0,28.0,46.0,5.0,286.0,299.0,POINT (-73.45017082461966 45.74881058823654)
2021S051624600014,0,1,1,0,0,0,0,3,3,0,3,3,0,0,0,0,10,10,49.0,117.0,110.0,17.0,44.0,79.0,6.0,360.0,382.0,POINT (-73.4613187378156 45.76829331806966)
2021S051624600015,1,11,10,2,5,2,1,31,32,91,506,601,327,208,327,91,751,758,45.0,90.0,79.0,11.0,32.0,49.0,7.0,293.0,314.0,POINT (-73.50089641184421 45.75232045125879)
2021S051624600016,0,1,1,0,0,0,0,3,3,0,4,4,0,0,0,0,17,17,34.0,75.0,69.0,11.0,28.0,47.0,4.0,240.0,255.0,POINT (-73.43625114388888 45.750853030986065)
2021S051624600017,0,1,2,1,0,2,0,2,2,0,9,23,9,0,23,0,23,23,47.0,93.0,74.0,10.0,29.0,42.0,6.0,263.0,285.0,POINT (-73.47498324787281 45.725149169360755)
2021S051624600018,0,1,1,0,0,1,0,0,1,0,15,15,0,0,15,0,0,15,48.0,93.0,75.0,10.0,31.0,42.0,7.0,292.0,315.0,POINT (-73.49009368750285 45.72501448081521)
2021S051624600019,0,1,1,0,0,1,0,7,7,0,3,51,0,0,51,0,67,67,44.0,86.0,71.0,10.0,26.0,42.0,6.0,284.0,302.0,POINT (-73.48605201929746 45.70883858178768)
2021S051624600020,0,2,2,2,1,2,0,10,10,0,7,7,7,33,7,0,50,50,54.0,91.0,119.0,17.0,43.0,85.0,7.0,384.0,404.0,POINT (-73.44189638062689 45.893450642584924)
2021S051624600021,5,9,9,0,7,1,0,40,41,13,135,139,0,182,7,0,401,408,59.0,95.0,113.0,14.0,41.0,71.0,7.0,389.0,410.0,POINT (-73.416239199135 45.83852395528656)
2021S051624600022,0,0,0,0,0,0,0,3,3,0,0,0,0,0,0,0,8,8,45.0,96.0,93.0,14.0,42.0,61.0,6.0,341.0,361.0,POINT (-73.49234884614411 45.78742506913778)
2021S051624600023,0,0,1,0,1,0,0,1,1,0,0,3,0,3,0,0,3,3,57.0,116.0,112.0,18.0,43.0,78.0,7.0,395.0,415.0,POINT (-73.42285658500437 45.7797159822233)
2021S051624600024,0,2,3,0,1,0,0,5,5,0,4,6,0,3,0,0,10,10,51.0,101.0,98.0,16.0,36.0,67.0,6.0,342.0,359.0,POINT (-73.44164627457408 45.77799935435312)
2021S051624610001,0,5,5,2,6,3,0,52,52,0,12,38,4,95,6,0,244,244,70.0,76.0,99.0,8.0,62.0,38.0,7.0,455.0,479.0,POINT (-73.48608522800842 46.101259127330245)
2021S051624610002,1,2,6,0,2,1,0,22,24,8,11,116,0,6,7,0,179,189,35.0,43.0,76.0,4.0,28.0,50.0,5.0,288.0,300.0,POINT (-73.34716090006746 46.01897762117617)
2021S051624610003,0,3,3,1,2,1,1,10,10,0,27,26,21,6,21,2,54,54,68.0,73.0,98.0,8.0,50.0,31.0,7.0,357.0,377.0,POINT (-73.41467764391089 46.049357310973235)
2021S051624610004,1,3,3,0,1,1,0,6,8,3,9,9,0,35,3,0,70,76,63.0,75.0,93.0,7.0,53.0,34.0,5.0,371.0,393.0,POINT (-73.4670248830642 46.04092563735894)
2021S051624610005,5,6,4,0,1,1,1,19,19,540,21,20,0,11,14,35,865,865,62.0,67.0,86.0,7.0,45.0,27.0,5.0,350.0,367.0,POINT (-73.43120542809251 46.02705777325219)
2021S051624610006,0,0,1,0,0,1,0,7,8,0,0,15,0,0,15,0,547,562,53.0,64.0,75.0,4.0,42.0,28.0,4.0,298.0,316.0,POINT (-73.499003530632 45.9938930210571)
2021S051624610008,0,2,4,0,2,0,0,19,19,0,24,10,0,6,0,0,79,79,56.0,71.0,115.0,7.0,41.0,62.0,4.0,361.0,380.0,POINT (-73.40209252609199 45.954927435705244)
2021S051624610009,3,5,9,1,4,1,0,25,26,112,139,191,10,28,7,0,370,377,67.0,79.0,135.0,6.0,57.0,76.0,6.0,424.0,448.0,POINT (-73.42308862925938 46.0028487790801)
2021S051624620001,0,4,4,0,8,1,0,26,27,0,12,10,0,185,3,0,276,279,0.0,17.0,58.0,0.0,269.0,13.0,0.0,565.0,578.0,POINT (-74.08720341998877 46.96346047888514)
2021S051624620002,0,0,0,0,0,0,0,0,0,0,0,0,0,0,0,0,0,0,0.0,4.0,4.0,0.0,12.0,1.0,0.0,45.0,46.0,POINT (-74.38491007106788 47.20783453174382)
2021S051624620003,0,1,0,0,1,0,0,8,8,0,2,0,0,3,0,0,67,67,2.0,28.0,21.0,3.0,70.0,7.0,1.0,192.0,196.0,POINT (-74.14737535497827 46.27221392653095)
2021S051624620004,0,0,1,0,4,0,0,19,19,0,0,3,0,16,0,0,67,67,28.0,65.0,80.0,8.0,54.0,35.0,5.0,286.0,309.0,POINT (-73.59418702382622 46.23103649921783)
2021S051624620005,4,5,7,0,2,1,1,47,49,31,56,124,0,10,35,2,226,276,65.0,64.0,90.0,7.0,49.0,29.0,7.0,404.0,423.0,POINT (-73.42444764235418 46.16809442970304)
2021S051624620006,0,1,1,0,5,0,0,13,13,0,3,3,0,80,0,0,95,95,56.0,63.0,78.0,7.0,61.0,29.0,5.0,371.0,389.0,POINT (-73.87853436713543 46.120164386821926)
2021S051624620007,0,4,2,1,3,1,0,34,35,0,40,36,21,13,21,0,118,133,71.0,73.0,75.0,8.0,81.0,24.0,6.0,414.0,429.0,POINT (-73.72776332740662 46.0551878711974)
2021S051624630001,3,4,3,0,2,1,1,58,58,109,245,66,0,10,6,10,404,404,67.0,109.0,129.0,22.0,79.0,51.0,9.0,455.0,481.0,POINT (-73.55719703188207 45.96571202480731)
2021S051624630002,0,3,3,0,2,2,0,18,20,0,32,16,0,21,10,0,83,93,77.0,85.0,90.0,9.0,85.0,39.0,6.0,449.0,475.0,POINT (-73.74989122791847 45.964530982308624)
2021S051624630004,1,0,0,0,1,0,0,2,2,3,0,0,0,150,0,0,153,153,57.0,76.0,79.0,10.0,81.0,31.0,21.0,296.0,315.0,POINT (-73.88276093114423 45.95958030048642)
2021S051624630005,2,3,3,0,1,0,0,64,64,22,12,12,0,26,0,0,303,303,37.0,59.0,66.0,8.0,39.0,30.0,6.0,308.0,328.0,POINT (-73.6557995245174 45.90813414941215)
2021S051624630006,0,9,8,1,7,8,0,47,52,0,96,79,5,130,67,0,392,449,40.0,96.0,91.0,12.0,46.0,52.0,10.0,340.0,370.0,POINT (-73.59231552801553 45.83612774307926)
2021S051624632001,1,5,7,2,6,2,0,36,36,2,31,151,19,166,19,0,351,351,156.0,362.0,351.0,51.0,238.0,157.0,59.0,971.0,1093.0,POINT (-73.79156061618112 45.863698805772394)
2021S051624640001,1,3,2,0,4,1,0,13,14,2,14,5,0,23,3,0,50,53,61.0,126.0,106.0,13.0,47.0,58.0,8.0,392.0,427.0,POINT (-73.56454507086936 45.76582124260206)
2021S051624640002,1,4,3,1,1,2,0,12,13,5,104,99,2,3,74,0,82,154,68.0,154.0,141.0,18.0,79.0,61.0,24.0,424.0,470.0,POINT (-73.74936034379344 45.79231413194867)
2021S051624640004,0,2,2,1,2,2,0,10,11,0,5,5,2,29,5,0,43,46,56.0,137.0,114.0,13.0,49.0,59.0,10.0,395.0,430.0,POINT (-73.66346235693663 45.762892380031026)
2021S051624640006,0,0,0,0,0,0,0,1,1,0,0,0,0,0,0,0,3,3,50.0,148.0,128.0,13.0,65.0,55.0,10.0,383.0,431.0,POINT (-73.70374490030527 45.76342978382243)
2021S051624640007,2,8,7,0,1,1,1,17,19,6,56,53,0,7,7,5,164,178,63.0,143.0,125.0,13.0,53.0,71.0,9.0,412.0,454.0,POINT (-73.59589162778963 45.73503892145716)
2021S051624640008,0,1,1,0,1,0,0,3,3,0,3,3,0,3,0,0,5,5,55.0,140.0,118.0,14.0,49.0,60.0,10.0,398.0,435.0,POINT (-73.66050309138491 45.7397698147625)
2021S051624640010,0,0,0,0,0,0,0,6,6,0,0,0,0,0,0,0,44,44,64.0,146.0,120.0,12.0,43.0,66.0,10.0,427.0,472.0,POINT (-73.5608655891301 45.706208223713055)
2021S051624640011,6,21,22,1,10,8,2,54,61,85,404,496,21,483,148,43,931,1153,59.0,148.0,113.0,12.0,43.0,59.0,16.0,403.0,444.0,POINT (-73.7122625617045 45.730102344637174)
2021S051624640012,5,10,7,2,5,4,2,34,35,63,157,174,19,137,52,31,530,539,62.0,145.0,119.0,12.0,43.0,66.0,10.0,420.0,465.0,POINT (-73.60720965433771 45.7061059187047)
2021S051624640013,1,0,0,0,0,0,0,4,4,2,0,0,0,0,0,0,13,13,51.0,123.0,100.0,10.0,35.0,56.0,9.0,315.0,350.0,POINT (-73.64259446946303 45.71659863009446)
2021S051624640014,1,2,1,0,0,0,0,3,3,3,4,3,0,0,0,0,9,9,51.0,110.0,87.0,10.0,31.0,51.0,12.0,298.0,329.0,POINT (-73.66563864157918 45.71874259350002)
2021S051624640015,0,1,1,1,3,2,0,9,9,0,5,5,5,152,7,0,190,190,76.0,175.0,137.0,13.0,51.0,80.0,17.0,470.0,524.0,POINT (-73.63799871602706 45.70115677983912)
2021S051624640016,0,0,0,0,0,0,0,3,3,0,0,0,0,0,0,0,8,8,59.0,144.0,109.0,11.0,40.0,59.0,15.0,412.0,452.0,POINT (-73.66512215431823 45.70297534083748)
2021S051624640019,0,2,1,0,1,0,0,5,5,0,7,5,0,7,0,0,16,16,69.0,151.0,128.0,15.0,51.0,69.0,9.0,432.0,475.0,POINT (-73.52677505076575 45.72900477477198)
2021S051624640020,0,0,0,0,0,0,0,2,2,0,0,0,0,0,0,0,27,27,56.0,133.0,113.0,12.0,56.0,49.0,20.0,363.0,405.0,POINT (-73.7236713883883 45.76020911996211)
2021S051624640021,6,16,22,1,3,9,1,42,50,167,603,1104,44,57,697,5,652,1463,67.0,144.0,103.0,11.0,44.0,55.0,21.0,403.0,439.0,POINT (-73.79250755463158 45.71067519414016)
2021S051624640022,2,8,6,2,2,4,1,14,15,61,51,45,4,77,40,58,193,227,75.0,178.0,134.0,13.0,49.0,69.0,23.0,478.0,528.0,POINT (-73.71932201559365 45.6929322745815)
2021S051624640023,0,3,2,0,0,1,0,6,7,0,9,6,0,0,3,0,14,17,75.0,218.0,187.0,21.0,85.0,97.0,11.0,560.0,624.0,POINT (-73.61856855156222 45.753465943229436)
2021S051624650001,2,5,3,1,1,2,1,17,17,38,23,16,2,6,4,35,192,192,77.0,160.0,119.0,11.0,39.0,60.0,15.0,460.0,499.0,POINT (-73.6246506016965 45.67920877330026)
2021S051624650002,1,1,1,0,0,0,0,2,2,3,3,3,0,0,0,0,6,6,62.0,142.0,109.0,11.0,37.0,60.0,9.0,401.0,442.0,POINT (-73.58881710476628 45.669421631013286)
2021S051624650003,0,1,0,0,0,0,0,7,7,0,3,0,0,0,0,0,30,30,68.0,139.0,97.0,10.0,31.0,51.0,14.0,405.0,435.0,POINT (-73.72385981222098 45.65460949063148)
2021S051624650004,1,5,3,0,0,1,0,6,7,26,95,66,0,0,34,0,75,109,64.0,124.0,91.0,9.0,28.0,52.0,10.0,389.0,419.0,POINT (-73.62849380425256 45.649765527039584)
2021S051624650005,1,2,3,0,5,2,1,25,26,7,88,17,0,50,14,7,232,239,76.0,161.0,108.0,10.0,33.0,59.0,14.0,456.0,491.0,POINT (-73.68606514153848 45.63632284844334)
2021S051624650006,0,5,1,0,1,0,0,6,6,0,21,7,0,7,0,0,28,28,91.0,219.0,141.0,14.0,48.0,76.0,20.0,571.0,617.0,POINT (-73.7654860951358 45.6285031325822)
2021S051624650007,5,13,12,1,3,4,1,35,38,157,396,223,9,45,26,5,1134,1151,53.0,98.0,71.0,7.0,20.0,42.0,9.0,334.0,355.0,POINT (-73.6519154056971 45.621593698488326)
2021S051624650008,0,0,0,0,0,0,0,2,2,0,0,0,0,0,0,0,13,13,62.0,121.0,81.0,8.0,24.0,45.0,11.0,362.0,387.0,POINT (-73.73089248957884 45.62538458427606)
2021S051624650009,1,0,1,0,0,1,0,4,4,1,0,3,0,0,3,0,7,7,62.0,117.0,82.0,8.0,24.0,46.0,10.0,371.0,398.0,POINT (-73.66141957996896 45.601215101694514)
2021S051624650010,0,1,0,0,0,0,0,2,2,0,3,0,0,0,0,0,4,4,50.0,93.0,64.0,8.0,21.0,37.0,9.0,322.0,339.0,POINT (-73.73651185158181 45.61853271746287)
2021S051624650011,0,0,0,0,0,0,0,3,3,0,0,0,0,0,0,0,10,10,65.0,128.0,83.0,8.0,28.0,46.0,10.0,385.0,412.0,POINT (-73.72102815551266 45.61283602060923)
2021S051624650012,0,1,1,0,0,0,0,2,2,0,2,2,0,0,0,0,6,6,54.0,105.0,69.0,8.0,24.0,41.0,9.0,342.0,362.0,POINT (-73.74564999622477 45.61391978047351)
2021S051624650013,1,1,1,0,2,0,1,11,11,6,2,2,0,14,0,6,94,94,49.0,87.0,63.0,7.0,18.0,39.0,9.0,290.0,309.0,POINT (-73.70030539310008 45.59783194250328)
2021S051624650014,5,13,7,1,0,2,0,26,28,250,956,540,2,0,36,0,731,1104,64.0,136.0,85.0,9.0,27.0,48.0,10.0,392.0,417.0,POINT (-73.757544091871 45.60282847001275)
2021S051624650015,0,1,1,1,0,1,0,3,3,0,2,2,2,0,2,0,4,4,48.0,86.0,63.0,7.0,17.0,35.0,7.0,275.0,293.0,POINT (-73.68405109351423 45.59872851627123)
2021S051624650016,0,0,0,0,0,0,0,3,3,0,0,0,0,0,0,0,20,20,57.0,114.0,73.0,7.0,22.0,40.0,10.0,349.0,371.0,POINT (-73.78016376520895 45.61149619937151)
2021S051624650017,0,0,0,0,0,2,0,2,2,0,0,0,0,0,5,0,5,5,56.0,108.0,75.0,8.0,22.0,43.0,9.0,352.0,374.0,POINT (-73.6703172150616 45.589069733253446)
2021S051624650018,0,1,0,0,1,1,0,5,5,0,2,0,0,3,19,0,30,30,70.0,144.0,95.0,9.0,32.0,56.0,13.0,430.0,464.0,POINT (-73.7255004729588 45.598809848285825)
2021S051624650019,0,0,0,0,0,1,0,2,2,0,0,0,0,0,3,0,6,6,44.0,75.0,57.0,7.0,16.0,34.0,7.0,261.0,276.0,POINT (-73.67917168073458 45.58222088836089)
2021S051624650020,15,55,36,4,17,17,4,129,140,544,2606,1669,90,357,1521,307,3644,4793,55.0,110.0,73.0,8.0,22.0,44.0,9.0,335.0,357.0,POINT (-73.74178466541267 45.58129252325517)
2021S051624650021,0,0,0,0,0,0,0,2,2,0,0,0,0,0,0,0,111,111,59.0,117.0,81.0,8.0,22.0,48.0,10.0,348.0,374.0,POINT (-73.6918947425092 45.58049792972768)
2021S051624650022,0,2,1,1,1,1,0,3,3,0,8,2,2,3,2,0,11,11,77.0,168.0,102.0,11.0,34.0,56.0,14.0,466.0,499.0,POINT (-73.79581946187234 45.59972548998805)
2021S051624650023,1,1,2,0,1,1,0,3,4,9,34,40,0,6,34,0,16,50,66.0,133.0,87.0,9.0,27.0,52.0,10.0,413.0,442.0,POINT (-73.70902608584525 45.57798757032683)
2021S051624650024,1,5,1,0,0,1,0,7,7,20,245,2,0,0,122,0,266,266,66.0,135.0,84.0,8.0,25.0,44.0,12.0,367.0,393.0,POINT (-73.77974976472595 45.59313841057639)
2021S051624650025,0,4,3,0,2,0,0,13,14,0,70,48,0,13,0,0,90,124,70.0,143.0,88.0,8.0,27.0,46.0,13.0,408.0,436.0,POINT (-73.8207327052213 45.589159094655166)
2021S051624650026,1,1,1,0,0,0,0,1,1,6,6,6,0,0,0,0,6,6,62.0,122.0,81.0,8.0,22.0,50.0,10.0,354.0,382.0,POINT (-73.68280537860952 45.568735228654326)
2021S051624650027,1,0,0,0,0,0,0,1,1,1,0,0,0,0,0,0,1,1,50.0,94.0,65.0,7.0,19.0,38.0,9.0,323.0,341.0,POINT (-73.70338183959272 45.56769622481852)
2021S051624650028,0,0,0,0,0,0,0,1,1,0,0,0,0,0,0,0,2,2,72.0,147.0,90.0,8.0,27.0,48.0,13.0,418.0,446.0,POINT (-73.8020918914995 45.58433526995441)
2021S051624650029,0,1,0,0,0,0,0,2,2,0,1,0,0,0,0,0,2,2,54.0,107.0,73.0,8.0,20.0,44.0,9.0,323.0,345.0,POINT (-73.6899759621888 45.563072385207406)
2021S051624650030,4,7,4,1,2,1,0,26,26,50,199,18,2,18,2,0,377,377,99.0,224.0,139.0,13.0,43.0,74.0,18.0,592.0,636.0,POINT (-73.76179533229453 45.568582401912224)
2021S051624650031,2,2,1,0,0,0,0,4,4,4,4,2,0,0,0,0,13,13,77.0,165.0,99.0,9.0,31.0,53.0,14.0,452.0,484.0,POINT (-73.79792361415726 45.575205812823654)
2021S051624650032,0,0,0,0,0,0,0,1,1,0,0,0,0,0,0,0,3,3,62.0,123.0,80.0,8.0,23.0,47.0,10.0,380.0,406.0,POINT (-73.7034758601712 45.56081395947648)
2021S051624650033,1,2,2,1,0,3,0,10,10,12,14,14,2,0,28,0,258,258,88.0,187.0,120.0,12.0,33.0,70.0,14.0,490.0,531.0,POINT (-73.72334708949252 45.55446044415842)
2021S051624650034,0,0,0,0,0,0,0,0,0,0,0,0,0,0,0,0,0,0,70.0,147.0,92.0,9.0,27.0,53.0,12.0,402.0,432.0,POINT (-73.7147908586778 45.55907928004831)
2021S051624650035,2,7,8,1,1,3,0,24,26,35,181,183,21,3,59,0,376,484,65.0,128.0,82.0,8.0,22.0,44.0,10.0,356.0,382.0,POINT (-73.7910744935841 45.55835196114777)
2021S051624650036,1,1,1,0,2,0,0,4,4,3,3,3,0,38,0,0,43,43,73.0,155.0,94.0,9.0,23.0,52.0,14.0,429.0,459.0,POINT (-73.81559451021384 45.55997760055972)
2021S051624650037,0,1,0,0,1,1,0,4,4,0,3,0,0,7,2,0,15,15,55.0,105.0,67.0,7.0,19.0,39.0,9.0,345.0,363.0,POINT (-73.75960424017218 45.557117866213126)
2021S051624650038,1,1,0,0,0,0,0,6,6,2,4,0,0,0,0,0,13,13,69.0,145.0,88.0,9.0,21.0,49.0,13.0,405.0,432.0,POINT (-73.84112821865966 45.56672125524136)
2021S051624650039,0,3,0,0,2,0,0,6,6,0,9,0,0,10,0,0,38,38,48.0,86.0,58.0,6.0,15.0,33.0,7.0,276.0,292.0,POINT (-73.7445968648743 45.54782943999144)
2021S051624650040,0,1,1,0,0,0,0,2,2,0,5,5,0,0,0,0,6,6,56.0,105.0,71.0,7.0,20.0,39.0,10.0,317.0,337.0,POINT (-73.77854509536873 45.548993571499416)
2021S051624650041,0,1,1,0,0,0,0,3,3,0,3,3,0,0,0,0,9,9,56.0,109.0,68.0,7.0,19.0,38.0,9.0,327.0,345.0,POINT (-73.72977879173442 45.54143929917893)
2021S051624650042,0,2,1,1,1,1,0,6,6,0,10,9,9,3,9,0,35,35,68.0,141.0,85.0,9.0,20.0,47.0,12.0,404.0,430.0,POINT (-73.84412344029035 45.553235799094644)
2021S051624650043,2,0,2,0,1,2,1,8,8,215,0,215,0,3,5,212,234,234,83.0,177.0,110.0,11.0,30.0,62.0,14.0,494.0,529.0,POINT (-73.77553910443103 45.542307574606475)
2021S051624650044,1,2,1,0,0,0,0,1,2,4,11,7,0,0,0,0,4,11,57.0,110.0,72.0,7.0,20.0,42.0,10.0,326.0,348.0,POINT (-73.76175585435406 45.53927813605968)
2021S051624650045,0,2,0,0,0,3,0,6,6,0,5,0,0,0,36,0,46,46,72.0,149.0,86.0,8.0,25.0,48.0,12.0,402.0,428.0,POINT (-73.75218588644752 45.53668539434307)
2021S051624650046,0,1,1,0,0,1,0,5,5,0,2,2,0,0,3,0,9,9,68.0,137.0,81.0,8.0,24.0,44.0,12.0,404.0,427.0,POINT (-73.74762315421809 45.53105906889852)
2021S051624650047,0,0,1,0,0,0,0,7,7,0,0,71,0,0,0,0,111,111,81.0,165.0,104.0,10.0,26.0,60.0,15.0,486.0,521.0,POINT (-73.83227705386952 45.536600052189584)
2021S051624650048,0,1,0,0,0,2,0,3,3,0,3,0,0,0,9,0,11,11,77.0,166.0,94.0,10.0,25.0,51.0,15.0,452.0,479.0,POINT (-73.8564085926023 45.51962302611209)
2021S051624650049,0,1,0,0,1,0,0,6,6,0,2,0,0,3,0,0,46,46,77.0,156.0,92.0,9.0,24.0,55.0,13.0,426.0,455.0,POINT (-73.76898249755632 45.52543275440789)
2021S051624650050,0,0,0,0,0,1,0,2,2,0,0,0,0,0,2,0,5,5,62.0,129.0,74.0,8.0,20.0,44.0,11.0,370.0,392.0,POINT (-73.86394002064334 45.54379601900798)
2021S051624650051,1,4,2,0,1,2,0,7,8,2,28,24,0,15,9,0,45,52,81.0,168.0,100.0,10.0,26.0,54.0,15.0,485.0,514.0,POINT (-73.80152539147319 45.52958300945044)
2021S051624650052,0,0,0,0,0,1,0,5,5,0,0,0,0,0,4,0,10,10,95.0,199.0,119.0,11.0,29.0,69.0,17.0,551.0,585.0,POINT (-73.78491934984721 45.52131921613868)
2021S051624660001,0,2,1,0,1,1,0,2,3,0,70,3,0,3,3,0,70,73,57.0,119.0,94.0,11.0,36.0,48.0,8.0,328.0,356.0,POINT (-73.48950010935965 45.69285399600894)
2021S051624660002,0,0,0,0,1,0,0,2,2,0,0,0,0,3,0,0,6,6,61.0,133.0,105.0,11.0,38.0,54.0,8.0,371.0,406.0,POINT (-73.51681527426547 45.67979819869434)
2021S051624660003,3,11,13,3,4,8,1,34,37,128,276,254,64,27,161,5,735,790,58.0,124.0,94.0,10.0,35.0,50.0,7.0,356.0,387.0,POINT (-73.5131619933067 45.66173520536599)
2021S051624660004,0,0,0,0,0,1,0,1,1,0,0,0,0,0,3,0,3,3,56.0,125.0,95.0,11.0,37.0,48.0,9.0,347.0,376.0,POINT (-73.49849214764939 45.66418291825772)
2021S051624660005,0,1,1,0,0,1,0,0,1,0,7,7,0,0,7,0,0,7,55.0,117.0,86.0,10.0,32.0,43.0,7.0,322.0,347.0,POINT (-73.49831370580486 45.65364880139812)
2021S051624660006,1,1,3,1,3,0,0,9,9,5,24,44,5,167,0,0,456,456,60.0,138.0,103.0,11.0,34.0,57.0,9.0,370.0,408.0,POINT (-73.55336126357757 45.65565410456716)
2021S051624660007,0,0,0,0,0,0,0,2,2,0,0,0,0,0,0,0,3,3,63.0,139.0,101.0,11.0,39.0,51.0,9.0,387.0,418.0,POINT (-73.50009740647853 45.64623718607701)
2021S051624660008,5,14,12,3,5,6,0,27,33,142,651,500,20,494,148,0,1103,1224,56.0,126.0,92.0,10.0,28.0,55.0,8.0,345.0,378.0,POINT (-73.56861459517772 45.64850958867478)
2021S051624660009,0,2,2,0,0,0,0,2,2,0,19,19,0,0,0,0,19,19,53.0,111.0,82.0,10.0,28.0,42.0,7.0,349.0,371.0,POINT (-73.50262249321221 45.638263718298084)
2021S051624660010,1,5,9,1,0,12,0,28,32,4,513,436,75,0,629,0,1240,1348,49.0,96.0,72.0,8.0,20.0,42.0,7.0,289.0,312.0,POINT (-73.53237842307686 45.63017705273609)
2021S051624660011,0,0,0,0,0,0,0,0,0,0,0,0,0,0,0,0,0,0,58.0,129.0,96.0,10.0,32.0,59.0,9.0,398.0,434.0,POINT (-73.58451705524656 45.644765108710374)
2021S051624660012,1,3,5,0,2,3,1,11,14,22,83,120,0,43,16,22,355,442,52.0,109.0,82.0,9.0,22.0,48.0,8.0,318.0,346.0,POINT (-73.57645415648317 45.634763972850244)
2021S051624660013,0,0,1,0,0,0,0,2,2,0,0,3,0,0,0,0,4,4,49.0,93.0,69.0,8.0,20.0,41.0,7.0,313.0,334.0,POINT (-73.59863594737317 45.6352822612347)
2021S051624660014,0,0,0,0,0,0,0,1,1,0,0,0,0,0,0,0,2,2,51.0,103.0,80.0,9.0,23.0,46.0,8.0,330.0,357.0,POINT (-73.5885700265249 45.638240590244195)
2021S051624660015,18,37,24,5,16,6,3,103,107,721,1679,868,176,462,195,109,3240,3345,55.0,107.0,77.0,8.0,22.0,46.0,7.0,320.0,345.0,POINT (-73.57319053253778 45.61743159107223)
2021S051624660016,1,7,6,1,1,5,0,11,16,2,61,63,5,7,29,0,89,147,41.0,68.0,54.0,7.0,17.0,33.0,6.0,277.0,291.0,POINT (-73.61052308782308 45.62649161044236)
2021S051624660017,0,0,0,0,0,0,0,0,0,0,0,0,0,0,0,0,0,0,62.0,137.0,96.0,10.0,32.0,55.0,8.0,404.0,435.0,POINT (-73.54617793547907 45.61639851124814)
2021S051624660018,5,11,9,1,3,7,0,27,29,30,350,400,9,222,112,0,447,529,67.0,141.0,100.0,10.0,32.0,59.0,10.0,386.0,419.0,POINT (-73.59477930062369 45.6248445465806)
2021S051624660019,0,1,0,0,0,0,0,1,1,0,3,0,0,0,0,0,3,3,59.0,126.0,88.0,10.0,27.0,53.0,6.0,393.0,418.0,POINT (-73.51472776646288 45.603985737930834)
2021S051624660020,0,1,1,0,0,0,0,3,4,0,15,15,0,0,0,0,7,22,74.0,146.0,104.0,8.0,33.0,60.0,12.0,440.0,474.0,POINT (-73.62777211098374 45.62013661604226)
2021S051624660021,0,3,2,1,0,3,0,3,4,0,42,39,5,0,42,0,9,43,61.0,128.0,90.0,10.0,28.0,52.0,8.0,388.0,414.0,POINT (-73.52418082632508 45.60641140610637)
2021S051624660023,2,2,1,0,2,0,0,5,5,79,67,65,0,138,0,0,219,219,71.0,145.0,102.0,8.0,32.0,59.0,10.0,430.0,464.0,POINT (-73.62000706958247 45.62336886772457)
2021S051624660024,0,1,0,0,0,0,0,3,3,0,3,0,0,0,0,0,8,8,56.0,110.0,79.0,8.0,24.0,48.0,7.0,361.0,385.0,POINT (-73.55826571193168 45.60715686551457)
2021S051624660025,0,0,0,0,0,0,0,1,1,0,0,0,0,0,0,0,2,2,41.0,73.0,54.0,7.0,16.0,36.0,6.0,264.0,279.0,POINT (-73.53664039654801 45.60053585346793)
2021S051624660026,0,1,1,0,0,0,0,1,1,0,4,4,0,0,0,0,4,4,49.0,96.0,70.0,8.0,21.0,43.0,7.0,324.0,343.0,POINT (-73.5469320653476 45.602634606161125)
2021S051624660027,0,2,2,1,1,1,0,5,5,0,63,63,9,32,9,0,134,134,94.0,205.0,145.0,11.0,44.0,79.0,12.0,553.0,603.0,POINT (-73.61414690180614 45.61756864664828)
2021S051624660028,0,0,0,0,0,0,0,0,0,0,0,0,0,0,0,0,0,0,63.0,117.0,87.0,8.0,27.0,50.0,10.0,379.0,406.0,POINT (-73.63015458745379 45.61203005249243)
2021S051624660029,6,14,7,1,5,3,1,34,38,172,278,105,2,49,102,1,621,728,70.0,153.0,103.0,9.0,31.0,59.0,9.0,428.0,462.0,POINT (-73.61548097689786 45.60460790216502)
2021S051624660030,0,0,0,0,0,0,0,0,0,0,0,0,0,0,0,0,0,0,48.0,89.0,67.0,8.0,18.0,42.0,7.0,288.0,306.0,POINT (-73.5279644875814 45.595329706151404)
2021S051624660031,0,0,0,0,0,0,0,0,0,0,0,0,0,0,0,0,0,0,51.0,100.0,72.0,7.0,24.0,43.0,6.0,349.0,368.0,POINT (-73.51314954957957 45.59102492252776)
2021S051624660032,0,0,0,0,0,0,0,2,2,0,0,0,0,0,0,0,4,4,67.0,144.0,96.0,8.0,30.0,55.0,8.0,418.0,448.0,POINT (-73.56046448012945 45.59874946346422)
2021S051624660033,1,8,7,2,5,5,0,23,25,5,160,138,22,149,113,0,442,510,54.0,103.0,74.0,7.0,20.0,44.0,7.0,314.0,336.0,POINT (-73.6065813248189 45.60083313369094)
2021S051624660034,2,17,14,3,2,8,0,23,30,9,213,146,18,10,75,0,311,412,64.0,127.0,89.0,8.0,27.0,53.0,9.0,369.0,396.0,POINT (-73.59401670728803 45.59967101261652)
2021S051624660035,0,0,0,0,0,1,0,1,1,0,0,0,0,0,2,0,2,2,45.0,86.0,62.0,7.0,16.0,39.0,6.0,281.0,298.0,POINT (-73.54747871697458 45.58689813823196)
2021S051624660036,3,11,11,0,1,8,0,29,35,34,191,189,0,3,100,0,386,481,66.0,138.0,93.0,9.0,28.0,53.0,8.0,403.0,431.0,POINT (-73.58734730171136 45.590886316208696)
2021S051624660037,0,1,1,1,0,1,0,3,3,0,2,2,2,0,2,0,6,6,50.0,92.0,68.0,7.0,21.0,44.0,7.0,331.0,349.0,POINT (-73.53368993906926 45.58640056404)
2021S051624660038,0,0,0,0,0,0,0,2,2,0,0,0,0,0,0,0,7,7,55.0,107.0,75.0,8.0,23.0,43.0,8.0,344.0,367.0,POINT (-73.63641835190028 45.60400180176485)
2021S051624660039,2,8,3,0,2,1,0,27,28,332,424,13,0,41,7,0,537,809,60.0,121.0,84.0,8.0,23.0,50.0,7.0,377.0,402.0,POINT (-73.52608655096749 45.571560122738404)
2021S051624660040,0,0,0,0,0,0,0,1,1,0,0,0,0,0,0,0,3,3,64.0,128.0,88.0,8.0,25.0,51.0,8.0,392.0,417.0,POINT (-73.5602206627825 45.58681907791751)
2021S051624660041,0,0,0,0,0,0,0,2,2,0,0,0,0,0,0,0,12,12,60.0,117.0,82.0,7.0,23.0,47.0,7.0,365.0,389.0,POINT (-73.57140181820958 45.58967470103488)
2021S051624660042,0,0,0,0,0,0,0,1,1,0,0,0,0,0,0,0,2,2,62.0,121.0,90.0,8.0,27.0,54.0,9.0,385.0,415.0,POINT (-73.62630176180534 45.6022892368149)
2021S051624660043,0,2,0,0,1,1,0,10,10,0,4,0,0,15,12,0,97,97,67.0,138.0,95.0,9.0,28.0,55.0,9.0,400.0,430.0,POINT (-73.61012179742681 45.593813653544764)
2021S051624660044,1,1,0,0,0,0,0,2,2,3,3,0,0,0,0,0,5,5,47.0,89.0,65.0,7.0,18.0,40.0,7.0,288.0,306.0,POINT (-73.57917762828231 45.586916724838844)
2021S051624660045,0,1,0,0,0,0,0,1,1,0,3,0,0,0,0,0,3,3,70.0,148.0,100.0,9.0,31.0,57.0,11.0,425.0,457.0,POINT (-73.63523293585514 45.596287780982266)
2021S051624660046,0,0,0,0,0,0,0,1,1,0,0,0,0,0,0,0,6,6,58.0,108.0,74.0,7.0,20.0,43.0,7.0,346.0,367.0,POINT (-73.53932776515276 45.57811824094449)
2021S051624660047,1,4,2,0,4,1,0,25,25,17,67,38,0,16,8,0,281,281,69.0,141.0,97.0,9.0,28.0,55.0,9.0,406.0,437.0,POINT (-73.61545618844639 45.58639078002341)
2021S051624660048,1,9,7,0,4,2,0,19,20,6,197,263,0,60,22,0,390,405,76.0,158.0,107.0,9.0,32.0,59.0,11.0,440.0,474.0,POINT (-73.6313361511825 45.58990619766755)
2021S051624660049,0,1,0,0,0,0,0,5,5,0,280,0,0,0,0,0,707,707,55.0,106.0,73.0,7.0,21.0,46.0,7.0,352.0,373.0,POINT (-73.5469338236561 45.56588728498064)
2021S051624660050,0,2,0,0,0,0,0,5,5,0,9,0,0,0,0,0,19,19,65.0,127.0,87.0,8.0,27.0,50.0,10.0,389.0,417.0,POINT (-73.64861596357929 45.58980938474776)
2021S051624660051,0,1,0,0,1,0,0,6,6,0,3,0,0,6,0,0,24,24,61.0,126.0,83.0,9.0,23.0,53.0,7.0,382.0,407.0,POINT (-73.5820577153663 45.57502766969797)
2021S051624660052,0,0,0,0,0,0,0,0,0,0,0,0,0,0,0,0,0,0,45.0,78.0,57.0,7.0,15.0,36.0,6.0,292.0,307.0,POINT (-73.5565614645751 45.572530646561354)
2021S051624660053,0,0,0,0,0,0,0,2,2,0,0,0,0,0,0,0,12,12,50.0,98.0,68.0,7.0,19.0,40.0,7.0,324.0,344.0,POINT (-73.58897080765507 45.5761189429549)
2021S051624660054,0,1,0,0,0,0,0,3,3,0,3,0,0,0,0,0,7,7,54.0,103.0,73.0,7.0,18.0,41.0,7.0,315.0,335.0,POINT (-73.57149928932122 45.573669056218)
2021S051624660055,1,1,1,0,0,0,1,3,3,3,2,2,0,0,0,3,16,16,59.0,118.0,79.0,8.0,22.0,45.0,7.0,362.0,385.0,POINT (-73.60143331806586 45.577913620859334)
2021S051624660056,1,11,7,1,1,5,0,14,19,12,158,85,38,13,47,0,145,211,67.0,132.0,94.0,9.0,27.0,52.0,10.0,398.0,427.0,POINT (-73.63701012531173 45.582454298654255)
2021S051624660057,0,0,0,0,0,0,0,1,1,0,0,0,0,0,0,0,6,6,75.0,162.0,104.0,9.0,32.0,57.0,10.0,448.0,479.0,POINT (-73.62249251752688 45.582157911042216)
2021S051624660058,1,2,2,0,0,2,0,6,7,27,99,99,0,0,74,0,79,151,81.0,182.0,115.0,11.0,33.0,60.0,10.0,479.0,512.0,POINT (-73.63465922130375 45.572891647537276)
2021S051624660059,0,1,1,0,0,0,0,13,13,0,2,2,0,0,0,0,672,672,85.0,192.0,122.0,12.0,35.0,67.0,11.0,503.0,539.0,POINT (-73.61220589655905 45.571895544211586)
2021S051624660061,0,0,0,0,1,0,0,2,2,0,0,0,0,3,0,0,29,29,68.0,153.0,97.0,9.0,24.0,59.0,7.0,403.0,433.0,POINT (-73.57765923301298 45.56671088350936)
2021S051624660062,0,1,0,0,0,0,0,2,2,0,20,0,0,0,0,0,23,23,58.0,116.0,76.0,8.0,20.0,48.0,7.0,366.0,387.0,POINT (-73.56315540632447 45.55840867443201)
2021S051624660063,0,0,0,0,0,0,0,0,0,0,0,0,0,0,0,0,0,0,48.0,88.0,63.0,7.0,18.0,38.0,7.0,307.0,325.0,POINT (-73.6547267057951 45.57526727299506)
2021S051624660064,2,3,4,0,2,1,1,14,14,48,35,54,0,6,6,22,116,116,62.0,134.0,88.0,9.0,22.0,52.0,7.0,364.0,390.0,POINT (-73.59670590161792 45.566291724318425)
2021S051624660065,0,0,0,0,0,0,0,1,1,0,0,0,0,0,0,0,1,1,60.0,113.0,80.0,8.0,23.0,44.0,10.0,360.0,384.0,POINT (-73.64797254646273 45.5772384536776)
2021S051624660066,0,1,1,0,0,1,0,4,4,0,2,2,0,0,3,0,8,8,43.0,74.0,52.0,7.0,15.0,34.0,5.0,279.0,292.0,POINT (-73.53356092293113 45.55221564069333)
2021S051624660067,0,1,1,0,2,0,0,4,4,0,3,6,0,9,0,0,15,15,65.0,144.0,92.0,9.0,25.0,55.0,7.0,408.0,435.0,POINT (-73.58510000955805 45.557632984741815)
2021S051624660068,2,4,5,0,0,1,2,9,11,5,50,56,0,0,34,8,92,133,76.0,167.0,104.0,9.0,30.0,58.0,10.0,457.0,488.0,POINT (-73.62430311571903 45.563520866435205)
2021S051624660069,1,1,0,0,0,0,0,3,3,2,2,0,0,0,0,0,5,5,48.0,94.0,66.0,7.0,18.0,40.0,7.0,319.0,337.0,POINT (-73.5943728951062 45.56208740550459)
2021S051624660070,1,0,0,0,0,1,0,2,2,3,0,0,0,0,7,0,10,10,51.0,101.0,70.0,7.0,16.0,44.0,7.0,310.0,331.0,POINT (-73.5743402479862 45.55559103340951)
2021S051624660071,0,0,0,0,0,0,0,7,7,0,0,0,0,0,0,0,24,24,55.0,107.0,73.0,8.0,21.0,43.0,8.0,343.0,363.0,POINT (-73.64912563874663 45.56677723679408)
2021S051624660072,0,1,0,0,0,0,0,2,2,0,4,0,0,0,0,0,58,58,59.0,118.0,80.0,10.0,21.0,48.0,7.0,365.0,387.0,POINT (-73.55205420594189 45.54629349931373)
2021S051624660073,0,0,0,0,0,0,0,1,1,0,0,0,0,0,0,0,1,1,52.0,108.0,72.0,8.0,18.0,42.0,7.0,316.0,336.0,POINT (-73.60256081995891 45.5596859103407)
2021S051624660074,1,4,3,0,0,0,0,11,11,27,59,47,0,0,0,0,90,90,52.0,104.0,70.0,8.0,19.0,45.0,6.0,349.0,369.0,POINT (-73.54694297593666 45.54498175342348)
2021S051624660075,0,0,0,0,0,0,0,2,2,0,0,0,0,0,0,0,2,2,55.0,116.0,76.0,8.0,19.0,49.0,7.0,340.0,362.0,POINT (-73.57158231729234 45.54873114595562)
2021S051624660076,0,1,0,0,0,0,0,6,6,0,6,0,0,0,0,0,178,178,50.0,96.0,67.0,7.0,17.0,40.0,6.0,327.0,345.0,POINT (-73.54083764254703 45.54153232274433)
2021S051624660077,0,3,2,0,0,1,0,8,8,0,24,4,0,0,7,0,55,55,49.0,93.0,66.0,7.0,16.0,39.0,7.0,319.0,337.0,POINT (-73.56295059540675 45.54627841347487)
2021S051624660078,1,2,1,0,0,1,0,4,4,2,4,2,0,0,2,0,7,7,53.0,100.0,71.0,7.0,19.0,47.0,9.0,343.0,365.0,POINT (-73.66007094362642 45.56392614580131)
2021S051624660079,0,0,0,0,0,0,0,4,4,0,0,0,0,0,0,0,13,13,52.0,106.0,72.0,8.0,19.0,42.0,7.0,336.0,356.0,POINT (-73.60638425153624 45.55523775680452)
2021S051624660080,1,2,1,0,0,0,0,3,3,2,19,17,0,0,0,0,45,45,51.0,104.0,71.0,8.0,17.0,41.0,7.0,332.0,351.0,POINT (-73.58016568664605 45.547545047985906)
2021S051624660081,0,1,0,0,0,0,0,3,3,0,120,0,0,0,0,0,126,126,55.0,112.0,73.0,8.0,20.0,43.0,8.0,327.0,347.0,POINT (-73.64694552920197 45.558746282163106)
2021S051624660082,0,0,0,0,0,0,0,3,3,0,0,0,0,0,0,0,8,8,51.0,105.0,71.0,8.0,18.0,42.0,7.0,331.0,351.0,POINT (-73.5920815194808 45.54962992891738)
2021S051624660083,1,2,1,0,0,0,0,2,2,3,10,7,0,0,0,0,10,10,41.0,70.0,51.0,7.0,13.0,35.0,5.0,250.0,264.0,POINT (-73.63140579334335 45.55390774710043)
2021S051624660084,0,0,0,0,0,0,0,0,0,0,0,0,0,0,0,0,0,0,46.0,90.0,63.0,7.0,15.0,37.0,6.0,305.0,322.0,POINT (-73.6186946901846 45.55271088077747)
2021S051624660085,0,0,0,0,0,0,0,0,0,0,0,0,0,0,0,0,0,0,48.0,93.0,66.0,7.0,16.0,38.0,7.0,314.0,332.0,POINT (-73.60783814180037 45.550128684226245)
2021S051624660086,2,16,8,1,6,1,0,42,42,15,178,55,2,51,2,0,347,347,50.0,98.0,67.0,7.0,17.0,41.0,7.0,326.0,344.0,POINT (-73.58680479108652 45.54322370544457)
2021S051624660087,0,1,1,0,0,0,0,3,3,0,4,4,0,0,0,0,45,45,47.0,89.0,62.0,7.0,17.0,38.0,5.0,311.0,327.0,POINT (-73.55567829518911 45.536558746490584)
2021S051624660088,1,3,1,0,0,0,0,8,8,2,13,7,0,0,0,0,30,30,54.0,105.0,72.0,8.0,20.0,45.0,7.0,357.0,377.0,POINT (-73.53461870414802 45.519070152067)
2021S051624660089,0,1,1,0,0,0,0,2,2,0,4,4,0,0,0,0,6,6,43.0,73.0,53.0,7.0,14.0,33.0,5.0,277.0,291.0,POINT (-73.54974607868712 45.53193296313286)
2021S051624660090,0,0,0,0,0,0,0,1,1,0,0,0,0,0,0,0,15,15,46.0,92.0,65.0,7.0,16.0,41.0,6.0,319.0,338.0,POINT (-73.60253157187049 45.54416924380775)
2021S051624660091,1,3,4,0,1,0,0,10,10,12,17,28,0,11,0,0,45,45,53.0,111.0,75.0,8.0,20.0,47.0,7.0,359.0,380.0,POINT (-73.566367081355 45.53573884796913)
2021S051624660092,1,1,0,0,0,0,0,3,3,17,17,0,0,0,0,0,21,21,54.0,111.0,74.0,8.0,19.0,45.0,7.0,354.0,375.0,POINT (-73.61398056352776 45.54615011816486)
2021S051624660093,0,5,3,0,2,1,0,9,10,0,47,44,0,9,3,0,78,112,44.0,75.0,55.0,7.0,14.0,37.0,6.0,288.0,303.0,POINT (-73.57781813807911 45.537773587146624)
2021S051624660094,2,3,1,0,0,0,0,6,6,7,20,3,0,0,0,0,34,34,53.0,110.0,72.0,8.0,19.0,43.0,7.0,348.0,368.0,POINT (-73.62753083648589 45.547244486463136)
2021S051624660095,0,2,1,1,1,1,0,9,9,0,10,5,5,3,5,0,54,54,81.0,171.0,105.0,10.0,31.0,59.0,13.0,470.0,503.0,POINT (-73.6718363951305 45.54931543243785)
2021S051624660096,0,2,1,0,1,0,0,7,7,0,5,2,0,3,0,0,33,33,45.0,82.0,58.0,7.0,16.0,41.0,5.0,306.0,323.0,POINT (-73.55934069228337 45.53046295550804)
2021S051624660097,2,4,2,0,0,0,1,13,13,15,17,5,0,0,0,12,76,76,80.0,174.0,108.0,10.0,32.0,62.0,11.0,472.0,505.0,POINT (-73.65033924156468 45.549096034063965)
2021S051624660098,0,0,0,0,0,0,0,9,9,0,0,0,0,0,0,0,29,29,59.0,120.0,78.0,8.0,20.0,44.0,7.0,363.0,385.0,POINT (-73.60454959413497 45.54008146093721)
2021S051624660099,1,3,3,0,0,0,0,9,9,3,9,9,0,0,0,0,26,26,46.0,78.0,57.0,7.0,16.0,37.0,6.0,299.0,315.0,POINT (-73.58246766909792 45.53500545583829)
2021S051624660100,0,1,1,0,2,1,0,4,5,0,7,7,0,17,7,0,24,31,46.0,91.0,63.0,7.0,16.0,41.0,6.0,316.0,334.0,POINT (-73.62122621861769 45.542606745001564)
2021S051624660101,2,1,0,0,1,0,0,4,4,3,2,0,0,6,0,0,10,10,51.0,98.0,69.0,7.0,18.0,44.0,7.0,342.0,362.0,POINT (-73.57104626028789 45.528129340679676)
2021S051624660102,2,3,1,0,0,1,0,11,11,103,105,2,0,0,31,0,419,419,48.0,95.0,66.0,7.0,16.0,43.0,7.0,329.0,348.0,POINT (-73.59915697606435 45.53316984012907)
2021S051624660103,0,3,1,0,0,1,0,8,8,0,26,4,0,0,2,0,38,38,54.0,110.0,73.0,8.0,19.0,44.0,7.0,354.0,375.0,POINT (-73.5888178605109 45.531153470907235)
2021S051624660104,1,0,0,0,0,0,0,8,8,1,0,0,0,0,0,0,25,25,46.0,85.0,61.0,7.0,16.0,36.0,6.0,296.0,313.0,POINT (-73.61217642876683 45.53616566467309)
2021S051624660105,0,0,1,0,1,0,0,6,6,0,0,3,0,3,0,0,12,12,45.0,80.0,59.0,7.0,16.0,33.0,6.0,285.0,300.0,POINT (-73.63373488292643 45.5417265881367)
2021S051624660106,0,1,1,0,1,0,0,7,7,0,2,2,0,35,0,0,86,86,46.0,92.0,64.0,7.0,16.0,39.0,6.0,311.0,329.0,POINT (-73.62001280053171 45.53556799675184)
2021S051624660107,0,0,0,0,0,0,0,4,4,0,0,0,0,0,0,0,124,124,47.0,90.0,63.0,7.0,17.0,41.0,5.0,318.0,336.0,POINT (-73.55765122634166 45.522647355756895)
2021S051624660108,5,17,7,0,2,6,0,102,102,135,311,279,0,10,91,0,1273,1273,80.0,178.0,109.0,11.0,30.0,61.0,11.0,476.0,510.0,POINT (-73.65545213048911 45.54143513246307)
2021S051624660109,5,13,10,0,1,4,0,31,34,65,161,79,0,14,26,0,435,459,46.0,94.0,64.0,7.0,16.0,41.0,6.0,318.0,336.0,POINT (-73.61418066368793 45.531587871551814)
2021S051624660110,3,5,2,0,0,0,0,24,24,122,139,118,0,0,0,0,530,530,62.0,128.0,86.0,10.0,22.0,48.0,7.0,381.0,406.0,POINT (-73.63442726645376 45.53486028321657)
2021S051624660111,0,2,0,0,0,1,0,8,8,0,16,0,0,0,7,0,70,70,54.0,110.0,73.0,8.0,19.0,41.0,7.0,347.0,367.0,POINT (-73.58606537519552 45.52273905131373)
2021S051624660112,1,1,0,0,0,0,1,8,8,1,3,0,0,0,0,1,24,24,41.0,72.0,52.0,7.0,13.0,35.0,5.0,257.0,271.0,POINT (-73.57464300640041 45.52394483205063)
2021S051624660113,0,1,1,0,0,1,0,4,5,0,6,15,0,0,15,0,228,243,54.0,101.0,69.0,8.0,18.0,42.0,9.0,340.0,359.0,POINT (-73.69047385823306 45.54211282237056)
2021S051624660114,2,8,4,0,2,3,0,37,37,27,51,18,0,6,9,0,343,343,48.0,95.0,66.0,7.0,17.0,40.0,7.0,324.0,342.0,POINT (-73.59464833950165 45.525597217085135)
2021S051624660115,1,1,1,0,0,0,0,6,6,2,2,2,0,0,0,0,25,25,43.0,72.0,52.0,7.0,13.0,32.0,5.0,248.0,261.0,POINT (-73.56185653915841 45.51821395163553)
2021S051624660116,0,1,0,0,0,0,0,6,6,0,9,0,0,0,0,0,50,50,45.0,84.0,59.0,7.0,16.0,40.0,6.0,306.0,323.0,POINT (-73.57127991612046 45.51741409717605)
2021S051624660117,1,2,0,0,2,0,0,13,13,1,8,0,0,39,0,0,84,84,51.0,104.0,71.0,8.0,19.0,44.0,7.0,342.0,362.0,POINT (-73.5808864553474 45.51743267824747)
2021S051624660118,2,1,1,0,0,0,0,11,11,2,3,15,0,0,0,0,42,42,48.0,99.0,68.0,7.0,18.0,43.0,7.0,330.0,349.0,POINT (-73.60328514423423 45.52400494423694)
2021S051624660119,10,21,9,0,3,31,1,99,101,103,221,92,0,104,208,2,1245,1280,51.0,97.0,67.0,7.0,18.0,42.0,6.0,339.0,358.0,POINT (-73.56200123161662 45.50734750425473)
2021S051624660120,1,3,2,0,0,0,0,5,5,2,7,4,0,0,0,0,20,20,97.0,237.0,150.0,14.0,40.0,83.0,11.0,595.0,640.0,POINT (-73.63285834837495 45.52992703585056)
2021S051624660121,0,5,2,0,1,0,0,35,35,0,51,35,0,26,0,0,410,410,97.0,220.0,138.0,13.0,38.0,76.0,14.0,569.0,611.0,POINT (-73.66440341683085 45.533054732195545)
2021S051624660122,1,3,2,0,0,2,0,12,12,58,63,60,0,0,7,0,115,115,39.0,68.0,49.0,7.0,13.0,32.0,5.0,269.0,282.0,POINT (-73.61330034024522 45.52329551712155)
2021S051624660123,0,1,1,0,0,0,0,5,5,0,4,4,0,0,0,0,16,16,79.0,184.0,114.0,12.0,31.0,64.0,9.0,486.0,521.0,POINT (-73.6422752542292 45.5307748911317)
2021S051624660124,0,2,2,0,0,0,0,2,2,0,11,11,0,0,0,0,11,11,43.0,74.0,53.0,7.0,14.0,33.0,5.0,256.0,270.0,POINT (-73.56194736711265 45.51182947908548)
2021S051624660125,0,1,0,0,0,0,0,4,4,0,6,0,0,0,0,0,49,49,65.0,140.0,91.0,10.0,24.0,53.0,7.0,405.0,431.0,POINT (-73.62515827975548 45.52593436476565)
2021S051624660126,1,1,0,0,0,0,0,2,2,2,2,0,0,0,0,0,3,3,69.0,148.0,94.0,9.0,27.0,54.0,12.0,425.0,455.0,POINT (-73.69567594222953 45.53698476947399)
2021S051624660127,1,1,0,0,0,0,0,6,6,2,2,0,0,0,0,0,18,18,44.0,78.0,58.0,7.0,15.0,34.0,6.0,285.0,300.0,POINT (-73.60185678312605 45.51946252401031)
2021S051624660128,0,1,0,0,0,0,0,3,3,0,3,0,0,0,0,0,18,18,38.0,62.0,47.0,6.0,12.0,30.0,5.0,256.0,268.0,POINT (-73.64524185284833 45.52354026576866)
2021S051624660129,0,0,0,0,0,0,0,0,0,0,0,0,0,0,0,0,0,0,49.0,94.0,66.0,7.0,17.0,41.0,7.0,330.0,348.0,POINT (-73.57461152250157 45.510054232853896)
2021S051624660130,0,0,0,0,1,2,0,4,4,0,0,0,0,3,7,0,12,12,37.0,60.0,46.0,6.0,12.0,33.0,5.0,262.0,275.0,POINT (-73.61804493548851 45.51814331255267)
2021S051624660131,6,16,8,0,0,4,0,46,48,137,220,99,0,0,38,0,1064,1068,50.0,103.0,69.0,8.0,19.0,46.0,7.0,351.0,371.0,POINT (-73.65381122740382 45.50495010135031)
2021S051624660132,0,1,1,0,0,1,0,5,5,0,2,2,0,0,3,0,16,16,53.0,111.0,73.0,8.0,19.0,47.0,7.0,357.0,378.0,POINT (-73.58610773639441 45.50253863436594)
2021S051624660133,0,3,1,0,0,0,0,5,5,0,5,2,0,0,0,0,8,8,42.0,73.0,52.0,7.0,14.0,35.0,5.0,285.0,299.0,POINT (-73.60463971861245 45.5106082318918)
2021S051624660135,0,0,0,0,0,0,0,0,0,0,0,0,0,0,0,0,0,0,54.0,106.0,67.0,7.0,18.0,37.0,9.0,317.0,335.0,POINT (-73.71324693969473 45.533358102314466)
2021S051624660136,7,13,7,0,1,7,0,37,38,324,671,329,0,54,271,0,1420,1454,64.0,135.0,90.0,9.0,24.0,52.0,9.0,397.0,423.0,POINT (-73.66504911072624 45.519458705954406)
2021S051624660138,0,0,0,0,0,0,0,1,1,0,0,0,0,0,0,0,2,2,58.0,113.0,72.0,7.0,19.0,41.0,10.0,332.0,353.0,POINT (-73.70064089501935 45.52871068357567)
2021S051624660139,1,6,4,0,1,2,0,15,16,58,117,105,0,32,17,0,374,389,63.0,130.0,86.0,10.0,21.0,52.0,7.0,393.0,418.0,POINT (-73.55167394893954 45.47969535381293)
2021S051624660140,1,2,2,0,1,0,0,4,4,7,18,17,0,6,0,0,27,27,46.0,92.0,63.0,7.0,16.0,43.0,6.0,299.0,318.0,POINT (-73.63637313066138 45.51112276024299)
2021S051624660141,0,0,0,0,0,0,0,0,0,0,0,0,0,0,0,0,0,0,52.0,98.0,67.0,7.0,16.0,41.0,8.0,302.0,321.0,POINT (-73.68018382666487 45.52314825880513)
2021S051624660142,0,0,0,0,0,0,0,2,2,0,0,0,0,0,0,0,9,9,68.0,141.0,83.0,8.0,24.0,45.0,11.0,384.0,409.0,POINT (-73.72018340004486 45.53006186558509)
2021S051624660143,2,5,3,0,1,1,0,11,11,5,50,35,0,3,13,0,110,110,51.0,97.0,67.0,7.0,16.0,42.0,6.0,316.0,335.0,POINT (-73.56507978617414 45.496100518345386)
2021S051624660144,0,0,0,0,1,1,0,2,2,0,0,0,0,3,4,0,7,7,47.0,84.0,57.0,6.0,15.0,33.0,7.0,297.0,311.0,POINT (-73.68731392447287 45.52197092313428)
2021S051624660145,0,1,0,0,0,0,0,1,1,0,9,0,0,0,0,0,9,9,41.0,69.0,51.0,7.0,12.0,35.0,5.0,276.0,290.0,POINT (-73.65382017886637 45.51222690627434)
2021S051624660146,0,0,0,0,0,0,0,2,2,0,0,0,0,0,0,0,4,4,49.0,102.0,69.0,7.0,18.0,43.0,7.0,334.0,354.0,POINT (-73.61119558407903 45.502102324116024)
2021S051624660147,0,0,0,0,0,0,0,1,1,0,0,0,0,0,0,0,6,6,53.0,110.0,73.0,8.0,17.0,44.0,7.0,321.0,342.0,POINT (-73.62555231110511 45.50937916340212)
2021S051624660148,0,0,0,0,0,0,0,1,1,0,0,0,0,0,0,0,2,2,47.0,77.0,53.0,6.0,14.0,33.0,7.0,268.0,283.0,POINT (-73.73681288477943 45.51828526546752)
2021S051624660149,3,11,5,0,0,7,0,25,27,17,109,82,0,0,108,0,334,352,62.0,123.0,81.0,9.0,19.0,49.0,7.0,362.0,386.0,POINT (-73.57536755191394 45.49350886048934)
2021S051624660150,0,1,1,0,0,0,0,2,2,0,2,2,0,0,0,0,5,5,73.0,157.0,91.0,8.0,26.0,49.0,11.0,409.0,437.0,POINT (-73.70160556877286 45.520867545829546)
2021S051624660151,0,1,0,0,0,0,0,2,2,0,9,0,0,0,0,0,344,344,61.0,126.0,85.0,9.0,19.0,49.0,7.0,355.0,381.0,POINT (-73.63316164484661 45.506124652270806)
2021S051624660152,0,0,0,0,0,0,0,0,0,0,0,0,0,0,0,0,0,0,62.0,128.0,82.0,8.0,22.0,50.0,9.0,393.0,417.0,POINT (-73.69022692598979 45.51853321285514)
2021S051624660153,0,0,0,0,0,0,0,0,0,0,0,0,0,0,0,0,0,0,58.0,117.0,78.0,9.0,17.0,48.0,7.0,344.0,367.0,POINT (-73.62629674849525 45.50372270182953)
2021S051624660154,1,1,4,0,2,1,1,9,10,5,5,46,0,146,35,5,182,217,64.0,126.0,77.0,8.0,22.0,43.0,10.0,379.0,401.0,POINT (-73.72504681953897 45.519809263624936)
2021S051624660155,0,0,0,0,0,1,0,2,2,0,0,0,0,0,20,0,25,25,62.0,123.0,81.0,9.0,19.0,49.0,7.0,362.0,386.0,POINT (-73.58273417908546 45.49296812946072)
2021S051624660157,1,1,0,0,0,0,0,4,4,5,5,0,0,0,0,0,342,342,62.0,124.0,83.0,9.0,21.0,46.0,8.0,383.0,407.0,POINT (-73.67620805271204 45.50992429327194)
2021S051624660158,6,10,6,1,1,1,0,25,25,108,193,100,2,3,2,0,324,324,92.0,211.0,133.0,13.0,35.0,77.0,9.0,542.0,582.0,POINT (-73.56286732248182 45.49028224657006)
2021S051624660159,0,2,1,0,1,0,0,12,12,0,20,17,0,3,0,0,108,108,68.0,154.0,97.0,10.0,26.0,57.0,8.0,439.0,468.0,POINT (-73.64175919782089 45.50008335100248)
2021S051624660160,0,0,0,0,0,0,0,1,1,0,0,0,0,0,0,0,3,3,92.0,216.0,132.0,12.0,35.0,73.0,11.0,532.0,574.0,POINT (-73.63412304180062 45.49702387637396)
2021S051624660161,1,2,1,0,0,2,0,12,12,2,8,2,0,0,16,0,49,49,43.0,74.0,54.0,7.0,12.0,33.0,6.0,255.0,269.0,POINT (-73.61076784718337 45.48991017173101)
2021S051624660162,0,1,1,0,0,0,0,1,1,0,2,2,0,0,0,0,2,2,45.0,79.0,58.0,7.0,14.0,35.0,6.0,288.0,304.0,POINT (-73.61740948345049 45.49346811328708)
2021S051624660163,2,2,1,0,1,2,1,15,15,24,49,22,0,13,180,22,466,466,62.0,123.0,82.0,9.0,21.0,44.0,8.0,381.0,404.0,POINT (-73.68003658431557 45.50428702851982)
2021S051624660164,0,0,0,0,0,0,0,3,3,0,0,0,0,0,0,0,11,11,44.0,81.0,57.0,7.0,16.0,40.0,5.0,302.0,319.0,POINT (-73.5755536101525 45.48408943240158)
2021S051624660165,3,3,0,0,3,6,0,27,27,313,313,0,0,25,19,0,835,835,96.0,235.0,145.0,15.0,38.0,80.0,11.0,608.0,651.0,POINT (-73.65606425822558 45.491136793397786)
2021S051624660166,0,0,0,0,0,0,0,0,0,0,0,0,0,0,0,0,0,0,50.0,101.0,68.0,7.0,16.0,41.0,7.0,306.0,325.0,POINT (-73.62608453206285 45.49366783239722)
2021S051624660168,0,1,0,0,0,0,0,7,7,0,1,0,0,0,0,0,37,37,38.0,63.0,47.0,7.0,11.0,34.0,5.0,245.0,257.0,POINT (-73.59072775685866 45.48133849281868)
2021S051624660170,0,0,1,0,1,0,1,5,5,0,0,2,0,75,0,2,81,81,38.0,61.0,45.0,6.0,12.0,32.0,5.0,264.0,275.0,POINT (-73.6062608477728 45.4837250646045)
2021S051624660171,4,6,2,0,1,2,0,21,21,13,21,10,0,3,5,0,109,109,67.0,143.0,89.0,9.0,21.0,54.0,7.0,422.0,448.0,POINT (-73.58656071287052 45.476041747705516)
2021S051624660172,1,4,1,0,0,1,0,8,8,6,16,6,0,0,2,0,312,312,70.0,148.0,92.0,9.0,24.0,51.0,11.0,396.0,422.0,POINT (-73.6878145136931 45.498369269100884)
2021S051624660173,0,1,1,0,0,0,0,6,6,0,3,3,0,0,0,0,13,13,53.0,107.0,71.0,8.0,18.0,45.0,7.0,359.0,378.0,POINT (-73.62358431087378 45.48421124771556)
2021S051624660174,0,0,0,0,0,0,0,1,1,0,0,0,0,0,0,0,1,1,67.0,156.0,95.0,10.0,25.0,58.0,8.0,414.0,443.0,POINT (-73.63364888806255 45.48896554653036)
2021S051624660175,0,14,6,2,1,5,0,23,26,0,160,64,43,3,35,0,278,302,47.0,92.0,62.0,6.0,16.0,41.0,5.0,325.0,342.0,POINT (-73.59017349529002 45.470389850352404)
2021S051624660176,0,0,0,0,0,0,0,0,0,0,0,0,0,0,0,0,0,0,34.0,46.0,37.0,5.0,10.0,25.0,5.0,207.0,215.0,POINT (-73.65313985649169 45.48836492841507)
2021S051624660177,2,1,1,0,0,1,0,3,3,3,2,2,0,0,4,0,7,7,52.0,111.0,71.0,8.0,17.0,42.0,7.0,322.0,341.0,POINT (-73.64015961106648 45.486377262139065)
2021S051624660178,0,1,0,0,0,0,0,2,2,0,3,0,0,0,0,0,4,4,52.0,98.0,65.0,7.0,16.0,36.0,6.0,327.0,343.0,POINT (-73.56568335383994 45.46811751127053)
2021S051624660179,0,3,3,0,0,0,0,5,5,0,6,6,0,0,0,0,8,8,52.0,105.0,69.0,8.0,17.0,45.0,7.0,352.0,371.0,POINT (-73.6126403211489 45.477995996282225)
2021S051624660180,0,0,0,0,0,0,0,1,1,0,0,0,0,0,0,0,2,2,47.0,92.0,61.0,6.0,16.0,41.0,7.0,303.0,320.0,POINT (-73.64349148638112 45.48070955031495)
2021S051624660181,2,8,4,2,1,4,0,10,12,28,187,153,7,3,153,0,51,197,82.0,173.0,100.0,10.0,26.0,59.0,14.0,497.0,527.0,POINT (-73.77576092481836 45.50553628587014)
2021S051624660182,1,1,0,0,0,0,0,6,6,2,2,0,0,0,0,0,287,287,59.0,124.0,79.0,9.0,19.0,47.0,7.0,385.0,407.0,POINT (-73.6183658516568 45.46350416098764)
2021S051624660183,0,0,0,0,0,0,0,0,0,0,0,0,0,0,0,0,0,0,36.0,52.0,40.0,5.0,10.0,26.0,5.0,222.0,231.0,POINT (-73.63543166308982 45.481681314880895)
2021S051624660184,0,3,2,1,0,2,0,4,5,0,39,36,2,0,36,0,11,45,45.0,83.0,55.0,6.0,13.0,35.0,5.0,285.0,298.0,POINT (-73.57314282927456 45.465212965063785)
2021S051624660185,3,16,11,1,2,7,0,35,38,434,749,565,21,9,101,0,1078,1129,68.0,152.0,93.0,11.0,24.0,57.0,8.0,441.0,468.0,POINT (-73.62480876748717 45.44417303581016)
2021S051624660186,0,2,2,0,1,0,0,4,4,0,6,6,0,3,0,0,11,11,38.0,64.0,46.0,6.0,11.0,32.0,5.0,247.0,259.0,POINT (-73.62212959017278 45.47440175574403)
2021S051624660187,0,0,0,0,0,1,0,4,4,0,0,0,0,0,3,0,17,17,63.0,120.0,75.0,9.0,18.0,42.0,11.0,341.0,362.0,POINT (-73.8043071233843 45.505761369026736)
2021S051624660189,0,1,1,0,1,0,0,4,4,0,3,3,0,3,0,0,18,18,107.0,240.0,136.0,14.0,34.0,76.0,22.0,612.0,653.0,POINT (-73.84568957385166 45.50618665214521)
2021S051624660190,1,1,0,0,0,0,0,5,5,2,2,0,0,0,0,0,20,20,49.0,93.0,62.0,6.0,15.0,38.0,5.0,329.0,344.0,POINT (-73.56644376110393 45.45869996392334)
2021S051624660191,1,1,0,0,0,0,0,4,4,2,2,0,0,0,0,0,39,39,45.0,86.0,58.0,6.0,15.0,36.0,6.0,311.0,326.0,POINT (-73.62906610614509 45.47203484459263)
2021S051624660192,0,2,1,0,0,0,0,4,4,0,5,2,0,0,0,0,9,9,49.0,99.0,66.0,8.0,16.0,41.0,7.0,305.0,323.0,POINT (-73.66722690879601 45.4776817799669)
2021S051624660193,1,1,1,0,0,0,0,2,2,2,2,2,0,0,0,0,6,6,60.0,121.0,76.0,9.0,18.0,44.0,6.0,382.0,401.0,POINT (-73.57794261614589 45.455514005517095)
2021S051624660194,0,1,1,0,0,0,0,3,3,0,2,2,0,0,0,0,11,11,49.0,97.0,63.0,7.0,15.0,40.0,7.0,304.0,321.0,POINT (-73.65681973971469 45.47109450031173)
2021S051624660195,0,0,0,0,0,0,0,0,0,0,0,0,0,0,0,0,0,0,49.0,99.0,64.0,7.0,15.0,39.0,5.0,304.0,321.0,POINT (-73.5877342151712 45.459451808521926)
2021S051624660196,0,0,0,0,0,0,0,1,1,0,0,0,0,0,0,0,5,5,55.0,107.0,70.0,9.0,17.0,42.0,7.0,351.0,370.0,POINT (-73.64081887378269 45.46995624494927)
2021S051624660197,0,0,0,0,0,0,0,1,1,0,0,0,0,0,0,0,2,2,42.0,74.0,52.0,6.0,12.0,31.0,5.0,254.0,267.0,POINT (-73.62142138397384 45.465971740512884)
2021S051624660198,3,5,4,0,1,3,0,19,20,10,92,336,0,34,302,0,623,638,49.0,99.0,66.0,8.0,17.0,44.0,7.0,341.0,359.0,POINT (-73.60119274588841 45.458586194068445)
2021S051624660199,1,1,1,0,0,0,0,6,6,3,3,3,0,0,0,0,22,22,93.0,195.0,113.0,12.0,28.0,66.0,18.0,529.0,562.0,POINT (-73.87088841357924 45.502559308852064)
2021S051624660200,0,0,0,0,0,0,0,1,1,0,0,0,0,0,0,0,3,3,74.0,149.0,90.0,9.0,22.0,51.0,14.0,431.0,457.0,POINT (-73.79693195173444 45.49752062123655)
2021S051624660201,0,0,0,0,0,0,0,1,1,0,0,0,0,0,0,0,1,1,87.0,189.0,110.0,10.0,25.0,60.0,17.0,473.0,505.0,POINT (-73.84013362464843 45.5002096009057)
2021S051624660202,1,3,1,0,0,0,0,7,7,2,5,3,0,0,0,0,12,12,70.0,147.0,88.0,10.0,23.0,52.0,14.0,409.0,437.0,POINT (-73.90033529142056 45.49281346106697)
2021S051624660203,0,2,1,0,0,0,0,3,3,0,5,2,0,0,0,0,7,7,57.0,115.0,75.0,8.0,18.0,47.0,7.0,377.0,399.0,POINT (-73.63391529714167 45.461306850892456)
2021S051624660204,1,3,0,0,0,0,0,10,10,35,41,0,0,0,0,0,94,94,86.0,186.0,117.0,12.0,25.0,62.0,13.0,507.0,538.0,POINT (-73.78782253096259 45.49096812625098)
2021S051624660205,0,0,0,0,0,0,0,1,1,0,0,0,0,0,0,0,6,6,44.0,79.0,54.0,6.0,13.0,31.0,5.0,295.0,307.0,POINT (-73.57145160520768 45.45147250806721)
2021S051624660206,2,4,3,0,0,0,0,5,5,6,11,8,0,0,0,0,14,14,71.0,160.0,94.0,10.0,22.0,56.0,11.0,450.0,478.0,POINT (-73.84057971019583 45.48516329374414)
2021S051624660207,12,38,21,3,11,7,0,91,92,404,2662,948,333,175,363,0,3402,3436,60.0,116.0,76.0,8.0,21.0,43.0,8.0,371.0,394.0,POINT (-73.76881576366219 45.46691864131685)
2021S051624660208,0,0,0,0,0,0,0,0,0,0,0,0,0,0,0,0,0,0,53.0,106.0,70.0,8.0,16.0,42.0,7.0,320.0,340.0,POINT (-73.64506726597126 45.46546069277761)
2021S051624660209,1,1,0,0,0,0,0,6,6,6,3,0,0,0,0,0,23,23,45.0,86.0,56.0,6.0,15.0,35.0,6.0,310.0,325.0,POINT (-73.67344099442208 45.46300102944906)
2021S051624660210,0,0,0,0,0,0,0,1,1,0,0,0,0,0,0,0,1,1,47.0,88.0,58.0,7.0,15.0,37.0,6.0,289.0,304.0,POINT (-73.6605680333644 45.46052923007978)
2021S051624660211,0,0,0,0,1,0,0,2,2,0,0,0,0,3,0,0,5,5,52.0,108.0,67.0,7.0,18.0,40.0,5.0,355.0,372.0,POINT (-73.59831828584413 45.447521314651894)
2021S051624660212,0,2,1,0,0,0,0,2,2,0,5,2,0,0,0,0,5,5,63.0,124.0,74.0,8.0,19.0,43.0,11.0,368.0,389.0,POINT (-73.82172937331624 45.49719378064493)
2021S051624660213,0,0,0,0,0,0,0,1,1,0,0,0,0,0,0,0,1,1,45.0,87.0,58.0,6.0,14.0,35.0,5.0,315.0,329.0,POINT (-73.59877033272443 45.453068164540895)
2021S051624660214,0,0,0,0,0,0,0,0,0,0,0,0,0,0,0,0,0,0,43.0,75.0,53.0,6.0,12.0,32.0,5.0,259.0,272.0,POINT (-73.64845170417652 45.45915656451174)
2021S051624660215,0,1,1,0,1,0,0,5,5,0,4,4,0,7,0,0,16,16,57.0,113.0,72.0,8.0,17.0,41.0,6.0,366.0,384.0,POINT (-73.58478083763258 45.44245585361817)
2021S051624660216,2,6,3,2,0,3,0,15,15,17,58,35,24,0,29,0,340,340,64.0,129.0,78.0,9.0,18.0,48.0,9.0,360.0,382.0,POINT (-73.81803832305361 45.482856615205996)
2021S051624660217,13,24,15,2,2,7,0,51,54,551,1291,496,14,219,164,0,2390,2461,73.0,169.0,104.0,13.0,26.0,60.0,8.0,475.0,506.0,POINT (-73.69758301829995 45.45484175228768)
2021S051624660218,0,1,1,0,0,0,0,1,1,0,5,5,0,0,0,0,5,5,59.0,120.0,76.0,9.0,17.0,46.0,6.0,360.0,380.0,POINT (-73.61264509864947 45.44329951136435)
2021S051624660219,0,2,1,0,0,0,0,4,4,0,7,4,0,0,0,0,14,14,43.0,74.0,52.0,6.0,12.0,30.0,5.0,255.0,267.0,POINT (-73.6458954944844 45.452561914805955)
2021S051624660221,1,2,3,0,0,0,0,10,10,6,60,107,0,0,0,0,169,169,58.0,125.0,76.0,9.0,19.0,46.0,7.0,387.0,408.0,POINT (-73.65257643200006 45.44617328528865)
2021S051624660222,0,1,0,0,1,0,0,4,4,0,3,0,0,14,0,0,22,22,63.0,137.0,83.0,9.0,20.0,51.0,9.0,367.0,392.0,POINT (-73.8547189661144 45.48272282143774)
2021S051624660223,7,35,19,4,3,20,0,77,83,300,1700,862,168,325,758,0,3072,3354,85.0,192.0,119.0,13.0,25.0,67.0,12.0,513.0,543.0,POINT (-73.80967960635412 45.467231745749004)
2021S051624660224,1,1,1,0,0,0,0,1,1,7,7,7,0,0,0,0,7,7,47.0,90.0,59.0,6.0,15.0,35.0,5.0,321.0,335.0,POINT (-73.59688808199519 45.431898527622266)
2021S051624660225,3,5,4,1,2,3,0,14,15,20,70,46,21,6,35,0,345,352,64.0,143.0,87.0,11.0,22.0,52.0,7.0,423.0,446.0,POINT (-73.6624956811721 45.43868526585556)
2021S051624660226,0,1,1,0,1,0,0,6,6,0,4,4,0,3,0,0,44,44,50.0,98.0,63.0,7.0,15.0,38.0,5.0,341.0,357.0,POINT (-73.61007458637683 45.43401289600151)
2021S051624660227,0,0,0,0,0,0,0,1,1,0,0,0,0,0,0,0,3,3,63.0,137.0,81.0,9.0,19.0,47.0,9.0,355.0,378.0,POINT (-73.84318514734372 45.47430721176828)
2021S051624660228,1,3,2,1,2,1,0,6,6,27,39,36,9,10,9,0,56,56,60.0,133.0,83.0,11.0,21.0,54.0,6.0,415.0,438.0,POINT (-73.67591882771593 45.440895138220014)
2021S051624660229,1,5,2,2,0,2,0,12,12,23,325,25,25,0,16,0,477,477,61.0,132.0,82.0,10.0,20.0,51.0,6.0,409.0,432.0,POINT (-73.64572763032979 45.433386613564075)
2021S051624660230,0,1,1,0,1,0,0,3,3,0,4,4,0,3,0,0,10,10,56.0,123.0,77.0,10.0,19.0,47.0,6.0,385.0,404.0,POINT (-73.6891017092044 45.44188739348915)
2021S051624660231,0,0,0,0,0,0,0,0,0,0,0,0,0,0,0,0,0,0,50.0,99.0,60.0,7.0,16.0,37.0,5.0,316.0,330.0,POINT (-73.60709370249967 45.42408237560702)
2021S051624660232,0,1,1,0,0,0,0,1,1,0,2,2,0,0,0,0,2,2,59.0,122.0,74.0,9.0,16.0,43.0,6.0,363.0,380.0,POINT (-73.62464150992851 45.42835641999543)
2021S051624660233,0,0,0,0,0,1,0,2,2,0,0,0,0,0,3,0,9,9,56.0,110.0,71.0,8.0,17.0,42.0,7.0,349.0,366.0,POINT (-73.7936186219701 45.453030786226)
2021S051624660234,0,1,1,0,0,1,0,3,3,0,3,3,0,0,2,0,7,7,56.0,106.0,66.0,8.0,16.0,40.0,8.0,329.0,349.0,POINT (-73.86391298800409 45.4712745772733)
2021S051624660235,0,5,1,0,0,2,0,9,10,0,380,7,0,0,70,0,494,501,65.0,140.0,86.0,13.0,23.0,51.0,6.0,417.0,435.0,POINT (-73.65326297806793 45.42708526717791)
2021S051624660236,0,0,0,0,0,0,0,0,0,0,0,0,0,0,0,0,0,0,56.0,126.0,79.0,10.0,21.0,50.0,6.0,387.0,406.0,POINT (-73.73057538255489 45.443540009275864)
2021S051624660237,0,0,0,0,0,0,0,0,0,0,0,0,0,0,0,0,0,0,48.0,88.0,57.0,7.0,14.0,33.0,5.0,289.0,301.0,POINT (-73.61802220114939 45.41901665300326)
2021S051624660238,3,5,4,2,0,2,0,13,13,91,127,124,64,0,64,0,316,316,57.0,116.0,71.0,9.0,20.0,40.0,4.0,353.0,368.0,POINT (-73.6356692348681 45.42127713935605)
2021S051624660239,0,0,0,0,0,0,0,1,1,0,0,0,0,0,0,0,1,1,47.0,97.0,66.0,8.0,16.0,39.0,5.0,326.0,343.0,POINT (-73.75126023054145 45.4429012115985)
2021S051624660240,1,2,1,0,0,0,0,4,4,3,6,3,0,0,0,0,16,16,50.0,102.0,69.0,8.0,16.0,42.0,6.0,314.0,332.0,POINT (-73.7051033148837 45.43778275113537)
2021S051624660241,0,4,2,2,0,3,0,8,8,0,115,53,53,0,55,0,422,422,57.0,112.0,70.0,9.0,16.0,45.0,8.0,324.0,345.0,POINT (-73.86003961101243 45.45650145532973)
2021S051624660242,1,4,2,1,0,1,0,11,11,22,259,102,87,0,87,0,988,988,58.0,117.0,74.0,9.0,18.0,45.0,8.0,350.0,368.0,POINT (-73.82661636854274 45.45005525501048)
2021S051624660243,3,2,1,0,0,0,0,3,3,19,15,11,0,0,0,0,19,19,93.0,218.0,125.0,14.0,33.0,69.0,16.0,521.0,557.0,POINT (-73.9143926059356 45.456614505307975)
2021S051624660244,0,0,0,0,0,1,0,2,2,0,0,0,0,0,2,0,3,3,66.0,143.0,87.0,10.0,21.0,50.0,12.0,394.0,419.0,POINT (-73.87590695300008 45.46137475343995)
2021S051624660245,2,2,1,0,0,0,0,3,3,10,10,3,0,0,0,0,12,12,56.0,108.0,71.0,9.0,17.0,44.0,8.0,349.0,366.0,POINT (-73.81345432599379 45.43957783672684)
2021S051624660246,3,7,4,1,2,3,0,14,14,59,126,43,9,22,37,0,186,186,56.0,107.0,69.0,9.0,17.0,43.0,8.0,312.0,328.0,POINT (-73.86232033059147 45.44553961886686)
2021S051624660247,0,0,0,0,0,0,0,0,0,0,0,0,0,0,0,0,0,0,0.0,0.0,0.0,0.0,0.0,0.0,0.0,0.0,0.0,POINT (-73.74176479373133 45.4325649674368)
2021S051624660248,0,1,1,0,0,0,0,1,1,0,2,2,0,0,0,0,2,2,51.0,97.0,61.0,9.0,16.0,41.0,7.0,330.0,342.0,POINT (-73.85117934199361 45.43880826108432)
2021S051624660249,0,2,1,0,0,0,0,2,2,0,332,3,0,0,0,0,332,332,54.0,100.0,64.0,9.0,17.0,36.0,8.0,291.0,303.0,POINT (-73.89285287973274 45.4440760357321)
2021S051624660250,1,3,1,0,0,0,0,5,5,12,18,12,0,0,0,0,31,31,62.0,132.0,83.0,13.0,23.0,48.0,9.0,388.0,403.0,POINT (-73.86796562152567 45.4267205496933)
2021S051624660251,1,0,1,1,0,0,0,3,3,2,0,2,2,0,0,0,6,6,50.0,94.0,61.0,10.0,17.0,36.0,7.0,285.0,296.0,POINT (-73.88028895663474 45.433531840122605)
2021S051624660252,3,5,3,0,0,1,0,9,9,197,267,25,0,0,8,0,279,279,50.0,93.0,59.0,9.0,18.0,35.0,7.0,310.0,321.0,POINT (-73.93806685613963 45.42738565858363)
2021S051624660253,1,0,1,0,0,0,1,5,5,22,0,22,0,0,0,22,32,32,29.0,40.0,33.0,5.0,11.0,21.0,3.0,177.0,182.0,POINT (-73.96331834991867 45.43270924305685)
2021S051624660254,6,11,14,4,2,9,1,30,34,207,630,657,67,41,307,2,1395,1670,46.0,81.0,55.0,9.0,15.0,32.0,7.0,253.0,264.0,POINT (-73.9115086966633 45.418333629937884)
2021S051624660255,0,1,0,0,0,0,0,1,1,0,3,0,0,0,0,0,3,3,56.0,118.0,85.0,10.0,25.0,49.0,8.0,342.0,367.0,POINT (-73.53665319097367 45.61141936836389)
2021S051624660256,1,6,1,0,1,0,0,11,12,4,230,145,0,3,0,0,201,346,58.0,110.0,76.0,7.0,20.0,48.0,7.0,359.0,382.0,POINT (-73.54362512000341 45.5583980686152)
2021S051624660257,0,0,0,0,0,0,0,0,0,0,0,0,0,0,0,0,0,0,68.0,146.0,95.0,9.0,26.0,53.0,10.0,420.0,447.0,POINT (-73.680127018393 45.53080486498461)
2021S051624660258,0,1,0,0,0,0,0,9,9,0,280,0,0,0,0,0,575,575,62.0,129.0,85.0,9.0,21.0,48.0,8.0,358.0,382.0,POINT (-73.67341411699852 45.52806889928283)
2021S051624660259,31,58,36,5,7,19,1,145,154,1628,2806,1721,67,284,536,46,5620,5873,138.0,331.0,205.0,21.0,55.0,107.0,18.0,825.0,890.0,POINT (-73.70141148005975 45.48617122564404)
2021S051624660260,0,0,0,0,0,0,0,5,5,0,0,0,0,0,0,0,14,14,60.0,114.0,73.0,8.0,18.0,42.0,6.0,371.0,390.0,POINT (-73.54745292610326 45.46486111809903)
2021S051624660261,18,54,30,3,8,16,0,123,128,600,1479,720,23,121,424,0,2667,2829,66.0,137.0,83.0,8.0,24.0,46.0,10.0,405.0,431.0,POINT (-73.74835721607393 45.49786543589155)
2021S051624660262,1,2,1,1,0,1,0,2,2,2,7,5,5,0,5,0,7,7,49.0,91.0,61.0,6.0,15.0,37.0,5.0,298.0,313.0,POINT (-73.55290471593541 45.45306632508602)
2021S051624670001,5,9,8,2,0,3,1,16,19,45,81,159,25,0,39,10,192,232,79.0,172.0,125.0,15.0,37.0,62.0,8.0,483.0,515.0,POINT (-73.44236107587045 45.39599586508231)
2021S051624670002,0,1,0,0,1,0,0,5,5,0,3,0,0,3,0,0,14,14,61.0,111.0,74.0,8.0,19.0,35.0,6.0,353.0,371.0,POINT (-73.49481492899618 45.416505327301046)
2021S051624670003,0,0,0,0,0,0,0,0,0,0,0,0,0,0,0,0,0,0,62.0,112.0,75.0,8.0,22.0,39.0,6.0,351.0,375.0,POINT (-73.47017720550198 45.41711229663323)
2021S051624670004,1,5,9,0,2,5,1,13,18,5,67,184,0,10,118,5,535,660,65.0,132.0,76.0,10.0,21.0,47.0,6.0,414.0,430.0,POINT (-73.58669783827135 45.39508413922648)
2021S051624670005,4,8,5,3,0,6,0,26,27,130,204,285,119,0,246,0,1587,1736,77.0,154.0,97.0,10.0,26.0,55.0,7.0,446.0,467.0,POINT (-73.52655876530389 45.3865422444472)
2021S051624670006,1,2,2,1,0,1,0,16,16,3,5,5,2,0,2,0,58,58,61.0,147.0,109.0,12.0,35.0,55.0,6.0,423.0,449.0,POINT (-73.45827547710445 45.33326347589684)
2021S051624670007,3,13,14,3,8,11,0,44,47,35,279,298,18,587,195,0,807,956,72.0,164.0,100.0,13.0,29.0,49.0,7.0,461.0,479.0,POINT (-73.543516425555 45.378794928897634)
2021S051624670008,1,1,1,0,0,0,0,2,2,2,2,2,0,0,0,0,15,15,79.0,181.0,106.0,13.0,30.0,61.0,7.0,524.0,544.0,POINT (-73.55491631388122 45.395361280673086)
2021S051624670009,0,0,0,0,0,0,0,0,0,0,0,0,0,0,0,0,0,0,54.0,111.0,76.0,9.0,25.0,48.0,6.0,364.0,383.0,POINT (-73.50214606372533 45.38282812256227)
2021S051624670010,0,0,0,0,0,0,0,3,3,0,0,0,0,0,0,0,15,15,0.0,0.0,0.0,0.0,0.0,0.0,0.0,0.0,0.0,POINT (-73.68754448134631 45.38525046592462)
2021S051624670011,0,0,0,0,0,0,0,0,0,0,0,0,0,0,0,0,0,0,40.0,75.0,54.0,7.0,19.0,32.0,3.0,271.0,285.0,POINT (-73.50954871251095 45.35896657772372)
2021S051624670012,0,0,0,0,2,0,0,8,8,0,0,0,0,6,0,0,62,62,102.0,220.0,132.0,16.0,36.0,75.0,6.0,617.0,640.0,POINT (-73.57481516325139 45.38473280014984)
2021S051624670013,0,2,1,0,3,0,0,5,5,0,6,3,0,13,0,0,19,19,60.0,135.0,89.0,13.0,26.0,52.0,5.0,407.0,424.0,POINT (-73.75809474369403 45.3799433786543)
2021S051624670014,0,2,0,0,0,0,0,3,3,0,5,0,0,0,0,0,7,7,68.0,149.0,92.0,13.0,28.0,56.0,4.0,454.0,471.0,POINT (-73.59196472948811 45.37247996650399)
2021S051624670015,2,2,2,0,0,0,1,21,21,25,41,20,0,0,0,2,518,518,61.0,126.0,79.0,11.0,24.0,51.0,4.0,400.0,415.0,POINT (-73.58153438841083 45.33409276345458)
2021S051624670016,0,1,2,1,0,1,1,3,3,0,2,4,2,0,2,2,7,7,49.0,114.0,70.0,11.0,23.0,40.0,3.0,346.0,360.0,POINT (-73.74144379683484 45.370526521908104)
2021S051624670017,1,0,1,0,0,0,1,2,2,2,0,2,0,0,0,2,14,14,36.0,62.0,45.0,6.0,12.0,26.0,3.0,222.0,230.0,POINT (-73.79500839365392 45.34365189524316)
2021S051624670018,0,0,0,0,0,0,0,0,0,0,0,0,0,0,0,0,0,0,50.0,109.0,70.0,11.0,21.0,40.0,3.0,336.0,351.0,POINT (-73.72520830732248 45.36693991485525)
2021S051624670019,1,8,11,2,2,5,1,26,29,22,317,381,226,10,283,22,562,619,62.0,139.0,85.0,13.0,28.0,50.0,4.0,410.0,425.0,POINT (-73.70043912211646 45.35261514248409)
2021S051624670020,1,3,5,0,2,0,0,23,23,3,30,46,0,42,0,0,180,180,39.0,66.0,47.0,8.0,16.0,26.0,3.0,267.0,275.0,POINT (-73.68815459457788 45.28948536003887)
2021S051624670022,0,0,0,0,0,0,0,1,1,0,0,0,0,0,0,0,2,2,72.0,173.0,107.0,17.0,36.0,61.0,4.0,472.0,492.0,POINT (-73.77489281579984 45.333929245694456)
2021S051624670023,1,4,4,0,1,0,2,23,23,3,13,30,0,3,0,24,104,104,90.0,231.0,143.0,24.0,46.0,83.0,4.0,610.0,637.0,POINT (-73.75264501795834 45.305588402607725)
2021S051624670024,0,1,0,0,0,0,0,3,3,0,3,0,0,0,0,0,9,9,66.0,151.0,96.0,16.0,28.0,53.0,4.0,422.0,440.0,POINT (-73.73038379541396 45.35141502383407)
2021S051624680001,2,2,4,1,4,4,0,45,45,18,24,31,7,55,103,0,359,359,51.0,127.0,107.0,11.0,50.0,57.0,4.0,418.0,451.0,POINT (-73.42527089309804 45.21877642216267)
2021S051624680002,0,2,3,0,4,2,0,104,104,0,92,11,0,120,70,0,602,602,61.0,133.0,126.0,25.0,85.0,80.0,10.0,686.0,720.0,POINT (-73.5985373362293 45.15111113200716)
2021S051624680003,1,5,4,0,2,3,0,36,37,8,31,47,0,38,39,0,298,301,56.0,143.0,105.0,17.0,53.0,61.0,5.0,498.0,521.0,POINT (-73.63954406028452 45.249317224421056)
2021S051624690001,1,3,4,0,4,2,0,96,96,3,9,20,0,56,14,0,576,576,25.0,76.0,80.0,18.0,79.0,76.0,4.0,514.0,532.0,POINT (-73.89513386595188 45.10461735706997)
2021S051624690002,3,7,7,1,3,2,0,90,91,12,92,165,3,90,81,0,480,555,25.0,91.0,97.0,22.0,86.0,82.0,3.0,639.0,668.0,POINT (-74.19488534786647 45.06322580929042)
2021S051624690003,0,0,0,0,0,0,0,0,0,0,0,0,0,0,0,0,0,0,0.0,0.0,0.0,0.0,0.0,0.0,0.0,0.0,0.0,POINT (-74.55390980888833 45.012299079964365)
2021S051624700001,3,5,2,1,0,5,1,14,14,27,44,7,5,0,198,3,248,248,40.0,141.0,86.0,22.0,31.0,55.0,4.0,402.0,416.0,POINT (-73.94843988212904 45.29940161331456)
2021S051624700002,1,5,5,1,8,3,0,92,93,11,26,26,2,415,8,0,826,833,54.0,205.0,132.0,35.0,53.0,88.0,5.0,618.0,642.0,POINT (-73.9282947235092 45.22232007449989)
2021S051624700003,0,0,0,0,1,0,0,9,9,0,0,0,0,11,0,0,34,34,27.0,68.0,51.0,12.0,22.0,37.0,4.0,242.0,250.0,POINT (-73.85414385353864 45.27834069002905)
2021S051624700004,2,3,5,1,5,5,0,34,34,63,230,386,201,127,369,0,824,824,54.0,169.0,122.0,22.0,64.0,94.0,5.0,519.0,555.0,POINT (-74.02340904321868 45.26580915323157)
2021S051624700005,0,1,2,0,4,0,0,11,12,0,7,10,0,46,0,0,225,232,30.0,114.0,91.0,21.0,73.0,87.0,3.0,417.0,439.0,POINT (-74.12316832806127 45.28281953662194)
2021S051624700006,0,1,0,0,0,0,0,4,4,0,2,0,0,0,0,0,127,127,31.0,133.0,102.0,24.0,88.0,104.0,3.0,485.0,511.0,POINT (-74.11546942959775 45.2494090877323)
2021S051624700007,1,5,5,0,1,2,0,12,14,58,81,116,0,3,50,0,124,174,34.0,140.0,114.0,27.0,102.0,111.0,3.0,548.0,575.0,POINT (-74.13981822171087 45.24959925340203)
2021S051624710001,0,5,3,2,1,2,0,39,39,0,28,44,11,3,11,0,272,272,23.0,94.0,105.0,16.0,87.0,85.0,4.0,529.0,550.0,POINT (-74.38911666667262 45.42875546025498)
2021S051624710002,0,1,1,0,0,0,0,6,6,0,2,2,0,0,0,0,20,20,37.0,61.0,55.0,7.0,20.0,38.0,12.0,242.0,252.0,POINT (-74.16282561731413 45.458554992112866)
2021S051624710003,4,14,9,0,1,4,1,38,38,62,556,127,0,35,148,2,948,948,47.0,104.0,69.0,13.0,30.0,54.0,12.0,368.0,385.0,POINT (-74.07710582336564 45.40167160603116)
2021S051624710004,3,2,4,1,0,1,1,6,6,17,14,19,2,0,2,2,40,40,48.0,114.0,71.0,12.0,20.0,43.0,3.0,324.0,337.0,POINT (-73.89555581058667 45.36896272370045)
2021S051624710005,0,0,0,0,0,0,0,1,1,0,0,0,0,0,0,0,2,2,11.0,27.0,24.0,3.0,10.0,18.0,2.0,112.0,114.0,POINT (-74.20408435035363 45.4497908811144)
2021S051624710006,2,3,2,0,0,1,1,11,12,15,9,17,0,0,3,3,34,46,41.0,144.0,82.0,19.0,30.0,53.0,3.0,375.0,389.0,POINT (-73.93808538567552 45.37054260226886)
2021S051624710007,0,0,0,0,0,0,0,5,5,0,0,0,0,0,0,0,10,10,71.0,200.0,107.0,27.0,45.0,71.0,17.0,512.0,532.0,POINT (-73.95922474424967 45.38818352094722)
2021S051624710008,1,3,3,0,2,0,0,13,13,2,13,10,0,9,0,0,83,83,40.0,107.0,72.0,16.0,33.0,72.0,4.0,365.0,379.0,POINT (-74.20862404544673 45.418874269434795)
2021S051624710009,1,1,0,0,0,0,0,2,2,2,3,0,0,0,0,0,5,5,47.0,103.0,68.0,13.0,24.0,51.0,12.0,302.0,317.0,POINT (-74.02633136048101 45.403049747311)
2021S051624710011,0,0,0,0,0,0,0,1,1,0,0,0,0,0,0,0,149,149,61.0,108.0,79.0,14.0,28.0,56.0,20.0,370.0,388.0,POINT (-74.03904387023911 45.40205847929299)
2021S051624710012,0,2,0,0,3,0,0,8,8,0,9,0,0,24,0,0,42,42,44.0,110.0,86.0,15.0,29.0,69.0,4.0,366.0,388.0,POINT (-74.1116822435819 45.3963118317302)
2021S051624710013,0,0,0,0,0,0,0,1,1,0,0,0,0,0,0,0,6,6,22.0,47.0,36.0,7.0,13.0,23.0,3.0,160.0,167.0,POINT (-73.98738767782102 45.3907400016838)
2021S051624710014,0,0,0,0,0,0,0,0,0,0,0,0,0,0,0,0,0,0,37.0,112.0,71.0,14.0,30.0,52.0,3.0,306.0,321.0,POINT (-73.98737599772616 45.38098972086737)
2021S051624710015,0,1,1,0,0,0,0,1,1,0,4,4,0,0,0,0,4,4,39.0,124.0,78.0,16.0,36.0,58.0,3.0,371.0,388.0,POINT (-73.98161943770229 45.37102652758572)
2021S051624710016,0,1,1,1,1,2,0,7,7,0,2,2,2,3,6,0,20,20,24.0,77.0,63.0,13.0,30.0,52.0,4.0,306.0,319.0,POINT (-74.1749881456285 45.40120547983462)
2021S051624710018,0,2,1,0,1,3,0,55,56,0,11,35,0,32,53,0,257,292,21.0,74.0,79.0,14.0,55.0,65.0,4.0,427.0,440.0,POINT (-74.3323286601458 45.32481710027288)
2021S051624710019,1,3,2,0,2,1,0,19,21,2,37,30,0,61,15,0,121,151,38.0,102.0,75.0,13.0,36.0,54.0,5.0,388.0,407.0,POINT (-74.08081723921714 45.332913665740975)
2021S051624710020,1,1,3,1,0,1,1,24,24,10,4,18,10,0,3,5,307,307,26.0,96.0,77.0,18.0,67.0,78.0,3.0,413.0,432.0,POINT (-74.19704872133764 45.307419039862616)
2021S051624710021,1,4,2,0,0,1,0,6,7,3,84,10,0,0,71,0,33,104,20.0,81.0,73.0,16.0,63.0,60.0,2.0,340.0,357.0,POINT (-74.23323089647334 45.27163169153064)
2021S051624710022,0,0,0,0,1,0,0,5,5,0,0,0,0,3,0,0,19,19,23.0,77.0,103.0,27.0,119.0,77.0,1.0,475.0,504.0,POINT (-74.28287574956927 45.24644366841696)
2021S051624710023,1,11,5,2,2,3,0,20,20,4,102,27,11,37,60,0,279,279,46.0,131.0,89.0,19.0,42.0,63.0,5.0,427.0,446.0,POINT (-74.02125335951115 45.35930767256663)
2021S051624710024,2,2,1,0,1,0,0,7,7,7,7,2,0,15,0,0,41,41,90.0,220.0,138.0,28.0,47.0,107.0,26.0,641.0,676.0,POINT (-74.04279437459569 45.38623039963077)
2021S051624720001,4,13,12,1,6,7,1,60,63,677,189,154,2,119,138,548,1666,1750,80.0,180.0,107.0,11.0,29.0,61.0,18.0,514.0,548.0,POINT (-73.95773972697125 45.58001510040041)
2021S051624720003,0,2,0,0,0,1,0,5,5,0,6,0,0,0,3,0,12,12,99.0,241.0,144.0,16.0,36.0,76.0,24.0,560.0,610.0,POINT (-73.88633080573325 45.5699219485212)
2021S051624720004,5,10,6,2,3,4,0,31,31,46,77,26,9,57,14,0,347,347,96.0,242.0,135.0,16.0,35.0,71.0,23.0,552.0,595.0,POINT (-73.9243888431141 45.57397237204686)
2021S051624720005,0,0,0,0,0,0,0,3,3,0,0,0,0,0,0,0,49,49,62.0,135.0,80.0,10.0,21.0,45.0,14.0,375.0,399.0,POINT (-73.9035059409333 45.55943983794603)
2021S051624720006,0,1,1,0,0,0,0,1,1,0,2,2,0,0,0,0,2,2,63.0,145.0,85.0,10.0,22.0,47.0,14.0,394.0,419.0,POINT (-73.90868214562822 45.55053921105097)
2021S051624720007,0,0,0,0,2,0,0,5,5,0,0,0,0,6,0,0,16,16,83.0,198.0,112.0,13.0,29.0,62.0,19.0,494.0,530.0,POINT (-73.90201788564829 45.541254228554116)
2021S051624720008,2,5,4,0,3,0,0,38,38,5,16,14,0,17,0,0,428,428,66.0,137.0,80.0,10.0,23.0,42.0,14.0,420.0,438.0,POINT (-74.01546151121053 45.53344768387431)
2021S051624720009,0,2,3,0,0,1,0,4,5,0,7,42,0,0,35,0,10,45,106.0,263.0,147.0,16.0,38.0,77.0,24.0,608.0,654.0,POINT (-73.94476914848497 45.53490650583083)
2021S051624720010,0,0,0,0,1,0,0,2,2,0,0,0,0,3,0,0,5,5,67.0,148.0,89.0,10.0,22.0,49.0,14.0,408.0,435.0,POINT (-73.93464889201024 45.5255655021059)
2021S051624720011,0,0,0,0,0,0,0,12,12,0,0,0,0,0,0,0,80,80,20.0,45.0,30.0,1.0,16.0,20.0,8.0,195.0,199.0,POINT (-74.18062732725383 45.5418378938747)
2021S051624720012,0,0,0,0,0,0,0,2,2,0,0,0,0,0,0,0,5,5,65.0,146.0,83.0,11.0,20.0,43.0,11.0,408.0,426.0,POINT (-73.96879198956168 45.501612777722684)
2021S051624720013,0,0,0,0,0,0,0,23,23,0,0,0,0,0,0,0,207,207,34.0,74.0,44.0,6.0,18.0,30.0,7.0,291.0,302.0,POINT (-74.05788522905966 45.49419461292186)
2021S051624720014,0,0,0,0,0,0,0,0,0,0,0,0,0,0,0,0,0,0,0.0,0.0,0.0,0.0,0.0,0.0,0.0,0.0,0.0,POINT (-74.11321339400595 45.483211171813956)
2021S051624722000,0,0,0,0,1,0,0,3,3,0,0,0,0,6,0,0,13,13,55.0,113.0,70.0,8.0,19.0,40.0,11.0,329.0,350.0,POINT (-73.90658843336765 45.57884020399575)
2021S051624730003,8,13,14,2,5,9,1,48,52,117,114,145,6,89,101,5,452,541,92.0,197.0,141.0,9.0,61.0,68.0,37.0,504.0,561.0,POINT (-73.84975334854968 45.689422309417374)
2021S051624730004,5,9,7,1,0,5,0,18,21,112,174,108,9,0,53,0,270,341,66.0,163.0,115.0,9.0,44.0,61.0,20.0,444.0,488.0,POINT (-73.76023555647785 45.66831011193655)
2021S051624730005,0,2,2,0,0,0,0,6,8,0,22,22,0,0,0,0,19,41,65.0,151.0,108.0,8.0,43.0,55.0,20.0,433.0,474.0,POINT (-73.78342892293871 45.66806486257537)
2021S051624730006,1,2,2,0,1,0,0,7,7,5,9,7,0,3,0,0,21,21,92.0,200.0,131.0,9.0,53.0,68.0,37.0,485.0,544.0,POINT (-73.89676005285567 45.68921559342292)
2021S051624730007,0,1,1,0,0,1,0,2,3,0,3,3,0,0,3,0,6,9,52.0,110.0,75.0,6.0,25.0,41.0,15.0,308.0,337.0,POINT (-73.81327085111367 45.665585935457074)
2021S051624730008,2,7,7,0,0,2,1,15,16,8,101,64,0,0,48,9,317,352,95.0,204.0,137.0,9.0,55.0,70.0,38.0,492.0,554.0,POINT (-73.90421348471307 45.68027112862675)
2021S051624730009,0,0,1,0,2,2,0,4,4,0,0,3,0,6,10,0,16,16,63.0,129.0,85.0,8.0,28.0,44.0,13.0,373.0,399.0,POINT (-73.78440395659212 45.63802293383834)
2021S051624730010,0,8,4,0,1,2,0,10,10,0,238,146,0,15,4,0,294,294,87.0,195.0,132.0,7.0,43.0,67.0,33.0,473.0,533.0,POINT (-73.87919818164576 45.66754069340131)
2021S051624730011,0,3,2,2,0,3,0,3,3,0,7,4,4,0,7,0,7,7,68.0,159.0,110.0,7.0,40.0,59.0,23.0,423.0,470.0,POINT (-73.8187542036041 45.65347138589609)
2021S051624730012,0,2,1,0,3,0,0,6,6,0,4,2,0,34,0,0,47,47,67.0,149.0,103.0,6.0,34.0,54.0,24.0,384.0,428.0,POINT (-73.85510330966649 45.658293984228706)
2021S051624730013,0,1,0,0,0,0,0,3,3,0,3,0,0,0,0,0,6,6,51.0,95.0,65.0,6.0,21.0,35.0,10.0,304.0,324.0,POINT (-73.79874535684814 45.642972487878424)
2021S051624730014,0,3,1,0,1,0,0,10,10,0,11,2,0,3,0,0,32,32,68.0,155.0,108.0,7.0,38.0,58.0,25.0,427.0,474.0,POINT (-73.82879854936608 45.6473898200229)
2021S051624730015,0,2,0,0,2,0,0,8,8,0,4,0,0,6,0,0,29,29,75.0,169.0,115.0,7.0,38.0,60.0,27.0,436.0,485.0,POINT (-73.86183160604958 45.64970870380652)
2021S051624730016,1,2,2,0,3,0,1,13,13,548,10,18,0,55,0,548,936,936,67.0,151.0,104.0,7.0,34.0,55.0,24.0,392.0,438.0,POINT (-73.83697110026205 45.638427329164806)
2021S051624730017,8,15,8,1,3,5,0,54,58,256,1212,531,3,156,118,0,2348,2736,102.0,237.0,146.0,14.0,45.0,76.0,24.0,568.0,618.0,POINT (-73.8856651397611 45.625666975006666)
2021S051624730018,3,10,6,1,2,1,2,30,30,361,372,382,5,18,5,96,594,594,90.0,224.0,134.0,14.0,42.0,74.0,21.0,580.0,625.0,POINT (-73.8187724036896 45.61141218380571)
2021S051624730019,0,1,0,0,0,0,0,3,3,0,3,0,0,0,0,0,21,21,65.0,149.0,93.0,10.0,27.0,48.0,15.0,419.0,448.0,POINT (-73.84713559437245 45.60426942754542)
2021S051624730020,3,5,7,0,2,2,0,35,36,10,22,100,0,34,92,0,465,540,112.0,259.0,172.0,12.0,81.0,88.0,46.0,642.0,720.0,POINT (-73.8161589483801 45.76675861181945)
2021S051624740001,3,7,11,4,6,5,3,35,36,19,48,123,52,102,61,19,276,311,82.0,154.0,112.0,7.0,55.0,44.0,32.0,453.0,496.0,POINT (-73.92892426040123 45.738430436748715)
2021S051624740002,2,16,11,3,3,4,1,34,34,122,1092,219,31,21,57,43,1449,1449,95.0,192.0,131.0,9.0,66.0,55.0,40.0,498.0,552.0,POINT (-73.90509941563658 45.71088240615666)
2021S051624740003,0,8,4,0,5,1,0,32,33,0,941,60,0,58,3,0,1217,1220,166.0,342.0,221.0,14.0,100.0,90.0,73.0,856.0,950.0,POINT (-74.04279910252276 45.69182278392097)
2021S051624740004,1,4,3,0,1,0,0,32,32,11,340,17,0,15,0,0,675,675,127.0,287.0,195.0,13.0,77.0,99.0,56.0,690.0,778.0,POINT (-73.92334802783736 45.64677411113148)
2021S051624740005,1,4,9,1,6,4,0,83,83,2,20,35,2,33,14,0,370,370,81.0,177.0,119.0,8.0,46.0,66.0,31.0,570.0,618.0,POINT (-74.11753346235932 45.60101217961608)
2021S051624750001,0,2,4,0,2,2,0,6,8,0,5,11,0,6,6,0,73,79,59.0,118.0,87.0,12.0,94.0,32.0,24.0,391.0,410.0,POINT (-73.99485944827563 45.91819436197284)
2021S051624750002,1,6,6,2,4,3,0,26,27,3,30,30,4,23,5,0,100,115,124.0,309.0,219.0,16.0,140.0,92.0,55.0,827.0,922.0,POINT (-73.9357415828861 45.83151438043507)
2021S051624750003,2,7,5,0,1,3,0,17,19,5,32,27,0,3,16,0,66,80,69.0,189.0,96.0,14.0,98.0,32.0,29.0,506.0,521.0,POINT (-74.07000887594452 45.864716237805496)
2021S051624750008,2,4,1,0,2,1,0,9,9,27,115,73,0,80,15,0,138,138,57.0,145.0,107.0,11.0,62.0,51.0,17.0,391.0,431.0,POINT (-74.00603642159402 45.79453368724581)
2021S051624750009,3,5,4,1,2,2,0,13,13,72,80,73,5,138,41,0,265,265,63.0,138.0,96.0,8.0,49.0,43.0,24.0,367.0,404.0,POINT (-73.99432227312083 45.76844766590201)
2021S051624750010,3,7,4,0,0,3,1,19,19,307,404,355,0,0,13,22,472,472,46.0,125.0,88.0,8.0,44.0,37.0,12.0,341.0,374.0,POINT (-74.012062998301 45.77217184641996)
2021S051624750011,0,4,3,1,2,1,0,9,9,0,14,8,2,24,2,0,45,45,99.0,322.0,163.0,15.0,118.0,56.0,34.0,792.0,844.0,POINT (-74.14491037257743 45.72228336605877)
2021S051624750012,3,3,5,3,8,3,1,24,25,465,48,160,105,557,49,422,1204,1207,81.0,225.0,162.0,15.0,97.0,78.0,27.0,550.0,614.0,POINT (-74.03112149881052 45.81029514029841)
2021S051624750013,2,3,1,0,0,0,1,3,4,7,8,5,0,0,0,5,11,13,68.0,171.0,96.0,11.0,85.0,35.0,25.0,462.0,480.0,POINT (-74.05158726771738 45.818369515604964)
2021S051624750014,1,3,7,1,8,4,0,26,28,22,41,119,21,208,42,0,661,679,76.0,242.0,161.0,13.0,97.0,69.0,22.0,600.0,667.0,POINT (-74.08471041603133 45.80318110753269)
2021S051624750015,0,3,3,0,0,0,0,2,3,0,79,79,0,0,0,0,6,79,68.0,209.0,140.0,11.0,72.0,60.0,20.0,506.0,563.0,POINT (-73.96950490919255 45.78363928438753)
2021S051624760003,0,0,0,0,0,0,0,3,3,0,0,0,0,0,0,0,5,5,27.0,44.0,31.0,4.0,26.0,13.0,9.0,174.0,179.0,POINT (-74.25609424302485 45.76498286706196)
2021S051624760004,0,6,4,0,7,2,0,23,25,0,128,104,0,250,61,0,582,650,12.0,191.0,127.0,6.0,91.0,86.0,7.0,661.0,675.0,POINT (-74.29634239025529 45.66507667273312)
2021S051624760005,0,1,1,0,0,0,0,2,2,0,2,2,0,0,0,0,5,5,9.0,20.0,32.0,2.0,19.0,20.0,2.0,127.0,129.0,POINT (-74.59963590474916 45.62946927380731)
2021S051624760111,0,1,3,0,4,2,0,45,45,0,3,12,0,19,38,0,219,219,58.0,100.0,102.0,0.0,269.0,34.0,0.0,764.0,764.0,POINT (-74.55122820857798 45.736785042093864)
2021S051624770003,1,4,4,0,4,0,0,13,13,6,32,16,0,26,0,0,69,69,40.0,44.0,44.0,9.0,82.0,20.0,28.0,303.0,314.0,POINT (-74.38778493007388 45.87837058317986)
2021S051624770004,0,2,1,0,1,1,0,9,9,0,9,2,0,3,7,0,24,24,43.0,81.0,58.0,9.0,67.0,20.0,17.0,297.0,306.0,POINT (-74.12486927777672 45.87978624535976)
2021S051624770005,2,2,0,0,0,1,0,10,10,6,6,0,0,0,3,0,67,67,54.0,107.0,65.0,8.0,69.0,21.0,23.0,340.0,351.0,POINT (-74.18161858510275 45.87875035872442)
2021S051624770111,0,1,2,0,4,1,1,11,12,0,3,5,0,38,3,2,56,59,60.0,62.0,79.0,18.0,153.0,29.0,43.0,460.0,471.0,POINT (-74.07978322226066 45.99940930367318)
2021S051624780001,0,3,1,0,3,0,0,19,19,0,22,17,0,74,0,0,189,189,2.0,25.0,13.0,0.0,93.0,2.0,0.0,220.0,221.0,POINT (-74.33229452939298 46.20626924915841)
2021S051624780002,0,2,0,0,6,0,0,33,33,0,12,0,0,26,0,0,133,133,10.0,21.0,21.0,0.0,79.0,6.0,0.0,235.0,235.0,POINT (-74.8670889824384 46.162607298629794)
2021S051624780003,0,2,1,0,5,1,0,21,21,0,48,3,0,14,3,0,103,103,8.0,23.0,19.0,0.0,43.0,5.0,0.0,181.0,181.0,POINT (-74.59600256160061 46.177574729946414)
2021S051624780004,0,0,0,0,0,0,0,0,0,0,0,0,0,0,0,0,0,0,0.0,0.0,0.0,0.0,0.0,0.0,0.0,0.0,0.0,POINT (-74.11123869413704 46.1491748102277)
2021S051624780005,1,4,4,0,1,0,0,14,14,3,46,55,0,11,0,0,147,147,4.0,29.0,17.0,0.0,27.0,9.0,1.0,185.0,186.0,POINT (-74.27176745589105 46.07216434045241)
2021S051624780006,0,3,0,0,2,1,0,13,13,0,7,0,0,6,2,0,53,53,7.0,31.0,22.0,0.0,54.0,13.0,1.0,206.0,210.0,POINT (-74.19591640503661 46.01226428161434)
2021S051624790001,0,1,1,0,8,0,0,19,19,0,2,2,0,113,0,0,211,211,0.0,24.0,7.0,0.0,65.0,1.0,0.0,173.0,173.0,POINT (-75.23634394446594 47.09528280203536)
2021S051624790002,0,1,1,0,9,0,0,26,26,0,4,4,0,196,0,0,255,255,3.0,21.0,8.0,0.0,159.0,0.0,0.0,334.0,334.0,POINT (-75.59193361020007 46.84158918809903)
2021S051624790003,0,1,2,0,8,2,0,30,30,0,2,5,0,64,33,0,152,152,0.0,3.0,7.0,0.0,91.0,32.0,0.0,210.0,210.0,POINT (-75.36878477305034 46.28353935936657)
2021S051624790004,2,4,2,0,6,0,0,42,42,5,51,19,0,158,0,0,442,442,11.0,26.0,20.0,4.0,264.0,44.0,4.0,596.0,596.0,POINT (-75.58333729313166 46.557398653072454)
2021S051624800002,2,2,3,0,6,0,0,39,39,59,61,85,0,245,0,0,381,381,18.0,23.0,33.0,0.0,108.0,18.0,0.0,268.0,268.0,POINT (-74.92766305758074 45.77532910789377)
2021S051624800003,0,0,0,0,0,0,0,1,1,0,0,0,0,0,0,0,3,3,2.0,4.0,7.0,0.0,29.0,4.0,0.0,50.0,51.0,POINT (-75.4930989325412 45.898542336312296)
2021S051624800004,0,0,0,0,0,0,0,0,0,0,0,0,0,0,0,0,0,0,2.0,4.0,5.0,0.0,11.0,2.0,0.0,27.0,28.0,POINT (-75.68302608160597 45.91240932579808)
2021S051624800006,0,0,1,0,3,1,0,15,15,0,0,11,0,82,19,0,158,158,16.0,31.0,31.0,1.0,83.0,21.0,5.0,232.0,244.0,POINT (-75.25325426529311 45.62278073094158)
2021S051624800007,0,0,0,0,0,0,0,0,0,0,0,0,0,0,0,0,0,0,6.0,7.0,9.0,0.0,12.0,5.0,0.0,45.0,47.0,POINT (-75.36137568747681 45.78800311884765)
2021S051624800008,0,0,0,0,4,0,0,18,18,0,0,0,0,151,0,0,182,182,0.0,9.0,0.0,0.0,127.0,0.0,0.0,232.0,232.0,POINT (-75.19263248048723 45.940643885538016)
2021S051624810001,1,1,1,0,2,0,0,7,8,1,15,15,0,68,0,0,140,155,23.0,59.0,49.0,3.0,27.0,49.0,4.0,227.0,255.0,POINT (-75.40071454825859 45.53958099846048)
2021S051624810002,0,0,0,0,0,0,0,2,2,0,0,0,0,0,0,0,3,3,12.0,20.0,19.0,1.0,41.0,15.0,4.0,174.0,182.0,POINT (-75.4043643885281 45.57781597967764)
2021S051624810003,0,0,0,0,0,1,0,2,2,0,0,0,0,0,55,0,58,58,13.0,30.0,20.0,1.0,41.0,16.0,4.0,194.0,202.0,POINT (-75.43089562831926 45.57832321304843)
2021S051624810004,0,5,5,1,6,4,0,21,24,0,83,83,2,102,65,0,293,356,21.0,40.0,27.0,2.0,12.0,23.0,3.0,191.0,202.0,POINT (-75.61262334973055 45.53391683720717)
2021S051624810005,0,0,0,0,0,0,0,0,0,0,0,0,0,0,0,0,0,0,20.0,61.0,47.0,5.0,28.0,45.0,6.0,217.0,249.0,POINT (-75.48963972694729 45.52903230744307)
2021S051624810008,0,1,2,0,4,1,0,5,6,0,34,40,0,40,34,0,42,76,19.0,36.0,23.0,2.0,10.0,21.0,3.0,148.0,157.0,POINT (-75.6332083925283 45.50266017149405)
2021S051624810011,0,1,1,0,0,0,0,1,1,0,2,2,0,0,0,0,2,2,24.0,62.0,40.0,3.0,17.0,35.0,4.0,235.0,255.0,POINT (-75.65423323169617 45.49469905491879)
2021S051624810012,0,1,0,0,0,1,0,5,5,0,6,0,0,0,311,0,410,410,20.0,33.0,23.0,2.0,11.0,18.0,2.0,155.0,164.0,POINT (-75.64538365933447 45.47865236414594)
2021S051624810013,0,2,0,0,0,0,0,4,4,0,17,0,0,0,0,0,24,24,27.0,56.0,34.0,3.0,15.0,34.0,4.0,223.0,239.0,POINT (-75.68778222954201 45.48124899348766)
2021S051624810014,0,0,0,0,0,0,0,1,1,0,0,0,0,0,0,0,25,25,31.0,58.0,35.0,3.0,19.0,29.0,4.0,217.0,232.0,POINT (-75.69595084558935 45.46714388558765)
2021S051624810016,0,0,0,0,0,0,0,1,1,0,0,0,0,0,0,0,1,1,22.0,38.0,23.0,2.0,11.0,18.0,2.0,139.0,147.0,POINT (-75.73640496534335 45.48439213943145)
2021S051624810017,1,1,0,0,0,0,0,1,1,2,2,0,0,0,0,0,2,2,22.0,36.0,24.0,2.0,10.0,16.0,2.0,132.0,140.0,POINT (-75.7237439854696 45.47657058521382)
2021S051624810018,1,6,4,0,2,1,0,15,16,15,74,34,0,41,15,0,190,205,25.0,46.0,27.0,3.0,14.0,21.0,3.0,181.0,191.0,POINT (-75.76133804415396 45.474485302404354)
2021S051624810019,0,0,0,0,1,0,0,1,1,0,0,0,0,35,0,0,35,35,22.0,36.0,24.0,2.0,11.0,19.0,2.0,172.0,180.0,POINT (-75.75689317827278 45.46507440598694)
2021S051624810021,0,1,0,0,0,0,0,6,6,0,3,0,0,0,0,0,155,155,27.0,52.0,33.0,3.0,15.0,33.0,3.0,225.0,239.0,POINT (-75.71498342525081 45.44073216542936)
2021S051624810022,0,0,0,0,0,0,0,0,0,0,0,0,0,0,0,0,0,0,29.0,56.0,33.0,3.0,15.0,27.0,3.0,183.0,196.0,POINT (-75.77319156905334 45.449913820231465)
2021S051624810023,2,3,2,0,2,3,0,10,11,11,18,17,0,14,11,0,568,575,24.0,44.0,27.0,3.0,12.0,25.0,3.0,188.0,198.0,POINT (-75.73759068108443 45.45403498178929)
2021S051624810024,0,0,0,0,0,0,0,0,0,0,0,0,0,0,0,0,0,0,26.0,47.0,28.0,3.0,14.0,22.0,3.0,185.0,195.0,POINT (-75.75619518581189 45.45592367411104)
2021S051624810025,0,0,0,0,1,0,0,2,2,0,0,0,0,15,0,0,17,17,28.0,57.0,35.0,3.0,16.0,29.0,3.0,212.0,227.0,POINT (-75.74165835934949 45.4381299785177)
2021S051624810026,0,0,0,0,0,0,0,0,0,0,0,0,0,0,0,0,0,0,26.0,47.0,30.0,3.0,13.0,28.0,2.0,206.0,215.0,POINT (-75.7583357349991 45.43020986379526)
2021S051624810030,0,0,0,0,0,0,0,3,3,0,0,0,0,0,0,0,17,17,32.0,58.0,28.0,3.0,15.0,24.0,2.0,214.0,220.0,POINT (-75.84051897045885 45.39307824664335)
2021S051624810031,0,1,0,0,0,0,0,2,2,0,9,0,0,0,0,0,13,13,26.0,47.0,26.0,3.0,13.0,22.0,2.0,190.0,195.0,POINT (-75.86245527782161 45.40087806672713)
2021S051624810032,1,4,2,1,1,1,0,8,8,5,16,8,5,3,5,0,31,31,31.0,72.0,43.0,4.0,18.0,40.0,5.0,258.0,280.0,POINT (-75.70071265316143 45.49501661670974)
2021S051624810033,1,3,2,0,3,1,0,19,19,1,24,11,0,42,8,0,206,206,62.0,136.0,69.0,5.0,31.0,57.0,5.0,401.0,428.0,POINT (-75.85124927669581 45.437388570097305)
2021S051624810034,0,0,0,0,0,0,0,0,0,0,0,0,0,0,0,0,0,0,28.0,55.0,33.0,3.0,13.0,25.0,2.0,192.0,203.0,POINT (-75.8265757038373 45.3921705383341)
2021S051624810035,0,2,1,0,1,1,0,3,4,0,18,15,0,3,15,0,248,263,25.0,67.0,43.0,3.0,19.0,42.0,5.0,248.0,271.0,POINT (-75.60644241395607 45.50546125360332)
2021S051624810036,0,0,1,0,1,0,0,6,6,0,0,10,0,13,0,0,44,44,25.0,68.0,43.0,3.0,20.0,38.0,5.0,238.0,260.0,POINT (-75.5837315958202 45.489014128305215)
2021S051624810037,0,1,0,0,1,0,0,2,2,0,3,0,0,3,0,0,6,6,26.0,53.0,31.0,3.0,15.0,30.0,3.0,210.0,223.0,POINT (-75.74082245643784 45.50650301925072)
2021S051624810038,1,1,0,0,0,0,0,4,4,2,2,0,0,0,0,0,18,18,38.0,74.0,42.0,3.0,17.0,34.0,3.0,249.0,264.0,POINT (-75.79562894574403 45.40560916880316)
2021S051624810039,0,0,0,0,0,0,0,1,1,0,0,0,0,0,0,0,2,2,19.0,36.0,23.0,2.0,10.0,18.0,3.0,137.0,146.0,POINT (-75.66523234080648 45.50365933227202)
2021S051624820001,2,2,2,0,0,0,0,4,4,5,5,5,0,0,0,0,10,10,3.0,6.0,8.0,1.0,10.0,6.0,0.0,66.0,69.0,POINT (-75.5519697983419 45.78140053351383)
2021S051624820003,0,0,1,0,2,1,0,10,11,0,0,15,0,34,15,0,67,82,16.0,55.0,48.0,3.0,36.0,43.0,4.0,197.0,232.0,POINT (-75.45122259531507 45.62138080317296)
2021S051624820004,0,0,1,0,3,0,0,17,17,0,0,6,0,12,0,0,40,40,2.0,25.0,22.0,1.0,55.0,14.0,0.0,204.0,217.0,POINT (-76.07165986106261 45.709547153216924)
2021S051624820007,0,1,1,0,2,0,0,9,9,0,2,2,0,6,0,0,20,20,25.0,45.0,26.0,3.0,15.0,13.0,2.0,188.0,192.0,POINT (-76.11228166796784 45.55436998321611)
2021S051624820008,0,0,0,0,1,0,0,5,5,0,0,0,0,3,0,0,15,15,26.0,50.0,27.0,3.0,15.0,25.0,3.0,206.0,216.0,POINT (-75.85385555774543 45.539879645149036)
2021S051624820009,0,0,0,0,2,0,0,13,13,0,0,0,0,6,0,0,59,59,18.0,64.0,52.0,3.0,40.0,74.0,4.0,308.0,344.0,POINT (-75.68954057361252 45.69750854635135)
2021S051624820010,0,0,0,0,0,0,0,2,2,0,0,0,0,0,0,0,32,32,24.0,59.0,31.0,3.0,18.0,38.0,3.0,235.0,250.0,POINT (-75.78418045100793 45.58305513863061)
2021S051624830001,2,3,3,1,10,0,1,28,28,20,11,22,10,247,0,10,451,451,11.0,23.0,15.0,4.0,173.0,0.0,4.0,416.0,416.0,POINT (-76.55097041293614 47.13518863371922)
2021S051624830002,0,0,0,0,0,0,0,0,0,0,0,0,0,0,0,0,0,0,0.0,0.0,0.0,0.0,0.0,0.0,0.0,0.0,0.0,POINT (-76.70644288657968 47.258440444844204)
2021S051624830003,0,1,0,0,0,0,0,1,1,0,3,0,0,0,0,0,3,3,2.0,4.0,5.0,1.0,17.0,9.0,1.0,72.0,73.0,POINT (-76.06619907079472 46.3725525660483)
2021S051624830004,0,1,2,0,7,1,0,20,21,0,3,14,0,73,3,0,98,101,0.0,9.0,39.0,0.0,199.0,9.0,0.0,274.0,283.0,POINT (-76.0414865227068 46.03783450895668)
2021S051624830005,0,0,0,0,0,0,0,0,0,0,0,0,0,0,0,0,0,0,2.0,4.0,5.0,0.0,9.0,2.0,0.0,48.0,49.0,POINT (-75.82474924975432 45.833358980342645)
2021S051624840001,0,1,0,0,5,0,0,26,26,0,9,0,0,52,0,0,163,163,13.0,54.0,8.0,0.0,175.0,0.0,0.0,533.0,533.0,POINT (-77.17758380647413 46.420704059747074)
2021S051624850002,0,0,0,0,1,0,0,3,3,0,0,0,0,3,0,0,6,6,0.0,0.0,0.0,0.0,3.0,4.0,0.0,25.0,26.0,POINT (-78.56627470999027 47.578533547882884)
2021S051624850004,0,0,0,0,0,0,0,0,0,0,0,0,0,0,0,0,0,0,0.0,0.0,0.0,0.0,0.0,0.0,0.0,0.0,0.0,POINT (-79.47911510910339 47.620313006120256)
2021S051624850005,0,0,0,0,0,0,0,0,0,0,0,0,0,0,0,0,0,0,0.0,0.0,0.0,0.0,0.0,0.0,0.0,0.0,0.0,POINT (-78.80033028794078 46.990908462026454)
2021S051624850006,0,0,0,0,0,0,0,0,0,0,0,0,0,0,0,0,0,0,0.0,2.0,3.0,1.0,15.0,2.0,0.0,46.0,47.0,POINT (-78.9851030023469 46.78861025567021)
2021S051624850007,0,0,0,0,10,0,0,54,54,0,0,0,0,568,0,0,1186,1186,0.0,0.0,0.0,0.0,338.0,0.0,0.0,777.0,777.0,POINT (-78.63670643887885 47.091368417668676)
2021S051624850603,1,4,2,0,6,1,0,49,49,24,22,8,0,150,6,0,376,376,5.0,17.0,30.0,1.0,135.0,64.0,0.0,481.0,494.0,POINT (-79.45873710597047 47.46665589403112)
2021S051624860001,1,3,3,0,3,2,0,11,12,55,69,26,0,37,23,0,127,142,72.0,91.0,35.0,0.0,47.0,31.0,0.0,214.0,234.0,POINT (-78.76416414700672 48.38880807494669)
2021S051624860002,1,3,4,0,0,5,0,9,11,13,49,57,0,0,529,0,636,671,7.0,24.0,28.0,0.0,0.0,324.0,0.0,382.0,399.0,POINT (-78.53830372168002 48.03233162141663)
2021S051624860003,0,2,4,0,3,1,1,13,14,0,19,24,0,25,85,2,135,150,11.0,33.0,80.0,0.0,46.0,399.0,3.0,530.0,583.0,POINT (-79.30044588033631 48.291623578200515)
2021S051624860004,1,2,3,0,4,2,0,18,19,10,12,51,0,16,346,0,417,452,13.0,39.0,93.0,0.0,55.0,408.0,3.0,575.0,637.0,POINT (-79.10390294930501 48.03521880498926)
2021S051624870001,0,0,0,0,5,0,0,29,29,0,0,0,0,13,0,0,137,137,46.0,60.0,59.0,0.0,45.0,14.0,12.0,287.0,296.0,POINT (-79.27224634210903 48.60091044952284)
2021S051624870002,1,3,3,0,5,0,1,25,25,26,34,77,0,20,0,21,171,171,7.0,43.0,49.0,0.0,137.0,331.0,6.0,679.0,679.0,POINT (-78.88440871423202 48.806368626914995)
2021S051624870003,0,3,2,0,9,1,0,23,23,0,130,108,0,431,311,0,1053,1053,6.0,32.0,38.0,0.0,151.0,212.0,5.0,502.0,502.0,POINT (-79.18979310596339 48.8149242952198)
2021S051624880005,0,0,0,0,1,0,0,1,1,0,0,0,0,3,0,0,3,3,0.0,0.0,0.0,0.0,3.0,8.0,0.0,20.0,20.0,POINT (-78.12001223203848 48.599027331022874)
2021S051624880006,0,0,1,0,4,5,0,14,15,0,0,15,0,365,289,0,681,696,10.0,15.0,19.0,2.0,148.0,236.0,7.0,516.0,520.0,POINT (-77.57213278538063 48.58363365330788)
2021S051624880007,0,0,0,0,0,0,0,2,2,0,0,0,0,0,0,0,11,11,0.0,0.0,0.0,0.0,3.0,0.0,0.0,43.0,43.0,POINT (-78.5254899913343 48.78659464288206)
2021S051624880008,0,0,0,0,5,0,0,7,7,0,0,0,0,13,0,0,23,23,4.0,4.0,5.0,1.0,21.0,2.0,1.0,68.0,68.0,POINT (-78.31537997888528 48.83397051955167)
2021S051624880009,0,0,0,0,0,0,0,2,2,0,0,0,0,0,0,0,4,4,4.0,4.0,6.0,1.0,19.0,35.0,1.0,88.0,89.0,POINT (-78.04875287318144 48.46226581151388)
2021S051624880481,4,6,8,1,10,2,3,43,43,36,50,54,5,181,8,27,544,544,20.0,28.0,40.0,3.0,550.0,372.0,14.0,1196.0,1204.0,POINT (-77.99244401102963 48.697951552692)
2021S051624890001,0,0,0,0,6,0,0,9,9,0,0,0,0,271,0,0,297,297,0.0,0.0,0.0,0.0,284.0,0.0,0.0,344.0,344.0,POINT (-76.53661990196426 48.07652583717344)
2021S051624890002,0,1,1,1,5,1,0,7,7,0,9,9,9,45,9,0,57,57,33.0,45.0,32.0,4.0,150.0,526.0,0.0,806.0,811.0,POINT (-77.62114788515981 48.1877953320517)
2021S051624890003,0,1,1,0,4,1,0,11,11,0,3,14,0,28,85,0,140,140,19.0,29.0,24.0,3.0,62.0,212.0,0.0,360.0,367.0,POINT (-77.90775940530443 48.200957446225864)
2021S051624890004,0,1,0,0,2,1,0,7,7,0,3,0,0,14,311,0,346,346,10.0,10.0,14.0,2.0,43.0,288.0,2.0,407.0,411.0,POINT (-78.15261935284694 48.13342941607212)
2021S051624890005,4,4,7,1,5,5,0,28,28,44,31,69,5,96,47,0,450,450,32.0,23.0,50.0,4.0,84.0,34.0,0.0,331.0,331.0,POINT (-77.73422600988792 47.93314202647266)
2021S051624890006,0,0,0,0,0,0,0,0,0,0,0,0,0,0,0,0,0,0,0.0,0.0,0.0,0.0,0.0,0.0,0.0,2.0,2.0,POINT (-77.35132919342041 48.05981943365618)
2021S051624890007,1,5,3,0,1,2,0,10,11,109,162,39,0,3,205,0,397,404,32.0,43.0,28.0,4.0,42.0,231.0,0.0,385.0,387.0,POINT (-77.78114465015565 48.103280375060656)
2021S051624890008,0,0,0,0,0,0,0,0,0,0,0,0,0,0,0,0,0,0,0.0,0.0,0.0,0.0,5.0,0.0,0.0,17.0,17.0,POINT (-77.31128542689342 47.609896762074186)
2021S051624900001,0,2,2,0,22,1,0,34,35,0,7,144,0,643,35,0,1213,1248,0.0,18.0,117.0,0.0,536.0,29.0,0.0,1018.0,1047.0,POINT (-73.74941745303857 48.05746012636563)
2021S051624900002,0,0,0,0,1,0,0,1,1,0,0,0,0,68,0,0,68,68,0.0,2.0,7.0,0.0,29.0,2.0,0.0,60.0,62.0,POINT (-74.93799084786954 48.668447502796475)
2021S051624900003,0,0,0,0,1,0,0,2,2,0,0,0,0,24,0,0,25,25,0.0,0.0,0.0,0.0,10.0,0.0,0.0,17.0,17.0,POINT (-73.79289242095395 47.9231016679787)
2021S051624910001,1,3,4,0,14,0,0,58,59,12,46,113,0,636,0,0,929,963,13.0,24.0,57.0,2.0,313.0,1.0,2.0,638.0,647.0,POINT (-73.64410927723168 49.07188001256784)
2021S051624910002,2,5,6,1,10,1,2,53,54,22,30,69,2,393,2,7,919,920,12.0,52.0,63.0,6.0,346.0,16.0,3.0,677.0,691.0,POINT (-72.43943150988969 48.72000732414436)
2021S051624910003,0,1,2,0,3,1,0,7,7,0,7,13,0,14,4,0,27,27,7.0,12.0,12.0,2.0,39.0,4.0,2.0,133.0,136.0,POINT (-72.24976063085023 48.56428838922345)
2021S051624910004,3,2,5,1,5,0,0,22,22,12,10,70,2,74,0,0,323,323,9.0,49.0,54.0,2.0,150.0,11.0,2.0,376.0,386.0,POINT (-72.2475366155468 48.47751374610903)
2021S051624920002,0,0,0,0,0,0,0,1,1,0,0,0,0,0,0,0,3,3,5.0,9.0,10.0,2.0,13.0,4.0,1.0,60.0,62.0,POINT (-72.21020719782372 49.049635669798576)
2021S051624920003,2,5,7,3,22,4,0,104,104,9,89,97,35,778,37,0,1259,1259,7.0,63.0,70.0,25.0,605.0,27.0,0.0,976.0,976.0,POINT (-72.134138343326 50.5911345220954)
2021S051624920004,0,0,0,0,0,0,0,4,4,0,0,0,0,0,0,0,13,13,5.0,9.0,10.0,2.0,19.0,4.0,1.0,69.0,71.0,POINT (-72.2738705664319 48.97414725434657)
2021S051624921411,3,6,5,0,23,1,0,58,59,4,177,132,0,371,72,0,834,906,15.0,69.0,82.0,7.0,486.0,22.0,3.0,943.0,962.0,POINT (-72.15564975604111 48.862088769213464)
2021S051624930001,1,3,3,0,9,1,1,74,74,3,47,14,0,614,4,3,1054,1054,8.0,90.0,79.0,6.0,383.0,54.0,1.0,813.0,858.0,POINT (-71.70801880798426 48.684782184450796)
2021S051624930002,1,0,1,0,0,1,0,7,8,14,0,75,0,0,75,0,51,126,7.0,41.0,25.0,5.0,55.0,34.0,1.0,204.0,228.0,POINT (-71.53954250075977 48.584656932208155)
2021S051624930004,2,4,6,2,1,4,0,20,21,30,41,117,10,14,89,0,575,650,9.0,92.0,52.0,6.0,77.0,67.0,1.0,309.0,365.0,POINT (-71.6350000821747 48.560542505940525)
2021S051624930006,0,3,2,0,2,1,0,14,14,0,58,4,0,35,35,0,126,126,10.0,94.0,44.0,7.0,67.0,74.0,1.0,274.0,337.0,POINT (-71.59857944671903 48.52158009373229)
2021S051624930007,0,2,1,0,6,2,0,76,76,0,253,244,0,58,22,0,666,666,5.0,234.0,115.0,8.0,155.0,155.0,0.0,576.0,712.0,POINT (-71.75988871713258 48.180080704920385)
2021S051624930008,0,2,2,1,5,2,0,31,32,0,554,36,33,28,524,0,260,781,10.0,113.0,65.0,11.0,150.0,79.0,1.0,462.0,525.0,POINT (-71.70140669710922 48.618348628592486)
2021S051624930009,0,6,3,2,5,2,0,30,30,0,51,32,18,179,18,0,388,388,12.0,139.0,74.0,10.0,119.0,101.0,1.0,476.0,561.0,POINT (-71.68846850997924 48.542829034090616)
2021S051624940002,0,0,0,0,3,0,0,8,8,0,0,0,0,40,0,0,81,81,11.0,90.0,39.0,6.0,58.0,73.0,2.0,239.0,292.0,POINT (-71.16876129998111 48.663876859154136)
2021S051624940003,0,2,0,0,1,0,0,12,12,0,7,0,0,3,0,0,24,24,13.0,52.0,27.0,2.0,27.0,40.0,1.0,173.0,198.0,POINT (-70.83663857340713 48.48513348441315)
2021S051624940005,0,0,0,0,0,0,0,3,3,0,0,0,0,0,0,0,5,5,5.0,19.0,14.0,1.0,5.0,10.0,1.0,52.0,58.0,POINT (-70.59161696621113 48.39281142783678)
2021S051624940006,0,0,0,0,2,0,0,6,6,0,0,0,0,168,0,0,181,181,22.0,120.0,60.0,5.0,47.0,87.0,2.0,260.0,323.0,POINT (-71.23827224781532 48.50512233999072)
2021S051624940007,0,0,0,0,2,0,0,3,3,0,0,0,0,26,0,0,27,27,5.0,30.0,21.0,2.0,11.0,19.0,1.0,88.0,100.0,POINT (-70.64565527882432 48.292076406402224)
2021S051624940008,0,1,1,0,1,0,0,3,3,0,3,3,0,3,0,0,8,8,11.0,25.0,19.0,2.0,12.0,17.0,2.0,113.0,124.0,POINT (-71.41227130950932 48.5255303765457)
2021S051624940010,0,1,0,0,1,0,0,6,6,0,12,0,0,35,0,0,82,82,14.0,74.0,39.0,3.0,18.0,59.0,1.0,165.0,205.0,POINT (-71.05052383219882 48.40189817258826)
2021S051624940014,2,7,6,0,2,5,0,14,17,25,268,289,0,26,211,0,333,435,24.0,195.0,93.0,8.0,38.0,152.0,2.0,293.0,410.0,POINT (-71.10649321741364 48.419924947674396)
2021S051624940022,1,2,3,0,1,0,0,8,8,9,8,17,0,6,0,0,58,58,25.0,176.0,85.0,8.0,33.0,127.0,2.0,271.0,366.0,POINT (-71.23837563762015 48.4223896366603)
2021S051624940023,0,1,0,0,1,1,0,3,3,0,7,0,0,7,7,0,17,17,22.0,139.0,69.0,6.0,28.0,101.0,2.0,231.0,305.0,POINT (-71.27685232884936 48.41470964372914)
2021S051624940025,0,2,0,0,0,0,0,3,3,0,40,0,0,0,0,0,41,41,20.0,114.0,56.0,5.0,24.0,81.0,1.0,204.0,262.0,POINT (-71.25670241967119 48.40535076130619)
2021S051624940027,1,8,7,1,7,7,0,34,38,3,692,310,21,125,774,0,575,1239,30.0,344.0,162.0,14.0,68.0,274.0,2.0,442.0,661.0,POINT (-70.89328814798253 48.327319376771754)
2021S051624940028,5,19,14,1,6,9,1,80,84,77,733,583,44,156,218,10,1451,1502,31.0,324.0,154.0,13.0,80.0,253.0,2.0,485.0,685.0,POINT (-70.92764708339787 48.37303857857372)
2021S051624940029,1,3,2,1,5,3,0,33,35,5,358,56,21,121,388,0,268,635,29.0,259.0,134.0,10.0,96.0,195.0,3.0,502.0,651.0,POINT (-71.31126426415807 48.328506739932905)
2021S051624940030,0,2,2,2,0,2,0,16,16,0,6,6,6,0,6,0,423,423,28.0,202.0,102.0,10.0,72.0,147.0,3.0,387.0,499.0,POINT (-71.3888801789917 48.434765795723045)
2021S051624940031,0,1,0,0,1,1,0,10,10,0,3,0,0,3,1,0,77,77,29.0,292.0,141.0,12.0,56.0,230.0,2.0,411.0,592.0,POINT (-71.07352263183557 48.44933423852037)
2021S051624940032,0,0,0,0,1,1,0,5,5,0,0,0,0,3,2,0,67,67,17.0,122.0,61.0,5.0,27.0,98.0,1.0,214.0,287.0,POINT (-71.03582306288779 48.42285074967696)
2021S051624940034,1,2,0,0,1,0,0,7,7,4,9,0,0,15,0,0,58,58,21.0,174.0,84.0,7.0,38.0,138.0,2.0,286.0,391.0,POINT (-71.0761087398449 48.40785839344132)
2021S051624940035,0,1,0,0,0,2,0,10,10,0,6,0,0,0,11,0,62,62,16.0,91.0,45.0,4.0,24.0,71.0,1.0,197.0,247.0,POINT (-71.05380976015351 48.41804675910442)
2021S051624940037,0,9,3,1,1,9,0,11,18,0,1183,227,44,3,1292,0,143,1386,25.0,206.0,100.0,9.0,38.0,162.0,2.0,300.0,425.0,POINT (-71.15100575866153 48.41587033318881)
2021S051624940038,4,12,13,4,4,6,1,26,28,125,311,211,26,57,37,10,416,457,26.0,218.0,104.0,9.0,37.0,171.0,2.0,283.0,416.0,POINT (-71.23151194743924 48.40409935370765)
2021S051624940039,0,1,0,0,0,2,0,6,6,0,74,0,0,0,76,0,145,145,30.0,275.0,131.0,11.0,54.0,215.0,2.0,388.0,557.0,POINT (-71.1961938513451 48.432066366922555)
2021S051624940040,0,1,0,0,1,1,0,9,9,0,20,0,0,3,2,0,44,44,1.0,7.0,2.0,0.0,41.0,2.0,1.0,147.0,147.0,POINT (-70.65097927385085 50.39518283694923)
2021S051624940041,0,0,0,0,3,0,0,5,5,0,0,0,0,18,0,0,21,21,6.0,31.0,19.0,2.0,15.0,20.0,1.0,110.0,124.0,POINT (-70.84688658374615 48.13213971372198)
2021S051624940042,0,0,0,0,0,0,0,0,0,0,0,0,0,0,0,0,0,0,0.0,0.0,0.0,0.0,0.0,0.0,0.0,0.0,0.0,POINT (-71.26369311794873 48.16634092870817)
2021S051624942000,0,3,2,0,3,1,0,13,13,0,62,60,0,13,9,0,101,101,22.0,160.0,83.0,7.0,38.0,128.0,2.0,295.0,392.0,POINT (-71.10519300831815 48.53299583414214)
2021S051624942001,1,0,0,0,0,0,0,3,3,1,0,0,0,0,0,0,5,5,13.0,73.0,33.0,4.0,33.0,59.0,2.0,174.0,223.0,POINT (-71.46354409169344 48.43912846129506)
2021S051624942002,0,0,0,0,0,0,0,2,2,0,0,0,0,0,0,0,3,3,16.0,50.0,27.0,2.0,15.0,38.0,1.0,146.0,169.0,POINT (-71.15414678001265 48.466142962098594)
2021S051624942003,1,1,0,0,1,0,0,4,4,26,26,0,0,3,0,0,140,140,14.0,39.0,22.0,2.0,11.0,28.0,1.0,129.0,144.0,POINT (-71.02816211638799 48.466356833806095)
2021S051624942004,1,3,1,0,1,0,0,8,8,17,32,17,0,3,0,0,48,48,20.0,115.0,58.0,6.0,50.0,88.0,2.0,281.0,347.0,POINT (-71.37290802014307 48.56123660311709)
2021S051624950001,1,4,4,0,10,2,0,43,43,12,36,31,0,225,13,0,423,423,45.0,68.0,59.0,0.0,214.0,9.0,0.0,499.0,499.0,POINT (-69.41683350080949 49.01085979974162)
2021S051624950002,0,0,0,0,1,0,0,2,2,0,0,0,0,52,0,0,59,59,0.0,0.0,0.0,0.0,5.0,0.0,0.0,19.0,19.0,POINT (-69.39807588549951 48.336909297032484)
2021S051624960001,0,0,0,0,0,0,0,2,2,0,0,0,0,0,0,0,129,129,0.0,9.0,0.0,0.0,2.0,1.0,0.0,85.0,85.0,POINT (-68.8204159612191 50.38572616965578)
2021S051624960003,0,2,2,1,2,1,0,8,8,0,25,12,5,151,5,0,217,217,0.0,261.0,8.0,3.0,88.0,253.0,0.0,224.0,469.0,POINT (-68.25697694472095 49.265429190479495)
2021S051624960004,0,3,1,0,0,1,0,6,7,0,526,2,0,0,521,0,12,533,0.0,173.0,6.0,2.0,63.0,167.0,0.0,160.0,322.0,POINT (-68.24113469759601 49.19448238578559)
2021S051624960005,0,0,0,0,2,0,0,11,11,0,0,0,0,6,0,0,51,51,4.0,127.0,13.0,2.0,89.0,119.0,0.0,213.0,323.0,POINT (-68.50874733314589 49.1398851301947)
2021S051624960006,0,0,0,0,2,1,0,5,5,0,0,0,0,26,8,0,38,38,0.0,154.0,5.0,2.0,55.0,149.0,0.0,145.0,289.0,POINT (-68.28229341237913 49.194870088723135)
2021S051624960007,0,0,0,0,0,0,0,0,0,0,0,0,0,0,0,0,0,0,1.0,4.0,5.0,1.0,10.0,3.0,0.0,44.0,44.0,POINT (-68.69665467116272 49.0615669134031)
2021S051624970001,0,0,0,0,0,0,0,0,0,0,0,0,0,0,0,0,0,0,0.0,0.0,0.0,0.0,0.0,0.0,0.0,0.0,0.0,POINT (-64.48794475510502 54.8237103430518)
2021S051624970002,0,0,0,0,0,0,0,0,0,0,0,0,0,0,0,0,0,0,0.0,0.0,0.0,0.0,0.0,0.0,0.0,0.0,0.0,POINT (-66.97496899682477 54.9156334713576)
2021S051624970003,0,0,0,0,0,0,0,0,0,0,0,0,0,0,0,0,0,0,0.0,0.0,0.0,0.0,0.0,0.0,0.0,13.0,13.0,POINT (-66.79321100274778 54.8960613015483)
2021S051624970004,0,1,1,0,2,0,0,13,13,0,2,2,0,17,0,0,149,149,0.0,5.0,2.0,0.0,23.0,4.0,0.0,398.0,398.0,POINT (-67.72996579981506 52.34850199599719)
2021S051624970005,0,0,0,0,0,0,0,1,1,0,0,0,0,0,0,0,8,8,0.0,0.0,0.0,0.0,0.0,0.0,0.0,0.0,0.0,POINT (-66.8253470725883 54.82006212296957)
2021S051624970006,0,0,0,0,0,0,0,0,0,0,0,0,0,0,0,0,0,0,0.0,0.0,0.0,0.0,0.0,0.0,0.0,0.0,0.0,POINT (-66.78415359953303 54.81228450356518)
2021S051624970007,0,0,0,0,0,0,0,0,0,0,0,0,0,0,0,0,0,0,0.0,2.0,1.0,0.0,0.0,1.0,0.0,17.0,17.0,POINT (-66.81272342905461 54.80434271500421)
2021S051624970008,0,1,3,0,2,1,0,18,19,0,3,138,0,14,75,0,153,228,6.0,193.0,57.0,5.0,13.0,217.0,0.0,152.0,364.0,POINT (-66.29382433427239 50.22521282818692)
2021S051624970009,0,0,0,0,0,0,0,2,2,0,0,0,0,0,0,0,9,9,1.0,21.0,8.0,1.0,2.0,22.0,0.0,55.0,76.0,POINT (-66.19301477588797 50.21266003358416)
2021S051624970010,0,1,0,0,0,1,0,7,8,0,521,0,0,0,521,0,15,536,0.0,127.0,37.0,4.0,4.0,147.0,0.0,126.0,265.0,POINT (-65.95635507857178 50.37160878561679)
2021S051624970012,0,2,2,2,0,2,0,9,9,0,14,14,14,0,14,0,33,33,5.0,159.0,47.0,5.0,10.0,179.0,0.0,117.0,291.0,POINT (-66.38860344448297 50.21424969158812)
2021S051624970013,0,0,0,0,0,0,0,5,5,0,0,0,0,0,0,0,106,106,1.0,16.0,7.0,1.0,2.0,16.0,0.0,33.0,48.0,POINT (-66.3849723034915 50.24378981569809)
2021S051624970014,1,0,0,0,0,0,0,8,8,17,0,0,0,0,0,0,48,48,6.0,183.0,55.0,5.0,12.0,206.0,0.0,139.0,340.0,POINT (-66.49190696723173 50.27738701614443)
2021S051624980001,0,1,0,0,0,1,0,53,53,0,2,0,0,0,6,0,623,623,0.0,160.0,1.0,0.0,6.0,159.0,0.0,289.0,447.0,POINT (-61.815601257039546 51.350673930130824)
2021S051624980002,0,0,0,0,0,0,0,2,2,0,0,0,0,0,0,0,10,10,0.0,0.0,0.0,0.0,0.0,0.0,0.0,0.0,0.0,POINT (-58.68021726009137 51.222273667584794)
2021S051624980003,0,0,0,0,0,0,0,0,0,0,0,0,0,0,0,0,0,0,0.0,0.0,0.0,0.0,0.0,0.0,0.0,0.0,0.0,POINT (-60.66625108955809 50.2204120140277)
2021S051624980004,0,0,0,0,0,0,0,0,0,0,0,0,0,0,0,0,0,0,0.0,1.0,0.0,0.0,0.0,0.0,0.0,55.0,55.0,POINT (-61.79877180568137 50.136143094199355)
2021S051624980005,0,0,0,0,0,0,0,0,0,0,0,0,0,0,0,0,0,0,0.0,0.0,0.0,0.0,0.0,0.0,0.0,15.0,15.0,POINT (-64.02924720605182 50.32939067571029)
2021S051624990001,0,0,0,0,0,0,0,0,0,0,0,0,0,0,0,0,0,0,0.0,0.0,0.0,0.0,0.0,0.0,0.0,0.0,0.0,POINT (-68.75877760575949 57.851598004152834)
2021S051624990002,0,0,0,0,0,0,0,0,0,0,0,0,0,0,0,0,0,0,0.0,0.0,0.0,0.0,0.0,0.0,0.0,0.0,0.0,POINT (-76.1070339525562 58.55036011202436)
2021S051624990003,0,0,0,0,0,0,0,0,0,0,0,0,0,0,0,0,0,0,0.0,0.0,0.0,0.0,0.0,0.0,0.0,0.0,0.0,POINT (-75.63588066436732 62.139454745025745)
2021S051624990004,0,0,0,0,0,0,0,0,0,0,0,0,0,0,0,0,0,0,0.0,0.0,0.0,0.0,0.0,0.0,0.0,0.0,0.0,POINT (-75.62648670931245 62.20880307263798)
2021S051624990005,0,0,0,0,0,0,0,0,0,0,0,0,0,0,0,0,0,0,0.0,0.0,0.0,0.0,0.0,0.0,0.0,0.0,0.0,POINT (-72.01790851533038 61.568258840806415)
2021S051624990006,0,0,0,0,0,0,0,0,0,0,0,0,0,0,0,0,0,0,0.0,0.0,0.0,0.0,0.0,0.0,0.0,0.0,0.0,POINT (-77.8423908532198 62.40949569418939)
2021S051624990007,0,0,0,0,0,1,0,1,1,0,0,0,0,0,1,0,1,1,0.0,0.0,0.0,0.0,0.0,0.0,0.0,0.0,0.0,POINT (-71.92656897094163 61.586995001630235)
2021S051624990008,0,0,0,0,0,0,0,0,0,0,0,0,0,0,0,0,0,0,0.0,0.0,0.0,0.0,0.0,0.0,0.0,0.0,0.0,POINT (-69.5110729005285 60.89042662478337)
2021S051624990009,0,0,0,0,0,0,0,0,0,0,0,0,0,0,0,0,0,0,0.0,0.0,0.0,0.0,0.0,0.0,0.0,0.0,0.0,POINT (-69.57699343352648 61.03660735675634)
2021S051624990010,0,0,0,0,0,0,0,0,0,0,0,0,0,0,0,0,0,0,0.0,0.0,0.0,0.0,0.0,0.0,0.0,0.0,0.0,POINT (-69.74935169356662 59.88404310748762)
2021S051624990011,0,0,0,0,0,0,0,0,0,0,0,0,0,0,0,0,0,0,0.0,0.0,0.0,0.0,0.0,0.0,0.0,0.0,0.0,POINT (-70.01181979068173 60.033765101990916)
2021S051624990012,0,0,0,0,0,0,0,0,0,0,0,0,0,0,0,0,0,0,0.0,0.0,0.0,0.0,0.0,0.0,0.0,0.0,0.0,POINT (-77.73964811117094 60.89155586766161)
2021S051624990013,0,0,0,0,0,0,0,0,0,0,0,0,0,0,0,0,0,0,0.0,0.0,0.0,0.0,0.0,0.0,0.0,0.0,0.0,POINT (-69.98328346511713 59.18011828470106)
2021S051624990014,0,0,0,0,0,0,0,0,0,0,0,0,0,0,0,0,0,0,0.0,0.0,0.0,0.0,0.0,0.0,0.0,0.0,0.0,POINT (-78.13013565273346 60.846569825262854)
2021S051624990015,0,0,0,0,0,0,0,0,0,0,0,0,0,0,0,0,0,0,0.0,0.0,0.0,0.0,0.0,0.0,0.0,0.0,0.0,POINT (-65.83532299074297 58.65278201278058)
2021S051624990016,0,0,0,0,0,0,0,0,0,0,0,0,0,0,0,0,0,0,0.0,0.0,0.0,0.0,0.0,0.0,0.0,0.0,0.0,POINT (-65.9632783613059 58.70805072916493)
2021S051624990017,0,0,0,0,0,0,0,0,0,0,0,0,0,0,0,0,0,0,0.0,0.0,0.0,0.0,0.0,0.0,0.0,0.0,0.0,POINT (-69.5676221927878 59.29370220604666)
2021S051624990018,0,0,0,0,0,0,0,0,0,0,0,0,0,0,0,0,0,0,0.0,0.0,0.0,0.0,0.0,0.0,0.0,0.0,0.0,POINT (-77.33514054076713 60.05266500978744)
2021S051624990019,0,0,0,0,0,0,0,0,0,0,0,0,0,0,0,0,0,0,0.0,0.0,0.0,0.0,0.0,0.0,0.0,0.0,0.0,POINT (-69.89374277105917 58.564175000312865)
2021S051624990020,0,0,0,0,0,0,0,0,0,0,0,0,0,0,0,0,0,0,0.0,0.0,0.0,0.0,0.0,0.0,0.0,0.0,0.0,POINT (-69.95406258059604 58.71926559415469)
2021S051624990021,0,0,0,0,0,0,0,0,0,0,0,0,0,0,0,0,0,0,0.0,0.0,0.0,0.0,0.0,0.0,0.0,0.0,0.0,POINT (-68.55454943643478 58.263048201942865)
2021S051624990022,0,0,0,0,0,0,0,0,0,0,0,0,0,0,0,0,0,0,0.0,0.0,0.0,0.0,0.0,0.0,0.0,0.0,0.0,POINT (-68.36822823390726 58.14116103706587)
2021S051624990023,0,0,0,0,0,0,0,0,0,0,0,0,0,0,0,0,0,0,0.0,0.0,0.0,0.0,0.0,0.0,0.0,0.0,0.0,POINT (-77.99077183354287 58.44746040807792)
2021S051624990024,0,0,0,0,0,0,0,0,0,0,0,0,0,0,0,0,0,0,0.0,0.0,0.0,0.0,0.0,0.0,0.0,0.0,0.0,POINT (-78.12738937202133 58.47406875196191)
2021S051624990025,0,0,0,0,0,0,0,0,0,0,0,0,0,0,0,0,0,0,0.0,0.0,0.0,0.0,0.0,0.0,0.0,0.0,0.0,POINT (-66.90829256769044 55.18103919517155)
2021S051624990026,0,0,0,0,0,0,0,0,0,0,0,0,0,0,0,0,0,0,0.0,0.0,0.0,0.0,0.0,0.0,0.0,0.0,0.0,POINT (-76.33028382356136 56.50663522480931)
2021S051624990027,0,0,0,0,0,0,0,0,0,0,0,0,0,0,0,0,0,0,0.0,0.0,0.0,0.0,0.0,0.0,0.0,0.0,0.0,POINT (-76.50394367964137 56.54616233306385)
2021S051624990028,0,0,0,0,0,0,0,0,0,0,0,0,0,0,0,0,0,0,0.0,0.0,0.0,0.0,0.0,0.0,0.0,0.0,0.0,POINT (-76.59550598020637 56.10595443828293)
2021S051624990029,0,0,2,0,9,0,1,13,13,0,0,8,0,407,0,2,492,492,11.0,21.0,17.0,2.0,244.0,3.0,7.0,815.0,815.0,POINT (-75.14905807039216 52.10400395172459)
2021S051624990030,0,0,0,0,0,0,0,0,0,0,0,0,0,0,0,0,0,0,0.0,0.0,0.0,0.0,0.0,0.0,0.0,0.0,0.0,POINT (-77.3609029565509 55.22891423450983)
2021S051624990031,0,0,0,0,0,0,0,0,0,0,0,0,0,0,0,0,0,0,0.0,0.0,0.0,0.0,0.0,0.0,0.0,0.0,0.0,POINT (-77.74943003319329 55.293047466558)
2021S051624990032,0,0,0,0,0,0,0,0,0,0,0,0,0,0,0,0,0,0,0.0,0.0,0.0,0.0,0.0,0.0,0.0,0.0,0.0,POINT (-77.27359697607655 55.13462712410035)
2021S051624990033,0,0,0,0,0,0,0,0,0,0,0,0,0,0,0,0,0,0,0.0,0.0,0.0,0.0,0.0,0.0,0.0,0.0,0.0,POINT (-78.33535794610637 53.63481390090923)
2021S051624990034,0,0,0,0,0,0,0,0,0,0,0,0,0,0,0,0,0,0,0.0,0.0,0.0,0.0,0.0,0.0,0.0,0.0,0.0,POINT (-78.7593223306523 53.67012386263673)
2021S051624990035,0,0,0,0,0,0,0,0,0,0,0,0,0,0,0,0,0,0,0.0,0.0,0.0,0.0,11.0,0.0,0.0,25.0,25.0,POINT (-78.72558555943503 53.04210227684072)
2021S051624990036,0,0,0,0,0,0,0,0,0,0,0,0,0,0,0,0,0,0,0.0,0.0,0.0,0.0,0.0,0.0,0.0,0.0,0.0,POINT (-78.79174507541369 52.9373527023237)
2021S051624990037,0,0,0,0,0,0,0,0,0,0,0,0,0,0,0,0,0,0,0.0,0.0,0.0,0.0,0.0,0.0,0.0,0.0,0.0,POINT (-78.05646762635669 52.14275099982188)
2021S051624990038,0,0,0,0,0,0,0,0,0,0,0,0,0,0,0,0,0,0,0.0,0.0,0.0,0.0,0.0,0.0,0.0,0.0,0.0,POINT (-78.24146533961195 52.212295950407395)
2021S051624990039,0,0,0,0,0,0,0,0,0,0,0,0,0,0,0,0,0,0,0.0,0.0,0.0,0.0,0.0,0.0,0.0,0.0,0.0,POINT (-76.35468821611353 51.70983320560218)
2021S051624990040,0,0,0,0,0,0,0,0,0,0,0,0,0,0,0,0,0,0,0.0,0.0,0.0,0.0,0.0,0.0,0.0,9.0,9.0,POINT (-76.34256757070769 51.67347976291093)
2021S051624990041,0,0,0,0,2,0,0,2,2,0,0,0,0,14,0,0,14,14,0.0,0.0,0.0,0.0,21.0,0.0,0.0,21.0,21.0,POINT (-73.6745307997913 50.55881648296461)
2021S051624990042,0,0,0,0,0,0,0,0,0,0,0,0,0,0,0,0,0,0,0.0,0.0,0.0,0.0,0.0,0.0,0.0,0.0,0.0,POINT (-74.01446664573307 50.355270956490116)
2021S051624990043,0,0,0,0,0,0,0,0,0,0,0,0,0,0,0,0,0,0,0.0,0.0,0.0,0.0,0.0,0.0,0.0,0.0,0.0,POINT (-78.78052132672208 51.185266027456834)
2021S051624990044,0,0,0,0,0,0,0,0,0,0,0,0,0,0,0,0,0,0,0.0,0.0,0.0,0.0,24.0,0.0,0.0,34.0,34.0,POINT (-78.69778047846481 51.36090187362359)
2021S051624990045,1,1,0,0,4,0,0,8,8,1,20,0,0,342,0,0,673,673,7.0,37.0,52.0,9.0,337.0,9.0,1.0,752.0,760.0,POINT (-74.24199074212223 49.87685302206907)
2021S051624990046,0,0,0,0,1,0,0,1,1,0,0,0,0,24,0,0,24,24,0.0,0.0,0.0,0.0,0.0,0.0,0.0,13.0,13.0,POINT (-74.70069398397978 49.96637553699906)
2021S051624990047,0,0,0,0,0,0,0,0,0,0,0,0,0,0,0,0,0,0,0.0,0.0,0.0,0.0,0.0,0.0,0.0,9.0,9.0,POINT (-75.85903865805093 49.75565362234092)
2021S051624990048,0,0,0,0,0,0,0,0,0,0,0,0,0,0,0,0,0,0,0.0,0.0,0.0,0.0,0.0,0.0,0.0,0.0,0.0,POINT (-76.29860847705079 49.74546911811952)
2021S051624992001,0,0,0,0,0,0,0,0,0,0,0,0,0,0,0,0,0,0,0.0,0.0,0.0,0.0,0.0,0.0,0.0,0.0,0.0,POINT (-77.69436236073523 62.415752987905584)
2021S051635010001,1,3,2,0,4,1,0,62,62,2,10,7,0,175,4,0,487,487,19.0,76.0,110.0,7.0,51.0,104.0,8.0,587.0,600.0,POINT (-74.68793144758548 45.34961294239877)
2021S051635010002,1,3,4,2,4,4,0,71,71,2,17,31,15,87,29,0,327,327,30.0,104.0,144.0,8.0,98.0,124.0,8.0,695.0,729.0,POINT (-74.56524840190016 45.194040535359505)
2021S051635010003,2,1,0,0,1,0,0,51,51,30,5,0,0,3,0,0,293,293,31.0,50.0,37.0,5.0,42.0,38.0,6.0,426.0,435.0,POINT (-74.98155368036538 45.204243850345925)
2021S051635010004,3,8,9,0,2,4,1,28,32,63,118,135,0,5,52,24,318,370,42.0,101.0,66.0,10.0,59.0,69.0,4.0,457.0,476.0,POINT (-74.95753127602377 45.07516777026321)
2021S051635010005,0,0,0,0,0,0,0,0,0,0,0,0,0,0,0,0,0,0,0.0,0.0,0.0,0.0,0.0,0.0,0.0,0.0,0.0,POINT (-74.71875650748538 45.00659540929169)
2021S051635010006,0,2,2,0,2,4,0,78,78,0,11,21,0,17,32,0,449,449,43.0,51.0,47.0,37.0,31.0,47.0,8.0,479.0,494.0,POINT (-75.3744580811063 45.08768140456464)
2021S051635010007,0,7,2,0,1,2,0,18,19,0,215,28,0,63,169,0,437,444,19.0,70.0,52.0,4.0,52.0,44.0,3.0,256.0,273.0,POINT (-74.7190168997088 45.05798906410537)
2021S051635010008,0,0,1,0,1,1,0,7,7,0,0,3,0,3,2,0,108,108,14.0,74.0,55.0,4.0,34.0,50.0,4.0,239.0,258.0,POINT (-74.69443223035616 45.02489304866844)
2021S051635010009,0,0,0,0,0,0,0,1,1,0,0,0,0,0,0,0,2,2,18.0,68.0,51.0,4.0,49.0,43.0,3.0,246.0,263.0,POINT (-74.77140611421258 45.044078499885366)
2021S051635010010,0,0,0,0,0,0,0,1,1,0,0,0,0,0,0,0,4,4,13.0,65.0,49.0,4.0,30.0,42.0,3.0,200.0,217.0,POINT (-74.71206368438006 45.024198399388865)
2021S051635010011,0,0,0,0,0,0,0,1,1,0,0,0,0,0,0,0,1,1,11.0,55.0,42.0,4.0,26.0,37.0,2.0,193.0,207.0,POINT (-74.73276764933037 45.030770001126214)
2021S051635010012,1,8,4,0,1,2,0,16,17,3,75,23,0,3,32,0,136,151,19.0,72.0,54.0,4.0,35.0,47.0,4.0,253.0,271.0,POINT (-74.76166614574566 45.01953865136946)
2021S051635010013,3,5,5,1,2,3,1,38,38,200,259,87,60,39,81,5,664,664,58.0,85.0,49.0,84.0,21.0,57.0,5.0,564.0,574.0,POINT (-75.28513732576727 44.94902685758947)
2021S051635020001,1,3,5,1,4,4,1,65,65,13,78,603,6,18,553,50,1099,1099,17.0,80.0,145.0,9.0,116.0,115.0,6.0,726.0,743.0,POINT (-74.55035362321416 45.51325314978688)
2021S051635020002,3,8,5,1,0,2,0,20,21,14,197,123,28,0,58,0,664,679,19.0,60.0,130.0,5.0,78.0,106.0,8.0,452.0,458.0,POINT (-74.60960172269463 45.61222041874023)
2021S051635020003,0,2,0,0,2,1,0,33,33,0,8,0,0,75,7,0,173,173,19.0,33.0,58.0,2.0,53.0,42.0,7.0,347.0,352.0,POINT (-74.98324422129686 45.54879917256292)
2021S051635020005,0,1,1,0,1,1,0,12,13,0,7,7,0,33,7,0,64,71,10.0,13.0,13.0,1.0,26.0,10.0,2.0,126.0,129.0,POINT (-75.19244319250674 45.51069773245873)
2021S051635020006,0,2,1,0,1,0,0,5,5,0,35,3,0,3,0,0,41,41,13.0,22.0,22.0,1.0,53.0,13.0,4.0,160.0,167.0,POINT (-75.28657518501987 45.53561952368582)
2021S051635020007,0,1,1,0,3,0,0,14,14,0,5,5,0,40,0,0,72,72,14.0,16.0,15.0,1.0,26.0,8.0,3.0,137.0,140.0,POINT (-75.186449966049 45.430474021955234)
2021S051635020009,1,2,2,1,1,1,0,21,21,3,8,8,3,7,3,0,199,199,17.0,38.0,41.0,4.0,31.0,44.0,6.0,265.0,287.0,POINT (-75.36271940462699 45.278967630845)
2021S051635020010,0,2,0,0,2,0,0,10,10,0,9,0,0,10,0,0,67,67,17.0,10.0,22.0,1.0,24.0,22.0,6.0,147.0,153.0,POINT (-75.2825683055901 45.27107226107601)
2021S051635020111,2,2,2,0,0,2,0,55,56,14,7,19,0,0,80,0,288,303,26.0,45.0,82.0,3.0,57.0,60.0,10.0,565.0,574.0,POINT (-74.97074391841188 45.39012066371778)
2021S051635060004,0,0,0,0,0,0,0,0,0,0,0,0,0,0,0,0,0,0,21.0,41.0,31.0,3.0,11.0,26.0,4.0,135.0,150.0,POINT (-75.5101738944733 45.48926970125571)
2021S051635060005,1,2,0,0,1,0,0,7,7,5,39,0,0,34,0,0,98,98,20.0,37.0,28.0,2.0,12.0,22.0,3.0,154.0,167.0,POINT (-75.48873971467341 45.48407191404226)
2021S051635060007,0,0,0,0,0,0,0,2,2,0,0,0,0,0,0,0,5,5,19.0,37.0,24.0,2.0,11.0,20.0,3.0,160.0,170.0,POINT (-75.55569276839127 45.47360469848732)
2021S051635060008,0,1,0,0,0,0,0,1,1,0,3,0,0,0,0,0,3,3,20.0,34.0,26.0,2.0,10.0,17.0,3.0,123.0,134.0,POINT (-75.48630500910171 45.46980674405618)
2021S051635060012,2,9,3,1,1,1,0,13,13,13,157,17,6,3,6,0,176,176,23.0,46.0,31.0,3.0,13.0,24.0,3.0,184.0,198.0,POINT (-75.6012835906547 45.46316860199041)
2021S051635060013,0,0,0,0,0,0,0,0,0,0,0,0,0,0,0,0,0,0,21.0,49.0,32.0,3.0,12.0,27.0,3.0,153.0,169.0,POINT (-75.53736425313649 45.455118833771564)
2021S051635060017,0,0,0,0,0,0,0,1,1,0,0,0,0,0,0,0,1,1,23.0,43.0,30.0,3.0,11.0,23.0,3.0,154.0,167.0,POINT (-75.60298274369258 45.44333007027315)
2021S051635060018,0,0,0,1,0,0,0,3,3,0,0,0,31,0,0,0,36,36,25.0,42.0,27.0,3.0,11.0,21.0,2.0,146.0,155.0,POINT (-75.67268091684689 45.452563602690894)
2021S051635060019,0,0,0,0,0,0,0,1,1,0,0,0,0,0,0,0,2,2,22.0,45.0,30.0,3.0,13.0,25.0,3.0,183.0,197.0,POINT (-75.56473064092356 45.43417629235814)
2021S051635060023,0,1,0,0,0,0,0,2,2,0,3,0,0,0,0,0,30,30,23.0,35.0,23.0,2.0,11.0,16.0,2.0,160.0,167.0,POINT (-75.68663106034248 45.44306735118798)
2021S051635060025,3,5,3,0,0,4,1,8,11,46,402,433,0,0,436,33,91,524,22.0,42.0,28.0,3.0,11.0,23.0,3.0,149.0,161.0,POINT (-75.60867492133393 45.42151436515867)
2021S051635060027,0,1,0,0,0,1,0,4,4,0,3,0,0,0,500,0,515,515,32.0,66.0,39.0,4.0,18.0,33.0,4.0,238.0,255.0,POINT (-75.69140295392025 45.4326295081384)
2021S051635060028,1,3,0,0,0,0,0,20,20,9,15,0,0,0,0,0,51,51,66.0,135.0,27.0,4.0,39.0,30.0,1.0,387.0,390.0,POINT (-76.19025930514378 45.41405705100596)
2021S051635060031,7,16,6,1,6,6,1,45,48,92,294,116,60,42,106,24,719,748,27.0,48.0,31.0,3.0,12.0,24.0,3.0,157.0,170.0,POINT (-75.62196721835116 45.406764255025045)
2021S051635060032,0,4,0,0,0,0,0,9,9,0,31,0,0,0,0,0,190,190,24.0,42.0,27.0,3.0,11.0,21.0,2.0,146.0,155.0,POINT (-75.71180533053324 45.41914912429127)
2021S051635060033,0,0,0,0,0,0,0,1,1,0,0,0,0,0,0,0,11,11,29.0,48.0,29.0,3.0,13.0,24.0,3.0,170.0,181.0,POINT (-75.65888404206096 45.407603704880756)
2021S051635060034,0,0,0,0,0,0,0,1,1,0,0,0,0,0,0,0,3,3,29.0,48.0,29.0,3.0,13.0,23.0,3.0,188.0,199.0,POINT (-75.67819948867975 45.411802840246715)
2021S051635060036,0,3,0,0,0,3,0,11,11,0,28,0,0,0,12,0,80,80,33.0,71.0,40.0,4.0,19.0,33.0,4.0,237.0,255.0,POINT (-75.69807134148827 45.41166966275655)
2021S051635060040,2,12,8,0,1,3,0,14,18,201,493,477,0,14,60,0,573,787,28.0,49.0,31.0,3.0,13.0,24.0,3.0,159.0,172.0,POINT (-75.61449061977738 45.38085794661261)
2021S051635060043,1,2,1,0,0,0,0,2,2,3,9,3,0,0,0,0,9,9,28.0,49.0,29.0,3.0,14.0,23.0,3.0,190.0,201.0,POINT (-75.67949014289661 45.39544863450498)
2021S051635060044,0,1,0,0,0,0,0,5,5,0,2,0,0,0,0,0,72,72,32.0,62.0,36.0,4.0,16.0,27.0,3.0,214.0,228.0,POINT (-75.6656726214943 45.386476232094495)
2021S051635060045,0,0,0,0,0,0,0,1,1,0,0,0,0,0,0,0,2,2,26.0,44.0,28.0,3.0,13.0,22.0,3.0,177.0,188.0,POINT (-75.64396210503737 45.38838395703649)
2021S051635060052,0,2,1,0,1,0,0,7,7,0,5,2,0,3,0,0,98,98,26.0,40.0,27.0,2.0,11.0,17.0,2.0,166.0,174.0,POINT (-75.68040858723081 45.36251835061485)
2021S051635060053,0,2,1,0,1,1,0,6,6,0,5,3,0,33,3,0,68,68,33.0,57.0,33.0,3.0,12.0,23.0,3.0,170.0,180.0,POINT (-75.76248864067485 45.370044473182425)
2021S051635060057,0,3,1,0,0,1,0,8,8,0,78,9,0,0,6,0,191,191,35.0,64.0,37.0,3.0,14.0,26.0,3.0,187.0,199.0,POINT (-75.74045825477981 45.37470760313219)
2021S051635060061,0,1,0,0,0,0,0,1,1,0,3,0,0,0,0,0,3,3,36.0,65.0,37.0,3.0,15.0,26.0,3.0,212.0,224.0,POINT (-75.70367419976766 45.35939261235548)
2021S051635060062,0,1,0,0,0,1,0,1,1,0,2,0,0,0,2,0,2,2,32.0,63.0,38.0,4.0,16.0,31.0,4.0,207.0,223.0,POINT (-75.66708878092061 45.353793610740254)
2021S051635060063,0,0,0,0,0,1,0,1,1,0,0,0,0,0,2,0,2,2,24.0,37.0,25.0,2.0,10.0,16.0,2.0,146.0,152.0,POINT (-75.72875172934447 45.3612958784511)
2021S051635060064,0,0,0,0,0,0,0,2,2,0,0,0,0,0,0,0,5,5,38.0,73.0,42.0,4.0,16.0,31.0,3.0,236.0,250.0,POINT (-75.80084603942633 45.36625802089959)
2021S051635060066,0,0,0,0,0,0,0,1,1,0,0,0,0,0,0,0,4,4,36.0,65.0,37.0,3.0,14.0,27.0,3.0,191.0,203.0,POINT (-75.75429922885208 45.36114064082421)
2021S051635060069,0,0,0,0,0,0,0,0,0,0,0,0,0,0,0,0,0,0,29.0,49.0,29.0,2.0,11.0,20.0,2.0,151.0,159.0,POINT (-75.72323874590259 45.34947814995976)
2021S051635060071,0,0,0,0,0,0,0,0,0,0,0,0,0,0,0,0,0,0,43.0,84.0,46.0,4.0,17.0,35.0,4.0,252.0,268.0,POINT (-75.7887380557583 45.35530399160386)
2021S051635060074,0,0,0,0,0,0,0,0,0,0,0,0,0,0,0,0,0,0,30.0,51.0,31.0,2.0,11.0,21.0,2.0,152.0,161.0,POINT (-75.76652549968605 45.34267972789631)
2021S051635060081,0,0,0,0,0,0,0,0,0,0,0,0,0,0,0,0,0,0,0.0,0.0,0.0,0.0,0.0,0.0,0.0,0.0,0.0,POINT (-75.76810616431726 45.30445339304326)
2021S051635060083,2,7,0,0,0,1,0,10,10,24,67,0,0,0,2,0,240,240,46.0,91.0,39.0,4.0,19.0,37.0,2.0,234.0,242.0,POINT (-75.82694799932291 45.320728584806005)
2021S051635060084,0,0,0,0,0,0,0,0,0,0,0,0,0,0,0,0,0,0,47.0,87.0,32.0,4.0,14.0,21.0,1.0,188.0,191.0,POINT (-75.89504153800782 45.31625313602254)
2021S051635060090,2,3,3,0,0,0,0,6,6,582,603,603,0,0,0,0,609,609,53.0,98.0,39.0,4.0,18.0,27.0,1.0,210.0,215.0,POINT (-75.89125569000372 45.30453872237421)
2021S051635060097,0,0,0,0,1,0,0,2,2,0,0,0,0,15,0,0,17,17,46.0,92.0,44.0,4.0,17.0,26.0,2.0,230.0,240.0,POINT (-75.76420310675732 45.27064957677655)
2021S051635060101,1,5,2,1,0,2,0,12,12,12,51,5,3,0,34,0,154,154,76.0,134.0,55.0,6.0,29.0,38.0,3.0,327.0,335.0,POINT (-75.88852552484354 45.258050469215604)
2021S051635060102,1,1,3,0,3,0,0,23,23,13,13,19,0,13,0,0,95,95,33.0,65.0,41.0,4.0,16.0,27.0,2.0,235.0,246.0,POINT (-75.76145691736947 45.09364915710518)
2021S051635060106,0,0,0,0,0,0,0,0,0,0,0,0,0,0,0,0,0,0,22.0,54.0,43.0,4.0,17.0,35.0,4.0,189.0,211.0,POINT (-75.50303909605269 45.4704519870051)
2021S051635060107,2,1,0,0,1,0,0,9,9,6,4,0,0,3,0,0,44,44,23.0,48.0,32.0,3.0,13.0,26.0,4.0,186.0,201.0,POINT (-75.51566864233004 45.45924955290877)
2021S051635060108,0,0,0,0,0,0,0,0,0,0,0,0,0,0,0,0,0,0,25.0,57.0,48.0,3.0,20.0,27.0,5.0,186.0,211.0,POINT (-75.46583283599168 45.46807709357712)
2021S051635060109,0,1,0,0,0,1,0,3,3,0,6,0,0,0,6,0,245,245,18.0,31.0,23.0,2.0,10.0,17.0,2.0,114.0,123.0,POINT (-75.50647277563996 45.498566157345635)
2021S051635060111,0,1,1,1,1,2,0,5,5,0,12,12,12,2,15,0,21,21,41.0,77.0,47.0,4.0,16.0,33.0,4.0,195.0,212.0,POINT (-75.67619718540055 45.29060778501666)
2021S051635060112,0,0,0,0,0,0,0,2,2,0,0,0,0,0,0,0,3,3,49.0,94.0,48.0,5.0,17.0,33.0,4.0,263.0,275.0,POINT (-75.70840508522544 45.275793820925365)
2021S051635060114,0,1,0,0,1,1,0,2,2,0,2,0,0,3,2,0,5,5,41.0,80.0,37.0,4.0,16.0,23.0,3.0,216.0,225.0,POINT (-75.75466580387784 45.28516525528623)
2021S051635060116,0,1,0,0,0,0,0,1,1,0,2,0,0,0,0,0,2,2,46.0,94.0,44.0,5.0,17.0,28.0,3.0,233.0,244.0,POINT (-75.72834466779591 45.27803227198464)
2021S051635060117,0,0,0,0,0,0,0,0,0,0,0,0,0,0,0,0,0,0,59.0,112.0,42.0,5.0,21.0,29.0,1.0,260.0,266.0,POINT (-75.85791436083218 45.29554534081604)
2021S051635060118,0,0,1,0,0,0,0,3,3,0,0,7,0,0,0,0,17,17,85.0,168.0,59.0,6.0,32.0,42.0,2.0,375.0,385.0,POINT (-75.85015968872769 45.28005353081137)
2021S051635060119,0,4,1,0,0,1,0,8,8,0,12,5,0,0,2,0,44,44,77.0,126.0,48.0,6.0,25.0,29.0,3.0,287.0,291.0,POINT (-75.92063180365359 45.26185332165633)
2021S051635060122,3,3,5,0,7,3,1,43,45,95,24,91,0,128,29,70,444,466,26.0,63.0,43.0,4.0,22.0,38.0,4.0,348.0,368.0,POINT (-75.36407901134734 45.42127215342821)
2021S051635060123,0,2,4,0,3,5,0,49,51,0,5,55,0,71,93,0,375,413,61.0,123.0,81.0,7.0,31.0,59.0,6.0,489.0,522.0,POINT (-75.43344940510083 45.209276694249716)
2021S051635060124,0,6,6,1,4,4,0,19,21,0,51,88,3,43,76,0,174,244,38.0,85.0,66.0,7.0,24.0,45.0,8.0,286.0,319.0,POINT (-75.5672692761575 45.23818638905969)
2021S051635060125,1,3,1,0,0,1,0,8,8,2,7,2,0,0,8,0,26,26,31.0,54.0,36.0,3.0,12.0,18.0,2.0,138.0,147.0,POINT (-75.68119355426664 45.225197127932994)
2021S051635060126,4,5,2,0,4,1,0,38,38,107,34,9,0,229,7,0,488,488,47.0,93.0,46.0,6.0,19.0,36.0,3.0,291.0,304.0,POINT (-75.91346335714012 45.22785065122496)
2021S051635060127,0,1,1,0,0,0,0,3,4,0,7,7,0,0,0,0,5,12,33.0,58.0,29.0,3.0,13.0,19.0,2.0,155.0,162.0,POINT (-75.84552278446026 45.189147017146375)
2021S051635060129,2,1,1,0,0,0,0,2,2,19,13,13,0,0,0,0,19,19,24.0,58.0,38.0,4.0,15.0,32.0,4.0,213.0,231.0,POINT (-75.62994551958985 45.446221707505885)
2021S051635060130,0,1,1,0,0,0,0,3,4,0,149,149,0,0,0,0,24,173,28.0,63.0,38.0,4.0,15.0,34.0,4.0,222.0,240.0,POINT (-75.64308739252355 45.43590172336288)
2021S051635060131,0,0,0,0,0,0,0,0,0,0,0,0,0,0,0,0,0,0,24.0,41.0,27.0,3.0,13.0,20.0,3.0,169.0,179.0,POINT (-75.66312433453626 45.44114564181374)
2021S051635060132,0,0,0,0,0,0,0,0,0,0,0,0,0,0,0,0,0,0,29.0,57.0,36.0,4.0,16.0,28.0,4.0,209.0,224.0,POINT (-75.65968128361155 45.43488168467827)
2021S051635060133,1,1,2,1,0,1,0,3,3,2,3,5,3,0,3,0,12,12,29.0,58.0,37.0,4.0,16.0,28.0,4.0,208.0,224.0,POINT (-75.65284483976669 45.424806019473024)
2021S051635060134,0,2,1,0,0,1,0,3,3,0,18,3,0,0,3,0,21,21,37.0,78.0,44.0,5.0,21.0,38.0,4.0,263.0,282.0,POINT (-75.67683265668695 45.42714392432527)
2021S051635060136,1,2,1,0,1,1,0,8,8,2,4,2,0,1,3,0,14,14,33.0,70.0,40.0,4.0,19.0,33.0,4.0,231.0,249.0,POINT (-75.6903939729028 45.401555055180786)
2021S051635060137,1,1,0,0,0,0,0,5,5,2,2,0,0,0,0,0,29,29,38.0,69.0,40.0,3.0,16.0,28.0,3.0,229.0,243.0,POINT (-75.72160655045045 45.39555819473473)
2021S051635060138,1,7,1,0,0,0,0,11,11,12,55,12,0,0,0,0,68,68,31.0,61.0,36.0,4.0,15.0,27.0,3.0,184.0,198.0,POINT (-75.71119236231922 45.40886360169436)
2021S051635060139,1,4,0,0,0,0,0,12,12,20,162,0,0,0,0,0,283,283,32.0,60.0,35.0,3.0,14.0,27.0,3.0,184.0,198.0,POINT (-75.72323318589174 45.405174599881896)
2021S051635060140,1,2,1,0,0,1,0,7,7,3,26,3,0,0,3,0,53,53,38.0,68.0,40.0,3.0,15.0,28.0,3.0,225.0,239.0,POINT (-75.74468216372901 45.39024350816062)
2021S051635060141,0,0,0,0,0,0,0,3,3,0,0,0,0,0,0,0,10,10,40.0,81.0,45.0,4.0,17.0,34.0,3.0,244.0,260.0,POINT (-75.71649769898865 45.38041480333559)
2021S051635060142,0,2,1,0,1,1,0,5,5,0,5,2,0,7,3,0,19,19,43.0,86.0,47.0,4.0,17.0,35.0,4.0,234.0,251.0,POINT (-75.77238105370341 45.379880336249975)
2021S051635060143,1,1,0,0,0,0,0,4,4,313,313,0,0,0,0,0,317,317,47.0,93.0,45.0,6.0,19.0,34.0,3.0,273.0,284.0,POINT (-75.84767487076873 45.36030128959182)
2021S051635060144,0,2,1,0,0,0,0,3,3,0,16,11,0,0,0,0,18,18,45.0,88.0,47.0,4.0,18.0,35.0,4.0,250.0,267.0,POINT (-75.78516360344585 45.34654782848703)
2021S051635060145,0,0,0,0,0,0,0,1,1,0,0,0,0,0,0,0,2,2,30.0,54.0,33.0,3.0,11.0,22.0,2.0,162.0,172.0,POINT (-75.78693417074506 45.33630604091124)
2021S051635060146,0,0,0,0,0,0,0,0,0,0,0,0,0,0,0,0,0,0,56.0,110.0,59.0,6.0,20.0,43.0,5.0,275.0,297.0,POINT (-75.78803545057683 45.32654725564094)
2021S051635060147,0,1,1,1,0,1,0,3,3,0,3,3,3,0,3,0,8,8,37.0,67.0,39.0,3.0,15.0,27.0,3.0,221.0,234.0,POINT (-75.7458145665369 45.34927669480025)
2021S051635060148,9,19,11,3,3,10,1,45,50,124,302,205,94,15,169,33,626,685,38.0,70.0,39.0,3.0,14.0,28.0,3.0,193.0,206.0,POINT (-75.72586759650858 45.330539483842166)
2021S051635060149,0,3,0,0,0,1,0,6,6,0,130,0,0,0,17,0,154,154,32.0,50.0,32.0,3.0,13.0,21.0,3.0,183.0,193.0,POINT (-75.66111537920366 45.32624169256669)
2021S051635060151,1,1,0,0,1,0,0,10,10,20,20,0,0,3,0,0,135,135,34.0,77.0,46.0,5.0,20.0,39.0,5.0,251.0,273.0,POINT (-75.63341261721592 45.365584159038974)
2021S051635060152,0,1,1,0,1,0,0,2,2,0,3,3,0,3,0,0,6,6,31.0,68.0,40.0,4.0,17.0,33.0,4.0,198.0,217.0,POINT (-75.6281853655081 45.392028512032695)
2021S051635060153,0,0,0,0,0,0,0,0,0,0,0,0,0,0,0,0,0,0,28.0,70.0,55.0,5.0,21.0,49.0,6.0,241.0,271.0,POINT (-75.47565809255627 45.44770563446152)
2021S051635060154,0,0,0,0,0,0,0,4,4,0,0,0,0,0,0,0,19,19,24.0,58.0,41.0,4.0,14.0,36.0,4.0,195.0,216.0,POINT (-75.51418475396926 45.43920453523903)
2021S051635060155,1,2,0,0,0,0,0,4,4,20,311,0,0,0,0,0,324,324,33.0,58.0,34.0,3.0,13.0,27.0,3.0,215.0,226.0,POINT (-75.74807110799244 45.40239127182823)
2021S051635060156,1,1,1,1,0,1,1,6,6,70,3,3,3,0,3,70,93,93,30.0,63.0,38.0,4.0,17.0,30.0,4.0,221.0,238.0,POINT (-75.6485726437906 45.37152707792008)
2021S051635060157,0,0,0,0,0,0,0,1,1,0,0,0,0,0,0,0,3,3,45.0,88.0,47.0,4.0,18.0,35.0,4.0,244.0,261.0,POINT (-75.71604784009651 45.300853794900014)
2021S051635060158,1,1,0,0,0,0,0,1,1,3,3,0,0,0,0,0,3,3,34.0,69.0,34.0,3.0,14.0,22.0,2.0,201.0,209.0,POINT (-75.74507830021439 45.264776719930516)
2021S051635060159,3,7,2,0,0,1,0,13,13,66,90,28,0,0,6,0,100,100,80.0,151.0,54.0,6.0,29.0,38.0,2.0,346.0,353.0,POINT (-75.88318488800121 45.28694451808304)
2021S051635060160,0,2,1,0,0,0,0,2,2,0,8,2,0,0,0,0,8,8,64.0,105.0,41.0,5.0,21.0,23.0,2.0,251.0,255.0,POINT (-75.93147487517335 45.27633924648053)
2021S051635060161,0,6,3,2,0,4,0,13,14,0,166,178,30,0,184,0,208,356,42.0,93.0,56.0,6.0,20.0,48.0,6.0,266.0,295.0,POINT (-75.60729454078653 45.316356267204625)
2021S051635060162,1,0,0,0,0,0,0,3,3,5,0,0,0,0,0,0,9,9,87.0,175.0,77.0,7.0,30.0,49.0,4.0,396.0,418.0,POINT (-75.73596906316784 45.24763824702166)
2021S051635060163,0,2,1,1,0,1,0,3,3,0,6,3,3,0,3,0,8,8,44.0,82.0,40.0,4.0,17.0,30.0,3.0,248.0,258.0,POINT (-75.73592875808005 45.28829585441689)
2021S051635060164,4,7,1,1,0,1,0,14,14,170,323,2,7,0,139,0,887,887,94.0,170.0,58.0,7.0,28.0,35.0,2.0,357.0,362.0,POINT (-75.93748668014828 45.31547244582905)
2021S051635060165,11,22,6,2,2,3,0,36,36,338,945,66,10,5,162,0,1446,1446,89.0,168.0,54.0,6.0,26.0,34.0,2.0,351.0,356.0,POINT (-75.92347882196606 45.35045225711855)
2021S051635060166,5,14,7,1,3,3,0,44,45,119,307,34,12,155,160,0,854,861,65.0,129.0,44.0,7.0,27.0,42.0,2.0,397.0,402.0,POINT (-76.04495925462906 45.331520149424634)
2021S051635060167,0,2,1,0,1,0,0,5,5,0,7,5,0,2,0,0,26,26,32.0,67.0,39.0,4.0,17.0,31.0,4.0,226.0,243.0,POINT (-75.68882784940035 45.41607270684452)
2021S051635060168,0,1,0,0,0,0,0,8,8,0,5,0,0,0,0,0,32,32,36.0,82.0,51.0,6.0,21.0,42.0,5.0,263.0,287.0,POINT (-75.6317452706606 45.348718700286604)
2021S051635070003,2,5,3,2,1,2,0,35,35,23,58,10,440,15,115,0,822,822,51.0,88.0,42.0,100.0,26.0,79.0,2.0,496.0,498.0,POINT (-75.49378385923846 44.82770319750288)
2021S051635070004,0,7,4,0,1,0,0,42,42,0,35,30,0,13,0,0,212,212,11.0,83.0,55.0,0.0,58.0,47.0,0.0,422.0,427.0,POINT (-76.13826007924246 44.74686820084902)
2021S051635070005,1,0,0,0,0,2,0,13,13,1,0,0,0,0,109,0,146,146,58.0,150.0,54.0,71.0,14.0,70.0,2.0,434.0,464.0,POINT (-75.64822074473463 44.74786375034518)
2021S051635070006,2,4,4,0,1,2,1,26,27,6,30,33,0,7,4,5,174,177,50.0,132.0,55.0,56.0,15.0,67.0,2.0,454.0,480.0,POINT (-75.80047770024075 44.67367429294444)
2021S051635070007,0,1,1,1,0,1,0,15,15,0,3,3,3,0,3,0,91,91,50.0,122.0,35.0,18.0,9.0,18.0,1.0,302.0,313.0,POINT (-75.91303695382288 44.57104361306118)
2021S051635070009,0,3,2,2,0,2,0,8,9,0,377,59,132,0,103,0,701,770,49.0,108.0,28.0,17.0,6.0,31.0,1.0,247.0,257.0,POINT (-75.70693320080056 44.61746965494361)
2021S051635070010,0,3,1,0,1,0,0,11,11,0,18,5,0,30,0,0,422,422,48.0,107.0,28.0,17.0,6.0,31.0,1.0,250.0,260.0,POINT (-75.70855405831799 44.59690793889972)
2021S051635070011,1,2,2,0,2,0,0,20,20,2,7,7,0,6,0,0,53,53,37.0,124.0,87.0,6.0,26.0,68.0,2.0,361.0,369.0,POINT (-76.06975357346037 44.462204804666484)
2021S051635070012,0,2,2,1,2,0,0,7,7,0,41,62,29,36,0,0,274,274,37.0,55.0,58.0,6.0,12.0,2.0,0.0,132.0,133.0,POINT (-76.16768697940704 44.33214970272977)
2021S051635070013,4,5,3,0,0,0,0,8,8,370,415,96,0,0,0,0,421,421,53.0,118.0,30.0,19.0,6.0,34.0,1.0,294.0,305.0,POINT (-75.67743444521464 44.59895513820464)
2021S051635072000,2,4,2,0,3,1,0,34,35,7,18,5,0,25,31,0,200,203,36.0,66.0,50.0,39.0,42.0,63.0,3.0,376.0,398.0,POINT (-75.62562666895143 44.97866122997614)
2021S051635090002,0,0,0,0,7,0,0,21,21,0,0,0,0,58,0,0,108,108,0.0,9.0,5.0,0.0,109.0,0.0,0.0,208.0,208.0,POINT (-76.53375565837393 45.077816595560925)
2021S051635090005,2,5,4,0,3,1,1,21,22,25,179,158,0,13,148,5,131,279,52.0,116.0,81.0,2.0,62.0,83.0,8.0,398.0,432.0,POINT (-75.95226497580119 44.967998468540195)
2021S051635090006,0,2,2,0,1,2,0,5,7,0,22,22,0,3,22,0,46,68,17.0,72.0,51.0,2.0,21.0,39.0,5.0,252.0,273.0,POINT (-76.20755182882786 44.954550979719095)
2021S051635090007,0,0,0,0,1,0,0,1,1,0,0,0,0,3,0,0,3,3,7.0,53.0,51.0,1.0,19.0,39.0,2.0,206.0,231.0,POINT (-76.3839305106121 44.84569358495494)
2021S051635090008,1,7,5,2,1,4,0,27,27,9,75,85,6,3,83,0,497,497,9.0,59.0,57.0,1.0,16.0,42.0,4.0,187.0,214.0,POINT (-76.24998250595503 44.90113270361801)
2021S051635090009,2,5,4,1,3,1,1,36,36,8,41,28,6,19,6,2,240,240,49.0,120.0,41.0,5.0,83.0,39.0,4.0,441.0,448.0,POINT (-76.291110423034 45.252029204061344)
2021S051635090010,0,0,0,0,0,0,0,1,1,0,0,0,0,0,0,0,1,1,31.0,77.0,38.0,3.0,41.0,38.0,2.0,266.0,279.0,POINT (-76.08354173433443 45.087089251654426)
2021S051635090011,2,7,2,0,2,1,1,20,20,80,160,29,0,17,36,24,358,358,57.0,121.0,51.0,4.0,73.0,57.0,5.0,312.0,338.0,POINT (-76.13848000465404 45.138764231939895)
2021S051635100001,0,0,0,0,4,0,0,6,6,0,0,0,0,16,0,0,23,23,0.0,0.0,10.0,0.0,89.0,10.0,0.0,148.0,158.0,POINT (-76.88637513899738 44.88151765417122)
2021S051635100002,0,0,1,0,0,1,0,1,2,0,0,7,0,0,7,0,1,8,38.0,80.0,57.0,0.0,23.0,39.0,2.0,246.0,259.0,POINT (-76.54252436965301 44.541259502948854)
2021S051635100003,1,1,1,0,0,1,0,12,13,3,3,3,0,0,3,0,109,112,25.0,55.0,42.0,2.0,14.0,26.0,2.0,205.0,214.0,POINT (-76.37167442089381 44.42745799729355)
2021S051635100004,3,7,6,0,1,1,0,20,20,188,220,218,0,7,2,0,297,297,36.0,81.0,59.0,3.0,17.0,37.0,2.0,284.0,296.0,POINT (-76.30221147881171 44.34729928934154)
2021S051635100005,0,0,0,0,1,0,0,7,7,0,0,0,0,3,0,0,19,19,19.0,46.0,31.0,0.0,13.0,30.0,2.0,162.0,172.0,POINT (-76.70739208141585 44.4468642561464)
2021S051635100006,1,4,4,0,4,4,0,36,38,9,354,109,0,59,369,0,727,757,44.0,90.0,65.0,0.0,18.0,49.0,2.0,274.0,290.0,POINT (-76.57327175126645 44.31221174350869)
2021S051635100007,0,0,0,0,0,0,0,6,6,0,0,0,0,0,0,0,20,20,12.0,21.0,17.0,1.0,6.0,10.0,1.0,120.0,122.0,POINT (-76.3978390669372 44.18216649932687)
2021S051635100008,0,3,4,0,1,2,0,8,10,0,47,56,0,3,42,0,115,157,35.0,70.0,49.0,0.0,12.0,36.0,2.0,191.0,203.0,POINT (-76.48119894065653 44.26473010590055)
2021S051635100009,5,5,5,0,3,3,0,22,24,137,147,113,0,74,64,0,345,395,51.0,107.0,74.0,0.0,21.0,56.0,3.0,269.0,287.0,POINT (-76.59009551283519 44.2753369068132)
2021S051635100010,1,2,0,0,0,0,0,4,4,4,10,0,0,0,0,0,17,17,26.0,53.0,37.0,0.0,9.0,28.0,2.0,157.0,166.0,POINT (-76.53011719729803 44.2485539846526)
2021S051635100011,1,0,0,0,0,0,0,4,4,2,0,0,0,0,0,0,192,192,26.0,53.0,37.0,0.0,9.0,28.0,2.0,160.0,169.0,POINT (-76.49049611492428 44.22756026017332)
2021S051635100012,2,3,2,0,0,0,0,10,10,14,23,8,0,0,0,0,81,81,25.0,50.0,36.0,0.0,9.0,27.0,2.0,131.0,140.0,POINT (-76.4820203729322 44.24141599986057)
2021S051635100013,2,6,3,0,1,3,1,20,21,33,88,56,0,15,30,24,275,282,40.0,82.0,58.0,0.0,14.0,45.0,2.0,222.0,237.0,POINT (-76.55808812256616 44.23400024006968)
2021S051635100014,0,1,0,0,0,1,0,1,1,0,2,0,0,0,2,0,2,2,29.0,59.0,42.0,0.0,9.0,31.0,2.0,169.0,179.0,POINT (-76.59169530632322 44.2546511128779)
2021S051635100015,0,1,1,0,0,1,0,3,4,0,15,15,0,0,15,0,109,124,38.0,79.0,55.0,0.0,16.0,41.0,2.0,217.0,231.0,POINT (-76.62400254173706 44.24534726756492)
2021S051635100016,0,0,0,0,1,0,0,1,1,0,0,0,0,3,0,0,3,3,18.0,35.0,25.0,0.0,6.0,20.0,1.0,131.0,137.0,POINT (-76.50678979109935 44.22830295986177)
2021S051635100017,0,1,0,0,0,0,0,3,3,0,6,0,0,0,0,0,10,10,23.0,45.0,32.0,0.0,8.0,23.0,2.0,143.0,150.0,POINT (-76.5194811823436 44.22771024052131)
2021S051635100018,0,1,0,0,0,0,0,3,3,0,3,0,0,0,0,0,6,6,36.0,74.0,51.0,0.0,13.0,39.0,2.0,201.0,214.0,POINT (-76.5922183248818 44.225712169194765)
2021S051635110001,0,1,2,0,5,1,0,12,13,0,3,10,0,17,3,0,30,33,3.0,19.0,49.0,0.0,189.0,6.0,0.0,318.0,324.0,POINT (-77.26451769246653 44.78911195574241)
2021S051635110002,0,2,1,0,0,1,0,11,12,0,41,35,0,0,35,0,193,228,58.0,73.0,48.0,1.0,13.0,34.0,5.0,274.0,284.0,POINT (-76.77080876187993 44.26826097447219)
2021S051635110003,3,7,3,0,1,0,2,35,35,596,81,65,0,15,0,60,934,934,158.0,89.0,56.0,2.0,21.0,13.0,14.0,468.0,477.0,POINT (-76.88418172723772 44.204912326359256)
2021S051635110004,1,1,1,0,0,0,0,6,6,117,117,117,0,0,0,0,369,369,61.0,70.0,49.0,0.0,11.0,35.0,5.0,202.0,214.0,POINT (-76.65570396185454 44.22325909626341)
2021S051635110005,0,0,0,0,0,1,0,5,5,0,0,0,0,0,2,0,19,19,111.0,55.0,26.0,2.0,10.0,11.0,12.0,321.0,328.0,POINT (-76.9936144872686 44.17639107624938)
2021S051635120001,1,6,5,2,17,2,0,30,30,13,25,54,9,140,9,0,202,202,18.0,34.0,74.0,12.0,193.0,12.0,0.0,300.0,300.0,POINT (-77.79155229944784 45.10312434231137)
2021S051635120002,0,0,1,0,3,0,0,11,11,0,0,3,0,37,0,0,53,53,0.0,0.0,16.0,0.0,199.0,0.0,0.0,254.0,254.0,POINT (-77.46820069375701 44.70324205201206)
2021S051635120003,1,1,1,0,3,0,0,8,8,4,4,4,0,25,0,0,71,71,6.0,32.0,31.0,10.0,104.0,11.0,2.0,256.0,256.0,POINT (-77.62102860272365 44.60830180077242)
2021S051635120004,0,1,1,0,4,0,0,13,13,0,3,3,0,47,0,0,98,98,47.0,39.0,43.0,11.0,27.0,14.0,1.0,259.0,266.0,POINT (-77.44317709880066 44.41683231611264)
2021S051635120005,0,1,0,0,0,1,0,4,4,0,2,0,0,0,2,0,56,56,31.0,16.0,9.0,1.0,4.0,5.0,4.0,90.0,92.0,POINT (-77.04934082554064 44.197721240277374)
2021S051635120007,1,9,8,3,1,4,0,37,38,12,70,115,19,63,83,0,389,463,113.0,79.0,83.0,20.0,44.0,36.0,2.0,477.0,496.0,POINT (-77.3673115199248 44.25799527862156)
2021S051635120008,1,3,2,1,5,1,0,40,40,4,35,31,28,118,28,0,248,248,133.0,97.0,98.0,62.0,55.0,43.0,3.0,676.0,697.0,POINT (-77.56414434846357 44.30330114743846)
2021S051635120009,0,0,0,0,0,0,0,0,0,0,0,0,0,0,0,0,0,0,28.0,23.0,21.0,4.0,6.0,10.0,2.0,141.0,145.0,POINT (-77.15005415276211 44.19182735636183)
2021S051635120010,0,3,4,1,1,1,0,7,8,0,35,109,132,1,74,0,172,246,83.0,62.0,61.0,37.0,32.0,28.0,3.0,395.0,409.0,POINT (-77.5163279656327 44.17698004808791)
2021S051635120011,0,4,2,5,1,1,0,31,31,0,67,15,408,7,12,0,843,843,30.0,34.0,35.0,43.0,29.0,31.0,3.0,297.0,315.0,POINT (-77.68994355699213 44.18294480732791)
2021S051635120013,1,3,3,0,0,0,0,7,8,264,42,42,0,0,0,0,341,376,74.0,57.0,54.0,36.0,17.0,25.0,1.0,338.0,350.0,POINT (-77.4105358243535 44.17947142390646)
2021S051635120014,1,1,1,0,0,1,0,5,5,9,9,9,0,0,8,0,44,44,69.0,46.0,50.0,13.0,15.0,21.0,1.0,251.0,261.0,POINT (-77.36448459241672 44.17008685475346)
2021S051635120015,0,1,0,0,0,0,0,5,5,0,3,0,0,0,0,0,17,17,69.0,50.0,52.0,13.0,15.0,23.0,1.0,265.0,277.0,POINT (-77.3786715597907 44.16219311163868)
2021S051635120016,0,0,0,0,0,1,0,2,2,0,0,0,0,0,18,0,21,21,54.0,43.0,42.0,26.0,13.0,19.0,1.0,259.0,269.0,POINT (-77.4168072677157 44.157784172283115)
2021S051635120017,0,0,0,0,0,0,0,0,0,0,0,0,0,0,0,0,0,0,40.0,33.0,32.0,18.0,11.0,15.0,2.0,202.0,209.0,POINT (-77.47647637450513 44.12965757714019)
2021S051635120018,0,0,1,0,2,1,0,14,14,0,0,3,0,6,2,0,46,46,32.0,36.0,37.0,48.0,32.0,35.0,3.0,306.0,326.0,POINT (-77.64025765987242 44.08437856167274)
2021S051635120019,0,3,1,0,0,2,0,8,9,0,41,7,0,0,14,0,213,220,38.0,48.0,42.0,63.0,27.0,27.0,2.0,343.0,364.0,POINT (-77.58112616270134 44.090394435676714)
2021S051635120020,0,0,1,0,0,0,0,3,3,0,0,3,0,0,0,0,8,8,84.0,59.0,60.0,14.0,17.0,27.0,1.0,324.0,338.0,POINT (-77.39401115937213 44.16436146981839)
2021S051635120021,1,0,0,0,0,1,0,2,2,12,0,0,0,0,84,0,96,96,43.0,32.0,34.0,8.0,11.0,14.0,1.0,182.0,189.0,POINT (-77.35112189864174 44.17469719277715)
2021S051635120022,5,6,6,1,0,2,0,22,22,924,437,455,6,0,20,0,1844,1844,66.0,43.0,47.0,12.0,17.0,20.0,1.0,227.0,237.0,POINT (-77.3535761806815 44.191184194476044)
2021S051635122000,0,1,2,1,1,1,0,5,5,0,6,9,6,3,6,0,31,31,62.0,39.0,38.0,8.0,17.0,16.0,3.0,246.0,255.0,POINT (-77.1971366494023 44.29466948765495)
2021S051635130001,1,2,0,0,2,0,0,32,32,12,40,0,0,17,0,0,349,349,51.0,36.0,31.0,16.0,7.0,13.0,3.0,295.0,301.0,POINT (-77.215773368619 44.06180470588642)
2021S051635130002,1,9,2,0,0,1,0,40,40,3,104,8,0,0,2,0,288,288,90.0,46.0,20.0,1.0,6.0,8.0,10.0,346.0,352.0,POINT (-77.08167089862135 43.99026333602085)
2021S051635130003,0,5,5,1,1,2,1,44,45,0,25,12,3,3,6,2,278,281,63.0,53.0,52.0,29.0,15.0,30.0,2.0,411.0,426.0,POINT (-77.490980099519 44.05201362501)
2021S051635140001,1,7,5,0,3,1,1,45,45,3,39,45,0,151,2,3,313,313,41.0,46.0,97.0,69.0,67.0,62.0,29.0,568.0,604.0,POINT (-77.80867118521915 44.28697081307005)
2021S051635140002,3,2,2,0,2,0,1,26,26,29,16,5,0,10,0,2,165,165,12.0,54.0,65.0,90.0,60.0,63.0,3.0,451.0,482.0,POINT (-77.7602386600713 44.11663076530071)
2021S051635140003,0,1,1,0,1,0,0,12,12,0,15,15,0,15,0,0,53,53,115.0,132.0,145.0,26.0,44.0,70.0,23.0,395.0,472.0,POINT (-78.05762014329524 44.119167632607365)
2021S051635140004,1,2,4,0,1,3,0,13,15,5,11,120,0,13,215,0,349,458,38.0,29.0,69.0,51.0,32.0,42.0,31.0,346.0,366.0,POINT (-77.87500255985249 44.07865164737353)
2021S051635140005,0,0,0,0,0,0,0,0,0,0,0,0,0,0,0,0,0,0,9.0,11.0,13.0,1.0,7.0,8.0,4.0,70.0,72.0,POINT (-78.08174253653898 44.175933169636444)
2021S051635140006,0,0,1,0,1,1,0,14,15,0,0,35,0,7,35,0,45,80,150.0,193.0,191.0,37.0,69.0,93.0,29.0,537.0,640.0,POINT (-78.2218413348317 44.061014633659305)
2021S051635140007,1,2,1,1,1,1,0,19,19,11,15,12,12,2,12,0,121,121,77.0,99.0,137.0,29.0,36.0,74.0,32.0,446.0,493.0,POINT (-78.38780764147744 44.01491142370185)
2021S051635140008,2,8,10,3,5,4,0,41,43,8,133,107,147,187,40,0,895,937,75.0,104.0,140.0,33.0,37.0,103.0,12.0,369.0,439.0,POINT (-78.15698439870043 43.975061086088175)
2021S051635140009,5,6,5,2,0,3,1,15,16,63,102,103,34,0,49,50,220,235,60.0,83.0,111.0,26.0,31.0,82.0,10.0,301.0,357.0,POINT (-78.15232897485056 43.96040709598781)
2021S051635140010,2,1,3,0,0,2,1,6,7,361,337,564,0,0,492,24,725,1062,50.0,72.0,92.0,23.0,33.0,67.0,8.0,272.0,317.0,POINT (-78.29413221648484 43.95181559572611)
2021S051635150001,2,4,4,1,5,3,0,27,27,7,12,12,3,19,22,0,366,366,100.0,26.0,128.0,13.0,74.0,31.0,94.0,402.0,409.0,POINT (-78.01100747143224 44.58533346046205)
2021S051635150002,2,1,1,0,2,0,1,15,16,5,3,2,0,5,0,2,178,181,12.0,7.0,5.0,0.0,13.0,0.0,5.0,138.0,145.0,POINT (-78.43070094501577 44.673824867346696)
2021S051635150003,0,2,3,0,3,0,0,11,11,0,4,7,0,36,0,0,56,56,67.0,103.0,77.0,16.0,37.0,34.0,15.0,309.0,342.0,POINT (-78.08890017403554 44.44089390531572)
2021S051635150004,0,3,2,0,1,0,0,9,9,0,11,6,0,3,0,0,26,26,59.0,87.0,64.0,15.0,24.0,31.0,13.0,255.0,284.0,POINT (-78.3274585022788 44.450888947823394)
2021S051635150005,0,0,0,0,0,0,0,0,0,0,0,0,0,0,0,0,0,0,6.0,12.0,8.0,1.0,7.0,7.0,1.0,77.0,79.0,POINT (-78.36224063171765 44.481920047955946)
2021S051635150006,1,4,4,1,1,2,1,19,19,50,127,185,119,14,137,50,344,344,56.0,82.0,62.0,14.0,23.0,31.0,12.0,219.0,247.0,POINT (-78.32672374608457 44.39551560981444)
2021S051635150007,1,1,4,0,0,2,1,29,30,232,5,255,0,0,18,232,334,349,59.0,90.0,74.0,15.0,35.0,41.0,13.0,291.0,324.0,POINT (-78.21701801424594 44.24051441579384)
2021S051635150008,0,0,0,0,1,1,0,5,5,0,0,0,0,2,4,0,13,13,57.0,83.0,62.0,14.0,23.0,30.0,12.0,192.0,221.0,POINT (-78.29449584175227 44.34757176441281)
2021S051635150009,0,1,1,1,1,1,0,10,10,0,6,6,6,30,6,0,52,52,70.0,105.0,79.0,17.0,29.0,36.0,16.0,260.0,297.0,POINT (-78.39853809254915 44.33764008430661)
2021S051635150010,0,1,1,0,0,0,0,2,2,0,2,2,0,0,0,0,5,5,71.0,107.0,81.0,17.0,31.0,39.0,16.0,249.0,287.0,POINT (-78.3371004607046 44.32587839240784)
2021S051635150011,0,0,0,0,0,0,0,1,1,0,0,0,0,0,0,0,21,21,44.0,68.0,48.0,11.0,20.0,24.0,9.0,169.0,190.0,POINT (-78.30746154540967 44.31043847383362)
2021S051635150012,1,4,1,0,1,0,0,7,7,3,75,2,0,7,0,0,87,87,57.0,86.0,63.0,15.0,23.0,31.0,12.0,214.0,242.0,POINT (-78.29261107109818 44.30272637590865)
2021S051635150013,0,3,0,0,0,1,0,4,4,0,16,0,0,0,2,0,24,24,51.0,77.0,57.0,13.0,22.0,28.0,11.0,189.0,214.0,POINT (-78.32183483484836 44.30629848939999)
2021S051635150014,0,1,1,0,0,1,0,3,3,0,5,7,0,0,246,0,258,258,70.0,104.0,79.0,17.0,27.0,38.0,16.0,233.0,270.0,POINT (-78.33242850730974 44.29306386749407)
2021S051635150015,4,5,5,1,3,2,0,20,22,769,934,634,130,97,23,0,577,1122,93.0,138.0,110.0,24.0,38.0,52.0,21.0,280.0,330.0,POINT (-78.31094269326388 44.27546414744068)
2021S051635150016,0,1,0,0,0,0,0,2,2,0,2,0,0,0,0,0,4,4,64.0,97.0,72.0,16.0,27.0,33.0,14.0,223.0,255.0,POINT (-78.36692602781632 44.297685427755454)
2021S051635150017,0,1,1,0,0,0,0,1,1,0,2,2,0,0,0,0,2,2,72.0,111.0,83.0,18.0,30.0,41.0,16.0,240.0,278.0,POINT (-78.36488325984041 44.285387152484915)
2021S051635150018,2,5,2,1,2,1,1,27,27,11,62,23,7,10,2,2,139,139,108.0,151.0,122.0,22.0,43.0,48.0,20.0,332.0,400.0,POINT (-78.47070456595056 44.194929113234686)
2021S051635150019,5,15,7,2,1,4,0,27,29,101,294,81,19,136,54,0,549,591,63.0,93.0,72.0,16.0,26.0,35.0,14.0,204.0,237.0,POINT (-78.35219183016336 44.27039650453777)
2021S051635150020,0,0,0,0,0,0,0,0,0,0,0,0,0,0,0,0,0,0,14.0,25.0,15.0,3.0,9.0,10.0,2.0,77.0,81.0,POINT (-78.20761356521709 44.1898600594648)
2021S051635160001,0,1,3,0,1,0,1,17,17,0,3,8,0,30,0,2,75,75,6.0,108.0,17.0,0.0,22.0,5.0,5.0,256.0,261.0,POINT (-79.00170266293291 44.67919100562455)
2021S051635160002,1,6,6,1,3,2,0,17,17,2,14,19,3,12,5,0,160,160,62.0,104.0,115.0,19.0,35.0,41.0,12.0,284.0,343.0,POINT (-78.65633394820092 44.55289473549813)
2021S051635160003,0,1,0,0,0,0,0,21,21,0,10,0,0,0,0,0,59,59,63.0,84.0,112.0,4.0,45.0,36.0,12.0,334.0,395.0,POINT (-78.84276612947123 44.4384483759752)
2021S051635160004,1,2,2,0,0,0,1,10,10,24,4,26,0,0,0,24,196,196,82.0,124.0,124.0,4.0,41.0,25.0,7.0,263.0,348.0,POINT (-78.7383549094206 44.42143809559659)
2021S051635160005,1,2,3,0,2,4,0,25,27,3,120,140,0,71,84,0,310,360,104.0,145.0,117.0,20.0,38.0,43.0,21.0,350.0,412.0,POINT (-78.58626275063622 44.37659899979473)
2021S051635160006,0,1,0,0,2,1,0,17,17,0,2,0,0,10,2,0,44,44,67.0,91.0,115.0,9.0,45.0,32.0,13.0,341.0,394.0,POINT (-78.77291947129918 44.254683346422965)
2021S051635160007,0,2,1,1,0,1,0,15,15,0,21,12,12,0,12,0,145,145,75.0,103.0,89.0,15.0,29.0,34.0,14.0,329.0,373.0,POINT (-78.6629238898593 44.20795138851243)
2021S051635160008,2,3,3,0,1,0,1,8,9,339,352,341,0,34,0,2,90,427,54.0,88.0,83.0,4.0,28.0,18.0,5.0,199.0,252.0,POINT (-78.75063283576134 44.34359297621969)
2021S051635180001,2,3,7,0,1,2,1,39,41,110,12,140,0,3,46,50,287,305,68.0,83.0,139.0,12.0,58.0,50.0,37.0,460.0,505.0,POINT (-79.10143776964873 44.35064313539879)
2021S051635180002,0,1,1,1,1,1,0,18,18,0,3,3,3,7,3,0,80,80,51.0,72.0,80.0,5.0,32.0,25.0,8.0,291.0,330.0,POINT (-78.82104639833678 44.12841797507931)
2021S051635180003,4,8,10,1,3,3,1,44,48,78,140,262,12,98,101,50,461,628,93.0,131.0,93.0,8.0,22.0,42.0,7.0,433.0,461.0,POINT (-79.21860268279426 44.12169929426556)
2021S051635180004,1,2,3,0,0,1,0,26,28,2,6,8,0,0,3,0,136,142,37.0,62.0,56.0,8.0,26.0,28.0,6.0,276.0,296.0,POINT (-79.03210369506264 44.119560660584405)
2021S051635180005,0,0,0,0,0,0,0,0,0,0,0,0,0,0,0,0,0,0,0.0,0.0,0.0,0.0,0.0,0.0,0.0,0.0,0.0,POINT (-78.88429331544793 44.19178854824483)
2021S051635180006,0,1,0,0,2,0,0,19,19,0,9,0,0,69,0,0,150,150,64.0,60.0,86.0,5.0,15.0,43.0,24.0,269.0,303.0,POINT (-78.57462651676097 44.00825048758205)
2021S051635180007,3,6,6,2,1,2,1,35,35,12,72,73,40,7,40,5,541,541,134.0,152.0,166.0,13.0,43.0,71.0,52.0,493.0,539.0,POINT (-78.74880023564248 43.97426107572291)
2021S051635180008,0,1,1,0,2,0,0,13,13,0,12,87,0,10,0,0,158,158,30.0,47.0,65.0,6.0,38.0,30.0,7.0,201.0,228.0,POINT (-79.12419489628842 44.12182749426905)
2021S051635180009,2,2,2,1,3,2,0,17,18,37,13,13,6,17,13,0,111,118,34.0,46.0,61.0,5.0,34.0,25.0,8.0,194.0,216.0,POINT (-79.1117214412103 44.09295128364158)
2021S051635180010,1,1,0,0,0,0,0,8,8,11,3,0,0,0,0,0,34,34,106.0,138.0,136.0,10.0,31.0,57.0,34.0,402.0,435.0,POINT (-78.89892940140926 43.99584758062676)
2021S051635180011,0,1,1,0,1,0,0,5,5,0,1,7,0,7,0,0,31,31,69.0,110.0,88.0,10.0,20.0,44.0,18.0,310.0,332.0,POINT (-79.00545526001721 43.97074994806155)
2021S051635180012,0,1,1,0,0,0,0,10,10,0,90,90,0,0,0,0,376,376,79.0,83.0,103.0,8.0,34.0,25.0,31.0,293.0,330.0,POINT (-78.57773288262231 43.917741291890536)
2021S051635180013,1,3,3,0,1,1,0,15,15,18,23,23,0,6,3,0,62,62,58.0,93.0,67.0,10.0,19.0,37.0,6.0,324.0,343.0,POINT (-79.12674005433948 43.92573605359147)
2021S051635180015,0,2,1,0,1,1,0,6,6,0,6,2,0,3,4,0,20,20,103.0,119.0,123.0,9.0,24.0,53.0,40.0,314.0,345.0,POINT (-78.80061604991516 43.920606289582025)
2021S051635180017,0,0,0,0,1,0,0,3,3,0,0,0,0,3,0,0,445,445,120.0,70.0,92.0,6.0,25.0,25.0,83.0,316.0,348.0,POINT (-78.6735304240974 43.92214463728322)
2021S051635180019,0,3,1,0,0,1,0,7,7,0,8,2,0,0,3,0,15,15,66.0,107.0,84.0,10.0,18.0,44.0,18.0,291.0,312.0,POINT (-78.94410262569394 43.94000160112694)
2021S051635180020,0,0,0,0,0,0,0,0,0,0,0,0,0,0,0,0,0,0,68.0,105.0,85.0,10.0,16.0,44.0,20.0,280.0,300.0,POINT (-78.89586219972475 43.93867586033832)
2021S051635180022,3,6,3,0,3,2,2,21,22,172,67,168,0,55,41,133,344,379,117.0,66.0,88.0,4.0,24.0,22.0,82.0,298.0,328.0,POINT (-78.67099618675415 43.89555971429801)
2021S051635180024,0,0,0,0,0,0,0,2,2,0,0,0,0,0,0,0,8,8,83.0,95.0,98.0,7.0,17.0,44.0,30.0,258.0,282.0,POINT (-78.85054636612978 43.929742665083445)
2021S051635180025,0,1,1,0,0,0,0,1,1,0,3,3,0,0,0,0,3,3,49.0,62.0,57.0,4.0,10.0,28.0,15.0,176.0,191.0,POINT (-78.86028990608177 43.92730168597762)
2021S051635180026,0,1,1,0,0,1,0,2,2,0,2,2,0,0,2,0,4,4,86.0,93.0,113.0,7.0,20.0,46.0,37.0,270.0,296.0,POINT (-78.7060490568652 43.901431687530675)
2021S051635180027,0,1,0,0,0,0,0,3,3,0,3,0,0,0,0,0,5,5,83.0,112.0,103.0,7.0,16.0,45.0,27.0,286.0,309.0,POINT (-78.87960320297276 43.92968214159623)
2021S051635180028,0,1,0,0,0,1,0,3,3,0,63,0,0,0,2,0,70,70,81.0,96.0,99.0,7.0,18.0,43.0,29.0,258.0,282.0,POINT (-78.8279529936143 43.915038656891724)
2021S051635180029,0,0,0,0,1,0,0,4,4,0,0,0,0,7,0,0,13,13,61.0,94.0,75.0,9.0,15.0,40.0,17.0,255.0,274.0,POINT (-78.88995177804797 43.91946862261946)
2021S051635180030,0,0,0,0,0,0,0,0,0,0,0,0,0,0,0,0,0,0,69.0,85.0,84.0,6.0,15.0,41.0,25.0,249.0,270.0,POINT (-78.84954510222082 43.914127655090155)
2021S051635180031,0,1,1,0,1,1,0,4,4,0,5,3,0,3,3,0,15,15,111.0,128.0,136.0,10.0,26.0,58.0,44.0,343.0,378.0,POINT (-78.80074890378799 43.892693003115866)
2021S051635180032,1,4,4,0,0,1,0,9,10,5,14,16,0,0,7,0,45,52,82.0,108.0,100.0,7.0,15.0,45.0,27.0,293.0,315.0,POINT (-78.86036107993527 43.89621815235019)
2021S051635180033,0,0,0,0,0,0,0,0,0,0,0,0,0,0,0,0,0,0,91.0,150.0,119.0,14.0,21.0,65.0,26.0,366.0,397.0,POINT (-78.91658454766058 43.91365533388754)
2021S051635180034,1,0,1,0,0,0,1,3,3,2,0,2,0,0,0,2,7,7,134.0,156.0,163.0,12.0,29.0,70.0,53.0,365.0,406.0,POINT (-78.82155725328549 43.89452400784478)
2021S051635180035,0,0,0,0,0,0,0,1,1,0,0,0,0,0,0,0,3,3,83.0,114.0,105.0,7.0,16.0,45.0,27.0,299.0,321.0,POINT (-78.84560278951663 43.8999171234665)
2021S051635180036,1,1,2,0,1,0,0,4,4,2,2,4,0,3,0,0,13,13,79.0,132.0,104.0,13.0,18.0,54.0,23.0,316.0,341.0,POINT (-78.9343888319024 43.91143383168527)
2021S051635180037,0,1,0,0,0,1,0,1,1,0,2,0,0,0,2,0,2,2,84.0,135.0,106.0,13.0,17.0,56.0,26.0,322.0,345.0,POINT (-78.87458336345573 43.89240144677335)
2021S051635180038,0,1,1,1,0,1,0,2,2,0,3,3,3,0,3,0,10,10,75.0,122.0,96.0,12.0,15.0,51.0,22.0,313.0,334.0,POINT (-78.89446014383877 43.90024065997178)
2021S051635180039,0,1,0,0,0,1,0,2,3,0,3,0,0,0,3,0,8,11,72.0,114.0,92.0,11.0,17.0,46.0,20.0,294.0,317.0,POINT (-78.94897334965015 43.907635321098226)
2021S051635180040,0,4,2,0,0,1,0,7,8,0,13,8,0,0,3,0,23,26,100.0,169.0,131.0,18.0,18.0,72.0,29.0,414.0,444.0,POINT (-78.91923432243036 43.895238104343896)
2021S051635180041,2,3,0,0,0,1,0,7,7,42,56,0,0,0,14,0,72,72,91.0,158.0,119.0,15.0,20.0,70.0,26.0,386.0,418.0,POINT (-78.96768868419363 43.883700065642785)
2021S051635180043,1,1,1,0,0,0,0,0,1,7,7,7,0,0,0,0,0,7,45.0,69.0,54.0,6.0,9.0,29.0,11.0,194.0,205.0,POINT (-78.88708429393358 43.88331800660945)
2021S051635180045,5,8,9,0,4,3,1,22,26,328,214,280,0,70,48,70,360,580,92.0,123.0,111.0,7.0,19.0,46.0,29.0,307.0,331.0,POINT (-78.83464954627664 43.871619761580206)
2021S051635180048,1,2,0,0,0,0,0,4,4,2,8,0,0,0,0,0,12,12,60.0,99.0,75.0,10.0,11.0,40.0,15.0,266.0,283.0,POINT (-78.9410228364358 43.889884193899114)
2021S051635180049,6,17,11,2,1,8,2,30,34,121,512,363,119,13,245,26,854,1006,106.0,183.0,142.0,19.0,19.0,76.0,31.0,417.0,450.0,POINT (-78.91426079219553 43.877541537397576)
2021S051635180050,4,2,4,0,1,2,4,10,12,647,38,138,0,7,38,647,663,701,100.0,162.0,132.0,16.0,19.0,69.0,31.0,375.0,405.0,POINT (-78.86916006886288 43.86660227553077)
2021S051635180053,0,0,0,0,0,0,0,1,1,0,0,0,0,0,0,0,2,2,68.0,113.0,84.0,11.0,15.0,50.0,17.0,297.0,320.0,POINT (-79.03843733840314 43.89045270285184)
2021S051635180054,5,9,6,0,4,4,0,25,27,591,861,1233,0,163,547,0,1531,1695,57.0,91.0,68.0,9.0,11.0,40.0,14.0,249.0,266.0,POINT (-78.94114004560105 43.85463740356722)
2021S051635180055,2,2,0,0,1,0,0,5,5,8,33,0,0,7,0,0,44,44,67.0,112.0,81.0,11.0,12.0,46.0,16.0,278.0,298.0,POINT (-78.95529533984102 43.87003986199567)
2021S051635180056,0,0,0,0,0,0,0,2,2,0,0,0,0,0,0,0,9,9,49.0,81.0,63.0,8.0,13.0,36.0,11.0,220.0,235.0,POINT (-79.03672073544772 43.88202708599414)
2021S051635180057,0,0,0,0,0,0,0,0,0,0,0,0,0,0,0,0,0,0,94.0,210.0,150.0,26.0,41.0,87.0,20.0,540.0,584.0,POINT (-79.09079958699837 43.86618592601971)
2021S051635180058,0,1,0,0,1,0,0,2,2,0,3,0,0,3,0,0,6,6,54.0,96.0,74.0,9.0,17.0,41.0,13.0,242.0,262.0,POINT (-79.02711256860549 43.87140367286238)
2021S051635180060,0,1,0,0,0,0,0,1,1,0,3,0,0,0,0,0,3,3,53.0,90.0,67.0,9.0,15.0,38.0,12.0,231.0,248.0,POINT (-79.03332321169334 43.86611955974654)
2021S051635180061,0,0,0,0,0,0,0,0,0,0,0,0,0,0,0,0,0,0,77.0,140.0,105.0,21.0,23.0,59.0,20.0,343.0,371.0,POINT (-79.04453425135716 43.86645473602007)
2021S051635180062,0,0,0,0,1,0,0,1,1,0,0,0,0,3,0,0,3,3,57.0,112.0,79.0,17.0,19.0,48.0,13.0,283.0,302.0,POINT (-79.05419411153359 43.864223669196804)
2021S051635180063,0,3,2,1,1,2,0,5,5,0,8,5,3,3,6,0,19,19,105.0,186.0,138.0,20.0,21.0,82.0,29.0,426.0,458.0,POINT (-78.99142588181935 43.84406881526969)
2021S051635180066,1,2,1,0,0,0,0,7,7,2,5,2,0,0,0,0,27,27,88.0,172.0,122.0,24.0,26.0,74.0,23.0,421.0,453.0,POINT (-79.04143768811251 43.85322552884512)
2021S051635180067,0,0,0,0,0,0,0,0,0,0,0,0,0,0,0,0,0,0,85.0,148.0,108.0,14.0,17.0,64.0,23.0,337.0,364.0,POINT (-79.0085344615253 43.83239332350714)
2021S051635180068,0,1,1,0,0,0,0,2,2,0,2,2,0,0,0,0,17,17,46.0,93.0,70.0,11.0,20.0,34.0,4.0,269.0,288.0,POINT (-79.10812280346758 43.83908566655095)
2021S051635180069,0,1,0,0,0,0,0,2,2,0,3,0,0,0,0,0,6,6,51.0,94.0,66.0,11.0,15.0,37.0,8.0,242.0,260.0,POINT (-79.07501092722279 43.8412104553757)
2021S051635180070,6,11,8,1,2,2,1,28,29,396,808,485,29,13,30,50,1001,1016,54.0,95.0,70.0,10.0,15.0,40.0,12.0,252.0,270.0,POINT (-79.02049688412161 43.831001733557954)
2021S051635180071,3,6,3,3,0,3,0,8,8,6,42,36,36,0,36,0,47,47,57.0,136.0,95.0,18.0,25.0,54.0,4.0,341.0,368.0,POINT (-79.09189412567785 43.838920737826314)
2021S051635180072,9,35,21,6,10,11,1,76,82,111,1143,453,232,75,612,24,2210,2324,53.0,104.0,71.0,13.0,17.0,43.0,8.0,305.0,325.0,POINT (-79.06649564095903 43.82568254737119)
2021S051635180073,0,0,0,0,0,0,0,2,2,0,0,0,0,0,0,0,8,8,50.0,99.0,72.0,11.0,19.0,40.0,4.0,267.0,286.0,POINT (-79.11702198214955 43.834685567768545)
2021S051635180074,0,0,0,0,1,0,0,2,2,0,0,0,0,3,0,0,23,23,43.0,86.0,62.0,9.0,18.0,35.0,3.0,248.0,260.0,POINT (-79.12905972919219 43.83722318061668)
2021S051635180075,0,1,0,0,0,0,0,2,2,0,9,0,0,0,0,0,10,10,50.0,93.0,69.0,11.0,19.0,37.0,3.0,264.0,279.0,POINT (-79.13651769165988 43.82953632372446)
2021S051635180076,0,0,0,0,0,0,0,0,0,0,0,0,0,0,0,0,0,0,44.0,77.0,57.0,9.0,15.0,32.0,3.0,236.0,248.0,POINT (-79.14933910810484 43.8273380478803)
2021S051635180077,1,3,2,0,0,0,0,9,10,34,66,36,0,0,0,0,354,388,54.0,108.0,78.0,14.0,21.0,47.0,4.0,328.0,348.0,POINT (-79.1101922648337 43.810372045149954)
2021S051635180078,0,0,0,0,0,0,0,3,3,0,0,0,0,0,0,0,5,5,43.0,77.0,57.0,9.0,16.0,32.0,3.0,253.0,266.0,POINT (-79.13285421592666 43.814837412968366)
2021S051635180079,0,1,1,0,0,0,0,2,2,0,3,26,0,0,0,0,29,29,177.0,102.0,136.0,8.0,36.0,33.0,124.0,420.0,468.0,POINT (-78.69636741021131 43.927255797049064)
2021S051635180080,0,0,1,0,1,0,0,3,3,0,0,3,0,3,0,0,5,5,82.0,136.0,108.0,13.0,23.0,56.0,23.0,353.0,380.0,POINT (-78.94525564273805 43.966630167796204)
2021S051635180081,0,1,0,0,0,0,0,4,4,0,3,0,0,0,0,0,8,8,169.0,198.0,212.0,15.0,38.0,96.0,67.0,542.0,595.0,POINT (-78.85333548147105 43.94824415690218)
2021S051635180082,0,0,0,0,0,0,0,0,0,0,0,0,0,0,0,0,0,0,77.0,91.0,90.0,6.0,18.0,40.0,27.0,257.0,280.0,POINT (-78.83603460929965 43.933545593105066)
2021S051635180083,0,0,0,0,0,0,0,2,2,0,0,0,0,0,0,0,2,2,68.0,114.0,85.0,11.0,15.0,50.0,17.0,304.0,327.0,POINT (-79.01766290880836 43.90546383902892)
2021S051635180084,0,0,0,0,0,0,0,3,3,0,0,0,0,0,0,0,3,3,100.0,175.0,134.0,19.0,23.0,79.0,28.0,433.0,468.0,POINT (-78.97531165327317 43.901368750522934)
2021S051635180085,3,6,4,1,0,2,0,10,11,126,205,63,28,0,35,0,215,222,102.0,181.0,140.0,19.0,25.0,81.0,29.0,439.0,476.0,POINT (-79.00718998343027 43.87631620369248)
2021S051635182000,5,7,4,1,2,2,1,19,20,49,36,21,3,132,5,2,299,302,47.0,54.0,82.0,8.0,37.0,30.0,12.0,269.0,295.0,POINT (-78.94441070986649 44.11272011681201)
2021S051635182001,0,1,1,0,0,0,0,2,2,0,2,14,0,0,0,0,16,16,102.0,114.0,129.0,8.0,25.0,55.0,43.0,313.0,345.0,POINT (-78.78423779040793 43.90173366209066)
2021S051635182002,0,1,1,0,0,0,0,3,3,0,6,21,0,0,0,0,111,111,69.0,109.0,85.0,10.0,13.0,44.0,20.0,259.0,277.0,POINT (-78.857471058627 43.88427558168015)
2021S051635182003,0,1,0,0,0,1,0,4,4,0,5,0,0,0,1,0,9,9,53.0,101.0,73.0,13.0,19.0,44.0,10.0,276.0,297.0,POINT (-79.06689196971085 43.86269402007873)
2021S051635182005,0,0,0,0,0,0,0,1,1,0,0,0,0,0,0,0,5,5,71.0,112.0,88.0,10.0,14.0,47.0,21.0,297.0,316.0,POINT (-78.87503911404865 43.90826000814871)
2021S051635182006,7,14,11,0,3,9,2,39,42,32,175,199,0,35,138,12,737,790,62.0,112.0,81.0,16.0,17.0,47.0,14.0,284.0,306.0,POINT (-79.03870025443265 43.83770665415705)
2021S051635182011,2,2,0,0,0,0,0,4,4,21,21,0,0,0,0,0,23,23,76.0,125.0,99.0,12.0,21.0,50.0,21.0,322.0,347.0,POINT (-78.96661177705289 43.960868723728346)
2021S051635182012,0,0,0,0,0,0,0,2,2,0,0,0,0,0,0,0,4,4,73.0,140.0,102.0,17.0,27.0,60.0,16.0,357.0,390.0,POINT (-79.06657333460498 43.89336781811868)
2021S051635190001,3,2,3,0,3,1,0,20,21,22,78,85,0,47,74,0,116,190,136.0,196.0,159.0,9.0,30.0,59.0,21.0,410.0,470.0,POINT (-79.25276633592541 44.31646398973451)
2021S051635190002,0,0,1,0,0,0,1,1,1,0,0,2,0,0,0,2,2,2,55.0,111.0,83.0,6.0,18.0,25.0,7.0,256.0,285.0,POINT (-79.43044909795823 44.34826124785952)
2021S051635190003,0,0,0,0,0,0,0,0,0,0,0,0,0,0,0,0,0,0,22.0,35.0,29.0,4.0,9.0,12.0,3.0,110.0,116.0,POINT (-79.29492096692589 44.36734887266972)
2021S051635190004,0,0,0,0,0,0,0,2,2,0,0,0,0,0,0,0,3,3,70.0,104.0,68.0,6.0,21.0,28.0,17.0,256.0,279.0,POINT (-79.35710125103982 44.31865649733271)
2021S051635190006,0,3,1,1,1,2,0,17,18,0,8,3,7,1,6,0,65,68,134.0,177.0,129.0,7.0,19.0,38.0,10.0,361.0,416.0,POINT (-79.34622425837391 44.14386458334197)
2021S051635190007,0,3,1,0,0,3,0,5,7,0,19,3,0,0,9,0,25,31,115.0,161.0,117.0,6.0,21.0,38.0,12.0,274.0,330.0,POINT (-79.45782017232554 44.21987256673287)
2021S051635190008,1,2,1,0,1,0,0,6,6,37,40,37,0,7,0,0,53,53,122.0,179.0,128.0,7.0,27.0,51.0,13.0,325.0,380.0,POINT (-79.48454805527638 44.19985650803554)
2021S051635190009,2,7,3,1,0,3,0,27,27,511,851,15,3,0,8,0,907,907,255.0,324.0,212.0,11.0,31.0,61.0,14.0,478.0,599.0,POINT (-79.46270795110051 44.14276490933981)
2021S051635190010,1,1,1,0,2,0,0,22,22,3,3,3,0,20,0,0,134,134,125.0,187.0,138.0,9.0,42.0,57.0,5.0,449.0,519.0,POINT (-79.54831884921414 44.02860474007612)
2021S051635190011,4,17,14,5,3,12,0,43,48,10,152,138,45,143,105,0,354,437,80.0,115.0,88.0,7.0,22.0,39.0,5.0,325.0,360.0,POINT (-79.36187865560815 44.01648680153148)
2021S051635190012,1,1,1,0,0,0,0,3,3,3,3,3,0,0,0,0,6,6,213.0,270.0,176.0,9.0,26.0,51.0,12.0,401.0,501.0,POINT (-79.48972463758062 44.089157930842404)
2021S051635190013,0,2,1,0,0,2,0,10,10,0,4,2,0,0,5,0,101,101,73.0,101.0,70.0,6.0,14.0,29.0,4.0,279.0,297.0,POINT (-79.27888160451334 44.02070403407979)
2021S051635190014,12,24,18,4,1,6,3,48,54,992,943,1034,43,3,53,125,1434,1733,152.0,202.0,138.0,7.0,23.0,42.0,11.0,340.0,401.0,POINT (-79.43643479561712 44.06751101646552)
2021S051635190015,1,4,1,1,1,0,0,6,6,3,12,3,3,3,0,0,18,18,86.0,115.0,81.0,6.0,14.0,26.0,7.0,231.0,262.0,POINT (-79.4670036658062 44.070455958576105)
2021S051635190016,7,13,12,0,2,6,1,27,31,337,614,443,0,17,302,50,796,848,129.0,176.0,127.0,7.0,25.0,38.0,9.0,337.0,394.0,POINT (-79.4288714752464 44.05274276678911)
2021S051635190017,0,2,1,0,1,0,0,4,4,0,8,2,0,3,0,0,14,14,238.0,300.0,193.0,10.0,25.0,52.0,12.0,442.0,545.0,POINT (-79.4947380724764 44.05941311251554)
2021S051635190018,3,7,3,0,1,2,0,15,16,15,27,10,0,14,5,0,85,88,216.0,272.0,176.0,9.0,24.0,48.0,12.0,422.0,516.0,POINT (-79.4833103242763 44.04928014111613)
2021S051635190019,4,7,5,0,0,1,1,12,13,1211,1269,758,0,0,74,33,1297,1371,264.0,351.0,253.0,13.0,44.0,73.0,16.0,576.0,692.0,POINT (-79.43927324678428 44.03641972295206)
2021S051635190020,2,2,2,0,0,0,1,5,5,5,6,5,0,0,0,2,19,19,154.0,205.0,145.0,8.0,27.0,41.0,10.0,361.0,424.0,POINT (-79.46790808459137 44.03813422328481)
2021S051635190021,1,5,2,0,0,1,0,11,11,5,15,5,0,0,3,0,27,27,299.0,381.0,256.0,12.0,40.0,71.0,15.0,562.0,703.0,POINT (-79.48850721255606 44.03115307185166)
2021S051635190022,0,0,0,0,0,1,0,4,4,0,0,0,0,0,3,0,8,8,260.0,351.0,238.0,12.0,43.0,64.0,14.0,564.0,659.0,POINT (-79.42748927536057 44.02004821810429)
2021S051635190023,3,7,3,2,1,1,0,14,14,64,157,65,17,3,3,0,278,278,138.0,186.0,123.0,7.0,21.0,33.0,7.0,344.0,391.0,POINT (-79.45484875608307 44.01427165556008)
2021S051635190024,1,3,2,0,2,0,0,18,18,3,9,6,0,6,0,0,113,113,203.0,299.0,236.0,18.0,63.0,82.0,17.0,622.0,751.0,POINT (-79.67107013491636 43.96471156054617)
2021S051635190025,1,5,2,0,0,3,0,11,11,9,21,12,0,0,17,0,45,45,124.0,191.0,122.0,9.0,33.0,60.0,5.0,437.0,483.0,POINT (-79.23409391052252 43.978510673823436)
2021S051635190026,1,2,0,0,0,0,0,3,4,3,9,0,0,0,0,0,11,14,100.0,149.0,103.0,8.0,24.0,47.0,6.0,376.0,408.0,POINT (-79.27337082182677 43.97646727428961)
2021S051635190027,0,1,1,0,0,0,0,1,1,0,3,3,0,0,0,0,3,3,137.0,184.0,117.0,7.0,20.0,35.0,7.0,333.0,388.0,POINT (-79.48551305843615 44.01009821688301)
2021S051635190028,12,24,15,3,5,7,1,57,61,1443,1561,1226,46,69,98,24,1395,2328,89.0,126.0,95.0,8.0,22.0,38.0,5.0,308.0,348.0,POINT (-79.42990630387503 43.9879090332098)
2021S051635190029,0,1,1,0,0,0,0,4,4,0,2,2,0,0,0,0,16,16,175.0,237.0,153.0,8.0,26.0,44.0,8.0,397.0,469.0,POINT (-79.47827537975733 43.99708892232068)
2021S051635190030,2,3,3,0,2,1,1,14,15,48,63,28,0,6,15,10,208,223,124.0,195.0,132.0,12.0,39.0,64.0,5.0,449.0,494.0,POINT (-79.27453708288435 43.958024619206036)
2021S051635190031,2,1,1,0,0,1,0,13,13,5,3,3,0,0,3,0,41,41,83.0,140.0,97.0,10.0,28.0,44.0,5.0,371.0,406.0,POINT (-79.30154553120636 43.92161820404264)
2021S051635190032,1,2,0,0,0,0,0,2,2,3,6,0,0,0,0,0,6,6,119.0,165.0,124.0,8.0,24.0,38.0,5.0,333.0,392.0,POINT (-79.48437890263534 43.986156315755714)
2021S051635190034,0,3,2,0,1,0,0,6,6,0,15,13,0,3,0,0,22,22,87.0,124.0,93.0,8.0,19.0,38.0,4.0,285.0,323.0,POINT (-79.47463723592259 43.96992773416221)
2021S051635190035,0,2,0,0,0,0,0,3,3,0,9,0,0,0,0,0,11,11,102.0,147.0,109.0,8.0,25.0,45.0,4.0,355.0,400.0,POINT (-79.44487489042295 43.95481475375048)
2021S051635190036,3,4,1,0,0,1,1,12,12,10,18,2,0,0,3,2,63,63,134.0,197.0,142.0,9.0,34.0,58.0,4.0,391.0,456.0,POINT (-79.47006218516 43.95079293355725)
2021S051635190037,0,1,1,0,2,0,0,6,6,0,2,3,0,6,0,0,16,16,116.0,183.0,129.0,8.0,35.0,53.0,4.0,384.0,438.0,POINT (-79.44012286178659 43.92932870342519)
2021S051635190038,1,1,1,0,2,0,0,8,8,2,2,2,0,10,0,0,28,28,108.0,188.0,130.0,13.0,41.0,54.0,5.0,438.0,489.0,POINT (-79.3663721355149 43.90766063743826)
2021S051635190039,0,3,3,1,1,1,0,6,6,0,45,45,28,15,28,0,67,67,88.0,173.0,114.0,18.0,41.0,59.0,4.0,446.0,483.0,POINT (-79.25435919161677 43.90789554579811)
2021S051635190040,0,2,0,0,1,0,0,9,9,0,6,0,0,3,0,0,28,28,92.0,186.0,121.0,20.0,44.0,64.0,4.0,460.0,491.0,POINT (-79.2081350942521 43.883023382749734)
2021S051635190041,1,6,1,0,1,1,0,8,8,2,14,2,0,3,2,0,19,19,143.0,226.0,154.0,10.0,44.0,60.0,4.0,468.0,537.0,POINT (-79.46531198503172 43.92976127951356)
2021S051635190042,0,1,1,0,0,0,0,2,2,0,2,2,0,0,0,0,4,4,85.0,154.0,107.0,16.0,37.0,52.0,4.0,404.0,437.0,POINT (-79.27917445467762 43.90207115253893)
2021S051635190043,0,0,0,0,1,0,0,1,1,0,0,0,0,3,0,0,3,3,58.0,102.0,71.0,10.0,22.0,36.0,3.0,277.0,298.0,POINT (-79.25570397687237 43.897722691105095)
2021S051635190044,0,0,0,0,0,0,0,1,1,0,0,0,0,0,0,0,2,2,80.0,165.0,112.0,18.0,41.0,60.0,4.0,444.0,475.0,POINT (-79.23118031245147 43.88927235482928)
2021S051635190045,0,0,0,0,0,1,0,7,7,0,0,0,0,0,3,0,18,18,82.0,168.0,108.0,18.0,41.0,60.0,4.0,455.0,482.0,POINT (-79.2029497470418 43.8664045473573)
2021S051635190046,1,4,0,0,0,1,0,5,5,3,10,0,0,0,2,0,14,14,78.0,143.0,97.0,15.0,34.0,48.0,4.0,384.0,414.0,POINT (-79.25640969172936 43.88951700539726)
2021S051635190047,0,1,1,1,0,2,0,4,4,0,6,6,6,0,9,0,11,11,78.0,140.0,95.0,14.0,33.0,47.0,3.0,355.0,384.0,POINT (-79.27864665985511 43.892928915612174)
2021S051635190048,0,1,0,0,0,1,0,2,2,0,2,0,0,0,2,0,4,4,57.0,100.0,70.0,10.0,24.0,36.0,3.0,277.0,296.0,POINT (-79.30048767075037 43.89796037461322)
2021S051635190049,0,0,1,0,0,0,0,1,1,0,0,7,0,0,0,0,7,7,98.0,156.0,117.0,8.0,30.0,44.0,4.0,334.0,385.0,POINT (-79.46054906903028 43.912350922877216)
2021S051635190050,1,1,0,0,0,0,0,3,3,2,2,0,0,0,0,0,5,5,54.0,101.0,70.0,11.0,24.0,37.0,3.0,286.0,304.0,POINT (-79.24696149413386 43.882532883664304)
2021S051635190051,1,5,5,2,4,4,0,21,22,9,64,64,15,120,68,0,399,434,89.0,140.0,107.0,10.0,32.0,44.0,8.0,372.0,419.0,POINT (-79.51459634016031 43.89368026408187)
2021S051635190052,1,2,0,0,0,1,0,1,2,3,5,0,0,0,2,0,2,5,56.0,98.0,68.0,10.0,22.0,36.0,3.0,273.0,291.0,POINT (-79.31248573421406 43.89391002214603)
2021S051635190053,0,1,2,0,1,1,0,9,9,0,2,5,0,3,2,0,30,30,111.0,186.0,139.0,15.0,41.0,57.0,5.0,413.0,470.0,POINT (-79.30202617915468 43.88701826146232)
2021S051635190054,0,1,0,0,1,1,0,5,5,0,5,0,0,3,3,0,20,20,86.0,143.0,102.0,8.0,27.0,45.0,3.0,316.0,358.0,POINT (-79.43763037570405 43.901100156025834)
2021S051635190055,2,6,3,0,1,1,0,13,13,24,39,9,0,3,4,0,66,66,76.0,138.0,93.0,15.0,31.0,47.0,5.0,385.0,412.0,POINT (-79.27202309904597 43.86999226478735)
2021S051635190057,0,1,0,0,0,1,0,3,3,0,2,0,0,0,2,0,17,17,78.0,134.0,95.0,8.0,29.0,43.0,3.0,344.0,386.0,POINT (-79.45677703546863 43.900788011621984)
2021S051635190058,0,2,1,0,1,1,0,4,5,0,9,7,0,7,3,0,15,22,67.0,104.0,79.0,9.0,24.0,36.0,4.0,317.0,346.0,POINT (-79.30020444928718 43.876896474918475)
2021S051635190059,1,0,0,0,0,0,0,4,4,6,0,0,0,0,0,0,15,15,66.0,111.0,81.0,10.0,24.0,37.0,4.0,317.0,348.0,POINT (-79.35303991090647 43.8803005784342)
2021S051635190060,0,2,0,0,0,0,0,3,3,0,5,0,0,0,0,0,16,16,52.0,98.0,67.0,10.0,23.0,38.0,3.0,289.0,305.0,POINT (-79.24247852074718 43.86296161153752)
2021S051635190061,0,0,0,0,0,2,0,4,4,0,0,0,0,0,5,0,11,11,75.0,124.0,91.0,8.0,26.0,40.0,3.0,308.0,347.0,POINT (-79.45581919497876 43.891412120936785)
2021S051635190062,1,1,2,0,0,0,1,8,8,5,2,7,0,0,0,5,22,22,54.0,88.0,67.0,8.0,18.0,32.0,4.0,270.0,292.0,POINT (-79.33023792816701 43.86840416817544)
2021S051635190063,1,3,2,0,0,1,0,4,4,6,15,8,0,0,7,0,17,17,71.0,114.0,85.0,10.0,25.0,39.0,4.0,334.0,365.0,POINT (-79.30764816184791 43.86790247510767)
2021S051635190064,10,14,5,0,2,0,0,36,36,825,1183,398,0,49,0,0,1502,1502,78.0,143.0,97.0,10.0,30.0,45.0,4.0,348.0,385.0,POINT (-79.36244564541529 43.86568908931789)
2021S051635190065,0,0,0,0,0,0,0,7,7,0,0,0,0,0,0,0,35,35,63.0,99.0,74.0,8.0,22.0,37.0,4.0,311.0,340.0,POINT (-79.39088671961869 43.875434125064125)
2021S051635190066,0,1,0,0,0,0,0,2,2,0,3,0,0,0,0,0,4,4,67.0,112.0,82.0,9.0,25.0,36.0,4.0,287.0,318.0,POINT (-79.40951365231605 43.88267743423315)
2021S051635190067,0,0,0,0,1,0,0,5,5,0,0,0,0,3,0,0,10,10,100.0,208.0,135.0,23.0,49.0,74.0,4.0,542.0,578.0,POINT (-79.24056849494386 43.8484577755613)
2021S051635190071,2,4,1,0,1,1,0,11,11,49,81,6,0,3,2,0,240,240,65.0,106.0,79.0,9.0,23.0,35.0,4.0,316.0,345.0,POINT (-79.34255184182526 43.86351346548888)
2021S051635190072,3,8,7,1,2,4,0,12,15,314,459,403,12,41,98,0,472,525,58.0,95.0,71.0,7.0,22.0,32.0,3.0,289.0,315.0,POINT (-79.42738741848449 43.8781434038527)
2021S051635190073,0,1,1,0,0,0,0,1,1,0,3,3,0,0,0,0,3,3,70.0,138.0,89.0,15.0,32.0,50.0,4.0,368.0,391.0,POINT (-79.26034103309826 43.84867540265403)
2021S051635190074,0,3,1,0,0,2,0,3,4,0,159,35,0,0,96,0,138,173,67.0,131.0,87.0,14.0,30.0,47.0,4.0,376.0,399.0,POINT (-79.27337693185248 43.849810056854864)
2021S051635190075,1,1,0,0,1,0,0,3,3,5,5,0,0,15,0,0,22,22,48.0,80.0,61.0,8.0,18.0,29.0,4.0,246.0,266.0,POINT (-79.40391009064186 43.86694514996935)
2021S051635190077,0,2,1,0,0,1,0,9,9,0,5,3,0,0,3,0,44,44,96.0,166.0,119.0,9.0,39.0,48.0,3.0,394.0,448.0,POINT (-79.47728199807604 43.87249476700287)
2021S051635190081,23,51,26,4,9,21,1,97,100,821,1368,801,73,123,418,5,2055,2249,65.0,113.0,81.0,9.0,26.0,39.0,4.0,301.0,331.0,POINT (-79.3821139612294 43.85096939082565)
2021S051635190083,0,1,1,1,0,1,0,5,5,0,6,6,6,0,6,0,14,14,68.0,135.0,87.0,14.0,30.0,48.0,4.0,356.0,379.0,POINT (-79.25794322847327 43.83819916698128)
2021S051635190085,1,1,1,0,1,0,0,5,5,3,3,3,0,3,0,0,11,11,95.0,175.0,119.0,14.0,39.0,53.0,4.0,441.0,486.0,POINT (-79.29637670941662 43.83551210539866)
2021S051635190086,0,0,0,0,0,0,0,1,1,0,0,0,0,0,0,0,3,3,77.0,157.0,99.0,17.0,35.0,54.0,4.0,430.0,455.0,POINT (-79.27250643457916 43.836513332571315)
2021S051635190087,0,0,0,0,0,0,0,1,1,0,0,0,0,0,0,0,2,2,73.0,147.0,92.0,15.0,33.0,52.0,4.0,388.0,412.0,POINT (-79.28271085425907 43.834877202671734)
2021S051635190088,0,1,1,0,0,1,0,3,4,0,15,15,0,0,15,0,9,24,106.0,173.0,132.0,13.0,40.0,61.0,10.0,435.0,502.0,POINT (-79.52022045345191 43.8629590900285)
2021S051635190089,1,2,1,0,0,0,0,3,3,2,7,5,0,0,0,0,10,10,74.0,123.0,91.0,8.0,30.0,42.0,4.0,343.0,386.0,POINT (-79.47300732703688 43.85432033676627)
2021S051635190090,0,2,1,0,1,1,0,4,5,0,151,148,0,3,148,0,14,162,78.0,123.0,95.0,10.0,29.0,41.0,8.0,318.0,361.0,POINT (-79.52545893964164 43.868599492193844)
2021S051635190093,0,0,0,0,0,0,0,2,2,0,0,0,0,0,0,0,5,5,77.0,137.0,98.0,8.0,34.0,42.0,3.0,358.0,399.0,POINT (-79.44699917392383 43.853915542684966)
2021S051635190095,0,1,1,0,0,0,0,3,3,0,3,3,0,0,0,0,7,7,119.0,197.0,146.0,14.0,42.0,66.0,10.0,449.0,527.0,POINT (-79.49417647914565 43.85048471044427)
2021S051635190096,0,2,2,0,1,1,0,5,5,0,5,5,0,3,3,0,13,13,63.0,106.0,80.0,9.0,27.0,38.0,4.0,294.0,324.0,POINT (-79.4436450083502 43.8412604626647)
2021S051635190099,0,0,0,0,0,0,0,0,0,0,0,0,0,0,0,0,0,0,65.0,112.0,82.0,9.0,26.0,39.0,4.0,301.0,332.0,POINT (-79.41853912927529 43.8415162253454)
2021S051635190100,1,5,3,1,1,2,0,8,8,29,71,7,3,3,38,0,78,78,149.0,248.0,188.0,19.0,56.0,71.0,13.0,527.0,620.0,POINT (-79.56955294582333 43.85252080991101)
2021S051635190101,0,0,0,0,0,0,0,3,3,0,0,0,0,0,0,0,9,9,67.0,107.0,85.0,10.0,23.0,37.0,7.0,289.0,326.0,POINT (-79.50515163721062 43.84632172549328)
2021S051635190102,0,0,0,0,1,0,0,4,4,0,0,0,0,339,0,0,343,343,44.0,75.0,58.0,7.0,17.0,29.0,4.0,265.0,284.0,POINT (-79.39527953719829 43.8296934279756)
2021S051635190103,3,7,5,0,1,2,0,9,9,7,15,12,0,3,4,0,24,24,94.0,167.0,118.0,12.0,36.0,47.0,4.0,406.0,459.0,POINT (-79.46918183793018 43.83792957546423)
2021S051635190104,0,1,2,0,1,1,0,6,6,0,2,5,0,3,3,0,59,59,119.0,198.0,149.0,15.0,44.0,63.0,10.0,473.0,548.0,POINT (-79.5231543559462 43.846161034315045)
2021S051635190106,5,18,11,1,8,8,0,42,47,126,359,198,3,125,77,0,509,564,52.0,89.0,67.0,8.0,20.0,38.0,4.0,280.0,306.0,POINT (-79.36729506852238 43.81763876164105)
2021S051635190107,0,0,0,0,1,0,0,5,5,0,0,0,0,15,0,0,19,19,46.0,76.0,59.0,7.0,17.0,29.0,4.0,246.0,267.0,POINT (-79.43935980487153 43.82282970739451)
2021S051635190108,1,2,2,0,2,0,0,5,5,10,22,22,0,22,0,0,62,62,114.0,189.0,138.0,14.0,42.0,55.0,9.0,425.0,493.0,POINT (-79.48971054444115 43.83631315925244)
2021S051635190109,75,188,159,21,82,72,4,417,483,6615,10083,7805,332,1629,1977,38,13031,18159,166.0,295.0,216.0,23.0,69.0,85.0,14.0,661.0,767.0,POINT (-79.51424198080247 43.808148212941504)
2021S051635190111,0,3,2,0,0,0,0,5,5,0,6,4,0,0,0,0,18,18,75.0,126.0,93.0,10.0,30.0,38.0,4.0,320.0,362.0,POINT (-79.47229939038387 43.82865633093236)
2021S051635190112,0,1,1,0,0,1,0,4,5,0,7,7,0,0,7,0,10,17,138.0,237.0,177.0,19.0,54.0,69.0,12.0,535.0,623.0,POINT (-79.55307308096576 43.836861586855115)
2021S051635190114,1,2,1,1,0,1,0,5,5,7,35,28,28,0,28,0,45,45,128.0,221.0,168.0,18.0,49.0,67.0,12.0,505.0,588.0,POINT (-79.57111226744269 43.838500405776365)
2021S051635190115,2,2,0,0,0,0,0,9,9,64,64,0,0,0,0,0,96,96,61.0,104.0,80.0,10.0,22.0,36.0,5.0,309.0,341.0,POINT (-79.46620003045714 43.817605050184355)
2021S051635190117,1,1,1,0,0,1,0,7,7,2,3,2,0,0,4,0,18,18,67.0,117.0,85.0,11.0,27.0,38.0,4.0,340.0,374.0,POINT (-79.434751132159 43.80977254381675)
2021S051635190118,0,1,1,0,0,0,0,2,2,0,2,2,0,0,0,0,3,3,99.0,163.0,124.0,14.0,37.0,52.0,9.0,390.0,449.0,POINT (-79.56790254056006 43.831435337736984)
2021S051635190119,1,1,0,0,0,0,0,5,5,2,2,0,0,0,0,0,10,10,58.0,99.0,75.0,8.0,21.0,32.0,4.0,304.0,333.0,POINT (-79.45355305412062 43.80948680308426)
2021S051635190120,1,2,1,1,0,1,0,5,5,3,15,12,12,0,12,0,20,20,91.0,147.0,112.0,13.0,34.0,48.0,9.0,388.0,441.0,POINT (-79.57330437487694 43.82653851287202)
2021S051635190121,0,1,2,0,3,2,0,15,17,0,3,22,0,24,50,0,204,254,80.0,135.0,101.0,11.0,30.0,45.0,8.0,342.0,388.0,POINT (-79.56713376251774 43.81594217036245)
2021S051635190122,0,1,0,0,0,0,0,4,4,0,3,0,0,0,0,0,19,19,58.0,101.0,76.0,9.0,21.0,34.0,4.0,281.0,311.0,POINT (-79.4279578914252 43.79890009409361)
2021S051635190123,0,0,0,0,0,0,0,1,1,0,0,0,0,0,0,0,2,2,61.0,102.0,78.0,9.0,22.0,34.0,5.0,285.0,316.0,POINT (-79.46603754409028 43.803621053773746)
2021S051635190124,0,0,0,0,0,0,0,2,2,0,0,0,0,0,0,0,6,6,58.0,99.0,75.0,8.0,21.0,32.0,4.0,303.0,332.0,POINT (-79.44858529577076 43.799864787335565)
2021S051635190125,16,32,29,3,10,8,1,68,80,481,1828,1791,33,753,236,3,2544,3574,97.0,168.0,132.0,15.0,39.0,53.0,11.0,435.0,497.0,POINT (-79.64478182834293 43.791566479390376)
2021S051635190126,2,7,1,0,6,1,1,27,27,16,243,73,0,215,2,7,800,800,98.0,165.0,117.0,13.0,37.0,49.0,9.0,399.0,452.0,POINT (-79.47929997699941 43.79494260306846)
2021S051635190127,0,2,1,0,0,0,0,7,7,0,7,2,0,0,0,0,17,17,102.0,175.0,127.0,14.0,39.0,52.0,9.0,447.0,503.0,POINT (-79.46563363907839 43.79553993605868)
2021S051635190128,0,2,1,0,0,0,0,2,3,0,6,3,0,0,0,0,5,8,70.0,112.0,90.0,10.0,24.0,40.0,8.0,295.0,337.0,POINT (-79.61633799208991 43.816504814985706)
2021S051635190129,0,1,1,0,1,0,0,3,3,0,2,2,0,68,0,0,71,71,67.0,110.0,86.0,10.0,24.0,38.0,7.0,318.0,357.0,POINT (-79.59395816824858 43.80430128366007)
2021S051635190130,2,10,7,0,6,5,0,29,32,239,865,360,0,371,403,0,1293,1418,107.0,186.0,140.0,15.0,41.0,57.0,9.0,460.0,525.0,POINT (-79.55231318921241 43.79925897772537)
2021S051635190131,20,40,35,6,18,19,1,103,117,1576,1938,1149,116,185,222,2,2166,3024,91.0,151.0,116.0,13.0,34.0,52.0,9.0,384.0,437.0,POINT (-79.55538934607524 43.78466904410062)
2021S051635190132,3,6,5,0,3,2,1,15,16,81,197,238,0,51,5,50,208,357,82.0,138.0,108.0,12.0,34.0,46.0,8.0,352.0,401.0,POINT (-79.58144033089017 43.78343232028287)
2021S051635190133,1,4,4,0,1,3,0,10,12,1,14,13,0,3,10,0,37,43,94.0,166.0,128.0,15.0,38.0,52.0,9.0,426.0,488.0,POINT (-79.59642299684972 43.77706130759165)
2021S051635190134,2,2,4,1,4,1,0,16,18,35,152,192,33,174,7,0,348,504,94.0,161.0,126.0,15.0,37.0,51.0,9.0,407.0,468.0,POINT (-79.61617237328142 43.78394334799725)
2021S051635190148,0,0,0,0,1,0,0,4,4,0,0,0,0,3,0,0,20,20,93.0,151.0,110.0,12.0,33.0,48.0,4.0,366.0,409.0,POINT (-79.29201678192946 43.85824132793567)
2021S051635190150,1,6,3,0,0,2,0,10,10,6,34,38,0,0,20,0,77,77,95.0,177.0,119.0,14.0,38.0,53.0,4.0,442.0,487.0,POINT (-79.31246916140653 43.826741897447434)
2021S051635190151,0,1,0,0,1,0,0,3,3,0,5,0,0,3,0,0,9,9,96.0,172.0,122.0,16.0,36.0,56.0,5.0,430.0,475.0,POINT (-79.29316861042109 43.84772778173636)
2021S051635190152,0,2,0,0,0,0,0,5,5,0,6,0,0,0,0,0,20,20,45.0,75.0,59.0,7.0,18.0,30.0,4.0,246.0,265.0,POINT (-79.38034094778568 43.831852827975055)
2021S051635190157,34,78,39,7,25,18,1,212,217,1245,2063,1248,120,289,1218,5,4710,4961,145.0,272.0,181.0,20.0,65.0,80.0,6.0,631.0,712.0,POINT (-79.34016696049459 43.84050833633865)
2021S051635190158,0,0,0,0,1,0,0,3,3,0,0,0,0,3,0,0,8,8,53.0,90.0,68.0,8.0,20.0,35.0,4.0,270.0,294.0,POINT (-79.39469853541354 43.81519911387761)
2021S051635190159,2,10,7,2,2,3,0,20,21,6,38,23,6,76,9,0,147,150,109.0,207.0,144.0,17.0,49.0,65.0,4.0,508.0,573.0,POINT (-79.41051647216914 43.80769690888525)
2021S051635190160,0,1,2,0,1,0,0,8,9,0,3,10,0,3,0,0,32,39,65.0,114.0,82.0,9.0,27.0,39.0,4.0,333.0,364.0,POINT (-79.4152557516978 43.82773477370559)
2021S051635190164,0,2,1,0,2,0,0,3,3,0,6,3,0,10,0,0,13,13,71.0,126.0,89.0,10.0,30.0,41.0,3.0,325.0,361.0,POINT (-79.41909890240778 43.86433935133049)
2021S051635190165,0,2,1,0,1,0,0,4,4,0,7,5,0,3,0,0,12,12,85.0,152.0,108.0,12.0,36.0,52.0,4.0,377.0,425.0,POINT (-79.42156314084295 43.84918415377108)
2021S051635190166,0,5,1,0,1,1,0,15,15,0,59,9,0,15,2,0,382,382,110.0,187.0,130.0,13.0,40.0,56.0,5.0,450.0,501.0,POINT (-79.41005435449296 43.93182861558472)
2021S051635190167,0,13,11,2,2,5,0,22,24,0,126,310,30,152,138,0,652,875,105.0,179.0,126.0,10.0,38.0,52.0,4.0,387.0,440.0,POINT (-79.4260755604269 43.8947210154564)
2021S051635190168,0,3,0,0,1,1,0,8,8,0,11,0,0,3,2,0,24,24,92.0,162.0,115.0,10.0,39.0,53.0,3.0,376.0,431.0,POINT (-79.45219017765659 43.87741523220614)
2021S051635190169,0,1,1,0,0,1,0,3,4,0,3,3,0,0,3,0,11,14,72.0,124.0,91.0,8.0,31.0,40.0,3.0,310.0,349.0,POINT (-79.44874097830792 43.863038338740466)
2021S051635190170,0,0,0,0,0,0,0,0,0,0,0,0,0,0,0,0,0,0,73.0,130.0,93.0,8.0,32.0,42.0,3.0,323.0,362.0,POINT (-79.43107818828791 43.863691941565314)
2021S051635190171,0,1,1,1,0,1,0,2,2,0,6,6,6,0,6,0,7,7,77.0,120.0,93.0,11.0,27.0,40.0,8.0,314.0,356.0,POINT (-79.53356913673181 43.858626423011664)
2021S051635190172,0,2,1,0,0,1,0,4,4,0,4,2,0,0,2,0,9,9,129.0,216.0,164.0,18.0,49.0,68.0,11.0,499.0,585.0,POINT (-79.54472587086128 43.85753702799359)
2021S051635190173,0,2,1,0,1,0,0,4,4,0,6,3,0,3,0,0,115,115,115.0,195.0,154.0,16.0,44.0,59.0,12.0,459.0,537.0,POINT (-79.6212007728615 43.82526969471088)
2021S051635190174,0,1,0,0,2,0,0,15,15,0,3,0,0,10,0,0,74,74,161.0,269.0,206.0,21.0,61.0,81.0,15.0,594.0,699.0,POINT (-79.65045769924906 43.86687150911902)
2021S051635190175,4,4,2,0,0,1,0,8,8,16,16,8,0,0,8,0,27,27,52.0,86.0,64.0,8.0,20.0,35.0,4.0,269.0,294.0,POINT (-79.40413245121246 43.85539900354767)
2021S051635190176,0,0,0,0,0,0,0,1,1,0,0,0,0,0,0,0,1,1,178.0,233.0,162.0,8.0,28.0,45.0,12.0,402.0,474.0,POINT (-79.4610422189876 44.0632133013614)
2021S051635190177,0,1,1,0,0,1,0,2,3,0,7,7,0,0,7,0,109,116,138.0,209.0,165.0,8.0,30.0,41.0,15.0,364.0,432.0,POINT (-79.48114521388786 44.23404507143277)
2021S051635200001,5,8,6,1,4,3,1,29,32,109,375,84,15,27,260,3,498,543,64.0,122.0,85.0,14.0,27.0,46.0,4.0,356.0,376.0,POINT (-79.18678751113383 43.82652075890567)
2021S051635200002,7,23,21,5,10,7,1,66,69,72,592,319,32,312,143,5,2001,2073,129.0,280.0,172.0,29.0,61.0,93.0,6.0,652.0,698.0,POINT (-79.23184458210707 43.82692815457021)
2021S051635200003,12,33,21,1,9,8,0,86,93,551,1175,873,12,308,522,0,1726,2336,88.0,182.0,116.0,20.0,41.0,63.0,4.0,483.0,513.0,POINT (-79.26220844207644 43.82439664759166)
2021S051635200004,0,0,0,0,0,0,0,1,1,0,0,0,0,0,0,0,4,4,72.0,137.0,87.0,14.0,27.0,46.0,4.0,350.0,371.0,POINT (-79.20516246957821 43.820086515331035)
2021S051635200005,0,2,1,0,0,0,0,2,2,0,4,2,0,0,0,0,4,4,55.0,104.0,76.0,13.0,21.0,41.0,3.0,309.0,329.0,POINT (-79.131543641303 43.79284562366733)
2021S051635200006,0,0,0,0,1,0,0,3,3,0,0,0,0,7,0,0,10,10,67.0,135.0,85.0,14.0,28.0,47.0,4.0,355.0,376.0,POINT (-79.2812971855382 43.82345459369244)
2021S051635200007,0,0,0,0,0,0,0,1,1,0,0,0,0,0,0,0,4,4,89.0,177.0,118.0,20.0,35.0,61.0,4.0,434.0,461.0,POINT (-79.16199514572767 43.80457033148809)
2021S051635200008,2,11,5,4,2,6,0,31,31,9,130,39,338,10,45,0,832,832,66.0,131.0,82.0,14.0,27.0,45.0,4.0,345.0,365.0,POINT (-79.23385999095308 43.81167071405397)
2021S051635200009,0,0,0,0,0,0,0,1,1,0,0,0,0,0,0,0,1,1,79.0,164.0,101.0,17.0,34.0,56.0,5.0,432.0,455.0,POINT (-79.21300242573044 43.81359056831983)
2021S051635200011,4,10,13,1,14,3,1,52,54,19,178,204,3,72,40,10,411,449,86.0,160.0,107.0,11.0,35.0,48.0,4.0,408.0,448.0,POINT (-79.29494889301448 43.81529475010633)
2021S051635200012,0,0,0,0,0,0,0,0,0,0,0,0,0,0,0,0,0,0,61.0,107.0,76.0,9.0,24.0,37.0,4.0,320.0,347.0,POINT (-79.30894405652293 43.815767534826456)
2021S051635200014,0,1,1,0,0,0,0,1,1,0,3,3,0,0,0,0,3,3,78.0,158.0,98.0,16.0,32.0,53.0,5.0,403.0,426.0,POINT (-79.20851524619388 43.803361267313306)
2021S051635200015,1,1,1,0,0,0,0,3,3,6,6,6,0,0,0,0,11,11,93.0,198.0,121.0,20.0,43.0,67.0,5.0,511.0,541.0,POINT (-79.22868783345335 43.8018093367234)
2021S051635200016,0,1,0,0,0,0,0,1,1,0,3,0,0,0,0,0,3,3,46.0,83.0,65.0,10.0,17.0,35.0,3.0,270.0,284.0,POINT (-79.1432238517314 43.782424002979106)
2021S051635200017,0,5,2,1,2,1,0,15,16,0,271,158,123,22,60,0,776,811,76.0,157.0,97.0,17.0,33.0,53.0,4.0,409.0,434.0,POINT (-79.26992414358455 43.80305153071391)
2021S051635200018,2,3,2,1,1,1,0,14,14,48,81,6,3,3,7,0,167,167,109.0,234.0,142.0,24.0,53.0,79.0,4.0,579.0,616.0,POINT (-79.2543478230764 43.805454488941784)
2021S051635200019,0,0,0,0,0,0,0,4,4,0,0,0,0,0,0,0,14,14,46.0,86.0,61.0,10.0,17.0,35.0,3.0,255.0,269.0,POINT (-79.16699256301527 43.79133179887364)
2021S051635200020,0,0,0,0,0,0,0,1,1,0,0,0,0,0,0,0,2,2,76.0,141.0,98.0,11.0,31.0,46.0,4.0,382.0,417.0,POINT (-79.31879197089366 43.81357664058901)
2021S051635200021,0,0,0,0,0,0,0,1,1,0,0,0,0,0,0,0,2,2,79.0,169.0,104.0,17.0,38.0,59.0,4.0,437.0,463.0,POINT (-79.28294680015782 43.80610060143418)
2021S051635200022,0,0,0,0,0,0,0,0,0,0,0,0,0,0,0,0,0,0,62.0,122.0,77.0,13.0,23.0,41.0,4.0,319.0,338.0,POINT (-79.18366757908623 43.7890845325084)
2021S051635200024,3,4,2,1,0,1,0,7,8,88,149,82,7,0,60,0,99,172,77.0,155.0,95.0,16.0,31.0,51.0,5.0,396.0,419.0,POINT (-79.22313177464358 43.7945944849925)
2021S051635200025,2,10,7,1,3,4,0,27,28,75,271,174,33,39,100,0,526,561,67.0,119.0,84.0,10.0,26.0,40.0,4.0,314.0,344.0,POINT (-79.34565284224561 43.803729861814105)
2021S051635200026,1,0,0,0,0,0,0,4,4,3,0,0,0,0,0,0,11,11,37.0,64.0,47.0,7.0,13.0,25.0,3.0,214.0,225.0,POINT (-79.15845878702328 43.783099450612035)
2021S051635200027,0,1,0,0,0,1,0,1,1,0,2,0,0,0,2,0,2,2,92.0,193.0,120.0,21.0,38.0,64.0,5.0,484.0,513.0,POINT (-79.2076613612764 43.78939579654944)
2021S051635200028,3,24,16,3,5,10,0,65,69,357,536,477,21,89,86,0,1478,1550,91.0,195.0,117.0,20.0,40.0,65.0,4.0,494.0,522.0,POINT (-79.2497119992924 43.79039641717302)
2021S051635200029,5,11,8,0,4,1,0,20,21,216,121,113,0,35,35,0,303,338,88.0,165.0,111.0,12.0,37.0,51.0,4.0,400.0,442.0,POINT (-79.33119400722866 43.81101303699645)
2021S051635200030,1,2,1,0,0,0,0,3,3,6,8,6,0,0,0,0,10,10,127.0,247.0,162.0,19.0,53.0,70.0,4.0,544.0,608.0,POINT (-79.30879303361563 43.80350764372145)
2021S051635200035,0,0,0,0,0,0,0,1,1,0,0,0,0,0,0,0,1,1,109.0,208.0,140.0,15.0,43.0,60.0,4.0,512.0,566.0,POINT (-79.30611565627214 43.7945608899181)
2021S051635200036,0,0,0,0,0,0,0,1,1,0,0,0,0,0,0,0,1,1,82.0,152.0,102.0,11.0,31.0,47.0,4.0,373.0,410.0,POINT (-79.32551201521177 43.79925471945723)
2021S051635200037,0,1,0,0,0,0,0,1,1,0,3,0,0,0,0,0,3,3,56.0,110.0,72.0,13.0,22.0,39.0,4.0,305.0,323.0,POINT (-79.21030940789473 43.776428811420075)
2021S051635200038,0,4,2,0,1,3,0,16,17,0,91,80,0,73,84,0,283,290,48.0,94.0,63.0,10.0,18.0,35.0,4.0,274.0,288.0,POINT (-79.16155183428016 43.76670946801901)
2021S051635200040,0,2,2,0,0,0,0,3,3,0,5,5,0,0,0,0,9,9,65.0,131.0,82.0,14.0,25.0,43.0,5.0,344.0,363.0,POINT (-79.18764357679304 43.772581312463785)
2021S051635200041,0,0,0,0,0,0,0,2,2,0,0,0,0,0,0,0,4,4,71.0,130.0,88.0,10.0,30.0,46.0,5.0,351.0,385.0,POINT (-79.38210571257912 43.79682255542093)
2021S051635200042,0,1,0,0,0,0,0,3,3,0,2,0,0,0,0,0,19,19,59.0,100.0,72.0,8.0,24.0,37.0,5.0,293.0,318.0,POINT (-79.3625165333464 43.800463049080996)
2021S051635200044,1,1,1,0,0,0,0,1,1,3,3,3,0,0,0,0,3,3,59.0,102.0,74.0,8.0,21.0,36.0,4.0,299.0,323.0,POINT (-79.2962678427497 43.78903552191831)
2021S051635200045,1,2,1,0,0,1,0,4,4,2,4,2,0,0,2,0,9,9,84.0,153.0,104.0,11.0,36.0,54.0,5.0,394.0,434.0,POINT (-79.33692158396838 43.792582178810065)
2021S051635200046,0,1,0,0,0,1,0,3,3,0,3,0,0,0,3,0,8,8,102.0,187.0,126.0,14.0,39.0,55.0,5.0,448.0,493.0,POINT (-79.3206921745519 43.786231802950915)
2021S051635200047,4,14,13,1,8,9,0,44,48,18,219,148,6,70,128,0,444,539,95.0,202.0,122.0,20.0,40.0,65.0,4.0,485.0,515.0,POINT (-79.2358909363775 43.78038608846754)
2021S051635200049,0,0,0,0,0,0,0,1,1,0,0,0,0,0,0,0,2,2,72.0,131.0,89.0,10.0,27.0,41.0,5.0,342.0,373.0,POINT (-79.30715813896417 43.783082932253585)
2021S051635200050,0,0,0,0,1,0,0,1,1,0,0,0,0,3,0,0,3,3,88.0,189.0,115.0,20.0,39.0,64.0,4.0,483.0,512.0,POINT (-79.21795632370147 43.768219034803565)
2021S051635200051,0,2,1,1,0,1,0,6,6,0,8,3,3,0,3,0,16,16,62.0,108.0,80.0,10.0,25.0,38.0,5.0,301.0,332.0,POINT (-79.40672806148349 43.794868607612486)
2021S051635200052,0,0,0,0,0,1,0,3,3,0,0,0,0,0,3,0,6,6,75.0,135.0,92.0,11.0,27.0,42.0,5.0,376.0,409.0,POINT (-79.3471219343298 43.785452843311006)
2021S051635200053,0,0,0,0,0,0,0,0,0,0,0,0,0,0,0,0,0,0,73.0,159.0,100.0,18.0,31.0,54.0,5.0,425.0,450.0,POINT (-79.1871474290762 43.761889290088305)
2021S051635200054,0,0,0,0,1,1,0,2,2,0,0,0,0,3,3,0,6,6,78.0,166.0,98.0,17.0,33.0,56.0,4.0,413.0,436.0,POINT (-79.24283834146256 43.768357999785614)
2021S051635200055,1,2,2,0,1,0,0,5,5,3,5,5,0,3,0,0,15,15,116.0,221.0,144.0,15.0,46.0,70.0,5.0,541.0,599.0,POINT (-79.30142481871846 43.775683794798965)
2021S051635200056,0,1,0,0,0,0,0,1,1,0,3,0,0,0,0,0,3,3,58.0,100.0,72.0,8.0,22.0,36.0,5.0,290.0,315.0,POINT (-79.3607757757769 43.78820128527947)
2021S051635200057,3,7,6,1,4,1,1,28,29,17,60,31,31,53,3,5,600,603,72.0,141.0,88.0,14.0,29.0,50.0,5.0,378.0,398.0,POINT (-79.26497435389561 43.76537000772376)
2021S051635200058,0,2,1,1,0,1,0,2,2,0,8,6,6,0,6,0,8,8,53.0,86.0,65.0,7.0,17.0,31.0,5.0,264.0,285.0,POINT (-79.33291227615523 43.781074830101886)
2021S051635200059,0,1,1,1,0,1,0,3,3,0,3,3,3,0,3,0,15,15,91.0,195.0,116.0,20.0,40.0,63.0,4.0,470.0,498.0,POINT (-79.23517109860163 43.75714458379307)
2021S051635200060,3,8,6,1,5,2,0,26,26,299,974,854,3,562,35,0,1801,1801,76.0,159.0,94.0,13.0,35.0,50.0,5.0,430.0,453.0,POINT (-79.28265279618576 43.77023338777474)
2021S051635200061,1,0,0,0,0,0,0,4,4,3,0,0,0,0,0,0,12,12,134.0,254.0,175.0,20.0,60.0,70.0,6.0,584.0,663.0,POINT (-79.4314426117205 43.78939321143158)
2021S051635200062,0,1,1,0,1,0,0,5,5,0,2,2,0,3,0,0,12,12,66.0,114.0,80.0,9.0,26.0,40.0,5.0,321.0,349.0,POINT (-79.37801591018813 43.778349674208194)
2021S051635200063,0,0,0,0,0,0,0,0,0,0,0,0,0,0,0,0,0,0,99.0,184.0,124.0,14.0,42.0,57.0,5.0,445.0,494.0,POINT (-79.35705343466415 43.779326380888385)
2021S051635200064,0,0,0,0,0,0,0,1,1,0,0,0,0,0,0,0,7,7,77.0,164.0,100.0,17.0,34.0,54.0,4.0,418.0,442.0,POINT (-79.21436314422397 43.75664339844726)
2021S051635200065,0,1,1,1,0,1,0,3,3,0,12,12,12,0,12,0,17,17,76.0,153.0,94.0,16.0,31.0,59.0,5.0,415.0,439.0,POINT (-79.25485655754774 43.76686699886838)
2021S051635200066,0,0,0,0,0,0,0,1,1,0,0,0,0,0,0,0,4,4,61.0,106.0,77.0,9.0,23.0,37.0,5.0,321.0,351.0,POINT (-79.40467551798625 43.78597531264935)
2021S051635200067,0,1,0,0,0,0,0,1,1,0,2,0,0,0,0,0,2,2,46.0,95.0,62.0,10.0,18.0,37.0,4.0,286.0,300.0,POINT (-79.19993628739809 43.748315954100036)
2021S051635200068,4,15,7,3,4,5,0,36,36,58,749,236,189,78,281,0,1009,1009,71.0,130.0,87.0,10.0,25.0,41.0,5.0,342.0,373.0,POINT (-79.29535701749512 43.75661994819956)
2021S051635200069,11,20,14,1,6,7,0,49,52,627,590,566,142,37,64,0,1016,1171,77.0,160.0,94.0,13.0,34.0,59.0,5.0,463.0,489.0,POINT (-79.27819308598269 43.75769557351301)
2021S051635200070,0,4,1,0,0,2,0,11,11,0,13,2,0,0,3,0,94,94,129.0,246.0,159.0,18.0,57.0,74.0,6.0,566.0,630.0,POINT (-79.33986992952048 43.7707120319998)
2021S051635200071,0,4,0,0,0,2,0,7,7,0,9,0,0,0,4,0,20,20,53.0,84.0,63.0,8.0,18.0,30.0,5.0,263.0,284.0,POINT (-79.39711151580683 43.77464262597033)
2021S051635200072,0,0,1,0,0,0,0,2,2,0,0,3,0,0,0,0,331,331,107.0,186.0,133.0,15.0,39.0,54.0,9.0,458.0,517.0,POINT (-79.4559890761228 43.7855458781968)
2021S051635200073,0,1,1,0,0,0,0,1,1,0,2,2,0,0,0,0,2,2,50.0,94.0,61.0,10.0,19.0,38.0,5.0,306.0,319.0,POINT (-79.235469983628 43.74479448744235)
2021S051635200075,0,1,0,0,0,0,0,2,2,0,3,0,0,0,0,0,5,5,73.0,135.0,90.0,10.0,26.0,43.0,5.0,346.0,378.0,POINT (-79.309296948703 43.75858795162555)
2021S051635200077,0,1,0,0,0,0,0,5,5,0,3,0,0,0,0,0,14,14,49.0,78.0,59.0,7.0,16.0,28.0,4.0,251.0,270.0,POINT (-79.40742217347803 43.771962469007825)
2021S051635200078,0,0,0,0,0,0,0,2,2,0,0,0,0,0,0,0,4,4,71.0,122.0,88.0,10.0,27.0,47.0,4.0,335.0,373.0,POINT (-79.4128798383973 43.77711318377572)
2021S051635200079,0,0,0,0,0,0,0,0,0,0,0,0,0,0,0,0,0,0,60.0,126.0,80.0,15.0,26.0,45.0,4.0,346.0,366.0,POINT (-79.2131004396202 43.74002914066056)
2021S051635200080,1,1,0,0,1,0,0,4,4,2,2,0,0,3,0,0,10,10,72.0,121.0,91.0,11.0,26.0,39.0,6.0,356.0,393.0,POINT (-79.46155576632547 43.77066722191789)
2021S051635200082,0,0,0,0,0,1,0,3,3,0,0,0,0,0,3,0,9,9,96.0,165.0,119.0,14.0,36.0,57.0,9.0,438.0,492.0,POINT (-79.44872874430432 43.77712324838447)
2021S051635200083,20,54,34,5,23,11,1,162,167,387,1985,587,38,516,188,5,4026,4247,164.0,292.0,208.0,23.0,68.0,89.0,14.0,686.0,784.0,POINT (-79.49144317996769 43.76790116868184)
2021S051635200085,2,9,3,0,4,5,0,20,20,171,319,121,0,128,55,0,471,471,49.0,78.0,59.0,7.0,15.0,28.0,5.0,250.0,269.0,POINT (-79.36957980790865 43.75693734989659)
2021S051635200086,0,2,1,0,0,1,0,1,2,0,5,3,0,0,3,0,2,5,86.0,157.0,106.0,11.0,33.0,53.0,5.0,403.0,445.0,POINT (-79.3269579680761 43.76318180744684)
2021S051635200087,0,1,1,0,0,0,0,2,2,0,3,3,0,0,0,0,6,6,86.0,181.0,109.0,17.0,37.0,63.0,5.0,484.0,511.0,POINT (-79.2524065355078 43.7485975975469)
2021S051635200088,1,0,2,0,0,1,0,3,4,2,0,5,0,0,3,0,5,8,50.0,100.0,66.0,12.0,19.0,38.0,4.0,306.0,324.0,POINT (-79.22190794891223 43.7380053316667)
2021S051635200089,1,7,3,0,1,0,0,12,12,3,216,22,0,15,0,0,307,307,58.0,96.0,72.0,9.0,20.0,35.0,5.0,282.0,309.0,POINT (-79.35857529659839 43.744363391690236)
2021S051635200090,1,4,0,0,0,1,0,6,6,43,49,0,0,0,2,0,59,59,68.0,115.0,82.0,10.0,25.0,39.0,4.0,315.0,346.0,POINT (-79.41121462376745 43.767732901002425)
2021S051635200091,1,1,0,0,1,0,0,2,2,2,2,0,0,3,0,0,5,5,64.0,110.0,78.0,9.0,23.0,44.0,5.0,323.0,353.0,POINT (-79.32992598673643 43.750941595045944)
2021S051635200092,1,1,0,0,0,0,1,6,6,3,13,0,0,0,0,3,22,22,120.0,210.0,155.0,17.0,47.0,62.0,10.0,492.0,560.0,POINT (-79.43980267004318 43.76991202547004)
2021S051635200093,0,0,1,0,0,0,0,2,2,0,0,3,0,0,0,0,4,4,54.0,102.0,65.0,9.0,22.0,37.0,5.0,308.0,324.0,POINT (-79.27722559419087 43.745925905585295)
2021S051635200095,1,2,4,0,2,1,1,12,13,5,16,23,0,6,7,5,66,73,55.0,106.0,69.0,12.0,20.0,39.0,5.0,304.0,320.0,POINT (-79.24151124829449 43.737632074966214)
2021S051635200096,1,0,2,0,1,0,1,3,3,2,0,5,0,3,0,2,8,8,59.0,100.0,71.0,8.0,20.0,34.0,5.0,309.0,332.0,POINT (-79.3188907320038 43.7476373783753)
2021S051635200097,0,0,0,0,0,0,0,1,1,0,0,0,0,0,0,0,3,3,47.0,92.0,61.0,10.0,17.0,39.0,5.0,282.0,296.0,POINT (-79.23005107058032 43.72008734824601)
2021S051635200098,0,2,2,2,0,2,0,8,8,0,5,5,6,0,6,0,42,42,86.0,156.0,112.0,13.0,36.0,56.0,5.0,410.0,461.0,POINT (-79.42575891406793 43.75214789948496)
2021S051635200099,1,2,2,1,0,2,0,5,5,3,6,6,3,0,7,0,15,15,68.0,115.0,83.0,10.0,26.0,39.0,4.0,323.0,354.0,POINT (-79.39573347295159 43.75313726827585)
2021S051635200100,0,0,0,0,0,0,0,0,0,0,0,0,0,0,0,0,0,0,65.0,127.0,78.0,13.0,27.0,52.0,5.0,366.0,387.0,POINT (-79.27290010321927 43.73794200560355)
2021S051635200101,7,14,9,2,2,3,0,41,42,319,142,76,36,76,23,0,991,998,75.0,153.0,92.0,13.0,33.0,49.0,5.0,436.0,458.0,POINT (-79.29365681377418 43.73579845177402)
2021S051635200102,0,1,0,0,0,0,0,2,2,0,3,0,0,0,0,0,9,9,78.0,156.0,95.0,16.0,31.0,54.0,5.0,416.0,439.0,POINT (-79.25601185660788 43.74018322096098)
2021S051635200103,3,5,3,1,0,3,0,13,14,7,17,12,3,0,39,0,270,277,53.0,106.0,71.0,12.0,20.0,41.0,5.0,325.0,343.0,POINT (-79.24285165534639 43.72342622432914)
2021S051635200104,0,2,0,0,0,0,0,6,6,0,18,0,0,0,0,0,44,44,57.0,92.0,69.0,9.0,20.0,40.0,5.0,317.0,345.0,POINT (-79.3704422199598 43.72811784770388)
2021S051635200105,0,0,0,0,1,0,0,2,2,0,0,0,0,7,0,0,11,11,48.0,89.0,59.0,9.0,21.0,36.0,5.0,287.0,299.0,POINT (-79.25450106482957 43.72929139164355)
2021S051635200106,2,10,6,1,2,1,0,21,21,42,194,115,3,16,3,0,260,260,205.0,364.0,266.0,26.0,88.0,101.0,17.0,795.0,924.0,POINT (-79.52607762044967 43.764289428027936)
2021S051635200108,0,0,0,0,0,0,0,3,3,0,0,0,0,0,0,0,6,6,88.0,144.0,106.0,11.0,32.0,53.0,8.0,387.0,434.0,POINT (-79.44872726545339 43.755544186633024)
2021S051635200109,3,2,0,0,2,0,0,13,13,51,29,0,0,17,0,0,395,395,78.0,143.0,96.0,11.0,28.0,52.0,5.0,380.0,418.0,POINT (-79.3183347524575 43.73400163958916)
2021S051635200110,17,64,58,17,37,22,3,157,172,337,1592,1187,336,636,565,107,4166,4770,143.0,254.0,190.0,20.0,59.0,77.0,14.0,565.0,657.0,POINT (-79.55509026173752 43.759907346562365)
2021S051635200111,1,0,1,0,0,0,1,3,3,2,0,2,0,0,0,2,5,5,53.0,104.0,68.0,10.0,22.0,40.0,5.0,330.0,347.0,POINT (-79.26288003060039 43.72328343662707)
2021S051635200115,0,0,0,0,0,0,0,0,0,0,0,0,0,0,0,0,0,0,50.0,98.0,64.0,10.0,21.0,40.0,5.0,300.0,316.0,POINT (-79.27414569043411 43.72759387541791)
2021S051635200116,0,0,0,0,1,0,0,1,1,0,0,0,0,3,0,0,3,3,106.0,182.0,134.0,15.0,40.0,56.0,9.0,461.0,523.0,POINT (-79.51321136912141 43.76195915672865)
2021S051635200117,0,0,0,0,0,0,0,0,0,0,0,0,0,0,0,0,0,0,124.0,218.0,156.0,18.0,48.0,68.0,10.0,509.0,582.0,POINT (-79.49692457327286 43.75618688699962)
2021S051635200118,0,0,0,0,0,1,0,1,1,0,0,0,0,0,2,0,2,2,62.0,103.0,80.0,10.0,22.0,36.0,6.0,302.0,332.0,POINT (-79.44793840729294 43.749505242135655)
2021S051635200120,1,7,4,0,1,2,0,13,14,308,371,331,0,15,38,0,389,392,74.0,135.0,92.0,11.0,29.0,50.0,5.0,368.0,404.0,POINT (-79.33882550815706 43.727515580293506)
2021S051635200121,3,11,8,4,1,6,0,40,43,16,154,101,21,3,41,0,875,920,75.0,160.0,93.0,13.0,35.0,52.0,5.0,463.0,486.0,POINT (-79.28805381312469 43.71453051915107)
2021S051635200122,0,0,0,0,0,0,0,1,1,0,0,0,0,0,0,0,2,2,121.0,214.0,155.0,16.0,49.0,71.0,10.0,503.0,578.0,POINT (-79.51331297043896 43.75400082908918)
2021S051635200123,1,4,3,0,0,1,0,7,8,3,405,83,0,0,35,0,416,451,101.0,176.0,126.0,14.0,39.0,59.0,9.0,438.0,495.0,POINT (-79.47022548372428 43.73848831742178)
2021S051635200124,0,1,0,0,0,2,0,7,7,0,3,0,0,0,40,0,50,50,105.0,182.0,129.0,15.0,39.0,52.0,9.0,441.0,497.0,POINT (-79.44511743621678 43.73736582230492)
2021S051635200125,0,0,0,0,0,0,0,1,1,0,0,0,0,0,0,0,11,11,47.0,85.0,57.0,8.0,17.0,42.0,5.0,308.0,323.0,POINT (-79.25609628512264 43.70628071875638)
2021S051635200126,3,8,8,1,10,5,1,34,35,11,136,147,28,236,49,3,503,506,176.0,317.0,231.0,26.0,74.0,93.0,16.0,712.0,823.0,POINT (-79.52188993700362 43.7468275720227)
2021S051635200127,0,0,0,0,0,0,0,1,1,0,0,0,0,0,0,0,1,1,107.0,187.0,132.0,16.0,44.0,56.0,9.0,477.0,536.0,POINT (-79.49566001394058 43.747932388882354)
2021S051635200128,1,2,0,0,0,0,0,7,7,5,7,0,0,0,0,0,26,26,67.0,112.0,83.0,10.0,23.0,47.0,5.0,350.0,386.0,POINT (-79.41515116043504 43.74011367623519)
2021S051635200129,3,8,3,1,2,1,0,17,17,56,246,63,28,13,28,0,296,296,49.0,78.0,58.0,7.0,15.0,28.0,5.0,255.0,273.0,POINT (-79.31197849431292 43.72026371910101)
2021S051635200132,0,1,0,0,0,0,0,1,1,0,2,0,0,0,0,0,2,2,182.0,320.0,241.0,26.0,79.0,91.0,18.0,712.0,838.0,POINT (-79.58572572111267 43.75433383413539)
2021S051635200133,0,1,0,0,0,0,0,2,2,0,3,0,0,0,0,0,5,5,69.0,122.0,84.0,10.0,26.0,48.0,5.0,347.0,379.0,POINT (-79.33515139045035 43.717274181075965)
2021S051635200134,1,10,7,2,6,10,0,24,27,14,327,165,34,483,364,0,824,948,85.0,145.0,107.0,11.0,33.0,47.0,8.0,367.0,415.0,POINT (-79.53578308635252 43.74250664879853)
2021S051635200135,3,3,3,0,1,1,0,8,9,25,25,19,0,3,3,0,34,37,66.0,111.0,82.0,11.0,24.0,46.0,4.0,347.0,383.0,POINT (-79.40346987239765 43.72991573540919)
2021S051635200136,0,0,0,0,0,0,0,2,2,0,0,0,0,0,0,0,3,3,140.0,249.0,177.0,20.0,57.0,72.0,12.0,558.0,641.0,POINT (-79.50408299931529 43.74042105270558)
2021S051635200137,0,1,1,0,0,1,0,0,1,0,3,3,0,0,3,0,0,3,124.0,220.0,172.0,19.0,53.0,66.0,13.0,502.0,588.0,POINT (-79.59360864075806 43.75375742065968)
2021S051635200138,0,0,0,0,1,0,0,1,1,0,0,0,0,3,0,0,3,3,164.0,299.0,217.0,25.0,72.0,86.0,15.0,646.0,754.0,POINT (-79.55176182070537 43.74679460560904)
2021S051635200139,0,1,4,0,2,2,0,9,10,0,9,167,0,10,156,0,312,460,68.0,136.0,85.0,13.0,28.0,50.0,5.0,388.0,408.0,POINT (-79.27069065451317 43.70943795606029)
2021S051635200141,0,1,0,0,0,0,0,2,2,0,3,0,0,0,0,0,5,5,86.0,150.0,106.0,12.0,35.0,46.0,5.0,389.0,432.0,POINT (-79.44236513743179 43.726676806069115)
2021S051635200142,1,9,3,0,2,1,0,22,22,9,362,18,0,10,30,0,674,674,54.0,117.0,72.0,11.0,28.0,43.0,5.0,354.0,371.0,POINT (-79.30779205657042 43.70992783591088)
2021S051635200144,0,0,0,1,1,0,0,3,3,0,0,0,3,15,0,0,20,20,58.0,114.0,73.0,12.0,26.0,44.0,5.0,361.0,379.0,POINT (-79.27492866483041 43.69949987444704)
2021S051635200145,0,1,0,0,0,1,0,13,13,0,322,0,0,0,3,0,388,388,65.0,109.0,81.0,9.0,23.0,35.0,5.0,311.0,341.0,POINT (-79.42211288722463 43.719911048782315)
2021S051635200146,6,14,16,3,6,11,2,49,52,67,109,459,62,34,378,27,870,982,108.0,188.0,146.0,16.0,45.0,58.0,12.0,443.0,513.0,POINT (-79.61044968206714 43.7517965440076)
2021S051635200148,0,0,0,0,0,0,0,2,2,0,0,0,0,0,0,0,5,5,133.0,232.0,166.0,18.0,52.0,69.0,12.0,535.0,613.0,POINT (-79.49133027605559 43.73386704900361)
2021S051635200149,0,0,0,0,0,0,0,2,2,0,0,0,0,0,0,0,4,4,45.0,69.0,55.0,7.0,15.0,37.0,4.0,276.0,298.0,POINT (-79.36660345505896 43.71614658989408)
2021S051635200151,0,0,0,0,0,0,0,2,2,0,0,0,0,0,0,0,4,4,68.0,119.0,81.0,9.0,24.0,39.0,5.0,328.0,357.0,POINT (-79.32242598041022 43.715354835593715)
2021S051635200153,0,1,1,0,0,0,0,5,5,0,3,3,0,0,0,0,12,12,51.0,81.0,62.0,7.0,17.0,39.0,4.0,295.0,321.0,POINT (-79.39969648905655 43.721737930048704)
2021S051635200154,0,2,1,0,0,0,0,3,3,0,6,3,0,0,0,0,12,12,136.0,238.0,170.0,19.0,55.0,69.0,12.0,572.0,651.0,POINT (-79.4931514922204 43.72552018234024)
2021S051635200155,3,6,2,0,0,1,2,19,19,68,489,5,0,0,17,65,840,840,59.0,103.0,73.0,8.0,24.0,36.0,4.0,327.0,351.0,POINT (-79.35325892547763 43.7081729831276)
2021S051635200156,0,0,0,0,0,0,0,0,0,0,0,0,0,0,0,0,0,0,44.0,74.0,53.0,8.0,15.0,39.0,5.0,280.0,294.0,POINT (-79.26015938460029 43.69596053353722)
2021S051635200157,4,6,5,1,0,3,1,22,24,404,392,406,33,0,33,33,1131,1481,118.0,204.0,150.0,16.0,48.0,62.0,11.0,504.0,572.0,POINT (-79.52055675137059 43.72857742391469)
2021S051635200158,2,10,5,0,5,3,0,36,37,22,152,135,0,133,78,0,782,856,84.0,138.0,100.0,11.0,30.0,51.0,8.0,372.0,418.0,POINT (-79.45749909693899 43.71713440369859)
2021S051635200159,1,1,1,0,0,0,0,2,2,28,28,28,0,0,0,0,30,30,115.0,201.0,152.0,16.0,50.0,60.0,11.0,497.0,571.0,POINT (-79.56503695204653 43.73736115616295)
2021S051635200160,0,0,0,0,0,0,0,2,2,0,0,0,0,0,0,0,4,4,64.0,107.0,81.0,10.0,23.0,35.0,5.0,305.0,335.0,POINT (-79.434264624361 43.71627044367727)
2021S051635200161,0,1,1,0,0,0,0,1,1,0,2,2,0,0,0,0,2,2,50.0,83.0,63.0,8.0,17.0,41.0,4.0,296.0,324.0,POINT (-79.36730850744615 43.69553259598519)
2021S051635200162,0,0,0,0,0,0,0,2,2,0,0,0,0,0,0,0,7,7,48.0,77.0,59.0,7.0,16.0,28.0,4.0,249.0,268.0,POINT (-79.3932171214599 43.71413593609172)
2021S051635200163,0,0,0,0,0,0,0,0,0,0,0,0,0,0,0,0,0,0,84.0,145.0,110.0,12.0,33.0,47.0,8.0,367.0,419.0,POINT (-79.58916721364012 43.74466183807522)
2021S051635200164,0,0,0,0,0,1,0,2,2,0,0,0,0,0,3,0,5,5,48.0,73.0,59.0,7.0,15.0,39.0,4.0,285.0,310.0,POINT (-79.41585840890076 43.71168905584852)
2021S051635200165,0,0,0,0,0,0,0,0,0,0,0,0,0,0,0,0,0,0,48.0,79.0,58.0,7.0,15.0,35.0,5.0,265.0,286.0,POINT (-79.32136869918308 43.705221696841896)
2021S051635200166,0,0,1,0,1,0,1,5,5,0,0,2,0,3,0,2,132,132,56.0,94.0,68.0,8.0,19.0,33.0,4.0,281.0,304.0,POINT (-79.33832952206255 43.70402721827883)
2021S051635200168,1,1,0,0,0,0,0,1,1,9,9,0,0,0,0,0,9,9,50.0,103.0,67.0,10.0,22.0,39.0,5.0,333.0,349.0,POINT (-79.29420703406784 43.6989313403006)
2021S051635200169,1,21,16,2,6,5,0,58,63,527,1077,994,183,48,102,0,2208,2949,158.0,285.0,215.0,25.0,69.0,88.0,16.0,660.0,772.0,POINT (-79.6083235021747 43.7338569567304)
2021S051635200171,0,1,0,0,0,1,0,3,3,0,3,0,0,0,3,0,13,13,79.0,137.0,95.0,12.0,29.0,49.0,4.0,391.0,431.0,POINT (-79.39477434633659 43.709635282755976)
2021S051635200172,1,2,1,0,0,0,0,9,9,4,6,2,0,0,0,0,48,48,50.0,82.0,62.0,7.0,18.0,39.0,4.0,295.0,322.0,POINT (-79.37998867413239 43.70018431130301)
2021S051635200173,0,0,0,0,0,0,0,0,0,0,0,0,0,0,0,0,0,0,76.0,124.0,96.0,11.0,28.0,41.0,8.0,331.0,374.0,POINT (-79.5850908499044 43.73411994629624)
2021S051635200174,0,2,1,0,0,0,0,6,6,0,8,2,0,0,0,0,16,16,48.0,76.0,60.0,7.0,15.0,39.0,4.0,263.0,288.0,POINT (-79.403885725579 43.70563004852714)
2021S051635200176,0,2,1,0,0,0,0,2,2,0,19,9,0,0,0,0,19,19,54.0,89.0,65.0,7.0,17.0,32.0,5.0,272.0,294.0,POINT (-79.33812624323454 43.69606906192159)
2021S051635200177,0,0,0,0,0,0,0,0,0,0,0,0,0,0,0,0,0,0,41.0,77.0,54.0,8.0,16.0,39.0,5.0,289.0,304.0,POINT (-79.30996099723379 43.69301970912307)
2021S051635200178,0,0,0,0,0,0,0,0,0,0,0,0,0,0,0,0,0,0,94.0,161.0,117.0,13.0,37.0,48.0,9.0,398.0,455.0,POINT (-79.55074420651023 43.72147845394674)
2021S051635200179,3,4,3,0,0,0,0,6,7,12,17,14,0,0,0,0,21,24,38.0,64.0,48.0,7.0,13.0,28.0,5.0,254.0,265.0,POINT (-79.27738191359555 43.68237001144107)
2021S051635200180,0,0,0,0,0,1,0,3,3,0,0,0,0,0,2,0,7,7,102.0,178.0,126.0,15.0,38.0,53.0,9.0,431.0,488.0,POINT (-79.4809329297138 43.715717312028296)
2021S051635200181,0,0,0,0,0,0,0,0,0,0,0,0,0,0,0,0,0,0,36.0,62.0,44.0,6.0,13.0,25.0,5.0,227.0,237.0,POINT (-79.29947182690847 43.6930862731468)
2021S051635200182,0,0,0,0,0,0,0,5,5,0,0,0,0,0,0,0,6,6,66.0,112.0,82.0,9.0,24.0,47.0,4.0,329.0,365.0,POINT (-79.39283249691043 43.70330731000407)
2021S051635200183,2,3,2,0,0,0,0,13,14,4,19,9,0,0,0,0,306,313,137.0,240.0,175.0,21.0,59.0,75.0,12.0,578.0,661.0,POINT (-79.45186248559618 43.69914973448271)
2021S051635200184,0,0,0,0,0,1,0,3,3,0,0,0,0,0,3,0,5,5,77.0,130.0,94.0,10.0,31.0,40.0,5.0,352.0,390.0,POINT (-79.42843948826253 43.70419891348162)
2021S051635200187,5,8,9,1,3,4,0,28,31,32,152,261,28,95,45,0,444,561,94.0,158.0,119.0,13.0,36.0,48.0,10.0,394.0,451.0,POINT (-79.5818683958588 43.723693657296295)
2021S051635200188,0,1,1,0,0,0,0,1,1,0,2,2,0,0,0,0,2,2,41.0,73.0,53.0,7.0,14.0,30.0,4.0,275.0,288.0,POINT (-79.32170903204461 43.68936752604799)
2021S051635200189,1,1,1,0,1,0,0,6,7,7,7,3,0,3,0,0,34,41,44.0,84.0,56.0,8.0,18.0,34.0,5.0,274.0,288.0,POINT (-79.29337095947659 43.685581199394846)
2021S051635200190,0,1,1,0,0,0,0,1,1,0,3,3,0,0,0,0,3,3,38.0,70.0,50.0,7.0,15.0,34.0,4.0,259.0,274.0,POINT (-79.34191557607025 43.689069752760204)
2021S051635200191,0,0,0,0,0,0,0,0,0,0,0,0,0,0,0,0,0,0,38.0,55.0,48.0,6.0,12.0,25.0,4.0,216.0,231.0,POINT (-79.39633720291889 43.69355541217027)
2021S051635200192,0,3,2,0,4,2,0,15,16,0,43,37,0,84,43,0,249,284,73.0,123.0,92.0,11.0,28.0,39.0,6.0,330.0,367.0,POINT (-79.46092519244067 43.706310784165765)
2021S051635200195,0,0,0,0,0,0,0,1,1,0,0,0,0,0,0,0,2,2,44.0,82.0,55.0,8.0,17.0,32.0,5.0,273.0,286.0,POINT (-79.3053481487605 43.68209255069634)
2021S051635200196,24,48,35,6,10,10,1,115,129,2108,3489,2115,427,136,368,10,3728,5347,113.0,198.0,152.0,17.0,48.0,61.0,12.0,473.0,544.0,POINT (-79.58804934191696 43.70017271181284)
2021S051635200197,1,1,1,0,0,0,0,1,2,2,3,3,0,0,0,0,2,5,116.0,205.0,152.0,16.0,49.0,59.0,11.0,502.0,576.0,POINT (-79.56573022055841 43.723520112770615)
2021S051635200198,0,0,0,0,0,2,0,11,11,0,0,0,0,0,6,0,27,27,59.0,98.0,75.0,8.0,22.0,41.0,5.0,327.0,359.0,POINT (-79.4092881094218 43.69303570380895)
2021S051635200199,2,2,2,0,0,0,1,8,9,13,6,13,0,0,0,10,42,45,108.0,191.0,138.0,16.0,44.0,57.0,10.0,450.0,517.0,POINT (-79.53469516639271 43.721280689129756)
2021S051635200200,0,0,0,0,0,0,0,7,7,0,0,0,0,0,0,0,34,34,43.0,80.0,57.0,8.0,16.0,40.0,4.0,299.0,317.0,POINT (-79.32984184282384 43.68398439022355)
2021S051635200201,4,12,8,5,1,6,0,22,23,61,146,73,39,3,78,0,311,326,77.0,130.0,96.0,11.0,31.0,39.0,8.0,346.0,389.0,POINT (-79.48006920903826 43.70354429673392)
2021S051635200203,0,0,0,0,0,0,0,1,1,0,0,0,0,0,0,0,1,1,81.0,138.0,103.0,11.0,34.0,42.0,8.0,386.0,431.0,POINT (-79.49796199437954 43.711446199667336)
2021S051635200204,0,0,0,0,0,0,0,0,0,0,0,0,0,0,0,0,0,0,38.0,70.0,49.0,7.0,14.0,26.0,4.0,267.0,277.0,POINT (-79.32572365878691 43.67690922176568)
2021S051635200205,0,0,0,0,0,0,0,1,1,0,0,0,0,0,0,0,3,3,56.0,96.0,70.0,8.0,22.0,40.0,4.0,319.0,345.0,POINT (-79.35463845667103 43.68887374304169)
2021S051635200206,0,0,0,0,0,0,0,2,2,0,0,0,0,0,0,0,4,4,36.0,64.0,44.0,7.0,13.0,25.0,4.0,239.0,249.0,POINT (-79.29088524593394 43.67563921564589)
2021S051635200207,0,4,0,0,0,1,0,10,10,0,16,0,0,0,8,0,53,53,46.0,73.0,56.0,7.0,16.0,27.0,4.0,268.0,286.0,POINT (-79.38535457073539 43.687857600218464)
2021S051635200208,0,1,0,0,0,0,0,4,4,0,3,0,0,0,0,0,11,11,83.0,146.0,108.0,11.0,36.0,43.0,5.0,396.0,442.0,POINT (-79.43564897965281 43.689103617261544)
2021S051635200209,0,2,1,0,1,0,0,6,6,0,14,9,0,136,0,0,265,265,70.0,119.0,88.0,11.0,29.0,38.0,6.0,350.0,388.0,POINT (-79.47635199458706 43.693531668570465)
2021S051635200210,1,2,0,0,0,0,0,6,6,2,4,0,0,0,0,0,9,9,43.0,84.0,54.0,8.0,16.0,40.0,4.0,283.0,300.0,POINT (-79.31463945156518 43.675923836596176)
2021S051635200211,0,0,0,0,0,0,0,0,0,0,0,0,0,0,0,0,0,0,38.0,69.0,48.0,7.0,14.0,32.0,4.0,273.0,287.0,POINT (-79.33732022376165 43.675319781930355)
2021S051635200212,0,3,2,0,0,1,0,9,9,0,32,30,0,0,2,0,55,55,80.0,133.0,97.0,11.0,30.0,47.0,5.0,385.0,427.0,POINT (-79.42794714560952 43.69132990825467)
2021S051635200214,2,2,1,0,0,0,0,3,3,6,6,4,0,0,0,0,7,7,95.0,162.0,119.0,13.0,38.0,50.0,9.0,423.0,480.0,POINT (-79.54036654549705 43.69804703437478)
2021S051635200215,0,0,0,0,0,0,0,0,0,0,0,0,0,0,0,0,0,0,35.0,62.0,43.0,7.0,13.0,32.0,4.0,247.0,259.0,POINT (-79.30359764857843 43.672523283604114)
2021S051635200216,0,0,0,0,0,0,0,0,0,0,0,0,0,0,0,0,0,0,77.0,130.0,98.0,11.0,31.0,41.0,8.0,368.0,412.0,POINT (-79.52799725009685 43.70507692001194)
2021S051635200217,0,1,0,0,0,0,0,5,5,0,6,0,0,0,0,0,63,63,36.0,63.0,46.0,7.0,15.0,26.0,4.0,258.0,268.0,POINT (-79.35484214195708 43.679374536451654)
2021S051635200218,0,2,0,0,0,0,0,4,4,0,31,0,0,0,0,0,35,35,35.0,66.0,43.0,7.0,14.0,38.0,4.0,267.0,284.0,POINT (-79.30384202549317 43.66649997383289)
2021S051635200219,0,0,0,0,1,0,0,3,3,0,0,0,0,3,0,0,5,5,99.0,176.0,128.0,15.0,38.0,53.0,10.0,422.0,482.0,POINT (-79.49531897104 43.698713502432135)
2021S051635200220,0,1,0,0,0,0,0,8,8,0,6,0,0,0,0,0,22,22,80.0,135.0,98.0,11.0,30.0,56.0,5.0,402.0,451.0,POINT (-79.40598658314698 43.68191003452715)
2021S051635200221,0,0,0,0,0,0,0,0,0,0,0,0,0,0,0,0,0,0,91.0,152.0,113.0,12.0,34.0,53.0,9.0,396.0,451.0,POINT (-79.45508638753748 43.68868709976204)
2021S051635200222,1,1,1,0,0,0,0,3,3,2,2,2,0,0,0,0,5,5,66.0,115.0,86.0,10.0,25.0,43.0,5.0,323.0,362.0,POINT (-79.44255242271916 43.68669320340355)
2021S051635200223,2,3,2,0,1,1,0,7,7,55,57,55,0,3,14,0,79,79,93.0,157.0,114.0,12.0,34.0,54.0,9.0,402.0,458.0,POINT (-79.51147041234238 43.702470470164506)
2021S051635200224,0,0,0,0,1,0,0,3,3,0,0,0,0,3,0,0,6,6,84.0,147.0,111.0,12.0,36.0,46.0,9.0,403.0,454.0,POINT (-79.55458428158003 43.69977015814087)
2021S051635200226,1,3,0,0,1,0,0,9,9,9,43,0,0,3,0,0,54,54,39.0,60.0,51.0,7.0,14.0,37.0,4.0,260.0,281.0,POINT (-79.37648306196337 43.680045025991895)
2021S051635200228,0,1,0,0,1,0,0,2,2,0,3,0,0,3,0,0,6,6,81.0,138.0,104.0,11.0,31.0,51.0,8.0,390.0,440.0,POINT (-79.52240701102446 43.69228679057834)
2021S051635200229,1,8,4,0,0,0,0,11,12,2,117,31,0,0,0,0,250,253,47.0,96.0,60.0,9.0,18.0,38.0,4.0,329.0,348.0,POINT (-79.33365075008375 43.667931906411184)
2021S051635200230,0,4,2,0,0,0,0,5,6,0,20,5,0,0,0,0,22,25,34.0,62.0,41.0,7.0,12.0,23.0,4.0,223.0,232.0,POINT (-79.32076436519641 43.66668215832896)
2021S051635200232,2,3,3,0,0,1,0,14,14,24,26,26,0,0,5,0,66,66,46.0,74.0,59.0,7.0,16.0,25.0,4.0,245.0,265.0,POINT (-79.39265843703178 43.67485088842503)
2021S051635200233,1,3,1,0,0,1,0,6,7,35,18,3,0,0,3,0,62,65,44.0,90.0,56.0,9.0,23.0,47.0,4.0,331.0,357.0,POINT (-79.39719877157138 43.62680796787881)
2021S051635200234,0,1,1,0,0,1,0,7,7,0,2,2,0,0,3,0,19,19,37.0,65.0,48.0,7.0,15.0,25.0,4.0,263.0,274.0,POINT (-79.35217022040634 43.67198676903329)
2021S051635200236,1,1,1,0,2,0,0,6,6,3,3,3,0,6,0,0,23,23,103.0,185.0,132.0,15.0,44.0,59.0,10.0,475.0,541.0,POINT (-79.47302888255996 43.68637400993037)
2021S051635200237,0,0,0,0,0,0,0,1,1,0,0,0,0,0,0,0,464,464,121.0,218.0,159.0,16.0,48.0,61.0,11.0,497.0,574.0,POINT (-79.49826462280998 43.68801830204219)
2021S051635200238,2,2,0,0,0,0,0,4,4,6,6,0,0,0,0,0,11,11,37.0,64.0,46.0,7.0,16.0,33.0,4.0,279.0,293.0,POINT (-79.3633921348249 43.667866134724314)
2021S051635200241,0,1,1,0,0,0,0,2,2,0,2,2,0,0,0,0,3,3,39.0,60.0,51.0,7.0,14.0,24.0,4.0,241.0,256.0,POINT (-79.40081537235791 43.67225073304435)
2021S051635200242,0,2,1,0,2,2,0,12,12,0,9,3,0,6,10,0,37,37,77.0,136.0,99.0,11.0,29.0,46.0,5.0,389.0,433.0,POINT (-79.42801816051202 43.67726811862567)
2021S051635200243,0,0,0,0,0,0,0,1,1,0,0,0,0,0,0,0,20,20,52.0,85.0,67.0,8.0,19.0,30.0,5.0,267.0,292.0,POINT (-79.45127361050423 43.68006042834301)
2021S051635200244,3,9,4,0,0,0,0,22,22,10,41,15,0,0,0,0,130,130,58.0,130.0,77.0,12.0,31.0,47.0,4.0,433.0,457.0,POINT (-79.34240038510299 43.649564814496664)
2021S051635200245,0,0,0,0,0,0,0,0,0,0,0,0,0,0,0,0,0,0,56.0,90.0,72.0,8.0,21.0,34.0,6.0,298.0,327.0,POINT (-79.53812320334018 43.68618236248986)
2021S051635200246,0,0,0,0,0,0,0,0,0,0,0,0,0,0,0,0,0,0,47.0,96.0,62.0,9.0,24.0,39.0,4.0,325.0,342.0,POINT (-79.37245651749416 43.66966554362758)
2021S051635200247,0,0,0,0,0,0,0,0,0,0,0,0,0,0,0,0,0,0,41.0,70.0,52.0,7.0,16.0,24.0,4.0,266.0,281.0,POINT (-79.37713375523202 43.66934789420328)
2021S051635200248,0,0,0,0,0,0,0,5,5,0,0,0,0,0,0,0,10,10,52.0,85.0,67.0,8.0,18.0,37.0,4.0,297.0,325.0,POINT (-79.41280521960203 43.6693918388205)
2021S051635200249,0,1,0,0,0,1,0,1,1,0,4,0,0,0,4,0,4,4,52.0,94.0,65.0,10.0,20.0,36.0,4.0,303.0,327.0,POINT (-79.38287275183446 43.6690034507954)
2021S051635200250,0,0,0,0,1,1,0,4,4,0,0,0,0,3,4,0,21,21,51.0,79.0,63.0,8.0,16.0,29.0,6.0,256.0,280.0,POINT (-79.4639800097136 43.67745748847997)
2021S051635200252,1,4,3,0,0,1,0,26,26,27,52,25,0,0,3,0,452,452,90.0,148.0,109.0,11.0,33.0,42.0,9.0,400.0,449.0,POINT (-79.47089100308717 43.66890745595303)
2021S051635200253,0,1,0,0,1,0,0,6,6,0,2,0,0,3,0,0,23,23,54.0,88.0,68.0,8.0,17.0,28.0,5.0,268.0,293.0,POINT (-79.42558595697979 43.66667384077101)
2021S051635200255,2,7,6,1,3,5,0,28,31,5,160,74,3,21,209,0,410,435,143.0,260.0,179.0,21.0,57.0,68.0,8.0,599.0,684.0,POINT (-79.44048059504047 43.667434029334316)
2021S051635200256,1,0,0,0,1,0,0,4,4,3,0,0,0,7,0,0,14,14,79.0,130.0,99.0,11.0,30.0,41.0,8.0,366.0,410.0,POINT (-79.56072287572502 43.68402411745421)
2021S051635200257,1,2,2,0,0,1,0,6,6,258,263,263,0,0,3,0,272,272,39.0,75.0,51.0,8.0,19.0,32.0,4.0,301.0,316.0,POINT (-79.3606324831265 43.660010249431714)
2021S051635200258,0,1,0,0,0,0,0,3,3,0,28,0,0,0,0,0,139,139,91.0,155.0,114.0,12.0,35.0,47.0,9.0,390.0,442.0,POINT (-79.50287712689799 43.67307621837114)
2021S051635200259,0,0,1,0,0,1,0,1,2,0,0,3,0,0,3,0,1,4,70.0,115.0,87.0,10.0,25.0,46.0,7.0,320.0,363.0,POINT (-79.51741640981288 43.672458336988576)
2021S051635200260,0,1,0,0,2,1,0,6,6,0,21,0,0,10,8,0,63,63,99.0,178.0,128.0,15.0,42.0,51.0,9.0,456.0,516.0,POINT (-79.48550848569057 43.677803887702744)
2021S051635200261,0,0,0,0,0,0,0,0,0,0,0,0,0,0,0,0,0,0,79.0,134.0,102.0,11.0,30.0,42.0,8.0,347.0,393.0,POINT (-79.5705615807076 43.68340674217176)
2021S051635200262,0,1,0,0,0,1,0,3,3,0,3,0,0,0,3,0,7,7,39.0,72.0,51.0,8.0,20.0,33.0,4.0,294.0,309.0,POINT (-79.37069149129299 43.65930273456521)
2021S051635200263,0,0,0,0,1,0,0,3,3,0,0,0,0,3,0,0,11,11,50.0,80.0,64.0,8.0,18.0,28.0,4.0,255.0,279.0,POINT (-79.45776871193016 43.67117428336837)
2021S051635200264,2,2,0,0,0,0,0,5,5,5,8,0,0,0,0,0,15,15,41.0,62.0,52.0,7.0,14.0,26.0,4.0,248.0,264.0,POINT (-79.40145803178069 43.66260464486123)
2021S051635200265,1,7,2,1,1,21,0,42,42,15,53,8,3,68,126,0,405,405,41.0,81.0,54.0,9.0,23.0,40.0,4.0,314.0,336.0,POINT (-79.37660563568734 43.65388843880092)
2021S051635200267,0,2,0,0,1,2,0,8,8,0,9,0,0,126,35,0,184,184,38.0,68.0,47.0,7.0,16.0,34.0,4.0,283.0,302.0,POINT (-79.36448622617681 43.65388219643256)
2021S051635200268,0,1,0,0,0,0,0,2,2,0,2,0,0,0,0,0,3,3,53.0,81.0,66.0,8.0,18.0,31.0,6.0,260.0,285.0,POINT (-79.5264122899334 43.666425854129756)
2021S051635200269,14,32,12,2,0,21,3,90,93,122,253,68,6,0,889,7,884,1472,46.0,77.0,55.0,7.0,19.0,34.0,4.0,275.0,296.0,POINT (-79.38351969688051 43.65274937423829)
2021S051635200270,0,1,0,0,0,1,0,6,6,0,3,0,0,0,14,0,32,32,68.0,117.0,86.0,10.0,27.0,41.0,5.0,352.0,390.0,POINT (-79.41882822294565 43.65943351148719)
2021S051635200272,0,3,2,0,0,1,0,8,9,0,18,5,0,0,3,0,30,33,66.0,113.0,85.0,10.0,24.0,45.0,6.0,337.0,379.0,POINT (-79.48362177502551 43.65807108863183)
2021S051635200273,0,8,3,1,0,5,0,17,17,0,25,9,3,0,16,0,71,71,44.0,73.0,54.0,7.0,18.0,32.0,4.0,281.0,300.0,POINT (-79.3934021915448 43.654227785934324)
2021S051635200274,0,4,2,0,2,2,0,13,14,0,17,12,0,6,5,0,80,83,54.0,88.0,69.0,8.0,17.0,28.0,5.0,267.0,293.0,POINT (-79.45119670657611 43.66224801258263)
2021S051635200275,1,2,2,0,1,0,0,6,6,2,5,6,0,3,0,0,11,11,71.0,117.0,89.0,10.0,28.0,47.0,7.0,350.0,393.0,POINT (-79.54624643051156 43.66640042912325)
2021S051635200278,1,2,2,0,0,0,0,10,10,9,12,6,0,0,0,0,43,43,42.0,70.0,51.0,7.0,16.0,22.0,4.0,243.0,258.0,POINT (-79.40206374080171 43.65269749469021)
2021S051635200282,0,2,1,0,0,1,0,7,7,0,33,5,0,0,4,0,43,43,50.0,83.0,62.0,9.0,17.0,28.0,5.0,267.0,289.0,POINT (-79.40989150620055 43.65134427890504)
2021S051635200284,1,4,2,0,1,0,0,9,9,2,61,4,0,3,0,0,95,95,63.0,106.0,77.0,9.0,24.0,32.0,5.0,320.0,353.0,POINT (-79.43703535745357 43.65590135581287)
2021S051635200285,0,4,1,0,1,1,0,7,8,0,68,3,0,15,3,0,99,102,49.0,87.0,62.0,8.0,21.0,37.0,5.0,288.0,314.0,POINT (-79.41875190768255 43.64920725323759)
2021S051635200286,0,0,0,0,0,0,0,0,0,0,0,0,0,0,0,0,0,0,78.0,134.0,99.0,11.0,28.0,44.0,5.0,378.0,423.0,POINT (-79.45801259903362 43.658225184286586)
2021S051635200288,0,0,0,0,0,0,0,3,3,0,0,0,0,0,0,0,10,10,65.0,111.0,80.0,9.0,25.0,45.0,5.0,338.0,379.0,POINT (-79.47169352382095 43.65657352083682)
2021S051635200289,1,4,0,0,2,1,0,9,9,20,38,0,0,6,11,0,255,255,79.0,130.0,99.0,11.0,28.0,41.0,7.0,363.0,407.0,POINT (-79.58846851074864 43.658091535981555)
2021S051635200290,0,0,0,0,1,0,0,3,3,0,0,0,0,3,0,0,7,7,81.0,138.0,104.0,11.0,30.0,43.0,8.0,357.0,404.0,POINT (-79.56476889129209 43.66210042705215)
2021S051635200291,0,3,2,0,0,0,0,9,9,0,7,4,0,0,0,0,136,136,47.0,99.0,59.0,10.0,24.0,44.0,4.0,348.0,372.0,POINT (-79.37550082381256 43.643926511896815)
2021S051635200292,0,0,0,0,0,0,0,2,2,0,0,0,0,0,0,0,9,9,51.0,77.0,62.0,7.0,16.0,35.0,4.0,283.0,310.0,POINT (-79.45974121602461 43.645938604216084)
2021S051635200293,0,1,0,0,1,1,0,6,6,0,3,0,0,3,3,0,16,16,80.0,154.0,97.0,13.0,37.0,56.0,6.0,442.0,489.0,POINT (-79.41626342260565 43.64033424067146)
2021S051635200295,0,0,0,0,0,0,0,1,1,0,0,0,0,0,0,0,2,2,46.0,68.0,57.0,7.0,15.0,28.0,5.0,254.0,275.0,POINT (-79.49350145004993 43.656134554949844)
2021S051635200296,1,4,1,0,0,0,0,11,11,3,20,5,0,0,0,0,37,37,57.0,94.0,66.0,9.0,21.0,41.0,5.0,317.0,346.0,POINT (-79.40759187269151 43.64375323360079)
2021S051635200297,0,1,0,0,0,2,0,2,2,0,17,0,0,0,49,0,49,49,69.0,118.0,87.0,9.0,26.0,44.0,5.0,350.0,390.0,POINT (-79.48174256265789 43.64413604862001)
2021S051635200299,0,0,0,0,3,1,0,5,5,0,0,0,0,13,3,0,19,19,44.0,73.0,56.0,7.0,15.0,25.0,5.0,250.0,268.0,POINT (-79.43588954563702 43.64306410137933)
2021S051635200300,0,1,0,0,1,0,0,5,5,0,28,0,0,3,0,0,44,44,61.0,95.0,76.0,8.0,21.0,41.0,6.0,315.0,350.0,POINT (-79.5124623644821 43.65458354676487)
2021S051635200301,1,3,2,0,0,0,0,11,11,2,7,4,0,0,0,0,58,58,52.0,85.0,66.0,8.0,18.0,37.0,5.0,294.0,323.0,POINT (-79.4460387845363 43.64717000926336)
2021S051635200302,0,1,1,0,0,0,0,2,2,0,2,2,0,0,0,0,3,3,56.0,111.0,66.0,11.0,26.0,43.0,4.0,355.0,383.0,POINT (-79.39644282725162 43.63869017172161)
2021S051635200303,0,0,0,0,0,0,0,1,1,0,0,0,0,0,0,0,1,1,70.0,129.0,83.0,11.0,29.0,46.0,5.0,375.0,413.0,POINT (-79.4138429601445 43.63408521157384)
2021S051635200304,0,0,1,0,1,0,0,2,3,0,0,15,0,286,0,0,288,303,63.0,104.0,80.0,10.0,23.0,37.0,6.0,320.0,354.0,POINT (-79.55282896914629 43.65272777430021)
2021S051635200306,0,0,0,0,0,0,0,0,0,0,0,0,0,0,0,0,0,0,45.0,75.0,54.0,7.0,17.0,26.0,5.0,271.0,290.0,POINT (-79.43190789977727 43.63978170672317)
2021S051635200307,2,5,0,0,0,1,0,8,8,42,82,0,0,0,7,0,383,383,49.0,82.0,58.0,8.0,18.0,28.0,5.0,264.0,285.0,POINT (-79.42695795323554 43.63665018987653)
2021S051635200308,1,2,1,0,1,1,0,5,5,2,4,3,0,3,2,0,11,11,82.0,139.0,105.0,11.0,30.0,49.0,8.0,386.0,438.0,POINT (-79.49197185616198 43.6388808937802)
2021S051635200309,0,1,0,0,0,0,0,6,6,0,3,0,0,0,0,0,16,16,57.0,92.0,73.0,8.0,19.0,34.0,6.0,274.0,303.0,POINT (-79.5400621492876 43.647180507585645)
2021S051635200310,0,0,0,0,0,0,0,2,2,0,0,0,0,0,0,0,2,2,58.0,101.0,72.0,10.0,22.0,39.0,5.0,307.0,337.0,POINT (-79.43425398140029 43.63335017596495)
2021S051635200311,1,5,3,1,0,1,0,12,12,20,116,27,3,0,3,0,267,267,91.0,149.0,111.0,12.0,33.0,58.0,9.0,408.0,466.0,POINT (-79.51090729208556 43.63482027875993)
2021S051635200313,0,0,0,0,0,0,0,1,1,0,0,0,0,0,0,0,2,2,93.0,154.0,117.0,12.0,34.0,54.0,9.0,389.0,448.0,POINT (-79.5287374724439 43.64468573584521)
2021S051635200314,0,1,2,0,2,1,0,2,3,0,3,6,0,10,3,0,10,13,110.0,186.0,138.0,15.0,40.0,53.0,11.0,460.0,527.0,POINT (-79.56982275550543 43.64539401802355)
2021S051635200316,0,2,2,0,0,1,0,3,4,0,8,8,0,0,3,0,9,12,84.0,137.0,103.0,11.0,29.0,42.0,8.0,352.0,398.0,POINT (-79.54984648476749 43.639943440677094)
2021S051635200318,6,10,5,1,3,3,1,39,39,112,416,83,60,21,78,10,1067,1067,64.0,110.0,80.0,11.0,25.0,37.0,5.0,330.0,362.0,POINT (-79.51715377542104 43.614016154152566)
2021S051635200320,0,2,1,0,0,0,0,3,3,0,5,2,0,0,0,0,8,8,79.0,129.0,98.0,11.0,28.0,47.0,10.0,380.0,423.0,POINT (-79.57201396504519 43.63422699069719)
2021S051635200321,0,1,1,0,0,0,0,7,7,0,45,45,0,0,0,0,62,62,92.0,171.0,109.0,14.0,39.0,53.0,6.0,455.0,505.0,POINT (-79.49545612038513 43.613257935917645)
2021S051635200323,4,6,6,0,2,1,0,14,14,81,93,93,0,6,6,0,119,119,80.0,137.0,94.0,11.0,32.0,37.0,6.0,382.0,422.0,POINT (-79.5110957801182 43.60055581717369)
2021S051635200324,3,11,5,1,3,4,0,27,28,39,150,16,3,163,44,0,457,460,82.0,136.0,99.0,11.0,29.0,44.0,10.0,389.0,431.0,POINT (-79.53628672821283 43.60547236870228)
2021S051635200325,0,1,0,1,0,0,0,2,2,0,130,0,130,0,0,0,131,131,73.0,112.0,86.0,10.0,23.0,46.0,9.0,331.0,369.0,POINT (-79.55140165305215 43.60237842964827)
2021S051635200326,0,1,0,0,0,0,0,6,6,0,6,0,0,0,0,0,37,37,86.0,146.0,104.0,11.0,31.0,52.0,6.0,409.0,457.0,POINT (-79.53615922528499 43.590896209594796)
2021S051635200327,0,4,2,0,5,0,0,27,27,0,73,24,0,37,0,0,348,348,97.0,220.0,129.0,20.0,48.0,69.0,4.0,558.0,590.0,POINT (-79.2795527546482 43.788486029013114)
2021S051635200328,1,2,0,0,0,0,0,4,4,2,4,0,0,0,0,0,16,16,90.0,161.0,112.0,14.0,34.0,46.0,4.0,416.0,464.0,POINT (-79.42985878528839 43.78047824585097)
2021S051635200329,1,2,0,0,0,0,0,3,3,5,11,0,0,0,0,0,14,14,62.0,109.0,79.0,10.0,23.0,37.0,4.0,329.0,360.0,POINT (-79.41847593397931 43.77233113822109)
2021S051635200330,0,0,0,0,0,0,0,2,2,0,0,0,0,0,0,0,7,7,88.0,158.0,106.0,13.0,33.0,47.0,5.0,392.0,435.0,POINT (-79.37357560820169 43.76723272811596)
2021S051635200331,0,4,2,0,1,1,0,8,8,0,8,4,0,3,2,0,27,27,73.0,130.0,90.0,10.0,29.0,53.0,4.0,383.0,423.0,POINT (-79.40388334243875 43.76091371473296)
2021S051635200332,2,1,1,0,0,0,0,8,8,5,2,2,0,0,0,0,18,18,50.0,89.0,65.0,10.0,23.0,44.0,4.0,328.0,357.0,POINT (-79.38892978325353 43.665042504351554)
2021S051635200333,0,5,2,1,0,3,0,9,9,0,93,21,12,0,32,0,111,111,47.0,95.0,59.0,9.0,23.0,38.0,4.0,340.0,359.0,POINT (-79.35987278338175 43.64946134725724)
2021S051635200334,4,12,2,0,0,2,0,29,29,65,125,7,0,0,7,0,289,289,61.0,119.0,73.0,13.0,28.0,54.0,4.0,386.0,425.0,POINT (-79.39515439162392 43.64574598110016)
2021S051635200335,0,2,0,0,0,0,0,8,8,0,6,0,0,0,0,0,42,42,72.0,143.0,94.0,13.0,35.0,52.0,5.0,418.0,461.0,POINT (-79.43303070151703 43.648176082303486)
2021S051635200336,0,1,0,1,1,0,0,6,6,0,3,0,3,7,0,0,28,28,136.0,286.0,179.0,25.0,71.0,83.0,10.0,692.0,780.0,POINT (-79.4758503049209 43.621029296749015)
2021S051635202000,0,1,1,0,0,1,0,6,6,0,21,21,0,0,3,0,138,138,46.0,77.0,56.0,7.0,18.0,32.0,4.0,290.0,309.0,POINT (-79.38067368144085 43.663745089360944)
2021S051635202001,0,1,1,0,0,0,0,5,5,0,9,9,0,0,0,0,19,19,50.0,80.0,62.0,7.0,16.0,29.0,4.0,259.0,280.0,POINT (-79.39179242533494 43.69788858224287)
2021S051635202003,9,27,22,4,12,7,1,93,98,103,313,212,54,180,45,2,2341,2372,119.0,196.0,147.0,15.0,40.0,66.0,12.0,465.0,540.0,POINT (-79.53714464643716 43.624211060188514)
2021S051635202004,0,0,0,0,0,0,0,1,1,0,0,0,0,0,0,0,2,2,59.0,102.0,73.0,8.0,22.0,36.0,5.0,320.0,345.0,POINT (-79.33890588381514 43.75456121255275)
2021S051635210001,1,7,2,0,2,2,0,25,25,3,42,5,0,6,5,0,121,121,133.0,193.0,184.0,21.0,50.0,70.0,31.0,480.0,584.0,POINT (-79.86705343427417 43.92832584293052)
2021S051635210002,0,1,1,1,0,2,0,10,10,0,3,3,3,0,34,0,72,72,91.0,143.0,118.0,13.0,32.0,48.0,10.0,368.0,426.0,POINT (-79.77626336985676 43.86801888726764)
2021S051635210003,1,7,4,0,1,3,0,22,22,3,36,31,0,3,19,0,127,127,83.0,123.0,119.0,14.0,32.0,47.0,19.0,339.0,402.0,POINT (-79.94365134837743 43.874147661255535)
2021S051635210004,1,0,1,0,1,1,0,5,5,6,0,3,0,7,3,0,22,22,124.0,187.0,160.0,12.0,42.0,53.0,14.0,402.0,491.0,POINT (-79.73405748571662 43.89352288226007)
2021S051635210005,2,3,4,0,1,1,0,13,14,6,6,111,0,14,74,0,86,160,147.0,235.0,189.0,20.0,47.0,63.0,15.0,494.0,601.0,POINT (-79.7168239235523 43.86988955504193)
2021S051635210006,4,25,25,4,11,13,2,65,71,70,356,570,82,336,307,4,1497,1686,95.0,150.0,119.0,14.0,31.0,47.0,9.0,374.0,436.0,POINT (-79.72676706330593 43.86283789371444)
2021S051635210007,1,4,5,1,1,2,0,13,14,2,32,25,3,3,18,0,54,69,59.0,109.0,107.0,12.0,22.0,55.0,7.0,277.0,321.0,POINT (-80.02794291404729 43.83142765935443)
2021S051635210011,0,2,1,0,1,0,0,5,5,0,15,2,0,3,0,0,21,21,151.0,259.0,201.0,21.0,59.0,78.0,16.0,573.0,677.0,POINT (-79.65796359028523 43.77246656680174)
2021S051635210012,0,1,1,0,1,2,0,7,7,0,3,7,0,3,6,0,25,25,199.0,335.0,272.0,27.0,72.0,102.0,21.0,664.0,810.0,POINT (-79.72986217191857 43.77779573541711)
2021S051635210014,0,0,0,0,0,0,0,0,0,0,0,0,0,0,0,0,0,0,100.0,165.0,134.0,17.0,36.0,55.0,14.0,393.0,458.0,POINT (-79.75661322035006 43.77985676685114)
2021S051635210019,0,0,0,0,0,0,0,1,1,0,0,0,0,0,0,0,3,3,114.0,183.0,153.0,19.0,40.0,58.0,16.0,428.0,502.0,POINT (-79.75589534181643 43.76569481437476)
2021S051635210020,0,0,0,0,0,0,0,2,2,0,0,0,0,0,0,0,6,6,102.0,174.0,142.0,18.0,41.0,63.0,14.0,445.0,516.0,POINT (-79.73588516808853 43.76205839084039)
2021S051635210021,0,2,1,0,0,1,0,5,5,0,4,2,0,0,2,0,9,9,125.0,210.0,171.0,20.0,46.0,67.0,17.0,477.0,557.0,POINT (-79.74484341204442 43.757028630841276)
2021S051635210022,0,1,0,0,0,0,0,3,3,0,2,0,0,0,0,0,5,5,107.0,175.0,146.0,18.0,37.0,56.0,14.0,417.0,485.0,POINT (-79.7471903108477 43.750634020922305)
2021S051635210023,1,1,0,0,1,0,0,5,5,2,2,0,0,3,0,0,10,10,101.0,167.0,134.0,16.0,38.0,55.0,13.0,402.0,464.0,POINT (-79.73276818377299 43.74365881074388)
2021S051635210025,0,1,0,0,0,1,0,2,2,0,2,0,0,0,2,0,5,5,106.0,182.0,150.0,18.0,41.0,59.0,15.0,450.0,521.0,POINT (-79.77173357347776 43.751628192131385)
2021S051635210026,0,2,1,0,0,1,0,4,4,0,5,3,0,0,2,0,12,12,144.0,257.0,197.0,22.0,61.0,74.0,15.0,566.0,663.0,POINT (-79.63597188365615 43.72887781870797)
2021S051635210027,0,0,0,0,2,0,0,3,3,0,0,0,0,6,0,0,7,7,109.0,177.0,147.0,18.0,38.0,58.0,14.0,452.0,521.0,POINT (-79.75210760322894 43.74575344480139)
2021S051635210028,0,1,0,0,3,0,0,4,4,0,3,0,0,9,0,0,12,12,159.0,260.0,207.0,21.0,59.0,76.0,16.0,566.0,669.0,POINT (-79.71862269725746 43.73383642211474)
2021S051635210029,0,0,0,0,0,0,0,2,2,0,0,0,0,0,0,0,2,2,104.0,174.0,146.0,17.0,37.0,57.0,14.0,417.0,484.0,POINT (-79.76067036878804 43.74291825011309)
2021S051635210030,0,0,1,0,1,0,1,4,4,0,0,2,0,3,0,2,8,8,133.0,235.0,181.0,21.0,55.0,69.0,14.0,526.0,614.0,POINT (-79.65194336325668 43.7188178985451)
2021S051635210031,1,1,0,0,1,0,1,6,6,3,3,0,0,3,0,3,15,15,135.0,227.0,184.0,23.0,50.0,71.0,17.0,528.0,615.0,POINT (-79.74186088785177 43.73490575938631)
2021S051635210032,0,0,0,0,0,0,0,0,0,0,0,0,0,0,0,0,0,0,85.0,146.0,113.0,12.0,35.0,46.0,10.0,392.0,443.0,POINT (-79.63329838335602 43.72041291610629)
2021S051635210034,0,0,0,0,0,0,0,0,0,0,0,0,0,0,0,0,0,0,98.0,153.0,124.0,14.0,33.0,49.0,11.0,368.0,426.0,POINT (-79.71079901798218 43.72710160479687)
2021S051635210035,0,0,0,0,1,0,0,1,1,0,0,0,0,3,0,0,3,3,137.0,234.0,188.0,23.0,54.0,74.0,17.0,542.0,631.0,POINT (-79.72981902478885 43.72474833239617)
2021S051635210036,1,2,1,0,0,1,0,6,6,1,8,2,0,0,7,0,34,34,100.0,172.0,132.0,16.0,39.0,53.0,11.0,411.0,473.0,POINT (-79.64252131993868 43.71017449158137)
2021S051635210037,4,12,16,5,5,10,4,41,42,74,426,228,38,34,78,121,1312,1346,126.0,213.0,166.0,18.0,51.0,66.0,13.0,513.0,594.0,POINT (-79.688116014976 43.711617411213794)
2021S051635210038,0,0,0,0,0,0,0,2,2,0,0,0,0,0,0,0,4,4,80.0,126.0,105.0,11.0,24.0,42.0,11.0,340.0,386.0,POINT (-79.81558621137992 43.73463702495295)
2021S051635210039,0,0,1,0,3,0,0,3,3,0,0,3,0,9,0,0,9,9,101.0,169.0,142.0,17.0,37.0,56.0,14.0,428.0,492.0,POINT (-79.75324271046102 43.72576061853174)
2021S051635210040,5,6,3,0,0,1,0,6,7,17,19,8,0,0,2,0,18,21,164.0,275.0,233.0,24.0,54.0,86.0,22.0,614.0,725.0,POINT (-79.78977816486812 43.73423108220246)
2021S051635210041,0,0,0,0,0,0,0,0,0,0,0,0,0,0,0,0,0,0,93.0,146.0,121.0,15.0,33.0,49.0,12.0,387.0,441.0,POINT (-79.71969613900717 43.717584790634646)
2021S051635210042,0,1,0,0,0,0,0,2,2,0,3,0,0,0,0,0,4,4,95.0,152.0,124.0,15.0,33.0,50.0,12.0,376.0,432.0,POINT (-79.7395429910321 43.715445199132645)
2021S051635210043,6,19,20,4,7,13,0,45,51,259,496,460,83,123,223,0,1121,1351,160.0,269.0,211.0,23.0,66.0,79.0,16.0,605.0,710.0,POINT (-79.69776219291639 43.70135720197407)
2021S051635210044,1,2,1,0,1,0,0,3,3,2,5,2,0,3,0,0,8,8,133.0,227.0,187.0,22.0,47.0,70.0,18.0,530.0,617.0,POINT (-79.76329721438677 43.71673926898807)
2021S051635210046,0,0,0,0,2,0,0,2,2,0,0,0,0,6,0,0,6,6,93.0,147.0,124.0,13.0,30.0,48.0,13.0,380.0,437.0,POINT (-79.78717352397004 43.718967593317885)
2021S051635210047,0,1,1,0,0,0,0,2,2,0,5,5,0,0,0,0,90,90,111.0,182.0,150.0,17.0,33.0,57.0,15.0,413.0,482.0,POINT (-79.81172129736353 43.71865554454739)
2021S051635210048,1,1,2,0,2,0,1,7,7,3,2,5,0,10,0,3,95,95,91.0,143.0,119.0,15.0,32.0,48.0,12.0,380.0,433.0,POINT (-79.72956158216537 43.708217483897435)
2021S051635210049,7,11,12,2,6,6,2,29,32,253,636,815,124,67,598,102,537,989,126.0,204.0,168.0,18.0,39.0,62.0,17.0,450.0,528.0,POINT (-79.79876765714997 43.706890031660656)
2021S051635210050,0,0,0,0,0,0,0,0,0,0,0,0,0,0,0,0,0,0,91.0,146.0,122.0,15.0,30.0,49.0,13.0,367.0,421.0,POINT (-79.75879889964264 43.709161216467535)
2021S051635210051,18,44,37,6,12,23,1,123,135,1081,1797,1734,73,289,1017,139,3137,4247,149.0,256.0,203.0,26.0,64.0,77.0,18.0,612.0,709.0,POINT (-79.71354262196917 43.685288578955785)
2021S051635210052,0,1,2,0,0,1,0,3,3,0,2,5,0,0,3,0,6,6,159.0,270.0,224.0,26.0,57.0,85.0,22.0,615.0,723.0,POINT (-79.75220432772785 43.70086808863351)
2021S051635210053,0,1,1,0,1,0,0,2,2,0,2,2,0,3,0,0,5,5,106.0,170.0,140.0,15.0,34.0,53.0,14.0,400.0,464.0,POINT (-79.77638425819974 43.707401305123206)
2021S051635210055,0,0,0,0,0,0,0,1,1,0,0,0,0,0,0,0,1,1,97.0,155.0,128.0,13.0,30.0,49.0,13.0,388.0,447.0,POINT (-79.76821789946992 43.700343596290715)
2021S051635210057,1,2,3,1,0,1,0,5,5,2,14,16,6,0,6,0,20,20,150.0,234.0,194.0,18.0,45.0,81.0,26.0,556.0,639.0,POINT (-79.82417004445327 43.706052604220964)
2021S051635210058,1,2,1,0,0,0,0,2,3,3,6,3,0,0,0,0,4,7,104.0,165.0,136.0,14.0,32.0,52.0,14.0,385.0,447.0,POINT (-79.781733243041 43.69765002320505)
2021S051635210059,0,0,0,0,0,0,0,0,0,0,0,0,0,0,0,0,0,0,130.0,211.0,171.0,18.0,41.0,64.0,17.0,499.0,580.0,POINT (-79.80972670791601 43.69674187912493)
2021S051635210060,0,1,0,0,0,1,0,5,5,0,3,0,0,0,2,0,20,20,133.0,225.0,182.0,22.0,51.0,69.0,17.0,531.0,616.0,POINT (-79.75849493345363 43.68665149529599)
2021S051635210061,43,85,64,10,30,26,0,197,216,1340,2572,1920,196,479,690,0,4505,5509,87.0,138.0,106.0,11.0,31.0,44.0,9.0,393.0,441.0,POINT (-79.62848865460448 43.64065240291171)
2021S051635210062,0,1,1,0,1,1,0,2,3,0,2,3,0,7,3,0,9,12,136.0,212.0,175.0,16.0,40.0,74.0,22.0,510.0,585.0,POINT (-79.83391352817392 43.69736261652654)
2021S051635210063,1,2,1,0,0,0,0,1,2,2,5,3,0,0,0,0,2,5,103.0,164.0,136.0,14.0,29.0,53.0,14.0,376.0,439.0,POINT (-79.79676843651103 43.68823916733397)
2021S051635210064,1,2,3,1,1,1,0,5,5,2,62,65,60,3,60,0,70,70,98.0,157.0,130.0,14.0,31.0,50.0,14.0,394.0,453.0,POINT (-79.77631823761133 43.68473006503069)
2021S051635210067,0,2,2,0,0,1,0,8,8,0,5,144,0,0,142,0,157,157,80.0,121.0,99.0,10.0,24.0,40.0,11.0,330.0,374.0,POINT (-79.7912878189207 43.68135882198665)
2021S051635210068,2,2,0,0,0,0,0,3,3,8,8,0,0,0,0,0,9,9,87.0,138.0,113.0,13.0,30.0,45.0,12.0,381.0,431.0,POINT (-79.75741759095652 43.67316649782535)
2021S051635210069,2,2,2,1,0,1,0,6,6,4,14,14,12,0,12,0,23,23,113.0,193.0,153.0,20.0,46.0,62.0,14.0,487.0,556.0,POINT (-79.71856450919137 43.66184663160564)
2021S051635210070,0,0,0,0,0,0,0,1,1,0,0,0,0,0,0,0,2,2,76.0,113.0,92.0,10.0,21.0,38.0,10.0,309.0,349.0,POINT (-79.78084804618831 43.67455406540655)
2021S051635210071,0,1,1,1,1,1,0,2,2,0,3,3,3,3,3,0,6,6,115.0,186.0,151.0,17.0,40.0,57.0,15.0,468.0,536.0,POINT (-79.74346201447572 43.665033157464755)
2021S051635210072,0,3,2,2,0,2,0,4,4,0,15,9,9,0,9,0,17,17,184.0,302.0,247.0,26.0,60.0,92.0,25.0,679.0,794.0,POINT (-79.76498337823246 43.6631764464612)
2021S051635210073,1,1,1,0,0,1,0,3,3,3,3,3,0,0,8,0,12,12,79.0,130.0,99.0,11.0,30.0,40.0,10.0,388.0,429.0,POINT (-79.59575366399804 43.634721393312546)
2021S051635210074,0,2,2,0,0,0,0,2,2,0,11,11,0,0,0,0,11,11,87.0,138.0,113.0,12.0,30.0,44.0,11.0,373.0,423.0,POINT (-79.72505121403452 43.651664042961215)
2021S051635210075,0,0,0,0,2,0,0,2,2,0,0,0,0,9,0,0,9,9,102.0,160.0,131.0,14.0,34.0,51.0,14.0,403.0,463.0,POINT (-79.75216501505938 43.65341980388776)
2021S051635210076,0,0,0,0,1,0,0,2,2,0,0,0,0,3,0,0,6,6,105.0,166.0,137.0,14.0,35.0,51.0,14.0,401.0,464.0,POINT (-79.74170059443668 43.650614323939095)
2021S051635210077,0,2,0,0,0,0,0,3,3,0,32,0,0,0,0,0,33,33,54.0,84.0,67.0,9.0,16.0,32.0,6.0,265.0,291.0,POINT (-79.6051899810154 43.629872664570904)
2021S051635210079,3,5,6,3,3,4,0,29,30,86,50,126,102,104,41,0,324,331,79.0,132.0,100.0,11.0,29.0,40.0,10.0,381.0,422.0,POINT (-79.58185724920871 43.61984026029891)
2021S051635210080,4,18,14,1,3,7,0,45,51,45,578,318,28,487,156,0,1569,1647,60.0,91.0,72.0,9.0,19.0,42.0,7.0,294.0,326.0,POINT (-79.57332838841126 43.60586332698047)
2021S051635210082,0,2,0,0,0,1,0,3,3,0,5,0,0,0,2,0,7,7,74.0,115.0,89.0,11.0,26.0,39.0,8.0,327.0,364.0,POINT (-79.61286366461232 43.62276427087331)
2021S051635210083,0,0,0,0,0,0,0,1,1,0,0,0,0,0,0,0,10,10,81.0,135.0,105.0,13.0,29.0,42.0,10.0,385.0,430.0,POINT (-79.5949097688778 43.62302381407516)
2021S051635210084,8,21,9,0,5,3,1,42,45,262,519,282,0,41,40,24,842,946,90.0,145.0,115.0,14.0,31.0,46.0,11.0,379.0,428.0,POINT (-79.66630953430152 43.62535041686656)
2021S051635210086,0,0,0,0,0,0,0,0,0,0,0,0,0,0,0,0,0,0,68.0,106.0,82.0,10.0,26.0,37.0,8.0,314.0,347.0,POINT (-79.60340811975449 43.61518198168282)
2021S051635210087,3,8,5,0,2,0,1,28,28,90,372,192,0,10,0,99,1532,1532,120.0,193.0,153.0,17.0,39.0,57.0,14.0,479.0,547.0,POINT (-79.74692899350335 43.61898636722762)
2021S051635210088,0,0,0,0,0,0,0,2,2,0,0,0,0,0,0,0,3,3,94.0,149.0,118.0,14.0,31.0,47.0,12.0,391.0,440.0,POINT (-79.62436704746267 43.611787506777674)
2021S051635210089,1,3,1,0,1,0,0,11,11,20,221,20,0,68,0,0,849,849,71.0,103.0,81.0,9.0,22.0,34.0,9.0,299.0,332.0,POINT (-79.67719768028283 43.61415598995015)
2021S051635210090,0,1,1,0,0,0,0,2,2,0,2,2,0,0,0,0,3,3,88.0,139.0,108.0,14.0,31.0,43.0,12.0,378.0,423.0,POINT (-79.59341184458252 43.60873281815773)
2021S051635210091,1,3,1,0,0,2,0,5,6,2,65,3,0,0,63,0,94,97,84.0,124.0,98.0,10.0,25.0,38.0,10.0,348.0,389.0,POINT (-79.72628565662652 43.61855429478037)
2021S051635210093,1,1,0,0,1,0,0,2,2,3,3,0,0,7,0,0,10,10,60.0,86.0,70.0,8.0,16.0,32.0,6.0,270.0,297.0,POINT (-79.6055646109734 43.6037659633905)
2021S051635210094,0,1,1,1,0,1,0,2,2,0,3,3,3,0,3,0,14,14,74.0,111.0,86.0,10.0,22.0,38.0,10.0,322.0,356.0,POINT (-79.56445685937807 43.58857955753644)
2021S051635210095,0,0,0,0,0,0,0,0,0,0,0,0,0,0,0,0,0,0,74.0,105.0,82.0,9.0,22.0,36.0,9.0,326.0,359.0,POINT (-79.64376070417815 43.60921144278253)
2021S051635210096,1,1,1,0,0,0,0,4,4,335,335,335,0,0,0,0,370,370,123.0,193.0,148.0,18.0,38.0,56.0,15.0,484.0,550.0,POINT (-79.69980217501495 43.6108145971238)
2021S051635210097,0,0,1,0,0,1,0,3,4,0,0,3,0,0,3,0,5,8,96.0,146.0,112.0,12.0,28.0,42.0,11.0,378.0,424.0,POINT (-79.61393559275155 43.598512887388885)
2021S051635210098,0,0,1,0,1,1,0,2,3,0,0,3,0,2,3,0,7,10,87.0,129.0,100.0,11.0,25.0,39.0,11.0,352.0,395.0,POINT (-79.6841031939893 43.60796492416416)
2021S051635210100,0,2,0,0,0,0,0,3,3,0,4,0,0,0,0,0,7,7,86.0,124.0,98.0,10.0,23.0,39.0,11.0,327.0,369.0,POINT (-79.71006561714572 43.60435186932027)
2021S051635210101,0,1,0,0,2,1,0,7,7,0,6,0,0,6,3,0,23,23,112.0,174.0,134.0,15.0,34.0,51.0,14.0,427.0,485.0,POINT (-79.6591343271759 43.60776485053579)
2021S051635210102,1,9,7,1,6,1,0,20,21,11,226,189,12,145,12,0,270,305,87.0,137.0,99.0,10.0,28.0,48.0,10.0,394.0,438.0,POINT (-79.55522417350333 43.57528342323587)
2021S051635210103,1,1,1,0,0,0,0,1,1,2,2,2,0,0,0,0,2,2,73.0,106.0,81.0,9.0,20.0,35.0,9.0,304.0,336.0,POINT (-79.62602386213972 43.59622595032498)
2021S051635210106,1,8,6,1,4,5,0,26,28,26,108,77,3,52,49,0,323,365,109.0,162.0,123.0,14.0,32.0,46.0,15.0,441.0,494.0,POINT (-79.59781706852601 43.583516260768754)
2021S051635210107,9,15,9,0,1,4,2,37,41,736,945,614,0,3,52,73,1367,1499,107.0,161.0,124.0,13.0,30.0,49.0,15.0,412.0,465.0,POINT (-79.7402216829583 43.59476170544327)
2021S051635210108,0,0,0,0,1,0,0,1,1,0,0,0,0,3,0,0,3,3,96.0,143.0,111.0,12.0,28.0,45.0,12.0,378.0,424.0,POINT (-79.70499767679371 43.60007889565996)
2021S051635210109,0,0,0,0,1,0,0,2,2,0,0,0,0,3,0,0,4,4,82.0,121.0,94.0,11.0,23.0,38.0,10.0,325.0,364.0,POINT (-79.67249596038438 43.59789002020062)
2021S051635210110,1,1,1,0,0,0,0,2,2,3,3,3,0,0,0,0,4,4,74.0,102.0,80.0,9.0,21.0,34.0,9.0,315.0,346.0,POINT (-79.69277204665283 43.59598000092531)
2021S051635210111,0,0,0,0,0,0,0,1,1,0,0,0,0,0,0,0,1,1,118.0,180.0,134.0,16.0,36.0,50.0,17.0,481.0,538.0,POINT (-79.61879716263114 43.58688026043859)
2021S051635210112,0,0,0,0,0,0,0,0,0,0,0,0,0,0,0,0,0,0,66.0,93.0,72.0,8.0,18.0,32.0,8.0,287.0,315.0,POINT (-79.63046205401625 43.592252740521886)
2021S051635210113,0,0,0,0,0,0,0,1,1,0,0,0,0,0,0,0,1,1,78.0,113.0,86.0,10.0,20.0,36.0,10.0,315.0,350.0,POINT (-79.63255046745911 43.589638867746686)
2021S051635210114,0,1,0,0,1,0,0,4,4,0,2,0,0,3,0,0,7,7,106.0,162.0,122.0,15.0,33.0,48.0,15.0,422.0,474.0,POINT (-79.67996457300013 43.59136717176006)
2021S051635210116,0,4,3,0,2,1,0,6,8,0,16,13,0,17,3,0,26,36,77.0,119.0,86.0,10.0,22.0,35.0,8.0,336.0,369.0,POINT (-79.58746057240765 43.567555937774635)
2021S051635210117,0,1,0,0,0,0,0,1,1,0,3,0,0,0,0,0,3,3,101.0,148.0,113.0,11.0,30.0,42.0,14.0,406.0,452.0,POINT (-79.62705322399155 43.58374435986197)
2021S051635210119,0,0,0,0,0,0,0,0,0,0,0,0,0,0,0,0,0,0,69.0,97.0,75.0,8.0,17.0,33.0,9.0,279.0,309.0,POINT (-79.7091730032488 43.59055855696813)
2021S051635210120,1,0,1,0,0,1,1,4,4,5,0,24,0,0,78,24,118,118,96.0,141.0,107.0,11.0,27.0,41.0,13.0,374.0,416.0,POINT (-79.64146132076478 43.578217809003654)
2021S051635210121,3,6,3,0,0,2,0,12,12,37,57,40,0,0,9,0,97,97,110.0,159.0,127.0,13.0,31.0,52.0,15.0,415.0,465.0,POINT (-79.79533738110189 43.59206620759792)
2021S051635210122,0,0,0,0,0,0,0,1,1,0,0,0,0,0,0,0,3,3,75.0,112.0,81.0,8.0,19.0,33.0,8.0,304.0,334.0,POINT (-79.61874039041071 43.57300759783929)
2021S051635210123,0,0,0,0,0,0,0,0,0,0,0,0,0,0,0,0,0,0,87.0,138.0,100.0,11.0,27.0,38.0,10.0,350.0,389.0,POINT (-79.60123438880409 43.57277265723753)
2021S051635210124,0,2,1,0,0,0,0,2,2,0,4,2,0,0,0,0,4,4,92.0,144.0,105.0,11.0,27.0,39.0,10.0,356.0,396.0,POINT (-79.63009940777607 43.57329189458632)
2021S051635210125,1,1,1,0,1,1,0,5,6,3,3,3,0,15,3,0,30,33,100.0,148.0,114.0,12.0,28.0,46.0,14.0,373.0,420.0,POINT (-79.69626526125937 43.580481610789995)
2021S051635210126,1,3,1,0,0,0,1,6,6,3,8,2,0,0,0,3,16,16,80.0,117.0,89.0,9.0,20.0,38.0,11.0,309.0,344.0,POINT (-79.71690902429688 43.580821986927575)
2021S051635210127,0,0,0,0,0,0,0,0,0,0,0,0,0,0,0,0,0,0,80.0,114.0,92.0,10.0,22.0,39.0,11.0,330.0,365.0,POINT (-79.76222776707404 43.58995896582729)
2021S051635210128,0,0,0,0,0,0,0,3,3,0,0,0,0,0,0,0,14,14,77.0,117.0,85.0,10.0,21.0,35.0,8.0,313.0,344.0,POINT (-79.60831487627017 43.5669092296562)
2021S051635210129,0,0,0,0,0,0,0,1,1,0,0,0,0,0,0,0,3,3,81.0,116.0,93.0,10.0,22.0,39.0,11.0,316.0,352.0,POINT (-79.75123009345988 43.58636712511366)
2021S051635210130,1,7,5,2,3,5,0,21,24,34,183,99,15,292,138,0,602,686,146.0,224.0,163.0,19.0,43.0,58.0,20.0,554.0,623.0,POINT (-79.65019256311854 43.56573198616232)
2021S051635210131,1,1,1,0,1,0,0,2,2,3,3,3,0,3,0,0,6,6,91.0,139.0,111.0,10.0,27.0,44.0,10.0,364.0,404.0,POINT (-79.77544459154197 43.587305348212574)
2021S051635210132,0,2,0,0,1,0,0,4,4,0,6,0,0,3,0,0,11,11,96.0,141.0,107.0,11.0,27.0,41.0,13.0,363.0,405.0,POINT (-79.66686020766511 43.573310263726874)
2021S051635210133,1,1,2,0,1,0,0,6,6,3,21,24,0,3,0,0,39,39,68.0,103.0,75.0,7.0,19.0,32.0,7.0,322.0,352.0,POINT (-79.57956875546633 43.557028386814046)
2021S051635210134,2,4,2,0,0,0,0,10,10,4,10,4,0,0,0,0,48,48,78.0,116.0,86.0,8.0,20.0,36.0,9.0,299.0,333.0,POINT (-79.70243301057859 43.56586855889099)
2021S051635210135,0,0,0,0,1,0,0,2,2,0,0,0,0,3,0,0,5,5,87.0,136.0,100.0,10.0,27.0,39.0,10.0,357.0,395.0,POINT (-79.63802254086946 43.552304587778266)
2021S051635210136,0,0,0,0,0,0,0,0,0,0,0,0,0,0,0,0,0,0,78.0,115.0,88.0,9.0,23.0,39.0,9.0,343.0,376.0,POINT (-79.74615740303261 43.57446319146669)
2021S051635210137,0,0,0,0,0,0,0,1,1,0,0,0,0,0,0,0,3,3,92.0,138.0,110.0,9.0,26.0,43.0,10.0,361.0,401.0,POINT (-79.78792538023185 43.57949746300423)
2021S051635210138,0,0,0,0,0,0,0,1,1,0,0,0,0,0,0,0,2,2,91.0,138.0,106.0,10.0,26.0,43.0,12.0,393.0,431.0,POINT (-79.73321216575187 43.569783863114836)
2021S051635210139,0,0,0,0,1,0,0,1,1,0,0,0,0,3,0,0,3,3,81.0,122.0,95.0,9.0,24.0,39.0,10.0,315.0,349.0,POINT (-79.75644390330942 43.57357749900242)
2021S051635210140,1,2,1,0,0,1,0,3,4,3,5,7,0,0,7,0,6,13,100.0,148.0,116.0,10.0,28.0,48.0,12.0,381.0,424.0,POINT (-79.77595677434857 43.573298805461896)
2021S051635210141,0,1,1,1,0,1,0,2,2,0,6,6,6,0,6,0,8,8,57.0,84.0,62.0,6.0,15.0,25.0,6.0,265.0,287.0,POINT (-79.58896459162592 43.547122219595245)
2021S051635210142,0,1,0,0,0,0,0,3,3,0,5,0,0,0,0,0,11,11,56.0,82.0,64.0,6.0,14.0,28.0,6.0,278.0,302.0,POINT (-79.6114632005447 43.542033978765886)
2021S051635210143,1,2,2,1,0,2,1,4,4,3,4,5,3,0,4,2,9,9,97.0,149.0,112.0,12.0,27.0,42.0,12.0,386.0,430.0,POINT (-79.67400763328168 43.55121397817338)
2021S051635210144,0,0,0,0,0,0,0,4,4,0,0,0,0,0,0,0,11,11,87.0,131.0,103.0,10.0,26.0,43.0,12.0,374.0,411.0,POINT (-79.72065875569521 43.55937119581457)
2021S051635210145,0,0,0,0,0,0,0,0,0,0,0,0,0,0,0,0,0,0,75.0,110.0,86.0,8.0,19.0,39.0,9.0,312.0,344.0,POINT (-79.7559650726014 43.562244864932985)
2021S051635210146,0,1,1,0,0,0,0,3,3,0,9,9,0,0,0,0,13,13,98.0,147.0,115.0,10.0,28.0,48.0,12.0,399.0,441.0,POINT (-79.76773312190427 43.5641942799802)
2021S051635210148,4,4,1,0,1,2,0,20,20,776,773,2,0,3,45,0,1452,1452,66.0,100.0,74.0,9.0,18.0,31.0,7.0,312.0,335.0,POINT (-79.62459902549064 43.500377453610476)
2021S051635210149,0,1,1,1,0,2,0,3,3,0,3,3,3,0,7,0,9,9,76.0,113.0,87.0,9.0,18.0,37.0,9.0,331.0,362.0,POINT (-79.70872539983934 43.551435718552554)
2021S051635210151,1,2,0,0,0,1,0,4,4,2,4,0,0,0,2,0,6,6,75.0,116.0,83.0,10.0,22.0,32.0,8.0,341.0,371.0,POINT (-79.61069971654733 43.525188018039636)
2021S051635210152,0,0,1,0,0,1,0,0,1,0,0,3,0,0,3,0,0,3,79.0,118.0,91.0,9.0,21.0,37.0,9.0,332.0,364.0,POINT (-79.69792194837613 43.545384931962325)
2021S051635210155,0,0,0,0,0,0,0,0,0,0,0,0,0,0,0,0,0,0,75.0,112.0,85.0,9.0,18.0,35.0,9.0,298.0,327.0,POINT (-79.689312806867 43.53889341965742)
2021S051635210156,0,0,0,0,0,0,0,2,2,0,0,0,0,0,0,0,22,22,79.0,120.0,88.0,10.0,22.0,35.0,8.0,335.0,367.0,POINT (-79.63885334486014 43.54195640679204)
2021S051635210157,1,6,2,0,2,0,0,18,18,9,45,24,0,22,0,0,186,186,88.0,132.0,100.0,9.0,24.0,39.0,12.0,362.0,397.0,POINT (-79.68027027717352 43.533184943750065)
2021S051635210158,2,1,2,0,1,1,0,7,7,9,6,21,0,14,15,0,62,62,76.0,113.0,88.0,10.0,18.0,40.0,9.0,304.0,335.0,POINT (-79.72210723755921 43.539809738839296)
2021S051635210159,1,1,0,0,0,0,0,2,2,4,4,0,0,0,0,0,5,5,74.0,113.0,87.0,9.0,19.0,41.0,9.0,321.0,352.0,POINT (-79.7453014367336 43.544298873714375)
2021S051635210160,8,18,7,0,7,5,1,61,63,386,455,105,0,44,92,2,896,934,76.0,113.0,88.0,10.0,19.0,40.0,9.0,320.0,351.0,POINT (-79.71543864007421 43.52786954636451)
2021S051635210161,3,3,2,0,1,0,0,7,8,555,555,550,0,3,0,0,39,569,83.0,123.0,93.0,10.0,24.0,39.0,9.0,362.0,393.0,POINT (-79.66482624693893 43.52342476861228)
2021S051635210162,0,0,0,0,0,0,0,4,4,0,0,0,0,0,0,0,9,9,76.0,113.0,88.0,10.0,19.0,40.0,9.0,321.0,352.0,POINT (-79.69172782728617 43.52438609398213)
2021S051635210163,1,2,3,0,0,1,0,7,8,3,138,182,0,0,35,0,157,192,65.0,96.0,69.0,8.0,17.0,31.0,7.0,271.0,293.0,POINT (-79.65171925640844 43.51431870620151)
2021S051635210164,0,0,0,0,0,0,0,1,1,0,0,0,0,0,0,0,2,2,111.0,175.0,127.0,15.0,34.0,47.0,12.0,433.0,477.0,POINT (-79.64469562130424 43.50867217350735)
2021S051635210165,0,0,0,0,0,0,0,2,2,0,0,0,0,0,0,0,2,2,67.0,98.0,72.0,7.0,17.0,31.0,7.0,272.0,298.0,POINT (-79.6287751790358 43.53050350256838)
2021S051635210166,1,1,0,0,0,0,0,1,1,4,4,0,0,0,0,0,4,4,81.0,120.0,89.0,9.0,19.0,37.0,11.0,310.0,346.0,POINT (-79.68331138626884 43.572162896566184)
2021S051635210167,0,1,1,0,0,0,0,1,1,0,2,2,0,0,0,0,2,2,69.0,103.0,77.0,8.0,17.0,35.0,7.0,275.0,303.0,POINT (-79.74265728809834 43.563719752256624)
2021S051635210168,0,5,6,0,4,2,1,19,21,0,52,58,0,16,14,2,67,109,155.0,264.0,212.0,24.0,60.0,81.0,17.0,572.0,681.0,POINT (-79.70326465988047 43.810366627588316)
2021S051635210169,2,3,5,0,5,2,1,31,33,3,20,55,0,44,18,2,171,189,234.0,381.0,320.0,36.0,78.0,120.0,36.0,887.0,1053.0,POINT (-79.87042810955515 43.76665830415641)
2021S051635210170,2,7,6,0,1,2,0,15,17,10,41,39,0,3,22,0,37,59,360.0,637.0,500.0,51.0,143.0,184.0,36.0,1221.0,1499.0,POINT (-79.67513069650978 43.789609181045165)
2021S051635210171,0,0,0,0,1,0,0,5,5,0,0,0,0,3,0,0,8,8,113.0,196.0,155.0,17.0,42.0,66.0,12.0,444.0,523.0,POINT (-79.67673652180373 43.77177086652596)
2021S051635210172,1,0,1,1,2,0,0,3,3,7,0,7,7,10,0,0,17,17,167.0,288.0,225.0,25.0,67.0,86.0,17.0,626.0,742.0,POINT (-79.6920341735791 43.7673729302178)
2021S051635210173,36,70,73,10,18,35,7,154,181,3136,3246,3179,476,577,1190,1084,7923,9759,133.0,232.0,179.0,19.0,56.0,68.0,14.0,545.0,633.0,POINT (-79.68265760712607 43.74095708744641)
2021S051635210174,0,3,0,0,0,0,0,5,5,0,12,0,0,0,0,0,15,15,195.0,337.0,290.0,34.0,77.0,110.0,32.0,755.0,899.0,POINT (-79.77311176068928 43.76683052557033)
2021S051635210175,0,0,0,0,1,0,0,3,3,0,0,0,0,3,0,0,9,9,100.0,169.0,137.0,18.0,39.0,57.0,14.0,421.0,488.0,POINT (-79.74977781181776 43.771676876036125)
2021S051635210176,1,3,3,1,0,1,0,3,3,6,11,11,3,0,3,0,11,11,167.0,287.0,244.0,27.0,62.0,90.0,24.0,650.0,767.0,POINT (-79.77908201639988 43.74390663891073)
2021S051635210177,98,185,162,30,60,67,11,454,502,4386,7568,5715,473,1596,1976,494,13384,16049,95.0,155.0,119.0,12.0,35.0,50.0,10.0,403.0,458.0,POINT (-79.64632050595951 43.66953434811999)
2021S051635210178,1,2,3,0,0,1,0,3,4,2,10,12,0,0,7,0,7,14,122.0,193.0,168.0,17.0,41.0,67.0,20.0,478.0,552.0,POINT (-79.82487466747645 43.72465863396555)
2021S051635210179,8,7,7,1,4,1,3,28,30,34,33,31,6,24,6,14,249,259,773.0,1278.0,1029.0,105.0,237.0,369.0,99.0,2500.0,3013.0,POINT (-79.8300824523114 43.66792052410668)
2021S051635210180,0,1,1,0,0,0,0,2,3,0,7,7,0,0,0,0,2,9,108.0,163.0,137.0,13.0,31.0,59.0,17.0,417.0,474.0,POINT (-79.82702539650005 43.689811829219494)
2021S051635210181,0,0,0,0,1,0,0,3,3,0,0,0,0,3,0,0,11,11,177.0,271.0,224.0,22.0,50.0,91.0,29.0,629.0,727.0,POINT (-79.81241083463654 43.68205833472124)
2021S051635210182,0,0,0,0,1,0,0,2,2,0,0,0,0,7,0,0,8,8,104.0,166.0,136.0,15.0,38.0,49.0,14.0,429.0,489.0,POINT (-79.72171144727062 43.64270299492326)
2021S051635210183,0,0,0,0,2,0,0,2,2,0,0,0,0,6,0,0,6,6,114.0,185.0,148.0,17.0,37.0,57.0,14.0,430.0,498.0,POINT (-79.74174682275688 43.6456188120364)
2021S051635210184,1,2,1,0,0,0,0,6,6,121,123,2,0,0,0,0,131,131,113.0,180.0,148.0,16.0,37.0,56.0,14.0,448.0,515.0,POINT (-79.76489162243031 43.62424664898288)
2021S051635210185,0,1,1,0,0,0,0,3,3,0,2,2,0,0,0,0,5,5,97.0,150.0,119.0,13.0,30.0,45.0,11.0,379.0,430.0,POINT (-79.65411508296506 43.614339611337)
2021S051635210186,4,5,2,0,1,0,0,7,7,14,17,9,0,3,0,0,22,22,95.0,143.0,110.0,12.0,27.0,41.0,11.0,369.0,414.0,POINT (-79.63600286572496 43.6012359324632)
2021S051635210187,0,0,0,0,0,0,0,2,2,0,0,0,0,0,0,0,6,6,91.0,139.0,108.0,13.0,28.0,42.0,11.0,359.0,402.0,POINT (-79.65873492928705 43.59566166421113)
2021S051635210188,0,1,1,0,0,0,0,3,3,0,2,2,0,0,0,0,6,6,138.0,208.0,156.0,18.0,39.0,57.0,19.0,516.0,585.0,POINT (-79.64834030822547 43.59058242410083)
2021S051635210189,0,1,0,0,0,0,0,3,3,0,3,0,0,0,0,0,6,6,85.0,122.0,92.0,11.0,22.0,37.0,12.0,331.0,368.0,POINT (-79.63819238826376 43.587434997996915)
2021S051635210190,0,1,1,1,0,1,0,7,7,0,3,3,3,0,3,0,13,13,93.0,138.0,107.0,11.0,28.0,42.0,13.0,374.0,416.0,POINT (-79.67159057033523 43.58401190151247)
2021S051635210191,0,0,0,0,1,0,0,4,4,0,0,0,0,3,0,0,9,9,89.0,133.0,105.0,10.0,25.0,43.0,12.0,335.0,373.0,POINT (-79.75155337994941 43.555048357982166)
2021S051635210192,1,2,1,0,0,0,0,2,2,3,8,3,0,0,0,0,8,8,95.0,141.0,110.0,9.0,25.0,43.0,12.0,370.0,410.0,POINT (-79.73782397264132 43.550947987064525)
2021S051635210193,0,1,1,0,0,1,0,6,6,0,3,3,0,0,3,0,12,12,122.0,184.0,142.0,15.0,35.0,58.0,14.0,485.0,538.0,POINT (-79.72601707778334 43.54583226149685)
2021S051635220001,2,7,9,0,1,4,0,41,42,6,25,43,0,3,23,0,118,133,150.0,155.0,123.0,8.0,30.0,41.0,48.0,413.0,493.0,POINT (-80.20104016093698 44.166682528750655)
2021S051635220003,1,2,1,1,2,1,0,12,12,2,5,3,3,17,3,0,44,44,221.0,315.0,385.0,33.0,40.0,75.0,14.0,426.0,605.0,POINT (-80.20350369498351 44.08102629741213)
2021S051635220004,4,4,7,0,0,1,2,41,42,416,432,463,0,0,31,26,273,608,158.0,200.0,164.0,35.0,35.0,54.0,22.0,536.0,650.0,POINT (-80.27528282322956 43.9316010460974)
2021S051635220005,0,0,0,0,0,0,0,2,2,0,0,0,0,0,0,0,2,2,78.0,149.0,159.0,26.0,14.0,55.0,5.0,267.0,346.0,POINT (-80.09494509690654 43.92475441290117)
2021S051635220006,0,2,0,0,0,2,0,5,5,0,9,0,0,0,9,0,20,20,77.0,145.0,154.0,25.0,14.0,52.0,5.0,250.0,326.0,POINT (-80.1206669381205 43.922427381128394)
2021S051635220007,2,7,4,3,1,4,0,23,24,21,120,88,128,14,79,0,324,339,121.0,223.0,239.0,39.0,20.0,80.0,8.0,371.0,496.0,POINT (-80.10630827518115 43.90618623421604)
2021S051635220008,0,2,2,0,1,0,0,15,15,0,5,5,0,3,0,0,80,80,67.0,128.0,133.0,21.0,13.0,46.0,5.0,221.0,287.0,POINT (-80.12523070677842 43.908769969627414)
2021S051635220009,2,8,11,2,2,3,1,38,39,5,45,106,16,6,8,2,217,220,147.0,151.0,120.0,11.0,30.0,44.0,35.0,347.0,434.0,POINT (-80.06393595292353 44.02591907738611)
2021S051635230001,5,4,6,0,3,3,1,69,71,882,880,303,0,20,135,231,1202,1766,345.0,366.0,316.0,41.0,41.0,50.0,34.0,802.0,1042.0,POINT (-80.58643021728537 43.92197973956057)
2021S051635230002,1,3,5,1,4,2,0,53,54,530,544,555,12,28,15,0,221,751,225.0,256.0,229.0,10.0,45.0,41.0,31.0,660.0,807.0,POINT (-80.8652947725375 43.909701805552125)
2021S051635230003,2,8,9,0,6,5,0,41,46,9,124,179,0,22,126,0,258,384,127.0,194.0,193.0,33.0,53.0,80.0,19.0,595.0,688.0,POINT (-80.11324802097087 43.74508650625776)
2021S051635230004,1,2,2,0,0,1,0,25,25,4,6,11,0,0,7,0,67,67,150.0,148.0,95.0,8.0,17.0,24.0,22.0,391.0,439.0,POINT (-80.3623982040786 43.765805716285925)
2021S051635230005,6,10,16,1,5,3,3,90,91,55,76,119,12,109,34,12,653,668,245.0,325.0,273.0,26.0,52.0,61.0,25.0,1117.0,1243.0,POINT (-80.68853946738521 43.72326385208588)
2021S051635230006,3,2,1,0,3,1,1,25,26,682,586,527,0,31,2,33,317,844,245.0,299.0,195.0,16.0,35.0,52.0,31.0,636.0,726.0,POINT (-80.46144134313245 43.67413383863163)
2021S051635230007,5,7,8,2,4,4,0,20,21,51,106,100,314,31,39,0,579,594,215.0,238.0,211.0,30.0,36.0,56.0,38.0,439.0,578.0,POINT (-80.38745673608427 43.72470609068842)
2021S051635230008,2,4,3,0,3,1,0,32,33,4,44,42,0,107,35,0,206,241,277.0,359.0,273.0,24.0,40.0,66.0,44.0,784.0,872.0,POINT (-80.25126787180888 43.59538679998841)
2021S051635230009,0,3,1,0,3,0,0,19,19,0,11,3,0,9,0,0,51,51,230.0,238.0,142.0,12.0,24.0,40.0,33.0,485.0,556.0,POINT (-80.33546390585525 43.657925106864234)
2021S051635230013,4,6,8,1,3,2,2,44,45,110,63,183,6,105,9,107,1088,1091,155.0,200.0,145.0,13.0,23.0,44.0,25.0,480.0,525.0,POINT (-80.14067310310959 43.466884335567364)
2021S051635230024,10,17,8,0,1,4,0,33,35,1011,1441,1023,0,14,86,0,1974,2044,292.0,353.0,240.0,18.0,27.0,57.0,54.0,648.0,717.0,POINT (-80.20551498561352 43.49876584377223)
2021S051635230025,1,3,2,0,1,2,0,9,10,1,11,5,0,73,21,0,139,142,197.0,239.0,171.0,13.0,22.0,40.0,34.0,485.0,542.0,POINT (-80.23402312951937 43.49820650534972)
2021S051635230026,45,55,41,2,7,13,6,103,118,7674,6751,2801,41,158,396,847,7900,9682,247.0,285.0,198.0,11.0,27.0,44.0,38.0,555.0,625.0,POINT (-80.29562686622562 43.5488811496204)
2021S051635230027,2,6,3,1,0,2,1,18,19,530,402,273,6,0,41,232,718,753,564.0,620.0,406.0,17.0,46.0,70.0,82.0,1016.0,1180.0,POINT (-80.27713074544985 43.5424869395767)
2021S051635230028,0,0,1,0,2,0,0,5,5,0,0,3,0,9,0,0,60,60,576.0,685.0,457.0,32.0,57.0,102.0,92.0,1154.0,1317.0,POINT (-80.29301622593616 43.53089115428915)
2021S051635230029,1,2,4,1,3,1,1,15,15,15,33,39,28,9,28,15,87,87,463.0,560.0,383.0,28.0,49.0,87.0,75.0,979.0,1114.0,POINT (-80.28118713531754 43.52244190260288)
2021S051635230030,1,6,4,0,1,0,0,15,16,2,59,15,0,7,0,0,113,116,308.0,339.0,230.0,10.0,29.0,42.0,49.0,628.0,717.0,POINT (-80.25657217514124 43.538266697763945)
2021S051635230031,0,1,0,0,0,0,0,2,2,0,2,0,0,0,0,0,3,3,397.0,440.0,264.0,6.0,37.0,52.0,50.0,702.0,811.0,POINT (-80.26064098922276 43.57632762219084)
2021S051635230032,0,1,1,0,1,0,0,4,4,0,2,2,0,7,0,0,13,13,296.0,336.0,221.0,10.0,27.0,45.0,34.0,577.0,659.0,POINT (-80.24816592398736 43.56152296356811)
2021S051635230033,0,0,0,0,0,0,0,1,1,0,0,0,0,0,0,0,1,1,512.0,563.0,334.0,9.0,45.0,65.0,65.0,885.0,1024.0,POINT (-80.23454290722394 43.571978012041534)
2021S051635230034,6,16,13,2,6,6,2,39,42,172,316,272,18,203,151,43,1175,1318,396.0,446.0,294.0,11.0,34.0,57.0,44.0,754.0,867.0,POINT (-80.20954181215406 43.55555122061565)
2021S051635230035,0,0,0,0,0,0,0,3,3,0,0,0,0,0,0,0,6,6,221.0,252.0,178.0,9.0,24.0,37.0,35.0,506.0,573.0,POINT (-80.23604837611558 43.53203522617194)
2021S051635230036,0,0,0,0,0,0,0,1,1,0,0,0,0,0,0,0,2,2,167.0,199.0,136.0,10.0,16.0,34.0,30.0,401.0,439.0,POINT (-80.22886365674435 43.51566161317176)
2021S051635230037,2,5,2,1,0,1,1,9,9,5,16,5,3,0,3,2,29,29,524.0,628.0,419.0,21.0,49.0,92.0,71.0,1033.0,1167.0,POINT (-80.18395644229972 43.51271495462116)
2021S051635240001,1,4,6,0,2,2,1,18,20,2,19,34,0,5,18,2,77,95,125.0,203.0,164.0,15.0,41.0,70.0,18.0,537.0,603.0,POINT (-79.98493662077841 43.64915977864141)
2021S051635240002,8,20,14,1,5,8,0,59,62,518,744,533,3,222,230,0,1718,1822,157.0,256.0,203.0,19.0,48.0,83.0,19.0,593.0,677.0,POINT (-79.88722405271231 43.58878058427301)
2021S051635240003,0,2,1,0,0,0,0,2,2,0,14,2,0,0,0,0,14,14,90.0,132.0,114.0,9.0,20.0,57.0,12.0,336.0,382.0,POINT (-79.93112330653429 43.64798688558292)
2021S051635240004,0,0,0,0,0,0,0,1,1,0,0,0,0,0,0,0,4,4,114.0,176.0,144.0,12.0,32.0,62.0,15.0,421.0,481.0,POINT (-79.90549771596106 43.64030262437759)
2021S051635240005,0,1,1,0,1,0,0,5,6,0,7,7,0,15,0,0,23,30,185.0,307.0,245.0,21.0,56.0,105.0,24.0,688.0,790.0,POINT (-79.88951012005543 43.634800993209524)
2021S051635240006,1,5,3,2,1,3,0,21,21,2,37,18,9,3,26,0,198,198,146.0,197.0,174.0,11.0,54.0,69.0,25.0,532.0,601.0,POINT (-80.03724264712507 43.638218361692495)
2021S051635240007,4,5,6,0,4,0,2,41,41,15,27,23,0,23,0,4,270,270,111.0,149.0,115.0,12.0,27.0,51.0,13.0,461.0,502.0,POINT (-80.00965099122936 43.5218222928987)
2021S051635240009,17,26,16,4,1,7,4,54,57,1338,1464,1266,103,3,445,197,2142,2759,130.0,178.0,143.0,13.0,27.0,55.0,16.0,473.0,514.0,POINT (-79.89778779904525 43.535920633443766)
2021S051635240010,12,24,13,1,0,8,2,46,52,338,584,402,29,0,131,26,1100,1234,77.0,111.0,86.0,10.0,18.0,35.0,9.0,300.0,330.0,POINT (-79.663375827299 43.49235527410856)
2021S051635240011,2,4,4,0,0,0,0,11,11,311,318,318,0,0,0,0,343,343,219.0,341.0,264.0,25.0,60.0,112.0,26.0,806.0,899.0,POINT (-79.76690949986788 43.47461904885581)
2021S051635240014,0,0,0,1,0,0,0,7,7,0,0,0,7,0,0,0,21,21,142.0,203.0,150.0,13.0,33.0,55.0,17.0,479.0,535.0,POINT (-79.82981863778264 43.51804978391605)
2021S051635240016,3,7,2,0,1,2,0,13,13,28,72,12,0,7,6,0,209,209,87.0,124.0,94.0,10.0,23.0,37.0,11.0,349.0,382.0,POINT (-79.68989633499729 43.48652084315206)
2021S051635240017,0,2,1,0,0,0,0,2,3,0,10,7,0,0,0,0,5,12,124.0,163.0,127.0,9.0,22.0,46.0,17.0,386.0,426.0,POINT (-79.8415661190782 43.518478014583)
2021S051635240018,3,5,5,1,0,1,1,5,7,295,341,341,6,0,6,2,366,408,50.0,69.0,52.0,7.0,12.0,25.0,6.0,263.0,280.0,POINT (-79.64181138069691 43.48249862412451)
2021S051635240019,1,2,2,0,1,1,0,6,6,4,9,9,0,3,18,0,35,35,72.0,94.0,74.0,7.0,12.0,32.0,11.0,277.0,300.0,POINT (-79.86425908113937 43.51728632856356)
2021S051635240020,1,2,2,1,0,1,0,4,5,3,6,6,3,0,3,0,19,22,89.0,121.0,91.0,8.0,16.0,39.0,10.0,330.0,357.0,POINT (-79.87494389458936 43.50601083509606)
2021S051635240021,0,1,0,0,0,1,0,2,2,0,2,0,0,0,2,0,6,6,65.0,94.0,70.0,8.0,16.0,30.0,7.0,295.0,320.0,POINT (-79.70757522106769 43.484252439097915)
2021S051635240022,4,5,5,1,0,5,1,10,11,81,63,81,12,0,39,5,304,319,71.0,99.0,73.0,9.0,18.0,33.0,8.0,312.0,336.0,POINT (-79.65938493066929 43.463003704660046)
2021S051635240023,0,1,0,0,0,1,0,4,4,0,2,0,0,0,2,0,97,97,90.0,131.0,96.0,9.0,20.0,37.0,11.0,362.0,395.0,POINT (-79.6930031035041 43.4739875958449)
2021S051635240024,1,0,0,0,0,1,0,4,4,2,0,0,0,0,3,0,25,25,126.0,165.0,119.0,9.0,22.0,46.0,17.0,415.0,455.0,POINT (-79.71578565571177 43.47722231478889)
2021S051635240025,1,2,1,0,0,1,0,3,3,2,4,2,0,0,2,0,8,8,79.0,105.0,79.0,8.0,15.0,33.0,10.0,305.0,329.0,POINT (-79.72887271654287 43.470583135500796)
2021S051635240026,1,2,2,1,1,1,0,4,4,4,10,10,6,3,6,0,20,20,104.0,136.0,103.0,9.0,18.0,42.0,13.0,348.0,383.0,POINT (-79.7034995379066 43.45941972939435)
2021S051635240027,0,0,0,0,0,0,0,3,3,0,0,0,0,0,0,0,9,9,84.0,106.0,82.0,8.0,14.0,35.0,10.0,283.0,309.0,POINT (-79.73339858016828 43.461551137100074)
2021S051635240028,2,2,1,0,1,1,1,5,6,516,4,7,0,7,7,514,527,534,100.0,130.0,93.0,8.0,19.0,40.0,13.0,335.0,367.0,POINT (-79.67339500728488 43.43910641065059)
2021S051635240029,1,2,0,0,0,0,0,11,11,4,9,0,0,0,0,0,74,74,69.0,87.0,67.0,7.0,12.0,31.0,9.0,265.0,288.0,POINT (-79.71489710615833 43.44826705788329)
2021S051635240030,9,29,23,2,3,9,2,60,67,634,1401,633,9,25,211,10,1692,1895,144.0,189.0,162.0,16.0,25.0,87.0,20.0,502.0,548.0,POINT (-79.70431642085325 43.428434991196696)
2021S051635240031,1,4,2,0,1,1,0,19,20,2,28,5,0,2,3,0,89,92,118.0,161.0,141.0,14.0,21.0,69.0,16.0,451.0,500.0,POINT (-79.88993579671299 43.41571866085276)
2021S051635240032,0,3,1,0,1,1,0,4,4,0,9,5,0,3,2,0,12,12,96.0,126.0,106.0,10.0,18.0,55.0,13.0,353.0,385.0,POINT (-79.74919670889923 43.436440453557275)
2021S051635240033,0,1,0,0,0,0,0,2,2,0,3,0,0,0,0,0,4,4,89.0,118.0,86.0,8.0,15.0,37.0,10.0,301.0,330.0,POINT (-79.75836203966786 43.44253505326639)
2021S051635240034,3,5,3,0,0,0,0,7,7,6,19,10,0,0,0,0,23,23,90.0,118.0,88.0,8.0,16.0,36.0,12.0,329.0,360.0,POINT (-79.72855335291233 43.434698214003966)
2021S051635240035,0,1,0,0,0,0,0,1,1,0,3,0,0,0,0,0,3,3,90.0,118.0,101.0,10.0,14.0,54.0,12.0,322.0,353.0,POINT (-79.76551993186042 43.43580914822912)
2021S051635240036,0,2,1,0,0,0,0,5,5,0,7,5,0,0,0,0,13,13,63.0,82.0,70.0,8.0,11.0,39.0,8.0,273.0,295.0,POINT (-79.74182948806643 43.42376232017876)
2021S051635240037,8,16,15,1,2,5,3,51,53,72,379,413,119,41,222,78,773,850,132.0,175.0,152.0,15.0,22.0,75.0,17.0,469.0,520.0,POINT (-79.74702826720518 43.40733690226093)
2021S051635240039,0,0,0,0,0,1,0,1,1,0,0,0,0,0,3,0,3,3,79.0,105.0,92.0,10.0,14.0,49.0,11.0,300.0,325.0,POINT (-79.70825845728598 43.400841161943596)
2021S051635240043,1,2,0,0,0,0,0,3,3,2,5,0,0,0,0,0,7,7,83.0,115.0,102.0,12.0,14.0,55.0,12.0,348.0,381.0,POINT (-79.80680414312894 43.39293325372636)
2021S051635240044,0,0,0,0,0,0,0,2,2,0,0,0,0,0,0,0,4,4,128.0,180.0,150.0,17.0,20.0,81.0,17.0,433.0,480.0,POINT (-79.7495464388374 43.378607740898445)
2021S051635240045,0,0,0,0,0,0,0,0,0,0,0,0,0,0,0,0,0,0,94.0,136.0,120.0,14.0,14.0,65.0,15.0,329.0,371.0,POINT (-79.81309846136996 43.38032008240247)
2021S051635240046,0,0,0,0,0,0,0,1,1,0,0,0,0,0,0,0,2,2,94.0,133.0,115.0,15.0,15.0,64.0,14.0,351.0,390.0,POINT (-79.73803495702126 43.36995018530367)
2021S051635240047,6,13,10,3,2,10,2,33,37,461,532,420,42,37,210,72,461,819,89.0,131.0,117.0,15.0,16.0,65.0,16.0,362.0,402.0,POINT (-79.77071564991354 43.36701429780395)
2021S051635240048,0,3,4,0,1,0,0,5,5,0,7,10,0,3,0,0,19,19,99.0,140.0,130.0,15.0,17.0,67.0,16.0,355.0,399.0,POINT (-79.82944391010314 43.37658520931347)
2021S051635240049,5,17,14,4,3,7,2,42,43,174,268,180,41,23,77,26,684,691,85.0,125.0,115.0,15.0,15.0,65.0,16.0,341.0,381.0,POINT (-79.80481974621718 43.36567215945968)
2021S051635240050,1,2,1,0,0,0,0,4,4,2,5,2,0,0,0,0,10,10,87.0,127.0,122.0,15.0,16.0,69.0,16.0,363.0,407.0,POINT (-79.7643081803343 43.34972744900661)
2021S051635240051,3,9,2,0,1,2,0,25,25,128,269,4,0,15,33,0,765,765,85.0,126.0,116.0,15.0,16.0,66.0,16.0,353.0,394.0,POINT (-79.7874230906388 43.35184099802501)
2021S051635240052,0,2,2,0,0,0,0,3,3,0,4,4,0,0,0,0,6,6,83.0,119.0,105.0,13.0,16.0,61.0,14.0,335.0,370.0,POINT (-79.83655058965392 43.36062238404014)
2021S051635240053,2,5,3,1,2,1,0,9,9,84,94,27,28,10,28,0,138,138,111.0,160.0,148.0,18.0,24.0,84.0,19.0,424.0,477.0,POINT (-79.81903858939768 43.35148329202925)
2021S051635240054,1,0,0,0,0,0,0,2,2,3,0,0,0,0,0,0,5,5,84.0,122.0,113.0,14.0,18.0,65.0,14.0,335.0,376.0,POINT (-79.83855202018577 43.34535213989603)
2021S051635240055,1,4,2,0,0,2,0,9,9,3,71,78,0,0,78,0,156,156,119.0,173.0,163.0,19.0,26.0,94.0,20.0,461.0,520.0,POINT (-79.79993373292245 43.34084543817184)
2021S051635240056,1,3,2,0,3,1,0,21,22,10,41,17,0,17,7,0,502,509,70.0,107.0,101.0,13.0,16.0,59.0,8.0,326.0,360.0,POINT (-79.8664551944317 43.319624152730505)
2021S051635240057,3,3,3,0,1,3,0,17,18,6,50,44,0,7,117,0,136,171,106.0,155.0,148.0,17.0,23.0,84.0,19.0,426.0,480.0,POINT (-79.80015045428331 43.32963998926279)
2021S051635240058,0,0,0,0,1,0,0,2,2,0,0,0,0,7,0,0,13,13,101.0,145.0,136.0,16.0,23.0,79.0,18.0,393.0,442.0,POINT (-79.80600761803707 43.31680242817388)
2021S051635240059,0,0,0,0,0,0,0,3,3,0,0,0,0,0,0,0,6,6,74.0,112.0,107.0,13.0,17.0,62.0,9.0,338.0,376.0,POINT (-79.82787367211273 43.314208367863884)
2021S051635240060,0,2,0,0,1,2,0,3,3,0,4,0,0,13,4,0,17,17,59.0,85.0,82.0,11.0,15.0,48.0,7.0,285.0,314.0,POINT (-79.85677873552766 43.29888008105372)
2021S051635240061,1,2,0,0,0,0,0,12,12,2,5,0,0,0,0,0,30,30,244.0,326.0,243.0,17.0,40.0,90.0,39.0,768.0,855.0,POINT (-79.87356038819044 43.48791597168122)
2021S051635240062,0,0,0,0,0,0,0,0,0,0,0,0,0,0,0,0,0,0,128.0,165.0,127.0,9.0,20.0,38.0,15.0,403.0,443.0,POINT (-79.86453985467838 43.534980622518844)
2021S051635240063,0,5,3,0,1,0,0,5,5,0,13,7,0,3,0,0,13,13,150.0,217.0,167.0,14.0,37.0,61.0,20.0,511.0,575.0,POINT (-79.85034394674999 43.525801011110424)
2021S051635240064,0,1,1,1,0,1,0,2,2,0,3,3,3,0,3,0,4,4,74.0,108.0,82.0,9.0,18.0,33.0,9.0,322.0,351.0,POINT (-79.69393503370775 43.4987067066663)
2021S051635240065,0,1,2,0,2,0,0,5,5,0,2,21,0,17,0,0,69,69,140.0,191.0,161.0,17.0,23.0,80.0,18.0,485.0,541.0,POINT (-79.81829495083049 43.4069993610465)
2021S051635240066,0,2,1,0,0,0,0,3,3,0,4,2,0,0,0,0,6,6,156.0,216.0,182.0,18.0,24.0,88.0,20.0,512.0,574.0,POINT (-79.79137392034421 43.40752205040554)
2021S051635240067,27,44,34,4,5,17,3,111,116,1439,2009,1920,143,536,848,84,3598,4366,131.0,179.0,151.0,16.0,19.0,73.0,17.0,423.0,478.0,POINT (-79.77579981043803 43.38658924737462)
2021S051635240068,1,3,3,0,0,0,1,5,5,2,15,14,0,0,0,2,22,22,81.0,111.0,97.0,11.0,13.0,52.0,10.0,306.0,336.0,POINT (-79.7241572564207 43.38373197494646)
2021S051635242001,1,0,1,0,2,0,0,8,8,2,0,2,0,10,0,0,24,24,301.0,402.0,288.0,23.0,53.0,108.0,42.0,883.0,983.0,POINT (-79.8480745481979 43.49657456953285)
2021S051635250001,2,5,3,2,0,2,0,28,28,74,23,14,12,0,12,0,175,175,78.0,113.0,101.0,11.0,18.0,50.0,9.0,352.0,383.0,POINT (-79.9864009393147 43.40072700291431)
2021S051635250002,4,8,6,2,3,2,0,51,53,87,169,121,35,17,8,0,689,765,131.0,210.0,194.0,21.0,32.0,91.0,24.0,609.0,662.0,POINT (-80.06723573574631 43.3459602517712)
2021S051635250005,7,13,19,2,3,16,2,46,49,193,475,1935,278,63,1935,97,2714,2802,145.0,225.0,216.0,25.0,37.0,120.0,19.0,555.0,635.0,POINT (-79.81963511401965 43.27288323050848)
2021S051635250006,0,3,2,0,0,1,0,4,5,0,277,5,0,0,3,0,302,305,60.0,89.0,88.0,11.0,15.0,54.0,6.0,278.0,310.0,POINT (-79.86072198003542 43.27149900008388)
2021S051635250007,0,2,1,1,1,1,0,11,11,0,15,12,12,3,12,0,32,32,93.0,144.0,144.0,16.0,28.0,90.0,10.0,408.0,462.0,POINT (-79.92230332968082 43.2753752184148)
2021S051635250008,2,6,2,1,0,0,0,13,14,9,39,10,7,0,0,0,160,163,106.0,160.0,158.0,20.0,28.0,99.0,13.0,439.0,504.0,POINT (-79.88254158361227 43.284486469045326)
2021S051635250009,2,4,2,0,2,0,0,28,28,6,11,5,0,18,0,0,130,130,73.0,124.0,133.0,14.0,24.0,58.0,24.0,413.0,438.0,POINT (-80.12353017050589 43.26367185037912)
2021S051635250010,21,38,36,11,11,14,5,102,111,793,1465,1248,219,179,478,97,1881,2734,130.0,196.0,206.0,25.0,38.0,120.0,21.0,543.0,621.0,POINT (-79.7459984449169 43.24141663769738)
2021S051635250011,0,0,1,0,0,0,0,0,1,0,0,3,0,0,0,0,0,3,62.0,93.0,94.0,12.0,17.0,60.0,8.0,289.0,324.0,POINT (-79.89363838620235 43.27105797386906)
2021S051635250012,0,1,2,0,1,2,0,5,6,0,3,38,0,3,38,0,33,68,103.0,155.0,152.0,19.0,28.0,94.0,13.0,408.0,468.0,POINT (-79.86318170035318 43.25741273394459)
2021S051635250013,0,3,1,0,0,1,0,5,6,0,12,3,0,0,3,0,22,25,128.0,196.0,198.0,24.0,34.0,120.0,17.0,505.0,584.0,POINT (-79.85325329005882 43.25483237338691)
2021S051635250014,1,9,6,0,5,0,0,24,25,117,318,250,0,34,0,0,340,415,61.0,98.0,98.0,12.0,16.0,63.0,7.0,332.0,363.0,POINT (-79.96213709207227 43.268583985609645)
2021S051635250015,0,1,0,0,0,1,0,2,2,0,17,0,0,0,17,0,19,19,90.0,134.0,134.0,16.0,24.0,81.0,12.0,372.0,424.0,POINT (-79.84239748312673 43.25462548038365)
2021S051635250016,0,0,1,0,0,1,0,6,6,0,0,7,0,0,7,0,47,47,73.0,109.0,109.0,13.0,22.0,67.0,10.0,329.0,371.0,POINT (-79.83246854159829 43.25212722264377)
2021S051635250017,0,0,0,0,0,0,0,3,3,0,0,0,0,0,0,0,15,15,86.0,129.0,130.0,15.0,26.0,77.0,11.0,346.0,396.0,POINT (-79.82230131578251 43.249902570865615)
2021S051635250019,1,4,0,0,0,0,0,3,4,145,158,0,0,0,0,0,13,158,135.0,205.0,209.0,25.0,38.0,124.0,19.0,537.0,619.0,POINT (-79.79883028528677 43.24341921217141)
2021S051635250020,14,24,28,6,4,13,4,54,62,729,759,1112,119,89,517,284,1139,1749,86.0,127.0,154.0,19.0,20.0,96.0,16.0,362.0,420.0,POINT (-79.69023795540001 43.21906735242499)
2021S051635250021,0,0,0,0,0,0,0,2,2,0,0,0,0,0,0,0,4,4,113.0,171.0,169.0,21.0,29.0,104.0,14.0,432.0,500.0,POINT (-79.88060083919002 43.254635109420626)
2021S051635250022,1,5,4,1,0,2,0,18,18,12,65,28,12,0,15,0,315,315,66.0,99.0,101.0,12.0,19.0,62.0,9.0,317.0,354.0,POINT (-79.90923004985719 43.25437339246139)
2021S051635250023,0,2,2,1,0,2,0,2,3,0,38,38,3,0,38,0,6,41,103.0,152.0,155.0,18.0,29.0,94.0,14.0,434.0,495.0,POINT (-79.78177129532915 43.239731038735414)
2021S051635250024,7,15,12,3,2,8,3,62,64,635,698,170,11,141,116,62,1560,1637,55.0,95.0,104.0,11.0,22.0,55.0,15.0,374.0,398.0,POINT (-80.09121986520346 43.21396363448797)
2021S051635250025,0,0,0,0,0,0,0,0,0,0,0,0,0,0,0,0,0,0,118.0,174.0,178.0,22.0,33.0,105.0,16.0,462.0,532.0,POINT (-79.77435404048572 43.23046980481302)
2021S051635250026,0,0,0,0,0,0,0,2,2,0,0,0,0,0,0,0,10,10,112.0,168.0,167.0,21.0,29.0,103.0,14.0,437.0,503.0,POINT (-79.86678459525805 43.24844917580946)
2021S051635250027,0,0,0,0,0,0,0,2,2,0,0,0,0,0,0,0,5,5,65.0,98.0,99.0,12.0,20.0,61.0,8.0,320.0,357.0,POINT (-79.84149935423515 43.243721821729594)
2021S051635250028,0,0,0,0,0,0,0,0,0,0,0,0,0,0,0,0,0,0,109.0,161.0,162.0,20.0,30.0,100.0,15.0,434.0,499.0,POINT (-79.75768802382036 43.23181286872606)
2021S051635250029,0,0,0,0,1,0,0,2,2,0,0,0,0,2,0,0,5,5,54.0,85.0,95.0,12.0,15.0,67.0,6.0,288.0,319.0,POINT (-79.97059817228667 43.245676350221956)
2021S051635250030,0,0,0,0,0,0,0,1,1,0,0,0,0,0,0,0,1,1,91.0,135.0,151.0,20.0,24.0,98.0,17.0,394.0,452.0,POINT (-79.76111475657017 43.226700762168576)
2021S051635250031,0,0,0,0,1,0,0,1,1,0,0,0,0,3,0,0,3,3,97.0,145.0,147.0,17.0,28.0,91.0,12.0,407.0,465.0,POINT (-79.8209118370253 43.23308977841099)
2021S051635250032,0,1,0,0,0,0,0,2,2,0,3,0,0,0,0,0,5,5,123.0,181.0,185.0,22.0,35.0,111.0,17.0,486.0,560.0,POINT (-79.79905016327332 43.231914570952156)
2021S051635250033,0,0,0,0,0,0,0,1,1,0,0,0,0,0,0,0,1,1,70.0,108.0,115.0,15.0,17.0,78.0,10.0,341.0,382.0,POINT (-79.89489131759441 43.24112852637299)
2021S051635250034,2,1,2,0,0,0,1,3,3,5,3,5,0,0,0,2,11,11,89.0,140.0,174.0,20.0,24.0,113.0,19.0,415.0,486.0,POINT (-79.71186193377359 43.22000767134119)
2021S051635250035,1,1,2,0,0,0,1,2,2,2,2,4,0,0,0,2,4,4,89.0,137.0,141.0,18.0,23.0,91.0,14.0,398.0,453.0,POINT (-79.85577845233097 43.23808330309456)
2021S051635250036,0,0,0,0,1,0,0,4,4,0,0,0,0,7,0,0,20,20,92.0,142.0,156.0,19.0,24.0,101.0,14.0,404.0,461.0,POINT (-79.8755264164909 43.23678362798874)
2021S051635250037,0,1,1,0,0,0,0,2,2,0,2,2,0,0,0,0,8,8,87.0,134.0,137.0,18.0,23.0,88.0,13.0,384.0,438.0,POINT (-79.83637710112538 43.233425199545)
2021S051635250038,1,1,1,0,4,0,0,10,10,3,3,3,0,19,0,0,108,108,126.0,184.0,214.0,23.0,31.0,139.0,23.0,567.0,644.0,POINT (-79.70545770972927 43.18589710741918)
2021S051635250039,0,0,0,0,0,0,0,2,2,0,0,0,0,0,0,0,6,6,54.0,78.0,84.0,11.0,15.0,56.0,9.0,264.0,296.0,POINT (-79.7356791190394 43.216173183306864)
2021S051635250040,1,0,0,0,0,0,0,2,2,2,0,0,0,0,0,0,3,3,82.0,146.0,162.0,19.0,27.0,112.0,9.0,439.0,491.0,POINT (-79.92049009063741 43.23688794990888)
2021S051635250041,0,1,1,0,0,0,0,2,2,0,5,5,0,0,0,0,7,7,78.0,118.0,129.0,15.0,21.0,85.0,13.0,380.0,426.0,POINT (-79.8059252821809 43.21397373847267)
2021S051635250042,0,0,0,0,0,0,0,1,1,0,0,0,0,0,0,0,2,2,79.0,126.0,140.0,16.0,26.0,92.0,12.0,396.0,444.0,POINT (-79.86003130584184 43.22833236696698)
2021S051635250043,0,0,0,0,0,0,0,0,0,0,0,0,0,0,0,0,0,0,85.0,132.0,137.0,17.0,23.0,88.0,14.0,393.0,447.0,POINT (-79.78546532828108 43.21627908900194)
2021S051635250044,0,0,0,0,0,1,0,1,1,0,0,0,0,0,3,0,3,3,111.0,175.0,206.0,22.0,32.0,138.0,20.0,521.0,596.0,POINT (-79.78039315108926 43.20673741196361)
2021S051635250045,0,1,0,0,0,0,0,1,1,0,6,0,0,0,0,0,6,6,62.0,94.0,103.0,13.0,15.0,69.0,9.0,292.0,327.0,POINT (-79.84065875224817 43.223546525154426)
2021S051635250046,0,0,1,0,0,1,0,1,2,0,0,148,0,0,148,0,1,149,109.0,176.0,204.0,23.0,34.0,133.0,19.0,527.0,599.0,POINT (-79.82943497668806 43.213260045937666)
2021S051635250047,0,0,0,0,0,0,0,0,0,0,0,0,0,0,0,0,0,0,81.0,130.0,149.0,18.0,24.0,100.0,13.0,402.0,454.0,POINT (-79.89867717536364 43.22656921472679)
2021S051635250048,0,0,0,0,0,2,0,5,5,0,0,0,0,0,15,0,46,46,84.0,137.0,156.0,19.0,27.0,105.0,13.0,390.0,445.0,POINT (-79.87376721126495 43.22124828680914)
2021S051635250050,0,1,0,0,0,0,0,2,2,0,2,0,0,0,0,0,8,8,62.0,98.0,110.0,13.0,19.0,73.0,10.0,327.0,365.0,POINT (-79.85429623647143 43.216600410094436)
2021S051635250051,0,2,2,0,2,0,0,5,5,0,6,6,0,10,0,0,17,17,40.0,61.0,78.0,9.0,13.0,58.0,6.0,263.0,281.0,POINT (-79.99893506207654 43.22028157329101)
2021S051635250052,0,0,0,0,0,0,0,1,1,0,0,0,0,0,0,0,54,54,72.0,117.0,133.0,16.0,20.0,89.0,12.0,350.0,397.0,POINT (-79.91805708129077 43.22228369225808)
2021S051635250053,2,5,0,0,0,1,0,12,12,4,10,0,0,0,2,0,25,25,88.0,156.0,188.0,21.0,31.0,132.0,12.0,486.0,552.0,POINT (-79.94324234581734 43.21736475762662)
2021S051635250054,0,2,1,0,0,1,0,5,5,0,9,3,0,0,3,0,20,20,93.0,150.0,178.0,21.0,31.0,118.0,15.0,450.0,512.0,POINT (-79.88702798714955 43.21504134060578)
2021S051635250055,0,0,0,0,0,0,0,0,0,0,0,0,0,0,0,0,0,0,54.0,83.0,97.0,11.0,17.0,65.0,8.0,290.0,324.0,POINT (-79.85825445435918 43.20745825142346)
2021S051635250056,7,13,15,0,6,9,0,42,49,30,164,324,0,97,277,0,449,713,91.0,151.0,181.0,21.0,30.0,115.0,17.0,466.0,529.0,POINT (-79.87330021638992 43.151872622294555)
2021S051635250058,0,0,0,0,0,0,0,2,2,0,0,0,0,0,0,0,5,5,54.0,85.0,99.0,12.0,17.0,66.0,8.0,290.0,325.0,POINT (-79.88139597073537 43.20399102213056)
2021S051635250059,1,1,0,0,0,0,0,1,1,3,3,0,0,0,0,0,3,3,66.0,100.0,120.0,13.0,19.0,76.0,12.0,301.0,342.0,POINT (-79.80151572601348 43.19188262426532)
2021S051635250060,0,1,0,0,1,0,0,2,2,0,5,0,0,3,0,0,8,8,78.0,127.0,152.0,17.0,28.0,98.0,13.0,402.0,456.0,POINT (-79.86177850554441 43.199420595167176)
2021S051635250061,1,3,3,0,0,1,0,5,5,3,8,40,0,0,34,0,45,45,103.0,167.0,205.0,21.0,35.0,133.0,17.0,492.0,567.0,POINT (-79.88146201417803 43.19822854571366)
2021S051635250063,0,0,0,0,0,0,0,2,2,0,0,0,0,0,0,0,3,3,48.0,73.0,92.0,11.0,15.0,69.0,6.0,292.0,315.0,POINT (-79.99301206859758 43.206395604713855)
2021S051635250064,0,0,0,0,0,0,0,0,0,0,0,0,0,0,0,0,0,0,83.0,133.0,166.0,18.0,28.0,105.0,16.0,381.0,440.0,POINT (-79.79678431086656 43.18202684168722)
2021S051635250067,0,1,0,0,1,0,0,10,10,0,87,0,0,3,0,0,204,204,114.0,175.0,172.0,20.0,31.0,101.0,14.0,483.0,544.0,POINT (-79.91632368230208 43.32846485928319)
2021S051635250068,0,2,2,0,1,2,0,6,7,0,5,5,0,3,7,0,18,21,65.0,100.0,118.0,13.0,17.0,76.0,11.0,326.0,367.0,POINT (-79.92893597400813 43.16190440898485)
2021S051635250069,3,5,7,0,0,3,1,26,28,66,105,169,0,0,80,2,460,537,95.0,143.0,203.0,22.0,28.0,126.0,21.0,447.0,523.0,POINT (-79.65376182136822 43.21506345611739)
2021S051635250070,0,0,0,0,0,0,0,1,1,0,0,0,0,0,0,0,1,1,63.0,105.0,118.0,15.0,19.0,80.0,8.0,343.0,382.0,POINT (-79.97408991737036 43.22007878309283)
2021S051635250071,0,4,2,1,1,3,1,12,12,0,13,8,6,3,16,2,105,105,110.0,179.0,165.0,20.0,28.0,98.0,10.0,466.0,524.0,POINT (-79.89053729957492 43.34356371276864)
2021S051635250072,0,0,0,0,0,0,0,2,2,0,0,0,0,0,0,0,2,2,95.0,154.0,186.0,21.0,29.0,124.0,16.0,454.0,523.0,POINT (-79.90921514954996 43.2087377836308)
2021S051635250073,1,2,1,0,0,0,0,9,9,2,4,2,0,0,0,0,273,273,124.0,195.0,248.0,26.0,43.0,157.0,24.0,590.0,682.0,POINT (-79.79994168407518 43.1496027882598)
2021S051635250074,0,0,0,0,0,0,0,4,4,0,0,0,0,0,0,0,6,6,80.0,126.0,170.0,18.0,26.0,111.0,17.0,414.0,469.0,POINT (-79.78814640537001 43.11446491517187)
2021S051635260001,1,12,6,0,2,1,0,131,131,2,127,48,0,6,2,0,2010,2010,80.0,132.0,119.0,9.0,32.0,62.0,4.0,547.0,609.0,POINT (-79.12828364982327 43.20167875261478)
2021S051635260003,0,0,0,0,0,0,0,4,4,0,0,0,0,0,0,0,10,10,80.0,134.0,92.0,9.0,32.0,29.0,4.0,392.0,451.0,POINT (-79.21506851411837 43.191597793084405)
2021S051635260004,0,0,0,0,1,0,0,1,1,0,0,0,0,7,0,0,7,7,55.0,99.0,65.0,4.0,24.0,21.0,1.0,283.0,330.0,POINT (-79.2422444635865 43.20452145505312)
2021S051635260005,0,1,1,0,3,1,0,19,20,0,12,3,0,21,1,0,149,150,79.0,115.0,84.0,7.0,34.0,30.0,3.0,385.0,436.0,POINT (-79.26982261670038 43.19435744170041)
2021S051635260010,1,2,2,0,0,0,0,6,6,20,29,29,0,0,0,0,45,45,63.0,103.0,72.0,8.0,29.0,25.0,3.0,353.0,395.0,POINT (-79.24134877231921 43.18712606089049)
2021S051635260013,1,2,2,0,1,0,0,7,7,2,47,89,0,34,0,0,180,180,74.0,118.0,106.0,9.0,35.0,51.0,3.0,424.0,477.0,POINT (-79.25413968374363 43.16844875908033)
2021S051635260017,4,9,6,0,0,0,0,22,24,489,508,162,0,0,0,0,162,644,57.0,89.0,79.0,6.0,23.0,39.0,3.0,336.0,373.0,POINT (-79.2858391238936 43.15016695577048)
2021S051635260018,1,1,2,0,0,1,0,3,5,529,529,22,0,0,15,0,158,702,99.0,158.0,146.0,10.0,48.0,73.0,6.0,563.0,636.0,POINT (-79.20342585395635 43.141519995827814)
2021S051635260020,1,0,2,0,0,0,1,6,6,2,0,142,0,0,0,2,158,158,66.0,96.0,105.0,12.0,16.0,38.0,15.0,259.0,304.0,POINT (-79.56513000129394 43.19619126858913)
2021S051635260022,0,1,0,0,1,1,0,6,6,0,6,0,0,34,4,0,54,54,75.0,115.0,109.0,9.0,29.0,59.0,4.0,392.0,452.0,POINT (-79.10628941525023 43.12653598412246)
2021S051635260023,2,4,2,0,1,1,0,13,14,9,28,41,0,34,35,0,101,136,57.0,100.0,84.0,8.0,23.0,46.0,3.0,351.0,387.0,POINT (-79.23095654845866 43.08550792848633)
2021S051635260024,0,4,3,0,1,0,0,9,9,0,20,14,0,3,0,0,94,94,41.0,77.0,64.0,7.0,16.0,30.0,3.0,240.0,268.0,POINT (-79.10716134250549 43.10699178232163)
2021S051635260027,0,1,2,0,0,4,0,7,8,0,32,10,0,0,53,0,70,77,89.0,146.0,135.0,10.0,42.0,68.0,5.0,503.0,569.0,POINT (-79.2117817275171 43.11987564117649)
2021S051635260028,1,2,1,0,1,1,0,6,8,15,18,35,0,145,35,0,176,226,52.0,102.0,77.0,8.0,19.0,37.0,3.0,304.0,339.0,POINT (-79.12857558394398 43.110389422828206)
2021S051635260030,0,0,0,0,0,0,0,0,0,0,0,0,0,0,0,0,0,0,68.0,135.0,106.0,12.0,29.0,61.0,3.0,400.0,453.0,POINT (-79.09997893057422 43.090593997275896)
2021S051635260031,0,3,2,0,0,0,0,7,7,0,105,61,0,0,0,0,126,126,54.0,106.0,80.0,8.0,23.0,44.0,3.0,320.0,358.0,POINT (-79.12595920179524 43.08460497681719)
2021S051635260033,1,4,1,0,0,1,0,6,8,15,80,3,0,0,3,0,316,334,62.0,119.0,95.0,11.0,26.0,56.0,3.0,353.0,400.0,POINT (-79.08105278691808 43.079087658310925)
2021S051635260034,2,6,5,0,12,2,1,69,70,107,36,92,0,180,6,2,929,932,165.0,235.0,347.0,28.0,44.0,231.0,29.0,808.0,953.0,POINT (-79.56187305409374 43.06874740271636)
2021S051635260035,6,9,8,2,3,2,1,31,31,160,123,141,43,43,118,50,718,718,70.0,138.0,108.0,11.0,27.0,61.0,3.0,412.0,460.0,POINT (-79.09903553296336 43.01250390544026)
2021S051635260036,0,1,2,0,1,1,0,27,27,0,3,36,0,13,3,0,203,203,41.0,62.0,58.0,5.0,13.0,34.0,4.0,302.0,320.0,POINT (-79.34942383828066 43.041778584010764)
2021S051635260037,1,2,1,1,3,1,0,16,17,3,18,15,3,43,2,0,106,121,47.0,78.0,67.0,6.0,15.0,39.0,3.0,307.0,334.0,POINT (-79.28925038524329 43.038184073333206)
2021S051635260040,0,1,1,1,0,2,0,6,6,0,6,6,6,0,9,0,25,25,87.0,164.0,131.0,11.0,37.0,78.0,4.0,522.0,589.0,POINT (-79.25965124037238 43.0167672883343)
2021S051635260042,0,2,2,1,0,3,0,3,4,0,13,13,6,0,31,0,26,33,81.0,140.0,97.0,9.0,31.0,71.0,4.0,402.0,465.0,POINT (-79.28064612042047 42.98709503115679)
2021S051635260043,0,2,1,0,0,0,0,5,5,0,14,2,0,0,0,0,20,20,43.0,116.0,118.0,14.0,14.0,105.0,5.0,381.0,396.0,POINT (-79.07889069428484 42.87608387192461)
2021S051635260044,1,5,2,0,0,2,0,18,18,4,77,37,0,0,35,0,205,205,77.0,129.0,90.0,8.0,29.0,64.0,4.0,368.0,427.0,POINT (-79.26064587830255 42.97863673246526)
2021S051635260046,2,2,2,0,0,1,0,21,21,15,17,17,0,0,3,0,56,56,60.0,97.0,118.0,8.0,21.0,85.0,7.0,401.0,434.0,POINT (-79.38941327976046 42.93259401798061)
2021S051635260047,3,7,5,1,0,1,0,11,12,147,191,72,13,0,3,0,481,484,69.0,189.0,73.0,27.0,25.0,67.0,10.0,461.0,465.0,POINT (-78.94804393982922 42.90429441157374)
2021S051635260048,0,1,2,0,2,3,0,13,14,0,2,17,0,71,147,0,260,275,45.0,116.0,114.0,12.0,31.0,91.0,5.0,462.0,480.0,POINT (-79.17899244898209 42.912197999751484)
2021S051635260051,0,4,3,1,2,4,0,15,16,0,89,27,3,138,18,0,304,307,75.0,127.0,86.0,8.0,29.0,29.0,4.0,397.0,452.0,POINT (-79.21446867445398 43.21888189684732)
2021S051635260052,4,11,7,1,4,3,0,39,40,43,136,190,28,38,69,0,621,624,82.0,135.0,122.0,9.0,32.0,60.0,4.0,445.0,508.0,POINT (-79.20969498973479 43.17914739127016)
2021S051635260053,0,7,7,0,2,3,1,23,25,0,84,378,0,6,47,10,584,594,82.0,129.0,118.0,9.0,40.0,57.0,4.0,475.0,534.0,POINT (-79.23311461732165 43.162202417090505)
2021S051635260054,0,2,1,0,0,0,0,4,4,0,5,2,0,0,0,0,16,16,41.0,66.0,62.0,6.0,16.0,29.0,3.0,256.0,281.0,POINT (-79.23723080286813 43.13062374404148)
2021S051635260055,0,3,2,1,0,1,0,6,6,0,63,92,29,0,31,0,178,178,44.0,83.0,68.0,8.0,15.0,34.0,3.0,253.0,284.0,POINT (-79.07427964867202 43.1096722039239)
2021S051635260056,2,2,9,0,0,7,0,17,20,33,7,595,0,0,619,0,854,927,62.0,113.0,94.0,8.0,25.0,53.0,3.0,381.0,423.0,POINT (-79.19387782446951 42.9808713510137)
2021S051635260057,0,1,1,0,0,0,0,1,1,0,25,25,0,0,0,0,25,25,79.0,136.0,95.0,9.0,31.0,69.0,4.0,383.0,445.0,POINT (-79.23307598740725 42.984423452936205)
2021S051635260058,1,4,4,0,1,3,0,15,17,2,116,177,0,15,142,0,270,339,47.0,112.0,177.0,12.0,42.0,161.0,6.0,544.0,567.0,POINT (-79.26274006740164 42.90787147725811)
2021S051635260059,1,8,4,3,0,2,0,25,25,26,608,111,75,0,72,0,714,714,32.0,90.0,88.0,11.0,22.0,70.0,3.0,319.0,335.0,POINT (-79.04701648207342 42.933847512477314)
2021S051635260060,2,1,3,0,1,0,1,8,8,52,2,81,0,3,0,50,164,164,105.0,144.0,162.0,18.0,28.0,59.0,24.0,398.0,471.0,POINT (-79.53417390885801 43.18551171369737)
2021S051635260061,3,9,4,0,3,2,1,93,94,59,233,108,0,25,6,2,1281,1284,76.0,107.0,125.0,6.0,29.0,65.0,7.0,540.0,586.0,POINT (-79.38354501432043 43.134743920172646)
2021S051635260062,0,2,1,0,1,0,0,9,9,0,33,5,0,3,0,0,86,86,41.0,76.0,63.0,7.0,16.0,36.0,3.0,273.0,299.0,POINT (-79.15663456886972 43.11569011597993)
2021S051635260063,1,4,6,1,0,3,2,26,27,100,81,187,3,0,20,102,278,293,110.0,159.0,232.0,25.0,30.0,141.0,25.0,477.0,566.0,POINT (-79.58525598874475 43.18235168844232)
2021S051635260064,8,14,12,1,2,4,0,63,66,257,264,268,3,17,114,0,855,971,194.0,217.0,253.0,16.0,47.0,83.0,44.0,629.0,765.0,POINT (-79.48407070810944 43.164474170347795)
2021S051635260065,1,3,1,1,0,0,0,16,16,7,16,7,7,0,0,0,224,224,92.0,142.0,129.0,9.0,40.0,64.0,4.0,508.0,572.0,POINT (-79.26316957101389 43.13396987547047)
2021S051635280001,2,8,4,1,0,2,1,29,29,109,87,114,3,0,4,50,389,389,159.0,234.0,283.0,38.0,77.0,161.0,11.0,782.0,902.0,POINT (-79.94741861214735 43.02640111747533)
2021S051635280002,2,2,4,0,3,3,0,44,47,35,37,567,0,35,583,0,803,843,64.0,101.0,136.0,4.0,45.0,98.0,7.0,531.0,567.0,POINT (-79.78957442611842 42.96477695604623)
2021S051635280003,0,0,0,0,0,0,0,0,0,0,0,0,0,0,0,0,0,0,0.0,0.0,0.0,0.0,0.0,0.0,0.0,0.0,0.0,POINT (-80.02098142804157 43.03305782010876)
2021S051635280005,3,2,2,0,1,0,0,26,26,37,32,32,0,3,0,0,172,172,38.0,79.0,175.0,5.0,40.0,135.0,1.0,488.0,506.0,POINT (-79.54409817486096 42.92557107847656)
2021S051635280006,0,5,4,1,7,3,0,37,39,0,93,357,31,29,354,0,519,541,80.0,104.0,181.0,45.0,38.0,120.0,6.0,491.0,550.0,POINT (-79.9204712297445 42.873885792796436)
2021S051635280008,0,4,2,1,3,3,0,40,40,0,13,9,6,69,100,0,385,385,74.0,132.0,202.0,56.0,39.0,127.0,7.0,442.0,501.0,POINT (-80.1254728672349 42.913072170252875)
2021S051635280009,0,0,0,0,0,0,0,0,0,0,0,0,0,0,0,0,0,0,6.0,18.0,17.0,4.0,7.0,14.0,1.0,59.0,65.0,POINT (-80.06318000754995 42.97450748789376)
2021S051635280018,0,0,1,0,1,1,0,22,23,0,0,15,0,7,15,0,70,85,77.0,143.0,163.0,30.0,44.0,61.0,13.0,456.0,497.0,POINT (-80.26502153305415 42.977686543919916)
2021S051635280019,0,0,1,0,2,0,0,31,31,0,0,3,0,5,0,0,175,175,214.0,196.0,200.0,13.0,31.0,49.0,21.0,313.0,435.0,POINT (-80.590002322268 42.65446347352276)
2021S051635280020,1,3,4,1,1,1,0,59,59,4,10,43,3,33,3,0,374,374,85.0,130.0,168.0,50.0,38.0,79.0,7.0,460.0,525.0,POINT (-80.42419465799932 42.91310167454587)
2021S051635280021,1,6,3,1,0,2,0,30,33,527,583,541,308,0,14,0,865,1406,85.0,151.0,193.0,59.0,39.0,89.0,6.0,410.0,484.0,POINT (-80.25119301669156 42.9001181143786)
2021S051635280022,1,4,3,1,2,5,0,26,28,3,130,139,119,6,142,0,234,252,162.0,262.0,352.0,142.0,48.0,198.0,0.0,624.0,802.0,POINT (-80.22724289325048 42.827284177354784)
2021S051635280023,0,2,3,1,1,2,0,23,23,0,15,48,6,3,19,0,124,124,241.0,255.0,249.0,50.0,29.0,63.0,12.0,383.0,536.0,POINT (-80.51148428047898 42.84046582816062)
2021S051635280024,3,3,3,0,0,2,1,33,34,189,44,161,0,0,88,50,292,366,246.0,245.0,246.0,23.0,36.0,62.0,20.0,381.0,520.0,POINT (-80.65814506367141 42.77615226451705)
2021S051635280025,1,1,1,0,1,0,0,29,29,6,6,6,0,3,0,0,159,159,201.0,217.0,228.0,40.0,32.0,77.0,10.0,415.0,546.0,POINT (-80.4602991766655 42.77742692667831)
2021S051635280026,0,3,3,1,0,2,0,44,44,0,8,8,3,0,5,0,205,205,278.0,295.0,314.0,55.0,43.0,102.0,14.0,490.0,672.0,POINT (-80.37570369513307 42.7093308995845)
2021S051635290001,3,9,8,3,0,7,1,32,35,67,124,115,78,0,119,33,279,304,131.0,215.0,217.0,22.0,45.0,62.0,41.0,590.0,634.0,POINT (-80.33759879172416 43.24272392309247)
2021S051635290002,0,3,4,0,1,1,0,31,32,0,171,310,0,145,74,0,438,512,95.0,156.0,193.0,23.0,50.0,79.0,32.0,542.0,597.0,POINT (-80.36784216814506 43.13622296883625)
2021S051635290003,2,6,5,0,1,2,0,18,19,18,70,70,0,145,53,0,279,314,86.0,163.0,189.0,20.0,58.0,66.0,42.0,492.0,525.0,POINT (-80.38694472960316 43.198460408335606)
2021S051635290004,0,0,1,0,0,1,0,5,5,0,0,15,0,0,15,0,60,60,107.0,202.0,237.0,26.0,74.0,77.0,54.0,587.0,630.0,POINT (-80.24891282409838 43.185638735318456)
2021S051635290005,0,1,4,0,1,1,2,11,11,0,3,766,0,68,70,693,892,892,80.0,146.0,171.0,18.0,53.0,62.0,39.0,449.0,479.0,POINT (-80.38215893523399 43.18968714228979)
2021S051635290006,15,42,34,9,8,17,1,119,126,815,1717,1770,101,441,514,14,3420,3787,112.0,213.0,246.0,27.0,78.0,76.0,59.0,615.0,652.0,POINT (-80.23020495859792 43.166238778476526)
2021S051635290007,0,0,0,0,2,0,0,7,7,0,0,0,0,6,0,0,17,17,81.0,150.0,177.0,19.0,55.0,63.0,41.0,454.0,484.0,POINT (-80.27235899463254 43.17771484112847)
2021S051635290008,1,1,1,0,0,0,0,2,3,7,7,7,0,0,0,0,3,10,67.0,121.0,139.0,15.0,43.0,47.0,33.0,346.0,369.0,POINT (-80.25557455374513 43.177882691578255)
2021S051635290009,0,2,2,0,0,0,0,3,3,0,4,4,0,0,0,0,6,6,105.0,200.0,238.0,24.0,73.0,81.0,55.0,598.0,640.0,POINT (-80.28949756785254 43.16976675698936)
2021S051635290010,2,6,5,0,4,1,0,20,20,153,374,379,0,340,37,0,1417,1417,100.0,187.0,222.0,23.0,69.0,75.0,51.0,563.0,602.0,POINT (-80.33348079671832 43.15788447560721)
2021S051635290011,0,1,2,1,0,1,1,3,3,0,3,234,3,0,3,231,240,240,87.0,159.0,189.0,20.0,58.0,65.0,43.0,473.0,506.0,POINT (-80.26501470225286 43.1577067190271)
2021S051635290012,0,0,0,0,1,1,0,2,2,0,0,0,0,7,2,0,9,9,116.0,216.0,250.0,26.0,87.0,83.0,61.0,647.0,685.0,POINT (-80.23260879199225 43.1429767065326)
2021S051635290013,2,4,2,1,4,2,0,67,67,12,159,128,119,11,132,0,383,383,145.0,177.0,229.0,26.0,45.0,60.0,55.0,589.0,665.0,POINT (-80.45169367777541 43.0769603397196)
2021S051635290014,3,2,4,2,2,1,0,11,11,39,9,45,39,6,6,0,277,277,76.0,135.0,156.0,17.0,52.0,61.0,36.0,432.0,459.0,POINT (-80.27794222073007 43.13480228087008)
2021S051635290015,0,0,0,0,0,0,0,2,2,0,0,0,0,0,0,0,124,124,0.0,0.0,0.0,0.0,0.0,0.0,0.0,0.0,0.0,POINT (-80.12127540659641 43.063657659883226)
2021S051635290016,1,2,2,1,0,1,0,5,5,6,30,30,28,0,28,0,133,133,79.0,144.0,161.0,18.0,56.0,58.0,38.0,444.0,468.0,POINT (-80.24720724262112 43.139187912985506)
2021S051635290017,4,5,3,1,3,1,2,14,14,41,124,61,12,68,12,27,247,247,108.0,201.0,238.0,23.0,83.0,84.0,57.0,640.0,680.0,POINT (-80.25172722563941 43.124477127725534)
2021S051635290019,0,0,0,0,0,0,0,0,0,0,0,0,0,0,0,0,0,0,11.0,22.0,21.0,6.0,7.0,16.0,2.0,79.0,85.0,POINT (-80.09682834939792 42.998928110501396)
2021S051635290020,1,3,1,1,0,1,0,12,12,11,9,3,3,0,3,0,86,86,155.0,292.0,353.0,34.0,124.0,124.0,85.0,893.0,953.0,POINT (-80.2967420187517 43.11391446487276)
2021S051635300001,6,9,10,1,4,5,2,47,49,87,90,106,12,43,32,29,512,549,231.0,297.0,224.0,21.0,37.0,57.0,39.0,726.0,802.0,POINT (-80.43887718169732 43.56220319154905)
2021S051635300002,12,47,61,17,28,26,2,151,161,70,246,387,92,375,170,12,832,942,170.0,252.0,236.0,20.0,55.0,58.0,19.0,922.0,1004.0,POINT (-80.71862421329517 43.55117684079501)
2021S051635300004,8,21,6,0,2,5,0,54,55,576,976,312,0,43,406,0,1852,1855,234.0,295.0,215.0,13.0,43.0,47.0,29.0,567.0,646.0,POINT (-80.50224087471771 43.516077203339954)
2021S051635300005,12,16,11,1,3,2,2,45,48,321,643,254,29,66,89,34,1478,1601,176.0,222.0,176.0,15.0,32.0,43.0,28.0,473.0,532.0,POINT (-80.4722086266139 43.4821180361738)
2021S051635300007,1,9,5,1,0,1,0,20,20,2,39,79,3,0,2,0,284,284,385.0,471.0,360.0,24.0,68.0,79.0,65.0,870.0,1003.0,POINT (-80.50545603800794 43.490960484248035)
2021S051635300008,9,27,20,4,6,7,0,52,55,664,1536,1267,92,140,125,0,1533,2081,79.0,135.0,123.0,10.0,28.0,33.0,9.0,334.0,370.0,POINT (-80.54770804617526 43.49859834312941)
2021S051635300010,0,1,1,0,0,0,0,5,6,0,1,346,0,0,0,0,11,357,211.0,272.0,207.0,17.0,33.0,53.0,37.0,552.0,620.0,POINT (-80.43525067830691 43.46804914522411)
2021S051635300011,0,0,0,0,0,0,0,1,1,0,0,0,0,0,0,0,1,1,110.0,202.0,181.0,14.0,44.0,48.0,12.0,427.0,475.0,POINT (-80.55418598595666 43.489125644785986)
2021S051635300013,2,4,3,0,0,1,2,10,10,85,106,38,0,0,14,29,149,149,200.0,326.0,307.0,25.0,67.0,83.0,38.0,698.0,795.0,POINT (-80.54917164131398 43.47268546447343)
2021S051635300014,1,4,3,0,0,1,0,9,9,30,38,36,0,0,2,0,55,55,146.0,236.0,228.0,19.0,48.0,57.0,32.0,535.0,603.0,POINT (-80.51047430225229 43.472069620734345)
2021S051635300015,1,2,2,0,0,0,0,3,3,3,5,5,0,0,0,0,26,26,286.0,364.0,267.0,23.0,41.0,62.0,52.0,686.0,768.0,POINT (-80.29703744088563 43.436208569501765)
2021S051635300016,2,2,2,0,1,4,1,8,9,9,32,17,0,123,55,7,187,202,216.0,275.0,213.0,19.0,36.0,51.0,33.0,551.0,625.0,POINT (-80.49257800730044 43.463629548220055)
2021S051635300017,1,1,1,0,0,0,1,5,5,3,3,5,0,0,0,5,15,15,148.0,190.0,146.0,13.0,25.0,38.0,24.0,429.0,476.0,POINT (-80.46336094210731 43.45733240518251)
2021S051635300019,2,3,1,0,0,0,0,9,9,6,9,4,0,0,0,0,23,23,206.0,355.0,336.0,29.0,73.0,96.0,44.0,799.0,890.0,POINT (-80.59449993723528 43.46832947307532)
2021S051635300021,0,0,0,0,0,0,0,1,1,0,0,0,0,0,0,0,1,1,212.0,273.0,208.0,17.0,32.0,51.0,34.0,532.0,601.0,POINT (-80.44724994786935 43.45031362783378)
2021S051635300022,2,9,5,2,0,3,0,18,18,11,47,27,6,0,10,0,144,144,223.0,286.0,219.0,19.0,37.0,51.0,34.0,569.0,646.0,POINT (-80.48170529277016 43.45420133977853)
2021S051635300023,0,0,0,0,0,0,0,2,2,0,0,0,0,0,0,0,3,3,133.0,171.0,133.0,12.0,19.0,36.0,22.0,383.0,425.0,POINT (-80.42625655965588 43.44628924867409)
2021S051635300024,0,0,0,0,1,0,0,5,5,0,0,0,0,3,0,0,16,16,90.0,154.0,130.0,14.0,35.0,42.0,11.0,371.0,408.0,POINT (-80.67894687411675 43.40707230143536)
2021S051635300025,4,6,7,0,0,0,1,11,12,73,101,111,0,0,0,10,224,258,260.0,325.0,245.0,21.0,36.0,59.0,47.0,636.0,709.0,POINT (-80.30906021992823 43.42298307882648)
2021S051635300026,1,0,0,0,1,0,0,5,5,123,0,0,0,3,0,0,130,130,154.0,256.0,235.0,24.0,45.0,64.0,30.0,557.0,620.0,POINT (-80.51666937759059 43.4498606058986)
2021S051635300027,4,7,1,0,1,0,0,18,18,51,58,3,0,3,0,0,121,121,193.0,330.0,314.0,26.0,69.0,88.0,42.0,765.0,852.0,POINT (-80.56758987929406 43.458295652683184)
2021S051635300028,0,0,0,0,0,0,0,1,1,0,0,0,0,0,0,0,2,2,121.0,160.0,124.0,11.0,21.0,35.0,19.0,336.0,374.0,POINT (-80.47049758177376 43.446573820218894)
2021S051635300029,0,1,0,0,0,0,0,1,1,0,3,0,0,0,0,0,3,3,225.0,295.0,221.0,20.0,37.0,58.0,36.0,581.0,651.0,POINT (-80.44213549193583 43.43665176596466)
2021S051635300030,0,1,1,1,1,1,0,3,3,0,6,6,6,3,6,0,10,10,89.0,140.0,129.0,14.0,28.0,35.0,16.0,361.0,393.0,POINT (-80.5032431973081 43.44308732420615)
2021S051635300031,0,0,0,0,0,0,0,3,3,0,0,0,0,0,0,0,25,25,164.0,214.0,164.0,14.0,26.0,45.0,27.0,449.0,499.0,POINT (-80.41629664509607 43.43000436782792)
2021S051635300033,2,4,4,0,1,0,0,7,7,15,32,27,0,7,0,0,71,71,129.0,214.0,193.0,19.0,36.0,53.0,27.0,484.0,532.0,POINT (-80.47380812967393 43.43815513119814)
2021S051635300034,1,0,1,1,1,0,0,7,7,14,0,14,14,7,0,0,77,77,168.0,289.0,277.0,24.0,57.0,78.0,41.0,636.0,709.0,POINT (-80.52257656831894 43.442622375648114)
2021S051635300036,0,1,1,0,2,0,0,5,5,0,9,9,0,10,0,0,44,44,171.0,286.0,262.0,27.0,47.0,71.0,38.0,618.0,683.0,POINT (-80.49045189072376 43.43435495428756)
2021S051635300039,0,1,1,0,2,0,0,4,4,0,3,3,0,14,0,0,18,18,97.0,164.0,153.0,14.0,32.0,44.0,20.0,395.0,434.0,POINT (-80.55849575212922 43.432331650386764)
2021S051635300041,3,4,4,0,1,1,1,20,21,579,73,77,0,3,7,514,637,644,538.0,669.0,495.0,42.0,66.0,113.0,96.0,1212.0,1365.0,POINT (-80.36713667965363 43.3913550407431)
2021S051635300042,6,10,14,6,2,7,3,50,52,156,433,577,94,66,188,106,858,967,171.0,286.0,270.0,25.0,53.0,72.0,43.0,688.0,749.0,POINT (-80.37392051218667 43.336689239157465)
2021S051635300043,2,9,7,1,3,3,0,25,26,8,158,459,60,112,109,0,926,961,419.0,548.0,402.0,36.0,57.0,100.0,72.0,991.0,1121.0,POINT (-80.41448154515548 43.405738276079944)
2021S051635300044,2,1,0,0,0,0,0,3,3,7,5,0,0,0,0,0,9,9,217.0,367.0,328.0,35.0,59.0,89.0,42.0,759.0,847.0,POINT (-80.51091049905018 43.430306229220136)
2021S051635300045,0,0,0,0,0,0,0,1,1,0,0,0,0,0,0,0,1,1,125.0,225.0,201.0,18.0,45.0,59.0,26.0,514.0,569.0,POINT (-80.54072351617651 43.42958559704071)
2021S051635300046,3,3,3,0,0,1,0,6,6,23,23,23,0,0,2,0,30,30,182.0,313.0,281.0,28.0,52.0,82.0,39.0,678.0,750.0,POINT (-80.48828481848366 43.41931833336715)
2021S051635300047,1,5,5,1,2,2,1,14,15,3,51,288,28,87,43,231,438,453,227.0,287.0,215.0,19.0,31.0,53.0,37.0,572.0,637.0,POINT (-80.33762723134261 43.397347418264864)
2021S051635300048,1,0,1,0,0,0,0,2,2,2,0,2,0,0,0,0,3,3,92.0,172.0,156.0,18.0,33.0,47.0,20.0,414.0,454.0,POINT (-80.52996509795686 43.42416272707129)
2021S051635300050,1,1,1,0,0,0,0,2,2,3,3,3,0,0,0,0,5,5,169.0,290.0,256.0,28.0,46.0,72.0,32.0,611.0,681.0,POINT (-80.5201385356286 43.41194317743395)
2021S051635300051,1,1,2,1,0,1,1,3,3,24,6,30,6,0,6,24,40,40,310.0,390.0,288.0,27.0,37.0,65.0,55.0,716.0,804.0,POINT (-80.30928876942959 43.38520945774335)
2021S051635300052,1,3,1,1,0,1,0,4,4,2,105,6,6,0,6,0,108,108,105.0,178.0,168.0,15.0,38.0,47.0,25.0,442.0,487.0,POINT (-80.54269609100139 43.41697516425066)
2021S051635300053,0,0,0,1,0,0,0,2,2,0,0,0,3,0,0,0,6,6,148.0,250.0,222.0,22.0,40.0,64.0,29.0,543.0,600.0,POINT (-80.48938707752698 43.40890230492646)
2021S051635300054,2,6,6,2,1,3,1,14,15,24,748,349,304,7,307,24,815,818,199.0,318.0,291.0,30.0,44.0,74.0,45.0,693.0,762.0,POINT (-80.31870267384008 43.37675278758159)
2021S051635300056,8,16,15,1,3,4,3,34,35,577,1081,877,6,25,388,246,1802,1817,220.0,343.0,311.0,31.0,48.0,78.0,49.0,741.0,815.0,POINT (-80.2824073523779 43.362035066262415)
2021S051635300058,2,2,0,0,4,0,0,12,12,10,10,0,0,14,0,0,298,298,139.0,226.0,212.0,23.0,35.0,59.0,36.0,529.0,583.0,POINT (-80.3335094403601 43.36216408804989)
2021S051635300061,0,1,1,1,0,1,0,2,2,0,6,6,6,0,6,0,12,12,183.0,307.0,291.0,35.0,49.0,79.0,51.0,693.0,756.0,POINT (-80.29549874784965 43.34451572121377)
2021S051635300062,0,0,0,0,0,0,0,2,2,0,0,0,0,0,0,0,2,2,112.0,184.0,194.0,21.0,31.0,53.0,42.0,454.0,499.0,POINT (-80.3086570299888 43.34466576699308)
2021S051635300063,0,4,2,0,1,1,0,11,12,0,28,18,0,2,15,0,73,88,192.0,320.0,340.0,35.0,52.0,87.0,72.0,723.0,802.0,POINT (-80.3298886099344 43.343759031969554)
2021S051635300064,9,21,22,5,3,10,2,49,53,466,491,687,34,29,162,150,914,1021,187.0,278.0,252.0,31.0,64.0,66.0,19.0,642.0,734.0,POINT (-80.55752577930994 43.59412577093413)
2021S051635300065,5,23,13,1,0,6,0,41,44,140,1430,1094,28,0,214,0,1879,1956,290.0,377.0,279.0,22.0,41.0,69.0,47.0,743.0,833.0,POINT (-80.35483720474771 43.43869728471314)
2021S051635300066,1,2,3,0,2,0,0,5,5,6,8,11,0,9,0,0,19,19,308.0,395.0,298.0,22.0,39.0,68.0,50.0,732.0,825.0,POINT (-80.40979457117206 43.44816110777056)
2021S051635300067,29,50,43,4,5,16,4,104,118,2208,2793,2346,182,137,390,101,3933,4688,348.0,434.0,322.0,28.0,48.0,76.0,63.0,814.0,914.0,POINT (-80.30269948653581 43.403799954628326)
2021S051635300068,0,1,0,0,0,0,0,2,2,0,13,0,0,0,0,0,260,260,171.0,289.0,259.0,27.0,47.0,70.0,36.0,626.0,691.0,POINT (-80.44861338321962 43.42917712545715)
2021S051635300069,12,24,22,6,14,10,2,68,72,1357,2094,2074,237,491,321,241,3697,4413,493.0,856.0,761.0,79.0,132.0,221.0,109.0,1676.0,1874.0,POINT (-80.48154673912916 43.39288021764205)
2021S051635300070,0,3,2,0,0,1,0,6,6,0,6,4,0,0,2,0,12,12,167.0,273.0,247.0,27.0,36.0,62.0,38.0,600.0,658.0,POINT (-80.28435141566442 43.38381363244786)
2021S051635300071,0,0,0,0,0,0,0,2,2,0,0,0,0,0,0,0,8,8,252.0,431.0,384.0,42.0,69.0,104.0,47.0,873.0,981.0,POINT (-80.5138242463629 43.40430598292633)
2021S051635300072,1,3,2,1,0,1,0,6,6,2,7,6,3,0,3,0,22,22,168.0,282.0,250.0,26.0,39.0,70.0,37.0,629.0,691.0,POINT (-80.42656408986241 43.374460864433786)
2021S051635300073,3,8,8,0,3,5,1,31,33,102,233,145,0,48,252,2,529,570,128.0,215.0,212.0,23.0,54.0,55.0,19.0,495.0,560.0,POINT (-80.70625893962095 43.38468365410292)
2021S051635300074,1,1,0,0,0,0,1,4,4,14,3,0,0,0,0,14,25,25,164.0,265.0,235.0,28.0,40.0,65.0,43.0,589.0,641.0,POINT (-80.27860866366909 43.346053129527185)
2021S051635302000,3,12,9,1,1,3,1,22,24,59,140,123,12,15,22,24,249,259,100.0,130.0,97.0,7.0,21.0,26.0,12.0,381.0,415.0,POINT (-80.5655174711898 43.52637465895242)
2021S051635302001,1,2,4,0,4,2,0,47,48,291,294,307,0,34,5,0,525,528,75.0,126.0,114.0,12.0,24.0,38.0,18.0,444.0,470.0,POINT (-80.58745911781622 43.38317058635136)
2021S051635310001,9,15,20,3,7,6,1,144,148,777,826,807,21,37,59,2,1133,1565,425.0,490.0,451.0,26.0,128.0,88.0,57.0,1246.0,1534.0,POINT (-80.97092082982753 43.70741372457683)
2021S051635310002,6,11,18,2,11,8,2,102,106,86,37,143,6,46,37,73,442,462,241.0,254.0,289.0,10.0,55.0,37.0,24.0,1043.0,1164.0,POINT (-80.9560965685592 43.50208132739438)
2021S051635310003,3,6,5,2,2,3,0,82,83,17,23,19,5,6,8,0,410,413,304.0,293.0,287.0,9.0,30.0,43.0,9.0,743.0,921.0,POINT (-81.24929644960122 43.47766349218652)
2021S051635310004,4,8,7,1,3,3,1,102,104,478,492,486,3,36,8,2,1221,1561,416.0,384.0,362.0,12.0,34.0,53.0,12.0,710.0,960.0,POINT (-81.1290563177237 43.308677641463696)
2021S051635310005,0,2,3,1,1,1,0,18,18,0,62,65,60,3,60,0,173,173,330.0,305.0,291.0,15.0,40.0,39.0,8.0,452.0,647.0,POINT (-80.95686695403937 43.38030136538751)
2021S051635310006,0,0,0,0,0,0,0,4,4,0,0,0,0,0,0,0,19,19,371.0,327.0,300.0,9.0,14.0,30.0,7.0,448.0,662.0,POINT (-80.99079790594378 43.38414714384167)
2021S051635310009,10,14,13,1,1,2,0,26,30,3157,3062,2116,28,3,47,0,1944,3674,341.0,304.0,279.0,10.0,23.0,32.0,8.0,436.0,632.0,POINT (-81.00679242395586 43.35700822708003)
2021S051635310010,7,15,13,2,2,7,0,36,42,1036,399,918,9,9,158,0,823,1518,600.0,526.0,485.0,15.0,20.0,46.0,11.0,668.0,1017.0,POINT (-80.97148656288434 43.3605231414544)
2021S051635320001,4,6,4,0,1,3,0,57,58,9,26,157,0,6,159,0,254,402,138.0,196.0,214.0,21.0,42.0,60.0,56.0,627.0,683.0,POINT (-80.59560523003607 43.24837844667854)
2021S051635320002,2,4,4,0,0,1,0,52,52,4,27,27,0,0,4,0,303,303,327.0,285.0,298.0,18.0,36.0,62.0,56.0,691.0,853.0,POINT (-80.78080619476295 43.23307455146191)
2021S051635320003,1,3,3,2,1,2,0,114,114,2,7,7,5,3,5,0,721,721,243.0,252.0,240.0,15.0,28.0,61.0,39.0,852.0,958.0,POINT (-80.95468390179028 43.14449076722459)
2021S051635320005,6,10,10,0,5,0,0,95,97,157,175,184,0,47,0,0,656,743,429.0,382.0,425.0,51.0,55.0,108.0,107.0,845.0,1076.0,POINT (-80.64477423432353 43.0025951294694)
2021S051635320007,2,1,3,0,0,0,2,4,4,100,11,111,0,0,0,100,114,114,312.0,243.0,292.0,23.0,22.0,74.0,116.0,528.0,663.0,POINT (-80.75128732483812 43.144461824547456)
2021S051635320008,5,8,11,2,3,3,2,23,25,554,504,779,61,108,70,241,1412,1454,446.0,343.0,416.0,31.0,33.0,101.0,168.0,724.0,918.0,POINT (-80.71939558546264 43.133868942644526)
2021S051635320010,1,1,1,0,0,0,0,60,60,74,74,74,0,0,0,0,292,292,230.0,232.0,277.0,32.0,34.0,76.0,70.0,682.0,791.0,POINT (-80.82382666211217 42.972681941483394)
2021S051635320011,7,10,6,2,1,5,1,36,37,704,296,287,31,3,216,514,1346,1419,657.0,485.0,576.0,30.0,65.0,115.0,255.0,1038.0,1310.0,POINT (-80.8799128999708 43.03139657226966)
2021S051635320012,2,3,2,0,0,1,0,7,8,170,172,170,0,0,19,0,88,232,347.0,329.0,326.0,18.0,59.0,70.0,28.0,436.0,637.0,POINT (-80.74006375084505 42.87867595630298)
2021S051635320013,10,18,18,3,8,8,0,52,57,1808,1807,1544,99,204,215,0,1396,2513,503.0,475.0,473.0,27.0,83.0,98.0,40.0,614.0,906.0,POINT (-80.72740113448856 42.84874429260383)
2021S051635320014,1,2,4,0,0,3,1,28,29,514,4,181,0,0,180,514,804,839,520.0,399.0,485.0,37.0,36.0,117.0,198.0,874.0,1100.0,POINT (-80.76604249372306 43.13379847567302)
2021S051635320015,12,11,12,3,1,3,2,43,48,1803,1707,1709,63,68,94,146,885,2230,393.0,305.0,369.0,28.0,28.0,90.0,148.0,659.0,829.0,POINT (-80.7106902203412 43.11925901475221)
2021S051635320016,1,3,2,0,0,0,0,19,19,3,15,5,0,0,0,0,175,175,585.0,449.0,546.0,42.0,38.0,132.0,222.0,942.0,1197.0,POINT (-80.70673962055203 43.15669922604527)
2021S051635340001,1,1,3,0,1,3,2,21,23,33,3,48,0,13,41,43,157,195,247.0,309.0,294.0,25.0,47.0,83.0,35.0,764.0,866.0,POINT (-80.91581822881264 42.77818745296247)
2021S051635340002,0,1,1,0,0,0,0,24,25,0,3,3,0,0,0,0,61,64,113.0,175.0,159.0,15.0,31.0,46.0,14.0,435.0,476.0,POINT (-81.14220737004368 42.83679653050952)
2021S051635340003,1,2,3,1,1,3,1,29,30,100,34,106,6,3,41,100,221,224,297.0,312.0,366.0,26.0,55.0,80.0,33.0,542.0,703.0,POINT (-80.78804994740972 42.73587400763688)
2021S051635340004,1,0,0,0,1,0,0,15,15,2,0,0,0,7,0,0,57,57,106.0,136.0,99.0,4.0,28.0,24.0,5.0,348.0,382.0,POINT (-81.34836444006496 42.756934056246706)
2021S051635340005,4,10,17,3,7,7,2,77,79,301,594,1123,115,82,240,104,1462,1543,260.0,318.0,341.0,14.0,48.0,50.0,21.0,556.0,657.0,POINT (-80.98394889113516 42.77545954070389)
2021S051635340006,3,8,5,0,1,0,0,20,22,437,839,817,0,7,0,0,521,928,286.0,374.0,380.0,19.0,75.0,54.0,14.0,644.0,768.0,POINT (-81.1682355560312 42.79433780398613)
2021S051635340007,0,1,1,1,1,1,0,23,23,0,6,6,6,7,6,0,139,139,169.0,204.0,201.0,9.0,33.0,37.0,13.0,419.0,478.0,POINT (-81.12298066556676 42.716234278778316)
2021S051635340008,4,5,3,0,2,0,0,19,21,914,831,837,0,39,0,0,851,1193,149.0,196.0,197.0,10.0,41.0,31.0,9.0,369.0,433.0,POINT (-81.15424182073086 42.776305519360584)
2021S051635340009,2,4,3,0,2,1,0,10,11,33,77,49,0,79,15,0,181,196,204.0,268.0,274.0,13.0,57.0,40.0,11.0,479.0,569.0,POINT (-81.17048979590531 42.77673844562996)
2021S051635340010,1,1,0,0,0,0,0,9,9,7,5,0,0,0,0,0,364,364,198.0,260.0,264.0,13.0,54.0,38.0,10.0,473.0,559.0,POINT (-81.21268879824646 42.77903868626765)
2021S051635340011,1,1,1,0,0,1,0,13,13,3,3,3,0,0,2,0,38,38,289.0,357.0,350.0,14.0,58.0,52.0,14.0,611.0,718.0,POINT (-81.18529005003862 42.758237296503786)
2021S051635340012,3,3,0,0,3,0,1,46,46,303,303,0,0,74,0,3,501,501,283.0,230.0,102.0,4.0,79.0,11.0,1.0,507.0,577.0,POINT (-81.61245787071152 42.621851039712986)
2021S051635360001,1,5,6,2,3,4,0,77,78,11,20,54,9,8,18,0,329,336,145.0,106.0,94.0,4.0,22.0,72.0,10.0,472.0,520.0,POINT (-81.87429593048341 42.495741904755384)
2021S051635360002,2,7,4,0,4,1,0,86,86,62,136,109,0,16,2,0,794,794,144.0,159.0,154.0,4.0,29.0,59.0,18.0,455.0,534.0,POINT (-82.13906713288813 42.36028903561258)
2021S051635360003,0,0,1,0,1,0,0,87,87,0,0,3,0,3,0,0,308,308,94.0,113.0,137.0,14.0,30.0,96.0,23.0,483.0,532.0,POINT (-82.27373986999649 42.47082567688288)
2021S051635360004,0,0,0,0,0,0,0,0,0,0,0,0,0,0,0,0,0,0,0.0,0.0,0.0,0.0,0.0,0.0,0.0,0.0,0.0,POINT (-81.8774714194178 42.5669761716438)
2021S051635360005,2,5,6,2,0,1,2,16,16,100,193,186,158,0,28,100,512,512,18.0,38.0,66.0,29.0,45.0,138.0,18.0,331.0,331.0,POINT (-82.39836985021272 42.59115889380949)
2021S051635360006,5,9,9,2,2,2,0,33,34,273,298,237,5,6,5,0,571,606,85.0,108.0,86.0,2.0,14.0,36.0,0.0,204.0,255.0,POINT (-81.99718748441877 42.33594933873103)
2021S051635360007,1,2,2,0,1,1,0,19,20,2,7,9,0,3,7,0,46,53,32.0,76.0,66.0,8.0,15.0,41.0,6.0,199.0,220.0,POINT (-82.32622218224257 42.20229682236007)
2021S051635360008,1,2,1,0,0,0,0,6,6,6,12,6,0,0,0,0,26,26,90.0,116.0,108.0,5.0,17.0,64.0,15.0,323.0,373.0,POINT (-82.18799063874538 42.43244115514057)
2021S051635360009,0,1,0,0,0,1,0,3,3,0,2,0,0,0,2,0,11,11,93.0,168.0,157.0,8.0,32.0,122.0,0.0,361.0,457.0,POINT (-82.2211369064024 42.413454593551734)
2021S051635360010,1,4,2,1,1,3,0,14,14,2,40,30,28,7,35,0,167,167,36.0,66.0,66.0,4.0,15.0,49.0,0.0,180.0,216.0,POINT (-82.19013467237454 42.40255248669193)
2021S051635360011,2,4,6,0,0,4,0,20,24,337,53,424,0,0,87,0,227,644,73.0,112.0,104.0,5.0,17.0,59.0,0.0,262.0,310.0,POINT (-82.14914467610551 42.400031595592814)
2021S051635360012,0,8,4,1,3,5,0,27,27,0,478,104,3,102,393,0,893,893,105.0,162.0,145.0,6.0,23.0,84.0,0.0,341.0,411.0,POINT (-82.20192675894698 42.38490730057603)
2021S051635360013,4,4,5,0,1,2,0,13,17,464,446,546,0,30,109,0,505,760,104.0,154.0,205.0,26.0,19.0,72.0,16.0,276.0,353.0,POINT (-82.43530930078 42.26338481363051)
2021S051635362000,1,2,4,2,3,2,1,12,12,3,6,42,6,109,6,3,129,129,40.0,38.0,64.0,27.0,43.0,125.0,39.0,336.0,336.0,POINT (-82.37017973527942 42.594188473467604)
2021S051635362001,2,2,1,0,0,1,1,10,10,145,8,4,0,0,4,141,206,206,13.0,15.0,21.0,1.0,16.0,35.0,7.0,143.0,144.0,POINT (-82.18033908855351 42.58746593597335)
2021S051635362002,3,3,2,0,1,1,0,11,13,655,642,338,0,32,3,0,385,723,116.0,128.0,70.0,2.0,16.0,5.0,1.0,201.0,235.0,POINT (-81.88833030278909 42.43936757468686)
2021S051635362003,0,0,0,0,1,0,0,8,8,0,0,0,0,68,0,0,195,195,38.0,100.0,99.0,20.0,14.0,42.0,14.0,186.0,225.0,POINT (-82.45675445368457 42.08453513191553)
2021S051635370001,1,5,7,2,0,5,2,32,33,100,46,244,6,0,118,105,366,440,109.0,194.0,210.0,27.0,25.0,67.0,17.0,352.0,437.0,POINT (-82.51481397489479 42.24586534607672)
2021S051635370002,2,7,8,2,0,4,0,39,41,5,22,55,5,0,43,0,102,140,572.0,729.0,592.0,51.0,33.0,129.0,46.0,975.0,1344.0,POINT (-82.73487530495012 42.241936582698465)
2021S051635370003,0,0,0,0,0,0,0,5,5,0,0,0,0,0,0,0,46,46,465.0,647.0,525.0,56.0,20.0,150.0,22.0,829.0,1120.0,POINT (-82.75931715665662 42.292979014593655)
2021S051635370004,14,22,15,1,1,3,0,28,34,2290,3179,2638,28,3,542,0,2723,3742,266.0,331.0,254.0,20.0,11.0,52.0,21.0,438.0,603.0,POINT (-82.83553363366075 42.30253182820968)
2021S051635370005,0,1,0,0,1,0,0,5,5,0,28,0,0,14,0,0,48,48,318.0,399.0,301.0,21.0,12.0,63.0,23.0,506.0,717.0,POINT (-82.85559428883022 42.31562852579489)
2021S051635370006,0,0,0,0,0,0,0,1,1,0,0,0,0,0,0,0,2,2,276.0,345.0,259.0,18.0,9.0,51.0,21.0,437.0,616.0,POINT (-82.91207131226605 42.33110510766276)
2021S051635370007,2,2,1,0,0,0,0,5,5,11,11,70,0,0,0,0,90,90,234.0,290.0,218.0,15.0,9.0,43.0,18.0,376.0,526.0,POINT (-82.9460768096832 42.330330121841214)
2021S051635370008,0,0,0,0,0,0,0,0,0,0,0,0,0,0,0,0,0,0,179.0,228.0,171.0,12.0,7.0,35.0,14.0,307.0,423.0,POINT (-82.93549907402355 42.335137678739585)
2021S051635370009,0,2,1,0,1,0,0,6,6,0,5,2,0,7,0,0,170,170,267.0,333.0,254.0,19.0,10.0,53.0,20.0,415.0,592.0,POINT (-82.8788457703765 42.32182101038664)
2021S051635370010,0,0,0,0,0,0,0,1,1,0,0,0,0,0,0,0,2,2,213.0,269.0,203.0,15.0,8.0,42.0,16.0,353.0,492.0,POINT (-82.96278449683781 42.32759747603435)
2021S051635370011,1,2,2,1,1,2,0,6,7,6,77,77,3,68,77,0,105,179,282.0,348.0,266.0,17.0,10.0,49.0,20.0,439.0,617.0,POINT (-82.98755501709901 42.32170056741534)
2021S051635370013,2,7,2,1,1,2,0,13,13,16,114,73,60,15,64,0,282,282,263.0,324.0,250.0,18.0,10.0,50.0,19.0,429.0,595.0,POINT (-83.00765839679457 42.31902570522434)
2021S051635370014,2,3,0,0,0,0,1,9,10,1043,536,0,0,0,0,514,580,1109,214.0,265.0,202.0,13.0,8.0,38.0,15.0,351.0,484.0,POINT (-83.03947426728777 42.31733670863477)
2021S051635370015,2,4,4,0,0,4,0,5,8,419,466,332,0,0,45,0,557,598,360.0,444.0,341.0,23.0,15.0,66.0,25.0,567.0,796.0,POINT (-82.90581257887148 42.30107726401718)
2021S051635370016,7,12,8,2,1,3,1,27,30,1467,1564,731,87,3,89,3,1064,1937,334.0,414.0,318.0,21.0,13.0,63.0,23.0,531.0,744.0,POINT (-82.93283366452107 42.30300691499836)
2021S051635370017,0,0,0,0,0,0,0,2,2,0,0,0,0,0,0,0,4,4,226.0,282.0,217.0,15.0,9.0,44.0,16.0,384.0,527.0,POINT (-82.95730194001334 42.3133266071966)
2021S051635370018,0,2,1,1,0,1,0,4,4,0,8,3,3,0,3,0,32,32,339.0,420.0,322.0,21.0,13.0,62.0,23.0,518.0,734.0,POINT (-82.98076331125571 42.31080615199393)
2021S051635370019,21,46,42,9,3,14,2,97,110,405,971,957,215,36,440,26,2582,3078,273.0,335.0,264.0,22.0,13.0,53.0,22.0,451.0,623.0,POINT (-82.91725419460786 42.24285539403131)
2021S051635370020,4,11,9,2,0,2,0,22,24,368,458,440,40,0,40,0,606,958,203.0,253.0,194.0,13.0,8.0,38.0,15.0,338.0,464.0,POINT (-83.02492584646367 42.313205535724926)
2021S051635370021,0,2,1,0,0,0,0,6,6,0,32,11,0,0,0,0,51,51,313.0,388.0,298.0,21.0,13.0,59.0,22.0,487.0,686.0,POINT (-82.95229990888524 42.29681061690463)
2021S051635370022,0,0,0,0,0,0,0,1,1,0,0,0,0,0,0,0,5,5,223.0,277.0,211.0,14.0,9.0,40.0,16.0,361.0,500.0,POINT (-83.06058422320204 42.30877208856324)
2021S051635370023,4,9,6,0,0,3,0,15,18,693,782,769,0,0,52,0,127,834,299.0,371.0,287.0,21.0,11.0,58.0,21.0,470.0,660.0,POINT (-83.01046051828325 42.30522723264165)
2021S051635370024,1,0,0,0,0,0,0,1,1,24,0,0,0,0,0,0,24,24,259.0,319.0,246.0,17.0,9.0,49.0,19.0,410.0,574.0,POINT (-83.0337148000986 42.301979623897466)
2021S051635370025,0,0,0,0,2,0,0,5,5,0,0,0,0,6,0,0,81,81,134.0,165.0,128.0,9.0,7.0,27.0,11.0,243.0,324.0,POINT (-83.04904839097908 42.300202469582466)
2021S051635370026,0,0,0,0,0,0,0,2,2,0,0,0,0,0,0,0,5,5,264.0,325.0,251.0,18.0,10.0,49.0,19.0,416.0,583.0,POINT (-82.99897029886748 42.2968122770245)
2021S051635370027,1,3,2,0,0,1,0,5,6,15,72,60,0,0,9,0,162,177,180.0,214.0,162.0,15.0,9.0,31.0,16.0,307.0,429.0,POINT (-83.08270097926771 42.29193224099406)
2021S051635370028,5,4,7,1,3,2,0,19,22,165,181,200,28,38,35,0,429,580,338.0,419.0,321.0,21.0,13.0,63.0,23.0,530.0,746.0,POINT (-83.03346202656245 42.28373685228923)
2021S051635370029,2,3,2,0,0,0,0,2,4,407,410,407,0,0,0,0,6,413,219.0,260.0,197.0,18.0,10.0,38.0,20.0,370.0,520.0,POINT (-83.06822580965614 42.28319818077828)
2021S051635370030,1,0,0,0,1,0,1,4,4,33,0,0,0,3,0,33,42,42,185.0,233.0,178.0,13.0,8.0,37.0,14.0,328.0,444.0,POINT (-82.99926223533026 42.284185161238206)
2021S051635370031,2,5,6,0,1,3,1,14,16,33,71,142,0,34,89,5,205,275,296.0,367.0,282.0,20.0,11.0,56.0,21.0,481.0,668.0,POINT (-82.99172630987168 42.2711900053851)
2021S051635370032,4,6,5,0,0,0,0,13,16,606,637,631,0,0,0,0,1157,1638,326.0,403.0,310.0,21.0,13.0,62.0,23.0,528.0,736.0,POINT (-83.06098804353304 42.263987684146656)
2021S051635370033,0,0,0,0,0,0,0,3,3,0,0,0,0,0,0,0,13,13,256.0,315.0,243.0,17.0,9.0,49.0,19.0,404.0,566.0,POINT (-83.01113802221779 42.26449951449836)
2021S051635370035,1,1,0,0,0,0,0,2,2,2,2,0,0,0,0,0,5,5,166.0,209.0,159.0,11.0,7.0,33.0,13.0,294.0,397.0,POINT (-83.01576971706433 42.24923157903945)
2021S051635370036,2,2,1,0,0,0,1,3,3,6,5,3,0,0,0,3,8,8,225.0,282.0,216.0,15.0,9.0,44.0,16.0,386.0,528.0,POINT (-82.98641587978801 42.24164204149491)
2021S051635370037,3,8,4,0,1,2,0,9,13,165,599,155,0,34,10,0,582,737,310.0,386.0,296.0,21.0,13.0,59.0,22.0,486.0,683.0,POINT (-83.04563961994641 42.24028386148505)
2021S051635370038,1,2,2,0,1,0,0,9,9,2,20,21,0,3,0,0,47,47,596.0,726.0,569.0,42.0,23.0,108.0,42.0,929.0,1311.0,POINT (-83.05103609339427 42.21704748156181)
2021S051635370039,0,0,0,0,0,0,0,0,0,0,0,0,0,0,0,0,0,0,248.0,296.0,222.0,21.0,13.0,45.0,23.0,442.0,619.0,POINT (-83.09442964202177 42.23549514368917)
2021S051635370043,3,3,3,0,2,0,0,21,22,624,624,624,0,35,0,0,758,903,332.0,413.0,321.0,26.0,15.0,67.0,24.0,543.0,756.0,POINT (-83.02876786355789 42.13265755072097)
2021S051635370044,0,0,1,0,0,1,0,2,3,0,0,7,0,0,7,0,3,10,226.0,266.0,220.0,21.0,13.0,42.0,27.0,438.0,604.0,POINT (-83.10035508295692 42.144258426830916)
2021S051635370047,0,3,0,0,1,0,0,15,15,0,30,0,0,3,0,0,117,117,161.0,278.0,257.0,44.0,18.0,79.0,13.0,595.0,712.0,POINT (-83.02812277129985 42.066385495940864)
2021S051635370050,0,0,0,0,0,0,0,1,1,0,0,0,0,0,0,0,3,3,0.0,0.0,0.0,0.0,0.0,0.0,0.0,0.0,0.0,POINT (-82.65887943277693 41.77851284289132)
2021S051635370051,10,14,9,1,0,2,3,27,32,1267,1381,978,62,0,37,53,1205,2174,325.0,402.0,309.0,21.0,13.0,61.0,23.0,503.0,710.0,POINT (-82.96658232361277 42.28439339122726)
2021S051635370052,0,0,0,0,0,0,0,2,2,0,0,0,0,0,0,0,6,6,403.0,503.0,378.0,26.0,13.0,73.0,29.0,606.0,872.0,POINT (-82.91524675537252 42.32153508637231)
2021S051635370053,1,3,2,0,0,0,0,5,5,20,30,28,0,0,0,0,32,32,361.0,445.0,342.0,23.0,15.0,65.0,25.0,548.0,778.0,POINT (-82.97849232625984 42.25539218430998)
2021S051635370054,1,5,7,3,1,4,1,20,21,5,280,288,185,33,259,5,352,426,119.0,216.0,243.0,38.0,26.0,91.0,20.0,403.0,511.0,POINT (-82.59575177392202 42.10988325039634)
2021S051635370055,3,10,11,4,4,5,1,60,62,196,402,367,86,20,121,50,1034,1213,274.0,425.0,403.0,47.0,21.0,116.0,18.0,694.0,852.0,POINT (-82.73053030743769 42.08562638175746)
2021S051635370056,1,3,3,1,2,2,0,14,16,3,65,136,60,18,134,0,103,180,442.0,588.0,481.0,44.0,19.0,104.0,14.0,785.0,1074.0,POINT (-82.89418731517931 42.11972990084166)
2021S051635370057,2,4,4,2,2,2,1,31,32,148,214,291,6,29,6,3,302,447,224.0,405.0,442.0,63.0,45.0,150.0,37.0,671.0,863.0,POINT (-82.54265401245745 42.019949853782094)
2021S051635370058,0,5,2,0,0,1,0,20,20,0,332,15,0,0,7,0,409,409,83.0,206.0,217.0,41.0,26.0,85.0,26.0,384.0,475.0,POINT (-82.62188272143028 42.05249765899389)
2021S051635370059,2,5,4,0,1,1,0,20,23,87,75,159,0,7,3,0,325,415,102.0,219.0,256.0,60.0,19.0,107.0,32.0,414.0,521.0,POINT (-82.75077001866308 42.029232757380335)
2021S051635370060,4,4,6,1,2,2,1,36,38,127,22,175,71,5,42,50,365,407,150.0,228.0,251.0,45.0,16.0,81.0,12.0,534.0,641.0,POINT (-82.91235056676625 42.022998321641694)
2021S051635380001,2,8,4,1,3,2,0,65,66,18,50,24,3,9,9,0,362,377,29.0,84.0,85.0,2.0,40.0,43.0,11.0,397.0,436.0,POINT (-81.90464030000545 43.19894903319073)
2021S051635380002,0,0,0,0,0,0,0,0,0,0,0,0,0,0,0,0,0,0,3.0,13.0,8.0,1.0,9.0,5.0,0.0,56.0,59.0,POINT (-82.00530716460126 43.1913877972228)
2021S051635380003,1,0,1,0,0,0,0,2,2,2,0,2,0,0,0,0,3,3,35.0,88.0,119.0,6.0,8.0,298.0,0.0,475.0,510.0,POINT (-82.33777609974993 43.0108576525809)
2021S051635380004,0,2,0,0,0,1,0,27,27,0,76,0,0,0,2,0,162,162,28.0,61.0,79.0,4.0,21.0,174.0,0.0,426.0,446.0,POINT (-82.11665019841692 43.020396297142426)
2021S051635380005,0,0,0,0,5,1,0,56,56,0,0,0,0,149,8,0,297,297,0.0,0.0,0.0,0.0,424.0,21.0,0.0,723.0,723.0,POINT (-81.92028245956948 42.84257609471138)
2021S051635380006,0,0,0,0,0,0,0,0,0,0,0,0,0,0,0,0,0,0,10.0,25.0,34.0,2.0,3.0,82.0,0.0,139.0,149.0,POINT (-82.38398968105277 43.008958789451675)
2021S051635380007,0,0,0,0,0,1,0,2,2,0,0,0,0,0,3,0,4,4,18.0,39.0,56.0,4.0,5.0,128.0,0.0,235.0,248.0,POINT (-82.25279683615919 43.022382640835914)
2021S051635380008,1,6,8,1,2,9,0,27,31,86,322,546,6,37,581,0,740,906,10.0,25.0,33.0,2.0,4.0,79.0,0.0,175.0,185.0,POINT (-82.28878957437618 42.962801602543486)
2021S051635380009,0,0,0,0,0,0,0,0,0,0,0,0,0,0,0,0,0,0,23.0,54.0,72.0,4.0,6.0,183.0,0.0,309.0,330.0,POINT (-82.38080244795327 42.999077665092095)
2021S051635380010,0,2,2,1,1,2,0,7,8,0,38,35,28,13,35,0,102,109,3.0,16.0,20.0,1.0,4.0,47.0,0.0,105.0,111.0,POINT (-82.4090119791193 42.99457782819273)
2021S051635380011,0,0,0,0,1,0,0,2,2,0,0,0,0,3,0,0,7,7,18.0,44.0,59.0,4.0,5.0,134.0,0.0,241.0,258.0,POINT (-82.38293388519833 42.98264073047377)
2021S051635380013,0,2,0,0,0,1,0,7,7,0,15,0,0,0,8,0,45,45,15.0,37.0,45.0,3.0,5.0,115.0,0.0,228.0,241.0,POINT (-82.39438555913044 42.96373169491632)
2021S051635380014,0,2,0,0,0,0,0,3,3,0,40,0,0,0,0,0,45,45,24.0,58.0,74.0,4.0,7.0,171.0,0.0,301.0,323.0,POINT (-82.35560403112137 42.975418883369535)
2021S051635380015,2,1,4,0,0,5,0,30,31,190,56,57,0,0,47,0,475,490,71.0,69.0,101.0,4.0,22.0,215.0,0.0,504.0,525.0,POINT (-82.12065828135631 42.84413485995142)
2021S051635380016,0,3,3,2,0,8,0,33,33,0,12,148,6,0,689,0,841,841,38.0,62.0,81.0,14.0,22.0,166.0,16.0,419.0,437.0,POINT (-82.35470469885398 42.77568235424363)
2021S051635380017,0,0,0,0,0,0,0,0,0,0,0,0,0,0,0,0,0,0,4.0,10.0,10.0,1.0,3.0,16.0,0.0,51.0,54.0,POINT (-82.40068869874533 42.92297182608656)
2021S051635380018,0,2,1,0,1,4,0,8,9,0,86,74,0,3,265,0,234,308,12.0,67.0,101.0,6.0,8.0,259.0,0.0,363.0,393.0,POINT (-82.44072944288976 42.88753641565111)
2021S051635380019,0,0,0,0,0,0,0,0,0,0,0,0,0,0,0,0,0,0,0.0,0.0,0.0,0.0,0.0,0.0,0.0,0.0,0.0,POINT (-82.4941162736757 42.561034352597346)
2021S051635380604,0,0,0,0,0,0,0,0,0,0,0,0,0,0,0,0,0,0,15.0,37.0,45.0,3.0,5.0,101.0,0.0,195.0,208.0,POINT (-82.37927374693318 42.97095658848308)
2021S051635380605,0,2,1,0,0,5,0,12,12,0,34,21,0,0,437,0,506,506,10.0,25.0,33.0,2.0,4.0,94.0,0.0,183.0,193.0,POINT (-82.39958125550791 42.975805646883295)
2021S051635380606,1,3,5,1,0,8,0,15,17,20,47,127,12,0,225,0,322,352,0.0,0.0,0.0,0.0,0.0,0.0,0.0,0.0,0.0,POINT (-82.4046626003668 42.94139358202968)
2021S051635390001,1,8,10,1,1,4,0,79,82,5,40,48,3,3,32,0,249,278,106.0,126.0,121.0,2.0,31.0,11.0,1.0,632.0,711.0,POINT (-81.61171768065293 43.17521175432251)
2021S051635390002,3,11,7,5,2,6,1,67,68,30,83,56,19,133,50,3,452,487,307.0,382.0,329.0,22.0,49.0,73.0,30.0,843.0,983.0,POINT (-81.11415777676268 43.05949929627377)
2021S051635390003,0,2,2,0,2,0,0,44,44,0,4,4,0,60,0,0,293,293,62.0,103.0,85.0,9.0,24.0,29.0,7.0,429.0,451.0,POINT (-81.32525737535437 43.08551128245019)
2021S051635390004,1,6,3,0,4,1,0,32,33,4,23,10,0,35,3,0,165,168,127.0,177.0,121.0,17.0,31.0,23.0,4.0,421.0,457.0,POINT (-81.45567035531217 42.972353926351545)
2021S051635390005,2,8,5,1,3,1,0,32,32,12,66,51,3,19,3,0,338,338,161.0,295.0,219.0,25.0,57.0,76.0,17.0,690.0,740.0,POINT (-81.30140099064589 43.035350917852696)
2021S051635390006,8,19,20,5,7,6,3,70,73,120,844,1090,376,166,370,264,3058,3148,180.0,323.0,244.0,28.0,59.0,84.0,21.0,724.0,779.0,POINT (-81.15513585384038 43.019166812660025)
2021S051635390007,0,1,0,0,0,0,0,3,3,0,6,0,0,0,0,0,11,11,98.0,178.0,134.0,15.0,37.0,45.0,10.0,427.0,457.0,POINT (-81.2442900347789 43.04477471712221)
2021S051635390008,0,1,1,0,0,1,0,1,2,0,3,3,0,0,3,0,11,14,81.0,137.0,106.0,12.0,29.0,38.0,9.0,360.0,384.0,POINT (-81.2377179019312 43.03322405380638)
2021S051635390009,0,1,1,0,0,0,0,0,1,0,3,3,0,0,0,0,0,3,82.0,141.0,108.0,12.0,29.0,35.0,9.0,350.0,374.0,POINT (-81.27197384503911 43.036556252586564)
2021S051635390010,4,5,3,0,2,1,0,14,15,361,640,352,0,36,25,0,1034,1041,170.0,309.0,230.0,26.0,58.0,78.0,18.0,705.0,758.0,POINT (-81.20002098740746 43.02100932901046)
2021S051635390011,0,0,0,0,0,0,0,0,0,0,0,0,0,0,0,0,0,0,104.0,187.0,142.0,16.0,37.0,50.0,11.0,466.0,498.0,POINT (-81.22636671655454 43.02357553926969)
2021S051635390012,0,0,0,0,0,0,0,3,3,0,0,0,0,0,0,0,9,9,84.0,149.0,113.0,13.0,30.0,48.0,9.0,387.0,412.0,POINT (-81.26267137772612 43.01898953788772)
2021S051635390013,0,0,0,0,0,0,0,0,0,0,0,0,0,0,0,0,0,0,94.0,170.0,130.0,15.0,35.0,44.0,10.0,419.0,448.0,POINT (-81.23214935180798 43.01832640493697)
2021S051635390014,0,2,1,0,2,0,0,5,6,0,37,7,0,46,0,0,89,96,117.0,209.0,157.0,19.0,40.0,56.0,11.0,497.0,533.0,POINT (-81.18324465877883 43.00365811440085)
2021S051635390015,0,2,2,0,1,1,0,8,8,0,25,34,0,3,17,0,162,162,136.0,245.0,184.0,22.0,48.0,60.0,14.0,575.0,616.0,POINT (-81.21014244177242 43.005165580775596)
2021S051635390016,1,1,1,1,0,1,0,6,6,3,3,3,3,0,3,0,12,12,39.0,61.0,49.0,7.0,14.0,20.0,4.0,166.0,176.0,POINT (-81.29008687745768 43.01641117907504)
2021S051635390017,0,0,0,0,0,1,0,3,3,0,0,0,0,0,3,0,6,6,78.0,133.0,102.0,12.0,27.0,35.0,8.0,337.0,359.0,POINT (-81.2331109588343 43.0086925920357)
2021S051635390018,7,15,10,0,1,5,1,26,28,358,822,513,0,30,382,50,1218,1370,131.0,232.0,176.0,21.0,45.0,61.0,16.0,544.0,584.0,POINT (-81.14924204199014 42.98446384598074)
2021S051635390019,0,0,0,0,0,0,0,0,0,0,0,0,0,0,0,0,0,0,49.0,84.0,65.0,9.0,22.0,26.0,5.0,242.0,257.0,POINT (-81.28794248441196 43.00474483721187)
2021S051635390020,0,0,0,0,0,0,0,2,2,0,0,0,0,0,0,0,5,5,74.0,124.0,96.0,11.0,25.0,33.0,8.0,311.0,333.0,POINT (-81.25279880223424 43.00253456740039)
2021S051635390021,1,2,0,0,0,0,0,3,3,2,5,0,0,0,0,0,8,8,84.0,150.0,113.0,13.0,32.0,43.0,9.0,383.0,408.0,POINT (-81.32114634229754 43.00865257161868)
2021S051635390022,6,16,8,0,2,3,0,32,33,147,478,241,0,6,212,0,620,694,126.0,224.0,171.0,20.0,44.0,64.0,15.0,555.0,595.0,POINT (-81.22097945545622 42.993642638169064)
2021S051635390023,1,1,1,0,0,0,0,3,3,6,6,6,0,0,0,0,11,11,89.0,159.0,122.0,14.0,32.0,41.0,9.0,388.0,416.0,POINT (-81.24544590207606 42.992336003586814)
2021S051635390024,0,0,0,0,0,0,0,22,22,0,0,0,0,0,0,0,76,76,72.0,87.0,53.0,15.0,20.0,10.0,3.0,305.0,317.0,POINT (-81.73405823781523 42.92097548115542)
2021S051635390025,0,1,0,0,0,0,0,1,1,0,6,0,0,0,0,0,6,6,86.0,154.0,118.0,13.0,33.0,39.0,9.0,386.0,413.0,POINT (-81.31258302059915 42.99908370365256)
2021S051635390026,1,3,1,1,1,1,0,9,9,2,431,3,3,3,3,0,457,457,77.0,130.0,100.0,12.0,28.0,35.0,8.0,340.0,362.0,POINT (-81.25588377487573 42.98572151332102)
2021S051635390027,3,2,3,0,0,1,0,5,6,415,321,324,0,0,3,0,426,429,95.0,169.0,129.0,15.0,35.0,45.0,11.0,411.0,440.0,POINT (-81.17864983970102 42.978179623216064)
2021S051635390028,15,23,15,2,5,8,0,69,71,1453,1562,1316,24,186,209,0,2427,2835,207.0,338.0,294.0,26.0,59.0,76.0,20.0,733.0,808.0,POINT (-81.19652889735522 42.90017804488043)
2021S051635390029,1,2,1,0,0,0,0,3,4,2,5,3,0,0,0,0,99,102,96.0,171.0,131.0,15.0,36.0,49.0,11.0,413.0,442.0,POINT (-81.19963450992569 42.971753951726626)
2021S051635390030,2,2,0,0,1,0,0,6,6,39,29,0,0,3,0,0,73,73,87.0,152.0,116.0,13.0,31.0,44.0,10.0,383.0,409.0,POINT (-81.233303987579 42.97684575831232)
2021S051635390031,0,1,1,0,1,0,0,4,4,0,10,3,0,3,0,0,15,15,104.0,188.0,142.0,16.0,40.0,53.0,11.0,457.0,489.0,POINT (-81.30183997295647 42.98943554355668)
2021S051635390032,0,0,0,0,0,0,0,0,0,0,0,0,0,0,0,0,0,0,56.0,97.0,77.0,9.0,22.0,27.0,7.0,262.0,279.0,POINT (-81.28481863908767 42.98103891892941)
2021S051635390033,2,4,2,0,2,0,0,7,7,8,49,8,0,22,0,0,76,76,82.0,142.0,109.0,12.0,30.0,35.0,9.0,362.0,387.0,POINT (-81.26302329066212 42.96825507134148)
2021S051635390034,0,3,0,0,0,0,0,6,6,0,30,0,0,0,0,0,37,37,99.0,178.0,135.0,15.0,37.0,46.0,12.0,414.0,444.0,POINT (-81.21221007040245 42.96401021777279)
2021S051635390035,0,0,0,0,0,0,0,3,3,0,0,0,0,0,0,0,7,7,67.0,115.0,89.0,11.0,25.0,32.0,7.0,303.0,324.0,POINT (-81.33192712167815 42.971026766612155)
2021S051635390036,0,0,0,0,0,0,0,0,0,0,0,0,0,0,0,0,0,0,53.0,92.0,73.0,9.0,21.0,26.0,7.0,254.0,270.0,POINT (-81.24515496789594 42.970208372768)
2021S051635390037,0,0,0,0,1,0,0,2,2,0,0,0,0,7,0,0,10,10,77.0,131.0,101.0,12.0,28.0,35.0,8.0,335.0,357.0,POINT (-81.3063505976746 42.9715180229476)
2021S051635390038,0,1,1,1,0,1,0,4,4,0,3,3,3,0,3,0,14,14,71.0,123.0,94.0,10.0,26.0,37.0,7.0,326.0,347.0,POINT (-81.3562851489284 42.968776408986905)
2021S051635390039,0,0,0,0,0,0,0,1,1,0,0,0,0,0,0,0,2,2,74.0,125.0,96.0,11.0,27.0,33.0,8.0,319.0,341.0,POINT (-81.28542598443993 42.96579043844483)
2021S051635390040,7,22,11,2,3,4,0,45,50,195,436,311,56,287,74,0,1013,1200,121.0,194.0,156.0,13.0,36.0,41.0,10.0,425.0,470.0,POINT (-81.18796124764842 42.935435484130934)
2021S051635390041,0,0,1,0,1,0,0,2,2,0,0,3,0,3,0,0,5,5,50.0,84.0,65.0,9.0,20.0,27.0,6.0,244.0,259.0,POINT (-81.24370640302686 42.96154468211735)
2021S051635390042,0,3,0,0,5,0,0,40,40,0,33,0,0,67,0,0,233,233,123.0,177.0,99.0,27.0,45.0,25.0,4.0,481.0,509.0,POINT (-81.55077169239563 42.90573594813819)
2021S051635390043,0,1,0,0,0,0,0,1,1,0,3,0,0,0,0,0,3,3,82.0,138.0,106.0,12.0,29.0,40.0,10.0,354.0,378.0,POINT (-81.2192282821256 42.95120792969917)
2021S051635390044,0,0,0,0,1,1,0,2,2,0,0,0,0,1,3,0,4,4,75.0,125.0,96.0,11.0,28.0,34.0,9.0,324.0,346.0,POINT (-81.24879788077963 42.94926162504781)
2021S051635390045,0,0,0,0,0,0,0,0,0,0,0,0,0,0,0,0,0,0,65.0,110.0,86.0,10.0,25.0,29.0,7.0,296.0,316.0,POINT (-81.26707471924226 42.948732286136135)
2021S051635390046,0,0,0,0,0,0,0,1,1,0,0,0,0,0,0,0,2,2,74.0,125.0,96.0,11.0,28.0,33.0,8.0,330.0,352.0,POINT (-81.27886367856816 42.94776140292322)
2021S051635390047,0,0,0,0,0,0,0,1,1,0,0,0,0,0,0,0,26,26,97.0,170.0,133.0,13.0,31.0,40.0,10.0,387.0,422.0,POINT (-81.21064166413461 42.940283471037475)
2021S051635390048,1,3,0,0,0,2,0,6,6,2,6,0,0,0,4,0,18,18,82.0,142.0,108.0,12.0,30.0,35.0,9.0,351.0,375.0,POINT (-81.30327538879266 42.94532934252985)
2021S051635390049,5,11,8,2,0,2,1,26,28,563,1066,485,604,0,50,74,1952,2002,125.0,160.0,83.0,75.0,36.0,18.0,10.0,437.0,448.0,POINT (-81.61471942662071 42.972557192485574)
2021S051635390050,1,3,3,1,0,1,0,3,3,13,27,27,12,0,12,0,27,27,138.0,247.0,190.0,20.0,44.0,57.0,14.0,533.0,583.0,POINT (-81.24362195167741 42.934677314025244)
2021S051635390051,1,0,0,0,0,1,0,3,3,2,0,0,0,0,8,0,12,12,79.0,137.0,104.0,11.0,28.0,37.0,8.0,346.0,369.0,POINT (-81.33772092030193 42.94446701002071)
2021S051635390052,2,2,0,0,2,1,0,6,6,10,10,0,0,10,3,0,115,115,84.0,141.0,112.0,11.0,27.0,33.0,8.0,339.0,368.0,POINT (-81.30172206268067 42.91811589351901)
2021S051635390053,0,0,1,0,2,1,0,16,16,0,0,3,0,5,38,0,193,193,162.0,205.0,104.0,97.0,47.0,23.0,12.0,561.0,575.0,POINT (-81.62639063653334 42.953326077253045)
2021S051635390054,0,0,0,0,0,0,0,0,0,0,0,0,0,0,0,0,0,0,0.0,0.0,0.0,0.0,0.0,0.0,0.0,0.0,0.0,POINT (-81.40547970856463 42.824440683972995)
2021S051635390055,0,0,0,0,0,0,0,0,0,0,0,0,0,0,0,0,0,0,0.0,0.0,0.0,0.0,0.0,0.0,0.0,0.0,0.0,POINT (-81.4458783818246 42.8059712798828)
2021S051635390056,2,1,1,0,1,0,0,34,34,414,74,74,0,3,0,0,482,482,112.0,123.0,55.0,43.0,31.0,18.0,7.0,403.0,409.0,POINT (-81.71898740361561 42.740952974312286)
2021S051635390057,0,0,0,0,0,0,0,0,0,0,0,0,0,0,0,0,0,0,15.0,25.0,15.0,1.0,9.0,5.0,1.0,60.0,63.0,POINT (-81.48393681651208 42.79905774874214)
2021S051635400001,1,8,10,2,5,5,0,99,101,8,151,225,9,69,27,0,1014,1028,325.0,377.0,396.0,10.0,36.0,28.0,1.0,913.0,1147.0,POINT (-81.23538703295007 43.84251589436045)
2021S051635400002,0,0,0,0,0,0,0,10,10,0,0,0,0,0,0,0,44,44,18.0,33.0,31.0,1.0,19.0,11.0,1.0,454.0,458.0,POINT (-81.60420104887305 43.84928875338053)
2021S051635400003,4,6,5,0,1,1,0,73,73,40,49,54,0,7,7,0,333,333,133.0,163.0,196.0,6.0,38.0,40.0,13.0,674.0,766.0,POINT (-81.29545678426663 43.61729430768539)
2021S051635400004,1,3,4,1,3,2,0,33,33,24,8,79,3,19,74,0,239,239,19.0,51.0,61.0,3.0,19.0,20.0,0.0,571.0,576.0,POINT (-81.49063968555531 43.65063764307735)
2021S051635400005,1,6,2,0,2,0,0,32,32,6,30,9,0,5,0,0,733,733,5.0,25.0,39.0,2.0,14.0,13.0,0.0,316.0,318.0,POINT (-81.70712256076392 43.737599256585206)
2021S051635400006,3,7,3,0,0,1,0,65,66,25,70,20,0,0,15,0,290,305,64.0,84.0,95.0,2.0,14.0,26.0,6.0,413.0,458.0,POINT (-81.60815562751817 43.46720844351451)
2021S051635400007,2,7,7,0,4,1,3,63,65,95,180,351,0,38,148,58,633,784,98.0,141.0,148.0,5.0,41.0,39.0,9.0,509.0,587.0,POINT (-81.51376243768948 43.31883305174206)
2021S051635410001,2,5,1,1,2,1,0,30,31,6,68,28,28,22,28,0,244,247,17.0,200.0,83.0,83.0,62.0,83.0,0.0,450.0,459.0,POINT (-81.19914466048728 44.87289847293052)
2021S051635410002,0,0,0,0,0,0,0,0,0,0,0,0,0,0,0,0,0,0,0.0,0.0,0.0,0.0,1.0,0.0,0.0,14.0,14.0,POINT (-81.0390101560679 44.91308020354637)
2021S051635410003,0,0,0,0,0,0,0,0,0,0,0,0,0,0,0,0,0,0,6.0,10.0,6.0,1.0,5.0,5.0,1.0,31.0,33.0,POINT (-81.28813647654492 44.56615258211139)
2021S051635410004,1,3,4,2,1,4,0,36,37,13,9,44,5,15,71,0,158,193,25.0,69.0,35.0,5.0,26.0,28.0,2.0,354.0,358.0,POINT (-81.20133931437886 44.401648773398776)
2021S051635410005,2,4,2,1,2,1,0,20,20,5,20,6,3,5,3,0,85,85,44.0,71.0,35.0,9.0,32.0,31.0,0.0,227.0,239.0,POINT (-81.36496858367586 44.421934692954366)
2021S051635410006,0,2,1,0,2,1,0,32,32,0,27,21,0,5,17,0,654,654,25.0,34.0,21.0,2.0,26.0,15.0,1.0,267.0,273.0,POINT (-81.4856333905182 44.24408700705758)
2021S051635410007,2,3,1,0,9,0,0,56,57,146,149,30,0,96,0,0,513,520,40.0,73.0,32.0,5.0,47.0,41.0,1.0,470.0,479.0,POINT (-81.21534740854649 44.17811802784336)
2021S051635410008,0,1,3,0,5,0,1,42,42,0,7,12,0,48,0,2,242,242,73.0,104.0,92.0,3.0,30.0,20.0,1.0,420.0,473.0,POINT (-81.19787508182047 44.027473171957915)
2021S051635410009,1,1,1,0,0,0,0,32,32,8,8,8,0,0,0,0,127,127,20.0,44.0,41.0,2.0,31.0,8.0,1.0,370.0,373.0,POINT (-81.57596020152712 44.048472992237286)
2021S051635412000,0,0,0,0,0,0,0,0,0,0,0,0,0,0,0,0,0,0,0.0,0.0,0.0,0.0,0.0,0.0,0.0,0.0,0.0,POINT (-81.2895247762567 44.679977005082954)
2021S051635420001,1,5,2,1,6,2,0,48,48,2,16,90,3,25,6,0,505,505,22.0,41.0,42.0,4.0,16.0,12.0,0.0,263.0,267.0,POINT (-80.38288498444639 44.47084194549501)
2021S051635420002,1,0,0,0,2,1,0,39,39,5,0,0,0,10,3,0,158,158,13.0,84.0,70.0,9.0,26.0,24.0,2.0,407.0,409.0,POINT (-80.710012163612 44.58974163846357)
2021S051635420003,1,2,2,1,4,3,1,35,35,7,90,90,6,10,46,7,234,234,18.0,113.0,70.0,12.0,36.0,45.0,4.0,416.0,425.0,POINT (-81.03396972669985 44.62929398621649)
2021S051635420004,1,3,4,0,2,1,1,21,21,42,336,137,0,49,3,5,581,581,16.0,84.0,54.0,9.0,26.0,35.0,4.0,235.0,242.0,POINT (-80.91354616203219 44.58392283782064)
2021S051635420005,0,0,0,0,0,0,0,0,0,0,0,0,0,0,0,0,0,0,13.0,78.0,49.0,9.0,23.0,32.0,2.0,224.0,230.0,POINT (-80.95090685042848 44.579144727363634)
2021S051635420006,4,27,34,9,7,11,0,81,83,9,107,127,37,21,43,0,364,370,11.0,61.0,101.0,17.0,28.0,24.0,0.0,566.0,570.0,POINT (-80.45658761990502 44.33997806264911)
2021S051635420007,0,1,0,0,0,1,0,5,5,0,3,0,0,0,38,0,45,45,19.0,119.0,75.0,13.0,34.0,47.0,4.0,304.0,313.0,POINT (-80.9434876230826 44.55999756423427)
2021S051635420008,0,2,2,2,3,1,0,32,32,0,15,15,15,40,12,0,117,117,27.0,86.0,52.0,9.0,30.0,36.0,2.0,384.0,390.0,POINT (-80.88412479641343 44.39155977708419)
2021S051635420009,0,1,0,0,2,1,0,18,18,0,3,0,0,10,3,0,176,176,322.0,326.0,135.0,3.0,37.0,81.0,84.0,768.0,983.0,POINT (-80.90307343877038 44.17283328518927)
2021S051635420010,2,28,36,9,11,15,0,105,107,7,118,143,48,47,78,0,435,441,224.0,281.0,206.0,12.0,29.0,57.0,31.0,550.0,724.0,POINT (-80.59509124099552 44.100019031465344)
2021S051635420011,3,6,0,0,2,3,0,35,35,7,93,0,0,9,91,0,355,355,48.0,109.0,70.0,18.0,70.0,69.0,1.0,428.0,441.0,POINT (-81.0249638159397 44.15364642794761)
2021S051635430001,0,4,4,2,4,3,0,28,28,0,41,48,31,23,34,0,327,327,112.0,200.0,164.0,15.0,38.0,24.0,17.0,500.0,510.0,POINT (-79.51979144798845 44.749494946651836)
2021S051635430002,1,3,2,0,2,1,0,17,18,2,19,21,0,21,7,0,71,78,164.0,282.0,215.0,20.0,35.0,28.0,1.0,507.0,520.0,POINT (-79.97600706691132 44.716109802834424)
2021S051635430003,0,5,3,1,0,1,0,19,19,0,18,37,3,0,3,0,329,329,38.0,80.0,82.0,7.0,29.0,26.0,23.0,324.0,336.0,POINT (-79.25551883170083 44.628296990787035)
2021S051635430004,0,0,0,0,0,0,0,0,0,0,0,0,0,0,0,0,0,0,0.0,0.0,0.0,0.0,0.0,0.0,0.0,0.0,0.0,POINT (-80.20048445827265 44.832871906286286)
2021S051635430005,4,6,5,0,1,1,1,11,12,362,394,53,0,3,2,2,406,440,217.0,246.0,180.0,24.0,25.0,28.0,1.0,416.0,426.0,POINT (-79.91588676184335 44.78193521646179)
2021S051635430006,2,2,3,1,3,0,0,15,15,7,6,9,3,7,0,0,50,50,216.0,346.0,273.0,25.0,40.0,30.0,1.0,584.0,595.0,POINT (-79.79199535047849 44.70084669782075)
2021S051635430007,0,0,0,0,0,0,0,0,0,0,0,0,0,0,0,0,0,0,7.0,19.0,17.0,1.0,7.0,9.0,3.0,74.0,76.0,POINT (-79.34289042659717 44.65579559489577)
2021S051635430009,0,0,0,0,0,0,0,0,0,0,0,0,0,0,0,0,0,0,0.0,0.0,0.0,0.0,0.0,0.0,0.0,0.0,0.0,POINT (-80.11864586894288 44.8102788006822)
2021S051635430011,0,0,0,0,1,0,0,2,2,0,0,0,0,3,0,0,6,6,53.0,106.0,104.0,10.0,20.0,17.0,8.0,298.0,301.0,POINT (-79.66687205984464 44.62407287239243)
2021S051635430012,1,5,4,1,0,4,0,13,14,13,37,305,12,0,21,0,476,479,18.0,59.0,65.0,8.0,14.0,17.0,14.0,173.0,175.0,POINT (-79.41335164132462 44.623849269757514)
2021S051635430013,0,0,1,0,0,1,0,1,2,0,0,3,0,0,3,0,3,6,33.0,68.0,89.0,8.0,19.0,29.0,20.0,208.0,219.0,POINT (-79.3567525025891 44.54305725366118)
2021S051635430014,1,2,2,0,2,1,0,9,9,28,42,35,0,48,14,0,148,148,22.0,154.0,167.0,13.0,21.0,22.0,21.0,334.0,336.0,POINT (-79.4488613680547 44.60613079816433)
2021S051635430015,0,7,2,2,2,2,0,17,17,0,253,9,9,46,9,0,321,321,19.0,130.0,141.0,11.0,17.0,19.0,16.0,304.0,306.0,POINT (-79.42735549563315 44.58904521210869)
2021S051635430016,5,11,10,1,1,5,4,38,39,97,118,184,28,3,39,135,346,349,73.0,165.0,157.0,9.0,35.0,29.0,16.0,425.0,459.0,POINT (-79.46934803489498 44.5044660328692)
2021S051635430019,0,5,4,1,0,0,0,12,12,0,547,542,3,0,0,0,650,650,40.0,94.0,76.0,6.0,23.0,15.0,8.0,244.0,260.0,POINT (-79.64884861601698 44.490002042424415)
2021S051635430020,0,0,1,0,1,0,0,4,4,0,0,3,0,2,0,0,10,10,65.0,122.0,116.0,10.0,51.0,32.0,0.0,413.0,425.0,POINT (-80.00037031252943 44.51206978329605)
2021S051635430021,0,1,1,0,3,1,0,6,6,0,2,3,0,9,4,0,17,17,36.0,76.0,66.0,5.0,19.0,14.0,7.0,212.0,227.0,POINT (-79.71735918128215 44.46911922618455)
2021S051635430022,0,2,1,0,0,0,0,6,6,0,5,2,0,0,0,0,11,11,53.0,120.0,105.0,6.0,29.0,18.0,11.0,315.0,341.0,POINT (-79.83296453508615 44.420709718749244)
2021S051635430023,0,3,3,0,0,0,0,6,6,0,8,8,0,0,0,0,13,13,36.0,60.0,46.0,2.0,26.0,14.0,0.0,183.0,190.0,POINT (-80.06679322841713 44.480625037592105)
2021S051635430025,1,3,4,0,1,3,0,15,16,218,92,290,0,73,39,0,575,582,30.0,56.0,52.0,4.0,23.0,16.0,0.0,219.0,225.0,POINT (-80.18555799781802 44.4910580330712)
2021S051635430026,2,9,10,2,8,5,0,58,62,5,139,47,9,30,34,0,344,372,113.0,227.0,209.0,14.0,71.0,45.0,12.0,679.0,732.0,POINT (-80.0794850797357 44.362526232294286)
2021S051635430027,1,2,1,0,0,0,0,6,6,28,30,2,0,0,0,0,234,234,50.0,109.0,96.0,6.0,24.0,15.0,11.0,266.0,287.0,POINT (-79.68203653851516 44.41222669958419)
2021S051635430028,0,2,2,0,1,0,0,15,15,0,6,6,0,14,0,0,184,184,128.0,303.0,273.0,12.0,68.0,36.0,31.0,664.0,729.0,POINT (-79.66199608144309 44.40136510538182)
2021S051635430029,0,1,1,0,0,0,0,2,2,0,5,5,0,0,0,0,8,8,67.0,154.0,136.0,7.0,35.0,22.0,15.0,373.0,407.0,POINT (-79.69924466807807 44.41161961685884)
2021S051635430030,1,1,0,0,0,0,0,2,2,4,4,0,0,0,0,0,6,6,67.0,155.0,136.0,7.0,35.0,22.0,15.0,356.0,390.0,POINT (-79.71502944767896 44.40236274142312)
2021S051635430031,0,0,0,0,0,0,0,1,1,0,0,0,0,0,0,0,3,3,57.0,131.0,114.0,6.0,30.0,18.0,13.0,324.0,352.0,POINT (-79.68569695070393 44.39575924036214)
2021S051635430033,2,5,2,0,0,0,0,14,15,36,103,36,0,0,0,0,751,785,64.0,141.0,122.0,6.0,32.0,18.0,14.0,330.0,360.0,POINT (-79.69076421035727 44.3829943827994)
2021S051635430034,1,3,1,0,1,1,0,11,11,4,8,2,0,14,2,0,44,44,90.0,220.0,195.0,10.0,51.0,28.0,21.0,508.0,556.0,POINT (-79.73410039215167 44.38418106177564)
2021S051635430035,1,0,0,0,0,0,1,2,2,7,0,0,0,0,0,7,9,9,67.0,155.0,136.0,7.0,35.0,22.0,15.0,368.0,402.0,POINT (-79.72769101143346 44.3912135281648)
2021S051635430036,0,1,0,0,0,0,0,4,4,0,1,0,0,0,0,0,11,11,47.0,106.0,96.0,6.0,21.0,15.0,11.0,257.0,278.0,POINT (-79.64850439963412 44.373996761321266)
2021S051635430037,0,1,1,0,0,1,0,2,3,0,7,7,0,0,7,0,19,26,52.0,121.0,107.0,6.0,23.0,18.0,12.0,274.0,301.0,POINT (-79.68631348429585 44.36931121547852)
2021S051635430038,0,1,1,0,0,0,0,1,1,0,5,5,0,0,0,0,5,5,65.0,147.0,135.0,6.0,31.0,22.0,15.0,350.0,383.0,POINT (-79.61632170249848 44.359251741671336)
2021S051635430039,0,1,1,1,0,0,0,1,1,0,3,3,3,0,0,0,3,3,61.0,137.0,124.0,6.0,27.0,18.0,15.0,315.0,344.0,POINT (-79.65423214967828 44.36066390732463)
2021S051635430040,0,1,1,0,0,0,0,1,1,0,2,2,0,0,0,0,2,2,61.0,139.0,126.0,6.0,27.0,18.0,15.0,323.0,352.0,POINT (-79.63391546182288 44.35285324899022)
2021S051635430041,0,3,3,0,1,1,0,6,7,0,13,13,0,7,3,0,24,27,97.0,247.0,222.0,10.0,52.0,29.0,25.0,545.0,599.0,POINT (-79.72227732760624 44.35680534710872)
2021S051635430042,2,1,1,0,0,0,1,2,2,9,6,6,0,0,0,3,9,9,66.0,152.0,139.0,6.0,32.0,22.0,15.0,339.0,373.0,POINT (-79.60727455589077 44.346750757236514)
2021S051635430043,1,0,1,0,1,0,1,18,18,11,0,2,0,126,0,2,502,502,148.0,218.0,171.0,7.0,43.0,46.0,30.0,487.0,574.0,POINT (-79.81436284420715 44.265781360601984)
2021S051635430044,0,0,0,0,0,0,0,1,1,0,0,0,0,0,0,0,2,2,93.0,233.0,213.0,10.0,50.0,29.0,24.0,522.0,574.0,POINT (-79.72925344676234 44.33586584413358)
2021S051635430046,0,0,0,0,0,0,0,0,0,0,0,0,0,0,0,0,0,0,65.0,160.0,142.0,7.0,32.0,21.0,15.0,370.0,405.0,POINT (-79.70938319320187 44.33514765132462)
2021S051635430047,5,11,8,2,2,5,0,47,49,94,116,116,15,65,35,0,347,365,217.0,326.0,224.0,9.0,53.0,61.0,46.0,616.0,731.0,POINT (-79.61447897663064 44.249724538375254)
2021S051635430049,1,3,4,1,3,1,0,25,25,2,7,14,3,13,3,0,94,94,183.0,210.0,178.0,25.0,83.0,84.0,46.0,606.0,711.0,POINT (-79.93520974504045 44.13724625269326)
2021S051635430050,4,9,4,2,3,2,1,26,26,61,26,13,9,20,5,7,141,141,222.0,281.0,203.0,10.0,38.0,59.0,27.0,510.0,607.0,POINT (-79.65129557319057 44.119295569026214)
2021S051635430051,1,3,3,1,1,2,0,11,12,4,81,80,3,3,77,0,45,119,213.0,240.0,126.0,5.0,40.0,59.0,42.0,408.0,508.0,POINT (-79.77307495273334 44.07481608403069)
2021S051635430053,1,3,2,0,2,1,0,15,16,12,163,160,0,36,148,0,124,272,251.0,311.0,199.0,10.0,30.0,56.0,12.0,443.0,556.0,POINT (-79.55977973883388 44.11332746431763)
2021S051635430057,2,3,4,0,2,2,0,19,21,668,547,147,0,6,17,0,231,764,252.0,307.0,202.0,12.0,79.0,98.0,47.0,600.0,738.0,POINT (-79.75992791249182 44.01920545325061)
2021S051635430058,3,7,4,0,1,0,0,17,17,737,684,670,0,29,0,0,1060,1060,238.0,271.0,189.0,26.0,42.0,31.0,1.0,470.0,481.0,POINT (-79.89624247779791 44.76337865793897)
2021S051635430059,0,3,3,2,2,2,0,16,16,0,93,90,87,18,87,0,362,362,183.0,208.0,146.0,20.0,32.0,24.0,1.0,388.0,397.0,POINT (-79.90503817178887 44.736280987695366)
2021S051635430060,1,1,0,0,1,0,0,2,3,145,145,0,0,15,0,0,18,163,46.0,61.0,44.0,3.0,12.0,17.0,8.0,175.0,192.0,POINT (-79.77085801440703 44.133386253159195)
2021S051635430062,3,6,6,0,1,4,0,19,21,195,266,267,0,3,84,0,333,402,393.0,304.0,208.0,11.0,80.0,63.0,112.0,588.0,769.0,POINT (-79.85822196737337 44.14721742936784)
2021S051635430063,1,4,4,1,2,2,0,26,27,64,82,21,6,75,13,0,246,253,75.0,126.0,117.0,11.0,31.0,22.0,9.0,407.0,414.0,POINT (-79.85789018127349 44.54008971073445)
2021S051635430064,0,5,3,0,1,2,0,5,6,0,27,23,0,3,4,0,13,28,118.0,277.0,254.0,11.0,60.0,40.0,28.0,618.0,683.0,POINT (-79.56733114458167 44.36830662757128)
2021S051635430065,0,0,0,0,0,0,0,1,1,0,0,0,0,0,0,0,2,2,125.0,261.0,186.0,9.0,46.0,30.0,21.0,522.0,570.0,POINT (-79.53959141113857 44.3061090052594)
2021S051635430066,3,5,4,0,1,3,0,11,14,292,437,295,0,3,185,0,302,594,281.0,326.0,198.0,9.0,35.0,67.0,42.0,490.0,591.0,POINT (-79.58864427808527 44.11653690173386)
2021S051635430067,1,0,1,0,1,0,1,8,8,3,0,3,0,3,0,3,22,22,327.0,375.0,240.0,11.0,34.0,66.0,39.0,527.0,665.0,POINT (-79.585424576854 44.10351701659085)
2021S051635430068,1,3,5,1,5,4,0,34,34,125,130,147,3,96,29,0,342,342,371.0,287.0,195.0,11.0,74.0,59.0,105.0,555.0,726.0,POINT (-79.86570886034477 44.162745667186456)
2021S051635430069,2,7,0,0,2,1,0,30,30,32,167,0,0,6,14,0,300,300,56.0,105.0,98.0,8.0,40.0,28.0,0.0,373.0,383.0,POINT (-80.24913942011653 44.50049019829912)
2021S051635430070,0,0,0,0,0,0,0,5,5,0,0,0,0,0,0,0,12,12,189.0,311.0,276.0,10.0,77.0,45.0,66.0,717.0,787.0,POINT (-79.84997286848674 44.310421402878895)
2021S051635432000,1,0,0,0,0,0,1,2,2,514,0,0,0,0,0,514,516,516,122.0,145.0,116.0,5.0,29.0,31.0,26.0,277.0,341.0,POINT (-79.80312378616894 44.16021082810242)
2021S051635432001,23,48,43,3,12,13,4,109,120,657,1439,1308,37,236,155,107,1951,2421,70.0,111.0,95.0,6.0,23.0,16.0,27.0,277.0,304.0,POINT (-79.67998405508281 44.32867382022327)
2021S051635440001,1,1,0,0,1,0,0,9,9,13,59,0,0,6,0,0,129,129,24.0,23.0,32.0,0.0,31.0,14.0,10.0,153.0,159.0,POINT (-79.01552574365739 45.3087229657308)
2021S051635440002,1,4,2,0,6,2,0,22,23,125,141,132,0,46,25,0,509,516,46.0,60.0,79.0,10.0,37.0,42.0,12.0,290.0,305.0,POINT (-79.36441169979446 45.33860502472189)
2021S051635440003,0,2,2,0,5,1,0,17,17,0,15,10,0,29,3,0,89,89,74.0,86.0,111.0,0.0,58.0,55.0,19.0,345.0,367.0,POINT (-79.17518828828264 45.24333563733506)
2021S051635440004,0,3,4,0,3,2,0,13,15,0,9,12,0,12,6,0,104,110,33.0,66.0,93.0,14.0,71.0,28.0,0.0,318.0,346.0,POINT (-79.65628373487891 45.08914721443998)
2021S051635440005,5,3,4,0,6,3,2,31,32,102,45,43,0,96,11,72,640,675,52.0,112.0,78.0,7.0,52.0,27.0,16.0,315.0,334.0,POINT (-79.14899998670015 45.032378273056025)
2021S051635440007,0,0,0,0,0,0,0,0,0,0,0,0,0,0,0,0,0,0,0.0,0.0,0.0,0.0,0.0,0.0,0.0,0.0,0.0,POINT (-79.73003433701464 45.0099210817069)
2021S051635440008,3,9,5,0,3,2,1,21,23,11,224,21,0,13,10,5,294,304,35.0,103.0,53.0,10.0,54.0,20.0,24.0,273.0,289.0,POINT (-79.29144233811544 44.87856641742902)
2021S051635440009,0,0,0,0,0,0,0,0,0,0,0,0,0,0,0,0,0,0,0.0,0.0,0.0,0.0,0.0,0.0,0.0,0.0,0.0,POINT (-80.04023342672434 45.083712873253084)
2021S051635460001,2,4,4,0,1,1,0,11,12,6,30,62,0,15,35,0,69,104,10.0,51.0,105.0,0.0,26.0,59.0,0.0,103.0,162.0,POINT (-78.77045856699014 45.18749539397173)
2021S051635460002,0,1,2,0,7,1,0,15,16,0,6,29,0,80,15,0,156,171,0.0,7.0,31.0,0.0,103.0,16.0,0.0,159.0,175.0,POINT (-78.36544780996431 45.136424763954274)
2021S051635470001,0,0,1,0,3,0,0,3,3,0,0,3,0,11,0,0,11,11,0.0,0.0,12.0,0.0,57.0,0.0,0.0,57.0,57.0,POINT (-77.50645087419234 45.97491252001676)
2021S051635470002,0,0,0,0,1,0,0,1,1,0,0,0,0,7,0,0,7,7,6.0,13.0,7.0,1.0,28.0,2.0,3.0,71.0,71.0,POINT (-77.34873170039708 45.90129749796189)
2021S051635470003,0,5,3,1,2,4,0,33,34,0,395,18,6,6,344,0,471,478,5.0,106.0,20.0,2.0,112.0,69.0,0.0,422.0,430.0,POINT (-76.86740897177631 45.719180580506965)
2021S051635470004,0,0,0,0,4,1,0,9,9,0,0,0,0,120,8,0,138,138,2.0,35.0,7.0,1.0,15.0,21.0,0.0,108.0,109.0,POINT (-77.2353956962275 45.868060955758736)
2021S051635470005,0,2,2,1,3,1,0,23,23,0,5,5,3,19,3,0,404,404,14.0,75.0,14.0,2.0,99.0,44.0,9.0,325.0,326.0,POINT (-77.28515136051699 45.74843547414002)
2021S051635470006,1,2,1,0,1,0,0,8,8,26,164,26,0,3,0,0,222,222,6.0,115.0,15.0,2.0,85.0,70.0,0.0,337.0,339.0,POINT (-77.11141444429249 45.81145191595911)
2021S051635470007,0,0,2,0,9,0,0,13,13,0,0,10,0,235,0,0,241,241,0.0,0.0,7.0,0.0,161.0,0.0,0.0,188.0,188.0,POINT (-77.1750923428665 45.52381355315751)
2021S051635470008,0,0,0,0,1,0,0,8,8,0,0,0,0,2,0,0,13,13,5.0,56.0,45.0,4.0,181.0,32.0,2.0,418.0,441.0,POINT (-76.73356098221458 45.3392416646414)
2021S051635470009,1,2,4,0,13,0,0,19,19,2,7,17,0,93,0,0,154,154,33.0,6.0,14.0,0.0,159.0,2.0,32.0,242.0,244.0,POINT (-77.61000258398093 45.46675581443605)
2021S051635470012,0,3,2,0,5,3,0,23,25,0,45,42,0,169,50,0,303,345,0.0,182.0,27.0,3.0,106.0,154.0,0.0,334.0,353.0,POINT (-76.6862941353449 45.47286705351323)
2021S051635470013,0,0,0,0,0,0,0,1,1,0,0,0,0,0,0,0,2,2,1.0,4.0,5.0,1.0,7.0,1.0,0.0,22.0,22.0,POINT (-77.24506994616377 45.563930816337496)
2021S051635470014,0,4,2,0,3,0,0,16,16,0,9,5,0,42,0,0,71,71,11.0,87.0,53.0,6.0,78.0,23.0,1.0,277.0,291.0,POINT (-76.50208156133435 45.41174667348358)
2021S051635470015,2,6,4,1,1,4,0,17,19,24,237,139,15,2,38,0,402,420,14.0,93.0,52.0,7.0,48.0,13.0,1.0,264.0,269.0,POINT (-76.3611336134479 45.42293862963381)
2021S051635480001,1,0,0,0,3,0,1,6,6,70,0,0,0,217,0,70,292,292,26.0,12.0,45.0,0.0,101.0,31.0,16.0,261.0,261.0,POINT (-78.42553141112168 45.86289331175899)
2021S051635480002,0,0,0,0,0,0,0,0,0,0,0,0,0,0,0,0,0,0,0.0,0.0,0.0,0.0,0.0,0.0,0.0,0.0,0.0,POINT (-80.07002408992219 46.981535641593176)
2021S051635480003,1,2,4,2,2,3,0,18,19,6,24,61,24,36,59,0,116,151,10.0,42.0,107.0,42.0,78.0,103.0,0.0,313.0,374.0,POINT (-80.07727185886452 46.39411071753961)
2021S051635480005,0,0,1,0,0,0,0,4,4,0,0,21,0,0,0,0,146,146,8.0,9.0,17.0,2.0,22.0,12.0,4.0,77.0,84.0,POINT (-79.1068609680633 46.24441030645477)
2021S051635480007,0,0,0,0,0,0,0,0,0,0,0,0,0,0,0,0,0,0,7.0,13.0,18.0,2.0,8.0,10.0,1.0,81.0,86.0,POINT (-79.82851732564684 46.34959260459504)
2021S051635480009,0,1,3,0,2,1,0,9,10,0,4,9,0,10,3,0,28,31,27.0,28.0,63.0,3.0,44.0,34.0,10.0,321.0,334.0,POINT (-79.23812982366051 46.15737513142424)
2021S051635480011,1,4,5,0,1,1,1,13,14,5,62,139,0,3,7,24,208,215,13.0,21.0,40.0,4.0,15.0,22.0,2.0,141.0,155.0,POINT (-79.48429635777018 46.32112012996201)
2021S051635480021,1,3,4,1,0,3,0,8,10,34,10,117,6,0,115,0,143,252,10.0,16.0,29.0,3.0,11.0,15.0,2.0,150.0,159.0,POINT (-79.37727414882158 46.267737495451506)
2021S051635480023,1,8,9,2,1,5,0,12,13,2,42,41,8,34,35,0,95,102,19.0,30.0,69.0,7.0,22.0,36.0,4.0,251.0,275.0,POINT (-79.44817432370255 46.268582737129286)
2021S051635480024,2,5,4,0,0,1,0,12,12,77,28,60,0,0,1,0,209,209,27.0,43.0,87.0,9.0,29.0,45.0,5.0,273.0,303.0,POINT (-79.45666543806166 46.31166984436379)
2021S051635480025,1,0,0,0,0,0,0,3,3,5,0,0,0,0,0,0,20,20,9.0,14.0,23.0,2.0,10.0,11.0,2.0,118.0,124.0,POINT (-79.41938571392676 46.35789050620365)
2021S051635480026,0,3,4,1,3,2,0,6,7,0,16,19,6,52,9,0,68,71,14.0,26.0,49.0,2.0,26.0,40.0,4.0,193.0,207.0,POINT (-79.51618372492881 46.636698422100444)
2021S051635480027,0,1,0,0,0,0,0,4,4,0,2,0,0,0,0,0,11,11,12.0,19.0,36.0,4.0,13.0,19.0,2.0,149.0,160.0,POINT (-79.43818810459533 46.32330525621393)
2021S051635482000,0,0,0,0,0,0,0,0,0,0,0,0,0,0,0,0,0,0,0.0,0.0,0.0,0.0,0.0,0.0,0.0,0.0,0.0,POINT (-79.95994144977404 47.000944050533946)
2021S051635490001,0,1,2,1,4,2,0,15,15,0,6,9,6,11,8,0,44,44,0.0,14.0,19.0,8.0,49.0,11.0,0.0,188.0,188.0,POINT (-79.43457343833249 46.068389864593016)
2021S051635490002,0,1,1,0,3,0,0,7,7,0,5,5,0,18,0,0,66,66,24.0,15.0,51.0,2.0,61.0,37.0,15.0,172.0,176.0,POINT (-79.38533170614325 45.889605630737016)
2021S051635490003,0,0,2,0,1,1,0,4,5,0,0,18,0,3,15,0,24,39,0.0,8.0,38.0,0.0,35.0,25.0,0.0,201.0,226.0,POINT (-80.02069687976685 45.78654569067354)
2021S051635490004,0,0,0,0,0,0,0,0,0,0,0,0,0,0,0,0,0,0,0.0,0.0,0.0,0.0,0.0,0.0,0.0,0.0,0.0,POINT (-79.99870077125742 46.08122551066343)
2021S051635490005,0,0,0,0,0,0,0,0,0,0,0,0,0,0,0,0,0,0,0.0,0.0,0.0,0.0,0.0,0.0,0.0,0.0,0.0,POINT (-80.54582284088647 45.973056031123804)
2021S051635490006,0,0,0,0,0,0,0,0,0,0,0,0,0,0,0,0,0,0,0.0,0.0,0.0,0.0,0.0,0.0,0.0,0.0,0.0,POINT (-80.61233663296251 45.84684508490783)
2021S051635490007,0,0,0,0,0,0,0,1,1,0,0,0,0,0,0,0,3,3,0.0,0.0,0.0,0.0,0.0,0.0,0.0,0.0,0.0,POINT (-80.45995538375792 45.75484514918519)
2021S051635490008,2,4,5,3,1,2,0,19,20,10,72,83,66,3,63,0,243,250,19.0,41.0,92.0,24.0,22.0,70.0,0.0,217.0,220.0,POINT (-79.87871721006425 45.38044017771102)
2021S051635490009,0,0,0,0,0,0,0,0,0,0,0,0,0,0,0,0,0,0,0.0,0.0,0.0,0.0,0.0,0.0,0.0,0.0,0.0,POINT (-80.30084750310148 45.523123004281345)
2021S051635490010,0,2,0,0,2,0,0,10,10,0,62,0,0,6,0,0,157,157,3.0,35.0,27.0,17.0,4.0,20.0,0.0,133.0,139.0,POINT (-80.02770668727334 45.3502293912732)
2021S051635490011,0,0,0,0,0,0,0,0,0,0,0,0,0,0,0,0,0,0,0.0,0.0,0.0,0.0,0.0,0.0,0.0,0.0,0.0,POINT (-80.16473898377245 45.28947718619537)
2021S051635490012,3,3,3,0,4,1,0,20,20,35,35,173,0,14,140,0,226,226,59.0,55.0,126.0,32.0,127.0,97.0,34.0,490.0,494.0,POINT (-79.24989842663386 45.591822211188436)
2021S051635490013,0,0,0,0,0,0,0,0,0,0,0,0,0,0,0,0,0,0,0.0,0.0,0.0,0.0,0.0,0.0,0.0,0.0,0.0,POINT (-80.48555931868722 45.675293912070074)
2021S051635510001,0,4,1,0,3,1,0,23,23,0,24,5,0,12,3,0,115,115,0.0,10.0,8.0,0.0,168.0,16.0,0.0,358.0,358.0,POINT (-82.99139832413339 45.87326356669293)
2021S051635510002,0,0,0,0,0,0,0,0,0,0,0,0,0,0,0,0,0,0,0.0,5.0,3.0,1.0,8.0,2.0,0.0,20.0,20.0,POINT (-81.7586920652413 46.051338536117456)
2021S051635510003,0,0,0,0,0,0,0,0,0,0,0,0,0,0,0,0,0,0,0.0,4.0,3.0,0.0,8.0,2.0,0.0,21.0,21.0,POINT (-82.00171684430072 45.961310211218255)
2021S051635510004,0,0,0,0,0,0,0,1,1,0,0,0,0,0,0,0,8,8,0.0,5.0,4.0,2.0,9.0,3.0,0.0,43.0,43.0,POINT (-81.73126532044951 45.70763053194001)
2021S051635510005,0,0,0,0,0,0,0,0,0,0,0,0,0,0,0,0,0,0,0.0,0.0,0.0,0.0,0.0,0.0,0.0,0.0,0.0,POINT (-81.93078540213847 45.85762381781247)
2021S051635510006,0,0,0,0,0,0,0,1,1,0,0,0,0,0,0,0,2,2,0.0,0.0,0.0,0.0,0.0,0.0,0.0,0.0,0.0,POINT (-82.84788558946713 45.940482689296246)
2021S051635510007,0,0,0,0,0,0,0,0,0,0,0,0,0,0,0,0,0,0,0.0,0.0,0.0,0.0,0.0,0.0,0.0,0.0,0.0,POINT (-82.87809080468521 45.94584096713575)
2021S051635510008,0,0,0,0,0,0,0,1,1,0,0,0,0,0,0,0,2,2,0.0,5.0,1.0,0.0,1.0,1.0,0.0,14.0,14.0,POINT (-82.17479678868831 45.81232447464026)
2021S051635520001,0,1,1,1,7,2,0,11,11,0,6,6,6,239,19,0,262,262,12.0,55.0,120.0,44.0,96.0,146.0,20.0,295.0,364.0,POINT (-82.11537094606649 47.30095255875438)
2021S051635520002,0,0,0,0,0,0,0,0,0,0,0,0,0,0,0,0,0,0,0.0,0.0,0.0,0.0,0.0,3.0,0.0,4.0,4.0,POINT (-81.52860465563518 47.853356626085215)
2021S051635520003,0,0,0,0,0,0,0,0,0,0,0,0,0,0,0,0,0,0,0.0,0.0,0.0,0.0,0.0,0.0,0.0,0.0,0.0,POINT (-83.37492688925377 47.85511463952446)
2021S051635520004,0,0,0,0,0,0,0,0,0,0,0,0,0,0,0,0,0,0,0.0,0.0,0.0,0.0,0.0,0.0,0.0,0.0,0.0,POINT (-83.33177117743583 47.83557944763238)
2021S051635520005,0,0,0,0,0,0,0,0,0,0,0,0,0,0,0,0,0,0,0.0,0.0,0.0,0.0,0.0,0.0,0.0,0.0,0.0,POINT (-83.38378153703464 47.81040404607848)
2021S051635520007,0,0,0,0,0,0,0,0,0,0,0,0,0,0,0,0,0,0,8.0,13.0,11.0,2.0,5.0,10.0,2.0,53.0,55.0,POINT (-81.24383159650674 46.31780215059741)
2021S051635520008,0,1,0,0,4,0,0,10,10,0,13,0,0,8,0,0,123,123,0.0,55.0,0.0,0.0,30.0,0.0,0.0,550.0,550.0,POINT (-82.00125598916917 46.23965372887239)
2021S051635520009,0,1,2,1,6,1,0,11,11,0,28,37,28,130,28,0,226,226,0.0,9.0,12.0,9.0,40.0,9.0,0.0,92.0,92.0,POINT (-80.77578520586717 46.072590503498105)
2021S051635520010,0,0,0,0,2,0,0,2,2,0,0,0,0,6,0,0,6,6,3.0,9.0,10.0,4.0,13.0,35.0,2.0,60.0,87.0,POINT (-80.43699492397677 46.35129855857098)
2021S051635520011,0,0,0,0,0,0,0,0,0,0,0,0,0,0,0,0,0,0,0.0,0.0,0.0,0.0,0.0,0.0,0.0,0.0,0.0,POINT (-81.15170901569837 46.02416794966494)
2021S051635520012,0,0,0,0,0,0,0,0,0,0,0,0,0,0,0,0,0,0,0.0,0.0,0.0,0.0,0.0,0.0,0.0,0.0,0.0,POINT (-83.44698204795334 47.81497942690594)
2021S051635522000,0,0,1,0,0,0,0,3,3,0,0,5,0,0,0,0,12,12,6.0,22.0,27.0,13.0,24.0,93.0,3.0,125.0,193.0,POINT (-80.49234533504539 46.48891451372781)
2021S051635530001,1,4,3,0,2,2,0,12,14,3,22,20,0,29,133,0,201,219,2.0,20.0,14.0,0.0,23.0,84.0,0.0,143.0,155.0,POINT (-80.87461033782748 46.71726892009087)
2021S051635530002,0,0,0,0,0,0,0,0,0,0,0,0,0,0,0,0,0,0,0.0,0.0,0.0,0.0,0.0,0.0,0.0,0.0,0.0,POINT (-80.83534645480856 46.77548594831603)
2021S051635530003,1,4,5,2,1,5,0,17,20,26,40,84,12,3,632,0,145,765,24.0,37.0,74.0,11.0,3.0,1132.0,0.0,130.0,1251.0,POINT (-81.3784875668198 46.465130960675324)
2021S051635530004,0,0,0,0,0,0,0,5,5,0,0,0,0,0,0,0,19,19,12.0,18.0,28.0,1.0,5.0,526.0,2.0,102.0,597.0,POINT (-80.95647912632332 46.651691138033264)
2021S051635530005,0,1,1,0,0,1,0,2,3,0,3,3,0,0,3,0,8,11,16.0,24.0,49.0,3.0,16.0,418.0,5.0,146.0,539.0,POINT (-80.99778341535568 46.64455827862751)
2021S051635530006,4,4,7,0,2,2,2,13,16,60,60,95,0,22,18,20,139,192,15.0,30.0,48.0,9.0,13.0,461.0,5.0,154.0,588.0,POINT (-81.0313279425926 46.600341076861824)
2021S051635530007,0,0,0,0,0,1,0,2,2,0,0,0,0,0,1,0,4,4,17.0,35.0,61.0,12.0,15.0,272.0,7.0,164.0,403.0,POINT (-80.87049258853885 46.55563101188611)
2021S051635530008,1,1,1,0,2,0,0,5,5,3,3,3,0,6,0,0,66,66,14.0,21.0,41.0,2.0,14.0,561.0,5.0,124.0,666.0,POINT (-81.21326515398074 46.57064503670699)
2021S051635530009,2,3,2,0,0,1,0,11,11,18,18,29,0,0,14,0,61,61,15.0,30.0,48.0,9.0,13.0,303.0,5.0,147.0,423.0,POINT (-80.86518545893813 46.5159519107131)
2021S051635530010,0,2,1,0,0,7,0,6,11,0,7,35,0,0,2169,0,349,2184,16.0,33.0,58.0,11.0,15.0,472.0,6.0,169.0,611.0,POINT (-81.13534775584483 46.515444707417124)
2021S051635530011,1,0,0,0,0,0,0,2,2,2,0,0,0,0,0,0,6,6,17.0,35.0,62.0,12.0,7.0,214.0,7.0,152.0,335.0,POINT (-80.97268521492693 46.525922784347415)
2021S051635530012,1,1,2,0,0,2,0,13,14,3,6,79,0,0,43,0,103,138,15.0,31.0,51.0,10.0,14.0,324.0,5.0,151.0,447.0,POINT (-80.90651951047015 46.49805649579148)
2021S051635530013,0,0,0,0,0,0,0,0,0,0,0,0,0,0,0,0,0,0,12.0,22.0,31.0,5.0,9.0,179.0,3.0,110.0,273.0,POINT (-80.96499321855507 46.51012889310385)
2021S051635530014,0,0,1,0,1,1,0,4,5,0,0,3,0,3,3,0,20,23,15.0,30.0,48.0,9.0,13.0,163.0,5.0,139.0,276.0,POINT (-81.00529088574135 46.50844576351872)
2021S051635530015,1,3,6,1,1,6,2,11,14,5,280,355,276,3,651,55,370,742,17.0,36.0,65.0,14.0,22.0,428.0,7.0,185.0,577.0,POINT (-80.88329699165844 46.41061465987971)
2021S051635530016,0,1,0,0,0,0,0,2,2,0,6,0,0,0,0,0,8,8,17.0,35.0,62.0,12.0,15.0,272.0,7.0,165.0,404.0,POINT (-80.91443373399574 46.480740386663314)
2021S051635530017,0,0,0,0,0,0,0,4,4,0,0,0,0,0,0,0,33,33,15.0,31.0,51.0,10.0,12.0,119.0,5.0,125.0,217.0,POINT (-80.98195683770678 46.50045100531455)
2021S051635530018,4,6,13,1,1,3,3,23,25,63,77,448,28,3,97,78,481,550,19.0,40.0,74.0,15.0,18.0,479.0,8.0,195.0,633.0,POINT (-81.13150424430995 46.43347500334229)
2021S051635530019,0,1,1,0,0,0,0,3,3,0,21,21,0,0,0,0,33,33,14.0,26.0,44.0,8.0,14.0,309.0,5.0,138.0,422.0,POINT (-80.99099195774018 46.482321774368934)
2021S051635530020,3,3,3,0,0,4,0,14,16,20,34,187,0,0,188,0,187,369,15.0,31.0,52.0,10.0,12.0,320.0,6.0,138.0,429.0,POINT (-81.01697946496878 46.478626670930296)
2021S051635530021,1,1,1,0,1,0,0,5,5,13,9,9,0,3,0,0,114,114,14.0,25.0,43.0,8.0,11.0,191.0,5.0,117.0,284.0,POINT (-80.93943501294699 46.456627800431676)
2021S051635530022,1,3,2,0,0,0,0,9,9,20,37,92,0,0,0,0,146,146,16.0,33.0,59.0,12.0,14.0,353.0,7.0,161.0,482.0,POINT (-81.04182041734256 46.45479809228195)
2021S051635540001,0,1,2,0,2,2,0,7,7,0,6,90,0,70,93,0,194,194,2.0,11.0,39.0,1.0,40.0,139.0,1.0,265.0,282.0,POINT (-79.95232726650235 48.20380464707255)
2021S051635540002,0,3,4,1,6,3,0,40,41,0,29,85,3,100,167,0,610,684,5.0,33.0,100.0,3.0,119.0,174.0,0.0,586.0,618.0,POINT (-80.41552517982655 47.73373370251923)
2021S051635540003,0,0,0,0,0,0,0,0,0,0,0,0,0,0,0,0,0,0,0.0,0.0,0.0,0.0,0.0,2.0,0.0,4.0,4.0,POINT (-80.63785624707435 48.06307976244778)
2021S051635540004,1,4,6,0,5,3,0,31,33,15,55,144,0,133,58,0,339,369,10.0,22.0,41.0,1.0,144.0,87.0,0.0,491.0,508.0,POINT (-79.71347497039181 47.487154463120476)
2021S051635560001,0,0,0,0,8,1,0,11,11,0,0,0,0,48,2,0,54,54,3.0,4.0,30.0,2.0,139.0,41.0,0.0,368.0,368.0,POINT (-83.00574134054337 50.39497500137059)
2021S051635560002,0,0,0,0,0,0,0,0,0,0,0,0,0,0,0,0,0,0,0.0,0.0,0.0,0.0,0.0,0.0,0.0,0.0,0.0,POINT (-81.62691841512773 52.28203219084916)
2021S051635560003,0,0,0,0,0,0,0,0,0,0,0,0,0,0,0,0,0,0,0.0,0.0,0.0,0.0,0.0,0.0,0.0,3.0,3.0,POINT (-80.59599000082768 51.26571926860155)
2021S051635560004,0,0,0,0,0,0,0,0,0,0,0,0,0,0,0,0,0,0,0.0,0.0,0.0,0.0,0.0,0.0,0.0,0.0,0.0,POINT (-80.60885794054023 51.11459364234592)
2021S051635560005,0,0,0,0,1,0,0,1,1,0,0,0,0,143,0,0,143,143,0.0,0.0,0.0,0.0,16.0,1.0,0.0,20.0,20.0,POINT (-84.12676720553311 49.814668482953024)
2021S051635560006,1,1,2,0,8,0,0,13,13,3,3,17,0,118,0,0,193,193,6.0,5.0,34.0,0.0,210.0,4.0,0.0,377.0,377.0,POINT (-83.65964546021833 49.686957500538526)
2021S051635560007,1,1,1,0,4,2,0,10,10,2,2,2,0,169,91,0,550,550,2.0,2.0,2.0,0.0,101.0,31.0,0.0,240.0,240.0,POINT (-81.00576707251419 49.137165293283104)
2021S051635560008,0,1,1,1,5,1,0,10,10,0,3,3,3,98,3,0,384,384,0.0,2.0,2.0,2.0,97.0,4.0,0.0,302.0,302.0,POINT (-82.40922362388976 49.39354857871054)
2021S051635560009,0,0,0,0,0,0,0,0,0,0,0,0,0,0,0,0,0,0,0.0,0.0,0.0,0.0,0.0,2.0,0.0,3.0,3.0,POINT (-80.83811972692693 49.01010147656163)
2021S051635560010,0,0,0,0,1,1,0,3,3,0,0,0,0,2,60,0,65,65,0.0,0.0,0.0,0.0,125.0,89.0,0.0,223.0,223.0,POINT (-80.54311497362853 48.52865865088307)
2021S051635560011,0,0,0,0,0,0,0,0,0,0,0,0,0,0,0,0,0,0,0.0,0.0,0.0,0.0,0.0,2.0,0.0,4.0,4.0,POINT (-79.98111362445309 48.637306339258174)
2021S051635560012,0,0,1,0,1,2,0,6,6,0,0,3,0,3,75,0,94,94,9.0,9.0,43.0,5.0,57.0,140.0,0.0,279.0,303.0,POINT (-81.05397841036984 48.57890716166582)
2021S051635560013,1,1,2,0,7,0,0,17,18,11,3,47,0,93,0,0,188,191,10.0,3.0,44.0,0.0,88.0,0.0,0.0,1059.0,1062.0,POINT (-81.5419699275706 48.51972700338296)
2021S051635560014,1,3,3,1,0,7,0,15,18,15,21,85,15,0,256,0,325,396,16.0,24.0,91.0,16.0,0.0,164.0,0.0,199.0,275.0,POINT (-81.13649592792532 48.39287205544369)
2021S051635560015,0,0,0,0,0,0,0,0,0,0,0,0,0,0,0,0,0,0,4.0,5.0,18.0,2.0,15.0,61.0,0.0,120.0,130.0,POINT (-81.34197474368418 48.49534584401828)
2021S051635560016,0,0,0,0,0,0,0,0,0,0,0,0,0,0,0,0,0,0,0.0,0.0,0.0,0.0,0.0,0.0,0.0,0.0,0.0,POINT (-82.01945063249713 48.53231306048234)
2021S051635570002,0,0,0,0,0,0,0,0,0,0,0,0,0,0,0,0,0,0,0.0,0.0,0.0,0.0,3.0,2.0,0.0,14.0,14.0,POINT (-84.90060252832536 47.98805136536703)
2021S051635570003,0,0,0,0,0,0,0,0,0,0,0,0,0,0,0,0,0,0,0.0,0.0,0.0,0.0,0.0,0.0,0.0,0.0,0.0,POINT (-84.52250165159862 46.7312603856046)
2021S051635570004,2,0,2,0,2,0,1,6,6,29,0,26,0,9,0,24,42,42,5.0,3.0,7.0,0.0,50.0,51.0,4.0,178.0,178.0,POINT (-82.63305322844298 46.40428182837943)
2021S051635570005,0,0,0,0,1,0,0,1,1,0,0,0,0,63,0,0,63,63,4.0,9.0,21.0,3.0,7.0,21.0,1.0,56.0,59.0,POINT (-84.1047150445713 46.5881977983678)
2021S051635570006,1,1,1,0,7,1,1,36,36,5,3,5,0,90,130,5,451,451,4.0,3.0,4.0,0.0,90.0,105.0,4.0,525.0,525.0,POINT (-83.9362177137259 46.18947297691249)
2021S051635570007,1,3,4,1,0,4,0,7,9,15,160,50,15,0,64,0,183,213,5.0,45.0,179.0,9.0,67.0,177.0,0.0,322.0,337.0,POINT (-84.3336778472862 46.52535339218418)
2021S051635570008,0,2,6,2,4,7,0,21,23,0,51,1137,9,28,1113,0,1368,1406,7.0,88.0,354.0,16.0,135.0,351.0,0.0,622.0,652.0,POINT (-84.43504459823146 46.54501113756564)
2021S051635570009,0,0,1,0,0,1,0,0,1,0,0,35,0,0,35,0,0,35,0.0,0.0,0.0,0.0,0.0,0.0,0.0,0.0,0.0,POINT (-84.24754238566071 46.56123345552261)
2021S051635570010,0,0,0,0,0,0,0,0,0,0,0,0,0,0,0,0,0,0,3.0,16.0,48.0,4.0,17.0,47.0,0.0,106.0,109.0,POINT (-84.53320842374191 46.56583151038522)
2021S051635570011,0,1,1,0,0,1,0,2,3,0,3,3,0,0,3,0,5,8,1.0,8.0,68.0,2.0,34.0,75.0,1.0,168.0,173.0,POINT (-84.02295420965545 46.43578893743711)
2021S051635570012,0,0,0,0,2,0,0,3,3,0,0,0,0,4,0,0,6,6,5.0,60.0,231.0,11.0,84.0,228.0,0.0,405.0,425.0,POINT (-84.24746027574865 46.52964723597123)
2021S051635570013,0,2,1,1,2,1,0,4,4,0,31,28,28,47,28,0,78,78,6.0,71.0,287.0,13.0,98.0,281.0,0.0,477.0,501.0,POINT (-84.37720304903448 46.548074229652144)
2021S051635570014,0,0,0,0,0,0,0,5,5,0,0,0,0,0,0,0,18,18,5.0,52.0,196.0,10.0,70.0,194.0,0.0,344.0,361.0,POINT (-84.29468411078335 46.535467755020555)
2021S051635570016,2,2,2,0,1,0,0,5,5,4,30,9,0,7,0,0,41,41,3.0,19.0,63.0,4.0,27.0,61.0,0.0,134.0,139.0,POINT (-84.33470419301696 46.51324572863265)
2021S051635570017,0,2,1,0,0,0,0,3,3,0,30,2,0,0,0,0,33,33,5.0,62.0,244.0,11.0,95.0,244.0,0.0,445.0,466.0,POINT (-84.29512366594761 46.512290180058045)
2021S051635570020,0,0,0,0,0,0,0,1,1,0,0,0,0,0,0,0,2,2,0.0,0.0,0.0,0.0,0.0,0.0,0.0,0.0,0.0,POINT (-82.5719294380275 46.19053903755308)
2021S051635570021,0,0,0,0,0,0,0,0,0,0,0,0,0,0,0,0,0,0,0.0,0.0,0.0,0.0,2.0,4.0,0.0,20.0,20.0,POINT (-82.17273676620259 46.14125286018566)
2021S051635570022,0,0,0,0,0,0,0,0,0,0,0,0,0,0,0,0,0,0,0.0,0.0,0.0,0.0,0.0,0.0,0.0,0.0,0.0,POINT (-83.0047715220711 46.214005002135)
2021S051635570023,0,0,0,0,0,0,0,0,0,0,0,0,0,0,0,0,0,0,0.0,0.0,0.0,0.0,2.0,0.0,0.0,15.0,15.0,POINT (-83.41280567697927 46.258852557165625)
2021S051635570024,0,0,0,0,0,0,0,0,0,0,0,0,0,0,0,0,0,0,0.0,0.0,0.0,0.0,0.0,0.0,0.0,0.0,0.0,POINT (-84.63393668274374 46.90535446346388)
2021S051635570604,0,0,2,0,10,4,0,24,24,0,0,12,0,320,178,0,563,563,0.0,19.0,36.0,4.0,348.0,111.0,0.0,582.0,603.0,POINT (-84.6724336427229 48.02641688532685)
2021S051635572000,0,0,0,0,0,0,0,0,0,0,0,0,0,0,0,0,0,0,4.0,31.0,116.0,7.0,45.0,111.0,0.0,215.0,226.0,POINT (-84.28026902399338 46.50241672226354)
2021S051635572001,0,0,0,0,0,0,0,1,1,0,0,0,0,0,0,0,2,2,4.0,37.0,139.0,7.0,51.0,138.0,0.0,254.0,266.0,POINT (-84.36446952570861 46.53415359202954)
2021S051635580002,0,0,0,0,0,0,0,0,0,0,0,0,0,0,0,0,0,0,0.0,0.0,0.0,0.0,0.0,0.0,0.0,0.0,0.0,POINT (-90.25865606589572 51.07949303052071)
2021S051635580003,0,0,0,0,0,0,0,0,0,0,0,0,0,0,0,0,0,0,0.0,0.0,0.0,0.0,0.0,0.0,0.0,0.0,0.0,POINT (-90.70213440913287 50.4513993869219)
2021S051635580005,0,0,0,0,0,0,0,0,0,0,0,0,0,0,0,0,0,0,0.0,0.0,0.0,0.0,0.0,0.0,0.0,0.0,0.0,POINT (-89.04469980831064 50.31300704087655)
2021S051635580006,0,0,0,0,0,0,0,0,0,0,0,0,0,0,0,0,0,0,0.0,0.0,0.0,0.0,4.0,0.0,0.0,7.0,7.0,POINT (-86.96314467288589 50.22577464319341)
2021S051635580007,0,0,0,0,0,0,0,0,0,0,0,0,0,0,0,0,0,0,0.0,0.0,0.0,0.0,0.0,0.0,0.0,0.0,0.0,POINT (-86.56428399348107 49.790456544756175)
2021S051635580008,0,0,0,0,0,0,0,1,1,0,0,0,0,0,0,0,1,1,0.0,0.0,0.0,0.0,0.0,0.0,0.0,0.0,0.0,POINT (-86.50924942306091 49.73310643447928)
2021S051635580009,0,0,0,0,0,0,0,0,0,0,0,0,0,0,0,0,0,0,0.0,0.0,0.0,0.0,0.0,0.0,0.0,0.0,0.0,POINT (-89.14448552904015 49.80858735434729)
2021S051635580010,0,0,0,0,0,0,0,0,0,0,0,0,0,0,0,0,0,0,0.0,0.0,0.0,0.0,0.0,0.0,0.0,0.0,0.0,POINT (-87.35236739336982 49.713713327228874)
2021S051635580011,0,0,0,0,1,0,0,1,1,0,0,0,0,7,0,0,7,7,0.0,0.0,0.0,0.0,0.0,0.0,0.0,0.0,0.0,POINT (-88.13247735325258 49.438760933097946)
2021S051635580012,0,0,0,0,0,0,0,0,0,0,0,0,0,0,0,0,0,0,0.0,0.0,0.0,0.0,0.0,0.0,0.0,0.0,0.0,POINT (-88.24135359195718 49.028856101266555)
2021S051635580014,0,0,0,0,0,0,0,0,0,0,0,0,0,0,0,0,0,0,2.0,0.0,2.0,1.0,2.0,0.0,0.0,14.0,14.0,POINT (-87.55998908973612 48.884369909093195)
2021S051635580016,0,0,0,0,0,0,0,0,0,0,0,0,0,0,0,0,0,0,0.0,0.0,0.0,0.0,0.0,0.0,0.0,0.0,0.0,POINT (-90.39310651040358 48.87979953068401)
2021S051635580017,0,0,0,0,0,0,0,0,0,0,0,0,0,0,0,0,0,0,0.0,0.0,0.0,0.0,0.0,0.0,0.0,0.0,0.0,POINT (-85.62215925703602 48.700563860158105)
2021S051635580018,0,0,0,0,0,0,0,0,0,0,0,0,0,0,0,0,0,0,0.0,0.0,0.0,0.0,0.0,4.0,0.0,6.0,6.0,POINT (-85.64524518728345 48.68764617192488)
2021S051635580019,0,0,0,0,0,1,0,1,1,0,0,0,0,0,58,0,58,58,0.0,0.0,0.0,0.0,4.0,4.0,0.0,13.0,13.0,POINT (-86.27467798806063 48.627516803532785)
2021S051635580020,0,2,2,1,0,1,0,8,8,0,5,8,3,0,3,0,23,23,5.0,12.0,9.0,2.0,22.0,20.0,0.0,95.0,100.0,POINT (-88.72045549801072 48.602782301517664)
2021S051635580021,1,3,5,1,7,3,0,39,40,1,75,89,60,50,67,0,229,232,2.0,81.0,97.0,65.0,66.0,73.0,0.0,362.0,366.0,POINT (-89.57708079571984 48.38421351897753)
2021S051635580022,1,1,0,0,2,0,0,4,4,2,2,0,0,32,0,0,35,35,6.0,32.0,31.0,9.0,53.0,49.0,0.0,232.0,247.0,POINT (-89.25716471741781 48.480769877146855)
2021S051635580023,2,4,2,1,0,3,0,8,9,8,75,67,60,0,70,0,83,90,6.0,31.0,29.0,9.0,49.0,38.0,0.0,211.0,224.0,POINT (-89.1821560387102 48.46924707426066)
2021S051635580024,0,0,0,0,2,0,0,4,4,0,0,0,0,5,0,0,20,20,6.0,33.0,32.0,10.0,58.0,43.0,0.0,237.0,252.0,POINT (-89.34003135052541 48.453564803006905)
2021S051635580025,0,0,0,0,2,0,0,2,2,0,0,0,0,4,0,0,4,4,5.0,20.0,20.0,6.0,33.0,30.0,0.0,157.0,166.0,POINT (-89.23756102523855 48.450052012215075)
2021S051635580026,0,1,0,0,1,1,0,4,4,0,7,0,0,2,7,0,26,26,5.0,18.0,18.0,5.0,32.0,28.0,0.0,147.0,155.0,POINT (-89.24948911698237 48.43984654271518)
2021S051635580027,1,3,2,0,1,0,0,10,10,2,18,6,0,2,0,0,54,54,5.0,17.0,15.0,5.0,30.0,25.0,0.0,133.0,139.0,POINT (-89.22395637965737 48.43580257388663)
2021S051635580028,0,4,0,0,0,1,0,8,8,0,29,0,0,0,1,0,89,89,5.0,18.0,18.0,5.0,30.0,26.0,0.0,141.0,149.0,POINT (-89.25824682243992 48.42635277302574)
2021S051635580030,0,2,2,0,1,2,0,11,12,0,4,76,0,72,77,0,120,194,6.0,40.0,40.0,13.0,76.0,49.0,0.0,289.0,307.0,POINT (-89.35259093784157 48.355511752721746)
2021S051635580031,0,3,1,0,1,0,0,4,4,0,14,5,0,7,0,0,21,21,6.0,31.0,29.0,9.0,49.0,36.0,0.0,207.0,220.0,POINT (-89.24575908090635 48.39101420647559)
2021S051635580032,0,0,0,0,0,0,0,1,1,0,0,0,0,0,0,0,20,20,5.0,24.0,22.0,7.0,35.0,32.0,0.0,167.0,177.0,POINT (-89.28318019709684 48.38013228857551)
2021S051635580033,0,0,0,0,0,2,0,4,4,0,0,0,0,0,4,0,33,33,6.0,31.0,29.0,9.0,53.0,45.0,0.0,228.0,241.0,POINT (-89.26487749610254 48.37080331976079)
2021S051635580034,0,0,0,0,1,0,0,6,6,0,0,0,0,7,0,0,25,25,0.0,0.0,0.0,0.0,36.0,0.0,0.0,109.0,109.0,POINT (-89.53892852108939 48.160954401345954)
2021S051635580035,0,0,0,0,1,0,0,1,1,0,0,0,0,14,0,0,14,14,5.0,11.0,8.0,2.0,8.0,10.0,0.0,50.0,53.0,POINT (-89.27367480433283 48.312187818739645)
2021S051635580036,0,0,0,0,0,0,0,0,0,0,0,0,0,0,0,0,0,0,0.0,0.0,0.0,0.0,0.0,0.0,0.0,0.0,0.0,POINT (-88.11726423972425 49.472165366171865)
2021S051635580037,0,0,0,0,0,0,0,0,0,0,0,0,0,0,0,0,0,0,0.0,0.0,0.0,0.0,0.0,0.0,0.0,0.0,0.0,POINT (-88.30997208142426 49.0652494357339)
2021S051635580111,2,0,2,1,7,3,0,20,20,4,0,12,3,80,18,0,471,471,9.0,3.0,15.0,4.0,216.0,169.0,0.0,868.0,868.0,POINT (-86.33077787155304 49.670229536454045)
2021S051635580602,2,11,8,0,6,10,0,38,43,8,147,146,0,397,244,0,1293,1404,6.0,39.0,39.0,12.0,63.0,55.0,0.0,273.0,291.0,POINT (-89.24479770643626 48.40637256602403)
2021S051635590001,0,2,2,0,13,0,0,32,32,0,9,36,0,199,0,0,570,570,0.0,5.0,13.0,0.0,155.0,52.0,0.0,389.0,389.0,POINT (-91.81653348306075 48.588162755102765)
2021S051635590003,0,0,0,0,0,0,0,1,1,0,0,0,0,0,0,0,2,2,0.0,0.0,0.0,0.0,0.0,0.0,0.0,0.0,0.0,POINT (-94.31108613156033 49.12169938211714)
2021S051635590004,0,0,0,0,0,0,0,0,0,0,0,0,0,0,0,0,0,0,0.0,0.0,0.0,0.0,0.0,2.0,0.0,5.0,5.0,POINT (-94.32009801830633 49.064743712564045)
2021S051635590005,0,0,0,0,0,0,0,0,0,0,0,0,0,0,0,0,0,0,0.0,0.0,0.0,0.0,0.0,0.0,0.0,0.0,0.0,POINT (-94.30285568312162 49.08453111949684)
2021S051635590006,0,0,0,0,0,0,0,0,0,0,0,0,0,0,0,0,0,0,0.0,0.0,0.0,0.0,0.0,0.0,0.0,0.0,0.0,POINT (-93.7456145934637 48.87909482773038)
2021S051635590007,0,0,0,0,0,0,0,0,0,0,0,0,0,0,0,0,0,0,0.0,0.0,0.0,0.0,0.0,0.0,0.0,10.0,10.0,POINT (-93.57195876695765 48.858372429205794)
2021S051635590008,0,0,0,0,0,0,0,0,0,0,0,0,0,0,0,0,0,0,0.0,0.0,0.0,0.0,0.0,0.0,0.0,0.0,0.0,POINT (-92.9217578860658 48.74484953523643)
2021S051635590009,0,0,0,0,0,0,0,0,0,0,0,0,0,0,0,0,0,0,0.0,2.0,1.0,0.0,10.0,0.0,0.0,37.0,37.0,POINT (-93.44667478627217 48.68528464021765)
2021S051635590010,0,0,0,0,0,0,0,0,0,0,0,0,0,0,0,0,0,0,0.0,0.0,0.0,0.0,0.0,0.0,0.0,0.0,0.0,POINT (-93.37512536266206 48.71357513451285)
2021S051635590011,0,0,1,0,1,0,0,1,1,0,0,3,0,3,0,0,3,3,0.0,0.0,0.0,0.0,0.0,0.0,0.0,10.0,10.0,POINT (-92.42673733529915 48.72063202113848)
2021S051635590013,0,0,0,0,0,2,0,4,4,0,0,0,0,0,93,0,96,96,0.0,0.0,0.0,0.0,2.0,2.0,0.0,13.0,13.0,POINT (-93.90864968043802 48.661996041583656)
2021S051635590015,0,1,0,0,6,0,0,9,9,0,3,0,0,40,0,0,54,54,0.0,3.0,8.0,0.0,60.0,0.0,0.0,380.0,380.0,POINT (-93.40662799927556 48.623517184399276)
2021S051635590016,0,0,0,0,0,0,0,0,0,0,0,0,0,0,0,0,0,0,0.0,0.0,0.0,0.0,0.0,0.0,0.0,0.0,0.0,POINT (-93.3620691556807 48.62337435374561)
2021S051635590017,0,0,0,0,0,0,0,0,0,0,0,0,0,0,0,0,0,0,0.0,0.0,0.0,0.0,0.0,0.0,0.0,0.0,0.0,POINT (-92.14185960493494 48.383387338815226)
2021S051635590018,0,0,0,0,0,0,0,0,0,0,0,0,0,0,0,0,0,0,0.0,0.0,0.0,0.0,0.0,0.0,0.0,0.0,0.0,POINT (-94.43567193062665 48.987989441807784)
2021S051635590019,0,0,0,0,0,0,0,0,0,0,0,0,0,0,0,0,0,0,0.0,0.0,0.0,0.0,0.0,0.0,0.0,0.0,0.0,POINT (-92.34583964388358 48.746782707607125)
2021S051635600002,0,0,0,0,0,0,0,0,0,0,0,0,0,0,0,0,0,0,0.0,0.0,0.0,0.0,0.0,0.0,0.0,0.0,0.0,POINT (-87.62737199754157 56.000071485443485)
2021S051635600003,0,0,0,0,0,0,0,0,0,0,0,0,0,0,0,0,0,0,0.0,0.0,0.0,0.0,0.0,0.0,0.0,0.0,0.0,POINT (-85.4256455531026 55.00148425102661)
2021S051635600004,0,0,0,0,0,0,0,0,0,0,0,0,0,0,0,0,0,0,0.0,0.0,0.0,0.0,0.0,0.0,0.0,0.0,0.0,POINT (-90.95597551006298 53.888262705962994)
2021S051635600005,0,0,0,0,0,0,0,0,0,0,0,0,0,0,0,0,0,0,0.0,0.0,0.0,0.0,0.0,0.0,0.0,0.0,0.0,POINT (-90.07897089020047 53.813649933186966)
2021S051635600006,0,0,0,0,0,0,0,0,0,0,0,0,0,0,0,0,0,0,0.0,0.0,0.0,0.0,3.0,0.0,0.0,5.0,5.0,POINT (-92.17895542724067 53.87966826389196)
2021S051635600007,0,0,0,0,0,0,0,0,0,0,0,0,0,0,0,0,0,0,0.0,0.0,0.0,0.0,0.0,0.0,0.0,0.0,0.0,POINT (-89.60053571107932 53.83024543758006)
2021S051635600008,0,0,0,0,0,0,0,0,0,0,0,0,0,0,0,0,0,0,0.0,0.0,0.0,0.0,0.0,0.0,0.0,0.0,0.0,POINT (-88.6632383657679 53.6095282140865)
2021S051635600009,0,0,0,0,0,0,0,0,0,0,0,0,0,0,0,0,0,0,0.0,0.0,0.0,0.0,0.0,0.0,0.0,0.0,0.0,POINT (-89.13200721511294 53.44854106061799)
2021S051635600010,0,0,0,0,0,0,0,0,0,0,0,0,0,0,0,0,0,0,0.0,0.0,0.0,0.0,0.0,0.0,0.0,0.0,0.0,POINT (-91.8532266551638 53.362874216919536)
2021S051635600011,0,0,0,0,0,0,0,0,0,0,0,0,0,0,0,0,0,0,0.0,0.0,0.0,0.0,0.0,0.0,0.0,0.0,0.0,POINT (-82.4280195902688 52.92529474493481)
2021S051635600012,0,0,0,0,0,0,0,0,0,0,0,0,0,0,0,0,0,0,0.0,0.0,0.0,0.0,0.0,0.0,0.0,0.0,0.0,POINT (-87.38183690510756 52.978344424727595)
2021S051635600013,0,0,0,0,0,1,0,1,1,0,0,0,0,0,38,0,38,38,0.0,0.0,0.0,0.0,0.0,0.0,0.0,0.0,0.0,POINT (-93.33080764731812 53.087715547933286)
2021S051635600014,0,0,0,0,0,0,0,0,0,0,0,0,0,0,0,0,0,0,0.0,0.0,0.0,0.0,0.0,0.0,0.0,0.0,0.0,POINT (-92.79782964086583 52.99009595055142)
2021S051635600015,0,0,0,0,0,0,0,0,0,0,0,0,0,0,0,0,0,0,0.0,0.0,0.0,0.0,0.0,0.0,0.0,0.0,0.0,POINT (-89.84184647970473 53.024862426999434)
2021S051635600016,0,0,0,0,0,0,0,0,0,0,0,0,0,0,0,0,0,0,0.0,0.0,0.0,0.0,0.0,2.0,0.0,5.0,5.0,POINT (-91.26034416156004 52.95218514574185)
2021S051635600017,0,0,0,0,0,0,0,0,0,0,0,0,0,0,0,0,0,0,0.0,0.0,0.0,0.0,0.0,2.0,0.0,5.0,5.0,POINT (-89.20360015905581 52.85439138448151)
2021S051635600018,0,0,0,0,0,0,0,0,0,0,0,0,0,0,0,0,0,0,0.0,0.0,0.0,0.0,0.0,0.0,0.0,0.0,0.0,POINT (-81.7696023330177 52.29669686753453)
2021S051635600019,0,0,0,0,0,0,0,0,0,0,0,0,0,0,0,0,0,0,0.0,0.0,0.0,0.0,0.0,0.0,0.0,0.0,0.0,POINT (-88.50274248692294 52.743603283679256)
2021S051635600020,0,0,0,0,0,0,0,0,0,0,0,0,0,0,0,0,0,0,1.0,0.0,2.0,1.0,6.0,2.0,0.0,11.0,12.0,POINT (-94.06177237069969 52.63418136311133)
2021S051635600021,0,0,0,0,0,0,0,0,0,0,0,0,0,0,0,0,0,0,0.0,0.0,0.0,0.0,0.0,0.0,0.0,0.0,0.0,POINT (-93.00394514640021 52.487844629402744)
2021S051635600022,0,0,0,0,0,0,0,0,0,0,0,0,0,0,0,0,0,0,0.0,0.0,0.0,0.0,0.0,0.0,0.0,0.0,0.0,POINT (-87.8952191003516 52.215873487894406)
2021S051635600023,0,0,0,0,0,0,0,0,0,0,0,0,0,0,0,0,0,0,0.0,0.0,0.0,0.0,0.0,0.0,0.0,0.0,0.0,POINT (-88.03724473474394 52.19713058673509)
2021S051635600025,0,0,0,0,0,0,0,0,0,0,0,0,0,0,0,0,0,0,0.0,0.0,0.0,0.0,0.0,0.0,0.0,0.0,0.0,POINT (-94.29602128708557 52.10679529516536)
2021S051635600026,0,0,0,0,0,0,0,0,0,0,0,0,0,0,0,0,0,0,0.0,0.0,0.0,0.0,0.0,0.0,0.0,0.0,0.0,POINT (-85.91915216504252 51.66217218353139)
2021S051635600027,0,0,0,0,0,0,0,0,0,0,0,0,0,0,0,0,0,0,0.0,0.0,0.0,0.0,0.0,0.0,0.0,0.0,0.0,POINT (-93.96816366575922 51.810077331208355)
2021S051635600028,0,0,0,0,0,0,0,0,0,0,0,0,0,0,0,0,0,0,0.0,0.0,0.0,0.0,4.0,0.0,0.0,8.0,8.0,POINT (-87.84140196948975 51.61359176112376)
2021S051635600029,0,0,0,0,0,0,0,0,0,0,0,0,0,0,0,0,0,0,0.0,0.0,0.0,0.0,0.0,0.0,0.0,0.0,0.0,POINT (-91.94963369519154 51.698831969675595)
2021S051635600030,0,0,0,0,0,0,0,0,0,0,0,0,0,0,0,0,0,0,0.0,0.0,0.0,0.0,0.0,0.0,0.0,0.0,0.0,POINT (-90.22461201543751 51.22703743058802)
2021S051635600032,0,0,0,0,0,0,0,0,0,0,0,0,0,0,0,0,0,0,0.0,0.0,0.0,0.0,3.0,0.0,0.0,5.0,5.0,POINT (-91.63632112158936 51.15491108651439)
2021S051635600033,0,0,0,0,0,0,0,0,0,0,0,0,0,0,0,0,0,0,1.0,0.0,2.0,1.0,6.0,2.0,0.0,11.0,12.0,POINT (-93.19448666760385 50.39009625320478)
2021S051635600034,0,0,0,0,0,0,0,0,0,0,0,0,0,0,0,0,0,0,0.0,0.0,0.0,0.0,4.0,0.0,0.0,6.0,6.0,POINT (-92.18936317676717 50.21810410210909)
2021S051635600035,0,0,0,0,0,0,0,0,0,0,0,0,0,0,0,0,0,0,0.0,0.0,0.0,0.0,0.0,0.0,0.0,0.0,0.0,POINT (-94.93585433205628 50.15494345819989)
2021S051635600036,0,0,0,0,0,0,0,0,0,0,0,0,0,0,0,0,0,0,0.0,0.0,0.0,0.0,0.0,0.0,0.0,0.0,0.0,POINT (-94.0927243385439 50.19637363127461)
2021S051635600037,0,0,0,0,4,0,0,4,4,0,0,0,0,33,0,0,33,33,1.0,0.0,3.0,1.0,37.0,6.0,0.0,54.0,56.0,POINT (-91.99951570162973 50.05376215090267)
2021S051635600038,0,0,0,0,0,0,0,0,0,0,0,0,0,0,0,0,0,0,0.0,0.0,0.0,0.0,0.0,0.0,0.0,0.0,0.0,POINT (-94.52816023278082 49.88135850020317)
2021S051635600039,0,1,1,0,6,0,0,8,8,0,3,7,0,26,0,0,47,47,1.0,14.0,22.0,1.0,97.0,18.0,0.0,130.0,147.0,POINT (-94.43293435077726 49.836193662385305)
2021S051635600040,0,2,4,0,3,2,0,9,11,0,61,74,0,355,69,0,425,494,1.0,12.0,19.0,1.0,77.0,18.0,0.0,113.0,127.0,POINT (-94.3994114847462 49.76515302356601)
2021S051635600041,0,1,2,0,1,0,1,8,8,0,3,17,0,7,0,10,391,391,2.0,2.0,20.0,2.0,75.0,19.0,6.0,335.0,343.0,POINT (-92.7739230996871 49.77719155681187)
2021S051635600042,0,0,0,0,0,0,0,0,0,0,0,0,0,0,0,0,0,0,0.0,0.0,0.0,0.0,0.0,0.0,0.0,0.0,0.0,POINT (-93.03957258286688 49.73250165406168)
2021S051635600043,0,0,0,0,0,0,0,0,0,0,0,0,0,0,0,0,0,0,0.0,0.0,0.0,0.0,0.0,0.0,0.0,0.0,0.0,POINT (-94.43523184641404 49.72579800851965)
2021S051635600044,0,0,0,0,0,0,0,0,0,0,0,0,0,0,0,0,0,0,0.0,0.0,0.0,0.0,0.0,0.0,0.0,0.0,0.0,POINT (-94.65225624424527 49.69453001472914)
2021S051635600045,0,0,0,0,0,0,0,0,0,0,0,0,0,0,0,0,0,0,0.0,0.0,0.0,0.0,0.0,0.0,0.0,0.0,0.0,POINT (-95.07482588997864 49.643623456334424)
2021S051635600046,0,0,0,0,0,0,0,0,0,0,0,0,0,0,0,0,0,0,0.0,0.0,0.0,0.0,0.0,0.0,0.0,0.0,0.0,POINT (-95.13956172667974 49.583976010725856)
2021S051635600047,0,0,0,0,0,0,0,0,0,0,0,0,0,0,0,0,0,0,0.0,0.0,0.0,0.0,0.0,0.0,0.0,0.0,0.0,POINT (-92.52692484035498 49.600211739670684)
2021S051635600048,0,0,0,0,0,0,0,0,0,0,0,0,0,0,0,0,0,0,0.0,0.0,0.0,0.0,0.0,0.0,0.0,0.0,0.0,POINT (-95.12082512737533 49.60672362646469)
2021S051635600049,0,0,0,0,0,0,0,0,0,0,0,0,0,0,0,0,0,0,0.0,0.0,0.0,0.0,0.0,2.0,0.0,5.0,5.0,POINT (-93.85426652356796 49.40707145336844)
2021S051635600050,0,0,0,0,0,0,0,0,0,0,0,0,0,0,0,0,0,0,0.0,0.0,0.0,0.0,0.0,0.0,0.0,0.0,0.0,POINT (-95.03213196164582 49.377374168595985)
2021S051635600051,0,0,0,0,0,0,0,0,0,0,0,0,0,0,0,0,0,0,0.0,0.0,0.0,0.0,0.0,0.0,0.0,0.0,0.0,POINT (-94.86237624570495 49.35312416949192)
2021S051635600052,0,0,0,0,0,0,0,0,0,0,0,0,0,0,0,0,0,0,0.0,0.0,0.0,0.0,0.0,0.0,0.0,0.0,0.0,POINT (-93.9502639686344 49.37209834036032)
2021S051635600053,0,0,0,0,0,0,0,0,0,0,0,0,0,0,0,0,0,0,0.0,0.0,0.0,0.0,0.0,0.0,0.0,0.0,0.0,POINT (-93.97960149376436 49.38078116290507)
2021S051635600055,0,0,0,0,0,0,0,0,0,0,0,0,0,0,0,0,0,0,0.0,0.0,0.0,0.0,0.0,3.0,0.0,7.0,7.0,POINT (-93.92140757907787 49.181412669145686)
2021S051635600603,1,0,2,1,5,3,0,16,17,3,0,18,3,119,107,0,281,296,2.0,2.0,24.0,2.0,116.0,135.0,7.0,615.0,625.0,POINT (-84.34808553488291 52.66837919016241)
2021S051646010001,0,1,1,1,0,3,0,21,21,0,13,13,13,0,28,0,116,116,0.0,37.0,37.0,37.0,0.0,75.0,0.0,130.0,130.0,POINT (-95.9898834243249 50.429414140591156)
2021S051646010002,0,0,2,0,7,0,0,44,44,0,0,42,0,57,0,0,295,295,9.0,0.0,52.0,0.0,55.0,45.0,0.0,468.0,468.0,POINT (-95.75981238331278 49.67700841797229)
2021S051646010004,0,0,0,0,0,0,0,0,0,0,0,0,0,0,0,0,0,0,0.0,0.0,0.0,0.0,0.0,0.0,0.0,0.0,0.0,POINT (-95.20613037340526 49.63519960949945)
2021S051646010005,0,0,0,0,0,0,0,0,0,0,0,0,0,0,0,0,0,0,0.0,0.0,0.0,0.0,0.0,0.0,0.0,0.0,0.0,POINT (-95.26333288270673 49.01703512928612)
2021S051646020001,2,5,4,1,0,2,1,27,27,5,20,18,7,0,8,4,184,184,62.0,80.0,72.0,5.0,37.0,35.0,19.0,342.0,362.0,POINT (-97.0745234818643 49.663253939937505)
2021S051646020002,1,3,3,1,3,3,0,37,38,3,11,20,3,40,19,0,354,369,85.0,116.0,107.0,9.0,64.0,59.0,33.0,516.0,555.0,POINT (-96.67369073787727 49.71895551289531)
2021S051646020003,0,0,0,0,1,0,0,15,15,0,0,0,0,15,0,0,56,56,13.0,19.0,45.0,8.0,30.0,33.0,4.0,344.0,364.0,POINT (-96.50365926554181 49.62273712902694)
2021S051646020006,1,2,7,0,4,2,1,53,56,26,37,260,0,51,151,26,1268,1454,25.0,56.0,148.0,33.0,92.0,99.0,11.0,917.0,996.0,POINT (-96.68876869018324 49.53215048058707)
2021S051646020007,1,0,1,0,2,0,0,43,43,8,0,3,0,6,0,0,164,164,11.0,0.0,65.0,0.0,55.0,0.0,0.0,334.0,334.0,POINT (-97.02885595603593 49.25845759669816)
2021S051646020008,0,0,1,0,1,0,0,29,29,0,0,3,0,3,0,0,499,499,9.0,16.0,43.0,8.0,31.0,25.0,3.0,364.0,384.0,POINT (-96.51023863321582 49.39947447563792)
2021S051646020009,0,0,0,0,0,0,0,0,0,0,0,0,0,0,0,0,0,0,0.0,0.0,0.0,0.0,0.0,0.0,0.0,0.0,0.0,POINT (-96.93120722360284 49.212023746151054)
2021S051646020010,0,0,0,0,0,0,0,4,4,0,0,0,0,0,0,0,11,11,0.0,0.0,0.0,0.0,0.0,0.0,0.0,0.0,0.0,POINT (-97.25504472258369 49.157984016568356)
2021S051646020011,2,4,4,1,1,1,0,26,26,11,45,45,31,3,31,0,167,167,35.0,52.0,66.0,10.0,25.0,31.0,7.0,178.0,192.0,POINT (-97.0486674391846 49.60621776199063)
2021S051646020112,4,5,4,2,7,2,0,82,82,22,87,84,78,113,78,0,666,666,26.0,99.0,96.0,80.0,88.0,80.0,0.0,814.0,814.0,POINT (-96.78149334351895 49.44629444691296)
2021S051646030001,2,1,2,0,2,2,1,40,41,76,4,7,0,38,6,72,228,231,91.0,82.0,123.0,0.0,16.0,21.0,45.0,441.0,461.0,POINT (-98.06965973074105 49.44499943984817)
2021S051646030002,6,12,10,0,1,2,1,59,61,269,255,421,0,7,6,76,662,668,98.0,166.0,124.0,4.0,13.0,8.0,33.0,427.0,430.0,POINT (-97.34518302197691 49.27514878515815)
2021S051646030003,2,2,2,0,1,0,0,23,23,10,10,10,0,3,0,0,83,83,189.0,218.0,229.0,13.0,74.0,25.0,0.0,684.0,733.0,POINT (-98.06566935317078 49.13357621751503)
2021S051646030004,3,7,5,1,1,1,0,59,59,110,504,130,13,7,13,0,763,763,173.0,343.0,253.0,7.0,10.0,10.0,34.0,702.0,705.0,POINT (-97.66161608155865 49.12894592809017)
2021S051646030005,4,11,6,1,2,2,0,27,27,262,305,231,13,565,20,0,1049,1049,203.0,225.0,223.0,13.0,150.0,27.0,11.0,682.0,724.0,POINT (-98.11798535502115 49.18889395172037)
2021S051646030006,10,21,21,4,3,6,0,62,67,837,627,1004,57,388,67,0,2209,2423,301.0,331.0,350.0,16.0,194.0,24.0,30.0,964.0,1009.0,POINT (-97.9397826987777 49.184172791349226)
2021S051646040001,4,5,7,1,2,3,0,107,109,89,56,106,3,6,53,0,374,424,56.0,47.0,75.0,2.0,48.0,41.0,0.0,505.0,541.0,POINT (-98.88483979036062 49.26653467008184)
2021S051646040002,0,0,0,0,0,0,0,0,0,0,0,0,0,0,0,0,0,0,0.0,0.0,0.0,0.0,0.0,0.0,0.0,0.0,0.0,POINT (-98.88507420959901 49.389128458267656)
2021S051646050001,1,3,3,0,1,7,0,102,104,2,16,16,0,75,19,0,304,318,50.0,42.0,85.0,2.0,49.0,64.0,0.0,657.0,692.0,POINT (-100.3780361579387 49.278850521789714)
2021S051646060001,0,1,1,1,0,8,0,63,63,0,3,3,3,0,37,0,174,174,25.0,30.0,31.0,1.0,8.0,25.0,0.0,301.0,303.0,POINT (-100.97485982134133 49.797230116438115)
2021S051646060002,0,0,0,0,0,0,0,1,1,0,0,0,0,0,0,0,1,1,0.0,0.0,0.0,0.0,0.0,0.0,0.0,17.0,17.0,POINT (-100.5013490015349 49.840512177958466)
2021S051646060003,0,0,0,0,0,0,0,0,0,0,0,0,0,0,0,0,0,0,0.0,0.0,0.0,0.0,0.0,0.0,0.0,0.0,0.0,POINT (-100.93397799597865 49.6212444000213)
2021S051646070001,1,2,2,1,0,1,0,20,20,17,30,30,13,0,13,0,101,101,7.0,13.0,13.0,6.0,0.0,6.0,0.0,82.0,82.0,POINT (-99.37744881554116 49.88690218636511)
2021S051646070002,1,1,1,0,0,0,0,8,8,43,43,43,0,0,0,0,61,61,4.0,10.0,14.0,1.0,3.0,14.0,0.0,105.0,107.0,POINT (-100.27874358611453 49.97848734867017)
2021S051646070004,0,0,0,0,0,0,0,0,0,0,0,0,0,0,0,0,0,0,0.0,0.0,0.0,0.0,0.0,0.0,0.0,0.0,0.0,POINT (-99.95206338283138 49.90789205295423)
2021S051646070005,0,2,2,0,0,1,0,6,7,0,61,70,0,0,35,0,140,175,21.0,37.0,64.0,0.0,7.0,60.0,0.0,200.0,207.0,POINT (-99.95055604208508 49.86772559638254)
2021S051646070006,2,5,5,0,3,2,0,32,33,80,102,316,0,45,364,0,986,1001,41.0,71.0,130.0,0.0,13.0,120.0,1.0,366.0,379.0,POINT (-99.951886952615 49.83828672611054)
2021S051646070007,0,1,3,0,1,3,0,10,11,0,44,53,0,7,118,0,223,226,37.0,67.0,114.0,3.0,11.0,102.0,1.0,317.0,329.0,POINT (-99.87087747785283 49.83138432168249)
2021S051646070008,0,0,0,0,0,1,0,9,9,0,0,0,0,0,1,0,11,11,27.0,48.0,87.0,0.0,10.0,80.0,1.0,260.0,270.0,POINT (-99.98450866204016 49.8314211681345)
2021S051646070010,0,0,0,0,0,0,0,0,0,0,0,0,0,0,0,0,0,0,8.0,14.0,22.0,1.0,4.0,18.0,1.0,107.0,110.0,POINT (-99.84825876731612 49.798309767737535)
2021S051646070011,1,0,0,0,0,0,0,13,13,4,0,0,0,0,0,0,33,33,26.0,6.0,33.0,0.0,0.0,21.0,9.0,108.0,129.0,POINT (-100.20000388553302 49.87506612370295)
2021S051646070012,0,0,0,0,0,0,0,0,0,0,0,0,0,0,0,0,0,0,0.0,0.0,0.0,0.0,0.0,0.0,0.0,0.0,0.0,POINT (-99.31394964680702 49.76647074298625)
2021S051646070013,2,1,1,0,0,0,1,13,13,5,2,2,0,0,0,3,26,26,5.0,8.0,13.0,1.0,4.0,11.0,1.0,77.0,79.0,POINT (-99.84835305868684 49.622267217703204)
2021S051646070014,2,2,3,0,0,1,0,16,16,40,40,63,0,0,1,0,98,98,64.0,109.0,203.0,0.0,20.0,188.0,2.0,562.0,584.0,POINT (-99.96598541765982 49.82063737612108)
2021S051646070015,0,0,0,0,0,0,0,0,0,0,0,0,0,0,0,0,0,0,0.0,0.0,0.0,0.0,0.0,0.0,0.0,0.0,0.0,POINT (-99.93601637509327 49.89777701578548)
2021S051646070602,0,1,1,0,0,0,0,4,4,0,2,7,0,0,0,0,12,12,29.0,50.0,89.0,0.0,10.0,83.0,1.0,258.0,267.0,POINT (-99.99044579743325 49.85182638983645)
2021S051646072000,0,0,2,0,0,1,0,12,13,0,0,9,0,0,7,0,47,54,6.0,9.0,13.0,1.0,5.0,14.0,1.0,87.0,89.0,POINT (-100.25788458418957 49.61696684321762)
2021S051646080001,5,5,5,0,1,0,0,87,87,22,21,33,0,15,0,0,310,310,12.0,21.0,18.0,0.0,26.0,0.0,0.0,378.0,378.0,POINT (-98.88576903733424 50.087236507058655)
2021S051646080002,0,0,0,0,0,0,0,0,0,0,0,0,0,0,0,0,0,0,3.0,4.0,5.0,0.0,3.0,0.0,0.0,41.0,41.0,POINT (-98.6559869627317 50.55095988072042)
2021S051646090002,1,1,2,0,3,0,0,35,35,72,72,75,0,25,0,0,364,364,43.0,61.0,65.0,0.0,18.0,30.0,14.0,242.0,272.0,POINT (-98.28881302767923 49.96678503371008)
2021S051646090003,0,0,0,0,0,0,0,0,0,0,0,0,0,0,0,0,0,0,0.0,0.0,0.0,0.0,0.0,0.0,0.0,0.0,0.0,POINT (-98.34968192409983 49.94632473325072)
2021S051646090004,0,0,0,0,0,0,0,0,0,0,0,0,0,0,0,0,0,0,0.0,0.0,0.0,0.0,1.0,0.0,0.0,29.0,29.0,POINT (-98.49701817312146 49.842599555738175)
2021S051646090005,0,0,0,0,0,0,0,0,0,0,0,0,0,0,0,0,0,0,0.0,0.0,0.0,0.0,0.0,0.0,0.0,0.0,0.0,POINT (-98.51579991412146 49.812116036131194)
2021S051646090006,0,0,0,0,0,0,0,0,0,0,0,0,0,0,0,0,0,0,0.0,0.0,0.0,0.0,0.0,0.0,0.0,0.0,0.0,POINT (-98.48685770292494 49.87952882432608)
2021S051646090902,1,3,4,0,4,1,1,61,62,35,79,82,0,16,75,35,371,446,74.0,135.0,115.0,1.0,73.0,36.0,29.0,499.0,546.0,POINT (-98.06550888508197 49.95195604787008)
2021S051646100001,1,2,1,0,0,1,0,6,7,3,6,3,0,0,3,0,10,13,18.0,41.0,21.0,2.0,10.0,11.0,2.0,134.0,139.0,POINT (-97.60990233499327 49.975889776327485)
2021S051646100002,1,2,2,0,0,1,0,25,25,17,31,31,0,0,2,0,141,141,24.0,78.0,36.0,3.0,14.0,16.0,3.0,176.0,185.0,POINT (-97.73608641928399 49.923424951400364)
2021S051646100003,3,4,3,0,4,4,0,50,51,87,204,201,0,79,201,0,360,509,38.0,90.0,86.0,3.0,35.0,82.0,2.0,249.0,306.0,POINT (-97.44764964031098 49.66816988177035)
2021S051646110003,0,0,0,0,0,0,0,0,0,0,0,0,0,0,0,0,0,0,111.0,207.0,142.0,10.0,67.0,65.0,32.0,527.0,568.0,POINT (-97.17697841393569 49.95156600598928)
2021S051646110006,0,0,0,0,0,0,0,2,2,0,0,0,0,0,0,0,15,15,56.0,98.0,70.0,5.0,28.0,30.0,14.0,291.0,308.0,POINT (-97.0764078517771 49.95155111298407)
2021S051646110007,0,0,0,0,0,0,0,1,1,0,0,0,0,0,0,0,3,3,68.0,124.0,86.0,6.0,39.0,41.0,19.0,346.0,369.0,POINT (-97.14547982305433 49.94656195848832)
2021S051646110008,8,13,7,0,2,2,2,43,45,153,341,227,0,162,50,69,1671,1721,117.0,220.0,151.0,11.0,72.0,69.0,35.0,564.0,608.0,POINT (-97.17920962851129 49.93439022924883)
2021S051646110009,0,0,0,0,1,0,0,1,1,0,0,0,0,7,0,0,7,7,55.0,96.0,69.0,5.0,26.0,31.0,14.0,294.0,311.0,POINT (-97.05966735643295 49.9469689740739)
2021S051646110010,0,1,0,0,0,0,0,2,2,0,3,0,0,0,0,0,5,5,100.0,188.0,128.0,9.0,62.0,57.0,28.0,485.0,521.0,POINT (-97.13362747416392 49.941940539139985)
2021S051646110011,0,0,0,0,0,0,0,1,1,0,0,0,0,0,0,0,15,15,77.0,142.0,102.0,8.0,45.0,47.0,22.0,384.0,412.0,POINT (-97.10969837259333 49.94019537474749)
2021S051646110012,5,3,4,0,2,2,0,9,10,217,178,161,0,36,10,0,259,266,93.0,171.0,119.0,9.0,55.0,54.0,26.0,448.0,482.0,POINT (-97.21824674970941 49.93935491486455)
2021S051646110013,1,1,1,0,0,0,0,3,3,23,23,23,0,0,0,0,27,27,201.0,389.0,259.0,19.0,127.0,114.0,60.0,918.0,997.0,POINT (-97.2122485744765 49.95259633679636)
2021S051646110014,0,5,4,1,6,2,0,12,13,0,68,62,7,846,42,0,908,943,67.0,121.0,84.0,6.0,38.0,37.0,18.0,338.0,359.0,POINT (-97.04967294122596 49.93760980865384)
2021S051646110015,0,1,2,0,2,0,0,3,3,0,2,5,0,18,0,0,20,20,67.0,123.0,86.0,6.0,38.0,38.0,19.0,351.0,372.0,POINT (-97.08469768894729 49.93876570784502)
2021S051646110016,1,3,3,1,1,3,1,12,13,2,16,18,7,75,29,4,117,124,31.0,53.0,38.0,3.0,9.0,23.0,7.0,197.0,206.0,POINT (-97.39350201440517 49.86797199100671)
2021S051646110018,0,0,0,0,0,0,0,0,0,0,0,0,0,0,0,0,0,0,73.0,139.0,95.0,8.0,40.0,45.0,22.0,376.0,404.0,POINT (-97.32542981521212 49.897801671156294)
2021S051646110019,0,0,0,0,0,0,0,1,1,0,0,0,0,0,0,0,2,2,127.0,244.0,165.0,12.0,79.0,77.0,39.0,615.0,663.0,POINT (-97.14141481650101 49.926706846085054)
2021S051646110020,0,0,0,0,1,0,0,5,5,0,0,0,0,34,0,0,49,49,184.0,354.0,234.0,17.0,116.0,103.0,54.0,844.0,914.0,POINT (-97.1596715039526 49.92696652414561)
2021S051646110021,3,3,1,0,0,0,0,7,8,485,485,397,0,0,0,0,570,641,81.0,153.0,109.0,9.0,48.0,51.0,23.0,419.0,449.0,POINT (-97.09049519058509 49.928253266594595)
2021S051646110022,0,0,0,0,0,0,0,2,2,0,0,0,0,0,0,0,2,2,67.0,123.0,86.0,6.0,39.0,42.0,18.0,352.0,375.0,POINT (-97.12249357450216 49.92419249526722)
2021S051646110023,7,15,12,3,2,11,1,34,38,137,426,287,109,22,346,26,813,869,116.0,219.0,150.0,11.0,72.0,67.0,34.0,553.0,597.0,POINT (-97.20526494234126 49.9187519119388)
2021S051646110024,0,0,0,0,0,0,0,1,1,0,0,0,0,0,0,0,7,7,54.0,92.0,66.0,5.0,28.0,30.0,14.0,284.0,300.0,POINT (-97.06600977454255 49.92220078996885)
2021S051646110025,2,7,11,1,1,5,0,21,24,6,142,772,7,7,674,0,242,874,75.0,133.0,95.0,8.0,43.0,45.0,22.0,379.0,405.0,POINT (-97.13959326063468 49.911860596572666)
2021S051646110026,0,0,0,0,0,0,0,0,0,0,0,0,0,0,0,0,0,0,116.0,219.0,151.0,11.0,70.0,70.0,35.0,571.0,615.0,POINT (-97.07767504188406 49.9122179288771)
2021S051646110027,1,5,4,0,2,1,0,11,12,55,113,107,0,69,15,0,154,169,97.0,181.0,122.0,9.0,58.0,57.0,28.0,483.0,518.0,POINT (-97.10783058995901 49.91526995218519)
2021S051646110029,4,8,4,0,2,2,0,28,29,17,50,102,0,40,21,0,393,408,90.0,166.0,114.0,9.0,52.0,53.0,26.0,439.0,472.0,POINT (-97.18649697828762 49.90414248530165)
2021S051646110030,1,2,2,1,2,2,0,7,8,4,11,14,7,14,14,0,31,38,100.0,177.0,125.0,10.0,62.0,58.0,32.0,489.0,525.0,POINT (-97.01383716028214 49.90460182563954)
2021S051646110031,7,22,11,4,4,8,1,56,57,193,2375,412,113,36,182,38,3042,3057,50.0,85.0,62.0,4.0,25.0,29.0,12.0,240.0,256.0,POINT (-97.22905714068699 49.895672282171574)
2021S051646110032,4,5,3,0,0,1,0,14,16,300,843,301,0,0,15,0,924,942,55.0,98.0,68.0,5.0,29.0,34.0,15.0,296.0,314.0,POINT (-97.27014501118668 49.88608892190817)
2021S051646110033,4,2,4,0,0,3,2,8,9,112,24,93,0,0,22,58,146,153,98.0,181.0,123.0,9.0,60.0,57.0,28.0,484.0,520.0,POINT (-97.08843530248741 49.902769025742735)
2021S051646110034,0,0,0,0,0,0,0,2,2,0,0,0,0,0,0,0,36,36,80.0,148.0,104.0,9.0,46.0,50.0,24.0,415.0,444.0,POINT (-97.14971515484629 49.89517491067329)
2021S051646110035,1,14,6,0,2,6,0,51,52,2,179,90,0,50,158,0,1075,1150,80.0,144.0,100.0,8.0,46.0,48.0,23.0,376.0,404.0,POINT (-97.15047861057411 49.90472915796553)
2021S051646110036,1,1,1,0,1,0,0,3,3,5,5,5,0,35,0,0,41,41,51.0,89.0,63.0,5.0,25.0,32.0,14.0,283.0,300.0,POINT (-97.28988219004529 49.8335414119225)
2021S051646110037,0,1,1,0,0,0,0,3,3,0,3,131,0,0,0,0,149,149,80.0,141.0,102.0,9.0,48.0,49.0,25.0,425.0,453.0,POINT (-96.99074856229386 49.9046646979082)
2021S051646110039,0,0,0,0,0,0,0,3,3,0,0,0,0,0,0,0,5,5,109.0,201.0,135.0,10.0,66.0,63.0,33.0,527.0,566.0,POINT (-97.16596439489962 49.899366691956175)
2021S051646110040,0,0,1,0,0,0,0,2,2,0,0,7,0,0,0,0,8,8,63.0,115.0,75.0,6.0,23.0,38.0,18.0,321.0,343.0,POINT (-97.29705449423882 49.88913460243488)
2021S051646110041,2,8,3,0,0,3,0,14,16,26,93,70,0,0,7,0,293,311,60.0,104.0,73.0,5.0,33.0,35.0,16.0,309.0,328.0,POINT (-97.1878079458539 49.887936466658225)
2021S051646110042,12,24,21,4,4,11,2,66,71,463,1319,702,139,214,348,28,2395,2789,66.0,116.0,80.0,6.0,37.0,40.0,18.0,351.0,372.0,POINT (-97.0606208638323 49.877456247985904)
2021S051646110043,0,0,0,0,0,0,0,0,0,0,0,0,0,0,0,0,0,0,66.0,122.0,82.0,6.0,36.0,40.0,20.0,345.0,369.0,POINT (-97.25150437426241 49.88106496850004)
2021S051646110044,2,4,2,0,1,3,1,32,32,157,15,68,0,35,39,150,444,444,64.0,110.0,78.0,6.0,35.0,39.0,17.0,330.0,351.0,POINT (-97.13770928387885 49.88882815656682)
2021S051646110045,0,1,0,0,0,0,0,2,2,0,12,0,0,0,0,0,18,18,54.0,92.0,66.0,5.0,28.0,32.0,14.0,260.0,277.0,POINT (-97.16672194618593 49.889267407098274)
2021S051646110046,0,1,0,0,0,0,0,3,3,0,19,0,0,0,0,0,21,21,79.0,143.0,99.0,8.0,45.0,47.0,23.0,399.0,427.0,POINT (-97.21297966414681 49.881125318708655)
2021S051646110047,1,2,1,0,0,0,0,3,3,3,5,2,0,0,0,0,9,9,61.0,113.0,74.0,6.0,23.0,38.0,17.0,315.0,337.0,POINT (-97.29411349611215 49.87097957467829)
2021S051646110048,0,0,0,0,0,0,0,0,0,0,0,0,0,0,0,0,0,0,44.0,70.0,52.0,4.0,20.0,27.0,11.0,247.0,259.0,POINT (-97.15388054930112 49.88234225574443)
2021S051646110049,2,7,3,1,1,2,0,16,16,12,128,373,13,15,14,0,512,512,67.0,119.0,82.0,6.0,38.0,39.0,19.0,348.0,371.0,POINT (-97.11332691693579 49.88795127724)
2021S051646110050,0,3,1,0,0,0,0,8,8,0,12,2,0,0,0,0,73,73,44.0,73.0,55.0,4.0,21.0,26.0,11.0,242.0,255.0,POINT (-97.1803232667594 49.88147410283319)
2021S051646110051,0,1,0,0,0,1,0,6,6,0,8,0,0,0,3,0,116,116,62.0,108.0,75.0,6.0,35.0,37.0,16.0,321.0,341.0,POINT (-97.1561252007103 49.86020596146449)
2021S051646110052,0,1,1,0,0,0,0,2,2,0,7,7,0,0,0,0,8,8,48.0,78.0,59.0,4.0,24.0,27.0,12.0,259.0,274.0,POINT (-97.19394805180175 49.87084102953642)
2021S051646110053,1,1,1,0,0,0,0,7,7,75,75,75,0,0,0,0,120,120,56.0,94.0,67.0,5.0,30.0,33.0,14.0,301.0,318.0,POINT (-97.14403169364476 49.87826919161669)
2021S051646110054,0,0,0,0,0,0,0,1,1,0,0,0,0,0,0,0,16,16,48.0,77.0,58.0,4.0,25.0,27.0,12.0,260.0,274.0,POINT (-97.12374822540578 49.87587523990096)
2021S051646110055,0,2,1,1,0,1,0,4,4,0,9,7,7,0,7,0,50,50,56.0,94.0,67.0,5.0,30.0,34.0,14.0,307.0,324.0,POINT (-97.16923618633889 49.867338142955724)
2021S051646110056,0,0,0,0,0,0,0,3,3,0,0,0,0,0,0,0,5,5,32.0,44.0,36.0,2.0,12.0,19.0,6.0,161.0,169.0,POINT (-97.23146162576546 49.85798406377513)
2021S051646110057,0,0,0,0,1,0,0,3,3,0,0,0,0,3,0,0,9,9,59.0,129.0,81.0,7.0,19.0,43.0,15.0,329.0,354.0,POINT (-97.31504789494265 49.85606830560912)
2021S051646110058,0,0,0,0,0,0,0,1,1,0,0,0,0,0,0,0,4,4,59.0,103.0,71.0,5.0,29.0,34.0,16.0,299.0,319.0,POINT (-97.26082962613579 49.857710746866566)
2021S051646110059,0,0,0,0,0,0,0,0,0,0,0,0,0,0,0,0,0,0,65.0,111.0,79.0,6.0,35.0,39.0,17.0,332.0,353.0,POINT (-97.12987224955089 49.86444694129052)
2021S051646110060,0,0,0,0,0,1,0,1,1,0,0,0,0,0,1,0,1,1,45.0,73.0,54.0,4.0,22.0,27.0,11.0,244.0,258.0,POINT (-97.10409078863685 49.8623454339708)
2021S051646110061,0,0,0,0,0,0,0,2,2,0,0,0,0,0,0,0,3,3,52.0,85.0,62.0,4.0,27.0,30.0,13.0,273.0,289.0,POINT (-97.07074865354222 49.864448722244106)
2021S051646110062,0,4,3,0,0,2,0,7,9,0,96,92,0,0,89,0,136,225,65.0,116.0,79.0,6.0,38.0,39.0,17.0,352.0,373.0,POINT (-97.2068490704318 49.83098096047099)
2021S051646110063,0,0,0,0,0,1,0,2,2,0,0,0,0,0,1,0,2,2,63.0,110.0,77.0,6.0,34.0,37.0,17.0,319.0,339.0,POINT (-97.19519331483724 49.85681920677641)
2021S051646110065,0,1,0,0,0,2,0,4,4,0,412,0,0,0,53,0,466,466,62.0,105.0,74.0,5.0,34.0,35.0,16.0,317.0,337.0,POINT (-97.0601831653521 49.84894165583252)
2021S051646110066,2,5,4,1,0,1,0,8,10,46,569,164,29,0,35,0,775,885,50.0,82.0,61.0,4.0,27.0,29.0,12.0,269.0,285.0,POINT (-97.14946825536133 49.84362362957066)
2021S051646110067,0,0,0,0,0,0,0,0,0,0,0,0,0,0,0,0,0,0,56.0,94.0,67.0,5.0,29.0,33.0,14.0,297.0,314.0,POINT (-97.10314962648978 49.84683108628997)
2021S051646110069,0,1,1,0,0,0,0,3,3,0,2,2,0,0,0,0,10,10,55.0,92.0,66.0,5.0,29.0,33.0,14.0,269.0,286.0,POINT (-97.13281596913797 49.842338910099315)
2021S051646110070,0,0,1,0,0,1,1,3,3,0,0,2,0,0,3,2,6,6,56.0,94.0,67.0,5.0,30.0,33.0,14.0,300.0,317.0,POINT (-97.11349899818083 49.82592308486885)
2021S051646110071,0,1,0,0,0,0,0,2,2,0,2,0,0,0,0,0,3,3,58.0,99.0,71.0,5.0,32.0,34.0,15.0,301.0,319.0,POINT (-97.15188159968088 49.8303898887618)
2021S051646110072,5,6,6,0,4,3,1,19,20,967,433,379,0,59,113,550,1299,1306,87.0,159.0,110.0,9.0,51.0,53.0,25.0,437.0,469.0,POINT (-97.16777232677892 49.82090580565324)
2021S051646110073,0,0,0,0,1,0,0,2,2,0,0,0,0,3,0,0,18,18,52.0,88.0,65.0,5.0,27.0,31.0,13.0,276.0,293.0,POINT (-97.0670988933378 49.83411777119539)
2021S051646110074,0,0,0,0,0,0,0,0,0,0,0,0,0,0,0,0,0,0,52.0,86.0,63.0,4.0,27.0,30.0,13.0,273.0,290.0,POINT (-97.10248201313053 49.83694327418044)
2021S051646110077,0,0,0,0,0,0,0,1,1,0,0,0,0,0,0,0,2,2,54.0,91.0,66.0,5.0,29.0,31.0,14.0,281.0,298.0,POINT (-97.09152280353445 49.82320870652201)
2021S051646110078,0,2,2,0,0,0,0,3,3,0,4,4,0,0,0,0,5,5,51.0,88.0,61.0,5.0,18.0,33.0,14.0,274.0,291.0,POINT (-97.20596985833261 49.81030372061093)
2021S051646110079,1,2,1,0,0,0,0,2,2,2,9,7,0,0,0,0,9,9,50.0,81.0,60.0,4.0,26.0,28.0,12.0,265.0,280.0,POINT (-97.12215218727508 49.804622079399)
2021S051646110081,3,3,2,0,0,0,0,7,7,20,21,4,0,0,0,0,373,373,58.0,99.0,71.0,5.0,32.0,33.0,15.0,304.0,322.0,POINT (-97.14340635319039 49.80276003377612)
2021S051646110082,0,0,0,0,0,0,0,0,0,0,0,0,0,0,0,0,0,0,62.0,107.0,74.0,7.0,33.0,37.0,16.0,340.0,360.0,POINT (-97.0979618823032 49.777800804470935)
2021S051646110083,0,0,0,0,0,0,0,0,0,0,0,0,0,0,0,0,0,0,46.0,78.0,55.0,4.0,22.0,28.0,11.0,261.0,276.0,POINT (-97.14781341148152 49.78703616877707)
2021S051646110084,0,0,0,0,1,0,0,2,2,0,0,0,0,3,0,0,5,5,55.0,97.0,64.0,6.0,22.0,34.0,15.0,304.0,322.0,POINT (-97.1786903397435 49.751770271398776)
2021S051646110085,0,0,0,0,0,0,0,1,1,0,0,0,0,0,0,0,1,1,67.0,123.0,86.0,6.0,39.0,41.0,18.0,343.0,366.0,POINT (-97.18918068868915 49.95725913605544)
2021S051646110086,0,0,0,0,0,0,0,1,1,0,0,0,0,0,0,0,1,1,53.0,92.0,64.0,5.0,19.0,33.0,14.0,278.0,295.0,POINT (-97.28285604936373 49.89072413143854)
2021S051646110087,0,0,0,0,2,0,0,5,5,0,0,0,0,50,0,0,67,67,154.0,292.0,195.0,15.0,97.0,85.0,46.0,719.0,774.0,POINT (-97.1457644344023 49.971827955803896)
2021S051646110088,0,0,0,0,0,0,0,1,1,0,0,0,0,0,0,0,2,2,63.0,113.0,80.0,6.0,36.0,35.0,17.0,320.0,340.0,POINT (-97.09807804116778 49.95414398074521)
2021S051646110089,0,0,0,0,0,0,0,1,1,0,0,0,0,0,0,0,4,4,89.0,164.0,114.0,9.0,52.0,49.0,26.0,434.0,466.0,POINT (-97.16090993079628 49.9539874740162)
2021S051646110090,1,2,3,1,1,1,0,4,5,13,37,50,13,550,35,0,569,604,158.0,302.0,202.0,15.0,100.0,91.0,47.0,743.0,803.0,POINT (-97.04060303335757 49.92048357148335)
2021S051646110091,4,4,3,0,2,3,1,15,17,670,132,96,0,104,44,550,1272,1302,122.0,233.0,156.0,12.0,76.0,74.0,37.0,612.0,657.0,POINT (-97.00281787897937 49.89146451473972)
2021S051646110092,1,1,1,0,0,0,0,1,1,2,2,2,0,0,0,0,2,2,93.0,175.0,118.0,9.0,56.0,55.0,27.0,476.0,510.0,POINT (-97.0339049249841 49.81963121495311)
2021S051646110093,4,4,1,1,1,2,0,10,10,71,77,7,7,3,19,0,99,99,186.0,359.0,234.0,19.0,116.0,108.0,57.0,893.0,964.0,POINT (-97.18617266343826 49.79907934602788)
2021S051646110094,0,1,0,0,0,1,0,1,1,0,2,0,0,0,2,0,2,2,64.0,117.0,79.0,6.0,37.0,39.0,18.0,353.0,375.0,POINT (-97.07374562692053 49.812339446210615)
2021S051646120001,0,1,0,0,0,1,0,19,19,0,3,0,0,0,2,0,45,45,22.0,17.0,15.0,4.0,40.0,98.0,0.0,286.0,294.0,POINT (-96.5316315302224 50.12516397833087)
2021S051646120002,3,6,7,2,2,3,1,18,20,325,342,359,6,384,21,15,856,874,58.0,97.0,78.0,5.0,33.0,36.0,16.0,350.0,368.0,POINT (-96.88186113718224 49.97536114714614)
2021S051646120003,2,3,3,1,1,3,0,45,46,19,12,12,3,35,85,0,240,247,26.0,21.0,19.0,4.0,42.0,104.0,0.0,282.0,291.0,POINT (-96.64702840564766 49.926306974930824)
2021S051646130001,0,0,0,0,0,0,0,3,3,0,0,0,0,0,0,0,3,3,100.0,52.0,147.0,6.0,72.0,60.0,94.0,305.0,342.0,POINT (-96.46901427369572 50.28711901662295)
2021S051646130002,1,2,1,0,1,4,0,29,29,4,24,3,0,3,17,0,96,96,46.0,169.0,201.0,41.0,147.0,73.0,39.0,412.0,426.0,POINT (-96.98126521035799 50.271713260440876)
2021S051646130003,0,0,0,0,0,0,0,0,0,0,0,0,0,0,0,0,0,0,0.0,0.0,0.0,0.0,0.0,0.0,0.0,0.0,0.0,POINT (-96.60324947421233 50.34856386953992)
2021S051646130004,0,4,9,2,1,4,3,18,19,0,16,623,10,7,556,54,617,652,61.0,92.0,151.0,4.0,71.0,83.0,14.0,307.0,326.0,POINT (-96.89533345872975 50.1506764618685)
2021S051646130005,0,2,3,0,2,4,0,7,10,0,18,21,0,38,30,0,56,77,59.0,106.0,83.0,5.0,34.0,38.0,16.0,324.0,343.0,POINT (-97.11296743474011 50.013453026462074)
2021S051646130006,2,3,4,1,1,1,1,6,6,58,8,63,3,3,3,55,67,67,62.0,107.0,85.0,6.0,36.0,41.0,19.0,341.0,361.0,POINT (-97.01158927250279 49.979646220984236)
2021S051646140003,0,0,0,0,0,0,0,9,9,0,0,0,0,0,0,0,64,64,30.0,40.0,35.0,2.0,12.0,20.0,5.0,212.0,219.0,POINT (-97.37049954384756 49.996060083257746)
2021S051646140111,1,7,6,1,4,6,0,62,65,168,419,343,3,217,49,0,707,804,98.0,242.0,207.0,2.0,114.0,63.0,17.0,744.0,828.0,POINT (-97.56426374527554 50.26897325792253)
2021S051646150001,1,5,4,2,0,2,0,62,62,2,23,20,16,0,16,0,197,197,28.0,37.0,38.0,5.0,9.0,35.0,0.0,348.0,349.0,POINT (-100.93281004696702 50.31088997237119)
2021S051646150002,0,0,0,0,0,0,0,0,0,0,0,0,0,0,0,0,0,0,0.0,0.0,0.0,0.0,0.0,0.0,0.0,0.0,0.0,POINT (-101.40320300919483 50.58692900686387)
2021S051646150003,2,4,3,0,4,0,0,37,37,12,36,17,0,48,0,0,199,199,51.0,93.0,82.0,0.0,105.0,0.0,0.0,431.0,431.0,POINT (-99.53867778709275 50.42684885298387)
2021S051646150004,0,0,0,0,0,0,0,3,3,0,0,0,0,0,0,0,3,3,0.0,0.0,0.0,0.0,1.0,0.0,0.0,20.0,20.0,POINT (-100.30011433662716 50.558764268823964)
2021S051646150005,0,0,0,0,0,0,0,0,0,0,0,0,0,0,0,0,0,0,0.0,0.0,0.0,0.0,0.0,0.0,0.0,0.0,0.0,POINT (-99.98222243640667 50.45555777619284)
2021S051646150006,0,0,0,0,0,0,0,0,0,0,0,0,0,0,0,0,0,0,0.0,0.0,0.0,0.0,0.0,0.0,0.0,0.0,0.0,POINT (-99.85925794385717 50.484160618291696)
2021S051646150007,1,4,6,3,0,6,0,50,51,2,11,17,9,0,20,0,124,127,4.0,30.0,39.0,21.0,45.0,41.0,0.0,279.0,288.0,POINT (-100.39791905538915 50.3703937817609)
2021S051646150008,0,0,0,0,0,0,0,0,0,0,0,0,0,0,0,0,0,0,0.0,0.0,0.0,0.0,0.0,0.0,0.0,0.0,0.0,POINT (-101.16424756529082 50.269836296459985)
2021S051646160001,1,1,2,0,3,3,0,57,58,2,2,9,0,70,9,0,222,229,3.0,10.0,21.0,7.0,65.0,39.0,0.0,437.0,445.0,POINT (-101.25811161497124 51.07842874265301)
2021S051646160002,0,0,0,0,0,0,0,0,0,0,0,0,0,0,0,0,0,0,0.0,0.0,0.0,0.0,0.0,0.0,0.0,0.0,0.0,POINT (-100.94484478626012 51.22721976259864)
2021S051646160003,0,0,0,0,0,0,0,0,0,0,0,0,0,0,0,0,0,0,0.0,0.0,0.0,0.0,0.0,0.0,0.0,0.0,0.0,POINT (-100.92896047663872 50.67658930204972)
2021S051646160004,0,0,0,0,0,0,0,0,0,0,0,0,0,0,0,0,0,0,0.0,0.0,0.0,0.0,0.0,0.0,0.0,0.0,0.0,POINT (-101.38111013604662 50.59830311333962)
2021S051646170001,0,0,0,0,0,0,0,35,35,0,0,0,0,0,0,0,114,114,2.0,3.0,5.0,1.0,49.0,1.0,1.0,337.0,337.0,POINT (-99.85726802833516 51.44339795279208)
2021S051646170002,0,1,1,0,1,0,0,41,41,0,2,2,0,13,0,0,143,143,2.0,6.0,6.0,1.0,45.0,1.0,1.0,289.0,289.0,POINT (-100.6254191198503 51.036569947101896)
2021S051646170003,0,2,2,1,1,1,0,19,19,0,68,68,65,15,65,0,111,111,0.0,46.0,46.0,42.0,13.0,42.0,0.0,137.0,137.0,POINT (-100.04577811112956 51.148522537819645)
2021S051646170004,0,0,0,0,0,0,0,0,0,0,0,0,0,0,0,0,0,0,0.0,1.0,1.0,0.0,0.0,0.0,0.0,12.0,12.0,POINT (-99.0101172294724 51.0611393114221)
2021S051646180001,0,0,0,0,0,0,0,25,25,0,0,0,0,0,0,0,99,99,0.0,0.0,0.0,0.0,0.0,0.0,0.0,305.0,305.0,POINT (-98.39524180936989 51.043624287246296)
2021S051646180002,0,0,0,0,0,0,0,0,0,0,0,0,0,0,0,0,0,0,0.0,0.0,0.0,0.0,0.0,0.0,0.0,13.0,13.0,POINT (-98.57067023706747 51.68651893590611)
2021S051646180003,0,0,0,0,0,0,0,1,1,0,0,0,0,0,0,0,2,2,0.0,0.0,0.0,0.0,0.0,0.0,0.0,0.0,0.0,POINT (-98.64762757152963 51.59220503991978)
2021S051646180004,2,3,5,2,2,2,1,56,56,9,211,224,61,183,61,6,509,509,7.0,128.0,123.0,33.0,101.0,45.0,3.0,686.0,686.0,POINT (-97.41831556089898 50.90962240568668)
2021S051646180005,0,0,0,0,0,0,0,0,0,0,0,0,0,0,0,0,0,0,0.0,0.0,0.0,0.0,1.0,0.0,0.0,17.0,17.0,POINT (-98.58529480957198 50.91122084304407)
2021S051646180006,0,0,0,0,0,0,0,15,15,0,0,0,0,0,0,0,96,96,25.0,88.0,76.0,9.0,55.0,36.0,1.0,275.0,288.0,POINT (-97.04365531320003 50.6519015888298)
2021S051646180007,0,0,0,0,0,0,0,0,0,0,0,0,0,0,0,0,0,0,0.0,0.0,0.0,0.0,0.0,0.0,0.0,0.0,0.0,POINT (-98.5172348013235 51.77506873197169)
2021S051646190001,0,0,0,0,0,1,0,5,5,0,0,0,0,0,114,0,206,206,0.0,0.0,20.0,0.0,21.0,26.0,0.0,163.0,163.0,POINT (-96.73409945904326 51.86254876891028)
2021S051646190002,0,0,0,0,0,0,0,0,0,0,0,0,0,0,0,0,0,0,0.0,0.0,0.0,0.0,0.0,0.0,0.0,0.0,0.0,POINT (-99.72036078490895 52.92471595068506)
2021S051646190003,0,0,0,0,0,0,0,0,0,0,0,0,0,0,0,0,0,0,0.0,0.0,0.0,0.0,0.0,0.0,0.0,0.0,0.0,POINT (-97.2843350000463 52.994120911507764)
2021S051646190004,0,0,0,0,0,0,0,0,0,0,0,0,0,0,0,0,0,0,0.0,0.0,0.0,0.0,0.0,0.0,0.0,0.0,0.0,POINT (-100.68246400719333 52.74914198805095)
2021S051646190005,0,0,0,0,0,0,0,0,0,0,0,0,0,0,0,0,0,0,0.0,0.0,0.0,0.0,0.0,0.0,0.0,0.0,0.0,POINT (-100.85727201791683 52.520067675614065)
2021S051646190006,0,0,0,0,0,0,0,0,0,0,0,0,0,0,0,0,0,0,0.0,0.0,0.0,0.0,0.0,0.0,0.0,20.0,20.0,POINT (-96.9609807405383 52.337861536590054)
2021S051646190007,0,0,0,0,0,0,0,0,0,0,0,0,0,0,0,0,0,0,0.0,0.0,0.0,0.0,0.0,0.0,0.0,0.0,0.0,POINT (-100.20765990669315 52.054299131945385)
2021S051646190008,0,0,0,0,0,0,0,0,0,0,0,0,0,0,0,0,0,0,0.0,0.0,0.0,0.0,0.0,0.0,0.0,11.0,11.0,POINT (-99.59692957030907 51.9583823114124)
2021S051646190009,0,0,0,0,0,0,0,0,0,0,0,0,0,0,0,0,0,0,0.0,0.0,0.0,0.0,0.0,0.0,0.0,0.0,0.0,POINT (-95.37938708208604 52.16401585778757)
2021S051646190010,0,0,0,0,0,0,0,0,0,0,0,0,0,0,0,0,0,0,0.0,0.0,0.0,0.0,0.0,0.0,0.0,0.0,0.0,POINT (-98.05730821021952 51.95584733783302)
2021S051646190011,0,0,0,0,0,0,0,0,0,0,0,0,0,0,0,0,0,0,0.0,0.0,0.0,0.0,0.0,0.0,0.0,0.0,0.0,POINT (-95.45111777695517 52.010801831864136)
2021S051646190012,0,0,0,0,0,0,0,0,0,0,0,0,0,0,0,0,0,0,0.0,0.0,0.0,0.0,0.0,0.0,0.0,11.0,11.0,POINT (-97.30707612962966 51.90512209465956)
2021S051646190013,0,0,0,0,0,0,0,0,0,0,0,0,0,0,0,0,0,0,0.0,0.0,0.0,0.0,0.0,0.0,0.0,0.0,0.0,POINT (-98.46926693458664 51.74225138756186)
2021S051646190014,0,0,0,0,0,0,0,1,1,0,0,0,0,0,0,0,3,3,0.0,0.0,0.0,0.0,0.0,0.0,0.0,0.0,0.0,POINT (-96.6720098590694 51.77918092516075)
2021S051646190015,0,0,0,0,0,0,0,0,0,0,0,0,0,0,0,0,0,0,0.0,0.0,0.0,0.0,0.0,0.0,0.0,0.0,0.0,POINT (-99.22727403632173 51.524451268048175)
2021S051646190017,0,0,0,0,0,0,0,0,0,0,0,0,0,0,0,0,0,0,0.0,0.0,0.0,0.0,0.0,0.0,0.0,24.0,24.0,POINT (-97.37656721668415 51.43275085551948)
2021S051646190018,0,0,0,0,0,0,0,0,0,0,0,0,0,0,0,0,0,0,0.0,0.0,0.0,0.0,0.0,0.0,0.0,0.0,0.0,POINT (-97.53220737777984 51.399093429796196)
2021S051646190019,0,0,0,0,0,0,0,0,0,0,0,0,0,0,0,0,0,0,0.0,0.0,0.0,0.0,0.0,7.0,0.0,31.0,31.0,POINT (-97.56798023448287 51.30401726631478)
2021S051646190020,0,0,0,0,0,0,0,29,29,0,0,0,0,0,0,0,164,164,0.0,0.0,0.0,0.0,0.0,0.0,0.0,0.0,0.0,POINT (-96.28422758442906 51.168562768152874)
2021S051646190021,0,0,0,0,0,0,0,0,0,0,0,0,0,0,0,0,0,0,0.0,0.0,0.0,0.0,0.0,0.0,0.0,0.0,0.0,POINT (-96.3236298184198 50.82878075552589)
2021S051646190022,0,0,0,0,0,0,0,0,0,0,0,0,0,0,0,0,0,0,0.0,0.0,0.0,0.0,0.0,0.0,0.0,0.0,0.0,POINT (-96.24910689979374 50.61870176321002)
2021S051646190023,0,0,0,0,0,0,0,0,0,0,0,0,0,0,0,0,0,0,0.0,0.0,0.0,0.0,0.0,0.0,0.0,0.0,0.0,POINT (-100.65991680006752 52.82784197218452)
2021S051646200001,1,2,4,1,6,1,1,60,60,17,24,31,7,474,7,4,664,664,14.0,18.0,23.0,4.0,254.0,7.0,3.0,578.0,578.0,POINT (-101.1098381599096 52.07832432591961)
2021S051646200002,0,0,0,0,0,0,0,0,0,0,0,0,0,0,0,0,0,0,0.0,0.0,0.0,0.0,0.0,0.0,0.0,0.0,0.0,POINT (-101.09057828534878 52.48622874584564)
2021S051646210001,0,0,1,0,2,0,0,9,9,0,0,7,0,10,0,0,99,99,8.0,0.0,7.0,0.0,28.0,0.0,0.0,325.0,325.0,POINT (-100.39097028878635 54.269555572267386)
2021S051646210002,0,0,0,0,0,0,0,5,5,0,0,0,0,0,0,0,277,277,0.0,0.0,4.0,0.0,6.0,0.0,0.0,156.0,156.0,POINT (-101.20179827430954 53.859919300736706)
2021S051646210003,0,0,0,0,0,0,0,0,0,0,0,0,0,0,0,0,0,0,0.0,0.0,1.0,0.0,2.0,0.0,0.0,22.0,22.0,POINT (-101.32413124700018 53.87482826559674)
2021S051646210004,0,0,0,0,0,0,0,2,2,0,0,0,0,0,0,0,2,2,0.0,0.0,0.0,0.0,0.0,0.0,0.0,0.0,0.0,POINT (-101.31858521958746 53.82287976996303)
2021S051646210005,0,0,0,0,0,0,0,0,0,0,0,0,0,0,0,0,0,0,0.0,0.0,0.0,0.0,0.0,0.0,0.0,13.0,13.0,POINT (-101.22325736885055 53.83279060602444)
2021S051646210006,0,0,0,0,0,0,0,0,0,0,0,0,0,0,0,0,0,0,0.0,0.0,0.0,0.0,0.0,0.0,0.0,0.0,0.0,POINT (-101.27495590391248 53.81405469039618)
2021S051646210007,0,0,0,0,0,0,0,0,0,0,0,0,0,0,0,0,0,0,0.0,0.0,0.0,0.0,0.0,0.0,0.0,0.0,0.0,POINT (-101.2231479792238 53.791679813520986)
2021S051646210008,0,0,0,0,0,0,0,0,0,0,0,0,0,0,0,0,0,0,0.0,0.0,0.0,0.0,0.0,0.0,0.0,11.0,11.0,POINT (-100.3387068303983 53.71118187319007)
2021S051646210009,0,0,0,0,0,0,0,1,1,0,0,0,0,0,0,0,75,75,0.0,0.0,0.0,0.0,0.0,0.0,0.0,22.0,22.0,POINT (-99.23980998643209 53.153374232024575)
2021S051646210010,0,0,0,0,0,0,0,0,0,0,0,0,0,0,0,0,0,0,0.0,0.0,0.0,0.0,0.0,0.0,0.0,13.0,13.0,POINT (-99.80098067716632 53.103436040727125)
2021S051646210011,0,0,0,0,0,0,0,0,0,0,0,0,0,0,0,0,0,0,0.0,0.0,0.0,0.0,0.0,0.0,0.0,0.0,0.0,POINT (-100.39372204742077 53.83152996902462)
2021S051646210012,0,0,0,0,0,0,0,0,0,0,0,0,0,0,0,0,0,0,0.0,0.0,0.0,0.0,0.0,0.0,0.0,1.0,1.0,POINT (-100.38411496965342 53.699092754944054)
2021S051646210013,0,0,0,0,0,0,0,0,0,0,0,0,0,0,0,0,0,0,0.0,0.0,0.0,0.0,0.0,0.0,0.0,0.0,0.0,POINT (-101.29302889819091 53.82703403036577)
2021S051646210014,0,0,0,0,0,0,0,0,0,0,0,0,0,0,0,0,0,0,0.0,0.0,0.0,0.0,0.0,0.0,0.0,0.0,0.0,POINT (-101.38922913402526 53.794816553202175)
2021S051646220001,0,0,0,0,0,0,0,2,2,0,0,0,0,0,0,0,68,68,0.0,0.0,0.0,0.0,0.0,0.0,0.0,34.0,34.0,POINT (-97.15137557072492 54.85131426527684)
2021S051646220002,0,0,0,0,0,0,0,0,0,0,0,0,0,0,0,0,0,0,0.0,0.0,0.0,0.0,0.0,0.0,0.0,0.0,0.0,POINT (-96.21448601081077 56.25900347984537)
2021S051646220003,0,0,0,0,0,0,0,0,0,0,0,0,0,0,0,0,0,0,0.0,0.0,0.0,0.0,0.0,0.0,0.0,0.0,0.0,POINT (-96.1146561769683 56.07588048458756)
2021S051646220004,0,0,0,0,0,0,0,0,0,0,0,0,0,0,0,0,0,0,0.0,0.0,0.0,0.0,0.0,0.0,0.0,0.0,0.0,POINT (-95.6069354654303 56.06950665156501)
2021S051646220005,0,0,0,0,0,0,0,3,3,0,0,0,0,0,0,0,50,50,0.0,0.0,0.0,0.0,0.0,0.0,0.0,67.0,67.0,POINT (-97.85074712029564 55.758435559477924)
2021S051646220006,0,0,0,0,0,0,0,0,0,0,0,0,0,0,0,0,0,0,0.0,0.0,0.0,0.0,0.0,0.0,0.0,2.0,2.0,POINT (-98.87494520751315 55.80585100077301)
2021S051646220007,0,0,0,0,0,0,0,0,0,0,0,0,0,0,0,0,0,0,0.0,0.0,0.0,0.0,0.0,0.0,0.0,0.0,0.0,POINT (-95.38783534335127 54.90361632693401)
2021S051646220008,0,0,0,0,0,0,0,0,0,0,0,0,0,0,0,0,0,0,0.0,0.0,0.0,0.0,0.0,0.0,0.0,0.0,0.0,POINT (-94.04464086364324 54.83615097204484)
2021S051646220009,0,0,0,0,0,0,0,0,0,0,0,0,0,0,0,0,0,0,0.0,0.0,0.0,0.0,0.0,0.0,0.0,0.0,0.0,POINT (-97.76083092943982 54.64984203049701)
2021S051646220010,0,0,0,0,0,0,0,0,0,0,0,0,0,0,0,0,0,0,0.0,0.0,0.0,0.0,0.0,0.0,0.0,10.0,10.0,POINT (-97.82427138025062 54.61811711786711)
2021S051646220011,0,0,0,0,0,0,0,0,0,0,0,0,0,0,0,0,0,0,0.0,0.0,0.0,0.0,0.0,0.0,0.0,0.0,0.0,POINT (-97.75118779119947 54.62698806461334)
2021S051646220012,0,0,0,0,0,0,0,0,0,0,0,0,0,0,0,0,0,0,0.0,0.0,0.0,0.0,0.0,0.0,0.0,0.0,0.0,POINT (-94.61981289549108 54.522984017202525)
2021S051646220013,0,0,0,0,0,0,0,0,0,0,0,0,0,0,0,0,0,0,0.0,0.0,0.0,0.0,0.0,0.0,0.0,8.0,8.0,POINT (-97.71741006637333 54.028241383821296)
2021S051646220014,0,0,0,0,0,0,0,0,0,0,0,0,0,0,0,0,0,0,0.0,0.0,0.0,0.0,0.0,0.0,0.0,0.0,0.0,POINT (-93.55034659509003 54.171882291593455)
2021S051646220015,0,0,0,0,0,0,0,0,0,0,0,0,0,0,0,0,0,0,0.0,0.0,0.0,0.0,0.0,0.0,0.0,0.0,0.0,POINT (-94.95673108223984 53.88485485038755)
2021S051646220016,0,0,0,0,0,0,0,0,0,0,0,0,0,0,0,0,0,0,0.0,0.0,0.0,0.0,0.0,0.0,0.0,0.0,0.0,POINT (-94.59526418679889 53.88896194136611)
2021S051646220017,0,0,0,0,0,0,0,0,0,0,0,0,0,0,0,0,0,0,0.0,0.0,0.0,0.0,0.0,0.0,0.0,0.0,0.0,POINT (-94.8960116549584 53.72079436113979)
2021S051646220018,0,0,0,0,0,0,0,0,0,0,0,0,0,0,0,0,0,0,0.0,0.0,0.0,0.0,0.0,0.0,0.0,0.0,0.0,POINT (-93.44394569258151 54.13961466570341)
2021S051646220019,0,0,0,0,0,0,0,0,0,0,0,0,0,0,0,0,0,0,0.0,0.0,0.0,0.0,0.0,0.0,0.0,0.0,0.0,POINT (-95.5993215222597 56.06815679532065)
2021S051646222000,0,0,0,0,0,0,0,0,0,0,0,0,0,0,0,0,0,0,0.0,0.0,0.0,0.0,0.0,0.0,0.0,0.0,0.0,POINT (-95.59192109434923 56.07029827315853)
2021S051646230001,0,0,0,0,0,0,0,1,1,0,0,0,0,0,0,0,297,297,0.0,0.0,0.0,0.0,0.0,0.0,0.0,0.0,0.0,POINT (-97.38687061708924 57.64708754085768)
2021S051646230002,0,0,0,0,0,0,0,0,0,0,0,0,0,0,0,0,0,0,0.0,0.0,0.0,0.0,0.0,0.0,0.0,0.0,0.0,POINT (-101.48692295900194 58.624606826506586)
2021S051646230003,0,0,0,0,0,0,0,0,0,0,0,0,0,0,0,0,0,0,0.0,0.0,0.0,0.0,0.0,0.0,0.0,0.0,0.0,POINT (-98.4877271884624 58.71455889224498)
2021S051646230004,0,0,0,0,0,0,0,0,0,0,0,0,0,0,0,0,0,0,0.0,0.0,0.0,0.0,0.0,0.0,0.0,0.0,0.0,POINT (-101.64189054168504 57.913472069425424)
2021S051646230005,0,0,0,0,0,0,0,1,1,0,0,0,0,0,0,0,3,3,0.0,0.0,0.0,0.0,0.0,0.0,0.0,0.0,0.0,POINT (-98.92070265089905 56.77956290938259)
2021S051646230007,0,0,0,0,0,0,0,0,0,0,0,0,0,0,0,0,0,0,0.0,0.0,0.0,0.0,0.0,0.0,0.0,0.0,0.0,POINT (-100.5653393732373 56.22581086251163)
2021S051646230008,0,0,0,0,0,0,0,0,0,0,0,0,0,0,0,0,0,0,0.0,0.0,0.0,0.0,0.0,0.0,0.0,0.0,0.0,POINT (-94.20269887237856 56.50379295199823)
2021S051646230010,0,0,0,0,0,0,0,0,0,0,0,0,0,0,0,0,0,0,0.0,0.0,0.0,0.0,0.0,0.0,0.0,0.0,0.0,POINT (-101.25603086282715 55.748214544524544)
2021S051646230011,0,0,0,0,0,0,0,0,0,0,0,0,0,0,0,0,0,0,0.0,0.0,0.0,0.0,0.0,0.0,0.0,0.0,0.0,POINT (-92.12157595950856 55.85678408787415)
2021S051646230012,0,0,0,0,0,0,0,0,0,0,0,0,0,0,0,0,0,0,0.0,0.0,0.0,0.0,0.0,0.0,0.0,0.0,0.0,POINT (-94.71037982957148 56.34602338063574)
2021S051646230013,0,0,0,0,0,0,0,0,0,0,0,0,0,0,0,0,0,0,0.0,0.0,0.0,0.0,0.0,0.0,0.0,0.0,0.0,POINT (-98.9195264891234 56.78067402994576)
2021S051646232001,0,0,0,0,0,0,0,0,0,0,0,0,0,0,0,0,0,0,0.0,0.0,0.0,0.0,0.0,0.0,0.0,0.0,0.0,POINT (-100.573686370111 56.83109673142701)
2021S051647010001,2,2,4,0,1,7,0,47,49,7,7,45,0,13,47,0,140,146,6.0,11.0,25.0,0.0,29.0,134.0,0.0,357.0,365.0,POINT (-102.10434011465756 49.284067201553306)
2021S051647010002,1,2,3,0,2,6,0,73,74,197,202,207,0,16,93,0,469,472,38.0,40.0,47.0,4.0,9.0,217.0,8.0,482.0,530.0,POINT (-101.81215816791544 49.84719839137435)
2021S051647010003,0,0,0,0,0,0,0,0,0,0,0,0,0,0,0,0,0,0,0.0,0.0,0.0,0.0,0.0,0.0,0.0,0.0,0.0,POINT (-103.15018091619203 49.89786632689856)
2021S051647010005,0,0,0,0,0,0,0,0,0,0,0,0,0,0,0,0,0,0,0.0,0.0,0.0,0.0,0.0,0.0,0.0,0.0,0.0,POINT (-103.05975038087662 49.876592137925215)
2021S051647010006,0,0,0,0,0,0,0,0,0,0,0,0,0,0,0,0,0,0,4.0,6.0,7.0,1.0,1.0,5.0,0.0,15.0,16.0,POINT (-103.07909276109274 49.84319695417472)
2021S051647010007,0,0,0,0,0,0,0,0,0,0,0,0,0,0,0,0,0,0,0.0,0.0,0.0,0.0,0.0,0.0,0.0,0.0,0.0,POINT (-102.7435543376242 49.78061990742068)
2021S051647010008,0,0,0,0,0,0,0,0,0,0,0,0,0,0,0,0,0,0,0.0,0.0,0.0,0.0,0.0,0.0,0.0,0.0,0.0,POINT (-102.91463885791228 49.86490940488711)
2021S051647010009,0,0,0,0,0,0,0,0,0,0,0,0,0,0,0,0,0,0,0.0,0.0,0.0,0.0,0.0,0.0,0.0,0.0,0.0,POINT (-102.88162956830186 49.85700324296161)
2021S051647010010,0,0,0,0,0,0,0,0,0,0,0,0,0,0,0,0,0,0,0.0,0.0,0.0,0.0,0.0,0.0,0.0,0.0,0.0,POINT (-102.93823549669216 49.85291578030315)
2021S051647010011,0,0,0,0,0,0,0,0,0,0,0,0,0,0,0,0,0,0,0.0,0.0,0.0,0.0,0.0,0.0,0.0,0.0,0.0,POINT (-102.93252695733837 49.8281326897054)
2021S051647010012,0,0,0,0,0,0,0,0,0,0,0,0,0,0,0,0,0,0,0.0,0.0,0.0,0.0,0.0,0.0,0.0,0.0,0.0,POINT (-102.89841065353004 49.836208565170836)
2021S051647010013,0,0,0,0,0,0,0,0,0,0,0,0,0,0,0,0,0,0,0.0,0.0,0.0,0.0,0.0,0.0,0.0,0.0,0.0,POINT (-102.91421115019321 49.798130290635676)
2021S051647010014,0,0,0,0,0,0,0,0,0,0,0,0,0,0,0,0,0,0,0.0,0.0,0.0,0.0,0.0,2.0,0.0,2.0,2.0,POINT (-102.25266780206383 49.76235273952133)
2021S051647010015,1,1,8,0,0,8,0,47,48,3,32,71,0,0,128,0,293,296,2.0,17.0,38.0,0.0,0.0,71.0,0.0,172.0,174.0,POINT (-103.01061677064378 49.13125799351281)
2021S051647020004,0,3,5,2,1,7,0,25,27,0,39,57,115,15,49,0,241,247,3.0,34.0,49.0,81.0,11.0,69.0,0.0,292.0,299.0,POINT (-103.84690510886502 49.66471772085978)
2021S051647020005,0,0,0,0,0,0,0,5,5,0,0,0,0,0,0,0,14,14,4.0,7.0,10.0,3.0,0.0,27.0,0.0,66.0,69.0,POINT (-103.7283863744574 49.667212967952956)
2021S051647020006,1,2,3,1,0,4,0,99,100,4,7,10,3,0,14,0,226,229,17.0,24.0,24.0,4.0,0.0,189.0,0.0,643.0,647.0,POINT (-104.63744871999116 49.47568545575275)
2021S051647030002,3,3,3,0,0,1,0,108,108,20,15,26,0,0,3,0,305,305,52.0,58.0,64.0,8.0,0.0,12.0,0.0,466.0,466.0,POINT (-106.4445403101384 49.52860677645246)
2021S051647030003,0,0,0,0,0,0,0,0,0,0,0,0,0,0,0,0,0,0,0.0,0.0,0.0,0.0,0.0,0.0,0.0,0.0,0.0,POINT (-106.44394315388236 49.31999242602074)
2021S051647040002,0,0,0,0,0,0,0,0,0,0,0,0,0,0,0,0,0,0,0.0,0.0,0.0,0.0,0.0,0.0,0.0,0.0,0.0,POINT (-109.63630224441877 49.83671002664383)
2021S051647040003,1,2,2,0,0,3,0,63,63,85,87,87,0,0,7,0,242,242,87.0,84.0,93.0,0.0,0.0,30.0,0.0,474.0,474.0,POINT (-108.82380465457165 49.5575762609427)
2021S051647050001,3,4,3,1,0,1,0,31,31,14,28,25,14,0,14,0,85,85,9.0,12.0,18.0,3.0,6.0,66.0,0.0,203.0,207.0,POINT (-102.8432349401878 50.82824881467156)
2021S051647050002,1,1,3,0,1,4,0,50,51,43,43,73,0,29,618,0,815,843,35.0,45.0,62.0,10.0,19.0,540.0,0.0,766.0,784.0,POINT (-101.90704390021081 50.80830225973323)
2021S051647050003,0,0,0,0,0,0,0,0,0,0,0,0,0,0,0,0,0,0,0.0,0.0,0.0,0.0,0.0,0.0,0.0,0.0,0.0,POINT (-102.41572264374248 51.03061203696672)
2021S051647050004,0,0,0,0,0,0,0,0,0,0,0,0,0,0,0,0,0,0,0.0,0.0,0.0,0.0,0.0,0.0,0.0,0.0,0.0,POINT (-102.28197071342363 50.73674120671451)
2021S051647050007,0,0,0,0,0,0,0,0,0,0,0,0,0,0,0,0,0,0,0.0,0.0,0.0,0.0,0.0,0.0,0.0,0.0,0.0,POINT (-102.33736487271969 50.74165306833028)
2021S051647050009,0,0,0,0,0,0,0,0,0,0,0,0,0,0,0,0,0,0,0.0,0.0,0.0,0.0,0.0,0.0,0.0,0.0,0.0,POINT (-102.78994517449334 50.556007180362634)
2021S051647050010,0,0,0,0,0,0,0,0,0,0,0,0,0,0,0,0,0,0,0.0,0.0,0.0,0.0,0.0,0.0,0.0,10.0,10.0,POINT (-102.7615796093865 50.61731762465938)
2021S051647050011,0,0,0,0,0,0,0,0,0,0,0,0,0,0,0,0,0,0,3.0,5.0,6.0,1.0,2.0,12.0,0.0,21.0,23.0,POINT (-102.67972736432594 50.54092604930846)
2021S051647050013,0,0,0,0,0,0,0,0,0,0,0,0,0,0,0,0,0,0,0.0,0.0,0.0,0.0,0.0,7.0,0.0,7.0,7.0,POINT (-102.5538417345942 50.52251964756298)
2021S051647050014,0,0,0,0,0,0,0,0,0,0,0,0,0,0,0,0,0,0,0.0,0.0,0.0,0.0,0.0,7.0,0.0,17.0,17.0,POINT (-102.39063386111296 50.49092680289247)
2021S051647050015,0,0,0,0,0,0,0,0,0,0,0,0,0,0,0,0,0,0,0.0,0.0,0.0,0.0,0.0,0.0,0.0,0.0,0.0,POINT (-102.14995444530467 50.47935770164604)
2021S051647050016,0,0,0,0,0,0,0,0,0,0,0,0,0,0,0,0,0,0,0.0,0.0,0.0,0.0,0.0,0.0,0.0,0.0,0.0,POINT (-102.08202901920184 50.367759172537326)
2021S051647050019,0,0,0,0,0,0,0,0,0,0,0,0,0,0,0,0,0,0,0.0,0.0,0.0,0.0,0.0,0.0,0.0,0.0,0.0,POINT (-102.51813935254675 50.05468429845986)
2021S051647050020,0,0,0,0,0,0,0,0,0,0,0,0,0,0,0,0,0,0,0.0,0.0,0.0,0.0,0.0,0.0,0.0,0.0,0.0,POINT (-102.33434842299089 50.327049732226115)
2021S051647050021,0,1,0,0,0,4,0,57,57,0,4,0,0,0,302,0,450,450,55.0,60.0,61.0,2.0,8.0,314.0,0.0,643.0,645.0,POINT (-102.66665514703409 50.30436956332828)
2021S051647060002,0,0,0,0,0,0,0,0,0,0,0,0,0,0,0,0,0,0,0.0,0.0,0.0,0.0,0.0,0.0,0.0,0.0,0.0,POINT (-103.65119119919 51.00835958139938)
2021S051647060003,0,0,0,0,0,0,0,0,0,0,0,0,0,0,0,0,0,0,0.0,0.0,0.0,0.0,0.0,0.0,0.0,0.0,0.0,POINT (-103.37970594842174 50.99834665782395)
2021S051647060004,1,1,1,0,1,0,0,8,8,4,4,4,0,7,0,0,30,30,43.0,43.0,59.0,0.0,24.0,20.0,0.0,121.0,135.0,POINT (-104.77816785687601 50.69126163657005)
2021S051647060005,0,0,0,0,0,0,0,0,0,0,0,0,0,0,0,0,0,0,0.0,0.0,0.0,0.0,0.0,0.0,0.0,0.0,0.0,POINT (-103.37994034080512 50.96132020746567)
2021S051647060006,0,0,0,0,0,0,0,0,0,0,0,0,0,0,0,0,0,0,0.0,0.0,0.0,0.0,0.0,0.0,0.0,0.0,0.0,POINT (-103.38684221777116 50.92666811618812)
2021S051647060007,0,0,0,0,0,0,0,0,0,0,0,0,0,0,0,0,0,0,0.0,0.0,0.0,0.0,0.0,0.0,0.0,0.0,0.0,POINT (-104.4315572627274 50.741882554949825)
2021S051647060008,2,3,4,1,1,4,1,40,42,48,8,57,3,7,145,46,178,285,88.0,83.0,108.0,1.0,35.0,70.0,9.0,373.0,410.0,POINT (-103.73579531215323 50.44013023882298)
2021S051647060009,0,0,0,0,0,0,0,0,0,0,0,0,0,0,0,0,0,0,0.0,0.0,0.0,0.0,0.0,0.0,0.0,0.0,0.0,POINT (-103.3864733678942 50.87496505417142)
2021S051647060010,0,0,0,0,0,0,0,0,0,0,0,0,0,0,0,0,0,0,0.0,0.0,0.0,0.0,0.0,0.0,0.0,0.0,0.0,POINT (-103.88405902331334 50.827965141023355)
2021S051647060011,0,0,0,0,0,0,0,0,0,0,0,0,0,0,0,0,0,0,0.0,0.0,0.0,0.0,0.0,0.0,0.0,0.0,0.0,POINT (-104.23649991256093 50.764491623412155)
2021S051647060012,0,0,0,0,0,0,0,0,0,0,0,0,0,0,0,0,0,0,0.0,0.0,0.0,0.0,0.0,0.0,0.0,0.0,0.0,POINT (-104.01457962546276 50.74948240995239)
2021S051647060013,6,5,8,0,4,4,0,30,32,236,238,316,0,106,94,0,447,513,194.0,170.0,256.0,3.0,83.0,116.0,31.0,434.0,502.0,POINT (-104.32875462415721 50.37773124712403)
2021S051647060014,0,1,1,1,0,5,0,15,15,0,7,7,7,0,683,0,742,742,4.0,4.0,14.0,1.0,0.0,36.0,0.0,71.0,71.0,POINT (-105.09936148029374 50.434717511308634)
2021S051647060015,0,0,0,0,0,0,0,0,0,0,0,0,0,0,0,0,0,0,0.0,0.0,0.0,0.0,0.0,0.0,0.0,0.0,0.0,POINT (-103.7893099634293 50.757007980288535)
2021S051647060016,0,0,0,0,0,0,0,0,0,0,0,0,0,0,0,0,0,0,0.0,0.0,0.0,0.0,0.0,0.0,0.0,0.0,0.0,POINT (-103.71193922167883 50.76117067717655)
2021S051647060017,0,0,0,0,0,0,0,0,0,0,0,0,0,0,0,0,0,0,5.0,4.0,8.0,1.0,1.0,4.0,4.0,26.0,27.0,POINT (-103.62208586362154 50.69539603561432)
2021S051647060018,1,1,2,0,0,1,0,3,3,30,30,365,0,0,350,0,395,395,13.0,20.0,19.0,1.0,6.0,23.0,1.0,96.0,101.0,POINT (-104.78996646650334 50.42551108291024)
2021S051647060020,0,0,0,0,0,0,0,0,0,0,0,0,0,0,0,0,0,0,43.0,63.0,66.0,3.0,14.0,79.0,0.0,202.0,212.0,POINT (-104.70397031500448 50.49091374665696)
2021S051647060022,6,27,17,4,10,16,0,71,80,112,447,215,76,117,221,0,967,1053,90.0,129.0,139.0,7.0,28.0,91.0,0.0,303.0,320.0,POINT (-104.57220116838198 50.47398629995589)
2021S051647060023,0,0,0,0,0,0,0,2,2,0,0,0,0,0,0,0,2,2,69.0,99.0,109.0,6.0,23.0,123.0,0.0,302.0,316.0,POINT (-104.65513233718706 50.48933790067769)
2021S051647060024,0,0,0,0,0,0,0,0,0,0,0,0,0,0,0,0,0,0,60.0,89.0,93.0,6.0,18.0,104.0,0.0,268.0,280.0,POINT (-104.72430249847407 50.462707334093)
2021S051647060025,0,0,0,0,1,0,0,2,2,0,0,0,0,7,0,0,8,8,40.0,58.0,62.0,3.0,14.0,44.0,0.0,156.0,166.0,POINT (-104.6066193683061 50.49457328673358)
2021S051647060026,0,0,0,0,0,1,0,2,2,0,0,0,0,0,1,0,2,2,64.0,92.0,98.0,5.0,20.0,67.0,0.0,223.0,235.0,POINT (-104.65841469044459 50.47708617494185)
2021S051647060027,0,1,0,0,0,0,0,2,2,0,3,0,0,0,0,0,4,4,43.0,63.0,66.0,3.0,14.0,45.0,0.0,168.0,178.0,POINT (-104.62950366607417 50.47627706812753)
2021S051647060028,0,0,0,0,0,0,0,1,1,0,0,0,0,0,0,0,1,1,40.0,58.0,62.0,3.0,14.0,42.0,0.0,152.0,162.0,POINT (-104.63070207932147 50.460670401313976)
2021S051647060029,0,0,0,0,0,0,0,3,3,0,0,0,0,0,0,0,3,3,35.0,52.0,52.0,3.0,13.0,37.0,0.0,151.0,159.0,POINT (-104.51808736508751 50.445542364995)
2021S051647060030,0,0,0,0,0,0,0,1,1,0,0,0,0,0,0,0,1,1,60.0,88.0,92.0,5.0,18.0,64.0,0.0,218.0,230.0,POINT (-104.53765877577905 50.45603914821404)
2021S051647060031,0,0,0,0,0,1,0,3,3,0,0,0,0,0,2,0,24,24,29.0,42.0,43.0,2.0,11.0,33.0,0.0,124.0,131.0,POINT (-104.55604635653036 50.45506110498181)
2021S051647060032,3,9,5,0,2,9,0,40,41,702,749,743,0,19,240,0,1154,1160,27.0,40.0,39.0,2.0,10.0,28.0,0.0,121.0,127.0,POINT (-104.60658308912735 50.441436929929154)
2021S051647060034,0,2,0,0,1,0,0,9,9,0,18,0,0,35,0,0,78,78,20.0,31.0,31.0,2.0,8.0,22.0,0.0,98.0,104.0,POINT (-104.62313560054488 50.44253584388647)
2021S051647060035,0,0,1,0,1,0,0,3,3,0,0,15,0,15,0,0,20,20,62.0,90.0,95.0,5.0,19.0,63.0,0.0,216.0,228.0,POINT (-104.58173950679773 50.43806549901995)
2021S051647060036,0,0,0,0,0,0,0,2,2,0,0,0,0,0,0,0,3,3,38.0,56.0,59.0,3.0,14.0,43.0,0.0,160.0,170.0,POINT (-104.63009264239982 50.42804178141399)
2021S051647060037,0,1,0,0,0,2,0,3,4,0,1,0,0,0,65,0,67,68,48.0,70.0,74.0,4.0,16.0,52.0,0.0,183.0,193.0,POINT (-104.54711616273846 50.438058186636425)
2021S051647060040,1,1,0,0,0,0,0,4,4,3,5,0,0,0,0,0,12,12,29.0,44.0,45.0,3.0,10.0,34.0,0.0,125.0,133.0,POINT (-104.63100167959082 50.409500855073084)
2021S051647060041,0,0,0,0,0,1,0,2,2,0,0,0,0,0,1,0,2,2,32.0,49.0,49.0,3.0,10.0,36.0,0.0,132.0,140.0,POINT (-104.60738757417116 50.40706159234002)
2021S051647060042,0,0,0,0,0,0,0,0,0,0,0,0,0,0,0,0,0,0,0.0,0.0,0.0,0.0,0.0,0.0,0.0,0.0,0.0,POINT (-103.48387413991965 50.34232244317021)
2021S051647060043,0,0,0,0,0,0,0,2,2,0,0,0,0,0,0,0,7,7,57.0,85.0,87.0,5.0,18.0,114.0,0.0,266.0,277.0,POINT (-104.66482512046319 50.508596322975244)
2021S051647060044,0,0,0,0,0,0,0,0,0,0,0,0,0,0,0,0,0,0,68.0,97.0,107.0,5.0,23.0,72.0,0.0,246.0,260.0,POINT (-104.64380110717397 50.49992621493798)
2021S051647060045,0,1,1,0,1,2,0,7,7,0,3,3,0,3,20,0,42,42,71.0,103.0,112.0,7.0,24.0,151.0,0.0,355.0,369.0,POINT (-104.66435863331257 50.41899481460913)
2021S051647060046,0,0,0,0,0,1,0,3,3,0,0,0,0,0,3,0,7,7,27.0,40.0,39.0,2.0,10.0,30.0,0.0,130.0,136.0,POINT (-104.59474720207693 50.41817900433144)
2021S051647060047,0,1,1,0,0,2,0,10,10,0,2,2,0,0,2,0,15,15,75.0,109.0,118.0,7.0,25.0,82.0,0.0,279.0,294.0,POINT (-104.55188648256954 50.419567698802126)
2021S051647060048,0,0,0,0,0,0,0,0,0,0,0,0,0,0,0,0,0,0,0.0,0.0,0.0,0.0,0.0,0.0,0.0,0.0,0.0,POINT (-103.7359869477033 50.53337705316829)
2021S051647060049,0,0,0,0,0,0,0,0,0,0,0,0,0,0,0,0,0,0,0.0,0.0,0.0,0.0,0.0,0.0,0.0,0.0,0.0,POINT (-103.69018819852344 50.50578232334292)
2021S051647060050,0,0,0,0,0,0,0,7,7,0,0,0,0,0,0,0,11,11,0.0,0.0,0.0,0.0,0.0,0.0,0.0,9.0,9.0,POINT (-104.79816466884225 50.707570361464924)
2021S051647060051,1,1,2,0,1,1,1,51,51,5,3,6,0,7,187,3,301,301,12.0,15.0,17.0,0.0,7.0,58.0,1.0,337.0,337.0,POINT (-103.93826339791588 50.879860158604046)
2021S051647062000,0,1,1,1,0,1,0,13,13,0,14,14,14,0,14,0,37,37,5.0,7.0,8.0,2.0,0.0,7.0,0.0,72.0,72.0,POINT (-104.88195724999697 50.1789714013268)
2021S051647070002,0,0,0,0,0,0,0,1,1,0,0,0,0,0,0,0,3,3,4.0,2.0,1.0,1.0,3.0,22.0,1.0,64.0,64.0,POINT (-105.4348249538823 50.45130017758935)
2021S051647070003,1,0,0,0,1,0,1,5,5,3,0,0,0,3,0,3,9,9,17.0,11.0,7.0,0.0,12.0,111.0,1.0,229.0,229.0,POINT (-105.57901146744847 50.412439545154)
2021S051647070006,0,1,0,0,1,0,0,6,6,0,7,0,0,3,0,0,23,23,17.0,11.0,7.0,0.0,12.0,82.0,1.0,196.0,196.0,POINT (-105.59197142484993 50.385211892146046)
2021S051647070007,3,2,0,0,3,1,0,27,27,49,6,0,0,29,22,0,334,334,14.0,13.0,10.0,4.0,9.0,142.0,1.0,249.0,249.0,POINT (-105.51733241821232 50.39211066523392)
2021S051647070008,0,1,1,0,1,0,0,10,10,0,13,13,0,3,0,0,29,29,18.0,11.0,7.0,0.0,12.0,76.0,1.0,206.0,206.0,POINT (-105.54618322471964 50.40798153417805)
2021S051647070009,3,2,2,0,0,4,0,88,88,12,11,11,0,0,51,0,297,297,39.0,48.0,61.0,5.0,4.0,153.0,2.0,633.0,634.0,POINT (-106.63575839641189 50.636970092462725)
2021S051647080001,1,1,2,0,0,5,0,107,107,9,9,23,0,0,33,0,273,273,17.0,17.0,45.0,0.0,0.0,56.0,0.0,445.0,445.0,POINT (-108.91022817543693 50.68098075227731)
2021S051647080002,0,0,0,0,0,0,0,3,3,0,0,0,0,0,0,0,10,10,13.0,12.0,11.0,0.0,0.0,2.0,0.0,79.0,79.0,POINT (-107.85330407631824 50.22263938729864)
2021S051647080003,1,2,4,1,0,4,0,22,23,7,9,31,7,0,12,0,72,78,63.0,50.0,66.0,3.0,0.0,63.0,0.0,228.0,231.0,POINT (-107.7977879172977 50.30280276722461)
2021S051647080004,3,2,1,0,0,0,0,26,26,119,88,85,0,0,0,0,191,191,55.0,43.0,57.0,3.0,0.0,46.0,0.0,186.0,189.0,POINT (-107.7909928164364 50.27692648640907)
2021S051647090002,0,0,1,0,2,1,0,49,49,0,0,3,0,6,3,0,100,100,4.0,6.0,10.0,2.0,108.0,3.0,2.0,342.0,342.0,POINT (-102.44751654016761 51.988143810884544)
2021S051647090003,0,0,0,0,0,0,0,0,0,0,0,0,0,0,0,0,0,0,0.0,0.0,0.0,0.0,0.0,0.0,0.0,0.0,0.0,POINT (-102.13659236317312 51.75721942838628)
2021S051647090004,0,0,0,0,0,0,0,0,0,0,0,0,0,0,0,0,0,0,0.0,0.0,0.0,0.0,0.0,0.0,0.0,0.0,0.0,POINT (-102.23203692572231 51.73343397906187)
2021S051647090005,0,0,0,0,0,0,0,0,0,0,0,0,0,0,0,0,0,0,0.0,0.0,0.0,0.0,0.0,0.0,0.0,0.0,0.0,POINT (-101.94040678796071 51.71141166617613)
2021S051647090006,0,0,0,0,0,0,0,0,0,0,0,0,0,0,0,0,0,0,0.0,0.0,0.0,0.0,0.0,0.0,0.0,0.0,0.0,POINT (-101.93294717063154 51.756367159323766)
2021S051647090007,0,0,0,0,0,0,0,0,0,0,0,0,0,0,0,0,0,0,0.0,0.0,0.0,0.0,0.0,0.0,0.0,0.0,0.0,POINT (-102.26029026491501 51.65829614112551)
2021S051647090008,0,0,0,0,0,0,0,0,0,0,0,0,0,0,0,0,0,0,0.0,0.0,0.0,0.0,0.0,0.0,0.0,0.0,0.0,POINT (-101.76190153510252 51.26829880986267)
2021S051647090009,0,0,0,0,0,0,0,0,0,0,0,0,0,0,0,0,0,0,0.0,0.0,0.0,0.0,0.0,0.0,0.0,0.0,0.0,POINT (-101.91585585295564 51.62552567160911)
2021S051647090010,0,0,0,0,0,0,0,11,11,0,0,0,0,0,0,0,31,31,12.0,13.0,21.0,0.0,8.0,21.0,0.0,101.0,109.0,POINT (-102.63852130957781 51.2585245089727)
2021S051647090011,0,0,0,0,0,0,0,0,0,0,0,0,0,0,0,0,0,0,0.0,0.0,0.0,0.0,0.0,0.0,0.0,0.0,0.0,POINT (-102.4627994107545 51.26177720578866)
2021S051647090012,2,4,4,1,0,2,1,21,22,33,54,39,3,0,6,22,402,405,33.0,46.0,51.0,7.0,10.0,85.0,8.0,310.0,322.0,POINT (-102.4372505995097 51.215949517213886)
2021S051647090013,0,0,0,0,0,0,0,0,0,0,0,0,0,0,0,0,0,0,0.0,0.0,0.0,0.0,0.0,0.0,0.0,0.0,0.0,POINT (-101.7435194009208 51.172458019114124)
2021S051647090014,0,0,0,0,0,0,0,12,12,0,0,0,0,0,0,0,48,48,19.0,25.0,30.0,4.0,6.0,55.0,5.0,182.0,189.0,POINT (-102.4909117777461 51.2072605920054)
2021S051647090015,0,0,0,0,0,0,0,0,0,0,0,0,0,0,0,0,0,0,0.0,0.0,0.0,0.0,0.0,0.0,0.0,0.0,0.0,POINT (-101.90253963243909 51.202487284031434)
2021S051647090016,0,0,0,0,0,0,0,5,5,0,0,0,0,0,0,0,14,14,9.0,18.0,14.0,7.0,0.0,10.0,0.0,58.0,58.0,POINT (-102.21701133636881 51.25517542281667)
2021S051647090017,2,3,2,0,0,1,0,36,36,6,9,6,0,0,1,0,72,72,4.0,6.0,9.0,1.0,42.0,23.0,1.0,247.0,247.0,POINT (-102.01094820149899 51.4322396991091)
2021S051647100003,0,0,0,0,0,0,0,0,0,0,0,0,0,0,0,0,0,0,0.0,0.0,0.0,0.0,0.0,0.0,0.0,11.0,11.0,POINT (-103.66914220980965 51.84516886637796)
2021S051647100004,0,0,0,0,0,0,0,0,0,0,0,0,0,0,0,0,0,0,0.0,0.0,0.0,0.0,0.0,0.0,0.0,0.0,0.0,POINT (-104.35612210767667 51.63035838878819)
2021S051647100006,0,0,0,0,0,0,0,0,0,0,0,0,0,0,0,0,0,0,0.0,0.0,0.0,0.0,0.0,0.0,0.0,0.0,0.0,POINT (-104.28960146596324 51.5404645032303)
2021S051647100007,0,0,0,0,0,0,0,0,0,0,0,0,0,0,0,0,0,0,0.0,0.0,0.0,0.0,0.0,0.0,0.0,11.0,11.0,POINT (-104.39633747229185 51.48963752378077)
2021S051647100008,0,0,0,0,0,0,0,0,0,0,0,0,0,0,0,0,0,0,0.0,0.0,0.0,0.0,0.0,0.0,0.0,0.0,0.0,POINT (-103.88943936965215 51.41654315479185)
2021S051647100009,0,0,0,0,0,0,0,0,0,0,0,0,0,0,0,0,0,0,0.0,0.0,0.0,0.0,0.0,0.0,0.0,0.0,0.0,POINT (-103.9655032899774 51.38078093668702)
2021S051647100010,0,0,0,0,0,0,0,0,0,0,0,0,0,0,0,0,0,0,0.0,0.0,0.0,0.0,0.0,0.0,0.0,0.0,0.0,POINT (-104.06749576019789 51.323663601820996)
2021S051647100011,0,0,0,0,0,0,0,0,0,0,0,0,0,0,0,0,0,0,0.0,0.0,0.0,0.0,0.0,0.0,0.0,0.0,0.0,POINT (-103.92321473554108 51.36155721300288)
2021S051647100012,0,0,0,0,0,0,0,0,0,0,0,0,0,0,0,0,0,0,0.0,0.0,0.0,0.0,0.0,0.0,0.0,0.0,0.0,POINT (-103.93482245455907 51.36897892255702)
2021S051647100013,0,0,0,0,0,0,0,0,0,0,0,0,0,0,0,0,0,0,0.0,0.0,0.0,0.0,0.0,0.0,0.0,0.0,0.0,POINT (-103.93522162773193 51.36136823057354)
2021S051647100014,0,0,0,0,0,0,0,0,0,0,0,0,0,0,0,0,0,0,0.0,0.0,0.0,0.0,0.0,0.0,0.0,12.0,12.0,POINT (-104.25819251169466 51.26494900125885)
2021S051647100015,0,0,0,0,0,0,0,0,0,0,0,0,0,0,0,0,0,0,0.0,0.0,0.0,0.0,0.0,0.0,0.0,0.0,0.0,POINT (-103.88132260153782 51.347381500664)
2021S051647100016,0,0,0,0,0,0,0,0,0,0,0,0,0,0,0,0,0,0,0.0,0.0,0.0,0.0,0.0,0.0,0.0,0.0,0.0,POINT (-103.96982558117621 51.32830385930359)
2021S051647100017,0,0,0,0,0,0,0,0,0,0,0,0,0,0,0,0,0,0,0.0,0.0,0.0,0.0,0.0,0.0,0.0,0.0,0.0,POINT (-103.9817763614301 51.29506480772651)
2021S051647100018,0,0,0,0,0,0,0,0,0,0,0,0,0,0,0,0,0,0,0.0,0.0,0.0,0.0,0.0,0.0,0.0,0.0,0.0,POINT (-103.93825337847453 51.29288951050229)
2021S051647100019,0,0,0,0,0,0,0,0,0,0,0,0,0,0,0,0,0,0,0.0,0.0,0.0,0.0,0.0,0.0,0.0,0.0,0.0,POINT (-103.92380173128502 51.28338451551164)
2021S051647100020,0,0,0,0,0,0,0,0,0,0,0,0,0,0,0,0,0,0,0.0,0.0,0.0,0.0,0.0,0.0,0.0,0.0,0.0,POINT (-103.9357452709626 51.28258238728848)
2021S051647100021,0,0,0,0,0,0,0,0,0,0,0,0,0,0,0,0,0,0,0.0,0.0,0.0,0.0,0.0,0.0,0.0,0.0,0.0,POINT (-103.8934675068645 51.28345714157406)
2021S051647100022,0,0,0,0,0,0,0,0,0,0,0,0,0,0,0,0,0,0,0.0,0.0,0.0,0.0,0.0,0.0,0.0,0.0,0.0,POINT (-103.98579046074514 51.2703851786271)
2021S051647100024,0,0,0,0,0,0,0,0,0,0,0,0,0,0,0,0,0,0,0.0,0.0,0.0,0.0,0.0,0.0,0.0,0.0,0.0,POINT (-103.89731434196011 51.26615363265458)
2021S051647100025,0,0,0,0,0,0,0,0,0,0,0,0,0,0,0,0,0,0,0.0,0.0,0.0,0.0,0.0,0.0,0.0,0.0,0.0,POINT (-103.96669815964135 51.26658966608116)
2021S051647100027,0,0,0,0,0,0,0,0,0,0,0,0,0,0,0,0,0,0,0.0,0.0,0.0,0.0,0.0,0.0,0.0,0.0,0.0,POINT (-104.0372650299536 51.34957540418008)
2021S051647100604,1,1,2,0,1,2,0,79,79,4,4,19,0,3,20,0,245,245,28.0,43.0,55.0,14.0,10.0,124.0,3.0,509.0,509.0,POINT (-103.8154909528812 51.67282176113834)
2021S051647110001,0,0,0,0,0,0,0,10,10,0,0,0,0,0,0,0,26,26,46.0,12.0,27.0,1.0,20.0,49.0,0.0,267.0,269.0,POINT (-106.97996627146742 52.27010242692788)
2021S051647110002,2,4,4,0,3,2,0,14,16,13,28,28,0,100,15,0,143,158,97.0,84.0,132.0,12.0,28.0,299.0,32.0,568.0,620.0,POINT (-106.45667464970224 52.38713421436829)
2021S051647110003,1,0,2,0,2,1,0,9,9,144,0,49,0,63,15,0,262,262,108.0,95.0,109.0,9.0,27.0,153.0,24.0,424.0,475.0,POINT (-106.52395399778402 52.300813936113194)
2021S051647110004,0,1,2,0,0,2,0,10,12,0,6,66,0,0,66,0,84,150,32.0,29.0,34.0,3.0,10.0,66.0,6.0,208.0,223.0,POINT (-106.8062529777811 52.092305199114726)
2021S051647110006,0,0,0,0,1,1,0,3,3,0,0,0,0,3,1,0,5,5,116.0,103.0,119.0,10.0,29.0,214.0,26.0,491.0,558.0,POINT (-106.56972571121248 52.16355611168463)
2021S051647110011,0,0,1,0,0,1,0,5,5,0,0,3,0,0,3,0,12,12,154.0,133.0,157.0,14.0,29.0,161.0,36.0,499.0,568.0,POINT (-106.72970212239447 52.13778209960206)
2021S051647110014,2,3,1,0,0,0,0,8,8,204,210,6,0,0,0,0,277,277,36.0,32.0,37.0,3.0,10.0,46.0,7.0,165.0,179.0,POINT (-106.62125984237578 52.140419023921154)
2021S051647110015,1,12,6,1,1,9,0,58,59,4,129,148,7,7,258,0,600,630,52.0,44.0,51.0,5.0,12.0,69.0,11.0,210.0,231.0,POINT (-106.65739672652543 52.13407279436662)
2021S051647110016,0,0,0,0,0,0,0,2,2,0,0,0,0,0,0,0,2,2,84.0,75.0,86.0,8.0,18.0,69.0,19.0,277.0,310.0,POINT (-106.70783026444478 52.1270675282085)
2021S051647110017,0,1,0,0,0,0,0,2,2,0,45,0,0,0,0,0,46,46,90.0,81.0,92.0,8.0,19.0,104.0,20.0,319.0,361.0,POINT (-106.74118316647154 52.122178119385204)
2021S051647110018,0,0,0,0,0,0,0,2,2,0,0,0,0,0,0,0,8,8,45.0,40.0,46.0,4.0,11.0,49.0,8.0,176.0,195.0,POINT (-106.68388024204708 52.132742290871256)
2021S051647110019,5,5,3,0,1,1,1,12,13,38,48,14,0,35,6,7,126,132,74.0,67.0,77.0,7.0,16.0,115.0,17.0,300.0,338.0,POINT (-106.58901194344203 52.13847393100496)
2021S051647110021,0,3,2,0,1,2,0,16,17,0,12,17,0,3,174,0,354,513,60.0,50.0,60.0,5.0,14.0,90.0,14.0,247.0,276.0,POINT (-106.7158163263292 52.105316583090584)
2021S051647110022,0,0,0,0,0,0,0,8,8,0,0,0,0,0,0,0,37,37,71.0,65.0,75.0,6.0,16.0,98.0,16.0,279.0,314.0,POINT (-106.58831881723172 52.1214021853939)
2021S051647110024,1,1,0,0,0,0,0,7,7,7,7,0,0,0,0,0,25,25,58.0,49.0,58.0,5.0,14.0,77.0,12.0,234.0,260.0,POINT (-106.61965012075454 52.116774887097975)
2021S051647110026,0,0,0,0,0,1,0,4,4,0,0,0,0,0,293,0,301,301,18.0,24.0,33.0,0.0,2.0,84.0,0.0,149.0,164.0,POINT (-106.21779363083034 52.01707147264075)
2021S051647110027,4,2,1,0,2,1,0,14,14,296,3,2,0,18,8,0,396,396,44.0,39.0,43.0,4.0,11.0,67.0,8.0,192.0,211.0,POINT (-106.65843858534754 52.088058962261094)
2021S051647110028,0,0,0,0,0,0,0,9,9,0,0,0,0,0,0,0,11,11,67.0,60.0,68.0,6.0,15.0,105.0,15.0,276.0,310.0,POINT (-106.57363459482791 52.10650093373377)
2021S051647110031,0,0,0,0,0,0,0,1,1,0,0,0,0,0,0,0,1,1,47.0,40.0,46.0,4.0,11.0,59.0,9.0,192.0,212.0,POINT (-106.595023761666 52.09547667767843)
2021S051647110033,0,0,0,0,0,1,0,5,5,0,0,0,0,0,187,0,202,202,11.0,17.0,15.0,1.0,3.0,31.0,1.0,94.0,96.0,POINT (-105.86027088917938 52.01272744553354)
2021S051647110034,1,2,1,0,0,1,0,59,59,85,88,85,0,0,293,0,532,532,45.0,52.0,44.0,0.0,3.0,190.0,0.0,469.0,469.0,POINT (-105.39322981829021 51.60739065312689)
2021S051647110035,0,0,0,0,0,1,0,5,5,0,0,0,0,0,3,0,14,14,6.0,17.0,42.0,2.0,5.0,37.0,2.0,133.0,133.0,POINT (-106.5153446987075 51.841728774193726)
2021S051647110036,0,0,0,0,0,0,0,0,0,0,0,0,0,0,0,0,0,0,0.0,0.0,0.0,0.0,0.0,0.0,0.0,0.0,0.0,POINT (-106.70093143704092 51.88259172222048)
2021S051647110038,1,2,1,0,0,0,0,5,5,81,83,2,0,0,0,0,103,103,157.0,135.0,160.0,15.0,29.0,179.0,36.0,515.0,587.0,POINT (-106.71392812885215 52.152441216364664)
2021S051647110039,0,1,1,0,0,1,0,3,4,0,3,3,0,0,3,0,4,7,77.0,69.0,81.0,7.0,19.0,116.0,17.0,311.0,350.0,POINT (-106.56316895324599 52.148829674205835)
2021S051647110040,0,3,2,1,0,2,0,7,7,0,6,6,3,0,5,0,12,12,62.0,54.0,63.0,6.0,14.0,170.0,14.0,323.0,364.0,POINT (-106.61355112768874 52.088642936735205)
2021S051647110041,0,1,1,0,0,0,0,3,3,0,2,2,0,0,0,0,6,6,74.0,67.0,77.0,7.0,16.0,122.0,17.0,306.0,345.0,POINT (-106.55342121757651 52.09399646082551)
2021S051647110602,6,7,10,1,0,5,3,15,20,399,137,364,70,0,144,372,668,785,104.0,91.0,106.0,9.0,27.0,159.0,24.0,409.0,460.0,POINT (-106.62556379286633 52.18832240335596)
2021S051647110603,16,26,37,4,9,26,4,102,115,531,703,1027,64,81,768,54,1772,2264,62.0,55.0,64.0,6.0,17.0,70.0,14.0,235.0,260.0,POINT (-106.6577282552321 52.189058045229075)
2021S051647110604,1,2,0,0,0,0,0,7,7,2,5,0,0,0,0,0,15,15,50.0,42.0,49.0,4.0,12.0,103.0,11.0,246.0,271.0,POINT (-106.64567303043835 52.12130946881651)
2021S051647110606,0,2,1,0,0,0,0,2,3,0,27,3,0,0,0,0,25,28,62.0,54.0,63.0,6.0,14.0,95.0,14.0,252.0,281.0,POINT (-106.66989101860094 52.10951469597546)
2021S051647110607,3,7,5,1,4,4,0,19,20,114,123,119,15,95,374,0,627,630,63.0,56.0,65.0,6.0,17.0,60.0,14.0,229.0,254.0,POINT (-106.69096906675489 52.16446660903795)
2021S051647110608,0,0,0,0,0,0,0,0,0,0,0,0,0,0,0,0,0,0,71.0,65.0,75.0,6.0,16.0,74.0,16.0,255.0,286.0,POINT (-106.78465067630967 52.12665111446128)
2021S051647110609,0,0,1,0,1,1,0,4,4,0,0,3,0,3,1,0,9,9,77.0,69.0,82.0,7.0,16.0,127.0,17.0,322.0,361.0,POINT (-106.63453844329176 52.091082250278966)
2021S051647110610,1,3,1,0,1,1,0,50,50,2,12,2,0,6,7,0,138,138,25.0,27.0,24.0,0.0,4.0,47.0,1.0,299.0,299.0,POINT (-106.3899014519806 51.42724746933194)
2021S051647120001,1,2,2,0,0,1,0,16,16,7,13,41,0,0,2,0,70,70,4.0,16.0,32.0,6.0,2.0,13.0,1.0,95.0,95.0,POINT (-108.46908254499354 52.73398011953639)
2021S051647120002,0,0,0,0,0,0,0,0,0,0,0,0,0,0,0,0,0,0,0.0,0.0,0.0,0.0,0.0,0.0,0.0,0.0,0.0,POINT (-108.6898873093513 52.759196076566255)
2021S051647120003,0,0,0,0,0,0,0,0,0,0,0,0,0,0,0,0,0,0,0.0,0.0,0.0,0.0,0.0,0.0,0.0,0.0,0.0,POINT (-108.56264647395805 52.79388125848778)
2021S051647120004,0,0,0,0,0,0,0,0,0,0,0,0,0,0,0,0,0,0,0.0,0.0,0.0,0.0,0.0,0.0,0.0,0.0,0.0,POINT (-108.23447721929057 52.55550547943013)
2021S051647120005,0,0,0,0,0,0,0,0,0,0,0,0,0,0,0,0,0,0,0.0,0.0,0.0,0.0,0.0,0.0,0.0,0.0,0.0,POINT (-108.27170450673243 52.507899554945084)
2021S051647120006,2,3,5,1,1,4,1,68,68,12,25,103,3,3,14,3,256,256,28.0,45.0,135.0,3.0,3.0,85.0,3.0,550.0,550.0,POINT (-107.91932176255702 51.846639867942336)
2021S051647120007,0,0,0,0,0,0,0,0,0,0,0,0,0,0,0,0,0,0,0.0,0.0,0.0,0.0,0.0,0.0,0.0,0.0,0.0,POINT (-108.12888971394615 52.46863035727225)
2021S051647120008,0,1,1,1,1,4,0,30,30,0,3,3,3,7,335,0,414,414,0.0,4.0,4.0,4.0,8.0,116.0,0.0,211.0,211.0,POINT (-107.07480454989843 52.01295603426044)
2021S051647120009,0,0,0,0,0,0,0,0,0,0,0,0,0,0,0,0,0,0,0.0,0.0,0.0,0.0,0.0,0.0,0.0,0.0,0.0,POINT (-108.284227311355 52.7022593544144)
2021S051647130001,1,2,4,2,0,7,0,72,72,3,6,16,6,0,21,0,201,201,4.0,8.0,21.0,8.0,0.0,46.0,0.0,589.0,589.0,POINT (-109.30715462141016 52.54999609970759)
2021S051647130002,0,0,0,0,0,0,0,0,0,0,0,0,0,0,0,0,0,0,0.0,0.0,0.0,0.0,0.0,0.0,0.0,0.0,0.0,POINT (-109.06294330262172 52.92261283125707)
2021S051647130003,0,0,0,0,0,0,0,0,0,0,0,0,0,0,0,0,0,0,0.0,0.0,0.0,0.0,1.0,1.0,0.0,18.0,18.0,POINT (-108.94305550551526 52.86130696808257)
2021S051647130004,0,1,2,1,0,9,0,72,72,0,3,6,3,0,17,0,152,152,0.0,19.0,39.0,19.0,0.0,49.0,0.0,266.0,266.0,POINT (-109.28247035109526 51.74955353837337)
2021S051647140001,1,1,1,0,3,0,0,51,51,2,2,2,0,156,0,0,289,289,2.0,8.0,14.0,0.0,187.0,0.0,0.0,353.0,353.0,POINT (-104.07141480771179 53.4962000915209)
2021S051647140002,1,0,0,0,5,0,0,57,57,2,0,0,0,139,0,0,431,431,7.0,8.0,15.0,2.0,252.0,2.0,2.0,501.0,501.0,POINT (-102.72612794685419 52.97820838771134)
2021S051647140003,0,0,0,0,0,0,0,0,0,0,0,0,0,0,0,0,0,0,0.0,0.0,0.0,0.0,0.0,0.0,0.0,0.0,0.0,POINT (-101.97857823145036 53.64886966011326)
2021S051647140004,0,0,0,0,0,0,0,0,0,0,0,0,0,0,0,0,0,0,0.0,0.0,0.0,0.0,0.0,0.0,0.0,0.0,0.0,POINT (-102.64888892838798 53.50009734883591)
2021S051647140005,0,0,0,0,0,0,0,0,0,0,0,0,0,0,0,0,0,0,0.0,0.0,0.0,0.0,0.0,0.0,0.0,0.0,0.0,POINT (-102.87914319885672 53.49562036808969)
2021S051647140006,0,0,0,0,0,0,0,0,0,0,0,0,0,0,0,0,0,0,0.0,0.0,0.0,0.0,0.0,0.0,0.0,0.0,0.0,POINT (-102.8719129681807 53.44147490875196)
2021S051647140007,1,3,5,0,2,1,0,61,61,2,34,64,0,9,1,0,213,213,78.0,85.0,99.0,1.0,6.0,20.0,5.0,447.0,449.0,POINT (-104.17152492469546 52.66813784084431)
2021S051647140008,0,2,4,0,0,3,0,20,22,0,9,63,0,0,49,0,85,119,3.0,50.0,158.0,0.0,9.0,74.0,0.0,195.0,247.0,POINT (-104.59828134337275 52.855707776038855)
2021S051647140010,0,0,0,0,0,0,0,0,0,0,0,0,0,0,0,0,0,0,0.0,0.0,0.0,0.0,0.0,0.0,0.0,0.0,0.0,POINT (-104.21395356279518 52.60938632474513)
2021S051647140011,0,0,0,0,0,0,0,0,0,0,0,0,0,0,0,0,0,0,0.0,0.0,0.0,0.0,0.0,0.0,0.0,0.0,0.0,POINT (-103.66010746627802 52.36098691726441)
2021S051647142000,0,0,0,0,0,0,0,0,0,0,0,0,0,0,0,0,0,0,0.0,0.0,0.0,0.0,0.0,0.0,0.0,0.0,0.0,POINT (-103.73189581580006 52.27918310219213)
2021S051647150002,0,0,0,0,0,0,0,0,0,0,0,0,0,0,0,0,0,0,0.0,0.0,0.0,0.0,0.0,0.0,0.0,0.0,0.0,POINT (-106.00789942330522 53.532460451428996)
2021S051647150003,0,0,0,0,0,0,0,0,0,0,0,0,0,0,0,0,0,0,0.0,0.0,0.0,0.0,0.0,0.0,0.0,0.0,0.0,POINT (-105.94580074868266 53.48206129334689)
2021S051647150004,0,1,1,0,2,0,0,6,6,0,6,6,0,48,0,0,57,57,1.0,3.0,6.0,0.0,86.0,0.0,0.0,187.0,187.0,POINT (-105.36078611737099 53.25467397390505)
2021S051647150005,0,0,0,0,0,0,0,0,0,0,0,0,0,0,0,0,0,0,0.0,0.0,0.0,0.0,0.0,0.0,0.0,0.0,0.0,POINT (-105.88603569188182 53.27575103184548)
2021S051647150006,0,0,0,0,0,0,0,4,4,0,0,0,0,0,0,0,6,6,1.0,1.0,1.0,0.0,9.0,0.0,0.0,47.0,47.0,POINT (-105.56773566520924 53.7130493471135)
2021S051647150007,0,0,0,0,0,0,0,1,1,0,0,0,0,0,0,0,1,1,5.0,8.0,5.0,0.0,19.0,3.0,0.0,55.0,57.0,POINT (-105.68518608584782 53.22526694425849)
2021S051647150008,0,0,0,0,0,0,0,2,2,0,0,0,0,0,0,0,2,2,6.0,9.0,9.0,0.0,54.0,5.0,0.0,99.0,102.0,POINT (-105.78609376437886 53.19789559475633)
2021S051647150009,0,2,1,0,6,1,0,28,28,0,7,4,0,134,7,0,233,233,11.0,17.0,6.0,0.0,58.0,3.0,0.0,121.0,121.0,POINT (-105.71917905756207 53.193799020112834)
2021S051647150011,2,3,2,0,1,0,0,9,9,31,33,4,0,3,0,0,46,46,3.0,6.0,3.0,0.0,12.0,1.0,0.0,37.0,37.0,POINT (-105.7387471509205 53.181401636782574)
2021S051647150012,0,0,0,0,0,0,0,1,1,0,0,0,0,0,0,0,1,1,0.0,0.0,0.0,0.0,1.0,0.0,0.0,13.0,13.0,POINT (-105.4917241228393 53.098162969485884)
2021S051647150013,0,0,0,0,0,0,0,0,0,0,0,0,0,0,0,0,0,0,0.0,0.0,0.0,0.0,1.0,1.0,0.0,16.0,16.0,POINT (-104.8717240552134 53.13048510126745)
2021S051647150014,0,0,0,0,0,0,0,0,0,0,0,0,0,0,0,0,0,0,0.0,0.0,0.0,0.0,0.0,0.0,0.0,0.0,0.0,POINT (-104.85515126485657 53.07245415701636)
2021S051647150015,0,0,0,0,0,0,0,0,0,0,0,0,0,0,0,0,0,0,2.0,2.0,3.0,0.0,1.0,3.0,0.0,13.0,14.0,POINT (-106.35717912120147 52.81979096479629)
2021S051647150016,0,0,0,0,0,0,0,0,0,0,0,0,0,0,0,0,0,0,0.0,0.0,0.0,0.0,0.0,0.0,0.0,0.0,0.0,POINT (-106.36318340216411 52.86292368085395)
2021S051647150018,0,0,0,0,0,0,0,0,0,0,0,0,0,0,0,0,0,0,0.0,0.0,0.0,0.0,0.0,0.0,0.0,0.0,0.0,POINT (-106.0794822116101 52.80196405373893)
2021S051647150019,0,0,0,0,0,0,0,0,0,0,0,0,0,0,0,0,0,0,2.0,3.0,4.0,0.0,3.0,2.0,0.0,13.0,14.0,POINT (-106.04775401299787 52.7396429990891)
2021S051647150021,0,0,0,0,0,0,0,0,0,0,0,0,0,0,0,0,0,0,0.0,0.0,0.0,0.0,0.0,0.0,0.0,0.0,0.0,POINT (-106.11064701395979 52.67092928812449)
2021S051647150022,0,0,0,0,0,0,0,0,0,0,0,0,0,0,0,0,0,0,0.0,0.0,0.0,0.0,0.0,0.0,0.0,0.0,0.0,POINT (-105.92633626310781 52.56235840842827)
2021S051647150023,10,13,15,1,2,2,1,77,79,563,562,634,7,16,13,35,1051,1060,302.0,318.0,371.0,4.0,14.0,22.0,18.0,733.0,741.0,POINT (-105.22982758010264 52.377454594055166)
2021S051647150024,0,0,0,0,0,0,0,0,0,0,0,0,0,0,0,0,0,0,0.0,0.0,0.0,0.0,0.0,0.0,0.0,0.0,0.0,POINT (-106.05832894466747 53.19907085247798)
2021S051647150025,0,0,0,0,0,0,0,0,0,0,0,0,0,0,0,0,0,0,0.0,0.0,0.0,0.0,0.0,0.0,0.0,0.0,0.0,POINT (-106.23714542952429 52.797226875706905)
2021S051647150903,1,1,2,0,1,2,0,73,74,43,43,49,0,3,7,0,398,404,117.0,123.0,138.0,2.0,23.0,14.0,7.0,574.0,582.0,POINT (-105.80373830746821 52.547063175899765)
2021S051647152000,0,0,1,0,0,2,0,29,30,0,0,12,0,0,15,0,58,70,0.0,0.0,27.0,0.0,0.0,34.0,0.0,123.0,150.0,POINT (-105.45584002878772 52.91944844852474)
2021S051647152001,0,0,0,0,0,0,0,4,4,0,0,0,0,0,0,0,7,7,24.0,23.0,27.0,2.0,7.0,47.0,6.0,157.0,166.0,POINT (-106.30120686548187 52.340206972232195)
2021S051647160002,0,0,0,0,0,0,0,0,0,0,0,0,0,0,0,0,0,0,0.0,0.0,0.0,0.0,1.0,0.0,0.0,11.0,11.0,POINT (-107.78679001194162 53.696943777149244)
2021S051647160003,0,0,0,0,0,0,0,0,0,0,0,0,0,0,0,0,0,0,0.0,0.0,0.0,0.0,0.0,0.0,0.0,0.0,0.0,POINT (-107.84203621336242 53.680235768266336)
2021S051647160004,0,0,0,0,0,0,0,0,0,0,0,0,0,0,0,0,0,0,0.0,0.0,0.0,0.0,0.0,0.0,0.0,0.0,0.0,POINT (-107.69476920610605 53.68633166237619)
2021S051647160005,0,0,0,0,0,1,0,46,46,0,0,0,0,0,1,0,93,93,0.0,0.0,0.0,0.0,0.0,2.0,0.0,200.0,200.0,POINT (-107.46183155865015 53.020470004138545)
2021S051647160006,0,0,0,0,0,0,0,0,0,0,0,0,0,0,0,0,0,0,0.0,0.0,0.0,0.0,0.0,0.0,0.0,0.0,0.0,POINT (-107.16154709433636 53.590100837771686)
2021S051647160007,0,0,0,0,0,0,0,0,0,0,0,0,0,0,0,0,0,0,0.0,0.0,0.0,0.0,0.0,0.0,0.0,0.0,0.0,POINT (-108.1189467499213 53.48982981837852)
2021S051647160008,0,0,0,0,0,0,0,0,0,0,0,0,0,0,0,0,0,0,0.0,0.0,0.0,0.0,1.0,0.0,0.0,11.0,11.0,POINT (-107.61345797146554 53.47914327378801)
2021S051647160009,0,0,0,0,0,0,0,0,0,0,0,0,0,0,0,0,0,0,0.0,0.0,0.0,0.0,0.0,0.0,0.0,0.0,0.0,POINT (-107.64183989534797 53.46714141603685)
2021S051647160010,0,0,0,0,0,0,0,0,0,0,0,0,0,0,0,0,0,0,0.0,0.0,0.0,0.0,0.0,0.0,0.0,0.0,0.0,POINT (-106.05320700697473 53.5610972367608)
2021S051647160011,0,0,0,0,0,0,0,0,0,0,0,0,0,0,0,0,0,0,0.0,0.0,0.0,0.0,0.0,0.0,0.0,0.0,0.0,POINT (-106.88558250295966 53.404506806198924)
2021S051647160012,0,0,0,0,0,0,0,0,0,0,0,0,0,0,0,0,0,0,0.0,1.0,2.0,0.0,13.0,0.0,0.0,25.0,25.0,POINT (-106.05968025847743 53.39463285725779)
2021S051647160013,0,0,0,0,0,0,0,0,0,0,0,0,0,0,0,0,0,0,0.0,0.0,0.0,0.0,1.0,0.0,0.0,11.0,11.0,POINT (-106.79578505473951 53.16232809057201)
2021S051647160014,0,0,0,0,0,0,0,0,0,0,0,0,0,0,0,0,0,0,0.0,0.0,0.0,0.0,0.0,0.0,0.0,0.0,0.0,POINT (-107.4406594412557 53.05997535494796)
2021S051647160015,0,0,0,0,0,0,0,0,0,0,0,0,0,0,0,0,0,0,0.0,0.0,0.0,0.0,0.0,0.0,0.0,0.0,0.0,POINT (-107.23754006983495 53.00270809253357)
2021S051647160017,0,0,0,0,0,0,0,0,0,0,0,0,0,0,0,0,0,0,0.0,0.0,0.0,0.0,0.0,0.0,0.0,0.0,0.0,POINT (-106.917694403672 53.03781157195936)
2021S051647160018,0,0,0,0,0,0,0,0,0,0,0,0,0,0,0,0,0,0,0.0,0.0,0.0,0.0,0.0,0.0,0.0,0.0,0.0,POINT (-106.90149289117824 52.98123028772365)
2021S051647160019,0,0,0,0,0,0,0,0,0,0,0,0,0,0,0,0,0,0,0.0,0.0,0.0,0.0,0.0,0.0,0.0,0.0,0.0,POINT (-106.95555955033643 53.008914524763135)
2021S051647160021,0,0,0,0,0,0,0,0,0,0,0,0,0,0,0,0,0,0,0.0,0.0,0.0,0.0,0.0,0.0,0.0,0.0,0.0,POINT (-106.88551093490402 53.007477628664006)
2021S051647160023,0,0,0,0,0,0,0,0,0,0,0,0,0,0,0,0,0,0,0.0,0.0,0.0,0.0,0.0,0.0,0.0,0.0,0.0,POINT (-108.0723364111158 52.81390931008315)
2021S051647160024,0,6,5,3,1,3,0,36,36,0,63,77,42,7,42,0,163,163,3.0,37.0,56.0,20.0,22.0,31.0,0.0,155.0,155.0,POINT (-108.26489722674133 52.76040783186176)
2021S051647160025,0,0,0,0,0,0,0,0,0,0,0,0,0,0,0,0,0,0,0.0,0.0,0.0,0.0,0.0,0.0,0.0,0.0,0.0,POINT (-106.46410435785036 52.968612563514746)
2021S051647160026,0,0,0,0,0,0,0,0,0,0,0,0,0,0,0,0,0,0,0.0,0.0,0.0,0.0,0.0,0.0,0.0,0.0,0.0,POINT (-107.04921963743949 53.46529161645066)
2021S051647160608,0,0,1,0,6,0,0,45,45,0,0,15,0,190,0,0,271,271,0.0,5.0,16.0,0.0,269.0,0.0,0.0,488.0,488.0,POINT (-106.56969088637807 53.70547898348752)
2021S051647170002,0,0,0,0,0,0,0,0,0,0,0,0,0,0,0,0,0,0,0.0,0.0,0.0,0.0,0.0,0.0,0.0,5.0,5.0,POINT (-109.62632036348703 54.42374854127849)
2021S051647170003,0,0,0,0,1,0,0,1,1,0,0,0,0,30,0,0,30,30,0.0,1.0,4.0,0.0,8.0,0.0,0.0,16.0,16.0,POINT (-108.344115173157 54.50637450395865)
2021S051647170004,0,0,0,0,0,0,0,0,0,0,0,0,0,0,0,0,0,0,0.0,0.0,0.0,0.0,0.0,0.0,0.0,0.0,0.0,POINT (-109.76421764929862 54.147880400984455)
2021S051647170006,0,0,0,0,0,0,0,0,0,0,0,0,0,0,0,0,0,0,0.0,0.0,0.0,0.0,1.0,0.0,0.0,10.0,10.0,POINT (-109.73380981007303 54.01888162134906)
2021S051647170007,0,0,0,0,0,0,0,0,0,0,0,0,0,0,0,0,0,0,0.0,0.0,0.0,0.0,0.0,0.0,0.0,0.0,0.0,POINT (-109.2593400164999 54.048661200960375)
2021S051647170008,0,0,0,0,0,0,0,0,0,0,0,0,0,0,0,0,0,0,0.0,1.0,2.0,0.0,8.0,2.0,0.0,24.0,25.0,POINT (-108.40362769154426 54.16214893211713)
2021S051647170009,0,0,0,0,0,0,0,0,0,0,0,0,0,0,0,0,0,0,0.0,0.0,0.0,0.0,0.0,0.0,0.0,0.0,0.0,POINT (-109.30177887231116 54.011424075294514)
2021S051647170010,0,0,0,0,0,0,0,0,0,0,0,0,0,0,0,0,0,0,0.0,0.0,0.0,0.0,0.0,0.0,0.0,0.0,0.0,POINT (-109.09790263470855 54.042256514008464)
2021S051647170011,0,0,0,0,0,0,0,1,1,0,0,0,0,0,0,0,3,3,0.0,0.0,0.0,0.0,0.0,0.0,0.0,0.0,0.0,POINT (-109.15879115069929 54.02654702456401)
2021S051647170012,0,0,1,0,1,2,0,14,15,0,0,12,0,150,15,0,296,308,0.0,2.0,10.0,0.0,95.0,10.0,0.0,213.0,221.0,POINT (-108.43417647691955 54.12581349136696)
2021S051647170013,0,0,0,0,0,0,0,0,0,0,0,0,0,0,0,0,0,0,0.0,1.0,4.0,0.0,3.0,0.0,0.0,6.0,6.0,POINT (-107.99117704127703 54.1194100583601)
2021S051647170014,0,0,0,0,0,0,0,0,0,0,0,0,0,0,0,0,0,0,0.0,0.0,0.0,0.0,0.0,0.0,0.0,0.0,0.0,POINT (-108.52213107026388 54.04304407972112)
2021S051647170016,0,0,0,0,0,0,0,0,0,0,0,0,0,0,0,0,0,0,0.0,0.0,0.0,0.0,1.0,2.0,0.0,17.0,17.0,POINT (-109.89012805567705 53.69859210511692)
2021S051647170017,0,0,0,0,0,0,0,0,0,0,0,0,0,0,0,0,0,0,0.0,0.0,0.0,0.0,0.0,0.0,0.0,0.0,0.0,POINT (-109.98856050056553 53.67555554860181)
2021S051647170018,0,0,0,0,0,0,0,0,0,0,0,0,0,0,0,0,0,0,0.0,0.0,0.0,0.0,0.0,0.0,0.0,0.0,0.0,POINT (-108.63003961438537 53.634271179851424)
2021S051647170019,0,0,0,0,0,0,0,0,0,0,0,0,0,0,0,0,0,0,0.0,0.0,0.0,0.0,0.0,0.0,0.0,0.0,0.0,POINT (-108.85628280183137 53.49504057280588)
2021S051647170020,1,0,2,0,0,5,0,47,47,3,0,40,0,0,45,0,187,187,6.0,27.0,56.0,3.0,0.0,232.0,0.0,426.0,426.0,POINT (-109.76104332752647 53.12917832036)
2021S051647170021,0,0,0,0,0,0,0,0,0,0,0,0,0,0,0,0,0,0,0.0,0.0,0.0,0.0,0.0,0.0,0.0,0.0,0.0,POINT (-108.32045472639831 53.13489821153462)
2021S051647170022,0,0,0,0,0,0,0,0,0,0,0,0,0,0,0,0,0,0,0.0,0.0,0.0,0.0,0.0,1.0,0.0,1.0,1.0,POINT (-108.23493373575072 53.111339892761535)
2021S051647170024,0,0,0,0,0,0,0,5,5,0,0,0,0,0,0,0,11,11,3.0,5.0,8.0,1.0,0.0,46.0,0.0,118.0,118.0,POINT (-109.77371951774217 53.438653346777436)
2021S051647170025,0,0,0,0,0,0,0,0,0,0,0,0,0,0,0,0,0,0,0.0,0.0,0.0,0.0,0.0,0.0,0.0,0.0,0.0,POINT (-108.14403823330571 54.15636631049908)
2021S051647170026,0,0,0,0,0,0,0,0,0,0,0,0,0,0,0,0,0,0,0.0,0.0,0.0,0.0,0.0,0.0,0.0,0.0,0.0,POINT (-108.546560724705 54.17223035594986)
2021S051647170027,0,0,0,0,0,0,0,0,0,0,0,0,0,0,0,0,0,0,0.0,0.0,0.0,0.0,0.0,0.0,0.0,0.0,0.0,POINT (-108.0927631465179 54.05507560969851)
2021S051647170028,0,0,0,0,0,0,0,0,0,0,0,0,0,0,0,0,0,0,0.0,0.0,0.0,0.0,0.0,0.0,0.0,0.0,0.0,POINT (-108.24190297357997 54.45396601012683)
2021S051647170602,0,1,2,1,3,4,0,61,61,0,3,10,3,45,22,0,180,180,0.0,8.0,16.0,4.0,55.0,59.0,0.0,379.0,379.0,POINT (-108.86850315439648 53.38740174966046)
2021S051647170904,0,1,1,0,0,0,0,10,10,0,3,3,0,0,0,0,23,23,0.0,12.0,25.0,6.0,89.0,46.0,0.0,300.0,300.0,POINT (-108.75346637989604 54.175049635289604)
2021S051647180001,0,0,1,0,1,0,0,4,4,0,0,7,0,7,0,0,13,13,2.0,1.0,2.0,0.0,36.0,0.0,0.0,164.0,164.0,POINT (-106.06090617006494 56.8504139015293)
2021S051647180003,0,0,0,0,0,0,0,0,0,0,0,0,0,0,0,0,0,0,0.0,0.0,0.0,0.0,0.0,0.0,0.0,0.0,0.0,POINT (-107.06969454015601 59.351452271009535)
2021S051647180006,0,0,0,0,0,0,0,0,0,0,0,0,0,0,0,0,0,0,0.0,0.0,0.0,0.0,0.0,0.0,0.0,0.0,0.0,POINT (-105.75795032748944 59.280394760907654)
2021S051647180007,0,0,0,0,0,0,0,0,0,0,0,0,0,0,0,0,0,0,0.0,0.0,0.0,0.0,0.0,0.0,0.0,0.0,0.0,POINT (-105.84128038625353 59.25428004363002)
2021S051647180008,0,0,0,0,0,0,0,0,0,0,0,0,0,0,0,0,0,0,0.0,0.0,0.0,0.0,0.0,0.0,0.0,0.0,0.0,POINT (-105.59236824962343 59.19824949124868)
2021S051647180009,0,0,0,0,0,1,0,0,1,0,0,0,0,0,44,0,0,44,0.0,0.0,0.0,0.0,0.0,3.0,0.0,0.0,3.0,POINT (-102.982031405313 58.19405094640004)
2021S051647180010,0,0,0,0,0,0,0,0,0,0,0,0,0,0,0,0,0,0,0.0,0.0,0.0,0.0,0.0,0.0,0.0,4.0,4.0,POINT (-109.45518890617181 56.542641579588796)
2021S051647180011,0,0,0,0,0,0,0,0,0,0,0,0,0,0,0,0,0,0,0.0,0.0,0.0,0.0,0.0,0.0,0.0,0.0,0.0,POINT (-109.43491365369033 56.48673716225695)
2021S051647180012,0,0,0,0,0,0,0,0,0,0,0,0,0,0,0,0,0,0,0.0,0.0,0.0,0.0,0.0,0.0,0.0,0.0,0.0,POINT (-108.66671955294127 56.46652106247805)
2021S051647180013,0,0,0,0,0,0,0,0,0,0,0,0,0,0,0,0,0,0,0.0,0.0,0.0,0.0,0.0,0.0,0.0,0.0,0.0,POINT (-102.02304129126136 57.08098182501949)
2021S051647180014,0,0,0,0,0,0,0,0,0,0,0,0,0,0,0,0,0,0,0.0,0.0,0.0,0.0,0.0,0.0,0.0,0.0,0.0,POINT (-109.11740237047627 56.008686016576)
2021S051647180015,0,0,0,0,0,0,0,0,0,0,0,0,0,0,0,0,0,0,0.0,0.0,0.0,0.0,0.0,0.0,0.0,0.0,0.0,POINT (-108.71472353275259 56.05814611527538)
2021S051647180016,0,0,0,0,0,0,0,0,0,0,0,0,0,0,0,0,0,0,0.0,0.0,0.0,0.0,0.0,0.0,0.0,4.0,4.0,POINT (-109.08087137647426 55.92291695112093)
2021S051647180017,0,0,0,0,0,0,0,0,0,0,0,0,0,0,0,0,0,0,0.0,0.0,0.0,0.0,0.0,0.0,0.0,0.0,0.0,POINT (-108.96349810401985 55.87835159536032)
2021S051647180018,0,0,0,0,0,0,0,0,0,0,0,0,0,0,0,0,0,0,0.0,0.0,0.0,0.0,0.0,0.0,0.0,4.0,4.0,POINT (-107.72702807645247 55.914485598937866)
2021S051647180019,0,0,0,0,0,0,0,0,0,0,0,0,0,0,0,0,0,0,0.0,0.0,0.0,0.0,0.0,0.0,0.0,0.0,0.0,POINT (-107.69993295368653 55.89017153568974)
2021S051647180020,0,0,0,0,0,0,0,0,0,0,0,0,0,0,0,0,0,0,0.0,0.0,0.0,0.0,0.0,0.0,0.0,7.0,7.0,POINT (-103.18532316798913 56.33775767914003)
2021S051647180021,0,0,0,0,0,0,0,0,0,0,0,0,0,0,0,0,0,0,0.0,0.0,0.0,0.0,0.0,0.0,0.0,0.0,0.0,POINT (-103.26378264845823 56.318804340486324)
2021S051647180022,0,0,0,0,0,0,0,0,0,0,0,0,0,0,0,0,0,0,0.0,0.0,0.0,0.0,0.0,0.0,0.0,0.0,0.0,POINT (-103.75310288287668 56.118549029055835)
2021S051647180023,0,0,0,0,0,1,0,0,1,0,0,0,0,0,87,0,0,87,0.0,0.0,0.0,0.0,0.0,9.0,0.0,0.0,9.0,POINT (-106.57959715950085 55.52190538805014)
2021S051647180024,0,0,0,0,0,0,0,0,0,0,0,0,0,0,0,0,0,0,0.0,0.0,0.0,0.0,0.0,0.0,0.0,0.0,0.0,POINT (-107.57100374955216 55.19261995240524)
2021S051647180025,0,0,0,0,0,0,0,0,0,0,0,0,0,0,0,0,0,0,0.0,0.0,0.0,0.0,0.0,0.0,0.0,0.0,0.0,POINT (-108.1538279758824 55.13735047132204)
2021S051647180026,0,0,0,0,0,0,0,0,0,0,0,0,0,0,0,0,0,0,0.0,0.0,0.0,0.0,0.0,0.0,0.0,0.0,0.0,POINT (-104.60261612757215 55.60758080085407)
2021S051647180028,0,0,0,0,0,0,0,0,0,0,0,0,0,0,0,0,0,0,0.0,0.0,0.0,0.0,0.0,0.0,0.0,4.0,4.0,POINT (-104.57256932311962 55.40301427448886)
2021S051647180029,0,0,0,0,0,1,0,1,2,0,0,0,0,0,1,0,1,2,0.0,0.0,0.0,0.0,0.0,0.0,0.0,4.0,4.0,POINT (-105.16887844069207 55.283308868008426)
2021S051647180030,0,0,0,0,0,0,0,0,0,0,0,0,0,0,0,0,0,0,0.0,0.0,0.0,0.0,0.0,0.0,0.0,4.0,4.0,POINT (-105.74992076416875 55.115563825887655)
2021S051647180032,0,0,0,0,0,0,0,1,1,0,0,0,0,0,0,0,7,7,0.0,0.0,0.0,0.0,0.0,0.0,0.0,0.0,0.0,POINT (-102.30611398772155 55.49736191452997)
2021S051647180033,0,0,0,0,0,0,0,0,0,0,0,0,0,0,0,0,0,0,0.0,0.0,0.0,0.0,0.0,0.0,0.0,0.0,0.0,POINT (-102.31278920162491 55.53616126086723)
2021S051647180034,0,0,0,0,0,0,0,0,0,0,0,0,0,0,0,0,0,0,0.0,0.0,0.0,0.0,0.0,0.0,0.0,0.0,0.0,POINT (-105.31752281969544 55.09494177572835)
2021S051647180035,0,0,0,0,0,0,0,0,0,0,0,0,0,0,0,0,0,0,0.0,0.0,0.0,0.0,0.0,0.0,0.0,0.0,0.0,POINT (-105.40741658758397 55.05733865390234)
2021S051647180036,0,0,0,0,0,0,0,0,0,0,0,0,0,0,0,0,0,0,0.0,0.0,0.0,0.0,0.0,0.0,0.0,0.0,0.0,POINT (-105.31060231955072 55.070047823687624)
2021S051647180037,0,0,0,0,0,0,0,0,0,0,0,0,0,0,0,0,0,0,0.0,0.0,0.0,0.0,0.0,0.0,0.0,0.0,0.0,POINT (-105.41802694102884 55.02345426456808)
2021S051647180039,0,0,0,0,0,0,0,0,0,0,0,0,0,0,0,0,0,0,0.0,0.0,0.0,0.0,0.0,0.0,0.0,0.0,0.0,POINT (-102.93334109450606 55.188414419814194)
2021S051647180040,0,0,0,0,0,0,0,0,0,0,0,0,0,0,0,0,0,0,0.0,0.0,0.0,0.0,0.0,0.0,0.0,4.0,4.0,POINT (-102.89585748832513 55.17435248398827)
2021S051647180041,0,0,0,0,0,0,0,0,0,0,0,0,0,0,0,0,0,0,0.0,0.0,0.0,0.0,0.0,0.0,0.0,4.0,4.0,POINT (-103.35034980509468 54.910273494541585)
2021S051647180042,0,0,0,0,0,0,0,2,2,0,0,0,0,0,0,0,8,8,0.0,0.0,6.0,0.0,8.0,0.0,0.0,21.0,21.0,POINT (-102.07501380155698 54.661945164915885)
2021S051647180043,0,0,0,0,0,0,0,0,0,0,0,0,0,0,0,0,0,0,0.0,0.0,0.0,0.0,0.0,0.0,0.0,0.0,0.0,POINT (-105.6730447932527 54.157435679979315)
2021S051647180044,0,0,0,0,0,0,0,0,0,0,0,0,0,0,0,0,0,0,0.0,0.0,0.0,0.0,1.0,0.0,0.0,11.0,11.0,POINT (-105.80788030125684 54.060401692000084)
2021S051647180045,0,0,0,0,0,0,0,0,0,0,0,0,0,0,0,0,0,0,0.0,0.0,0.0,0.0,0.0,0.0,0.0,0.0,0.0,POINT (-101.85509871424634 54.291524976121714)
2021S051647180046,0,0,0,0,0,0,0,0,0,0,0,0,0,0,0,0,0,0,0.0,0.0,0.0,0.0,0.0,0.0,0.0,0.0,0.0,POINT (-102.24058680685148 53.938769379315005)
2021S051647180047,0,0,0,0,0,0,0,0,0,0,0,0,0,0,0,0,0,0,0.0,0.0,0.0,0.0,0.0,0.0,0.0,0.0,0.0,POINT (-102.93835839532758 55.17958314489809)
2021S051647180048,0,0,0,0,0,0,0,0,0,0,0,0,0,0,0,0,0,0,0.0,0.0,0.0,0.0,0.0,0.0,0.0,0.0,0.0,POINT (-101.81797565683148 54.28001997376044)
2021S051647180049,0,0,0,0,0,0,0,0,0,0,0,0,0,0,0,0,0,0,0.0,0.0,0.0,0.0,0.0,0.0,0.0,0.0,0.0,POINT (-109.4453240083908 56.367104836922856)
2021S051647180050,0,0,0,0,0,0,0,0,0,0,0,0,0,0,0,0,0,0,0.0,0.0,0.0,0.0,0.0,0.0,0.0,0.0,0.0,POINT (-102.15346066517063 54.43638127935864)
2021S051647180051,0,0,0,0,0,0,0,0,0,0,0,0,0,0,0,0,0,0,0.0,0.0,0.0,0.0,0.0,0.0,0.0,0.0,0.0,POINT (-108.22272391186142 54.89632446522198)
2021S051647180052,0,0,0,0,0,0,0,0,0,0,0,0,0,0,0,0,0,0,0.0,0.0,0.0,0.0,0.0,0.0,0.0,0.0,0.0,POINT (-104.79438099147787 55.27574040984034)
2021S051648010001,0,0,1,0,1,4,0,46,46,0,0,14,0,14,5,0,130,130,0.0,0.0,64.0,0.0,64.0,41.0,0.0,282.0,282.0,POINT (-110.49629845475911 49.88695094026185)
2021S051648010002,0,0,1,0,0,2,0,35,35,0,0,11,0,0,28,0,150,150,0.0,6.0,24.0,6.0,0.0,67.0,0.0,249.0,249.0,POINT (-111.19844579346545 49.479062865655656)
2021S051648010003,1,3,2,0,0,3,0,12,13,90,22,16,0,0,42,0,174,188,10.0,17.0,31.0,4.0,12.0,46.0,0.0,179.0,193.0,POINT (-110.69841461597106 50.0814357779571)
2021S051648010004,0,2,3,0,2,2,0,12,13,0,4,40,0,29,20,0,72,86,10.0,16.0,30.0,4.0,12.0,50.0,0.0,239.0,252.0,POINT (-110.78333464223218 50.07132143928772)
2021S051648010006,0,1,1,1,0,1,0,2,2,0,30,30,30,0,30,0,32,32,15.0,22.0,45.0,6.0,18.0,73.0,0.0,345.0,365.0,POINT (-110.65402830111887 50.05973633064322)
2021S051648010007,2,6,7,0,4,8,0,43,45,4,59,148,0,50,292,0,838,941,14.0,21.0,41.0,5.0,15.0,65.0,0.0,255.0,274.0,POINT (-110.71746158369956 50.03408558909404)
2021S051648010008,0,0,0,0,0,0,0,5,5,0,0,0,0,0,0,0,12,12,11.0,17.0,31.0,4.0,12.0,48.0,0.0,204.0,218.0,POINT (-110.65217603828593 50.01486095455643)
2021S051648010009,0,0,1,0,0,3,0,6,6,0,0,6,0,0,7,0,16,16,10.0,16.0,29.0,4.0,12.0,46.0,0.0,204.0,217.0,POINT (-110.63193632747905 50.00338815626814)
2021S051648010011,0,0,0,0,0,2,0,5,5,0,0,0,0,0,3,0,8,8,20.0,26.0,54.0,6.0,21.0,92.0,0.0,472.0,498.0,POINT (-110.69807761593017 49.99761517779227)
2021S051648020001,2,3,1,1,0,1,0,63,63,47,74,30,30,0,30,0,254,254,10.0,20.0,23.0,8.0,17.0,111.0,0.0,600.0,601.0,POINT (-111.88784782958906 50.656631139556865)
2021S051648020002,0,3,6,1,0,7,0,30,31,0,20,67,13,0,30,0,358,361,120.0,238.0,249.0,110.0,0.0,178.0,0.0,1127.0,1135.0,POINT (-111.89594086085695 50.565605848835816)
2021S051648020003,0,2,3,1,1,5,0,65,66,0,16,23,13,7,80,0,346,349,0.0,51.0,66.0,38.0,19.0,63.0,0.0,380.0,389.0,POINT (-112.01815706261881 49.92265672752599)
2021S051648020004,3,2,3,0,0,2,0,66,67,17,12,45,0,0,34,0,390,423,42.0,5.0,15.0,0.0,21.0,14.0,36.0,558.0,569.0,POINT (-112.74635454884455 49.81880796864004)
2021S051648020005,0,0,0,0,1,0,0,3,3,0,0,0,0,3,0,0,6,6,0.0,0.0,0.0,0.0,0.0,0.0,0.0,20.0,20.0,POINT (-113.08134870396711 49.999315685508954)
2021S051648020006,0,0,0,0,0,0,0,9,9,0,0,0,0,0,0,0,25,25,2.0,7.0,8.0,0.0,8.0,9.0,0.0,81.0,87.0,POINT (-113.05328794851928 49.886293599643935)
2021S051648020007,2,3,3,0,1,0,0,44,44,9,11,39,0,35,0,0,536,536,5.0,18.0,27.0,1.0,4.0,9.0,0.0,120.0,133.0,POINT (-112.77990057649603 49.87656677876535)
2021S051648020008,0,0,0,0,1,0,0,6,6,0,0,0,0,7,0,0,53,53,10.0,36.0,48.0,1.0,13.0,27.0,0.0,152.0,173.0,POINT (-112.9246051861081 49.743901670095056)
2021S051648020011,0,0,1,0,0,0,0,2,2,0,0,7,0,0,0,0,9,9,12.0,54.0,74.0,1.0,20.0,41.0,0.0,229.0,266.0,POINT (-112.90973193844786 49.69621345023188)
2021S051648020015,0,0,2,0,0,2,0,5,5,0,0,6,0,0,4,0,10,10,23.0,55.0,78.0,1.0,15.0,27.0,9.0,216.0,252.0,POINT (-112.82160157885973 49.66966193168602)
2021S051648020016,1,1,1,0,1,2,1,29,30,142,1,7,0,74,8,142,354,361,33.0,77.0,111.0,3.0,22.0,58.0,14.0,281.0,336.0,POINT (-112.62721165397177 49.725940738149404)
2021S051648020017,0,0,0,0,0,0,0,0,0,0,0,0,0,0,0,0,0,0,12.0,51.0,71.0,1.0,20.0,35.0,0.0,184.0,219.0,POINT (-112.87961362839631 49.6705353894088)
2021S051648020019,1,0,1,0,0,3,1,27,27,7,0,24,0,0,15,7,301,301,10.0,13.0,40.0,6.0,3.0,59.0,3.0,255.0,271.0,POINT (-112.14402978380608 49.7993072637375)
2021S051648020020,0,1,1,1,0,1,0,27,27,0,3,3,3,0,3,0,87,87,0.0,11.0,50.0,11.0,0.0,117.0,0.0,261.0,261.0,POINT (-112.13894688330348 49.257637982563566)
2021S051648020021,0,1,1,0,0,0,0,3,3,0,2,2,0,0,0,0,12,12,18.0,48.0,62.0,1.0,20.0,31.0,6.0,183.0,213.0,POINT (-112.87889078273102 49.704060706028194)
2021S051648020024,1,1,1,0,0,0,0,2,2,6,6,6,0,0,0,0,10,10,42.0,105.0,156.0,2.0,32.0,51.0,18.0,306.0,384.0,POINT (-112.81277286960085 49.71050598842599)
2021S051648020026,0,2,1,1,0,1,0,6,6,0,5,3,3,0,3,0,10,10,26.0,60.0,86.0,1.0,18.0,31.0,10.0,252.0,292.0,POINT (-112.77452643381694 49.660334450347435)
2021S051648020027,0,0,0,0,0,1,0,2,2,0,0,0,0,0,27,0,28,28,17.0,41.0,55.0,1.0,11.0,20.0,6.0,155.0,179.0,POINT (-112.79573230472568 49.687762462989326)
2021S051648020028,2,4,1,0,2,1,0,13,14,8,25,3,0,38,2,0,112,115,24.0,68.0,91.0,1.0,30.0,41.0,9.0,222.0,269.0,POINT (-112.8439287785634 49.712705084844224)
2021S051648020029,2,8,6,1,2,2,0,28,29,75,104,94,3,9,6,0,235,242,20.0,57.0,78.0,1.0,25.0,33.0,8.0,184.0,222.0,POINT (-112.82915271697027 49.692288620678696)
2021S051648020030,0,0,0,0,1,0,0,5,5,0,0,0,0,3,0,0,9,9,22.0,63.0,85.0,1.0,27.0,48.0,9.0,278.0,321.0,POINT (-112.88587743062931 49.653219880295744)
2021S051648020031,2,9,15,1,5,9,0,51,56,54,545,919,3,79,252,0,933,1460,52.0,149.0,210.0,2.0,73.0,90.0,21.0,445.0,556.0,POINT (-112.79753484535792 49.72513610097437)
2021S051648030004,0,0,0,0,0,0,0,0,0,0,0,0,0,0,0,0,0,0,0.0,0.0,0.0,0.0,0.0,2.0,0.0,22.0,22.0,POINT (-113.64883066620644 49.589491117974035)
2021S051648030005,0,0,0,0,0,0,0,1,1,0,0,0,0,0,0,0,6,6,0.0,0.0,0.0,0.0,0.0,0.0,0.0,6.0,6.0,POINT (-113.13369622269028 49.48769245881296)
2021S051648030007,0,0,0,0,0,0,0,0,0,0,0,0,0,0,0,0,0,0,0.0,0.0,0.0,0.0,0.0,0.0,0.0,0.0,0.0,POINT (-113.71215186653095 49.04706361131849)
2021S051648030008,0,0,0,0,0,0,0,0,0,0,0,0,0,0,0,0,0,0,0.0,0.0,0.0,0.0,0.0,0.0,0.0,0.0,0.0,POINT (-113.96623706847171 49.720401184422165)
2021S051648030009,1,3,3,0,3,4,0,82,84,2,172,172,0,214,180,0,635,781,4.0,73.0,125.0,5.0,95.0,135.0,0.0,522.0,631.0,POINT (-113.63947370569204 49.95725377582855)
2021S051648030904,0,5,4,2,2,5,0,40,40,0,11,11,6,6,21,0,110,110,3.0,6.0,7.0,1.0,110.0,25.0,0.0,238.0,257.0,POINT (-114.14437358573127 49.399719224563626)
2021S051648030905,0,3,3,0,2,2,0,37,39,0,50,50,0,18,18,0,178,196,0.0,67.0,67.0,0.0,24.0,24.0,0.0,316.0,340.0,POINT (-113.18510521090269 49.18509179917535)
2021S051648040002,2,0,2,0,0,6,0,90,91,31,0,4,0,0,118,0,272,378,10.0,10.0,15.0,1.0,1.0,172.0,1.0,366.0,503.0,POINT (-111.06149221353004 51.35189879225698)
2021S051648050001,3,5,7,0,1,4,1,74,75,32,36,76,0,7,4,2,389,392,22.0,16.0,27.0,0.0,126.0,119.0,1.0,520.0,604.0,POINT (-112.93399628581308 51.688150376405446)
2021S051648050002,2,4,5,2,3,8,0,65,65,4,10,15,6,97,339,0,580,580,17.0,24.0,24.0,8.0,19.0,87.0,6.0,490.0,495.0,POINT (-112.82842059814568 51.136321194303555)
2021S051648050003,0,1,3,0,1,4,0,22,22,0,3,9,0,3,4,0,41,41,11.0,11.0,18.0,1.0,14.0,145.0,1.0,148.0,238.0,POINT (-112.63607685856371 51.40253211372222)
2021S051648050004,3,5,7,1,0,3,3,33,35,25,16,52,3,0,11,26,198,219,59.0,87.0,117.0,14.0,40.0,130.0,7.0,441.0,489.0,POINT (-113.39567616429983 51.04467318415529)
2021S051648050005,0,0,0,0,0,0,0,1,1,0,0,0,0,0,0,0,2,2,0.0,0.0,0.0,0.0,0.0,0.0,0.0,23.0,23.0,POINT (-113.01481836198676 50.80032019141024)
2021S051648050006,0,1,0,0,0,1,0,41,41,0,2,0,0,0,1,0,125,125,0.0,20.0,26.0,14.0,8.0,33.0,0.0,205.0,209.0,POINT (-112.97084338024588 50.4887591853275)
2021S051648060003,1,4,5,2,2,7,1,38,38,2,36,147,33,9,46,79,306,306,6.0,25.0,80.0,11.0,105.0,64.0,20.0,372.0,375.0,POINT (-114.1172926659297 51.788148760270715)
2021S051648060008,5,8,16,3,2,6,1,35,41,356,116,810,14,76,157,84,902,1258,44.0,68.0,92.0,11.0,28.0,87.0,5.0,322.0,359.0,POINT (-113.64660451966873 51.24722026173029)
2021S051648060009,3,6,3,0,0,4,0,29,29,7,17,9,0,0,6,0,115,115,42.0,59.0,60.0,7.0,24.0,124.0,4.0,388.0,407.0,POINT (-114.31573340351825 51.170918483346085)
2021S051648060012,1,2,1,0,0,5,1,25,25,7,8,2,0,0,5,2,61,61,32.0,47.0,49.0,5.0,19.0,87.0,4.0,307.0,321.0,POINT (-114.55949843353459 51.05848774499395)
2021S051648060015,6,7,6,0,2,3,0,23,26,253,97,71,0,40,20,0,351,403,56.0,87.0,125.0,13.0,58.0,73.0,5.0,574.0,615.0,POINT (-113.98992826694798 51.27616695685117)
2021S051648060018,2,1,1,0,1,1,0,6,6,5,3,3,0,3,2,0,25,25,21.0,38.0,40.0,4.0,14.0,60.0,3.0,197.0,206.0,POINT (-114.22262541507655 51.16444426198733)
2021S051648060020,0,0,1,0,1,0,0,1,1,0,0,3,0,3,0,0,3,3,40.0,53.0,55.0,7.0,19.0,67.0,3.0,269.0,285.0,POINT (-114.12357611073932 51.16176337601324)
2021S051648060022,0,0,0,0,0,1,0,2,2,0,0,0,0,0,1,0,2,2,23.0,43.0,46.0,5.0,22.0,86.0,3.0,265.0,276.0,POINT (-114.24338787487362 51.143931618451646)
2021S051648060024,0,0,0,0,0,2,0,3,3,0,0,0,0,0,2,0,4,4,29.0,48.0,48.0,5.0,16.0,54.0,3.0,228.0,241.0,POINT (-114.22064958923602 51.14216079083238)
2021S051648060026,1,1,1,0,0,1,0,5,5,2,2,2,0,0,1,0,17,17,30.0,51.0,51.0,5.0,19.0,94.0,3.0,291.0,304.0,POINT (-114.24821667083997 51.13392478960959)
2021S051648060027,1,1,1,0,0,0,0,2,2,2,2,2,0,0,0,0,4,4,40.0,62.0,61.0,7.0,25.0,82.0,3.0,299.0,316.0,POINT (-114.17563881549935 51.14612536149765)
2021S051648060028,0,0,0,0,0,1,0,4,4,0,0,0,0,0,1,0,10,10,25.0,41.0,40.0,4.0,13.0,46.0,3.0,210.0,220.0,POINT (-114.2133982912434 51.13123774535391)
2021S051648060029,0,0,1,0,3,4,0,10,10,0,0,3,0,12,5,0,22,22,37.0,54.0,57.0,6.0,18.0,69.0,4.0,250.0,266.0,POINT (-114.1512560409238 51.14683730813436)
2021S051648060030,0,0,0,0,0,1,0,4,4,0,0,0,0,0,1,0,31,31,29.0,42.0,43.0,4.0,13.0,70.0,4.0,226.0,238.0,POINT (-114.21653555876034 51.118575913254354)
2021S051648060031,0,0,0,0,1,3,0,4,4,0,0,0,0,3,3,0,6,6,25.0,43.0,43.0,5.0,14.0,55.0,3.0,219.0,231.0,POINT (-114.1943191561268 51.135337961300955)
2021S051648060032,0,0,0,0,0,0,0,2,2,0,0,0,0,0,0,0,3,3,31.0,46.0,49.0,6.0,15.0,42.0,3.0,197.0,210.0,POINT (-114.12425297812379 51.14887062159986)
2021S051648060034,0,2,1,0,0,1,0,4,4,0,4,2,0,0,2,0,10,10,27.0,45.0,44.0,5.0,14.0,83.0,3.0,258.0,270.0,POINT (-114.26227766894536 51.121985574730864)
2021S051648060037,0,0,1,0,0,0,0,1,1,0,0,2,0,0,0,0,2,2,32.0,50.0,53.0,6.0,17.0,61.0,3.0,245.0,261.0,POINT (-114.16732415024669 51.13251648900611)
2021S051648060038,0,0,0,0,0,1,0,2,2,0,0,0,0,0,1,0,24,24,44.0,59.0,64.0,8.0,21.0,68.0,4.0,276.0,297.0,POINT (-114.07752330987934 51.14659350403259)
2021S051648060039,0,0,0,0,0,4,0,6,6,0,0,0,0,0,6,0,13,13,32.0,48.0,50.0,6.0,18.0,64.0,4.0,251.0,266.0,POINT (-114.15045788603167 51.12386757617095)
2021S051648060040,0,1,0,0,0,1,0,3,3,0,2,0,0,0,1,0,7,7,34.0,48.0,52.0,7.0,18.0,68.0,3.0,255.0,271.0,POINT (-114.13450560871163 51.134245925952875)
2021S051648060042,0,0,0,0,0,0,0,0,0,0,0,0,0,0,0,0,0,0,26.0,39.0,42.0,4.0,13.0,33.0,4.0,194.0,206.0,POINT (-114.18875517953049 51.11901360505431)
2021S051648060043,0,1,1,1,1,2,0,3,3,0,3,3,3,3,4,0,7,7,44.0,57.0,61.0,7.0,21.0,91.0,4.0,313.0,332.0,POINT (-114.11183318132366 51.112931451678655)
2021S051648060045,0,1,0,0,0,1,0,3,3,0,1,0,0,0,1,0,5,5,41.0,55.0,57.0,8.0,20.0,56.0,4.0,261.0,278.0,POINT (-114.09486749866176 51.136184262739675)
2021S051648060046,0,0,0,0,1,2,0,4,4,0,0,0,0,3,2,0,7,7,28.0,41.0,43.0,4.0,13.0,52.0,4.0,220.0,232.0,POINT (-114.19658452286978 51.10881487532985)
2021S051648060048,0,1,1,0,0,0,0,2,2,0,2,2,0,0,0,0,5,5,59.0,81.0,93.0,11.0,33.0,78.0,6.0,328.0,360.0,POINT (-114.07799737075045 51.12848951294284)
2021S051648060050,0,1,1,0,0,2,0,6,6,0,3,3,0,0,2,0,12,12,32.0,45.0,45.0,4.0,14.0,63.0,4.0,247.0,260.0,POINT (-114.16677069848936 51.09560830551896)
2021S051648060051,1,3,2,2,0,2,0,4,4,2,8,6,6,0,6,0,9,9,35.0,47.0,49.0,7.0,16.0,62.0,4.0,245.0,260.0,POINT (-114.14428015870496 51.10390318017751)
2021S051648060052,1,1,0,0,0,0,0,4,4,3,3,0,0,0,0,0,8,8,32.0,48.0,50.0,6.0,17.0,57.0,4.0,242.0,257.0,POINT (-114.19126845097611 51.08836000083724)
2021S051648060053,0,0,0,1,0,0,0,3,3,0,0,0,3,0,0,0,9,9,39.0,51.0,54.0,7.0,17.0,46.0,4.0,232.0,250.0,POINT (-114.07796698023347 51.117956688167375)
2021S051648060054,0,0,0,0,1,0,0,1,1,0,0,0,0,6,0,0,6,6,42.0,55.0,58.0,7.0,20.0,47.0,4.0,245.0,263.0,POINT (-114.0573901645223 51.11856126798171)
2021S051648060055,0,0,1,0,0,0,0,2,2,0,0,6,0,0,0,0,8,8,0.0,0.0,0.0,0.0,0.0,0.0,0.0,0.0,0.0,POINT (-114.34862475835587 50.965270509832685)
2021S051648060056,0,1,0,0,0,5,0,10,10,0,2,0,0,0,8,0,25,25,42.0,57.0,61.0,7.0,21.0,78.0,4.0,291.0,310.0,POINT (-114.13544640834071 51.09061147413183)
2021S051648060057,0,0,1,0,1,0,0,1,1,0,0,3,0,3,0,0,3,3,44.0,60.0,65.0,9.0,22.0,57.0,4.0,265.0,286.0,POINT (-114.06076542642336 51.10369534148094)
2021S051648060058,0,0,0,0,0,0,0,1,1,0,0,0,0,0,0,0,13,13,42.0,55.0,59.0,7.0,20.0,66.0,4.0,268.0,287.0,POINT (-114.08323050815738 51.089215894728724)
2021S051648060061,0,0,0,0,0,1,0,4,4,0,0,0,0,0,3,0,19,19,41.0,57.0,59.0,6.0,21.0,93.0,4.0,307.0,326.0,POINT (-114.15849754490195 51.06042678971376)
2021S051648060065,1,1,1,0,0,2,0,5,5,3,3,3,0,0,2,0,7,7,36.0,47.0,49.0,7.0,16.0,78.0,4.0,274.0,289.0,POINT (-114.09773000200023 51.078864065468075)
2021S051648060066,0,1,1,0,0,1,0,3,3,0,3,3,0,0,1,0,6,6,35.0,48.0,50.0,6.0,16.0,104.0,4.0,300.0,316.0,POINT (-114.19933975406785 51.06075772244733)
2021S051648060068,2,7,3,0,4,3,0,18,20,38,55,51,0,63,23,0,172,193,44.0,60.0,66.0,9.0,24.0,83.0,4.0,302.0,323.0,POINT (-114.05995114187469 51.0845509851908)
2021S051648060070,0,0,0,0,0,0,0,0,0,0,0,0,0,0,0,0,0,0,42.0,56.0,59.0,7.0,20.0,42.0,4.0,240.0,259.0,POINT (-113.9589629026711 51.11352778152651)
2021S051648060071,0,0,0,0,0,0,0,0,0,0,0,0,0,0,0,0,0,0,44.0,60.0,65.0,9.0,23.0,46.0,4.0,252.0,273.0,POINT (-113.95825012269353 51.10599583637063)
2021S051648060072,0,0,0,0,0,0,0,1,1,0,0,0,0,0,0,0,1,1,57.0,79.0,90.0,10.0,31.0,68.0,6.0,291.0,322.0,POINT (-113.92989478730071 51.10420968199908)
2021S051648060073,2,0,1,0,0,1,0,5,5,4,0,1,0,0,1,0,8,8,36.0,47.0,49.0,7.0,16.0,98.0,4.0,297.0,312.0,POINT (-114.13519376223047 51.05270248157135)
2021S051648060074,0,0,0,0,0,0,0,4,4,0,0,0,0,0,0,0,12,12,56.0,78.0,88.0,10.0,31.0,129.0,6.0,390.0,420.0,POINT (-114.06666775842507 51.07195169360571)
2021S051648060075,0,0,0,0,1,0,0,1,1,0,0,0,0,7,0,0,7,7,43.0,57.0,61.0,7.0,22.0,50.0,4.0,252.0,271.0,POINT (-113.94950746191834 51.09961098213884)
2021S051648060077,0,0,0,0,0,1,0,1,1,0,0,0,0,0,1,0,1,1,52.0,70.0,77.0,9.0,25.0,50.0,5.0,254.0,281.0,POINT (-113.97688945091743 51.08934345336596)
2021S051648060078,0,1,1,0,0,2,0,5,5,0,2,2,0,0,2,0,8,8,35.0,47.0,47.0,6.0,15.0,85.0,4.0,275.0,289.0,POINT (-114.22260807360998 51.02047612289109)
2021S051648060079,0,3,0,0,0,2,0,9,9,0,5,0,0,0,5,0,26,26,42.0,56.0,59.0,7.0,19.0,77.0,4.0,262.0,281.0,POINT (-114.09546334008408 51.05988393171526)
2021S051648060080,1,1,1,0,0,0,0,1,1,2,2,2,0,0,0,0,2,2,38.0,48.0,52.0,7.0,15.0,42.0,4.0,204.0,221.0,POINT (-113.93980389863239 51.090294027818906)
2021S051648060081,0,2,0,0,1,3,0,9,9,0,4,0,0,3,10,0,22,22,45.0,61.0,66.0,9.0,24.0,111.0,4.0,347.0,368.0,POINT (-114.10371815594198 51.04924984771314)
2021S051648060082,0,0,1,0,0,2,0,8,8,0,0,2,0,0,3,0,14,14,34.0,45.0,45.0,5.0,14.0,76.0,4.0,259.0,272.0,POINT (-114.19922148739377 51.026738671347275)
2021S051648060083,0,0,1,0,0,2,0,7,7,0,0,5,0,0,3,0,21,21,37.0,48.0,50.0,7.0,16.0,81.0,4.0,282.0,297.0,POINT (-114.07435806115475 51.05962583469415)
2021S051648060084,0,0,0,0,0,0,0,1,1,0,0,0,0,0,0,0,2,2,43.0,57.0,61.0,7.0,21.0,42.0,4.0,243.0,262.0,POINT (-113.97202110689939 51.08527176925029)
2021S051648060085,0,0,1,0,1,1,0,4,4,0,0,3,0,3,1,0,7,7,50.0,70.0,75.0,9.0,26.0,102.0,4.0,338.0,364.0,POINT (-114.12814051254527 51.039734052584464)
2021S051648060086,0,3,0,0,0,1,0,8,8,0,13,0,0,0,1,0,25,25,42.0,56.0,59.0,7.0,19.0,81.0,4.0,269.0,288.0,POINT (-114.05848720637145 51.05867513839928)
2021S051648060087,0,0,0,0,0,0,0,0,0,0,0,0,0,0,0,0,0,0,42.0,55.0,58.0,7.0,20.0,46.0,4.0,241.0,259.0,POINT (-113.9497432639862 51.0864101535503)
2021S051648060088,0,0,0,0,0,0,0,0,0,0,0,0,0,0,0,0,0,0,59.0,81.0,93.0,11.0,34.0,62.0,6.0,309.0,341.0,POINT (-113.92342877688041 51.08796495223133)
2021S051648060089,0,2,2,1,0,3,0,6,6,0,5,5,3,0,5,0,13,13,37.0,49.0,51.0,6.0,17.0,95.0,4.0,293.0,309.0,POINT (-114.17582537241731 51.02803884462567)
2021S051648060090,0,1,1,0,0,0,0,5,5,0,4,4,0,0,0,0,12,12,55.0,77.0,88.0,10.0,31.0,128.0,6.0,390.0,420.0,POINT (-114.03803517346327 51.05481847950339)
2021S051648060091,0,1,1,1,0,1,0,1,1,0,3,3,3,0,3,0,3,3,42.0,56.0,59.0,7.0,20.0,49.0,4.0,245.0,264.0,POINT (-113.97567318665557 51.07611933989811)
2021S051648060092,1,1,0,0,0,1,0,4,4,2,2,0,0,0,1,0,23,23,37.0,48.0,50.0,6.0,14.0,51.0,4.0,212.0,228.0,POINT (-114.1584935163388 51.02878224293941)
2021S051648060093,4,5,4,0,1,2,0,16,18,196,210,160,0,3,47,0,422,469,49.0,68.0,74.0,9.0,25.0,66.0,4.0,289.0,314.0,POINT (-114.01136732480359 51.054712961280615)
2021S051648060094,0,0,0,0,1,1,0,2,2,0,0,0,0,3,1,0,4,4,44.0,60.0,66.0,9.0,23.0,50.0,4.0,241.0,262.0,POINT (-113.96406774344213 51.07360201942068)
2021S051648060096,0,2,1,0,1,1,0,4,5,0,36,34,0,3,34,0,11,45,73.0,105.0,120.0,15.0,44.0,106.0,7.0,403.0,446.0,POINT (-113.93508142757705 51.07429285549959)
2021S051648060098,0,1,1,0,1,4,0,9,10,0,3,2,0,6,11,0,24,27,45.0,61.0,66.0,9.0,24.0,89.0,4.0,309.0,330.0,POINT (-114.08791370233972 51.04615795491864)
2021S051648060099,5,8,6,3,3,4,0,32,32,88,56,64,52,45,46,0,476,476,46.0,62.0,66.0,9.0,23.0,57.0,4.0,250.0,271.0,POINT (-113.99149194687834 51.05260373901251)
2021S051648060100,0,0,0,0,0,3,0,3,3,0,0,0,0,0,3,0,3,3,37.0,48.0,50.0,6.0,15.0,62.0,4.0,246.0,262.0,POINT (-114.17586893938669 51.015022665141004)
2021S051648060103,0,1,1,0,1,0,0,3,3,0,2,2,0,7,0,0,10,10,47.0,63.0,67.0,9.0,24.0,88.0,4.0,318.0,340.0,POINT (-114.10630585470675 51.03259685470903)
2021S051648060104,0,2,2,0,0,10,0,23,23,0,4,10,0,0,116,0,327,327,47.0,64.0,68.0,9.0,25.0,132.0,4.0,366.0,389.0,POINT (-114.07291952429208 51.041845945250394)
2021S051648060105,0,1,1,0,0,0,0,1,1,0,3,3,0,0,0,0,3,3,70.0,95.0,110.0,13.0,38.0,83.0,7.0,365.0,404.0,POINT (-113.96985765185461 51.06041504904356)
2021S051648060106,16,36,32,5,10,16,2,112,118,887,1266,1332,41,309,483,8,2764,3187,59.0,81.0,94.0,11.0,34.0,127.0,6.0,397.0,430.0,POINT (-114.03431286262193 51.026221111131804)
2021S051648060108,0,0,1,0,1,0,0,2,2,0,0,3,0,3,0,0,4,4,52.0,70.0,78.0,9.0,26.0,60.0,5.0,285.0,313.0,POINT (-113.94617028146236 51.0598956287126)
2021S051648060112,1,3,2,0,0,0,0,8,8,2,6,5,0,0,0,0,26,26,47.0,64.0,68.0,9.0,25.0,149.0,4.0,391.0,414.0,POINT (-114.09643576534542 51.01942663521292)
2021S051648060113,0,0,0,0,0,0,0,2,2,0,0,0,0,0,0,0,3,3,56.0,79.0,90.0,10.0,32.0,71.0,6.0,311.0,342.0,POINT (-113.92346247060004 51.05983790402112)
2021S051648060114,0,0,1,0,0,1,0,0,1,0,0,3,0,0,3,0,0,3,55.0,77.0,88.0,10.0,31.0,61.0,6.0,305.0,335.0,POINT (-113.96835928560006 51.04921982210119)
2021S051648060116,0,1,1,1,0,1,0,1,1,0,3,3,3,0,3,0,3,3,47.0,65.0,71.0,9.0,25.0,51.0,4.0,266.0,290.0,POINT (-113.94606987077772 51.049508412704)
2021S051648060117,0,0,0,0,0,0,0,1,1,0,0,0,0,0,0,0,2,2,67.0,91.0,106.0,13.0,38.0,83.0,7.0,357.0,394.0,POINT (-113.92791200517047 51.04576754201722)
2021S051648060118,0,0,0,0,0,1,0,6,6,0,0,0,0,0,1,0,17,17,38.0,50.0,52.0,7.0,17.0,72.0,4.0,264.0,280.0,POINT (-114.11873718017807 50.99889188448602)
2021S051648060119,0,0,0,0,0,0,0,1,1,0,0,0,0,0,0,0,1,1,65.0,87.0,100.0,12.0,36.0,77.0,7.0,340.0,375.0,POINT (-113.95713874941582 51.04190651702053)
2021S051648060120,0,0,0,0,1,3,0,7,7,0,0,0,0,7,44,0,62,62,39.0,52.0,54.0,7.0,18.0,72.0,4.0,269.0,286.0,POINT (-114.07498544986701 51.00726356375821)
2021S051648060121,0,1,3,0,0,1,0,7,7,0,32,68,0,0,33,0,76,76,70.0,98.0,112.0,13.0,41.0,83.0,7.0,366.0,404.0,POINT (-113.99151069565448 51.02440621296218)
2021S051648060122,0,3,1,0,0,1,0,5,6,0,6,3,0,0,3,0,12,15,36.0,45.0,46.0,5.0,13.0,54.0,4.0,212.0,225.0,POINT (-114.1377624328892 50.97995215287719)
2021S051648060123,0,0,0,0,0,0,0,1,1,0,0,0,0,0,0,0,4,4,58.0,79.0,90.0,11.0,31.0,65.0,6.0,307.0,337.0,POINT (-113.97293536864879 51.02981008328884)
2021S051648060124,7,9,7,2,6,5,0,30,32,357,183,185,112,58,439,0,1036,1123,67.0,92.0,106.0,13.0,38.0,80.0,7.0,358.0,395.0,POINT (-113.92466501487992 51.030154236840055)
2021S051648060125,0,0,0,0,0,2,0,5,5,0,0,0,0,0,2,0,10,10,35.0,44.0,43.0,5.0,13.0,53.0,4.0,226.0,239.0,POINT (-114.09139819755264 50.992611496875476)
2021S051648060127,4,9,11,1,13,9,1,58,61,13,320,436,26,405,293,19,991,1176,60.0,82.0,93.0,11.0,35.0,82.0,6.0,343.0,376.0,POINT (-114.0040197628204 50.99953507597522)
2021S051648060129,7,12,11,1,8,4,2,43,47,525,179,502,55,70,26,36,657,1028,45.0,61.0,66.0,9.0,24.0,76.0,4.0,296.0,317.0,POINT (-114.0350760720966 50.98097536471956)
2021S051648060130,3,4,3,1,1,2,2,16,16,93,29,16,6,15,9,74,156,156,53.0,71.0,80.0,9.0,28.0,78.0,5.0,309.0,336.0,POINT (-114.06833336014215 50.98678955540599)
2021S051648060131,30,64,80,12,19,52,2,192,221,981,2008,2192,296,886,1855,60,5145,6134,79.0,111.0,128.0,15.0,49.0,168.0,7.0,528.0,574.0,POINT (-113.7696081768096 50.90708840277243)
2021S051648060132,0,2,0,0,1,1,0,7,7,0,4,0,0,3,1,0,20,20,47.0,64.0,69.0,9.0,25.0,75.0,4.0,294.0,317.0,POINT (-114.08883812710708 50.96359215647115)
2021S051648060133,0,1,0,0,1,1,0,7,7,0,2,0,0,15,2,0,26,26,53.0,72.0,81.0,9.0,27.0,81.0,6.0,294.0,321.0,POINT (-114.07223557500434 50.97146038328468)
2021S051648060134,0,0,0,0,0,0,0,0,0,0,0,0,0,0,0,0,0,0,38.0,50.0,53.0,7.0,16.0,54.0,4.0,220.0,237.0,POINT (-114.12977503022564 50.95680521316665)
2021S051648060135,0,1,0,0,0,1,0,5,5,0,3,0,0,0,1,0,24,24,42.0,56.0,59.0,7.0,19.0,68.0,4.0,246.0,265.0,POINT (-114.06190822826497 50.96165086388251)
2021S051648060136,0,0,0,0,2,0,0,3,3,0,0,0,0,6,0,0,7,7,42.0,56.0,57.0,7.0,20.0,61.0,4.0,262.0,280.0,POINT (-114.10630512364155 50.95573930618964)
2021S051648060137,0,0,0,0,0,1,0,1,1,0,0,0,0,0,1,0,1,1,46.0,62.0,67.0,9.0,24.0,79.0,4.0,295.0,317.0,POINT (-114.12908771389725 50.93924105268251)
2021S051648060138,0,0,0,0,0,2,0,3,3,0,0,0,0,0,4,0,6,6,36.0,45.0,46.0,5.0,13.0,52.0,4.0,210.0,223.0,POINT (-114.10623741041712 50.93947337117454)
2021S051648060139,0,1,1,0,1,3,0,6,7,0,2,33,0,3,36,0,10,43,44.0,57.0,61.0,7.0,21.0,69.0,4.0,274.0,293.0,POINT (-114.08248615290088 50.94044576885201)
2021S051648060140,0,0,0,0,1,0,0,2,2,0,0,0,0,3,0,0,5,5,65.0,92.0,97.0,11.0,31.0,104.0,6.0,329.0,367.0,POINT (-114.1669304414778 50.90871709918324)
2021S051648060141,1,4,2,0,0,6,0,11,11,6,13,8,0,0,487,0,502,502,40.0,53.0,55.0,7.0,18.0,77.0,4.0,272.0,290.0,POINT (-114.05698980782908 50.93929373951856)
2021S051648060143,3,5,5,0,0,2,1,13,14,26,57,37,0,0,16,2,102,117,58.0,79.0,91.0,11.0,33.0,99.0,6.0,354.0,385.0,POINT (-113.99643074406578 50.944070973968806)
2021S051648060144,0,0,0,0,0,0,0,2,2,0,0,0,0,0,0,0,2,2,42.0,56.0,59.0,7.0,19.0,55.0,4.0,229.0,248.0,POINT (-114.02287715662263 50.941943349660455)
2021S051648060145,0,1,0,0,0,0,0,4,4,0,2,0,0,0,0,0,11,11,36.0,45.0,44.0,5.0,13.0,52.0,4.0,225.0,238.0,POINT (-114.03837163743358 50.93940442911255)
2021S051648060147,1,3,2,0,2,1,0,9,9,12,5,4,0,6,1,0,26,26,46.0,55.0,61.0,8.0,18.0,77.0,4.0,270.0,293.0,POINT (-114.0388224571037 50.91901752847972)
2021S051648060148,0,0,0,0,1,0,0,2,2,0,0,0,0,7,0,0,9,9,51.0,65.0,75.0,10.0,23.0,77.0,6.0,283.0,312.0,POINT (-114.08412040282546 50.916942019082775)
2021S051648060149,0,1,0,0,0,0,0,1,1,0,2,0,0,0,0,0,2,2,53.0,68.0,79.0,9.0,27.0,71.0,6.0,281.0,311.0,POINT (-114.1246614833562 50.8969139678486)
2021S051648060150,0,1,2,0,1,0,0,2,2,0,3,6,0,3,0,0,6,6,49.0,65.0,71.0,9.0,25.0,71.0,4.0,289.0,314.0,POINT (-114.00447988745195 50.92182671296458)
2021S051648060151,0,0,0,0,1,1,0,2,2,0,0,0,0,3,3,0,6,6,58.0,70.0,81.0,10.0,24.0,85.0,6.0,300.0,332.0,POINT (-114.08467120101302 50.9087657202666)
2021S051648060152,0,1,1,0,0,1,0,3,3,0,2,2,0,0,1,0,9,9,48.0,61.0,66.0,8.0,21.0,72.0,5.0,246.0,271.0,POINT (-114.10333373788549 50.90098484045636)
2021S051648060153,0,0,2,0,0,2,0,1,2,0,0,6,0,0,6,0,3,6,43.0,56.0,59.0,8.0,21.0,69.0,4.0,272.0,291.0,POINT (-113.98210946041422 50.924488309950654)
2021S051648060154,0,1,0,0,0,2,0,9,9,0,2,0,0,0,3,0,57,57,38.0,42.0,45.0,6.0,12.0,48.0,4.0,209.0,225.0,POINT (-114.05290828769141 50.87993919925871)
2021S051648060155,0,0,0,0,0,1,0,1,1,0,0,0,0,0,1,0,1,1,46.0,54.0,63.0,8.0,20.0,73.0,6.0,261.0,284.0,POINT (-114.08464541863509 50.899187410723584)
2021S051648060158,0,1,1,0,0,2,0,3,3,0,2,2,0,0,2,0,4,4,47.0,55.0,62.0,8.0,19.0,77.0,5.0,266.0,290.0,POINT (-114.03020088758238 50.901610346677714)
2021S051648060160,0,0,0,0,0,1,0,3,3,0,0,0,0,0,1,0,6,6,47.0,54.0,63.0,8.0,19.0,88.0,5.0,280.0,304.0,POINT (-113.99086867332913 50.90712381656827)
2021S051648060162,0,1,1,0,1,1,0,5,5,0,7,7,0,7,1,0,15,15,61.0,73.0,85.0,10.0,26.0,105.0,7.0,332.0,365.0,POINT (-113.96350694992762 50.91011779623059)
2021S051648060163,0,0,0,0,0,0,0,0,0,0,0,0,0,0,0,0,0,0,44.0,50.0,59.0,8.0,17.0,61.0,4.0,297.0,318.0,POINT (-114.04465017932618 50.884159425084114)
2021S051648060168,0,2,2,1,0,2,0,5,6,0,4,10,3,0,10,0,9,16,7.0,13.0,14.0,2.0,3.0,16.0,0.0,96.0,98.0,POINT (-114.2297797636011 50.68489285266997)
2021S051648060169,1,2,1,0,0,2,0,4,5,2,5,3,0,0,4,0,32,35,3.0,9.0,7.0,2.0,4.0,18.0,0.0,118.0,120.0,POINT (-114.27294070098955 50.67148611541745)
2021S051648060173,0,0,0,0,0,0,0,2,2,0,0,0,0,0,0,0,6,6,4.0,8.0,7.0,1.0,5.0,6.0,0.0,33.0,35.0,POINT (-114.23254409742962 50.5304962083498)
2021S051648060174,2,5,3,1,2,5,1,35,36,5,42,47,30,37,51,3,257,271,21.0,81.0,179.0,41.0,64.0,179.0,2.0,392.0,492.0,POINT (-113.86673103155087 50.582478992106246)
2021S051648060175,0,0,0,0,0,0,0,0,0,0,0,0,0,0,0,0,0,0,0.0,0.0,0.0,0.0,0.0,0.0,0.0,0.0,0.0,POINT (-114.43150941784921 50.435008440594366)
2021S051648060211,2,2,2,0,9,6,0,57,58,10,10,5,0,424,37,0,610,613,18.0,54.0,165.0,12.0,153.0,165.0,20.0,967.0,1030.0,POINT (-114.21048802037022 51.69883996769361)
2021S051648060215,0,2,3,0,0,5,0,29,29,0,17,63,0,0,11,0,152,152,4.0,15.0,42.0,6.0,74.0,24.0,15.0,198.0,199.0,POINT (-114.14181367469051 51.65535988182355)
2021S051648060217,0,1,1,0,0,1,0,5,5,0,2,15,0,0,1,0,22,22,47.0,74.0,104.0,11.0,47.0,66.0,4.0,513.0,547.0,POINT (-114.03662303568963 51.265802717972385)
2021S051648060218,0,2,0,0,1,2,0,7,7,0,2,0,0,7,2,0,18,18,49.0,76.0,106.0,11.0,48.0,73.0,4.0,585.0,620.0,POINT (-114.01326463336774 51.26697574591289)
2021S051648060219,0,1,1,1,0,2,0,3,3,0,6,6,6,0,7,0,11,11,46.0,73.0,102.0,11.0,44.0,53.0,4.0,407.0,440.0,POINT (-114.00991789425524 51.29466588127433)
2021S051648060220,1,1,1,0,1,1,0,5,5,8,8,2,0,3,1,0,16,16,43.0,66.0,93.0,11.0,40.0,58.0,4.0,490.0,519.0,POINT (-114.03687105858833 51.296118462244294)
2021S051648060221,3,7,13,2,5,11,0,66,71,7,96,343,16,97,288,0,704,949,21.0,43.0,74.0,6.0,174.0,126.0,0.0,524.0,565.0,POINT (-114.30678923923472 51.315422711333014)
2021S051648060222,0,3,4,1,3,4,0,38,39,0,36,25,13,21,35,0,154,157,14.0,54.0,46.0,11.0,25.0,103.0,0.0,439.0,447.0,POINT (-114.24452510247811 50.655016811554574)
2021S051648060223,2,6,2,1,2,8,0,26,26,48,53,11,3,152,30,0,272,272,21.0,39.0,57.0,4.0,65.0,88.0,1.0,503.0,531.0,POINT (-114.43017623801818 51.195176486245735)
2021S051648060224,3,5,4,1,1,3,0,9,9,41,60,58,13,325,19,0,397,397,20.0,38.0,58.0,5.0,68.0,89.0,1.0,429.0,458.0,POINT (-114.49883149393929 51.19414200450431)
2021S051648060225,0,1,1,0,1,1,0,9,10,0,3,3,0,3,3,0,82,85,73.0,107.0,122.0,12.0,47.0,208.0,5.0,560.0,599.0,POINT (-114.17304406423116 51.174695770409734)
2021S051648060226,0,0,0,0,0,0,0,1,1,0,0,0,0,0,0,0,1,1,66.0,98.0,113.0,12.0,41.0,142.0,5.0,460.0,495.0,POINT (-114.09899154416748 51.176141483503635)
2021S051648060227,0,0,0,0,0,0,0,2,2,0,0,0,0,0,0,0,3,3,60.0,80.0,89.0,10.0,32.0,71.0,3.0,324.0,352.0,POINT (-114.03980536040565 51.17666987471747)
2021S051648060228,0,1,1,0,0,0,0,6,6,0,4,4,0,0,0,0,24,24,50.0,73.0,81.0,9.0,29.0,104.0,4.0,348.0,372.0,POINT (-114.0892444620138 51.167216783278064)
2021S051648060229,0,0,0,0,0,0,0,4,4,0,0,0,0,0,0,0,31,31,54.0,75.0,82.0,10.0,32.0,78.0,4.0,322.0,347.0,POINT (-114.05394876838417 51.161455527044744)
2021S051648060230,1,1,1,0,0,0,0,2,2,3,3,3,0,0,0,0,9,9,41.0,60.0,64.0,9.0,22.0,75.0,4.0,269.0,288.0,POINT (-114.08231299583953 51.15719162798493)
2021S051648060231,22,58,45,7,22,29,2,170,181,432,1368,1391,199,975,559,5,4176,4451,156.0,221.0,262.0,29.0,102.0,253.0,12.0,843.0,944.0,POINT (-113.98025092599813 51.12940840852275)
2021S051648060232,1,1,0,0,0,0,0,2,2,2,2,0,0,0,0,0,4,4,27.0,41.0,43.0,4.0,14.0,54.0,4.0,222.0,235.0,POINT (-114.17035658671595 51.11878460741988)
2021S051648060233,0,0,1,0,0,1,0,2,2,0,0,2,0,0,7,0,9,9,50.0,70.0,75.0,9.0,25.0,78.0,4.0,304.0,330.0,POINT (-114.05465395457547 51.14027488053376)
2021S051648060234,0,1,0,0,0,3,0,5,5,0,2,0,0,0,5,0,14,14,29.0,47.0,46.0,5.0,14.0,78.0,4.0,256.0,268.0,POINT (-114.26384236867786 51.08982375014102)
2021S051648060235,0,3,2,1,0,3,0,5,6,0,17,10,3,0,11,0,27,34,40.0,62.0,66.0,8.0,25.0,121.0,4.0,344.0,364.0,POINT (-114.21693987512477 51.08100207792707)
2021S051648060236,0,0,0,0,0,0,0,1,1,0,0,0,0,0,0,0,2,2,56.0,78.0,88.0,10.0,30.0,65.0,5.0,303.0,333.0,POINT (-113.94670428078201 51.1284941882572)
2021S051648060237,0,0,1,0,0,3,0,8,8,0,0,2,0,0,6,0,21,21,45.0,66.0,67.0,8.0,25.0,216.0,4.0,472.0,496.0,POINT (-114.22240379501409 51.049714657870716)
2021S051648060238,0,0,0,0,0,2,0,5,5,0,0,0,0,0,3,0,9,9,33.0,45.0,45.0,4.0,14.0,61.0,4.0,243.0,256.0,POINT (-114.17902474116387 51.063732034946916)
2021S051648060239,0,0,0,0,1,0,0,2,2,0,0,0,0,7,0,0,10,10,55.0,72.0,80.0,9.0,28.0,64.0,5.0,295.0,323.0,POINT (-113.95721308601826 51.1199929946293)
2021S051648060240,1,2,1,0,0,1,0,5,5,3,7,4,0,0,1,0,11,11,43.0,57.0,61.0,7.0,21.0,80.0,4.0,298.0,317.0,POINT (-114.12677570577584 51.07084365483085)
2021S051648060241,0,0,0,0,0,0,0,0,0,0,0,0,0,0,0,0,0,0,46.0,63.0,67.0,9.0,24.0,54.0,4.0,263.0,285.0,POINT (-113.94070946829004 51.1173523211259)
2021S051648060242,0,0,0,0,0,0,0,0,0,0,0,0,0,0,0,0,0,0,56.0,77.0,86.0,10.0,29.0,59.0,6.0,290.0,320.0,POINT (-113.91849962687361 51.11209359901354)
2021S051648060243,0,0,0,0,0,1,0,1,1,0,0,0,0,0,1,0,1,1,34.0,45.0,45.0,4.0,14.0,72.0,4.0,257.0,270.0,POINT (-114.17580814295933 51.046352710556626)
2021S051648060244,4,13,9,1,0,62,0,116,118,112,180,80,3,0,2995,0,3384,3414,44.0,60.0,66.0,9.0,24.0,146.0,4.0,385.0,407.0,POINT (-114.06259249956726 51.04677251887629)
2021S051648060245,0,0,1,0,0,1,0,6,6,0,0,2,0,0,1,0,14,14,42.0,56.0,59.0,7.0,21.0,104.0,4.0,324.0,342.0,POINT (-114.12964786741897 51.031456857069436)
2021S051648060246,0,2,0,0,0,4,0,8,8,0,6,0,0,0,12,0,69,69,47.0,63.0,67.0,9.0,23.0,101.0,4.0,331.0,353.0,POINT (-114.08812037812615 51.04071430887835)
2021S051648060247,1,1,2,0,0,3,0,8,8,12,12,15,0,0,3,0,33,33,47.0,64.0,68.0,9.0,25.0,120.0,4.0,356.0,378.0,POINT (-114.08311904514257 51.02773116749863)
2021S051648060248,1,1,1,0,0,2,0,9,9,40,40,3,0,0,3,0,67,67,54.0,75.0,84.0,9.0,29.0,130.0,6.0,381.0,410.0,POINT (-114.05564757990845 51.036817668164254)
2021S051648060249,0,0,1,0,0,2,0,3,3,0,0,7,0,0,2,0,9,9,34.0,45.0,44.0,4.0,14.0,40.0,4.0,213.0,226.0,POINT (-114.14408549966411 51.015194033425026)
2021S051648060250,0,0,0,0,0,1,0,10,10,0,0,0,0,0,1,0,443,443,36.0,47.0,48.0,7.0,15.0,79.0,4.0,268.0,282.0,POINT (-114.12494370009867 51.012676405309705)
2021S051648060251,0,1,2,1,0,3,0,7,7,0,3,6,3,0,5,0,14,14,76.0,106.0,123.0,15.0,46.0,148.0,7.0,455.0,499.0,POINT (-113.81891983176592 51.032293796703335)
2021S051648060252,1,4,4,2,2,5,0,17,19,7,11,153,10,37,151,0,90,233,5.0,39.0,64.0,3.0,47.0,100.0,0.0,274.0,328.0,POINT (-113.68646798132048 50.65958107645165)
2021S051648060253,1,1,1,0,0,1,0,4,5,2,2,3,0,0,3,0,7,10,62.0,84.0,97.0,12.0,36.0,98.0,5.0,351.0,386.0,POINT (-113.83074423488817 51.05245600023113)
2021S051648060254,0,1,1,0,0,1,0,2,2,0,3,3,0,0,1,0,4,4,36.0,45.0,44.0,5.0,13.0,51.0,4.0,227.0,240.0,POINT (-114.11229260907946 50.97851620770768)
2021S051648060255,0,1,0,0,0,3,0,5,5,0,3,0,0,0,3,0,7,7,35.0,45.0,47.0,7.0,14.0,68.0,4.0,247.0,261.0,POINT (-114.10377034061045 50.92539148415637)
2021S051648060256,0,0,0,0,0,0,0,1,1,0,0,0,0,0,0,0,2,2,54.0,67.0,78.0,10.0,24.0,110.0,6.0,329.0,359.0,POINT (-114.11143376561597 50.916934148968735)
2021S051648060257,0,0,0,0,1,0,0,1,1,0,0,0,0,7,0,0,7,7,51.0,68.0,77.0,9.0,26.0,85.0,5.0,311.0,338.0,POINT (-113.9667070736578 50.92516087471552)
2021S051648060258,1,2,1,0,0,1,0,2,3,1,5,3,0,0,3,0,3,6,81.0,102.0,119.0,15.0,39.0,155.0,7.0,438.0,486.0,POINT (-113.94656735031678 50.923278140744586)
2021S051648060259,1,1,1,0,0,0,0,3,3,2,2,2,0,0,0,0,5,5,67.0,79.0,95.0,10.0,30.0,126.0,7.0,371.0,408.0,POINT (-114.07592669639156 50.87268098295073)
2021S051648060260,0,1,2,0,0,0,0,2,2,0,2,4,0,0,0,0,4,4,99.0,124.0,149.0,17.0,48.0,161.0,10.0,474.0,535.0,POINT (-113.92800426258478 50.91626451427857)
2021S051648060261,1,3,2,0,0,2,0,7,7,2,6,4,0,0,3,0,13,13,114.0,146.0,187.0,20.0,62.0,197.0,11.0,788.0,866.0,POINT (-114.01322878719327 50.86807982753256)
2021S051648060262,0,1,1,0,0,2,0,6,6,0,17,17,0,0,2,0,36,36,149.0,190.0,247.0,28.0,81.0,308.0,14.0,1197.0,1301.0,POINT (-113.93398233822452 50.879216519954966)
2021S051648060263,1,2,2,1,0,3,0,6,6,3,6,6,3,0,6,0,13,13,71.0,91.0,109.0,12.0,34.0,142.0,7.0,447.0,490.0,POINT (-113.97626351853022 50.873501155931)
2021S051648060264,5,9,9,0,1,4,0,37,38,12,22,24,0,3,8,0,126,129,35.0,60.0,66.0,10.0,23.0,81.0,3.0,246.0,271.0,POINT (-113.96156332973511 50.720073916015565)
2021S051648060265,1,2,0,0,1,0,0,6,6,1,2,0,0,3,0,0,9,9,32.0,52.0,57.0,8.0,21.0,98.0,3.0,267.0,288.0,POINT (-113.93954518135 50.74236056361034)
2021S051648060266,0,3,3,1,0,3,0,9,9,0,19,34,13,0,15,0,47,47,13.0,42.0,79.0,17.0,26.0,104.0,1.0,238.0,278.0,POINT (-113.97857403528553 50.707139070341455)
2021S051648070001,0,2,2,0,2,2,0,64,64,0,17,18,0,6,4,0,266,266,0.0,15.0,34.0,0.0,6.0,43.0,0.0,330.0,350.0,POINT (-111.83534128026551 52.696257081773396)
2021S051648070002,0,1,0,0,0,2,0,24,24,0,1,0,0,0,16,0,75,75,7.0,11.0,17.0,4.0,2.0,37.0,3.0,279.0,279.0,POINT (-110.74700311274812 52.82996326376397)
2021S051648070004,0,2,0,0,0,3,0,21,21,0,8,0,0,0,10,0,113,113,0.0,6.0,0.0,0.0,0.0,30.0,0.0,110.0,110.0,POINT (-110.84730209956385 52.837920118151956)
2021S051648070005,1,2,3,1,0,6,0,57,57,24,27,32,3,0,23,0,192,192,39.0,21.0,27.0,3.0,0.0,205.0,0.0,385.0,530.0,POINT (-111.10144686093552 52.29905171830526)
2021S051648070006,2,4,8,0,1,1,1,25,26,16,33,127,0,3,14,2,158,172,9.0,17.0,71.0,0.0,2.0,36.0,2.0,169.0,178.0,POINT (-112.71146477505077 52.32107547351391)
2021S051648070007,1,0,2,0,0,5,0,41,42,2,0,6,0,0,9,0,97,100,21.0,0.0,83.0,0.0,0.0,115.0,0.0,364.0,404.0,POINT (-112.63673866852837 52.203635301620125)
2021S051648080001,1,4,3,2,0,4,0,24,24,4,17,16,12,0,28,0,74,74,4.0,26.0,96.0,8.0,6.0,173.0,0.0,632.0,711.0,POINT (-113.99721024829826 52.70073537880675)
2021S051648080002,0,0,0,0,0,0,0,0,0,0,0,0,0,0,0,0,0,0,0.0,0.0,0.0,0.0,0.0,2.0,0.0,21.0,21.0,POINT (-113.36620825010434 52.77609258029038)
2021S051648080003,2,5,10,1,1,6,1,82,84,27,36,109,3,3,27,2,348,354,16.0,30.0,49.0,3.0,35.0,90.0,1.0,794.0,796.0,POINT (-113.40446589924908 52.51632494100481)
2021S051648080004,0,0,0,0,0,0,0,0,0,0,0,0,0,0,0,0,0,0,0.0,0.0,0.0,0.0,0.0,0.0,0.0,0.0,0.0,POINT (-113.44121911282893 52.736397028780615)
2021S051648080005,0,0,0,0,0,0,0,0,0,0,0,0,0,0,0,0,0,0,0.0,0.0,0.0,0.0,0.0,0.0,0.0,0.0,0.0,POINT (-113.43350815180602 52.75608959985165)
2021S051648080006,1,7,7,1,2,7,0,42,45,3,28,170,3,10,186,0,184,339,10.0,26.0,86.0,6.0,4.0,93.0,1.0,127.0,173.0,POINT (-113.58907978295804 52.67407883547413)
2021S051648080007,4,12,9,2,6,8,0,74,74,51,99,136,12,157,106,0,1023,1023,31.0,47.0,67.0,6.0,19.0,84.0,6.0,345.0,352.0,POINT (-113.73101989283195 52.470369127942405)
2021S051648080008,0,1,1,1,0,2,0,32,32,0,6,6,6,0,7,0,135,135,0.0,17.0,47.0,2.0,0.0,59.0,11.0,569.0,571.0,POINT (-114.26386864701631 52.08384986684951)
2021S051648080010,3,4,3,0,1,3,1,18,18,58,49,20,0,7,3,14,116,116,45.0,60.0,88.0,8.0,12.0,207.0,11.0,504.0,512.0,POINT (-114.0651004562338 52.318044930144865)
2021S051648080011,2,4,7,1,2,2,0,21,22,26,104,182,3,50,6,0,442,445,28.0,45.0,66.0,5.0,18.0,126.0,5.0,382.0,390.0,POINT (-113.79601366324833 52.38511996583887)
2021S051648080012,1,2,5,0,1,4,0,53,55,3,9,83,0,7,18,0,235,241,22.0,23.0,27.0,2.0,68.0,51.0,5.0,373.0,376.0,POINT (-113.44576112718923 52.148698052976336)
2021S051648080013,9,15,14,3,3,11,2,52,53,207,150,157,15,33,125,68,596,603,45.0,62.0,93.0,8.0,28.0,80.0,10.0,369.0,379.0,POINT (-113.85926917334449 52.30090924859)
2021S051648080014,0,0,0,0,0,0,0,1,1,0,0,0,0,0,0,0,2,2,51.0,67.0,100.0,8.0,15.0,78.0,12.0,329.0,340.0,POINT (-113.83229853286245 52.30205035395208)
2021S051648080017,0,0,0,0,0,0,0,0,0,0,0,0,0,0,0,0,0,0,27.0,40.0,56.0,4.0,8.0,57.0,6.0,210.0,218.0,POINT (-113.8436521455702 52.27596921304574)
2021S051648080018,0,0,0,0,0,0,0,1,1,0,0,0,0,0,0,0,3,3,50.0,65.0,97.0,8.0,14.0,58.0,12.0,296.0,307.0,POINT (-113.82540422469731 52.28053877186986)
2021S051648080019,0,0,1,0,0,0,0,1,1,0,0,3,0,0,0,0,3,3,27.0,40.0,56.0,4.0,8.0,52.0,6.0,204.0,212.0,POINT (-113.82908218875144 52.257157811549234)
2021S051648080020,0,0,0,0,0,1,0,3,3,0,0,0,0,0,1,0,29,29,26.0,40.0,58.0,5.0,8.0,53.0,6.0,210.0,218.0,POINT (-113.80482293904907 52.243537780807344)
2021S051648080021,0,0,0,0,0,0,0,0,0,0,0,0,0,0,0,0,0,0,27.0,41.0,59.0,5.0,8.0,47.0,6.0,197.0,205.0,POINT (-113.77828747802032 52.258516233863205)
2021S051648080025,0,0,0,0,0,0,0,1,1,0,0,0,0,0,0,0,1,1,14.0,21.0,26.0,2.0,2.0,58.0,4.0,164.0,169.0,POINT (-113.86158153585806 52.141608929242125)
2021S051648080026,0,6,7,0,0,2,2,21,22,0,69,237,0,0,274,59,560,567,10.0,32.0,68.0,6.0,54.0,71.0,8.0,270.0,279.0,POINT (-113.95474071854134 52.0285668593754)
2021S051648080027,0,1,0,0,0,1,0,1,1,0,34,0,0,0,34,0,34,34,5.0,10.0,23.0,1.0,1.0,16.0,1.0,42.0,45.0,POINT (-113.22855627861264 52.192824820900164)
2021S051648080028,0,0,0,0,0,0,0,0,0,0,0,0,0,0,0,0,0,0,8.0,20.0,29.0,3.0,15.0,24.0,5.0,120.0,125.0,POINT (-114.02660075200004 51.9311978346344)
2021S051648080029,0,0,0,0,0,0,0,0,0,0,0,0,0,0,0,0,0,0,0.0,0.0,0.0,0.0,0.0,2.0,0.0,20.0,20.0,POINT (-113.20147966552214 51.99774172679784)
2021S051648080030,0,2,0,0,0,2,0,20,20,0,5,0,0,0,9,0,115,115,35.0,49.0,68.0,5.0,20.0,61.0,7.0,294.0,302.0,POINT (-113.7809493474379 52.29151253469887)
2021S051648080031,0,1,0,0,1,2,0,9,9,0,1,0,0,7,2,0,19,19,37.0,57.0,87.0,8.0,26.0,85.0,7.0,362.0,371.0,POINT (-113.74860504934527 52.27267305231349)
2021S051648080032,5,13,15,3,0,6,0,48,52,34,103,155,33,0,62,0,287,327,23.0,34.0,47.0,3.0,11.0,65.0,6.0,317.0,323.0,POINT (-113.88620563908748 52.202116133942376)
2021S051648080033,0,0,0,0,0,1,0,4,4,0,0,0,0,0,1,0,8,8,44.0,62.0,99.0,8.0,14.0,103.0,10.0,345.0,356.0,POINT (-113.75444735068051 52.25028277588599)
2021S051648080034,0,0,1,0,0,2,0,1,2,0,0,14,0,0,15,0,1,15,24.0,38.0,55.0,4.0,7.0,47.0,5.0,203.0,211.0,POINT (-113.77829081185277 52.244916322316655)
2021S051648080035,0,0,0,0,0,1,0,2,2,0,0,0,0,0,1,0,7,7,31.0,46.0,72.0,7.0,10.0,78.0,7.0,256.0,264.0,POINT (-113.778222063456 52.22680707928406)
2021S051648090001,0,0,0,0,0,1,0,20,20,0,0,0,0,0,7,0,68,68,14.0,25.0,62.0,8.0,23.0,158.0,2.0,634.0,637.0,POINT (-115.57619220114496 52.2859915489477)
2021S051648090002,0,0,0,0,0,0,0,0,0,0,0,0,0,0,0,0,0,0,0.0,0.0,0.0,0.0,0.0,0.0,0.0,0.0,0.0,POINT (-115.31947167686755 52.80199459537666)
2021S051648090003,0,0,0,0,0,0,0,0,0,0,0,0,0,0,0,0,0,0,0.0,0.0,0.0,0.0,0.0,1.0,0.0,4.0,4.0,POINT (-115.32807088859472 52.67955381090619)
2021S051648090004,0,0,0,0,0,0,0,0,0,0,0,0,0,0,0,0,0,0,0.0,0.0,0.0,0.0,0.0,0.0,0.0,0.0,0.0,POINT (-116.25624929774182 52.375541384068946)
2021S051648090005,1,3,5,2,7,8,0,32,32,3,8,25,6,28,98,0,299,299,2.0,5.0,16.0,4.0,16.0,65.0,0.0,216.0,216.0,POINT (-114.92123857408355 52.380824009307375)
2021S051648100001,0,2,3,1,1,1,0,33,33,0,6,9,3,3,3,0,112,112,35.0,33.0,58.0,15.0,8.0,33.0,14.0,326.0,338.0,POINT (-112.55558325148077 53.73916500669815)
2021S051648100003,0,0,0,0,0,0,0,7,7,0,0,0,0,0,0,0,164,164,10.0,6.0,8.0,1.0,3.0,40.0,2.0,140.0,142.0,POINT (-112.93255254263752 53.7979541169949)
2021S051648100004,0,0,4,0,0,5,0,31,34,0,0,24,0,0,26,0,59,80,24.0,41.0,84.0,27.0,8.0,61.0,17.0,396.0,420.0,POINT (-112.13567655333969 53.23733003330182)
2021S051648100006,0,0,1,0,0,2,0,17,17,0,0,32,0,0,2,0,60,60,12.0,16.0,49.0,14.0,2.0,49.0,8.0,109.0,136.0,POINT (-112.05503771908634 53.50078882324635)
2021S051648100008,0,0,0,0,0,0,0,0,0,0,0,0,0,0,0,0,0,0,0.0,0.0,0.0,0.0,0.0,0.0,0.0,0.0,0.0,POINT (-110.03697599740627 53.67729986924639)
2021S051648100009,1,2,5,1,1,6,0,29,30,3,16,192,13,3,54,0,273,276,7.0,55.0,146.0,7.0,15.0,84.0,2.0,265.0,306.0,POINT (-112.80660993869901 53.018788746618974)
2021S051648100010,0,0,0,0,0,3,0,4,4,0,0,0,0,0,3,0,17,17,4.0,33.0,83.0,5.0,9.0,56.0,1.0,207.0,230.0,POINT (-112.82896468931452 52.99315292473892)
2021S051648100011,0,0,0,0,0,0,0,0,0,0,0,0,0,0,0,0,0,0,0.0,0.0,0.0,0.0,0.0,0.0,0.0,0.0,0.0,POINT (-110.07265427808993 53.31073874295403)
2021S051648100012,1,2,2,0,0,1,0,9,9,55,12,18,0,0,1,0,115,115,5.0,7.0,10.0,1.0,1.0,12.0,0.0,41.0,43.0,POINT (-110.02940427247914 53.275705470092795)
2021S051648100013,0,0,2,0,0,3,0,8,10,0,0,6,0,0,8,0,25,31,18.0,15.0,54.0,2.0,1.0,143.0,0.0,311.0,323.0,POINT (-110.01764875190229 53.26305059917255)
2021S051648100014,3,7,5,2,0,9,0,24,25,8,32,76,6,0,106,0,228,239,16.0,14.0,46.0,2.0,1.0,160.0,0.0,333.0,343.0,POINT (-110.03571227053212 53.279264671446334)
2021S051648100015,3,4,6,3,1,5,2,45,45,33,41,75,39,3,41,23,170,170,16.0,22.0,68.0,14.0,4.0,72.0,8.0,300.0,329.0,POINT (-111.53058374209643 53.5395414690848)
2021S051648100016,2,5,3,0,0,2,1,66,67,4,80,77,0,0,74,2,162,235,8.0,165.0,160.0,0.0,0.0,205.0,4.0,301.0,453.0,POINT (-112.72620411187046 52.932140607980564)
2021S051648100017,2,4,6,1,1,7,0,70,71,8,13,99,3,3,44,0,213,246,28.0,35.0,115.0,27.0,4.0,135.0,15.0,666.0,688.0,POINT (-110.51841697543419 53.296032860703924)
2021S051648110001,1,2,4,0,3,4,1,22,25,34,18,35,0,18,33,34,108,140,15.0,40.0,72.0,4.0,12.0,69.0,11.0,170.0,202.0,POINT (-113.84396405702134 53.76795624296948)
2021S051648110002,1,1,1,0,0,2,0,20,20,23,3,3,0,0,15,0,100,100,36.0,51.0,58.0,5.0,27.0,73.0,7.0,301.0,322.0,POINT (-113.48430846754616 53.88279187758157)
2021S051648110003,0,1,2,0,1,2,0,14,15,0,7,39,0,32,9,0,201,208,4.0,25.0,99.0,3.0,32.0,83.0,2.0,476.0,497.0,POINT (-114.7749893537466 53.475642652239124)
2021S051648110004,0,0,0,0,0,0,0,5,5,0,0,0,0,0,0,0,11,11,0.0,0.0,0.0,0.0,1.0,1.0,0.0,30.0,30.0,POINT (-113.96112944874477 53.8111070291243)
2021S051648110005,0,5,4,4,1,13,0,32,32,0,16,15,15,3,786,0,938,938,42.0,60.0,73.0,6.0,26.0,117.0,9.0,432.0,464.0,POINT (-113.2826577593588 53.816040545370406)
2021S051648110007,0,1,1,0,2,3,0,18,18,0,2,2,0,17,14,0,59,59,0.0,4.0,4.0,0.0,45.0,53.0,0.0,350.0,350.0,POINT (-115.31177954400911 53.12039013056954)
2021S051648110008,2,1,4,0,3,1,1,13,14,65,56,207,0,9,140,9,96,236,45.0,63.0,86.0,8.0,21.0,73.0,9.0,367.0,414.0,POINT (-114.087687905996 53.529687722423134)
2021S051648110009,4,2,3,1,1,3,2,30,31,70,53,86,3,11,50,18,219,252,49.0,76.0,115.0,13.0,18.0,116.0,10.0,431.0,473.0,POINT (-113.11718106339406 53.674069927378795)
2021S051648110010,0,0,0,0,0,0,0,0,0,0,0,0,0,0,0,0,0,0,0.0,0.0,0.0,0.0,0.0,0.0,0.0,0.0,0.0,POINT (-114.43365519638388 53.548851249638155)
2021S051648110011,4,5,6,2,6,5,1,33,34,60,52,350,26,556,56,34,807,810,32.0,40.0,46.0,5.0,20.0,45.0,7.0,285.0,303.0,POINT (-113.89718405529848 53.58623784790654)
2021S051648110012,0,0,0,0,0,0,0,1,1,0,0,0,0,0,0,0,2,2,4.0,9.0,12.0,1.0,3.0,6.0,1.0,48.0,51.0,POINT (-114.42636259488948 53.50592717270698)
2021S051648110013,2,1,2,0,0,1,0,10,10,6,4,6,0,0,1,0,27,27,43.0,54.0,70.0,6.0,18.0,59.0,9.0,272.0,297.0,POINT (-113.51843425464574 53.68756533140773)
2021S051648110014,0,6,3,1,1,3,0,34,35,0,15,9,3,7,15,0,142,153,47.0,65.0,93.0,9.0,22.0,78.0,8.0,422.0,476.0,POINT (-114.0756359983499 53.44370472941696)
2021S051648110015,0,0,0,0,0,0,0,1,1,0,0,0,0,0,0,0,2,2,35.0,51.0,57.0,5.0,24.0,57.0,7.0,266.0,287.0,POINT (-113.64353017890105 53.667027526524315)
2021S051648110020,0,0,0,0,0,0,0,1,1,0,0,0,0,0,0,0,2,2,27.0,35.0,37.0,2.0,15.0,39.0,5.0,218.0,230.0,POINT (-113.59081610429854 53.64669576014506)
2021S051648110021,0,0,1,0,1,12,0,24,24,0,0,7,0,7,896,0,1047,1047,31.0,32.0,59.0,11.0,20.0,213.0,5.0,402.0,426.0,POINT (-113.20188186263171 53.71364671888704)
2021S051648110022,2,4,2,0,0,3,2,16,16,5,22,11,0,0,6,7,72,72,25.0,34.0,84.0,14.0,59.0,55.0,9.0,341.0,365.0,POINT (-114.0051074525177 53.5337598002913)
2021S051648110023,0,0,0,0,0,0,0,0,0,0,0,0,0,0,0,0,0,0,30.0,39.0,41.0,2.0,16.0,40.0,7.0,210.0,223.0,POINT (-113.60814989868149 53.63400614764355)
2021S051648110024,1,4,4,2,2,2,0,15,15,45,135,160,130,6,130,0,259,259,63.0,98.0,140.0,12.0,66.0,94.0,16.0,576.0,639.0,POINT (-113.92851165681401 53.5435656106999)
2021S051648110025,2,4,3,1,1,1,1,13,13,7,12,18,3,3,3,3,57,57,37.0,46.0,54.0,5.0,14.0,37.0,7.0,220.0,237.0,POINT (-113.58112171727261 53.635588102651795)
2021S051648110027,0,1,1,0,0,1,0,9,10,0,7,7,0,0,7,0,56,63,45.0,65.0,88.0,9.0,24.0,72.0,9.0,333.0,365.0,POINT (-113.63533504091873 53.61754364281289)
2021S051648110028,1,3,5,2,1,4,0,11,13,7,6,30,10,15,21,0,42,59,47.0,69.0,92.0,8.0,43.0,70.0,11.0,419.0,464.0,POINT (-113.86061909090614 53.553868571211204)
2021S051648110035,1,1,1,0,0,1,0,3,3,3,3,15,0,0,1,0,19,19,22.0,30.0,75.0,12.0,51.0,46.0,8.0,284.0,305.0,POINT (-113.97458344522086 53.51878879057716)
2021S051648110038,0,0,0,0,0,0,0,1,1,0,0,0,0,0,0,0,2,2,46.0,62.0,81.0,7.0,21.0,59.0,9.0,279.0,307.0,POINT (-113.4795190780678 53.62260103747305)
2021S051648110042,1,0,0,0,0,0,0,2,2,1,0,0,0,0,0,0,4,4,41.0,52.0,66.0,7.0,19.0,48.0,8.0,249.0,273.0,POINT (-113.55213102779868 53.59189786417394)
2021S051648110043,0,0,0,0,0,0,0,1,1,0,0,0,0,0,0,0,14,14,48.0,65.0,86.0,8.0,23.0,65.0,9.0,308.0,338.0,POINT (-113.47952158077999 53.60654780391072)
2021S051648110048,0,0,0,0,0,0,0,0,0,0,0,0,0,0,0,0,0,0,41.0,54.0,66.0,6.0,15.0,55.0,7.0,251.0,276.0,POINT (-113.43043267679842 53.61123237046741)
2021S051648110054,0,1,2,0,0,1,0,4,6,0,3,10,0,0,7,0,45,55,38.0,49.0,57.0,6.0,13.0,52.0,7.0,248.0,268.0,POINT (-113.4292527289388 53.594498135933605)
2021S051648110056,0,0,0,0,1,0,0,2,2,0,0,0,0,3,0,0,4,4,43.0,55.0,72.0,6.0,16.0,63.0,9.0,267.0,293.0,POINT (-113.36963645042539 53.60891767411756)
2021S051648110058,2,8,7,0,2,6,1,16,22,35,207,172,0,21,128,2,215,397,38.0,48.0,59.0,6.0,16.0,38.0,7.0,228.0,250.0,POINT (-113.56465390338612 53.560628688194534)
2021S051648110064,0,0,0,0,0,0,0,0,0,0,0,0,0,0,0,0,0,0,33.0,36.0,37.0,4.0,12.0,23.0,5.0,186.0,199.0,POINT (-113.75032775261145 53.48019131972914)
2021S051648110066,0,0,0,0,0,0,0,0,0,0,0,0,0,0,0,0,0,0,48.0,66.0,85.0,7.0,20.0,78.0,9.0,308.0,340.0,POINT (-113.38223006878296 53.58565919392342)
2021S051648110068,3,3,5,2,4,10,0,21,22,9,15,19,9,666,172,0,868,871,5.0,11.0,23.0,3.0,160.0,87.0,0.0,431.0,435.0,POINT (-114.9814925153509 53.211806298321015)
2021S051648110069,1,1,3,0,1,3,1,8,10,2,7,12,0,35,13,2,60,70,43.0,55.0,73.0,7.0,17.0,54.0,9.0,259.0,285.0,POINT (-113.4384136401984 53.5750268966798)
2021S051648110070,1,1,1,0,0,0,0,2,2,2,2,2,0,0,0,0,4,4,48.0,64.0,87.0,8.0,22.0,59.0,9.0,292.0,323.0,POINT (-113.47533257003468 53.56692034938482)
2021S051648110071,2,3,1,1,1,3,0,10,10,3,7,3,3,7,6,0,62,62,39.0,51.0,64.0,7.0,16.0,48.0,7.0,252.0,280.0,POINT (-113.5602294443008 53.54159256321974)
2021S051648110073,0,0,0,0,0,1,0,2,2,0,0,0,0,0,3,0,5,5,42.0,53.0,72.0,7.0,19.0,50.0,9.0,258.0,287.0,POINT (-113.59630448793376 53.535500466250454)
2021S051648110074,0,1,1,1,0,1,0,1,1,0,6,6,6,0,6,0,6,6,46.0,64.0,86.0,8.0,22.0,60.0,9.0,293.0,331.0,POINT (-113.64451214759158 53.52058392289528)
2021S051648110075,0,0,0,0,0,0,0,0,0,0,0,0,0,0,0,0,0,0,40.0,51.0,61.0,7.0,14.0,45.0,7.0,216.0,237.0,POINT (-113.44284377648778 53.563939338494066)
2021S051648110079,0,1,1,1,0,1,0,3,3,0,3,3,3,0,3,0,6,6,41.0,52.0,70.0,7.0,17.0,51.0,7.0,228.0,257.0,POINT (-113.62289745984793 53.52035441775994)
2021S051648110080,0,1,1,0,0,0,0,2,2,0,2,2,0,0,0,0,12,12,47.0,64.0,89.0,9.0,22.0,67.0,9.0,278.0,316.0,POINT (-113.60286905347832 53.521901747518235)
2021S051648110084,0,0,0,0,0,0,0,1,1,0,0,0,0,0,0,0,1,1,38.0,46.0,56.0,6.0,13.0,39.0,7.0,211.0,231.0,POINT (-113.51492670708576 53.54382827895854)
2021S051648110085,0,0,0,0,1,0,0,3,3,0,0,0,0,3,0,0,6,6,43.0,58.0,81.0,8.0,19.0,56.0,9.0,267.0,300.0,POINT (-113.58416394429122 53.52217936704554)
2021S051648110086,0,2,1,0,1,5,0,23,23,0,5,3,0,14,49,0,124,124,48.0,66.0,92.0,9.0,23.0,74.0,9.0,321.0,364.0,POINT (-113.5011530596376 53.5362816927288)
2021S051648110087,1,2,1,0,0,0,0,2,2,3,4,3,0,0,0,0,4,4,35.0,40.0,46.0,5.0,11.0,31.0,6.0,184.0,202.0,POINT (-113.56162615350463 53.519875152206076)
2021S051648110088,0,2,2,0,0,0,0,4,4,0,14,14,0,0,0,0,258,258,33.0,36.0,37.0,4.0,11.0,26.0,5.0,179.0,193.0,POINT (-113.53331160749299 53.52719343127639)
2021S051648110089,0,1,1,0,1,0,0,4,4,0,2,2,0,3,0,0,12,12,38.0,46.0,56.0,6.0,12.0,39.0,7.0,209.0,228.0,POINT (-113.44875710686267 53.54702538314094)
2021S051648110092,0,0,1,0,0,1,0,4,4,0,0,2,0,0,4,0,14,14,48.0,66.0,84.0,9.0,20.0,63.0,9.0,294.0,324.0,POINT (-113.41996415978555 53.550509521068136)
2021S051648110093,0,1,0,0,0,2,0,4,4,0,1,0,0,0,2,0,8,8,35.0,39.0,44.0,5.0,12.0,29.0,5.0,203.0,219.0,POINT (-113.5149091050517 53.53514063962221)
2021S051648110094,6,12,23,4,3,17,2,45,52,71,127,396,78,210,689,20,1049,1267,65.0,101.0,149.0,15.0,27.0,149.0,14.0,546.0,602.0,POINT (-113.32038127871506 53.549485480870715)
2021S051648110095,0,0,0,0,1,0,0,1,1,0,0,0,0,3,0,0,3,3,44.0,62.0,85.0,9.0,20.0,56.0,9.0,269.0,302.0,POINT (-113.62321062947238 53.50503583923466)
2021S051648110100,1,4,2,0,0,2,0,8,10,3,27,22,0,0,22,0,18,40,45.0,61.0,85.0,9.0,20.0,63.0,9.0,291.0,328.0,POINT (-113.50366900426985 53.51859157064993)
2021S051648110101,0,0,1,0,0,0,1,1,1,0,0,2,0,0,0,2,2,2,48.0,67.0,92.0,9.0,20.0,64.0,9.0,291.0,330.0,POINT (-113.43067468869697 53.53221759766261)
2021S051648110103,1,2,1,0,0,0,0,4,4,4,6,2,0,0,0,0,11,11,40.0,53.0,69.0,8.0,18.0,52.0,7.0,266.0,295.0,POINT (-113.53626428219383 53.50675847616895)
2021S051648110104,1,0,0,0,1,0,1,3,3,2,0,0,0,3,0,2,11,11,39.0,48.0,59.0,6.0,15.0,43.0,7.0,241.0,265.0,POINT (-113.48690855675213 53.526350656838524)
2021S051648110107,0,0,0,0,0,0,0,0,0,0,0,0,0,0,0,0,0,0,39.0,52.0,67.0,7.0,18.0,49.0,7.0,254.0,283.0,POINT (-113.57393647927985 53.49183436333097)
2021S051648110108,0,5,3,1,0,5,0,11,12,0,12,14,6,0,38,0,341,344,49.0,68.0,96.0,9.0,24.0,70.0,10.0,320.0,364.0,POINT (-113.47952197856122 53.50940904257132)
2021S051648110110,0,1,1,0,1,1,0,5,5,0,6,6,0,3,27,0,44,44,50.0,73.0,103.0,10.0,22.0,82.0,9.0,357.0,410.0,POINT (-113.45049881307673 53.5127466629314)
2021S051648110113,0,0,0,0,0,0,0,2,2,0,0,0,0,0,0,0,2,2,36.0,43.0,50.0,6.0,13.0,36.0,6.0,227.0,248.0,POINT (-113.53672139883679 53.49049288542742)
2021S051648110114,0,1,0,0,0,1,0,2,2,0,2,0,0,0,2,0,21,21,47.0,60.0,91.0,8.0,17.0,89.0,9.0,315.0,344.0,POINT (-113.25869925101053 53.54902660403046)
2021S051648110115,1,1,0,0,1,1,0,9,9,19,19,0,0,3,6,0,181,181,49.0,68.0,91.0,9.0,20.0,67.0,9.0,312.0,346.0,POINT (-113.33251371016424 53.52563951419182)
2021S051648110116,0,0,0,0,0,0,0,0,0,0,0,0,0,0,0,0,0,0,48.0,66.0,99.0,10.0,17.0,79.0,9.0,324.0,357.0,POINT (-113.30795388879687 53.526906692618425)
2021S051648110117,0,0,0,0,1,0,0,3,3,0,0,0,0,3,0,0,5,5,39.0,52.0,68.0,7.0,18.0,53.0,7.0,265.0,297.0,POINT (-113.57419298301332 53.47569974291983)
2021S051648110118,0,1,2,0,0,0,0,4,4,0,2,8,0,0,0,0,11,11,34.0,42.0,51.0,5.0,12.0,39.0,6.0,233.0,249.0,POINT (-113.28332592421937 53.533604671721356)
2021S051648110119,1,1,5,1,0,5,0,24,26,2,3,25,3,0,24,0,49,66,60.0,87.0,156.0,17.0,21.0,172.0,13.0,498.0,555.0,POINT (-113.0865517474806 53.45022760626049)
2021S051648110121,0,0,0,0,0,0,0,0,0,0,0,0,0,0,0,0,0,0,43.0,56.0,79.0,8.0,15.0,59.0,8.0,261.0,286.0,POINT (-113.25865513961784 53.53564811964228)
2021S051648110125,0,1,0,0,0,0,0,3,3,0,3,0,0,0,0,0,5,5,48.0,65.0,102.0,10.0,17.0,73.0,9.0,313.0,347.0,POINT (-113.28253816793487 53.52016411646691)
2021S051648110127,1,2,2,0,2,1,0,20,21,2,75,75,0,10,73,0,74,147,48.0,67.0,93.0,9.0,20.0,76.0,9.0,339.0,388.0,POINT (-113.29533522264275 53.44026248411139)
2021S051648110133,0,0,0,0,0,1,0,3,3,0,0,0,0,0,3,0,7,7,44.0,63.0,84.0,9.0,17.0,68.0,8.0,286.0,329.0,POINT (-113.50411298622049 53.459767194329714)
2021S051648110134,0,0,0,0,0,0,0,1,1,0,0,0,0,0,0,0,40,40,45.0,63.0,86.0,9.0,21.0,68.0,8.0,323.0,367.0,POINT (-113.53016985835836 53.44527720220339)
2021S051648110138,0,1,0,0,0,1,0,1,1,0,3,0,0,0,3,0,3,3,47.0,67.0,90.0,9.0,19.0,68.0,9.0,310.0,353.0,POINT (-113.45077990639292 53.46068731177261)
2021S051648110140,0,2,0,0,0,2,0,3,3,0,75,0,0,0,75,0,85,85,0.0,0.0,0.0,0.0,0.0,0.0,0.0,0.0,0.0,POINT (-113.47914091054609 53.446312857173574)
2021S051648110142,0,1,0,0,0,1,0,2,2,0,3,0,0,0,3,0,4,4,51.0,73.0,105.0,11.0,23.0,80.0,10.0,345.0,396.0,POINT (-113.45114644338302 53.44524055854692)
2021S051648110148,0,2,2,1,0,3,0,4,5,0,37,37,3,0,38,0,36,70,26.0,32.0,69.0,13.0,12.0,86.0,4.0,269.0,325.0,POINT (-113.71895125427433 53.3542378667499)
2021S051648110149,1,3,4,0,3,5,0,57,58,2,6,11,0,24,15,0,229,232,12.0,31.0,65.0,0.0,139.0,85.0,0.0,820.0,838.0,POINT (-113.63189613976053 53.00322535574471)
2021S051648110153,2,5,3,0,1,3,0,13,14,4,10,29,0,3,17,0,59,62,38.0,58.0,122.0,22.0,19.0,139.0,6.0,371.0,456.0,POINT (-113.57486255712148 53.27729359490629)
2021S051648110154,9,8,19,3,3,13,1,44,49,147,109,506,96,149,364,34,717,935,38.0,59.0,124.0,22.0,21.0,134.0,6.0,367.0,444.0,POINT (-113.51733646404529 53.27302964215862)
2021S051648110155,0,1,2,0,1,2,0,7,8,0,2,6,0,3,6,0,18,21,67.0,95.0,251.0,48.0,35.0,279.0,11.0,726.0,899.0,POINT (-113.59152532829887 53.253713113725)
2021S051648110156,0,0,0,0,0,0,0,0,0,0,0,0,0,0,0,0,0,0,0.0,0.0,0.0,0.0,0.0,4.0,0.0,7.0,10.0,POINT (-113.93875373642017 52.99106027171519)
2021S051648110157,7,8,8,1,2,7,1,29,32,156,158,216,3,6,136,9,239,357,36.0,64.0,123.0,21.0,12.0,122.0,5.0,281.0,325.0,POINT (-113.37827331873781 52.97143888387028)
2021S051648110158,0,0,0,0,0,0,0,0,0,0,0,0,0,0,0,0,0,0,0.0,0.0,0.0,0.0,0.0,0.0,0.0,0.0,0.0,POINT (-113.57671296504017 52.894583002096994)
2021S051648110159,0,0,0,0,0,1,0,12,12,0,0,0,0,0,4,0,39,39,0.0,0.0,0.0,0.0,0.0,0.0,0.0,14.0,14.0,POINT (-113.50389314985293 52.86256410391699)
2021S051648110160,0,0,0,0,0,0,0,1,1,0,0,0,0,0,0,0,3,3,55.0,85.0,121.0,12.0,25.0,90.0,11.0,377.0,435.0,POINT (-113.4530463963114 53.47397425237063)
2021S051648110161,0,1,0,0,0,0,0,2,2,0,3,0,0,0,0,0,4,4,59.0,95.0,141.0,14.0,26.0,106.0,13.0,403.0,472.0,POINT (-113.41044617918745 53.464881112214755)
2021S051648110162,0,0,0,0,0,0,0,1,1,0,0,0,0,0,0,0,2,2,48.0,68.0,93.0,10.0,20.0,70.0,9.0,311.0,354.0,POINT (-113.42926358401526 53.44399707437538)
2021S051648110163,0,0,0,0,1,0,0,2,2,0,0,0,0,15,0,0,17,17,54.0,83.0,136.0,15.0,22.0,114.0,12.0,394.0,465.0,POINT (-113.40626262421112 53.4454580468444)
2021S051648110166,0,0,0,0,0,0,0,2,2,0,0,0,0,0,0,0,4,4,50.0,73.0,104.0,10.0,23.0,75.0,11.0,329.0,377.0,POINT (-113.42654638950792 53.4715535516029)
2021S051648110167,0,1,0,0,0,0,0,3,3,0,2,0,0,0,0,0,11,11,60.0,96.0,143.0,15.0,26.0,104.0,14.0,397.0,463.0,POINT (-113.40196578489677 53.477381717489415)
2021S051648110169,0,0,0,1,0,0,0,4,4,0,0,0,3,0,0,0,56,56,37.0,51.0,61.0,7.0,16.0,51.0,6.0,263.0,296.0,POINT (-113.57089171728225 53.46125147617102)
2021S051648110170,1,1,1,0,0,0,0,3,3,2,2,2,0,0,0,0,12,12,48.0,70.0,101.0,10.0,24.0,76.0,9.0,338.0,386.0,POINT (-113.54616406958161 53.46608267787583)
2021S051648110171,4,5,3,0,0,3,0,12,14,70,120,90,0,0,79,0,156,223,56.0,84.0,124.0,12.0,30.0,89.0,12.0,371.0,429.0,POINT (-113.5036986353318 53.49378669871005)
2021S051648110172,51,105,125,20,24,67,7,274,309,1313,2323,4800,307,305,2125,385,5601,7116,37.0,43.0,50.0,6.0,13.0,33.0,6.0,213.0,232.0,POINT (-113.4237072181416 53.50047701622717)
2021S051648110173,0,0,1,0,0,2,0,3,4,0,0,7,0,0,9,0,6,13,53.0,81.0,116.0,11.0,28.0,89.0,10.0,376.0,433.0,POINT (-113.51780678616392 53.47530169507304)
2021S051648110175,0,0,0,0,0,0,0,1,1,0,0,0,0,0,0,0,2,2,50.0,69.0,99.0,9.0,24.0,70.0,10.0,319.0,362.0,POINT (-113.64489677316806 53.50418229149569)
2021S051648110176,1,1,1,0,0,0,0,2,2,5,5,5,0,0,0,0,6,6,40.0,51.0,65.0,7.0,19.0,46.0,7.0,252.0,278.0,POINT (-113.6370057359929 53.536354571427154)
2021S051648110178,1,2,1,0,0,0,0,7,7,3,6,3,0,0,0,0,31,31,57.0,79.0,118.0,10.0,32.0,75.0,12.0,338.0,382.0,POINT (-113.59674036770866 53.54757906993865)
2021S051648110179,3,9,6,2,3,4,0,16,18,30,123,115,12,16,88,0,135,211,53.0,74.0,105.0,9.0,27.0,80.0,12.0,354.0,394.0,POINT (-113.5401629977851 53.56832922356473)
2021S051648110180,1,1,2,0,2,0,0,15,15,2,3,17,0,6,0,0,158,158,52.0,70.0,99.0,9.0,25.0,75.0,10.0,311.0,347.0,POINT (-113.46806346024199 53.57845725451112)
2021S051648110181,0,2,2,1,0,1,0,6,6,0,33,33,30,0,30,0,58,58,58.0,87.0,124.0,11.0,32.0,93.0,12.0,380.0,425.0,POINT (-113.46747449735545 53.592248978767024)
2021S051648110182,0,1,1,0,0,0,0,1,1,0,2,2,0,0,0,0,2,2,48.0,65.0,84.0,7.0,18.0,70.0,9.0,295.0,325.0,POINT (-113.45502656311521 53.60783598962653)
2021S051648110183,1,1,0,0,2,0,0,7,7,6,6,0,0,18,0,0,37,37,56.0,81.0,114.0,10.0,29.0,81.0,12.0,347.0,390.0,POINT (-113.5165353098296 53.591775945418284)
2021S051648110185,1,1,1,0,0,0,0,1,1,5,5,5,0,0,0,0,5,5,38.0,47.0,57.0,5.0,15.0,42.0,7.0,242.0,261.0,POINT (-113.52953115618165 53.62124764335566)
2021S051648110186,1,1,2,0,1,0,0,3,3,2,2,5,0,7,0,0,12,12,40.0,51.0,62.0,6.0,18.0,48.0,7.0,253.0,274.0,POINT (-113.5045741697437 53.6201666264476)
2021S051648110189,0,0,1,0,0,0,0,1,1,0,0,3,0,0,0,0,3,3,53.0,73.0,99.0,8.0,22.0,87.0,11.0,332.0,369.0,POINT (-113.40208842579771 53.58796311061481)
2021S051648110190,0,0,0,0,0,0,0,3,3,0,0,0,0,0,0,0,10,10,53.0,72.0,98.0,9.0,22.0,85.0,11.0,330.0,367.0,POINT (-113.3951551134807 53.568473552374634)
2021S051648110191,0,0,0,0,0,0,0,5,5,0,0,0,0,0,0,0,42,42,47.0,64.0,87.0,8.0,23.0,59.0,9.0,296.0,327.0,POINT (-113.48052433407712 53.55476078535466)
2021S051648110192,0,5,3,1,0,2,0,16,17,0,73,65,3,0,37,0,190,224,54.0,77.0,112.0,10.0,29.0,78.0,12.0,350.0,394.0,POINT (-113.51199324192685 53.552874890214646)
2021S051648110193,0,0,0,0,1,0,0,1,1,0,0,0,0,35,0,0,35,35,38.0,51.0,63.0,7.0,16.0,44.0,7.0,236.0,262.0,POINT (-113.6022137099503 53.49671895704087)
2021S051648110195,0,4,2,0,1,0,0,7,7,0,11,9,0,3,0,0,19,19,47.0,64.0,87.0,9.0,21.0,60.0,9.0,293.0,328.0,POINT (-113.5298535083723 53.54193058957931)
2021S051648110196,0,1,1,1,0,1,0,7,7,0,3,3,3,0,3,0,18,18,53.0,79.0,116.0,11.0,27.0,85.0,11.0,349.0,399.0,POINT (-113.46032594344447 53.529051093392425)
2021S051648110197,0,5,4,1,0,4,0,9,11,0,39,50,30,0,49,0,62,79,13.0,31.0,39.0,10.0,9.0,141.0,5.0,289.0,303.0,POINT (-113.6399658150595 53.79557111062155)
2021S051648110198,1,3,0,0,0,1,0,6,6,2,6,0,0,0,62,0,71,71,39.0,61.0,72.0,6.0,33.0,72.0,9.0,322.0,351.0,POINT (-113.6164253180051 53.65965437534866)
2021S051648110199,1,1,1,0,1,0,0,6,6,7,7,7,0,3,0,0,25,25,41.0,61.0,72.0,8.0,33.0,81.0,9.0,365.0,393.0,POINT (-113.66771213469862 53.64107173480255)
2021S051648110200,1,2,2,0,0,2,0,11,11,110,8,8,0,0,36,0,166,166,95.0,145.0,272.0,25.0,33.0,290.0,22.0,878.0,965.0,POINT (-113.14921707759375 53.723287314366516)
2021S051648110201,0,2,4,2,2,5,0,19,19,0,36,54,36,6,155,0,447,447,76.0,122.0,180.0,14.0,35.0,173.0,18.0,564.0,634.0,POINT (-113.35704782328506 53.644425869298416)
2021S051648110202,0,0,1,0,1,1,0,2,3,0,0,3,0,34,3,0,36,39,56.0,79.0,113.0,10.0,29.0,84.0,12.0,360.0,402.0,POINT (-113.57725868760487 53.61272228962278)
2021S051648110203,0,1,0,0,0,1,0,2,2,0,1,0,0,0,1,0,4,4,50.0,70.0,99.0,8.0,25.0,73.0,10.0,311.0,347.0,POINT (-113.55347737621516 53.62255354969645)
2021S051648110204,2,3,4,1,3,4,0,14,14,2,13,16,3,57,14,0,127,127,40.0,58.0,79.0,7.0,37.0,57.0,9.0,326.0,361.0,POINT (-113.89772599613248 53.53727269257179)
2021S051648110205,0,0,0,0,0,0,0,0,0,0,0,0,0,0,0,0,0,0,55.0,77.0,106.0,8.0,22.0,89.0,11.0,312.0,353.0,POINT (-113.4550708363945 53.62242458931892)
2021S051648110206,0,0,1,0,1,0,0,1,1,0,0,3,0,3,0,0,3,3,52.0,71.0,99.0,8.0,21.0,85.0,11.0,329.0,366.0,POINT (-113.42726925319077 53.623123146248425)
2021S051648110207,2,2,7,0,0,10,0,42,47,19,20,111,0,0,175,0,518,651,18.0,37.0,77.0,6.0,4.0,131.0,0.0,429.0,533.0,POINT (-113.98883646667105 53.26387053236597)
2021S051648110208,0,1,1,1,0,2,0,10,10,0,30,30,30,0,32,0,175,175,39.0,51.0,63.0,7.0,18.0,47.0,7.0,250.0,272.0,POINT (-113.511522663347 53.57159687122278)
2021S051648110209,0,0,1,0,0,1,0,5,6,0,0,7,0,0,7,0,13,20,98.0,163.0,255.0,22.0,60.0,172.0,24.0,633.0,749.0,POINT (-113.68629731942696 53.527031335390745)
2021S051648110210,0,1,1,1,0,2,0,5,5,0,6,6,6,0,7,0,22,22,89.0,147.0,242.0,25.0,52.0,173.0,21.0,615.0,726.0,POINT (-113.67666382988001 53.45414376728905)
2021S051648110211,0,1,0,0,0,1,0,8,8,0,1,0,0,0,1,0,51,51,38.0,46.0,57.0,6.0,14.0,38.0,7.0,223.0,245.0,POINT (-113.47760062642163 53.5405722423185)
2021S051648110212,0,0,0,0,0,0,0,4,4,0,0,0,0,0,0,0,23,23,39.0,52.0,64.0,7.0,16.0,53.0,7.0,277.0,311.0,POINT (-113.59703757012676 53.46891128111014)
2021S051648110213,0,4,3,1,0,2,0,6,7,0,17,8,3,0,6,0,19,22,46.0,59.0,90.0,8.0,17.0,87.0,9.0,313.0,342.0,POINT (-113.28297257047167 53.547823661357086)
2021S051648110214,0,1,2,1,0,2,0,4,4,0,6,9,6,0,7,0,11,11,49.0,72.0,114.0,13.0,17.0,90.0,10.0,352.0,389.0,POINT (-113.25695228458615 53.52164476596724)
2021S051648110215,2,3,6,2,1,5,0,16,17,26,30,38,6,3,12,0,84,87,198.0,357.0,634.0,59.0,137.0,549.0,49.0,1801.0,2183.0,POINT (-113.59028483902297 53.42227906728747)
2021S051648110216,1,2,1,0,0,0,0,3,3,3,5,2,0,0,0,0,7,7,66.0,103.0,165.0,16.0,39.0,146.0,14.0,563.0,663.0,POINT (-113.57116327403745 53.44405061042524)
2021S051648110217,0,1,1,0,0,0,0,2,2,0,1,2,0,0,0,0,3,3,51.0,76.0,113.0,11.0,24.0,88.0,10.0,364.0,422.0,POINT (-113.5039494728808 53.4266396421016)
2021S051648110218,0,2,2,1,5,1,0,11,11,0,5,5,3,31,3,0,42,42,133.0,235.0,440.0,51.0,57.0,358.0,31.0,1034.0,1254.0,POINT (-113.39362097670147 53.41770830032398)
2021S051648110219,12,25,47,12,5,31,3,92,104,203,432,1156,236,77,759,40,1416,1789,25.0,50.0,115.0,24.0,13.0,122.0,5.0,282.0,318.0,POINT (-113.29755950108255 53.26725030173983)
2021S051648110220,0,3,5,2,0,4,0,7,8,0,14,32,12,0,30,0,38,41,59.0,83.0,152.0,16.0,23.0,140.0,13.0,469.0,561.0,POINT (-113.42883096518297 53.363879554176485)
2021S051648110221,1,0,1,0,0,0,1,4,4,2,0,2,0,0,0,2,8,8,42.0,61.0,102.0,10.0,14.0,93.0,7.0,330.0,395.0,POINT (-113.41724466559978 53.343426255978876)
2021S051648110222,0,1,2,0,1,3,0,5,7,0,2,21,0,3,81,0,68,89,74.0,121.0,184.0,18.0,33.0,136.0,17.0,493.0,581.0,POINT (-113.381102012024 53.47628552348177)
2021S051648110223,2,3,4,1,0,1,1,6,6,17,7,10,3,0,3,15,29,29,85.0,155.0,266.0,29.0,33.0,210.0,19.0,629.0,758.0,POINT (-113.38139378073244 53.46281867299679)
2021S051648110224,4,6,8,1,0,7,0,18,20,60,42,86,30,0,80,0,163,169,112.0,194.0,319.0,31.0,58.0,273.0,27.0,917.0,1105.0,POINT (-113.46975460685564 53.415965212748944)
2021S051648110225,0,0,0,0,1,0,0,3,3,0,0,0,0,6,0,0,9,9,55.0,79.0,121.0,12.0,30.0,91.0,12.0,395.0,454.0,POINT (-113.63459173434333 53.46412205035129)
2021S051648110226,29,61,51,5,27,40,4,180,199,825,1454,1771,57,640,1097,233,4246,5218,47.0,67.0,91.0,9.0,24.0,78.0,10.0,352.0,389.0,POINT (-113.63860095731184 53.57423837361889)
2021S051648110227,0,2,1,0,0,0,0,2,2,0,9,7,0,0,0,0,9,9,57.0,81.0,114.0,10.0,29.0,88.0,12.0,373.0,416.0,POINT (-113.51644208782825 53.60845576854018)
2021S051648110228,0,1,1,1,0,1,0,2,2,0,3,3,3,0,3,0,5,5,75.0,117.0,173.0,13.0,33.0,153.0,18.0,496.0,564.0,POINT (-113.4670514027692 53.639170429062546)
2021S051648110229,0,1,1,1,1,1,0,4,4,0,3,3,3,3,3,0,10,10,71.0,107.0,167.0,13.0,40.0,130.0,16.0,485.0,548.0,POINT (-113.52848297207073 53.639875614240985)
2021S051648110230,1,1,0,0,0,0,0,1,1,13,13,0,0,0,0,0,13,13,56.0,79.0,108.0,8.0,24.0,100.0,11.0,371.0,412.0,POINT (-113.39937767736696 53.60838801654981)
2021S051648120001,0,0,1,0,3,2,0,17,18,0,0,14,0,98,16,0,131,145,1.0,6.0,16.0,4.0,79.0,37.0,0.0,282.0,293.0,POINT (-111.18613958734605 55.353241569555095)
2021S051648120002,0,0,0,0,0,0,0,0,0,0,0,0,0,0,0,0,0,0,0.0,0.0,0.0,0.0,0.0,2.0,0.0,2.0,2.0,POINT (-111.54766088593328 55.026456129824965)
2021S051648120003,0,0,0,0,0,0,0,0,0,0,0,0,0,0,0,0,0,0,0.0,0.0,0.0,0.0,0.0,1.0,0.0,3.0,3.0,POINT (-111.87078529983685 54.667464719957934)
2021S051648120004,1,1,2,0,3,1,0,27,27,2,2,9,0,17,1,0,74,74,5.0,5.0,23.0,0.0,46.0,2.0,0.0,159.0,159.0,POINT (-112.34687794923938 54.2143891759697)
2021S051648120005,0,0,0,0,1,1,0,19,19,0,0,0,0,3,1,0,36,36,0.0,0.0,0.0,0.0,17.0,123.0,0.0,888.0,888.0,POINT (-110.79902211960744 54.29521585262542)
2021S051648120006,0,0,0,0,0,0,0,0,0,0,0,0,0,0,0,0,0,0,2.0,3.0,12.0,0.0,8.0,10.0,0.0,34.0,43.0,POINT (-111.8094142572529 54.320402760351435)
2021S051648120007,1,2,4,0,0,4,0,37,40,5,12,78,0,0,74,0,80,153,4.0,10.0,63.0,0.0,0.0,139.0,0.0,259.0,318.0,POINT (-111.36382644683314 54.01778454339344)
2021S051648120008,0,0,0,0,0,0,0,0,0,0,0,0,0,0,0,0,0,0,0.0,0.0,0.0,0.0,0.0,0.0,0.0,0.0,0.0,POINT (-110.2552425274885 54.5140955618198)
2021S051648120009,0,2,4,1,1,4,0,11,11,0,5,10,3,3,19,0,30,30,0.0,23.0,38.0,10.0,11.0,189.0,0.0,299.0,299.0,POINT (-110.1891491864019 54.4436026465155)
2021S051648120010,0,0,0,0,0,0,0,0,0,0,0,0,0,0,0,0,0,0,0.0,0.0,0.0,0.0,0.0,0.0,0.0,0.0,0.0,POINT (-110.15977873558636 54.45901073008914)
2021S051648120011,0,0,0,0,0,0,0,0,0,0,0,0,0,0,0,0,0,0,0.0,0.0,0.0,0.0,1.0,4.0,0.0,18.0,18.0,POINT (-110.29224040728415 54.30287174180732)
2021S051648120012,0,0,0,0,2,3,0,15,15,0,0,0,0,14,84,0,149,149,0.0,0.0,0.0,0.0,17.0,102.0,0.0,179.0,179.0,POINT (-110.74271689915832 54.26485160499751)
2021S051648120013,0,0,0,0,0,0,0,0,0,0,0,0,0,0,0,0,0,0,0.0,0.0,0.0,0.0,0.0,0.0,0.0,0.0,0.0,POINT (-111.73760541931578 53.97450378294078)
2021S051648120014,0,0,0,0,0,0,0,0,0,0,0,0,0,0,0,0,0,0,0.0,0.0,0.0,0.0,1.0,5.0,0.0,23.0,23.0,POINT (-110.83735659419678 54.107974992978484)
2021S051648120015,0,5,3,1,0,2,0,18,18,0,13,11,6,0,7,0,42,42,2.0,10.0,26.0,2.0,1.0,48.0,0.0,104.0,124.0,POINT (-111.29085601414025 53.99147996403296)
2021S051648120016,0,0,0,0,0,0,0,0,0,0,0,0,0,0,0,0,0,0,0.0,0.0,0.0,0.0,0.0,3.0,0.0,11.0,11.0,POINT (-110.44862390747953 53.95817883450142)
2021S051648120017,0,0,0,0,0,0,0,0,0,0,0,0,0,0,0,0,0,0,0.0,0.0,0.0,0.0,0.0,3.0,0.0,11.0,11.0,POINT (-110.39841862409304 53.86671791466108)
2021S051648130001,1,3,3,1,1,7,0,37,38,2,17,48,13,3,68,0,430,463,1.0,10.0,26.0,5.0,203.0,78.0,0.0,708.0,723.0,POINT (-113.07176718883956 54.87953639694936)
2021S051648130002,0,1,4,0,5,6,0,66,68,0,29,56,0,340,53,0,709,756,0.0,18.0,34.0,0.0,230.0,48.0,0.0,1005.0,1033.0,POINT (-115.24805723612437 54.19932248511281)
2021S051648130004,0,1,2,0,6,7,1,24,24,0,2,4,0,352,29,2,740,740,0.0,13.0,28.0,0.0,284.0,99.0,2.0,884.0,904.0,POINT (-115.65098177127567 54.13968380448257)
2021S051648130005,2,3,4,0,1,4,1,37,37,4,7,81,0,3,77,2,154,154,60.0,52.0,252.0,0.0,85.0,190.0,57.0,741.0,805.0,POINT (-114.70381157388218 53.866360233772895)
2021S051648130007,0,0,0,0,0,0,0,0,0,0,0,0,0,0,0,0,0,0,0.0,0.0,0.0,0.0,0.0,0.0,0.0,0.0,0.0,POINT (-114.51262917036343 53.74916301215951)
2021S051648130008,0,0,0,0,0,0,0,0,0,0,0,0,0,0,0,0,0,0,0.0,0.0,0.0,0.0,0.0,0.0,0.0,0.0,0.0,POINT (-114.8124190373786 54.342105866048676)
2021S051648130009,0,0,0,0,0,0,0,0,0,0,0,0,0,0,0,0,0,0,0.0,0.0,0.0,0.0,0.0,0.0,0.0,0.0,0.0,POINT (-115.81474121990031 54.22069557669058)
2021S051648130111,1,5,6,1,2,5,0,58,60,5,109,141,13,18,105,0,228,316,8.0,29.0,39.0,5.0,45.0,173.0,6.0,833.0,854.0,POINT (-113.76539051156921 54.246160219595616)
2021S051648140001,0,2,1,1,9,10,0,50,50,0,4,3,3,121,15,0,218,218,0.0,7.0,2.0,2.0,213.0,143.0,0.0,582.0,585.0,POINT (-116.92308048343723 53.626117778703986)
2021S051648140002,1,4,3,0,3,7,1,17,17,3,10,8,0,334,9,2,551,551,3.0,12.0,11.0,3.0,329.0,106.0,2.0,629.0,629.0,POINT (-117.58444062473474 53.390725567806314)
2021S051648140003,0,2,0,0,4,8,0,17,18,0,5,0,0,159,161,0,452,455,0.0,9.0,3.0,3.0,198.0,115.0,0.0,451.0,453.0,POINT (-116.45053955089752 53.589232449453114)
2021S051648150001,2,1,1,0,0,2,0,13,13,5,3,3,0,0,116,0,388,388,4.0,4.0,4.0,0.0,2.0,23.0,1.0,137.0,137.0,POINT (-116.23006159699622 51.713656608905374)
2021S051648150002,0,1,1,1,0,1,0,5,5,0,3,3,3,0,3,0,27,27,4.0,6.0,5.0,1.0,4.0,12.0,0.0,71.0,71.0,POINT (-115.57360303254522 51.17314078368975)
2021S051648150003,0,0,0,0,0,0,0,1,1,0,0,0,0,0,0,0,2,2,0.0,0.0,0.0,0.0,0.0,0.0,0.0,0.0,0.0,POINT (-114.85485575368375 51.162586290913936)
2021S051648150004,2,4,2,0,2,0,0,25,25,4,8,16,0,29,0,0,175,175,7.0,10.0,13.0,2.0,14.0,55.0,0.0,317.0,317.0,POINT (-115.35106688553843 51.06323998283198)
2021S051648150005,0,0,1,0,1,0,0,9,9,0,0,7,0,3,0,0,29,29,4.0,7.0,7.0,1.0,38.0,54.0,0.0,117.0,155.0,POINT (-114.51492155534885 49.58976423740735)
2021S051648150006,0,0,0,0,0,0,0,0,0,0,0,0,0,0,0,0,0,0,0.0,0.0,0.0,0.0,0.0,0.0,0.0,0.0,0.0,POINT (-114.75458732252825 51.326696310536825)
2021S051648160001,0,0,0,0,0,0,0,0,0,0,0,0,0,0,0,0,0,0,0.0,0.0,0.0,0.0,0.0,0.0,0.0,0.0,0.0,POINT (-112.74058643155043 59.18106690212731)
2021S051648160003,0,0,0,0,0,0,0,0,0,0,0,0,0,0,0,0,0,0,0.0,0.0,0.0,0.0,0.0,0.0,0.0,0.0,0.0,POINT (-111.85006887207659 59.99421817116751)
2021S051648160004,0,0,0,0,0,0,0,0,0,0,0,0,0,0,0,0,0,0,0.0,0.0,0.0,0.0,0.0,0.0,0.0,0.0,0.0,POINT (-111.68970701269001 59.878032286150464)
2021S051648160006,0,0,0,0,0,0,0,0,0,0,0,0,0,0,0,0,0,0,0.0,0.0,0.0,0.0,0.0,0.0,0.0,0.0,0.0,POINT (-111.03782207231062 58.77412919702019)
2021S051648160007,0,0,0,0,0,0,0,0,0,0,0,0,0,0,0,0,0,0,0.0,0.0,0.0,0.0,0.0,0.0,0.0,0.0,0.0,POINT (-111.18147134426151 58.71058021010519)
2021S051648160010,0,0,0,0,0,0,0,0,0,0,0,0,0,0,0,0,0,0,0.0,0.0,0.0,0.0,0.0,0.0,0.0,0.0,0.0,POINT (-111.49813886731197 58.4138955276091)
2021S051648160020,0,0,0,0,0,0,0,0,0,0,0,0,0,0,0,0,0,0,0.0,0.0,0.0,0.0,0.0,0.0,0.0,0.0,0.0,POINT (-111.18168682741259 56.445297571371434)
2021S051648160021,0,0,0,0,0,0,0,0,0,0,0,0,0,0,0,0,0,0,0.0,0.0,0.0,0.0,0.0,0.0,0.0,0.0,0.0,POINT (-111.1503907573635 56.410753522003034)
2021S051648160022,0,0,1,0,0,0,1,1,1,0,0,4,0,0,0,4,4,4,0.0,0.0,0.0,0.0,0.0,0.0,0.0,0.0,0.0,POINT (-110.72821695760113 55.936933779431506)
2021S051648160023,0,0,0,0,0,0,0,0,0,0,0,0,0,0,0,0,0,0,0.0,0.0,10.0,0.0,0.0,10.0,0.0,1.0,11.0,POINT (-111.61212654687745 57.16328973505493)
2021S051648162000,1,3,1,0,0,3,1,10,10,2,24,2,0,0,18,2,81,81,7.0,16.0,46.0,4.0,19.0,95.0,1.0,894.0,935.0,POINT (-111.32166941001292 56.66846252673953)
2021S051648162001,1,2,2,1,1,4,0,14,15,21,28,28,13,70,52,0,258,273,5.0,13.0,29.0,3.0,12.0,66.0,1.0,699.0,724.0,POINT (-111.36145381703878 56.71987497902279)
2021S051648162005,0,0,0,0,0,0,0,1,1,0,0,0,0,0,0,0,2,2,6.0,15.0,40.0,4.0,16.0,95.0,1.0,1075.0,1110.0,POINT (-111.45105651507589 56.777911713200155)
2021S051648162006,0,0,0,0,0,1,0,1,1,0,0,0,0,0,1,0,1,1,6.0,13.0,35.0,3.0,14.0,114.0,1.0,1586.0,1617.0,POINT (-111.47459450768504 56.762621335532586)
2021S051648162007,0,0,1,0,0,1,0,1,2,0,0,140,0,0,140,0,4,144,0.0,0.0,0.0,0.0,0.0,0.0,0.0,0.0,0.0,POINT (-111.70846198492785 57.68657653133415)
2021S051648162008,0,0,0,0,0,0,0,0,0,0,0,0,0,0,0,0,0,0,4.0,11.0,28.0,3.0,11.0,65.0,1.0,722.0,746.0,POINT (-111.42980102138826 56.726034168819005)
2021S051648162009,0,0,0,0,0,0,0,1,1,0,0,0,0,0,0,0,8,8,6.0,15.0,39.0,4.0,15.0,85.0,1.0,865.0,899.0,POINT (-111.43685428997111 56.736816055062675)
2021S051648162010,0,0,0,0,0,0,0,2,2,0,0,0,0,0,0,0,9,9,11.0,24.0,73.0,6.0,29.0,177.0,2.0,2012.0,2077.0,POINT (-111.45311319714898 56.75035406144034)
2021S051648170002,0,0,0,0,0,0,0,0,0,0,0,0,0,0,0,0,0,0,0.0,0.0,0.0,0.0,0.0,0.0,0.0,0.0,0.0,POINT (-117.75290963552175 59.055663008846565)
2021S051648170003,0,0,0,0,0,0,0,0,0,0,0,0,0,0,0,0,0,0,0.0,0.0,0.0,0.0,0.0,3.0,0.0,4.0,4.0,POINT (-118.72805951805728 58.75203940544198)
2021S051648170004,0,1,2,1,3,5,1,44,44,0,13,15,13,216,19,2,319,319,0.0,19.0,22.0,19.0,259.0,85.0,3.0,530.0,530.0,POINT (-118.47470726038074 57.20666039241502)
2021S051648170006,0,0,0,0,0,0,0,0,0,0,0,0,0,0,0,0,0,0,0.0,0.0,0.0,0.0,0.0,0.0,0.0,0.0,0.0,POINT (-117.02620188153428 58.4762924151987)
2021S051648170007,0,0,0,0,0,0,0,0,0,0,0,0,0,0,0,0,0,0,0.0,1.0,3.0,1.0,13.0,2.0,0.0,30.0,31.0,POINT (-116.56844933835349 58.47357709484629)
2021S051648170008,0,0,0,0,0,0,0,0,0,0,0,0,0,0,0,0,0,0,0.0,0.0,0.0,0.0,0.0,0.0,0.0,0.0,0.0,POINT (-116.24884399482166 58.443893638891886)
2021S051648170009,0,0,0,0,0,0,0,0,0,0,0,0,0,0,0,0,0,0,0.0,0.0,0.0,0.0,3.0,0.0,0.0,11.0,11.0,POINT (-115.10489535418353 58.489690798069766)
2021S051648170010,0,0,0,0,0,0,0,0,0,0,0,0,0,0,0,0,0,0,0.0,0.0,0.0,0.0,0.0,0.0,0.0,0.0,0.0,POINT (-115.73842689019635 58.443759882559874)
2021S051648170011,0,0,0,0,0,0,0,0,0,0,0,0,0,0,0,0,0,0,0.0,0.0,0.0,0.0,0.0,0.0,0.0,0.0,0.0,POINT (-115.99794744225368 58.38215215776796)
2021S051648170012,0,0,0,0,0,0,0,0,0,0,0,0,0,0,0,0,0,0,0.0,0.0,0.0,0.0,3.0,0.0,0.0,11.0,11.0,POINT (-114.52380499745037 58.453719675795966)
2021S051648170013,0,0,0,0,0,0,0,0,0,0,0,0,0,0,0,0,0,0,0.0,0.0,0.0,0.0,0.0,0.0,0.0,0.0,0.0,POINT (-115.58375119960684 58.05703909694431)
2021S051648170014,0,0,0,0,0,0,0,0,0,0,0,0,0,0,0,0,0,0,0.0,0.0,0.0,0.0,0.0,0.0,0.0,0.0,0.0,POINT (-117.10851797939645 57.791163269885786)
2021S051648170015,0,0,0,0,0,0,0,0,0,0,0,0,0,0,0,0,0,0,0.0,0.0,0.0,0.0,0.0,0.0,0.0,0.0,0.0,POINT (-115.40859724392452 57.90283887448763)
2021S051648170016,0,0,1,0,2,2,0,17,17,0,0,3,0,143,2,0,188,188,1.0,3.0,3.0,1.0,69.0,37.0,0.0,220.0,221.0,POINT (-114.23316243641855 56.323449663464146)
2021S051648170017,0,0,0,0,0,0,0,0,0,0,0,0,0,0,0,0,0,0,0.0,0.0,0.0,0.0,0.0,0.0,0.0,0.0,0.0,POINT (-118.8002869849429 56.53030514045776)
2021S051648170018,0,0,0,0,0,0,0,0,0,0,0,0,0,0,0,0,0,0,0.0,0.0,0.0,0.0,0.0,0.0,0.0,0.0,0.0,POINT (-116.54438297262027 56.495422271309614)
2021S051648170019,0,0,0,0,0,0,0,0,0,0,0,0,0,0,0,0,0,0,0.0,0.0,0.0,0.0,0.0,0.0,0.0,0.0,0.0,POINT (-116.09360472941465 56.47997127175951)
2021S051648170020,0,0,0,0,0,0,0,0,0,0,0,0,0,0,0,0,0,0,0.0,0.0,0.0,0.0,0.0,0.0,0.0,0.0,0.0,POINT (-116.13130357312383 56.439473319454144)
2021S051648170021,0,0,0,0,0,1,0,2,2,0,0,0,0,0,1,0,3,3,0.0,0.0,0.0,0.0,0.0,0.0,0.0,0.0,0.0,POINT (-115.36673523888265 56.53992831350733)
2021S051648170023,0,0,0,0,0,0,0,0,0,0,0,0,0,0,0,0,0,0,0.0,0.0,0.0,0.0,0.0,0.0,0.0,0.0,0.0,POINT (-115.47156955082546 55.95380462621927)
2021S051648170024,0,0,0,0,0,0,0,0,0,0,0,0,0,0,0,0,0,0,0.0,0.0,0.0,0.0,0.0,0.0,0.0,0.0,0.0,POINT (-115.36817365433615 55.93596386174703)
2021S051648170025,0,0,0,0,0,0,0,0,0,0,0,0,0,0,0,0,0,0,0.0,0.0,0.0,0.0,0.0,0.0,0.0,0.0,0.0,POINT (-113.83809584517267 56.150140794962326)
2021S051648170026,0,0,0,0,0,0,0,0,0,0,0,0,0,0,0,0,0,0,0.0,0.0,0.0,0.0,0.0,0.0,0.0,0.0,0.0,POINT (-116.26861840671607 55.61531671350601)
2021S051648170028,0,0,0,0,0,0,0,0,0,0,0,0,0,0,0,0,0,0,0.0,0.0,0.0,0.0,0.0,0.0,0.0,0.0,0.0,POINT (-116.15057036810727 55.54796848329629)
2021S051648170030,0,2,1,0,4,6,0,19,19,0,4,14,0,160,56,0,636,636,4.0,52.0,79.0,10.0,115.0,107.0,0.0,613.0,657.0,POINT (-114.30987905010625 55.199483370765634)
2021S051648170031,0,0,0,0,0,0,0,0,0,0,0,0,0,0,0,0,0,0,0.0,0.0,0.0,0.0,0.0,0.0,0.0,8.0,8.0,POINT (-113.97038533326086 55.95738019134863)
2021S051648170032,0,0,0,0,0,0,0,0,0,0,0,0,0,0,0,0,0,0,0.0,0.0,0.0,0.0,8.0,0.0,0.0,22.0,22.0,POINT (-116.13775645712559 55.45106675662177)
2021S051648170033,0,0,0,0,0,0,0,0,0,0,0,0,0,0,0,0,0,0,0.0,0.0,0.0,0.0,0.0,0.0,0.0,8.0,8.0,POINT (-113.88589343107432 55.905926152642785)
2021S051648170034,0,0,0,0,0,0,0,0,0,0,0,0,0,0,0,0,0,0,0.0,0.0,0.0,0.0,0.0,5.0,0.0,5.0,5.0,POINT (-113.76208001056438 55.94908647877977)
2021S051648170035,0,0,0,0,0,0,0,0,0,0,0,0,0,0,0,0,0,0,0.0,0.0,0.0,0.0,0.0,0.0,0.0,0.0,0.0,POINT (-113.79861744871559 55.94596848336165)
2021S051648170036,0,0,0,0,0,0,0,0,0,0,0,0,0,0,0,0,0,0,0.0,0.0,0.0,0.0,0.0,0.0,0.0,0.0,0.0,POINT (-113.5206931401086 55.88003795672899)
2021S051648170037,0,0,0,0,0,0,0,0,0,0,0,0,0,0,0,0,0,0,0.0,0.0,0.0,0.0,8.0,0.0,0.0,22.0,22.0,POINT (-115.7690451578044 55.3595843806617)
2021S051648170038,0,0,0,0,0,0,0,0,0,0,0,0,0,0,0,0,0,0,0.0,0.0,0.0,0.0,0.0,0.0,0.0,0.0,0.0,POINT (-115.44959275139863 55.34656151852709)
2021S051648170039,0,0,0,0,0,0,0,1,1,0,0,0,0,0,0,0,2,2,0.0,0.0,0.0,0.0,0.0,0.0,0.0,0.0,0.0,POINT (-114.88762218244582 55.3058284716229)
2021S051648170040,0,0,0,0,0,0,0,0,0,0,0,0,0,0,0,0,0,0,0.0,0.0,0.0,0.0,0.0,0.0,0.0,0.0,0.0,POINT (-114.66880914357384 55.290430553289376)
2021S051648170041,0,0,0,0,0,0,0,0,0,0,0,0,0,0,0,0,0,0,0.0,0.0,0.0,0.0,0.0,0.0,0.0,0.0,0.0,POINT (-113.22064947200154 55.264140281934715)
2021S051648170042,0,0,0,0,0,0,0,0,0,0,0,0,0,0,0,0,0,0,0.0,0.0,0.0,0.0,0.0,0.0,0.0,0.0,0.0,POINT (-115.39082624088766 55.48444375796235)
2021S051648170043,0,0,0,0,0,0,0,0,0,0,0,0,0,0,0,0,0,0,0.0,0.0,0.0,0.0,0.0,0.0,0.0,0.0,0.0,POINT (-116.40816240864832 56.54248914486735)
2021S051648170044,0,0,0,0,0,0,0,0,0,0,0,0,0,0,0,0,0,0,0.0,0.0,0.0,0.0,0.0,0.0,0.0,0.0,0.0,POINT (-116.13242281145574 55.55512197759738)
2021S051648170045,0,0,0,0,0,0,0,0,0,0,0,0,0,0,0,0,0,0,0.0,0.0,0.0,0.0,0.0,0.0,0.0,0.0,0.0,POINT (-114.67734703817153 56.56010566743932)
2021S051648170111,0,2,4,2,34,6,0,78,79,0,9,23,9,778,50,0,1187,1194,0.0,6.0,18.0,6.0,685.0,25.0,0.0,1167.0,1172.0,POINT (-116.93879915010082 58.736597267874075)
2021S051648170603,0,0,0,0,4,5,0,22,22,0,0,0,0,186,12,0,500,500,0.0,0.0,0.0,0.0,189.0,46.0,0.0,461.0,461.0,POINT (-116.10630303546789 55.18023502944035)
2021S051648180002,0,0,0,0,0,0,0,0,0,0,0,0,0,0,0,0,0,0,0.0,0.0,0.0,0.0,0.0,0.0,0.0,0.0,0.0,POINT (-117.46070094603087 55.125442788329295)
2021S051648180003,0,0,0,0,0,0,0,0,0,0,0,0,0,0,0,0,0,0,0.0,0.0,0.0,0.0,2.0,3.0,0.0,17.0,17.0,POINT (-117.50103420765092 55.04208885849566)
2021S051648180004,0,1,1,0,5,6,0,38,38,0,15,15,0,245,81,0,426,426,0.0,14.0,14.0,0.0,275.0,160.0,0.0,637.0,637.0,POINT (-118.39167160225854 54.552595491461986)
2021S051648190001,0,0,0,0,2,4,0,32,32,0,0,0,0,13,30,0,113,113,0.0,0.0,0.0,0.0,57.0,51.0,0.0,248.0,248.0,POINT (-119.00745317733944 55.90232312501981)
2021S051648190002,1,2,0,0,1,5,0,34,34,2,4,0,0,3,11,0,281,281,2.0,3.0,2.0,0.0,77.0,38.0,0.0,409.0,409.0,POINT (-117.55317833388294 56.18648933440822)
2021S051648190003,0,0,0,0,0,0,0,0,0,0,0,0,0,0,0,0,0,0,0.0,0.0,0.0,0.0,0.0,0.0,0.0,0.0,0.0,POINT (-117.85214989420338 56.101585100939836)
2021S051648190004,0,0,0,0,0,1,0,47,47,0,0,0,0,0,8,0,114,114,0.0,0.0,0.0,0.0,0.0,35.0,0.0,217.0,217.0,POINT (-117.27983577881604 55.75224545405548)
2021S051648190006,0,0,0,0,0,0,0,0,0,0,0,0,0,0,0,0,0,0,0.0,0.0,0.0,0.0,1.0,0.0,0.0,11.0,11.0,POINT (-119.71792954174947 55.35039526328169)
2021S051648190007,0,0,1,0,1,1,0,5,5,0,0,52,0,30,3,0,89,89,0.0,0.0,0.0,0.0,0.0,6.0,0.0,16.0,16.0,POINT (-119.55828011795086 55.326947589005705)
2021S051648190008,0,0,1,0,2,3,1,15,15,0,0,2,0,6,5,2,117,117,4.0,10.0,21.0,6.0,2.0,29.0,3.0,140.0,141.0,POINT (-119.42624947912105 55.208401276380805)
2021S051648190009,0,1,2,1,0,3,0,11,11,0,3,10,3,0,48,0,76,76,4.0,13.0,17.0,2.0,18.0,41.0,2.0,122.0,126.0,POINT (-118.77852813491035 55.35098346980456)
2021S051648190010,0,1,2,0,0,3,1,10,10,0,2,4,0,0,4,2,14,14,5.0,20.0,28.0,5.0,67.0,104.0,2.0,273.0,280.0,POINT (-118.90005694696954 55.11127931855768)
2021S051648190011,1,0,0,0,0,1,0,7,7,2,0,0,0,0,1,0,10,10,5.0,11.0,15.0,2.0,28.0,25.0,2.0,105.0,108.0,POINT (-119.14115684610223 55.157864643250356)
2021S051648190012,2,4,5,1,0,8,1,35,36,23,87,146,64,0,85,9,229,236,26.0,94.0,165.0,68.0,15.0,256.0,13.0,843.0,851.0,POINT (-119.29060864685233 55.2764903035038)
2021S051648192000,2,7,10,0,10,13,1,48,52,10,113,186,0,854,297,2,1716,1820,7.0,24.0,34.0,6.0,77.0,127.0,3.0,319.0,328.0,POINT (-118.89615675404784 55.190354512303166)
2021S051648192001,0,1,0,0,1,5,0,10,10,0,2,0,0,3,6,0,20,20,6.0,34.0,50.0,10.0,110.0,165.0,3.0,419.0,433.0,POINT (-118.7480494508061 55.18703841184858)
2021S051648192002,0,2,2,2,1,7,0,11,11,0,6,6,6,3,13,0,19,19,6.0,35.0,51.0,10.0,124.0,157.0,3.0,431.0,446.0,POINT (-118.75465400523315 55.16339541431433)
2021S051648192003,0,2,1,1,0,2,0,4,4,0,5,3,3,0,4,0,7,7,4.0,15.0,20.0,3.0,46.0,43.0,2.0,157.0,162.0,POINT (-118.79243998658009 55.16239548077695)
2021S051648192004,0,0,0,0,0,2,0,3,3,0,0,0,0,0,3,0,41,41,6.0,35.0,51.0,10.0,130.0,153.0,3.0,433.0,448.0,POINT (-118.79373855734792 55.13567076204273)
2021S051648192005,0,1,1,1,0,4,0,5,5,0,3,3,3,0,7,0,8,8,8.0,40.0,60.0,11.0,158.0,180.0,3.0,513.0,531.0,POINT (-118.82376246141618 55.14666756280779)
2021S051659010001,2,3,4,0,9,3,0,43,45,3,7,17,0,396,22,0,533,547,10.0,23.0,23.0,0.0,327.0,17.0,4.0,466.0,478.0,POINT (-115.60493360439023 50.53292618429539)
2021S051659010002,0,0,1,0,1,0,0,2,2,0,0,2,0,2,0,0,67,67,2.0,2.0,4.0,0.0,9.0,2.0,0.0,23.0,24.0,POINT (-116.02198673358158 50.53757482953778)
2021S051659010003,0,0,0,0,0,0,0,0,0,0,0,0,0,0,0,0,0,0,2.0,2.0,4.0,0.0,9.0,2.0,0.0,23.0,24.0,POINT (-115.91223004698494 50.40913453212338)
2021S051659010004,1,4,3,0,7,3,0,23,25,20,18,12,0,320,36,0,378,413,9.0,15.0,13.0,2.0,222.0,70.0,0.0,413.0,465.0,POINT (-114.81072740384288 49.73432594574934)
2021S051659010005,0,1,2,0,4,1,0,17,18,0,7,8,0,11,7,0,45,52,0.0,50.0,57.0,0.0,64.0,50.0,0.0,396.0,446.0,POINT (-115.60037713828397 49.49101642228039)
2021S051659010006,0,2,0,0,0,1,0,6,6,0,6,0,0,0,3,0,23,23,11.0,13.0,31.0,1.0,115.0,36.0,0.0,276.0,303.0,POINT (-115.98652132776499 49.673976482883845)
2021S051659010007,0,0,0,0,0,0,0,0,0,0,0,0,0,0,0,0,0,0,0.0,0.0,0.0,0.0,1.0,0.0,0.0,13.0,13.0,POINT (-115.74097115103625 49.64195458323808)
2021S051659010008,0,0,0,0,0,0,0,0,0,0,0,0,0,0,0,0,0,0,0.0,0.0,0.0,0.0,0.0,0.0,0.0,0.0,0.0,POINT (-115.78418093917654 49.610475797711594)
2021S051659010009,3,4,5,1,6,4,0,17,19,32,26,95,3,70,111,0,144,234,9.0,10.0,15.0,1.0,76.0,22.0,0.0,156.0,171.0,POINT (-115.76385120894182 49.54592094465872)
2021S051659010010,0,2,0,0,0,2,0,13,13,0,10,0,0,0,2,0,118,118,13.0,14.0,23.0,1.0,121.0,31.0,0.0,216.0,239.0,POINT (-115.77234618317172 49.49967428028345)
2021S051659010011,0,0,0,0,0,0,0,0,0,0,0,0,0,0,0,0,0,0,0.0,0.0,0.0,0.0,0.0,0.0,0.0,0.0,0.0,POINT (-115.5988429075432 49.54551401180765)
2021S051659010012,0,0,0,0,0,0,0,0,0,0,0,0,0,0,0,0,0,0,0.0,0.0,0.0,0.0,0.0,0.0,0.0,0.0,0.0,POINT (-115.56523730646663 49.491347580771254)
2021S051659010013,0,0,0,0,1,0,0,2,2,0,0,0,0,6,0,0,8,8,0.0,0.0,0.0,0.0,0.0,1.0,0.0,0.0,1.0,POINT (-115.1010443533501 49.04179465498394)
2021S051659010014,0,0,0,0,0,0,0,0,0,0,0,0,0,0,0,0,0,0,0.0,0.0,0.0,0.0,0.0,0.0,0.0,0.0,0.0,POINT (-115.7678200262119 49.582487996677735)
2021S051659030002,1,0,3,1,7,1,0,17,18,3,0,18,3,330,3,0,406,409,4.0,0.0,21.0,4.0,390.0,4.0,0.0,417.0,421.0,POINT (-117.94215211578937 49.90363454658883)
2021S051659030003,0,4,4,0,7,2,1,30,31,0,28,24,0,109,5,9,200,203,2.0,10.0,11.0,1.0,136.0,7.0,2.0,293.0,297.0,POINT (-117.18312323612743 50.3005214109566)
2021S051659030004,0,5,3,1,12,1,0,59,59,0,13,9,3,307,3,0,487,487,2.0,53.0,20.0,2.0,231.0,6.0,5.0,638.0,640.0,POINT (-116.8966151218023 49.3158030777296)
2021S051659030005,1,8,4,0,4,1,0,29,30,12,53,25,0,28,7,0,142,149,4.0,15.0,14.0,2.0,90.0,4.0,2.0,206.0,208.0,POINT (-117.29507181143846 49.492982942384515)
2021S051659030006,0,2,3,1,1,1,0,8,8,0,5,6,3,57,3,0,159,159,5.0,29.0,21.0,4.0,135.0,95.0,2.0,362.0,365.0,POINT (-117.66514999230664 49.30373772872983)
2021S051659030007,0,2,0,0,2,0,0,18,18,0,59,0,0,36,0,0,162,162,0.0,28.0,4.0,2.0,129.0,2.0,0.0,258.0,258.0,POINT (-116.51681880393411 49.10676147857026)
2021S051659030008,0,0,0,0,0,0,0,0,0,0,0,0,0,0,0,0,0,0,0.0,0.0,0.0,0.0,0.0,0.0,0.0,0.0,0.0,POINT (-116.52780636923617 49.05603447968459)
2021S051659032000,1,2,2,0,0,0,0,9,9,3,4,4,0,0,0,0,56,56,2.0,10.0,7.0,2.0,116.0,2.0,0.0,276.0,276.0,POINT (-117.21156499722589 49.55615724844392)
2021S051659050001,3,6,7,1,8,4,0,44,46,37,86,121,11,173,157,0,382,452,21.0,57.0,74.0,6.0,101.0,89.0,0.0,410.0,458.0,POINT (-118.74942105823303 49.35681946777773)
2021S051659050003,1,4,1,1,0,3,0,10,10,3,24,6,6,0,529,0,580,580,2.0,14.0,12.0,4.0,122.0,100.0,0.0,314.0,316.0,POINT (-117.69102000231635 49.09600653170161)
2021S051659050004,0,0,0,0,0,0,0,0,0,0,0,0,0,0,0,0,0,0,2.0,7.0,7.0,3.0,27.0,50.0,0.0,104.0,106.0,POINT (-117.74865643164738 49.0943006005228)
2021S051659050005,0,0,0,0,1,0,0,4,4,0,0,0,0,3,0,0,77,77,2.0,14.0,12.0,4.0,132.0,108.0,0.0,335.0,337.0,POINT (-117.57041003440393 49.1062032020233)
2021S051659050006,0,3,2,1,1,2,0,9,10,0,15,9,6,3,9,0,50,53,0.0,82.0,49.0,31.0,18.0,49.0,0.0,275.0,293.0,POINT (-117.88536447448725 49.13134465863904)
2021S051659070001,1,1,0,0,4,0,0,83,83,32,32,0,0,162,0,0,630,630,17.0,21.0,9.0,2.0,53.0,2.0,0.0,521.0,521.0,POINT (-120.40259871639616 49.344570466934286)
2021S051659070003,0,1,0,0,0,0,0,21,21,0,28,0,0,0,0,0,113,113,17.0,25.0,21.0,1.0,15.0,14.0,3.0,167.0,173.0,POINT (-119.50066361516808 49.64057540578749)
2021S051659070004,6,8,8,1,1,4,0,71,74,18,64,89,3,3,46,0,453,498,29.0,43.0,39.0,4.0,54.0,25.0,9.0,388.0,400.0,POINT (-119.6992518804728 49.640025007722784)
2021S051659070005,0,2,2,0,2,1,0,4,5,0,9,16,0,19,15,0,28,43,11.0,15.0,15.0,1.0,12.0,6.0,2.0,91.0,94.0,POINT (-119.69229600421492 49.48706535501067)
2021S051659070006,1,4,2,0,0,0,0,36,36,2,37,5,0,0,0,0,228,228,30.0,43.0,45.0,2.0,44.0,24.0,10.0,240.0,253.0,POINT (-119.56365748838805 49.51961792665927)
2021S051659070007,0,0,0,0,0,0,0,1,1,0,0,0,0,0,0,0,2,2,0.0,0.0,0.0,0.0,0.0,0.0,0.0,3.0,3.0,POINT (-120.08264236793268 49.34457553147473)
2021S051659070008,1,4,4,1,1,3,1,15,16,3,12,50,3,3,7,41,166,169,28.0,39.0,37.0,1.0,34.0,13.0,10.0,182.0,191.0,POINT (-119.60222253833308 49.49273713607068)
2021S051659070009,2,3,3,0,2,2,0,24,26,4,44,106,0,329,42,0,574,616,24.0,32.0,31.0,1.0,26.0,10.0,7.0,179.0,186.0,POINT (-119.58801640239827 49.45246083194006)
2021S051659070010,6,5,3,0,3,1,1,19,20,178,107,86,0,9,7,70,267,270,30.0,41.0,39.0,1.0,37.0,16.0,11.0,214.0,225.0,POINT (-119.56410784252792 49.46918515819976)
2021S051659070011,0,0,0,0,0,0,0,0,0,0,0,0,0,0,0,0,0,0,0.0,0.0,0.0,0.0,0.0,0.0,0.0,2.0,2.0,POINT (-120.01475203499994 49.24469817842059)
2021S051659070012,0,0,0,0,0,0,0,0,0,0,0,0,0,0,0,0,0,0,0.0,0.0,0.0,0.0,0.0,0.0,0.0,0.0,0.0,POINT (-119.91699743710389 49.218807824347515)
2021S051659070014,0,0,0,0,0,0,0,0,0,0,0,0,0,0,0,0,0,0,0.0,0.0,0.0,0.0,0.0,0.0,0.0,0.0,0.0,POINT (-119.73207883441921 49.18239775015599)
2021S051659070015,0,0,0,0,1,0,0,2,2,0,0,0,0,2,0,0,3,3,6.0,11.0,9.0,1.0,10.0,5.0,0.0,64.0,66.0,POINT (-119.49330848335266 49.12959489265498)
2021S051659070016,0,0,0,0,0,0,0,0,0,0,0,0,0,0,0,0,0,0,0.0,0.0,0.0,0.0,0.0,0.0,0.0,0.0,0.0,POINT (-119.73893128261254 49.11748440478698)
2021S051659070017,0,0,0,0,0,0,0,0,0,0,0,0,0,0,0,0,0,0,0.0,0.0,0.0,0.0,1.0,0.0,0.0,20.0,20.0,POINT (-119.72366826479737 49.03808851725481)
2021S051659070018,0,0,0,0,0,0,0,0,0,0,0,0,0,0,0,0,0,0,0.0,0.0,0.0,0.0,0.0,0.0,0.0,0.0,0.0,POINT (-120.22914702839563 49.40389788000293)
2021S051659070019,2,4,3,0,2,0,0,36,36,75,90,18,0,16,0,0,169,169,54.0,55.0,41.0,1.0,7.0,12.0,13.0,219.0,229.0,POINT (-119.8180444297965 49.44620177355188)
2021S051659070111,4,7,6,2,3,2,0,167,167,18,32,24,6,6,6,0,881,881,22.0,28.0,12.0,3.0,69.0,3.0,0.0,673.0,673.0,POINT (-119.33492119238737 49.19449152847158)
2021S051659090001,1,3,1,1,2,1,0,62,62,3,18,3,3,2,2,0,311,311,16.0,18.0,7.0,3.0,4.0,2.0,0.0,355.0,355.0,POINT (-121.83201197051145 49.56210083147545)
2021S051659090002,0,0,0,0,0,0,0,0,0,0,0,0,0,0,0,0,0,0,0.0,0.0,0.0,0.0,0.0,0.0,0.0,0.0,0.0,POINT (-122.52882043696107 50.12245624732549)
2021S051659090003,0,0,0,0,0,0,0,0,0,0,0,0,0,0,0,0,0,0,0.0,0.0,0.0,0.0,0.0,0.0,0.0,0.0,0.0,POINT (-122.53939225913241 50.051554276391876)
2021S051659090004,0,0,0,0,0,0,0,0,0,0,0,0,0,0,0,0,0,0,0.0,0.0,0.0,0.0,0.0,0.0,0.0,0.0,0.0,POINT (-122.44996861512881 49.986656835613424)
2021S051659090005,0,0,0,0,0,0,0,0,0,0,0,0,0,0,0,0,0,0,0.0,0.0,0.0,0.0,0.0,0.0,0.0,0.0,0.0,POINT (-122.4108047964975 49.942274197517726)
2021S051659090006,0,0,0,0,0,0,0,0,0,0,0,0,0,0,0,0,0,0,0.0,0.0,0.0,0.0,0.0,0.0,0.0,0.0,0.0,POINT (-121.50843447321968 50.000950218750475)
2021S051659090007,0,0,0,0,0,0,0,0,0,0,0,0,0,0,0,0,0,0,0.0,0.0,0.0,0.0,0.0,0.0,0.0,0.0,0.0,POINT (-122.22164878114037 49.77422514409736)
2021S051659090008,0,0,0,0,0,0,0,0,0,0,0,0,0,0,0,0,0,0,0.0,0.0,0.0,0.0,0.0,0.0,0.0,0.0,0.0,POINT (-122.18317274719922 49.75594022831918)
2021S051659090009,0,0,0,0,0,0,0,0,0,0,0,0,0,0,0,0,0,0,0.0,0.0,0.0,0.0,0.0,0.0,0.0,0.0,0.0,POINT (-121.48989661956236 49.98953691393059)
2021S051659090010,0,0,0,0,0,0,0,0,0,0,0,0,0,0,0,0,0,0,0.0,0.0,0.0,0.0,0.0,0.0,0.0,0.0,0.0,POINT (-121.48504235371881 49.961544042510646)
2021S051659090011,0,0,0,0,0,0,0,0,0,0,0,0,0,0,0,0,0,0,0.0,0.0,0.0,0.0,0.0,0.0,0.0,0.0,0.0,POINT (-121.47871440886901 49.93992225070413)
2021S051659090012,0,0,0,0,0,0,0,0,0,0,0,0,0,0,0,0,0,0,0.0,0.0,0.0,0.0,0.0,0.0,0.0,0.0,0.0,POINT (-121.4477568965369 49.91180195245623)
2021S051659090013,0,0,0,0,0,0,0,0,0,0,0,0,0,0,0,0,0,0,0.0,0.0,0.0,0.0,0.0,0.0,0.0,0.0,0.0,POINT (-121.45310541734311 49.870444920473076)
2021S051659090014,0,0,0,0,0,0,0,0,0,0,0,0,0,0,0,0,0,0,0.0,0.0,0.0,0.0,0.0,0.0,0.0,0.0,0.0,POINT (-121.43365091907876 49.83538303767457)
2021S051659090015,0,0,0,0,0,0,0,0,0,0,0,0,0,0,0,0,0,0,0.0,0.0,0.0,0.0,0.0,0.0,0.0,0.0,0.0,POINT (-121.42893845981177 49.828619427020165)
2021S051659090017,0,0,0,0,0,0,0,0,0,0,0,0,0,0,0,0,0,0,0.0,0.0,0.0,0.0,0.0,0.0,0.0,0.0,0.0,POINT (-121.41568907594414 49.65896977870689)
2021S051659090018,0,0,0,0,0,0,0,0,0,0,0,0,0,0,0,0,0,0,0.0,0.0,0.0,0.0,0.0,0.0,0.0,0.0,0.0,POINT (-121.39525816340719 49.63121322960198)
2021S051659090019,0,0,0,0,0,0,0,0,0,0,0,0,0,0,0,0,0,0,0.0,0.0,0.0,0.0,0.0,0.0,0.0,0.0,0.0,POINT (-121.42372000748517 49.56204788805842)
2021S051659090020,0,0,0,0,0,0,0,0,0,0,0,0,0,0,0,0,0,0,0.0,0.0,0.0,0.0,0.0,0.0,0.0,0.0,0.0,POINT (-121.42178720221943 49.52204374268699)
2021S051659090023,0,0,0,0,0,0,0,0,0,0,0,0,0,0,0,0,0,0,0.0,0.0,0.0,0.0,0.0,0.0,0.0,0.0,0.0,POINT (-121.42553237544521 49.470772979556955)
2021S051659090024,0,0,0,0,0,0,0,0,0,0,0,0,0,0,0,0,0,0,0.0,0.0,0.0,0.0,1.0,0.0,0.0,27.0,27.0,POINT (-121.90769906319578 49.29821698416833)
2021S051659090025,1,2,4,0,2,2,1,35,37,59,74,81,0,41,5,4,242,260,18.0,34.0,36.0,2.0,25.0,18.0,4.0,263.0,279.0,POINT (-121.85592914927611 49.25113375437273)
2021S051659090026,0,0,0,0,0,0,0,0,0,0,0,0,0,0,0,0,0,0,0.0,0.0,0.0,0.0,0.0,0.0,0.0,0.0,0.0,POINT (-121.43437619615031 49.4485270013107)
2021S051659090028,1,0,1,0,0,0,0,4,4,4,0,33,0,0,0,0,43,43,44.0,64.0,74.0,7.0,56.0,42.0,8.0,363.0,394.0,POINT (-122.30121633520622 49.14841549866286)
2021S051659090030,0,0,0,0,0,0,0,0,0,0,0,0,0,0,0,0,0,0,13.0,19.0,21.0,2.0,8.0,11.0,2.0,91.0,95.0,POINT (-122.00206890995244 49.240106133956324)
2021S051659090031,0,0,0,0,0,0,0,1,1,0,0,0,0,0,0,0,1,1,11.0,19.0,18.0,2.0,10.0,7.0,2.0,104.0,108.0,POINT (-121.78331777718518 49.29765381200798)
2021S051659090032,0,0,0,0,0,0,0,0,0,0,0,0,0,0,0,0,0,0,0.0,0.0,0.0,0.0,0.0,0.0,0.0,0.0,0.0,POINT (-122.35326886798332 49.108971821683724)
2021S051659090033,0,0,0,0,0,0,0,0,0,0,0,0,0,0,0,0,0,0,0.0,0.0,0.0,0.0,0.0,0.0,0.0,0.0,0.0,POINT (-121.54809537733004 49.372551402958884)
2021S051659090035,0,0,0,0,0,0,0,0,0,0,0,0,0,0,0,0,0,0,0.0,0.0,0.0,0.0,0.0,0.0,0.0,0.0,0.0,POINT (-121.59212006259857 49.362083214208795)
2021S051659090036,0,0,0,0,0,0,0,0,0,0,0,0,0,0,0,0,0,0,0.0,0.0,0.0,0.0,0.0,0.0,0.0,0.0,0.0,POINT (-121.6132401151158 49.35195485037566)
2021S051659090037,0,0,0,0,0,0,0,0,0,0,0,0,0,0,0,0,0,0,13.0,19.0,21.0,2.0,8.0,11.0,2.0,91.0,95.0,POINT (-122.01913502943972 49.21053040328261)
2021S051659090038,0,0,0,0,0,0,0,0,0,0,0,0,0,0,0,0,0,0,0.0,0.0,0.0,0.0,0.0,0.0,0.0,0.0,0.0,POINT (-121.45499641056254 49.39694371118537)
2021S051659090039,0,0,0,0,0,0,0,0,0,0,0,0,0,0,0,0,0,0,0.0,0.0,0.0,0.0,0.0,0.0,0.0,0.0,0.0,POINT (-121.93910035404616 49.232288329818985)
2021S051659090040,0,0,0,0,0,0,0,0,0,0,0,0,0,0,0,0,0,0,0.0,0.0,0.0,0.0,0.0,0.0,0.0,0.0,0.0,POINT (-121.60711426547212 49.33854279167933)
2021S051659090041,0,0,0,0,0,0,0,2,2,0,0,0,0,0,0,0,34,34,0.0,0.0,0.0,0.0,0.0,1.0,0.0,14.0,14.0,POINT (-122.07635078022386 49.185003347040336)
2021S051659090042,0,0,0,0,0,0,0,0,0,0,0,0,0,0,0,0,0,0,6.0,10.0,10.0,1.0,4.0,6.0,1.0,45.0,47.0,POINT (-121.710911634579 49.27414536204374)
2021S051659090043,0,0,0,0,0,0,0,0,0,0,0,0,0,0,0,0,0,0,16.0,21.0,24.0,2.0,8.0,11.0,2.0,106.0,110.0,POINT (-122.0881316425796 49.169277387949485)
2021S051659090044,0,1,0,0,0,0,0,20,20,0,7,0,0,0,0,0,112,112,63.0,110.0,124.0,11.0,91.0,68.0,14.0,672.0,728.0,POINT (-122.36036007911736 49.068106637483794)
2021S051659090045,1,3,3,0,1,0,0,122,122,20,5,4,0,3,0,0,798,798,21.0,44.0,44.0,2.0,37.0,25.0,4.0,565.0,588.0,POINT (-121.85604436699498 49.191302526252954)
2021S051659090046,8,17,16,2,9,5,1,56,59,106,469,352,14,239,118,10,930,1170,30.0,71.0,76.0,3.0,57.0,42.0,5.0,358.0,398.0,POINT (-122.0271914620764 49.15418364078907)
2021S051659090047,0,0,0,0,0,0,0,0,0,0,0,0,0,0,0,0,0,0,0.0,0.0,0.0,0.0,0.0,0.0,0.0,0.0,0.0,POINT (-121.65294494827124 49.302859474935964)
2021S051659090051,2,7,6,0,4,2,0,82,84,156,131,120,0,238,5,0,1225,1263,31.0,52.0,55.0,3.0,42.0,30.0,6.0,405.0,429.0,POINT (-122.02897290561327 49.1109778172563)
2021S051659090052,0,0,0,0,1,0,0,9,9,0,0,0,0,3,0,0,32,32,29.0,67.0,69.0,3.0,57.0,37.0,5.0,368.0,406.0,POINT (-121.94459898738042 49.189061738322344)
2021S051659090053,0,1,1,0,1,0,0,10,11,0,7,7,0,3,0,0,57,64,35.0,55.0,62.0,6.0,43.0,34.0,8.0,373.0,399.0,POINT (-122.32981307942565 49.06928126627917)
2021S051659090054,0,0,0,0,0,0,0,0,0,0,0,0,0,0,0,0,0,0,0.0,0.0,0.0,0.0,0.0,0.0,0.0,0.0,0.0,POINT (-121.96664175408185 49.18449414570672)
2021S051659090055,0,0,0,0,0,0,0,0,0,0,0,0,0,0,0,0,0,0,13.0,19.0,21.0,2.0,8.0,11.0,2.0,90.0,94.0,POINT (-121.9969860206971 49.167998520915866)
2021S051659090057,1,1,2,0,1,1,0,9,10,1,7,8,0,35,7,0,52,59,61.0,101.0,114.0,11.0,84.0,63.0,13.0,549.0,600.0,POINT (-122.3460092967821 49.04731008843168)
2021S051659090058,0,0,0,0,0,0,0,0,0,0,0,0,0,0,0,0,0,0,13.0,20.0,22.0,2.0,9.0,11.0,2.0,93.0,98.0,POINT (-121.9763998211847 49.176342442999676)
2021S051659090061,0,0,2,0,6,1,0,16,16,0,0,8,0,34,3,0,82,82,30.0,70.0,73.0,3.0,62.0,40.0,5.0,358.0,400.0,POINT (-121.96269236157801 49.17059937704228)
2021S051659090062,0,2,2,0,1,0,0,14,14,0,2,2,0,3,0,0,137,137,40.0,61.0,68.0,6.0,49.0,38.0,8.0,313.0,342.0,POINT (-122.31273630471404 49.051630833033805)
2021S051659090063,0,0,0,0,0,0,0,0,0,0,0,0,0,0,0,0,0,0,13.0,19.0,21.0,2.0,8.0,11.0,2.0,90.0,94.0,POINT (-121.97545688314527 49.15567796670147)
2021S051659090064,0,0,0,0,0,0,0,0,0,0,0,0,0,0,0,0,0,0,0.0,0.0,0.0,0.0,0.0,0.0,0.0,0.0,0.0,POINT (-121.97869976788652 49.164766943925564)
2021S051659090066,1,4,3,0,4,0,1,18,18,3,16,24,0,87,0,20,182,182,35.0,83.0,86.0,4.0,74.0,46.0,7.0,409.0,459.0,POINT (-121.93412747359221 49.173726639350846)
2021S051659090068,0,2,0,0,1,0,0,7,7,0,6,0,0,3,0,0,45,45,41.0,64.0,71.0,6.0,50.0,42.0,8.0,358.0,389.0,POINT (-122.3273866727858 49.04067399814279)
2021S051659090069,0,1,1,0,0,0,0,5,5,0,1,1,0,0,0,0,46,46,48.0,71.0,81.0,8.0,54.0,46.0,9.0,371.0,404.0,POINT (-122.30352353987848 49.03906581687996)
2021S051659090071,1,2,2,0,2,0,0,7,7,3,18,4,0,4,0,0,29,29,41.0,85.0,90.0,6.0,72.0,50.0,8.0,400.0,448.0,POINT (-122.24228087587309 49.04524390280616)
2021S051659090072,0,0,0,0,0,0,0,0,0,0,0,0,0,0,0,0,0,0,0.0,0.0,0.0,0.0,0.0,0.0,0.0,0.0,0.0,POINT (-121.99105897634358 49.14965865295416)
2021S051659090073,0,0,0,0,0,0,0,0,0,0,0,0,0,0,0,0,0,0,0.0,0.0,0.0,0.0,0.0,0.0,0.0,0.0,0.0,POINT (-121.75922556930303 49.218299930429644)
2021S051659090074,0,1,1,0,0,0,0,7,7,0,5,5,0,0,0,0,32,32,23.0,50.0,51.0,3.0,42.0,27.0,4.0,264.0,291.0,POINT (-121.9649441179456 49.13110105475765)
2021S051659090075,0,0,0,0,0,0,0,2,2,0,0,0,0,0,0,0,5,5,20.0,21.0,25.0,2.0,9.0,11.0,4.0,109.0,113.0,POINT (-122.19265108636856 49.052650455639416)
2021S051659090076,0,0,0,0,0,0,0,0,0,0,0,0,0,0,0,0,0,0,0.0,0.0,0.0,0.0,0.0,0.0,0.0,0.0,0.0,POINT (-121.83289106979248 49.17788847071684)
2021S051659090077,0,0,0,0,0,0,0,0,0,0,0,0,0,0,0,0,0,0,11.0,18.0,19.0,2.0,7.0,7.0,2.0,75.0,78.0,POINT (-121.76882664346758 49.198141652490264)
2021S051659090078,0,0,0,0,0,0,0,1,1,0,0,0,0,0,0,0,2,2,13.0,20.0,22.0,2.0,10.0,11.0,2.0,121.0,126.0,POINT (-121.9414270270667 49.137038923382484)
2021S051659090079,0,0,0,0,0,0,0,0,0,0,0,0,0,0,0,0,0,0,0.0,0.0,0.0,0.0,0.0,0.0,0.0,0.0,0.0,POINT (-121.71803150198933 49.207779483568395)
2021S051659090080,0,0,0,0,0,0,0,0,0,0,0,0,0,0,0,0,0,0,0.0,0.0,0.0,0.0,0.0,0.0,0.0,0.0,0.0,POINT (-121.93651109858381 49.13363806250079)
2021S051659090083,0,0,0,0,1,0,0,3,3,0,0,0,0,13,0,0,17,17,14.0,24.0,24.0,2.0,13.0,14.0,2.0,147.0,154.0,POINT (-121.94260389018424 49.114795016531566)
2021S051659090084,0,1,0,0,0,0,0,4,4,0,9,0,0,0,0,0,20,20,38.0,91.0,93.0,4.0,84.0,50.0,7.0,411.0,467.0,POINT (-121.96935133238959 49.11263022336006)
2021S051659090085,0,0,0,0,2,1,0,13,13,0,0,0,0,16,3,0,56,56,0.0,0.0,0.0,0.0,75.0,14.0,0.0,241.0,241.0,POINT (-121.70493177071252 49.072080420169584)
2021S051659090086,0,0,0,0,0,0,0,0,0,0,0,0,0,0,0,0,0,0,13.0,19.0,21.0,2.0,8.0,11.0,2.0,90.0,94.0,POINT (-121.95710674206536 49.0832853423438)
2021S051659090087,2,1,0,0,1,0,1,11,11,2,7,0,0,15,0,1,120,120,55.0,83.0,95.0,8.0,71.0,50.0,10.0,482.0,522.0,POINT (-122.31231778916646 49.0598624671375)
2021S051659090089,3,2,2,0,6,0,1,21,21,68,4,5,0,178,0,33,431,431,39.0,59.0,67.0,6.0,52.0,37.0,7.0,334.0,363.0,POINT (-122.27930532518592 49.06499139599427)
2021S051659090090,0,2,2,1,1,2,0,11,11,0,9,9,6,3,7,0,60,60,40.0,64.0,71.0,6.0,48.0,37.0,7.0,363.0,390.0,POINT (-122.21196671429138 49.089410912829436)
2021S051659090091,10,23,32,7,26,20,3,272,283,228,806,952,21,840,649,75,4286,5056,49.0,83.0,89.0,7.0,70.0,47.0,9.0,700.0,739.0,POINT (-122.13173458878838 49.07000239060604)
2021S051659090093,1,3,2,0,2,3,0,25,26,6,41,13,0,6,20,0,123,130,56.0,86.0,96.0,9.0,71.0,52.0,10.0,471.0,511.0,POINT (-122.27689128107193 49.046844957342074)
2021S051659090094,0,2,1,1,0,1,0,2,2,0,6,3,3,0,3,0,6,6,36.0,53.0,60.0,6.0,42.0,33.0,7.0,299.0,321.0,POINT (-122.2494804607497 49.07199708316069)
2021S051659090098,0,2,2,1,4,2,0,10,11,0,6,6,3,9,6,0,66,69,54.0,92.0,104.0,9.0,74.0,52.0,10.0,469.0,514.0,POINT (-122.27681569195792 49.164120647238114)
2021S051659090101,3,9,8,4,6,5,0,31,31,128,165,150,35,44,49,0,362,362,68.0,115.0,128.0,13.0,96.0,69.0,13.0,529.0,585.0,POINT (-122.34075342266085 49.13172650542403)
2021S051659090102,0,0,0,0,0,0,0,0,0,0,0,0,0,0,0,0,0,0,21.0,24.0,30.0,4.0,11.0,16.0,4.0,153.0,158.0,POINT (-122.41855933991079 49.18777496597508)
2021S051659090103,0,1,1,0,2,0,0,13,14,0,3,3,0,6,0,0,29,32,52.0,86.0,96.0,9.0,70.0,53.0,10.0,487.0,530.0,POINT (-122.36549737930194 49.05760416683493)
2021S051659090104,2,4,3,0,1,2,0,12,12,8,11,9,0,1,10,0,61,61,45.0,115.0,118.0,4.0,106.0,62.0,9.0,578.0,652.0,POINT (-121.84642864625711 49.11090425112412)
2021S051659090105,2,11,14,0,6,6,0,181,185,23,152,222,0,53,173,0,1689,1781,65.0,127.0,123.0,13.0,74.0,68.0,11.0,800.0,846.0,POINT (-122.40969058336509 49.09879243831853)
2021S051659090106,0,3,2,0,4,0,0,11,11,0,6,3,0,21,0,0,32,32,29.0,46.0,48.0,6.0,28.0,34.0,5.0,264.0,280.0,POINT (-122.34887141816067 49.25573874042663)
2021S051659090107,0,0,0,0,0,0,0,0,0,0,0,0,0,0,0,0,0,0,0.0,0.0,0.0,0.0,0.0,0.0,0.0,0.0,0.0,POINT (-121.60687619966365 49.3559575853364)
2021S051659090848,1,1,1,0,0,0,0,3,3,3,3,3,0,0,0,0,6,6,21.0,44.0,44.0,2.0,37.0,24.0,4.0,212.0,235.0,POINT (-121.98636176173912 49.101809548005804)
2021S051659150002,0,2,1,0,0,1,0,9,9,0,8,1,0,0,7,0,21,21,8.0,22.0,14.0,1.0,13.0,10.0,0.0,126.0,128.0,POINT (-123.37595475958265 49.36899927582428)
2021S051659150003,0,1,1,0,1,0,0,6,6,0,2,1,0,1,0,0,14,14,26.0,47.0,31.0,3.0,13.0,25.0,2.0,215.0,223.0,POINT (-123.23486814698919 49.37121781366626)
2021S051659150004,0,1,1,0,3,0,0,5,5,0,3,3,0,21,0,0,26,26,28.0,46.0,32.0,3.0,13.0,27.0,2.0,215.0,223.0,POINT (-123.17583330831722 49.368607111794454)
2021S051659150005,0,0,0,0,0,0,0,6,6,0,0,0,0,0,0,0,16,16,27.0,41.0,31.0,4.0,12.0,27.0,2.0,212.0,220.0,POINT (-123.14016642102605 49.37559708297313)
2021S051659150006,0,1,1,1,2,1,0,5,5,0,11,11,11,4,11,0,18,18,32.0,55.0,36.0,4.0,15.0,32.0,2.0,253.0,264.0,POINT (-123.09416025582142 49.37647266371101)
2021S051659150007,1,5,2,0,3,2,0,13,13,3,11,3,0,21,3,0,48,48,33.0,59.0,37.0,5.0,18.0,35.0,2.0,260.0,271.0,POINT (-123.1855949427014 49.335493517395676)
2021S051659150008,0,0,0,0,1,0,0,2,2,0,0,0,0,1,0,0,3,3,31.0,48.0,32.0,4.0,14.0,29.0,2.0,231.0,241.0,POINT (-123.05651869507446 49.372027628118474)
2021S051659150009,0,0,0,0,0,0,0,4,4,0,0,0,0,0,0,0,22,22,31.0,51.0,33.0,4.0,15.0,30.0,2.0,241.0,251.0,POINT (-123.03929026840052 49.37134183844825)
2021S051659150010,3,8,5,1,3,2,1,21,22,10,66,23,11,24,14,5,115,118,38.0,66.0,51.0,6.0,17.0,40.0,2.0,254.0,269.0,POINT (-123.01154744449421 49.35959614333348)
2021S051659150011,0,2,1,0,0,0,0,3,3,0,3,1,0,0,0,0,6,6,32.0,55.0,36.0,4.0,15.0,33.0,2.0,249.0,260.0,POINT (-123.15352936315145 49.33486192968395)
2021S051659150012,0,0,0,0,1,0,0,2,2,0,0,0,0,1,0,0,6,6,36.0,59.0,46.0,6.0,16.0,36.0,2.0,265.0,280.0,POINT (-122.97544128390743 49.36262479793915)
2021S051659150013,0,0,0,0,0,0,0,2,2,0,0,0,0,0,0,0,7,7,31.0,49.0,33.0,4.0,15.0,29.0,2.0,239.0,249.0,POINT (-123.1076584944975 49.343287059012276)
2021S051659150014,0,1,1,0,2,1,0,5,5,0,3,3,0,22,3,0,29,29,38.0,63.0,49.0,6.0,17.0,37.0,2.0,268.0,283.0,POINT (-122.91739996331842 49.37292354237862)
2021S051659150015,1,2,1,0,0,0,0,4,4,7,10,7,0,0,0,0,14,14,32.0,55.0,36.0,4.0,15.0,32.0,2.0,246.0,257.0,POINT (-123.08276806025083 49.34358335846572)
2021S051659150016,0,0,0,0,1,0,0,1,1,0,0,0,0,2,0,0,2,2,37.0,66.0,38.0,5.0,19.0,36.0,2.0,274.0,286.0,POINT (-123.02980102681595 49.351526445958974)
2021S051659150017,0,1,2,0,0,0,0,3,3,0,2,5,0,0,0,0,7,7,29.0,45.0,31.0,4.0,13.0,29.0,2.0,226.0,235.0,POINT (-123.12927393027059 49.32251336748401)
2021S051659150018,1,6,6,1,4,6,0,25,27,2,40,45,3,19,41,0,158,188,36.0,63.0,38.0,5.0,18.0,36.0,2.0,268.0,280.0,POINT (-123.11104380373162 49.321588900335136)
2021S051659150019,0,2,1,0,1,1,0,8,8,0,111,95,0,6,16,0,134,134,37.0,66.0,38.0,5.0,20.0,36.0,2.0,273.0,285.0,POINT (-123.14188559090022 49.29960339795042)
2021S051659150020,1,10,3,1,2,4,0,26,26,7,125,17,11,10,69,0,216,216,37.0,66.0,38.0,5.0,19.0,36.0,2.0,270.0,282.0,POINT (-123.09189544315736 49.32415762154136)
2021S051659150024,0,0,0,0,0,0,0,5,5,0,0,0,0,0,0,0,33,33,34.0,58.0,37.0,5.0,17.0,34.0,3.0,261.0,273.0,POINT (-123.20512421699095 49.26931245988779)
2021S051659150027,1,0,1,0,0,0,0,2,2,5,0,5,0,0,0,0,6,6,0.0,0.0,0.0,0.0,0.0,0.0,0.0,0.0,0.0,POINT (-123.08877863161585 49.31595159605476)
2021S051659150028,0,1,0,0,1,0,0,4,4,0,6,0,0,7,0,0,19,19,33.0,61.0,42.0,5.0,17.0,39.0,2.0,269.0,281.0,POINT (-123.03270294510946 49.32639097349859)
2021S051659150030,1,6,2,0,1,1,0,20,20,15,71,6,0,7,2,0,164,164,40.0,69.0,51.0,6.0,17.0,41.0,2.0,260.0,275.0,POINT (-123.04775587480417 49.30929834197746)
2021S051659150032,0,0,0,0,0,0,0,1,1,0,0,0,0,0,0,0,2,2,38.0,65.0,38.0,5.0,19.0,36.0,3.0,276.0,288.0,POINT (-123.15856357128186 49.27066322283821)
2021S051659150033,0,0,0,0,1,2,0,5,5,0,0,0,0,3,6,0,12,12,29.0,43.0,31.0,4.0,14.0,28.0,3.0,226.0,235.0,POINT (-123.20023138328449 49.2618456714116)
2021S051659150034,0,0,1,0,1,0,0,3,3,0,0,1,0,1,0,0,7,7,45.0,84.0,46.0,6.0,23.0,42.0,2.0,319.0,334.0,POINT (-123.13735059938533 49.286350280617164)
2021S051659150036,14,30,12,1,7,23,0,114,119,241,373,160,6,51,78,0,992,1075,33.0,58.0,39.0,5.0,18.0,38.0,2.0,263.0,274.0,POINT (-123.11690292687726 49.28364837285301)
2021S051659150038,0,0,0,0,1,0,0,2,2,0,0,0,0,2,0,0,13,13,33.0,49.0,33.0,4.0,14.0,29.0,3.0,237.0,247.0,POINT (-123.17507101396116 49.26634164145685)
2021S051659150040,0,0,0,0,0,0,0,2,2,0,0,0,0,0,0,0,6,6,37.0,67.0,38.0,5.0,20.0,36.0,2.0,277.0,289.0,POINT (-123.12997143638577 49.28376639402527)
2021S051659150041,3,8,5,0,3,3,0,32,32,84,139,86,0,31,22,0,724,724,33.0,47.0,36.0,4.0,14.0,25.0,2.0,234.0,242.0,POINT (-123.0932271081964 49.28314518203374)
2021S051659150042,0,0,0,0,1,0,0,1,1,0,0,0,0,3,0,0,3,3,37.0,66.0,38.0,5.0,19.0,36.0,2.0,271.0,283.0,POINT (-123.13552842007438 49.279948761424826)
2021S051659150043,2,3,1,1,0,2,0,6,6,6,8,3,3,0,6,0,14,14,33.0,49.0,33.0,4.0,13.0,29.0,3.0,208.0,218.0,POINT (-123.17524961288076 49.26102031758851)
2021S051659150044,0,0,1,0,1,1,0,4,5,0,0,3,0,7,3,0,14,17,39.0,63.0,44.0,5.0,18.0,36.0,3.0,275.0,288.0,POINT (-123.18376019036437 49.252187103467826)
2021S051659150045,0,0,0,0,1,0,0,5,5,0,0,0,0,1,0,0,11,11,39.0,68.0,42.0,5.0,21.0,39.0,3.0,283.0,295.0,POINT (-123.15767314776275 49.26194962687008)
2021S051659150046,0,4,2,0,0,1,0,8,8,0,12,6,0,0,3,0,20,20,45.0,84.0,49.0,6.0,23.0,47.0,2.0,328.0,343.0,POINT (-123.1277689511373 49.274152895307765)
2021S051659150047,0,5,5,1,0,1,1,16,16,0,32,25,6,0,6,9,64,64,34.0,49.0,36.0,4.0,14.0,31.0,3.0,247.0,257.0,POINT (-123.13577662465953 49.26720494209277)
2021S051659150049,0,1,1,1,0,1,0,4,4,0,6,6,6,0,6,0,55,55,0.0,0.0,0.0,0.0,0.0,0.0,0.0,0.0,0.0,POINT (-123.02168387014159 49.31024960718679)
2021S051659150050,2,4,2,0,0,1,0,10,10,6,37,6,0,0,15,0,61,61,32.0,58.0,40.0,5.0,16.0,37.0,2.0,263.0,274.0,POINT (-123.12098930627683 49.273706417262275)
2021S051659150051,3,17,7,2,2,7,0,44,46,77,235,33,14,16,56,0,626,636,56.0,108.0,71.0,8.0,31.0,49.0,2.0,383.0,405.0,POINT (-123.06457718220233 49.283601133701545)
2021S051659150052,3,6,7,0,4,2,0,19,19,118,150,191,0,86,309,0,620,620,36.0,59.0,46.0,6.0,16.0,36.0,2.0,267.0,282.0,POINT (-122.96391737103401 49.31413837177206)
2021S051659150053,0,1,0,0,0,1,0,1,1,0,2,0,0,0,2,0,2,2,32.0,41.0,34.0,4.0,12.0,23.0,3.0,216.0,224.0,POINT (-123.20242208031988 49.231310924904236)
2021S051659150054,3,10,5,0,2,1,0,26,26,21,108,39,0,10,3,0,232,232,34.0,51.0,42.0,5.0,14.0,27.0,2.0,236.0,246.0,POINT (-123.08619195032763 49.275168595486704)
2021S051659150055,0,1,1,0,0,1,0,3,3,0,1,1,0,0,1,0,3,3,36.0,53.0,37.0,4.0,15.0,31.0,3.0,256.0,267.0,POINT (-123.14432237148574 49.24866760286718)
2021S051659150056,0,0,0,0,0,1,0,1,1,0,0,0,0,0,1,0,1,1,34.0,48.0,35.0,4.0,14.0,30.0,3.0,247.0,257.0,POINT (-123.18851580409599 49.24037291365405)
2021S051659150057,1,1,0,0,0,0,0,6,6,2,2,0,0,0,0,0,29,29,48.0,88.0,57.0,6.0,26.0,46.0,3.0,348.0,365.0,POINT (-123.13630093858194 49.260293026851706)
2021S051659150059,0,1,2,0,2,1,0,12,13,0,3,5,0,9,3,0,52,55,60.0,113.0,75.0,8.0,33.0,50.0,3.0,393.0,417.0,POINT (-123.03761660698008 49.285463246715224)
2021S051659150060,0,0,0,0,0,1,0,2,2,0,0,0,0,0,3,0,4,4,32.0,44.0,40.0,5.0,12.0,31.0,2.0,230.0,241.0,POINT (-122.97527274311096 49.30974022489813)
2021S051659150061,0,1,0,0,0,0,0,7,7,0,3,0,0,0,0,0,15,15,38.0,62.0,44.0,5.0,17.0,38.0,3.0,277.0,290.0,POINT (-123.17926684434279 49.22915460224202)
2021S051659150062,0,2,2,0,1,1,1,19,19,0,14,3,0,7,6,2,126,126,49.0,91.0,63.0,7.0,24.0,46.0,3.0,342.0,362.0,POINT (-123.09165412178095 49.266617204563595)
2021S051659150063,0,1,0,0,0,2,0,6,6,0,2,0,0,0,5,0,23,23,34.0,46.0,36.0,4.0,14.0,25.0,3.0,233.0,241.0,POINT (-123.12084241269142 49.26019135957047)
2021S051659150064,0,3,2,1,0,1,0,8,8,0,7,4,3,0,3,0,26,26,42.0,71.0,47.0,5.0,19.0,40.0,3.0,303.0,317.0,POINT (-123.1273520593574 49.2453341393837)
2021S051659150065,1,5,1,0,0,2,0,25,26,7,99,75,0,0,81,0,206,281,42.0,72.0,51.0,6.0,18.0,41.0,3.0,307.0,322.0,POINT (-123.07156302201614 49.26944743334432)
2021S051659150066,0,0,0,0,0,0,0,1,1,0,0,0,0,0,0,0,2,2,37.0,54.0,39.0,4.0,16.0,33.0,3.0,256.0,269.0,POINT (-123.1567975947935 49.241391212840206)
2021S051659150067,1,1,0,0,0,0,0,4,4,2,2,0,0,0,0,0,20,20,38.0,59.0,42.0,5.0,16.0,35.0,3.0,267.0,280.0,POINT (-123.10801345373208 49.259865936498954)
2021S051659150068,0,2,3,0,0,2,0,7,7,0,2,5,0,0,11,0,20,20,38.0,65.0,50.0,6.0,17.0,32.0,2.0,263.0,276.0,POINT (-123.01294773042754 49.287204165664065)
2021S051659150069,0,1,0,0,0,1,0,6,6,0,3,0,0,0,3,0,14,14,46.0,84.0,58.0,7.0,23.0,46.0,2.0,331.0,350.0,POINT (-123.05493813290924 49.2735133324766)
2021S051659150070,0,2,2,0,1,0,0,8,8,0,7,7,0,1,0,0,20,20,50.0,97.0,67.0,7.0,28.0,51.0,3.0,362.0,385.0,POINT (-123.08838971934291 49.25946732695958)
2021S051659150071,2,4,3,1,0,1,0,9,10,5,13,11,3,0,6,0,21,28,44.0,76.0,53.0,6.0,20.0,43.0,3.0,312.0,329.0,POINT (-123.10327763228575 49.25273859232392)
2021S051659150072,0,0,0,0,0,1,0,3,3,0,0,0,0,0,3,0,16,16,38.0,67.0,51.0,6.0,20.0,34.0,2.0,275.0,289.0,POINT (-122.98084574925491 49.28463665511238)
2021S051659150073,1,5,2,1,2,3,0,18,19,2,119,41,26,6,45,0,153,168,51.0,88.0,67.0,7.0,28.0,50.0,4.0,341.0,366.0,POINT (-122.90227375056065 49.306245253867246)
2021S051659150075,0,2,0,0,0,1,0,5,5,0,5,0,0,0,2,0,12,12,36.0,54.0,37.0,4.0,16.0,31.0,3.0,261.0,272.0,POINT (-123.1538981666802 49.23083875791851)
2021S051659150076,0,0,0,0,0,0,0,3,3,0,0,0,0,0,0,0,34,34,38.0,66.0,51.0,6.0,18.0,33.0,2.0,274.0,287.0,POINT (-123.03381146829905 49.27340584381792)
2021S051659150077,0,0,0,0,0,0,0,4,4,0,0,0,0,0,0,0,7,7,48.0,87.0,61.0,7.0,24.0,40.0,3.0,331.0,349.0,POINT (-123.05451391132145 49.26587975954056)
2021S051659150078,0,2,2,0,0,1,0,3,3,0,2,2,0,0,2,0,4,4,40.0,66.0,49.0,6.0,17.0,33.0,3.0,248.0,260.0,POINT (-123.12807528459273 49.22667721732398)
2021S051659150080,0,0,0,0,0,0,0,3,3,0,0,0,0,0,0,0,10,10,49.0,90.0,62.0,7.0,27.0,48.0,3.0,347.0,366.0,POINT (-123.10308860796256 49.24091967096167)
2021S051659150081,0,0,0,0,1,0,0,2,2,0,0,0,0,3,0,0,9,9,36.0,60.0,46.0,6.0,17.0,36.0,2.0,238.0,253.0,POINT (-123.01221538667994 49.27836211697086)
2021S051659150083,2,5,4,1,2,1,0,10,10,4,9,37,3,9,32,0,76,76,37.0,56.0,40.0,4.0,16.0,33.0,3.0,263.0,276.0,POINT (-123.14990116447494 49.21623059049292)
2021S051659150084,0,1,1,0,0,0,0,1,1,0,1,1,0,0,0,0,1,1,43.0,75.0,54.0,6.0,20.0,44.0,3.0,305.0,322.0,POINT (-123.05048915834682 49.25792716188461)
2021S051659150085,0,2,1,0,0,0,0,5,5,0,5,2,0,0,0,0,52,52,39.0,65.0,50.0,6.0,18.0,32.0,3.0,277.0,290.0,POINT (-123.03369665313336 49.26551951139159)
2021S051659150086,1,8,2,1,0,4,0,19,19,7,96,6,3,0,31,0,145,145,51.0,97.0,70.0,7.0,31.0,53.0,3.0,362.0,385.0,POINT (-123.01330339127676 49.268752829230436)
2021S051659150087,0,1,1,0,1,0,0,4,4,0,2,2,0,3,0,0,7,7,35.0,54.0,43.0,5.0,15.0,28.0,2.0,245.0,256.0,POINT (-122.99549337108883 49.27437614181981)
2021S051659150088,0,0,0,0,0,0,0,3,3,0,0,0,0,0,0,0,6,6,47.0,84.0,58.0,7.0,24.0,39.0,3.0,318.0,334.0,POINT (-123.06310477927619 49.249512572116096)
2021S051659150089,0,0,0,0,1,0,0,1,1,0,0,0,0,3,0,0,3,3,49.0,91.0,63.0,7.0,25.0,46.0,3.0,344.0,364.0,POINT (-123.08187725422626 49.244267002307524)
2021S051659150090,4,9,4,1,7,6,0,37,37,162,310,21,3,154,99,0,676,676,47.0,79.0,61.0,7.0,26.0,45.0,4.0,318.0,337.0,POINT (-122.91623914033386 49.27638842997163)
2021S051659150091,1,1,0,0,1,0,0,4,4,7,7,0,0,3,0,0,15,15,45.0,78.0,56.0,7.0,21.0,45.0,3.0,313.0,331.0,POINT (-123.03901784248765 49.25322468035814)
2021S051659150092,0,2,2,0,1,0,0,3,3,0,5,5,0,7,0,0,12,12,41.0,74.0,55.0,7.0,23.0,44.0,2.0,302.0,319.0,POINT (-122.9762774986307 49.27397032029587)
2021S051659150093,0,0,0,0,1,1,0,6,6,0,0,0,0,3,2,0,15,15,44.0,75.0,53.0,6.0,20.0,43.0,3.0,305.0,322.0,POINT (-123.12858722954041 49.214169018296374)
2021S051659150094,0,1,2,0,0,1,0,4,6,0,3,6,0,0,3,0,12,18,71.0,139.0,91.0,11.0,44.0,68.0,4.0,486.0,517.0,POINT (-123.06734883542573 49.24064747599764)
2021S051659150096,0,2,1,0,0,1,0,3,4,0,69,35,0,0,35,0,41,76,41.0,73.0,52.0,6.0,21.0,36.0,3.0,293.0,307.0,POINT (-123.02862920196169 49.25310275463122)
2021S051659150098,0,0,0,0,0,0,0,0,0,0,0,0,0,0,0,0,0,0,42.0,72.0,51.0,6.0,18.0,41.0,3.0,296.0,311.0,POINT (-123.08229854426912 49.23658658353731)
2021S051659150099,5,8,2,0,1,4,0,16,17,275,359,25,0,3,43,0,485,500,40.0,69.0,53.0,6.0,21.0,41.0,3.0,302.0,318.0,POINT (-123.01385266920875 49.25251162165223)
2021S051659150100,0,2,2,0,0,0,0,6,6,0,10,6,0,0,0,0,35,35,58.0,109.0,72.0,8.0,34.0,54.0,4.0,402.0,425.0,POINT (-123.05128523883045 49.24265827800675)
2021S051659150101,0,1,0,0,0,0,0,5,5,0,2,0,0,0,0,0,13,13,36.0,60.0,46.0,6.0,19.0,36.0,2.0,270.0,285.0,POINT (-122.95554457823967 49.275126684952106)
2021S051659150102,0,1,1,0,1,0,0,5,5,0,1,1,0,3,0,0,34,34,39.0,64.0,49.0,6.0,18.0,32.0,3.0,274.0,286.0,POINT (-123.10512667678735 49.22166551172211)
2021S051659150103,0,1,0,0,0,1,0,1,1,0,3,0,0,0,3,0,3,3,45.0,79.0,56.0,7.0,22.0,39.0,3.0,315.0,331.0,POINT (-123.08111794980863 49.22905981603625)
2021S051659150105,4,14,15,0,6,8,1,28,34,105,234,154,0,77,125,2,304,382,48.0,87.0,64.0,7.0,29.0,42.0,3.0,335.0,355.0,POINT (-122.97605114898838 49.25402413231935)
2021S051659150107,0,1,0,0,0,0,0,1,1,0,3,0,0,0,0,0,3,3,46.0,82.0,58.0,7.0,26.0,40.0,3.0,320.0,338.0,POINT (-123.0294793340466 49.24180231429724)
2021S051659150108,0,1,0,0,0,0,0,1,1,0,6,0,0,0,0,0,6,6,41.0,70.0,58.0,7.0,24.0,39.0,4.0,297.0,314.0,POINT (-122.82928139187456 49.301668277993556)
2021S051659150109,0,1,2,0,0,1,0,1,2,0,1,4,0,0,3,0,1,4,40.0,69.0,58.0,7.0,23.0,41.0,4.0,298.0,315.0,POINT (-122.84530336229646 49.29222670433796)
2021S051659150110,3,7,3,0,4,2,0,23,23,13,101,16,0,80,77,0,366,366,48.0,85.0,60.0,7.0,25.0,39.0,3.0,324.0,340.0,POINT (-123.13210167844767 49.20524526275948)
2021S051659150111,0,0,0,0,1,0,0,2,2,0,0,0,0,3,0,0,8,8,42.0,72.0,51.0,6.0,19.0,35.0,3.0,290.0,303.0,POINT (-123.06480607201489 49.22896303548331)
2021S051659150112,0,0,0,0,0,0,0,2,2,0,0,0,0,0,0,0,5,5,47.0,81.0,57.0,7.0,23.0,39.0,3.0,314.0,330.0,POINT (-123.08135329964617 49.2217470596534)
2021S051659150113,5,11,5,0,1,6,0,36,39,89,157,55,0,1,84,0,681,722,53.0,88.0,66.0,7.0,31.0,48.0,4.0,344.0,367.0,POINT (-122.95068727592388 49.25451777607559)
2021S051659150114,0,2,1,0,0,0,0,4,4,0,5,2,0,0,0,0,11,11,44.0,80.0,59.0,7.0,28.0,46.0,3.0,328.0,346.0,POINT (-122.98923735058828 49.24081040096003)
2021S051659150115,0,0,0,0,0,0,0,2,2,0,0,0,0,0,0,0,4,4,34.0,45.0,34.0,4.0,13.0,29.0,3.0,202.0,212.0,POINT (-123.18915105332391 49.169099298132835)
2021S051659150116,2,11,4,0,7,2,0,41,42,16,77,28,0,189,19,0,715,730,48.0,87.0,61.0,7.0,25.0,45.0,3.0,335.0,354.0,POINT (-123.10413852630636 49.21148777493276)
2021S051659150117,0,1,1,0,0,1,1,5,5,0,4,2,0,0,4,2,13,13,63.0,119.0,83.0,10.0,41.0,60.0,4.0,435.0,464.0,POINT (-123.03273522416964 49.23567824980302)
2021S051659150118,0,0,0,0,0,0,0,1,1,0,0,0,0,0,0,0,1,1,51.0,90.0,70.0,7.0,31.0,45.0,4.0,346.0,369.0,POINT (-122.88037556684641 49.280241340763546)
2021S051659150119,0,0,0,0,0,1,0,2,2,0,0,0,0,0,3,0,4,4,44.0,80.0,59.0,7.0,26.0,46.0,3.0,320.0,338.0,POINT (-123.01342734030031 49.237136612542116)
2021S051659150120,0,0,0,0,0,0,0,0,0,0,0,0,0,0,0,0,0,0,40.0,68.0,52.0,6.0,20.0,35.0,3.0,288.0,302.0,POINT (-123.03788894988102 49.23098888316657)
2021S051659150121,0,0,0,0,1,0,0,4,4,0,0,0,0,7,0,0,17,17,47.0,84.0,58.0,7.0,25.0,39.0,3.0,322.0,338.0,POINT (-123.06567337908534 49.218360988784674)
2021S051659150122,0,1,0,0,2,1,0,11,11,0,40,0,0,6,18,0,248,248,46.0,80.0,56.0,7.0,23.0,45.0,3.0,326.0,344.0,POINT (-123.08155423950082 49.21307103710616)
2021S051659150123,0,0,0,0,1,0,0,1,1,0,0,0,0,3,0,0,3,3,46.0,81.0,57.0,7.0,25.0,46.0,3.0,325.0,344.0,POINT (-123.05013254959542 49.224746530887394)
2021S051659150124,0,3,2,1,0,1,0,5,5,0,8,5,3,0,3,0,11,11,40.0,72.0,57.0,7.0,22.0,39.0,4.0,264.0,281.0,POINT (-122.81328256955774 49.30150381645703)
2021S051659150125,3,3,1,0,1,1,0,12,12,6,6,1,0,3,8,0,70,70,54.0,108.0,88.0,11.0,34.0,54.0,5.0,373.0,400.0,POINT (-122.79441361689985 49.32485946515378)
2021S051659150127,0,0,0,0,0,0,0,2,2,0,0,0,0,0,0,0,5,5,45.0,80.0,57.0,7.0,25.0,40.0,3.0,325.0,342.0,POINT (-123.03241260982226 49.22617741653516)
2021S051659150128,0,1,0,0,2,0,0,8,8,0,73,0,0,10,0,0,112,112,51.0,93.0,66.0,7.0,32.0,43.0,3.0,353.0,373.0,POINT (-123.05467470397892 49.21153336868836)
2021S051659150129,0,0,0,0,0,0,0,0,0,0,0,0,0,0,0,0,0,0,41.0,72.0,53.0,6.0,22.0,42.0,3.0,303.0,319.0,POINT (-123.01710525399412 49.22663106177392)
2021S051659150130,0,0,0,0,0,0,0,2,2,0,0,0,0,0,0,0,3,3,41.0,66.0,51.0,6.0,19.0,32.0,3.0,246.0,261.0,POINT (-122.95436940853719 49.23659278721457)
2021S051659150131,0,0,1,0,1,0,0,4,4,0,0,3,0,3,0,0,11,11,61.0,112.0,77.0,9.0,40.0,56.0,4.0,420.0,446.0,POINT (-123.032944887934 49.21147778222301)
2021S051659150132,1,2,2,0,2,0,0,10,10,2,14,3,0,6,0,0,74,74,46.0,81.0,68.0,7.0,28.0,44.0,5.0,299.0,321.0,POINT (-122.8112861757016 49.286215716584096)
2021S051659150137,0,2,0,0,0,2,0,5,5,0,4,0,0,0,5,0,16,16,53.0,101.0,73.0,7.0,35.0,48.0,4.0,378.0,401.0,POINT (-122.9948711666882 49.226463816369595)
2021S051659150139,11,31,13,1,9,9,2,77,82,398,1192,360,3,206,674,13,2673,2808,52.0,89.0,68.0,7.0,32.0,42.0,4.0,340.0,362.0,POINT (-122.99851341541373 49.20183031009432)
2021S051659150140,0,1,1,0,0,0,0,3,3,0,2,2,0,0,0,0,5,5,52.0,88.0,66.0,7.0,31.0,47.0,4.0,341.0,364.0,POINT (-122.89982310849403 49.25384597707562)
2021S051659150142,0,0,0,0,0,0,0,0,0,0,0,0,0,0,0,0,0,0,34.0,50.0,39.0,4.0,14.0,25.0,3.0,205.0,215.0,POINT (-123.18262112914154 49.14469586753942)
2021S051659150143,0,0,0,0,1,0,0,2,2,0,0,0,0,3,0,0,9,9,37.0,59.0,45.0,6.0,16.0,29.0,3.0,231.0,243.0,POINT (-123.00241777170889 49.21797958528765)
2021S051659150144,0,1,0,0,1,0,0,3,3,0,3,0,0,7,0,0,12,12,40.0,68.0,51.0,6.0,19.0,34.0,3.0,251.0,266.0,POINT (-122.97131548192708 49.22631382650543)
2021S051659150145,0,1,0,0,1,0,0,6,6,0,7,0,0,1,0,0,13,13,57.0,101.0,78.0,8.0,36.0,47.0,5.0,355.0,381.0,POINT (-122.8604985364935 49.260074054732385)
2021S051659150146,0,0,0,0,0,0,0,1,1,0,0,0,0,0,0,0,7,7,52.0,93.0,72.0,7.0,34.0,43.0,4.0,337.0,360.0,POINT (-122.88084686883013 49.254404696132376)
2021S051659150148,1,3,2,0,0,2,0,7,8,2,15,13,0,0,9,0,44,47,46.0,80.0,63.0,7.0,27.0,40.0,4.0,308.0,328.0,POINT (-122.90077569362458 49.246015500599604)
2021S051659150149,2,18,13,0,1,8,0,34,42,43,372,173,0,3,138,0,429,568,49.0,86.0,65.0,7.0,31.0,42.0,4.0,337.0,358.0,POINT (-122.97558465632729 49.22022149664896)
2021S051659150150,0,0,0,0,1,0,0,2,2,0,0,0,0,34,0,0,40,40,44.0,76.0,53.0,6.0,22.0,43.0,3.0,312.0,329.0,POINT (-123.08807136679658 49.179488453276804)
2021S051659150151,0,0,0,0,0,0,0,10,10,0,0,0,0,0,0,0,49,49,42.0,69.0,46.0,5.0,18.0,32.0,3.0,280.0,292.0,POINT (-123.13406353180176 49.1681551754233)
2021S051659150152,1,1,0,0,0,0,0,2,2,3,3,0,0,0,0,0,10,10,36.0,55.0,39.0,5.0,17.0,26.0,3.0,239.0,248.0,POINT (-123.18223105945552 49.13740277854223)
2021S051659150154,0,1,1,1,2,1,0,5,5,0,11,11,11,22,11,0,36,36,42.0,72.0,55.0,7.0,23.0,42.0,3.0,267.0,285.0,POINT (-122.91376204022717 49.237965370787755)
2021S051659150155,0,1,1,0,1,0,0,18,19,0,13,15,0,2,0,0,269,284,38.0,58.0,57.0,7.0,24.0,32.0,6.0,271.0,288.0,POINT (-122.64512389946995 49.28344318701331)
2021S051659150156,1,1,1,0,1,0,0,7,7,2,2,2,0,2,0,0,12,12,55.0,95.0,73.0,7.0,31.0,45.0,5.0,354.0,378.0,POINT (-122.83557221619878 49.259064151398775)
2021S051659150157,1,3,0,0,1,1,0,7,7,8,19,0,0,7,2,0,30,30,42.0,76.0,57.0,7.0,26.0,39.0,3.0,308.0,324.0,POINT (-122.98118886291701 49.213458129796294)
2021S051659150158,0,1,0,0,0,0,0,3,3,0,3,0,0,0,0,0,10,10,65.0,128.0,104.0,13.0,46.0,69.0,8.0,436.0,469.0,POINT (-122.79296858818921 49.28345820977761)
2021S051659150163,1,3,1,1,0,1,0,3,3,2,8,3,3,0,3,0,8,8,58.0,100.0,79.0,9.0,32.0,48.0,6.0,370.0,396.0,POINT (-122.80665311897414 49.24926639953038)
2021S051659150164,26,45,43,8,16,25,3,192,206,757,1588,1725,257,657,699,75,5788,6289,36.0,54.0,45.0,5.0,18.0,28.0,3.0,307.0,320.0,POINT (-122.98276759114576 49.11445770154061)
2021S051659150165,0,0,0,0,0,0,0,3,3,0,0,0,0,0,0,0,6,6,45.0,79.0,63.0,7.0,28.0,42.0,4.0,321.0,341.0,POINT (-122.88232743073998 49.24294711540604)
2021S051659150166,0,1,0,0,0,1,0,6,6,0,2,0,0,0,2,0,13,13,54.0,95.0,71.0,7.0,33.0,49.0,4.0,361.0,386.0,POINT (-122.94518792414956 49.22044475219971)
2021S051659150168,0,0,0,0,1,0,0,1,1,0,0,0,0,7,0,0,7,7,47.0,79.0,61.0,7.0,27.0,39.0,4.0,317.0,334.0,POINT (-122.95710128203784 49.21945599590376)
2021S051659150169,0,0,0,0,0,0,0,2,2,0,0,0,0,0,0,0,14,14,55.0,104.0,86.0,10.0,42.0,54.0,6.0,381.0,409.0,POINT (-122.76166446364392 49.27167474077221)
2021S051659150171,0,0,0,0,0,0,0,3,3,0,0,0,0,0,0,0,29,29,54.0,93.0,70.0,7.0,33.0,42.0,4.0,346.0,368.0,POINT (-122.92909718679913 49.22455057417984)
2021S051659150173,0,3,4,0,2,2,0,14,16,0,8,16,0,10,11,0,117,128,41.0,71.0,68.0,9.0,26.0,39.0,6.0,293.0,312.0,POINT (-122.50560473411943 49.30437265088792)
2021S051659150174,0,0,0,0,0,1,0,2,2,0,0,0,0,0,4,0,6,6,41.0,65.0,50.0,6.0,18.0,38.0,3.0,252.0,269.0,POINT (-122.96728802155569 49.20791399218809)
2021S051659150175,1,2,1,0,1,1,0,5,6,2,77,75,0,3,75,0,19,94,55.0,102.0,85.0,10.0,42.0,52.0,6.0,368.0,396.0,POINT (-122.77739973433117 49.271522869367914)
2021S051659150176,1,0,1,0,0,2,1,10,10,2,0,2,0,0,12,2,61,61,60.0,111.0,86.0,10.0,41.0,54.0,5.0,385.0,414.0,POINT (-122.86519526095312 49.23889787348098)
2021S051659150177,1,1,2,1,0,2,0,5,5,1,3,4,3,0,5,0,82,82,54.0,92.0,69.0,7.0,32.0,48.0,4.0,357.0,381.0,POINT (-122.94907195375212 49.21243092407279)
2021S051659150178,0,6,4,0,3,2,0,15,17,0,77,47,0,30,30,0,119,149,46.0,82.0,63.0,7.0,30.0,43.0,4.0,333.0,354.0,POINT (-122.88757239440807 49.228205999712124)
2021S051659150179,3,12,7,0,1,2,0,22,23,73,170,132,0,3,4,0,173,208,51.0,91.0,80.0,10.0,40.0,48.0,6.0,389.0,415.0,POINT (-122.72327860111452 49.27364919520271)
2021S051659150180,0,2,1,0,1,1,0,4,4,0,4,2,0,7,2,0,12,12,36.0,59.0,42.0,5.0,17.0,29.0,3.0,252.0,263.0,POINT (-123.15874660273741 49.1373379102438)
2021S051659150183,13,29,22,3,8,10,1,61,69,172,656,453,73,61,326,10,1223,1497,60.0,104.0,80.0,9.0,37.0,50.0,6.0,383.0,409.0,POINT (-122.84632563578101 49.23086235913555)
2021S051659150186,0,0,0,0,0,0,0,4,4,0,0,0,0,0,0,0,8,8,39.0,63.0,48.0,6.0,17.0,29.0,3.0,262.0,275.0,POINT (-123.12546090748461 49.13713248899284)
2021S051659150187,0,0,0,0,1,0,0,9,9,0,0,0,0,10,0,0,47,47,61.0,114.0,87.0,10.0,45.0,57.0,6.0,461.0,490.0,POINT (-122.90811334049658 49.21310702176115)
2021S051659150188,0,1,1,0,1,0,0,5,6,0,3,3,0,3,0,0,17,20,55.0,97.0,72.0,7.0,34.0,44.0,5.0,359.0,383.0,POINT (-122.9198704118946 49.21204861166927)
2021S051659150189,1,0,1,0,0,0,0,3,3,1,0,1,0,0,0,0,3,3,57.0,104.0,80.0,8.0,40.0,50.0,5.0,384.0,410.0,POINT (-122.92641597028648 49.20869737014381)
2021S051659150191,0,2,2,0,0,1,0,3,4,0,8,8,0,0,3,0,9,12,45.0,77.0,61.0,7.0,24.0,45.0,4.0,312.0,331.0,POINT (-122.94486036940532 49.20423882066331)
2021S051659150192,0,1,1,0,1,0,0,3,3,0,5,5,0,10,0,0,18,18,45.0,70.0,65.0,7.0,26.0,38.0,6.0,294.0,315.0,POINT (-122.74805144403358 49.25713626806905)
2021S051659150194,3,10,11,2,1,6,2,25,27,23,169,478,58,67,73,9,573,583,65.0,113.0,92.0,11.0,43.0,59.0,6.0,416.0,448.0,POINT (-122.77534846469813 49.243275240524106)
2021S051659150195,0,0,0,0,0,0,0,0,0,0,0,0,0,0,0,0,0,0,0.0,0.0,0.0,0.0,0.0,0.0,0.0,0.0,0.0,POINT (-122.79431167168767 49.24696511124315)
2021S051659150196,5,7,15,2,9,9,0,32,41,104,195,320,29,182,231,0,463,720,61.0,114.0,89.0,10.0,46.0,55.0,6.0,422.0,452.0,POINT (-122.87180914252049 49.20437950673544)
2021S051659150198,2,6,3,0,6,1,0,41,41,23,46,26,0,287,2,0,646,646,67.0,137.0,123.0,12.0,55.0,71.0,11.0,506.0,552.0,POINT (-122.72027518985804 49.226284670891694)
2021S051659150199,0,0,0,0,0,0,0,2,2,0,0,0,0,0,0,0,5,5,47.0,77.0,63.0,7.0,24.0,39.0,5.0,292.0,311.0,POINT (-122.78532156628836 49.22512733263166)
2021S051659150200,0,0,0,0,0,0,0,0,0,0,0,0,0,0,0,0,0,0,0.0,0.0,0.0,0.0,1.0,1.0,0.0,41.0,41.0,POINT (-122.80519172710397 49.2303849539635)
2021S051659150201,0,1,0,0,0,0,0,3,3,0,3,0,0,0,0,0,26,26,56.0,98.0,75.0,8.0,31.0,45.0,6.0,359.0,383.0,POINT (-122.8514346073084 49.19783515233642)
2021S051659150202,1,0,0,0,0,0,0,3,3,2,0,0,0,0,0,0,5,5,64.0,113.0,90.0,9.0,43.0,55.0,6.0,410.0,441.0,POINT (-122.82046210391479 49.205103700722056)
2021S051659150203,1,2,1,0,1,1,0,3,3,3,5,3,0,3,2,0,8,8,45.0,78.0,64.0,7.0,25.0,41.0,5.0,318.0,338.0,POINT (-122.78989758661082 49.20814384671041)
2021S051659150204,1,2,1,0,2,1,0,8,8,3,5,3,0,60,2,0,70,70,44.0,81.0,66.0,7.0,29.0,46.0,4.0,333.0,356.0,POINT (-122.92631406626771 49.16364005576281)
2021S051659150205,0,0,0,0,0,0,0,3,3,0,0,0,0,0,0,0,6,6,55.0,98.0,74.0,9.0,37.0,46.0,5.0,370.0,394.0,POINT (-122.89092422953094 49.18075030957279)
2021S051659150206,0,1,1,0,1,0,0,2,3,0,3,3,0,3,0,0,4,7,65.0,121.0,99.0,11.0,48.0,62.0,8.0,432.0,468.0,POINT (-122.90124493804277 49.17039862481833)
2021S051659150207,0,0,1,0,1,0,0,1,1,0,0,2,0,2,0,0,2,2,43.0,77.0,63.0,7.0,26.0,41.0,4.0,298.0,318.0,POINT (-122.86211772089857 49.18456434718851)
2021S051659150208,1,1,0,0,0,0,0,3,3,3,3,0,0,0,0,0,5,5,76.0,143.0,118.0,12.0,48.0,70.0,9.0,461.0,504.0,POINT (-122.83730415191489 49.1960783469558)
2021S051659150209,0,1,0,0,0,0,0,3,3,0,3,0,0,0,0,0,8,8,66.0,124.0,102.0,11.0,42.0,60.0,8.0,397.0,435.0,POINT (-122.85098465598946 49.18411773916415)
2021S051659150212,0,1,1,0,1,0,0,7,7,0,1,1,0,3,0,0,14,14,50.0,86.0,72.0,7.0,27.0,42.0,5.0,322.0,348.0,POINT (-122.7676690656032 49.2028626981525)
2021S051659150213,0,0,0,0,0,0,0,1,1,0,0,0,0,0,0,0,2,2,70.0,127.0,105.0,11.0,45.0,57.0,8.0,409.0,448.0,POINT (-122.806734906026 49.19524323561514)
2021S051659150214,0,0,0,0,0,0,0,4,4,0,0,0,0,0,0,0,11,11,69.0,137.0,116.0,12.0,55.0,63.0,9.0,461.0,505.0,POINT (-122.90135410193503 49.15590845093392)
2021S051659150215,1,0,0,0,1,0,0,3,3,1,0,0,0,3,0,0,5,5,53.0,93.0,75.0,7.0,30.0,42.0,7.0,329.0,356.0,POINT (-122.85696434247744 49.16631627729887)
2021S051659150216,0,0,0,0,0,0,0,1,1,0,0,0,0,0,0,0,13,13,51.0,91.0,74.0,7.0,32.0,46.0,6.0,352.0,379.0,POINT (-122.85695895487403 49.17341803611216)
2021S051659150217,1,1,3,1,1,0,1,5,5,3,3,7,3,2,0,2,11,11,70.0,133.0,111.0,12.0,47.0,60.0,9.0,427.0,470.0,POINT (-122.78404042749389 49.19053485853112)
2021S051659150218,21,33,34,3,13,13,6,69,82,517,645,983,65,550,333,157,1494,1833,45.0,78.0,69.0,7.0,27.0,41.0,5.0,308.0,332.0,POINT (-122.7263341408142 49.17837099420183)
2021S051659150220,1,1,1,0,1,0,0,10,10,2,2,2,0,2,0,0,86,86,52.0,96.0,93.0,11.0,42.0,52.0,8.0,347.0,377.0,POINT (-122.64397569811071 49.23121538005226)
2021S051659150221,4,10,12,5,23,8,0,60,63,42,43,137,51,365,57,0,985,998,52.0,92.0,76.0,7.0,32.0,43.0,7.0,332.0,359.0,POINT (-122.87914417696831 49.15571918939287)
2021S051659150223,1,2,1,0,0,0,0,4,4,3,6,3,0,0,0,0,9,9,41.0,67.0,48.0,5.0,22.0,30.0,4.0,274.0,286.0,POINT (-123.08680167784387 49.084941517635876)
2021S051659150224,0,0,1,0,4,0,0,7,7,0,0,1,0,22,0,0,62,62,68.0,122.0,102.0,11.0,43.0,54.0,8.0,417.0,454.0,POINT (-122.83455266131693 49.170064601354476)
2021S051659150225,0,0,0,0,0,2,0,5,5,0,0,0,0,0,29,0,39,39,65.0,115.0,100.0,11.0,40.0,52.0,8.0,379.0,415.0,POINT (-122.79535316522515 49.18387700530923)
2021S051659150226,0,2,1,0,0,0,0,7,7,0,4,1,0,0,0,0,15,15,48.0,91.0,72.0,7.0,33.0,41.0,5.0,335.0,361.0,POINT (-122.91225631510285 49.14138962544766)
2021S051659150227,0,0,0,0,0,0,0,7,7,0,0,0,0,0,0,0,31,31,44.0,74.0,57.0,6.0,31.0,38.0,4.0,338.0,356.0,POINT (-123.06443579292315 49.086632764069115)
2021S051659150228,0,0,0,0,0,0,0,1,1,0,0,0,0,0,0,0,1,1,0.0,0.0,0.0,0.0,1.0,0.0,0.0,32.0,32.0,POINT (-122.70983634922125 49.19730967464764)
2021S051659150230,7,20,17,3,17,16,1,62,71,115,183,206,15,318,157,20,807,901,47.0,83.0,68.0,7.0,27.0,39.0,4.0,320.0,345.0,POINT (-122.85679639828757 49.1548123131574)
2021S051659150231,0,0,0,0,0,0,0,0,0,0,0,0,0,0,0,0,0,0,0.0,0.0,0.0,0.0,0.0,0.0,0.0,0.0,0.0,POINT (-123.12498953385176 49.06663887994169)
2021S051659150234,0,0,0,0,1,0,0,2,2,0,0,0,0,3,0,0,4,4,45.0,81.0,79.0,9.0,28.0,44.0,8.0,301.0,326.0,POINT (-122.61289687580602 49.23157212295122)
2021S051659150236,0,1,1,0,0,0,0,2,3,0,7,7,0,0,0,0,3,10,64.0,114.0,99.0,10.0,40.0,51.0,8.0,389.0,425.0,POINT (-122.79578261564046 49.164358527130794)
2021S051659150237,4,13,13,3,9,7,0,37,39,75,240,227,62,87,109,0,580,598,42.0,75.0,74.0,8.0,29.0,40.0,7.0,289.0,315.0,POINT (-122.6595109910359 49.211013813163035)
2021S051659150238,2,5,3,0,5,2,0,10,12,4,34,28,0,37,10,0,63,73,45.0,80.0,66.0,7.0,26.0,39.0,4.0,310.0,333.0,POINT (-122.87350255168725 49.14095129147475)
2021S051659150239,0,1,0,0,0,0,0,3,3,0,4,0,0,0,0,0,125,125,42.0,74.0,62.0,7.0,27.0,37.0,4.0,293.0,313.0,POINT (-122.89624542868671 49.129582399207585)
2021S051659150240,2,1,0,0,1,0,0,5,5,7,3,0,0,7,0,0,42,42,55.0,100.0,85.0,8.0,34.0,45.0,7.0,361.0,391.0,POINT (-122.82078073645202 49.158207355609946)
2021S051659150241,0,1,0,0,1,0,0,4,4,0,3,0,0,3,0,0,15,15,70.0,131.0,109.0,12.0,47.0,60.0,8.0,441.0,484.0,POINT (-122.77332159280618 49.175284757204516)
2021S051659150242,5,20,19,2,18,8,1,76,83,27,314,393,14,335,157,5,914,1242,71.0,140.0,115.0,12.0,48.0,65.0,8.0,468.0,512.0,POINT (-122.85668151383389 49.13738085591307)
2021S051659150243,0,0,0,0,0,0,0,2,2,0,0,0,0,0,0,0,3,3,30.0,41.0,32.0,4.0,13.0,17.0,2.0,192.0,199.0,POINT (-123.09317135903171 49.042772040439324)
2021S051659150244,0,1,1,0,0,1,0,5,5,0,1,1,0,0,7,0,17,17,44.0,76.0,63.0,7.0,29.0,40.0,4.0,321.0,343.0,POINT (-122.89755043628143 49.111936804930274)
2021S051659150245,0,3,2,1,0,1,0,5,5,0,8,6,3,0,3,0,13,13,47.0,87.0,87.0,9.0,31.0,45.0,9.0,309.0,339.0,POINT (-122.62884344432918 49.21387884699255)
2021S051659150247,0,0,0,0,0,0,0,0,0,0,0,0,0,0,0,0,0,0,55.0,99.0,83.0,7.0,33.0,44.0,7.0,355.0,385.0,POINT (-122.82897291567802 49.14369674623084)
2021S051659150248,0,1,1,0,0,1,0,2,3,0,3,3,0,0,3,0,5,8,61.0,105.0,91.0,9.0,40.0,47.0,8.0,397.0,430.0,POINT (-122.88466487327553 49.12686769433454)
2021S051659150249,0,1,2,0,2,0,0,6,6,0,2,3,0,13,0,0,21,21,43.0,70.0,62.0,7.0,21.0,33.0,5.0,278.0,297.0,POINT (-122.81233520178795 49.151881632802144)
2021S051659150250,0,0,0,0,0,0,0,0,0,0,0,0,0,0,0,0,0,0,30.0,40.0,39.0,5.0,12.0,20.0,3.0,203.0,211.0,POINT (-122.67372084287553 49.20273303146475)
2021S051659150251,4,4,2,0,2,1,1,18,18,16,10,5,0,6,1,7,86,86,52.0,88.0,74.0,7.0,30.0,44.0,7.0,373.0,399.0,POINT (-122.74581327059896 49.147916428290515)
2021S051659150252,0,1,1,0,1,0,0,6,7,0,3,3,0,63,0,0,82,85,63.0,112.0,97.0,11.0,40.0,54.0,8.0,415.0,449.0,POINT (-122.76532258337271 49.15851491646872)
2021S051659150253,0,2,1,1,0,1,0,5,5,0,6,3,3,0,3,0,14,14,65.0,120.0,104.0,11.0,44.0,59.0,8.0,426.0,465.0,POINT (-122.77939917984126 49.151232435094244)
2021S051659150254,0,0,1,0,4,0,0,5,5,0,0,1,0,22,0,0,134,134,63.0,117.0,99.0,10.0,43.0,54.0,8.0,416.0,453.0,POINT (-122.87338349924946 49.12662423837565)
2021S051659150256,0,0,0,0,0,0,0,0,0,0,0,0,0,0,0,0,0,0,0.0,0.0,0.0,0.0,0.0,0.0,0.0,0.0,0.0,POINT (-122.69509832421028 49.18827071925291)
2021S051659150259,1,1,0,0,0,0,0,2,2,2,2,0,0,0,0,0,7,7,51.0,92.0,91.0,9.0,40.0,46.0,8.0,341.0,373.0,POINT (-122.76786154405401 49.110554174200196)
2021S051659150260,0,1,1,0,1,2,0,7,8,0,7,7,0,7,10,0,23,30,56.0,97.0,86.0,9.0,37.0,47.0,7.0,376.0,407.0,POINT (-122.87909794050957 49.111940890514404)
2021S051659150261,6,12,13,2,2,7,1,36,40,137,458,168,52,29,363,33,914,1002,49.0,93.0,96.0,10.0,41.0,51.0,10.0,364.0,400.0,POINT (-122.62042910311048 49.187809600288276)
2021S051659150262,0,2,1,0,2,3,0,5,6,0,13,7,0,10,16,0,21,28,50.0,89.0,74.0,7.0,31.0,42.0,7.0,345.0,372.0,POINT (-122.85701933767535 49.122715673384796)
2021S051659150263,0,0,0,0,0,0,0,3,3,0,0,0,0,0,0,0,5,5,47.0,79.0,67.0,7.0,26.0,38.0,5.0,312.0,334.0,POINT (-122.83417915998425 49.12995307067445)
2021S051659150264,0,0,0,0,0,0,0,0,0,0,0,0,0,0,0,0,0,0,0.0,0.0,0.0,0.0,0.0,0.0,0.0,0.0,0.0,POINT (-122.6528452313523 49.19392101121705)
2021S051659150265,3,3,6,1,4,2,1,19,20,6,103,118,26,42,101,2,156,231,61.0,114.0,120.0,13.0,42.0,57.0,14.0,385.0,423.0,POINT (-122.57140681637226 49.19892534334395)
2021S051659150267,0,1,1,1,1,1,0,5,5,0,3,3,3,3,3,0,41,41,52.0,88.0,74.0,7.0,30.0,41.0,7.0,340.0,366.0,POINT (-122.8341470653084 49.12265917915146)
2021S051659150269,1,3,3,0,0,1,1,7,7,2,16,15,0,0,2,2,26,26,58.0,88.0,69.0,9.0,28.0,31.0,5.0,361.0,381.0,POINT (-123.0817160806479 49.01792634527654)
2021S051659150270,1,2,3,1,3,1,0,13,14,3,6,41,3,75,3,0,307,342,40.0,66.0,67.0,7.0,26.0,33.0,8.0,267.0,290.0,POINT (-122.47982337109244 49.1886082825362)
2021S051659150272,0,2,1,0,0,2,0,2,3,0,9,7,0,0,9,0,4,11,39.0,56.0,43.0,5.0,19.0,18.0,4.0,247.0,258.0,POINT (-123.05746379142572 49.018329507792124)
2021S051659150274,1,18,14,2,5,6,0,33,37,42,258,133,14,32,42,0,359,387,69.0,135.0,144.0,14.0,66.0,74.0,15.0,482.0,539.0,POINT (-122.67387975706278 49.13692591063774)
2021S051659150277,0,0,0,0,0,0,0,2,2,0,0,0,0,0,0,0,4,4,47.0,85.0,88.0,9.0,34.0,48.0,10.0,325.0,357.0,POINT (-122.63914860534787 49.16034353004393)
2021S051659150278,11,16,23,3,9,13,3,98,103,442,526,624,82,364,208,94,2346,2481,51.0,95.0,97.0,10.0,40.0,52.0,11.0,383.0,421.0,POINT (-122.50982141438546 49.144133970457744)
2021S051659150280,0,1,1,0,0,1,0,4,4,0,2,2,0,0,6,0,16,16,40.0,65.0,56.0,6.0,22.0,34.0,4.0,279.0,297.0,POINT (-122.85732641297167 49.05377224929561)
2021S051659150281,0,0,0,0,0,0,0,0,0,0,0,0,0,0,0,0,0,0,0.0,0.0,0.0,0.0,0.0,0.0,0.0,0.0,0.0,POINT (-122.56762393837599 49.17490209311846)
2021S051659150282,0,0,0,0,1,0,0,6,6,0,0,0,0,7,0,0,96,96,52.0,95.0,91.0,10.0,40.0,45.0,8.0,346.0,378.0,POINT (-122.74573611013139 49.11148357094956)
2021S051659150283,2,7,5,1,2,2,1,14,15,152,228,78,26,14,61,4,222,257,63.0,113.0,115.0,13.0,51.0,55.0,11.0,401.0,443.0,POINT (-122.72377864807224 49.11074474210553)
2021S051659150286,3,9,9,2,0,9,1,18,21,34,125,122,17,0,100,2,77,150,54.0,95.0,96.0,11.0,42.0,51.0,8.0,371.0,406.0,POINT (-122.69627617255703 49.11184561058674)
2021S051659150287,1,2,2,0,0,1,0,4,4,3,5,5,0,0,1,0,7,7,40.0,62.0,57.0,6.0,21.0,30.0,4.0,251.0,271.0,POINT (-122.87154197732528 49.032847769211855)
2021S051659150288,2,2,3,0,2,1,1,6,6,13,13,15,0,6,6,2,27,27,55.0,87.0,82.0,9.0,34.0,40.0,8.0,330.0,359.0,POINT (-122.82010167645788 49.05693906000063)
2021S051659150289,4,9,5,0,4,1,1,35,36,21,82,8,0,53,3,14,407,410,50.0,88.0,87.0,9.0,41.0,48.0,10.0,381.0,415.0,POINT (-122.5740681886387 49.10514734325012)
2021S051659150291,5,7,7,0,5,4,2,25,29,19,104,165,0,23,91,61,305,396,83.0,161.0,174.0,18.0,90.0,88.0,20.0,557.0,624.0,POINT (-122.66978410846924 49.099600039820004)
2021S051659150292,2,2,1,0,1,1,0,7,7,17,17,3,0,3,12,0,37,37,39.0,60.0,60.0,6.0,22.0,29.0,6.0,241.0,261.0,POINT (-122.8509710819569 49.038152534557895)
2021S051659150293,2,7,6,0,4,1,0,29,30,31,61,49,0,22,7,0,242,249,50.0,89.0,91.0,9.0,41.0,46.0,11.0,328.0,361.0,POINT (-122.65034752845054 49.10653180175351)
2021S051659150294,0,0,0,0,0,0,0,0,0,0,0,0,0,0,0,0,0,0,0.0,0.0,0.0,0.0,0.0,0.0,0.0,0.0,0.0,POINT (-122.46071322605938 49.175134996257945)
2021S051659150296,0,1,1,0,1,1,0,5,5,0,2,5,0,5,2,0,12,12,42.0,71.0,70.0,8.0,29.0,35.0,8.0,287.0,311.0,POINT (-122.81778487497452 49.038866602006046)
2021S051659150297,0,0,0,0,0,0,0,2,2,0,0,0,0,0,0,0,2,2,43.0,71.0,70.0,7.0,30.0,38.0,8.0,291.0,315.0,POINT (-122.65469191600444 49.09041172842061)
2021S051659150299,1,2,1,0,1,0,0,9,9,2,5,2,0,15,0,0,30,30,43.0,72.0,72.0,8.0,32.0,35.0,8.0,299.0,325.0,POINT (-122.81562365680782 49.028126503063916)
2021S051659150301,1,3,4,0,2,2,0,26,27,4,12,19,0,13,8,0,71,78,58.0,104.0,109.0,10.0,57.0,57.0,14.0,451.0,496.0,POINT (-122.62559340126714 49.049389177334035)
2021S051659150302,1,2,3,2,1,3,0,7,7,3,14,16,14,2,17,0,29,29,43.0,71.0,69.0,7.0,30.0,35.0,8.0,279.0,303.0,POINT (-122.6638851435819 49.05748662656794)
2021S051659150303,0,0,0,0,0,1,0,3,3,0,0,0,0,0,3,0,5,5,44.0,73.0,71.0,7.0,30.0,36.0,8.0,289.0,315.0,POINT (-122.61406622535813 49.085043739023064)
2021S051659150304,1,2,2,0,1,0,0,6,6,7,9,9,0,3,0,0,19,19,39.0,62.0,60.0,6.0,23.0,29.0,7.0,266.0,286.0,POINT (-122.77177228825161 49.022691503951584)
2021S051659150305,2,3,1,0,1,0,0,6,6,28,30,25,0,3,0,0,38,38,45.0,78.0,78.0,8.0,34.0,36.0,8.0,304.0,333.0,POINT (-122.79013015651608 49.0238818010378)
2021S051659150306,2,5,8,1,3,3,0,84,86,4,23,63,3,24,25,0,505,527,60.0,104.0,108.0,10.0,57.0,54.0,14.0,573.0,614.0,POINT (-122.55912975921754 49.03973031541498)
2021S051659150307,0,0,0,0,0,0,0,0,0,0,0,0,0,0,0,0,0,0,0.0,0.0,0.0,0.0,0.0,0.0,0.0,0.0,0.0,POINT (-122.76683441597876 49.01321498430072)
2021S051659150308,3,9,9,3,4,6,0,27,30,72,80,66,34,18,53,0,295,320,76.0,139.0,148.0,12.0,70.0,74.0,22.0,561.0,623.0,POINT (-122.4954303496444 49.05384005980462)
2021S051659150309,0,0,0,0,0,0,0,0,0,0,0,0,0,0,0,0,0,0,0.0,0.0,0.0,0.0,0.0,0.0,0.0,0.0,0.0,POINT (-122.47634737388911 49.004787379452004)
2021S051659150311,0,0,0,0,1,1,0,4,4,0,0,0,0,3,3,0,13,13,54.0,97.0,79.0,8.0,34.0,47.0,6.0,344.0,371.0,POINT (-122.87410502428719 49.18622359764577)
2021S051659150312,0,0,0,0,0,0,0,1,1,0,0,0,0,0,0,0,5,5,32.0,55.0,37.0,4.0,15.0,34.0,2.0,248.0,259.0,POINT (-123.12463149695789 49.278216842440386)
2021S051659150313,0,3,3,0,1,1,0,10,10,0,6,6,0,3,2,0,42,42,50.0,89.0,66.0,8.0,36.0,42.0,5.0,388.0,409.0,POINT (-123.07165979104667 49.09857889456264)
2021S051659150314,0,1,1,0,1,0,0,4,4,0,1,1,0,3,0,0,13,13,43.0,78.0,64.0,7.0,28.0,39.0,4.0,308.0,329.0,POINT (-122.92500913420483 49.15290937797196)
2021S051659150315,0,2,1,0,0,4,0,9,9,0,54,323,0,0,380,0,563,563,45.0,77.0,60.0,7.0,25.0,44.0,4.0,310.0,329.0,POINT (-122.96890674978812 49.176170467623656)
2021S051659150316,19,36,23,6,17,15,0,163,168,1247,1812,861,69,263,90,0,3673,4199,60.0,111.0,79.0,8.0,41.0,55.0,5.0,477.0,503.0,POINT (-123.0520099699497 49.171756511952466)
2021S051659150317,0,1,1,0,0,0,0,3,3,0,2,2,0,0,0,0,4,4,52.0,91.0,59.0,7.0,27.0,44.0,3.0,346.0,364.0,POINT (-123.18302200701571 49.155784833232204)
2021S051659150318,0,1,0,0,0,1,0,2,2,0,2,0,0,0,2,0,3,3,38.0,59.0,43.0,5.0,17.0,28.0,3.0,252.0,263.0,POINT (-123.15881644266062 49.159200038299204)
2021S051659150321,1,3,3,0,1,0,0,8,8,3,7,7,0,3,0,0,21,21,41.0,67.0,45.0,5.0,18.0,35.0,3.0,277.0,291.0,POINT (-123.15890524537804 49.148228245678126)
2021S051659150322,0,1,2,0,1,0,0,5,5,0,1,2,0,1,0,0,5,5,53.0,95.0,64.0,8.0,27.0,46.0,3.0,365.0,386.0,POINT (-123.10938522365001 49.14312690718455)
2021S051659150323,0,1,0,0,1,1,0,5,5,0,4,0,0,3,4,0,11,11,36.0,61.0,43.0,5.0,17.0,29.0,3.0,263.0,274.0,POINT (-123.13650156425504 49.14296005574432)
2021S051659150324,8,11,8,0,6,3,3,56,56,128,205,219,0,114,9,43,1037,1037,37.0,57.0,45.0,5.0,18.0,28.0,3.0,266.0,277.0,POINT (-123.13460528125171 49.12503732371622)
2021S051659150325,6,20,17,3,20,12,0,92,97,118,367,239,116,659,188,0,1701,1748,47.0,81.0,57.0,7.0,23.0,39.0,3.0,322.0,338.0,POINT (-123.10377345687239 49.19313748483925)
2021S051659150327,0,2,1,0,0,0,0,4,4,0,6,3,0,0,0,0,8,8,41.0,68.0,49.0,6.0,18.0,31.0,3.0,277.0,290.0,POINT (-123.12540867030705 49.1518832674597)
2021S051659150328,0,0,0,0,0,0,0,1,1,0,0,0,0,0,0,0,5,5,41.0,67.0,46.0,5.0,18.0,36.0,3.0,282.0,296.0,POINT (-123.14215971175938 49.15936355646186)
2021S051659150329,0,1,1,0,0,0,0,2,2,0,1,1,0,0,0,0,3,3,51.0,92.0,62.0,7.0,26.0,41.0,3.0,340.0,359.0,POINT (-123.13100776695174 49.15913882645581)
2021S051659150330,0,1,1,0,0,0,0,1,1,0,2,2,0,0,0,0,2,2,45.0,76.0,48.0,5.0,18.0,39.0,3.0,273.0,289.0,POINT (-123.16987902486395 49.16865530836993)
2021S051659150331,2,2,0,0,1,2,0,17,17,8,14,0,0,3,9,0,73,73,53.0,102.0,51.0,6.0,30.0,46.0,2.0,364.0,381.0,POINT (-123.07725604704918 49.313297884055984)
2021S051659150334,0,0,0,0,0,0,0,1,1,0,0,0,0,0,0,0,1,1,36.0,58.0,45.0,6.0,17.0,35.0,3.0,265.0,278.0,POINT (-123.00394499630929 49.22311798281159)
2021S051659150335,0,0,0,0,0,0,0,0,0,0,0,0,0,0,0,0,0,0,36.0,55.0,43.0,5.0,15.0,34.0,3.0,231.0,244.0,POINT (-123.00965391274325 49.23106177228961)
2021S051659150336,2,5,4,1,1,6,0,14,15,84,92,15,3,3,24,0,167,174,25.0,91.0,16.0,2.0,23.0,18.0,0.0,243.0,245.0,POINT (-122.73270696600657 49.49183305268081)
2021S051659150337,0,3,2,1,0,1,0,11,11,0,15,13,3,0,3,0,33,33,34.0,59.0,39.0,5.0,18.0,39.0,3.0,265.0,276.0,POINT (-123.14762700849948 49.2696971171533)
2021S051659150338,4,8,2,0,1,12,0,50,53,32,66,23,0,34,29,0,293,296,34.0,60.0,37.0,5.0,18.0,36.0,2.0,259.0,271.0,POINT (-123.12193540272061 49.2882118157064)
2021S051659150339,7,10,5,0,2,2,0,27,27,103,110,87,0,12,8,0,219,219,32.0,56.0,38.0,4.0,15.0,28.0,2.0,245.0,254.0,POINT (-123.10390209660167 49.28287020739912)
2021S051659150340,0,1,0,0,0,0,0,7,7,0,3,0,0,0,0,0,46,46,50.0,95.0,59.0,6.0,25.0,49.0,2.0,359.0,378.0,POINT (-123.10880212258586 49.27686814999815)
2021S051659150341,5,15,8,1,2,5,1,64,64,40,181,55,3,20,40,2,740,740,52.0,99.0,62.0,6.0,29.0,51.0,3.0,371.0,391.0,POINT (-123.10761643006872 49.268689062931735)
2021S051659150342,0,1,0,0,1,0,0,8,8,0,2,0,0,3,0,0,21,21,56.0,108.0,70.0,7.0,31.0,54.0,4.0,384.0,407.0,POINT (-123.07802812299754 49.25482772460329)
2021S051659150343,0,0,0,0,0,0,0,1,1,0,0,0,0,0,0,0,1,1,44.0,75.0,53.0,6.0,19.0,43.0,3.0,304.0,321.0,POINT (-123.1034454198665 49.22943927431416)
2021S051659150344,0,2,1,0,2,0,0,7,7,0,8,5,0,6,0,0,26,26,48.0,87.0,61.0,7.0,27.0,41.0,3.0,335.0,353.0,POINT (-123.05267267765647 49.23482264384966)
2021S051659150345,0,1,1,0,1,0,0,7,8,0,3,3,0,35,0,0,61,64,62.0,113.0,77.0,9.0,37.0,51.0,4.0,406.0,429.0,POINT (-123.10948735406322 49.179448924965925)
2021S051659150346,0,0,0,0,1,0,0,1,1,0,0,0,0,3,0,0,3,3,49.0,85.0,60.0,6.0,25.0,39.0,3.0,326.0,345.0,POINT (-123.12810195323267 49.16828638780571)
2021S051659150347,0,0,0,0,0,1,0,4,4,0,0,0,0,0,2,0,10,10,49.0,88.0,61.0,7.0,26.0,47.0,3.0,347.0,368.0,POINT (-123.11393092455599 49.162247754374235)
2021S051659150348,0,1,1,0,0,0,0,4,4,0,1,1,0,0,0,0,7,7,55.0,101.0,77.0,8.0,39.0,48.0,5.0,378.0,402.0,POINT (-122.90234824039335 49.2192011434768)
2021S051659150349,0,4,3,0,2,0,0,12,12,0,90,7,0,6,0,0,418,418,48.0,85.0,66.0,7.0,32.0,43.0,4.0,352.0,373.0,POINT (-122.92204014734965 49.200690532955285)
2021S051659150350,0,2,1,0,2,1,0,7,7,0,326,1,0,8,2,0,344,344,64.0,125.0,95.0,11.0,49.0,61.0,6.0,455.0,487.0,POINT (-122.93949504976301 49.18969474172629)
2021S051659150351,0,1,2,0,4,1,0,5,6,0,3,4,0,30,3,0,32,35,68.0,132.0,106.0,12.0,52.0,63.0,8.0,470.0,508.0,POINT (-122.87912570110485 49.17010038808331)
2021S051659150352,0,1,0,0,0,0,0,5,5,0,2,0,0,0,0,0,19,19,86.0,165.0,132.0,13.0,57.0,77.0,11.0,549.0,600.0,POINT (-122.82876690846282 49.184186573351624)
2021S051659150353,0,0,0,0,1,0,0,2,2,0,0,0,0,1,0,0,6,6,68.0,124.0,104.0,11.0,44.0,59.0,8.0,434.0,473.0,POINT (-122.80649118321205 49.18426370432332)
2021S051659150354,0,0,0,0,1,0,0,7,7,0,0,0,0,15,0,0,53,53,57.0,100.0,82.0,7.0,33.0,44.0,7.0,355.0,385.0,POINT (-122.81222071453995 49.17034317229934)
2021S051659150355,1,0,2,0,1,1,0,9,9,9,0,6,0,3,3,0,160,160,52.0,95.0,77.0,7.0,36.0,46.0,6.0,363.0,392.0,POINT (-122.89732268252203 49.14136082126729)
2021S051659150356,0,1,0,0,2,1,0,3,3,0,4,0,0,30,4,0,34,34,55.0,102.0,84.0,9.0,37.0,46.0,7.0,378.0,408.0,POINT (-122.8846819159799 49.14146581855978)
2021S051659150357,0,1,1,0,2,1,0,6,6,0,2,2,0,39,1,0,99,99,65.0,120.0,100.0,11.0,42.0,54.0,8.0,401.0,438.0,POINT (-122.84007068471219 49.1481615640394)
2021S051659150358,0,1,0,0,0,1,0,8,8,0,7,0,0,0,2,0,19,19,77.0,148.0,152.0,16.0,69.0,76.0,15.0,519.0,576.0,POINT (-122.69713782320788 49.136162337738156)
2021S051659150359,0,0,0,0,1,0,0,4,4,0,0,0,0,7,0,0,17,17,70.0,134.0,114.0,12.0,48.0,64.0,9.0,452.0,495.0,POINT (-122.81223599114766 49.14099647222721)
2021S051659150360,0,0,0,0,3,0,0,13,13,0,0,0,0,13,0,0,111,111,61.0,112.0,99.0,10.0,42.0,52.0,8.0,417.0,454.0,POINT (-122.86751688104066 49.103207831411915)
2021S051659150361,0,0,1,0,7,0,0,13,13,0,0,5,0,33,0,0,126,126,84.0,160.0,137.0,13.0,60.0,70.0,12.0,529.0,582.0,POINT (-122.81216051219857 49.1261574359066)
2021S051659150362,2,6,4,1,3,4,0,20,21,245,321,267,21,78,96,0,599,614,45.0,80.0,82.0,9.0,35.0,46.0,8.0,326.0,356.0,POINT (-122.65804971657451 49.16887465108604)
2021S051659150363,3,6,2,0,6,0,0,25,25,16,48,2,0,50,0,0,420,420,93.0,181.0,158.0,17.0,71.0,84.0,12.0,606.0,666.0,POINT (-122.83184972839675 49.105461452923294)
2021S051659150364,0,1,2,0,1,1,0,2,4,0,15,90,0,3,15,0,4,94,63.0,115.0,102.0,11.0,44.0,52.0,8.0,401.0,438.0,POINT (-122.80886864052432 49.1109114301344)
2021S051659150365,1,2,1,0,0,2,0,12,12,2,15,2,0,0,4,0,86,86,114.0,233.0,249.0,26.0,119.0,122.0,27.0,752.0,856.0,POINT (-122.64448292006566 49.14318228256794)
2021S051659150366,4,10,6,1,7,3,0,26,27,26,112,65,26,53,39,0,283,286,65.0,126.0,126.0,14.0,57.0,65.0,12.0,464.0,511.0,POINT (-122.72343021693459 49.12455631760675)
2021S051659150367,1,2,2,0,0,0,0,3,3,3,4,4,0,0,0,0,6,6,58.0,103.0,107.0,12.0,45.0,54.0,11.0,383.0,420.0,POINT (-122.68524779109963 49.1262177076372)
2021S051659150368,0,2,0,0,0,0,0,2,2,0,5,0,0,0,0,0,5,5,41.0,64.0,60.0,6.0,24.0,34.0,6.0,277.0,297.0,POINT (-122.79225400172916 49.06614945349799)
2021S051659150369,2,5,4,0,1,0,0,12,12,3,7,35,0,2,0,0,56,56,64.0,111.0,113.0,12.0,50.0,55.0,12.0,410.0,450.0,POINT (-122.77964902428896 49.05497514499045)
2021S051659150370,7,23,26,1,3,15,2,71,82,319,1058,1430,35,183,350,249,1135,1987,61.0,105.0,105.0,13.0,52.0,52.0,11.0,436.0,473.0,POINT (-122.72045541500019 49.03272146436915)
2021S051659150371,0,1,1,0,0,0,0,5,6,0,3,3,0,0,0,0,30,33,39.0,64.0,64.0,7.0,27.0,30.0,7.0,253.0,275.0,POINT (-122.79088167150593 49.03786207372991)
2021S051659150372,5,4,7,0,7,4,2,80,81,208,43,94,0,87,57,150,1112,1147,55.0,99.0,84.0,8.0,37.0,46.0,7.0,436.0,466.0,POINT (-122.8104120783806 49.087576372449334)
2021S051659150373,1,2,0,0,1,1,0,8,8,2,5,0,0,1,2,0,17,17,38.0,63.0,45.0,5.0,20.0,31.0,3.0,270.0,280.0,POINT (-123.1805849476924 49.12846082165098)
2021S051659150374,2,13,6,1,4,3,0,49,49,4,221,26,3,51,21,0,543,543,71.0,135.0,88.0,10.0,43.0,63.0,4.0,474.0,502.0,POINT (-123.14168406725493 49.176883430401425)
2021S051659150375,2,3,2,0,0,1,1,5,5,4,5,3,0,0,2,2,14,14,37.0,67.0,39.0,5.0,20.0,36.0,2.0,286.0,298.0,POINT (-123.06111719701144 49.32477167255847)
2021S051659150376,0,0,0,0,1,0,0,4,4,0,0,0,0,5,0,0,10,10,55.0,114.0,56.0,6.0,32.0,52.0,2.0,392.0,412.0,POINT (-123.07530143914259 49.32726970499007)
2021S051659150377,1,2,1,0,0,0,0,3,3,1,2,1,0,0,0,0,3,3,51.0,89.0,69.0,7.0,31.0,45.0,4.0,342.0,365.0,POINT (-122.88078566817806 49.26547864580927)
2021S051659150378,0,0,0,0,1,0,0,2,2,0,0,0,0,7,0,0,10,10,44.0,77.0,68.0,8.0,28.0,39.0,5.0,290.0,311.0,POINT (-122.77783022527346 49.29118783454759)
2021S051659150379,0,0,0,0,1,0,0,7,7,0,0,0,0,7,0,0,45,45,63.0,115.0,101.0,13.0,45.0,58.0,8.0,434.0,466.0,POINT (-122.69929468260264 49.32745886579394)
2021S051659150380,0,4,1,0,2,0,0,14,14,0,9,1,0,10,0,0,62,62,86.0,159.0,159.0,19.0,69.0,82.0,18.0,541.0,588.0,POINT (-122.59092594426839 49.216068369756215)
2021S051659150381,8,21,17,3,8,10,2,54,59,98,359,346,39,95,320,27,946,1194,62.0,115.0,95.0,11.0,43.0,61.0,6.0,402.0,434.0,POINT (-122.76664517053304 49.25510813335064)
2021S051659152000,0,3,3,2,2,2,0,9,9,0,23,23,22,3,22,0,38,38,42.0,69.0,69.0,9.0,26.0,35.0,7.0,284.0,302.0,POINT (-122.47740064795865 49.23849362564441)
2021S051659152001,1,0,0,0,1,0,1,5,5,14,0,0,0,3,0,14,22,22,55.0,96.0,103.0,10.0,36.0,48.0,13.0,348.0,380.0,POINT (-122.49332984629717 49.21566997563507)
2021S051659152002,1,3,0,0,0,1,0,6,6,64,71,0,0,0,2,0,87,87,46.0,85.0,60.0,7.0,26.0,47.0,2.0,333.0,353.0,POINT (-122.99553590691818 49.26521444918112)
2021S051659170002,0,0,0,0,0,0,0,0,0,0,0,0,0,0,0,0,0,0,0.0,0.0,0.0,0.0,0.0,0.0,0.0,0.0,0.0,POINT (-123.58503063996771 49.00730104553771)
2021S051659170003,0,0,0,0,0,0,0,0,0,0,0,0,0,0,0,0,0,0,0.0,0.0,0.0,0.0,0.0,0.0,0.0,0.0,0.0,POINT (-124.0630960298263 48.55697761077579)
2021S051659170005,0,0,0,0,0,0,0,0,0,0,0,0,0,0,0,0,0,0,0.0,0.0,0.0,0.0,2.0,0.0,0.0,8.0,8.0,POINT (-124.40539165588103 48.57612313405751)
2021S051659170006,1,3,2,0,1,2,0,18,19,7,15,22,0,7,17,0,66,81,15.0,36.0,22.0,6.0,17.0,18.0,2.0,180.0,182.0,POINT (-123.44172124213735 48.6769709780337)
2021S051659170007,0,0,0,0,0,0,0,0,0,0,0,0,0,0,0,0,0,0,8.0,17.0,13.0,1.0,7.0,11.0,1.0,77.0,79.0,POINT (-123.44979206280235 48.66498730654266)
2021S051659170008,4,9,7,0,3,2,0,17,19,71,110,87,0,13,38,0,134,172,20.0,46.0,27.0,6.0,23.0,19.0,2.0,155.0,159.0,POINT (-123.40999575104281 48.66013002303078)
2021S051659170009,0,3,1,1,0,1,0,8,8,0,311,11,11,0,11,0,321,321,21.0,49.0,31.0,6.0,23.0,20.0,2.0,166.0,170.0,POINT (-123.43053686526112 48.63081847253454)
2021S051659170010,0,2,1,1,1,3,0,8,8,0,6,3,3,1,7,0,17,17,27.0,59.0,30.0,3.0,23.0,18.0,1.0,222.0,228.0,POINT (-123.63886876926193 48.47210922304771)
2021S051659170011,1,4,1,1,0,2,0,15,15,3,104,3,3,0,18,0,296,296,18.0,40.0,23.0,5.0,21.0,18.0,2.0,149.0,152.0,POINT (-123.40521710672287 48.6463889271337)
2021S051659170012,0,0,0,0,0,0,0,0,0,0,0,0,0,0,0,0,0,0,0.0,0.0,0.0,0.0,0.0,0.0,0.0,0.0,0.0,POINT (-123.45773969347877 48.62172557703716)
2021S051659170013,2,6,6,2,2,5,0,33,34,128,190,248,17,8,63,0,287,322,35.0,82.0,44.0,7.0,33.0,28.0,3.0,305.0,314.0,POINT (-123.42334944422193 48.580687003880506)
2021S051659170014,0,1,1,1,0,1,0,1,1,0,3,3,3,0,3,0,3,3,0.0,0.0,0.0,0.0,1.0,0.0,0.0,20.0,20.0,POINT (-123.4559644463337 48.58397118162099)
2021S051659170015,2,5,2,1,6,2,0,28,28,229,250,5,3,228,13,0,560,560,33.0,75.0,37.0,3.0,29.0,22.0,1.0,249.0,258.0,POINT (-123.43946471664688 48.561618790925216)
2021S051659170017,0,0,0,0,1,0,0,1,1,0,0,0,0,7,0,0,7,7,19.0,35.0,19.0,2.0,14.0,16.0,1.0,167.0,170.0,POINT (-123.50970287125189 48.51390691323698)
2021S051659170018,0,0,0,0,0,0,0,0,0,0,0,0,0,0,0,0,0,0,15.0,26.0,15.0,1.0,10.0,11.0,0.0,124.0,127.0,POINT (-123.39079854921773 48.587287114613495)
2021S051659170019,0,0,0,0,3,0,0,13,13,0,0,0,0,7,0,0,35,35,22.0,45.0,26.0,3.0,18.0,18.0,1.0,206.0,212.0,POINT (-123.42422108728358 48.523802302198824)
2021S051659170020,1,5,4,1,0,1,0,9,9,3,19,17,3,0,3,0,29,29,29.0,69.0,34.0,4.0,28.0,23.0,1.0,230.0,238.0,POINT (-123.54609414311888 48.475279786813594)
2021S051659170021,1,1,1,0,0,0,0,5,5,6,6,6,0,0,0,0,20,20,22.0,46.0,26.0,3.0,18.0,17.0,1.0,187.0,193.0,POINT (-123.36786901075212 48.518807424351124)
2021S051659170022,1,2,1,0,0,1,0,4,4,1,3,1,0,0,2,0,6,6,19.0,38.0,21.0,2.0,15.0,16.0,1.0,155.0,160.0,POINT (-123.37661353849292 48.515343038142774)
2021S051659170023,0,1,3,0,0,2,0,6,7,0,40,40,0,0,47,0,78,85,29.0,69.0,34.0,4.0,28.0,23.0,1.0,218.0,226.0,POINT (-123.46799181863149 48.466216635830214)
2021S051659170024,0,1,0,0,1,1,0,7,7,0,16,0,0,3,16,0,47,47,29.0,69.0,34.0,4.0,27.0,22.0,1.0,224.0,232.0,POINT (-123.42975470776706 48.48063502841402)
2021S051659170025,2,8,4,1,4,3,0,21,21,63,107,63,6,64,11,0,297,297,42.0,89.0,49.0,6.0,43.0,32.0,1.0,283.0,296.0,POINT (-123.52748642204679 48.448318971605126)
2021S051659170026,0,3,3,2,1,2,0,11,11,0,14,14,9,6,9,0,30,30,16.0,41.0,23.0,3.0,18.0,19.0,1.0,192.0,198.0,POINT (-123.55725586173594 48.38480842209926)
2021S051659170027,0,0,1,0,1,0,0,7,7,0,0,2,0,2,0,0,18,18,33.0,67.0,37.0,4.0,33.0,25.0,1.0,241.0,250.0,POINT (-123.54508807746576 48.426659118229196)
2021S051659170028,0,0,0,0,0,0,0,0,0,0,0,0,0,0,0,0,0,0,3.0,10.0,6.0,1.0,4.0,4.0,0.0,31.0,31.0,POINT (-123.7472813710198 48.36328181579886)
2021S051659170029,1,1,0,0,0,0,0,4,4,1,2,0,0,0,0,0,8,8,32.0,65.0,37.0,4.0,33.0,25.0,1.0,227.0,236.0,POINT (-123.48583604534255 48.45207060635042)
2021S051659170030,1,2,0,0,0,0,0,9,9,7,12,0,0,0,0,0,22,22,24.0,56.0,28.0,3.0,23.0,18.0,1.0,176.0,183.0,POINT (-123.39171692303651 48.47670354296181)
2021S051659170031,0,0,0,0,0,0,0,1,1,0,0,0,0,0,0,0,1,1,18.0,40.0,21.0,2.0,16.0,15.0,1.0,168.0,173.0,POINT (-123.33440634008839 48.48517052348158)
2021S051659170032,0,0,0,0,1,0,0,6,6,0,0,0,0,3,0,0,35,35,21.0,45.0,23.0,3.0,19.0,16.0,1.0,162.0,167.0,POINT (-123.3709421503943 48.477534961007834)
2021S051659170033,0,0,0,0,0,0,0,2,2,0,0,0,0,0,0,0,8,8,23.0,47.0,26.0,3.0,22.0,16.0,1.0,178.0,183.0,POINT (-123.4719737151928 48.43719789067864)
2021S051659170036,2,2,1,0,0,0,0,11,11,3,3,1,0,0,0,0,32,32,26.0,61.0,29.0,3.0,20.0,20.0,1.0,189.0,197.0,POINT (-123.30078343512983 48.472481466400964)
2021S051659170037,3,8,4,2,1,3,0,19,20,44,73,34,6,35,9,0,136,139,34.0,69.0,37.0,4.0,34.0,24.0,1.0,235.0,244.0,POINT (-123.39630672971357 48.45603042884439)
2021S051659170038,2,3,2,1,1,1,0,8,8,19,30,22,11,35,11,0,89,89,38.0,77.0,41.0,5.0,37.0,26.0,1.0,239.0,249.0,POINT (-123.36335244095753 48.45994714101761)
2021S051659170039,0,2,1,0,0,0,0,8,9,0,88,75,0,0,0,0,30,105,30.0,59.0,34.0,3.0,28.0,20.0,1.0,198.0,206.0,POINT (-123.41198869222845 48.44192123968624)
2021S051659170040,0,0,0,0,0,0,0,1,1,0,0,0,0,0,0,0,6,6,17.0,30.0,17.0,2.0,13.0,13.0,1.0,136.0,139.0,POINT (-123.42266029610337 48.447035082154116)
2021S051659170041,0,0,0,0,0,0,0,0,0,0,0,0,0,0,0,0,0,0,0.0,0.0,0.0,0.0,0.0,0.0,0.0,0.0,0.0,POINT (-123.42876893369574 48.44492230551616)
2021S051659170042,0,1,2,0,2,0,0,9,9,0,1,2,0,4,0,0,41,41,31.0,61.0,33.0,3.0,24.0,20.0,1.0,195.0,203.0,POINT (-123.32092846199772 48.47053293293676)
2021S051659170044,0,2,1,0,0,0,0,6,6,0,3,1,0,0,0,0,12,12,33.0,67.0,35.0,4.0,25.0,25.0,1.0,221.0,230.0,POINT (-123.33132911800698 48.45190652542216)
2021S051659170045,5,15,8,3,7,8,0,40,41,42,201,51,22,63,87,0,343,358,23.0,46.0,23.0,3.0,17.0,16.0,1.0,161.0,166.0,POINT (-123.374681102721 48.44168164018671)
2021S051659170047,1,1,0,0,0,0,0,3,3,2,1,0,0,0,0,0,5,5,16.0,28.0,14.0,1.0,10.0,13.0,1.0,137.0,140.0,POINT (-123.31044569462141 48.45101933227071)
2021S051659170048,1,3,1,0,1,0,0,7,7,2,37,1,0,3,0,0,55,55,28.0,56.0,31.0,3.0,20.0,21.0,1.0,203.0,211.0,POINT (-123.35835690428478 48.4425965352748)
2021S051659170049,0,1,0,0,0,0,0,9,9,0,3,0,0,0,0,0,22,22,29.0,58.0,32.0,3.0,21.0,21.0,1.0,201.0,209.0,POINT (-123.34222396110624 48.441162698254246)
2021S051659170051,0,0,0,0,0,0,0,0,0,0,0,0,0,0,0,0,0,0,0.0,0.0,0.0,0.0,0.0,0.0,0.0,0.0,0.0,POINT (-123.59807010621867 48.340528051557925)
2021S051659170052,2,3,0,0,1,0,0,11,11,33,35,0,0,3,0,0,77,77,24.0,49.0,27.0,3.0,18.0,20.0,1.0,186.0,193.0,POINT (-123.37462353309391 48.41274961961253)
2021S051659170053,0,0,0,0,0,1,0,3,3,0,0,0,0,0,3,0,17,17,20.0,38.0,20.0,2.0,15.0,15.0,1.0,142.0,147.0,POINT (-123.37452733112248 48.41918935158168)
2021S051659170054,0,1,1,0,0,1,0,2,3,0,3,3,0,0,3,0,2,5,26.0,53.0,29.0,3.0,20.0,21.0,1.0,192.0,200.0,POINT (-123.34442859939296 48.430885307265186)
2021S051659170055,1,1,0,0,2,0,0,5,5,2,2,0,0,6,0,0,21,21,16.0,28.0,14.0,1.0,10.0,12.0,1.0,127.0,130.0,POINT (-123.3132758919083 48.43292677575768)
2021S051659170056,0,0,0,0,0,0,0,4,4,0,0,0,0,0,0,0,7,7,18.0,35.0,19.0,2.0,12.0,15.0,1.0,125.0,130.0,POINT (-123.33367630479705 48.42845162911274)
2021S051659170057,0,0,0,0,0,0,0,2,2,0,0,0,0,0,0,0,3,3,19.0,37.0,19.0,2.0,14.0,16.0,1.0,152.0,157.0,POINT (-123.35422150178427 48.41966777130026)
2021S051659170058,0,2,2,0,0,1,0,4,4,0,2,2,0,0,4,0,8,8,26.0,52.0,29.0,3.0,20.0,20.0,1.0,174.0,182.0,POINT (-123.33626896323031 48.41675332063238)
2021S051659170059,0,0,0,0,0,0,0,3,3,0,0,0,0,0,0,0,6,6,17.0,32.0,17.0,2.0,11.0,15.0,1.0,148.0,152.0,POINT (-123.31167142173395 48.41777283026579)
2021S051659170060,0,2,0,0,0,1,0,16,16,0,19,0,0,0,1,0,61,61,24.0,77.0,51.0,6.0,52.0,26.0,0.0,248.0,262.0,POINT (-123.70197882681018 48.40532903894966)
2021S051659170061,0,1,1,1,0,1,0,3,3,0,3,3,3,0,3,0,51,51,33.0,67.0,37.0,4.0,33.0,25.0,1.0,235.0,244.0,POINT (-123.49885507659313 48.41774016167619)
2021S051659170062,2,3,4,0,2,3,1,16,18,8,26,50,0,17,58,5,203,245,29.0,58.0,32.0,3.0,21.0,21.0,1.0,198.0,206.0,POINT (-123.38684983455653 48.43291239745117)
2021S051659170063,0,12,6,0,2,4,0,37,40,0,113,35,0,19,27,0,306,327,31.0,60.0,33.0,3.0,22.0,21.0,1.0,218.0,226.0,POINT (-123.36178676892581 48.42900402542616)
2021S051659170111,2,6,4,1,2,3,0,51,51,4,19,8,3,10,12,0,192,192,33.0,68.0,44.0,8.0,47.0,31.0,3.0,404.0,416.0,POINT (-123.53003089254524 48.8319243527742)
2021S051659170112,1,4,0,0,0,2,0,10,10,3,35,0,0,0,13,0,62,62,32.0,65.0,37.0,4.0,33.0,25.0,1.0,228.0,237.0,POINT (-123.41122179191906 48.43040985751312)
2021S051659190002,0,0,0,0,0,0,0,0,0,0,0,0,0,0,0,0,0,0,0.0,0.0,0.0,0.0,0.0,0.0,0.0,0.0,0.0,POINT (-124.66930960868906 48.807845528557294)
2021S051659190003,0,0,0,0,0,0,0,1,1,0,0,0,0,0,0,0,2,2,0.0,0.0,0.0,0.0,0.0,0.0,0.0,0.0,0.0,POINT (-123.85976604024854 49.01876984787156)
2021S051659190004,0,0,0,0,0,0,0,0,0,0,0,0,0,0,0,0,0,0,11.0,15.0,13.0,1.0,11.0,9.0,1.0,95.0,98.0,POINT (-123.79036116717589 49.01026587792522)
2021S051659190005,0,1,2,1,4,1,0,8,8,0,3,5,3,298,3,0,305,305,19.0,37.0,45.0,17.0,72.0,42.0,4.0,294.0,310.0,POINT (-123.80358111583493 48.97159414057173)
2021S051659190006,0,0,0,0,0,0,0,0,0,0,0,0,0,0,0,0,0,0,0.0,0.0,0.0,0.0,0.0,0.0,0.0,0.0,0.0,POINT (-123.6372750698384 49.04162994593089)
2021S051659190007,0,0,0,0,0,0,0,0,0,0,0,0,0,0,0,0,0,0,0.0,0.0,0.0,0.0,0.0,0.0,0.0,0.0,0.0,POINT (-123.59728981834765 49.01624554036962)
2021S051659190008,0,0,0,0,0,0,0,0,0,0,0,0,0,0,0,0,0,0,0.0,0.0,0.0,0.0,1.0,0.0,0.0,20.0,20.0,POINT (-123.64523404545083 48.959975460425035)
2021S051659190009,0,0,0,0,1,0,0,1,1,0,0,0,0,6,0,0,6,6,0.0,0.0,0.0,0.0,0.0,0.0,0.0,0.0,0.0,POINT (-124.0729855001415 48.82864700686077)
2021S051659190011,1,4,2,1,5,3,1,47,47,3,127,150,109,121,135,41,501,501,26.0,64.0,49.0,14.0,61.0,34.0,3.0,350.0,362.0,POINT (-123.81057497175397 48.77117484044077)
2021S051659190012,0,0,0,0,0,0,0,0,0,0,0,0,0,0,0,0,0,0,0.0,0.0,0.0,0.0,0.0,0.0,0.0,0.0,0.0,POINT (-123.69537996293411 48.9011789616621)
2021S051659190014,0,0,0,0,0,0,0,3,3,0,0,0,0,0,0,0,31,31,9.0,12.0,8.0,1.0,10.0,5.0,1.0,67.0,68.0,POINT (-123.69307801901329 48.875787921667765)
2021S051659190015,0,0,0,0,0,0,0,0,0,0,0,0,0,0,0,0,0,0,0.0,0.0,0.0,0.0,0.0,0.0,0.0,0.0,0.0,POINT (-123.67630327831858 48.88334652705612)
2021S051659190016,0,0,0,0,0,0,0,0,0,0,0,0,0,0,0,0,0,0,0.0,0.0,0.0,0.0,0.0,0.0,0.0,0.0,0.0,POINT (-123.82900475277579 48.759218853857696)
2021S051659190018,0,1,0,0,1,0,0,7,7,0,2,0,0,13,0,0,53,53,12.0,19.0,14.0,2.0,10.0,9.0,1.0,112.0,114.0,POINT (-123.65657399034036 48.763435308289246)
2021S051659190019,0,1,1,0,1,1,0,10,11,0,7,35,0,16,35,0,48,83,9.0,23.0,25.0,11.0,33.0,21.0,3.0,152.0,157.0,POINT (-123.70695590566903 48.77849608730829)
2021S051659190020,1,2,2,0,5,0,0,23,23,9,3,3,0,28,0,0,90,90,34.0,77.0,50.0,11.0,44.0,32.0,2.0,304.0,315.0,POINT (-123.65482152719487 48.65126002895226)
2021S051659190021,0,0,0,0,0,0,0,0,0,0,0,0,0,0,0,0,0,0,0.0,0.0,0.0,0.0,0.0,0.0,0.0,0.0,0.0,POINT (-123.69185576811039 48.770760218389285)
2021S051659190022,0,0,0,0,0,0,0,0,0,0,0,0,0,0,0,0,0,0,0.0,0.0,0.0,0.0,1.0,0.0,0.0,18.0,18.0,POINT (-123.6392408127463 48.76341157550293)
2021S051659190023,0,0,0,0,0,0,0,0,0,0,0,0,0,0,0,0,0,0,0.0,0.0,0.0,0.0,0.0,0.0,0.0,0.0,0.0,POINT (-123.60112046145278 48.75973745701513)
2021S051659190024,0,0,0,0,0,0,0,0,0,0,0,0,0,0,0,0,0,0,0.0,0.0,0.0,0.0,0.0,0.0,0.0,0.0,0.0,POINT (-123.63825552975673 48.74214506887936)
2021S051659190025,0,0,0,0,0,0,0,0,0,0,0,0,0,0,0,0,0,0,0.0,0.0,0.0,0.0,0.0,0.0,0.0,0.0,0.0,POINT (-123.61130302621218 48.73829311501018)
2021S051659190026,2,3,5,1,11,2,0,44,44,4,24,41,11,174,14,0,288,288,30.0,66.0,44.0,9.0,39.0,29.0,2.0,294.0,304.0,POINT (-123.56690572146432 48.6343736683594)
2021S051659190027,0,0,0,0,0,0,0,0,0,0,0,0,0,0,0,0,0,0,0.0,0.0,0.0,0.0,0.0,0.0,0.0,0.0,0.0,POINT (-123.60742218781499 48.71364153900037)
2021S051659190028,0,0,0,0,0,0,0,0,0,0,0,0,0,0,0,0,0,0,0.0,0.0,0.0,0.0,0.0,0.0,0.0,0.0,0.0,POINT (-123.53155986434712 48.62235937617655)
2021S051659190035,1,2,1,0,1,0,0,5,5,2,6,2,0,1,0,0,14,14,9.0,25.0,29.0,13.0,40.0,25.0,3.0,184.0,191.0,POINT (-123.7148430936978 48.79032927387723)
2021S051659190036,0,0,2,0,2,0,0,9,9,0,0,2,0,2,0,0,23,23,9.0,30.0,34.0,16.0,65.0,31.0,3.0,247.0,255.0,POINT (-123.70230292703567 48.81983373661908)
2021S051659190037,0,3,4,1,1,2,0,10,11,0,113,115,109,2,112,0,344,347,10.0,32.0,36.0,16.0,67.0,33.0,3.0,278.0,287.0,POINT (-123.62630659120887 48.82797287272399)
2021S051659190038,0,0,0,0,0,0,0,0,0,0,0,0,0,0,0,0,0,0,0.0,0.0,0.0,0.0,0.0,0.0,0.0,0.0,0.0,POINT (-123.64825329435263 48.77761248237116)
2021S051659190039,0,1,1,1,2,1,0,7,7,0,6,6,6,17,6,0,41,41,4.0,33.0,38.0,27.0,46.0,34.0,10.0,261.0,261.0,POINT (-124.4538011259726 48.810030880242934)
2021S051659190040,0,1,0,0,1,0,0,13,13,0,7,0,0,27,0,0,76,76,17.0,27.0,28.0,7.0,49.0,24.0,2.0,216.0,227.0,POINT (-123.96477717559996 48.99084038579989)
2021S051659190041,6,3,5,0,14,3,0,33,35,19,9,82,0,253,79,0,347,425,15.0,25.0,27.0,11.0,49.0,23.0,2.0,218.0,225.0,POINT (-123.73061380370761 48.87689109393765)
2021S051659190042,1,1,2,0,1,2,0,7,8,4,4,7,0,1,7,0,40,43,9.0,25.0,29.0,13.0,58.0,25.0,3.0,216.0,223.0,POINT (-123.7569121385826 48.782745321475325)
2021S051659190043,0,0,0,0,0,0,0,0,0,0,0,0,0,0,0,0,0,0,0.0,0.0,0.0,0.0,0.0,0.0,0.0,0.0,0.0,POINT (-123.67769660685516 49.09275046242711)
2021S051659210001,4,7,6,1,8,2,2,55,56,22,30,26,3,101,4,5,443,446,10.0,36.0,26.0,6.0,68.0,12.0,2.0,409.0,411.0,POINT (-124.63912980119463 49.31739914661425)
2021S051659210002,0,1,2,0,2,0,0,13,13,0,1,2,0,16,0,0,56,56,5.0,16.0,12.0,4.0,25.0,10.0,2.0,176.0,178.0,POINT (-124.4611468053405 49.33695127774977)
2021S051659210003,0,0,0,0,0,0,0,0,0,0,0,0,0,0,0,0,0,0,0.0,0.0,0.0,0.0,1.0,0.0,0.0,21.0,21.0,POINT (-124.61546384721242 49.397134889781626)
2021S051659210004,0,1,1,0,0,0,0,9,9,0,1,1,0,0,0,0,37,37,4.0,11.0,9.0,3.0,17.0,6.0,2.0,110.0,111.0,POINT (-124.42712385012251 49.34918336435699)
2021S051659210005,1,2,4,1,5,2,0,20,20,2,13,20,11,47,12,0,103,103,38.0,21.0,29.0,4.0,21.0,13.0,0.0,187.0,203.0,POINT (-124.32852881936425 49.13397072202275)
2021S051659210006,0,3,2,0,0,0,0,14,14,0,16,3,0,0,0,0,46,46,10.0,16.0,16.0,2.0,28.0,15.0,3.0,138.0,146.0,POINT (-124.20448320985453 49.250791103583005)
2021S051659210007,0,3,3,1,5,1,0,13,13,0,52,33,26,30,26,0,119,119,6.0,21.0,18.0,6.0,36.0,12.0,3.0,198.0,200.0,POINT (-124.3081762675136 49.31587456998617)
2021S051659210009,0,0,0,0,0,0,0,0,0,0,0,0,0,0,0,0,0,0,0.0,0.0,0.0,0.0,0.0,0.0,0.0,0.0,0.0,POINT (-124.12439403781637 49.25082913605149)
2021S051659210010,0,0,1,0,1,1,0,4,5,0,0,3,0,3,3,0,31,34,10.0,20.0,20.0,3.0,37.0,17.0,3.0,154.0,164.0,POINT (-124.04116201174435 49.24088798453297)
2021S051659210011,0,2,1,0,1,1,0,11,11,0,5,2,0,7,8,0,35,35,16.0,22.0,23.0,3.0,29.0,19.0,3.0,167.0,179.0,POINT (-124.03880963801832 49.219536717897014)
2021S051659210012,1,2,1,0,1,0,0,8,8,2,3,1,0,6,0,0,22,22,13.0,15.0,18.0,1.0,23.0,16.0,1.0,117.0,128.0,POINT (-124.00172010896375 49.23368736065946)
2021S051659210013,0,0,0,0,3,1,0,4,4,0,0,0,0,13,8,0,21,21,15.0,18.0,22.0,1.0,27.0,19.0,1.0,133.0,147.0,POINT (-124.00372018015237 49.21867774965075)
2021S051659210014,2,0,1,0,0,0,1,4,4,8,0,5,0,0,0,3,13,13,12.0,15.0,18.0,1.0,22.0,15.0,1.0,105.0,116.0,POINT (-123.97311174892322 49.21772181859124)
2021S051659210015,1,3,2,0,1,0,0,7,7,3,11,5,0,11,0,0,29,29,18.0,24.0,28.0,2.0,41.0,26.0,1.0,186.0,205.0,POINT (-124.00156512951402 49.167347609056556)
2021S051659210016,0,0,0,0,0,0,0,0,0,0,0,0,0,0,0,0,0,0,13.0,15.0,18.0,1.0,28.0,15.0,1.0,110.0,121.0,POINT (-123.97745038631436 49.20112917162661)
2021S051659210017,2,7,6,0,3,5,0,20,25,10,30,37,0,42,32,0,103,137,19.0,24.0,28.0,2.0,42.0,27.0,1.0,184.0,203.0,POINT (-123.97660576446154 49.18630238425452)
2021S051659210018,1,1,0,0,2,0,0,10,10,2,2,0,0,183,0,0,196,196,15.0,19.0,22.0,1.0,38.0,19.0,1.0,151.0,165.0,POINT (-123.93587653219474 49.19117646650023)
2021S051659210019,0,0,0,0,0,0,0,0,0,0,0,0,0,0,0,0,0,0,17.0,22.0,26.0,2.0,39.0,24.0,1.0,165.0,182.0,POINT (-123.961553541925 49.165244964277576)
2021S051659210020,0,0,0,0,0,0,0,3,3,0,0,0,0,0,0,0,12,12,12.0,15.0,16.0,1.0,23.0,14.0,1.0,120.0,128.0,POINT (-123.80024995156583 49.157399250974684)
2021S051659210021,0,0,0,0,1,0,0,5,5,0,0,0,0,1,0,0,83,83,17.0,22.0,25.0,2.0,66.0,23.0,1.0,199.0,215.0,POINT (-123.94311574505144 49.13855910874782)
2021S051659210022,0,4,5,0,4,5,0,15,18,0,61,92,0,125,135,0,421,506,18.0,23.0,27.0,2.0,68.0,25.0,1.0,204.0,222.0,POINT (-123.91375163582077 49.13023212155926)
2021S051659210023,0,0,0,0,1,0,0,1,1,0,0,0,0,2,0,0,2,2,8.0,11.0,13.0,1.0,8.0,9.0,1.0,62.0,68.0,POINT (-123.92940999900921 49.150482971867945)
2021S051659210024,0,0,0,0,0,0,0,0,0,0,0,0,0,0,0,0,0,0,8.0,11.0,13.0,1.0,13.0,9.0,1.0,69.0,75.0,POINT (-123.88146778771628 49.12495554815288)
2021S051659210025,1,3,5,0,2,2,0,24,26,111,37,51,0,6,10,0,223,265,21.0,30.0,37.0,8.0,79.0,33.0,4.0,256.0,273.0,POINT (-123.84634660001102 49.08324885532434)
2021S051659230001,0,3,1,0,3,0,0,20,20,0,28,2,0,5,0,0,248,248,0.0,13.0,1.0,0.0,5.0,0.0,0.0,176.0,176.0,POINT (-124.86150737488542 48.890601803460434)
2021S051659230002,0,0,0,0,0,0,0,0,0,0,0,0,0,0,0,0,0,0,0.0,0.0,0.0,0.0,0.0,0.0,0.0,0.0,0.0,POINT (-126.47384615188152 49.39530483927444)
2021S051659230003,0,0,0,0,0,0,0,0,0,0,0,0,0,0,0,0,0,0,0.0,0.0,0.0,0.0,0.0,0.0,0.0,0.0,0.0,POINT (-126.27194482849964 49.36582521904901)
2021S051659230005,0,0,0,0,0,0,0,0,0,0,0,0,0,0,0,0,0,0,0.0,2.0,1.0,0.0,2.0,0.0,0.0,36.0,36.0,POINT (-126.06226267591121 49.276292040451146)
2021S051659230006,0,0,0,0,0,0,0,0,0,0,0,0,0,0,0,0,0,0,0.0,2.0,1.0,0.0,2.0,0.0,0.0,25.0,25.0,POINT (-125.91207129212064 49.17673932222563)
2021S051659230007,0,0,0,0,0,0,0,0,0,0,0,0,0,0,0,0,0,0,0.0,0.0,0.0,0.0,0.0,0.0,0.0,0.0,0.0,POINT (-125.89806907361394 49.13110233159943)
2021S051659230008,0,0,0,0,0,0,0,0,0,0,0,0,0,0,0,0,0,0,0.0,0.0,0.0,0.0,0.0,0.0,0.0,0.0,0.0,POINT (-125.78285652743457 49.07256217197204)
2021S051659230009,0,0,0,0,0,0,0,0,0,0,0,0,0,0,0,0,0,0,0.0,0.0,0.0,0.0,0.0,0.0,0.0,0.0,0.0,POINT (-124.89631303239759 49.29366878352309)
2021S051659230010,0,0,0,0,0,0,0,0,0,0,0,0,0,0,0,0,0,0,5.0,10.0,9.0,1.0,10.0,3.0,2.0,84.0,85.0,POINT (-124.8696941730724 49.26929191275836)
2021S051659230011,1,4,1,0,3,0,0,12,12,3,25,3,0,195,0,0,235,235,10.0,31.0,21.0,3.0,65.0,6.0,2.0,357.0,358.0,POINT (-124.81172988824189 49.245969303541486)
2021S051659230012,0,0,0,0,0,0,0,0,0,0,0,0,0,0,0,0,0,0,0.0,0.0,0.0,0.0,0.0,0.0,0.0,0.0,0.0,POINT (-124.82552629353435 49.26479743209327)
2021S051659230013,0,0,0,0,0,0,0,0,0,0,0,0,0,0,0,0,0,0,0.0,0.0,0.0,0.0,0.0,0.0,0.0,0.0,0.0,POINT (-125.57381343472103 48.97800307065178)
2021S051659230014,1,4,3,0,1,1,0,16,16,28,66,61,0,27,1,0,440,440,9.0,26.0,19.0,2.0,59.0,5.0,2.0,337.0,338.0,POINT (-124.79231979622678 49.252175710550084)
2021S051659230015,0,0,0,0,0,0,0,0,0,0,0,0,0,0,0,0,0,0,0.0,3.0,1.0,0.0,2.0,0.0,0.0,27.0,27.0,POINT (-125.52624463977108 48.94067184405428)
2021S051659230016,0,0,0,0,0,0,0,0,0,0,0,0,0,0,0,0,0,0,0.0,0.0,0.0,0.0,0.0,0.0,0.0,0.0,0.0,POINT (-124.80936003262347 49.2141197390467)
2021S051659230017,0,0,0,0,0,0,0,0,0,0,0,0,0,0,0,0,0,0,0.0,0.0,0.0,0.0,0.0,0.0,0.0,0.0,0.0,POINT (-125.38128244326364 48.99616194022424)
2021S051659230018,0,0,0,0,0,0,0,0,0,0,0,0,0,0,0,0,0,0,0.0,0.0,0.0,0.0,0.0,0.0,0.0,0.0,0.0,POINT (-125.0477636710435 49.02668878583693)
2021S051659230019,0,0,0,0,0,0,0,0,0,0,0,0,0,0,0,0,0,0,0.0,0.0,0.0,0.0,0.0,0.0,0.0,0.0,0.0,POINT (-124.98479071405276 48.90244249404138)
2021S051659230020,0,0,0,0,0,0,0,0,0,0,0,0,0,0,0,0,0,0,0.0,0.0,0.0,0.0,0.0,0.0,0.0,0.0,0.0,POINT (-125.10560050167328 48.83688387905068)
2021S051659230021,0,0,0,0,0,0,0,1,1,0,0,0,0,0,0,0,15,15,0.0,0.0,0.0,0.0,0.0,0.0,0.0,0.0,0.0,POINT (-125.12342406583916 48.80529102329381)
2021S051659230022,0,0,0,0,0,0,0,5,5,0,0,0,0,0,0,0,18,18,6.0,11.0,10.0,1.0,13.0,3.0,2.0,105.0,106.0,POINT (-124.90172321184853 49.35518431236056)
2021S051659230023,1,2,2,0,6,0,0,14,14,2,4,3,0,12,0,0,35,35,16.0,39.0,36.0,0.0,25.0,5.0,0.0,340.0,340.0,POINT (-125.14665732744074 49.30831535655936)
2021S051659240001,1,4,3,0,7,0,0,24,24,12,24,15,0,18,0,0,504,504,8.0,18.0,24.0,10.0,21.0,14.0,5.0,328.0,333.0,POINT (-125.88928953401778 50.20310485626879)
2021S051659240002,0,0,0,0,0,0,0,1,1,0,0,0,0,0,0,0,10,10,1.0,3.0,2.0,0.0,2.0,0.0,0.0,12.0,12.0,POINT (-127.37744280673861 50.03153168616039)
2021S051659240003,0,0,0,0,0,0,0,0,0,0,0,0,0,0,0,0,0,0,0.0,0.0,0.0,0.0,0.0,0.0,0.0,0.0,0.0,POINT (-127.40246666961202 50.01104977455414)
2021S051659240004,0,0,0,0,0,0,0,0,0,0,0,0,0,0,0,0,0,0,0.0,0.0,0.0,0.0,0.0,0.0,0.0,0.0,0.0,POINT (-126.9401763713305 49.989437340617734)
2021S051659240005,0,0,0,0,0,0,0,0,0,0,0,0,0,0,0,0,0,0,0.0,0.0,0.0,0.0,0.0,0.0,0.0,0.0,0.0,POINT (-126.86145052037682 49.98280505186882)
2021S051659240006,0,0,0,0,0,0,0,0,0,0,0,0,0,0,0,0,0,0,0.0,0.0,0.0,0.0,0.0,0.0,0.0,0.0,0.0,POINT (-126.97656009689553 49.87448675874989)
2021S051659240007,0,1,1,0,1,0,0,9,9,0,1,1,0,1,0,0,34,34,0.0,3.0,3.0,0.0,5.0,0.0,0.0,154.0,154.0,POINT (-125.66340198448671 49.75409525173156)
2021S051659240008,1,4,4,2,4,4,1,27,29,15,44,76,41,27,49,20,210,226,9.0,26.0,29.0,11.0,19.0,15.0,5.0,309.0,314.0,POINT (-125.3399931219992 50.039956486173395)
2021S051659240009,0,0,0,0,0,0,0,0,0,0,0,0,0,0,0,0,0,0,1.0,3.0,2.0,0.0,2.0,0.0,0.0,15.0,15.0,POINT (-126.07572350388348 49.81339127024977)
2021S051659240010,0,0,0,0,0,0,0,0,0,0,0,0,0,0,0,0,0,0,0.0,0.0,0.0,0.0,0.0,0.0,0.0,0.0,0.0,POINT (-126.62091921583492 49.59632663121275)
2021S051659240011,0,0,0,0,0,0,0,2,2,0,0,0,0,0,0,0,16,16,0.0,0.0,0.0,0.0,1.0,2.0,0.0,27.0,28.0,POINT (-125.25387706401722 50.03513915966037)
2021S051659240012,0,0,0,0,0,0,0,3,3,0,0,0,0,0,0,0,7,7,0.0,0.0,0.0,0.0,2.0,0.0,0.0,33.0,33.0,POINT (-125.29351369824985 50.018953943172505)
2021S051659240013,0,3,1,1,2,1,0,13,13,0,23,3,3,24,3,0,904,904,5.0,14.0,16.0,5.0,14.0,8.0,3.0,212.0,215.0,POINT (-125.24493382809631 50.019412305695425)
2021S051659240014,0,0,0,0,0,0,0,0,0,0,0,0,0,0,0,0,0,0,0.0,0.0,0.0,0.0,0.0,0.0,0.0,0.0,0.0,POINT (-125.48076470662419 49.930736142192465)
2021S051659240015,0,0,0,0,0,0,0,0,0,0,0,0,0,0,0,0,0,0,0.0,0.0,0.0,0.0,0.0,0.0,0.0,0.0,0.0,POINT (-124.92088552865216 50.14453987447411)
2021S051659240017,0,0,0,0,0,0,0,1,1,0,0,0,0,0,0,0,3,3,0.0,0.0,0.0,0.0,0.0,0.0,0.0,0.0,0.0,POINT (-124.93689136521576 50.12804981914599)
2021S051659240018,0,0,0,0,0,0,0,1,1,0,0,0,0,0,0,0,2,2,0.0,0.0,0.0,0.0,1.0,0.0,0.0,23.0,23.0,POINT (-125.1891496056739 50.0166523167095)
2021S051659240019,0,0,0,0,0,0,0,0,0,0,0,0,0,0,0,0,0,0,0.0,0.0,0.0,0.0,0.0,0.0,0.0,0.0,0.0,POINT (-126.1196012641663 49.68461586472093)
2021S051659240020,0,0,0,0,3,1,0,10,10,0,0,0,0,4,1,0,20,20,7.0,20.0,22.0,8.0,20.0,12.0,4.0,311.0,315.0,POINT (-125.2415970843103 49.99483132591453)
2021S051659240021,0,0,0,0,0,0,0,0,0,0,0,0,0,0,0,0,0,0,0.0,0.0,0.0,0.0,0.0,0.0,0.0,0.0,0.0,POINT (-125.46726416946929 49.91874937510429)
2021S051659240022,0,0,0,0,0,0,0,0,0,0,0,0,0,0,0,0,0,0,0.0,0.0,0.0,0.0,0.0,0.0,0.0,0.0,0.0,POINT (-125.46419347246783 49.91589235617676)
2021S051659240023,0,0,0,0,0,0,0,0,0,0,0,0,0,0,0,0,0,0,0.0,0.0,0.0,0.0,0.0,0.0,0.0,0.0,0.0,POINT (-125.47343332489244 49.90743712712592)
2021S051659240024,0,0,0,0,0,0,0,0,0,0,0,0,0,0,0,0,0,0,0.0,0.0,0.0,0.0,1.0,0.0,0.0,23.0,23.0,POINT (-125.24311202538 49.94938449076974)
2021S051659240025,0,0,0,0,0,0,0,0,0,0,0,0,0,0,0,0,0,0,0.0,0.0,0.0,0.0,0.0,0.0,0.0,0.0,0.0,POINT (-125.21094424552626 49.911370490248274)
2021S051659240026,0,0,0,0,4,1,0,13,13,0,0,0,0,6,1,0,28,28,11.0,33.0,35.0,13.0,31.0,18.0,7.0,516.0,522.0,POINT (-125.25625862983672 49.95750090163171)
2021S051659242000,0,0,0,0,0,0,0,0,0,0,0,0,0,0,0,0,0,0,0.0,0.0,0.0,0.0,0.0,0.0,0.0,0.0,0.0,POINT (-125.45627762210967 49.933498388259665)
2021S051659242001,0,0,0,0,0,0,0,0,0,0,0,0,0,0,0,0,0,0,0.0,0.0,0.0,0.0,0.0,0.0,0.0,0.0,0.0,POINT (-125.4645299740453 49.92194599334998)
2021S051659260001,1,2,4,0,9,0,0,43,43,3,4,8,0,33,0,0,166,166,9.0,12.0,25.0,0.0,67.0,0.0,0.0,293.0,293.0,POINT (-125.21619066528122 49.71763701818978)
2021S051659260002,0,2,2,1,7,1,0,27,27,0,4,4,3,64,3,0,108,108,3.0,17.0,8.0,1.0,43.0,9.0,0.0,243.0,244.0,POINT (-124.99490271950233 49.72916393859859)
2021S051659260003,1,3,1,0,3,0,0,18,18,7,35,1,0,9,0,0,84,84,3.0,22.0,8.0,1.0,57.0,14.0,0.0,256.0,257.0,POINT (-124.96399101961295 49.71304613264251)
2021S051659260004,0,0,0,0,0,0,0,0,0,0,0,0,0,0,0,0,0,0,0.0,0.0,0.0,0.0,0.0,0.0,0.0,0.0,0.0,POINT (-125.00696898361376 49.69599393898614)
2021S051659260005,0,0,2,0,6,2,0,19,19,0,0,8,0,80,9,0,128,128,3.0,20.0,8.0,1.0,54.0,15.0,0.0,225.0,226.0,POINT (-124.99035506068749 49.66834101455056)
2021S051659260006,0,4,1,0,1,0,0,15,16,0,25,3,0,1,0,0,77,80,3.0,22.0,8.0,1.0,55.0,16.0,0.0,222.0,223.0,POINT (-124.94212486715138 49.68620638639562)
2021S051659260007,0,1,0,0,5,1,0,38,38,0,13,0,0,38,2,0,307,307,10.0,24.0,17.0,2.0,68.0,8.0,2.0,424.0,425.0,POINT (-124.94431285113625 49.517588315505655)
2021S051659260009,0,0,0,0,0,0,0,0,0,0,0,0,0,0,0,0,0,0,0.0,0.0,0.0,0.0,1.0,0.0,0.0,21.0,21.0,POINT (-124.95340215568014 49.67910459378618)
2021S051659260010,0,0,0,0,0,0,0,0,0,0,0,0,0,0,0,0,0,0,0.0,0.0,0.0,0.0,0.0,0.0,0.0,0.0,0.0,POINT (-125.02597875737308 49.67240687094541)
2021S051659270001,0,0,0,0,1,1,0,5,5,0,0,0,0,2,3,0,26,26,3.0,10.0,5.0,0.0,13.0,1.0,0.0,193.0,193.0,POINT (-124.20011189969372 50.44625612186663)
2021S051659270003,0,0,0,0,1,0,0,2,2,0,0,0,0,5,0,0,12,12,0.0,3.0,1.0,0.0,7.0,1.0,0.0,43.0,43.0,POINT (-124.60915555522226 49.90848673932193)
2021S051659270005,0,0,0,0,0,0,0,0,0,0,0,0,0,0,0,0,0,0,0.0,0.0,0.0,0.0,0.0,0.0,0.0,0.0,0.0,POINT (-124.33396954416324 49.77484035143043)
2021S051659270945,0,3,2,0,9,0,0,35,35,0,20,7,0,43,0,0,160,160,0.0,53.0,17.0,0.0,124.0,9.0,0.0,432.0,432.0,POINT (-124.29849172884506 49.89553862358369)
2021S051659290001,0,2,3,0,7,1,0,33,33,0,2,5,0,15,32,0,287,287,0.0,4.0,11.0,0.0,33.0,64.0,0.0,277.0,277.0,POINT (-123.72953525994369 49.9200837508148)
2021S051659290002,0,0,0,0,0,0,0,0,0,0,0,0,0,0,0,0,0,0,1.0,5.0,5.0,1.0,8.0,6.0,0.0,76.0,77.0,POINT (-123.74450579726205 49.474908635211634)
2021S051659290003,1,6,3,2,5,3,0,25,25,6,44,15,9,14,13,0,196,196,24.0,59.0,28.0,14.0,37.0,32.0,0.0,245.0,248.0,POINT (-123.3883016601772 49.56233096109787)
2021S051659290005,0,0,0,0,0,0,0,0,0,0,0,0,0,0,0,0,0,0,0.0,0.0,0.0,0.0,0.0,0.0,0.0,0.0,0.0,POINT (-123.49944353988418 49.40858163713805)
2021S051659290602,0,2,0,0,2,0,0,16,16,0,8,0,0,5,0,0,62,62,3.0,19.0,8.0,3.0,21.0,15.0,0.0,220.0,220.0,POINT (-123.7976691378829 49.482052228432245)
2021S051659310001,0,4,1,0,6,2,0,31,32,0,20,3,0,33,5,0,122,125,0.0,26.0,5.0,0.0,49.0,5.0,0.0,131.0,136.0,POINT (-123.03877217190154 50.36143900397637)
2021S051659310002,0,0,0,0,0,0,0,0,0,0,0,0,0,0,0,0,0,0,0.0,0.0,0.0,0.0,1.0,0.0,0.0,14.0,14.0,POINT (-122.03133701518362 50.80070934260991)
2021S051659310003,0,0,0,0,0,0,0,0,0,0,0,0,0,0,0,0,0,0,0.0,0.0,0.0,0.0,0.0,0.0,0.0,0.0,0.0,POINT (-121.8401331820486 50.88723002381892)
2021S051659310004,0,0,0,0,0,0,0,0,0,0,0,0,0,0,0,0,0,0,0.0,0.0,0.0,0.0,0.0,0.0,0.0,0.0,0.0,POINT (-122.26623197734042 50.7205787807023)
2021S051659310005,0,0,0,0,0,0,0,0,0,0,0,0,0,0,0,0,0,0,0.0,0.0,0.0,0.0,0.0,0.0,0.0,0.0,0.0,POINT (-122.29834580521931 50.70343321515207)
2021S051659310006,0,0,0,0,0,0,0,0,0,0,0,0,0,0,0,0,0,0,0.0,0.0,0.0,0.0,0.0,0.0,0.0,0.0,0.0,POINT (-122.28080466302761 50.70493563531496)
2021S051659310007,0,0,0,0,0,0,0,0,0,0,0,0,0,0,0,0,0,0,0.0,0.0,0.0,0.0,0.0,0.0,0.0,0.0,0.0,POINT (-121.8368574441212 50.77996960768778)
2021S051659310008,0,0,0,0,0,0,0,0,0,0,0,0,0,0,0,0,0,0,0.0,0.0,0.0,0.0,0.0,0.0,0.0,0.0,0.0,POINT (-121.92363265413316 50.75737683154262)
2021S051659310009,0,0,0,0,0,0,0,0,0,0,0,0,0,0,0,0,0,0,0.0,0.0,0.0,0.0,0.0,0.0,0.0,0.0,0.0,POINT (-122.48154116570926 50.54682819766376)
2021S051659310010,0,0,0,0,0,0,0,0,0,0,0,0,0,0,0,0,0,0,0.0,0.0,0.0,0.0,0.0,0.0,0.0,0.0,0.0,POINT (-121.87918973268927 50.74163844865523)
2021S051659310011,0,0,0,0,0,0,0,0,0,0,0,0,0,0,0,0,0,0,0.0,0.0,0.0,0.0,1.0,0.0,0.0,14.0,14.0,POINT (-121.8630116914913 50.735889157611915)
2021S051659310012,0,0,0,0,0,0,0,0,0,0,0,0,0,0,0,0,0,0,0.0,0.0,0.0,0.0,1.0,0.0,0.0,14.0,14.0,POINT (-121.95083817639107 50.69279668283603)
2021S051659310013,0,0,0,0,0,0,0,0,0,0,0,0,0,0,0,0,0,0,0.0,0.0,0.0,0.0,0.0,0.0,0.0,0.0,0.0,POINT (-121.90934940330305 50.720740239350775)
2021S051659310014,0,0,0,0,0,0,0,0,0,0,0,0,0,0,0,0,0,0,0.0,0.0,0.0,0.0,0.0,0.0,0.0,0.0,0.0,POINT (-121.98857893308 50.66760775308872)
2021S051659310015,0,0,0,0,0,0,0,0,0,0,0,0,0,0,0,0,0,0,0.0,0.0,0.0,0.0,0.0,0.0,0.0,0.0,0.0,POINT (-121.93602672033346 50.67099346708134)
2021S051659310016,0,0,0,0,0,0,0,0,0,0,0,0,0,0,0,0,0,0,0.0,0.0,0.0,0.0,0.0,0.0,0.0,0.0,0.0,POINT (-121.8366360555843 50.70644843091953)
2021S051659310017,0,0,0,0,0,0,0,0,0,0,0,0,0,0,0,0,0,0,0.0,0.0,0.0,0.0,1.0,0.0,0.0,14.0,14.0,POINT (-121.91423701943214 50.652900833153424)
2021S051659310018,0,0,0,0,0,0,0,0,0,0,0,0,0,0,0,0,0,0,0.0,0.0,0.0,0.0,0.0,0.0,0.0,0.0,0.0,POINT (-121.89725781761071 50.65891460884677)
2021S051659310019,0,0,0,0,0,0,0,0,0,0,0,0,0,0,0,0,0,0,0.0,0.0,0.0,0.0,0.0,0.0,0.0,0.0,0.0,POINT (-121.80784526465959 50.68611908351373)
2021S051659310020,0,0,0,0,0,0,0,0,0,0,0,0,0,0,0,0,0,0,0.0,0.0,0.0,0.0,0.0,0.0,0.0,0.0,0.0,POINT (-121.79952566833035 50.63934406549523)
2021S051659310021,0,0,0,0,0,0,0,0,0,0,0,0,0,0,0,0,0,0,0.0,3.0,1.0,0.0,6.0,1.0,0.0,23.0,24.0,POINT (-122.67218657984722 50.33092164548742)
2021S051659310022,0,0,0,0,0,0,0,0,0,0,0,0,0,0,0,0,0,0,0.0,0.0,0.0,0.0,0.0,0.0,0.0,0.0,0.0,POINT (-122.63492088468217 50.30642314737802)
2021S051659310023,0,0,0,0,0,0,0,1,1,0,0,0,0,0,0,0,1,1,0.0,0.0,0.0,0.0,0.0,0.0,0.0,0.0,0.0,POINT (-121.85270766294825 50.585189680671114)
2021S051659310024,0,7,4,0,1,2,0,20,21,0,42,14,0,3,9,0,102,109,2.0,29.0,10.0,2.0,13.0,8.0,0.0,142.0,147.0,POINT (-122.98788108406681 50.08436169533424)
2021S051659310025,0,0,0,0,0,0,0,0,0,0,0,0,0,0,0,0,0,0,0.0,0.0,0.0,0.0,0.0,0.0,0.0,0.0,0.0,POINT (-121.785002695264 50.54426614653007)
2021S051659310026,0,2,0,0,1,1,0,6,6,0,4,0,0,27,2,0,38,38,0.0,0.0,0.0,0.0,0.0,0.0,0.0,0.0,0.0,POINT (-123.21252683765196 49.83094005719624)
2021S051659310028,0,0,0,0,0,0,0,0,0,0,0,0,0,0,0,0,0,0,5.0,10.0,7.0,2.0,7.0,4.0,0.0,60.0,61.0,POINT (-123.16201598925215 49.77071436336127)
2021S051659310029,4,11,6,2,6,3,0,31,31,20,111,68,57,67,60,0,215,215,22.0,49.0,23.0,12.0,27.0,27.0,0.0,240.0,243.0,POINT (-123.1710552100524 49.69872336382235)
2021S051659310030,0,0,0,0,0,0,0,0,0,0,0,0,0,0,0,0,0,0,0.0,0.0,0.0,0.0,0.0,0.0,0.0,0.0,0.0,POINT (-123.14176475281376 49.75399606095924)
2021S051659310031,0,0,0,0,0,0,0,0,0,0,0,0,0,0,0,0,0,0,0.0,0.0,0.0,0.0,0.0,0.0,0.0,0.0,0.0,POINT (-123.14044639614609 49.743073169482784)
2021S051659310032,0,0,0,0,0,0,0,0,0,0,0,0,0,0,0,0,0,0,0.0,0.0,0.0,0.0,0.0,0.0,0.0,0.0,0.0,POINT (-123.16160088668435 49.72587229831164)
2021S051659310033,0,0,0,0,0,0,0,0,0,0,0,0,0,0,0,0,0,0,0.0,0.0,0.0,0.0,0.0,0.0,0.0,0.0,0.0,POINT (-123.14969512217367 49.6910672953988)
2021S051659310034,0,0,0,0,0,0,0,0,0,0,0,0,0,0,0,0,0,0,0.0,0.0,0.0,0.0,0.0,0.0,0.0,0.0,0.0,POINT (-121.83317325680764 50.76240215486981)
2021S051659310035,0,0,0,0,0,0,0,0,0,0,0,0,0,0,0,0,0,0,0.0,0.0,0.0,0.0,0.0,0.0,0.0,0.0,0.0,POINT (-121.8649932907527 50.74436630598257)
2021S051659310036,0,0,0,0,2,0,0,2,2,0,0,0,0,11,0,0,11,11,7.0,33.0,18.0,12.0,29.0,22.0,0.0,182.0,183.0,POINT (-123.1532155057136 49.794504136760054)
2021S051659330002,0,0,0,0,0,0,0,1,1,0,0,0,0,0,0,0,3,3,0.0,0.0,0.0,0.0,2.0,0.0,0.0,15.0,15.0,POINT (-122.15019686836976 51.4700258536658)
2021S051659330003,0,0,0,0,0,0,0,0,0,0,0,0,0,0,0,0,0,0,0.0,0.0,0.0,0.0,0.0,0.0,0.0,0.0,0.0,POINT (-122.02832621981331 51.431192966913066)
2021S051659330004,0,0,0,0,0,0,0,0,0,0,0,0,0,0,0,0,0,0,0.0,0.0,0.0,0.0,0.0,0.0,0.0,0.0,0.0,POINT (-122.00734020265716 51.10605424805652)
2021S051659330005,0,0,0,0,0,1,0,8,9,0,0,0,0,0,1,0,174,175,5.0,14.0,11.0,0.0,8.0,10.0,4.0,91.0,99.0,POINT (-120.62878853155986 50.808211483316065)
2021S051659330006,0,0,0,0,0,0,0,0,0,0,0,0,0,0,0,0,0,0,0.0,0.0,0.0,0.0,0.0,0.0,0.0,0.0,0.0,POINT (-120.19904563512229 51.42194211814139)
2021S051659330007,0,0,0,0,0,0,0,0,0,0,0,0,0,0,0,0,0,0,0.0,0.0,0.0,0.0,2.0,0.0,0.0,12.0,12.0,POINT (-120.15762625606965 51.29431099180574)
2021S051659330008,0,0,0,0,0,0,0,0,0,0,0,0,0,0,0,0,0,0,0.0,0.0,0.0,0.0,0.0,0.0,0.0,0.0,0.0,POINT (-121.49530096933532 50.881100382742595)
2021S051659330009,0,0,0,0,0,0,0,0,0,0,0,0,0,0,0,0,0,0,0.0,0.0,0.0,0.0,0.0,0.0,0.0,0.0,0.0,POINT (-121.66513340791802 50.81931874458725)
2021S051659330010,0,0,0,0,0,0,0,0,0,0,0,0,0,0,0,0,0,0,0.0,0.0,0.0,0.0,0.0,0.0,0.0,0.0,0.0,POINT (-121.57608897842475 50.81562973126596)
2021S051659330011,0,0,0,0,0,0,0,0,0,0,0,0,0,0,0,0,0,0,0.0,0.0,0.0,0.0,2.0,0.0,0.0,12.0,12.0,POINT (-121.37611724819102 50.83880560560946)
2021S051659330012,0,0,0,0,1,0,0,8,8,0,0,0,0,1,0,0,22,22,3.0,1.0,10.0,0.0,72.0,5.0,2.0,239.0,241.0,POINT (-120.14605221399547 50.894949311219825)
2021S051659330013,0,0,0,0,0,0,0,1,1,0,0,0,0,0,0,0,3,3,2.0,1.0,3.0,0.0,6.0,2.0,1.0,22.0,23.0,POINT (-120.96276637954155 50.82357874987814)
2021S051659330014,0,0,0,0,0,0,0,0,0,0,0,0,0,0,0,0,0,0,0.0,0.0,0.0,0.0,0.0,0.0,0.0,0.0,0.0,POINT (-120.12575380379431 51.13415648198416)
2021S051659330015,0,0,0,0,0,0,0,0,0,0,0,0,0,0,0,0,0,0,0.0,0.0,0.0,0.0,0.0,0.0,0.0,0.0,0.0,POINT (-121.31442978848474 50.73103754001345)
2021S051659330016,0,0,0,0,0,0,0,0,0,0,0,0,0,0,0,0,0,0,0.0,0.0,0.0,0.0,0.0,0.0,0.0,0.0,0.0,POINT (-121.31271020796054 50.719553523499)
2021S051659330017,0,0,0,0,0,0,0,0,0,0,0,0,0,0,0,0,0,0,0.0,0.0,0.0,0.0,0.0,0.0,0.0,0.0,0.0,POINT (-120.24232738238243 50.987029984569)
2021S051659330018,0,0,0,0,0,0,0,0,0,0,0,0,0,0,0,0,0,0,0.0,0.0,0.0,0.0,0.0,0.0,0.0,0.0,0.0,POINT (-121.25984854246859 50.66269741589325)
2021S051659330019,0,0,0,0,0,0,0,0,0,0,0,0,0,0,0,0,0,0,0.0,0.0,0.0,0.0,0.0,0.0,0.0,0.0,0.0,POINT (-121.3199118174718 50.6319431978056)
2021S051659330020,0,0,0,0,0,0,0,0,0,0,0,0,0,0,0,0,0,0,0.0,0.0,0.0,0.0,0.0,0.0,0.0,0.0,0.0,POINT (-121.73549013391492 50.49972064460114)
2021S051659330021,0,0,0,0,0,0,0,0,0,0,0,0,0,0,0,0,0,0,0.0,0.0,0.0,0.0,0.0,0.0,0.0,0.0,0.0,POINT (-121.37858742000886 50.61370942686638)
2021S051659330022,0,0,0,0,0,0,0,0,0,0,0,0,0,0,0,0,0,0,0.0,0.0,0.0,0.0,0.0,0.0,0.0,0.0,0.0,POINT (-121.31711089575889 50.61634594645882)
2021S051659330023,0,0,0,0,0,0,0,0,0,0,0,0,0,0,0,0,0,0,0.0,0.0,0.0,0.0,0.0,0.0,0.0,0.0,0.0,POINT (-121.32295761374644 50.59962129608696)
2021S051659330024,0,0,0,0,0,0,0,0,0,0,0,0,0,0,0,0,0,0,0.0,0.0,0.0,0.0,0.0,0.0,0.0,0.0,0.0,POINT (-119.7778413464492 51.07900600802299)
2021S051659330025,0,0,0,0,0,0,0,0,0,0,0,0,0,0,0,0,0,0,0.0,0.0,0.0,0.0,0.0,0.0,0.0,0.0,0.0,POINT (-121.70055930988588 50.44766198381293)
2021S051659330026,0,0,0,0,0,0,0,0,0,0,0,0,0,0,0,0,0,0,0.0,0.0,0.0,0.0,0.0,0.0,0.0,0.0,0.0,POINT (-121.71174425166308 50.4404317029081)
2021S051659330027,0,1,1,0,0,1,0,3,4,0,2,2,0,0,1,0,6,7,4.0,7.0,9.0,1.0,16.0,4.0,2.0,47.0,49.0,POINT (-121.04946776767977 50.501949429711274)
2021S051659330028,0,0,0,0,0,0,0,0,0,0,0,0,0,0,0,0,0,0,0.0,0.0,0.0,0.0,0.0,0.0,0.0,0.0,0.0,POINT (-121.70923878157515 50.42653575541304)
2021S051659330029,0,0,2,0,2,1,0,5,6,0,0,14,0,20,4,0,25,29,14.0,24.0,34.0,1.0,55.0,25.0,6.0,237.0,249.0,POINT (-120.35323329545675 50.79461836442445)
2021S051659330030,0,0,0,0,0,0,0,0,0,0,0,0,0,0,0,0,0,0,0.0,0.0,0.0,0.0,0.0,0.0,0.0,0.0,0.0,POINT (-121.26775252204445 50.48832355762374)
2021S051659330031,0,0,0,0,0,0,0,0,0,0,0,0,0,0,0,0,0,0,0.0,0.0,0.0,0.0,0.0,0.0,0.0,0.0,0.0,POINT (-121.6796400889613 50.37363402530945)
2021S051659330032,0,1,1,0,0,2,1,6,6,0,6,2,0,0,15,2,25,25,9.0,18.0,27.0,1.0,36.0,20.0,4.0,186.0,196.0,POINT (-120.43221275339499 50.72573635019193)
2021S051659330033,1,2,4,0,4,2,1,17,17,16,13,50,0,45,33,20,228,228,7.0,15.0,20.0,1.0,26.0,16.0,3.0,144.0,151.0,POINT (-120.2579089956997 50.728276583798824)
2021S051659330034,0,0,0,0,0,0,0,0,0,0,0,0,0,0,0,0,0,0,0.0,0.0,0.0,0.0,0.0,0.0,0.0,0.0,0.0,POINT (-121.67335496609958 50.34681529263771)
2021S051659330035,0,0,0,0,0,0,0,0,0,0,0,0,0,0,0,0,0,0,0.0,0.0,0.0,0.0,0.0,0.0,0.0,0.0,0.0,POINT (-121.3370013605353 50.46238084997947)
2021S051659330036,0,1,1,0,3,0,0,6,6,0,2,15,0,119,0,0,142,142,6.0,8.0,10.0,1.0,44.0,4.0,3.0,133.0,135.0,POINT (-119.68561161765217 50.820671758179465)
2021S051659330037,0,0,0,0,0,0,0,0,0,0,0,0,0,0,0,0,0,0,0.0,0.0,0.0,0.0,0.0,0.0,0.0,0.0,0.0,POINT (-121.65118420225194 50.33823360118003)
2021S051659330038,0,0,0,0,0,0,0,0,0,0,0,0,0,0,0,0,0,0,0.0,0.0,0.0,0.0,0.0,0.0,0.0,0.0,0.0,POINT (-121.65875127921775 50.330380764045735)
2021S051659330039,0,0,0,0,0,0,0,1,1,0,0,0,0,0,0,0,3,3,0.0,0.0,0.0,0.0,0.0,0.0,0.0,0.0,0.0,POINT (-121.3601644065182 50.41461155112863)
2021S051659330040,0,0,0,0,0,0,0,0,0,0,0,0,0,0,0,0,0,0,0.0,0.0,0.0,0.0,0.0,0.0,0.0,0.0,0.0,POINT (-121.35603864026652 50.41673233395459)
2021S051659330041,0,0,0,0,0,0,0,0,0,0,0,0,0,0,0,0,0,0,0.0,0.0,0.0,0.0,0.0,0.0,0.0,0.0,0.0,POINT (-121.31826092089605 50.423690352088485)
2021S051659330042,0,0,0,0,0,0,0,0,0,0,0,0,0,0,0,0,0,0,0.0,0.0,0.0,0.0,0.0,0.0,0.0,0.0,0.0,POINT (-121.64927812646843 50.307324337781296)
2021S051659330043,0,1,1,0,1,0,0,7,7,0,3,1,0,1,0,0,37,37,15.0,31.0,48.0,1.0,64.0,33.0,6.0,281.0,299.0,POINT (-120.40218667267821 50.705178101995585)
2021S051659330044,0,2,1,0,1,0,0,5,5,0,4,1,0,35,0,0,41,41,16.0,33.0,49.0,2.0,67.0,34.0,6.0,274.0,292.0,POINT (-120.3593036043025 50.694154598063236)
2021S051659330045,2,2,2,0,2,2,1,10,12,16,78,78,0,16,78,14,48,126,13.0,26.0,37.0,1.0,50.0,27.0,5.0,252.0,266.0,POINT (-120.42079142508064 50.63636715276154)
2021S051659330046,0,0,0,0,0,0,0,0,0,0,0,0,0,0,0,0,0,0,0.0,0.0,0.0,0.0,0.0,0.0,0.0,0.0,0.0,POINT (-121.63543192336394 50.28586393725944)
2021S051659330047,0,0,0,0,0,0,0,0,0,0,0,0,0,0,0,0,0,0,0.0,0.0,0.0,0.0,0.0,0.0,0.0,0.0,0.0,POINT (-121.62313705620878 50.29533143932059)
2021S051659330048,0,3,1,0,0,1,1,21,21,0,26,2,0,0,1,2,80,80,7.0,15.0,20.0,1.0,26.0,16.0,3.0,146.0,153.0,POINT (-120.32543553976899 50.67456548998318)
2021S051659330049,0,0,0,0,0,0,0,0,0,0,0,0,0,0,0,0,0,0,0.0,0.0,0.0,0.0,2.0,0.0,0.0,12.0,12.0,POINT (-121.60210153714715 50.286463368094864)
2021S051659330050,0,0,0,0,0,0,0,0,0,0,0,0,0,0,0,0,0,0,0.0,0.0,0.0,0.0,0.0,0.0,0.0,0.0,0.0,POINT (-121.62280808198622 50.2723232967479)
2021S051659330051,0,0,0,0,0,0,0,0,0,0,0,0,0,0,0,0,0,0,13.0,24.0,33.0,1.0,45.0,24.0,5.0,214.0,226.0,POINT (-120.34430555584123 50.65253803113448)
2021S051659330052,2,0,1,0,1,2,0,11,12,40,0,7,0,58,15,0,139,146,9.0,18.0,26.0,1.0,35.0,20.0,4.0,185.0,195.0,POINT (-120.25378676967496 50.643541400237666)
2021S051659330055,0,0,0,0,0,0,0,0,0,0,0,0,0,0,0,0,0,0,0.0,0.0,0.0,0.0,0.0,0.0,0.0,0.0,0.0,POINT (-121.5889799009212 50.25763811620922)
2021S051659330056,0,0,0,0,0,0,0,0,0,0,0,0,0,0,0,0,0,0,6.0,8.0,10.0,1.0,12.0,3.0,3.0,60.0,62.0,POINT (-119.73028845513186 50.81119958448008)
2021S051659330057,0,0,0,0,0,0,0,0,0,0,0,0,0,0,0,0,0,0,0.0,0.0,0.0,0.0,0.0,0.0,0.0,0.0,0.0,POINT (-121.57226250797189 50.261949806215405)
2021S051659330058,0,0,0,0,0,0,0,0,0,0,0,0,0,0,0,0,0,0,0.0,0.0,0.0,0.0,0.0,0.0,0.0,0.0,0.0,POINT (-121.23728174862687 50.363014750085725)
2021S051659330060,0,0,0,0,0,0,0,0,0,0,0,0,0,0,0,0,0,0,0.0,0.0,0.0,0.0,0.0,0.0,0.0,0.0,0.0,POINT (-121.59980169044532 50.249686953775786)
2021S051659330061,0,0,0,0,0,0,0,1,1,0,0,0,0,0,0,0,3,3,0.0,0.0,0.0,0.0,1.0,0.0,0.0,18.0,18.0,POINT (-119.75270350333973 50.776038592585905)
2021S051659330062,0,0,0,0,0,0,0,0,0,0,0,0,0,0,0,0,0,0,0.0,0.0,0.0,0.0,0.0,0.0,0.0,0.0,0.0,POINT (-121.59276819423675 50.23751478740913)
2021S051659330063,0,0,0,0,0,0,0,0,0,0,0,0,0,0,0,0,0,0,0.0,0.0,0.0,0.0,2.0,0.0,0.0,12.0,12.0,POINT (-121.5763361657455 50.23606657447474)
2021S051659330064,1,1,5,1,2,5,0,21,23,2,3,179,3,83,76,0,399,437,9.0,21.0,30.0,1.0,40.0,24.0,4.0,202.0,214.0,POINT (-120.13076171522974 50.64661555078873)
2021S051659330065,0,0,0,0,0,0,0,0,0,0,0,0,0,0,0,0,0,0,0.0,0.0,0.0,0.0,0.0,0.0,0.0,0.0,0.0,POINT (-121.57723597696692 50.22766586527004)
2021S051659330066,0,0,0,0,0,0,0,0,0,0,0,0,0,0,0,0,0,0,0.0,0.0,0.0,0.0,0.0,0.0,0.0,0.0,0.0,POINT (-121.58601952485427 50.207455595088575)
2021S051659330067,0,0,0,0,0,0,0,0,0,0,0,0,0,0,0,0,0,0,0.0,0.0,0.0,0.0,0.0,0.0,0.0,0.0,0.0,POINT (-121.40250227989492 50.263414358256114)
2021S051659330068,0,0,0,0,0,0,0,0,0,0,0,0,0,0,0,0,0,0,0.0,0.0,0.0,0.0,0.0,0.0,0.0,0.0,0.0,POINT (-121.18908566853854 50.28792485934428)
2021S051659330069,0,0,0,0,0,0,0,0,0,0,0,0,0,0,0,0,0,0,0.0,0.0,0.0,0.0,0.0,0.0,0.0,0.0,0.0,POINT (-121.59064691357153 50.19239419617138)
2021S051659330070,0,0,0,0,0,0,0,0,0,0,0,0,0,0,0,0,0,0,0.0,0.0,0.0,0.0,0.0,0.0,0.0,0.0,0.0,POINT (-121.57118977398652 50.20099313068275)
2021S051659330071,0,0,0,0,0,0,0,0,0,0,0,0,0,0,0,0,0,0,0.0,0.0,0.0,0.0,0.0,0.0,0.0,0.0,0.0,POINT (-121.57864933013228 50.19507441853149)
2021S051659330072,0,0,0,0,0,0,0,0,0,0,0,0,0,0,0,0,0,0,0.0,0.0,0.0,0.0,0.0,0.0,0.0,0.0,0.0,POINT (-121.57709037268963 50.18818867798432)
2021S051659330073,0,0,0,0,0,0,0,0,0,0,0,0,0,0,0,0,0,0,0.0,0.0,0.0,0.0,0.0,0.0,0.0,0.0,0.0,POINT (-121.5801743168779 50.172227941937315)
2021S051659330074,0,0,0,0,0,0,0,0,0,0,0,0,0,0,0,0,0,0,0.0,0.0,0.0,0.0,0.0,0.0,0.0,0.0,0.0,POINT (-121.57583420858137 50.15407830253741)
2021S051659330075,0,0,0,0,0,0,0,0,0,0,0,0,0,0,0,0,0,0,0.0,0.0,0.0,0.0,0.0,0.0,0.0,0.0,0.0,POINT (-121.57083539608566 50.13614389073602)
2021S051659330076,0,0,0,0,0,0,0,0,0,0,0,0,0,0,0,0,0,0,0.0,0.0,0.0,0.0,0.0,0.0,0.0,0.0,0.0,POINT (-121.51989103200373 50.14876656832832)
2021S051659330077,0,0,0,0,0,0,0,0,0,0,0,0,0,0,0,0,0,0,0.0,0.0,0.0,0.0,0.0,0.0,0.0,0.0,0.0,POINT (-121.56015436742182 50.114453911108825)
2021S051659330078,0,0,0,0,0,0,0,0,0,0,0,0,0,0,0,0,0,0,0.0,0.0,0.0,0.0,0.0,0.0,0.0,0.0,0.0,POINT (-121.55450114782886 50.109202937455926)
2021S051659330079,0,0,0,0,0,0,0,0,0,0,0,0,0,0,0,0,0,0,4.0,6.0,8.0,1.0,11.0,3.0,2.0,30.0,31.0,POINT (-121.05964075871789 50.19275913252627)
2021S051659330080,0,0,0,0,0,0,0,0,0,0,0,0,0,0,0,0,0,0,0.0,0.0,0.0,0.0,0.0,0.0,0.0,0.0,0.0,POINT (-121.54499076322797 50.05587375148334)
2021S051659330081,0,0,0,0,0,0,0,0,0,0,0,0,0,0,0,0,0,0,4.0,6.0,8.0,1.0,13.0,3.0,2.0,52.0,53.0,POINT (-120.84297236897214 50.18240237898608)
2021S051659330082,0,0,0,0,0,0,0,0,0,0,0,0,0,0,0,0,0,0,0.0,0.0,0.0,0.0,0.0,0.0,0.0,0.0,0.0,POINT (-120.66822386135955 50.18434906986909)
2021S051659330083,0,0,0,0,0,0,0,1,1,0,0,0,0,0,0,0,10,10,0.0,0.0,0.0,0.0,1.0,0.0,0.0,13.0,13.0,POINT (-120.47072310563891 50.20303523147951)
2021S051659330084,0,0,0,0,0,0,0,0,0,0,0,0,0,0,0,0,0,0,0.0,0.0,0.0,0.0,1.0,0.0,0.0,13.0,13.0,POINT (-120.28930633784381 50.157180167458485)
2021S051659330085,0,0,0,0,0,0,0,0,0,0,0,0,0,0,0,0,0,0,2.0,6.0,6.0,1.0,8.0,2.0,1.0,18.0,19.0,POINT (-120.75645699643877 50.09178772498329)
2021S051659330086,0,0,0,0,0,0,0,0,0,0,0,0,0,0,0,0,0,0,0.0,0.0,0.0,0.0,1.0,0.0,0.0,13.0,13.0,POINT (-120.85844635333709 50.03146360278851)
2021S051659330087,0,0,0,0,0,0,0,0,0,0,0,0,0,0,0,0,0,0,0.0,0.0,0.0,0.0,0.0,0.0,0.0,0.0,0.0,POINT (-120.9770589583291 49.989795029628695)
2021S051659330088,0,0,0,0,0,0,0,0,0,0,0,0,0,0,0,0,0,0,0.0,0.0,0.0,0.0,0.0,0.0,0.0,0.0,0.0,POINT (-121.33728961381823 50.428610419604624)
2021S051659330089,0,0,0,0,0,0,0,0,0,0,0,0,0,0,0,0,0,0,0.0,0.0,0.0,0.0,0.0,0.0,0.0,0.0,0.0,POINT (-121.3119170347192 50.466957310962606)
2021S051659330090,0,0,0,0,0,0,0,0,0,0,0,0,0,0,0,0,0,0,0.0,0.0,0.0,0.0,0.0,0.0,0.0,0.0,0.0,POINT (-119.61740019841673 50.84614280200642)
2021S051659330607,1,3,3,0,4,2,1,22,23,15,58,18,0,68,15,9,227,234,9.0,21.0,30.0,1.0,40.0,24.0,4.0,207.0,219.0,POINT (-120.44314972650393 50.69003699805307)
2021S051659330608,2,1,3,0,13,1,1,41,41,6,1,7,0,197,7,5,318,318,5.0,3.0,8.0,0.0,185.0,7.0,4.0,408.0,409.0,POINT (-119.7599584776493 51.77496922601371)
2021S051659330609,2,8,9,2,8,4,1,37,39,13,35,39,6,236,12,2,395,401,20.0,73.0,76.0,3.0,167.0,57.0,12.0,512.0,566.0,POINT (-119.94861845452075 50.32127848484237)
2021S051659332000,1,1,0,0,1,0,0,4,4,3,3,0,0,1,0,0,295,295,8.0,15.0,22.0,1.0,25.0,19.0,4.0,143.0,152.0,POINT (-120.29169466322679 50.8227598149213)
2021S051659350003,3,7,6,2,3,3,1,75,77,39,42,84,17,67,52,23,1057,1099,35.0,51.0,75.0,18.0,45.0,54.0,14.0,474.0,509.0,POINT (-119.15200023181612 49.97652602428585)
2021S051659350004,0,2,1,0,3,1,0,10,10,0,3,1,0,8,1,0,86,86,16.0,59.0,54.0,12.0,67.0,55.0,3.0,341.0,373.0,POINT (-119.4533232681922 49.95349665581761)
2021S051659350005,0,1,1,0,0,1,0,4,5,0,75,75,0,0,75,0,57,132,10.0,23.0,20.0,3.0,18.0,22.0,1.0,125.0,136.0,POINT (-119.39730097813302 50.0075890263946)
2021S051659350006,3,13,9,2,10,10,0,52,57,44,111,195,46,253,209,0,1025,1168,13.0,41.0,36.0,7.0,40.0,36.0,2.0,252.0,273.0,POINT (-119.40585000483541 49.95352697863863)
2021S051659350009,0,0,0,0,0,1,0,1,1,0,0,0,0,0,2,0,2,2,10.0,19.0,15.0,2.0,10.0,16.0,1.0,133.0,140.0,POINT (-119.53592920606903 49.88440735728109)
2021S051659350010,1,11,9,1,2,4,0,35,38,2,160,140,26,4,77,0,360,417,13.0,38.0,34.0,6.0,38.0,34.0,2.0,220.0,240.0,POINT (-119.49618674270296 49.89286124657271)
2021S051659350011,0,0,0,0,1,0,0,8,8,0,0,0,0,15,0,0,59,59,12.0,33.0,30.0,6.0,31.0,30.0,2.0,204.0,220.0,POINT (-119.46014113285001 49.8917179006138)
2021S051659350013,0,1,0,0,0,0,0,7,7,0,2,0,0,0,0,0,70,70,16.0,40.0,32.0,6.0,36.0,30.0,2.0,217.0,233.0,POINT (-119.60722580325319 49.83729296514276)
2021S051659350014,5,10,10,3,2,6,1,24,26,36,68,87,23,36,70,10,189,228,14.0,47.0,42.0,9.0,48.0,42.0,2.0,269.0,293.0,POINT (-119.3905396266981 49.89953466752094)
2021S051659350015,0,1,1,0,0,0,0,5,5,0,2,2,0,0,0,0,32,32,14.0,47.0,41.0,9.0,46.0,42.0,2.0,244.0,268.0,POINT (-119.49829340827215 49.866774451395145)
2021S051659350016,0,2,1,0,1,0,0,9,9,0,15,2,0,5,0,0,28,28,12.0,35.0,31.0,6.0,34.0,32.0,2.0,202.0,219.0,POINT (-119.47349309240366 49.87656649564709)
2021S051659350017,0,0,0,0,0,1,0,5,5,0,0,0,0,0,2,0,33,33,14.0,31.0,20.0,3.0,23.0,20.0,1.0,171.0,180.0,POINT (-119.7659397027158 49.76560595567276)
2021S051659350018,1,6,0,0,3,3,0,31,33,15,87,0,0,160,11,0,492,508,10.0,26.0,22.0,4.0,21.0,25.0,1.0,181.0,193.0,POINT (-119.4554502174854 49.86783218155226)
2021S051659350019,0,0,0,0,0,1,0,4,4,0,0,0,0,0,1,0,20,20,12.0,34.0,30.0,6.0,34.0,30.0,2.0,188.0,204.0,POINT (-119.40388840611203 49.89125285036554)
2021S051659350020,0,0,0,0,0,0,0,4,4,0,0,0,0,0,0,0,12,12,13.0,42.0,37.0,7.0,42.0,37.0,2.0,244.0,266.0,POINT (-119.39533073548732 49.87572285322226)
2021S051659350021,0,1,0,0,1,0,0,8,8,0,13,0,0,3,0,0,30,30,16.0,41.0,38.0,7.0,44.0,38.0,2.0,249.0,268.0,POINT (-119.48931629702014 49.82772004806262)
2021S051659350022,0,0,0,0,3,1,0,24,24,0,0,0,0,9,2,0,121,121,16.0,42.0,37.0,6.0,39.0,37.0,2.0,320.0,340.0,POINT (-119.37959155914977 49.852790913483915)
2021S051659350023,0,2,1,1,0,1,0,17,17,0,9,3,3,0,3,0,122,122,20.0,44.0,39.0,6.0,40.0,36.0,2.0,251.0,270.0,POINT (-119.53580527656615 49.79662227165027)
2021S051659350024,2,7,4,2,4,3,0,50,51,17,37,15,8,23,9,0,324,339,25.0,68.0,59.0,11.0,94.0,57.0,3.0,561.0,595.0,POINT (-119.40031373000605 50.07741198797371)
2021S051659350025,0,1,0,0,1,0,0,13,13,0,13,0,0,1,0,0,96,96,17.0,44.0,35.0,7.0,40.0,34.0,2.0,251.0,269.0,POINT (-119.55190000063736 49.84301918250737)
2021S051659350026,0,0,0,0,0,0,0,2,2,0,0,0,0,0,0,0,3,3,4.0,8.0,5.0,1.0,6.0,5.0,0.0,80.0,84.0,POINT (-119.7539582156237 49.96923683650805)
2021S051659350027,1,10,6,2,6,11,0,35,38,2,80,67,37,339,122,0,605,634,19.0,48.0,41.0,7.0,41.0,38.0,2.0,258.0,280.0,POINT (-119.56845920915413 49.9089252915789)
2021S051659350602,1,2,2,0,4,1,0,19,20,3,4,16,0,20,15,0,74,89,22.0,61.0,53.0,10.0,62.0,49.0,2.0,354.0,381.0,POINT (-119.63656171787495 49.836357831894915)
2021S051659370001,1,1,1,0,5,1,0,43,44,3,7,7,0,91,7,0,316,323,2.0,9.0,11.0,0.0,108.0,5.0,0.0,419.0,424.0,POINT (-118.77217864486155 50.6552450522886)
2021S051659370002,1,1,1,0,6,1,0,21,22,2,1,35,0,25,35,0,116,151,13.0,29.0,49.0,4.0,67.0,59.0,0.0,210.0,242.0,POINT (-118.74014618217035 50.21404169964103)
2021S051659370003,4,6,12,1,7,5,0,77,80,18,59,138,26,323,92,0,1239,1304,23.0,57.0,52.0,7.0,96.0,34.0,1.0,636.0,658.0,POINT (-119.19947101571215 50.44400199521405)
2021S051659370004,0,2,3,0,5,0,0,24,24,0,5,7,0,85,0,0,213,213,2.0,9.0,11.0,0.0,110.0,5.0,0.0,317.0,322.0,POINT (-119.51978203775845 50.33927233290446)
2021S051659370005,0,0,0,0,1,0,0,1,1,0,0,0,0,10,0,0,10,10,8.0,11.0,10.0,1.0,10.0,4.0,1.0,88.0,91.0,POINT (-119.15316954922167 50.524082762129794)
2021S051659370006,0,0,1,0,1,0,0,3,3,0,0,1,0,1,0,0,10,10,15.0,19.0,15.0,1.0,15.0,7.0,3.0,152.0,157.0,POINT (-119.36896069807854 50.324835476574535)
2021S051659370007,0,0,0,0,0,0,0,0,0,0,0,0,0,0,0,0,0,0,0.0,0.0,0.0,0.0,0.0,0.0,0.0,0.0,0.0,POINT (-119.23361270973517 50.38727167944072)
2021S051659370008,2,5,3,0,1,1,0,15,15,4,23,5,0,1,2,0,161,161,19.0,29.0,26.0,3.0,50.0,15.0,3.0,269.0,280.0,POINT (-119.32048392412585 50.271083476640165)
2021S051659370009,0,0,0,0,1,0,0,6,6,0,0,0,0,1,0,0,7,7,13.0,19.0,14.0,1.0,24.0,8.0,1.0,154.0,158.0,POINT (-119.21724239297379 50.310310426541186)
2021S051659370010,5,11,4,1,1,2,0,31,32,30,107,46,3,1,38,0,204,239,19.0,31.0,28.0,3.0,57.0,16.0,3.0,243.0,255.0,POINT (-119.27558788877639 50.27547805493853)
2021S051659370011,0,0,0,0,0,0,0,0,0,0,0,0,0,0,0,0,0,0,0.0,0.0,0.0,0.0,0.0,0.0,0.0,0.0,0.0,POINT (-119.22189077199597 50.29280212659142)
2021S051659370012,1,2,1,0,2,0,0,8,8,64,65,1,0,6,0,0,96,96,22.0,41.0,38.0,5.0,80.0,22.0,2.0,318.0,336.0,POINT (-119.254225621749 50.26632308960242)
2021S051659370013,0,0,0,0,0,0,0,0,0,0,0,0,0,0,0,0,0,0,0.0,0.0,0.0,0.0,0.0,0.0,0.0,0.0,0.0,POINT (-119.34029647771901 50.24682031411897)
2021S051659370014,1,3,3,0,5,0,0,25,25,2,10,13,0,56,0,0,166,166,25.0,52.0,49.0,6.0,89.0,32.0,3.0,398.0,425.0,POINT (-119.40353902363012 50.19276780177318)
2021S051659370015,0,0,2,0,5,0,0,21,21,0,0,22,0,361,0,0,491,491,24.0,43.0,41.0,6.0,88.0,24.0,3.0,449.0,468.0,POINT (-119.1662335894916 50.23083423794409)
2021S051659370016,0,0,0,0,0,0,0,0,0,0,0,0,0,0,0,0,0,0,0.0,0.0,0.0,0.0,0.0,0.0,0.0,0.0,0.0,POINT (-119.22597368376401 50.28736913655283)
2021S051659390001,1,4,3,0,8,0,0,26,27,3,15,7,0,110,0,0,191,194,9.0,84.0,78.0,14.0,165.0,57.0,0.0,634.0,664.0,POINT (-118.25661350449151 51.32676568004773)
2021S051659390002,0,0,0,0,0,0,0,0,0,0,0,0,0,0,0,0,0,0,0.0,0.0,0.0,0.0,0.0,0.0,0.0,0.0,0.0,POINT (-119.63152478194407 50.95675906344797)
2021S051659390003,0,0,0,0,1,0,0,1,1,0,0,0,0,2,0,0,2,2,0.0,0.0,0.0,0.0,0.0,0.0,0.0,0.0,0.0,POINT (-119.5965674321913 50.885877554344155)
2021S051659390004,0,0,0,0,0,0,0,0,0,0,0,0,0,0,0,0,0,0,0.0,0.0,0.0,0.0,0.0,0.0,0.0,0.0,0.0,POINT (-119.48217045696865 50.91679170095)
2021S051659390005,1,3,3,0,7,2,1,36,37,7,10,5,0,12,4,7,100,103,63.0,80.0,53.0,0.0,141.0,37.0,63.0,534.0,563.0,POINT (-119.45666141524495 50.651261756923226)
2021S051659390006,0,0,0,0,0,0,0,1,1,0,0,0,0,0,0,0,15,15,0.0,0.0,0.0,0.0,0.0,0.0,0.0,0.0,0.0,POINT (-119.58789766257034 50.86208116915354)
2021S051659390007,0,0,0,0,1,0,0,1,1,0,0,0,0,6,0,0,6,6,0.0,0.0,0.0,0.0,0.0,0.0,0.0,0.0,0.0,POINT (-119.32272732566608 50.78496929075903)
2021S051659390008,3,10,12,3,4,8,0,50,54,21,224,221,44,18,138,0,892,980,11.0,39.0,46.0,8.0,81.0,29.0,2.0,445.0,462.0,POINT (-119.35009860070328 50.68337259411562)
2021S051659390009,0,3,2,1,3,2,0,11,11,0,8,5,3,3,4,0,28,28,8.0,36.0,37.0,6.0,59.0,26.0,2.0,313.0,326.0,POINT (-119.26741856352511 50.7242337210332)
2021S051659390010,0,0,0,0,0,0,0,0,0,0,0,0,0,0,0,0,0,0,0.0,0.0,0.0,0.0,0.0,0.0,0.0,0.0,0.0,POINT (-119.3213294770156 50.73507493053612)
2021S051659390011,0,4,2,0,4,0,0,20,20,0,19,2,0,270,0,0,337,337,3.0,12.0,15.0,0.0,140.0,12.0,0.0,320.0,333.0,POINT (-118.18458273087266 50.993185628720944)
2021S051659390012,0,0,0,0,0,0,0,1,1,0,0,0,0,0,0,0,17,17,0.0,0.0,0.0,0.0,0.0,0.0,0.0,0.0,0.0,POINT (-119.32737740978858 50.70974560733719)
2021S051659390013,0,0,0,0,0,0,0,0,0,0,0,0,0,0,0,0,0,0,0.0,0.0,0.0,0.0,0.0,0.0,0.0,0.0,0.0,POINT (-119.3203167894627 50.494055659292634)
2021S051659390014,0,0,0,0,0,0,0,0,0,0,0,0,0,0,0,0,0,0,0.0,0.0,0.0,0.0,0.0,0.0,0.0,0.0,0.0,POINT (-119.3464867652651 50.44652603153256)
2021S051659410001,0,0,0,0,1,0,0,9,9,0,0,0,0,12,0,0,39,39,0.0,0.0,2.0,0.0,33.0,1.0,0.0,82.0,83.0,POINT (-124.3041430433778 52.147626601504655)
2021S051659410002,0,0,2,0,6,1,0,13,14,0,0,13,0,303,3,0,334,337,0.0,0.0,12.0,0.0,312.0,3.0,0.0,409.0,412.0,POINT (-123.2472207185119 53.12772497184025)
2021S051659410005,0,0,0,0,0,0,0,0,0,0,0,0,0,0,0,0,0,0,0.0,0.0,0.0,0.0,0.0,0.0,0.0,0.0,0.0,POINT (-125.4056104452513 52.91925916809858)
2021S051659410006,0,0,0,0,0,0,0,0,0,0,0,0,0,0,0,0,0,0,0.0,0.0,0.0,0.0,0.0,0.0,0.0,0.0,0.0,POINT (-125.15960456876657 52.97068608080484)
2021S051659410008,0,0,0,0,0,0,0,0,0,0,0,0,0,0,0,0,0,0,0.0,0.0,0.0,0.0,0.0,0.0,0.0,0.0,0.0,POINT (-124.49502237390324 53.092137999141826)
2021S051659410010,0,0,0,0,0,0,0,0,0,0,0,0,0,0,0,0,0,0,0.0,0.0,0.0,0.0,0.0,0.0,0.0,0.0,0.0,POINT (-124.33468917762649 53.12078355400687)
2021S051659410013,0,0,0,0,0,0,0,0,0,0,0,0,0,0,0,0,0,0,0.0,0.0,0.0,0.0,0.0,0.0,0.0,0.0,0.0,POINT (-123.50243779381537 53.215272406577334)
2021S051659410014,0,0,0,0,0,0,0,0,0,0,0,0,0,0,0,0,0,0,0.0,0.0,0.0,0.0,0.0,0.0,0.0,0.0,0.0,POINT (-123.53144503605435 53.18311446886349)
2021S051659410015,0,0,0,0,0,0,0,0,0,0,0,0,0,0,0,0,0,0,0.0,0.0,0.0,0.0,0.0,0.0,0.0,0.0,0.0,POINT (-125.3198520702271 52.48953335023758)
2021S051659410016,0,0,0,0,0,0,0,0,0,0,0,0,0,0,0,0,0,0,0.0,0.0,0.0,0.0,0.0,0.0,0.0,0.0,0.0,POINT (-123.84306184251318 52.98986674371349)
2021S051659410017,0,0,0,0,0,0,0,3,3,0,0,0,0,0,0,0,6,6,0.0,0.0,0.0,0.0,0.0,0.0,0.0,0.0,0.0,POINT (-125.29943798612892 52.47645763642919)
2021S051659410018,0,0,0,0,0,0,0,0,0,0,0,0,0,0,0,0,0,0,0.0,0.0,0.0,0.0,0.0,0.0,0.0,0.0,0.0,POINT (-123.81162819587806 52.988411338677786)
2021S051659410020,0,0,0,0,0,0,0,0,0,0,0,0,0,0,0,0,0,0,0.0,0.0,0.0,0.0,2.0,0.0,0.0,8.0,8.0,POINT (-125.27384036762186 52.44923993224954)
2021S051659410021,0,0,0,0,0,0,0,0,0,0,0,0,0,0,0,0,0,0,0.0,0.0,0.0,0.0,0.0,0.0,0.0,0.0,0.0,POINT (-123.58160373555673 52.953307809163086)
2021S051659410022,0,0,0,0,0,0,0,0,0,0,0,0,0,0,0,0,0,0,0.0,0.0,0.0,0.0,0.0,0.0,0.0,0.0,0.0,POINT (-125.1550940772491 52.358268130722806)
2021S051659410023,0,0,0,0,0,0,0,0,0,0,0,0,0,0,0,0,0,0,0.0,0.0,0.0,0.0,0.0,0.0,0.0,0.0,0.0,POINT (-125.04618892604107 52.37678419951139)
2021S051659410024,0,0,0,0,0,0,0,0,0,0,0,0,0,0,0,0,0,0,0.0,0.0,0.0,0.0,0.0,0.0,0.0,0.0,0.0,POINT (-125.11926594868712 52.2902465269361)
2021S051659410025,0,0,0,0,0,0,0,0,0,0,0,0,0,0,0,0,0,0,0.0,0.0,0.0,0.0,0.0,0.0,0.0,0.0,0.0,POINT (-124.2833333811438 52.49163345062494)
2021S051659410026,0,2,2,0,6,1,0,14,15,0,7,4,0,319,3,0,827,830,0.0,12.0,9.0,0.0,248.0,12.0,0.0,492.0,495.0,POINT (-122.5186750691585 52.98199979502464)
2021S051659410027,0,1,0,0,4,0,0,15,15,0,19,0,0,12,0,0,61,61,0.0,16.0,8.0,0.0,325.0,19.0,0.0,442.0,449.0,POINT (-122.32884667508635 52.767344536831615)
2021S051659410028,0,0,0,0,0,0,0,0,0,0,0,0,0,0,0,0,0,0,0.0,0.0,0.0,0.0,0.0,0.0,0.0,0.0,0.0,POINT (-122.46860981396215 52.952441462686345)
2021S051659410031,0,0,0,0,0,0,0,0,0,0,0,0,0,0,0,0,0,0,0.0,0.0,0.0,0.0,0.0,0.0,0.0,0.0,0.0,POINT (-124.26413324672083 52.31879641017836)
2021S051659410032,0,0,0,0,0,0,0,0,0,0,0,0,0,0,0,0,0,0,0.0,0.0,0.0,0.0,0.0,0.0,0.0,0.0,0.0,POINT (-124.2260316008476 52.30418626926234)
2021S051659410036,0,0,0,0,0,0,0,0,0,0,0,0,0,0,0,0,0,0,0.0,0.0,0.0,0.0,0.0,0.0,0.0,0.0,0.0,POINT (-124.1648809719265 52.28818143216557)
2021S051659410038,0,0,0,0,0,0,0,0,0,0,0,0,0,0,0,0,0,0,0.0,0.0,0.0,0.0,0.0,0.0,0.0,0.0,0.0,POINT (-124.31076792461413 52.20407957574381)
2021S051659410039,0,0,0,0,0,0,0,0,0,0,0,0,0,0,0,0,0,0,0.0,0.0,0.0,0.0,0.0,0.0,0.0,0.0,0.0,POINT (-124.31491877815961 52.17509039836463)
2021S051659410040,0,0,0,0,0,0,0,0,0,0,0,0,0,0,0,0,0,0,0.0,0.0,0.0,0.0,0.0,0.0,0.0,0.0,0.0,POINT (-124.05873159803177 52.20628417174898)
2021S051659410041,0,0,0,0,0,0,0,0,0,0,0,0,0,0,0,0,0,0,0.0,0.0,0.0,0.0,2.0,0.0,0.0,7.0,7.0,POINT (-123.95499598177408 52.13891411760913)
2021S051659410042,0,0,0,0,0,0,0,0,0,0,0,0,0,0,0,0,0,0,0.0,0.0,0.0,0.0,0.0,0.0,0.0,0.0,0.0,POINT (-123.91487551346131 52.15025125464134)
2021S051659410043,0,0,0,0,0,0,0,0,0,0,0,0,0,0,0,0,0,0,0.0,0.0,0.0,0.0,0.0,0.0,0.0,0.0,0.0,POINT (-122.49255691108935 52.576045358914286)
2021S051659410044,0,1,3,0,7,5,0,18,20,0,1,9,0,381,22,0,414,422,3.0,13.0,11.0,3.0,242.0,13.0,0.0,373.0,377.0,POINT (-122.13623755878245 52.04719583585026)
2021S051659410045,0,0,0,0,0,0,0,0,0,0,0,0,0,0,0,0,0,0,0.0,0.0,0.0,0.0,0.0,0.0,0.0,0.0,0.0,POINT (-123.23019672298253 52.10454594671415)
2021S051659410046,0,0,0,0,0,0,0,0,0,0,0,0,0,0,0,0,0,0,0.0,0.0,0.0,0.0,2.0,0.0,0.0,9.0,9.0,POINT (-123.16520815243051 52.02500347904364)
2021S051659410047,0,0,0,0,0,0,0,0,0,0,0,0,0,0,0,0,0,0,0.0,0.0,0.0,0.0,0.0,0.0,0.0,0.0,0.0,POINT (-122.26473023917383 52.32383182882719)
2021S051659410048,0,0,0,0,0,0,0,3,3,0,0,0,0,0,0,0,7,7,0.0,0.0,0.0,0.0,2.0,0.0,0.0,9.0,9.0,POINT (-123.15452236141746 51.93172109880194)
2021S051659410049,0,0,0,0,0,0,0,0,0,0,0,0,0,0,0,0,0,0,0.0,0.0,0.0,0.0,0.0,0.0,0.0,0.0,0.0,POINT (-122.09093440032817 52.26355624074666)
2021S051659410050,1,7,4,1,11,4,0,31,32,27,63,58,3,229,12,0,671,674,11.0,29.0,28.0,2.0,259.0,16.0,0.0,506.0,512.0,POINT (-122.1461418504876 52.12772582612514)
2021S051659410051,0,0,0,0,0,0,0,0,0,0,0,0,0,0,0,0,0,0,0.0,0.0,0.0,0.0,0.0,0.0,0.0,0.0,0.0,POINT (-122.55473213036778 51.99790650826688)
2021S051659410052,0,0,0,0,0,0,0,0,0,0,0,0,0,0,0,0,0,0,0.0,0.0,0.0,0.0,0.0,0.0,0.0,0.0,0.0,POINT (-124.10573933621495 51.4223872171863)
2021S051659410053,0,0,0,0,0,0,0,1,1,0,0,0,0,0,0,0,1,1,0.0,0.0,0.0,0.0,2.0,2.0,0.0,12.0,13.0,POINT (-121.98041722196243 52.10988849263783)
2021S051659410054,0,0,0,0,0,0,0,0,0,0,0,0,0,0,0,0,0,0,0.0,0.0,0.0,0.0,0.0,0.0,0.0,0.0,0.0,POINT (-124.05004858658937 51.43626350096783)
2021S051659410055,0,0,0,0,0,0,0,0,0,0,0,0,0,0,0,0,0,0,0.0,0.0,0.0,0.0,0.0,0.0,0.0,0.0,0.0,POINT (-124.11328052047101 51.413389754552036)
2021S051659410056,0,0,0,0,0,0,0,0,0,0,0,0,0,0,0,0,0,0,0.0,0.0,0.0,0.0,0.0,0.0,0.0,0.0,0.0,POINT (-123.93562342801289 51.46904263071615)
2021S051659410057,0,0,0,0,0,0,0,0,0,0,0,0,0,0,0,0,0,0,0.0,0.0,0.0,0.0,0.0,0.0,0.0,0.0,0.0,POINT (-124.07083024091204 51.41722029065735)
2021S051659410058,0,0,1,0,1,0,0,2,2,0,0,10,0,10,0,0,13,13,0.0,0.0,0.0,0.0,0.0,0.0,0.0,0.0,0.0,POINT (-122.48442952026953 51.91792440675413)
2021S051659410059,0,0,0,0,0,0,0,0,0,0,0,0,0,0,0,0,0,0,0.0,0.0,0.0,0.0,0.0,0.0,0.0,0.0,0.0,POINT (-123.83907105865248 51.48308180134563)
2021S051659410060,1,3,3,2,6,3,0,26,26,7,15,15,8,284,11,0,377,377,2.0,6.0,9.0,3.0,175.0,12.0,0.0,263.0,266.0,POINT (-121.58030263080813 51.6800084276524)
2021S051659410061,0,0,0,0,0,0,0,0,0,0,0,0,0,0,0,0,0,0,0.0,0.0,0.0,0.0,0.0,0.0,0.0,0.0,0.0,POINT (-122.16984735098748 51.833914423888956)
2021S051659410062,0,0,0,0,0,0,0,0,0,0,0,0,0,0,0,0,0,0,0.0,0.0,0.0,0.0,0.0,0.0,0.0,0.0,0.0,POINT (-122.08922366198787 51.85272926174775)
2021S051659410063,0,0,0,0,0,0,0,0,0,0,0,0,0,0,0,0,0,0,0.0,0.0,0.0,0.0,0.0,0.0,0.0,0.0,0.0,POINT (-122.11416517580396 51.8419211855273)
2021S051659410064,0,0,0,0,0,0,0,0,0,0,0,0,0,0,0,0,0,0,0.0,0.0,0.0,0.0,5.0,0.0,0.0,18.0,18.0,POINT (-122.22131624093058 51.78902685968038)
2021S051659410065,0,0,0,0,0,0,0,0,0,0,0,0,0,0,0,0,0,0,0.0,0.0,0.0,0.0,0.0,0.0,0.0,0.0,0.0,POINT (-122.11732676091984 51.82420942304558)
2021S051659410066,0,0,0,0,0,0,0,0,0,0,0,0,0,0,0,0,0,0,0.0,0.0,0.0,0.0,0.0,0.0,0.0,0.0,0.0,POINT (-122.09621870858248 51.82020677021129)
2021S051659410067,0,3,3,2,4,2,0,17,17,0,8,7,6,4,6,0,48,48,0.0,29.0,26.0,21.0,17.0,22.0,0.0,175.0,176.0,POINT (-120.76112386076056 51.77274065348015)
2021S051659410068,0,0,0,0,0,0,0,0,0,0,0,0,0,0,0,0,0,0,0.0,0.0,0.0,0.0,0.0,0.0,0.0,0.0,0.0,POINT (-121.58058712737788 51.84916585373579)
2021S051659410069,0,0,0,0,0,0,0,0,0,0,0,0,0,0,0,0,0,0,0.0,0.0,0.0,0.0,0.0,0.0,0.0,0.0,0.0,POINT (-122.20293543338224 51.587744751449925)
2021S051659410070,0,0,0,0,0,0,0,0,0,0,0,0,0,0,0,0,0,0,0.0,0.0,0.0,0.0,0.0,0.0,0.0,0.0,0.0,POINT (-122.24244481713556 51.53193346631256)
2021S051659410071,0,0,0,0,0,0,0,0,0,0,0,0,0,0,0,0,0,0,0.0,0.0,0.0,0.0,0.0,0.0,0.0,0.0,0.0,POINT (-122.09242495759877 51.59548143882226)
2021S051659410072,0,0,0,0,0,0,0,0,0,0,0,0,0,0,0,0,0,0,0.0,0.0,0.0,0.0,0.0,0.0,0.0,0.0,0.0,POINT (-121.47285619506863 51.7958770805381)
2021S051659410073,0,0,0,0,0,0,0,1,1,0,0,0,0,0,0,0,2,2,0.0,0.0,0.0,0.0,0.0,0.0,0.0,0.0,0.0,POINT (-120.97591329091735 51.77779721955672)
2021S051659410074,0,0,0,0,0,0,0,0,0,0,0,0,0,0,0,0,0,0,0.0,0.0,0.0,0.0,0.0,0.0,0.0,0.0,0.0,POINT (-121.13131613194362 51.74229112093828)
2021S051659410075,0,0,0,0,1,1,0,5,6,0,0,0,0,1,1,0,10,11,0.0,59.0,13.0,11.0,38.0,14.0,0.0,225.0,226.0,POINT (-121.1806664404691 52.460752185837634)
2021S051659410076,0,0,0,0,0,0,0,0,0,0,0,0,0,0,0,0,0,0,0.0,0.0,0.0,0.0,0.0,0.0,0.0,0.0,0.0,POINT (-122.42915838295741 52.97102833975736)
2021S051659410077,0,0,0,0,3,2,0,5,5,0,0,0,0,5,2,0,7,7,0.0,0.0,0.0,0.0,10.0,3.0,0.0,45.0,46.0,POINT (-121.64679843041215 53.12513644232952)
2021S051659430001,0,2,1,0,9,1,0,28,28,0,8,1,0,55,7,0,263,263,0.0,7.0,1.0,0.0,145.0,6.0,0.0,411.0,411.0,POINT (-125.92131952603197 51.221364911451886)
2021S051659430002,0,0,0,0,0,0,0,0,0,0,0,0,0,0,0,0,0,0,0.0,0.0,0.0,0.0,0.0,0.0,0.0,0.0,0.0,POINT (-127.89132633598432 50.91826471079982)
2021S051659430003,0,0,0,0,0,0,0,0,0,0,0,0,0,0,0,0,0,0,0.0,2.0,1.0,0.0,7.0,1.0,0.0,22.0,22.0,POINT (-127.49870863324408 50.73577221381849)
2021S051659430004,0,0,0,0,0,0,0,1,1,0,0,0,0,0,0,0,12,12,0.0,2.0,1.0,0.0,5.0,1.0,0.0,19.0,19.0,POINT (-127.41094477850038 50.693586374835235)
2021S051659430005,0,0,0,0,0,0,0,0,0,0,0,0,0,0,0,0,0,0,0.0,0.0,0.0,0.0,0.0,0.0,0.0,0.0,0.0,POINT (-127.4053886327521 50.69549661047537)
2021S051659430006,0,0,0,0,0,0,0,0,0,0,0,0,0,0,0,0,0,0,0.0,0.0,0.0,0.0,0.0,0.0,0.0,0.0,0.0,POINT (-126.82104957140456 50.92386033648843)
2021S051659430007,0,0,0,0,0,0,0,0,0,0,0,0,0,0,0,0,0,0,0.0,0.0,0.0,0.0,0.0,0.0,0.0,0.0,0.0,POINT (-127.38329945731289 50.696904175723624)
2021S051659430008,0,0,0,0,0,0,0,0,0,0,0,0,0,0,0,0,0,0,0.0,0.0,0.0,0.0,4.0,0.0,0.0,8.0,8.0,POINT (-127.57036117146808 50.61566432537627)
2021S051659430009,0,0,0,0,0,0,0,0,0,0,0,0,0,0,0,0,0,0,0.0,0.0,0.0,0.0,0.0,0.0,0.0,0.0,0.0,POINT (-126.18010828242853 50.969645502046134)
2021S051659430010,0,0,0,0,0,0,0,0,0,0,0,0,0,0,0,0,0,0,0.0,2.0,1.0,0.0,5.0,1.0,0.0,19.0,19.0,POINT (-126.94128559000438 50.59345756890264)
2021S051659430011,0,0,0,0,0,0,0,0,0,0,0,0,0,0,0,0,0,0,0.0,0.0,0.0,0.0,0.0,0.0,0.0,0.0,0.0,POINT (-126.92708902410565 50.58270473516)
2021S051659430012,0,0,0,0,0,0,0,0,0,0,0,0,0,0,0,0,0,0,0.0,0.0,0.0,0.0,0.0,0.0,0.0,0.0,0.0,POINT (-126.59756812540026 50.694264227890585)
2021S051659430013,0,0,0,0,0,0,0,0,0,0,0,0,0,0,0,0,0,0,0.0,0.0,0.0,0.0,0.0,0.0,0.0,0.0,0.0,POINT (-126.59429442771636 50.59494471547823)
2021S051659430014,0,0,0,0,0,0,0,0,0,0,0,0,0,0,0,0,0,0,0.0,0.0,0.0,0.0,0.0,0.0,0.0,0.0,0.0,POINT (-127.38785564556345 50.69781687745401)
2021S051659450001,0,0,0,0,0,0,0,0,0,0,0,0,0,0,0,0,0,0,0.0,0.0,0.0,0.0,0.0,0.0,0.0,0.0,0.0,POINT (-127.5588244253033 52.64014675074667)
2021S051659450002,0,0,0,0,0,0,0,1,1,0,0,0,0,0,0,0,8,8,0.0,0.0,0.0,0.0,0.0,0.0,0.0,8.0,8.0,POINT (-128.1546990253287 52.157346357705705)
2021S051659450003,0,0,0,0,1,0,0,1,1,0,0,0,0,5,0,0,5,5,0.0,0.0,0.0,0.0,13.0,0.0,0.0,13.0,13.0,POINT (-125.89685574629203 52.34014085021504)
2021S051659450004,0,0,0,0,2,0,0,2,2,0,0,0,0,8,0,0,8,8,0.0,0.0,0.0,0.0,6.0,0.0,0.0,6.0,6.0,POINT (-126.72332183348456 52.37698704860338)
2021S051659450005,0,0,0,0,0,0,0,0,0,0,0,0,0,0,0,0,0,0,0.0,0.0,0.0,0.0,0.0,0.0,0.0,0.0,0.0,POINT (-127.19987182148346 51.68446140591422)
2021S051659470001,0,0,0,0,4,1,0,11,11,0,0,0,0,21,3,0,58,58,0.0,23.0,7.0,0.0,42.0,31.0,0.0,73.0,103.0,POINT (-132.34736486296208 53.79320658484305)
2021S051659470002,0,0,0,0,0,0,0,0,0,0,0,0,0,0,0,0,0,0,0.0,0.0,0.0,0.0,3.0,0.0,0.0,5.0,5.0,POINT (-129.875697150391 54.4800550309131)
2021S051659470003,0,0,0,0,0,0,0,0,0,0,0,0,0,0,0,0,0,0,0.0,0.0,0.0,0.0,4.0,1.0,0.0,14.0,14.0,POINT (-132.1747199683527 54.03809597683091)
2021S051659470004,0,0,0,0,0,0,0,1,1,0,0,0,0,0,0,0,36,36,0.0,3.0,2.0,0.0,10.0,2.0,0.0,47.0,49.0,POINT (-130.37174775857636 54.493924945291695)
2021S051659470005,0,0,0,0,0,0,0,0,0,0,0,0,0,0,0,0,0,0,0.0,0.0,0.0,0.0,0.0,0.0,0.0,0.0,0.0,POINT (-130.43473533148315 54.366760233916374)
2021S051659470006,0,3,2,0,1,2,0,34,36,0,11,6,0,12,6,0,572,578,0.0,7.0,4.0,0.0,41.0,6.0,0.0,283.0,287.0,POINT (-130.1210289830757 54.22338895119924)
2021S051659470007,0,0,0,0,1,0,0,1,1,0,0,0,0,1,0,0,1,1,0.0,0.0,0.0,0.0,6.0,0.0,0.0,10.0,10.0,POINT (-131.98537110106986 53.2748194856441)
2021S051659470008,0,0,0,0,0,0,0,0,0,0,0,0,0,0,0,0,0,0,0.0,0.0,0.0,0.0,3.0,0.0,0.0,5.0,5.0,POINT (-130.43120356410927 53.77691411897766)
2021S051659470009,0,0,0,0,0,0,0,0,0,0,0,0,0,0,0,0,0,0,0.0,0.0,0.0,0.0,0.0,0.0,0.0,0.0,0.0,POINT (-129.2607504816128 53.42313924655474)
2021S051659470010,0,0,0,0,0,0,0,0,0,0,0,0,0,0,0,0,0,0,0.0,0.0,0.0,0.0,0.0,0.0,0.0,0.0,0.0,POINT (-129.24821177776104 53.42799354075963)
2021S051659470011,0,0,0,0,0,0,0,0,0,0,0,0,0,0,0,0,0,0,0.0,0.0,0.0,0.0,0.0,0.0,0.0,0.0,0.0,POINT (-132.1334513334836 53.99412393418482)
2021S051659490001,0,0,1,0,0,1,1,2,2,0,0,2,0,0,6,2,8,8,0.0,0.0,0.0,0.0,0.0,1.0,0.0,1.0,1.0,POINT (-129.9873163983273 58.567400327492955)
2021S051659490002,0,0,0,0,0,0,0,0,0,0,0,0,0,0,0,0,0,0,0.0,0.0,0.0,0.0,0.0,0.0,0.0,0.0,0.0,POINT (-131.08989384768518 57.5454817214046)
2021S051659490003,0,0,0,0,0,0,0,0,0,0,0,0,0,0,0,0,0,0,0.0,0.0,0.0,0.0,0.0,1.0,0.0,1.0,1.0,POINT (-130.0269727132239 58.47212088640651)
2021S051659490004,0,0,0,0,0,0,0,0,0,0,0,0,0,0,0,0,0,0,0.0,0.0,0.0,0.0,0.0,0.0,0.0,0.0,0.0,POINT (-130.99817905808777 58.00882084140594)
2021S051659490005,0,0,0,0,0,0,0,0,0,0,0,0,0,0,0,0,0,0,0.0,0.0,0.0,0.0,0.0,1.0,0.0,1.0,1.0,POINT (-131.16016410122253 57.909989611531145)
2021S051659490006,0,0,0,0,0,0,0,0,0,0,0,0,0,0,0,0,0,0,0.0,0.0,0.0,0.0,0.0,1.0,0.0,1.0,1.0,POINT (-131.17591222438594 57.90361050724506)
2021S051659490008,0,0,0,0,0,0,0,0,0,0,0,0,0,0,0,0,0,0,0.0,0.0,0.0,0.0,0.0,0.0,0.0,0.0,0.0,POINT (-129.98587334862685 57.83751690051027)
2021S051659490010,0,0,0,0,2,0,0,3,3,0,0,0,0,3,0,0,8,8,0.0,0.0,0.0,0.0,6.0,0.0,0.0,16.0,16.0,POINT (-129.4767733093572 55.08508450348014)
2021S051659490011,0,0,0,0,0,0,0,0,0,0,0,0,0,0,0,0,0,0,0.0,0.0,0.0,0.0,15.0,0.0,0.0,25.0,25.0,POINT (-128.0759638693923 55.266387791358795)
2021S051659490012,0,0,0,0,0,0,0,0,0,0,0,0,0,0,0,0,0,0,0.0,0.0,0.0,0.0,12.0,0.0,0.0,12.0,12.0,POINT (-127.6833036258237 55.3491212956033)
2021S051659490013,0,0,0,0,0,0,0,0,0,0,0,0,0,0,0,0,0,0,0.0,0.0,0.0,0.0,0.0,0.0,0.0,10.0,10.0,POINT (-127.68499666044463 55.310992720084)
2021S051659490014,0,0,0,0,0,0,0,0,0,0,0,0,0,0,0,0,0,0,0.0,0.0,0.0,0.0,3.0,0.0,0.0,13.0,13.0,POINT (-127.67708603670823 55.26834566165683)
2021S051659490015,0,0,0,0,0,0,0,0,0,0,0,0,0,0,0,0,0,0,0.0,0.0,0.0,0.0,0.0,0.0,0.0,10.0,10.0,POINT (-128.0751655382702 55.093232743529164)
2021S051659490016,0,0,0,0,0,0,0,0,0,0,0,0,0,0,0,0,0,0,0.0,0.0,0.0,0.0,3.0,0.0,0.0,3.0,3.0,POINT (-127.59673515145379 55.25795368656287)
2021S051659490017,0,0,0,0,0,0,0,0,0,0,0,0,0,0,0,0,0,0,0.0,0.0,0.0,0.0,11.0,0.0,0.0,33.0,33.0,POINT (-127.79872002932227 55.105308275481306)
2021S051659490018,0,0,0,0,0,0,0,0,0,0,0,0,0,0,0,0,0,0,0.0,0.0,0.0,0.0,0.0,0.0,0.0,0.0,0.0,POINT (-127.33973708986186 55.03924740521766)
2021S051659490019,0,0,0,0,0,0,0,2,2,0,0,0,0,0,0,0,6,6,0.0,0.0,0.0,0.0,1.0,0.0,0.0,22.0,22.0,POINT (-127.33649529257958 55.029496281098716)
2021S051659490020,0,0,0,0,0,0,0,1,1,0,0,0,0,0,0,0,15,15,0.0,0.0,0.0,0.0,3.0,0.0,0.0,22.0,22.0,POINT (-128.6704564234131 54.52972155323827)
2021S051659490021,0,0,0,0,0,0,0,0,0,0,0,0,0,0,0,0,0,0,0.0,0.0,0.0,0.0,1.0,0.0,0.0,12.0,12.0,POINT (-127.31783982389022 55.029914207939115)
2021S051659490022,0,0,0,0,0,0,0,0,0,0,0,0,0,0,0,0,0,0,0.0,0.0,0.0,0.0,3.0,0.0,0.0,17.0,17.0,POINT (-128.42357758129685 54.60951597536621)
2021S051659490023,0,0,0,0,0,0,0,0,0,0,0,0,0,0,0,0,0,0,0.0,0.0,0.0,0.0,1.0,0.0,0.0,12.0,12.0,POINT (-127.32376602793718 55.0107484591922)
2021S051659490025,0,0,0,0,0,0,0,0,0,0,0,0,0,0,0,0,0,0,0.0,0.0,0.0,0.0,0.0,0.0,0.0,0.0,0.0,POINT (-128.4705378470897 54.56278776613235)
2021S051659490027,0,0,0,0,0,0,0,0,0,0,0,0,0,0,0,0,0,0,0.0,0.0,0.0,0.0,3.0,0.0,0.0,17.0,17.0,POINT (-128.5843637574522 54.49274373763429)
2021S051659490028,0,1,1,0,1,2,0,2,4,0,476,149,0,3,625,0,5,630,0.0,511.0,160.0,0.0,12.0,674.0,0.0,54.0,725.0,POINT (-128.80331536333742 52.96353619385816)
2021S051659490029,0,0,0,0,0,0,0,0,0,0,0,0,0,0,0,0,0,0,0.0,11.0,4.0,0.0,1.0,15.0,0.0,2.0,17.0,POINT (-128.64357336597848 53.97210670651896)
2021S051659490030,0,0,0,0,1,0,0,2,2,0,0,0,0,1,0,0,9,9,0.0,0.0,0.0,0.0,3.0,0.0,0.0,3.0,3.0,POINT (-128.53193160617562 52.58767286699187)
2021S051659490031,0,0,0,0,1,0,0,2,2,0,0,0,0,10,0,0,12,12,0.0,0.0,0.0,0.0,32.0,0.0,0.0,91.0,91.0,POINT (-128.98501873041795 54.28410473039271)
2021S051659490604,0,0,0,0,5,0,0,6,6,0,0,0,0,65,0,0,68,68,0.0,2.0,3.0,0.0,48.0,1.0,0.0,102.0,103.0,POINT (-129.08736715571652 55.77934565312719)
2021S051659490965,1,2,3,1,14,3,1,27,28,2,16,12,3,174,11,2,228,235,2.0,206.0,70.0,2.0,119.0,267.0,2.0,293.0,557.0,POINT (-128.5498487195301 54.49885164333038)
2021S051659510001,0,2,3,0,19,1,0,31,32,0,9,43,0,557,1,0,588,589,2.0,14.0,29.0,9.0,436.0,10.0,0.0,670.0,671.0,POINT (-126.40536990163368 55.202687829032264)
2021S051659510002,1,2,3,1,20,1,0,40,40,5,27,37,26,499,26,0,656,656,2.0,16.0,37.0,11.0,589.0,14.0,0.0,885.0,886.0,POINT (-124.59917201217684 54.91740970306303)
2021S051659510003,0,0,0,0,4,0,0,23,23,0,0,0,0,9,0,0,73,73,0.0,4.0,13.0,0.0,198.0,1.0,0.0,330.0,331.0,POINT (-127.43165540188086 54.674029197537216)
2021S051659510004,0,0,0,0,0,0,0,0,0,0,0,0,0,0,0,0,0,0,0.0,2.0,1.0,0.0,9.0,0.0,0.0,13.0,13.0,POINT (-126.61971304218598 55.32375551594269)
2021S051659510005,0,0,0,0,0,0,0,1,1,0,0,0,0,0,0,0,3,3,1.0,2.0,3.0,1.0,12.0,1.0,0.0,26.0,26.0,POINT (-125.96911432812334 55.4827845246734)
2021S051659510006,0,0,0,0,0,0,0,0,0,0,0,0,0,0,0,0,0,0,0.0,0.0,0.0,0.0,0.0,0.0,0.0,0.0,0.0,POINT (-126.02816043105776 55.3204426255122)
2021S051659510007,0,0,0,0,0,0,0,0,0,0,0,0,0,0,0,0,0,0,0.0,0.0,0.0,0.0,0.0,0.0,0.0,0.0,0.0,POINT (-126.51065850523808 55.069413564905716)
2021S051659510008,1,2,3,0,7,0,1,19,19,5,13,20,0,324,0,5,386,386,2.0,4.0,6.0,0.0,87.0,0.0,2.0,144.0,144.0,POINT (-127.17280360152087 54.78758523603447)
2021S051659510009,0,0,0,0,0,0,0,0,0,0,0,0,0,0,0,0,0,0,0.0,0.0,0.0,0.0,0.0,0.0,0.0,0.0,0.0,POINT (-126.32261533784556 55.04823817319122)
2021S051659510010,0,0,0,0,0,0,0,0,0,0,0,0,0,0,0,0,0,0,0.0,0.0,0.0,0.0,0.0,0.0,0.0,0.0,0.0,POINT (-127.01537585967662 54.746744488371704)
2021S051659510011,0,0,0,0,0,0,0,0,0,0,0,0,0,0,0,0,0,0,0.0,0.0,0.0,0.0,0.0,0.0,0.0,0.0,0.0,POINT (-126.15178072270335 54.81703279779252)
2021S051659510012,0,0,0,0,0,0,0,0,0,0,0,0,0,0,0,0,0,0,0.0,0.0,0.0,0.0,0.0,0.0,0.0,0.0,0.0,POINT (-125.1220258637843 54.881837977726846)
2021S051659510013,0,0,0,0,0,0,0,0,0,0,0,0,0,0,0,0,0,0,0.0,0.0,0.0,0.0,0.0,0.0,0.0,0.0,0.0,POINT (-126.13456440126994 54.419771450604685)
2021S051659510014,0,0,1,0,6,0,0,9,9,0,0,5,0,126,0,0,133,133,1.0,10.0,17.0,6.0,282.0,7.0,0.0,410.0,411.0,POINT (-125.70423014384339 53.65418501476385)
2021S051659510016,0,0,0,0,0,0,0,0,0,0,0,0,0,0,0,0,0,0,0.0,0.0,0.0,0.0,0.0,0.0,0.0,0.0,0.0,POINT (-125.88615116197542 54.33213356600744)
2021S051659510017,0,0,0,0,0,0,0,0,0,0,0,0,0,0,0,0,0,0,0.0,0.0,0.0,0.0,0.0,0.0,0.0,0.0,0.0,POINT (-125.08179096300464 54.59714126807519)
2021S051659510018,0,0,0,0,0,0,0,0,0,0,0,0,0,0,0,0,0,0,1.0,2.0,3.0,1.0,13.0,1.0,0.0,28.0,28.0,POINT (-124.74804478483607 54.657308309153215)
2021S051659510019,0,0,0,0,0,0,0,0,0,0,0,0,0,0,0,0,0,0,0.0,0.0,0.0,0.0,0.0,0.0,0.0,0.0,0.0,POINT (-126.4969522260576 53.985328114581435)
2021S051659510020,0,0,0,0,0,0,0,0,0,0,0,0,0,0,0,0,0,0,0.0,0.0,0.0,0.0,0.0,0.0,0.0,0.0,0.0,POINT (-126.4855846379396 53.985527366968725)
2021S051659510021,0,0,0,0,0,0,0,0,0,0,0,0,0,0,0,0,0,0,0.0,0.0,0.0,0.0,0.0,0.0,0.0,0.0,0.0,POINT (-125.76777578656794 54.238961995211206)
2021S051659510022,0,0,0,0,0,0,0,0,0,0,0,0,0,0,0,0,0,0,0.0,2.0,1.0,0.0,14.0,0.0,0.0,23.0,23.0,POINT (-125.76184386842628 54.23895070339967)
2021S051659510023,0,0,0,0,0,0,0,0,0,0,0,0,0,0,0,0,0,0,0.0,0.0,0.0,0.0,0.0,0.0,0.0,0.0,0.0,POINT (-125.78815971300375 54.225768809149926)
2021S051659510024,0,0,0,0,0,0,0,0,0,0,0,0,0,0,0,0,0,0,1.0,2.0,3.0,1.0,10.0,1.0,0.0,26.0,26.0,POINT (-124.49763058151818 54.57214514751399)
2021S051659510025,0,0,0,0,0,0,0,0,0,0,0,0,0,0,0,0,0,0,0.0,0.0,0.0,0.0,0.0,0.0,0.0,0.0,0.0,POINT (-125.95388980732766 54.0094719318572)
2021S051659510026,0,0,0,0,0,0,0,0,0,0,0,0,0,0,0,0,0,0,0.0,0.0,0.0,0.0,0.0,0.0,0.0,0.0,0.0,POINT (-125.65831285471671 53.95548068014546)
2021S051659510027,0,0,0,0,0,0,0,0,0,0,0,0,0,0,0,0,0,0,0.0,0.0,0.0,0.0,0.0,0.0,0.0,0.0,0.0,POINT (-125.87920537690687 53.997251480449194)
2021S051659510028,0,0,0,0,0,0,0,0,0,0,0,0,0,0,0,0,0,0,0.0,0.0,0.0,0.0,0.0,0.0,0.0,0.0,0.0,POINT (-125.85479732661352 53.99107661520758)
2021S051659510029,0,0,0,0,0,0,0,0,0,0,0,0,0,0,0,0,0,0,0.0,0.0,0.0,0.0,0.0,0.0,0.0,0.0,0.0,POINT (-124.39898113357297 54.420819680749794)
2021S051659510030,0,0,0,0,0,0,0,0,0,0,0,0,0,0,0,0,0,0,0.0,0.0,0.0,0.0,0.0,0.0,0.0,0.0,0.0,POINT (-124.26807583823529 54.45389603606835)
2021S051659510031,0,0,0,0,0,0,0,0,0,0,0,0,0,0,0,0,0,0,0.0,0.0,0.0,0.0,0.0,0.0,0.0,0.0,0.0,POINT (-124.19579381227796 54.47134293994051)
2021S051659510032,0,0,0,0,1,0,0,1,1,0,0,0,0,2,0,0,2,2,1.0,2.0,3.0,1.0,13.0,1.0,0.0,53.0,53.0,POINT (-124.24884453628158 54.430521693520674)
2021S051659510033,0,0,0,0,0,0,0,0,0,0,0,0,0,0,0,0,0,0,0.0,0.0,0.0,0.0,0.0,0.0,0.0,0.0,0.0,POINT (-125.65463038117312 53.94787653069759)
2021S051659510034,0,0,0,0,0,0,0,0,0,0,0,0,0,0,0,0,0,0,0.0,0.0,0.0,0.0,0.0,0.0,0.0,0.0,0.0,POINT (-125.66718984519036 53.934414342713524)
2021S051659510035,0,1,1,1,2,1,0,5,5,0,3,3,3,266,3,0,273,273,0.0,1.0,2.0,1.0,16.0,1.0,0.0,21.0,21.0,POINT (-124.91265701487816 54.05070774976606)
2021S051659510036,0,0,0,0,0,0,0,0,0,0,0,0,0,0,0,0,0,0,0.0,0.0,0.0,0.0,0.0,0.0,0.0,0.0,0.0,POINT (-124.76461089547864 54.05680007018174)
2021S051659510037,0,0,0,0,0,0,0,0,0,0,0,0,0,0,0,0,0,0,1.0,2.0,3.0,1.0,11.0,1.0,0.0,34.0,34.0,POINT (-124.60313163335113 54.075959068918706)
2021S051659510038,0,0,0,0,0,0,0,0,0,0,0,0,0,0,0,0,0,0,1.0,2.0,3.0,1.0,11.0,1.0,0.0,24.0,24.0,POINT (-124.10653612769376 53.94014509854631)
2021S051659510039,0,0,0,0,0,0,0,0,0,0,0,0,0,0,0,0,0,0,0.0,0.0,0.0,0.0,0.0,0.0,0.0,0.0,0.0,POINT (-124.185508776831 53.92448317166066)
2021S051659510040,0,0,0,0,0,0,0,0,0,0,0,0,0,0,0,0,0,0,0.0,0.0,0.0,0.0,0.0,0.0,0.0,0.0,0.0,POINT (-126.64508696486153 55.32486151302776)
2021S051659510041,0,0,0,0,0,0,0,0,0,0,0,0,0,0,0,0,0,0,0.0,0.0,0.0,0.0,0.0,0.0,0.0,0.0,0.0,POINT (-125.6482924605956 54.49115822072464)
2021S051659510042,0,0,0,0,0,0,0,0,0,0,0,0,0,0,0,0,0,0,0.0,0.0,0.0,0.0,0.0,0.0,0.0,0.0,0.0,POINT (-124.07559117661953 54.02138333557227)
2021S051659530001,0,0,0,0,6,1,0,10,10,0,0,0,0,611,18,0,641,641,0.0,0.0,0.0,0.0,345.0,9.0,0.0,367.0,367.0,POINT (-123.13950728768673 55.04645928129942)
2021S051659530002,0,0,0,0,0,0,0,0,0,0,0,0,0,0,0,0,0,0,0.0,0.0,0.0,0.0,3.0,0.0,0.0,4.0,4.0,POINT (-123.06203329277275 54.961475238411474)
2021S051659530003,0,0,0,0,3,0,0,7,7,0,0,0,0,4,0,0,13,13,0.0,0.0,0.0,0.0,21.0,0.0,0.0,86.0,86.0,POINT (-123.13788170347469 54.061413321322085)
2021S051659530004,0,0,0,0,1,0,0,2,2,0,0,0,0,1,0,0,3,3,0.0,0.0,0.0,0.0,14.0,0.0,0.0,18.0,18.0,POINT (-121.49540566090761 53.98814652805443)
2021S051659530005,0,0,0,0,1,1,0,8,8,0,0,0,0,1,2,0,15,15,3.0,9.0,9.0,4.0,73.0,6.0,2.0,191.0,191.0,POINT (-123.0073152517321 53.68513332511238)
2021S051659530006,0,3,4,1,3,3,0,11,13,0,31,34,11,4,33,0,44,66,12.0,32.0,33.0,8.0,161.0,26.0,3.0,337.0,344.0,POINT (-122.76093227635442 54.00054162473363)
2021S051659530007,1,4,2,1,3,2,1,15,15,14,20,16,6,44,8,14,150,150,11.0,28.0,29.0,7.0,90.0,23.0,2.0,238.0,244.0,POINT (-122.85579645497937 53.91238591468865)
2021S051659530008,0,2,1,0,0,0,0,2,2,0,2,1,0,0,0,0,2,2,12.0,32.0,32.0,8.0,95.0,24.0,3.0,245.0,251.0,POINT (-122.78581465438089 53.96276647912627)
2021S051659530009,0,0,0,0,0,0,0,0,0,0,0,0,0,0,0,0,0,0,0.0,0.0,0.0,0.0,0.0,1.0,0.0,6.0,6.0,POINT (-122.62561638116001 54.015303481059654)
2021S051659530010,4,10,9,4,15,8,0,53,55,15,117,73,46,814,104,0,1407,1429,14.0,45.0,45.0,12.0,154.0,34.0,3.0,375.0,384.0,POINT (-122.7268557299089 53.922126211338686)
2021S051659530011,0,0,0,0,0,0,0,0,0,0,0,0,0,0,0,0,0,0,11.0,28.0,29.0,7.0,83.0,23.0,2.0,221.0,227.0,POINT (-122.81272642778892 53.92830818320809)
2021S051659530012,0,0,0,0,0,0,0,1,1,0,0,0,0,0,0,0,1,1,12.0,34.0,35.0,9.0,111.0,27.0,3.0,271.0,278.0,POINT (-122.79391603655287 53.92254052734973)
2021S051659530013,0,1,1,1,0,1,0,1,1,0,3,3,3,0,3,0,3,3,12.0,31.0,30.0,8.0,92.0,24.0,3.0,232.0,238.0,POINT (-122.78819866384741 53.889945762978776)
2021S051659530014,3,3,8,1,4,6,1,16,19,27,132,173,26,123,88,5,327,356,13.0,43.0,43.0,12.0,143.0,34.0,3.0,351.0,360.0,POINT (-122.82618624503614 53.83474122122264)
2021S051659530015,1,1,2,0,3,1,0,12,12,15,15,18,0,119,1,0,162,162,10.0,26.0,26.0,7.0,84.0,21.0,2.0,228.0,233.0,POINT (-122.56526723092271 53.74524429262686)
2021S051659530016,0,0,0,0,0,0,0,0,0,0,0,0,0,0,0,0,0,0,10.0,26.0,26.0,7.0,75.0,21.0,2.0,191.0,196.0,POINT (-122.75842888855888 53.86377712752512)
2021S051659530017,0,0,0,0,0,0,0,0,0,0,0,0,0,0,0,0,0,0,2.0,2.0,5.0,0.0,37.0,2.0,0.0,61.0,62.0,POINT (-122.51708597790305 53.48740477000401)
2021S051659530018,0,1,2,0,5,0,0,13,13,0,6,10,0,16,0,0,38,38,1.0,8.0,7.0,1.0,66.0,6.0,0.0,166.0,167.0,POINT (-119.82487830475208 53.095318905461646)
2021S051659550001,0,3,4,1,5,8,0,34,37,0,13,48,3,15,80,0,104,149,0.0,15.0,55.0,3.0,47.0,67.0,0.0,340.0,392.0,POINT (-123.18147260880093 57.169322563464426)
2021S051659550002,0,0,0,0,0,0,0,0,0,0,0,0,0,0,0,0,0,0,0.0,0.0,0.0,0.0,1.0,0.0,0.0,8.0,8.0,POINT (-125.62679084790932 57.426498257823276)
2021S051659550003,0,0,0,0,0,0,0,0,0,0,0,0,0,0,0,0,0,0,0.0,0.0,0.0,0.0,0.0,0.0,0.0,0.0,0.0,POINT (-124.91195048283012 56.79459035791393)
2021S051659550004,0,0,1,0,5,4,0,16,18,0,0,10,0,391,33,0,424,448,0.0,0.0,8.0,0.0,309.0,23.0,0.0,414.0,430.0,POINT (-121.49546083155255 55.540455272147895)
2021S051659550005,0,0,0,0,0,0,0,0,0,0,0,0,0,0,0,0,0,0,0.0,0.0,0.0,0.0,0.0,2.0,0.0,2.0,2.0,POINT (-121.85532201680853 56.47943660120599)
2021S051659550006,0,0,0,0,0,0,0,0,0,0,0,0,0,0,0,0,0,0,0.0,0.0,0.0,0.0,0.0,0.0,0.0,0.0,0.0,POINT (-121.09135341425073 56.70328453404644)
2021S051659550007,0,0,0,0,0,0,0,0,0,0,0,0,0,0,0,0,0,0,0.0,0.0,0.0,0.0,0.0,0.0,0.0,0.0,0.0,POINT (-120.49909985287007 56.573086750414674)
2021S051659550008,0,3,4,2,3,6,0,25,27,0,8,24,6,15,27,0,93,111,1.0,7.0,14.0,2.0,52.0,66.0,0.0,198.0,211.0,POINT (-120.67819979357745 56.2408173723566)
2021S051659550011,0,1,1,1,1,5,0,22,22,0,3,3,3,1,12,0,42,42,0.0,7.0,10.0,3.0,75.0,58.0,1.0,256.0,259.0,POINT (-120.59592186246672 54.916220673089086)
2021S051659550012,0,0,0,0,0,0,0,0,0,0,0,0,0,0,0,0,0,0,0.0,2.0,4.0,1.0,8.0,4.0,0.0,13.0,15.0,POINT (-121.90723621982369 55.804459789110176)
2021S051659550013,0,0,0,0,0,0,0,0,0,0,0,0,0,0,0,0,0,0,0.0,2.0,4.0,1.0,9.0,6.0,0.0,24.0,27.0,POINT (-121.63349330588082 55.84518472038783)
2021S051659550014,0,1,1,0,2,11,0,33,33,0,7,7,0,268,107,0,454,454,0.0,6.0,6.0,2.0,145.0,94.0,0.0,304.0,304.0,POINT (-120.23825857403048 55.75827296113673)
2021S051659550015,0,0,0,0,0,0,0,0,0,0,0,0,0,0,0,0,0,0,0.0,0.0,0.0,0.0,0.0,0.0,0.0,0.0,0.0,POINT (-124.97320229050175 56.9008854928313)
2021S051659550016,1,4,5,1,1,12,0,36,38,6,17,47,6,1,136,0,457,495,2.0,10.0,24.0,3.0,88.0,108.0,0.0,284.0,309.0,POINT (-120.8512251955456 56.256606086434374)
2021S051659550017,0,0,1,0,4,6,0,11,11,0,0,5,0,137,93,0,234,234,2.0,10.0,26.0,3.0,98.0,73.0,0.0,252.0,275.0,POINT (-120.79382675148999 56.23103936543239)
2021S051659550018,0,0,0,0,0,0,0,0,0,0,0,0,0,0,0,0,0,0,0.0,0.0,0.0,0.0,0.0,0.0,0.0,0.0,0.0,POINT (-125.4128256548965 56.36590714159466)
2021S051659570003,0,0,0,0,0,0,0,0,0,0,0,0,0,0,0,0,0,0,0.0,0.0,0.0,0.0,0.0,0.0,0.0,0.0,0.0,POINT (-133.65631139199454 59.496231301341474)
2021S051659570004,0,0,0,0,0,0,0,0,0,0,0,0,0,0,0,0,0,0,0.0,0.0,0.0,0.0,0.0,2.0,0.0,3.0,3.0,POINT (-128.5012839317154 59.930299801125564)
2021S051659570005,0,0,0,0,0,0,0,0,0,0,0,0,0,0,0,0,0,0,0.0,0.0,0.0,0.0,0.0,0.0,0.0,0.0,0.0,POINT (-128.4970120640454 59.92449200022102)
2021S051659570006,0,0,0,0,0,0,0,0,0,0,0,0,0,0,0,0,0,0,0.0,0.0,0.0,0.0,0.0,0.0,0.0,0.0,0.0,POINT (-129.22332033120495 59.18870841604985)
2021S051659570007,0,0,0,0,0,0,0,0,0,0,0,0,0,0,0,0,0,0,0.0,0.0,0.0,0.0,0.0,0.0,0.0,0.0,0.0,POINT (-129.29112455856944 59.28759713596406)
2021S051659570008,0,0,0,0,0,0,0,0,0,0,0,0,0,0,0,0,0,0,0.0,0.0,0.0,0.0,0.0,1.0,0.0,2.0,2.0,POINT (-128.3355792726782 59.27006055718706)
2021S051659570009,0,0,0,0,0,0,0,0,0,0,0,0,0,0,0,0,0,0,0.0,0.0,0.0,0.0,0.0,0.0,0.0,0.0,0.0,POINT (-133.70256329352077 59.568278427706666)
2021S051659590001,0,0,0,0,1,1,0,8,8,0,0,0,0,3,6,0,470,470,0.0,2.0,5.0,1.0,21.0,16.0,0.0,142.0,145.0,POINT (-123.1189711391603 59.23479878365713)
2021S051659590002,0,0,0,0,0,0,0,0,0,0,0,0,0,0,0,0,0,0,0.0,0.0,0.0,0.0,0.0,1.0,0.0,13.0,13.0,POINT (-122.56362468791122 58.77714245063607)
2021S051659590003,0,0,0,0,0,0,0,0,0,0,0,0,0,0,0,0,0,0,0.0,0.0,0.0,0.0,1.0,0.0,0.0,9.0,9.0,POINT (-122.69600879399573 58.076886230573905)
2021S051659590004,0,0,0,0,0,0,0,0,0,0,0,0,0,0,0,0,0,0,0.0,0.0,0.0,0.0,0.0,0.0,0.0,0.0,0.0,POINT (-121.72599061115253 58.28554515325026)
2021S051659590005,0,0,0,0,0,0,0,0,0,0,0,0,0,0,0,0,0,0,0.0,0.0,0.0,0.0,0.0,0.0,0.0,0.0,0.0,POINT (-120.90746099544008 58.35598558955256)
2021S051660010002,0,0,0,0,0,0,0,0,0,0,0,0,0,0,0,0,0,0,0.0,0.0,0.0,0.0,0.0,0.0,0.0,0.0,0.0,POINT (-139.8210947874558 67.56978695361893)
2021S051660010003,0,0,0,0,0,0,0,0,0,0,0,0,0,0,0,0,0,0,0.0,0.0,0.0,0.0,0.0,0.0,0.0,0.0,0.0,POINT (-139.42554141067552 64.10913712069515)
2021S051660010004,0,0,0,0,0,0,0,0,0,0,0,0,0,0,0,0,0,0,0.0,0.0,0.0,0.0,0.0,0.0,0.0,0.0,0.0,POINT (-140.89083638722582 62.37886058762302)
2021S051660010005,0,0,0,0,0,0,0,0,0,0,0,0,0,0,0,0,0,0,0.0,0.0,0.0,0.0,0.0,0.0,0.0,0.0,0.0,POINT (-135.29490258603883 63.92263488475323)
2021S051660010006,0,0,0,0,0,0,0,0,0,0,0,0,0,0,0,0,0,0,0.0,0.0,0.0,0.0,0.0,0.0,0.0,0.0,0.0,POINT (-136.69237589789228 63.37584299643021)
2021S051660010007,0,0,0,0,0,2,0,2,2,0,0,0,0,0,6,0,6,6,0.0,0.0,0.0,0.0,0.0,9.0,0.0,9.0,9.0,POINT (-135.89645784479686 63.59620761324535)
2021S051660010008,0,0,0,0,0,0,0,0,0,0,0,0,0,0,0,0,0,0,0.0,0.0,0.0,0.0,0.0,0.0,0.0,0.0,0.0,POINT (-136.57826037263163 62.81748894589227)
2021S051660010009,0,0,0,0,0,0,0,0,0,0,0,0,0,0,0,0,0,0,0.0,0.0,0.0,0.0,0.0,0.0,0.0,0.0,0.0,POINT (-138.99801046363945 61.346587089040945)
2021S051660010010,0,0,0,0,0,0,0,0,0,0,0,0,0,0,0,0,0,0,0.0,0.0,0.0,0.0,0.0,0.0,0.0,0.0,0.0,POINT (-138.78962855387857 61.2481386305004)
2021S051660010011,0,0,0,0,0,0,0,0,0,0,0,0,0,0,0,0,0,0,0.0,0.0,0.0,0.0,0.0,14.0,0.0,14.0,14.0,POINT (-136.26555094482626 62.098573641324705)
2021S051660010012,0,0,0,0,0,0,0,0,0,0,0,0,0,0,0,0,0,0,0.0,0.0,0.0,0.0,0.0,0.0,0.0,0.0,0.0,POINT (-137.91666162835676 60.95739799201592)
2021S051660010013,0,0,0,0,0,0,0,0,0,0,0,0,0,0,0,0,0,0,0.0,0.0,0.0,0.0,0.0,9.0,0.0,9.0,9.0,POINT (-137.49855655092435 60.774144018976116)
2021S051660010014,0,0,0,0,0,0,0,0,0,0,0,0,0,0,0,0,0,0,0.0,0.0,0.0,0.0,0.0,23.0,0.0,23.0,23.0,POINT (-133.3542977467543 62.21337912161944)
2021S051660010015,0,0,0,0,0,0,0,0,0,0,0,0,0,0,0,0,0,0,0.0,0.0,0.0,0.0,0.0,40.0,0.0,50.0,50.0,POINT (-134.7662142824692 60.81247899280776)
2021S051660010016,0,0,0,0,0,0,0,0,0,0,0,0,0,0,0,0,0,0,0.0,0.0,0.0,0.0,0.0,0.0,0.0,0.0,0.0,POINT (-136.47404026527047 60.78612196927853)
2021S051660010018,0,0,0,0,0,0,0,0,0,0,0,0,0,0,0,0,0,0,0.0,0.0,0.0,0.0,0.0,9.0,0.0,9.0,9.0,POINT (-132.44921514663486 61.97068979977797)
2021S051660010019,0,0,0,0,0,0,0,0,0,0,0,0,0,0,0,0,0,0,0.0,0.0,0.0,0.0,0.0,0.0,0.0,0.0,0.0,POINT (-135.12728012113635 60.980594787209085)
2021S051660010021,0,1,0,0,0,3,0,5,5,0,3,0,0,0,16,0,20,20,1.0,3.0,0.0,0.0,5.0,57.0,0.0,72.0,72.0,POINT (-135.0258910447208 60.75043867337947)
2021S051660010022,1,2,0,0,1,7,0,12,12,2,9,0,0,29,350,0,396,396,1.0,5.0,0.0,0.0,11.0,42.0,0.0,69.0,69.0,POINT (-135.06151752522752 60.72351025162622)
2021S051660010023,0,0,0,0,0,0,0,0,0,0,0,0,0,0,0,0,0,0,0.0,0.0,0.0,0.0,0.0,9.0,0.0,9.0,9.0,POINT (-134.71461774742764 60.17955698148827)
2021S051660010024,0,0,0,0,0,0,0,0,0,0,0,0,0,0,0,0,0,0,0.0,0.0,0.0,0.0,0.0,9.0,0.0,9.0,9.0,POINT (-134.28374891731534 60.28874439644442)
2021S051660010025,0,0,0,0,0,0,0,0,0,0,0,0,0,0,0,0,0,0,0.0,0.0,0.0,0.0,0.0,0.0,0.0,0.0,0.0,POINT (-134.68154467129673 60.15901490850509)
2021S051660010026,0,0,0,0,0,0,0,0,0,0,0,0,0,0,0,0,0,0,0.0,0.0,0.0,0.0,0.0,0.0,0.0,0.0,0.0,POINT (-133.30024813687677 60.49189749135778)
2021S051660010027,0,0,0,0,0,0,0,0,0,0,0,0,0,0,0,0,0,0,0.0,0.0,0.0,0.0,0.0,0.0,0.0,0.0,0.0,POINT (-132.77374941324186 60.23424655473357)
2021S051660010028,0,0,0,0,0,0,0,0,0,0,0,0,0,0,0,0,0,0,0.0,0.0,0.0,0.0,0.0,0.0,0.0,0.0,0.0,POINT (-132.74905592131 60.17337644068973)
2021S051660010029,0,0,0,0,0,0,0,0,0,0,0,0,0,0,0,0,0,0,0.0,0.0,0.0,0.0,0.0,0.0,0.0,0.0,0.0,POINT (-132.71851986226125 60.17466954456105)
2021S051660010030,0,0,0,0,0,0,0,0,0,0,0,0,0,0,0,0,0,0,0.0,0.0,0.0,0.0,0.0,0.0,0.0,0.0,0.0,POINT (-131.13056618384428 60.01363479933372)
2021S051660010031,0,0,0,0,0,0,0,0,0,0,0,0,0,0,0,0,0,0,0.0,0.0,0.0,0.0,0.0,9.0,0.0,9.0,9.0,POINT (-128.91690472343532 60.052189425136284)
2021S051660010033,0,0,0,0,0,0,0,1,1,0,0,0,0,0,0,0,8,8,0.0,0.0,0.0,0.0,0.0,23.0,0.0,23.0,23.0,POINT (-128.75894760788682 60.068761114711606)
2021S051660010034,0,0,0,0,0,2,0,6,6,0,0,0,0,0,6,0,14,14,1.0,3.0,0.0,0.0,6.0,73.0,0.0,90.0,90.0,POINT (-135.05237834862817 60.63144854074802)
2021S051660010035,0,0,0,0,0,20,0,20,20,0,0,0,0,0,230,0,230,230,0.0,0.0,0.0,0.0,0.0,112.0,0.0,123.0,123.0,POINT (-136.79974143373735 63.04858928127316)
2021S051661010001,0,0,0,0,0,0,0,0,0,0,0,0,0,0,0,0,0,0,0.0,0.0,0.0,0.0,0.0,0.0,0.0,0.0,0.0,POINT (-127.6984520791617 68.25532670800979)
2021S051661010002,0,0,0,0,0,0,0,0,0,0,0,0,0,0,0,0,0,0,0.0,0.0,0.0,0.0,0.0,0.0,0.0,0.0,0.0,POINT (-125.27892921865696 72.03134417189709)
2021S051661010003,0,0,0,0,0,0,0,0,0,0,0,0,0,0,0,0,0,0,0.0,0.0,0.0,0.0,0.0,0.0,0.0,0.0,0.0,POINT (-133.00567837282495 69.4294328908101)
2021S051661010004,0,0,0,0,0,0,0,0,0,0,0,0,0,0,0,0,0,0,0.0,0.0,0.0,0.0,0.0,0.0,0.0,0.0,0.0,POINT (-135.07171768031674 68.22679961767108)
2021S051661010005,0,0,0,0,0,0,0,0,0,0,0,0,0,0,0,0,0,0,0.0,0.0,0.0,0.0,0.0,0.0,0.0,0.0,0.0,POINT (-133.6589552642424 68.33859813847818)
2021S051661010006,0,0,0,0,0,0,0,0,0,0,0,0,0,0,0,0,0,0,0.0,0.0,0.0,0.0,0.0,0.0,0.0,0.0,0.0,POINT (-134.8296705922703 67.42982703415797)
2021S051661010007,0,0,0,0,0,0,0,0,0,0,0,0,0,0,0,0,0,0,0.0,0.0,0.0,0.0,0.0,0.0,0.0,0.0,0.0,POINT (-117.700676186267 70.74802724728556)
2021S051661010008,0,0,0,0,0,0,0,0,0,0,0,0,0,0,0,0,0,0,0.0,0.0,0.0,0.0,0.0,0.0,0.0,0.0,0.0,POINT (-133.69212500951284 67.42828821411689)
2021S051661010009,0,0,0,0,0,0,0,0,0,0,0,0,0,0,0,0,0,0,0.0,0.0,0.0,0.0,0.0,0.0,0.0,0.0,0.0,POINT (-123.99639238201526 69.32190381989872)
2021S051661020001,0,0,0,0,0,0,0,0,0,0,0,0,0,0,0,0,0,0,0.0,0.0,0.0,0.0,0.0,0.0,0.0,0.0,0.0,POINT (-125.00734608960659 65.81390069116861)
2021S051661020002,0,0,0,0,0,0,0,0,0,0,0,0,0,0,0,0,0,0,0.0,0.0,0.0,0.0,0.0,0.0,0.0,0.0,0.0,POINT (-126.01464389148033 67.00488766307045)
2021S051661020003,0,0,0,0,0,0,0,0,0,0,0,0,0,0,0,0,0,0,0.0,0.0,0.0,0.0,0.0,0.0,0.0,0.0,0.0,POINT (-128.59949181813693 66.25895365358166)
2021S051661020004,0,0,0,0,0,0,0,0,0,0,0,0,0,0,0,0,0,0,0.0,0.0,0.0,0.0,0.0,0.0,0.0,0.0,0.0,POINT (-126.738815309099 65.28726850226032)
2021S051661020005,0,0,0,0,0,0,0,0,0,0,0,0,0,0,0,0,0,0,0.0,0.0,0.0,0.0,0.0,0.0,0.0,0.0,0.0,POINT (-125.43324384707401 64.90829231229455)
2021S051661020006,0,0,0,0,0,0,0,0,0,0,0,0,0,0,0,0,0,0,0.0,0.0,0.0,0.0,0.0,0.0,0.0,0.0,0.0,POINT (-123.43164982651447 65.21047355140459)
2021S051661030001,0,0,0,0,0,0,0,0,0,0,0,0,0,0,0,0,0,0,0.0,0.0,0.0,0.0,0.0,0.0,0.0,0.0,0.0,POINT (-116.65931407898732 64.00466801975072)
2021S051661030002,0,0,0,0,0,0,0,0,0,0,0,0,0,0,0,0,0,0,0.0,0.0,0.0,0.0,0.0,0.0,0.0,0.0,0.0,POINT (-117.31021320873089 64.11413952005145)
2021S051661030003,0,0,0,0,0,0,0,0,0,0,0,0,0,0,0,0,0,0,0.0,0.0,0.0,0.0,0.0,0.0,0.0,0.0,0.0,POINT (-114.18690154759479 64.18876726484424)
2021S051661030004,0,0,0,0,0,0,0,0,0,0,0,0,0,0,0,0,0,0,0.0,0.0,0.0,0.0,0.0,0.0,0.0,0.0,0.0,POINT (-117.15909284410034 63.170239398292814)
2021S051661030005,0,0,0,0,0,0,0,0,0,0,0,0,0,0,0,0,0,0,0.0,0.0,0.0,0.0,0.0,0.0,0.0,0.0,0.0,POINT (-115.99026745194077 62.82902030594368)
2021S051661040001,0,0,0,0,0,0,0,0,0,0,0,0,0,0,0,0,0,0,0.0,0.0,0.0,0.0,0.0,0.0,0.0,0.0,0.0,POINT (-123.03899710314502 61.3752607910276)
2021S051661040002,0,0,0,0,0,0,0,0,0,0,0,0,0,0,0,0,0,0,0.0,0.0,0.0,0.0,0.0,0.0,0.0,0.0,0.0,POINT (-123.33258050885489 63.18742224557233)
2021S051661040003,0,0,0,0,0,0,0,0,0,0,0,0,0,0,0,0,0,0,0.0,0.0,0.0,0.0,0.0,0.0,0.0,0.0,0.0,POINT (-121.32286839266983 61.80738949148126)
2021S051661040004,0,0,0,0,0,0,0,0,0,0,0,0,0,0,0,0,0,0,0.0,0.0,0.0,0.0,0.0,0.0,0.0,0.0,0.0,POINT (-123.39127883750918 60.99507003238781)
2021S051661040005,0,0,0,0,0,0,0,0,0,0,0,0,0,0,0,0,0,0,0.0,0.0,0.0,0.0,0.0,0.0,0.0,0.0,0.0,POINT (-120.64614623319031 61.5080920464962)
2021S051661040006,0,0,0,0,0,0,0,0,0,0,0,0,0,0,0,0,0,0,0.0,0.0,0.0,0.0,0.0,0.0,0.0,0.0,0.0,POINT (-123.37606897735897 60.25528958470732)
2021S051661040007,0,0,0,0,0,0,0,1,1,0,0,0,0,0,0,0,1,1,0.0,0.0,0.0,0.0,0.0,0.0,0.0,0.0,0.0,POINT (-117.60566342163355 61.42201286543697)
2021S051661040008,0,0,0,0,0,0,0,0,0,0,0,0,0,0,0,0,0,0,0.0,0.0,0.0,0.0,0.0,0.0,0.0,0.0,0.0,POINT (-121.1481508639496 60.41857300237133)
2021S051661040009,0,0,0,0,0,0,0,0,0,0,0,0,0,0,0,0,0,0,0.0,0.0,0.0,0.0,0.0,0.0,0.0,0.0,0.0,POINT (-117.35681195650606 60.92771924913851)
2021S051661040010,0,0,0,0,0,0,0,0,0,0,0,0,0,0,0,0,0,0,0.0,0.0,0.0,0.0,0.0,0.0,0.0,0.0,0.0,POINT (-115.6944215614079 60.79219491056298)
2021S051661050001,0,0,0,0,0,0,0,0,0,0,0,0,0,0,0,0,0,0,0.0,0.0,0.0,0.0,0.0,0.0,0.0,0.0,0.0,POINT (-109.26767951729295 61.14249051294538)
2021S051661050002,0,0,0,0,0,0,0,0,0,0,0,0,0,0,0,0,0,0,0.0,0.0,0.0,0.0,0.0,0.0,0.0,0.0,0.0,POINT (-109.11399735254723 62.72241443245948)
2021S051661050003,0,0,0,0,0,0,0,0,0,0,0,0,0,0,0,0,0,0,0.0,0.0,0.0,0.0,0.0,0.0,0.0,0.0,0.0,POINT (-110.67597979617408 62.38432943771312)
2021S051661050004,0,0,0,0,0,0,0,0,0,0,0,0,0,0,0,0,0,0,0.0,0.0,0.0,0.0,0.0,0.0,0.0,0.0,0.0,POINT (-115.86640124412591 60.760997975408586)
2021S051661050005,0,0,0,0,0,0,0,0,0,0,0,0,0,0,0,0,0,0,0.0,0.0,0.0,0.0,0.0,0.0,0.0,0.0,0.0,POINT (-113.69446182857129 61.0555440555131)
2021S051661050006,0,0,0,0,0,0,0,0,0,0,0,0,0,0,0,0,0,0,0.0,0.0,0.0,0.0,0.0,0.0,0.0,0.0,0.0,POINT (-116.20073785365832 60.53410720393311)
2021S051661050007,0,0,0,0,0,0,0,0,0,0,0,0,0,0,0,0,0,0,0.0,0.0,0.0,0.0,0.0,0.0,0.0,0.0,0.0,POINT (-112.23935510620096 60.104594648485865)
2021S051661050008,0,0,0,0,0,0,0,1,1,0,0,0,0,0,0,0,2,2,0.0,0.0,0.0,0.0,0.0,0.0,0.0,0.0,0.0,POINT (-112.19480340139037 60.013898337259086)
2021S051661060001,0,0,0,0,0,0,0,0,0,0,0,0,0,0,0,0,0,0,0.0,0.0,0.0,0.0,0.0,0.0,0.0,0.0,0.0,POINT (-111.36632987921661 64.51647514302907)
2021S051661060002,0,0,0,0,0,2,0,2,2,0,0,0,0,0,13,0,13,13,0.0,0.0,0.0,0.0,0.0,7.0,0.0,7.0,7.0,POINT (-114.36965769224173 62.49180201153912)
2021S051661060003,0,0,0,0,0,0,0,0,0,0,0,0,0,0,0,0,0,0,0.0,0.0,0.0,0.0,0.0,10.0,0.0,10.0,10.0,POINT (-114.46458723575576 62.44843190276485)
2021S051661060004,0,0,0,0,0,0,0,0,0,0,0,0,0,0,0,0,0,0,0.0,0.0,0.0,0.0,0.0,0.0,0.0,0.0,0.0,POINT (-114.30661170589656 62.41224605310261)
2021S051662040001,0,0,0,0,0,0,0,0,0,0,0,0,0,0,0,0,0,0,0.0,0.0,0.0,0.0,0.0,0.0,0.0,0.0,0.0,POINT (-67.41191525367404 67.32340115248813)
2021S051662040002,0,0,0,0,0,0,0,0,0,0,0,0,0,0,0,0,0,0,0.0,0.0,0.0,0.0,0.0,0.0,0.0,0.0,0.0,POINT (-82.75638470835959 76.48470094744154)
2021S051662040003,0,0,0,0,0,0,0,0,0,0,0,0,0,0,0,0,0,0,0.0,0.0,0.0,0.0,0.0,0.0,0.0,0.0,0.0,POINT (-94.89065769432774 74.7046079630815)
2021S051662040004,0,0,0,0,0,0,0,0,0,0,0,0,0,0,0,0,0,0,0.0,0.0,0.0,0.0,0.0,0.0,0.0,0.0,0.0,POINT (-84.98040333559624 73.0502888919966)
2021S051662040005,0,0,0,0,0,0,0,0,0,0,0,0,0,0,0,0,0,0,0.0,0.0,0.0,0.0,0.0,0.0,0.0,0.0,0.0,POINT (-77.67373095352242 72.68750319701648)
2021S051662040006,0,0,0,0,0,0,0,0,0,0,0,0,0,0,0,0,0,0,0.0,0.0,0.0,0.0,0.0,0.0,0.0,0.0,0.0,POINT (-84.54113698903159 73.00678992906487)
2021S051662040007,0,0,0,0,0,0,0,0,0,0,0,0,0,0,0,0,0,0,0.0,0.0,0.0,0.0,0.0,0.0,0.0,0.0,0.0,POINT (-68.52008160169945 70.46719324857838)
2021S051662040008,0,0,0,0,0,0,0,1,1,0,0,0,0,0,0,0,35,35,0.0,0.0,0.0,0.0,0.0,0.0,0.0,0.0,0.0,POINT (-63.863224312591946 67.5469107137233)
2021S051662040009,0,0,0,0,0,0,0,0,0,0,0,0,0,0,0,0,0,0,0.0,0.0,0.0,0.0,0.0,0.0,0.0,0.0,0.0,POINT (-81.58932134999591 69.37919946557166)
2021S051662040010,0,0,0,0,0,0,0,0,0,0,0,0,0,0,0,0,0,0,0.0,0.0,0.0,0.0,0.0,0.0,0.0,0.0,0.0,POINT (-81.2556615225727 68.77158226779603)
2021S051662040011,0,0,0,0,0,0,0,1,1,0,0,0,0,0,0,0,35,35,0.0,0.0,0.0,0.0,0.0,0.0,0.0,15.0,15.0,POINT (-65.68272216964574 66.14365660940543)
2021S051662040012,0,0,0,0,0,0,0,3,3,0,0,0,0,0,0,0,490,490,0.0,0.0,0.0,0.0,0.0,0.0,0.0,22.0,22.0,POINT (-68.51724109539148 63.75370434027085)
2021S051662040013,0,0,0,0,0,0,0,0,0,0,0,0,0,0,0,0,0,0,0.0,0.0,0.0,0.0,0.0,0.0,0.0,0.0,0.0,POINT (-76.5410988871426 64.22390107207303)
2021S051662040014,0,0,0,0,0,0,0,0,0,0,0,0,0,0,0,0,0,0,0.0,0.0,0.0,0.0,0.0,0.0,0.0,0.0,0.0,POINT (-69.87645497173177 62.84887417465245)
2021S051662040015,0,0,0,0,0,0,0,0,0,0,0,0,0,0,0,0,0,0,0.0,0.0,0.0,0.0,0.0,0.0,0.0,0.0,0.0,POINT (-79.21485557708633 56.65155848519151)
2021S051662050001,0,0,0,0,0,0,0,0,0,0,0,0,0,0,0,0,0,0,0.0,0.0,0.0,0.0,0.0,0.0,0.0,0.0,0.0,POINT (-97.35901203808898 63.67585864977488)
2021S051662050002,0,0,0,0,0,0,0,0,0,0,0,0,0,0,0,0,0,0,0.0,0.0,0.0,0.0,0.0,0.0,0.0,0.0,0.0,POINT (-86.25564648991362 66.55455073008044)
2021S051662050003,0,0,0,0,0,0,0,0,0,0,0,0,0,0,0,0,0,0,0.0,0.0,0.0,0.0,0.0,0.0,0.0,0.0,0.0,POINT (-83.27921637273127 64.16456966687737)
2021S051662050004,0,0,0,0,0,1,0,1,1,0,0,0,0,0,490,0,490,490,0.0,0.0,0.0,0.0,0.0,81.0,0.0,81.0,81.0,POINT (-96.02712597335467 64.32583407324601)
2021S051662050005,0,0,0,0,0,0,0,0,0,0,0,0,0,0,0,0,0,0,0.0,0.0,0.0,0.0,0.0,0.0,0.0,0.0,0.0,POINT (-90.8342917359687 63.309962789966335)
2021S051662050006,0,0,0,0,0,1,0,2,2,0,0,0,0,0,490,0,505,505,0.0,0.0,0.0,0.0,0.0,51.0,0.0,66.0,66.0,POINT (-92.14040467928191 62.83111374290779)
2021S051662050007,0,0,0,0,0,0,0,0,0,0,0,0,0,0,0,0,0,0,0.0,0.0,0.0,0.0,0.0,0.0,0.0,0.0,0.0,POINT (-92.59826960805981 62.27455409486232)
2021S051662050008,0,0,0,0,0,0,0,0,0,0,0,0,0,0,0,0,0,0,0.0,0.0,0.0,0.0,0.0,0.0,0.0,0.0,0.0,POINT (-94.13824623578803 61.089351613725206)
2021S051662080001,0,0,0,0,0,0,0,0,0,0,0,0,0,0,0,0,0,0,0.0,0.0,0.0,0.0,0.0,0.0,0.0,0.0,0.0,POINT (-112.7426952077249 67.236784246319)
2021S051662080002,0,0,0,0,0,0,0,1,1,0,0,0,0,0,0,0,15,15,0.0,0.0,0.0,0.0,0.0,0.0,0.0,9.0,9.0,POINT (-105.17569421309182 69.13829035679801)
2021S051662080003,0,0,0,0,0,0,0,0,0,0,0,0,0,0,0,0,0,0,0.0,0.0,0.0,0.0,0.0,0.0,0.0,0.0,0.0,POINT (-93.50446590426611 69.55288233267045)
2021S051662080004,0,0,0,0,0,0,0,0,0,0,0,0,0,0,0,0,0,0,0.0,0.0,0.0,0.0,0.0,0.0,0.0,0.0,0.0,POINT (-115.37130429560911 67.80896543507862)
2021S051662080005,0,0,0,0,0,0,0,0,0,0,0,0,0,0,0,0,0,0,0.0,0.0,0.0,0.0,0.0,0.0,0.0,0.0,0.0,POINT (-95.88321607603997 68.64144026686964)
2021S051662080006,0,0,0,0,0,0,0,0,0,0,0,0,0,0,0,0,0,0,0.0,0.0,0.0,0.0,0.0,0.0,0.0,0.0,0.0,POINT (-89.80822157846997 68.53257590504528)
2021S051662080007,0,0,0,0,0,0,0,0,0,0,0,0,0,0,0,0,0,0,0.0,0.0,0.0,0.0,0.0,0.0,0.0,0.0,0.0,POINT (-107.82111393211768 67.68532480911229)
2021S051662080008,0,0,0,0,0,0,0,0,0,0,0,0,0,0,0,0,0,0,0.0,0.0,0.0,0.0,0.0,0.0,0.0,0.0,0.0,POINT (-108.11144919560697 66.83117762701185)
