ADADGUID,All_Businesses,All_Employees,Auto_B,Auto_E,Alum_B,Alum_E,Steel_B,Steel_E,Cop_B,Cop_E,Ene_B,Ene_E,MHDV_B,MHDV_E,LumOld_B,LumOld_E,LumNew_B,LumNew_E,CUSMA_B,CUSMA_E,Total_B,Total_E
2021S051610010001,219,2910,0,0,1,1,1,1,0,0,0,0,0,0,2,6,3,13,16,845,16,845
2021S051610010002,66,394,0,0,0,0,0,0,0,0,0,0,0,0,0,0,0,0,2,10,2,10
2021S051610010003,288,4186,0,0,1,1,1,1,0,0,0,0,0,0,4,42,4,42,9,54,9,54
2021S051610010004,438,9064,0,0,1,1,1,1,1,1,2,12,0,0,0,0,1,34,7,62,7,62
2021S051610010005,203,1441,2,5,1,3,1,3,0,0,0,0,0,0,0,0,2,29,5,35,5,35
2021S051610010006,181,3578,1,4,0,0,2,23,0,0,0,0,1,4,0,0,0,0,3,25,3,25
2021S051610010007,140,1750,0,0,1,1,1,1,0,0,0,0,0,0,0,0,0,0,2,12,2,12
2021S051610010008,197,2703,0,0,0,0,0,0,0,0,0,0,0,0,0,0,0,0,0,0,0,0
2021S051610010009,572,10720,0,0,0,0,0,0,0,0,2,19,0,0,0,0,0,0,9,39,9,39
2021S051610010010,323,7631,1,2,0,0,0,0,0,0,0,0,0,0,0,0,0,0,5,301,5,301
2021S051610010011,280,4039,0,0,0,0,0,0,0,0,0,0,0,0,0,0,0,0,2,14,2,14
2021S051610010013,517,12520,0,0,1,2,0,0,0,0,1,19,0,0,1,3,1,3,11,135,11,135
2021S051610010015,333,7036,0,0,0,0,0,0,0,0,0,0,0,0,1,7,1,7,4,74,4,74
2021S051610010016,79,557,0,0,0,0,0,0,0,0,0,0,0,0,0,0,0,0,1,1,1,1
2021S051610010017,168,1056,0,0,1,2,0,0,0,0,2,2,0,0,0,0,1,34,6,47,6,47
2021S051610010018,220,3886,0,0,0,0,0,0,0,0,0,0,0,0,0,0,1,34,4,41,4,41
2021S051610010019,298,4193,0,0,2,12,0,0,0,0,0,0,0,0,2,30,2,30,5,55,5,55
2021S051610010021,326,4164,0,0,0,0,0,0,0,0,0,0,0,0,1,3,1,3,13,270,13,270
2021S051610010023,340,7215,0,0,1,5,2,9,1,5,2,11,0,0,0,0,2,22,9,121,9,121
2021S051610010024,114,2182,0,0,0,0,0,0,0,0,0,0,0,0,0,0,0,0,1,3,1,3
2021S051610010025,168,2090,0,0,0,0,0,0,0,0,0,0,0,0,0,0,0,0,2,18,2,18
2021S051610010029,276,1852,0,0,0,0,2,10,0,0,0,0,0,0,2,10,2,10,2,10,2,10
2021S051610010031,86,1245,0,0,1,25,1,25,0,0,0,0,0,0,0,0,0,0,4,379,4,379
2021S051610010032,143,1165,1,24,1,24,1,24,0,0,0,0,0,0,0,0,0,0,10,105,10,105
2021S051610010035,119,2621,0,0,0,0,0,0,0,0,0,0,0,0,0,0,0,0,8,23,8,23
2021S051610010036,199,3345,0,0,0,0,1,3,0,0,2,303,0,0,1,3,2,18,13,577,13,577
2021S051610010037,110,786,0,0,0,0,0,0,0,0,0,0,0,0,0,0,0,0,7,92,7,92
2021S051610010040,98,1179,0,0,0,0,0,0,0,0,0,0,0,0,0,0,0,0,1,54,1,54
2021S051610010041,863,20293,2,13,5,24,1,2,0,0,0,0,0,0,0,0,2,30,18,290,18,290
2021S051610010042,362,4797,1,16,2,26,1,16,0,0,0,0,0,0,1,15,1,15,6,156,6,156
2021S051610010043,154,2148,0,0,1,1,2,2,0,0,1,1,0,0,0,0,2,56,6,67,6,67
2021S051610010044,321,3695,0,0,0,0,0,0,0,0,0,0,0,0,1,3,2,75,3,81,3,81
2021S051610010045,67,517,0,0,0,0,0,0,0,0,0,0,0,0,0,0,0,0,0,0,0,0
2021S051610020001,109,1696,0,0,0,0,0,0,0,0,0,0,0,0,0,0,0,0,6,468,6,468
2021S051610020002,79,441,0,0,0,0,1,3,0,0,0,0,0,0,1,3,1,3,6,20,6,20
2021S051610020003,269,3152,0,0,1,2,0,0,0,0,0,0,0,0,0,0,0,0,6,132,6,132
2021S051610030001,161,2145,0,0,0,0,0,0,0,0,0,0,0,0,1,3,2,10,12,295,12,295
2021S051610030002,0,0,0,0,0,0,0,0,0,0,0,0,0,0,0,0,0,0,0,0,0,0
2021S051610030003,185,2237,0,0,0,0,0,0,0,0,0,0,0,0,0,0,0,0,4,31,4,31
2021S051610040001,117,774,0,0,0,0,0,0,0,0,0,0,0,0,1,3,2,6,18,274,18,274
2021S051610040002,147,1407,0,0,0,0,0,0,0,0,0,0,0,0,0,0,0,0,8,21,8,21
2021S051610040003,242,4015,0,0,0,0,0,0,0,0,0,0,0,0,0,0,0,0,5,163,5,163
2021S051610050001,122,1033,0,0,0,0,0,0,0,0,1,1,0,0,0,0,0,0,3,39,3,39
2021S051610050002,290,2946,0,0,0,0,0,0,0,0,0,0,0,0,3,73,3,73,9,109,9,109
2021S051610050004,439,7589,0,0,0,0,0,0,0,0,0,0,0,0,0,0,1,3,5,13,5,13
2021S051610050006,42,753,0,0,0,0,0,0,0,0,0,0,0,0,0,0,0,0,1,346,1,346
2021S051610050008,19,89,0,0,0,0,0,0,0,0,0,0,0,0,0,0,0,0,0,0,0,0
2021S051610050009,14,158,0,0,0,0,0,0,0,0,0,0,0,0,0,0,0,0,0,0,0,0
2021S051610050010,352,5336,0,0,0,0,1,3,0,0,0,0,0,0,1,3,2,6,7,87,7,87
2021S051610050011,10,429,0,0,0,0,0,0,0,0,0,0,0,0,0,0,0,0,1,36,1,36
2021S051610060001,143,1344,0,0,0,0,1,3,0,0,0,0,0,0,1,3,1,3,3,11,3,11
2021S051610060002,453,6859,0,0,1,37,0,0,0,0,0,0,0,0,1,3,1,3,3,43,3,43
2021S051610060004,474,7536,0,0,0,0,0,0,0,0,0,0,0,0,0,0,0,0,0,0,0,0
2021S051610060005,107,1076,0,0,1,5,0,0,0,0,0,0,0,0,0,0,0,0,6,41,6,41
2021S051610062000,29,366,0,0,0,0,0,0,0,0,0,0,0,0,0,0,0,0,0,0,0,0
2021S051610070001,186,1881,0,0,1,1,1,1,0,0,0,0,0,0,1,3,2,18,10,187,10,187
2021S051610070002,204,2426,0,0,1,1,1,1,0,0,0,0,0,0,0,0,0,0,8,384,8,384
2021S051610070003,195,1896,0,0,1,2,1,3,0,0,0,0,0,0,4,116,4,116,14,360,14,360
2021S051610070004,342,5174,1,16,1,16,1,16,0,0,1,1,0,0,1,1,2,8,9,36,9,36
2021S051610070005,137,1745,0,0,0,0,0,0,0,0,0,0,0,0,1,3,1,3,12,478,12,478
2021S051610080001,206,2023,0,0,0,0,0,0,0,0,0,0,0,0,1,3,1,3,15,220,15,220
2021S051610080002,150,1628,0,0,0,0,1,7,0,0,0,0,0,0,1,7,1,7,8,40,8,40
2021S051610080003,136,1350,0,0,0,0,0,0,0,0,0,0,0,0,1,75,1,75,3,81,3,81
2021S051610080004,272,3002,0,0,0,0,0,0,0,0,0,0,0,0,1,1,3,7,21,368,21,368
2021S051610080005,240,2534,0,0,0,0,0,0,0,0,0,0,0,0,0,0,1,7,4,236,4,236
2021S051610090001,307,3316,0,0,0,0,0,0,0,0,0,0,0,0,0,0,0,0,34,458,34,458
2021S051610090002,203,1956,0,0,1,1,1,1,0,0,0,0,0,0,0,0,0,0,8,176,8,176
2021S051610100001,0,0,0,0,0,0,0,0,0,0,0,0,0,0,0,0,0,0,0,0,0,0
2021S051610100002,4,447,0,0,0,0,0,0,0,0,0,0,0,0,0,0,0,0,0,0,0,0
2021S051610100003,3,9,0,0,0,0,0,0,0,0,0,0,0,0,0,0,0,0,0,0,0,0
2021S051610100004,346,7141,0,0,1,1,1,1,0,0,0,0,0,0,0,0,0,0,10,473,10,473
2021S051610100005,16,188,0,0,0,0,0,0,0,0,0,0,0,0,0,0,0,0,1,48,1,48
2021S051610100006,11,45,0,0,0,0,0,0,0,0,0,0,0,0,0,0,0,0,1,2,1,2
2021S051610100007,6,34,0,0,0,0,0,0,0,0,0,0,0,0,0,0,0,0,1,3,1,3
2021S051610100008,12,60,0,0,0,0,0,0,0,0,0,0,0,0,0,0,0,0,1,1,1,1
2021S051610100009,15,189,0,0,0,0,0,0,0,0,0,0,0,0,0,0,0,0,1,48,1,48
2021S051610100010,16,630,0,0,0,0,0,0,0,0,0,0,0,0,0,0,0,0,0,0,0,0
2021S051610100011,0,0,0,0,0,0,0,0,0,0,0,0,0,0,0,0,0,0,0,0,0,0
2021S051610100012,267,5615,0,0,1,2,0,0,0,0,0,0,0,0,0,0,0,0,5,82,5,82
2021S051610110001,0,0,0,0,0,0,0,0,0,0,0,0,0,0,0,0,0,0,0,0,0,0
2021S051610110002,21,446,0,0,0,0,0,0,0,0,0,0,0,0,0,0,0,0,1,3,1,3
2021S051610110003,0,0,0,0,0,0,0,0,0,0,0,0,0,0,0,0,0,0,0,0,0,0
2021S051610110004,8,88,0,0,0,0,0,0,0,0,0,0,0,0,0,0,0,0,0,0,0,0
2021S051610110005,10,74,0,0,0,0,0,0,0,0,0,0,0,0,0,0,0,0,0,0,0,0
2021S051610110006,4,72,0,0,0,0,0,0,0,0,0,0,0,0,0,0,0,0,0,0,0,0
2021S051610110007,5,67,0,0,0,0,0,0,0,0,0,0,0,0,0,0,0,0,0,0,0,0
2021S051611010003,0,0,0,0,0,0,0,0,0,0,0,0,0,0,0,0,0,0,0,0,0,0
2021S051611010005,239,2336,0,0,0,0,0,0,0,0,0,0,0,0,0,0,1,3,83,292,83,292
2021S051611010006,451,5553,3,28,4,55,3,72,0,0,1,3,1,21,0,0,1,15,92,801,92,801
2021S051611010007,84,799,1,3,0,0,1,3,0,0,0,0,0,0,0,0,0,0,27,134,27,134
2021S051611010008,13,103,0,0,0,0,0,0,0,0,0,0,0,0,0,0,0,0,2,6,2,6
2021S051611020004,4,56,0,0,0,0,0,0,0,0,0,0,0,0,0,0,0,0,0,0,0,0
2021S051611020006,343,5096,0,0,2,4,3,39,1,2,3,40,0,0,0,0,0,0,7,62,8,97
2021S051611020007,312,6180,0,0,0,0,0,0,0,0,0,0,0,0,1,2,1,2,7,38,7,38
2021S051611020008,642,12820,0,0,1,5,0,0,0,0,0,0,0,0,0,0,0,0,11,24,11,24
2021S051611020009,751,13851,2,30,4,17,3,35,0,0,1,4,0,0,0,0,0,0,15,239,15,239
2021S051611020011,0,0,0,0,0,0,0,0,0,0,0,0,0,0,0,0,0,0,0,0,0,0
2021S051611020012,173,1996,2,40,3,28,2,27,0,0,0,0,1,35,0,0,1,6,29,208,29,208
2021S051611020013,209,1741,1,11,2,13,3,16,1,2,1,2,0,0,1,3,1,3,48,152,48,152
2021S051611020014,299,3678,1,1,2,3,2,3,0,0,0,0,0,0,0,0,0,0,35,341,35,341
2021S051611020015,146,1406,0,0,0,0,0,0,0,0,0,0,0,0,0,0,0,0,10,27,10,27
2021S051611020016,350,3771,0,0,3,5,2,2,0,0,0,0,0,0,0,0,3,5,14,34,14,34
2021S051611020017,288,2418,2,2,4,5,1,2,1,2,1,2,0,0,0,0,1,3,14,37,14,37
2021S051611020018,87,808,0,0,1,92,1,92,0,0,0,0,0,0,0,0,0,0,5,108,5,108
2021S051611030003,17,403,0,0,0,0,0,0,0,0,0,0,0,0,0,0,0,0,6,90,6,90
2021S051611030005,306,4676,1,3,2,7,4,24,1,3,2,5,0,0,2,17,2,17,59,603,59,603
2021S051611030006,350,5109,2,18,1,5,3,15,0,0,1,7,0,0,1,3,3,9,48,313,49,320
2021S051611030007,431,5350,2,10,4,86,3,13,1,3,1,3,1,9,0,0,1,3,50,656,50,656
2021S051611031110,595,10429,1,7,2,168,1,35,0,0,2,45,0,0,0,0,2,38,20,316,21,351
2021S051612010001,258,3645,0,0,3,14,1,2,1,2,3,14,0,0,0,0,1,19,68,701,68,701
2021S051612010002,526,4719,2,42,2,12,4,50,2,42,1,3,0,0,1,3,1,3,207,1068,208,1071
2021S051612020001,397,3210,2,69,1,2,2,69,2,69,0,0,0,0,1,7,1,7,185,1147,185,1147
2021S051612020002,419,3263,0,0,0,0,0,0,0,0,0,0,0,0,1,15,2,17,113,419,113,419
2021S051612020003,427,7868,2,86,1,7,3,45,1,35,2,10,1,51,1,3,1,3,36,379,38,389
2021S051612020004,6,198,0,0,0,0,0,0,0,0,0,0,0,0,0,0,0,0,1,21,1,21
2021S051612030001,348,4367,1,2,4,33,4,36,0,0,2,21,1,2,1,43,3,50,80,496,81,511
2021S051612030002,4,307,0,0,0,0,0,0,0,0,0,0,0,0,0,0,0,0,0,0,0,0
2021S051612030003,312,4743,0,0,0,0,2,4,0,0,0,0,0,0,0,0,4,12,78,981,78,981
2021S051612040001,243,3798,1,3,1,5,1,3,1,3,0,0,0,0,4,149,4,149,29,392,29,392
2021S051612040002,0,0,0,0,0,0,0,0,0,0,0,0,0,0,0,0,0,0,0,0,0,0
2021S051612040003,0,0,0,0,0,0,0,0,0,0,0,0,0,0,0,0,0,0,0,0,0,0
2021S051612040004,0,0,0,0,0,0,0,0,0,0,0,0,0,0,0,0,0,0,0,0,0,0
2021S051612050001,216,2373,1,3,3,10,2,7,0,0,0,0,0,0,1,2,2,4,23,132,23,132
2021S051612050002,343,4449,0,0,1,5,0,0,0,0,0,0,0,0,0,0,4,22,42,308,42,308
2021S051612050003,0,0,0,0,0,0,0,0,0,0,0,0,0,0,0,0,0,0,0,0,0,0
2021S051612050004,0,0,0,0,0,0,0,0,0,0,0,0,0,0,0,0,0,0,0,0,0,0
2021S051612060001,318,3363,1,22,1,4,3,27,0,0,0,0,1,22,2,8,5,14,27,186,27,186
2021S051612060002,0,0,0,0,0,0,0,0,0,0,0,0,0,0,0,0,0,0,0,0,0,0
2021S051612060003,0,0,0,0,0,0,0,0,0,0,0,0,0,0,0,0,0,0,0,0,0,0
2021S051612060005,1,35,0,0,0,0,0,0,0,0,0,0,0,0,0,0,0,0,0,0,0,0
2021S051612060007,100,872,0,0,0,0,1,1,0,0,2,31,0,0,1,1,2,3,7,40,7,40
2021S051612060008,127,1017,2,3,2,5,0,0,0,0,0,0,0,0,0,0,0,0,14,29,14,29
2021S051612060009,143,3179,0,0,2,268,1,33,0,0,1,3,0,0,0,0,0,0,10,683,10,683
2021S051612060010,345,8110,4,544,4,40,2,26,0,0,0,0,0,0,0,0,0,0,10,748,10,748
2021S051612060011,274,2512,0,0,1,2,1,2,1,2,2,4,0,0,5,46,14,80,29,128,29,128
2021S051612060012,182,1713,0,0,1,26,2,29,0,0,2,29,0,0,2,27,4,29,20,116,22,145
2021S051612070001,345,4039,2,7,1,6,1,6,1,3,1,6,2,7,1,3,2,5,46,391,47,397
2021S051612070003,268,2552,0,0,0,0,0,0,0,0,0,0,0,0,1,1,2,16,33,258,33,258
2021S051612070004,2,82,0,0,0,0,0,0,0,0,0,0,0,0,0,0,0,0,0,0,0,0
2021S051612070005,336,5879,0,0,3,15,3,11,2,8,3,11,0,0,0,0,0,0,6,28,7,31
2021S051612070006,331,4371,0,0,1,3,0,0,0,0,0,0,0,0,0,0,2,3,9,358,9,358
2021S051612070007,255,4244,2,530,3,11,4,12,1,4,1,4,0,0,2,4,5,10,26,760,26,760
2021S051612070008,7,448,0,0,0,0,0,0,0,0,0,0,0,0,0,0,0,0,0,0,0,0
2021S051612070009,103,2346,0,0,0,0,0,0,0,0,0,0,0,0,1,10,2,11,5,36,5,36
2021S051612070902,302,4314,0,0,0,0,0,0,0,0,0,0,0,0,1,15,1,15,28,335,28,335
2021S051612080006,139,1093,0,0,1,2,1,2,0,0,1,4,0,0,0,0,1,15,6,32,6,32
2021S051612080007,77,539,0,0,0,0,0,0,0,0,0,0,0,0,1,3,2,6,12,20,12,20
2021S051612080008,27,428,0,0,0,0,0,0,0,0,0,0,0,0,0,0,0,0,2,4,2,4
2021S051612080009,338,4864,1,2,5,246,5,53,1,2,4,41,0,0,2,80,3,82,22,407,23,442
2021S051612080111,360,3919,2,5,4,11,3,6,1,2,3,9,0,0,3,24,6,30,34,333,36,339
2021S051612082001,172,2855,1,2,1,2,0,0,0,0,1,8,0,0,0,0,0,0,5,15,5,15
2021S051612090002,0,0,0,0,0,0,0,0,0,0,0,0,0,0,0,0,0,0,0,0,0,0
2021S051612090003,0,0,0,0,0,0,0,0,0,0,0,0,0,0,0,0,0,0,0,0,0,0
2021S051612090004,0,0,0,0,0,0,0,0,0,0,0,0,0,0,0,0,0,0,0,0,0,0
2021S051612090005,249,5816,1,12,2,383,1,1,0,0,1,3,0,0,4,150,4,150,13,560,13,560
2021S051612090006,121,1191,0,0,2,13,1,8,2,14,1,8,0,0,0,0,1,1,5,22,5,22
2021S051612090009,211,2212,0,0,1,2,2,77,0,0,1,75,0,0,0,0,0,0,3,9,4,84
2021S051612090010,198,2235,1,5,3,9,3,9,1,2,1,2,0,0,0,0,1,15,11,37,11,37
2021S051612090011,92,1668,0,0,0,0,0,0,0,0,0,0,0,0,0,0,0,0,4,12,4,12
2021S051612090012,140,1391,0,0,1,2,1,2,1,2,1,2,0,0,0,0,1,15,5,22,5,22
2021S051612090013,198,3160,1,84,1,84,1,84,0,0,0,0,0,0,1,4,2,19,4,104,4,104
2021S051612090014,515,7989,4,116,7,188,1,26,0,0,3,69,0,0,0,0,1,3,14,195,15,221
2021S051612090015,50,473,0,0,0,0,0,0,0,0,0,0,0,0,0,0,0,0,0,0,0,0
2021S051612090016,131,1356,0,0,0,0,0,0,0,0,0,0,0,0,0,0,0,0,1,1,1,1
2021S051612090019,130,2228,0,0,0,0,0,0,0,0,0,0,0,0,0,0,0,0,0,0,0,0
2021S051612090022,101,1310,0,0,0,0,0,0,0,0,0,0,0,0,0,0,0,0,0,0,0,0
2021S051612090023,199,3870,0,0,0,0,0,0,0,0,2,6,0,0,0,0,0,0,3,7,3,7
2021S051612090025,104,1158,0,0,0,0,0,0,0,0,0,0,0,0,0,0,0,0,0,0,0,0
2021S051612090026,193,2190,0,0,0,0,0,0,0,0,0,0,0,0,0,0,0,0,0,0,0,0
2021S051612090029,130,1292,0,0,1,101,1,4,0,0,0,0,0,0,2,47,3,49,5,153,5,153
2021S051612090030,127,1375,0,0,0,0,0,0,0,0,0,0,0,0,0,0,0,0,2,4,2,4
2021S051612090032,206,1941,1,1,3,7,1,5,0,0,0,0,0,0,0,0,0,0,6,75,6,75
2021S051612090033,4,96,0,0,0,0,0,0,0,0,0,0,0,0,0,0,0,0,0,0,0,0
2021S051612090035,229,5601,0,0,3,63,0,0,0,0,1,3,0,0,0,0,1,15,8,115,8,115
2021S051612090036,249,5626,0,0,1,7,0,0,0,0,0,0,0,0,0,0,0,0,5,367,5,367
2021S051612090037,91,1060,0,0,0,0,0,0,0,0,0,0,0,0,0,0,0,0,7,14,7,14
2021S051612090038,329,2898,2,7,3,30,2,7,0,0,0,0,0,0,0,0,0,0,8,56,8,56
2021S051612090039,130,1510,0,0,2,9,1,2,0,0,0,0,0,0,0,0,0,0,9,54,9,54
2021S051612090040,1449,43961,1,3,3,28,3,25,0,0,1,35,0,0,2,24,2,24,23,138,23,138
2021S051612090042,448,10045,3,28,6,107,4,54,1,2,3,49,0,0,1,4,1,4,13,151,14,186
2021S051612090043,157,2157,0,0,0,0,0,0,0,0,0,0,0,0,0,0,0,0,0,0,0,0
2021S051612090044,128,1779,0,0,1,15,0,0,0,0,0,0,0,0,1,1,1,1,2,16,2,16
2021S051612090045,133,1709,0,0,2,9,1,2,1,2,1,2,0,0,0,0,0,0,3,10,3,10
2021S051612090046,178,2458,0,0,1,2,0,0,0,0,0,0,0,0,0,0,0,0,4,10,4,10
2021S051612090047,179,1399,0,0,0,0,0,0,0,0,0,0,0,0,0,0,0,0,1,3,1,3
2021S051612090048,120,948,0,0,0,0,0,0,0,0,0,0,0,0,0,0,0,0,2,2,2,2
2021S051612090050,186,1544,0,0,1,5,3,5,0,0,1,3,0,0,2,2,3,4,23,159,24,162
2021S051612090051,151,1685,0,0,0,0,0,0,0,0,0,0,0,0,0,0,0,0,7,17,7,17
2021S051612090052,171,2766,0,0,0,0,0,0,0,0,0,0,0,0,0,0,0,0,1,2,1,2
2021S051612090053,152,1990,1,58,1,58,0,0,0,0,0,0,0,0,0,0,1,1,7,79,7,79
2021S051612090054,373,6215,1,3,1,3,1,3,0,0,0,0,0,0,0,0,0,0,6,16,6,16
2021S051612090055,190,1713,0,0,0,0,0,0,0,0,0,0,0,0,0,0,0,0,0,0,0,0
2021S051612090056,393,10349,0,0,0,0,0,0,0,0,0,0,0,0,0,0,0,0,1,2,1,2
2021S051612090057,200,2588,0,0,0,0,0,0,0,0,0,0,0,0,0,0,0,0,2,4,2,4
2021S051612090058,395,6227,1,1,0,0,0,0,0,0,1,3,0,0,0,0,0,0,4,8,4,8
2021S051612090059,338,7631,2,8,7,68,5,130,1,26,2,101,0,0,0,0,1,4,15,371,17,472
2021S051612090060,99,1276,0,0,0,0,0,0,0,0,0,0,0,0,0,0,0,0,1,1,1,1
2021S051612090061,137,1062,0,0,0,0,0,0,0,0,0,0,0,0,0,0,0,0,2,4,2,4
2021S051612090062,98,706,0,0,1,2,1,2,1,2,1,2,0,0,0,0,0,0,6,24,6,24
2021S051612090063,1364,38644,11,318,22,479,14,673,1,18,12,462,0,0,1,9,8,200,64,1596,71,2132
2021S051612090064,379,7654,1,3,2,9,2,9,0,0,0,0,0,0,0,0,0,0,5,23,6,30
2021S051612090066,219,3801,1,2,0,0,0,0,0,0,1,265,0,0,2,49,5,63,39,479,39,479
2021S051612090067,143,1129,0,0,1,24,0,0,0,0,0,0,0,0,0,0,1,10,3,37,3,37
2021S051612090068,388,5309,1,6,3,24,1,1,0,0,0,0,0,0,1,1,1,1,8,192,8,192
2021S051612090069,192,3609,1,3,1,3,0,0,0,0,0,0,0,0,0,0,0,0,2,5,2,5
2021S051612090070,156,4057,0,0,0,0,0,0,0,0,0,0,0,0,0,0,0,0,2,78,2,78
2021S051612092000,1,3,0,0,0,0,0,0,0,0,0,0,0,0,0,0,0,0,0,0,0,0
2021S051612100001,209,1607,2,62,2,37,2,37,1,2,1,2,0,0,0,0,2,7,26,131,26,131
2021S051612100002,140,2548,1,5,2,17,2,17,0,0,1,12,0,0,2,11,2,11,18,116,19,128
2021S051612100003,314,3302,1,15,0,0,1,1,0,0,1,1,0,0,0,0,3,39,18,91,18,91
2021S051612100004,88,1250,0,0,0,0,1,2,0,0,0,0,0,0,1,2,5,14,18,330,18,330
2021S051612100005,154,1780,0,0,1,7,0,0,0,0,0,0,0,0,2,151,2,151,3,158,3,158
2021S051612100006,594,12565,0,0,1,2,2,48,0,0,1,3,0,0,2,6,3,41,17,287,18,290
2021S051612100007,26,860,0,0,0,0,0,0,0,0,0,0,0,0,0,0,0,0,0,0,0,0
2021S051612100008,39,597,0,0,0,0,0,0,0,0,0,0,0,0,0,0,0,0,1,2,1,2
2021S051612110001,172,3146,1,2,2,4,3,11,0,0,2,35,0,0,0,0,0,0,33,376,34,383
2021S051612110002,86,841,0,0,2,15,1,1,0,0,1,6,0,0,1,1,2,3,12,39,12,39
2021S051612110003,311,5742,1,58,5,273,4,172,1,39,3,55,0,0,0,0,2,40,16,496,17,569
2021S051612110005,237,3201,4,141,3,47,3,47,0,0,0,0,0,0,1,1,2,6,50,351,50,351
2021S051612120001,350,3605,2,8,2,151,4,44,0,0,1,35,0,0,4,153,5,156,92,690,93,725
2021S051612120002,155,1344,0,0,1,77,2,78,1,77,1,77,0,0,3,36,7,48,26,205,26,205
2021S051612120003,0,0,0,0,0,0,0,0,0,0,0,0,0,0,0,0,0,0,0,0,0,0
2021S051612120004,16,211,0,0,0,0,0,0,0,0,0,0,0,0,0,0,0,0,6,15,6,15
2021S051612120005,119,1157,1,3,0,0,0,0,0,0,0,0,0,0,0,0,0,0,15,40,15,40
2021S051612120006,409,8175,2,542,2,22,2,20,0,0,0,0,0,0,0,0,1,7,8,571,8,571
2021S051612120007,249,4811,1,2,1,7,1,2,0,0,0,0,0,0,2,36,5,47,18,128,18,128
2021S051612130001,235,2519,2,6,1,3,3,41,1,3,1,35,0,0,1,22,4,33,60,418,61,453
2021S051612140001,528,7990,0,0,3,8,3,8,0,0,1,1,0,0,1,2,4,12,58,147,58,147
2021S051612140002,178,1453,0,0,0,0,1,3,0,0,1,3,0,0,0,0,1,2,38,101,39,104
2021S051612140003,0,0,0,0,0,0,0,0,0,0,0,0,0,0,0,0,0,0,0,0,0,0
2021S051612150001,300,2777,0,0,3,24,6,30,1,18,1,18,0,0,3,6,5,11,79,417,79,417
2021S051612150002,222,3631,0,0,0,0,0,0,0,0,1,3,0,0,0,0,2,7,38,103,38,103
2021S051612150003,224,3763,0,0,1,3,0,0,0,0,0,0,0,0,0,0,0,0,14,34,14,34
2021S051612150004,0,0,0,0,0,0,0,0,0,0,0,0,0,0,0,0,0,0,0,0,0,0
2021S051612150005,0,0,0,0,0,0,0,0,0,0,0,0,0,0,0,0,0,0,0,0,0,0
2021S051612160001,257,3422,0,0,6,25,6,25,3,8,5,23,0,0,0,0,0,0,49,353,51,368
2021S051612160002,17,119,0,0,0,0,0,0,0,0,0,0,0,0,0,0,0,0,2,6,2,6
2021S051612170013,21,1244,0,0,0,0,0,0,0,0,0,0,0,0,0,0,0,0,0,0,0,0
2021S051612170014,22,1164,0,0,0,0,0,0,0,0,0,0,0,0,0,0,0,0,1,43,1,43
2021S051612170015,100,1965,0,0,1,3,0,0,0,0,0,0,0,0,0,0,0,0,19,49,19,49
2021S051612170016,151,3195,0,0,1,3,0,0,0,0,1,2,0,0,0,0,0,0,7,90,7,90
2021S051612170017,140,872,0,0,0,0,0,0,0,0,0,0,0,0,0,0,0,0,33,105,33,105
2021S051612170018,52,304,0,0,0,0,0,0,0,0,0,0,0,0,0,0,3,5,12,26,12,26
2021S051612170019,59,1116,0,0,0,0,0,0,0,0,0,0,0,0,0,0,0,0,1,21,1,21
2021S051612170020,148,2625,0,0,0,0,0,0,0,0,0,0,0,0,0,0,0,0,5,13,5,13
2021S051612170021,431,8512,0,0,2,22,0,0,0,0,0,0,0,0,0,0,0,0,12,50,12,50
2021S051612170022,87,1164,0,0,0,0,0,0,0,0,0,0,0,0,0,0,0,0,3,15,3,15
2021S051612170023,75,1315,0,0,0,0,0,0,0,0,0,0,0,0,0,0,0,0,12,54,12,54
2021S051612170024,49,733,0,0,0,0,1,4,0,0,0,0,0,0,0,0,0,0,5,65,5,65
2021S051612170025,109,2011,0,0,1,2,1,2,1,2,1,2,0,0,0,0,0,0,6,21,6,21
2021S051612170026,36,248,0,0,0,0,0,0,0,0,0,0,0,0,0,0,0,0,1,2,1,2
2021S051612170027,53,1412,0,0,0,0,0,0,0,0,0,0,0,0,0,0,0,0,13,40,13,40
2021S051612170028,148,1894,0,0,0,0,1,75,0,0,1,75,0,0,1,2,3,38,12,98,13,173
2021S051612170029,164,4007,0,0,1,15,1,15,0,0,0,0,0,0,0,0,0,0,9,71,10,86
2021S051612170030,89,1797,0,0,0,0,0,0,0,0,1,1,0,0,0,0,0,0,2,4,2,4
2021S051612170032,154,1814,0,0,0,0,0,0,0,0,0,0,0,0,0,0,1,35,43,329,43,329
2021S051612170033,171,2362,0,0,0,0,0,0,0,0,0,0,0,0,1,3,1,3,29,127,29,127
2021S051612170034,80,695,0,0,2,21,1,18,1,18,1,18,0,0,0,0,1,5,14,53,14,53
2021S051612170035,85,643,0,0,1,3,0,0,0,0,0,0,0,0,0,0,0,0,5,11,5,11
2021S051612180001,419,4377,0,0,1,4,2,5,0,0,1,3,0,0,1,1,4,8,102,293,102,293
2021S051612180002,0,0,0,0,0,0,0,0,0,0,0,0,0,0,0,0,0,0,0,0,0,0
2021S051613010001,43,313,0,0,0,0,0,0,0,0,0,0,0,0,0,0,3,13,7,28,7,28
2021S051613010002,37,179,0,0,1,7,0,0,0,0,0,0,0,0,0,0,0,0,8,26,8,26
2021S051613010012,34,202,0,0,0,0,0,0,0,0,0,0,0,0,0,0,0,0,12,45,12,45
2021S051613010013,235,3716,3,137,2,134,1,104,0,0,0,0,0,0,0,0,0,0,8,180,8,180
2021S051613010014,187,3375,1,15,2,46,4,164,0,0,4,131,1,15,0,0,1,7,11,107,14,232
2021S051613010015,238,5154,0,0,0,0,2,554,0,0,1,547,0,0,0,0,0,0,3,12,5,566
2021S051613010016,427,10881,0,0,0,0,0,0,0,0,0,0,0,0,0,0,0,0,8,382,8,382
2021S051613010017,697,20594,1,1,6,33,2,19,0,0,1,60,0,0,3,230,5,735,19,956,19,956
2021S051613010018,61,766,0,0,0,0,0,0,0,0,0,0,0,0,0,0,1,3,4,15,4,15
2021S051613010019,201,4529,0,0,1,150,1,348,0,0,1,348,0,0,0,0,0,0,7,488,8,836
2021S051613010020,147,3141,0,0,1,1,1,1,0,0,0,0,0,0,1,75,2,78,8,99,8,99
2021S051613020001,237,3490,0,0,2,77,1,75,0,0,0,0,0,0,0,0,0,0,97,1410,98,1485
2021S051613020002,349,4335,0,0,2,22,1,7,0,0,0,0,0,0,0,0,1,3,73,828,73,828
2021S051613020003,21,710,0,0,0,0,0,0,0,0,0,0,0,0,0,0,0,0,8,53,8,53
2021S051613020004,275,4256,0,0,3,13,1,3,0,0,2,24,0,0,0,0,1,15,16,277,17,280
2021S051613030001,114,702,1,3,2,6,2,4,0,0,1,3,0,0,1,1,4,10,7,23,8,26
2021S051613030002,45,1013,0,0,0,0,1,1,0,0,0,0,0,0,1,1,2,4,9,22,9,22
2021S051613030003,100,848,0,0,0,0,0,0,0,0,0,0,0,0,0,0,0,0,2,9,2,9
2021S051613030004,160,3715,0,0,0,0,0,0,0,0,0,0,0,0,0,0,0,0,1,6,1,6
2021S051613030005,1,3,0,0,0,0,0,0,0,0,0,0,0,0,0,0,0,0,0,0,0,0
2021S051613030006,20,531,0,0,0,0,0,0,0,0,0,0,0,0,0,0,1,303,2,309,2,309
2021S051613040001,269,3711,1,3,0,0,0,0,0,0,0,0,0,0,2,350,7,381,29,456,29,456
2021S051613040002,17,63,0,0,0,0,0,0,0,0,1,7,0,0,0,0,0,0,2,9,2,9
2021S051613050001,239,2399,1,122,1,122,2,127,0,0,1,15,1,5,4,42,10,75,52,479,52,479
2021S051613050002,415,5501,0,0,4,39,3,26,1,18,2,46,0,0,2,16,5,25,45,436,45,436
2021S051613050003,42,461,0,0,1,4,1,4,1,4,1,4,0,0,0,0,1,3,4,13,4,13
2021S051613050004,72,516,0,0,0,0,0,0,0,0,0,0,0,0,0,0,0,0,2,5,2,5
2021S051613050005,154,1557,0,0,2,10,0,0,0,0,0,0,0,0,1,7,2,10,10,37,10,37
2021S051613050006,10,46,0,0,0,0,0,0,0,0,0,0,0,0,1,3,1,3,2,4,2,4
2021S051613050007,252,3496,0,0,0,0,0,0,0,0,0,0,0,0,0,0,0,0,3,27,3,27
2021S051613050009,10,58,0,0,0,0,0,0,0,0,0,0,0,0,0,0,0,0,0,0,0,0
2021S051613050010,391,3696,0,0,1,7,0,0,0,0,0,0,0,0,1,7,1,7,7,45,7,45
2021S051613050011,29,215,0,0,0,0,0,0,0,0,0,0,0,0,0,0,0,0,2,21,2,21
2021S051613050012,68,736,0,0,0,0,1,3,0,0,0,0,0,0,1,3,1,3,1,3,1,3
2021S051613050013,142,718,0,0,0,0,0,0,0,0,0,0,0,0,0,0,0,0,0,0,0,0
2021S051613060001,160,2050,0,0,0,0,0,0,0,0,0,0,0,0,0,0,1,3,1,3,1,3
2021S051613060002,158,978,0,0,2,18,1,3,0,0,1,3,0,0,1,15,2,18,7,45,8,48
2021S051613060003,202,3122,1,1,1,3,0,0,0,0,0,0,0,0,0,0,1,3,7,23,7,23
2021S051613060004,53,706,0,0,1,35,0,0,0,0,0,0,0,0,0,0,0,0,13,82,13,82
2021S051613060005,17,95,0,0,0,0,0,0,0,0,0,0,0,0,0,0,0,0,4,30,4,30
2021S051613070001,341,5180,0,0,2,50,2,50,0,0,2,6,0,0,2,15,3,18,76,1238,77,1273
2021S051613070002,197,1957,2,40,3,41,3,29,0,0,0,0,0,0,3,50,5,60,55,479,55,479
2021S051613070003,271,3737,0,0,2,16,1,1,0,0,0,0,0,0,0,0,1,146,14,429,14,429
2021S051613070004,207,2926,0,0,2,15,1,12,0,0,0,0,0,0,0,0,1,3,16,100,16,100
2021S051613070005,170,1397,0,0,1,2,1,2,1,2,1,2,0,0,0,0,1,13,11,74,11,74
2021S051613070006,410,9019,0,0,2,50,2,50,0,0,3,23,0,0,1,8,1,8,12,204,13,219
2021S051613070007,138,1370,1,24,3,91,4,115,0,0,2,90,1,24,1,7,4,16,15,76,17,166
2021S051613070008,169,1849,0,0,3,37,4,39,1,2,1,35,0,0,1,2,1,2,13,128,13,128
2021S051613070009,383,8531,1,71,4,279,1,149,0,0,2,229,1,71,0,0,0,0,19,1062,20,1211
2021S051613070010,137,1119,1,11,1,11,1,11,0,0,0,0,0,0,0,0,1,3,19,140,19,140
2021S051613070014,444,8194,2,44,6,115,5,92,1,18,3,60,0,0,0,0,2,149,16,353,18,395
2021S051613070015,238,4446,0,0,0,0,0,0,0,0,0,0,0,0,0,0,0,0,2,5,2,5
2021S051613070017,799,17791,1,1,3,9,1,1,0,0,0,0,0,0,0,0,0,0,9,109,9,109
2021S051613070019,620,17817,6,154,8,124,11,169,2,85,4,28,0,0,3,420,6,604,36,1350,42,1396
2021S051613070020,2,42,0,0,0,0,0,0,0,0,0,0,0,0,0,0,0,0,0,0,0,0
2021S051613070021,243,2779,0,0,1,35,0,0,0,0,0,0,0,0,1,3,1,3,9,64,9,64
2021S051613070022,154,2347,1,15,0,0,1,35,0,0,1,35,0,0,0,0,0,0,5,33,6,68
2021S051613070023,196,1436,1,3,1,3,1,3,0,0,0,0,0,0,0,0,0,0,3,9,3,9
2021S051613070024,207,2619,1,3,2,4,2,4,0,0,1,3,0,0,0,0,0,0,5,20,5,20
2021S051613070025,113,1616,0,0,0,0,0,0,0,0,0,0,0,0,0,0,0,0,1,1,1,1
2021S051613080001,502,5894,1,32,2,152,2,150,0,0,2,223,0,0,3,153,9,179,220,1559,221,1708
2021S051613080002,0,0,0,0,0,0,0,0,0,0,0,0,0,0,0,0,0,0,0,0,0,0
2021S051613080003,333,4698,3,369,6,349,5,41,2,37,1,4,0,0,0,0,3,21,58,924,58,924
2021S051613080004,12,523,0,0,0,0,0,0,0,0,0,0,0,0,0,0,1,3,3,9,3,9
2021S051613080005,221,1750,2,31,1,15,3,43,0,0,2,22,2,31,4,72,9,154,60,387,61,402
2021S051613080006,2,50,0,0,0,0,0,0,0,0,0,0,0,0,0,0,0,0,0,0,0,0
2021S051613080007,14,150,0,0,0,0,0,0,0,0,0,0,0,0,0,0,1,15,2,27,2,27
2021S051613090001,318,3331,1,15,0,0,3,23,1,15,1,7,0,0,4,8,4,8,143,1060,144,1067
2021S051613090002,2,6,0,0,0,0,0,0,0,0,0,0,0,0,0,0,0,0,0,0,0,0
2021S051613090003,37,526,0,0,0,0,0,0,0,0,0,0,0,0,0,0,2,6,23,68,23,68
2021S051613090004,198,1389,0,0,1,8,1,8,1,8,1,8,0,0,1,7,8,40,19,123,19,123
2021S051613090005,273,3959,1,3,1,3,1,3,0,0,0,0,0,0,0,0,2,6,10,29,10,29
2021S051613090006,372,7017,1,3,4,39,3,508,0,0,3,571,1,11,1,15,1,15,17,324,19,821
2021S051613090007,0,0,0,0,0,0,0,0,0,0,0,0,0,0,0,0,0,0,0,0,0,0
2021S051613090008,6,210,0,0,0,0,0,0,0,0,0,0,0,0,0,0,0,0,0,0,0,0
2021S051613090009,220,2271,0,0,2,14,2,14,1,2,1,2,0,0,1,149,5,165,12,191,12,191
2021S051613090010,4,407,0,0,0,0,0,0,0,0,0,0,0,0,0,0,0,0,0,0,0,0
2021S051613090011,1,3,0,0,0,0,0,0,0,0,0,0,0,0,0,0,0,0,0,0,0,0
2021S051613090012,0,0,0,0,0,0,0,0,0,0,0,0,0,0,0,0,0,0,0,0,0,0
2021S051613100001,24,284,0,0,0,0,0,0,0,0,0,0,0,0,0,0,1,3,2,4,2,4
2021S051613100002,126,858,1,3,1,3,2,4,0,0,0,0,0,0,1,1,2,36,10,157,10,157
2021S051613100003,130,926,0,0,0,0,1,2,0,0,1,15,0,0,1,2,3,19,7,45,7,45
2021S051613100004,110,882,0,0,0,0,0,0,0,0,0,0,0,0,1,15,1,15,11,72,11,72
2021S051613100006,7,319,0,0,0,0,0,0,0,0,0,0,0,0,1,3,1,3,1,3,1,3
2021S051613100007,209,3346,0,0,1,15,0,0,0,0,0,0,0,0,1,35,3,52,7,86,7,86
2021S051613100008,255,3242,1,7,3,49,0,0,0,0,1,3,0,0,0,0,0,0,5,48,6,55
2021S051613100012,329,6120,0,0,2,42,1,7,0,0,0,0,0,0,0,0,1,3,5,42,6,49
2021S051613100014,62,378,0,0,0,0,0,0,0,0,0,0,0,0,0,0,0,0,1,3,1,3
2021S051613100015,2,353,0,0,0,0,0,0,0,0,0,0,0,0,0,0,0,0,0,0,0,0
2021S051613100016,99,756,0,0,2,6,0,0,0,0,0,0,0,0,1,35,2,38,7,50,7,50
2021S051613100017,234,2854,3,112,6,123,5,88,0,0,1,7,0,0,1,7,2,14,10,143,11,150
2021S051613100018,182,2857,0,0,1,7,0,0,0,0,0,0,0,0,0,0,2,10,8,31,8,31
2021S051613100020,720,15671,2,36,4,52,0,0,0,0,2,4,1,33,0,0,0,0,15,112,15,112
2021S051613100021,329,7852,1,3,1,3,0,0,0,0,0,0,0,0,0,0,0,0,2,6,2,6
2021S051613100022,328,6521,1,11,5,57,5,159,0,0,5,153,0,0,1,15,1,15,21,414,24,559
2021S051613100023,24,339,0,0,0,0,0,0,0,0,0,0,0,0,0,0,1,3,3,12,3,12
2021S051613100024,132,1785,0,0,3,33,3,31,0,0,0,0,1,5,1,3,3,9,17,285,17,285
2021S051613110001,242,3307,2,9,3,4,4,11,1,7,2,50,0,0,2,90,7,120,33,261,33,261
2021S051613110002,425,7752,2,26,2,6,4,134,1,4,2,39,2,128,1,35,2,38,18,291,18,291
2021S051613110003,301,4133,2,40,1,5,3,27,0,0,0,0,1,33,2,10,4,28,36,224,36,224
2021S051613110004,8,411,0,0,0,0,0,0,0,0,0,0,0,0,0,0,1,3,2,6,2,6
2021S051613120001,205,1762,0,0,0,0,0,0,0,0,0,0,0,0,0,0,3,9,13,24,13,24
2021S051613120002,200,2582,0,0,1,3,0,0,0,0,0,0,0,0,3,179,11,223,18,255,18,255
2021S051613120003,280,4181,1,7,4,140,1,7,0,0,0,0,0,0,0,0,2,10,15,169,15,169
2021S051613120004,12,575,0,0,0,0,0,0,0,0,0,0,0,0,0,0,0,0,1,1,1,1
2021S051613130003,285,4398,4,87,1,34,2,50,0,0,1,35,1,33,2,165,6,221,17,497,18,532
2021S051613130004,312,5570,1,10,3,48,2,33,1,8,1,8,0,0,0,0,2,6,12,355,12,355
2021S051613130005,16,464,0,0,0,0,0,0,0,0,0,0,0,0,0,0,0,0,1,13,1,13
2021S051613130008,118,1867,1,3,2,8,6,68,0,0,3,45,1,3,4,60,5,67,17,407,19,449
2021S051613130009,116,796,0,0,2,42,2,42,1,8,2,11,0,0,0,0,6,51,17,110,17,110
2021S051613130010,174,2318,0,0,1,3,1,3,0,0,0,0,0,0,3,357,8,376,16,447,16,447
2021S051613130011,16,68,1,3,0,0,0,0,0,0,0,0,0,0,0,0,0,0,1,3,1,3
2021S051613132000,1,3,0,0,0,0,0,0,0,0,0,0,0,0,0,0,0,0,0,0,0,0
2021S051613140001,216,3281,0,0,1,2,1,2,1,2,1,2,0,0,2,78,3,81,13,168,13,168
2021S051613140003,30,792,0,0,0,0,1,15,0,0,2,9,0,0,2,362,2,362,9,385,9,385
2021S051613140004,14,388,0,0,0,0,0,0,0,0,0,0,0,0,0,0,0,0,6,18,6,18
2021S051613140005,4,44,0,0,0,0,0,0,0,0,0,0,0,0,0,0,0,0,1,3,1,3
2021S051613140006,235,4026,0,0,2,14,0,0,0,0,0,0,0,0,0,0,0,0,2,14,2,14
2021S051613140007,298,2800,0,0,1,7,2,34,0,0,0,0,0,0,5,535,21,630,44,735,44,735
2021S051613140008,20,112,0,0,0,0,0,0,0,0,1,3,0,0,0,0,0,0,2,6,2,6
2021S051613140009,138,1951,0,0,1,4,0,0,0,0,0,0,0,0,1,7,8,28,15,242,15,242
2021S051613150001,569,5553,3,13,4,15,4,13,1,2,1,2,0,0,0,0,1,3,277,1624,278,1631
2021S051613150002,390,6464,0,0,1,11,2,38,0,0,1,279,0,0,2,38,2,38,84,1546,85,1581
2021S051613150003,284,2618,0,0,5,45,5,45,1,2,3,8,0,0,0,0,5,81,68,572,70,578
2021S051613150004,227,2135,0,0,0,0,1,1,0,0,1,15,0,0,2,4,5,21,35,134,35,134
2021S051613150005,337,4678,1,29,6,88,3,87,0,0,0,0,0,0,0,0,4,55,67,370,67,370
2021S051613150006,216,1995,1,3,1,1,1,35,0,0,1,35,0,0,2,184,2,184,24,256,25,291
2021S051613150007,173,1553,0,0,0,0,0,0,0,0,0,0,0,0,0,0,0,0,53,270,53,270
2021S051613150008,528,8518,2,18,5,47,1,35,0,0,1,35,0,0,1,15,1,15,20,140,21,175
2021S051613150009,3,81,0,0,0,0,0,0,0,0,0,0,0,0,0,0,0,0,2,6,2,6
2021S051624010001,933,9026,1,2,7,34,5,11,1,2,6,20,0,0,0,0,0,0,405,1611,406,1614
2021S051624020001,355,4661,0,0,5,67,2,10,0,0,0,0,0,0,2,6,5,15,110,1562,110,1562
2021S051624020002,321,4059,1,3,2,15,0,0,0,0,0,0,0,0,1,3,6,17,70,478,70,478
2021S051624030001,84,1155,0,0,0,0,0,0,0,0,0,0,0,0,2,39,4,44,11,100,11,100
2021S051624030002,287,3226,1,11,6,36,2,13,0,0,1,2,0,0,0,0,2,6,58,677,58,677
2021S051624030003,274,5591,0,0,0,0,0,0,0,0,0,0,0,0,0,0,1,24,20,283,20,283
2021S051624040001,143,1280,0,0,0,0,1,6,0,0,0,0,0,0,3,72,3,72,15,152,15,152
2021S051624040002,242,3441,0,0,2,17,1,5,1,5,1,5,0,0,0,0,1,15,25,136,25,136
2021S051624050001,224,3548,1,6,2,23,3,29,0,0,2,11,0,0,4,177,6,183,50,652,50,652
2021S051624050002,406,6018,1,4,3,9,1,70,0,0,1,70,0,0,1,7,3,21,26,165,26,165
2021S051624060001,351,4865,0,0,2,46,0,0,0,0,1,3,0,0,2,21,6,39,29,176,29,176
2021S051624060002,10,521,0,0,0,0,0,0,0,0,0,0,0,0,0,0,0,0,1,14,1,14
2021S051624060003,39,513,0,0,0,0,0,0,0,0,0,0,0,0,1,32,2,35,2,35,2,35
2021S051624060004,20,771,0,0,0,0,0,0,0,0,0,0,0,0,0,0,3,8,3,8,3,8
2021S051624060005,85,855,0,0,0,0,0,0,0,0,0,0,0,0,1,3,3,32,14,58,14,58
2021S051624070002,404,4021,2,33,5,41,7,49,0,0,0,0,0,0,7,191,19,240,99,814,99,814
2021S051624070003,288,4731,0,0,1,20,3,49,0,0,2,38,0,0,2,25,6,36,32,315,33,350
2021S051624080006,27,273,0,0,0,0,0,0,0,0,0,0,0,0,0,0,0,0,10,38,10,38
2021S051624080008,31,360,0,0,0,0,0,0,0,0,0,0,0,0,0,0,0,0,4,82,4,82
2021S051624080009,3,21,0,0,0,0,0,0,0,0,0,0,0,0,0,0,0,0,0,0,0,0
2021S051624080010,9,59,0,0,0,0,0,0,0,0,0,0,0,0,0,0,0,0,0,0,0,0
2021S051624080011,14,66,0,0,0,0,0,0,0,0,0,0,0,0,0,0,0,0,6,18,6,18
2021S051624080403,562,9476,1,11,5,36,4,46,2,10,3,25,1,21,2,83,9,154,57,804,58,819
2021S051624090001,368,3572,0,0,0,0,3,72,0,0,1,35,0,0,8,267,10,273,101,553,102,588
2021S051624090002,223,5092,0,0,3,25,3,231,0,0,1,8,0,0,1,140,2,175,13,450,13,450
2021S051624100002,74,961,0,0,0,0,0,0,0,0,0,0,0,0,1,3,2,353,17,417,17,417
2021S051624100003,86,574,0,0,1,2,1,2,0,0,0,0,0,0,0,0,0,0,5,18,5,18
2021S051624100004,53,295,0,0,0,0,0,0,0,0,0,0,0,0,0,0,3,10,16,66,16,66
2021S051624100005,85,451,0,0,0,0,2,17,0,0,0,0,0,0,1,3,3,8,24,75,24,75
2021S051624100006,221,4736,3,25,4,28,2,164,0,0,2,153,0,0,0,0,0,0,8,38,9,187
2021S051624100008,66,1420,0,0,1,11,1,11,0,0,0,0,0,0,0,0,1,3,5,24,5,24
2021S051624100009,52,520,0,0,1,29,0,0,0,0,0,0,0,0,0,0,1,7,18,86,18,86
2021S051624100010,82,2358,1,27,3,31,3,31,0,0,0,0,0,0,0,0,0,0,4,34,4,34
2021S051624100012,69,535,0,0,0,0,0,0,0,0,0,0,0,0,0,0,0,0,3,8,3,8
2021S051624100013,56,648,0,0,2,15,1,6,0,0,0,0,0,0,1,6,1,6,3,21,3,21
2021S051624100015,411,7775,2,36,3,45,2,36,0,0,0,0,0,0,0,0,0,0,5,52,5,52
2021S051624100016,111,1029,0,0,0,0,0,0,0,0,0,0,0,0,0,0,0,0,8,30,8,30
2021S051624100017,131,1472,0,0,0,0,0,0,0,0,0,0,0,0,0,0,0,0,8,26,8,26
2021S051624100019,100,892,2,19,2,19,2,19,0,0,0,0,0,0,0,0,0,0,25,141,25,141
2021S051624100020,206,3531,1,6,4,15,3,88,0,0,3,92,0,0,1,6,1,6,14,86,15,161
2021S051624102000,65,583,0,0,1,2,1,2,1,2,1,2,0,0,1,32,2,47,17,93,17,93
2021S051624110001,404,4696,3,24,6,43,5,42,0,0,2,34,0,0,0,0,7,23,85,338,86,353
2021S051624120001,250,2498,1,7,7,105,4,43,3,77,2,38,0,0,5,25,9,38,82,364,82,364
2021S051624120002,115,1100,0,0,0,0,0,0,0,0,2,18,0,0,0,0,0,0,42,146,42,146
2021S051624120003,424,8171,3,171,4,15,4,37,0,0,1,27,0,0,1,3,3,21,30,728,30,728
2021S051624120004,214,2611,2,19,5,27,6,30,1,2,1,2,0,0,2,6,3,13,26,165,27,178
2021S051624120005,396,7763,1,6,3,21,0,0,0,0,0,0,0,0,1,317,1,317,11,585,12,591
2021S051624130001,315,3227,0,0,1,2,2,33,0,0,1,7,0,0,3,101,12,194,58,337,59,344
2021S051624130002,328,3323,1,1,0,0,3,61,0,0,1,39,0,0,8,170,20,204,74,432,74,432
2021S051624130003,239,3534,3,21,4,23,6,37,1,2,1,2,0,0,2,43,3,46,30,282,30,282
2021S051624140001,304,3913,1,36,4,60,6,144,1,5,3,14,0,0,1,11,5,157,99,609,99,609
2021S051624140002,325,3121,0,0,3,52,4,65,0,0,2,53,0,0,5,103,7,109,120,592,121,626
2021S051624140003,261,5154,1,6,4,56,2,39,0,0,2,28,0,0,0,0,0,0,35,326,35,326
2021S051624150001,206,2850,1,58,3,70,2,61,0,0,0,0,0,0,0,0,3,9,14,181,14,181
2021S051624150002,386,5201,0,0,0,0,0,0,0,0,2,6,0,0,3,9,5,19,33,97,33,97
2021S051624160001,257,2987,0,0,1,7,1,7,0,0,0,0,0,0,1,13,5,41,42,204,42,204
2021S051624160002,335,5502,3,106,6,124,3,64,0,0,0,0,0,0,2,58,4,75,25,209,26,295
2021S051624170001,278,3726,0,0,2,22,0,0,1,15,2,18,0,0,3,97,6,445,67,720,67,720
2021S051624170002,168,2928,1,252,2,255,4,681,0,0,0,0,0,0,3,19,8,46,43,1079,43,1079
2021S051624170003,211,3075,1,3,1,3,1,3,0,0,1,2,0,0,8,775,15,832,45,1108,45,1108
2021S051624180001,202,2387,2,91,3,157,4,242,1,5,1,5,0,0,0,0,2,149,55,527,55,527
2021S051624180002,155,2313,1,7,4,112,5,35,1,75,1,14,0,0,6,323,7,326,38,635,38,635
2021S051624180003,448,10132,5,176,7,947,12,689,1,23,2,109,1,12,9,541,13,952,54,1792,57,2014
2021S051624190001,302,3064,0,0,5,159,6,107,0,0,3,9,0,0,2,10,4,22,113,633,114,648
2021S051624190002,276,2976,1,1,4,23,4,15,0,0,1,3,0,0,1,33,6,52,67,238,67,238
2021S051624190003,96,656,2,9,2,6,2,7,0,0,0,0,0,0,1,3,1,3,11,37,11,37
2021S051624190004,524,7960,4,535,13,636,12,734,2,4,3,10,2,435,0,0,2,37,173,1814,173,1814
2021S051624190005,215,2876,1,2,6,123,5,211,4,118,6,148,0,0,1,3,2,78,49,700,49,700
2021S051624200001,307,4071,1,17,4,50,3,21,1,2,1,2,0,0,1,32,3,38,56,1108,56,1108
2021S051624210001,415,5317,2,4,3,14,2,5,0,0,1,4,0,0,3,17,5,170,27,271,27,271
2021S051624210002,106,1348,0,0,1,2,2,9,0,0,1,7,0,0,1,140,2,151,9,186,9,186
2021S051624210003,114,1687,1,3,3,206,3,161,0,0,2,158,0,0,0,0,0,0,12,107,14,265
2021S051624210005,204,2213,0,0,2,56,2,56,0,0,0,0,0,0,2,36,3,39,9,102,9,102
2021S051624220001,0,0,0,0,0,0,0,0,0,0,0,0,0,0,0,0,0,0,0,0,0,0
2021S051624220002,253,2608,1,1,3,28,1,2,1,2,1,2,1,1,0,0,1,3,11,45,11,45
2021S051624220003,154,1348,0,0,0,0,0,0,0,0,0,0,0,0,0,0,3,13,6,19,6,19
2021S051624220004,57,1336,0,0,1,4,1,4,0,0,0,0,0,0,0,0,1,7,4,22,4,22
2021S051624220005,311,2529,1,1,1,9,0,0,0,0,0,0,0,0,0,0,1,7,4,19,4,19
2021S051624220006,103,1053,0,0,0,0,0,0,0,0,0,0,0,0,0,0,0,0,3,4,3,4
2021S051624220007,257,3091,1,4,3,17,3,17,0,0,0,0,0,0,2,14,5,37,10,56,10,56
2021S051624230001,177,1671,0,0,0,0,0,0,0,0,0,0,0,0,0,0,0,0,4,18,4,18
2021S051624230003,94,614,0,0,0,0,0,0,0,0,0,0,0,0,0,0,0,0,1,1,1,1
2021S051624230004,245,3751,3,186,10,270,12,322,0,0,4,58,2,15,1,26,4,66,21,324,24,379
2021S051624230007,108,2093,0,0,1,2,1,2,0,0,0,0,0,0,0,0,2,6,4,16,4,16
2021S051624230008,239,5098,1,6,1,6,1,6,0,0,0,0,0,0,0,0,0,0,9,64,9,64
2021S051624230009,272,6613,2,13,5,451,6,515,1,2,4,118,0,0,0,0,4,120,21,523,25,1025
2021S051624230011,145,2698,1,2,2,9,1,2,1,2,2,9,0,0,0,0,0,0,6,14,6,14
2021S051624230012,109,2482,0,0,0,0,0,0,0,0,0,0,0,0,0,0,0,0,1,1,1,1
2021S051624230014,150,2131,0,0,0,0,0,0,0,0,0,0,0,0,1,7,1,7,3,10,3,10
2021S051624230015,163,2266,1,1,2,9,3,44,0,0,2,42,0,0,0,0,0,0,5,18,7,60
2021S051624230016,70,3310,0,0,0,0,0,0,0,0,0,0,0,0,0,0,0,0,1,1,1,1
2021S051624230019,145,2507,0,0,1,2,1,3,0,0,1,2,0,0,1,3,1,3,3,7,3,7
2021S051624230020,155,1621,2,4,4,26,1,2,0,0,0,0,0,0,0,0,0,0,6,40,6,40
2021S051624230021,131,1475,3,11,3,11,3,11,0,0,0,0,0,0,0,0,0,0,7,40,7,40
2021S051624230022,259,3345,0,0,0,0,0,0,0,0,0,0,0,0,0,0,0,0,4,14,4,14
2021S051624230023,279,4952,2,29,6,15,5,12,1,2,1,2,1,27,0,0,1,7,17,189,17,189
2021S051624230024,139,1471,1,26,4,116,3,8,0,0,2,6,0,0,0,0,1,3,9,140,10,143
2021S051624230025,133,2552,0,0,1,9,0,0,0,0,0,0,0,0,0,0,0,0,7,68,7,68
2021S051624230026,97,1909,0,0,2,16,1,3,0,0,0,0,0,0,1,70,2,73,6,103,6,103
2021S051624230027,220,4059,0,0,0,0,0,0,0,0,0,0,0,0,0,0,0,0,2,5,2,5
2021S051624230028,95,1536,0,0,1,3,0,0,0,0,0,0,0,0,0,0,0,0,2,4,2,4
2021S051624230029,1007,26165,2,110,2,114,1,5,0,0,0,0,0,0,0,0,1,3,11,179,11,179
2021S051624230030,191,2947,0,0,3,11,1,2,0,0,0,0,0,0,0,0,1,3,6,17,6,17
2021S051624230031,575,15869,0,0,4,27,3,29,2,23,4,29,0,0,1,6,1,6,14,62,14,62
2021S051624230032,136,2436,0,0,1,5,2,40,0,0,1,35,0,0,0,0,0,0,6,14,7,49
2021S051624230034,161,3681,1,2,4,47,1,2,0,0,0,0,0,0,0,0,0,0,9,225,9,225
2021S051624230035,119,1872,1,3,2,5,1,3,0,0,0,0,0,0,0,0,1,3,4,12,4,12
2021S051624230036,464,14276,2,9,3,46,1,6,0,0,0,0,0,0,0,0,2,9,14,180,14,180
2021S051624230038,123,2637,0,0,0,0,0,0,0,0,0,0,0,0,0,0,0,0,2,4,2,4
2021S051624230039,103,1484,1,13,1,2,0,0,0,0,1,2,0,0,0,0,1,3,6,46,6,46
2021S051624230040,165,2444,0,0,2,5,1,3,0,0,0,0,0,0,0,0,0,0,3,10,4,13
2021S051624230041,388,10550,0,0,0,0,0,0,0,0,0,0,0,0,0,0,0,0,4,21,4,21
2021S051624230042,141,1770,0,0,0,0,0,0,0,0,1,3,0,0,1,3,1,3,5,10,5,10
2021S051624230044,308,6697,5,191,16,226,15,323,1,5,8,102,3,139,0,0,3,40,29,426,35,540
2021S051624230045,154,2360,0,0,1,20,0,0,0,0,0,0,0,0,0,0,1,3,5,35,5,35
2021S051624230046,152,1618,0,0,2,5,2,5,0,0,0,0,0,0,0,0,1,11,6,21,6,21
2021S051624230047,191,6637,2,9,6,183,4,174,0,0,3,141,0,0,0,0,1,7,12,169,15,310
2021S051624230048,931,35941,27,1492,48,2190,30,1389,2,26,16,1202,3,97,3,25,12,396,110,3798,118,4714
2021S051624230049,171,3689,1,3,0,0,2,5,0,0,0,0,0,0,0,0,1,3,4,9,4,9
2021S051624230050,228,5933,1,10,4,29,1,3,0,0,1,15,0,0,0,0,0,0,5,31,6,34
2021S051624230051,211,3955,1,24,2,11,3,35,1,9,2,13,0,0,0,0,0,0,16,189,16,189
2021S051624230052,378,6668,0,0,0,0,0,0,0,0,0,0,0,0,0,0,0,0,2,7,2,7
2021S051624230053,111,880,0,0,1,2,0,0,0,0,1,2,0,0,0,0,0,0,2,5,2,5
2021S051624230055,252,6733,0,0,0,0,0,0,0,0,0,0,0,0,0,0,0,0,4,69,4,69
2021S051624230057,290,3697,0,0,0,0,0,0,0,0,0,0,0,0,0,0,0,0,6,11,6,11
2021S051624230058,414,11557,8,266,12,323,10,212,2,41,4,84,1,43,1,3,4,153,40,793,40,793
2021S051624230059,708,21680,1,3,1,3,0,0,0,0,0,0,0,0,0,0,0,0,5,44,6,47
2021S051624230060,638,9034,1,3,1,3,1,3,0,0,2,3,0,0,0,0,0,0,4,11,4,11
2021S051624230062,136,1019,0,0,1,15,0,0,0,0,2,17,0,0,0,0,0,0,4,24,4,24
2021S051624230063,113,1634,0,0,0,0,0,0,0,0,0,0,0,0,0,0,0,0,0,0,0,0
2021S051624230064,150,1421,1,10,0,0,1,10,1,10,0,0,0,0,0,0,0,0,2,35,2,35
2021S051624230065,411,10335,8,167,16,579,18,856,4,285,17,471,3,57,1,326,4,407,71,2042,78,2301
2021S051624230066,131,1416,0,0,0,0,0,0,0,0,0,0,0,0,0,0,0,0,1,1,1,1
2021S051624230067,241,2993,0,0,2,10,1,7,0,0,1,3,0,0,2,17,4,26,10,54,10,54
2021S051624230068,101,1430,0,0,1,3,0,0,0,0,0,0,0,0,0,0,1,7,2,10,2,10
2021S051624230069,131,2355,0,0,0,0,0,0,0,0,0,0,0,0,0,0,0,0,5,32,5,32
2021S051624230070,536,15583,5,218,16,386,9,196,1,2,6,138,1,10,1,26,1,26,34,591,37,710
2021S051624230072,130,1165,0,0,0,0,0,0,0,0,0,0,0,0,0,0,0,0,0,0,0,0
2021S051624230073,228,5054,1,5,1,15,0,0,0,0,1,15,0,0,0,0,0,0,6,42,6,42
2021S051624230074,98,1154,0,0,2,22,1,2,0,0,0,0,0,0,0,0,0,0,3,28,3,28
2021S051624230075,157,1873,0,0,0,0,1,3,0,0,1,3,0,0,0,0,0,0,4,17,5,20
2021S051624230076,164,1697,0,0,2,5,2,5,1,2,2,5,0,0,1,7,1,7,3,10,4,13
2021S051624230077,194,3612,0,0,4,202,2,18,0,0,2,18,0,0,0,0,1,15,3,199,5,217
2021S051624230078,145,1330,0,0,0,0,0,0,0,0,0,0,0,0,0,0,2,10,4,12,4,12
2021S051624230079,226,2863,1,2,0,0,1,2,0,0,0,0,0,0,0,0,1,3,10,97,10,97
2021S051624230080,150,1586,0,0,0,0,0,0,0,0,1,1,0,0,0,0,0,0,3,12,3,12
2021S051624230081,228,5919,3,19,4,89,3,19,1,10,3,87,0,0,0,0,1,3,15,214,15,214
2021S051624230082,170,2629,2,8,1,6,0,0,0,0,0,0,1,6,0,0,2,7,6,49,6,49
2021S051624230083,347,8035,2,31,2,20,0,0,0,0,1,3,0,0,0,0,0,0,7,51,7,51
2021S051624230084,271,3981,0,0,0,0,0,0,0,0,0,0,0,0,0,0,0,0,4,34,4,34
2021S051624250001,75,1388,0,0,0,0,0,0,0,0,0,0,0,0,0,0,0,0,2,313,2,313
2021S051624250002,157,4319,1,2,4,136,4,49,0,0,2,42,0,0,2,33,4,51,19,496,20,531
2021S051624250003,248,2997,2,5,2,37,3,39,0,0,0,0,0,0,0,0,1,3,26,172,27,206
2021S051624250004,100,1509,0,0,0,0,0,0,0,0,0,0,0,0,0,0,0,0,0,0,0,0
2021S051624250005,253,4978,0,0,3,15,1,4,0,0,0,0,0,0,0,0,0,0,8,26,8,26
2021S051624250006,359,12794,0,0,0,0,0,0,0,0,0,0,0,0,0,0,0,0,6,11,6,11
2021S051624250007,258,5447,2,29,8,262,6,288,0,0,8,382,1,12,0,0,1,13,18,270,21,500
2021S051624250008,91,2783,1,14,0,0,0,0,0,0,0,0,0,0,0,0,0,0,2,18,2,18
2021S051624250010,136,896,1,3,2,6,2,6,0,0,1,3,0,0,0,0,0,0,6,13,7,16
2021S051624250012,195,3094,0,0,5,63,5,125,2,51,3,114,0,0,0,0,0,0,16,105,18,175
2021S051624250013,267,2380,1,269,0,0,0,0,0,0,1,2,1,269,0,0,1,3,9,300,9,300
2021S051624250015,172,1384,1,7,1,7,0,0,0,0,0,0,0,0,0,0,0,0,8,92,8,92
2021S051624250016,187,1871,1,2,1,2,0,0,0,0,0,0,0,0,0,0,0,0,14,434,14,434
2021S051624250017,196,5221,4,36,11,379,9,223,2,4,4,190,0,0,0,0,0,0,23,524,25,563
2021S051624250018,374,5489,2,40,8,189,10,221,0,0,6,154,1,35,3,39,6,92,30,310,36,506
2021S051624250019,138,1118,0,0,0,0,2,10,0,0,1,7,0,0,1,3,1,3,2,7,3,14
2021S051624250020,249,7427,3,58,11,400,9,486,3,36,8,471,0,0,1,11,3,49,31,586,33,1006
2021S051624250022,242,4318,1,7,1,7,1,7,0,0,0,0,0,0,0,0,2,42,5,55,5,55
2021S051624250023,197,4997,1,4,3,54,3,52,0,0,3,67,0,0,0,0,0,0,7,93,9,141
2021S051624260001,512,5628,2,5,8,152,12,212,0,0,5,70,1,3,8,147,11,327,149,1042,152,1095
2021S051624260002,249,3000,3,23,8,151,6,146,2,107,3,122,0,0,2,36,3,43,32,442,33,457
2021S051624260003,403,4187,3,33,6,308,4,42,1,9,2,11,1,22,5,141,6,144,115,985,115,985
2021S051624260004,603,10045,4,71,10,116,12,297,2,4,6,96,2,48,1,68,5,110,69,1444,71,1526
2021S051624270001,293,3815,1,115,4,125,7,185,1,2,3,12,2,26,5,602,11,831,72,1261,72,1261
2021S051624270002,241,4742,1,19,8,416,8,237,1,9,5,104,0,0,4,106,4,106,37,598,42,798
2021S051624270003,300,2938,3,79,9,114,6,47,1,2,1,2,0,0,4,16,5,23,93,492,94,522
2021S051624280001,353,4371,2,218,4,19,5,273,1,2,1,2,2,233,2,32,8,70,50,416,50,416
2021S051624280002,211,2370,1,9,3,27,5,43,1,3,1,7,0,0,2,168,7,239,34,483,35,490
2021S051624290002,261,2772,1,3,3,8,2,5,0,0,0,0,0,0,0,0,2,14,18,70,18,70
2021S051624290004,540,12573,3,210,11,505,10,490,0,0,1,3,1,58,5,798,7,818,42,1411,45,1818
2021S051624290005,200,4615,0,0,0,0,1,47,0,0,0,0,0,0,0,0,4,384,18,701,18,701
2021S051624290006,234,2529,1,3,3,22,3,22,0,0,1,3,0,0,1,3,3,17,26,152,28,158
2021S051624290008,420,5753,9,315,14,375,17,458,6,65,10,180,1,10,9,407,14,501,103,1172,109,1465
2021S051624290009,283,4130,0,0,5,80,8,827,1,2,2,545,1,43,6,396,15,501,60,991,62,1549
2021S051624290010,26,146,0,0,0,0,0,0,0,0,0,0,0,0,0,0,0,0,3,4,3,4
2021S051624290011,16,144,0,0,0,0,0,0,0,0,0,0,0,0,0,0,0,0,2,4,2,4
2021S051624290012,13,115,0,0,2,5,0,0,0,0,0,0,0,0,0,0,1,5,5,15,5,15
2021S051624290013,53,531,0,0,1,34,1,34,0,0,0,0,0,0,0,0,1,35,9,126,10,160
2021S051624300001,266,1978,1,2,0,0,0,0,0,0,0,0,0,0,4,109,8,124,48,360,48,360
2021S051624300002,373,3845,2,74,6,91,8,143,0,0,10,192,0,0,12,227,14,233,109,1032,111,1070
2021S051624300003,264,5496,0,0,4,37,4,54,1,9,4,38,0,0,5,60,6,75,21,780,21,780
2021S051624310001,354,3669,4,113,7,143,9,145,1,2,4,43,1,6,4,19,7,28,98,726,102,807
2021S051624310002,290,4909,2,60,6,194,6,488,2,96,4,443,0,0,1,11,2,26,27,286,30,765
2021S051624310003,308,5644,0,0,3,43,5,168,0,0,1,39,0,0,4,42,6,189,31,562,31,562
2021S051624310005,283,4986,2,259,6,190,5,275,3,17,5,21,1,91,1,3,3,9,22,353,22,353
2021S051624310006,185,1891,2,4,5,16,6,18,3,11,3,11,1,2,0,0,1,3,43,133,43,133
2021S051624310007,47,293,0,0,2,7,2,7,0,0,0,0,0,0,0,0,0,0,4,11,4,11
2021S051624310008,24,160,0,0,0,0,0,0,0,0,0,0,0,0,1,3,1,3,5,14,5,14
2021S051624310009,16,56,0,0,0,0,0,0,0,0,0,0,0,0,0,0,0,0,9,28,9,28
2021S051624320001,518,4540,3,31,8,133,8,135,1,5,6,110,1,22,7,102,8,113,177,833,180,916
2021S051624320003,290,6734,3,230,12,136,11,356,2,23,4,67,2,255,4,174,6,241,53,1174,54,1208
2021S051624320004,161,2940,4,44,8,115,6,125,3,32,4,83,0,0,1,33,4,70,46,788,48,857
2021S051624330002,416,3407,3,21,10,60,12,159,2,7,4,54,0,0,2,6,4,48,119,532,122,581
2021S051624330003,252,3595,1,5,4,71,6,284,0,0,0,0,2,10,3,157,3,157,91,715,91,715
2021S051624330004,329,4062,4,67,9,207,7,99,0,0,2,55,0,0,2,72,6,180,78,714,82,807
2021S051624330005,215,2566,0,0,4,85,5,99,0,0,3,51,0,0,3,39,5,77,27,192,30,275
2021S051624332000,46,804,0,0,1,4,1,4,0,0,0,0,0,0,0,0,0,0,16,79,16,79
2021S051624340001,276,4635,3,65,5,27,5,113,2,11,7,165,2,57,4,56,5,61,53,689,54,764
2021S051624340002,308,4475,2,5,3,7,3,7,0,0,0,0,0,0,2,81,6,100,26,235,26,235
2021S051624340003,197,2673,0,0,3,10,4,62,1,5,1,5,1,9,1,7,2,10,31,392,31,392
2021S051624340004,153,2125,0,0,0,0,2,10,0,0,0,0,0,0,0,0,0,0,25,458,25,458
2021S051624340005,137,1047,2,12,4,18,3,14,0,0,1,3,0,0,0,0,1,3,23,101,24,107
2021S051624340006,226,2568,0,0,3,68,1,44,1,44,4,95,0,0,3,60,3,60,60,388,61,403
2021S051624340007,184,3957,1,1,7,48,4,165,0,0,1,149,1,9,0,0,1,7,19,86,20,235
2021S051624350001,201,2428,1,2,1,2,2,5,0,0,0,0,0,0,4,136,9,190,48,313,48,313
2021S051624350003,223,3049,3,82,2,92,1,72,0,0,0,0,0,0,2,139,3,142,36,382,36,382
2021S051624360001,197,2635,0,0,4,270,4,130,1,9,4,167,0,0,1,14,1,14,16,330,17,337
2021S051624360002,166,1565,2,4,3,6,2,5,0,0,0,0,0,0,0,0,1,3,8,145,8,145
2021S051624360003,291,4978,3,359,7,176,5,151,0,0,4,75,0,0,1,6,3,20,22,612,24,681
2021S051624360004,210,3722,3,39,8,278,4,53,0,0,2,179,2,24,0,0,1,3,14,380,14,380
2021S051624360005,143,3792,0,0,2,13,1,7,0,0,0,0,0,0,0,0,1,3,8,23,8,23
2021S051624360006,173,2511,1,10,7,202,6,199,0,0,3,33,1,10,2,25,3,28,13,106,17,284
2021S051624360007,119,2414,0,0,0,0,0,0,0,0,0,0,0,0,0,0,0,0,1,7,1,7
2021S051624370001,372,4747,2,54,3,16,6,73,1,2,3,25,0,0,3,39,3,39,77,521,78,524
2021S051624370002,20,136,1,2,0,0,0,0,0,0,0,0,0,0,0,0,0,0,6,19,6,19
2021S051624370003,126,918,0,0,1,7,1,7,0,0,1,7,0,0,2,11,3,26,32,100,33,107
2021S051624370004,42,410,0,0,0,0,1,3,0,0,1,3,0,0,0,0,0,0,11,90,12,93
2021S051624370005,172,1998,2,13,7,41,5,28,0,0,1,3,0,0,2,260,3,263,14,322,15,325
2021S051624370006,153,1439,1,3,1,21,2,27,1,21,1,21,1,3,1,6,1,6,9,90,9,90
2021S051624370007,85,998,0,0,0,0,0,0,0,0,0,0,0,0,0,0,0,0,1,1,1,1
2021S051624370008,287,4642,1,26,7,185,6,118,2,47,3,51,0,0,1,70,2,104,19,381,20,415
2021S051624370009,125,2580,0,0,0,0,0,0,0,0,0,0,0,0,0,0,0,0,3,70,3,70
2021S051624370010,185,3158,0,0,0,0,0,0,0,0,0,0,0,0,0,0,0,0,2,2,2,2
2021S051624370011,348,7294,5,290,13,571,11,393,3,31,6,253,0,0,1,26,3,44,33,737,36,959
2021S051624370012,470,10717,3,39,5,97,2,27,0,0,1,15,0,0,0,0,0,0,10,524,11,539
2021S051624370013,122,2281,0,0,1,2,0,0,0,0,0,0,0,0,1,7,1,7,2,9,2,9
2021S051624370014,113,2101,0,0,1,2,1,2,0,0,0,0,0,0,0,0,0,0,2,5,2,5
2021S051624370015,229,3995,0,0,0,0,0,0,0,0,0,0,0,0,0,0,0,0,1,5,1,5
2021S051624370016,251,6723,1,26,1,26,3,75,0,0,1,35,0,0,0,0,0,0,7,85,8,120
2021S051624370017,369,9772,2,13,8,53,7,170,0,0,4,97,0,0,1,26,1,26,26,562,29,686
2021S051624370018,96,684,0,0,0,0,0,0,0,0,0,0,0,0,0,0,0,0,2,6,2,6
2021S051624370019,423,8420,1,62,2,14,1,9,1,9,1,9,0,0,1,6,1,6,12,192,12,192
2021S051624370020,286,3156,2,12,2,11,4,48,1,2,4,41,0,0,2,18,4,60,22,244,23,247
2021S051624380001,237,2557,1,8,2,29,4,67,1,21,3,59,0,0,3,79,5,84,94,451,96,489
2021S051624380002,193,4074,2,6,8,699,5,85,0,0,10,822,0,0,0,0,1,7,44,552,45,1073
2021S051624380003,254,3535,3,16,2,13,2,5,0,0,1,4,0,0,0,0,3,9,46,203,46,203
2021S051624380004,9,358,0,0,0,0,0,0,0,0,1,2,0,0,0,0,0,0,1,2,1,2
2021S051624390003,338,8247,9,220,14,205,17,564,1,21,3,191,5,342,3,47,10,213,63,1625,65,1666
2021S051624390004,261,4140,2,52,5,233,5,222,0,0,3,33,0,0,2,29,4,50,18,302,21,335
2021S051624390005,129,1182,0,0,1,6,0,0,0,0,0,0,0,0,2,18,4,55,19,101,19,101
2021S051624390006,162,3179,0,0,0,0,0,0,0,0,0,0,0,0,0,0,0,0,6,75,6,75
2021S051624390007,148,2971,0,0,2,5,2,5,0,0,2,6,0,0,0,0,1,3,5,10,6,13
2021S051624390008,149,1869,0,0,7,172,6,169,1,2,3,7,0,0,0,0,5,165,21,237,22,240
2021S051624390009,336,6197,4,99,12,76,9,135,2,11,6,63,1,46,1,7,1,7,123,1725,126,1770
2021S051624390010,288,4780,0,0,0,0,0,0,0,0,0,0,0,0,0,0,0,0,2,5,2,5
2021S051624390011,119,1488,1,2,1,2,1,2,0,0,0,0,0,0,0,0,0,0,3,6,3,6
2021S051624390012,135,3188,2,11,2,16,2,16,1,9,1,9,0,0,0,0,1,35,6,57,6,57
2021S051624390013,151,2601,2,11,4,201,7,382,1,9,2,43,0,0,6,163,7,166,44,961,45,995
2021S051624390014,123,1642,1,65,4,108,2,86,1,21,1,21,0,0,0,0,4,56,52,367,52,367
2021S051624390015,46,401,2,91,3,95,3,95,0,0,0,0,0,0,0,0,0,0,21,145,21,145
2021S051624390016,40,272,1,12,0,0,0,0,0,0,0,0,0,0,1,3,1,3,16,64,16,64
2021S051624390017,140,1072,0,0,0,0,1,10,0,0,0,0,0,0,1,7,2,10,49,240,49,240
2021S051624390018,74,450,3,8,6,19,5,17,3,11,4,15,0,0,1,11,1,11,36,111,36,111
2021S051624400001,264,2463,0,0,5,53,3,22,1,9,2,48,0,0,3,75,6,84,76,356,76,356
2021S051624400002,173,3035,1,12,2,5,2,25,0,0,2,11,1,21,0,0,0,0,13,104,13,104
2021S051624410001,249,2645,1,6,5,41,2,9,0,0,2,53,0,0,5,179,7,185,58,529,58,529
2021S051624410002,369,5075,0,0,8,150,6,84,1,5,2,8,0,0,6,135,11,256,60,700,61,703
2021S051624410003,108,1008,2,5,4,14,4,15,1,5,1,5,0,0,1,3,3,25,17,95,17,95
2021S051624420001,254,3617,9,481,6,436,7,459,1,2,2,14,0,0,1,3,2,6,59,479,60,779
2021S051624420002,95,932,0,0,0,0,1,24,0,0,1,24,0,0,0,0,0,0,14,115,14,115
2021S051624420003,51,552,1,13,1,13,1,13,0,0,0,0,0,0,0,0,1,3,11,61,11,61
2021S051624420004,152,3304,3,80,5,160,2,78,0,0,1,11,0,0,1,54,2,59,16,994,18,1072
2021S051624420005,237,4096,4,143,11,280,9,163,1,3,1,52,1,5,2,57,4,63,53,356,54,475
2021S051624420006,145,1414,3,20,5,32,6,103,0,0,1,75,1,2,1,32,2,35,12,84,13,159
2021S051624430001,193,3345,1,6,12,435,13,523,2,14,4,104,0,0,1,7,2,10,26,512,28,602
2021S051624430002,257,4539,2,19,2,19,2,38,0,0,1,2,0,0,1,3,1,3,11,76,12,111
2021S051624430003,176,1631,0,0,1,4,1,4,0,0,1,1,0,0,0,0,0,0,6,68,6,68
2021S051624430004,450,12219,14,345,28,1143,20,953,1,21,7,220,2,91,1,6,6,176,54,1318,58,1784
2021S051624430005,143,2808,1,1,1,3,0,0,0,0,0,0,0,0,0,0,0,0,4,59,4,59
2021S051624430006,103,1644,1,3,1,2,1,2,0,0,0,0,0,0,0,0,0,0,4,8,4,8
2021S051624430007,137,791,1,2,0,0,0,0,0,0,0,0,0,0,0,0,0,0,3,23,3,23
2021S051624430008,162,2319,5,201,5,88,7,137,0,0,1,8,1,46,0,0,0,0,19,212,20,272
2021S051624430009,163,4153,1,2,4,69,4,270,0,0,3,84,0,0,0,0,0,0,14,536,14,536
2021S051624430010,193,4487,0,0,0,0,1,3,0,0,0,0,0,0,2,6,2,6,6,45,6,45
2021S051624430011,236,4532,2,56,7,82,8,157,2,45,6,78,1,22,0,0,2,18,20,311,22,333
2021S051624430012,554,13257,1,10,3,44,0,0,0,0,0,0,0,0,0,0,0,0,10,142,10,142
2021S051624430013,164,3338,0,0,0,0,0,0,0,0,0,0,0,0,0,0,2,71,6,77,6,77
2021S051624430014,203,5436,1,91,6,317,5,232,1,5,2,152,1,91,0,0,2,225,15,675,15,675
2021S051624430015,100,1174,0,0,2,9,1,7,0,0,1,2,0,0,0,0,0,0,5,89,5,89
2021S051624430016,188,2123,1,37,2,10,2,13,0,0,1,6,0,0,0,0,0,0,11,53,13,66
2021S051624430017,187,2177,1,2,1,2,0,0,0,0,0,0,0,0,0,0,0,0,6,14,6,14
2021S051624430018,150,2540,1,54,1,54,2,64,0,0,0,0,0,0,0,0,0,0,10,95,10,95
2021S051624430019,354,4117,2,24,4,308,8,190,1,3,4,59,3,129,2,28,3,31,24,522,27,579
2021S051624430020,125,1502,2,13,6,21,4,22,2,15,3,11,0,0,0,0,2,22,14,89,14,89
2021S051624430021,392,6862,3,101,6,36,1,2,0,0,0,0,0,0,0,0,0,0,12,132,12,132
2021S051624440001,576,8926,5,117,7,45,4,22,0,0,1,15,0,0,5,326,14,1079,162,1864,163,1879
2021S051624440002,220,2868,3,265,3,134,5,145,0,0,2,13,1,2,2,35,3,70,82,660,83,789
2021S051624450001,121,1484,0,0,2,13,1,4,0,0,0,0,0,0,0,0,1,5,5,25,5,25
2021S051624450002,111,1284,0,0,0,0,0,0,0,0,1,2,0,0,0,0,0,0,17,159,17,159
2021S051624450003,225,1679,0,0,3,22,4,28,0,0,2,13,0,0,2,9,5,34,20,99,20,99
2021S051624450004,427,4847,0,0,8,264,8,129,2,26,13,216,1,86,3,24,7,39,75,754,75,754
2021S051624450005,275,6495,3,7,10,161,7,105,2,11,8,89,0,0,3,20,6,69,34,609,35,612
2021S051624450006,228,2517,1,2,3,12,3,16,0,0,0,0,0,0,2,9,2,9,17,75,17,75
2021S051624450007,221,3472,1,5,3,10,2,93,0,0,0,0,0,0,0,0,0,0,5,103,5,103
2021S051624450009,235,2121,0,0,3,10,2,6,0,0,0,0,0,0,2,17,4,22,18,109,18,109
2021S051624460001,347,3922,1,6,0,0,0,0,0,0,0,0,0,0,3,38,4,41,36,636,36,636
2021S051624460003,246,3787,3,39,5,60,4,65,2,80,1,21,1,22,1,11,7,101,40,391,40,391
2021S051624460004,418,4140,2,11,6,58,2,5,0,0,0,0,0,0,0,0,1,15,77,589,77,589
2021S051624460005,453,7835,4,39,12,45,11,203,1,2,5,31,1,22,4,160,5,163,41,555,42,558
2021S051624460006,343,3845,2,243,5,19,8,44,2,11,5,48,0,0,6,80,7,230,114,1138,115,1145
2021S051624460007,506,8291,3,9,13,635,8,107,2,30,8,310,0,0,1,6,3,159,43,1038,45,1085
2021S051624470002,655,14851,12,251,31,798,19,612,5,136,10,211,1,22,2,9,6,229,105,2381,107,2418
2021S051624470003,374,4086,0,0,2,5,0,0,0,0,1,2,0,0,1,7,1,7,10,28,10,28
2021S051624470004,354,3772,3,25,9,77,7,68,2,27,3,19,0,0,2,68,3,71,25,231,27,241
2021S051624470005,183,5135,0,0,1,2,1,2,1,2,1,2,0,0,0,0,0,0,3,20,3,20
2021S051624470006,186,2088,2,10,4,13,3,6,0,0,0,0,0,0,0,0,0,0,8,24,8,24
2021S051624470007,459,7629,3,134,8,167,3,144,0,0,2,14,0,0,0,0,1,5,18,194,20,208
2021S051624470008,85,567,0,0,3,14,2,8,1,5,1,5,0,0,0,0,0,0,4,15,4,15
2021S051624470009,110,1618,2,10,7,107,5,45,1,5,2,12,0,0,0,0,0,0,16,150,17,157
2021S051624470010,172,2095,2,96,9,103,6,75,0,0,2,32,0,0,2,14,3,21,39,295,42,351
2021S051624472000,137,1151,0,0,2,5,3,10,0,0,1,3,0,0,1,26,2,29,26,127,27,130
2021S051624472001,50,250,0,0,0,0,0,0,0,0,0,0,0,0,0,0,2,6,14,34,14,34
2021S051624472002,76,720,2,10,3,12,4,17,1,2,1,2,0,0,1,6,1,6,20,112,20,112
2021S051624480001,348,2618,1,2,6,21,6,40,2,8,4,17,1,21,0,0,2,6,116,562,116,562
2021S051624480002,241,3808,4,121,4,28,3,33,0,0,1,3,1,21,1,14,2,49,37,437,37,437
2021S051624490001,48,344,1,8,1,8,1,8,0,0,1,3,0,0,0,0,0,0,22,78,22,78
2021S051624490002,38,477,0,0,1,5,1,5,0,0,0,0,0,0,0,0,0,0,9,163,9,163
2021S051624490003,79,1196,1,1,1,3,0,0,0,0,0,0,0,0,0,0,0,0,11,97,11,97
2021S051624490004,163,4090,6,598,6,387,6,378,2,67,2,47,1,269,1,6,3,24,26,740,26,740
2021S051624490005,168,1476,1,6,6,16,4,31,1,2,2,19,1,21,0,0,2,17,30,131,30,131
2021S051624490007,40,260,0,0,0,0,0,0,0,0,1,2,0,0,0,0,0,0,7,72,7,72
2021S051624490008,58,422,2,44,5,57,3,40,1,5,1,5,0,0,0,0,0,0,13,72,13,72
2021S051624490010,207,1935,3,34,7,50,5,22,2,11,2,11,0,0,1,3,1,3,14,138,14,138
2021S051624490011,361,7414,0,0,1,15,0,0,0,0,1,15,0,0,0,0,0,0,4,39,4,39
2021S051624490012,337,8190,7,749,15,857,8,399,2,56,1,21,2,23,1,3,1,3,34,1592,35,1622
2021S051624490013,218,2324,2,7,5,77,8,95,1,2,3,20,0,0,1,11,3,29,33,213,35,231
2021S051624490014,182,3616,0,0,3,167,2,22,0,0,2,162,0,0,2,130,2,130,12,420,12,420
2021S051624490016,205,2488,0,0,1,5,3,171,0,0,2,78,0,0,0,0,0,0,10,135,11,210
2021S051624490017,238,4098,6,412,13,544,8,141,2,7,5,39,1,58,1,3,5,114,50,1144,53,1176
2021S051624490018,111,1913,3,143,2,137,2,137,0,0,0,0,0,0,0,0,0,0,10,219,10,219
2021S051624490019,158,2068,4,63,8,105,9,114,0,0,2,37,1,9,3,157,4,160,50,389,52,429
2021S051624490020,235,4577,0,0,0,0,0,0,0,0,0,0,0,0,1,3,1,3,4,21,4,21
2021S051624490021,344,8063,8,223,23,552,8,206,1,5,5,65,0,0,3,20,4,54,55,1286,56,1403
2021S051624490022,109,1461,1,4,2,6,2,6,0,0,0,0,0,0,2,59,3,62,26,290,26,290
2021S051624490023,49,439,0,0,1,11,1,11,0,0,1,56,0,0,1,7,1,7,20,126,20,126
2021S051624490024,18,162,0,0,1,1,0,0,0,0,0,0,0,0,0,0,0,0,8,20,8,20
2021S051624492000,32,208,0,0,0,0,0,0,0,0,0,0,0,0,1,3,1,3,10,26,10,26
2021S051624492001,52,596,0,0,0,0,1,33,0,0,1,33,0,0,1,54,1,54,19,139,19,139
2021S051624500001,349,4271,4,404,16,611,12,425,4,15,9,88,0,0,3,21,4,28,121,1041,125,1093
2021S051624500002,278,5642,2,39,5,58,1,36,0,0,1,2,0,0,1,70,1,70,34,330,34,330
2021S051624500003,282,2712,3,191,3,13,3,13,1,9,3,27,2,150,1,14,4,31,107,595,107,595
2021S051624500004,9,207,0,0,0,0,0,0,0,0,0,0,0,0,0,0,0,0,0,0,0,0
2021S051624510001,265,3848,0,0,4,35,4,41,0,0,1,4,0,0,2,33,3,44,32,224,32,224
2021S051624510002,134,1221,4,12,2,5,1,2,0,0,0,0,0,0,1,14,1,14,20,195,20,195
2021S051624510003,177,1880,1,2,4,136,2,18,0,0,1,7,0,0,1,33,1,33,27,276,28,283
2021S051624510004,320,6213,3,14,12,526,9,238,0,0,3,33,1,2,4,112,7,184,45,968,49,1007
2021S051624510005,105,1477,1,3,2,334,4,347,0,0,2,339,0,0,1,6,1,6,23,63,25,402
2021S051624510006,198,1362,0,0,0,0,0,0,0,0,0,0,0,0,0,0,1,33,58,202,58,202
2021S051624520001,197,1447,0,0,0,0,0,0,0,0,0,0,0,0,2,33,2,33,33,110,33,110
2021S051624520002,284,3386,4,30,1,44,3,83,1,44,2,46,1,12,2,13,3,16,71,549,71,549
2021S051624520005,287,3526,0,0,1,2,1,3,0,0,1,3,0,0,0,0,4,65,24,304,24,304
2021S051624520006,143,1710,0,0,0,0,0,0,0,0,0,0,0,0,0,0,0,0,2,2,2,2
2021S051624520111,491,7658,5,92,11,196,15,438,1,5,6,239,0,0,1,6,4,87,81,869,83,1052
2021S051624530001,41,327,0,0,0,0,0,0,0,0,0,0,0,0,0,0,0,0,2,2,2,2
2021S051624530002,182,1398,0,0,3,6,3,6,2,4,4,19,0,0,2,6,2,6,64,200,64,200
2021S051624530003,209,4089,0,0,2,9,0,0,0,0,0,0,0,0,0,0,0,0,6,26,6,26
2021S051624530004,108,2896,0,0,1,15,2,30,0,0,1,15,0,0,0,0,1,15,4,65,5,80
2021S051624530005,15,552,0,0,1,34,2,346,0,0,2,346,0,0,0,0,0,0,1,312,2,346
2021S051624530006,159,4016,0,0,2,7,3,74,0,0,5,307,0,0,1,33,2,104,10,470,12,540
2021S051624530007,97,1230,1,27,0,0,0,0,0,0,0,0,1,27,0,0,0,0,4,32,4,32
2021S051624530008,41,928,0,0,0,0,0,0,0,0,0,0,0,0,0,0,0,0,1,2,1,2
2021S051624530009,65,579,0,0,0,0,0,0,0,0,0,0,0,0,1,7,1,7,8,23,8,23
2021S051624530010,117,1026,0,0,2,20,2,106,0,0,1,15,0,0,0,0,0,0,18,164,19,179
2021S051624530011,47,285,0,0,1,9,1,9,1,9,1,9,0,0,0,0,0,0,2,12,2,12
2021S051624530012,115,1873,1,1,1,21,1,21,1,21,1,21,0,0,0,0,0,0,7,56,7,56
2021S051624530013,101,1708,0,0,0,0,0,0,0,0,0,0,0,0,0,0,0,0,0,0,0,0
2021S051624540001,557,5073,5,13,11,76,13,105,2,10,6,39,1,43,6,26,7,33,162,542,164,560
2021S051624540002,58,550,0,0,2,5,1,3,0,0,0,0,0,0,0,0,0,0,17,51,17,51
2021S051624540003,440,5261,1,1,1,4,2,18,0,0,3,29,1,1,0,0,6,314,90,920,90,920
2021S051624540011,181,2038,1,55,12,495,5,86,3,69,5,75,0,0,0,0,6,175,57,774,57,774
2021S051624540012,150,1329,2,61,2,59,2,61,0,0,0,0,0,0,1,3,5,39,29,181,29,181
2021S051624540013,88,1194,0,0,1,2,0,0,0,0,0,0,0,0,0,0,0,0,2,4,2,4
2021S051624540014,170,3207,1,2,2,7,2,7,1,5,1,5,0,0,0,0,0,0,9,270,9,270
2021S051624540015,225,5456,0,0,1,14,0,0,0,0,0,0,0,0,0,0,0,0,4,50,4,50
2021S051624540016,70,993,0,0,1,3,0,0,0,0,0,0,0,0,0,0,0,0,1,3,1,3
2021S051624540017,61,1082,2,133,3,56,4,153,1,97,2,29,0,0,0,0,0,0,6,194,7,197
2021S051624540018,92,1007,0,0,1,4,1,4,0,0,2,9,0,0,0,0,0,0,17,53,17,53
2021S051624540019,100,1466,1,2,3,8,3,9,0,0,1,2,0,0,1,3,1,3,8,105,8,105
2021S051624540020,233,5768,0,0,1,35,1,35,0,0,0,0,0,0,0,0,0,0,9,200,9,200
2021S051624540021,116,3419,0,0,0,0,1,3,0,0,1,3,0,0,0,0,0,0,0,0,1,3
2021S051624540022,116,2644,0,0,1,5,1,5,0,0,0,0,0,0,0,0,0,0,7,89,7,89
2021S051624540023,425,12270,7,195,18,784,19,528,1,9,6,241,1,46,5,71,11,133,81,1789,86,2079
2021S051624540024,115,1005,0,0,2,4,3,39,0,0,1,35,0,0,1,70,1,70,29,197,30,232
2021S051624550001,134,1836,2,93,2,5,4,105,0,0,1,3,2,96,1,6,2,9,40,397,41,400
2021S051624550002,140,1023,2,97,1,6,2,97,0,0,0,0,1,91,0,0,1,7,11,145,11,145
2021S051624550003,497,8395,4,23,7,136,8,199,1,2,2,107,0,0,2,29,2,29,116,1020,119,1130
2021S051624550004,311,4491,5,37,11,516,12,730,4,339,3,350,2,19,0,0,2,6,36,1026,36,1026
2021S051624550005,176,2889,0,0,2,341,2,341,0,0,0,0,0,0,1,70,3,88,11,104,12,443
2021S051624560001,280,2696,1,10,1,2,3,15,1,10,2,15,0,0,1,3,2,6,72,431,73,434
2021S051624560002,352,4624,1,22,0,0,1,22,0,0,0,0,1,22,0,0,1,3,8,53,8,53
2021S051624560003,311,3362,0,0,3,18,3,18,0,0,2,38,0,0,1,7,3,17,7,62,8,69
2021S051624560004,199,1756,0,0,2,25,1,5,1,5,1,5,0,0,1,3,3,9,23,106,23,106
2021S051624560005,149,1210,1,5,3,11,2,6,0,0,0,0,0,0,0,0,0,0,16,49,16,49
2021S051624560006,111,1942,0,0,0,0,0,0,0,0,0,0,0,0,0,0,0,0,2,7,2,7
2021S051624560007,268,6312,1,4,1,4,0,0,0,0,0,0,0,0,0,0,0,0,2,5,2,5
2021S051624560008,295,5209,0,0,5,79,2,7,0,0,0,0,0,0,0,0,0,0,9,83,9,83
2021S051624560009,352,8160,9,166,12,443,15,536,3,84,8,304,1,58,3,176,5,341,43,1354,47,1539
2021S051624560010,151,2358,0,0,1,2,1,2,0,0,0,0,0,0,0,0,1,15,6,66,6,66
2021S051624560011,130,1720,0,0,2,26,1,11,0,0,2,15,0,0,0,0,1,15,17,241,17,241
2021S051624560012,124,1595,1,3,1,3,1,3,0,0,0,0,0,0,0,0,1,15,5,197,5,197
2021S051624560013,273,2270,1,2,1,2,1,2,0,0,2,15,0,0,0,0,1,7,62,239,62,239
2021S051624560014,264,2569,2,133,3,148,3,148,0,0,1,12,0,0,0,0,2,18,47,311,47,311
2021S051624560015,101,2755,0,0,1,390,1,390,0,0,1,3,0,0,0,0,0,0,5,414,5,414
2021S051624560016,221,4884,5,259,6,410,3,351,1,44,2,47,0,0,3,90,4,162,23,835,23,835
2021S051624570001,329,2498,1,5,4,10,3,5,1,2,1,2,0,0,0,0,2,5,54,230,54,230
2021S051624570002,243,3201,3,6,12,144,11,170,0,0,4,45,0,0,0,0,3,115,32,397,33,431
2021S051624570003,527,8181,9,434,7,149,6,148,0,0,1,72,4,348,0,0,3,13,29,738,31,815
2021S051624570004,274,4519,0,0,3,29,5,39,0,0,1,7,0,0,2,36,3,39,14,160,15,167
2021S051624570005,357,3132,1,2,2,4,3,7,0,0,0,0,0,0,0,0,0,0,11,66,11,66
2021S051624570006,126,1616,0,0,1,21,1,21,1,21,1,21,0,0,0,0,0,0,20,214,20,214
2021S051624570007,257,4208,0,0,3,25,1,3,0,0,1,3,0,0,0,0,1,3,5,48,6,51
2021S051624570008,149,1554,1,1,1,3,0,0,0,0,0,0,0,0,0,0,0,0,11,26,11,26
2021S051624570009,176,1028,0,0,1,3,0,0,0,0,1,7,0,0,0,0,1,3,4,16,4,16
2021S051624570010,132,1203,0,0,2,5,1,2,0,0,0,0,0,0,0,0,0,0,3,8,3,8
2021S051624570011,129,1646,0,0,1,2,0,0,0,0,0,0,0,0,0,0,0,0,4,10,4,10
2021S051624570012,95,836,0,0,1,2,2,5,0,0,0,0,0,0,1,3,1,3,4,13,4,13
2021S051624570014,344,5425,0,0,3,209,0,0,0,0,0,0,0,0,0,0,0,0,6,215,6,215
2021S051624570016,31,157,0,0,0,0,0,0,0,0,0,0,0,0,0,0,0,0,1,7,1,7
2021S051624570017,296,4782,5,28,18,299,13,235,2,6,11,254,0,0,1,11,7,76,38,482,43,621
2021S051624570018,380,3243,4,74,5,29,4,26,0,0,0,0,0,0,1,6,1,6,15,108,16,123
2021S051624570019,213,2005,0,0,2,5,1,2,0,0,0,0,0,0,0,0,0,0,4,14,4,14
2021S051624580005,190,2541,1,26,4,71,2,33,0,0,1,35,0,0,2,25,2,25,10,124,10,124
2021S051624580007,605,16198,11,529,24,1154,18,1205,2,30,12,391,2,49,0,0,5,96,64,1849,70,2366
2021S051624580008,136,1996,1,70,1,70,0,0,0,0,0,0,0,0,0,0,0,0,3,324,3,324
2021S051624580009,258,3305,1,4,3,11,1,4,0,0,0,0,0,0,0,0,0,0,9,36,9,36
2021S051624580010,200,3417,0,0,0,0,0,0,0,0,0,0,0,0,0,0,0,0,3,8,3,8
2021S051624580011,330,9435,4,10,19,898,16,204,2,6,9,185,1,43,2,6,5,61,34,1207,39,1305
2021S051624580012,250,8958,3,422,5,752,1,395,0,0,0,0,0,0,0,0,0,0,10,1063,10,1063
2021S051624580013,291,7287,6,171,11,485,9,449,1,21,5,166,0,0,1,11,2,157,17,458,21,673
2021S051624580014,95,509,0,0,0,0,1,3,0,0,1,3,0,0,0,0,1,3,1,3,2,6
2021S051624580015,127,2785,0,0,0,0,0,0,0,0,0,0,0,0,0,0,0,0,4,36,4,36
2021S051624580016,212,3148,1,35,4,232,3,22,0,0,1,3,1,35,0,0,1,3,7,285,8,288
2021S051624580017,153,1406,0,0,0,0,0,0,0,0,2,8,0,0,0,0,0,0,2,8,2,8
2021S051624580018,81,1234,0,0,0,0,0,0,0,0,0,0,0,0,0,0,0,0,1,3,1,3
2021S051624580019,213,3766,0,0,0,0,0,0,0,0,0,0,0,0,0,0,0,0,1,3,1,3
2021S051624580020,554,12069,0,0,2,5,2,5,0,0,1,3,0,0,0,0,0,0,9,95,9,95
2021S051624580021,54,370,0,0,0,0,0,0,0,0,0,0,0,0,0,0,0,0,0,0,0,0
2021S051624580022,142,1338,0,0,0,0,0,0,0,0,0,0,0,0,0,0,0,0,2,29,2,29
2021S051624580023,90,766,0,0,1,72,1,72,0,0,1,72,0,0,0,0,0,0,0,0,1,72
2021S051624580024,115,1315,0,0,0,0,0,0,0,0,0,0,0,0,0,0,0,0,0,0,0,0
2021S051624580025,104,1122,0,0,0,0,0,0,0,0,0,0,0,0,0,0,0,0,2,7,2,7
2021S051624580026,60,1027,0,0,0,0,0,0,0,0,1,2,0,0,0,0,0,0,3,5,3,5
2021S051624580027,105,906,0,0,2,9,0,0,0,0,0,0,0,0,0,0,0,0,4,22,4,22
2021S051624580028,289,4037,2,9,6,21,3,6,0,0,0,0,0,0,0,0,0,0,8,26,8,26
2021S051624580029,115,1757,0,0,0,0,0,0,0,0,0,0,0,0,0,0,0,0,3,10,3,10
2021S051624580030,193,2564,2,7,4,37,1,2,0,0,0,0,0,0,0,0,0,0,4,46,5,51
2021S051624580031,357,7046,3,23,9,132,4,13,1,5,1,5,0,0,0,0,0,0,18,172,18,172
2021S051624580032,347,6527,2,39,8,410,5,119,0,0,5,189,0,0,0,0,0,0,22,612,23,615
2021S051624580033,105,2507,1,252,1,252,1,252,0,0,1,17,0,0,0,0,1,3,4,280,4,280
2021S051624580034,181,1981,0,0,0,0,0,0,0,0,0,0,0,0,0,0,0,0,2,7,2,7
2021S051624580035,106,658,0,0,0,0,0,0,0,0,0,0,0,0,0,0,1,3,4,7,4,7
2021S051624580036,241,3034,0,0,2,6,0,0,0,0,0,0,0,0,0,0,0,0,5,17,5,17
2021S051624580037,486,6071,2,14,3,40,3,46,0,0,0,0,1,10,0,0,0,0,6,128,7,162
2021S051624580038,75,441,1,3,0,0,1,3,0,0,0,0,0,0,0,0,0,0,1,3,1,3
2021S051624580039,122,826,0,0,1,28,0,0,0,0,0,0,0,0,0,0,0,0,6,42,6,42
2021S051624580040,280,3727,2,60,5,85,5,85,1,21,1,21,0,0,0,0,0,0,10,130,10,130
2021S051624580044,157,1082,0,0,1,6,0,0,0,0,1,6,0,0,0,0,0,0,3,8,3,8
2021S051624580046,271,6590,0,0,2,22,0,0,0,0,1,13,0,0,0,0,0,0,3,76,3,76
2021S051624580047,150,2040,0,0,0,0,0,0,0,0,0,0,0,0,0,0,0,0,1,1,1,1
2021S051624580048,180,2773,1,6,1,6,0,0,0,0,1,2,0,0,0,0,0,0,1,2,2,8
2021S051624580050,208,2083,0,0,0,0,0,0,0,0,0,0,0,0,0,0,0,0,1,2,1,2
2021S051624580052,162,1592,0,0,1,3,1,3,0,0,1,3,0,0,0,0,0,0,1,1,2,4
2021S051624580055,574,13663,9,468,23,669,11,626,0,0,7,358,0,0,1,14,5,99,47,1359,50,1580
2021S051624580056,222,3018,1,3,4,14,4,14,1,2,1,2,0,0,0,0,0,0,7,28,7,28
2021S051624580057,936,25731,10,424,29,897,18,462,5,161,8,244,1,22,2,10,9,210,78,2192,80,2270
2021S051624580058,240,3530,0,0,1,2,1,2,0,0,0,0,0,0,0,0,0,0,1,2,1,2
2021S051624580059,203,2894,0,0,0,0,0,0,0,0,0,0,0,0,0,0,0,0,3,8,3,8
2021S051624580062,214,1952,0,0,1,2,0,0,0,0,1,2,0,0,0,0,0,0,2,3,2,3
2021S051624580063,401,6591,0,0,1,15,2,18,0,0,2,18,0,0,0,0,0,0,4,9,6,27
2021S051624580064,792,16494,7,167,10,229,6,86,0,0,4,14,2,14,2,39,4,88,34,449,34,449
2021S051624590001,222,4254,2,6,2,6,5,615,0,0,7,643,0,0,0,0,0,0,16,686,16,686
2021S051624590002,168,1883,3,10,5,18,3,10,0,0,0,0,0,0,1,14,2,21,25,115,25,115
2021S051624590003,31,185,0,0,1,3,1,3,0,0,1,3,0,0,0,0,0,0,5,8,6,11
2021S051624590004,279,4093,1,23,4,98,4,99,0,0,7,421,0,0,1,3,2,6,15,498,17,538
2021S051624590005,364,9388,3,57,11,277,8,199,2,41,9,264,0,0,0,0,0,0,31,705,34,817
2021S051624590006,126,838,0,0,1,5,0,0,0,0,0,0,0,0,0,0,0,0,4,8,4,8
2021S051624590007,151,1467,3,11,2,7,3,12,0,0,1,4,1,5,0,0,0,0,15,74,15,74
2021S051624590008,415,5783,1,60,7,76,6,56,2,9,1,2,0,0,0,0,0,0,13,114,14,148
2021S051624590009,201,2663,0,0,1,34,1,34,0,0,1,34,0,0,0,0,0,0,2,9,3,43
2021S051624590010,261,4909,7,125,11,419,10,339,2,14,3,29,1,21,0,0,4,186,27,609,29,769
2021S051624600003,124,836,0,0,2,10,1,7,0,0,2,11,0,0,0,0,1,3,12,32,13,39
2021S051624600004,131,901,1,1,1,2,1,2,0,0,0,0,0,0,0,0,0,0,20,118,20,118
2021S051624600005,106,1085,0,0,1,3,1,3,0,0,1,3,0,0,0,0,0,0,1,2,2,5
2021S051624600006,148,3139,1,65,1,65,2,71,0,0,0,0,0,0,1,6,1,6,7,81,7,81
2021S051624600011,165,1650,0,0,2,6,1,3,1,3,0,0,0,0,0,0,0,0,6,13,6,13
2021S051624600012,210,2093,0,0,0,0,0,0,0,0,0,0,0,0,0,0,1,7,1,7,1,7
2021S051624600013,310,6511,1,6,6,81,6,72,2,11,3,14,0,0,1,11,4,68,16,148,18,188
2021S051624600014,81,399,0,0,1,3,1,3,0,0,0,0,0,0,0,0,0,0,3,10,3,10
2021S051624600015,308,5480,1,91,11,506,10,601,2,327,2,327,1,91,1,33,5,208,31,751,32,758
2021S051624600016,248,3593,0,0,1,4,1,4,0,0,0,0,0,0,0,0,0,0,3,17,3,17
2021S051624600017,116,1211,0,0,1,9,2,23,1,9,2,23,0,0,0,0,0,0,2,23,2,23
2021S051624600018,101,1652,0,0,1,15,1,15,0,0,1,15,0,0,0,0,0,0,0,0,1,15
2021S051624600019,279,3535,0,0,1,3,1,51,0,0,1,51,0,0,0,0,0,0,7,67,7,67
2021S051624600020,170,1070,0,0,2,7,2,7,2,7,2,7,0,0,1,33,1,33,10,50,10,50
2021S051624600021,369,4966,5,13,9,135,9,139,0,0,1,7,0,0,3,63,7,182,40,401,41,408
2021S051624600022,97,899,0,0,0,0,0,0,0,0,0,0,0,0,0,0,0,0,3,8,3,8
2021S051624600023,101,1380,0,0,0,0,1,3,0,0,0,0,0,0,1,3,1,3,1,3,1,3
2021S051624600024,208,1491,0,0,2,4,3,6,0,0,0,0,0,0,0,0,1,3,5,10,5,10
2021S051624610001,331,2720,0,0,5,12,5,38,2,4,3,6,0,0,4,53,6,95,52,244,52,244
2021S051624610002,135,2312,1,8,2,11,6,116,0,0,1,7,0,0,1,3,2,6,22,179,24,189
2021S051624610003,238,2957,0,0,3,27,3,26,1,21,1,21,1,2,1,3,2,6,10,54,10,54
2021S051624610004,370,5502,1,3,3,9,3,9,0,0,1,3,0,0,0,0,1,35,6,70,8,76
2021S051624610005,530,9838,5,540,6,21,4,20,0,0,1,14,1,35,1,11,1,11,19,865,19,865
2021S051624610006,98,1485,0,0,0,0,1,15,0,0,1,15,0,0,0,0,0,0,7,547,8,562
2021S051624610008,152,1631,0,0,2,24,4,10,0,0,0,0,0,0,2,6,2,6,19,79,19,79
2021S051624610009,438,11070,3,112,5,139,9,191,1,10,1,7,0,0,3,21,4,28,25,370,26,377
2021S051624620001,388,4316,0,0,4,12,4,10,0,0,1,3,0,0,3,171,8,185,26,276,27,279
2021S051624620002,11,588,0,0,0,0,0,0,0,0,0,0,0,0,0,0,0,0,0,0,0,0
2021S051624620003,253,2430,0,0,1,2,0,0,0,0,0,0,0,0,1,3,1,3,8,67,8,67
2021S051624620004,221,2204,0,0,0,0,1,3,0,0,0,0,0,0,2,6,4,16,19,67,19,67
2021S051624620005,263,3290,4,31,5,56,7,124,0,0,1,35,1,2,0,0,2,10,47,226,49,276
2021S051624620006,214,1754,0,0,1,3,1,3,0,0,0,0,0,0,2,71,5,80,13,95,13,95
2021S051624620007,354,4388,0,0,4,40,2,36,1,21,1,21,0,0,1,7,3,13,34,118,35,133
2021S051624630001,282,2939,3,109,4,245,3,66,0,0,1,6,1,10,1,7,2,10,58,404,58,404
2021S051624630002,277,2660,0,0,3,32,3,16,0,0,2,10,0,0,1,6,2,21,18,83,20,93
2021S051624630004,121,1105,1,3,0,0,0,0,0,0,0,0,0,0,0,0,1,150,2,153,2,153
2021S051624630005,216,3089,2,22,3,12,3,12,0,0,0,0,0,0,1,26,1,26,64,303,64,303
2021S051624630006,273,3602,0,0,9,96,8,79,1,5,8,67,0,0,3,62,7,130,47,392,52,449
2021S051624632001,580,6096,1,2,5,31,7,151,2,19,2,19,0,0,3,123,6,166,36,351,36,351
2021S051624640001,245,2902,1,2,3,14,2,5,0,0,1,3,0,0,2,17,4,23,13,50,14,53
2021S051624640002,219,2104,1,5,4,104,3,99,1,2,2,74,0,0,0,0,1,3,12,82,13,154
2021S051624640004,231,1221,0,0,2,5,2,5,1,2,2,5,0,0,2,29,2,29,10,43,11,46
2021S051624640006,97,619,0,0,0,0,0,0,0,0,0,0,0,0,0,0,0,0,1,3,1,3
2021S051624640007,344,6604,2,6,8,56,7,53,0,0,1,7,1,5,0,0,1,7,17,164,19,178
2021S051624640008,223,1693,0,0,1,3,1,3,0,0,0,0,0,0,0,0,1,3,3,5,3,5
2021S051624640010,170,1153,0,0,0,0,0,0,0,0,0,0,0,0,0,0,0,0,6,44,6,44
2021S051624640011,524,9688,6,85,21,404,22,496,1,21,8,148,2,43,3,221,10,483,54,931,61,1153
2021S051624640012,316,5379,5,63,10,157,7,174,2,19,4,52,2,31,2,96,5,137,34,530,35,539
2021S051624640013,204,1908,1,2,0,0,0,0,0,0,0,0,0,0,0,0,0,0,4,13,4,13
2021S051624640014,165,1731,1,3,2,4,1,3,0,0,0,0,0,0,0,0,0,0,3,9,3,9
2021S051624640015,399,6077,0,0,1,5,1,5,1,5,2,7,0,0,1,14,3,152,9,190,9,190
2021S051624640016,150,1580,0,0,0,0,0,0,0,0,0,0,0,0,0,0,0,0,3,8,3,8
2021S051624640019,283,5793,0,0,2,7,1,5,0,0,0,0,0,0,0,0,1,7,5,16,5,16
2021S051624640020,172,1823,0,0,0,0,0,0,0,0,0,0,0,0,0,0,0,0,2,27,2,27
2021S051624640021,435,7891,6,167,16,603,22,1104,1,44,9,697,1,5,3,57,3,57,42,652,50,1463
2021S051624640022,250,2264,2,61,8,51,6,45,2,4,4,40,1,58,1,70,2,77,14,193,15,227
2021S051624640023,354,3987,0,0,3,9,2,6,0,0,1,3,0,0,0,0,0,0,6,14,7,17
2021S051624650001,235,2482,2,38,5,23,3,16,1,2,2,4,1,35,0,0,1,6,17,192,17,192
2021S051624650002,84,851,1,3,1,3,1,3,0,0,0,0,0,0,0,0,0,0,2,6,2,6
2021S051624650003,146,1676,0,0,1,3,0,0,0,0,0,0,0,0,0,0,0,0,7,30,7,30
2021S051624650004,212,4443,1,26,5,95,3,66,0,0,1,34,0,0,0,0,0,0,6,75,7,109
2021S051624650005,339,5710,1,7,2,88,3,17,0,0,2,14,1,7,3,12,5,50,25,232,26,239
2021S051624650006,297,3267,0,0,5,21,1,7,0,0,0,0,0,0,0,0,1,7,6,28,6,28
2021S051624650007,254,8087,5,157,13,396,12,223,1,9,4,26,1,5,0,0,3,45,35,1134,38,1151
2021S051624650008,114,964,0,0,0,0,0,0,0,0,0,0,0,0,0,0,0,0,2,13,2,13
2021S051624650009,169,1159,1,1,0,0,1,3,0,0,1,3,0,0,0,0,0,0,4,7,4,7
2021S051624650010,120,832,0,0,1,3,0,0,0,0,0,0,0,0,0,0,0,0,2,4,2,4
2021S051624650011,118,858,0,0,0,0,0,0,0,0,0,0,0,0,0,0,0,0,3,10,3,10
2021S051624650012,135,1244,0,0,1,2,1,2,0,0,0,0,0,0,0,0,0,0,2,6,2,6
2021S051624650013,173,4177,1,6,1,2,1,2,0,0,0,0,1,6,1,11,2,14,11,94,11,94
2021S051624650014,317,7111,5,250,13,956,7,540,1,2,2,36,0,0,0,0,0,0,26,731,28,1104
2021S051624650015,158,1234,0,0,1,2,1,2,1,2,1,2,0,0,0,0,0,0,3,4,3,4
2021S051624650016,164,2184,0,0,0,0,0,0,0,0,0,0,0,0,0,0,0,0,3,20,3,20
2021S051624650017,219,1876,0,0,0,0,0,0,0,0,2,5,0,0,0,0,0,0,2,5,2,5
2021S051624650018,215,1972,0,0,1,2,0,0,0,0,1,19,0,0,0,0,1,3,5,30,5,30
2021S051624650019,89,691,0,0,0,0,0,0,0,0,1,3,0,0,0,0,0,0,2,6,2,6
2021S051624650020,1394,37098,15,544,55,2606,36,1669,4,90,17,1521,4,307,3,11,17,357,129,3644,140,4793
2021S051624650021,145,2459,0,0,0,0,0,0,0,0,0,0,0,0,0,0,0,0,2,111,2,111
2021S051624650022,214,2061,0,0,2,8,1,2,1,2,1,2,0,0,0,0,1,3,3,11,3,11
2021S051624650023,292,4394,1,9,1,34,2,40,0,0,1,34,0,0,1,6,1,6,3,16,4,50
2021S051624650024,168,2676,1,20,5,245,1,2,0,0,1,122,0,0,0,0,0,0,7,266,7,266
2021S051624650025,203,2106,0,0,4,70,3,48,0,0,0,0,0,0,2,13,2,13,13,90,14,124
2021S051624650026,187,2261,1,6,1,6,1,6,0,0,0,0,0,0,0,0,0,0,1,6,1,6
2021S051624650027,81,595,1,1,0,0,0,0,0,0,0,0,0,0,0,0,0,0,1,1,1,1
2021S051624650028,88,696,0,0,0,0,0,0,0,0,0,0,0,0,0,0,0,0,1,2,1,2
2021S051624650029,103,1144,0,0,1,1,0,0,0,0,0,0,0,0,0,0,0,0,2,2,2,2
2021S051624650030,1071,25397,4,50,7,199,4,18,1,2,1,2,0,0,1,11,2,18,26,377,26,377
2021S051624650031,276,3303,2,4,2,4,1,2,0,0,0,0,0,0,0,0,0,0,4,13,4,13
2021S051624650032,53,566,0,0,0,0,0,0,0,0,0,0,0,0,0,0,0,0,1,3,1,3
2021S051624650033,347,10961,1,12,2,14,2,14,1,2,3,28,0,0,0,0,0,0,10,258,10,258
2021S051624650034,99,2264,0,0,0,0,0,0,0,0,0,0,0,0,0,0,0,0,0,0,0,0
2021S051624650035,556,10643,2,35,7,181,8,183,1,21,3,59,0,0,0,0,1,3,24,376,26,484
2021S051624650036,161,2496,1,3,1,3,1,3,0,0,0,0,0,0,0,0,2,38,4,43,4,43
2021S051624650037,159,2677,0,0,1,3,0,0,0,0,1,2,0,0,0,0,1,7,4,15,4,15
2021S051624650038,151,996,1,2,1,4,0,0,0,0,0,0,0,0,0,0,0,0,6,13,6,13
2021S051624650039,164,5216,0,0,3,9,0,0,0,0,0,0,0,0,0,0,2,10,6,38,6,38
2021S051624650040,154,1142,0,0,1,5,1,5,0,0,0,0,0,0,0,0,0,0,2,6,2,6
2021S051624650041,128,948,0,0,1,3,1,3,0,0,0,0,0,0,0,0,0,0,3,9,3,9
2021S051624650042,155,2085,0,0,2,10,1,9,1,9,1,9,0,0,0,0,1,3,6,35,6,35
2021S051624650043,223,3468,2,215,0,0,2,215,0,0,2,5,1,212,1,3,1,3,8,234,8,234
2021S051624650044,200,1575,1,4,2,11,1,7,0,0,0,0,0,0,0,0,0,0,1,4,2,11
2021S051624650045,221,2069,0,0,2,5,0,0,0,0,3,36,0,0,0,0,0,0,6,46,6,46
2021S051624650046,232,1941,0,0,1,2,1,2,0,0,1,3,0,0,0,0,0,0,5,9,5,9
2021S051624650047,242,1953,0,0,0,0,1,71,0,0,0,0,0,0,0,0,0,0,7,111,7,111
2021S051624650048,215,1772,0,0,1,3,0,0,0,0,2,9,0,0,0,0,0,0,3,11,3,11
2021S051624650049,182,2140,0,0,1,2,0,0,0,0,0,0,0,0,1,3,1,3,6,46,6,46
2021S051624650050,162,1456,0,0,0,0,0,0,0,0,1,2,0,0,0,0,0,0,2,5,2,5
2021S051624650051,253,2563,1,2,4,28,2,24,0,0,2,9,0,0,0,0,1,15,7,45,8,52
2021S051624650052,391,4345,0,0,0,0,0,0,0,0,1,4,0,0,0,0,0,0,5,10,5,10
2021S051624660001,89,699,0,0,2,70,1,3,0,0,1,3,0,0,0,0,1,3,2,70,3,73
2021S051624660002,113,2365,0,0,0,0,0,0,0,0,0,0,0,0,0,0,1,3,2,6,2,6
2021S051624660003,368,9016,3,128,11,276,13,254,3,64,8,161,1,5,2,14,4,27,34,735,37,790
2021S051624660004,85,1620,0,0,0,0,0,0,0,0,1,3,0,0,0,0,0,0,1,3,1,3
2021S051624660005,74,1140,0,0,1,7,1,7,0,0,1,7,0,0,0,0,0,0,0,0,1,7
2021S051624660006,138,3004,1,5,1,24,3,44,1,5,0,0,0,0,0,0,3,167,9,456,9,456
2021S051624660007,118,1695,0,0,0,0,0,0,0,0,0,0,0,0,0,0,0,0,2,3,2,3
2021S051624660008,210,4987,5,142,14,651,12,500,3,20,6,148,0,0,0,0,5,494,27,1103,33,1224
2021S051624660009,102,1610,0,0,2,19,2,19,0,0,0,0,0,0,0,0,0,0,2,19,2,19
2021S051624660010,234,9084,1,4,5,513,9,436,1,75,12,629,0,0,0,0,0,0,28,1240,32,1348
2021S051624660011,84,823,0,0,0,0,0,0,0,0,0,0,0,0,0,0,0,0,0,0,0,0
2021S051624660012,152,2150,1,22,3,83,5,120,0,0,3,16,1,22,1,11,2,43,11,355,14,442
2021S051624660013,71,680,0,0,0,0,1,3,0,0,0,0,0,0,0,0,0,0,2,4,2,4
2021S051624660014,78,782,0,0,0,0,0,0,0,0,0,0,0,0,0,0,0,0,1,2,1,2
2021S051624660015,688,25695,18,721,37,1679,24,868,5,176,6,195,3,109,4,98,16,462,103,3240,107,3345
2021S051624660016,160,3221,1,2,7,61,6,63,1,5,5,29,0,0,0,0,1,7,11,89,16,147
2021S051624660017,109,1293,0,0,0,0,0,0,0,0,0,0,0,0,0,0,0,0,0,0,0,0
2021S051624660018,192,3795,5,30,11,350,9,400,1,9,7,112,0,0,0,0,3,222,27,447,29,529
2021S051624660019,100,964,0,0,1,3,0,0,0,0,0,0,0,0,0,0,0,0,1,3,1,3
2021S051624660020,146,2166,0,0,1,15,1,15,0,0,0,0,0,0,0,0,0,0,3,7,4,22
2021S051624660021,149,1813,0,0,3,42,2,39,1,5,3,42,0,0,0,0,0,0,3,9,4,43
2021S051624660023,77,1643,2,79,2,67,1,65,0,0,0,0,0,0,0,0,2,138,5,219,5,219
2021S051624660024,135,1835,0,0,1,3,0,0,0,0,0,0,0,0,0,0,0,0,3,8,3,8
2021S051624660025,72,1983,0,0,0,0,0,0,0,0,0,0,0,0,0,0,0,0,1,2,1,2
2021S051624660026,103,1219,0,0,1,4,1,4,0,0,0,0,0,0,0,0,0,0,1,4,1,4
2021S051624660027,47,1036,0,0,2,63,2,63,1,9,1,9,0,0,0,0,1,32,5,134,5,134
2021S051624660028,44,464,0,0,0,0,0,0,0,0,0,0,0,0,0,0,0,0,0,0,0,0
2021S051624660029,280,4918,6,172,14,278,7,105,1,2,3,102,1,1,0,0,5,49,34,621,38,728
2021S051624660030,75,784,0,0,0,0,0,0,0,0,0,0,0,0,0,0,0,0,0,0,0,0
2021S051624660031,68,902,0,0,0,0,0,0,0,0,0,0,0,0,0,0,0,0,0,0,0,0
2021S051624660032,351,9623,0,0,0,0,0,0,0,0,0,0,0,0,0,0,0,0,2,4,2,4
2021S051624660033,292,5130,1,5,8,160,7,138,2,22,5,113,0,0,0,0,5,149,23,442,25,510
2021S051624660034,237,3704,2,9,17,213,14,146,3,18,8,75,0,0,1,7,2,10,23,311,30,412
2021S051624660035,205,2745,0,0,0,0,0,0,0,0,1,2,0,0,0,0,0,0,1,2,1,2
2021S051624660036,408,8944,3,34,11,191,11,189,0,0,8,100,0,0,0,0,1,3,29,386,35,481
2021S051624660037,101,2494,0,0,1,2,1,2,1,2,1,2,0,0,0,0,0,0,3,6,3,6
2021S051624660038,90,861,0,0,0,0,0,0,0,0,0,0,0,0,0,0,0,0,2,7,2,7
2021S051624660039,232,7414,2,332,8,424,3,13,0,0,1,7,0,0,0,0,2,41,27,537,28,809
2021S051624660040,152,1295,0,0,0,0,0,0,0,0,0,0,0,0,0,0,0,0,1,3,1,3
2021S051624660041,206,3215,0,0,0,0,0,0,0,0,0,0,0,0,0,0,0,0,2,12,2,12
2021S051624660042,83,681,0,0,0,0,0,0,0,0,0,0,0,0,0,0,0,0,1,2,1,2
2021S051624660043,162,1466,0,0,2,4,0,0,0,0,1,12,0,0,0,0,1,15,10,97,10,97
2021S051624660044,214,2823,1,3,1,3,0,0,0,0,0,0,0,0,0,0,0,0,2,5,2,5
2021S051624660045,73,1066,0,0,1,3,0,0,0,0,0,0,0,0,0,0,0,0,1,3,1,3
2021S051624660046,79,1613,0,0,0,0,0,0,0,0,0,0,0,0,0,0,0,0,1,6,1,6
2021S051624660047,189,3080,1,17,4,67,2,38,0,0,1,8,0,0,1,3,4,16,25,281,25,281
2021S051624660048,255,2347,1,6,9,197,7,263,0,0,2,22,0,0,0,0,4,60,19,390,20,405
2021S051624660049,266,7171,0,0,1,280,0,0,0,0,0,0,0,0,0,0,0,0,5,707,5,707
2021S051624660050,117,2032,0,0,2,9,0,0,0,0,0,0,0,0,0,0,0,0,5,19,5,19
2021S051624660051,177,1816,0,0,1,3,0,0,0,0,0,0,0,0,0,0,1,6,6,24,6,24
2021S051624660052,162,4513,0,0,0,0,0,0,0,0,0,0,0,0,0,0,0,0,0,0,0,0
2021S051624660053,178,2614,0,0,0,0,0,0,0,0,0,0,0,0,0,0,0,0,2,12,2,12
2021S051624660054,135,2322,0,0,1,3,0,0,0,0,0,0,0,0,0,0,0,0,3,7,3,7
2021S051624660055,207,2348,1,3,1,2,1,2,0,0,0,0,1,3,0,0,0,0,3,16,3,16
2021S051624660056,194,2291,1,12,11,158,7,85,1,38,5,47,0,0,0,0,1,13,14,145,19,211
2021S051624660057,44,499,0,0,0,0,0,0,0,0,0,0,0,0,0,0,0,0,1,6,1,6
2021S051624660058,144,2300,1,27,2,99,2,99,0,0,2,74,0,0,0,0,0,0,6,79,7,151
2021S051624660059,204,6875,0,0,1,2,1,2,0,0,0,0,0,0,0,0,0,0,13,672,13,672
2021S051624660061,136,1655,0,0,0,0,0,0,0,0,0,0,0,0,0,0,1,3,2,29,2,29
2021S051624660062,102,1452,0,0,1,20,0,0,0,0,0,0,0,0,0,0,0,0,2,23,2,23
2021S051624660063,74,578,0,0,0,0,0,0,0,0,0,0,0,0,0,0,0,0,0,0,0,0
2021S051624660064,227,3238,2,48,3,35,4,54,0,0,1,6,1,22,2,6,2,6,14,116,14,116
2021S051624660065,133,847,0,0,0,0,0,0,0,0,0,0,0,0,0,0,0,0,1,1,1,1
2021S051624660066,170,3010,0,0,1,2,1,2,0,0,1,3,0,0,0,0,0,0,4,8,4,8
2021S051624660067,170,2961,0,0,1,3,1,6,0,0,0,0,0,0,1,6,2,9,4,15,4,15
2021S051624660068,152,3197,2,5,4,50,5,56,0,0,1,34,2,8,0,0,0,0,9,92,11,133
2021S051624660069,74,386,1,2,1,2,0,0,0,0,0,0,0,0,0,0,0,0,3,5,3,5
2021S051624660070,150,1310,1,3,0,0,0,0,0,0,1,7,0,0,0,0,0,0,2,10,2,10
2021S051624660071,153,2584,0,0,0,0,0,0,0,0,0,0,0,0,0,0,0,0,7,24,7,24
2021S051624660072,135,2590,0,0,1,4,0,0,0,0,0,0,0,0,0,0,0,0,2,58,2,58
2021S051624660073,119,1863,0,0,0,0,0,0,0,0,0,0,0,0,0,0,0,0,1,1,1,1
2021S051624660074,259,4472,1,27,4,59,3,47,0,0,0,0,0,0,0,0,0,0,11,90,11,90
2021S051624660075,160,1516,0,0,0,0,0,0,0,0,0,0,0,0,0,0,0,0,2,2,2,2
2021S051624660076,172,2789,0,0,1,6,0,0,0,0,0,0,0,0,0,0,0,0,6,178,6,178
2021S051624660077,232,6330,0,0,3,24,2,4,0,0,1,7,0,0,0,0,0,0,8,55,8,55
2021S051624660078,229,3603,1,2,2,4,1,2,0,0,1,2,0,0,0,0,0,0,4,7,4,7
2021S051624660079,156,1367,0,0,0,0,0,0,0,0,0,0,0,0,0,0,0,0,4,13,4,13
2021S051624660080,120,1052,1,2,2,19,1,17,0,0,0,0,0,0,0,0,0,0,3,45,3,45
2021S051624660081,192,3070,0,0,1,120,0,0,0,0,0,0,0,0,0,0,0,0,3,126,3,126
2021S051624660082,180,1308,0,0,0,0,0,0,0,0,0,0,0,0,0,0,0,0,3,8,3,8
2021S051624660083,75,2172,1,3,2,10,1,7,0,0,0,0,0,0,0,0,0,0,2,10,2,10
2021S051624660084,56,575,0,0,0,0,0,0,0,0,0,0,0,0,0,0,0,0,0,0,0,0
2021S051624660085,98,938,0,0,0,0,0,0,0,0,0,0,0,0,0,0,0,0,0,0,0,0
2021S051624660086,343,4303,2,15,16,178,8,55,1,2,1,2,0,0,1,7,6,51,42,347,42,347
2021S051624660087,87,1087,0,0,1,4,1,4,0,0,0,0,0,0,0,0,0,0,3,45,3,45
2021S051624660088,395,11297,1,2,3,13,1,7,0,0,0,0,0,0,0,0,0,0,8,30,8,30
2021S051624660089,96,3400,0,0,1,4,1,4,0,0,0,0,0,0,0,0,0,0,2,6,2,6
2021S051624660090,228,2677,0,0,0,0,0,0,0,0,0,0,0,0,0,0,0,0,1,15,1,15
2021S051624660091,294,6322,1,12,3,17,4,28,0,0,0,0,0,0,1,11,1,11,10,45,10,45
2021S051624660092,156,2005,1,17,1,17,0,0,0,0,0,0,0,0,0,0,0,0,3,21,3,21
2021S051624660093,216,3201,0,0,5,47,3,44,0,0,1,3,0,0,1,6,2,9,9,78,10,112
2021S051624660094,236,3057,2,7,3,20,1,3,0,0,0,0,0,0,0,0,0,0,6,34,6,34
2021S051624660095,390,4040,0,0,2,10,1,5,1,5,1,5,0,0,1,3,1,3,9,54,9,54
2021S051624660096,198,2778,0,0,2,5,1,2,0,0,0,0,0,0,0,0,1,3,7,33,7,33
2021S051624660097,324,5115,2,15,4,17,2,5,0,0,0,0,1,12,0,0,0,0,13,76,13,76
2021S051624660098,360,4699,0,0,0,0,0,0,0,0,0,0,0,0,0,0,0,0,9,29,9,29
2021S051624660099,221,1859,1,3,3,9,3,9,0,0,0,0,0,0,0,0,0,0,9,26,9,26
2021S051624660100,234,2061,0,0,1,7,1,7,0,0,1,7,0,0,1,14,2,17,4,24,5,31
2021S051624660101,248,2666,2,3,1,2,0,0,0,0,0,0,0,0,0,0,1,6,4,10,4,10
2021S051624660102,305,5590,2,103,3,105,1,2,0,0,1,31,0,0,0,0,0,0,11,419,11,419
2021S051624660103,255,2245,0,0,3,26,1,4,0,0,1,2,0,0,0,0,0,0,8,38,8,38
2021S051624660104,362,4264,1,1,0,0,0,0,0,0,0,0,0,0,0,0,0,0,8,25,8,25
2021S051624660105,210,2308,0,0,0,0,1,3,0,0,0,0,0,0,1,3,1,3,6,12,6,12
2021S051624660106,341,6669,0,0,1,2,1,2,0,0,0,0,0,0,0,0,1,35,7,86,7,86
2021S051624660107,254,7696,0,0,0,0,0,0,0,0,0,0,0,0,0,0,0,0,4,124,4,124
2021S051624660108,917,16585,5,135,17,311,7,279,0,0,6,91,0,0,0,0,2,10,102,1273,102,1273
2021S051624660109,443,9220,5,65,13,161,10,79,0,0,4,26,0,0,1,14,1,14,31,435,34,459
2021S051624660110,419,9873,3,122,5,139,2,118,0,0,0,0,0,0,0,0,0,0,24,530,24,530
2021S051624660111,413,6858,0,0,2,16,0,0,0,0,1,7,0,0,0,0,0,0,8,70,8,70
2021S051624660112,358,3777,1,1,1,3,0,0,0,0,0,0,1,1,0,0,0,0,8,24,8,24
2021S051624660113,128,2318,0,0,1,6,1,15,0,0,1,15,0,0,0,0,0,0,4,228,5,243
2021S051624660114,662,15367,2,27,8,51,4,18,0,0,3,9,0,0,0,0,2,6,37,343,37,343
2021S051624660115,295,7196,1,2,1,2,1,2,0,0,0,0,0,0,0,0,0,0,6,25,6,25
2021S051624660116,403,6613,0,0,1,9,0,0,0,0,0,0,0,0,0,0,0,0,6,50,6,50
2021S051624660117,604,10056,1,1,2,8,0,0,0,0,0,0,0,0,0,0,2,39,13,84,13,84
2021S051624660118,435,5794,2,2,1,3,1,15,0,0,0,0,0,0,0,0,0,0,11,42,11,42
2021S051624660119,4738,173642,10,103,21,221,9,92,0,0,31,208,1,2,3,104,3,104,99,1245,101,1280
2021S051624660120,218,1110,1,2,3,7,2,4,0,0,0,0,0,0,0,0,0,0,5,20,5,20
2021S051624660121,606,12423,0,0,5,51,2,35,0,0,0,0,0,0,1,26,1,26,35,410,35,410
2021S051624660122,246,3925,1,58,3,63,2,60,0,0,2,7,0,0,0,0,0,0,12,115,12,115
2021S051624660123,158,942,0,0,1,4,1,4,0,0,0,0,0,0,0,0,0,0,5,16,5,16
2021S051624660124,277,7984,0,0,2,11,2,11,0,0,0,0,0,0,0,0,0,0,2,11,2,11
2021S051624660125,145,1736,0,0,1,6,0,0,0,0,0,0,0,0,0,0,0,0,4,49,4,49
2021S051624660126,176,1626,1,2,1,2,0,0,0,0,0,0,0,0,0,0,0,0,2,3,2,3
2021S051624660127,180,1455,1,2,1,2,0,0,0,0,0,0,0,0,0,0,0,0,6,18,6,18
2021S051624660128,329,3097,0,0,1,3,0,0,0,0,0,0,0,0,0,0,0,0,3,18,3,18
2021S051624660129,285,8574,0,0,0,0,0,0,0,0,0,0,0,0,0,0,0,0,0,0,0,0
2021S051624660130,278,2315,0,0,0,0,0,0,0,0,2,7,0,0,0,0,1,3,4,12,4,12
2021S051624660131,1034,18458,6,137,16,220,8,99,0,0,4,38,0,0,0,0,0,0,46,1064,48,1068
2021S051624660132,516,6199,0,0,1,2,1,2,0,0,1,3,0,0,0,0,0,0,5,16,5,16
2021S051624660133,299,2002,0,0,3,5,1,2,0,0,0,0,0,0,0,0,0,0,5,8,5,8
2021S051624660135,136,2433,0,0,0,0,0,0,0,0,0,0,0,0,0,0,0,0,0,0,0,0
2021S051624660136,394,12948,7,324,13,671,7,329,0,0,7,271,0,0,1,54,1,54,37,1420,38,1454
2021S051624660138,61,618,0,0,0,0,0,0,0,0,0,0,0,0,0,0,0,0,1,2,1,2
2021S051624660139,372,10623,1,58,6,117,4,105,0,0,2,17,0,0,0,0,1,32,15,374,16,389
2021S051624660140,227,1998,1,7,2,18,2,17,0,0,0,0,0,0,1,6,1,6,4,27,4,27
2021S051624660141,100,780,0,0,0,0,0,0,0,0,0,0,0,0,0,0,0,0,0,0,0,0
2021S051624660142,118,1066,0,0,0,0,0,0,0,0,0,0,0,0,0,0,0,0,2,9,2,9
2021S051624660143,591,19157,2,5,5,50,3,35,0,0,1,13,0,0,0,0,1,3,11,110,11,110
2021S051624660144,56,993,0,0,0,0,0,0,0,0,1,4,0,0,0,0,1,3,2,7,2,7
2021S051624660145,250,1729,0,0,1,9,0,0,0,0,0,0,0,0,0,0,0,0,1,9,1,9
2021S051624660146,200,5033,0,0,0,0,0,0,0,0,0,0,0,0,0,0,0,0,2,4,2,4
2021S051624660147,64,544,0,0,0,0,0,0,0,0,0,0,0,0,0,0,0,0,1,6,1,6
2021S051624660148,166,1715,0,0,0,0,0,0,0,0,0,0,0,0,0,0,0,0,1,2,1,2
2021S051624660149,1518,47724,3,17,11,109,5,82,0,0,7,108,0,0,0,0,0,0,25,334,27,352
2021S051624660150,119,1508,0,0,1,2,1,2,0,0,0,0,0,0,0,0,0,0,2,5,2,5
2021S051624660151,101,2702,0,0,1,9,0,0,0,0,0,0,0,0,0,0,0,0,2,344,2,344
2021S051624660152,33,327,0,0,0,0,0,0,0,0,0,0,0,0,0,0,0,0,0,0,0,0
2021S051624660153,118,1657,0,0,0,0,0,0,0,0,0,0,0,0,0,0,0,0,0,0,0,0
2021S051624660154,142,2325,1,5,1,5,4,46,0,0,1,35,1,5,1,3,2,146,9,182,10,217
2021S051624660155,315,6262,0,0,0,0,0,0,0,0,1,20,0,0,0,0,0,0,2,25,2,25
2021S051624660157,314,7035,1,5,1,5,0,0,0,0,0,0,0,0,0,0,0,0,4,342,4,342
2021S051624660158,612,13806,6,108,10,193,6,100,1,2,1,2,0,0,0,0,1,3,25,324,25,324
2021S051624660159,162,2539,0,0,2,20,1,17,0,0,0,0,0,0,0,0,1,3,12,108,12,108
2021S051624660160,188,2732,0,0,0,0,0,0,0,0,0,0,0,0,0,0,0,0,1,3,1,3
2021S051624660161,758,10045,1,2,2,8,1,2,0,0,2,16,0,0,0,0,0,0,12,49,12,49
2021S051624660162,77,874,0,0,1,2,1,2,0,0,0,0,0,0,0,0,0,0,1,2,1,2
2021S051624660163,239,4754,2,24,2,49,1,22,0,0,2,180,1,22,0,0,1,13,15,466,15,466
2021S051624660164,243,3980,0,0,0,0,0,0,0,0,0,0,0,0,0,0,0,0,3,11,3,11
2021S051624660165,597,12132,3,313,3,313,0,0,0,0,6,19,0,0,0,0,3,25,27,835,27,835
2021S051624660166,144,4221,0,0,0,0,0,0,0,0,0,0,0,0,0,0,0,0,0,0,0,0
2021S051624660168,461,7738,0,0,1,1,0,0,0,0,0,0,0,0,0,0,0,0,7,37,7,37
2021S051624660170,380,2742,0,0,0,0,1,2,0,0,0,0,1,2,0,0,1,75,5,81,5,81
2021S051624660171,447,7570,4,13,6,21,2,10,0,0,2,5,0,0,0,0,1,3,21,109,21,109
2021S051624660172,314,4835,1,6,4,16,1,6,0,0,1,2,0,0,0,0,0,0,8,312,8,312
2021S051624660173,265,2617,0,0,1,3,1,3,0,0,0,0,0,0,0,0,0,0,6,13,6,13
2021S051624660174,191,3914,0,0,0,0,0,0,0,0,0,0,0,0,0,0,0,0,1,1,1,1
2021S051624660175,336,6164,0,0,14,160,6,64,2,43,5,35,0,0,0,0,1,3,23,278,26,302
2021S051624660176,94,794,0,0,0,0,0,0,0,0,0,0,0,0,0,0,0,0,0,0,0,0
2021S051624660177,175,3086,2,3,1,2,1,2,0,0,1,4,0,0,0,0,0,0,3,7,3,7
2021S051624660178,147,2378,0,0,1,3,0,0,0,0,0,0,0,0,0,0,0,0,2,4,2,4
2021S051624660179,306,4568,0,0,3,6,3,6,0,0,0,0,0,0,0,0,0,0,5,8,5,8
2021S051624660180,382,2116,0,0,0,0,0,0,0,0,0,0,0,0,0,0,0,0,1,2,1,2
2021S051624660181,265,3099,2,28,8,187,4,153,2,7,4,153,0,0,0,0,1,3,10,51,12,197
2021S051624660182,268,7200,1,2,1,2,0,0,0,0,0,0,0,0,0,0,0,0,6,287,6,287
2021S051624660183,19,117,0,0,0,0,0,0,0,0,0,0,0,0,0,0,0,0,0,0,0,0
2021S051624660184,132,2137,0,0,3,39,2,36,1,2,2,36,0,0,0,0,0,0,4,11,5,45
2021S051624660185,567,13153,3,434,16,749,11,565,1,21,7,101,0,0,1,6,2,9,35,1078,38,1129
2021S051624660186,221,2014,0,0,2,6,2,6,0,0,0,0,0,0,0,0,1,3,4,11,4,11
2021S051624660187,125,1042,0,0,0,0,0,0,0,0,1,3,0,0,0,0,0,0,4,17,4,17
2021S051624660189,193,1187,0,0,1,3,1,3,0,0,0,0,0,0,1,3,1,3,4,18,4,18
2021S051624660190,214,2401,1,2,1,2,0,0,0,0,0,0,0,0,0,0,0,0,5,20,5,20
2021S051624660191,217,2469,1,2,1,2,0,0,0,0,0,0,0,0,0,0,0,0,4,39,4,39
2021S051624660192,245,2423,0,0,2,5,1,2,0,0,0,0,0,0,0,0,0,0,4,9,4,9
2021S051624660193,156,1715,1,2,1,2,1,2,0,0,0,0,0,0,0,0,0,0,2,6,2,6
2021S051624660194,237,2071,0,0,1,2,1,2,0,0,0,0,0,0,0,0,0,0,3,11,3,11
2021S051624660195,95,1375,0,0,0,0,0,0,0,0,0,0,0,0,0,0,0,0,0,0,0,0
2021S051624660196,127,1726,0,0,0,0,0,0,0,0,0,0,0,0,0,0,0,0,1,5,1,5
2021S051624660197,141,1427,0,0,0,0,0,0,0,0,0,0,0,0,0,0,0,0,1,2,1,2
2021S051624660198,173,4247,3,10,5,92,4,336,0,0,3,302,0,0,0,0,1,34,19,623,20,638
2021S051624660199,226,2662,1,3,1,3,1,3,0,0,0,0,0,0,0,0,0,0,6,22,6,22
2021S051624660200,88,528,0,0,0,0,0,0,0,0,0,0,0,0,0,0,0,0,1,3,1,3
2021S051624660201,186,2147,0,0,0,0,0,0,0,0,0,0,0,0,0,0,0,0,1,1,1,1
2021S051624660202,189,2015,1,2,3,5,1,3,0,0,0,0,0,0,0,0,0,0,7,12,7,12
2021S051624660203,172,3432,0,0,2,5,1,2,0,0,0,0,0,0,0,0,0,0,3,7,3,7
2021S051624660204,235,3212,1,35,3,41,0,0,0,0,0,0,0,0,0,0,0,0,10,94,10,94
2021S051624660205,97,1382,0,0,0,0,0,0,0,0,0,0,0,0,0,0,0,0,1,6,1,6
2021S051624660206,248,2207,2,6,4,11,3,8,0,0,0,0,0,0,0,0,0,0,5,14,5,14
2021S051624660207,787,29507,12,404,38,2662,21,948,3,333,7,363,0,0,4,67,11,175,91,3402,92,3436
2021S051624660208,85,861,0,0,0,0,0,0,0,0,0,0,0,0,0,0,0,0,0,0,0,0
2021S051624660209,229,2348,1,6,1,3,0,0,0,0,0,0,0,0,0,0,0,0,6,23,6,23
2021S051624660210,112,1003,0,0,0,0,0,0,0,0,0,0,0,0,0,0,0,0,1,1,1,1
2021S051624660211,111,637,0,0,0,0,0,0,0,0,0,0,0,0,1,3,1,3,2,5,2,5
2021S051624660212,164,1028,0,0,2,5,1,2,0,0,0,0,0,0,0,0,0,0,2,5,2,5
2021S051624660213,98,1113,0,0,0,0,0,0,0,0,0,0,0,0,0,0,0,0,1,1,1,1
2021S051624660214,72,1135,0,0,0,0,0,0,0,0,0,0,0,0,0,0,0,0,0,0,0,0
2021S051624660215,110,1823,0,0,1,4,1,4,0,0,0,0,0,0,0,0,1,7,5,16,5,16
2021S051624660216,379,6265,2,17,6,58,3,35,2,24,3,29,0,0,0,0,0,0,15,340,15,340
2021S051624660217,453,16327,13,551,24,1291,15,496,2,14,7,164,0,0,0,0,2,219,51,2390,54,2461
2021S051624660218,157,1641,0,0,1,5,1,5,0,0,0,0,0,0,0,0,0,0,1,5,1,5
2021S051624660219,206,1573,0,0,2,7,1,4,0,0,0,0,0,0,0,0,0,0,4,14,4,14
2021S051624660221,103,3096,1,6,2,60,3,107,0,0,0,0,0,0,0,0,0,0,10,169,10,169
2021S051624660222,145,1998,0,0,1,3,0,0,0,0,0,0,0,0,1,14,1,14,4,22,4,22
2021S051624660223,825,21709,7,300,35,1700,19,862,4,168,20,758,0,0,0,0,3,325,77,3072,83,3354
2021S051624660224,116,876,1,7,1,7,1,7,0,0,0,0,0,0,0,0,0,0,1,7,1,7
2021S051624660225,300,5447,3,20,5,70,4,46,1,21,3,35,0,0,2,6,2,6,14,345,15,352
2021S051624660226,140,1707,0,0,1,4,1,4,0,0,0,0,0,0,0,0,1,3,6,44,6,44
2021S051624660227,120,1307,0,0,0,0,0,0,0,0,0,0,0,0,0,0,0,0,1,3,1,3
2021S051624660228,99,1440,1,27,3,39,2,36,1,9,1,9,0,0,0,0,2,10,6,56,6,56
2021S051624660229,236,3773,1,23,5,325,2,25,2,25,2,16,0,0,0,0,0,0,12,477,12,477
2021S051624660230,88,2027,0,0,1,4,1,4,0,0,0,0,0,0,0,0,1,3,3,10,3,10
2021S051624660231,96,1630,0,0,0,0,0,0,0,0,0,0,0,0,0,0,0,0,0,0,0,0
2021S051624660232,125,1246,0,0,1,2,1,2,0,0,0,0,0,0,0,0,0,0,1,2,1,2
2021S051624660233,169,2207,0,0,0,0,0,0,0,0,1,3,0,0,0,0,0,0,2,9,2,9
2021S051624660234,130,1169,0,0,1,3,1,3,0,0,1,2,0,0,0,0,0,0,3,7,3,7
2021S051624660235,129,2350,0,0,5,380,1,7,0,0,2,70,0,0,0,0,0,0,9,494,10,501
2021S051624660236,166,2319,0,0,0,0,0,0,0,0,0,0,0,0,0,0,0,0,0,0,0,0
2021S051624660237,91,1439,0,0,0,0,0,0,0,0,0,0,0,0,0,0,0,0,0,0,0,0
2021S051624660238,128,3050,3,91,5,127,4,124,2,64,2,64,0,0,0,0,0,0,13,316,13,316
2021S051624660239,165,2828,0,0,0,0,0,0,0,0,0,0,0,0,0,0,0,0,1,1,1,1
2021S051624660240,126,1089,1,3,2,6,1,3,0,0,0,0,0,0,0,0,0,0,4,16,4,16
2021S051624660241,315,4078,0,0,4,115,2,53,2,53,3,55,0,0,0,0,0,0,8,422,8,422
2021S051624660242,244,7053,1,22,4,259,2,102,1,87,1,87,0,0,0,0,0,0,11,988,11,988
2021S051624660243,175,1152,3,19,2,15,1,11,0,0,0,0,0,0,0,0,0,0,3,19,3,19
2021S051624660244,117,1103,0,0,0,0,0,0,0,0,1,2,0,0,0,0,0,0,2,3,2,3
2021S051624660245,204,2792,2,10,2,10,1,3,0,0,0,0,0,0,0,0,0,0,3,12,3,12
2021S051624660246,278,8120,3,59,7,126,4,43,1,9,3,37,0,0,0,0,2,22,14,186,14,186
2021S051624660247,0,0,0,0,0,0,0,0,0,0,0,0,0,0,0,0,0,0,0,0,0,0
2021S051624660248,105,611,0,0,1,2,1,2,0,0,0,0,0,0,0,0,0,0,1,2,1,2
2021S051624660249,159,1956,0,0,2,332,1,3,0,0,0,0,0,0,0,0,0,0,2,332,2,332
2021S051624660250,242,2280,1,12,3,18,1,12,0,0,0,0,0,0,0,0,0,0,5,31,5,31
2021S051624660251,127,932,1,2,0,0,1,2,1,2,0,0,0,0,0,0,0,0,3,6,3,6
2021S051624660252,145,3894,3,197,5,267,3,25,0,0,1,8,0,0,0,0,0,0,9,279,9,279
2021S051624660253,33,678,1,22,0,0,1,22,0,0,0,0,1,22,0,0,0,0,5,32,5,32
2021S051624660254,205,7003,6,207,11,630,14,657,4,67,9,307,1,2,1,7,2,41,30,1395,34,1670
2021S051624660255,98,1216,0,0,1,3,0,0,0,0,0,0,0,0,0,0,0,0,1,3,1,3
2021S051624660256,154,4443,1,4,6,230,1,145,0,0,0,0,0,0,0,0,1,3,11,201,12,346
2021S051624660257,68,396,0,0,0,0,0,0,0,0,0,0,0,0,0,0,0,0,0,0,0,0
2021S051624660258,102,2430,0,0,1,280,0,0,0,0,0,0,0,0,0,0,0,0,9,575,9,575
2021S051624660259,1823,51808,31,1628,58,2806,36,1721,5,67,19,536,1,46,3,154,7,284,145,5620,154,5873
2021S051624660260,432,7563,0,0,0,0,0,0,0,0,0,0,0,0,0,0,0,0,5,14,5,14
2021S051624660261,1255,40968,18,600,54,1479,30,720,3,23,16,424,0,0,1,3,8,121,123,2667,128,2829
2021S051624660262,199,1157,1,2,2,7,1,5,1,5,1,5,0,0,0,0,0,0,2,7,2,7
2021S051624670001,375,4304,5,45,9,81,8,159,2,25,3,39,1,10,0,0,0,0,16,192,19,232
2021S051624670002,192,2998,0,0,1,3,0,0,0,0,0,0,0,0,0,0,1,3,5,14,5,14
2021S051624670003,195,1625,0,0,0,0,0,0,0,0,0,0,0,0,0,0,0,0,0,0,0,0
2021S051624670004,213,3888,1,5,5,67,9,184,0,0,5,118,1,5,1,3,2,10,13,535,18,660
2021S051624670005,263,8602,4,130,8,204,5,285,3,119,6,246,0,0,0,0,0,0,26,1587,27,1736
2021S051624670006,191,1755,1,3,2,5,2,5,1,2,1,2,0,0,0,0,0,0,16,58,16,58
2021S051624670007,379,5519,3,35,13,279,14,298,3,18,11,195,0,0,3,343,8,587,44,807,47,956
2021S051624670008,145,1666,1,2,1,2,1,2,0,0,0,0,0,0,0,0,0,0,2,15,2,15
2021S051624670009,214,1577,0,0,0,0,0,0,0,0,0,0,0,0,0,0,0,0,0,0,0,0
2021S051624670010,60,2559,0,0,0,0,0,0,0,0,0,0,0,0,0,0,0,0,3,15,3,15
2021S051624670011,93,1715,0,0,0,0,0,0,0,0,0,0,0,0,0,0,0,0,0,0,0,0
2021S051624670012,323,4185,0,0,0,0,0,0,0,0,0,0,0,0,1,3,2,6,8,62,8,62
2021S051624670013,173,1523,0,0,2,6,1,3,0,0,0,0,0,0,0,0,3,13,5,19,5,19
2021S051624670014,162,1979,0,0,2,5,0,0,0,0,0,0,0,0,0,0,0,0,3,7,3,7
2021S051624670015,166,1886,2,25,2,41,2,20,0,0,0,0,1,2,0,0,0,0,21,518,21,518
2021S051624670016,131,1205,0,0,1,2,2,4,1,2,1,2,1,2,0,0,0,0,3,7,3,7
2021S051624670017,78,746,1,2,0,0,1,2,0,0,0,0,1,2,0,0,0,0,2,14,2,14
2021S051624670018,88,1259,0,0,0,0,0,0,0,0,0,0,0,0,0,0,0,0,0,0,0,0
2021S051624670019,299,5471,1,22,8,317,11,381,2,226,5,283,1,22,1,7,2,10,26,562,29,619
2021S051624670020,121,1581,1,3,3,30,5,46,0,0,0,0,0,0,2,42,2,42,23,180,23,180
2021S051624670022,171,2870,0,0,0,0,0,0,0,0,0,0,0,0,0,0,0,0,1,2,1,2
2021S051624670023,355,4158,1,3,4,13,4,30,0,0,0,0,2,24,1,3,1,3,23,104,23,104
2021S051624670024,179,3760,0,0,1,3,0,0,0,0,0,0,0,0,0,0,0,0,3,9,3,9
2021S051624680001,336,4274,2,18,2,24,4,31,1,7,4,103,0,0,3,40,4,55,45,359,45,359
2021S051624680002,622,9585,0,0,2,92,3,11,0,0,2,70,0,0,3,117,4,120,104,602,104,602
2021S051624680003,313,5861,1,8,5,31,4,47,0,0,3,39,0,0,0,0,2,38,36,298,37,301
2021S051624690001,387,4555,1,3,3,9,4,20,0,0,2,14,0,0,3,21,4,56,96,576,96,576
2021S051624690002,356,3254,3,12,7,92,7,165,1,3,2,81,0,0,1,14,3,90,90,480,91,555
2021S051624690003,7,767,0,0,0,0,0,0,0,0,0,0,0,0,0,0,0,0,0,0,0,0
2021S051624700001,155,1743,3,27,5,44,2,7,1,5,5,198,1,3,0,0,0,0,14,248,14,248
2021S051624700002,456,4688,1,11,5,26,5,26,1,2,3,8,0,0,0,0,8,415,92,826,93,833
2021S051624700003,151,3216,0,0,0,0,0,0,0,0,0,0,0,0,1,11,1,11,9,34,9,34
2021S051624700004,289,7449,2,63,3,230,5,386,1,201,5,369,0,0,2,37,5,127,34,824,34,824
2021S051624700005,219,3091,0,0,1,7,2,10,0,0,0,0,0,0,1,33,4,46,11,225,12,232
2021S051624700006,222,3150,0,0,1,2,0,0,0,0,0,0,0,0,0,0,0,0,4,127,4,127
2021S051624700007,385,6707,1,58,5,81,5,116,0,0,2,50,0,0,0,0,1,3,12,124,14,174
2021S051624710001,357,4434,0,0,5,28,3,44,2,11,2,11,0,0,1,3,1,3,39,272,39,272
2021S051624710002,199,1609,0,0,1,2,1,2,0,0,0,0,0,0,0,0,0,0,6,20,6,20
2021S051624710003,329,5813,4,62,14,556,9,127,0,0,4,148,1,2,0,0,1,35,38,948,38,948
2021S051624710004,105,1695,3,17,2,14,4,19,1,2,1,2,1,2,0,0,0,0,6,40,6,40
2021S051624710005,30,150,0,0,0,0,0,0,0,0,0,0,0,0,0,0,0,0,1,2,1,2
2021S051624710006,141,1573,2,15,3,9,2,17,0,0,1,3,1,3,0,0,0,0,11,34,12,46
2021S051624710007,237,2939,0,0,0,0,0,0,0,0,0,0,0,0,0,0,0,0,5,10,5,10
2021S051624710008,249,1990,1,2,3,13,3,10,0,0,0,0,0,0,1,6,2,9,13,83,13,83
2021S051624710009,180,3001,1,2,1,3,0,0,0,0,0,0,0,0,0,0,0,0,2,5,2,5
2021S051624710011,204,3955,0,0,0,0,0,0,0,0,0,0,0,0,0,0,0,0,1,149,1,149
2021S051624710012,249,1914,0,0,2,9,0,0,0,0,0,0,0,0,1,14,3,24,8,42,8,42
2021S051624710013,30,329,0,0,0,0,0,0,0,0,0,0,0,0,0,0,0,0,1,6,1,6
2021S051624710014,111,1697,0,0,0,0,0,0,0,0,0,0,0,0,0,0,0,0,0,0,0,0
2021S051624710015,116,875,0,0,1,4,1,4,0,0,0,0,0,0,0,0,0,0,1,4,1,4
2021S051624710016,129,655,0,0,1,2,1,2,1,2,2,6,0,0,0,0,1,3,7,20,7,20
2021S051624710018,349,3062,0,0,2,11,1,35,0,0,3,53,0,0,0,0,1,32,55,257,56,292
2021S051624710019,209,2140,1,2,3,37,2,30,0,0,1,15,0,0,1,26,2,61,19,121,21,151
2021S051624710020,221,3513,1,10,1,4,3,18,1,10,1,3,1,5,0,0,0,0,24,307,24,307
2021S051624710021,137,1179,1,3,4,84,2,10,0,0,1,71,0,0,0,0,0,0,6,33,7,104
2021S051624710022,182,1851,0,0,0,0,0,0,0,0,0,0,0,0,0,0,1,3,5,19,5,19
2021S051624710023,324,5032,1,4,11,102,5,27,2,11,3,60,0,0,2,37,2,37,20,279,20,279
2021S051624710024,432,4505,2,7,2,7,1,2,0,0,0,0,0,0,0,0,1,15,7,41,7,41
2021S051624720001,528,10005,4,677,13,189,12,154,1,2,7,138,1,548,6,119,6,119,60,1666,63,1750
2021S051624720003,285,4754,0,0,2,6,0,0,0,0,1,3,0,0,0,0,0,0,5,12,5,12
2021S051624720004,282,4461,5,46,10,77,6,26,2,9,4,14,0,0,0,0,3,57,31,347,31,347
2021S051624720005,219,4826,0,0,0,0,0,0,0,0,0,0,0,0,0,0,0,0,3,49,3,49
2021S051624720006,74,609,0,0,1,2,1,2,0,0,0,0,0,0,0,0,0,0,1,2,1,2
2021S051624720007,183,1848,0,0,0,0,0,0,0,0,0,0,0,0,0,0,2,6,5,16,5,16
2021S051624720008,280,2606,2,5,5,16,4,14,0,0,0,0,0,0,1,3,3,17,38,428,38,428
2021S051624720009,186,1764,0,0,2,7,3,42,0,0,1,35,0,0,0,0,0,0,4,10,5,45
2021S051624720010,131,1100,0,0,0,0,0,0,0,0,0,0,0,0,0,0,1,3,2,5,2,5
2021S051624720011,60,523,0,0,0,0,0,0,0,0,0,0,0,0,0,0,0,0,12,80,12,80
2021S051624720012,112,1206,0,0,0,0,0,0,0,0,0,0,0,0,0,0,0,0,2,5,2,5
2021S051624720013,173,2280,0,0,0,0,0,0,0,0,0,0,0,0,0,0,0,0,23,207,23,207
2021S051624720014,0,0,0,0,0,0,0,0,0,0,0,0,0,0,0,0,0,0,0,0,0,0
2021S051624722000,166,3248,0,0,0,0,0,0,0,0,0,0,0,0,1,6,1,6,3,13,3,13
2021S051624730003,609,8389,8,117,13,114,14,145,2,6,9,101,1,5,3,39,5,89,48,452,52,541
2021S051624730004,241,3716,5,112,9,174,7,108,1,9,5,53,0,0,0,0,0,0,18,270,21,341
2021S051624730005,274,1890,0,0,2,22,2,22,0,0,0,0,0,0,0,0,0,0,6,19,8,41
2021S051624730006,178,1948,1,5,2,9,2,7,0,0,0,0,0,0,1,3,1,3,7,21,7,21
2021S051624730007,230,1788,0,0,1,3,1,3,0,0,1,3,0,0,0,0,0,0,2,6,3,9
2021S051624730008,323,6245,2,8,7,101,7,64,0,0,2,48,1,9,0,0,0,0,15,317,16,352
2021S051624730009,509,6990,0,0,0,0,1,3,0,0,2,10,0,0,1,3,2,6,4,16,4,16
2021S051624730010,287,4538,0,0,8,238,4,146,0,0,2,4,0,0,0,0,1,15,10,294,10,294
2021S051624730011,190,1178,0,0,3,7,2,4,2,4,3,7,0,0,0,0,0,0,3,7,3,7
2021S051624730012,160,1875,0,0,2,4,1,2,0,0,0,0,0,0,3,34,3,34,6,47,6,47
2021S051624730013,165,1809,0,0,1,3,0,0,0,0,0,0,0,0,0,0,0,0,3,6,3,6
2021S051624730014,235,3264,0,0,3,11,1,2,0,0,0,0,0,0,0,0,1,3,10,32,10,32
2021S051624730015,188,2372,0,0,2,4,0,0,0,0,0,0,0,0,0,0,2,6,8,29,8,29
2021S051624730016,343,7640,1,548,2,10,2,18,0,0,0,0,1,548,2,25,3,55,13,936,13,936
2021S051624730017,579,15946,8,256,15,1212,8,531,1,3,5,118,0,0,1,7,3,156,54,2348,58,2736
2021S051624730018,354,5092,3,361,10,372,6,382,1,5,1,5,2,96,1,3,2,18,30,594,30,594
2021S051624730019,105,1094,0,0,1,3,0,0,0,0,0,0,0,0,0,0,0,0,3,21,3,21
2021S051624730020,390,4513,3,10,5,22,7,100,0,0,2,92,0,0,1,31,2,34,35,465,36,540
2021S051624740001,325,4099,3,19,7,48,11,123,4,52,5,61,3,19,4,92,6,102,35,276,36,311
2021S051624740002,364,7678,2,122,16,1092,11,219,3,31,4,57,1,43,2,14,3,21,34,1449,34,1449
2021S051624740003,471,9118,0,0,8,941,4,60,0,0,1,3,0,0,2,37,5,58,32,1217,33,1220
2021S051624740004,536,8239,1,11,4,340,3,17,0,0,0,0,0,0,0,0,1,15,32,675,32,675
2021S051624740005,394,4313,1,2,4,20,9,35,1,2,4,14,0,0,5,30,6,33,83,370,83,370
2021S051624750001,259,2143,0,0,2,5,4,11,0,0,2,6,0,0,2,6,2,6,6,73,8,79
2021S051624750002,473,3809,1,3,6,30,6,30,2,4,3,5,0,0,1,14,4,23,26,100,27,115
2021S051624750003,406,3631,2,5,7,32,5,27,0,0,3,16,0,0,1,3,1,3,17,66,19,80
2021S051624750008,277,4864,2,27,4,115,1,73,0,0,1,15,0,0,1,7,2,80,9,138,9,138
2021S051624750009,208,3436,3,72,5,80,4,73,1,5,2,41,0,0,1,3,2,138,13,265,13,265
2021S051624750010,420,11428,3,307,7,404,4,355,0,0,3,13,1,22,0,0,0,0,19,472,19,472
2021S051624750011,473,3098,0,0,4,14,3,8,1,2,1,2,0,0,0,0,2,24,9,45,9,45
2021S051624750012,404,7850,3,465,3,48,5,160,3,105,3,49,1,422,3,187,8,557,24,1204,25,1207
2021S051624750013,146,1362,2,7,3,8,1,5,0,0,0,0,1,5,0,0,0,0,3,11,4,13
2021S051624750014,493,7059,1,22,3,41,7,119,1,21,4,42,0,0,4,156,8,208,26,661,28,679
2021S051624750015,174,2088,0,0,3,79,3,79,0,0,0,0,0,0,0,0,0,0,2,6,3,79
2021S051624760003,40,184,0,0,0,0,0,0,0,0,0,0,0,0,0,0,0,0,3,5,3,5
2021S051624760004,435,7477,0,0,6,128,4,104,0,0,2,61,0,0,3,49,7,250,23,582,25,650
2021S051624760005,45,690,0,0,1,2,1,2,0,0,0,0,0,0,0,0,0,0,2,5,2,5
2021S051624760111,372,3625,0,0,1,3,3,12,0,0,2,38,0,0,3,12,4,19,45,219,45,219
2021S051624770003,314,2728,1,6,4,32,4,16,0,0,0,0,0,0,1,3,4,26,13,69,13,69
2021S051624770004,275,2875,0,0,2,9,1,2,0,0,1,7,0,0,1,3,1,3,9,24,9,24
2021S051624770005,587,8155,2,6,2,6,0,0,0,0,1,3,0,0,0,0,0,0,10,67,10,67
2021S051624770111,559,5671,0,0,1,3,2,5,0,0,1,3,1,2,0,0,4,38,11,56,12,59
2021S051624780001,280,2691,0,0,3,22,1,17,0,0,0,0,0,0,1,68,3,74,19,189,19,189
2021S051624780002,323,2627,0,0,2,12,0,0,0,0,0,0,0,0,3,17,6,26,33,133,33,133
2021S051624780003,659,9875,0,0,2,48,1,3,0,0,1,3,0,0,0,0,5,14,21,103,21,103
2021S051624780004,0,0,0,0,0,0,0,0,0,0,0,0,0,0,0,0,0,0,0,0,0,0
2021S051624780005,435,8224,1,3,4,46,4,55,0,0,0,0,0,0,1,11,1,11,14,147,14,147
2021S051624780006,278,2974,0,0,3,7,0,0,0,0,1,2,0,0,0,0,2,6,13,53,13,53
2021S051624790001,218,3424,0,0,1,2,1,2,0,0,0,0,0,0,4,69,8,113,19,211,19,211
2021S051624790002,234,2220,0,0,1,4,1,4,0,0,0,0,0,0,2,149,9,196,26,255,26,255
2021S051624790003,212,1854,0,0,1,2,2,5,0,0,2,33,0,0,3,49,8,64,30,152,30,152
2021S051624790004,636,9639,2,5,4,51,2,19,0,0,0,0,0,0,4,103,6,158,42,442,42,442
2021S051624800002,365,4180,2,59,2,61,3,85,0,0,0,0,0,0,4,231,6,245,39,381,39,381
2021S051624800003,22,246,0,0,0,0,0,0,0,0,0,0,0,0,0,0,0,0,1,3,1,3
2021S051624800004,18,154,0,0,0,0,0,0,0,0,0,0,0,0,0,0,0,0,0,0,0,0
2021S051624800006,116,1036,0,0,0,0,1,11,0,0,1,19,0,0,2,79,3,82,15,158,15,158
2021S051624800007,5,15,0,0,0,0,0,0,0,0,0,0,0,0,0,0,0,0,0,0,0,0
2021S051624800008,184,1654,0,0,0,0,0,0,0,0,0,0,0,0,2,133,4,151,18,182,18,182
2021S051624810001,130,2299,1,1,1,15,1,15,0,0,0,0,0,0,0,0,2,68,7,140,8,155
2021S051624810002,190,4049,0,0,0,0,0,0,0,0,0,0,0,0,0,0,0,0,2,3,2,3
2021S051624810003,56,519,0,0,0,0,0,0,0,0,1,55,0,0,0,0,0,0,2,58,2,58
2021S051624810004,187,3039,0,0,5,83,5,83,1,2,4,65,0,0,1,7,6,102,21,293,24,356
2021S051624810005,61,739,0,0,0,0,0,0,0,0,0,0,0,0,0,0,0,0,0,0,0,0
2021S051624810008,109,1629,0,0,1,34,2,40,0,0,1,34,0,0,2,20,4,40,5,42,6,76
2021S051624810011,190,2133,0,0,1,2,1,2,0,0,0,0,0,0,0,0,0,0,1,2,1,2
2021S051624810012,164,3862,0,0,1,6,0,0,0,0,1,311,0,0,0,0,0,0,5,410,5,410
2021S051624810013,405,11028,0,0,2,17,0,0,0,0,0,0,0,0,0,0,0,0,4,24,4,24
2021S051624810014,246,3385,0,0,0,0,0,0,0,0,0,0,0,0,0,0,0,0,1,25,1,25
2021S051624810016,86,774,0,0,0,0,0,0,0,0,0,0,0,0,0,0,0,0,1,1,1,1
2021S051624810017,108,1228,1,2,1,2,0,0,0,0,0,0,0,0,0,0,0,0,1,2,1,2
2021S051624810018,232,4797,1,15,6,74,4,34,0,0,1,15,0,0,0,0,2,41,15,190,16,205
2021S051624810019,57,894,0,0,0,0,0,0,0,0,0,0,0,0,0,0,1,35,1,35,1,35
2021S051624810021,393,10551,0,0,1,3,0,0,0,0,0,0,0,0,0,0,0,0,6,155,6,155
2021S051624810022,113,2619,0,0,0,0,0,0,0,0,0,0,0,0,0,0,0,0,0,0,0,0
2021S051624810023,237,6134,2,11,3,18,2,17,0,0,3,11,0,0,1,7,2,14,10,568,11,575
2021S051624810024,68,870,0,0,0,0,0,0,0,0,0,0,0,0,0,0,0,0,0,0,0,0
2021S051624810025,300,5110,0,0,0,0,0,0,0,0,0,0,0,0,0,0,1,15,2,17,2,17
2021S051624810026,124,3814,0,0,0,0,0,0,0,0,0,0,0,0,0,0,0,0,0,0,0,0
2021S051624810030,130,2244,0,0,0,0,0,0,0,0,0,0,0,0,0,0,0,0,3,17,3,17
2021S051624810031,88,980,0,0,1,9,0,0,0,0,0,0,0,0,0,0,0,0,2,13,2,13
2021S051624810032,218,4472,1,5,4,16,2,8,1,5,1,5,0,0,0,0,1,3,8,31,8,31
2021S051624810033,316,5214,1,1,3,24,2,11,0,0,1,8,0,0,3,42,3,42,19,206,19,206
2021S051624810034,109,1346,0,0,0,0,0,0,0,0,0,0,0,0,0,0,0,0,0,0,0,0
2021S051624810035,81,1074,0,0,2,18,1,15,0,0,1,15,0,0,0,0,1,3,3,248,4,263
2021S051624810036,167,1732,0,0,0,0,1,10,0,0,0,0,0,0,1,13,1,13,6,44,6,44
2021S051624810037,122,1216,0,0,1,3,0,0,0,0,0,0,0,0,0,0,1,3,2,6,2,6
2021S051624810038,154,1592,1,2,1,2,0,0,0,0,0,0,0,0,0,0,0,0,4,18,4,18
2021S051624810039,51,496,0,0,0,0,0,0,0,0,0,0,0,0,0,0,0,0,1,2,1,2
2021S051624820001,18,158,2,5,2,5,2,5,0,0,0,0,0,0,0,0,0,0,4,10,4,10
2021S051624820003,170,1549,0,0,0,0,1,15,0,0,1,15,0,0,2,34,2,34,10,67,11,82
2021S051624820004,201,2654,0,0,0,0,1,6,0,0,0,0,0,0,1,6,3,12,17,40,17,40
2021S051624820007,101,683,0,0,1,2,1,2,0,0,0,0,0,0,2,6,2,6,9,20,9,20
2021S051624820008,179,2907,0,0,0,0,0,0,0,0,0,0,0,0,0,0,1,3,5,15,5,15
2021S051624820009,261,2543,0,0,0,0,0,0,0,0,0,0,0,0,1,3,2,6,13,59,13,59
2021S051624820010,266,2520,0,0,0,0,0,0,0,0,0,0,0,0,0,0,0,0,2,32,2,32
2021S051624830001,388,6505,2,20,3,11,3,22,1,10,0,0,1,10,2,206,10,247,28,451,28,451
2021S051624830002,0,0,0,0,0,0,0,0,0,0,0,0,0,0,0,0,0,0,0,0,0,0
2021S051624830003,14,162,0,0,1,3,0,0,0,0,0,0,0,0,0,0,0,0,1,3,1,3
2021S051624830004,240,2235,0,0,1,3,2,14,0,0,1,3,0,0,4,64,7,73,20,98,21,101
2021S051624830005,3,53,0,0,0,0,0,0,0,0,0,0,0,0,0,0,0,0,0,0,0,0
2021S051624840001,324,3971,0,0,1,9,0,0,0,0,0,0,0,0,2,39,5,52,26,163,26,163
2021S051624850002,8,211,0,0,0,0,0,0,0,0,0,0,0,0,0,0,1,3,3,6,3,6
2021S051624850004,0,0,0,0,0,0,0,0,0,0,0,0,0,0,0,0,0,0,0,0,0,0
2021S051624850005,0,0,0,0,0,0,0,0,0,0,0,0,0,0,0,0,0,0,0,0,0,0
2021S051624850006,5,59,0,0,0,0,0,0,0,0,0,0,0,0,0,0,0,0,0,0,0,0
2021S051624850007,227,3093,0,0,0,0,0,0,0,0,0,0,0,0,2,530,10,568,54,1186,54,1186
2021S051624850603,354,5299,1,24,4,22,2,8,0,0,1,6,0,0,2,136,6,150,49,376,49,376
2021S051624860001,161,2398,1,55,3,69,3,26,0,0,2,23,0,0,1,31,3,37,11,127,12,142
2021S051624860002,498,13795,1,13,3,49,4,57,0,0,5,529,0,0,0,0,0,0,9,636,11,671
2021S051624860003,166,1755,0,0,2,19,4,24,0,0,1,85,1,2,0,0,3,25,13,135,14,150
2021S051624860004,427,8824,1,10,2,12,3,51,0,0,2,346,0,0,2,6,4,16,18,417,19,452
2021S051624870001,141,1322,0,0,0,0,0,0,0,0,0,0,0,0,0,0,5,13,29,137,29,137
2021S051624870002,150,1753,1,26,3,34,3,77,0,0,0,0,1,21,0,0,5,20,25,171,25,171
2021S051624870003,316,6233,0,0,3,130,2,108,0,0,1,311,0,0,4,385,9,431,23,1053,23,1053
2021S051624880005,11,260,0,0,0,0,0,0,0,0,0,0,0,0,0,0,1,3,1,3,1,3
2021S051624880006,148,1978,0,0,0,0,1,15,0,0,5,289,0,0,2,343,4,365,14,681,15,696
2021S051624880007,12,180,0,0,0,0,0,0,0,0,0,0,0,0,0,0,0,0,2,11,2,11
2021S051624880008,25,139,0,0,0,0,0,0,0,0,0,0,0,0,0,0,5,13,7,23,7,23
2021S051624880009,27,169,0,0,0,0,0,0,0,0,0,0,0,0,0,0,0,0,2,4,2,4
2021S051624880481,648,12270,4,36,6,50,8,54,1,5,2,8,3,27,2,149,10,181,43,544,43,544
2021S051624890001,141,1817,0,0,0,0,0,0,0,0,0,0,0,0,1,136,6,271,9,297,9,297
2021S051624890002,162,1414,0,0,1,9,1,9,1,9,1,9,0,0,1,31,5,45,7,57,7,57
2021S051624890003,194,4547,0,0,1,3,1,14,0,0,1,85,0,0,1,7,4,28,11,140,11,140
2021S051624890004,100,2927,0,0,1,3,0,0,0,0,1,311,0,0,0,0,2,14,7,346,7,346
2021S051624890005,411,10052,4,44,4,31,7,69,1,5,5,47,0,0,3,88,5,96,28,450,28,450
2021S051624890006,6,401,0,0,0,0,0,0,0,0,0,0,0,0,0,0,0,0,0,0,0,0
2021S051624890007,318,7197,1,109,5,162,3,39,0,0,2,205,0,0,0,0,1,3,10,397,11,404
2021S051624890008,0,0,0,0,0,0,0,0,0,0,0,0,0,0,0,0,0,0,0,0,0,0
2021S051624900001,395,6984,0,0,2,7,2,144,0,0,1,35,0,0,5,330,22,643,34,1213,35,1248
2021S051624900002,19,748,0,0,0,0,0,0,0,0,0,0,0,0,1,68,1,68,1,68,1,68
2021S051624900003,16,655,0,0,0,0,0,0,0,0,0,0,0,0,0,0,1,24,2,25,2,25
2021S051624910001,307,3817,1,12,3,46,4,113,0,0,0,0,0,0,4,468,14,636,58,929,59,963
2021S051624910002,396,7059,2,22,5,30,6,69,1,2,1,2,2,7,3,224,10,393,53,919,54,920
2021S051624910003,74,1209,0,0,1,7,2,13,0,0,1,4,0,0,1,6,3,14,7,27,7,27
2021S051624910004,332,5962,3,12,2,10,5,70,1,2,0,0,0,0,3,64,5,74,22,323,22,323
2021S051624920002,14,90,0,0,0,0,0,0,0,0,0,0,0,0,0,0,0,0,1,3,1,3
2021S051624920003,390,4662,2,9,5,89,7,97,3,35,4,37,0,0,3,340,22,778,104,1259,104,1259
2021S051624920004,24,204,0,0,0,0,0,0,0,0,0,0,0,0,0,0,0,0,4,13,4,13
2021S051624921411,517,8604,3,4,6,177,5,132,0,0,1,72,0,0,4,183,23,371,58,834,59,906
2021S051624930001,356,4591,1,3,3,47,3,14,0,0,1,4,1,3,7,576,9,614,74,1054,74,1054
2021S051624930002,46,829,1,14,0,0,1,75,0,0,1,75,0,0,0,0,0,0,7,51,8,126
2021S051624930004,235,4495,2,30,4,41,6,117,2,10,4,89,0,0,1,14,1,14,20,575,21,650
2021S051624930006,201,2817,0,0,3,58,2,4,0,0,1,35,0,0,1,32,2,35,14,126,14,126
2021S051624930007,264,3482,0,0,2,253,1,244,0,0,2,22,0,0,3,41,6,58,76,666,76,666
2021S051624930008,177,3338,0,0,2,554,2,36,1,33,2,524,0,0,0,0,5,28,31,260,32,781
2021S051624930009,379,8780,0,0,6,51,3,32,2,18,2,18,0,0,2,64,5,179,30,388,30,388
2021S051624940002,67,621,0,0,0,0,0,0,0,0,0,0,0,0,1,32,3,40,8,81,8,81
2021S051624940003,58,442,0,0,2,7,0,0,0,0,0,0,0,0,0,0,1,3,12,24,12,24
2021S051624940005,23,177,0,0,0,0,0,0,0,0,0,0,0,0,0,0,0,0,3,5,3,5
2021S051624940006,48,471,0,0,0,0,0,0,0,0,0,0,0,0,2,168,2,168,6,181,6,181
2021S051624940007,23,265,0,0,0,0,0,0,0,0,0,0,0,0,0,0,2,26,3,27,3,27
2021S051624940008,18,74,0,0,1,3,1,3,0,0,0,0,0,0,0,0,1,3,3,8,3,8
2021S051624940010,217,3389,0,0,1,12,0,0,0,0,0,0,0,0,0,0,1,35,6,82,6,82
2021S051624940014,206,3170,2,25,7,268,6,289,0,0,5,211,0,0,0,0,2,26,14,333,17,435
2021S051624940022,147,2938,1,9,2,8,3,17,0,0,0,0,0,0,1,6,1,6,8,58,8,58
2021S051624940023,69,571,0,0,1,7,0,0,0,0,1,7,0,0,0,0,1,7,3,17,3,17
2021S051624940025,151,3360,0,0,2,40,0,0,0,0,0,0,0,0,0,0,0,0,3,41,3,41
2021S051624940027,235,5223,1,3,8,692,7,310,1,21,7,774,0,0,4,96,7,125,34,575,38,1239
2021S051624940028,611,14815,5,77,19,733,14,583,1,44,9,218,1,10,3,143,6,156,80,1451,84,1502
2021S051624940029,209,2185,1,5,3,358,2,56,1,21,3,388,0,0,0,0,5,121,33,268,35,635
2021S051624940030,103,1288,0,0,2,6,2,6,2,6,2,6,0,0,0,0,0,0,16,423,16,423
2021S051624940031,245,3502,0,0,1,3,0,0,0,0,1,1,0,0,1,3,1,3,10,77,10,77
2021S051624940032,192,3521,0,0,0,0,0,0,0,0,1,2,0,0,0,0,1,3,5,67,5,67
2021S051624940034,254,3984,1,4,2,9,0,0,0,0,0,0,0,0,0,0,1,15,7,58,7,58
2021S051624940035,539,13229,0,0,1,6,0,0,0,0,2,11,0,0,0,0,0,0,10,62,10,62
2021S051624940037,191,5092,0,0,9,1183,3,227,1,44,9,1292,0,0,0,0,1,3,11,143,18,1386
2021S051624940038,356,7623,4,125,12,311,13,211,4,26,6,37,1,10,2,39,4,57,26,416,28,457
2021S051624940039,168,2629,0,0,1,74,0,0,0,0,2,76,0,0,0,0,0,0,6,145,6,145
2021S051624940040,97,1223,0,0,1,20,0,0,0,0,1,2,0,0,0,0,1,3,9,44,9,44
2021S051624940041,25,203,0,0,0,0,0,0,0,0,0,0,0,0,0,0,3,18,5,21,5,21
2021S051624940042,1,15,0,0,0,0,0,0,0,0,0,0,0,0,0,0,0,0,0,0,0,0
2021S051624942000,123,1955,0,0,3,62,2,60,0,0,1,9,0,0,0,0,3,13,13,101,13,101
2021S051624942001,34,398,1,1,0,0,0,0,0,0,0,0,0,0,0,0,0,0,3,5,3,5
2021S051624942002,24,316,0,0,0,0,0,0,0,0,0,0,0,0,0,0,0,0,2,3,2,3
2021S051624942003,29,406,1,26,1,26,0,0,0,0,0,0,0,0,0,0,1,3,4,140,4,140
2021S051624942004,101,1327,1,17,3,32,1,17,0,0,0,0,0,0,0,0,1,3,8,48,8,48
2021S051624950001,384,5698,1,12,4,36,4,31,0,0,2,13,0,0,5,196,10,225,43,423,43,423
2021S051624950002,12,487,0,0,0,0,0,0,0,0,0,0,0,0,0,0,1,52,2,59,2,59
2021S051624960001,28,423,0,0,0,0,0,0,0,0,0,0,0,0,0,0,0,0,2,129,2,129
2021S051624960003,231,4668,0,0,2,25,2,12,1,5,1,5,0,0,1,136,2,151,8,217,8,217
2021S051624960004,312,6214,0,0,3,526,1,2,0,0,1,521,0,0,0,0,0,0,6,12,7,533
2021S051624960005,113,999,0,0,0,0,0,0,0,0,0,0,0,0,1,3,2,6,11,51,11,51
2021S051624960006,88,1164,0,0,0,0,0,0,0,0,1,8,0,0,0,0,2,26,5,38,5,38
2021S051624960007,13,734,0,0,0,0,0,0,0,0,0,0,0,0,0,0,0,0,0,0,0,0
2021S051624970001,0,0,0,0,0,0,0,0,0,0,0,0,0,0,0,0,0,0,0,0,0,0
2021S051624970002,0,0,0,0,0,0,0,0,0,0,0,0,0,0,0,0,0,0,0,0,0,0
2021S051624970003,6,293,0,0,0,0,0,0,0,0,0,0,0,0,0,0,0,0,0,0,0,0
2021S051624970004,181,5115,0,0,1,2,1,2,0,0,0,0,0,0,1,14,2,17,13,149,13,149
2021S051624970005,18,620,0,0,0,0,0,0,0,0,0,0,0,0,0,0,0,0,1,8,1,8
2021S051624970006,0,0,0,0,0,0,0,0,0,0,0,0,0,0,0,0,0,0,0,0,0,0
2021S051624970007,3,65,0,0,0,0,0,0,0,0,0,0,0,0,0,0,0,0,0,0,0,0
2021S051624970008,236,4383,0,0,1,3,3,138,0,0,1,75,0,0,0,0,2,14,18,153,19,228
2021S051624970009,26,466,0,0,0,0,0,0,0,0,0,0,0,0,0,0,0,0,2,9,2,9
2021S051624970010,71,1635,0,0,1,521,0,0,0,0,1,521,0,0,0,0,0,0,7,15,8,536
2021S051624970012,264,4721,0,0,2,14,2,14,2,14,2,14,0,0,0,0,0,0,9,33,9,33
2021S051624970013,43,1215,0,0,0,0,0,0,0,0,0,0,0,0,0,0,0,0,5,106,5,106
2021S051624970014,188,3818,1,17,0,0,0,0,0,0,0,0,0,0,0,0,0,0,8,48,8,48
2021S051624980001,355,6662,0,0,1,2,0,0,0,0,1,6,0,0,0,0,0,0,53,623,53,623
2021S051624980002,14,265,0,0,0,0,0,0,0,0,0,0,0,0,0,0,0,0,2,10,2,10
2021S051624980003,0,0,0,0,0,0,0,0,0,0,0,0,0,0,0,0,0,0,0,0,0,0
2021S051624980004,3,41,0,0,0,0,0,0,0,0,0,0,0,0,0,0,0,0,0,0,0,0
2021S051624980005,0,0,0,0,0,0,0,0,0,0,0,0,0,0,0,0,0,0,0,0,0,0
2021S051624990001,0,0,0,0,0,0,0,0,0,0,0,0,0,0,0,0,0,0,0,0,0,0
2021S051624990002,0,0,0,0,0,0,0,0,0,0,0,0,0,0,0,0,0,0,0,0,0,0
2021S051624990003,0,0,0,0,0,0,0,0,0,0,0,0,0,0,0,0,0,0,0,0,0,0
2021S051624990004,14,528,0,0,0,0,0,0,0,0,0,0,0,0,0,0,0,0,0,0,0,0
2021S051624990005,0,0,0,0,0,0,0,0,0,0,0,0,0,0,0,0,0,0,0,0,0,0
2021S051624990006,8,359,0,0,0,0,0,0,0,0,0,0,0,0,0,0,0,0,0,0,0,0
2021S051624990007,15,412,0,0,0,0,0,0,0,0,1,1,0,0,0,0,0,0,1,1,1,1
2021S051624990008,0,0,0,0,0,0,0,0,0,0,0,0,0,0,0,0,0,0,0,0,0,0
2021S051624990009,10,178,0,0,0,0,0,0,0,0,0,0,0,0,0,0,0,0,0,0,0,0
2021S051624990010,0,0,0,0,0,0,0,0,0,0,0,0,0,0,0,0,0,0,0,0,0,0
2021S051624990011,11,261,0,0,0,0,0,0,0,0,0,0,0,0,0,0,0,0,0,0,0,0
2021S051624990012,0,0,0,0,0,0,0,0,0,0,0,0,0,0,0,0,0,0,0,0,0,0
2021S051624990013,0,0,0,0,0,0,0,0,0,0,0,0,0,0,0,0,0,0,0,0,0,0
2021S051624990014,9,211,0,0,0,0,0,0,0,0,0,0,0,0,0,0,0,0,0,0,0,0
2021S051624990015,0,0,0,0,0,0,0,0,0,0,0,0,0,0,0,0,0,0,0,0,0,0
2021S051624990016,9,302,0,0,0,0,0,0,0,0,0,0,0,0,0,0,0,0,0,0,0,0
2021S051624990017,8,120,0,0,0,0,0,0,0,0,0,0,0,0,0,0,0,0,0,0,0,0
2021S051624990018,14,952,0,0,0,0,0,0,0,0,0,0,0,0,0,0,0,0,0,0,0,0
2021S051624990019,0,0,0,0,0,0,0,0,0,0,0,0,0,0,0,0,0,0,0,0,0,0
2021S051624990020,9,207,0,0,0,0,0,0,0,0,0,0,0,0,0,0,0,0,0,0,0,0
2021S051624990021,0,0,0,0,0,0,0,0,0,0,0,0,0,0,0,0,0,0,0,0,0,0
2021S051624990022,57,3162,0,0,0,0,0,0,0,0,0,0,0,0,0,0,0,0,0,0,0,0
2021S051624990023,0,0,0,0,0,0,0,0,0,0,0,0,0,0,0,0,0,0,0,0,0,0
2021S051624990024,22,720,0,0,0,0,0,0,0,0,0,0,0,0,0,0,0,0,0,0,0,0
2021S051624990025,0,0,0,0,0,0,0,0,0,0,0,0,0,0,0,0,0,0,0,0,0,0
2021S051624990026,0,0,0,0,0,0,0,0,0,0,0,0,0,0,0,0,0,0,0,0,0,0
2021S051624990027,8,204,0,0,0,0,0,0,0,0,0,0,0,0,0,0,0,0,0,0,0,0
2021S051624990028,0,0,0,0,0,0,0,0,0,0,0,0,0,0,0,0,0,0,0,0,0,0
2021S051624990029,233,3778,0,0,0,0,2,8,0,0,0,0,1,2,4,242,9,407,13,492,13,492
2021S051624990030,0,0,0,0,0,0,0,0,0,0,0,0,0,0,0,0,0,0,0,0,0,0
2021S051624990031,18,813,0,0,0,0,0,0,0,0,0,0,0,0,0,0,0,0,0,0,0,0
2021S051624990032,0,0,0,0,0,0,0,0,0,0,0,0,0,0,0,0,0,0,0,0,0,0
2021S051624990033,0,0,0,0,0,0,0,0,0,0,0,0,0,0,0,0,0,0,0,0,0,0
2021S051624990034,25,1448,0,0,0,0,0,0,0,0,0,0,0,0,0,0,0,0,0,0,0,0
2021S051624990035,12,802,0,0,0,0,0,0,0,0,0,0,0,0,0,0,0,0,0,0,0,0
2021S051624990036,0,0,0,0,0,0,0,0,0,0,0,0,0,0,0,0,0,0,0,0,0,0
2021S051624990037,0,0,0,0,0,0,0,0,0,0,0,0,0,0,0,0,0,0,0,0,0,0
2021S051624990038,10,389,0,0,0,0,0,0,0,0,0,0,0,0,0,0,0,0,0,0,0,0
2021S051624990039,0,0,0,0,0,0,0,0,0,0,0,0,0,0,0,0,0,0,0,0,0,0
2021S051624990040,9,637,0,0,0,0,0,0,0,0,0,0,0,0,0,0,0,0,0,0,0,0
2021S051624990041,49,1756,0,0,0,0,0,0,0,0,0,0,0,0,0,0,2,14,2,14,2,14
2021S051624990042,0,0,0,0,0,0,0,0,0,0,0,0,0,0,0,0,0,0,0,0,0,0
2021S051624990043,0,0,0,0,0,0,0,0,0,0,0,0,0,0,0,0,0,0,0,0,0,0
2021S051624990044,17,829,0,0,0,0,0,0,0,0,0,0,0,0,0,0,0,0,0,0,0,0
2021S051624990045,278,5071,1,1,1,20,0,0,0,0,0,0,0,0,1,317,4,342,8,673,8,673
2021S051624990046,13,374,0,0,0,0,0,0,0,0,0,0,0,0,0,0,1,24,1,24,1,24
2021S051624990047,15,596,0,0,0,0,0,0,0,0,0,0,0,0,0,0,0,0,0,0,0,0
2021S051624990048,0,0,0,0,0,0,0,0,0,0,0,0,0,0,0,0,0,0,0,0,0,0
2021S051624992001,0,0,0,0,0,0,0,0,0,0,0,0,0,0,0,0,0,0,0,0,0,0
2021S051635010001,379,5157,1,2,3,10,2,7,0,0,1,4,0,0,2,138,4,175,62,487,62,487
2021S051635010002,341,3259,1,2,3,17,4,31,2,15,4,29,0,0,2,77,4,87,71,327,71,327
2021S051635010003,216,2063,2,30,1,5,0,0,0,0,0,0,0,0,1,3,1,3,51,293,51,293
2021S051635010004,271,3426,3,63,8,118,9,135,0,0,4,52,1,24,1,3,2,5,28,318,32,370
2021S051635010005,9,494,0,0,0,0,0,0,0,0,0,0,0,0,0,0,0,0,0,0,0,0
2021S051635010006,405,4267,0,0,2,11,2,21,0,0,4,32,0,0,1,14,2,17,78,449,78,449
2021S051635010007,257,7134,0,0,7,215,2,28,0,0,2,169,0,0,1,63,1,63,18,437,19,444
2021S051635010008,177,3827,0,0,0,0,1,3,0,0,1,2,0,0,1,3,1,3,7,108,7,108
2021S051635010009,108,1918,0,0,0,0,0,0,0,0,0,0,0,0,0,0,0,0,1,2,1,2
2021S051635010010,167,3038,0,0,0,0,0,0,0,0,0,0,0,0,0,0,0,0,1,4,1,4
2021S051635010011,120,2706,0,0,0,0,0,0,0,0,0,0,0,0,0,0,0,0,1,1,1,1
2021S051635010012,333,6586,1,3,8,75,4,23,0,0,2,32,0,0,1,3,1,3,16,136,17,151
2021S051635010013,299,3803,3,200,5,259,5,87,1,60,3,81,1,5,2,39,2,39,38,664,38,664
2021S051635020001,292,4655,1,13,3,78,5,603,1,6,4,553,1,50,0,0,4,18,65,1099,65,1099
2021S051635020002,384,7978,3,14,8,197,5,123,1,28,2,58,0,0,0,0,0,0,20,664,21,679
2021S051635020003,272,2732,0,0,2,8,0,0,0,0,1,7,0,0,0,0,2,75,33,173,33,173
2021S051635020005,152,1354,0,0,1,7,1,7,0,0,1,7,0,0,1,33,1,33,12,64,13,71
2021S051635020006,300,5049,0,0,2,35,1,3,0,0,0,0,0,0,1,3,1,3,5,41,5,41
2021S051635020007,141,1134,0,0,1,5,1,5,0,0,0,0,0,0,0,0,3,40,14,72,14,72
2021S051635020009,251,2107,1,3,2,8,2,8,1,3,1,3,0,0,1,7,1,7,21,199,21,199
2021S051635020010,226,2816,0,0,2,9,0,0,0,0,0,0,0,0,0,0,2,10,10,67,10,67
2021S051635020111,460,5284,2,14,2,7,2,19,0,0,2,80,0,0,0,0,0,0,55,288,56,303
2021S051635060004,64,675,0,0,0,0,0,0,0,0,0,0,0,0,0,0,0,0,0,0,0,0
2021S051635060005,200,2535,1,5,2,39,0,0,0,0,0,0,0,0,0,0,1,34,7,98,7,98
2021S051635060007,102,1160,0,0,0,0,0,0,0,0,0,0,0,0,0,0,0,0,2,5,2,5
2021S051635060008,111,1847,0,0,1,3,0,0,0,0,0,0,0,0,0,0,0,0,1,3,1,3
2021S051635060012,456,6323,2,13,9,157,3,17,1,6,1,6,0,0,0,0,1,3,13,176,13,176
2021S051635060013,168,920,0,0,0,0,0,0,0,0,0,0,0,0,0,0,0,0,0,0,0,0
2021S051635060017,141,3298,0,0,0,0,0,0,0,0,0,0,0,0,0,0,0,0,1,1,1,1
2021S051635060018,138,1176,0,0,0,0,0,0,1,31,0,0,0,0,0,0,0,0,3,36,3,36
2021S051635060019,101,991,0,0,0,0,0,0,0,0,0,0,0,0,0,0,0,0,1,2,1,2
2021S051635060023,128,1846,0,0,1,3,0,0,0,0,0,0,0,0,0,0,0,0,2,30,2,30
2021S051635060025,241,7493,3,46,5,402,3,433,0,0,4,436,1,33,0,0,0,0,8,91,11,524
2021S051635060027,819,18338,0,0,1,3,0,0,0,0,1,500,0,0,0,0,0,0,4,515,4,515
2021S051635060028,273,1722,1,9,3,15,0,0,0,0,0,0,0,0,0,0,0,0,20,51,20,51
2021S051635060031,876,22125,7,92,16,294,6,116,1,60,6,106,1,24,1,7,6,42,45,719,48,748
2021S051635060032,1283,50593,0,0,4,31,0,0,0,0,0,0,0,0,0,0,0,0,9,190,9,190
2021S051635060033,127,5060,0,0,0,0,0,0,0,0,0,0,0,0,0,0,0,0,1,11,1,11
2021S051635060034,123,1291,0,0,0,0,0,0,0,0,0,0,0,0,0,0,0,0,1,3,1,3
2021S051635060036,620,9863,0,0,3,28,0,0,0,0,3,12,0,0,0,0,0,0,11,80,11,80
2021S051635060040,456,13063,2,201,12,493,8,477,0,0,3,60,0,0,1,14,1,14,14,573,18,787
2021S051635060043,249,2322,1,3,2,9,1,3,0,0,0,0,0,0,0,0,0,0,2,9,2,9
2021S051635060044,603,7954,0,0,1,2,0,0,0,0,0,0,0,0,0,0,0,0,5,72,5,72
2021S051635060045,124,612,0,0,0,0,0,0,0,0,0,0,0,0,0,0,0,0,1,2,1,2
2021S051635060052,133,5972,0,0,2,5,1,2,0,0,0,0,0,0,0,0,1,3,7,98,7,98
2021S051635060053,275,5803,0,0,2,5,1,3,0,0,1,3,0,0,1,33,1,33,6,68,6,68
2021S051635060057,356,6536,0,0,3,78,1,9,0,0,1,6,0,0,0,0,0,0,8,191,8,191
2021S051635060061,157,1203,0,0,1,3,0,0,0,0,0,0,0,0,0,0,0,0,1,3,1,3
2021S051635060062,95,769,0,0,1,2,0,0,0,0,1,2,0,0,0,0,0,0,1,2,1,2
2021S051635060063,142,2336,0,0,0,0,0,0,0,0,1,2,0,0,0,0,0,0,1,2,1,2
2021S051635060064,201,2868,0,0,0,0,0,0,0,0,0,0,0,0,0,0,0,0,2,5,2,5
2021S051635060066,120,2480,0,0,0,0,0,0,0,0,0,0,0,0,0,0,0,0,1,4,1,4
2021S051635060069,87,1059,0,0,0,0,0,0,0,0,0,0,0,0,0,0,0,0,0,0,0,0
2021S051635060071,144,2854,0,0,0,0,0,0,0,0,0,0,0,0,0,0,0,0,0,0,0,0
2021S051635060074,204,1853,0,0,0,0,0,0,0,0,0,0,0,0,0,0,0,0,0,0,0,0
2021S051635060081,2,365,0,0,0,0,0,0,0,0,0,0,0,0,0,0,0,0,0,0,0,0
2021S051635060083,415,8551,2,24,7,67,0,0,0,0,1,2,0,0,0,0,0,0,10,240,10,240
2021S051635060084,242,5985,0,0,0,0,0,0,0,0,0,0,0,0,0,0,0,0,0,0,0,0
2021S051635060090,165,3459,2,582,3,603,3,603,0,0,0,0,0,0,0,0,0,0,6,609,6,609
2021S051635060097,93,591,0,0,0,0,0,0,0,0,0,0,0,0,0,0,1,15,2,17,2,17
2021S051635060101,259,2866,1,12,5,51,2,5,1,3,2,34,0,0,0,0,0,0,12,154,12,154
2021S051635060102,294,2578,1,13,1,13,3,19,0,0,0,0,0,0,2,6,3,13,23,95,23,95
2021S051635060106,124,856,0,0,0,0,0,0,0,0,0,0,0,0,0,0,0,0,0,0,0,0
2021S051635060107,478,6366,2,6,1,4,0,0,0,0,0,0,0,0,0,0,1,3,9,44,9,44
2021S051635060108,177,2640,0,0,0,0,0,0,0,0,0,0,0,0,0,0,0,0,0,0,0,0
2021S051635060109,81,1229,0,0,1,6,0,0,0,0,1,6,0,0,0,0,0,0,3,245,3,245
2021S051635060111,244,1847,0,0,1,12,1,12,1,12,2,15,0,0,0,0,1,2,5,21,5,21
2021S051635060112,164,1322,0,0,0,0,0,0,0,0,0,0,0,0,0,0,0,0,2,3,2,3
2021S051635060114,166,1442,0,0,1,2,0,0,0,0,1,2,0,0,0,0,1,3,2,5,2,5
2021S051635060116,161,1904,0,0,1,2,0,0,0,0,0,0,0,0,0,0,0,0,1,2,1,2
2021S051635060117,134,742,0,0,0,0,0,0,0,0,0,0,0,0,0,0,0,0,0,0,0,0
2021S051635060118,192,1056,0,0,0,0,1,7,0,0,0,0,0,0,0,0,0,0,3,17,3,17
2021S051635060119,327,3458,0,0,4,12,1,5,0,0,1,2,0,0,0,0,0,0,8,44,8,44
2021S051635060122,507,7695,3,95,3,24,5,91,0,0,3,29,1,70,2,36,7,128,43,444,45,466
2021S051635060123,645,8437,0,0,2,5,4,55,0,0,5,93,0,0,1,32,3,71,49,375,51,413
2021S051635060124,477,5448,0,0,6,51,6,88,1,3,4,76,0,0,2,37,4,43,19,174,21,244
2021S051635060125,264,2519,1,2,3,7,1,2,0,0,1,8,0,0,0,0,0,0,8,26,8,26
2021S051635060126,357,5018,4,107,5,34,2,9,0,0,1,7,0,0,2,133,4,229,38,488,38,488
2021S051635060127,154,1137,0,0,1,7,1,7,0,0,0,0,0,0,0,0,0,0,3,5,4,12
2021S051635060129,234,6026,2,19,1,13,1,13,0,0,0,0,0,0,0,0,0,0,2,19,2,19
2021S051635060130,283,6585,0,0,1,149,1,149,0,0,0,0,0,0,0,0,0,0,3,24,4,173
2021S051635060131,111,975,0,0,0,0,0,0,0,0,0,0,0,0,0,0,0,0,0,0,0,0
2021S051635060132,209,3176,0,0,0,0,0,0,0,0,0,0,0,0,0,0,0,0,0,0,0,0
2021S051635060133,307,6271,1,2,1,3,2,5,1,3,1,3,0,0,0,0,0,0,3,12,3,12
2021S051635060134,205,1971,0,0,2,18,1,3,0,0,1,3,0,0,0,0,0,0,3,21,3,21
2021S051635060136,551,7284,1,2,2,4,1,2,0,0,1,3,0,0,0,0,1,1,8,14,8,14
2021S051635060137,455,10663,1,2,1,2,0,0,0,0,0,0,0,0,0,0,0,0,5,29,5,29
2021S051635060138,280,4415,1,12,7,55,1,12,0,0,0,0,0,0,0,0,0,0,11,68,11,68
2021S051635060139,310,4340,1,20,4,162,0,0,0,0,0,0,0,0,0,0,0,0,12,283,12,283
2021S051635060140,494,6696,1,3,2,26,1,3,0,0,1,3,0,0,0,0,0,0,7,53,7,53
2021S051635060141,238,5250,0,0,0,0,0,0,0,0,0,0,0,0,0,0,0,0,3,10,3,10
2021S051635060142,418,5549,0,0,2,5,1,2,0,0,1,3,0,0,0,0,1,7,5,19,5,19
2021S051635060143,236,3836,1,313,1,313,0,0,0,0,0,0,0,0,0,0,0,0,4,317,4,317
2021S051635060144,240,5472,0,0,2,16,1,11,0,0,0,0,0,0,0,0,0,0,3,18,3,18
2021S051635060145,80,1737,0,0,0,0,0,0,0,0,0,0,0,0,0,0,0,0,1,2,1,2
2021S051635060146,213,2805,0,0,0,0,0,0,0,0,0,0,0,0,0,0,0,0,0,0,0,0
2021S051635060147,343,4264,0,0,1,3,1,3,1,3,1,3,0,0,0,0,0,0,3,8,3,8
2021S051635060148,1145,28605,9,124,19,302,11,205,3,94,10,169,1,33,0,0,3,15,45,626,50,685
2021S051635060149,217,5428,0,0,3,130,0,0,0,0,1,17,0,0,0,0,0,0,6,154,6,154
2021S051635060151,351,7365,1,20,1,20,0,0,0,0,0,0,0,0,0,0,1,3,10,135,10,135
2021S051635060152,175,1843,0,0,1,3,1,3,0,0,0,0,0,0,1,3,1,3,2,6,2,6
2021S051635060153,341,4678,0,0,0,0,0,0,0,0,0,0,0,0,0,0,0,0,0,0,0,0
2021S051635060154,276,3367,0,0,0,0,0,0,0,0,0,0,0,0,0,0,0,0,4,19,4,19
2021S051635060155,421,7214,1,20,2,311,0,0,0,0,0,0,0,0,0,0,0,0,4,324,4,324
2021S051635060156,141,1862,1,70,1,3,1,3,1,3,1,3,1,70,0,0,0,0,6,93,6,93
2021S051635060157,132,1541,0,0,0,0,0,0,0,0,0,0,0,0,0,0,0,0,1,3,1,3
2021S051635060158,272,4692,1,3,1,3,0,0,0,0,0,0,0,0,0,0,0,0,1,3,1,3
2021S051635060159,454,9039,3,66,7,90,2,28,0,0,1,6,0,0,0,0,0,0,13,100,13,100
2021S051635060160,215,2641,0,0,2,8,1,2,0,0,0,0,0,0,0,0,0,0,2,8,2,8
2021S051635060161,315,4835,0,0,6,166,3,178,2,30,4,184,0,0,0,0,0,0,13,208,14,356
2021S051635060162,513,4365,1,5,0,0,0,0,0,0,0,0,0,0,0,0,0,0,3,9,3,9
2021S051635060163,137,1083,0,0,2,6,1,3,1,3,1,3,0,0,0,0,0,0,3,8,3,8
2021S051635060164,502,9647,4,170,7,323,1,2,1,7,1,139,0,0,0,0,0,0,14,887,14,887
2021S051635060165,661,24141,11,338,22,945,6,66,2,10,3,162,0,0,0,0,2,5,36,1446,36,1446
2021S051635060166,689,11745,5,119,14,307,7,34,1,12,3,160,0,0,1,7,3,155,44,854,45,861
2021S051635060167,487,9861,0,0,2,7,1,5,0,0,0,0,0,0,0,0,1,2,5,26,5,26
2021S051635060168,266,2832,0,0,1,5,0,0,0,0,0,0,0,0,0,0,0,0,8,32,8,32
2021S051635070003,306,4518,2,23,5,58,3,10,2,440,2,115,0,0,1,15,1,15,35,822,35,822
2021S051635070004,401,3320,0,0,7,35,4,30,0,0,0,0,0,0,1,13,1,13,42,212,42,212
2021S051635070005,94,773,1,1,0,0,0,0,0,0,2,109,0,0,0,0,0,0,13,146,13,146
2021S051635070006,230,2332,2,6,4,30,4,33,0,0,2,4,1,5,0,0,1,7,26,174,27,177
2021S051635070007,188,1882,0,0,1,3,1,3,1,3,1,3,0,0,0,0,0,0,15,91,15,91
2021S051635070009,114,2558,0,0,3,377,2,59,2,132,2,103,0,0,0,0,0,0,8,701,9,770
2021S051635070010,333,7570,0,0,3,18,1,5,0,0,0,0,0,0,1,30,1,30,11,422,11,422
2021S051635070011,187,2243,1,2,2,7,2,7,0,0,0,0,0,0,0,0,2,6,20,53,20,53
2021S051635070012,207,2965,0,0,2,41,2,62,1,29,0,0,0,0,2,36,2,36,7,274,7,274
2021S051635070013,270,4839,4,370,5,415,3,96,0,0,0,0,0,0,0,0,0,0,8,421,8,421
2021S051635072000,540,7009,2,7,4,18,2,5,0,0,1,31,0,0,1,3,3,25,34,200,35,203
2021S051635090002,125,767,0,0,0,0,0,0,0,0,0,0,0,0,4,39,7,58,21,108,21,108
2021S051635090005,431,7460,2,25,5,179,4,158,0,0,1,148,1,5,2,10,3,13,21,131,22,279
2021S051635090006,165,1243,0,0,2,22,2,22,0,0,2,22,0,0,0,0,1,3,5,46,7,68
2021S051635090007,44,304,0,0,0,0,0,0,0,0,0,0,0,0,1,3,1,3,1,3,1,3
2021S051635090008,423,7480,1,9,7,75,5,85,2,6,4,83,0,0,1,3,1,3,27,497,27,497
2021S051635090009,377,4173,2,8,5,41,4,28,1,6,1,6,1,2,2,17,3,19,36,240,36,240
2021S051635090010,38,298,0,0,0,0,0,0,0,0,0,0,0,0,0,0,0,0,1,1,1,1
2021S051635090011,470,7213,2,80,7,160,2,29,0,0,1,36,1,24,0,0,2,17,20,358,20,358
2021S051635100001,144,1418,0,0,0,0,0,0,0,0,0,0,0,0,4,16,4,16,6,23,6,23
2021S051635100002,142,1109,0,0,0,0,1,7,0,0,1,7,0,0,0,0,0,0,1,1,2,8
2021S051635100003,111,825,1,3,1,3,1,3,0,0,1,3,0,0,0,0,0,0,12,109,13,112
2021S051635100004,353,3815,3,188,7,220,6,218,0,0,1,2,0,0,0,0,1,7,20,297,20,297
2021S051635100005,109,783,0,0,0,0,0,0,0,0,0,0,0,0,0,0,1,3,7,19,7,19
2021S051635100006,601,12763,1,9,4,354,4,109,0,0,4,369,0,0,1,30,4,59,36,727,38,757
2021S051635100007,39,313,0,0,0,0,0,0,0,0,0,0,0,0,0,0,0,0,6,20,6,20
2021S051635100008,170,3079,0,0,3,47,4,56,0,0,2,42,0,0,0,0,1,3,8,115,10,157
2021S051635100009,579,9731,5,137,5,147,5,113,0,0,3,64,0,0,1,33,3,74,22,345,24,395
2021S051635100010,170,2428,1,4,2,10,0,0,0,0,0,0,0,0,0,0,0,0,4,17,4,17
2021S051635100011,459,12834,1,2,0,0,0,0,0,0,0,0,0,0,0,0,0,0,4,192,4,192
2021S051635100012,351,5534,2,14,3,23,2,8,0,0,0,0,0,0,0,0,0,0,10,81,10,81
2021S051635100013,549,10665,2,33,6,88,3,56,0,0,3,30,1,24,0,0,1,15,20,275,21,282
2021S051635100014,283,3227,0,0,1,2,0,0,0,0,1,2,0,0,0,0,0,0,1,2,1,2
2021S051635100015,128,1222,0,0,1,15,1,15,0,0,1,15,0,0,0,0,0,0,3,109,4,124
2021S051635100016,192,1910,0,0,0,0,0,0,0,0,0,0,0,0,1,3,1,3,1,3,1,3
2021S051635100017,84,1873,0,0,1,6,0,0,0,0,0,0,0,0,0,0,0,0,3,10,3,10
2021S051635100018,167,1484,0,0,1,3,0,0,0,0,0,0,0,0,0,0,0,0,3,6,3,6
2021S051635110001,211,1903,0,0,1,3,2,10,0,0,1,3,0,0,2,10,5,17,12,30,13,33
2021S051635110002,177,1957,0,0,2,41,1,35,0,0,1,35,0,0,0,0,0,0,11,193,12,228
2021S051635110003,290,6796,3,596,7,81,3,65,0,0,0,0,2,60,0,0,1,15,35,934,35,934
2021S051635110004,132,1717,1,117,1,117,1,117,0,0,0,0,0,0,0,0,0,0,6,369,6,369
2021S051635110005,195,2231,0,0,0,0,0,0,0,0,1,2,0,0,0,0,0,0,5,19,5,19
2021S051635120001,462,4930,1,13,6,25,5,54,2,9,2,9,0,0,5,92,17,140,30,202,30,202
2021S051635120002,131,1436,0,0,0,0,1,3,0,0,0,0,0,0,2,35,3,37,11,53,11,53
2021S051635120003,124,1043,1,4,1,4,1,4,0,0,0,0,0,0,2,22,3,25,8,71,8,71
2021S051635120004,127,1145,0,0,1,3,1,3,0,0,0,0,0,0,3,44,4,47,13,98,13,98
2021S051635120005,60,934,0,0,1,2,0,0,0,0,1,2,0,0,0,0,0,0,4,56,4,56
2021S051635120007,483,6546,1,12,9,70,8,115,3,19,4,83,0,0,1,63,1,63,37,389,38,463
2021S051635120008,347,3465,1,4,3,35,2,31,1,28,1,28,0,0,1,14,5,118,40,248,40,248
2021S051635120009,0,0,0,0,0,0,0,0,0,0,0,0,0,0,0,0,0,0,0,0,0,0
2021S051635120010,80,1621,0,0,3,35,4,109,1,132,1,74,0,0,0,0,1,1,7,172,8,246
2021S051635120011,151,3044,0,0,4,67,2,15,5,408,1,12,0,0,0,0,1,7,31,843,31,843
2021S051635120013,339,7436,1,264,3,42,3,42,0,0,0,0,0,0,0,0,0,0,7,341,8,376
2021S051635120014,97,2000,1,9,1,9,1,9,0,0,1,8,0,0,0,0,0,0,5,44,5,44
2021S051635120015,372,6487,0,0,1,3,0,0,0,0,0,0,0,0,0,0,0,0,5,17,5,17
2021S051635120016,172,4365,0,0,0,0,0,0,0,0,1,18,0,0,0,0,0,0,2,21,2,21
2021S051635120017,47,385,0,0,0,0,0,0,0,0,0,0,0,0,0,0,0,0,0,0,0,0
2021S051635120018,178,2148,0,0,0,0,1,3,0,0,1,2,0,0,1,3,2,6,14,46,14,46
2021S051635120019,243,4603,0,0,3,41,1,7,0,0,2,14,0,0,0,0,0,0,8,213,9,220
2021S051635120020,95,1297,0,0,0,0,1,3,0,0,0,0,0,0,0,0,0,0,3,8,3,8
2021S051635120021,125,1521,1,12,0,0,0,0,0,0,1,84,0,0,0,0,0,0,2,96,2,96
2021S051635120022,145,5727,5,924,6,437,6,455,1,6,2,20,0,0,0,0,0,0,22,1844,22,1844
2021S051635122000,61,579,0,0,1,6,2,9,1,6,1,6,0,0,1,3,1,3,5,31,5,31
2021S051635130001,175,1544,1,12,2,40,0,0,0,0,0,0,0,0,0,0,2,17,32,349,32,349
2021S051635130002,481,5724,1,3,9,104,2,8,0,0,1,2,0,0,0,0,0,0,40,288,40,288
2021S051635130003,330,2728,0,0,5,25,5,12,1,3,2,6,1,2,0,0,1,3,44,278,45,281
2021S051635140001,329,4270,1,3,7,39,5,45,0,0,1,2,1,3,3,151,3,151,45,313,45,313
2021S051635140002,303,2890,3,29,2,16,2,5,0,0,0,0,1,2,2,10,2,10,26,165,26,165
2021S051635140003,126,1165,0,0,1,15,1,15,0,0,0,0,0,0,0,0,1,15,12,53,12,53
2021S051635140004,150,2014,1,5,2,11,4,120,0,0,3,215,0,0,1,13,1,13,13,349,15,458
2021S051635140005,0,0,0,0,0,0,0,0,0,0,0,0,0,0,0,0,0,0,0,0,0,0
2021S051635140006,108,712,0,0,0,0,1,35,0,0,1,35,0,0,0,0,1,7,14,45,15,80
2021S051635140007,201,3287,1,11,2,15,1,12,1,12,1,12,0,0,0,0,1,2,19,121,19,121
2021S051635140008,450,6431,2,8,8,133,10,107,3,147,4,40,0,0,2,166,5,187,41,895,43,937
2021S051635140009,436,7735,5,63,6,102,5,103,2,34,3,49,1,50,0,0,0,0,15,220,16,235
2021S051635140010,231,4422,2,361,1,337,3,564,0,0,2,492,1,24,0,0,0,0,6,725,7,1062
2021S051635150001,369,3524,2,7,4,12,4,12,1,3,3,22,0,0,5,19,5,19,27,366,27,366
2021S051635150002,180,1504,2,5,1,3,1,2,0,0,0,0,1,2,1,3,2,5,15,178,16,181
2021S051635150003,136,1338,0,0,2,4,3,7,0,0,0,0,0,0,2,33,3,36,11,56,11,56
2021S051635150004,211,1681,0,0,3,11,2,6,0,0,0,0,0,0,0,0,1,3,9,26,9,26
2021S051635150005,9,202,0,0,0,0,0,0,0,0,0,0,0,0,0,0,0,0,0,0,0,0
2021S051635150006,308,4118,1,50,4,127,4,185,1,119,2,137,1,50,1,14,1,14,19,344,19,344
2021S051635150007,255,3529,1,232,1,5,4,255,0,0,2,18,1,232,0,0,0,0,29,334,30,349
2021S051635150008,121,2267,0,0,0,0,0,0,0,0,1,4,0,0,0,0,1,2,5,13,5,13
2021S051635150009,314,3661,0,0,1,6,1,6,1,6,1,6,0,0,1,30,1,30,10,52,10,52
2021S051635150010,169,3144,0,0,1,2,1,2,0,0,0,0,0,0,0,0,0,0,2,5,2,5
2021S051635150011,106,2250,0,0,0,0,0,0,0,0,0,0,0,0,0,0,0,0,1,21,1,21
2021S051635150012,153,2040,1,3,4,75,1,2,0,0,0,0,0,0,0,0,1,7,7,87,7,87
2021S051635150013,567,10455,0,0,3,16,0,0,0,0,1,2,0,0,0,0,0,0,4,24,4,24
2021S051635150014,244,5447,0,0,1,5,1,7,0,0,1,246,0,0,0,0,0,0,3,258,3,258
2021S051635150015,198,4435,4,769,5,934,5,634,1,130,2,23,0,0,1,14,3,97,20,577,22,1122
2021S051635150016,125,1042,0,0,1,2,0,0,0,0,0,0,0,0,0,0,0,0,2,4,2,4
2021S051635150017,119,1537,0,0,1,2,1,2,0,0,0,0,0,0,0,0,0,0,1,2,1,2
2021S051635150018,265,3264,2,11,5,62,2,23,1,7,1,2,1,2,1,7,2,10,27,139,27,139
2021S051635150019,412,10654,5,101,15,294,7,81,2,19,4,54,0,0,1,136,1,136,27,549,29,591
2021S051635150020,3,428,0,0,0,0,0,0,0,0,0,0,0,0,0,0,0,0,0,0,0,0
2021S051635160001,185,1230,0,0,1,3,3,8,0,0,0,0,1,2,1,30,1,30,17,75,17,75
2021S051635160002,415,4966,1,2,6,14,6,19,1,3,2,5,0,0,2,10,3,12,17,160,17,160
2021S051635160003,184,1287,0,0,1,10,0,0,0,0,0,0,0,0,0,0,0,0,21,59,21,59
2021S051635160004,219,4003,1,24,2,4,2,26,0,0,0,0,1,24,0,0,0,0,10,196,10,196
2021S051635160005,193,2427,1,3,2,120,3,140,0,0,4,84,0,0,0,0,2,71,25,310,27,360
2021S051635160006,198,1457,0,0,1,2,0,0,0,0,1,2,0,0,1,7,2,10,17,44,17,44
2021S051635160007,173,1650,0,0,2,21,1,12,1,12,1,12,0,0,0,0,0,0,15,145,15,145
2021S051635160008,409,6899,2,339,3,352,3,341,0,0,0,0,1,2,0,0,1,34,8,90,9,427
2021S051635180001,360,3783,2,110,3,12,7,140,0,0,2,46,1,50,1,3,1,3,39,287,41,305
2021S051635180002,186,1912,0,0,1,3,1,3,1,3,1,3,0,0,1,7,1,7,18,80,18,80
2021S051635180003,353,4718,4,78,8,140,10,262,1,12,3,101,1,50,2,95,3,98,44,461,48,628
2021S051635180004,180,1771,1,2,2,6,3,8,0,0,1,3,0,0,0,0,0,0,26,136,28,142
2021S051635180005,0,0,0,0,0,0,0,0,0,0,0,0,0,0,0,0,0,0,0,0,0,0
2021S051635180006,182,1908,0,0,1,9,0,0,0,0,0,0,0,0,1,7,2,69,19,150,19,150
2021S051635180007,524,7476,3,12,6,72,6,73,2,40,2,40,1,5,1,7,1,7,35,541,35,541
2021S051635180008,161,1593,0,0,1,12,1,87,0,0,0,0,0,0,1,3,2,10,13,158,13,158
2021S051635180009,327,4437,2,37,2,13,2,13,1,6,2,13,0,0,1,7,3,17,17,111,18,118
2021S051635180010,245,2341,1,11,1,3,0,0,0,0,0,0,0,0,0,0,0,0,8,34,8,34
2021S051635180011,275,4757,0,0,1,1,1,7,0,0,0,0,0,0,1,7,1,7,5,31,5,31
2021S051635180012,207,2491,0,0,1,90,1,90,0,0,0,0,0,0,0,0,0,0,10,376,10,376
2021S051635180013,252,2159,1,18,3,23,3,23,0,0,1,3,0,0,0,0,1,6,15,62,15,62
2021S051635180015,160,1399,0,0,2,6,1,2,0,0,1,4,0,0,0,0,1,3,6,20,6,20
2021S051635180017,212,2973,0,0,0,0,0,0,0,0,0,0,0,0,0,0,1,3,3,445,3,445
2021S051635180019,236,4739,0,0,3,8,1,2,0,0,1,3,0,0,0,0,0,0,7,15,7,15
2021S051635180020,135,2534,0,0,0,0,0,0,0,0,0,0,0,0,0,0,0,0,0,0,0,0
2021S051635180022,280,4229,3,172,6,67,3,168,0,0,2,41,2,133,1,33,3,55,21,344,22,379
2021S051635180024,61,610,0,0,0,0,0,0,0,0,0,0,0,0,0,0,0,0,2,8,2,8
2021S051635180025,54,821,0,0,1,3,1,3,0,0,0,0,0,0,0,0,0,0,1,3,1,3
2021S051635180026,119,1531,0,0,1,2,1,2,0,0,1,2,0,0,0,0,0,0,2,4,2,4
2021S051635180027,129,1071,0,0,1,3,0,0,0,0,0,0,0,0,0,0,0,0,3,5,3,5
2021S051635180028,128,2440,0,0,1,63,0,0,0,0,1,2,0,0,0,0,0,0,3,70,3,70
2021S051635180029,204,2506,0,0,0,0,0,0,0,0,0,0,0,0,0,0,1,7,4,13,4,13
2021S051635180030,45,327,0,0,0,0,0,0,0,0,0,0,0,0,0,0,0,0,0,0,0,0
2021S051635180031,107,812,0,0,1,5,1,3,0,0,1,3,0,0,0,0,1,3,4,15,4,15
2021S051635180032,443,7279,1,5,4,14,4,16,0,0,1,7,0,0,0,0,0,0,9,45,10,52
2021S051635180033,141,922,0,0,0,0,0,0,0,0,0,0,0,0,0,0,0,0,0,0,0,0
2021S051635180034,105,2016,1,2,0,0,1,2,0,0,0,0,1,2,0,0,0,0,3,7,3,7
2021S051635180035,115,1008,0,0,0,0,0,0,0,0,0,0,0,0,0,0,0,0,1,3,1,3
2021S051635180036,166,1133,1,2,1,2,2,4,0,0,0,0,0,0,0,0,1,3,4,13,4,13
2021S051635180037,328,6515,0,0,1,2,0,0,0,0,1,2,0,0,0,0,0,0,1,2,1,2
2021S051635180038,87,780,0,0,1,3,1,3,1,3,1,3,0,0,0,0,0,0,2,10,2,10
2021S051635180039,132,1247,0,0,1,3,0,0,0,0,1,3,0,0,0,0,0,0,2,8,3,11
2021S051635180040,290,2413,0,0,4,13,2,8,0,0,1,3,0,0,0,0,0,0,7,23,8,26
2021S051635180041,327,2883,2,42,3,56,0,0,0,0,1,14,0,0,0,0,0,0,7,72,7,72
2021S051635180043,85,1899,1,7,1,7,1,7,0,0,0,0,0,0,0,0,0,0,0,0,1,7
2021S051635180045,272,5637,5,328,8,214,9,280,0,0,3,48,1,70,1,14,4,70,22,360,26,580
2021S051635180048,150,4140,1,2,2,8,0,0,0,0,0,0,0,0,0,0,0,0,4,12,4,12
2021S051635180049,540,11658,6,121,17,512,11,363,2,119,8,245,2,26,0,0,1,13,30,854,34,1006
2021S051635180050,212,6046,4,647,2,38,4,138,0,0,2,38,4,647,0,0,1,7,10,663,12,701
2021S051635180053,132,852,0,0,0,0,0,0,0,0,0,0,0,0,0,0,0,0,1,2,1,2
2021S051635180054,290,9892,5,591,9,861,6,1233,0,0,4,547,0,0,3,150,4,163,25,1531,27,1695
2021S051635180055,197,2587,2,8,2,33,0,0,0,0,0,0,0,0,0,0,1,7,5,44,5,44
2021S051635180056,89,531,0,0,0,0,0,0,0,0,0,0,0,0,0,0,0,0,2,9,2,9
2021S051635180057,221,1682,0,0,0,0,0,0,0,0,0,0,0,0,0,0,0,0,0,0,0,0
2021S051635180058,62,326,0,0,1,3,0,0,0,0,0,0,0,0,1,3,1,3,2,6,2,6
2021S051635180060,125,1985,0,0,1,3,0,0,0,0,0,0,0,0,0,0,0,0,1,3,1,3
2021S051635180061,63,317,0,0,0,0,0,0,0,0,0,0,0,0,0,0,0,0,0,0,0,0
2021S051635180062,112,1183,0,0,0,0,0,0,0,0,0,0,0,0,0,0,1,3,1,3,1,3
2021S051635180063,192,1603,0,0,3,8,2,5,1,3,2,6,0,0,0,0,1,3,5,19,5,19
2021S051635180066,246,1918,1,2,2,5,1,2,0,0,0,0,0,0,0,0,0,0,7,27,7,27
2021S051635180067,87,469,0,0,0,0,0,0,0,0,0,0,0,0,0,0,0,0,0,0,0,0
2021S051635180068,125,783,0,0,1,2,1,2,0,0,0,0,0,0,0,0,0,0,2,17,2,17
2021S051635180069,127,2039,0,0,1,3,0,0,0,0,0,0,0,0,0,0,0,0,2,6,2,6
2021S051635180070,242,4362,6,396,11,808,8,485,1,29,2,30,1,50,2,13,2,13,28,1001,29,1016
2021S051635180071,427,8130,3,6,6,42,3,36,3,36,3,36,0,0,0,0,0,0,8,47,8,47
2021S051635180072,667,14388,9,111,35,1143,21,453,6,232,11,612,1,24,2,10,10,75,76,2210,82,2324
2021S051635180073,157,1282,0,0,0,0,0,0,0,0,0,0,0,0,0,0,0,0,2,8,2,8
2021S051635180074,85,726,0,0,0,0,0,0,0,0,0,0,0,0,0,0,1,3,2,23,2,23
2021S051635180075,80,396,0,0,1,9,0,0,0,0,0,0,0,0,0,0,0,0,2,10,2,10
2021S051635180076,137,635,0,0,0,0,0,0,0,0,0,0,0,0,0,0,0,0,0,0,0,0
2021S051635180077,229,3895,1,34,3,66,2,36,0,0,0,0,0,0,0,0,0,0,9,354,10,388
2021S051635180078,178,1634,0,0,0,0,0,0,0,0,0,0,0,0,0,0,0,0,3,5,3,5
2021S051635180079,138,942,0,0,1,3,1,26,0,0,0,0,0,0,0,0,0,0,2,29,2,29
2021S051635180080,176,1272,0,0,0,0,1,3,0,0,0,0,0,0,1,3,1,3,3,5,3,5
2021S051635180081,386,4986,0,0,1,3,0,0,0,0,0,0,0,0,0,0,0,0,4,8,4,8
2021S051635180082,94,878,0,0,0,0,0,0,0,0,0,0,0,0,0,0,0,0,0,0,0,0
2021S051635180083,179,1580,0,0,0,0,0,0,0,0,0,0,0,0,0,0,0,0,2,2,2,2
2021S051635180084,289,2190,0,0,0,0,0,0,0,0,0,0,0,0,0,0,0,0,3,3,3,3
2021S051635180085,342,7125,3,126,6,205,4,63,1,28,2,35,0,0,0,0,0,0,10,215,11,222
2021S051635182000,382,5427,5,49,7,36,4,21,1,3,2,5,1,2,1,126,2,132,19,299,20,302
2021S051635182001,75,581,0,0,1,2,1,14,0,0,0,0,0,0,0,0,0,0,2,16,2,16
2021S051635182002,78,999,0,0,1,6,1,21,0,0,0,0,0,0,0,0,0,0,3,111,3,111
2021S051635182003,169,1239,0,0,1,5,0,0,0,0,1,1,0,0,0,0,0,0,4,9,4,9
2021S051635182005,111,2189,0,0,0,0,0,0,0,0,0,0,0,0,0,0,0,0,1,5,1,5
2021S051635182006,466,9154,7,32,14,175,11,199,0,0,9,138,2,12,3,35,3,35,39,737,42,790
2021S051635182011,164,1348,2,21,2,21,0,0,0,0,0,0,0,0,0,0,0,0,4,23,4,23
2021S051635182012,180,1626,0,0,0,0,0,0,0,0,0,0,0,0,0,0,0,0,2,4,2,4
2021S051635190001,253,2003,3,22,2,78,3,85,0,0,1,74,0,0,2,41,3,47,20,116,21,190
2021S051635190002,110,1221,0,0,0,0,1,2,0,0,0,0,1,2,0,0,0,0,1,2,1,2
2021S051635190003,0,0,0,0,0,0,0,0,0,0,0,0,0,0,0,0,0,0,0,0,0,0
2021S051635190004,198,2144,0,0,0,0,0,0,0,0,0,0,0,0,0,0,0,0,2,3,2,3
2021S051635190006,303,4004,0,0,3,8,1,3,1,7,2,6,0,0,0,0,1,1,17,65,18,68
2021S051635190007,176,2018,0,0,3,19,1,3,0,0,3,9,0,0,0,0,0,0,5,25,7,31
2021S051635190008,123,873,1,37,2,40,1,37,0,0,0,0,0,0,0,0,1,7,6,53,6,53
2021S051635190009,458,4629,2,511,7,851,3,15,1,3,3,8,0,0,0,0,0,0,27,907,27,907
2021S051635190010,607,7181,1,3,1,3,1,3,0,0,0,0,0,0,1,7,2,20,22,134,22,134
2021S051635190011,504,7561,4,10,17,152,14,138,5,45,12,105,0,0,1,126,3,143,43,354,48,437
2021S051635190012,249,2533,1,3,1,3,1,3,0,0,0,0,0,0,0,0,0,0,3,6,3,6
2021S051635190013,240,2055,0,0,2,4,1,2,0,0,2,5,0,0,0,0,0,0,10,101,10,101
2021S051635190014,567,11518,12,992,24,943,18,1034,4,43,6,53,3,125,1,3,1,3,48,1434,54,1733
2021S051635190015,109,1364,1,3,4,12,1,3,1,3,0,0,0,0,1,3,1,3,6,18,6,18
2021S051635190016,435,7410,7,337,13,614,12,443,0,0,6,302,1,50,1,14,2,17,27,796,31,848
2021S051635190017,336,4693,0,0,2,8,1,2,0,0,0,0,0,0,0,0,1,3,4,14,4,14
2021S051635190018,494,7048,3,15,7,27,3,10,0,0,2,5,0,0,0,0,1,14,15,85,16,88
2021S051635190019,434,4832,4,1211,7,1269,5,758,0,0,1,74,1,33,0,0,0,0,12,1297,13,1371
2021S051635190020,250,3180,2,5,2,6,2,5,0,0,0,0,1,2,0,0,0,0,5,19,5,19
2021S051635190021,187,1348,1,5,5,15,2,5,0,0,1,3,0,0,0,0,0,0,11,27,11,27
2021S051635190022,423,3681,0,0,0,0,0,0,0,0,1,3,0,0,0,0,0,0,4,8,4,8
2021S051635190023,317,5752,3,64,7,157,3,65,2,17,1,3,0,0,0,0,1,3,14,278,14,278
2021S051635190024,453,3540,1,3,3,9,2,6,0,0,0,0,0,0,1,3,2,6,18,113,18,113
2021S051635190025,332,2360,1,9,5,21,2,12,0,0,3,17,0,0,0,0,0,0,11,45,11,45
2021S051635190026,229,2711,1,3,2,9,0,0,0,0,0,0,0,0,0,0,0,0,3,11,4,14
2021S051635190027,247,2072,0,0,1,3,1,3,0,0,0,0,0,0,0,0,0,0,1,3,1,3
2021S051635190028,700,14718,12,1443,24,1561,15,1226,3,46,7,98,1,24,1,3,5,69,57,1395,61,2328
2021S051635190029,241,3429,0,0,1,2,1,2,0,0,0,0,0,0,0,0,0,0,4,16,4,16
2021S051635190030,407,5666,2,48,3,63,3,28,0,0,1,15,1,10,0,0,2,6,14,208,15,223
2021S051635190031,274,3684,2,5,1,3,1,3,0,0,1,3,0,0,0,0,0,0,13,41,13,41
2021S051635190032,184,1115,1,3,2,6,0,0,0,0,0,0,0,0,0,0,0,0,2,6,2,6
2021S051635190034,162,1552,0,0,3,15,2,13,0,0,0,0,0,0,1,3,1,3,6,22,6,22
2021S051635190035,294,1934,0,0,2,9,0,0,0,0,0,0,0,0,0,0,0,0,3,11,3,11
2021S051635190036,380,2292,3,10,4,18,1,2,0,0,1,3,1,2,0,0,0,0,12,63,12,63
2021S051635190037,266,1496,0,0,1,2,1,3,0,0,0,0,0,0,1,3,2,6,6,16,6,16
2021S051635190038,352,3473,1,2,1,2,1,2,0,0,0,0,0,0,0,0,2,10,8,28,8,28
2021S051635190039,214,1510,0,0,3,45,3,45,1,28,1,28,0,0,0,0,1,15,6,67,6,67
2021S051635190040,281,2249,0,0,2,6,0,0,0,0,0,0,0,0,0,0,1,3,9,28,9,28
2021S051635190041,398,1908,1,2,6,14,1,2,0,0,1,2,0,0,1,3,1,3,8,19,8,19
2021S051635190042,222,1609,0,0,1,2,1,2,0,0,0,0,0,0,0,0,0,0,2,4,2,4
2021S051635190043,136,1035,0,0,0,0,0,0,0,0,0,0,0,0,0,0,1,3,1,3,1,3
2021S051635190044,216,2480,0,0,0,0,0,0,0,0,0,0,0,0,0,0,0,0,1,2,1,2
2021S051635190045,292,2275,0,0,0,0,0,0,0,0,1,3,0,0,0,0,0,0,7,18,7,18
2021S051635190046,221,1119,1,3,4,10,0,0,0,0,1,2,0,0,0,0,0,0,5,14,5,14
2021S051635190047,249,1630,0,0,1,6,1,6,1,6,2,9,0,0,0,0,0,0,4,11,4,11
2021S051635190048,104,492,0,0,1,2,0,0,0,0,1,2,0,0,0,0,0,0,2,4,2,4
2021S051635190049,316,2625,0,0,0,0,1,7,0,0,0,0,0,0,0,0,0,0,1,7,1,7
2021S051635190050,215,2422,1,2,1,2,0,0,0,0,0,0,0,0,0,0,0,0,3,5,3,5
2021S051635190051,403,5573,1,9,5,64,5,64,2,15,4,68,0,0,0,0,4,120,21,399,22,434
2021S051635190052,120,608,1,3,2,5,0,0,0,0,1,2,0,0,0,0,0,0,1,2,2,5
2021S051635190053,306,1842,0,0,1,2,2,5,0,0,1,2,0,0,1,3,1,3,9,30,9,30
2021S051635190054,223,2505,0,0,1,5,0,0,0,0,1,3,0,0,0,0,1,3,5,20,5,20
2021S051635190055,597,5337,2,24,6,39,3,9,0,0,1,4,0,0,0,0,1,3,13,66,13,66
2021S051635190057,241,1171,0,0,1,2,0,0,0,0,1,2,0,0,0,0,0,0,3,17,3,17
2021S051635190058,247,1676,0,0,2,9,1,7,0,0,1,3,0,0,1,7,1,7,4,15,5,22
2021S051635190059,285,2448,1,6,0,0,0,0,0,0,0,0,0,0,0,0,0,0,4,15,4,15
2021S051635190060,124,584,0,0,2,5,0,0,0,0,0,0,0,0,0,0,0,0,3,16,3,16
2021S051635190061,281,1559,0,0,0,0,0,0,0,0,2,5,0,0,0,0,0,0,4,11,4,11
2021S051635190062,262,1914,1,5,1,2,2,7,0,0,0,0,1,5,0,0,0,0,8,22,8,22
2021S051635190063,355,5104,1,6,3,15,2,8,0,0,1,7,0,0,0,0,0,0,4,17,4,17
2021S051635190064,983,21592,10,825,14,1183,5,398,0,0,0,0,0,0,0,0,2,49,36,1502,36,1502
2021S051635190065,350,5197,0,0,0,0,0,0,0,0,0,0,0,0,0,0,0,0,7,35,7,35
2021S051635190066,171,1335,0,0,1,3,0,0,0,0,0,0,0,0,0,0,0,0,2,4,2,4
2021S051635190067,252,2094,0,0,0,0,0,0,0,0,0,0,0,0,1,3,1,3,5,10,5,10
2021S051635190071,283,6656,2,49,4,81,1,6,0,0,1,2,0,0,0,0,1,3,11,240,11,240
2021S051635190072,251,2644,3,314,8,459,7,403,1,12,4,98,0,0,0,0,2,41,12,472,15,525
2021S051635190073,131,1380,0,0,1,3,1,3,0,0,0,0,0,0,0,0,0,0,1,3,1,3
2021S051635190074,138,2222,0,0,3,159,1,35,0,0,2,96,0,0,0,0,0,0,3,138,4,173
2021S051635190075,340,2059,1,5,1,5,0,0,0,0,0,0,0,0,0,0,1,15,3,22,3,22
2021S051635190077,434,2869,0,0,2,5,1,3,0,0,1,3,0,0,0,0,0,0,9,44,9,44
2021S051635190081,1712,28554,23,821,51,1368,26,801,4,73,21,418,1,5,1,14,9,123,97,2055,100,2249
2021S051635190083,113,519,0,0,1,6,1,6,1,6,1,6,0,0,0,0,0,0,5,14,5,14
2021S051635190085,216,1536,1,3,1,3,1,3,0,0,0,0,0,0,0,0,1,3,5,11,5,11
2021S051635190086,91,592,0,0,0,0,0,0,0,0,0,0,0,0,0,0,0,0,1,3,1,3
2021S051635190087,111,521,0,0,0,0,0,0,0,0,0,0,0,0,0,0,0,0,1,2,1,2
2021S051635190088,229,2836,0,0,1,15,1,15,0,0,1,15,0,0,0,0,0,0,3,9,4,24
2021S051635190089,450,3057,1,2,2,7,1,5,0,0,0,0,0,0,0,0,0,0,3,10,3,10
2021S051635190090,82,497,0,0,2,151,1,148,0,0,1,148,0,0,0,0,1,3,4,14,5,162
2021S051635190093,238,2392,0,0,0,0,0,0,0,0,0,0,0,0,0,0,0,0,2,5,2,5
2021S051635190095,324,1911,0,0,1,3,1,3,0,0,0,0,0,0,0,0,0,0,3,7,3,7
2021S051635190096,425,3757,0,0,2,5,2,5,0,0,1,3,0,0,0,0,1,3,5,13,5,13
2021S051635190099,142,2446,0,0,0,0,0,0,0,0,0,0,0,0,0,0,0,0,0,0,0,0
2021S051635190100,500,5266,1,29,5,71,3,7,1,3,2,38,0,0,0,0,1,3,8,78,8,78
2021S051635190101,132,1335,0,0,0,0,0,0,0,0,0,0,0,0,0,0,0,0,3,9,3,9
2021S051635190102,184,1794,0,0,0,0,0,0,0,0,0,0,0,0,0,0,1,339,4,343,4,343
2021S051635190103,397,2287,3,7,7,15,5,12,0,0,2,4,0,0,1,3,1,3,9,24,9,24
2021S051635190104,289,2984,0,0,1,2,2,5,0,0,1,3,0,0,1,3,1,3,6,59,6,59
2021S051635190106,756,10307,5,126,18,359,11,198,1,3,8,77,0,0,4,89,8,125,42,509,47,564
2021S051635190107,346,1973,0,0,0,0,0,0,0,0,0,0,0,0,0,0,1,15,5,19,5,19
2021S051635190108,215,3547,1,10,2,22,2,22,0,0,0,0,0,0,0,0,2,22,5,62,5,62
2021S051635190109,4728,111835,75,6615,188,10083,159,7805,21,332,72,1977,4,38,15,208,82,1629,417,13031,483,18159
2021S051635190111,249,1255,0,0,3,6,2,4,0,0,0,0,0,0,0,0,0,0,5,18,5,18
2021S051635190112,299,2548,0,0,1,7,1,7,0,0,1,7,0,0,0,0,0,0,4,10,5,17
2021S051635190114,232,1040,1,7,2,35,1,28,1,28,1,28,0,0,0,0,0,0,5,45,5,45
2021S051635190115,419,3529,2,64,2,64,0,0,0,0,0,0,0,0,0,0,0,0,9,96,9,96
2021S051635190117,416,2289,1,2,1,3,1,2,0,0,1,4,0,0,0,0,0,0,7,18,7,18
2021S051635190118,115,529,0,0,1,2,1,2,0,0,0,0,0,0,0,0,0,0,2,3,2,3
2021S051635190119,273,3247,1,2,1,2,0,0,0,0,0,0,0,0,0,0,0,0,5,10,5,10
2021S051635190120,153,1142,1,3,2,15,1,12,1,12,1,12,0,0,0,0,0,0,5,20,5,20
2021S051635190121,463,5566,0,0,1,3,2,22,0,0,2,50,0,0,1,14,3,24,15,204,17,254
2021S051635190122,402,4431,0,0,1,3,0,0,0,0,0,0,0,0,0,0,0,0,4,19,4,19
2021S051635190123,126,686,0,0,0,0,0,0,0,0,0,0,0,0,0,0,0,0,1,2,1,2
2021S051635190124,259,2299,0,0,0,0,0,0,0,0,0,0,0,0,0,0,0,0,2,6,2,6
2021S051635190125,961,27177,16,481,32,1828,29,1791,3,33,8,236,1,3,4,339,10,753,68,2544,80,3574
2021S051635190126,282,4429,2,16,7,243,1,73,0,0,1,2,1,7,0,0,6,215,27,800,27,800
2021S051635190127,201,1167,0,0,2,7,1,2,0,0,0,0,0,0,0,0,0,0,7,17,7,17
2021S051635190128,130,834,0,0,2,6,1,3,0,0,0,0,0,0,0,0,0,0,2,5,3,8
2021S051635190129,158,1261,0,0,1,2,1,2,0,0,0,0,0,0,0,0,1,68,3,71,3,71
2021S051635190130,600,12049,2,239,10,865,7,360,0,0,5,403,0,0,2,35,6,371,29,1293,32,1418
2021S051635190131,1314,27391,20,1576,40,1938,35,1149,6,116,19,222,1,2,1,7,18,185,103,2166,117,3024
2021S051635190132,358,5315,3,81,6,197,5,238,0,0,2,5,1,50,0,0,3,51,15,208,16,357
2021S051635190133,371,4576,1,1,4,14,4,13,0,0,3,10,0,0,1,3,1,3,10,37,12,43
2021S051635190134,244,2160,2,35,2,152,4,192,1,33,1,7,0,0,2,36,4,174,16,348,18,504
2021S051635190148,271,2753,0,0,0,0,0,0,0,0,0,0,0,0,0,0,1,3,4,20,4,20
2021S051635190150,384,3078,1,6,6,34,3,38,0,0,2,20,0,0,0,0,0,0,10,77,10,77
2021S051635190151,177,931,0,0,1,5,0,0,0,0,0,0,0,0,0,0,1,3,3,9,3,9
2021S051635190152,155,665,0,0,2,6,0,0,0,0,0,0,0,0,0,0,0,0,5,20,5,20
2021S051635190157,3863,86154,34,1245,78,2063,39,1248,7,120,18,1218,1,5,3,20,25,289,212,4710,217,4961
2021S051635190158,250,2101,0,0,0,0,0,0,0,0,0,0,0,0,0,0,1,3,3,8,3,8
2021S051635190159,690,4828,2,6,10,38,7,23,2,6,3,9,0,0,1,3,2,76,20,147,21,150
2021S051635190160,320,2402,0,0,1,3,2,10,0,0,0,0,0,0,1,3,1,3,8,32,9,39
2021S051635190164,162,950,0,0,2,6,1,3,0,0,0,0,0,0,0,0,2,10,3,13,3,13
2021S051635190165,183,1467,0,0,2,7,1,5,0,0,0,0,0,0,0,0,1,3,4,12,4,12
2021S051635190166,386,4806,0,0,5,59,1,9,0,0,1,2,0,0,0,0,1,15,15,382,15,382
2021S051635190167,307,5615,0,0,13,126,11,310,2,30,5,138,0,0,0,0,2,152,22,652,24,875
2021S051635190168,554,4132,0,0,3,11,0,0,0,0,1,2,0,0,0,0,1,3,8,24,8,24
2021S051635190169,273,1712,0,0,1,3,1,3,0,0,1,3,0,0,0,0,0,0,3,11,4,14
2021S051635190170,245,2224,0,0,0,0,0,0,0,0,0,0,0,0,0,0,0,0,0,0,0,0
2021S051635190171,113,1113,0,0,1,6,1,6,1,6,1,6,0,0,0,0,0,0,2,7,2,7
2021S051635190172,240,1651,0,0,2,4,1,2,0,0,1,2,0,0,0,0,0,0,4,9,4,9
2021S051635190173,202,1966,0,0,2,6,1,3,0,0,0,0,0,0,0,0,1,3,4,115,4,115
2021S051635190174,704,5336,0,0,1,3,0,0,0,0,0,0,0,0,0,0,2,10,15,74,15,74
2021S051635190175,359,2946,4,16,4,16,2,8,0,0,1,8,0,0,0,0,0,0,8,27,8,27
2021S051635190176,223,1844,0,0,0,0,0,0,0,0,0,0,0,0,0,0,0,0,1,1,1,1
2021S051635190177,200,1722,0,0,1,7,1,7,0,0,1,7,0,0,0,0,0,0,2,109,3,116
2021S051635200001,262,5955,5,109,8,375,6,84,1,15,3,260,1,3,4,27,4,27,29,498,32,543
2021S051635200002,548,10571,7,72,23,592,21,319,5,32,7,143,1,5,4,27,10,312,66,2001,69,2073
2021S051635200003,625,10379,12,551,33,1175,21,873,1,12,8,522,0,0,3,32,9,308,86,1726,93,2336
2021S051635200004,68,428,0,0,0,0,0,0,0,0,0,0,0,0,0,0,0,0,1,4,1,4
2021S051635200005,170,2256,0,0,2,4,1,2,0,0,0,0,0,0,0,0,0,0,2,4,2,4
2021S051635200006,106,558,0,0,0,0,0,0,0,0,0,0,0,0,0,0,1,7,3,10,3,10
2021S051635200007,137,1534,0,0,0,0,0,0,0,0,0,0,0,0,0,0,0,0,1,4,1,4
2021S051635200008,159,3175,2,9,11,130,5,39,4,338,6,45,0,0,2,10,2,10,31,832,31,832
2021S051635200009,67,281,0,0,0,0,0,0,0,0,0,0,0,0,0,0,0,0,1,1,1,1
2021S051635200011,899,9294,4,19,10,178,13,204,1,3,3,40,1,10,3,20,14,72,52,411,54,449
2021S051635200012,91,453,0,0,0,0,0,0,0,0,0,0,0,0,0,0,0,0,0,0,0,0
2021S051635200014,123,1031,0,0,1,3,1,3,0,0,0,0,0,0,0,0,0,0,1,3,1,3
2021S051635200015,193,3155,1,6,1,6,1,6,0,0,0,0,0,0,0,0,0,0,3,11,3,11
2021S051635200016,87,509,0,0,1,3,0,0,0,0,0,0,0,0,0,0,0,0,1,3,1,3
2021S051635200017,216,4374,0,0,5,271,2,158,1,123,1,60,0,0,0,0,2,22,15,776,16,811
2021S051635200018,182,2822,2,48,3,81,2,6,1,3,1,7,0,0,0,0,1,3,14,167,14,167
2021S051635200019,139,1033,0,0,0,0,0,0,0,0,0,0,0,0,0,0,0,0,4,14,4,14
2021S051635200020,117,699,0,0,0,0,0,0,0,0,0,0,0,0,0,0,0,0,1,2,1,2
2021S051635200021,93,459,0,0,0,0,0,0,0,0,0,0,0,0,0,0,0,0,1,2,1,2
2021S051635200022,106,1141,0,0,0,0,0,0,0,0,0,0,0,0,0,0,0,0,0,0,0,0
2021S051635200024,253,5473,3,88,4,149,2,82,1,7,1,60,0,0,0,0,0,0,7,99,8,172
2021S051635200025,462,12854,2,75,10,271,7,174,1,33,4,100,0,0,1,33,3,39,27,526,28,561
2021S051635200026,148,911,1,3,0,0,0,0,0,0,0,0,0,0,0,0,0,0,4,11,4,11
2021S051635200027,91,649,0,0,1,2,0,0,0,0,1,2,0,0,0,0,0,0,1,2,1,2
2021S051635200028,561,9962,3,357,24,536,16,477,3,21,10,86,0,0,0,0,5,89,65,1478,69,1550
2021S051635200029,266,3717,5,216,11,121,8,113,0,0,1,35,0,0,1,7,4,35,20,303,21,338
2021S051635200030,178,1936,1,6,2,8,1,6,0,0,0,0,0,0,0,0,0,0,3,10,3,10
2021S051635200035,167,1041,0,0,0,0,0,0,0,0,0,0,0,0,0,0,0,0,1,1,1,1
2021S051635200036,151,1978,0,0,0,0,0,0,0,0,0,0,0,0,0,0,0,0,1,1,1,1
2021S051635200037,89,1177,0,0,1,3,0,0,0,0,0,0,0,0,0,0,0,0,1,3,1,3
2021S051635200038,109,1641,0,0,4,91,2,80,0,0,3,84,0,0,0,0,1,73,16,283,17,290
2021S051635200040,153,1851,0,0,2,5,2,5,0,0,0,0,0,0,0,0,0,0,3,9,3,9
2021S051635200041,318,3221,0,0,0,0,0,0,0,0,0,0,0,0,0,0,0,0,2,4,2,4
2021S051635200042,202,1689,0,0,1,2,0,0,0,0,0,0,0,0,0,0,0,0,3,19,3,19
2021S051635200044,130,1934,1,3,1,3,1,3,0,0,0,0,0,0,0,0,0,0,1,3,1,3
2021S051635200045,148,796,1,2,2,4,1,2,0,0,1,2,0,0,0,0,0,0,4,9,4,9
2021S051635200046,172,983,0,0,1,3,0,0,0,0,1,3,0,0,0,0,0,0,3,8,3,8
2021S051635200047,585,10701,4,18,14,219,13,148,1,6,9,128,0,0,3,23,8,70,44,444,48,539
2021S051635200049,150,1536,0,0,0,0,0,0,0,0,0,0,0,0,0,0,0,0,1,2,1,2
2021S051635200050,149,1354,0,0,0,0,0,0,0,0,0,0,0,0,0,0,1,3,1,3,1,3
2021S051635200051,352,2160,0,0,2,8,1,3,1,3,1,3,0,0,0,0,0,0,6,16,6,16
2021S051635200052,332,4741,0,0,0,0,0,0,0,0,1,3,0,0,0,0,0,0,3,6,3,6
2021S051635200053,131,1333,0,0,0,0,0,0,0,0,0,0,0,0,0,0,0,0,0,0,0,0
2021S051635200054,95,445,0,0,0,0,0,0,0,0,1,3,0,0,0,0,1,3,2,6,2,6
2021S051635200055,205,1894,1,3,2,5,2,5,0,0,0,0,0,0,0,0,1,3,5,15,5,15
2021S051635200056,84,420,0,0,1,3,0,0,0,0,0,0,0,0,0,0,0,0,1,3,1,3
2021S051635200057,222,2918,3,17,7,60,6,31,1,31,1,3,1,5,1,32,4,53,28,600,29,603
2021S051635200058,110,810,0,0,2,8,1,6,1,6,1,6,0,0,0,0,0,0,2,8,2,8
2021S051635200059,205,2432,0,0,1,3,1,3,1,3,1,3,0,0,0,0,0,0,3,15,3,15
2021S051635200060,265,5300,3,299,8,974,6,854,1,3,2,35,0,0,1,14,5,562,26,1801,26,1801
2021S051635200061,398,3809,1,3,0,0,0,0,0,0,0,0,0,0,0,0,0,0,4,12,4,12
2021S051635200062,522,5261,0,0,1,2,1,2,0,0,0,0,0,0,1,3,1,3,5,12,5,12
2021S051635200063,178,1268,0,0,0,0,0,0,0,0,0,0,0,0,0,0,0,0,0,0,0,0
2021S051635200064,89,910,0,0,0,0,0,0,0,0,0,0,0,0,0,0,0,0,1,7,1,7
2021S051635200065,362,6518,0,0,1,12,1,12,1,12,1,12,0,0,0,0,0,0,3,17,3,17
2021S051635200066,211,2426,0,0,0,0,0,0,0,0,0,0,0,0,0,0,0,0,1,4,1,4
2021S051635200067,161,1385,0,0,1,2,0,0,0,0,0,0,0,0,0,0,0,0,1,2,1,2
2021S051635200068,404,7135,4,58,15,749,7,236,3,189,5,281,0,0,0,0,4,78,36,1009,36,1009
2021S051635200069,476,8016,11,627,20,590,14,566,1,142,7,64,0,0,1,3,6,37,49,1016,52,1171
2021S051635200070,971,24131,0,0,4,13,1,2,0,0,2,3,0,0,0,0,0,0,11,94,11,94
2021S051635200071,418,2638,0,0,4,9,0,0,0,0,2,4,0,0,0,0,0,0,7,20,7,20
2021S051635200072,186,2075,0,0,0,0,1,3,0,0,0,0,0,0,0,0,0,0,2,331,2,331
2021S051635200073,58,812,0,0,1,2,1,2,0,0,0,0,0,0,0,0,0,0,1,2,1,2
2021S051635200075,187,1711,0,0,1,3,0,0,0,0,0,0,0,0,0,0,0,0,2,5,2,5
2021S051635200077,261,4991,0,0,1,3,0,0,0,0,0,0,0,0,0,0,0,0,5,14,5,14
2021S051635200078,180,1143,0,0,0,0,0,0,0,0,0,0,0,0,0,0,0,0,2,4,2,4
2021S051635200079,136,1494,0,0,0,0,0,0,0,0,0,0,0,0,0,0,0,0,0,0,0,0
2021S051635200080,251,1552,1,2,1,2,0,0,0,0,0,0,0,0,0,0,1,3,4,10,4,10
2021S051635200082,101,650,0,0,0,0,0,0,0,0,1,3,0,0,0,0,0,0,3,9,3,9
2021S051635200083,2190,41295,20,387,54,1985,34,587,5,38,11,188,1,5,10,142,23,516,162,4026,167,4247
2021S051635200085,886,14711,2,171,9,319,3,121,0,0,5,55,0,0,0,0,4,128,20,471,20,471
2021S051635200086,109,746,0,0,2,5,1,3,0,0,1,3,0,0,0,0,0,0,1,2,2,5
2021S051635200087,151,1556,0,0,1,3,1,3,0,0,0,0,0,0,0,0,0,0,2,6,2,6
2021S051635200088,114,1296,1,2,0,0,2,5,0,0,1,3,0,0,0,0,0,0,3,5,4,8
2021S051635200089,765,11582,1,3,7,216,3,22,0,0,0,0,0,0,0,0,1,15,12,307,12,307
2021S051635200090,429,8608,1,43,4,49,0,0,0,0,1,2,0,0,0,0,0,0,6,59,6,59
2021S051635200091,124,748,1,2,1,2,0,0,0,0,0,0,0,0,0,0,1,3,2,5,2,5
2021S051635200092,302,3776,1,3,1,13,0,0,0,0,0,0,1,3,0,0,0,0,6,22,6,22
2021S051635200093,71,504,0,0,0,0,1,3,0,0,0,0,0,0,0,0,0,0,2,4,2,4
2021S051635200095,95,1107,1,5,2,16,4,23,0,0,1,7,1,5,1,3,2,6,12,66,13,73
2021S051635200096,162,1488,1,2,0,0,2,5,0,0,0,0,1,2,1,3,1,3,3,8,3,8
2021S051635200097,196,1348,0,0,0,0,0,0,0,0,0,0,0,0,0,0,0,0,1,3,1,3
2021S051635200098,1013,16883,0,0,2,5,2,5,2,6,2,6,0,0,0,0,0,0,8,42,8,42
2021S051635200099,442,8027,1,3,2,6,2,6,1,3,2,7,0,0,0,0,0,0,5,15,5,15
2021S051635200100,100,1186,0,0,0,0,0,0,0,0,0,0,0,0,0,0,0,0,0,0,0,0
2021S051635200101,408,13214,7,319,14,142,9,76,2,36,3,23,0,0,1,14,2,76,41,991,42,998
2021S051635200102,132,1184,0,0,1,3,0,0,0,0,0,0,0,0,0,0,0,0,2,9,2,9
2021S051635200103,118,2191,3,7,5,17,3,12,1,3,3,39,0,0,0,0,0,0,13,270,14,277
2021S051635200104,671,10087,0,0,2,18,0,0,0,0,0,0,0,0,0,0,0,0,6,44,6,44
2021S051635200105,106,702,0,0,0,0,0,0,0,0,0,0,0,0,0,0,1,7,2,11,2,11
2021S051635200106,262,4332,2,42,10,194,6,115,1,3,1,3,0,0,1,3,2,16,21,260,21,260
2021S051635200108,234,1709,0,0,0,0,0,0,0,0,0,0,0,0,0,0,0,0,3,6,3,6
2021S051635200109,321,4188,3,51,2,29,0,0,0,0,0,0,0,0,0,0,2,17,13,395,13,395
2021S051635200110,1171,23164,17,337,64,1592,58,1187,17,336,22,565,3,107,7,62,37,636,157,4166,172,4770
2021S051635200111,108,972,1,2,0,0,1,2,0,0,0,0,1,2,0,0,0,0,3,5,3,5
2021S051635200115,62,278,0,0,0,0,0,0,0,0,0,0,0,0,0,0,0,0,0,0,0,0
2021S051635200116,29,163,0,0,0,0,0,0,0,0,0,0,0,0,0,0,1,3,1,3,1,3
2021S051635200117,56,264,0,0,0,0,0,0,0,0,0,0,0,0,0,0,0,0,0,0,0,0
2021S051635200118,252,1636,0,0,0,0,0,0,0,0,1,2,0,0,0,0,0,0,1,2,1,2
2021S051635200120,811,22258,1,308,7,371,4,331,0,0,2,38,0,0,0,0,1,15,13,389,14,392
2021S051635200121,492,10555,3,16,11,154,8,101,4,21,6,41,0,0,1,3,1,3,40,875,43,920
2021S051635200122,65,679,0,0,0,0,0,0,0,0,0,0,0,0,0,0,0,0,1,2,1,2
2021S051635200123,376,6924,1,3,4,405,3,83,0,0,1,35,0,0,0,0,0,0,7,416,8,451
2021S051635200124,452,4391,0,0,1,3,0,0,0,0,2,40,0,0,0,0,0,0,7,50,7,50
2021S051635200125,142,1672,0,0,0,0,0,0,0,0,0,0,0,0,0,0,0,0,1,11,1,11
2021S051635200126,269,4366,3,11,8,136,8,147,1,28,5,49,1,3,4,38,10,236,34,503,35,506
2021S051635200127,53,251,0,0,0,0,0,0,0,0,0,0,0,0,0,0,0,0,1,1,1,1
2021S051635200128,690,6988,1,5,2,7,0,0,0,0,0,0,0,0,0,0,0,0,7,26,7,26
2021S051635200129,199,3493,3,56,8,246,3,63,1,28,1,28,0,0,2,13,2,13,17,296,17,296
2021S051635200132,101,647,0,0,1,2,0,0,0,0,0,0,0,0,0,0,0,0,1,2,1,2
2021S051635200133,182,5097,0,0,1,3,0,0,0,0,0,0,0,0,0,0,0,0,2,5,2,5
2021S051635200134,212,5035,1,14,10,327,7,165,2,34,10,364,0,0,2,10,6,483,24,824,27,948
2021S051635200135,740,6253,3,25,3,25,3,19,0,0,1,3,0,0,0,0,1,3,8,34,9,37
2021S051635200136,104,568,0,0,0,0,0,0,0,0,0,0,0,0,0,0,0,0,2,3,2,3
2021S051635200137,153,695,0,0,1,3,1,3,0,0,1,3,0,0,0,0,0,0,0,0,1,3
2021S051635200138,159,1685,0,0,0,0,0,0,0,0,0,0,0,0,0,0,1,3,1,3,1,3
2021S051635200139,209,2184,0,0,1,9,4,167,0,0,2,156,0,0,2,10,2,10,9,312,10,460
2021S051635200141,95,1771,0,0,1,3,0,0,0,0,0,0,0,0,0,0,0,0,2,5,2,5
2021S051635200142,324,4088,1,9,9,362,3,18,0,0,1,30,0,0,1,3,2,10,22,674,22,674
2021S051635200144,178,1843,0,0,0,0,0,0,1,3,0,0,0,0,0,0,1,15,3,20,3,20
2021S051635200145,812,7158,0,0,1,322,0,0,0,0,1,3,0,0,0,0,0,0,13,388,13,388
2021S051635200146,412,6666,6,67,14,109,16,459,3,62,11,378,2,27,1,7,6,34,49,870,52,982
2021S051635200148,81,968,0,0,0,0,0,0,0,0,0,0,0,0,0,0,0,0,2,5,2,5
2021S051635200149,198,1369,0,0,0,0,0,0,0,0,0,0,0,0,0,0,0,0,2,4,2,4
2021S051635200151,110,718,0,0,0,0,0,0,0,0,0,0,0,0,0,0,0,0,2,4,2,4
2021S051635200153,240,1180,0,0,1,3,1,3,0,0,0,0,0,0,0,0,0,0,5,12,5,12
2021S051635200154,167,2020,0,0,2,6,1,3,0,0,0,0,0,0,0,0,0,0,3,12,3,12
2021S051635200155,436,10769,3,68,6,489,2,5,0,0,1,17,2,65,0,0,0,0,19,840,19,840
2021S051635200156,134,1324,0,0,0,0,0,0,0,0,0,0,0,0,0,0,0,0,0,0,0,0
2021S051635200157,258,6039,4,404,6,392,5,406,1,33,3,33,1,33,0,0,0,0,22,1131,24,1481
2021S051635200158,1089,24800,2,22,10,152,5,135,0,0,3,78,0,0,1,13,5,133,36,782,37,856
2021S051635200159,253,2329,1,28,1,28,1,28,0,0,0,0,0,0,0,0,0,0,2,30,2,30
2021S051635200160,440,3552,0,0,0,0,0,0,0,0,0,0,0,0,0,0,0,0,2,4,2,4
2021S051635200161,455,4020,0,0,1,2,1,2,0,0,0,0,0,0,0,0,0,0,1,2,1,2
2021S051635200162,229,1782,0,0,0,0,0,0,0,0,0,0,0,0,0,0,0,0,2,7,2,7
2021S051635200163,115,1535,0,0,0,0,0,0,0,0,0,0,0,0,0,0,0,0,0,0,0,0
2021S051635200164,394,3142,0,0,0,0,0,0,0,0,1,3,0,0,0,0,0,0,2,5,2,5
2021S051635200165,142,1154,0,0,0,0,0,0,0,0,0,0,0,0,0,0,0,0,0,0,0,0
2021S051635200166,145,1969,0,0,0,0,1,2,0,0,0,0,1,2,0,0,1,3,5,132,5,132
2021S051635200168,69,343,1,9,1,9,0,0,0,0,0,0,0,0,0,0,0,0,1,9,1,9
2021S051635200169,631,15746,1,527,21,1077,16,994,2,183,5,102,0,0,2,17,6,48,58,2208,63,2949
2021S051635200171,532,9087,0,0,1,3,0,0,0,0,1,3,0,0,0,0,0,0,3,13,3,13
2021S051635200172,462,5456,1,4,2,6,1,2,0,0,0,0,0,0,0,0,0,0,9,48,9,48
2021S051635200173,52,472,0,0,0,0,0,0,0,0,0,0,0,0,0,0,0,0,0,0,0,0
2021S051635200174,814,15467,0,0,2,8,1,2,0,0,0,0,0,0,0,0,0,0,6,16,6,16
2021S051635200176,208,2171,0,0,2,19,1,9,0,0,0,0,0,0,0,0,0,0,2,19,2,19
2021S051635200177,116,668,0,0,0,0,0,0,0,0,0,0,0,0,0,0,0,0,0,0,0,0
2021S051635200178,124,1291,0,0,0,0,0,0,0,0,0,0,0,0,0,0,0,0,0,0,0,0
2021S051635200179,199,1304,3,12,4,17,3,14,0,0,0,0,0,0,0,0,0,0,6,21,7,24
2021S051635200180,170,1776,0,0,0,0,0,0,0,0,1,2,0,0,0,0,0,0,3,7,3,7
2021S051635200181,120,1322,0,0,0,0,0,0,0,0,0,0,0,0,0,0,0,0,0,0,0,0
2021S051635200182,465,7349,0,0,0,0,0,0,0,0,0,0,0,0,0,0,0,0,5,6,5,6
2021S051635200183,393,5297,2,4,3,19,2,9,0,0,0,0,0,0,0,0,0,0,13,306,14,313
2021S051635200184,510,3156,0,0,0,0,0,0,0,0,1,3,0,0,0,0,0,0,3,5,3,5
2021S051635200187,392,7845,5,32,8,152,9,261,1,28,4,45,0,0,1,7,3,95,28,444,31,561
2021S051635200188,180,1383,0,0,1,2,1,2,0,0,0,0,0,0,0,0,0,0,1,2,1,2
2021S051635200189,262,2627,1,7,1,7,1,3,0,0,0,0,0,0,1,3,1,3,6,34,7,41
2021S051635200190,154,998,0,0,1,3,1,3,0,0,0,0,0,0,0,0,0,0,1,3,1,3
2021S051635200191,21,95,0,0,0,0,0,0,0,0,0,0,0,0,0,0,0,0,0,0,0,0
2021S051635200192,363,6008,0,0,3,43,2,37,0,0,2,43,0,0,0,0,4,84,15,249,16,284
2021S051635200195,201,1543,0,0,0,0,0,0,0,0,0,0,0,0,0,0,0,0,1,2,1,2
2021S051635200196,1429,46540,24,2108,48,3489,35,2115,6,427,10,368,1,10,2,35,10,136,115,3728,129,5347
2021S051635200197,162,1149,1,2,1,3,1,3,0,0,0,0,0,0,0,0,0,0,1,2,2,5
2021S051635200198,977,9881,0,0,0,0,0,0,0,0,2,6,0,0,0,0,0,0,11,27,11,27
2021S051635200199,236,3129,2,13,2,6,2,13,0,0,0,0,1,10,0,0,0,0,8,42,9,45
2021S051635200200,348,2672,0,0,0,0,0,0,0,0,0,0,0,0,0,0,0,0,7,34,7,34
2021S051635200201,317,5169,4,61,12,146,8,73,5,39,6,78,0,0,0,0,1,3,22,311,23,326
2021S051635200203,108,772,0,0,0,0,0,0,0,0,0,0,0,0,0,0,0,0,1,1,1,1
2021S051635200204,160,972,0,0,0,0,0,0,0,0,0,0,0,0,0,0,0,0,0,0,0,0
2021S051635200205,178,1317,0,0,0,0,0,0,0,0,0,0,0,0,0,0,0,0,1,3,1,3
2021S051635200206,329,2491,0,0,0,0,0,0,0,0,0,0,0,0,0,0,0,0,2,4,2,4
2021S051635200207,713,10523,0,0,4,16,0,0,0,0,1,8,0,0,0,0,0,0,10,53,10,53
2021S051635200208,191,1109,0,0,1,3,0,0,0,0,0,0,0,0,0,0,0,0,4,11,4,11
2021S051635200209,139,2754,0,0,2,14,1,9,0,0,0,0,0,0,0,0,1,136,6,265,6,265
2021S051635200210,287,1877,1,2,2,4,0,0,0,0,0,0,0,0,0,0,0,0,6,9,6,9
2021S051635200211,171,1888,0,0,0,0,0,0,0,0,0,0,0,0,0,0,0,0,0,0,0,0
2021S051635200212,432,3070,0,0,3,32,2,30,0,0,1,2,0,0,0,0,0,0,9,55,9,55
2021S051635200214,163,1598,2,6,2,6,1,4,0,0,0,0,0,0,0,0,0,0,3,7,3,7
2021S051635200215,188,1404,0,0,0,0,0,0,0,0,0,0,0,0,0,0,0,0,0,0,0,0
2021S051635200216,132,1144,0,0,0,0,0,0,0,0,0,0,0,0,0,0,0,0,0,0,0,0
2021S051635200217,314,2516,0,0,1,6,0,0,0,0,0,0,0,0,0,0,0,0,5,63,5,63
2021S051635200218,295,2640,0,0,2,31,0,0,0,0,0,0,0,0,0,0,0,0,4,35,4,35
2021S051635200219,126,1321,0,0,0,0,0,0,0,0,0,0,0,0,0,0,1,3,3,5,3,5
2021S051635200220,959,12650,0,0,1,6,0,0,0,0,0,0,0,0,0,0,0,0,8,22,8,22
2021S051635200221,138,1253,0,0,0,0,0,0,0,0,0,0,0,0,0,0,0,0,0,0,0,0
2021S051635200222,145,1015,1,2,1,2,1,2,0,0,0,0,0,0,0,0,0,0,3,5,3,5
2021S051635200223,224,3697,2,55,3,57,2,55,0,0,1,14,0,0,1,3,1,3,7,79,7,79
2021S051635200224,104,899,0,0,0,0,0,0,0,0,0,0,0,0,1,3,1,3,3,6,3,6
2021S051635200226,610,16183,1,9,3,43,0,0,0,0,0,0,0,0,1,3,1,3,9,54,9,54
2021S051635200228,215,1938,0,0,1,3,0,0,0,0,0,0,0,0,0,0,1,3,2,6,2,6
2021S051635200229,394,4780,1,2,8,117,4,31,0,0,0,0,0,0,0,0,0,0,11,250,12,253
2021S051635200230,173,1866,0,0,4,20,2,5,0,0,0,0,0,0,0,0,0,0,5,22,6,25
2021S051635200232,1177,22300,2,24,3,26,3,26,0,0,1,5,0,0,0,0,0,0,14,66,14,66
2021S051635200233,510,24767,1,35,3,18,1,3,0,0,1,3,0,0,0,0,0,0,6,62,7,65
2021S051635200234,451,4283,0,0,1,2,1,2,0,0,1,3,0,0,0,0,0,0,7,19,7,19
2021S051635200236,218,2033,1,3,1,3,1,3,0,0,0,0,0,0,0,0,2,6,6,23,6,23
2021S051635200237,130,2299,0,0,0,0,0,0,0,0,0,0,0,0,0,0,0,0,1,464,1,464
2021S051635200238,344,2847,2,6,2,6,0,0,0,0,0,0,0,0,0,0,0,0,4,11,4,11
2021S051635200241,559,8071,0,0,1,2,1,2,0,0,0,0,0,0,0,0,0,0,2,3,2,3
2021S051635200242,605,5702,0,0,2,9,1,3,0,0,2,10,0,0,2,6,2,6,12,37,12,37
2021S051635200243,130,1376,0,0,0,0,0,0,0,0,0,0,0,0,0,0,0,0,1,20,1,20
2021S051635200244,905,15105,3,10,9,41,4,15,0,0,0,0,0,0,0,0,0,0,22,130,22,130
2021S051635200245,183,1516,0,0,0,0,0,0,0,0,0,0,0,0,0,0,0,0,0,0,0,0
2021S051635200246,51,257,0,0,0,0,0,0,0,0,0,0,0,0,0,0,0,0,0,0,0,0
2021S051635200247,200,5906,0,0,0,0,0,0,0,0,0,0,0,0,0,0,0,0,0,0,0,0
2021S051635200248,490,5954,0,0,0,0,0,0,0,0,0,0,0,0,0,0,0,0,5,10,5,10
2021S051635200249,335,11376,0,0,1,4,0,0,0,0,1,4,0,0,0,0,0,0,1,4,1,4
2021S051635200250,88,716,0,0,0,0,0,0,0,0,1,4,0,0,0,0,1,3,4,21,4,21
2021S051635200252,601,10419,1,27,4,52,3,25,0,0,1,3,0,0,0,0,0,0,26,452,26,452
2021S051635200253,227,2625,0,0,1,2,0,0,0,0,0,0,0,0,0,0,1,3,6,23,6,23
2021S051635200255,672,6789,2,5,7,160,6,74,1,3,5,209,0,0,0,0,3,21,28,410,31,435
2021S051635200256,105,735,1,3,0,0,0,0,0,0,0,0,0,0,0,0,1,7,4,14,4,14
2021S051635200257,204,4032,1,258,2,263,2,263,0,0,1,3,0,0,0,0,0,0,6,272,6,272
2021S051635200258,161,2112,0,0,1,28,0,0,0,0,0,0,0,0,0,0,0,0,3,139,3,139
2021S051635200259,222,1557,0,0,0,0,1,3,0,0,1,3,0,0,0,0,0,0,1,1,2,4
2021S051635200260,147,2117,0,0,1,21,0,0,0,0,1,8,0,0,0,0,2,10,6,63,6,63
2021S051635200261,50,194,0,0,0,0,0,0,0,0,0,0,0,0,0,0,0,0,0,0,0,0
2021S051635200262,206,3118,0,0,1,3,0,0,0,0,1,3,0,0,0,0,0,0,3,7,3,7
2021S051635200263,118,1541,0,0,0,0,0,0,0,0,0,0,0,0,1,3,1,3,3,11,3,11
2021S051635200264,407,8299,2,5,2,8,0,0,0,0,0,0,0,0,0,0,0,0,5,15,5,15
2021S051635200265,1699,50788,1,15,7,53,2,8,1,3,21,126,0,0,0,0,1,68,42,405,42,405
2021S051635200267,760,16551,0,0,2,9,0,0,0,0,2,35,0,0,1,126,1,126,8,184,8,184
2021S051635200268,221,1653,0,0,1,2,0,0,0,0,0,0,0,0,0,0,0,0,2,3,2,3
2021S051635200269,5135,205897,14,122,32,253,12,68,2,6,21,889,3,7,0,0,0,0,90,884,93,1472
2021S051635200270,552,4910,0,0,1,3,0,0,0,0,1,14,0,0,0,0,0,0,6,32,6,32
2021S051635200272,380,3043,0,0,3,18,2,5,0,0,1,3,0,0,0,0,0,0,8,30,9,33
2021S051635200273,812,22480,0,0,8,25,3,9,1,3,5,16,0,0,0,0,0,0,17,71,17,71
2021S051635200274,216,2603,0,0,4,17,2,12,0,0,2,5,0,0,1,3,2,6,13,80,14,83
2021S051635200275,373,2840,1,2,2,5,2,6,0,0,0,0,0,0,1,3,1,3,6,11,6,11
2021S051635200278,562,7558,1,9,2,12,2,6,0,0,0,0,0,0,0,0,0,0,10,43,10,43
2021S051635200282,349,4775,0,0,2,33,1,5,0,0,1,4,0,0,0,0,0,0,7,43,7,43
2021S051635200284,439,5525,1,2,4,61,2,4,0,0,0,0,0,0,0,0,1,3,9,95,9,95
2021S051635200285,407,5087,0,0,4,68,1,3,0,0,1,3,0,0,0,0,1,15,7,99,8,102
2021S051635200286,192,1619,0,0,0,0,0,0,0,0,0,0,0,0,0,0,0,0,0,0,0,0
2021S051635200288,261,1901,0,0,0,0,0,0,0,0,0,0,0,0,0,0,0,0,3,10,3,10
2021S051635200289,275,3586,1,20,4,38,0,0,0,0,1,11,0,0,0,0,2,6,9,255,9,255
2021S051635200290,180,1176,0,0,0,0,0,0,0,0,0,0,0,0,1,3,1,3,3,7,3,7
2021S051635200291,871,28676,0,0,3,7,2,4,0,0,0,0,0,0,0,0,0,0,9,136,9,136
2021S051635200292,338,2832,0,0,0,0,0,0,0,0,0,0,0,0,0,0,0,0,2,9,2,9
2021S051635200293,429,9331,0,0,1,3,0,0,0,0,1,3,0,0,0,0,1,3,6,16,6,16
2021S051635200295,156,1458,0,0,0,0,0,0,0,0,0,0,0,0,0,0,0,0,1,2,1,2
2021S051635200296,390,6971,1,3,4,20,1,5,0,0,0,0,0,0,0,0,0,0,11,37,11,37
2021S051635200297,408,2876,0,0,1,17,0,0,0,0,2,49,0,0,0,0,0,0,2,49,2,49
2021S051635200299,159,1029,0,0,0,0,0,0,0,0,1,3,0,0,0,0,3,13,5,19,5,19
2021S051635200300,386,2681,0,0,1,28,0,0,0,0,0,0,0,0,1,3,1,3,5,44,5,44
2021S051635200301,401,3369,1,2,3,7,2,4,0,0,0,0,0,0,0,0,0,0,11,58,11,58
2021S051635200302,242,3577,0,0,1,2,1,2,0,0,0,0,0,0,0,0,0,0,2,3,2,3
2021S051635200303,232,5327,0,0,0,0,0,0,0,0,0,0,0,0,0,0,0,0,1,1,1,1
2021S051635200304,225,5162,0,0,0,0,1,15,0,0,0,0,0,0,0,0,1,286,2,288,3,303
2021S051635200306,144,1962,0,0,0,0,0,0,0,0,0,0,0,0,0,0,0,0,0,0,0,0
2021S051635200307,360,14384,2,42,5,82,0,0,0,0,1,7,0,0,0,0,0,0,8,383,8,383
2021S051635200308,224,1144,1,2,2,4,1,3,0,0,1,2,0,0,0,0,1,3,5,11,5,11
2021S051635200309,498,11518,0,0,1,3,0,0,0,0,0,0,0,0,0,0,0,0,6,16,6,16
2021S051635200310,85,1210,0,0,0,0,0,0,0,0,0,0,0,0,0,0,0,0,2,2,2,2
2021S051635200311,670,7672,1,20,5,116,3,27,1,3,1,3,0,0,0,0,0,0,12,267,12,267
2021S051635200313,103,529,0,0,0,0,0,0,0,0,0,0,0,0,0,0,0,0,1,2,1,2
2021S051635200314,230,4832,0,0,1,3,2,6,0,0,1,3,0,0,1,3,2,10,2,10,3,13
2021S051635200316,279,3320,0,0,2,8,2,8,0,0,1,3,0,0,0,0,0,0,3,9,4,12
2021S051635200318,338,9135,6,112,10,416,5,83,1,60,3,78,1,10,1,7,3,21,39,1067,39,1067
2021S051635200320,281,2595,0,0,2,5,1,2,0,0,0,0,0,0,0,0,0,0,3,8,3,8
2021S051635200321,249,1770,0,0,1,45,1,45,0,0,0,0,0,0,0,0,0,0,7,62,7,62
2021S051635200323,328,2929,4,81,6,93,6,93,0,0,1,6,0,0,1,3,2,6,14,119,14,119
2021S051635200324,278,5152,3,39,11,150,5,16,1,3,4,44,0,0,1,33,3,163,27,457,28,460
2021S051635200325,169,1122,0,0,1,130,0,0,1,130,0,0,0,0,0,0,0,0,2,131,2,131
2021S051635200326,232,1835,0,0,1,6,0,0,0,0,0,0,0,0,0,0,0,0,6,37,6,37
2021S051635200327,534,6341,0,0,4,73,2,24,0,0,0,0,0,0,1,13,5,37,27,348,27,348
2021S051635200328,313,5248,1,2,2,4,0,0,0,0,0,0,0,0,0,0,0,0,4,16,4,16
2021S051635200329,370,7001,1,5,2,11,0,0,0,0,0,0,0,0,0,0,0,0,3,14,3,14
2021S051635200330,242,3612,0,0,0,0,0,0,0,0,0,0,0,0,0,0,0,0,2,7,2,7
2021S051635200331,520,8144,0,0,4,8,2,4,0,0,1,2,0,0,0,0,1,3,8,27,8,27
2021S051635200332,876,20297,2,5,1,2,1,2,0,0,0,0,0,0,0,0,0,0,8,18,8,18
2021S051635200333,453,11093,0,0,5,93,2,21,1,12,3,32,0,0,0,0,0,0,9,111,9,111
2021S051635200334,1845,68193,4,65,12,125,2,7,0,0,2,7,0,0,0,0,0,0,29,289,29,289
2021S051635200335,452,4857,0,0,2,6,0,0,0,0,0,0,0,0,0,0,0,0,8,42,8,42
2021S051635200336,456,3338,0,0,1,3,0,0,1,3,0,0,0,0,0,0,1,7,6,28,6,28
2021S051635202000,442,10801,0,0,1,21,1,21,0,0,1,3,0,0,0,0,0,0,6,138,6,138
2021S051635202001,308,3786,0,0,1,9,1,9,0,0,0,0,0,0,0,0,0,0,5,19,5,19
2021S051635202003,1428,41036,9,103,27,313,22,212,4,54,7,45,1,2,4,106,12,180,93,2341,98,2372
2021S051635202004,122,1017,0,0,0,0,0,0,0,0,0,0,0,0,0,0,0,0,1,2,1,2
2021S051635210001,536,3941,1,3,7,42,2,5,0,0,2,5,0,0,0,0,2,6,25,121,25,121
2021S051635210002,274,3026,0,0,1,3,1,3,1,3,2,34,0,0,0,0,0,0,10,72,10,72
2021S051635210003,230,1865,1,3,7,36,4,31,0,0,3,19,0,0,0,0,1,3,22,127,22,127
2021S051635210004,124,624,1,6,0,0,1,3,0,0,1,3,0,0,0,0,1,7,5,22,5,22
2021S051635210005,330,3665,2,6,3,6,4,111,0,0,1,74,0,0,1,14,1,14,13,86,14,160
2021S051635210006,662,18024,4,70,25,356,25,570,4,82,13,307,2,4,7,151,11,336,65,1497,71,1686
2021S051635210007,240,2441,1,2,4,32,5,25,1,3,2,18,0,0,1,3,1,3,13,54,14,69
2021S051635210011,453,2442,0,0,2,15,1,2,0,0,0,0,0,0,0,0,1,3,5,21,5,21
2021S051635210012,746,3505,0,0,1,3,1,7,0,0,2,6,0,0,0,0,1,3,7,25,7,25
2021S051635210014,398,1566,0,0,0,0,0,0,0,0,0,0,0,0,0,0,0,0,0,0,0,0
2021S051635210019,354,1357,0,0,0,0,0,0,0,0,0,0,0,0,0,0,0,0,1,3,1,3
2021S051635210020,346,2141,0,0,0,0,0,0,0,0,0,0,0,0,0,0,0,0,2,6,2,6
2021S051635210021,465,2019,0,0,2,4,1,2,0,0,1,2,0,0,0,0,0,0,5,9,5,9
2021S051635210022,351,2051,0,0,1,2,0,0,0,0,0,0,0,0,0,0,0,0,3,5,3,5
2021S051635210023,178,1876,1,2,1,2,0,0,0,0,0,0,0,0,0,0,1,3,5,10,5,10
2021S051635210025,314,1126,0,0,1,2,0,0,0,0,1,2,0,0,0,0,0,0,2,5,2,5
2021S051635210026,192,942,0,0,2,5,1,3,0,0,1,2,0,0,0,0,0,0,4,12,4,12
2021S051635210027,277,1226,0,0,0,0,0,0,0,0,0,0,0,0,0,0,2,6,3,7,3,7
2021S051635210028,110,614,0,0,1,3,0,0,0,0,0,0,0,0,1,3,3,9,4,12,4,12
2021S051635210029,267,1205,0,0,0,0,0,0,0,0,0,0,0,0,0,0,0,0,2,2,2,2
2021S051635210030,223,845,0,0,0,0,1,2,0,0,0,0,1,2,0,0,1,3,4,8,4,8
2021S051635210031,164,1303,1,3,1,3,0,0,0,0,0,0,1,3,0,0,1,3,6,15,6,15
2021S051635210032,190,1895,0,0,0,0,0,0,0,0,0,0,0,0,0,0,0,0,0,0,0,0
2021S051635210034,87,569,0,0,0,0,0,0,0,0,0,0,0,0,0,0,0,0,0,0,0,0
2021S051635210035,110,748,0,0,0,0,0,0,0,0,0,0,0,0,0,0,1,3,1,3,1,3
2021S051635210036,281,1714,1,1,2,8,1,2,0,0,1,7,0,0,0,0,0,0,6,34,6,34
2021S051635210037,408,6593,4,74,12,426,16,228,5,38,10,78,4,121,1,3,5,34,41,1312,42,1346
2021S051635210038,257,2193,0,0,0,0,0,0,0,0,0,0,0,0,0,0,0,0,2,4,2,4
2021S051635210039,178,909,0,0,0,0,1,3,0,0,0,0,0,0,1,3,3,9,3,9,3,9
2021S051635210040,317,1610,5,17,6,19,3,8,0,0,1,2,0,0,0,0,0,0,6,18,7,21
2021S051635210041,311,7990,0,0,0,0,0,0,0,0,0,0,0,0,0,0,0,0,0,0,0,0
2021S051635210042,150,786,0,0,1,3,0,0,0,0,0,0,0,0,0,0,0,0,2,4,2,4
2021S051635210043,377,6556,6,259,19,496,20,460,4,83,13,223,0,0,3,79,7,123,45,1121,51,1351
2021S051635210044,282,982,1,2,2,5,1,2,0,0,0,0,0,0,0,0,1,3,3,8,3,8
2021S051635210046,186,1192,0,0,0,0,0,0,0,0,0,0,0,0,1,3,2,6,2,6,2,6
2021S051635210047,281,1490,0,0,1,5,1,5,0,0,0,0,0,0,0,0,0,0,2,90,2,90
2021S051635210048,118,1524,1,3,1,2,2,5,0,0,0,0,1,3,2,10,2,10,7,95,7,95
2021S051635210049,414,6662,7,253,11,636,12,815,2,124,6,598,2,102,1,32,6,67,29,537,32,989
2021S051635210050,100,400,0,0,0,0,0,0,0,0,0,0,0,0,0,0,0,0,0,0,0,0
2021S051635210051,1315,30566,18,1081,44,1797,37,1734,6,73,23,1017,1,139,4,56,12,289,123,3137,135,4247
2021S051635210052,215,2202,0,0,1,2,2,5,0,0,1,3,0,0,0,0,0,0,3,6,3,6
2021S051635210053,130,1528,0,0,1,2,1,2,0,0,0,0,0,0,0,0,1,3,2,5,2,5
2021S051635210055,103,757,0,0,0,0,0,0,0,0,0,0,0,0,0,0,0,0,1,1,1,1
2021S051635210057,417,1846,1,2,2,14,3,16,1,6,1,6,0,0,0,0,0,0,5,20,5,20
2021S051635210058,170,1575,1,3,2,6,1,3,0,0,0,0,0,0,0,0,0,0,2,4,3,7
2021S051635210059,323,1536,0,0,0,0,0,0,0,0,0,0,0,0,0,0,0,0,0,0,0,0
2021S051635210060,409,6217,0,0,1,3,0,0,0,0,1,2,0,0,0,0,0,0,5,20,5,20
2021S051635210061,2550,90102,43,1340,85,2572,64,1920,10,196,26,690,0,0,13,176,30,479,197,4505,216,5509
2021S051635210062,406,1558,0,0,1,2,1,3,0,0,1,3,0,0,0,0,1,7,2,9,3,12
2021S051635210063,286,1362,1,2,2,5,1,3,0,0,0,0,0,0,0,0,0,0,1,2,2,5
2021S051635210064,104,807,1,2,2,62,3,65,1,60,1,60,0,0,1,3,1,3,5,70,5,70
2021S051635210067,174,1819,0,0,2,5,2,144,0,0,1,142,0,0,0,0,0,0,8,157,8,157
2021S051635210068,148,804,2,8,2,8,0,0,0,0,0,0,0,0,0,0,0,0,3,9,3,9
2021S051635210069,489,6704,2,4,2,14,2,14,1,12,1,12,0,0,0,0,0,0,6,23,6,23
2021S051635210070,135,577,0,0,0,0,0,0,0,0,0,0,0,0,0,0,0,0,1,2,1,2
2021S051635210071,207,2273,0,0,1,3,1,3,1,3,1,3,0,0,0,0,1,3,2,6,2,6
2021S051635210072,374,1964,0,0,3,15,2,9,2,9,2,9,0,0,0,0,0,0,4,17,4,17
2021S051635210073,160,912,1,3,1,3,1,3,0,0,1,8,0,0,0,0,0,0,3,12,3,12
2021S051635210074,254,974,0,0,2,11,2,11,0,0,0,0,0,0,0,0,0,0,2,11,2,11
2021S051635210075,186,718,0,0,0,0,0,0,0,0,0,0,0,0,0,0,2,9,2,9,2,9
2021S051635210076,189,1797,0,0,0,0,0,0,0,0,0,0,0,0,0,0,1,3,2,6,2,6
2021S051635210077,136,1965,0,0,2,32,0,0,0,0,0,0,0,0,0,0,0,0,3,33,3,33
2021S051635210079,368,4744,3,86,5,50,6,126,3,102,4,41,0,0,1,33,3,104,29,324,30,331
2021S051635210080,699,13344,4,45,18,578,14,318,1,28,7,156,0,0,1,3,3,487,45,1569,51,1647
2021S051635210082,115,640,0,0,2,5,0,0,0,0,1,2,0,0,0,0,0,0,3,7,3,7
2021S051635210083,112,1083,0,0,0,0,0,0,0,0,0,0,0,0,0,0,0,0,1,10,1,10
2021S051635210084,705,12734,8,262,21,519,9,282,0,0,3,40,1,24,3,31,5,41,42,842,45,946
2021S051635210086,83,712,0,0,0,0,0,0,0,0,0,0,0,0,0,0,0,0,0,0,0,0
2021S051635210087,551,22790,3,90,8,372,5,192,0,0,0,0,1,99,1,3,2,10,28,1532,28,1532
2021S051635210088,189,1693,0,0,0,0,0,0,0,0,0,0,0,0,0,0,0,0,2,3,2,3
2021S051635210089,307,19878,1,20,3,221,1,20,0,0,0,0,0,0,0,0,1,68,11,849,11,849
2021S051635210090,203,1492,0,0,1,2,1,2,0,0,0,0,0,0,0,0,0,0,2,3,2,3
2021S051635210091,191,5825,1,2,3,65,1,3,0,0,2,63,0,0,0,0,0,0,5,94,6,97
2021S051635210093,143,1112,1,3,1,3,0,0,0,0,0,0,0,0,0,0,1,7,2,10,2,10
2021S051635210094,206,1907,0,0,1,3,1,3,1,3,1,3,0,0,0,0,0,0,2,14,2,14
2021S051635210095,85,678,0,0,0,0,0,0,0,0,0,0,0,0,0,0,0,0,0,0,0,0
2021S051635210096,286,6068,1,335,1,335,1,335,0,0,0,0,0,0,0,0,0,0,4,370,4,370
2021S051635210097,173,1110,0,0,0,0,1,3,0,0,1,3,0,0,0,0,0,0,3,5,4,8
2021S051635210098,194,3154,0,0,0,0,1,3,0,0,1,3,0,0,0,0,1,2,2,7,3,10
2021S051635210100,192,1946,0,0,2,4,0,0,0,0,0,0,0,0,0,0,0,0,3,7,3,7
2021S051635210101,260,2758,0,0,1,6,0,0,0,0,1,3,0,0,0,0,2,6,7,23,7,23
2021S051635210102,243,3309,1,11,9,226,7,189,1,12,1,12,0,0,1,7,6,145,20,270,21,305
2021S051635210103,67,624,1,2,1,2,1,2,0,0,0,0,0,0,0,0,0,0,1,2,1,2
2021S051635210106,356,3797,1,26,8,108,6,77,1,3,5,49,0,0,2,17,4,52,26,323,28,365
2021S051635210107,901,36587,9,736,15,945,9,614,0,0,4,52,2,73,0,0,1,3,37,1367,41,1499
2021S051635210108,118,924,0,0,0,0,0,0,0,0,0,0,0,0,0,0,1,3,1,3,1,3
2021S051635210109,95,657,0,0,0,0,0,0,0,0,0,0,0,0,1,3,1,3,2,4,2,4
2021S051635210110,91,389,1,3,1,3,1,3,0,0,0,0,0,0,0,0,0,0,2,4,2,4
2021S051635210111,220,1953,0,0,0,0,0,0,0,0,0,0,0,0,0,0,0,0,1,1,1,1
2021S051635210112,56,176,0,0,0,0,0,0,0,0,0,0,0,0,0,0,0,0,0,0,0,0
2021S051635210113,239,4595,0,0,0,0,0,0,0,0,0,0,0,0,0,0,0,0,1,1,1,1
2021S051635210114,187,976,0,0,1,2,0,0,0,0,0,0,0,0,0,0,1,3,4,7,4,7
2021S051635210116,368,2911,0,0,4,16,3,13,0,0,1,3,0,0,1,14,2,17,6,26,8,36
2021S051635210117,176,1219,0,0,1,3,0,0,0,0,0,0,0,0,0,0,0,0,1,3,1,3
2021S051635210119,134,610,0,0,0,0,0,0,0,0,0,0,0,0,0,0,0,0,0,0,0,0
2021S051635210120,187,2142,1,5,0,0,1,24,0,0,1,78,1,24,0,0,0,0,4,118,4,118
2021S051635210121,327,5956,3,37,6,57,3,40,0,0,2,9,0,0,0,0,0,0,12,97,12,97
2021S051635210122,148,1372,0,0,0,0,0,0,0,0,0,0,0,0,0,0,0,0,1,3,1,3
2021S051635210123,54,246,0,0,0,0,0,0,0,0,0,0,0,0,0,0,0,0,0,0,0,0
2021S051635210124,147,1849,0,0,2,4,1,2,0,0,0,0,0,0,0,0,0,0,2,4,2,4
2021S051635210125,221,1613,1,3,1,3,1,3,0,0,1,3,0,0,0,0,1,15,5,30,6,33
2021S051635210126,344,2728,1,3,3,8,1,2,0,0,0,0,1,3,0,0,0,0,6,16,6,16
2021S051635210127,59,233,0,0,0,0,0,0,0,0,0,0,0,0,0,0,0,0,0,0,0,0
2021S051635210128,253,3470,0,0,0,0,0,0,0,0,0,0,0,0,0,0,0,0,3,14,3,14
2021S051635210129,117,1548,0,0,0,0,0,0,0,0,0,0,0,0,0,0,0,0,1,3,1,3
2021S051635210130,504,8012,1,34,7,183,5,99,2,15,5,138,0,0,0,0,3,292,21,602,24,686
2021S051635210131,121,683,1,3,1,3,1,3,0,0,0,0,0,0,0,0,1,3,2,6,2,6
2021S051635210132,148,1060,0,0,2,6,0,0,0,0,0,0,0,0,1,3,1,3,4,11,4,11
2021S051635210133,240,2945,1,3,1,21,2,24,0,0,0,0,0,0,1,3,1,3,6,39,6,39
2021S051635210134,472,3613,2,4,4,10,2,4,0,0,0,0,0,0,0,0,0,0,10,48,10,48
2021S051635210135,198,1073,0,0,0,0,0,0,0,0,0,0,0,0,1,3,1,3,2,5,2,5
2021S051635210136,70,326,0,0,0,0,0,0,0,0,0,0,0,0,0,0,0,0,0,0,0,0
2021S051635210137,133,870,0,0,0,0,0,0,0,0,0,0,0,0,0,0,0,0,1,3,1,3
2021S051635210138,177,1141,0,0,0,0,0,0,0,0,0,0,0,0,0,0,0,0,1,2,1,2
2021S051635210139,89,451,0,0,0,0,0,0,0,0,0,0,0,0,0,0,1,3,1,3,1,3
2021S051635210140,178,1130,1,3,2,5,1,7,0,0,1,7,0,0,0,0,0,0,3,6,4,13
2021S051635210141,200,3467,0,0,1,6,1,6,1,6,1,6,0,0,0,0,0,0,2,8,2,8
2021S051635210142,306,1674,0,0,1,5,0,0,0,0,0,0,0,0,0,0,0,0,3,11,3,11
2021S051635210143,290,1849,1,3,2,4,2,5,1,3,2,4,1,2,0,0,0,0,4,9,4,9
2021S051635210144,317,4555,0,0,0,0,0,0,0,0,0,0,0,0,0,0,0,0,4,11,4,11
2021S051635210145,104,564,0,0,0,0,0,0,0,0,0,0,0,0,0,0,0,0,0,0,0,0
2021S051635210146,117,650,0,0,1,9,1,9,0,0,0,0,0,0,0,0,0,0,3,13,3,13
2021S051635210148,338,8757,4,776,4,773,1,2,0,0,2,45,0,0,0,0,1,3,20,1452,20,1452
2021S051635210149,151,841,0,0,1,3,1,3,1,3,2,7,0,0,0,0,0,0,3,9,3,9
2021S051635210151,222,1453,1,2,2,4,0,0,0,0,1,2,0,0,0,0,0,0,4,6,4,6
2021S051635210152,115,680,0,0,0,0,1,3,0,0,1,3,0,0,0,0,0,0,0,0,1,3
2021S051635210155,99,1612,0,0,0,0,0,0,0,0,0,0,0,0,0,0,0,0,0,0,0,0
2021S051635210156,252,2743,0,0,0,0,0,0,0,0,0,0,0,0,0,0,0,0,2,22,2,22
2021S051635210157,382,5976,1,9,6,45,2,24,0,0,0,0,0,0,0,0,2,22,18,186,18,186
2021S051635210158,150,1194,2,9,1,6,2,21,0,0,1,15,0,0,0,0,1,14,7,62,7,62
2021S051635210159,124,640,1,4,1,4,0,0,0,0,0,0,0,0,0,0,0,0,2,5,2,5
2021S051635210160,620,9984,8,386,18,455,7,105,0,0,5,92,1,2,3,13,7,44,61,896,63,934
2021S051635210161,262,9908,3,555,3,555,2,550,0,0,0,0,0,0,0,0,1,3,7,39,8,569
2021S051635210162,174,1860,0,0,0,0,0,0,0,0,0,0,0,0,0,0,0,0,4,9,4,9
2021S051635210163,97,1206,1,3,2,138,3,182,0,0,1,35,0,0,0,0,0,0,7,157,8,192
2021S051635210164,83,564,0,0,0,0,0,0,0,0,0,0,0,0,0,0,0,0,1,2,1,2
2021S051635210165,235,1695,0,0,0,0,0,0,0,0,0,0,0,0,0,0,0,0,2,2,2,2
2021S051635210166,122,686,1,4,1,4,0,0,0,0,0,0,0,0,0,0,0,0,1,4,1,4
2021S051635210167,103,525,0,0,1,2,1,2,0,0,0,0,0,0,0,0,0,0,1,2,1,2
2021S051635210168,1164,6784,0,0,5,52,6,58,0,0,2,14,1,2,0,0,4,16,19,67,21,109
2021S051635210169,1263,8334,2,3,3,20,5,55,0,0,2,18,1,2,2,35,5,44,31,171,33,189
2021S051635210170,1217,5254,2,10,7,41,6,39,0,0,2,22,0,0,0,0,1,3,15,37,17,59
2021S051635210171,372,1935,0,0,0,0,0,0,0,0,0,0,0,0,0,0,1,3,5,8,5,8
2021S051635210172,473,2525,1,7,0,0,1,7,1,7,0,0,0,0,1,3,2,10,3,17,3,17
2021S051635210173,1710,48086,36,3136,70,3246,73,3179,10,476,35,1190,7,1084,3,42,18,577,154,7923,181,9759
2021S051635210174,935,4765,0,0,3,12,0,0,0,0,0,0,0,0,0,0,0,0,5,15,5,15
2021S051635210175,464,1736,0,0,0,0,0,0,0,0,0,0,0,0,0,0,1,3,3,9,3,9
2021S051635210176,566,5056,1,6,3,11,3,11,1,3,1,3,0,0,0,0,0,0,3,11,3,11
2021S051635210177,4411,137310,98,4386,185,7568,162,5715,30,473,67,1976,11,494,21,355,60,1596,454,13384,502,16049
2021S051635210178,350,1542,1,2,2,10,3,12,0,0,1,7,0,0,0,0,0,0,3,7,4,14
2021S051635210179,4247,22268,8,34,7,33,7,31,1,6,1,6,3,14,0,0,4,24,28,249,30,259
2021S051635210180,254,938,0,0,1,7,1,7,0,0,0,0,0,0,0,0,0,0,2,2,3,9
2021S051635210181,544,3167,0,0,0,0,0,0,0,0,0,0,0,0,0,0,1,3,3,11,3,11
2021S051635210182,289,3037,0,0,0,0,0,0,0,0,0,0,0,0,0,0,1,7,2,8,2,8
2021S051635210183,382,1446,0,0,0,0,0,0,0,0,0,0,0,0,1,3,2,6,2,6,2,6
2021S051635210184,401,5215,1,121,2,123,1,2,0,0,0,0,0,0,0,0,0,0,6,131,6,131
2021S051635210185,193,1828,0,0,1,2,1,2,0,0,0,0,0,0,0,0,0,0,3,5,3,5
2021S051635210186,448,8471,4,14,5,17,2,9,0,0,0,0,0,0,0,0,1,3,7,22,7,22
2021S051635210187,179,1192,0,0,0,0,0,0,0,0,0,0,0,0,0,0,0,0,2,6,2,6
2021S051635210188,558,19083,0,0,1,2,1,2,0,0,0,0,0,0,0,0,0,0,3,6,3,6
2021S051635210189,165,1800,0,0,1,3,0,0,0,0,0,0,0,0,0,0,0,0,3,6,3,6
2021S051635210190,183,1256,0,0,1,3,1,3,1,3,1,3,0,0,0,0,0,0,7,13,7,13
2021S051635210191,173,999,0,0,0,0,0,0,0,0,0,0,0,0,1,3,1,3,4,9,4,9
2021S051635210192,222,918,1,3,2,8,1,3,0,0,0,0,0,0,0,0,0,0,2,8,2,8
2021S051635210193,398,2289,0,0,1,3,1,3,0,0,1,3,0,0,0,0,0,0,6,12,6,12
2021S051635220001,220,1902,2,6,7,25,9,43,0,0,4,23,0,0,1,3,1,3,41,118,42,133
2021S051635220003,197,2121,1,2,2,5,1,3,1,3,1,3,0,0,1,14,2,17,12,44,12,44
2021S051635220004,342,3645,4,416,4,432,7,463,0,0,1,31,2,26,0,0,0,0,41,273,42,608
2021S051635220005,339,6628,0,0,0,0,0,0,0,0,0,0,0,0,0,0,0,0,2,2,2,2
2021S051635220006,103,648,0,0,2,9,0,0,0,0,2,9,0,0,0,0,0,0,5,20,5,20
2021S051635220007,319,4778,2,21,7,120,4,88,3,128,4,79,0,0,1,14,1,14,23,324,24,339
2021S051635220008,151,2197,0,0,2,5,2,5,0,0,0,0,0,0,0,0,1,3,15,80,15,80
2021S051635220009,380,3108,2,5,8,45,11,106,2,16,3,8,1,2,0,0,2,6,38,217,39,220
2021S051635230001,445,6590,5,882,4,880,6,303,0,0,3,135,1,231,3,20,3,20,69,1202,71,1766
2021S051635230002,308,4263,1,530,3,544,5,555,1,12,2,15,0,0,3,21,4,28,53,221,54,751
2021S051635230003,369,3433,2,9,8,124,9,179,0,0,5,126,0,0,2,6,6,22,41,258,46,384
2021S051635230004,179,1493,1,4,2,6,2,11,0,0,1,7,0,0,0,0,0,0,25,67,25,67
2021S051635230005,345,3621,6,55,10,76,16,119,1,12,3,34,3,12,1,7,5,109,90,653,91,668
2021S051635230006,318,5475,3,682,2,586,1,527,0,0,1,2,1,33,1,13,3,31,25,317,26,844
2021S051635230007,195,3002,5,51,7,106,8,100,2,314,4,39,0,0,3,24,4,31,20,579,21,594
2021S051635230008,412,4000,2,4,4,44,3,42,0,0,1,35,0,0,2,102,3,107,32,206,33,241
2021S051635230009,231,2671,0,0,3,11,1,3,0,0,0,0,0,0,1,3,3,9,19,51,19,51
2021S051635230013,430,6917,4,110,6,63,8,183,1,6,2,9,2,107,3,105,3,105,44,1088,45,1091
2021S051635230024,287,7909,10,1011,17,1441,8,1023,0,0,4,86,0,0,1,14,1,14,33,1974,35,2044
2021S051635230025,163,2802,1,1,3,11,2,5,0,0,2,21,0,0,0,0,1,73,9,139,10,142
2021S051635230026,895,29487,45,7674,55,6751,41,2801,2,41,13,396,6,847,0,0,7,158,103,7900,118,9682
2021S051635230027,283,5394,2,530,6,402,3,273,1,6,2,41,1,232,0,0,0,0,18,718,19,753
2021S051635230028,135,1598,0,0,0,0,1,3,0,0,0,0,0,0,1,3,2,9,5,60,5,60
2021S051635230029,207,3123,1,15,2,33,4,39,1,28,1,28,1,15,2,6,3,9,15,87,15,87
2021S051635230030,636,10848,1,2,6,59,4,15,0,0,0,0,0,0,0,0,1,7,15,113,16,116
2021S051635230031,149,1714,0,0,1,2,0,0,0,0,0,0,0,0,0,0,0,0,2,3,2,3
2021S051635230032,191,3294,0,0,1,2,1,2,0,0,0,0,0,0,0,0,1,7,4,13,4,13
2021S051635230033,122,538,0,0,0,0,0,0,0,0,0,0,0,0,0,0,0,0,1,1,1,1
2021S051635230034,345,6085,6,172,16,316,13,272,2,18,6,151,2,43,2,6,6,203,39,1175,42,1318
2021S051635230035,238,4516,0,0,0,0,0,0,0,0,0,0,0,0,0,0,0,0,3,6,3,6
2021S051635230036,210,3502,0,0,0,0,0,0,0,0,0,0,0,0,0,0,0,0,1,2,1,2
2021S051635230037,413,3489,2,5,5,16,2,5,1,3,1,3,1,2,0,0,0,0,9,29,9,29
2021S051635240001,328,2980,1,2,4,19,6,34,0,0,2,18,1,2,1,3,2,5,18,77,20,95
2021S051635240002,667,12889,8,518,20,744,14,533,1,3,8,230,0,0,2,28,5,222,59,1718,62,1822
2021S051635240003,204,2777,0,0,2,14,1,2,0,0,0,0,0,0,0,0,0,0,2,14,2,14
2021S051635240004,166,2483,0,0,0,0,0,0,0,0,0,0,0,0,0,0,0,0,1,4,1,4
2021S051635240005,370,2377,0,0,1,7,1,7,0,0,0,0,0,0,0,0,1,15,5,23,6,30
2021S051635240006,328,3559,1,2,5,37,3,18,2,9,3,26,0,0,0,0,1,3,21,198,21,198
2021S051635240007,464,6044,4,15,5,27,6,23,0,0,0,0,2,4,3,20,4,23,41,270,41,270
2021S051635240009,782,20365,17,1338,26,1464,16,1266,4,103,7,445,4,197,1,3,1,3,54,2142,57,2759
2021S051635240010,772,22972,12,338,24,584,13,402,1,29,8,131,2,26,0,0,0,0,46,1100,52,1234
2021S051635240011,982,7983,2,311,4,318,4,318,0,0,0,0,0,0,0,0,0,0,11,343,11,343
2021S051635240014,254,1877,0,0,0,0,0,0,1,7,0,0,0,0,0,0,0,0,7,21,7,21
2021S051635240016,412,9217,3,28,7,72,2,12,0,0,2,6,0,0,0,0,1,7,13,209,13,209
2021S051635240017,105,790,0,0,2,10,1,7,0,0,0,0,0,0,0,0,0,0,2,5,3,12
2021S051635240018,300,2932,3,295,5,341,5,341,1,6,1,6,1,2,0,0,0,0,5,366,7,408
2021S051635240019,192,3305,1,4,2,9,2,9,0,0,1,18,0,0,0,0,1,3,6,35,6,35
2021S051635240020,221,2302,1,3,2,6,2,6,1,3,1,3,0,0,0,0,0,0,4,19,5,22
2021S051635240021,171,1995,0,0,1,2,0,0,0,0,1,2,0,0,0,0,0,0,2,6,2,6
2021S051635240022,656,10965,4,81,5,63,5,81,1,12,5,39,1,5,0,0,0,0,10,304,11,319
2021S051635240023,216,4290,0,0,1,2,0,0,0,0,1,2,0,0,0,0,0,0,4,97,4,97
2021S051635240024,284,3931,1,2,0,0,0,0,0,0,1,3,0,0,0,0,0,0,4,25,4,25
2021S051635240025,133,591,1,2,2,4,1,2,0,0,1,2,0,0,0,0,0,0,3,8,3,8
2021S051635240026,219,2035,1,4,2,10,2,10,1,6,1,6,0,0,0,0,1,3,4,20,4,20
2021S051635240027,174,1146,0,0,0,0,0,0,0,0,0,0,0,0,0,0,0,0,3,9,3,9
2021S051635240028,579,8684,2,516,2,4,1,7,0,0,1,7,1,514,0,0,1,7,5,527,6,534
2021S051635240029,248,3813,1,4,2,9,0,0,0,0,0,0,0,0,0,0,0,0,11,74,11,74
2021S051635240030,1128,16840,9,634,29,1401,23,633,2,9,9,211,2,10,1,7,3,25,60,1692,67,1895
2021S051635240031,290,2883,1,2,4,28,2,5,0,0,1,3,0,0,0,0,1,2,19,89,20,92
2021S051635240032,208,1567,0,0,3,9,1,5,0,0,1,2,0,0,0,0,1,3,4,12,4,12
2021S051635240033,166,794,0,0,1,3,0,0,0,0,0,0,0,0,0,0,0,0,2,4,2,4
2021S051635240034,268,5095,3,6,5,19,3,10,0,0,0,0,0,0,0,0,0,0,7,23,7,23
2021S051635240035,214,1210,0,0,1,3,0,0,0,0,0,0,0,0,0,0,0,0,1,3,1,3
2021S051635240036,192,3821,0,0,2,7,1,5,0,0,0,0,0,0,0,0,0,0,5,13,5,13
2021S051635240037,723,11718,8,72,16,379,15,413,1,119,5,222,3,78,1,7,2,41,51,773,53,850
2021S051635240039,236,2225,0,0,0,0,0,0,0,0,1,3,0,0,0,0,0,0,1,3,1,3
2021S051635240043,248,2772,1,2,2,5,0,0,0,0,0,0,0,0,0,0,0,0,3,7,3,7
2021S051635240044,163,2050,0,0,0,0,0,0,0,0,0,0,0,0,0,0,0,0,2,4,2,4
2021S051635240045,175,1952,0,0,0,0,0,0,0,0,0,0,0,0,0,0,0,0,0,0,0,0
2021S051635240046,167,1951,0,0,0,0,0,0,0,0,0,0,0,0,0,0,0,0,1,2,1,2
2021S051635240047,428,7993,6,461,13,532,10,420,3,42,10,210,2,72,0,0,2,37,33,461,37,819
2021S051635240048,123,1176,0,0,3,7,4,10,0,0,0,0,0,0,1,3,1,3,5,19,5,19
2021S051635240049,421,9031,5,174,17,268,14,180,4,41,7,77,2,26,1,3,3,23,42,684,43,691
2021S051635240050,304,1772,1,2,2,5,1,2,0,0,0,0,0,0,0,0,0,0,4,10,4,10
2021S051635240051,682,13819,3,128,9,269,2,4,0,0,2,33,0,0,0,0,1,15,25,765,25,765
2021S051635240052,121,1514,0,0,2,4,2,4,0,0,0,0,0,0,0,0,0,0,3,6,3,6
2021S051635240053,162,2631,2,84,5,94,3,27,1,28,1,28,0,0,0,0,2,10,9,138,9,138
2021S051635240054,185,3192,1,3,0,0,0,0,0,0,0,0,0,0,0,0,0,0,2,5,2,5
2021S051635240055,269,3815,1,3,4,71,2,78,0,0,2,78,0,0,0,0,0,0,9,156,9,156
2021S051635240056,391,9167,1,10,3,41,2,17,0,0,1,7,0,0,2,10,3,17,21,502,22,509
2021S051635240057,487,7250,3,6,3,50,3,44,0,0,3,117,0,0,1,7,1,7,17,136,18,171
2021S051635240058,283,4736,0,0,0,0,0,0,0,0,0,0,0,0,1,7,1,7,2,13,2,13
2021S051635240059,156,1570,0,0,0,0,0,0,0,0,0,0,0,0,0,0,0,0,3,6,3,6
2021S051635240060,144,1367,0,0,2,4,0,0,0,0,2,4,0,0,0,0,1,13,3,17,3,17
2021S051635240061,578,3208,1,2,2,5,0,0,0,0,0,0,0,0,0,0,0,0,12,30,12,30
2021S051635240062,233,2791,0,0,0,0,0,0,0,0,0,0,0,0,0,0,0,0,0,0,0,0
2021S051635240063,237,1214,0,0,5,13,3,7,0,0,0,0,0,0,0,0,1,3,5,13,5,13
2021S051635240064,276,1647,0,0,1,3,1,3,1,3,1,3,0,0,0,0,0,0,2,4,2,4
2021S051635240065,365,4297,0,0,1,2,2,21,0,0,0,0,0,0,2,17,2,17,5,69,5,69
2021S051635240066,243,1999,0,0,2,4,1,2,0,0,0,0,0,0,0,0,0,0,3,6,3,6
2021S051635240067,992,30063,27,1439,44,2009,34,1920,4,143,17,848,3,84,3,166,5,536,111,3598,116,4366
2021S051635240068,210,1142,1,2,3,15,3,14,0,0,0,0,1,2,0,0,0,0,5,22,5,22
2021S051635242001,677,4767,1,2,0,0,1,2,0,0,0,0,0,0,0,0,2,10,8,24,8,24
2021S051635250001,272,2885,2,74,5,23,3,14,2,12,2,12,0,0,0,0,0,0,28,175,28,175
2021S051635250002,473,6395,4,87,8,169,6,121,2,35,2,8,0,0,1,7,3,17,51,689,53,765
2021S051635250005,460,13097,7,193,13,475,19,1935,2,278,16,1935,2,97,1,33,3,63,46,2714,49,2802
2021S051635250006,73,1305,0,0,3,277,2,5,0,0,1,3,0,0,0,0,0,0,4,302,5,305
2021S051635250007,323,3781,0,0,2,15,1,12,1,12,1,12,0,0,0,0,1,3,11,32,11,32
2021S051635250008,498,11451,2,9,6,39,2,10,1,7,0,0,0,0,0,0,0,0,13,160,14,163
2021S051635250009,244,2144,2,6,4,11,2,5,0,0,0,0,0,0,1,3,2,18,28,130,28,130
2021S051635250010,751,17769,21,793,38,1465,36,1248,11,219,14,478,5,97,3,98,11,179,102,1881,111,2734
2021S051635250011,151,2610,0,0,0,0,1,3,0,0,0,0,0,0,0,0,0,0,0,0,1,3
2021S051635250012,598,13058,0,0,1,3,2,38,0,0,2,38,0,0,1,3,1,3,5,33,6,68
2021S051635250013,224,4236,0,0,3,12,1,3,0,0,1,3,0,0,0,0,0,0,5,22,6,25
2021S051635250014,406,5020,1,117,9,318,6,250,0,0,0,0,0,0,3,13,5,34,24,340,25,415
2021S051635250015,126,1229,0,0,1,17,0,0,0,0,1,17,0,0,0,0,0,0,2,19,2,19
2021S051635250016,145,1143,0,0,0,0,1,7,0,0,1,7,0,0,0,0,0,0,6,47,6,47
2021S051635250017,121,1259,0,0,0,0,0,0,0,0,0,0,0,0,0,0,0,0,3,15,3,15
2021S051635250019,142,1962,1,145,4,158,0,0,0,0,0,0,0,0,0,0,0,0,3,13,4,158
2021S051635250020,456,8811,14,729,24,759,28,1112,6,119,13,517,4,284,2,76,4,89,54,1139,62,1749
2021S051635250021,204,2114,0,0,0,0,0,0,0,0,0,0,0,0,0,0,0,0,2,4,2,4
2021S051635250022,251,4772,1,12,5,65,4,28,1,12,2,15,0,0,0,0,0,0,18,315,18,315
2021S051635250023,100,1565,0,0,2,38,2,38,1,3,2,38,0,0,0,0,0,0,2,6,3,41
2021S051635250024,551,11636,7,635,15,698,12,170,3,11,8,116,3,62,2,141,2,141,62,1560,64,1637
2021S051635250025,207,3849,0,0,0,0,0,0,0,0,0,0,0,0,0,0,0,0,0,0,0,0
2021S051635250026,252,3147,0,0,0,0,0,0,0,0,0,0,0,0,0,0,0,0,2,10,2,10
2021S051635250027,95,1432,0,0,0,0,0,0,0,0,0,0,0,0,0,0,0,0,2,5,2,5
2021S051635250028,88,1019,0,0,0,0,0,0,0,0,0,0,0,0,0,0,0,0,0,0,0,0
2021S051635250029,242,2403,0,0,0,0,0,0,0,0,0,0,0,0,0,0,1,2,2,5,2,5
2021S051635250030,151,1452,0,0,0,0,0,0,0,0,0,0,0,0,0,0,0,0,1,1,1,1
2021S051635250031,127,1375,0,0,0,0,0,0,0,0,0,0,0,0,0,0,1,3,1,3,1,3
2021S051635250032,110,1360,0,0,1,3,0,0,0,0,0,0,0,0,0,0,0,0,2,5,2,5
2021S051635250033,206,2786,0,0,0,0,0,0,0,0,0,0,0,0,0,0,0,0,1,1,1,1
2021S051635250034,161,807,2,5,1,3,2,5,0,0,0,0,1,2,0,0,0,0,3,11,3,11
2021S051635250035,162,2746,1,2,1,2,2,4,0,0,0,0,1,2,0,0,0,0,2,4,2,4
2021S051635250036,187,2215,0,0,0,0,0,0,0,0,0,0,0,0,0,0,1,7,4,20,4,20
2021S051635250037,94,913,0,0,1,2,1,2,0,0,0,0,0,0,0,0,0,0,2,8,2,8
2021S051635250038,356,3621,1,3,1,3,1,3,0,0,0,0,0,0,1,7,4,19,10,108,10,108
2021S051635250039,88,552,0,0,0,0,0,0,0,0,0,0,0,0,0,0,0,0,2,6,2,6
2021S051635250040,125,2361,1,2,0,0,0,0,0,0,0,0,0,0,0,0,0,0,2,3,2,3
2021S051635250041,65,467,0,0,1,5,1,5,0,0,0,0,0,0,0,0,0,0,2,7,2,7
2021S051635250042,90,882,0,0,0,0,0,0,0,0,0,0,0,0,0,0,0,0,1,2,1,2
2021S051635250043,56,324,0,0,0,0,0,0,0,0,0,0,0,0,0,0,0,0,0,0,0,0
2021S051635250044,221,1279,0,0,0,0,0,0,0,0,1,3,0,0,0,0,0,0,1,3,1,3
2021S051635250045,87,1056,0,0,1,6,0,0,0,0,0,0,0,0,0,0,0,0,1,6,1,6
2021S051635250046,124,1155,0,0,0,0,1,148,0,0,1,148,0,0,0,0,0,0,1,1,2,149
2021S051635250047,131,1224,0,0,0,0,0,0,0,0,0,0,0,0,0,0,0,0,0,0,0,0
2021S051635250048,140,2271,0,0,0,0,0,0,0,0,2,15,0,0,0,0,0,0,5,46,5,46
2021S051635250050,235,4227,0,0,1,2,0,0,0,0,0,0,0,0,0,0,0,0,2,8,2,8
2021S051635250051,233,2117,0,0,2,6,2,6,0,0,0,0,0,0,0,0,2,10,5,17,5,17
2021S051635250052,74,1344,0,0,0,0,0,0,0,0,0,0,0,0,0,0,0,0,1,54,1,54
2021S051635250053,412,3190,2,4,5,10,0,0,0,0,1,2,0,0,0,0,0,0,12,25,12,25
2021S051635250054,179,1679,0,0,2,9,1,3,0,0,1,3,0,0,0,0,0,0,5,20,5,20
2021S051635250055,68,464,0,0,0,0,0,0,0,0,0,0,0,0,0,0,0,0,0,0,0,0
2021S051635250056,604,12123,7,30,13,164,15,324,0,0,9,277,0,0,2,10,6,97,42,449,49,713
2021S051635250058,100,1849,0,0,0,0,0,0,0,0,0,0,0,0,0,0,0,0,2,5,2,5
2021S051635250059,92,2570,1,3,1,3,0,0,0,0,0,0,0,0,0,0,0,0,1,3,1,3
2021S051635250060,104,995,0,0,1,5,0,0,0,0,0,0,0,0,0,0,1,3,2,8,2,8
2021S051635250061,144,1423,1,3,3,8,3,40,0,0,1,34,0,0,0,0,0,0,5,45,5,45
2021S051635250063,127,1159,0,0,0,0,0,0,0,0,0,0,0,0,0,0,0,0,2,3,2,3
2021S051635250064,151,1559,0,0,0,0,0,0,0,0,0,0,0,0,0,0,0,0,0,0,0,0
2021S051635250067,319,4550,0,0,1,87,0,0,0,0,0,0,0,0,0,0,1,3,10,204,10,204
2021S051635250068,164,2253,0,0,2,5,2,5,0,0,2,7,0,0,1,3,1,3,6,18,7,21
2021S051635250069,394,7106,3,66,5,105,7,169,0,0,3,80,1,2,0,0,0,0,26,460,28,537
2021S051635250070,378,5786,0,0,0,0,0,0,0,0,0,0,0,0,0,0,0,0,1,1,1,1
2021S051635250071,364,3708,0,0,4,13,2,8,1,6,3,16,1,2,0,0,1,3,12,105,12,105
2021S051635250072,279,4353,0,0,0,0,0,0,0,0,0,0,0,0,0,0,0,0,2,2,2,2
2021S051635250073,349,4195,1,2,2,4,1,2,0,0,0,0,0,0,0,0,0,0,9,273,9,273
2021S051635250074,121,1165,0,0,0,0,0,0,0,0,0,0,0,0,0,0,0,0,4,6,4,6
2021S051635260001,926,17893,1,2,12,127,6,48,0,0,1,2,0,0,1,3,2,6,131,2010,131,2010
2021S051635260003,190,2240,0,0,0,0,0,0,0,0,0,0,0,0,0,0,0,0,4,10,4,10
2021S051635260004,113,1305,0,0,0,0,0,0,0,0,0,0,0,0,1,7,1,7,1,7,1,7
2021S051635260005,387,5263,0,0,1,12,1,3,0,0,1,1,0,0,1,3,3,21,19,149,20,150
2021S051635260010,301,5770,1,20,2,29,2,29,0,0,0,0,0,0,0,0,0,0,6,45,6,45
2021S051635260013,300,5155,1,2,2,47,2,89,0,0,0,0,0,0,0,0,1,34,7,180,7,180
2021S051635260017,478,10405,4,489,9,508,6,162,0,0,0,0,0,0,0,0,0,0,22,162,24,644
2021S051635260018,307,3948,1,529,1,529,2,22,0,0,1,15,0,0,0,0,0,0,3,158,5,702
2021S051635260020,200,2780,1,2,0,0,2,142,0,0,0,0,1,2,0,0,0,0,6,158,6,158
2021S051635260022,280,3061,0,0,1,6,0,0,0,0,1,4,0,0,0,0,1,34,6,54,6,54
2021S051635260023,174,2312,2,9,4,28,2,41,0,0,1,35,0,0,0,0,1,34,13,101,14,136
2021S051635260024,249,3966,0,0,4,20,3,14,0,0,0,0,0,0,0,0,1,3,9,94,9,94
2021S051635260027,337,7026,0,0,1,32,2,10,0,0,4,53,0,0,0,0,0,0,7,70,8,77
2021S051635260028,217,3125,1,15,2,18,1,35,0,0,1,35,0,0,0,0,1,145,6,176,8,226
2021S051635260030,292,4070,0,0,0,0,0,0,0,0,0,0,0,0,0,0,0,0,0,0,0,0
2021S051635260031,173,3008,0,0,3,105,2,61,0,0,0,0,0,0,0,0,0,0,7,126,7,126
2021S051635260033,329,11985,1,15,4,80,1,3,0,0,1,3,0,0,0,0,0,0,6,316,8,334
2021S051635260034,523,5401,2,107,6,36,5,92,0,0,2,6,1,2,7,161,12,180,69,929,70,932
2021S051635260035,350,7639,6,160,9,123,8,141,2,43,2,118,1,50,2,36,3,43,31,718,31,718
2021S051635260036,205,2388,0,0,1,3,2,36,0,0,1,3,0,0,1,13,1,13,27,203,27,203
2021S051635260037,345,3723,1,3,2,18,1,15,1,3,1,2,0,0,1,3,3,43,16,106,17,121
2021S051635260040,358,5676,0,0,1,6,1,6,1,6,2,9,0,0,0,0,0,0,6,25,6,25
2021S051635260042,218,1972,0,0,2,13,2,13,1,6,3,31,0,0,0,0,0,0,3,26,4,33
2021S051635260043,183,1561,0,0,2,14,1,2,0,0,0,0,0,0,0,0,0,0,5,20,5,20
2021S051635260044,308,4396,1,4,5,77,2,37,0,0,2,35,0,0,0,0,0,0,18,205,18,205
2021S051635260046,130,1170,2,15,2,17,2,17,0,0,1,3,0,0,0,0,0,0,21,56,21,56
2021S051635260047,326,5293,3,147,7,191,5,72,1,13,1,3,0,0,0,0,0,0,11,481,12,484
2021S051635260048,127,2520,0,0,1,2,2,17,0,0,3,147,0,0,1,68,2,71,13,260,14,275
2021S051635260051,146,1908,0,0,4,89,3,27,1,3,4,18,0,0,2,138,2,138,15,304,16,307
2021S051635260052,347,6526,4,43,11,136,7,190,1,28,3,69,0,0,2,28,4,38,39,621,40,624
2021S051635260053,723,11620,0,0,7,84,7,378,0,0,3,47,1,10,0,0,2,6,23,584,25,594
2021S051635260054,307,5373,0,0,2,5,1,2,0,0,0,0,0,0,0,0,0,0,4,16,4,16
2021S051635260055,222,5851,0,0,3,63,2,92,1,29,1,31,0,0,0,0,0,0,6,178,6,178
2021S051635260056,188,4507,2,33,2,7,9,595,0,0,7,619,0,0,0,0,0,0,17,854,20,927
2021S051635260057,129,2908,0,0,1,25,1,25,0,0,0,0,0,0,0,0,0,0,1,25,1,25
2021S051635260058,327,4716,1,2,4,116,4,177,0,0,3,142,0,0,0,0,1,15,15,270,17,339
2021S051635260059,226,4033,1,26,8,608,4,111,3,75,2,72,0,0,0,0,0,0,25,714,25,714
2021S051635260060,221,3970,2,52,1,2,3,81,0,0,0,0,1,50,0,0,1,3,8,164,8,164
2021S051635260061,454,8611,3,59,9,233,4,108,0,0,2,6,1,2,1,3,3,25,93,1281,94,1284
2021S051635260062,264,3458,0,0,2,33,1,5,0,0,0,0,0,0,1,3,1,3,9,86,9,86
2021S051635260063,293,4067,1,100,4,81,6,187,1,3,3,20,2,102,0,0,0,0,26,278,27,293
2021S051635260064,474,7494,8,257,14,264,12,268,1,3,4,114,0,0,2,17,2,17,63,855,66,971
2021S051635260065,244,2697,1,7,3,16,1,7,1,7,0,0,0,0,0,0,0,0,16,224,16,224
2021S051635280001,412,4988,2,109,8,87,4,114,1,3,2,4,1,50,0,0,0,0,29,389,29,389
2021S051635280002,277,3411,2,35,2,37,4,567,0,0,3,583,0,0,0,0,3,35,44,803,47,843
2021S051635280003,1,3,0,0,0,0,0,0,0,0,0,0,0,0,0,0,0,0,0,0,0,0
2021S051635280005,268,3484,3,37,2,32,2,32,0,0,0,0,0,0,0,0,1,3,26,172,26,172
2021S051635280006,199,2035,0,0,5,93,4,357,1,31,3,354,0,0,4,16,7,29,37,519,39,541
2021S051635280008,266,4152,0,0,4,13,2,9,1,6,3,100,0,0,1,3,3,69,40,385,40,385
2021S051635280009,0,0,0,0,0,0,0,0,0,0,0,0,0,0,0,0,0,0,0,0,0,0
2021S051635280018,139,1245,0,0,0,0,1,15,0,0,1,15,0,0,0,0,1,7,22,70,23,85
2021S051635280019,105,1421,0,0,0,0,1,3,0,0,0,0,0,0,1,3,2,5,31,175,31,175
2021S051635280020,216,3951,1,4,3,10,4,43,1,3,1,3,0,0,1,33,1,33,59,374,59,374
2021S051635280021,309,6192,1,527,6,583,3,541,1,308,2,14,0,0,0,0,0,0,30,865,33,1406
2021S051635280022,355,5118,1,3,4,130,3,139,1,119,5,142,0,0,0,0,2,6,26,234,28,252
2021S051635280023,167,1740,0,0,2,15,3,48,1,6,2,19,0,0,0,0,1,3,23,124,23,124
2021S051635280024,159,2620,3,189,3,44,3,161,0,0,2,88,1,50,0,0,0,0,33,292,34,366
2021S051635280025,129,1235,1,6,1,6,1,6,0,0,0,0,0,0,1,3,1,3,29,159,29,159
2021S051635280026,294,4349,0,0,3,8,3,8,1,3,2,5,0,0,0,0,0,0,44,205,44,205
2021S051635290001,349,3793,3,67,9,124,8,115,3,78,7,119,1,33,0,0,0,0,32,279,35,304
2021S051635290002,243,3215,0,0,3,171,4,310,0,0,1,74,0,0,0,0,1,145,31,438,32,512
2021S051635290003,182,3153,2,18,6,70,5,70,0,0,2,53,0,0,0,0,1,145,18,279,19,314
2021S051635290004,103,861,0,0,0,0,1,15,0,0,1,15,0,0,0,0,0,0,5,60,5,60
2021S051635290005,158,2990,0,0,1,3,4,766,0,0,1,70,2,693,1,68,1,68,11,892,11,892
2021S051635290006,825,19794,15,815,42,1717,34,1770,9,101,17,514,1,14,1,7,8,441,119,3420,126,3787
2021S051635290007,188,2788,0,0,0,0,0,0,0,0,0,0,0,0,0,0,2,6,7,17,7,17
2021S051635290008,75,768,1,7,1,7,1,7,0,0,0,0,0,0,0,0,0,0,2,3,3,10
2021S051635290009,190,2436,0,0,2,4,2,4,0,0,0,0,0,0,0,0,0,0,3,6,3,6
2021S051635290010,286,6550,2,153,6,374,5,379,0,0,1,37,0,0,2,21,4,340,20,1417,20,1417
2021S051635290011,165,1949,0,0,1,3,2,234,1,3,1,3,1,231,0,0,0,0,3,240,3,240
2021S051635290012,158,2247,0,0,0,0,0,0,0,0,1,2,0,0,0,0,1,7,2,9,2,9
2021S051635290013,282,3920,2,12,4,159,2,128,1,119,2,132,0,0,2,6,4,11,67,383,67,383
2021S051635290014,146,3030,3,39,2,9,4,45,2,39,1,6,0,0,1,3,2,6,11,277,11,277
2021S051635290015,54,2523,0,0,0,0,0,0,0,0,0,0,0,0,0,0,0,0,2,124,2,124
2021S051635290016,76,904,1,6,2,30,2,30,1,28,1,28,0,0,0,0,0,0,5,133,5,133
2021S051635290017,236,5713,4,41,5,124,3,61,1,12,1,12,2,27,3,68,3,68,14,247,14,247
2021S051635290019,5,178,0,0,0,0,0,0,0,0,0,0,0,0,0,0,0,0,0,0,0,0
2021S051635290020,397,2242,1,11,3,9,1,3,1,3,1,3,0,0,0,0,0,0,12,86,12,86
2021S051635300001,382,5296,6,87,9,90,10,106,1,12,5,32,2,29,2,6,4,43,47,512,49,549
2021S051635300002,534,5196,12,70,47,246,61,387,17,92,26,170,2,12,19,192,28,375,151,832,161,942
2021S051635300004,557,12266,8,576,21,976,6,312,0,0,5,406,0,0,1,14,2,43,54,1852,55,1855
2021S051635300005,519,12498,12,321,16,643,11,254,1,29,2,89,2,34,1,3,3,66,45,1478,48,1601
2021S051635300007,561,9174,1,2,9,39,5,79,1,3,1,2,0,0,0,0,0,0,20,284,20,284
2021S051635300008,515,12699,9,664,27,1536,20,1267,4,92,7,125,0,0,3,116,6,140,52,1533,55,2081
2021S051635300010,175,2687,0,0,1,1,1,346,0,0,0,0,0,0,0,0,0,0,5,11,6,357
2021S051635300011,55,501,0,0,0,0,0,0,0,0,0,0,0,0,0,0,0,0,1,1,1,1
2021S051635300013,465,13970,2,85,4,106,3,38,0,0,1,14,2,29,0,0,0,0,10,149,10,149
2021S051635300014,345,4334,1,30,4,38,3,36,0,0,1,2,0,0,0,0,0,0,9,55,9,55
2021S051635300015,155,1320,1,3,2,5,2,5,0,0,0,0,0,0,0,0,0,0,3,26,3,26
2021S051635300016,215,3632,2,9,2,32,2,17,0,0,4,55,1,7,0,0,1,123,8,187,9,202
2021S051635300017,150,1748,1,3,1,3,1,5,0,0,0,0,1,5,0,0,0,0,5,15,5,15
2021S051635300019,489,5163,2,6,3,9,1,4,0,0,0,0,0,0,0,0,0,0,9,23,9,23
2021S051635300021,91,980,0,0,0,0,0,0,0,0,0,0,0,0,0,0,0,0,1,1,1,1
2021S051635300022,611,16758,2,11,9,47,5,27,2,6,3,10,0,0,0,0,0,0,18,144,18,144
2021S051635300023,90,638,0,0,0,0,0,0,0,0,0,0,0,0,0,0,0,0,2,3,2,3
2021S051635300024,112,1658,0,0,0,0,0,0,0,0,0,0,0,0,0,0,1,3,5,16,5,16
2021S051635300025,256,4019,4,73,6,101,7,111,0,0,0,0,1,10,0,0,0,0,11,224,12,258
2021S051635300026,319,5995,1,123,0,0,0,0,0,0,0,0,0,0,0,0,1,3,5,130,5,130
2021S051635300027,746,12727,4,51,7,58,1,3,0,0,0,0,0,0,1,3,1,3,18,121,18,121
2021S051635300028,155,1321,0,0,0,0,0,0,0,0,0,0,0,0,0,0,0,0,1,2,1,2
2021S051635300029,121,2480,0,0,1,3,0,0,0,0,0,0,0,0,0,0,0,0,1,3,1,3
2021S051635300030,110,1757,0,0,1,6,1,6,1,6,1,6,0,0,1,3,1,3,3,10,3,10
2021S051635300031,75,2070,0,0,0,0,0,0,0,0,0,0,0,0,0,0,0,0,3,25,3,25
2021S051635300033,209,2994,2,15,4,32,4,27,0,0,0,0,0,0,1,7,1,7,7,71,7,71
2021S051635300034,89,959,1,14,0,0,1,14,1,14,0,0,0,0,1,7,1,7,7,77,7,77
2021S051635300036,80,1586,0,0,1,9,1,9,0,0,0,0,0,0,0,0,2,10,5,44,5,44
2021S051635300039,151,2418,0,0,1,3,1,3,0,0,0,0,0,0,1,7,2,14,4,18,4,18
2021S051635300041,433,6351,3,579,4,73,4,77,0,0,1,7,1,514,1,3,1,3,20,637,21,644
2021S051635300042,382,6627,6,156,10,433,14,577,6,94,7,188,3,106,1,63,2,66,50,858,52,967
2021S051635300043,602,13288,2,8,9,158,7,459,1,60,3,109,0,0,2,44,3,112,25,926,26,961
2021S051635300044,224,2374,2,7,1,5,0,0,0,0,0,0,0,0,0,0,0,0,3,9,3,9
2021S051635300045,70,406,0,0,0,0,0,0,0,0,0,0,0,0,0,0,0,0,1,1,1,1
2021S051635300046,96,1813,3,23,3,23,3,23,0,0,1,2,0,0,0,0,0,0,6,30,6,30
2021S051635300047,147,3296,1,3,5,51,5,288,1,28,2,43,1,231,0,0,2,87,14,438,15,453
2021S051635300048,75,1693,1,2,0,0,1,2,0,0,0,0,0,0,0,0,0,0,2,3,2,3
2021S051635300050,136,2689,1,3,1,3,1,3,0,0,0,0,0,0,0,0,0,0,2,5,2,5
2021S051635300051,86,1057,1,24,1,6,2,30,1,6,1,6,1,24,0,0,0,0,3,40,3,40
2021S051635300052,94,649,1,2,3,105,1,6,1,6,1,6,0,0,0,0,0,0,4,108,4,108
2021S051635300053,75,1435,0,0,0,0,0,0,1,3,0,0,0,0,0,0,0,0,2,6,2,6
2021S051635300054,259,4935,2,24,6,748,6,349,2,304,3,307,1,24,0,0,1,7,14,815,15,818
2021S051635300056,516,11323,8,577,16,1081,15,877,1,6,4,388,3,246,0,0,3,25,34,1802,35,1817
2021S051635300058,214,2055,2,10,2,10,0,0,0,0,0,0,0,0,1,3,4,14,12,298,12,298
2021S051635300061,55,285,0,0,1,6,1,6,1,6,1,6,0,0,0,0,0,0,2,12,2,12
2021S051635300062,60,587,0,0,0,0,0,0,0,0,0,0,0,0,0,0,0,0,2,2,2,2
2021S051635300063,143,1878,0,0,4,28,2,18,0,0,1,15,0,0,0,0,1,2,11,73,12,88
2021S051635300064,427,7763,9,466,21,491,22,687,5,34,10,162,2,150,2,14,3,29,49,914,53,1021
2021S051635300065,419,12132,5,140,23,1430,13,1094,1,28,6,214,0,0,0,0,0,0,41,1879,44,1956
2021S051635300066,244,1308,1,6,2,8,3,11,0,0,0,0,0,0,2,9,2,9,5,19,5,19
2021S051635300067,1158,29701,29,2208,50,2793,43,2346,4,182,16,390,4,101,3,115,5,137,104,3933,118,4688
2021S051635300068,98,1827,0,0,1,13,0,0,0,0,0,0,0,0,0,0,0,0,2,260,2,260
2021S051635300069,991,18753,12,1357,24,2094,22,2074,6,237,10,321,2,241,1,69,14,491,68,3697,72,4413
2021S051635300070,163,1276,0,0,3,6,2,4,0,0,1,2,0,0,0,0,0,0,6,12,6,12
2021S051635300071,208,1717,0,0,0,0,0,0,0,0,0,0,0,0,0,0,0,0,2,8,2,8
2021S051635300072,370,3239,1,2,3,7,2,6,1,3,1,3,0,0,0,0,0,0,6,22,6,22
2021S051635300073,286,4232,3,102,8,233,8,145,0,0,5,252,1,2,2,14,3,48,31,529,33,570
2021S051635300074,163,1778,1,14,1,3,0,0,0,0,0,0,1,14,0,0,0,0,4,25,4,25
2021S051635302000,234,5005,3,59,12,140,9,123,1,12,3,22,1,24,0,0,1,15,22,249,24,259
2021S051635302001,311,3300,1,291,2,294,4,307,0,0,2,5,0,0,3,27,4,34,47,525,48,528
2021S051635310001,616,9432,9,777,15,826,20,807,3,21,6,59,1,2,6,22,7,37,144,1133,148,1565
2021S051635310002,351,3162,6,86,11,37,18,143,2,6,8,37,2,73,8,27,11,46,102,442,106,462
2021S051635310003,367,4615,3,17,6,23,5,19,2,5,3,8,0,0,1,3,2,6,82,410,83,413
2021S051635310004,502,7975,4,478,8,492,7,486,1,3,3,8,1,2,3,36,3,36,102,1221,104,1561
2021S051635310005,304,5078,0,0,2,62,3,65,1,60,1,60,0,0,1,3,1,3,18,173,18,173
2021S051635310006,233,2548,0,0,0,0,0,0,0,0,0,0,0,0,0,0,0,0,4,19,4,19
2021S051635310009,237,8751,10,3157,14,3062,13,2116,1,28,2,47,0,0,0,0,1,3,26,1944,30,3674
2021S051635310010,400,7488,7,1036,15,399,13,918,2,9,7,158,0,0,0,0,2,9,36,823,42,1518
2021S051635320001,270,2400,4,9,6,26,4,157,0,0,3,159,0,0,0,0,1,6,57,254,58,402
2021S051635320002,275,3061,2,4,4,27,4,27,0,0,1,4,0,0,0,0,0,0,52,303,52,303
2021S051635320003,335,3033,1,2,3,7,3,7,2,5,2,5,0,0,0,0,1,3,114,721,114,721
2021S051635320005,399,4390,6,157,10,175,10,184,0,0,0,0,0,0,0,0,5,47,95,656,97,743
2021S051635320007,68,780,2,100,1,11,3,111,0,0,0,0,2,100,0,0,0,0,4,114,4,114
2021S051635320008,335,8008,5,554,8,504,11,779,2,61,3,70,2,241,2,101,3,108,23,1412,25,1454
2021S051635320010,172,1922,1,74,1,74,1,74,0,0,0,0,0,0,0,0,0,0,60,292,60,292
2021S051635320011,386,7058,7,704,10,296,6,287,2,31,5,216,1,514,0,0,1,3,36,1346,37,1419
2021S051635320012,98,1399,2,170,3,172,2,170,0,0,1,19,0,0,0,0,0,0,7,88,8,232
2021S051635320013,512,9158,10,1808,18,1807,18,1544,3,99,8,215,0,0,5,161,8,204,52,1396,57,2513
2021S051635320014,464,5874,1,514,2,4,4,181,0,0,3,180,1,514,0,0,0,0,28,804,29,839
2021S051635320015,344,9509,12,1803,11,1707,12,1709,3,63,3,94,2,146,0,0,1,68,43,885,48,2230
2021S051635320016,429,3484,1,3,3,15,2,5,0,0,0,0,0,0,0,0,0,0,19,175,19,175
2021S051635340001,84,995,1,33,1,3,3,48,0,0,3,41,2,43,1,13,1,13,21,157,23,195
2021S051635340002,145,1119,0,0,1,3,1,3,0,0,0,0,0,0,0,0,0,0,24,61,25,64
2021S051635340003,184,2328,1,100,2,34,3,106,1,6,3,41,1,100,1,3,1,3,29,221,30,224
2021S051635340004,98,1165,1,2,0,0,0,0,0,0,0,0,0,0,1,7,1,7,15,57,15,57
2021S051635340005,540,7390,4,301,10,594,17,1123,3,115,7,240,2,104,2,40,7,82,77,1462,79,1543
2021S051635340006,235,4410,3,437,8,839,5,817,0,0,0,0,0,0,1,7,1,7,20,521,22,928
2021S051635340007,213,2828,0,0,1,6,1,6,1,6,1,6,0,0,0,0,1,7,23,139,23,139
2021S051635340008,180,4588,4,914,5,831,3,837,0,0,0,0,0,0,1,7,2,39,19,851,21,1193
2021S051635340009,197,3895,2,33,4,77,3,49,0,0,1,15,0,0,0,0,2,79,10,181,11,196
2021S051635340010,247,4071,1,7,1,5,0,0,0,0,0,0,0,0,0,0,0,0,9,364,9,364
2021S051635340011,198,1265,1,3,1,3,1,3,0,0,1,2,0,0,0,0,0,0,13,38,13,38
2021S051635340012,272,2695,3,303,3,303,0,0,0,0,0,0,1,3,2,72,3,74,46,501,46,501
2021S051635360001,280,2747,1,11,5,20,6,54,2,9,4,18,0,0,0,0,3,8,77,329,78,336
2021S051635360002,321,4060,2,62,7,136,4,109,0,0,1,2,0,0,1,7,4,16,86,794,86,794
2021S051635360003,335,3966,0,0,0,0,1,3,0,0,0,0,0,0,1,3,1,3,87,308,87,308
2021S051635360004,3,89,0,0,0,0,0,0,0,0,0,0,0,0,0,0,0,0,0,0,0,0
2021S051635360005,177,3462,2,100,5,193,6,186,2,158,1,28,2,100,0,0,0,0,16,512,16,512
2021S051635360006,203,3032,5,273,9,298,9,237,2,5,2,5,0,0,1,3,2,6,33,571,34,606
2021S051635360007,86,685,1,2,2,7,2,9,0,0,1,7,0,0,1,3,1,3,19,46,20,53
2021S051635360008,206,3123,1,6,2,12,1,6,0,0,0,0,0,0,0,0,0,0,6,26,6,26
2021S051635360009,240,4491,0,0,1,2,0,0,0,0,1,2,0,0,0,0,0,0,3,11,3,11
2021S051635360010,306,5725,1,2,4,40,2,30,1,28,3,35,0,0,0,0,1,7,14,167,14,167
2021S051635360011,220,4147,2,337,4,53,6,424,0,0,4,87,0,0,0,0,0,0,20,227,24,644
2021S051635360012,354,8205,0,0,8,478,4,104,1,3,5,393,0,0,0,0,3,102,27,893,27,893
2021S051635360013,179,3949,4,464,4,446,5,546,0,0,2,109,0,0,1,30,1,30,13,505,17,760
2021S051635362000,78,885,1,3,2,6,4,42,2,6,2,6,1,3,2,36,3,109,12,129,12,129
2021S051635362001,80,1386,2,145,2,8,1,4,0,0,1,4,1,141,0,0,0,0,10,206,10,206
2021S051635362002,94,1875,3,655,3,642,2,338,0,0,1,3,0,0,1,32,1,32,11,385,13,723
2021S051635362003,54,478,0,0,0,0,0,0,0,0,0,0,0,0,1,68,1,68,8,195,8,195
2021S051635370001,207,2423,1,100,5,46,7,244,2,6,5,118,2,105,0,0,0,0,32,366,33,440
2021S051635370002,446,5255,2,5,7,22,8,55,2,5,4,43,0,0,0,0,0,0,39,102,41,140
2021S051635370003,307,2603,0,0,0,0,0,0,0,0,0,0,0,0,0,0,0,0,5,46,5,46
2021S051635370004,327,8416,14,2290,22,3179,15,2638,1,28,3,542,0,0,0,0,1,3,28,2723,34,3742
2021S051635370005,285,3808,0,0,1,28,0,0,0,0,0,0,0,0,1,14,1,14,5,48,5,48
2021S051635370006,115,697,0,0,0,0,0,0,0,0,0,0,0,0,0,0,0,0,1,2,1,2
2021S051635370007,134,1513,2,11,2,11,1,70,0,0,0,0,0,0,0,0,0,0,5,90,5,90
2021S051635370008,53,311,0,0,0,0,0,0,0,0,0,0,0,0,0,0,0,0,0,0,0,0
2021S051635370009,130,1352,0,0,2,5,1,2,0,0,0,0,0,0,0,0,1,7,6,170,6,170
2021S051635370010,93,778,0,0,0,0,0,0,0,0,0,0,0,0,0,0,0,0,1,2,1,2
2021S051635370011,117,1394,1,6,2,77,2,77,1,3,2,77,0,0,1,68,1,68,6,105,7,179
2021S051635370013,243,4027,2,16,7,114,2,73,1,60,2,64,0,0,0,0,1,15,13,282,13,282
2021S051635370014,311,8832,2,1043,3,536,0,0,0,0,0,0,1,514,0,0,0,0,9,580,10,1109
2021S051635370015,173,3180,2,419,4,466,4,332,0,0,4,45,0,0,0,0,0,0,5,557,8,598
2021S051635370016,362,9176,7,1467,12,1564,8,731,2,87,3,89,1,3,0,0,1,3,27,1064,30,1937
2021S051635370017,135,3137,0,0,0,0,0,0,0,0,0,0,0,0,0,0,0,0,2,4,2,4
2021S051635370018,87,820,0,0,2,8,1,3,1,3,1,3,0,0,0,0,0,0,4,32,4,32
2021S051635370019,540,11967,21,405,46,971,42,957,9,215,14,440,2,26,1,14,3,36,97,2582,110,3078
2021S051635370020,300,6097,4,368,11,458,9,440,2,40,2,40,0,0,0,0,0,0,22,606,24,958
2021S051635370021,129,1290,0,0,2,32,1,11,0,0,0,0,0,0,0,0,0,0,6,51,6,51
2021S051635370022,142,2112,0,0,0,0,0,0,0,0,0,0,0,0,0,0,0,0,1,5,1,5
2021S051635370023,322,4644,4,693,9,782,6,769,0,0,3,52,0,0,0,0,0,0,15,127,18,834
2021S051635370024,150,2260,1,24,0,0,0,0,0,0,0,0,0,0,0,0,0,0,1,24,1,24
2021S051635370025,98,2003,0,0,0,0,0,0,0,0,0,0,0,0,1,3,2,6,5,81,5,81
2021S051635370026,179,2871,0,0,0,0,0,0,0,0,0,0,0,0,0,0,0,0,2,5,2,5
2021S051635370027,75,1946,1,15,3,72,2,60,0,0,1,9,0,0,0,0,0,0,5,162,6,177
2021S051635370028,454,7712,5,165,4,181,7,200,1,28,2,35,0,0,0,0,3,38,19,429,22,580
2021S051635370029,57,1926,2,407,3,410,2,407,0,0,0,0,0,0,0,0,0,0,2,6,4,413
2021S051635370030,117,1091,1,33,0,0,0,0,0,0,0,0,1,33,0,0,1,3,4,42,4,42
2021S051635370031,283,5166,2,33,5,71,6,142,0,0,3,89,1,5,0,0,1,34,14,205,16,275
2021S051635370032,254,5980,4,606,6,637,5,631,0,0,0,0,0,0,0,0,0,0,13,1157,16,1638
2021S051635370033,231,2695,0,0,0,0,0,0,0,0,0,0,0,0,0,0,0,0,3,13,3,13
2021S051635370035,105,1529,1,2,1,2,0,0,0,0,0,0,0,0,0,0,0,0,2,5,2,5
2021S051635370036,122,893,2,6,2,5,1,3,0,0,0,0,1,3,0,0,0,0,3,8,3,8
2021S051635370037,243,4022,3,165,8,599,4,155,0,0,2,10,0,0,0,0,1,34,9,582,13,737
2021S051635370038,357,2906,1,2,2,20,2,21,0,0,0,0,0,0,1,3,1,3,9,47,9,47
2021S051635370039,96,800,0,0,0,0,0,0,0,0,0,0,0,0,0,0,0,0,0,0,0,0
2021S051635370043,143,2578,3,624,3,624,3,624,0,0,0,0,0,0,1,32,2,35,21,758,22,903
2021S051635370044,84,604,0,0,0,0,1,7,0,0,1,7,0,0,0,0,0,0,2,3,3,10
2021S051635370047,237,3676,0,0,3,30,0,0,0,0,0,0,0,0,0,0,1,3,15,117,15,117
2021S051635370050,12,92,0,0,0,0,0,0,0,0,0,0,0,0,0,0,0,0,1,3,1,3
2021S051635370051,463,14433,10,1267,14,1381,9,978,1,62,2,37,3,53,0,0,0,0,27,1205,32,2174
2021S051635370052,130,1216,0,0,0,0,0,0,0,0,0,0,0,0,0,0,0,0,2,6,2,6
2021S051635370053,315,4622,1,20,3,30,2,28,0,0,0,0,0,0,0,0,0,0,5,32,5,32
2021S051635370054,192,7160,1,5,5,280,7,288,3,185,4,259,1,5,1,33,1,33,20,352,21,426
2021S051635370055,406,9368,3,196,10,402,11,367,4,86,5,121,1,50,1,3,4,20,60,1034,62,1213
2021S051635370056,297,5413,1,3,3,65,3,136,1,60,2,134,0,0,0,0,2,18,14,103,16,180
2021S051635370057,280,3868,2,148,4,214,4,291,2,6,2,6,1,3,0,0,2,29,31,302,32,447
2021S051635370058,350,8303,0,0,5,332,2,15,0,0,1,7,0,0,0,0,0,0,20,409,20,409
2021S051635370059,222,3403,2,87,5,75,4,159,0,0,1,3,0,0,0,0,1,7,20,325,23,415
2021S051635370060,213,2381,4,127,4,22,6,175,1,71,2,42,1,50,0,0,2,5,36,365,38,407
2021S051635380001,476,5119,2,18,8,50,4,24,1,3,2,9,0,0,2,6,3,9,65,362,66,377
2021S051635380002,17,346,0,0,0,0,0,0,0,0,0,0,0,0,0,0,0,0,0,0,0,0
2021S051635380003,224,2301,1,2,0,0,1,2,0,0,0,0,0,0,0,0,0,0,2,3,2,3
2021S051635380004,170,2329,0,0,2,76,0,0,0,0,1,2,0,0,0,0,0,0,27,162,27,162
2021S051635380005,197,2142,0,0,0,0,0,0,0,0,1,8,0,0,2,140,5,149,56,297,56,297
2021S051635380006,69,519,0,0,0,0,0,0,0,0,0,0,0,0,0,0,0,0,0,0,0,0
2021S051635380007,72,767,0,0,0,0,0,0,0,0,1,3,0,0,0,0,0,0,2,4,2,4
2021S051635380008,344,8855,1,86,6,322,8,546,1,6,9,581,0,0,0,0,2,37,27,740,31,906
2021S051635380009,85,803,0,0,0,0,0,0,0,0,0,0,0,0,0,0,0,0,0,0,0,0
2021S051635380010,113,1945,0,0,2,38,2,35,1,28,2,35,0,0,1,13,1,13,7,102,8,109
2021S051635380011,163,2379,0,0,0,0,0,0,0,0,0,0,0,0,0,0,1,3,2,7,2,7
2021S051635380013,169,3832,0,0,2,15,0,0,0,0,1,8,0,0,0,0,0,0,7,45,7,45
2021S051635380014,287,6483,0,0,2,40,0,0,0,0,0,0,0,0,0,0,0,0,3,45,3,45
2021S051635380015,227,3795,2,190,1,56,4,57,0,0,5,47,0,0,0,0,0,0,30,475,31,490
2021S051635380016,162,3506,0,0,3,12,3,148,2,6,8,689,0,0,0,0,0,0,33,841,33,841
2021S051635380017,0,0,0,0,0,0,0,0,0,0,0,0,0,0,0,0,0,0,0,0,0,0
2021S051635380018,134,2615,0,0,2,86,1,74,0,0,4,265,0,0,0,0,1,3,8,234,9,308
2021S051635380019,0,0,0,0,0,0,0,0,0,0,0,0,0,0,0,0,0,0,0,0,0,0
2021S051635380604,123,1768,0,0,0,0,0,0,0,0,0,0,0,0,0,0,0,0,0,0,0,0
2021S051635380605,335,7065,0,0,2,34,1,21,0,0,5,437,0,0,0,0,0,0,12,506,12,506
2021S051635380606,70,2900,1,20,3,47,5,127,1,12,8,225,0,0,0,0,0,0,15,322,17,352
2021S051635390001,387,3144,1,5,8,40,10,48,1,3,4,32,0,0,1,3,1,3,79,249,82,278
2021S051635390002,428,4880,3,30,11,83,7,56,5,19,6,50,1,3,2,133,2,133,67,452,68,487
2021S051635390003,301,2650,0,0,2,4,2,4,0,0,0,0,0,0,2,60,2,60,44,293,44,293
2021S051635390004,436,4853,1,4,6,23,3,10,0,0,1,3,0,0,3,20,4,35,32,165,33,168
2021S051635390005,891,9347,2,12,8,66,5,51,1,3,1,3,0,0,1,3,3,19,32,338,32,338
2021S051635390006,511,19611,8,120,19,844,20,1090,5,376,6,370,3,264,2,77,7,166,70,3058,73,3148
2021S051635390007,94,570,0,0,1,6,0,0,0,0,0,0,0,0,0,0,0,0,3,11,3,11
2021S051635390008,133,1046,0,0,1,3,1,3,0,0,1,3,0,0,0,0,0,0,1,11,2,14
2021S051635390009,190,3044,0,0,1,3,1,3,0,0,0,0,0,0,0,0,0,0,0,0,1,3
2021S051635390010,129,4205,4,361,5,640,3,352,0,0,1,25,0,0,0,0,2,36,14,1034,15,1041
2021S051635390011,39,185,0,0,0,0,0,0,0,0,0,0,0,0,0,0,0,0,0,0,0,0
2021S051635390012,359,6837,0,0,0,0,0,0,0,0,0,0,0,0,0,0,0,0,3,9,3,9
2021S051635390013,65,1057,0,0,0,0,0,0,0,0,0,0,0,0,0,0,0,0,0,0,0,0
2021S051635390014,186,2618,0,0,2,37,1,7,0,0,0,0,0,0,2,46,2,46,5,89,6,96
2021S051635390015,187,3888,0,0,2,25,2,34,0,0,1,17,0,0,0,0,1,3,8,162,8,162
2021S051635390016,207,1903,1,3,1,3,1,3,1,3,1,3,0,0,0,0,0,0,6,12,6,12
2021S051635390017,113,1673,0,0,0,0,0,0,0,0,1,3,0,0,0,0,0,0,3,6,3,6
2021S051635390018,189,5029,7,358,15,822,10,513,0,0,5,382,1,50,1,30,1,30,26,1218,28,1370
2021S051635390019,97,1904,0,0,0,0,0,0,0,0,0,0,0,0,0,0,0,0,0,0,0,0
2021S051635390020,265,3877,0,0,0,0,0,0,0,0,0,0,0,0,0,0,0,0,2,5,2,5
2021S051635390021,180,2607,1,2,2,5,0,0,0,0,0,0,0,0,0,0,0,0,3,8,3,8
2021S051635390022,311,8378,6,147,16,478,8,241,0,0,3,212,0,0,0,0,2,6,32,620,33,694
2021S051635390023,523,9493,1,6,1,6,1,6,0,0,0,0,0,0,0,0,0,0,3,11,3,11
2021S051635390024,61,494,0,0,0,0,0,0,0,0,0,0,0,0,0,0,0,0,22,76,22,76
2021S051635390025,191,1537,0,0,1,6,0,0,0,0,0,0,0,0,0,0,0,0,1,6,1,6
2021S051635390026,887,28447,1,2,3,431,1,3,1,3,1,3,0,0,0,0,1,3,9,457,9,457
2021S051635390027,99,1742,3,415,2,321,3,324,0,0,1,3,0,0,0,0,0,0,5,426,6,429
2021S051635390028,972,20457,15,1453,23,1562,15,1316,2,24,8,209,0,0,1,63,5,186,69,2427,71,2835
2021S051635390029,107,1603,1,2,2,5,1,3,0,0,0,0,0,0,0,0,0,0,3,99,4,102
2021S051635390030,257,3810,2,39,2,29,0,0,0,0,0,0,0,0,0,0,1,3,6,73,6,73
2021S051635390031,278,5505,0,0,1,10,1,3,0,0,0,0,0,0,1,3,1,3,4,15,4,15
2021S051635390032,75,1961,0,0,0,0,0,0,0,0,0,0,0,0,0,0,0,0,0,0,0,0
2021S051635390033,227,2685,2,8,4,49,2,8,0,0,0,0,0,0,0,0,2,22,7,76,7,76
2021S051635390034,161,2549,0,0,3,30,0,0,0,0,0,0,0,0,0,0,0,0,6,37,6,37
2021S051635390035,293,3509,0,0,0,0,0,0,0,0,0,0,0,0,0,0,0,0,3,7,3,7
2021S051635390036,109,1254,0,0,0,0,0,0,0,0,0,0,0,0,0,0,0,0,0,0,0,0
2021S051635390037,184,1144,0,0,0,0,0,0,0,0,0,0,0,0,0,0,1,7,2,10,2,10
2021S051635390038,251,2040,0,0,1,3,1,3,1,3,1,3,0,0,0,0,0,0,4,14,4,14
2021S051635390039,151,1947,0,0,0,0,0,0,0,0,0,0,0,0,0,0,0,0,1,2,1,2
2021S051635390040,593,17735,7,195,22,436,11,311,2,56,4,74,0,0,1,69,3,287,45,1013,50,1200
2021S051635390041,184,2551,0,0,0,0,1,3,0,0,0,0,0,0,1,3,1,3,2,5,2,5
2021S051635390042,253,3204,0,0,3,33,0,0,0,0,0,0,0,0,2,46,5,67,40,233,40,233
2021S051635390043,149,3917,0,0,1,3,0,0,0,0,0,0,0,0,0,0,0,0,1,3,1,3
2021S051635390044,158,2188,0,0,0,0,0,0,0,0,1,3,0,0,0,0,1,1,2,4,2,4
2021S051635390045,72,824,0,0,0,0,0,0,0,0,0,0,0,0,0,0,0,0,0,0,0,0
2021S051635390046,108,716,0,0,0,0,0,0,0,0,0,0,0,0,0,0,0,0,1,2,1,2
2021S051635390047,76,628,0,0,0,0,0,0,0,0,0,0,0,0,0,0,0,0,1,26,1,26
2021S051635390048,229,2567,1,2,3,6,0,0,0,0,2,4,0,0,0,0,0,0,6,18,6,18
2021S051635390049,261,6849,5,563,11,1066,8,485,2,604,2,50,1,74,0,0,0,0,26,1952,28,2002
2021S051635390050,205,3261,1,13,3,27,3,27,1,12,1,12,0,0,0,0,0,0,3,27,3,27
2021S051635390051,196,1763,1,2,0,0,0,0,0,0,1,8,0,0,0,0,0,0,3,12,3,12
2021S051635390052,426,4275,2,10,2,10,0,0,0,0,1,3,0,0,1,7,2,10,6,115,6,115
2021S051635390053,207,4158,0,0,0,0,1,3,0,0,1,38,0,0,1,3,2,5,16,193,16,193
2021S051635390054,3,428,0,0,0,0,0,0,0,0,0,0,0,0,0,0,0,0,0,0,0,0
2021S051635390055,0,0,0,0,0,0,0,0,0,0,0,0,0,0,0,0,0,0,0,0,0,0
2021S051635390056,227,2660,2,414,1,74,1,74,0,0,0,0,0,0,0,0,1,3,34,482,34,482
2021S051635390057,0,0,0,0,0,0,0,0,0,0,0,0,0,0,0,0,0,0,0,0,0,0
2021S051635400001,439,5339,1,8,8,151,10,225,2,9,5,27,0,0,2,36,5,69,99,1014,101,1028
2021S051635400002,43,281,0,0,0,0,0,0,0,0,0,0,0,0,0,0,0,0,10,44,10,44
2021S051635400003,280,3712,4,40,6,49,5,54,0,0,1,7,0,0,0,0,1,7,73,333,73,333
2021S051635400004,236,3045,1,24,3,8,4,79,1,3,2,74,0,0,2,16,3,19,33,239,33,239
2021S051635400005,413,6096,1,6,6,30,2,9,0,0,0,0,0,0,0,0,2,5,32,733,32,733
2021S051635400006,307,3390,3,25,7,70,3,20,0,0,1,15,0,0,0,0,0,0,65,290,66,305
2021S051635400007,407,6873,2,95,7,180,7,351,0,0,1,148,3,58,2,21,4,38,63,633,65,784
2021S051635410001,539,5413,2,6,5,68,1,28,1,28,1,28,0,0,2,22,2,22,30,244,31,247
2021S051635410002,3,200,0,0,0,0,0,0,0,0,0,0,0,0,0,0,0,0,0,0,0,0
2021S051635410003,2,153,0,0,0,0,0,0,0,0,0,0,0,0,0,0,0,0,0,0,0,0
2021S051635410004,212,2366,1,13,3,9,4,44,2,5,4,71,0,0,1,15,1,15,36,158,37,193
2021S051635410005,469,5040,2,5,4,20,2,6,1,3,1,3,0,0,0,0,2,5,20,85,20,85
2021S051635410006,382,6555,0,0,2,27,1,21,0,0,1,17,0,0,0,0,2,5,32,654,32,654
2021S051635410007,379,5139,2,146,3,149,1,30,0,0,0,0,0,0,3,64,9,96,56,513,57,520
2021S051635410008,181,1698,0,0,1,7,3,12,0,0,0,0,1,2,2,36,5,48,42,242,42,242
2021S051635410009,185,1471,1,8,1,8,1,8,0,0,0,0,0,0,0,0,0,0,32,127,32,127
2021S051635412000,0,0,0,0,0,0,0,0,0,0,0,0,0,0,0,0,0,0,0,0,0,0
2021S051635420001,478,7000,1,2,5,16,2,90,1,3,2,6,0,0,0,0,6,25,48,505,48,505
2021S051635420002,346,2751,1,5,0,0,0,0,0,0,1,3,0,0,2,10,2,10,39,158,39,158
2021S051635420003,345,4746,1,7,2,90,2,90,1,6,3,46,1,7,0,0,4,10,35,234,35,234
2021S051635420004,359,7481,1,42,3,336,4,137,0,0,1,3,1,5,0,0,2,49,21,581,21,581
2021S051635420005,116,1455,0,0,0,0,0,0,0,0,0,0,0,0,0,0,0,0,0,0,0,0
2021S051635420006,417,4780,4,9,27,107,34,127,9,37,11,43,0,0,6,18,7,21,81,364,83,370
2021S051635420007,323,4502,0,0,1,3,0,0,0,0,1,38,0,0,0,0,0,0,5,45,5,45
2021S051635420008,170,1153,0,0,2,15,2,15,2,15,1,12,0,0,2,37,3,40,32,117,32,117
2021S051635420009,115,932,0,0,1,3,0,0,0,0,1,3,0,0,0,0,2,10,18,176,18,176
2021S051635420010,437,3939,2,7,28,118,36,143,9,48,15,78,0,0,8,31,11,47,105,435,107,441
2021S051635420011,387,6128,3,7,6,93,0,0,0,0,3,91,0,0,0,0,2,9,35,355,35,355
2021S051635430001,512,4614,0,0,4,41,4,48,2,31,3,34,0,0,2,18,4,23,28,327,28,327
2021S051635430002,291,2455,1,2,3,19,2,21,0,0,1,7,0,0,1,14,2,21,17,71,18,78
2021S051635430003,229,2114,0,0,5,18,3,37,1,3,1,3,0,0,0,0,0,0,19,329,19,329
2021S051635430004,0,0,0,0,0,0,0,0,0,0,0,0,0,0,0,0,0,0,0,0,0,0
2021S051635430005,229,4015,4,362,6,394,5,53,0,0,1,2,1,2,1,3,1,3,11,406,12,440
2021S051635430006,182,1150,2,7,2,6,3,9,1,3,0,0,0,0,1,3,3,7,15,50,15,50
2021S051635430007,15,1610,0,0,0,0,0,0,0,0,0,0,0,0,0,0,0,0,0,0,0,0
2021S051635430009,0,0,0,0,0,0,0,0,0,0,0,0,0,0,0,0,0,0,0,0,0,0
2021S051635430011,45,183,0,0,0,0,0,0,0,0,0,0,0,0,0,0,1,3,2,6,2,6
2021S051635430012,319,4559,1,13,5,37,4,305,1,12,4,21,0,0,0,0,0,0,13,476,14,479
2021S051635430013,115,1144,0,0,0,0,1,3,0,0,1,3,0,0,0,0,0,0,1,3,2,6
2021S051635430014,260,4735,1,28,2,42,2,35,0,0,1,14,0,0,1,14,2,48,9,148,9,148
2021S051635430015,352,5531,0,0,7,253,2,9,2,9,2,9,0,0,1,14,2,46,17,321,17,321
2021S051635430016,319,3004,5,97,11,118,10,184,1,28,5,39,4,135,0,0,1,3,38,346,39,349
2021S051635430019,166,2642,0,0,5,547,4,542,1,3,0,0,0,0,0,0,0,0,12,650,12,650
2021S051635430020,254,2950,0,0,0,0,1,3,0,0,0,0,0,0,0,0,1,2,4,10,4,10
2021S051635430021,193,1099,0,0,1,2,1,3,0,0,1,4,0,0,3,9,3,9,6,17,6,17
2021S051635430022,281,4052,0,0,2,5,1,2,0,0,0,0,0,0,0,0,0,0,6,11,6,11
2021S051635430023,184,1826,0,0,3,8,3,8,0,0,0,0,0,0,0,0,0,0,6,13,6,13
2021S051635430025,324,5258,1,218,3,92,4,290,0,0,3,39,0,0,0,0,1,73,15,575,16,582
2021S051635430026,465,4602,2,5,9,139,10,47,2,9,5,34,0,0,3,9,8,30,58,344,62,372
2021S051635430027,232,5107,1,28,2,30,1,2,0,0,0,0,0,0,0,0,0,0,6,234,6,234
2021S051635430028,409,5126,0,0,2,6,2,6,0,0,0,0,0,0,1,14,1,14,15,184,15,184
2021S051635430029,279,4453,0,0,1,5,1,5,0,0,0,0,0,0,0,0,0,0,2,8,2,8
2021S051635430030,197,3797,1,4,1,4,0,0,0,0,0,0,0,0,0,0,0,0,2,6,2,6
2021S051635430031,101,1266,0,0,0,0,0,0,0,0,0,0,0,0,0,0,0,0,1,3,1,3
2021S051635430033,645,13514,2,36,5,103,2,36,0,0,0,0,0,0,0,0,0,0,14,751,15,785
2021S051635430034,279,4607,1,4,3,8,1,2,0,0,1,2,0,0,1,14,1,14,11,44,11,44
2021S051635430035,58,326,1,7,0,0,0,0,0,0,0,0,1,7,0,0,0,0,2,9,2,9
2021S051635430036,168,1227,0,0,1,1,0,0,0,0,0,0,0,0,0,0,0,0,4,11,4,11
2021S051635430037,223,3412,0,0,1,7,1,7,0,0,1,7,0,0,0,0,0,0,2,19,3,26
2021S051635430038,129,1238,0,0,1,5,1,5,0,0,0,0,0,0,0,0,0,0,1,5,1,5
2021S051635430039,104,1108,0,0,1,3,1,3,1,3,0,0,0,0,0,0,0,0,1,3,1,3
2021S051635430040,83,908,0,0,1,2,1,2,0,0,0,0,0,0,0,0,0,0,1,2,1,2
2021S051635430041,219,1665,0,0,3,13,3,13,0,0,1,3,0,0,0,0,1,7,6,24,7,27
2021S051635430042,113,1190,2,9,1,6,1,6,0,0,0,0,1,3,0,0,0,0,2,9,2,9
2021S051635430043,213,3253,1,11,0,0,1,2,0,0,0,0,1,2,1,126,1,126,18,502,18,502
2021S051635430044,141,899,0,0,0,0,0,0,0,0,0,0,0,0,0,0,0,0,1,2,1,2
2021S051635430046,117,2052,0,0,0,0,0,0,0,0,0,0,0,0,0,0,0,0,0,0,0,0
2021S051635430047,596,8237,5,94,11,116,8,116,2,15,5,35,0,0,1,63,2,65,47,347,49,365
2021S051635430049,281,1782,1,2,3,7,4,14,1,3,1,3,0,0,2,10,3,13,25,94,25,94
2021S051635430050,299,2604,4,61,9,26,4,13,2,9,2,5,1,7,1,14,3,20,26,141,26,141
2021S051635430051,168,1551,1,4,3,81,3,80,1,3,2,77,0,0,1,3,1,3,11,45,12,119
2021S051635430053,248,2366,1,12,3,163,2,160,0,0,1,148,0,0,1,33,2,36,15,124,16,272
2021S051635430057,364,4175,2,668,3,547,4,147,0,0,2,17,0,0,2,6,2,6,19,231,21,764
2021S051635430058,249,5601,3,737,7,684,4,670,0,0,0,0,0,0,0,0,1,29,17,1060,17,1060
2021S051635430059,369,6740,0,0,3,93,3,90,2,87,2,87,0,0,1,3,2,18,16,362,16,362
2021S051635430060,32,1150,1,145,1,145,0,0,0,0,0,0,0,0,0,0,1,15,2,18,3,163
2021S051635430062,277,4845,3,195,6,266,6,267,0,0,4,84,0,0,0,0,1,3,19,333,21,402
2021S051635430063,297,3041,1,64,4,82,4,21,1,6,2,13,0,0,2,75,2,75,26,246,27,253
2021S051635430064,273,1719,0,0,5,27,3,23,0,0,2,4,0,0,0,0,1,3,5,13,6,28
2021S051635430065,240,1571,0,0,0,0,0,0,0,0,0,0,0,0,0,0,0,0,1,2,1,2
2021S051635430066,199,3189,3,292,5,437,4,295,0,0,3,185,0,0,1,3,1,3,11,302,14,594
2021S051635430067,281,2679,1,3,0,0,1,3,0,0,0,0,1,3,0,0,1,3,8,22,8,22
2021S051635430068,492,5374,1,125,3,130,5,147,1,3,4,29,0,0,3,86,5,96,34,342,34,342
2021S051635430069,792,10602,2,32,7,167,0,0,0,0,1,14,0,0,0,0,2,6,30,300,30,300
2021S051635430070,173,1462,0,0,0,0,0,0,0,0,0,0,0,0,0,0,0,0,5,12,5,12
2021S051635432000,89,1827,1,514,0,0,0,0,0,0,0,0,1,514,0,0,0,0,2,516,2,516
2021S051635432001,1059,24085,23,657,48,1439,43,1308,3,37,13,155,4,107,6,110,12,236,109,1951,120,2421
2021S051635440001,178,1809,1,13,1,59,0,0,0,0,0,0,0,0,0,0,1,6,9,129,9,129
2021S051635440002,404,5806,1,125,4,141,2,132,0,0,2,25,0,0,2,37,6,46,22,509,23,516
2021S051635440003,637,6461,0,0,2,15,2,10,0,0,1,3,0,0,3,24,5,29,17,89,17,89
2021S051635440004,490,5766,0,0,3,9,4,12,0,0,2,6,0,0,2,6,3,12,13,104,15,110
2021S051635440005,797,10700,5,102,3,45,4,43,0,0,3,11,2,72,2,72,6,96,31,640,32,675
2021S051635440007,0,0,0,0,0,0,0,0,0,0,0,0,0,0,0,0,0,0,0,0,0,0
2021S051635440008,466,5503,3,11,9,224,5,21,0,0,2,10,1,5,1,3,3,13,21,294,23,304
2021S051635440009,0,0,0,0,0,0,0,0,0,0,0,0,0,0,0,0,0,0,0,0,0,0
2021S051635460001,287,2639,2,6,4,30,4,62,0,0,1,35,0,0,0,0,1,15,11,69,12,104
2021S051635460002,407,4067,0,0,1,6,2,29,0,0,1,15,0,0,4,70,7,80,15,156,16,171
2021S051635470001,107,1971,0,0,0,0,1,3,0,0,0,0,0,0,1,3,3,11,3,11,3,11
2021S051635470002,65,962,0,0,0,0,0,0,0,0,0,0,0,0,0,0,1,7,1,7,1,7
2021S051635470003,201,2247,0,0,5,395,3,18,1,6,4,344,0,0,0,0,2,6,33,471,34,478
2021S051635470004,169,2488,0,0,0,0,0,0,0,0,1,8,0,0,3,117,4,120,9,138,9,138
2021S051635470005,255,3989,0,0,2,5,2,5,1,3,1,3,0,0,1,3,3,19,23,404,23,404
2021S051635470006,487,9509,1,26,2,164,1,26,0,0,0,0,0,0,1,3,1,3,8,222,8,222
2021S051635470007,144,1359,0,0,0,0,2,10,0,0,0,0,0,0,7,231,9,235,13,241,13,241
2021S051635470008,164,1738,0,0,0,0,0,0,0,0,0,0,0,0,0,0,1,2,8,13,8,13
2021S051635470009,263,3063,1,2,2,7,4,17,0,0,0,0,0,0,6,68,13,93,19,154,19,154
2021S051635470012,343,6031,0,0,3,45,2,42,0,0,3,50,0,0,2,14,5,169,23,303,25,345
2021S051635470013,12,255,0,0,0,0,0,0,0,0,0,0,0,0,0,0,0,0,1,2,1,2
2021S051635470014,146,906,0,0,4,9,2,5,0,0,0,0,0,0,1,6,3,42,16,71,16,71
2021S051635470015,299,5318,2,24,6,237,4,139,1,15,4,38,0,0,0,0,1,2,17,402,19,420
2021S051635480001,126,1648,1,70,0,0,0,0,0,0,0,0,1,70,2,215,3,217,6,292,6,292
2021S051635480002,3,172,0,0,0,0,0,0,0,0,0,0,0,0,0,0,0,0,0,0,0,0
2021S051635480003,314,3599,1,6,2,24,4,61,2,24,3,59,0,0,1,34,2,36,18,116,19,151
2021S051635480005,31,341,0,0,0,0,1,21,0,0,0,0,0,0,0,0,0,0,4,146,4,146
2021S051635480007,2,353,0,0,0,0,0,0,0,0,0,0,0,0,0,0,0,0,0,0,0,0
2021S051635480009,118,1316,0,0,1,4,3,9,0,0,1,3,0,0,1,3,2,10,9,28,10,31
2021S051635480011,178,2801,1,5,4,62,5,139,0,0,1,7,1,24,0,0,1,3,13,208,14,215
2021S051635480021,162,3647,1,34,3,10,4,117,1,6,3,115,0,0,0,0,0,0,8,143,10,252
2021S051635480023,280,4348,1,2,8,42,9,41,2,8,5,35,0,0,0,0,1,34,12,95,13,102
2021S051635480024,521,10248,2,77,5,28,4,60,0,0,1,1,0,0,0,0,0,0,12,209,12,209
2021S051635480025,121,2165,1,5,0,0,0,0,0,0,0,0,0,0,0,0,0,0,3,20,3,20
2021S051635480026,218,5904,0,0,3,16,4,19,1,6,2,9,0,0,1,34,3,52,6,68,7,71
2021S051635480027,204,3281,0,0,1,2,0,0,0,0,0,0,0,0,0,0,0,0,4,11,4,11
2021S051635482000,50,534,0,0,0,0,0,0,0,0,0,0,0,0,0,0,0,0,0,0,0,0
2021S051635490001,241,2034,0,0,1,6,2,9,1,6,2,8,0,0,1,3,4,11,15,44,15,44
2021S051635490002,64,596,0,0,1,5,1,5,0,0,0,0,0,0,2,17,3,18,7,66,7,66
2021S051635490003,152,1231,0,0,0,0,2,18,0,0,1,15,0,0,1,3,1,3,4,24,5,39
2021S051635490004,4,243,0,0,0,0,0,0,0,0,0,0,0,0,0,0,0,0,0,0,0,0
2021S051635490005,3,117,0,0,0,0,0,0,0,0,0,0,0,0,0,0,0,0,0,0,0,0
2021S051635490006,0,0,0,0,0,0,0,0,0,0,0,0,0,0,0,0,0,0,0,0,0,0
2021S051635490007,19,209,0,0,0,0,0,0,0,0,0,0,0,0,0,0,0,0,1,3,1,3
2021S051635490008,351,3154,2,10,4,72,5,83,3,66,2,63,0,0,1,3,1,3,19,243,20,250
2021S051635490009,11,109,0,0,0,0,0,0,0,0,0,0,0,0,0,0,0,0,0,0,0,0
2021S051635490010,344,5592,0,0,2,62,0,0,0,0,0,0,0,0,0,0,2,6,10,157,10,157
2021S051635490011,0,0,0,0,0,0,0,0,0,0,0,0,0,0,0,0,0,0,0,0,0,0
2021S051635490012,298,2669,3,35,3,35,3,173,0,0,1,140,0,0,0,0,4,14,20,226,20,226
2021S051635490013,0,0,0,0,0,0,0,0,0,0,0,0,0,0,0,0,0,0,0,0,0,0
2021S051635510001,375,4773,0,0,4,24,1,5,0,0,1,3,0,0,1,3,3,12,23,115,23,115
2021S051635510002,6,98,0,0,0,0,0,0,0,0,0,0,0,0,0,0,0,0,0,0,0,0
2021S051635510003,1,75,0,0,0,0,0,0,0,0,0,0,0,0,0,0,0,0,0,0,0,0
2021S051635510004,20,1057,0,0,0,0,0,0,0,0,0,0,0,0,0,0,0,0,1,8,1,8
2021S051635510005,0,0,0,0,0,0,0,0,0,0,0,0,0,0,0,0,0,0,0,0,0,0
2021S051635510006,4,84,0,0,0,0,0,0,0,0,0,0,0,0,0,0,0,0,1,2,1,2
2021S051635510007,0,0,0,0,0,0,0,0,0,0,0,0,0,0,0,0,0,0,0,0,0,0
2021S051635510008,24,443,0,0,0,0,0,0,0,0,0,0,0,0,0,0,0,0,1,2,1,2
2021S051635520001,114,1708,0,0,1,6,1,6,1,6,2,19,0,0,3,230,7,239,11,262,11,262
2021S051635520002,2,14,0,0,0,0,0,0,0,0,0,0,0,0,0,0,0,0,0,0,0,0
2021S051635520003,0,0,0,0,0,0,0,0,0,0,0,0,0,0,0,0,0,0,0,0,0,0
2021S051635520004,0,0,0,0,0,0,0,0,0,0,0,0,0,0,0,0,0,0,0,0,0,0
2021S051635520005,5,43,0,0,0,0,0,0,0,0,0,0,0,0,0,0,0,0,0,0,0,0
2021S051635520007,5,222,0,0,0,0,0,0,0,0,0,0,0,0,0,0,0,0,0,0,0,0
2021S051635520008,187,3680,0,0,1,13,0,0,0,0,0,0,0,0,0,0,4,8,10,123,10,123
2021S051635520009,126,1277,0,0,1,28,2,37,1,28,1,28,0,0,4,109,6,130,11,226,11,226
2021S051635520010,24,152,0,0,0,0,0,0,0,0,0,0,0,0,1,3,2,6,2,6,2,6
2021S051635520011,0,0,0,0,0,0,0,0,0,0,0,0,0,0,0,0,0,0,0,0,0,0
2021S051635520012,0,0,0,0,0,0,0,0,0,0,0,0,0,0,0,0,0,0,0,0,0,0
2021S051635522000,26,158,0,0,0,0,1,5,0,0,0,0,0,0,0,0,0,0,3,12,3,12
2021S051635530001,202,3398,1,3,4,22,3,20,0,0,2,133,0,0,1,15,2,29,12,201,14,219
2021S051635530002,1,7,0,0,0,0,0,0,0,0,0,0,0,0,0,0,0,0,0,0,0,0
2021S051635530003,191,3088,1,26,4,40,5,84,2,12,5,632,0,0,1,3,1,3,17,145,20,765
2021S051635530004,78,841,0,0,0,0,0,0,0,0,0,0,0,0,0,0,0,0,5,19,5,19
2021S051635530005,77,823,0,0,1,3,1,3,0,0,1,3,0,0,0,0,0,0,2,8,3,11
2021S051635530006,198,3963,4,60,4,60,7,95,0,0,2,18,2,20,0,0,2,22,13,139,16,192
2021S051635530007,81,1023,0,0,0,0,0,0,0,0,1,1,0,0,0,0,0,0,2,4,2,4
2021S051635530008,142,2080,1,3,1,3,1,3,0,0,0,0,0,0,0,0,2,6,5,66,5,66
2021S051635530009,168,2643,2,18,3,18,2,29,0,0,1,14,0,0,0,0,0,0,11,61,11,61
2021S051635530010,109,4122,0,0,2,7,1,35,0,0,7,2169,0,0,0,0,0,0,6,349,11,2184
2021S051635530011,160,1707,1,2,0,0,0,0,0,0,0,0,0,0,0,0,0,0,2,6,2,6
2021S051635530012,364,8666,1,3,1,6,2,79,0,0,2,43,0,0,0,0,0,0,13,103,14,138
2021S051635530013,255,5264,0,0,0,0,0,0,0,0,0,0,0,0,0,0,0,0,0,0,0,0
2021S051635530014,218,3412,0,0,0,0,1,3,0,0,1,3,0,0,0,0,1,3,4,20,5,23
2021S051635530015,274,5429,1,5,3,280,6,355,1,276,6,651,2,55,1,3,1,3,11,370,14,742
2021S051635530016,115,1754,0,0,1,6,0,0,0,0,0,0,0,0,0,0,0,0,2,8,2,8
2021S051635530017,164,4643,0,0,0,0,0,0,0,0,0,0,0,0,0,0,0,0,4,33,4,33
2021S051635530018,236,6204,4,63,6,77,13,448,1,28,3,97,3,78,1,3,1,3,23,481,25,550
2021S051635530019,337,7434,0,0,1,21,1,21,0,0,0,0,0,0,0,0,0,0,3,33,3,33
2021S051635530020,324,7773,3,20,3,34,3,187,0,0,4,188,0,0,0,0,0,0,14,187,16,369
2021S051635530021,246,6210,1,13,1,9,1,9,0,0,0,0,0,0,0,0,1,3,5,114,5,114
2021S051635530022,325,4889,1,20,3,37,2,92,0,0,0,0,0,0,0,0,0,0,9,146,9,146
2021S051635540001,184,3786,0,0,1,6,2,90,0,0,2,93,0,0,1,69,2,70,7,194,7,194
2021S051635540002,237,3928,0,0,3,29,4,85,1,3,3,167,0,0,3,89,6,100,40,610,41,684
2021S051635540003,0,0,0,0,0,0,0,0,0,0,0,0,0,0,0,0,0,0,0,0,0,0
2021S051635540004,484,7777,1,15,4,55,6,144,0,0,3,58,0,0,2,6,5,133,31,339,33,369
2021S051635560001,114,954,0,0,0,0,0,0,0,0,1,2,0,0,1,30,8,48,11,54,11,54
2021S051635560002,15,468,0,0,0,0,0,0,0,0,0,0,0,0,0,0,0,0,0,0,0,0
2021S051635560003,32,1170,0,0,0,0,0,0,0,0,0,0,0,0,0,0,0,0,0,0,0,0
2021S051635560004,0,0,0,0,0,0,0,0,0,0,0,0,0,0,0,0,0,0,0,0,0,0
2021S051635560005,6,420,0,0,0,0,0,0,0,0,0,0,0,0,1,143,1,143,1,143,1,143
2021S051635560006,223,3684,1,3,1,3,2,17,0,0,0,0,0,0,3,51,8,118,13,193,13,193
2021S051635560007,179,3527,1,2,1,2,1,2,0,0,2,91,0,0,1,143,4,169,10,550,10,550
2021S051635560008,264,4196,0,0,1,3,1,3,1,3,1,3,0,0,2,79,5,98,10,384,10,384
2021S051635560009,0,0,0,0,0,0,0,0,0,0,0,0,0,0,0,0,0,0,0,0,0,0
2021S051635560010,138,2479,0,0,0,0,0,0,0,0,1,60,0,0,0,0,1,2,3,65,3,65
2021S051635560011,2,50,0,0,0,0,0,0,0,0,0,0,0,0,0,0,0,0,0,0,0,0
2021S051635560012,277,6054,0,0,0,0,1,3,0,0,2,75,0,0,1,3,1,3,6,94,6,94
2021S051635560013,394,7809,1,11,1,3,2,47,0,0,0,0,0,0,2,49,7,93,17,188,18,191
2021S051635560014,426,9681,1,15,3,21,3,85,1,15,7,256,0,0,0,0,0,0,15,325,18,396
2021S051635560015,40,348,0,0,0,0,0,0,0,0,0,0,0,0,0,0,0,0,0,0,0,0
2021S051635560016,0,0,0,0,0,0,0,0,0,0,0,0,0,0,0,0,0,0,0,0,0,0
2021S051635570002,1,15,0,0,0,0,0,0,0,0,0,0,0,0,0,0,0,0,0,0,0,0
2021S051635570003,0,0,0,0,0,0,0,0,0,0,0,0,0,0,0,0,0,0,0,0,0,0
2021S051635570004,212,3132,2,29,0,0,2,26,0,0,0,0,1,24,0,0,2,9,6,42,6,42
2021S051635570005,10,226,0,0,0,0,0,0,0,0,0,0,0,0,1,63,1,63,1,63,1,63
2021S051635570006,336,4441,1,5,1,3,1,5,0,0,1,130,1,5,2,75,7,90,36,451,36,451
2021S051635570007,232,3929,1,15,3,160,4,50,1,15,4,64,0,0,0,0,0,0,7,183,9,213
2021S051635570008,349,8315,0,0,2,51,6,1137,2,9,7,1113,0,0,1,13,4,28,21,1368,23,1406
2021S051635570009,14,780,0,0,0,0,1,35,0,0,1,35,0,0,0,0,0,0,0,0,1,35
2021S051635570010,12,92,0,0,0,0,0,0,0,0,0,0,0,0,0,0,0,0,0,0,0,0
2021S051635570011,54,482,0,0,1,3,1,3,0,0,1,3,0,0,0,0,0,0,2,5,3,8
2021S051635570012,89,826,0,0,0,0,0,0,0,0,0,0,0,0,0,0,2,4,3,6,3,6
2021S051635570013,101,1576,0,0,2,31,1,28,1,28,1,28,0,0,2,47,2,47,4,78,4,78
2021S051635570014,219,6166,0,0,0,0,0,0,0,0,0,0,0,0,0,0,0,0,5,18,5,18
2021S051635570016,429,9399,2,4,2,30,2,9,0,0,0,0,0,0,1,7,1,7,5,41,5,41
2021S051635570017,225,3876,0,0,2,30,1,2,0,0,0,0,0,0,0,0,0,0,3,33,3,33
2021S051635570020,7,308,0,0,0,0,0,0,0,0,0,0,0,0,0,0,0,0,1,2,1,2
2021S051635570021,6,42,0,0,0,0,0,0,0,0,0,0,0,0,0,0,0,0,0,0,0,0
2021S051635570022,0,0,0,0,0,0,0,0,0,0,0,0,0,0,0,0,0,0,0,0,0,0
2021S051635570023,2,78,0,0,0,0,0,0,0,0,0,0,0,0,0,0,0,0,0,0,0,0
2021S051635570024,0,0,0,0,0,0,0,0,0,0,0,0,0,0,0,0,0,0,0,0,0,0
2021S051635570604,293,4182,0,0,0,0,2,12,0,0,4,178,0,0,3,289,10,320,24,563,24,563
2021S051635572000,57,598,0,0,0,0,0,0,0,0,0,0,0,0,0,0,0,0,0,0,0,0
2021S051635572001,60,910,0,0,0,0,0,0,0,0,0,0,0,0,0,0,0,0,1,2,1,2
2021S051635580002,2,353,0,0,0,0,0,0,0,0,0,0,0,0,0,0,0,0,0,0,0,0
2021S051635580003,0,0,0,0,0,0,0,0,0,0,0,0,0,0,0,0,0,0,0,0,0,0
2021S051635580005,1,3,0,0,0,0,0,0,0,0,0,0,0,0,0,0,0,0,0,0,0,0
2021S051635580006,2,78,0,0,0,0,0,0,0,0,0,0,0,0,0,0,0,0,0,0,0,0
2021S051635580007,0,0,0,0,0,0,0,0,0,0,0,0,0,0,0,0,0,0,0,0,0,0
2021S051635580008,4,359,0,0,0,0,0,0,0,0,0,0,0,0,0,0,0,0,1,1,1,1
2021S051635580009,3,41,0,0,0,0,0,0,0,0,0,0,0,0,0,0,0,0,0,0,0,0
2021S051635580010,0,0,0,0,0,0,0,0,0,0,0,0,0,0,0,0,0,0,0,0,0,0
2021S051635580011,3,85,0,0,0,0,0,0,0,0,0,0,0,0,1,7,1,7,1,7,1,7
2021S051635580012,5,127,0,0,0,0,0,0,0,0,0,0,0,0,0,0,0,0,0,0,0,0
2021S051635580014,1,35,0,0,0,0,0,0,0,0,0,0,0,0,0,0,0,0,0,0,0,0
2021S051635580016,0,0,0,0,0,0,0,0,0,0,0,0,0,0,0,0,0,0,0,0,0,0
2021S051635580017,0,0,0,0,0,0,0,0,0,0,0,0,0,0,0,0,0,0,0,0,0,0
2021S051635580018,5,183,0,0,0,0,0,0,0,0,0,0,0,0,0,0,0,0,0,0,0,0
2021S051635580019,13,594,0,0,0,0,0,0,0,0,1,58,0,0,0,0,0,0,1,58,1,58
2021S051635580020,74,605,0,0,2,5,2,8,1,3,1,3,0,0,0,0,0,0,8,23,8,23
2021S051635580021,255,3018,1,1,3,75,5,89,1,60,3,67,0,0,4,30,7,50,39,229,40,232
2021S051635580022,179,2000,1,2,1,2,0,0,0,0,0,0,0,0,0,0,2,32,4,35,4,35
2021S051635580023,138,2231,2,8,4,75,2,67,1,60,3,70,0,0,0,0,0,0,8,83,9,90
2021S051635580024,202,1884,0,0,0,0,0,0,0,0,0,0,0,0,0,0,2,5,4,20,4,20
2021S051635580025,106,2076,0,0,0,0,0,0,0,0,0,0,0,0,0,0,2,4,2,4,2,4
2021S051635580026,84,819,0,0,1,7,0,0,0,0,1,7,0,0,0,0,1,2,4,26,4,26
2021S051635580027,326,6155,1,2,3,18,2,6,0,0,0,0,0,0,0,0,1,2,10,54,10,54
2021S051635580028,216,4998,0,0,4,29,0,0,0,0,1,1,0,0,0,0,0,0,8,89,8,89
2021S051635580030,342,5069,0,0,2,4,2,76,0,0,2,77,0,0,1,72,1,72,11,120,12,194
2021S051635580031,167,2652,0,0,3,14,1,5,0,0,0,0,0,0,0,0,1,7,4,21,4,21
2021S051635580032,191,5386,0,0,0,0,0,0,0,0,0,0,0,0,0,0,0,0,1,20,1,20
2021S051635580033,85,1019,0,0,0,0,0,0,0,0,2,4,0,0,0,0,0,0,4,33,4,33
2021S051635580034,37,203,0,0,0,0,0,0,0,0,0,0,0,0,1,7,1,7,6,25,6,25
2021S051635580035,25,1247,0,0,0,0,0,0,0,0,0,0,0,0,1,14,1,14,1,14,1,14
2021S051635580036,0,0,0,0,0,0,0,0,0,0,0,0,0,0,0,0,0,0,0,0,0,0
2021S051635580037,0,0,0,0,0,0,0,0,0,0,0,0,0,0,0,0,0,0,0,0,0,0
2021S051635580111,450,7445,2,4,0,0,2,12,1,3,3,18,0,0,2,37,7,80,20,471,20,471
2021S051635580602,1075,25911,2,8,11,147,8,146,0,0,10,244,0,0,2,364,6,397,38,1293,43,1404
2021S051635590001,252,3402,0,0,2,9,2,36,0,0,0,0,0,0,6,174,13,199,32,570,32,570
2021S051635590003,9,123,0,0,0,0,0,0,0,0,0,0,0,0,0,0,0,0,1,2,1,2
2021S051635590004,3,93,0,0,0,0,0,0,0,0,0,0,0,0,0,0,0,0,0,0,0,0
2021S051635590005,0,0,0,0,0,0,0,0,0,0,0,0,0,0,0,0,0,0,0,0,0,0
2021S051635590006,0,0,0,0,0,0,0,0,0,0,0,0,0,0,0,0,0,0,0,0,0,0
2021S051635590007,0,0,0,0,0,0,0,0,0,0,0,0,0,0,0,0,0,0,0,0,0,0
2021S051635590008,0,0,0,0,0,0,0,0,0,0,0,0,0,0,0,0,0,0,0,0,0,0
2021S051635590009,0,0,0,0,0,0,0,0,0,0,0,0,0,0,0,0,0,0,0,0,0,0
2021S051635590010,0,0,0,0,0,0,0,0,0,0,0,0,0,0,0,0,0,0,0,0,0,0
2021S051635590011,7,97,0,0,0,0,1,3,0,0,0,0,0,0,1,3,1,3,1,3,1,3
2021S051635590013,33,826,0,0,0,0,0,0,0,0,2,93,0,0,0,0,0,0,4,96,4,96
2021S051635590015,334,6584,0,0,1,3,0,0,0,0,0,0,0,0,1,15,6,40,9,54,9,54
2021S051635590016,0,0,0,0,0,0,0,0,0,0,0,0,0,0,0,0,0,0,0,0,0,0
2021S051635590017,4,32,0,0,0,0,0,0,0,0,0,0,0,0,0,0,0,0,0,0,0,0
2021S051635590018,0,0,0,0,0,0,0,0,0,0,0,0,0,0,0,0,0,0,0,0,0,0
2021S051635590019,0,0,0,0,0,0,0,0,0,0,0,0,0,0,0,0,0,0,0,0,0,0
2021S051635600002,2,153,0,0,0,0,0,0,0,0,0,0,0,0,0,0,0,0,0,0,0,0
2021S051635600003,2,153,0,0,0,0,0,0,0,0,0,0,0,0,0,0,0,0,0,0,0,0
2021S051635600004,3,200,0,0,0,0,0,0,0,0,0,0,0,0,0,0,0,0,0,0,0,0
2021S051635600005,5,322,0,0,0,0,0,0,0,0,0,0,0,0,0,0,0,0,0,0,0,0
2021S051635600006,2,90,0,0,0,0,0,0,0,0,0,0,0,0,0,0,0,0,0,0,0,0
2021S051635600007,1,75,0,0,0,0,0,0,0,0,0,0,0,0,0,0,0,0,0,0,0,0
2021S051635600008,0,0,0,0,0,0,0,0,0,0,0,0,0,0,0,0,0,0,0,0,0,0
2021S051635600009,0,0,0,0,0,0,0,0,0,0,0,0,0,0,0,0,0,0,0,0,0,0
2021S051635600010,1,150,0,0,0,0,0,0,0,0,0,0,0,0,0,0,0,0,0,0,0,0
2021S051635600011,14,740,0,0,0,0,0,0,0,0,0,0,0,0,0,0,0,0,0,0,0,0
2021S051635600012,2,365,0,0,0,0,0,0,0,0,0,0,0,0,0,0,0,0,0,0,0,0
2021S051635600013,6,425,0,0,0,0,0,0,0,0,1,38,0,0,0,0,0,0,1,38,1,38
2021S051635600014,2,165,0,0,0,0,0,0,0,0,0,0,0,0,0,0,0,0,0,0,0,0
2021S051635600015,5,214,0,0,0,0,0,0,0,0,0,0,0,0,0,0,0,0,0,0,0,0
2021S051635600016,5,198,0,0,0,0,0,0,0,0,0,0,0,0,0,0,0,0,0,0,0,0
2021S051635600017,3,172,0,0,0,0,0,0,0,0,0,0,0,0,0,0,0,0,0,0,0,0
2021S051635600018,0,0,0,0,0,0,0,0,0,0,0,0,0,0,0,0,0,0,0,0,0,0
2021S051635600019,1,7,0,0,0,0,0,0,0,0,0,0,0,0,0,0,0,0,0,0,0,0
2021S051635600020,2,385,0,0,0,0,0,0,0,0,0,0,0,0,0,0,0,0,0,0,0,0
2021S051635600021,1,150,0,0,0,0,0,0,0,0,0,0,0,0,0,0,0,0,0,0,0,0
2021S051635600022,2,90,0,0,0,0,0,0,0,0,0,0,0,0,0,0,0,0,0,0,0,0
2021S051635600023,0,0,0,0,0,0,0,0,0,0,0,0,0,0,0,0,0,0,0,0,0,0
2021S051635600025,3,117,0,0,0,0,0,0,0,0,0,0,0,0,0,0,0,0,0,0,0,0
2021S051635600026,0,0,0,0,0,0,0,0,0,0,0,0,0,0,0,0,0,0,0,0,0,0
2021S051635600027,5,658,0,0,0,0,0,0,0,0,0,0,0,0,0,0,0,0,0,0,0,0
2021S051635600028,3,460,0,0,0,0,0,0,0,0,0,0,0,0,0,0,0,0,0,0,0,0
2021S051635600029,2,165,0,0,0,0,0,0,0,0,0,0,0,0,0,0,0,0,0,0,0,0
2021S051635600030,3,93,0,0,0,0,0,0,0,0,0,0,0,0,0,0,0,0,0,0,0,0
2021S051635600032,2,78,0,0,0,0,0,0,0,0,0,0,0,0,0,0,0,0,0,0,0,0
2021S051635600033,13,83,0,0,0,0,0,0,0,0,0,0,0,0,0,0,0,0,0,0,0,0
2021S051635600034,3,97,0,0,0,0,0,0,0,0,0,0,0,0,0,0,0,0,0,0,0,0
2021S051635600035,3,185,0,0,0,0,0,0,0,0,0,0,0,0,0,0,0,0,0,0,0,0
2021S051635600036,1,150,0,0,0,0,0,0,0,0,0,0,0,0,0,0,0,0,0,0,0,0
2021S051635600037,199,5387,0,0,0,0,0,0,0,0,0,0,0,0,0,0,4,33,4,33,4,33
2021S051635600038,1,35,0,0,0,0,0,0,0,0,0,0,0,0,0,0,0,0,0,0,0,0
2021S051635600039,194,3153,0,0,1,3,1,7,0,0,0,0,0,0,2,14,6,26,8,47,8,47
2021S051635600040,475,8471,0,0,2,61,4,74,0,0,2,69,0,0,1,293,3,355,9,425,11,494
2021S051635600041,313,5543,0,0,1,3,2,17,0,0,0,0,1,10,1,7,1,7,8,391,8,391
2021S051635600042,2,82,0,0,0,0,0,0,0,0,0,0,0,0,0,0,0,0,0,0,0,0
2021S051635600043,0,0,0,0,0,0,0,0,0,0,0,0,0,0,0,0,0,0,0,0,0,0
2021S051635600044,4,24,0,0,0,0,0,0,0,0,0,0,0,0,0,0,0,0,0,0,0,0
2021S051635600045,5,309,0,0,0,0,0,0,0,0,0,0,0,0,0,0,0,0,0,0,0,0
2021S051635600046,0,0,0,0,0,0,0,0,0,0,0,0,0,0,0,0,0,0,0,0,0,0
2021S051635600047,0,0,0,0,0,0,0,0,0,0,0,0,0,0,0,0,0,0,0,0,0,0
2021S051635600048,0,0,0,0,0,0,0,0,0,0,0,0,0,0,0,0,0,0,0,0,0,0
2021S051635600049,0,0,0,0,0,0,0,0,0,0,0,0,0,0,0,0,0,0,0,0,0,0
2021S051635600050,0,0,0,0,0,0,0,0,0,0,0,0,0,0,0,0,0,0,0,0,0,0
2021S051635600051,0,0,0,0,0,0,0,0,0,0,0,0,0,0,0,0,0,0,0,0,0,0
2021S051635600052,0,0,0,0,0,0,0,0,0,0,0,0,0,0,0,0,0,0,0,0,0,0
2021S051635600053,0,0,0,0,0,0,0,0,0,0,0,0,0,0,0,0,0,0,0,0,0,0
2021S051635600055,0,0,0,0,0,0,0,0,0,0,0,0,0,0,0,0,0,0,0,0,0,0
2021S051635600603,450,5956,1,3,0,0,2,18,1,3,3,107,0,0,2,106,5,119,16,281,17,296
2021S051646010001,281,3879,0,0,1,13,1,13,1,13,3,28,0,0,0,0,0,0,21,116,21,116
2021S051646010002,232,2407,0,0,0,0,2,42,0,0,0,0,0,0,0,0,7,57,44,295,44,295
2021S051646010004,0,0,0,0,0,0,0,0,0,0,0,0,0,0,0,0,0,0,0,0,0,0
2021S051646010005,2,110,0,0,0,0,0,0,0,0,0,0,0,0,0,0,0,0,0,0,0,0
2021S051646020001,256,2958,2,5,5,20,4,18,1,7,2,8,1,4,0,0,0,0,27,184,27,184
2021S051646020002,280,3720,1,3,3,11,3,20,1,3,3,19,0,0,2,37,3,40,37,354,38,369
2021S051646020003,148,1543,0,0,0,0,0,0,0,0,0,0,0,0,0,0,1,15,15,56,15,56
2021S051646020006,1032,15826,1,26,2,37,7,260,0,0,2,151,1,26,2,41,4,51,53,1268,56,1454
2021S051646020007,235,2360,1,8,0,0,1,3,0,0,0,0,0,0,1,3,2,6,43,164,43,164
2021S051646020008,142,2041,0,0,0,0,1,3,0,0,0,0,0,0,1,3,1,3,29,499,29,499
2021S051646020009,0,0,0,0,0,0,0,0,0,0,0,0,0,0,0,0,0,0,0,0,0,0
2021S051646020010,18,281,0,0,0,0,0,0,0,0,0,0,0,0,0,0,0,0,4,11,4,11
2021S051646020011,220,2413,2,11,4,45,4,45,1,31,1,31,0,0,0,0,1,3,26,167,26,167
2021S051646020112,472,5513,4,22,5,87,4,84,2,78,2,78,0,0,2,86,7,113,82,666,82,666
2021S051646030001,304,3337,2,76,1,4,2,7,0,0,2,6,1,72,1,35,2,38,40,228,41,231
2021S051646030002,326,4736,6,269,12,255,10,421,0,0,2,6,1,76,1,7,1,7,59,662,61,668
2021S051646030003,160,1104,2,10,2,10,2,10,0,0,0,0,0,0,0,0,1,3,23,83,23,83
2021S051646030004,341,5316,3,110,7,504,5,130,1,13,1,13,0,0,1,7,1,7,59,763,59,763
2021S051646030005,319,5364,4,262,11,305,6,231,1,13,2,20,0,0,0,0,2,565,27,1049,27,1049
2021S051646030006,721,13478,10,837,21,627,21,1004,4,57,6,67,0,0,1,3,3,388,62,2209,67,2423
2021S051646040001,489,4376,4,89,5,56,7,106,1,3,3,53,0,0,0,0,2,6,107,374,109,424
2021S051646040002,0,0,0,0,0,0,0,0,0,0,0,0,0,0,0,0,0,0,0,0,0,0
2021S051646050001,647,5954,1,2,3,16,3,16,0,0,7,19,0,0,1,75,1,75,102,304,104,318
2021S051646060001,494,5490,0,0,1,3,1,3,1,3,8,37,0,0,0,0,0,0,63,174,63,174
2021S051646060002,1,3,0,0,0,0,0,0,0,0,0,0,0,0,0,0,0,0,1,1,1,1
2021S051646060003,0,0,0,0,0,0,0,0,0,0,0,0,0,0,0,0,0,0,0,0,0,0
2021S051646070001,181,2357,1,17,2,30,2,30,1,13,1,13,0,0,0,0,0,0,20,101,20,101
2021S051646070002,67,720,1,43,1,43,1,43,0,0,0,0,0,0,0,0,0,0,8,61,8,61
2021S051646070004,3,41,0,0,0,0,0,0,0,0,0,0,0,0,0,0,0,0,0,0,0,0
2021S051646070005,263,5383,0,0,2,61,2,70,0,0,1,35,0,0,0,0,0,0,6,140,7,175
2021S051646070006,614,11257,2,80,5,102,5,316,0,0,2,364,0,0,3,45,3,45,32,986,33,1001
2021S051646070007,180,4359,0,0,1,44,3,53,0,0,3,118,0,0,1,7,1,7,10,223,11,226
2021S051646070008,201,1845,0,0,0,0,0,0,0,0,1,1,0,0,0,0,0,0,9,11,9,11
2021S051646070010,0,0,0,0,0,0,0,0,0,0,0,0,0,0,0,0,0,0,0,0,0,0
2021S051646070011,45,199,1,4,0,0,0,0,0,0,0,0,0,0,0,0,0,0,13,33,13,33
2021S051646070012,0,0,0,0,0,0,0,0,0,0,0,0,0,0,0,0,0,0,0,0,0,0
2021S051646070013,64,551,2,5,1,2,1,2,0,0,0,0,1,3,0,0,0,0,13,26,13,26
2021S051646070014,351,5963,2,40,2,40,3,63,0,0,1,1,0,0,0,0,0,0,16,98,16,98
2021S051646070015,0,0,0,0,0,0,0,0,0,0,0,0,0,0,0,0,0,0,0,0,0,0
2021S051646070602,108,2277,0,0,1,2,1,7,0,0,0,0,0,0,0,0,0,0,4,12,4,12
2021S051646072000,108,1737,0,0,0,0,2,9,0,0,1,7,0,0,0,0,0,0,12,47,13,54
2021S051646080001,471,4319,5,22,5,21,5,33,0,0,0,0,0,0,0,0,1,15,87,310,87,310
2021S051646080002,2,185,0,0,0,0,0,0,0,0,0,0,0,0,0,0,0,0,0,0,0,0
2021S051646090002,501,10200,1,72,1,72,2,75,0,0,0,0,0,0,1,15,3,25,35,364,35,364
2021S051646090003,2,18,0,0,0,0,0,0,0,0,0,0,0,0,0,0,0,0,0,0,0,0
2021S051646090004,0,0,0,0,0,0,0,0,0,0,0,0,0,0,0,0,0,0,0,0,0,0
2021S051646090005,0,0,0,0,0,0,0,0,0,0,0,0,0,0,0,0,0,0,0,0,0,0
2021S051646090006,0,0,0,0,0,0,0,0,0,0,0,0,0,0,0,0,0,0,0,0,0,0
2021S051646090902,231,2735,1,35,3,79,4,82,0,0,1,75,1,35,2,10,4,16,61,371,62,446
2021S051646100001,46,318,1,3,2,6,1,3,0,0,1,3,0,0,0,0,0,0,6,10,7,13
2021S051646100002,110,1014,1,17,2,31,2,31,0,0,1,2,0,0,0,0,0,0,25,141,25,141
2021S051646100003,364,5695,3,87,4,204,3,201,0,0,4,201,0,0,2,69,4,79,50,360,51,509
2021S051646110003,178,1728,0,0,0,0,0,0,0,0,0,0,0,0,0,0,0,0,0,0,0,0
2021S051646110006,158,2967,0,0,0,0,0,0,0,0,0,0,0,0,0,0,0,0,2,15,2,15
2021S051646110007,179,2967,0,0,0,0,0,0,0,0,0,0,0,0,0,0,0,0,1,3,1,3
2021S051646110008,363,12105,8,153,13,341,7,227,0,0,2,50,2,69,0,0,2,162,43,1671,45,1721
2021S051646110009,89,691,0,0,0,0,0,0,0,0,0,0,0,0,1,7,1,7,1,7,1,7
2021S051646110010,112,1718,0,0,1,3,0,0,0,0,0,0,0,0,0,0,0,0,2,5,2,5
2021S051646110011,112,1919,0,0,0,0,0,0,0,0,0,0,0,0,0,0,0,0,1,15,1,15
2021S051646110012,161,3621,5,217,3,178,4,161,0,0,2,10,0,0,2,36,2,36,9,259,10,266
2021S051646110013,446,3650,1,23,1,23,1,23,0,0,0,0,0,0,0,0,0,0,3,27,3,27
2021S051646110014,196,3582,0,0,5,68,4,62,1,7,2,42,0,0,2,147,6,846,12,908,13,943
2021S051646110015,136,1416,0,0,1,2,2,5,0,0,0,0,0,0,1,3,2,18,3,20,3,20
2021S051646110016,223,4190,1,2,3,16,3,18,1,7,3,29,1,4,1,75,1,75,12,117,13,124
2021S051646110018,136,3432,0,0,0,0,0,0,0,0,0,0,0,0,0,0,0,0,0,0,0,0
2021S051646110019,69,803,0,0,0,0,0,0,0,0,0,0,0,0,0,0,0,0,1,2,1,2
2021S051646110020,121,1916,0,0,0,0,0,0,0,0,0,0,0,0,1,34,1,34,5,49,5,49
2021S051646110021,186,3638,3,485,3,485,1,397,0,0,0,0,0,0,0,0,0,0,7,570,8,641
2021S051646110022,124,1950,0,0,0,0,0,0,0,0,0,0,0,0,0,0,0,0,2,2,2,2
2021S051646110023,351,8981,7,137,15,426,12,287,3,109,11,346,1,26,1,15,2,22,34,813,38,869
2021S051646110024,100,1597,0,0,0,0,0,0,0,0,0,0,0,0,0,0,0,0,1,7,1,7
2021S051646110025,256,4988,2,6,7,142,11,772,1,7,5,674,0,0,0,0,1,7,21,242,24,874
2021S051646110026,96,1865,0,0,0,0,0,0,0,0,0,0,0,0,0,0,0,0,0,0,0,0
2021S051646110027,179,3019,1,55,5,113,4,107,0,0,1,15,0,0,1,34,2,69,11,154,12,169
2021S051646110029,370,9093,4,17,8,50,4,102,0,0,2,21,0,0,2,40,2,40,28,393,29,408
2021S051646110030,185,2354,1,4,2,11,2,14,1,7,2,14,0,0,1,7,2,14,7,31,8,38
2021S051646110031,735,25404,7,193,22,2375,11,412,4,113,8,182,1,38,0,0,4,36,56,3042,57,3057
2021S051646110032,160,4812,4,300,5,843,3,301,0,0,1,15,0,0,0,0,0,0,14,924,16,942
2021S051646110033,181,3737,4,112,2,24,4,93,0,0,3,22,2,58,0,0,0,0,8,146,9,153
2021S051646110034,230,7243,0,0,0,0,0,0,0,0,0,0,0,0,0,0,0,0,2,36,2,36
2021S051646110035,1223,29479,1,2,14,179,6,90,0,0,6,158,0,0,0,0,2,50,51,1075,52,1150
2021S051646110036,204,1739,1,5,1,5,1,5,0,0,0,0,0,0,0,0,1,35,3,41,3,41
2021S051646110037,91,1482,0,0,1,3,1,131,0,0,0,0,0,0,0,0,0,0,3,149,3,149
2021S051646110039,128,1599,0,0,0,0,0,0,0,0,0,0,0,0,0,0,0,0,3,5,3,5
2021S051646110040,134,2008,0,0,0,0,1,7,0,0,0,0,0,0,0,0,0,0,2,8,2,8
2021S051646110041,413,10483,2,26,8,93,3,70,0,0,3,7,0,0,0,0,0,0,14,293,16,311
2021S051646110042,499,17351,12,463,24,1319,21,702,4,139,11,348,2,28,1,149,4,214,66,2395,71,2789
2021S051646110043,76,1082,0,0,0,0,0,0,0,0,0,0,0,0,0,0,0,0,0,0,0,0
2021S051646110044,1637,46647,2,157,4,15,2,68,0,0,3,39,1,150,0,0,1,35,32,444,32,444
2021S051646110045,75,2157,0,0,1,12,0,0,0,0,0,0,0,0,0,0,0,0,2,18,2,18
2021S051646110046,251,4796,0,0,1,19,0,0,0,0,0,0,0,0,0,0,0,0,3,21,3,21
2021S051646110047,172,2166,1,3,2,5,1,2,0,0,0,0,0,0,0,0,0,0,3,9,3,9
2021S051646110048,166,3188,0,0,0,0,0,0,0,0,0,0,0,0,0,0,0,0,0,0,0,0
2021S051646110049,461,7923,2,12,7,128,3,373,1,13,2,14,0,0,0,0,1,15,16,512,16,512
2021S051646110050,249,5927,0,0,3,12,1,2,0,0,0,0,0,0,0,0,0,0,8,73,8,73
2021S051646110051,370,7213,0,0,1,8,0,0,0,0,1,3,0,0,0,0,0,0,6,116,6,116
2021S051646110052,311,3450,0,0,1,7,1,7,0,0,0,0,0,0,0,0,0,0,2,8,2,8
2021S051646110053,383,5049,1,75,1,75,1,75,0,0,0,0,0,0,0,0,0,0,7,120,7,120
2021S051646110054,177,2377,0,0,0,0,0,0,0,0,0,0,0,0,0,0,0,0,1,16,1,16
2021S051646110055,287,2696,0,0,2,9,1,7,1,7,1,7,0,0,0,0,0,0,4,50,4,50
2021S051646110056,370,3798,0,0,0,0,0,0,0,0,0,0,0,0,0,0,0,0,3,5,3,5
2021S051646110057,103,981,0,0,0,0,0,0,0,0,0,0,0,0,0,0,1,3,3,9,3,9
2021S051646110058,226,3671,0,0,0,0,0,0,0,0,0,0,0,0,0,0,0,0,1,4,1,4
2021S051646110059,145,2464,0,0,0,0,0,0,0,0,0,0,0,0,0,0,0,0,0,0,0,0
2021S051646110060,203,2463,0,0,0,0,0,0,0,0,1,1,0,0,0,0,0,0,1,1,1,1
2021S051646110061,100,1957,0,0,0,0,0,0,0,0,0,0,0,0,0,0,0,0,2,3,2,3
2021S051646110062,661,14517,0,0,4,96,3,92,0,0,2,89,0,0,0,0,0,0,7,136,9,225
2021S051646110063,263,4228,0,0,0,0,0,0,0,0,1,1,0,0,0,0,0,0,2,2,2,2
2021S051646110065,220,3738,0,0,1,412,0,0,0,0,2,53,0,0,0,0,0,0,4,466,4,466
2021S051646110066,254,5750,2,46,5,569,4,164,1,29,1,35,0,0,0,0,0,0,8,775,10,885
2021S051646110067,96,860,0,0,0,0,0,0,0,0,0,0,0,0,0,0,0,0,0,0,0,0
2021S051646110069,186,2405,0,0,1,2,1,2,0,0,0,0,0,0,0,0,0,0,3,10,3,10
2021S051646110070,384,6300,0,0,0,0,1,2,0,0,1,3,1,2,0,0,0,0,3,6,3,6
2021S051646110071,163,2821,0,0,1,2,0,0,0,0,0,0,0,0,0,0,0,0,2,3,2,3
2021S051646110072,313,8810,5,967,6,433,6,379,0,0,3,113,1,550,1,34,4,59,19,1299,20,1306
2021S051646110073,131,865,0,0,0,0,0,0,0,0,0,0,0,0,0,0,1,3,2,18,2,18
2021S051646110074,65,1332,0,0,0,0,0,0,0,0,0,0,0,0,0,0,0,0,0,0,0,0
2021S051646110077,63,905,0,0,0,0,0,0,0,0,0,0,0,0,0,0,0,0,1,2,1,2
2021S051646110078,136,788,0,0,2,4,2,4,0,0,0,0,0,0,0,0,0,0,3,5,3,5
2021S051646110079,114,1200,1,2,2,9,1,7,0,0,0,0,0,0,0,0,0,0,2,9,2,9
2021S051646110081,180,3947,3,20,3,21,2,4,0,0,0,0,0,0,0,0,0,0,7,373,7,373
2021S051646110082,175,1805,0,0,0,0,0,0,0,0,0,0,0,0,0,0,0,0,0,0,0,0
2021S051646110083,88,995,0,0,0,0,0,0,0,0,0,0,0,0,0,0,0,0,0,0,0,0
2021S051646110084,174,1924,0,0,0,0,0,0,0,0,0,0,0,0,0,0,1,3,2,5,2,5
2021S051646110085,124,1143,0,0,0,0,0,0,0,0,0,0,0,0,0,0,0,0,1,1,1,1
2021S051646110086,55,628,0,0,0,0,0,0,0,0,0,0,0,0,0,0,0,0,1,1,1,1
2021S051646110087,540,4493,0,0,0,0,0,0,0,0,0,0,0,0,0,0,2,50,5,67,5,67
2021S051646110088,164,1596,0,0,0,0,0,0,0,0,0,0,0,0,0,0,0,0,1,2,1,2
2021S051646110089,185,2408,0,0,0,0,0,0,0,0,0,0,0,0,0,0,0,0,1,4,1,4
2021S051646110090,493,8429,1,13,2,37,3,50,1,13,1,35,0,0,0,0,1,550,4,569,5,604
2021S051646110091,319,9103,4,670,4,132,3,96,0,0,3,44,1,550,2,104,2,104,15,1272,17,1302
2021S051646110092,228,2510,1,2,1,2,1,2,0,0,0,0,0,0,0,0,0,0,1,2,1,2
2021S051646110093,887,13411,4,71,4,77,1,7,1,7,2,19,0,0,0,0,1,3,10,99,10,99
2021S051646110094,118,1241,0,0,1,2,0,0,0,0,1,2,0,0,0,0,0,0,1,2,1,2
2021S051646120001,232,3058,0,0,1,3,0,0,0,0,1,2,0,0,0,0,0,0,19,45,19,45
2021S051646120002,390,7462,3,325,6,342,7,359,2,6,3,21,1,15,1,34,2,384,18,856,20,874
2021S051646120003,332,3494,2,19,3,12,3,12,1,3,3,85,0,0,0,0,1,35,45,240,46,247
2021S051646130001,119,897,0,0,0,0,0,0,0,0,0,0,0,0,0,0,0,0,3,3,3,3
2021S051646130002,333,3958,1,4,2,24,1,3,0,0,4,17,0,0,1,3,1,3,29,96,29,96
2021S051646130003,8,434,0,0,0,0,0,0,0,0,0,0,0,0,0,0,0,0,0,0,0,0
2021S051646130004,391,8007,0,0,4,16,9,623,2,10,4,556,3,54,1,7,1,7,18,617,19,652
2021S051646130005,276,3605,0,0,2,18,3,21,0,0,4,30,0,0,1,3,2,38,7,56,10,77
2021S051646130006,323,2684,2,58,3,8,4,63,1,3,1,3,1,55,0,0,1,3,6,67,6,67
2021S051646140003,50,657,0,0,0,0,0,0,0,0,0,0,0,0,0,0,0,0,9,64,9,64
2021S051646140111,455,5896,1,168,7,419,6,343,1,3,6,49,0,0,2,68,4,217,62,707,65,804
2021S051646150001,270,2444,1,2,5,23,4,20,2,16,2,16,0,0,0,0,0,0,62,197,62,197
2021S051646150002,0,0,0,0,0,0,0,0,0,0,0,0,0,0,0,0,0,0,0,0,0,0
2021S051646150003,249,3588,2,12,4,36,3,17,0,0,0,0,0,0,1,7,4,48,37,199,37,199
2021S051646150004,6,30,0,0,0,0,0,0,0,0,0,0,0,0,0,0,0,0,3,3,3,3
2021S051646150005,0,0,0,0,0,0,0,0,0,0,0,0,0,0,0,0,0,0,0,0,0,0
2021S051646150006,0,0,0,0,0,0,0,0,0,0,0,0,0,0,0,0,0,0,0,0,0,0
2021S051646150007,360,3762,1,2,4,11,6,17,3,9,6,20,0,0,0,0,0,0,50,124,51,127
2021S051646150008,0,0,0,0,0,0,0,0,0,0,0,0,0,0,0,0,0,0,0,0,0,0
2021S051646160001,382,3430,1,2,1,2,2,9,0,0,3,9,0,0,0,0,3,70,57,222,58,229
2021S051646160002,1,3,0,0,0,0,0,0,0,0,0,0,0,0,0,0,0,0,0,0,0,0
2021S051646160003,2,365,0,0,0,0,0,0,0,0,0,0,0,0,0,0,0,0,0,0,0,0
2021S051646160004,0,0,0,0,0,0,0,0,0,0,0,0,0,0,0,0,0,0,0,0,0,0
2021S051646170001,175,1492,0,0,0,0,0,0,0,0,0,0,0,0,0,0,0,0,35,114,35,114
2021S051646170002,227,2364,0,0,1,2,1,2,0,0,0,0,0,0,0,0,1,13,41,143,41,143
2021S051646170003,396,6251,0,0,2,68,2,68,1,65,1,65,0,0,1,15,1,15,19,111,19,111
2021S051646170004,1,350,0,0,0,0,0,0,0,0,0,0,0,0,0,0,0,0,0,0,0,0
2021S051646180001,220,3667,0,0,0,0,0,0,0,0,0,0,0,0,0,0,0,0,25,99,25,99
2021S051646180002,0,0,0,0,0,0,0,0,0,0,0,0,0,0,0,0,0,0,0,0,0,0
2021S051646180003,9,358,0,0,0,0,0,0,0,0,0,0,0,0,0,0,0,0,1,2,1,2
2021S051646180004,310,3551,2,9,3,211,5,224,2,61,2,61,1,6,1,33,2,183,56,509,56,509
2021S051646180005,2,82,0,0,0,0,0,0,0,0,0,0,0,0,0,0,0,0,0,0,0,0
2021S051646180006,204,3087,0,0,0,0,0,0,0,0,0,0,0,0,0,0,0,0,15,96,15,96
2021S051646180007,0,0,0,0,0,0,0,0,0,0,0,0,0,0,0,0,0,0,0,0,0,0
2021S051646190001,31,611,0,0,0,0,0,0,0,0,1,114,0,0,0,0,0,0,5,206,5,206
2021S051646190002,0,0,0,0,0,0,0,0,0,0,0,0,0,0,0,0,0,0,0,0,0,0
2021S051646190003,1,75,0,0,0,0,0,0,0,0,0,0,0,0,0,0,0,0,0,0,0,0
2021S051646190004,4,243,0,0,0,0,0,0,0,0,0,0,0,0,0,0,0,0,0,0,0,0
2021S051646190005,0,0,0,0,0,0,0,0,0,0,0,0,0,0,0,0,0,0,0,0,0,0
2021S051646190006,9,298,0,0,0,0,0,0,0,0,0,0,0,0,0,0,0,0,0,0,0,0
2021S051646190007,0,0,0,0,0,0,0,0,0,0,0,0,0,0,0,0,0,0,0,0,0,0
2021S051646190008,1,75,0,0,0,0,0,0,0,0,0,0,0,0,0,0,0,0,0,0,0,0
2021S051646190009,2,82,0,0,0,0,0,0,0,0,0,0,0,0,0,0,0,0,0,0,0,0
2021S051646190010,0,0,0,0,0,0,0,0,0,0,0,0,0,0,0,0,0,0,0,0,0,0
2021S051646190011,3,240,0,0,0,0,0,0,0,0,0,0,0,0,0,0,0,0,0,0,0,0
2021S051646190012,0,0,0,0,0,0,0,0,0,0,0,0,0,0,0,0,0,0,0,0,0,0
2021S051646190013,0,0,0,0,0,0,0,0,0,0,0,0,0,0,0,0,0,0,0,0,0,0
2021S051646190014,2,38,0,0,0,0,0,0,0,0,0,0,0,0,0,0,0,0,1,3,1,3
2021S051646190015,0,0,0,0,0,0,0,0,0,0,0,0,0,0,0,0,0,0,0,0,0,0
2021S051646190017,14,500,0,0,0,0,0,0,0,0,0,0,0,0,0,0,0,0,0,0,0,0
2021S051646190018,5,398,0,0,0,0,0,0,0,0,0,0,0,0,0,0,0,0,0,0,0,0
2021S051646190019,0,0,0,0,0,0,0,0,0,0,0,0,0,0,0,0,0,0,0,0,0,0
2021S051646190020,77,459,0,0,0,0,0,0,0,0,0,0,0,0,0,0,0,0,29,164,29,164
2021S051646190021,1,75,0,0,0,0,0,0,0,0,0,0,0,0,0,0,0,0,0,0,0,0
2021S051646190022,10,401,0,0,0,0,0,0,0,0,0,0,0,0,0,0,0,0,0,0,0,0
2021S051646190023,0,0,0,0,0,0,0,0,0,0,0,0,0,0,0,0,0,0,0,0,0,0
2021S051646200001,440,5205,1,17,2,24,4,31,1,7,1,7,1,4,4,468,6,474,60,664,60,664
2021S051646200002,0,0,0,0,0,0,0,0,0,0,0,0,0,0,0,0,0,0,0,0,0,0
2021S051646210001,227,4810,0,0,0,0,1,7,0,0,0,0,0,0,2,10,2,10,9,99,9,99
2021S051646210002,208,4508,0,0,0,0,0,0,0,0,0,0,0,0,0,0,0,0,5,277,5,277
2021S051646210003,0,0,0,0,0,0,0,0,0,0,0,0,0,0,0,0,0,0,0,0,0,0
2021S051646210004,18,1151,0,0,0,0,0,0,0,0,0,0,0,0,0,0,0,0,2,2,2,2
2021S051646210005,0,0,0,0,0,0,0,0,0,0,0,0,0,0,0,0,0,0,0,0,0,0
2021S051646210006,0,0,0,0,0,0,0,0,0,0,0,0,0,0,0,0,0,0,0,0,0,0
2021S051646210007,0,0,0,0,0,0,0,0,0,0,0,0,0,0,0,0,0,0,0,0,0,0
2021S051646210008,0,0,0,0,0,0,0,0,0,0,0,0,0,0,0,0,0,0,0,0,0,0
2021S051646210009,2,78,0,0,0,0,0,0,0,0,0,0,0,0,0,0,0,0,1,75,1,75
2021S051646210010,3,360,0,0,0,0,0,0,0,0,0,0,0,0,0,0,0,0,0,0,0,0
2021S051646210011,0,0,0,0,0,0,0,0,0,0,0,0,0,0,0,0,0,0,0,0,0,0
2021S051646210012,0,0,0,0,0,0,0,0,0,0,0,0,0,0,0,0,0,0,0,0,0,0
2021S051646210013,0,0,0,0,0,0,0,0,0,0,0,0,0,0,0,0,0,0,0,0,0,0
2021S051646210014,0,0,0,0,0,0,0,0,0,0,0,0,0,0,0,0,0,0,0,0,0,0
2021S051646220001,46,2853,0,0,0,0,0,0,0,0,0,0,0,0,0,0,0,0,2,68,2,68
2021S051646220002,6,577,0,0,0,0,0,0,0,0,0,0,0,0,0,0,0,0,0,0,0,0
2021S051646220003,0,0,0,0,0,0,0,0,0,0,0,0,0,0,0,0,0,0,0,0,0,0
2021S051646220004,3,228,0,0,0,0,0,0,0,0,0,0,0,0,0,0,0,0,0,0,0,0
2021S051646220005,334,7827,0,0,0,0,0,0,0,0,0,0,0,0,0,0,0,0,3,50,3,50
2021S051646220006,11,747,0,0,0,0,0,0,0,0,0,0,0,0,0,0,0,0,0,0,0,0
2021S051646220007,4,582,0,0,0,0,0,0,0,0,0,0,0,0,0,0,0,0,0,0,0,0
2021S051646220008,2,165,0,0,0,0,0,0,0,0,0,0,0,0,0,0,0,0,0,0,0,0
2021S051646220009,0,0,0,0,0,0,0,0,0,0,0,0,0,0,0,0,0,0,0,0,0,0
2021S051646220010,0,0,0,0,0,0,0,0,0,0,0,0,0,0,0,0,0,0,0,0,0,0
2021S051646220011,0,0,0,0,0,0,0,0,0,0,0,0,0,0,0,0,0,0,0,0,0,0
2021S051646220012,0,0,0,0,0,0,0,0,0,0,0,0,0,0,0,0,0,0,0,0,0,0
2021S051646220013,0,0,0,0,0,0,0,0,0,0,0,0,0,0,0,0,0,0,0,0,0,0
2021S051646220014,1,35,0,0,0,0,0,0,0,0,0,0,0,0,0,0,0,0,0,0,0,0
2021S051646220015,0,0,0,0,0,0,0,0,0,0,0,0,0,0,0,0,0,0,0,0,0,0
2021S051646220016,0,0,0,0,0,0,0,0,0,0,0,0,0,0,0,0,0,0,0,0,0,0
2021S051646220017,2,50,0,0,0,0,0,0,0,0,0,0,0,0,0,0,0,0,0,0,0,0
2021S051646220018,0,0,0,0,0,0,0,0,0,0,0,0,0,0,0,0,0,0,0,0,0,0
2021S051646220019,0,0,0,0,0,0,0,0,0,0,0,0,0,0,0,0,0,0,0,0,0,0
2021S051646222000,0,0,0,0,0,0,0,0,0,0,0,0,0,0,0,0,0,0,0,0,0,0
2021S051646230001,78,3746,0,0,0,0,0,0,0,0,0,0,0,0,0,0,0,0,1,297,1,297
2021S051646230002,4,263,0,0,0,0,0,0,0,0,0,0,0,0,0,0,0,0,0,0,0,0
2021S051646230003,4,80,0,0,0,0,0,0,0,0,0,0,0,0,0,0,0,0,0,0,0,0
2021S051646230004,4,171,0,0,0,0,0,0,0,0,0,0,0,0,0,0,0,0,0,0,0,0
2021S051646230005,5,107,0,0,0,0,0,0,0,0,0,0,0,0,0,0,0,0,1,3,1,3
2021S051646230007,0,0,0,0,0,0,0,0,0,0,0,0,0,0,0,0,0,0,0,0,0,0
2021S051646230008,0,0,0,0,0,0,0,0,0,0,0,0,0,0,0,0,0,0,0,0,0,0
2021S051646230010,5,445,0,0,0,0,0,0,0,0,0,0,0,0,0,0,0,0,0,0,0,0
2021S051646230011,3,388,0,0,0,0,0,0,0,0,0,0,0,0,0,0,0,0,0,0,0,0
2021S051646230012,0,0,0,0,0,0,0,0,0,0,0,0,0,0,0,0,0,0,0,0,0,0
2021S051646230013,0,0,0,0,0,0,0,0,0,0,0,0,0,0,0,0,0,0,0,0,0,0
2021S051646232001,0,0,0,0,0,0,0,0,0,0,0,0,0,0,0,0,0,0,0,0,0,0
2021S051647010001,378,4282,2,7,2,7,4,45,0,0,7,47,0,0,0,0,1,13,47,140,49,146
2021S051647010002,504,5087,1,197,2,202,3,207,0,0,6,93,0,0,0,0,2,16,73,469,74,472
2021S051647010003,0,0,0,0,0,0,0,0,0,0,0,0,0,0,0,0,0,0,0,0,0,0
2021S051647010005,0,0,0,0,0,0,0,0,0,0,0,0,0,0,0,0,0,0,0,0,0,0
2021S051647010006,0,0,0,0,0,0,0,0,0,0,0,0,0,0,0,0,0,0,0,0,0,0
2021S051647010007,0,0,0,0,0,0,0,0,0,0,0,0,0,0,0,0,0,0,0,0,0,0
2021S051647010008,0,0,0,0,0,0,0,0,0,0,0,0,0,0,0,0,0,0,0,0,0,0
2021S051647010009,0,0,0,0,0,0,0,0,0,0,0,0,0,0,0,0,0,0,0,0,0,0
2021S051647010010,0,0,0,0,0,0,0,0,0,0,0,0,0,0,0,0,0,0,0,0,0,0
2021S051647010011,0,0,0,0,0,0,0,0,0,0,0,0,0,0,0,0,0,0,0,0,0,0
2021S051647010012,0,0,0,0,0,0,0,0,0,0,0,0,0,0,0,0,0,0,0,0,0,0
2021S051647010013,0,0,0,0,0,0,0,0,0,0,0,0,0,0,0,0,0,0,0,0,0,0
2021S051647010014,14,58,0,0,0,0,0,0,0,0,0,0,0,0,0,0,0,0,0,0,0,0
2021S051647010015,673,9550,1,3,1,32,8,71,0,0,8,128,0,0,0,0,0,0,47,293,48,296
2021S051647020004,466,8033,0,0,3,39,5,57,2,115,7,49,0,0,1,15,1,15,25,241,27,247
2021S051647020005,18,134,0,0,0,0,0,0,0,0,0,0,0,0,0,0,0,0,5,14,5,14
2021S051647020006,533,3378,1,4,2,7,3,10,1,3,4,14,0,0,0,0,0,0,99,226,100,229
2021S051647030002,755,6193,3,20,3,15,3,26,0,0,1,3,0,0,0,0,0,0,108,305,108,305
2021S051647030003,0,0,0,0,0,0,0,0,0,0,0,0,0,0,0,0,0,0,0,0,0,0
2021S051647040002,0,0,0,0,0,0,0,0,0,0,0,0,0,0,0,0,0,0,0,0,0,0
2021S051647040003,411,3096,1,85,2,87,2,87,0,0,3,7,0,0,0,0,0,0,63,242,63,242
2021S051647050001,268,2828,3,14,4,28,3,25,1,14,1,14,0,0,0,0,0,0,31,85,31,85
2021S051647050002,377,5446,1,43,1,43,3,73,0,0,4,618,0,0,1,29,1,29,50,815,51,843
2021S051647050003,0,0,0,0,0,0,0,0,0,0,0,0,0,0,0,0,0,0,0,0,0,0
2021S051647050004,0,0,0,0,0,0,0,0,0,0,0,0,0,0,0,0,0,0,0,0,0,0
2021S051647050007,0,0,0,0,0,0,0,0,0,0,0,0,0,0,0,0,0,0,0,0,0,0
2021S051647050009,0,0,0,0,0,0,0,0,0,0,0,0,0,0,0,0,0,0,0,0,0,0
2021S051647050010,0,0,0,0,0,0,0,0,0,0,0,0,0,0,0,0,0,0,0,0,0,0
2021S051647050011,0,0,0,0,0,0,0,0,0,0,0,0,0,0,0,0,0,0,0,0,0,0
2021S051647050013,0,0,0,0,0,0,0,0,0,0,0,0,0,0,0,0,0,0,0,0,0,0
2021S051647050014,0,0,0,0,0,0,0,0,0,0,0,0,0,0,0,0,0,0,0,0,0,0
2021S051647050015,0,0,0,0,0,0,0,0,0,0,0,0,0,0,0,0,0,0,0,0,0,0
2021S051647050016,0,0,0,0,0,0,0,0,0,0,0,0,0,0,0,0,0,0,0,0,0,0
2021S051647050019,0,0,0,0,0,0,0,0,0,0,0,0,0,0,0,0,0,0,0,0,0,0
2021S051647050020,0,0,0,0,0,0,0,0,0,0,0,0,0,0,0,0,0,0,0,0,0,0
2021S051647050021,464,4997,0,0,1,4,0,0,0,0,4,302,0,0,0,0,0,0,57,450,57,450
2021S051647060002,0,0,0,0,0,0,0,0,0,0,0,0,0,0,0,0,0,0,0,0,0,0
2021S051647060003,0,0,0,0,0,0,0,0,0,0,0,0,0,0,0,0,0,0,0,0,0,0
2021S051647060004,120,1116,1,4,1,4,1,4,0,0,0,0,0,0,1,7,1,7,8,30,8,30
2021S051647060005,0,0,0,0,0,0,0,0,0,0,0,0,0,0,0,0,0,0,0,0,0,0
2021S051647060006,0,0,0,0,0,0,0,0,0,0,0,0,0,0,0,0,0,0,0,0,0,0
2021S051647060007,0,0,0,0,0,0,0,0,0,0,0,0,0,0,0,0,0,0,0,0,0,0
2021S051647060008,376,4363,2,48,3,8,4,57,1,3,4,145,1,46,0,0,1,7,40,178,42,285
2021S051647060009,0,0,0,0,0,0,0,0,0,0,0,0,0,0,0,0,0,0,0,0,0,0
2021S051647060010,0,0,0,0,0,0,0,0,0,0,0,0,0,0,0,0,0,0,0,0,0,0
2021S051647060011,0,0,0,0,0,0,0,0,0,0,0,0,0,0,0,0,0,0,0,0,0,0
2021S051647060012,0,0,0,0,0,0,0,0,0,0,0,0,0,0,0,0,0,0,0,0,0,0
2021S051647060013,430,6064,6,236,5,238,8,316,0,0,4,94,0,0,3,91,4,106,30,447,32,513
2021S051647060014,56,1533,0,0,1,7,1,7,1,7,5,683,0,0,0,0,0,0,15,742,15,742
2021S051647060015,0,0,0,0,0,0,0,0,0,0,0,0,0,0,0,0,0,0,0,0,0,0
2021S051647060016,0,0,0,0,0,0,0,0,0,0,0,0,0,0,0,0,0,0,0,0,0,0
2021S051647060017,0,0,0,0,0,0,0,0,0,0,0,0,0,0,0,0,0,0,0,0,0,0
2021S051647060018,59,2031,1,30,1,30,2,365,0,0,1,350,0,0,0,0,0,0,3,395,3,395
2021S051647060020,117,883,0,0,0,0,0,0,0,0,0,0,0,0,0,0,0,0,0,0,0,0
2021S051647060022,1705,34595,6,112,27,447,17,215,4,76,16,221,0,0,1,62,10,117,71,967,80,1053
2021S051647060023,111,709,0,0,0,0,0,0,0,0,0,0,0,0,0,0,0,0,2,2,2,2
2021S051647060024,173,1830,0,0,0,0,0,0,0,0,0,0,0,0,0,0,0,0,0,0,0,0
2021S051647060025,56,300,0,0,0,0,0,0,0,0,0,0,0,0,0,0,1,7,2,8,2,8
2021S051647060026,93,1038,0,0,0,0,0,0,0,0,1,1,0,0,0,0,0,0,2,2,2,2
2021S051647060027,128,2031,0,0,1,3,0,0,0,0,0,0,0,0,0,0,0,0,2,4,2,4
2021S051647060028,170,3337,0,0,0,0,0,0,0,0,0,0,0,0,0,0,0,0,1,1,1,1
2021S051647060029,164,2066,0,0,0,0,0,0,0,0,0,0,0,0,0,0,0,0,3,3,3,3
2021S051647060030,126,1448,0,0,0,0,0,0,0,0,0,0,0,0,0,0,0,0,1,1,1,1
2021S051647060031,87,921,0,0,0,0,0,0,0,0,1,2,0,0,0,0,0,0,3,24,3,24
2021S051647060032,1324,32046,3,702,9,749,5,743,0,0,9,240,0,0,1,6,2,19,40,1154,41,1160
2021S051647060034,215,3360,0,0,2,18,0,0,0,0,0,0,0,0,0,0,1,35,9,78,9,78
2021S051647060035,244,2638,0,0,0,0,1,15,0,0,0,0,0,0,1,15,1,15,3,20,3,20
2021S051647060036,215,3182,0,0,0,0,0,0,0,0,0,0,0,0,0,0,0,0,2,3,2,3
2021S051647060037,303,4517,0,0,1,1,0,0,0,0,2,65,0,0,0,0,0,0,3,67,4,68
2021S051647060040,180,2926,1,3,1,5,0,0,0,0,0,0,0,0,0,0,0,0,4,12,4,12
2021S051647060041,145,2029,0,0,0,0,0,0,0,0,1,1,0,0,0,0,0,0,2,2,2,2
2021S051647060042,0,0,0,0,0,0,0,0,0,0,0,0,0,0,0,0,0,0,0,0,0,0
2021S051647060043,164,1914,0,0,0,0,0,0,0,0,0,0,0,0,0,0,0,0,2,7,2,7
2021S051647060044,207,3155,0,0,0,0,0,0,0,0,0,0,0,0,0,0,0,0,0,0,0,0
2021S051647060045,515,6601,0,0,1,3,1,3,0,0,2,20,0,0,0,0,1,3,7,42,7,42
2021S051647060046,272,5508,0,0,0,0,0,0,0,0,1,3,0,0,0,0,0,0,3,7,3,7
2021S051647060047,479,3107,0,0,1,2,1,2,0,0,2,2,0,0,0,0,0,0,10,15,10,15
2021S051647060048,0,0,0,0,0,0,0,0,0,0,0,0,0,0,0,0,0,0,0,0,0,0
2021S051647060049,0,0,0,0,0,0,0,0,0,0,0,0,0,0,0,0,0,0,0,0,0,0
2021S051647060050,38,314,0,0,0,0,0,0,0,0,0,0,0,0,0,0,0,0,7,11,7,11
2021S051647060051,365,2869,1,5,1,3,2,6,0,0,1,187,1,3,0,0,1,7,51,301,51,301
2021S051647062000,64,436,0,0,1,14,1,14,1,14,1,14,0,0,0,0,0,0,13,37,13,37
2021S051647070002,16,100,0,0,0,0,0,0,0,0,0,0,0,0,0,0,0,0,1,3,1,3
2021S051647070003,116,668,1,3,0,0,0,0,0,0,0,0,1,3,0,0,1,3,5,9,5,9
2021S051647070006,80,839,0,0,1,7,0,0,0,0,0,0,0,0,0,0,1,3,6,23,6,23
2021S051647070007,544,9968,3,49,2,6,0,0,0,0,1,22,0,0,1,13,3,29,27,334,27,334
2021S051647070008,362,4850,0,0,1,13,1,13,0,0,0,0,0,0,0,0,1,3,10,29,10,29
2021S051647070009,437,3050,3,12,2,11,2,11,0,0,4,51,0,0,0,0,0,0,88,297,88,297
2021S051647080001,774,4934,1,9,1,9,2,23,0,0,5,33,0,0,0,0,0,0,107,273,107,273
2021S051647080002,46,670,0,0,0,0,0,0,0,0,0,0,0,0,0,0,0,0,3,10,3,10
2021S051647080003,541,6822,1,7,2,9,4,31,1,7,4,12,0,0,0,0,0,0,22,72,23,78
2021S051647080004,356,4428,3,119,2,88,1,85,0,0,0,0,0,0,0,0,0,0,26,191,26,191
2021S051647090002,277,2211,0,0,0,0,1,3,0,0,1,3,0,0,0,0,2,6,49,100,49,100
2021S051647090003,0,0,0,0,0,0,0,0,0,0,0,0,0,0,0,0,0,0,0,0,0,0
2021S051647090004,0,0,0,0,0,0,0,0,0,0,0,0,0,0,0,0,0,0,0,0,0,0
2021S051647090005,0,0,0,0,0,0,0,0,0,0,0,0,0,0,0,0,0,0,0,0,0,0
2021S051647090006,0,0,0,0,0,0,0,0,0,0,0,0,0,0,0,0,0,0,0,0,0,0
2021S051647090007,0,0,0,0,0,0,0,0,0,0,0,0,0,0,0,0,0,0,0,0,0,0
2021S051647090008,0,0,0,0,0,0,0,0,0,0,0,0,0,0,0,0,0,0,0,0,0,0
2021S051647090009,0,0,0,0,0,0,0,0,0,0,0,0,0,0,0,0,0,0,0,0,0,0
2021S051647090010,39,213,0,0,0,0,0,0,0,0,0,0,0,0,0,0,0,0,11,31,11,31
2021S051647090011,0,0,0,0,0,0,0,0,0,0,0,0,0,0,0,0,0,0,0,0,0,0
2021S051647090012,547,9705,2,33,4,54,4,39,1,3,2,6,1,22,0,0,0,0,21,402,22,405
2021S051647090013,0,0,0,0,0,0,0,0,0,0,0,0,0,0,0,0,0,0,0,0,0,0
2021S051647090014,182,2245,0,0,0,0,0,0,0,0,0,0,0,0,0,0,0,0,12,48,12,48
2021S051647090015,0,0,0,0,0,0,0,0,0,0,0,0,0,0,0,0,0,0,0,0,0,0
2021S051647090016,17,71,0,0,0,0,0,0,0,0,0,0,0,0,0,0,0,0,5,14,5,14
2021S051647090017,257,2917,2,6,3,9,2,6,0,0,1,1,0,0,0,0,0,0,36,72,36,72
2021S051647100003,0,0,0,0,0,0,0,0,0,0,0,0,0,0,0,0,0,0,0,0,0,0
2021S051647100004,0,0,0,0,0,0,0,0,0,0,0,0,0,0,0,0,0,0,0,0,0,0
2021S051647100006,0,0,0,0,0,0,0,0,0,0,0,0,0,0,0,0,0,0,0,0,0,0
2021S051647100007,0,0,0,0,0,0,0,0,0,0,0,0,0,0,0,0,0,0,0,0,0,0
2021S051647100008,0,0,0,0,0,0,0,0,0,0,0,0,0,0,0,0,0,0,0,0,0,0
2021S051647100009,0,0,0,0,0,0,0,0,0,0,0,0,0,0,0,0,0,0,0,0,0,0
2021S051647100010,0,0,0,0,0,0,0,0,0,0,0,0,0,0,0,0,0,0,0,0,0,0
2021S051647100011,0,0,0,0,0,0,0,0,0,0,0,0,0,0,0,0,0,0,0,0,0,0
2021S051647100012,0,0,0,0,0,0,0,0,0,0,0,0,0,0,0,0,0,0,0,0,0,0
2021S051647100013,0,0,0,0,0,0,0,0,0,0,0,0,0,0,0,0,0,0,0,0,0,0
2021S051647100014,0,0,0,0,0,0,0,0,0,0,0,0,0,0,0,0,0,0,0,0,0,0
2021S051647100015,0,0,0,0,0,0,0,0,0,0,0,0,0,0,0,0,0,0,0,0,0,0
2021S051647100016,0,0,0,0,0,0,0,0,0,0,0,0,0,0,0,0,0,0,0,0,0,0
2021S051647100017,0,0,0,0,0,0,0,0,0,0,0,0,0,0,0,0,0,0,0,0,0,0
2021S051647100018,0,0,0,0,0,0,0,0,0,0,0,0,0,0,0,0,0,0,0,0,0,0
2021S051647100019,0,0,0,0,0,0,0,0,0,0,0,0,0,0,0,0,0,0,0,0,0,0
2021S051647100020,0,0,0,0,0,0,0,0,0,0,0,0,0,0,0,0,0,0,0,0,0,0
2021S051647100021,0,0,0,0,0,0,0,0,0,0,0,0,0,0,0,0,0,0,0,0,0,0
2021S051647100022,0,0,0,0,0,0,0,0,0,0,0,0,0,0,0,0,0,0,0,0,0,0
2021S051647100024,0,0,0,0,0,0,0,0,0,0,0,0,0,0,0,0,0,0,0,0,0,0
2021S051647100025,0,0,0,0,0,0,0,0,0,0,0,0,0,0,0,0,0,0,0,0,0,0
2021S051647100027,0,0,0,0,0,0,0,0,0,0,0,0,0,0,0,0,0,0,0,0,0,0
2021S051647100604,637,6981,1,4,1,4,2,19,0,0,2,20,0,0,0,0,1,3,79,245,79,245
2021S051647110001,49,359,0,0,0,0,0,0,0,0,0,0,0,0,0,0,0,0,10,26,10,26
2021S051647110002,327,3635,2,13,4,28,4,28,0,0,2,15,0,0,1,62,3,100,14,143,16,158
2021S051647110003,238,2647,1,144,0,0,2,49,0,0,1,15,0,0,2,63,2,63,9,262,9,262
2021S051647110004,170,2550,0,0,1,6,2,66,0,0,2,66,0,0,0,0,0,0,10,84,12,150
2021S051647110006,320,2452,0,0,0,0,0,0,0,0,1,1,0,0,0,0,1,3,3,5,3,5
2021S051647110011,149,2156,0,0,0,0,1,3,0,0,1,3,0,0,0,0,0,0,5,12,5,12
2021S051647110014,171,4585,2,204,3,210,1,6,0,0,0,0,0,0,0,0,0,0,8,277,8,277
2021S051647110015,1438,31082,1,4,12,129,6,148,1,7,9,258,0,0,0,0,1,7,58,600,59,630
2021S051647110016,78,1503,0,0,0,0,0,0,0,0,0,0,0,0,0,0,0,0,2,2,2,2
2021S051647110017,109,1412,0,0,1,45,0,0,0,0,0,0,0,0,0,0,0,0,2,46,2,46
2021S051647110018,162,2137,0,0,0,0,0,0,0,0,0,0,0,0,0,0,0,0,2,8,2,8
2021S051647110019,343,5916,5,38,5,48,3,14,0,0,1,6,1,7,0,0,1,35,12,126,13,132
2021S051647110021,370,7480,0,0,3,12,2,17,0,0,2,174,0,0,0,0,1,3,16,354,17,513
2021S051647110022,194,2634,0,0,0,0,0,0,0,0,0,0,0,0,0,0,0,0,8,37,8,37
2021S051647110024,382,6219,1,7,1,7,0,0,0,0,0,0,0,0,0,0,0,0,7,25,7,25
2021S051647110026,33,834,0,0,0,0,0,0,0,0,1,293,0,0,0,0,0,0,4,301,4,301
2021S051647110027,180,3903,4,296,2,3,1,2,0,0,1,8,0,0,0,0,2,18,14,396,14,396
2021S051647110028,251,2380,0,0,0,0,0,0,0,0,0,0,0,0,0,0,0,0,9,11,9,11
2021S051647110031,111,761,0,0,0,0,0,0,0,0,0,0,0,0,0,0,0,0,1,1,1,1
2021S051647110033,32,599,0,0,0,0,0,0,0,0,1,187,0,0,0,0,0,0,5,202,5,202
2021S051647110034,375,4012,1,85,2,88,1,85,0,0,1,293,0,0,0,0,0,0,59,532,59,532
2021S051647110035,40,463,0,0,0,0,0,0,0,0,1,3,0,0,0,0,0,0,5,14,5,14
2021S051647110036,9,840,0,0,0,0,0,0,0,0,0,0,0,0,0,0,0,0,0,0,0,0
2021S051647110038,244,2944,1,81,2,83,1,2,0,0,0,0,0,0,0,0,0,0,5,103,5,103
2021S051647110039,286,3087,0,0,1,3,1,3,0,0,1,3,0,0,0,0,0,0,3,4,4,7
2021S051647110040,267,3625,0,0,3,6,2,6,1,3,2,5,0,0,0,0,0,0,7,12,7,12
2021S051647110041,196,1786,0,0,1,2,1,2,0,0,0,0,0,0,0,0,0,0,3,6,3,6
2021S051647110602,418,6814,6,399,7,137,10,364,1,70,5,144,3,372,0,0,0,0,15,668,20,785
2021S051647110603,1772,35037,16,531,26,703,37,1027,4,64,26,768,4,54,3,15,9,81,102,1772,115,2264
2021S051647110604,437,5716,1,2,2,5,0,0,0,0,0,0,0,0,0,0,0,0,7,15,7,15
2021S051647110606,231,2846,0,0,2,27,1,3,0,0,0,0,0,0,0,0,0,0,2,25,3,28
2021S051647110607,442,9103,3,114,7,123,5,119,1,15,4,374,0,0,1,62,4,95,19,627,20,630
2021S051647110608,112,1773,0,0,0,0,0,0,0,0,0,0,0,0,0,0,0,0,0,0,0,0
2021S051647110609,328,5927,0,0,0,0,1,3,0,0,1,1,0,0,1,3,1,3,4,9,4,9
2021S051647110610,379,2785,1,2,3,12,1,2,0,0,1,7,0,0,1,6,1,6,50,138,50,138
2021S051647120001,152,1407,1,7,2,13,2,41,0,0,1,2,0,0,0,0,0,0,16,70,16,70
2021S051647120002,0,0,0,0,0,0,0,0,0,0,0,0,0,0,0,0,0,0,0,0,0,0
2021S051647120003,0,0,0,0,0,0,0,0,0,0,0,0,0,0,0,0,0,0,0,0,0,0
2021S051647120004,0,0,0,0,0,0,0,0,0,0,0,0,0,0,0,0,0,0,0,0,0,0
2021S051647120005,0,0,0,0,0,0,0,0,0,0,0,0,0,0,0,0,0,0,0,0,0,0
2021S051647120006,498,4643,2,12,3,25,5,103,1,3,4,14,1,3,0,0,1,3,68,256,68,256
2021S051647120007,0,0,0,0,0,0,0,0,0,0,0,0,0,0,0,0,0,0,0,0,0,0
2021S051647120008,156,1878,0,0,1,3,1,3,1,3,4,335,0,0,0,0,1,7,30,414,30,414
2021S051647120009,0,0,0,0,0,0,0,0,0,0,0,0,0,0,0,0,0,0,0,0,0,0
2021S051647130001,622,4413,1,3,2,6,4,16,2,6,7,21,0,0,0,0,0,0,72,201,72,201
2021S051647130002,0,0,0,0,0,0,0,0,0,0,0,0,0,0,0,0,0,0,0,0,0,0
2021S051647130003,0,0,0,0,0,0,0,0,0,0,0,0,0,0,0,0,0,0,0,0,0,0
2021S051647130004,851,6350,0,0,1,3,2,6,1,3,9,17,0,0,0,0,0,0,72,152,72,152
2021S051647140001,456,4162,1,2,1,2,1,2,0,0,0,0,0,0,1,150,3,156,51,289,51,289
2021S051647140002,417,3396,1,2,0,0,0,0,0,0,0,0,0,0,0,0,5,139,57,431,57,431
2021S051647140003,0,0,0,0,0,0,0,0,0,0,0,0,0,0,0,0,0,0,0,0,0,0
2021S051647140004,1,3,0,0,0,0,0,0,0,0,0,0,0,0,0,0,0,0,0,0,0,0
2021S051647140005,2,385,0,0,0,0,0,0,0,0,0,0,0,0,0,0,0,0,0,0,0,0
2021S051647140006,0,0,0,0,0,0,0,0,0,0,0,0,0,0,0,0,0,0,0,0,0,0
2021S051647140007,517,4486,1,2,3,34,5,64,0,0,1,1,0,0,2,9,2,9,61,213,61,213
2021S051647140008,318,3906,0,0,2,9,4,63,0,0,3,49,0,0,0,0,0,0,20,85,22,119
2021S051647140010,0,0,0,0,0,0,0,0,0,0,0,0,0,0,0,0,0,0,0,0,0,0
2021S051647140011,0,0,0,0,0,0,0,0,0,0,0,0,0,0,0,0,0,0,0,0,0,0
2021S051647142000,0,0,0,0,0,0,0,0,0,0,0,0,0,0,0,0,0,0,0,0,0,0
2021S051647150002,0,0,0,0,0,0,0,0,0,0,0,0,0,0,0,0,0,0,0,0,0,0
2021S051647150003,0,0,0,0,0,0,0,0,0,0,0,0,0,0,0,0,0,0,0,0,0,0
2021S051647150004,30,198,0,0,1,6,1,6,0,0,0,0,0,0,0,0,2,48,6,57,6,57
2021S051647150005,0,0,0,0,0,0,0,0,0,0,0,0,0,0,0,0,0,0,0,0,0,0
2021S051647150006,82,846,0,0,0,0,0,0,0,0,0,0,0,0,0,0,0,0,4,6,4,6
2021S051647150007,50,426,0,0,0,0,0,0,0,0,0,0,0,0,0,0,0,0,1,1,1,1
2021S051647150008,193,3231,0,0,0,0,0,0,0,0,0,0,0,0,0,0,0,0,2,2,2,2
2021S051647150009,780,12997,0,0,2,7,1,4,0,0,1,7,0,0,1,7,6,134,28,233,28,233
2021S051647150011,225,5425,2,31,3,33,2,4,0,0,0,0,0,0,1,3,1,3,9,46,9,46
2021S051647150012,2,157,0,0,0,0,0,0,0,0,0,0,0,0,0,0,0,0,1,1,1,1
2021S051647150013,0,0,0,0,0,0,0,0,0,0,0,0,0,0,0,0,0,0,0,0,0,0
2021S051647150014,0,0,0,0,0,0,0,0,0,0,0,0,0,0,0,0,0,0,0,0,0,0
2021S051647150015,0,0,0,0,0,0,0,0,0,0,0,0,0,0,0,0,0,0,0,0,0,0
2021S051647150016,0,0,0,0,0,0,0,0,0,0,0,0,0,0,0,0,0,0,0,0,0,0
2021S051647150018,0,0,0,0,0,0,0,0,0,0,0,0,0,0,0,0,0,0,0,0,0,0
2021S051647150019,0,0,0,0,0,0,0,0,0,0,0,0,0,0,0,0,0,0,0,0,0,0
2021S051647150021,0,0,0,0,0,0,0,0,0,0,0,0,0,0,0,0,0,0,0,0,0,0
2021S051647150022,0,0,0,0,0,0,0,0,0,0,0,0,0,0,0,0,0,0,0,0,0,0
2021S051647150023,595,7923,10,563,13,562,15,634,1,7,2,13,1,35,1,13,2,16,77,1051,79,1060
2021S051647150024,0,0,0,0,0,0,0,0,0,0,0,0,0,0,0,0,0,0,0,0,0,0
2021S051647150025,0,0,0,0,0,0,0,0,0,0,0,0,0,0,0,0,0,0,0,0,0,0
2021S051647150903,498,5148,1,43,1,43,2,49,0,0,2,7,0,0,0,0,1,3,73,398,74,404
2021S051647152000,162,1843,0,0,0,0,1,12,0,0,2,15,0,0,0,0,0,0,29,58,30,70
2021S051647152001,39,281,0,0,0,0,0,0,0,0,0,0,0,0,0,0,0,0,4,7,4,7
2021S051647160002,0,0,0,0,0,0,0,0,0,0,0,0,0,0,0,0,0,0,0,0,0,0
2021S051647160003,0,0,0,0,0,0,0,0,0,0,0,0,0,0,0,0,0,0,0,0,0,0
2021S051647160004,0,0,0,0,0,0,0,0,0,0,0,0,0,0,0,0,0,0,0,0,0,0
2021S051647160005,249,2009,0,0,0,0,0,0,0,0,1,1,0,0,0,0,0,0,46,93,46,93
2021S051647160006,0,0,0,0,0,0,0,0,0,0,0,0,0,0,0,0,0,0,0,0,0,0
2021S051647160007,0,0,0,0,0,0,0,0,0,0,0,0,0,0,0,0,0,0,0,0,0,0
2021S051647160008,0,0,0,0,0,0,0,0,0,0,0,0,0,0,0,0,0,0,0,0,0,0
2021S051647160009,0,0,0,0,0,0,0,0,0,0,0,0,0,0,0,0,0,0,0,0,0,0
2021S051647160010,0,0,0,0,0,0,0,0,0,0,0,0,0,0,0,0,0,0,0,0,0,0
2021S051647160011,1,3,0,0,0,0,0,0,0,0,0,0,0,0,0,0,0,0,0,0,0,0
2021S051647160012,2,110,0,0,0,0,0,0,0,0,0,0,0,0,0,0,0,0,0,0,0,0
2021S051647160013,0,0,0,0,0,0,0,0,0,0,0,0,0,0,0,0,0,0,0,0,0,0
2021S051647160014,0,0,0,0,0,0,0,0,0,0,0,0,0,0,0,0,0,0,0,0,0,0
2021S051647160015,0,0,0,0,0,0,0,0,0,0,0,0,0,0,0,0,0,0,0,0,0,0
2021S051647160017,0,0,0,0,0,0,0,0,0,0,0,0,0,0,0,0,0,0,0,0,0,0
2021S051647160018,0,0,0,0,0,0,0,0,0,0,0,0,0,0,0,0,0,0,0,0,0,0
2021S051647160019,0,0,0,0,0,0,0,0,0,0,0,0,0,0,0,0,0,0,0,0,0,0
2021S051647160021,0,0,0,0,0,0,0,0,0,0,0,0,0,0,0,0,0,0,0,0,0,0
2021S051647160023,0,0,0,0,0,0,0,0,0,0,0,0,0,0,0,0,0,0,0,0,0,0
2021S051647160024,663,10850,0,0,6,63,5,77,3,42,3,42,0,0,0,0,1,7,36,163,36,163
2021S051647160025,0,0,0,0,0,0,0,0,0,0,0,0,0,0,0,0,0,0,0,0,0,0
2021S051647160026,0,0,0,0,0,0,0,0,0,0,0,0,0,0,0,0,0,0,0,0,0,0
2021S051647160608,381,4802,0,0,0,0,1,15,0,0,0,0,0,0,2,165,6,190,45,271,45,271
2021S051647170002,0,0,0,0,0,0,0,0,0,0,0,0,0,0,0,0,0,0,0,0,0,0
2021S051647170003,4,195,0,0,0,0,0,0,0,0,0,0,0,0,0,0,1,30,1,30,1,30
2021S051647170004,0,0,0,0,0,0,0,0,0,0,0,0,0,0,0,0,0,0,0,0,0,0
2021S051647170006,1,150,0,0,0,0,0,0,0,0,0,0,0,0,0,0,0,0,0,0,0,0
2021S051647170007,0,0,0,0,0,0,0,0,0,0,0,0,0,0,0,0,0,0,0,0,0,0
2021S051647170008,11,237,0,0,0,0,0,0,0,0,0,0,0,0,0,0,0,0,0,0,0,0
2021S051647170009,0,0,0,0,0,0,0,0,0,0,0,0,0,0,0,0,0,0,0,0,0,0
2021S051647170010,0,0,0,0,0,0,0,0,0,0,0,0,0,0,0,0,0,0,0,0,0,0
2021S051647170011,20,355,0,0,0,0,0,0,0,0,0,0,0,0,0,0,0,0,1,3,1,3
2021S051647170012,274,4828,0,0,0,0,1,12,0,0,2,15,0,0,1,150,1,150,14,296,15,308
2021S051647170013,0,0,0,0,0,0,0,0,0,0,0,0,0,0,0,0,0,0,0,0,0,0
2021S051647170014,0,0,0,0,0,0,0,0,0,0,0,0,0,0,0,0,0,0,0,0,0,0
2021S051647170016,0,0,0,0,0,0,0,0,0,0,0,0,0,0,0,0,0,0,0,0,0,0
2021S051647170017,16,1178,0,0,0,0,0,0,0,0,0,0,0,0,0,0,0,0,0,0,0,0
2021S051647170018,0,0,0,0,0,0,0,0,0,0,0,0,0,0,0,0,0,0,0,0,0,0
2021S051647170019,0,0,0,0,0,0,0,0,0,0,0,0,0,0,0,0,0,0,0,0,0,0
2021S051647170020,648,6544,1,3,0,0,2,40,0,0,5,45,0,0,0,0,0,0,47,187,47,187
2021S051647170021,2,18,0,0,0,0,0,0,0,0,0,0,0,0,0,0,0,0,0,0,0,0
2021S051647170022,0,0,0,0,0,0,0,0,0,0,0,0,0,0,0,0,0,0,0,0,0,0
2021S051647170024,11,33,0,0,0,0,0,0,0,0,0,0,0,0,0,0,0,0,5,11,5,11
2021S051647170025,0,0,0,0,0,0,0,0,0,0,0,0,0,0,0,0,0,0,0,0,0,0
2021S051647170026,0,0,0,0,0,0,0,0,0,0,0,0,0,0,0,0,0,0,0,0,0,0
2021S051647170027,0,0,0,0,0,0,0,0,0,0,0,0,0,0,0,0,0,0,0,0,0,0
2021S051647170028,0,0,0,0,0,0,0,0,0,0,0,0,0,0,0,0,0,0,0,0,0,0
2021S051647170602,462,3944,0,0,1,3,2,10,1,3,4,22,0,0,1,35,3,45,61,180,61,180
2021S051647170904,90,797,0,0,1,3,1,3,0,0,0,0,0,0,0,0,0,0,10,23,10,23
2021S051647180001,155,2292,0,0,0,0,1,7,0,0,0,0,0,0,1,7,1,7,4,13,4,13
2021S051647180003,8,156,0,0,0,0,0,0,0,0,0,0,0,0,0,0,0,0,0,0,0,0
2021S051647180006,0,0,0,0,0,0,0,0,0,0,0,0,0,0,0,0,0,0,0,0,0,0
2021S051647180007,13,446,0,0,0,0,0,0,0,0,0,0,0,0,0,0,0,0,0,0,0,0
2021S051647180008,0,0,0,0,0,0,0,0,0,0,0,0,0,0,0,0,0,0,0,0,0,0
2021S051647180009,6,353,0,0,0,0,0,0,0,0,1,44,0,0,0,0,0,0,0,0,1,44
2021S051647180010,4,72,0,0,0,0,0,0,0,0,0,0,0,0,0,0,0,0,0,0,0,0
2021S051647180011,18,254,0,0,0,0,0,0,0,0,0,0,0,0,0,0,0,0,0,0,0,0
2021S051647180012,0,0,0,0,0,0,0,0,0,0,0,0,0,0,0,0,0,0,0,0,0,0
2021S051647180013,0,0,0,0,0,0,0,0,0,0,0,0,0,0,0,0,0,0,0,0,0,0
2021S051647180014,4,207,0,0,0,0,0,0,0,0,0,0,0,0,0,0,0,0,0,0,0,0
2021S051647180015,0,0,0,0,0,0,0,0,0,0,0,0,0,0,0,0,0,0,0,0,0,0
2021S051647180016,0,0,0,0,0,0,0,0,0,0,0,0,0,0,0,0,0,0,0,0,0,0
2021S051647180017,0,0,0,0,0,0,0,0,0,0,0,0,0,0,0,0,0,0,0,0,0,0
2021S051647180018,0,0,0,0,0,0,0,0,0,0,0,0,0,0,0,0,0,0,0,0,0,0
2021S051647180019,5,210,0,0,0,0,0,0,0,0,0,0,0,0,0,0,0,0,0,0,0,0
2021S051647180020,2,22,0,0,0,0,0,0,0,0,0,0,0,0,0,0,0,0,0,0,0,0
2021S051647180021,0,0,0,0,0,0,0,0,0,0,0,0,0,0,0,0,0,0,0,0,0,0
2021S051647180022,0,0,0,0,0,0,0,0,0,0,0,0,0,0,0,0,0,0,0,0,0,0
2021S051647180023,12,502,0,0,0,0,0,0,0,0,1,87,0,0,0,0,0,0,0,0,1,87
2021S051647180024,0,0,0,0,0,0,0,0,0,0,0,0,0,0,0,0,0,0,0,0,0,0
2021S051647180025,0,0,0,0,0,0,0,0,0,0,0,0,0,0,0,0,0,0,0,0,0,0
2021S051647180026,0,0,0,0,0,0,0,0,0,0,0,0,0,0,0,0,0,0,0,0,0,0
2021S051647180028,0,0,0,0,0,0,0,0,0,0,0,0,0,0,0,0,0,0,0,0,0,0
2021S051647180029,120,3511,0,0,0,0,0,0,0,0,1,1,0,0,0,0,0,0,1,1,2,2
2021S051647180030,0,0,0,0,0,0,0,0,0,0,0,0,0,0,0,0,0,0,0,0,0,0
2021S051647180032,7,65,0,0,0,0,0,0,0,0,0,0,0,0,0,0,0,0,1,7,1,7
2021S051647180033,0,0,0,0,0,0,0,0,0,0,0,0,0,0,0,0,0,0,0,0,0,0
2021S051647180034,0,0,0,0,0,0,0,0,0,0,0,0,0,0,0,0,0,0,0,0,0,0
2021S051647180035,0,0,0,0,0,0,0,0,0,0,0,0,0,0,0,0,0,0,0,0,0,0
2021S051647180036,0,0,0,0,0,0,0,0,0,0,0,0,0,0,0,0,0,0,0,0,0,0
2021S051647180037,0,0,0,0,0,0,0,0,0,0,0,0,0,0,0,0,0,0,0,0,0,0
2021S051647180039,5,194,0,0,0,0,0,0,0,0,0,0,0,0,0,0,0,0,0,0,0,0
2021S051647180040,0,0,0,0,0,0,0,0,0,0,0,0,0,0,0,0,0,0,0,0,0,0
2021S051647180041,0,0,0,0,0,0,0,0,0,0,0,0,0,0,0,0,0,0,0,0,0,0
2021S051647180042,13,95,0,0,0,0,0,0,0,0,0,0,0,0,0,0,0,0,2,8,2,8
2021S051647180043,0,0,0,0,0,0,0,0,0,0,0,0,0,0,0,0,0,0,0,0,0,0
2021S051647180044,3,660,0,0,0,0,0,0,0,0,0,0,0,0,0,0,0,0,0,0,0,0
2021S051647180045,0,0,0,0,0,0,0,0,0,0,0,0,0,0,0,0,0,0,0,0,0,0
2021S051647180046,0,0,0,0,0,0,0,0,0,0,0,0,0,0,0,0,0,0,0,0,0,0
2021S051647180047,0,0,0,0,0,0,0,0,0,0,0,0,0,0,0,0,0,0,0,0,0,0
2021S051647180048,0,0,0,0,0,0,0,0,0,0,0,0,0,0,0,0,0,0,0,0,0,0
2021S051647180049,0,0,0,0,0,0,0,0,0,0,0,0,0,0,0,0,0,0,0,0,0,0
2021S051647180050,0,0,0,0,0,0,0,0,0,0,0,0,0,0,0,0,0,0,0,0,0,0
2021S051647180051,0,0,0,0,0,0,0,0,0,0,0,0,0,0,0,0,0,0,0,0,0,0
2021S051647180052,0,0,0,0,0,0,0,0,0,0,0,0,0,0,0,0,0,0,0,0,0,0
2021S051648010001,284,3115,0,0,0,0,1,14,0,0,4,5,0,0,1,14,1,14,46,130,46,130
2021S051648010002,272,2255,0,0,0,0,1,11,0,0,2,28,0,0,0,0,0,0,35,150,35,150
2021S051648010003,213,4125,1,90,3,22,2,16,0,0,3,42,0,0,0,0,0,0,12,174,13,188
2021S051648010004,224,3809,0,0,2,4,3,40,0,0,2,20,0,0,1,26,2,29,12,72,13,86
2021S051648010006,158,1018,0,0,1,30,1,30,1,30,1,30,0,0,0,0,0,0,2,32,2,32
2021S051648010007,955,15020,2,4,6,59,7,148,0,0,8,292,0,0,3,43,4,50,43,838,45,941
2021S051648010008,428,6208,0,0,0,0,0,0,0,0,0,0,0,0,0,0,0,0,5,12,5,12
2021S051648010009,163,1228,0,0,0,0,1,6,0,0,3,7,0,0,0,0,0,0,6,16,6,16
2021S051648010011,346,4072,0,0,0,0,0,0,0,0,2,3,0,0,0,0,0,0,5,8,5,8
2021S051648020001,308,1959,2,47,3,74,1,30,1,30,1,30,0,0,0,0,0,0,63,254,63,254
2021S051648020002,672,9703,0,0,3,20,6,67,1,13,7,30,0,0,0,0,0,0,30,358,31,361
2021S051648020003,384,3303,0,0,2,16,3,23,1,13,5,80,0,0,1,7,1,7,65,346,66,349
2021S051648020004,338,3730,3,17,2,12,3,45,0,0,2,34,0,0,0,0,0,0,66,390,67,423
2021S051648020005,8,40,0,0,0,0,0,0,0,0,0,0,0,0,0,0,1,3,3,6,3,6
2021S051648020006,60,420,0,0,0,0,0,0,0,0,0,0,0,0,0,0,0,0,9,25,9,25
2021S051648020007,208,2702,2,9,3,11,3,39,0,0,0,0,0,0,0,0,1,35,44,536,44,536
2021S051648020008,66,1228,0,0,0,0,0,0,0,0,0,0,0,0,0,0,1,7,6,53,6,53
2021S051648020011,119,1322,0,0,0,0,1,7,0,0,0,0,0,0,0,0,0,0,2,9,2,9
2021S051648020015,279,4304,0,0,0,0,2,6,0,0,2,4,0,0,0,0,0,0,5,10,5,10
2021S051648020016,286,3609,1,142,1,1,1,7,0,0,2,8,1,142,0,0,1,74,29,354,30,361
2021S051648020017,100,1019,0,0,0,0,0,0,0,0,0,0,0,0,0,0,0,0,0,0,0,0
2021S051648020019,427,6791,1,7,0,0,1,24,0,0,3,15,1,7,0,0,0,0,27,301,27,301
2021S051648020020,189,1701,0,0,1,3,1,3,1,3,1,3,0,0,0,0,0,0,27,87,27,87
2021S051648020021,169,1853,0,0,1,2,1,2,0,0,0,0,0,0,0,0,0,0,3,12,3,12
2021S051648020024,157,2184,1,6,1,6,1,6,0,0,0,0,0,0,0,0,0,0,2,10,2,10
2021S051648020026,281,4385,0,0,2,5,1,3,1,3,1,3,0,0,0,0,0,0,6,10,6,10
2021S051648020027,162,1710,0,0,0,0,0,0,0,0,1,27,0,0,0,0,0,0,2,28,2,28
2021S051648020028,215,4083,2,8,4,25,1,3,0,0,1,2,0,0,0,0,2,38,13,112,14,115
2021S051648020029,986,16575,2,75,8,104,6,94,1,3,2,6,0,0,1,3,2,9,28,235,29,242
2021S051648020030,225,1993,0,0,0,0,0,0,0,0,0,0,0,0,0,0,1,3,5,9,5,9
2021S051648020031,801,16720,2,54,9,545,15,919,1,3,9,252,0,0,1,34,5,79,51,933,56,1460
2021S051648030004,12,359,0,0,0,0,0,0,0,0,0,0,0,0,0,0,0,0,0,0,0,0
2021S051648030005,18,1275,0,0,0,0,0,0,0,0,0,0,0,0,0,0,0,0,1,6,1,6
2021S051648030007,0,0,0,0,0,0,0,0,0,0,0,0,0,0,0,0,0,0,0,0,0,0
2021S051648030008,0,0,0,0,0,0,0,0,0,0,0,0,0,0,0,0,0,0,0,0,0,0
2021S051648030009,623,8511,1,2,3,172,3,172,0,0,4,180,0,0,2,179,3,214,82,635,84,781
2021S051648030904,368,3979,0,0,5,11,4,11,2,6,5,21,0,0,2,6,2,6,40,110,40,110
2021S051648030905,299,3908,0,0,3,50,3,50,0,0,2,18,0,0,1,15,2,18,37,178,39,196
2021S051648040002,521,4963,2,31,0,0,2,4,0,0,6,118,0,0,0,0,0,0,90,272,91,378
2021S051648050001,539,5371,3,32,5,36,7,76,0,0,4,4,1,2,1,7,1,7,74,389,75,392
2021S051648050002,352,3006,2,4,4,10,5,15,2,6,8,339,0,0,1,15,3,97,65,580,65,580
2021S051648050003,261,3494,0,0,1,3,3,9,0,0,4,4,0,0,1,3,1,3,22,41,22,41
2021S051648050004,500,7126,3,25,5,16,7,52,1,3,3,11,3,26,0,0,0,0,33,198,35,219
2021S051648050005,10,1219,0,0,0,0,0,0,0,0,0,0,0,0,0,0,0,0,1,2,1,2
2021S051648050006,286,2475,0,0,1,2,0,0,0,0,1,1,0,0,0,0,0,0,41,125,41,125
2021S051648060003,554,6935,1,2,4,36,5,147,2,33,7,46,1,79,0,0,2,9,38,306,38,306
2021S051648060008,495,11064,5,356,8,116,16,810,3,14,6,157,1,84,1,73,2,76,35,902,41,1258
2021S051648060009,797,7637,3,7,6,17,3,9,0,0,4,6,0,0,0,0,0,0,29,115,29,115
2021S051648060012,435,3127,1,7,2,8,1,2,0,0,5,5,1,2,0,0,0,0,25,61,25,61
2021S051648060015,579,10835,6,253,7,97,6,71,0,0,3,20,0,0,1,26,2,40,23,351,26,403
2021S051648060018,145,1653,2,5,1,3,1,3,0,0,1,2,0,0,1,3,1,3,6,25,6,25
2021S051648060020,190,1358,0,0,0,0,1,3,0,0,0,0,0,0,1,3,1,3,1,3,1,3
2021S051648060022,219,1496,0,0,0,0,0,0,0,0,1,1,0,0,0,0,0,0,2,2,2,2
2021S051648060024,153,951,0,0,0,0,0,0,0,0,2,2,0,0,0,0,0,0,3,4,3,4
2021S051648060026,200,1295,1,2,1,2,1,2,0,0,1,1,0,0,0,0,0,0,5,17,5,17
2021S051648060027,169,771,1,2,1,2,1,2,0,0,0,0,0,0,0,0,0,0,2,4,2,4
2021S051648060028,260,4740,0,0,0,0,0,0,0,0,1,1,0,0,0,0,0,0,4,10,4,10
2021S051648060029,284,1560,0,0,0,0,1,3,0,0,4,5,0,0,1,3,3,12,10,22,10,22
2021S051648060030,181,1142,0,0,0,0,0,0,0,0,1,1,0,0,0,0,0,0,4,31,4,31
2021S051648060031,154,957,0,0,0,0,0,0,0,0,3,3,0,0,0,0,1,3,4,6,4,6
2021S051648060032,87,373,0,0,0,0,0,0,0,0,0,0,0,0,0,0,0,0,2,3,2,3
2021S051648060034,217,1354,0,0,2,4,1,2,0,0,1,2,0,0,0,0,0,0,4,10,4,10
2021S051648060037,149,687,0,0,0,0,1,2,0,0,0,0,0,0,0,0,0,0,1,2,1,2
2021S051648060038,210,1744,0,0,0,0,0,0,0,0,1,1,0,0,0,0,0,0,2,24,2,24
2021S051648060039,307,2881,0,0,0,0,0,0,0,0,4,6,0,0,0,0,0,0,6,13,6,13
2021S051648060040,199,821,0,0,1,2,0,0,0,0,1,1,0,0,0,0,0,0,3,7,3,7
2021S051648060042,69,463,0,0,0,0,0,0,0,0,0,0,0,0,0,0,0,0,0,0,0,0
2021S051648060043,233,1542,0,0,1,3,1,3,1,3,2,4,0,0,0,0,1,3,3,7,3,7
2021S051648060045,142,730,0,0,1,1,0,0,0,0,1,1,0,0,0,0,0,0,3,5,3,5
2021S051648060046,183,1064,0,0,0,0,0,0,0,0,2,2,0,0,1,3,1,3,4,7,4,7
2021S051648060048,165,1993,0,0,1,2,1,2,0,0,0,0,0,0,0,0,0,0,2,5,2,5
2021S051648060050,391,4993,0,0,1,3,1,3,0,0,2,2,0,0,0,0,0,0,6,12,6,12
2021S051648060051,241,3094,1,2,3,8,2,6,2,6,2,6,0,0,0,0,0,0,4,9,4,9
2021S051648060052,201,2390,1,3,1,3,0,0,0,0,0,0,0,0,0,0,0,0,4,8,4,8
2021S051648060053,75,1155,0,0,0,0,0,0,1,3,0,0,0,0,0,0,0,0,3,9,3,9
2021S051648060054,106,933,0,0,0,0,0,0,0,0,0,0,0,0,0,0,1,6,1,6,1,6
2021S051648060055,56,1871,0,0,0,0,1,6,0,0,0,0,0,0,0,0,0,0,2,8,2,8
2021S051648060056,372,4460,0,0,1,2,0,0,0,0,5,8,0,0,0,0,0,0,10,25,10,25
2021S051648060057,143,1017,0,0,0,0,1,3,0,0,0,0,0,0,1,3,1,3,1,3,1,3
2021S051648060058,149,943,0,0,0,0,0,0,0,0,0,0,0,0,0,0,0,0,1,13,1,13
2021S051648060061,300,3857,0,0,0,0,0,0,0,0,1,3,0,0,0,0,0,0,4,19,4,19
2021S051648060065,293,2109,1,3,1,3,1,3,0,0,2,2,0,0,0,0,0,0,5,7,5,7
2021S051648060066,259,1673,0,0,1,3,1,3,0,0,1,1,0,0,0,0,0,0,3,6,3,6
2021S051648060068,409,5453,2,38,7,55,3,51,0,0,3,23,0,0,1,35,4,63,18,172,20,193
2021S051648060070,99,604,0,0,0,0,0,0,0,0,0,0,0,0,0,0,0,0,0,0,0,0
2021S051648060071,92,396,0,0,0,0,0,0,0,0,0,0,0,0,0,0,0,0,0,0,0,0
2021S051648060072,226,1309,0,0,0,0,0,0,0,0,0,0,0,0,0,0,0,0,1,1,1,1
2021S051648060073,346,2686,2,4,0,0,1,1,0,0,1,1,0,0,0,0,0,0,5,8,5,8
2021S051648060074,478,4170,0,0,0,0,0,0,0,0,0,0,0,0,0,0,0,0,4,12,4,12
2021S051648060075,91,853,0,0,0,0,0,0,0,0,0,0,0,0,0,0,1,7,1,7,1,7
2021S051648060077,89,622,0,0,0,0,0,0,0,0,1,1,0,0,0,0,0,0,1,1,1,1
2021S051648060078,261,1315,0,0,1,2,1,2,0,0,2,2,0,0,0,0,0,0,5,8,5,8
2021S051648060079,474,6289,0,0,3,5,0,0,0,0,2,5,0,0,0,0,0,0,9,26,9,26
2021S051648060080,71,341,1,2,1,2,1,2,0,0,0,0,0,0,0,0,0,0,1,2,1,2
2021S051648060081,517,4480,0,0,2,4,0,0,0,0,3,10,0,0,0,0,1,3,9,22,9,22
2021S051648060082,295,2841,0,0,0,0,1,2,0,0,2,3,0,0,0,0,0,0,8,14,8,14
2021S051648060083,235,1965,0,0,0,0,1,5,0,0,2,3,0,0,0,0,0,0,7,21,7,21
2021S051648060084,68,384,0,0,0,0,0,0,0,0,0,0,0,0,0,0,0,0,1,2,1,2
2021S051648060085,296,2994,0,0,0,0,1,3,0,0,1,1,0,0,1,3,1,3,4,7,4,7
2021S051648060086,307,3253,0,0,3,13,0,0,0,0,1,1,0,0,0,0,0,0,8,25,8,25
2021S051648060087,101,679,0,0,0,0,0,0,0,0,0,0,0,0,0,0,0,0,0,0,0,0
2021S051648060088,84,607,0,0,0,0,0,0,0,0,0,0,0,0,0,0,0,0,0,0,0,0
2021S051648060089,332,3915,0,0,2,5,2,5,1,3,3,5,0,0,0,0,0,0,6,13,6,13
2021S051648060090,367,5427,0,0,1,4,1,4,0,0,0,0,0,0,0,0,0,0,5,12,5,12
2021S051648060091,52,236,0,0,1,3,1,3,1,3,1,3,0,0,0,0,0,0,1,3,1,3
2021S051648060092,107,1314,1,2,1,2,0,0,0,0,1,1,0,0,0,0,0,0,4,23,4,23
2021S051648060093,201,4676,4,196,5,210,4,160,0,0,2,47,0,0,1,3,1,3,16,422,18,469
2021S051648060094,91,405,0,0,0,0,0,0,0,0,1,1,0,0,0,0,1,3,2,4,2,4
2021S051648060096,241,1913,0,0,2,36,1,34,0,0,1,34,0,0,0,0,1,3,4,11,5,45
2021S051648060098,367,5559,0,0,1,3,1,2,0,0,4,11,0,0,0,0,1,6,9,24,10,27
2021S051648060099,615,18078,5,88,8,56,6,64,3,52,4,46,0,0,2,38,3,45,32,476,32,476
2021S051648060100,276,3023,0,0,0,0,0,0,0,0,3,3,0,0,0,0,0,0,3,3,3,3
2021S051648060103,211,2239,0,0,1,2,1,2,0,0,0,0,0,0,0,0,1,7,3,10,3,10
2021S051648060104,973,21499,0,0,2,4,2,10,0,0,10,116,0,0,0,0,0,0,23,327,23,327
2021S051648060105,203,2446,0,0,1,3,1,3,0,0,0,0,0,0,0,0,0,0,1,3,1,3
2021S051648060106,2165,47483,16,887,36,1266,32,1332,5,41,16,483,2,8,6,139,10,309,112,2764,118,3187
2021S051648060108,157,1466,0,0,0,0,1,3,0,0,0,0,0,0,1,3,1,3,2,4,2,4
2021S051648060112,588,3932,1,2,3,6,2,5,0,0,0,0,0,0,0,0,0,0,8,26,8,26
2021S051648060113,71,317,0,0,0,0,0,0,0,0,0,0,0,0,0,0,0,0,2,3,2,3
2021S051648060114,70,1025,0,0,0,0,1,3,0,0,1,3,0,0,0,0,0,0,0,0,1,3
2021S051648060116,47,265,0,0,1,3,1,3,1,3,1,3,0,0,0,0,0,0,1,3,1,3
2021S051648060117,64,276,0,0,0,0,0,0,0,0,0,0,0,0,0,0,0,0,1,2,1,2
2021S051648060118,257,2053,0,0,0,0,0,0,0,0,1,1,0,0,0,0,0,0,6,17,6,17
2021S051648060119,128,1358,0,0,0,0,0,0,0,0,0,0,0,0,0,0,0,0,1,1,1,1
2021S051648060120,448,6899,0,0,0,0,0,0,0,0,3,44,0,0,0,0,1,7,7,62,7,62
2021S051648060121,263,3807,0,0,1,32,3,68,0,0,1,33,0,0,0,0,0,0,7,76,7,76
2021S051648060122,166,1221,0,0,3,6,1,3,0,0,1,3,0,0,0,0,0,0,5,12,6,15
2021S051648060123,110,1034,0,0,0,0,0,0,0,0,0,0,0,0,0,0,0,0,1,4,1,4
2021S051648060124,419,8667,7,357,9,183,7,185,2,112,5,439,0,0,1,7,6,58,30,1036,32,1123
2021S051648060125,265,4832,0,0,0,0,0,0,0,0,2,2,0,0,0,0,0,0,5,10,5,10
2021S051648060127,508,10802,4,13,9,320,11,436,1,26,9,293,1,19,4,187,13,405,58,991,61,1176
2021S051648060129,938,25895,7,525,12,179,11,502,1,55,4,26,2,36,2,6,8,70,43,657,47,1028
2021S051648060130,503,9644,3,93,4,29,3,16,1,6,2,9,2,74,0,0,1,15,16,156,16,156
2021S051648060131,2235,62347,30,981,64,2008,80,2192,12,296,52,1855,2,60,7,322,19,886,192,5145,221,6134
2021S051648060132,186,1290,0,0,2,4,0,0,0,0,1,1,0,0,0,0,1,3,7,20,7,20
2021S051648060133,319,5235,0,0,1,2,0,0,0,0,1,2,0,0,0,0,1,15,7,26,7,26
2021S051648060134,106,598,0,0,0,0,0,0,0,0,0,0,0,0,0,0,0,0,0,0,0,0
2021S051648060135,555,10706,0,0,1,3,0,0,0,0,1,1,0,0,0,0,0,0,5,24,5,24
2021S051648060136,121,947,0,0,0,0,0,0,0,0,0,0,0,0,1,3,2,6,3,7,3,7
2021S051648060137,228,1946,0,0,0,0,0,0,0,0,1,1,0,0,0,0,0,0,1,1,1,1
2021S051648060138,145,1473,0,0,0,0,0,0,0,0,2,4,0,0,0,0,0,0,3,6,3,6
2021S051648060139,206,1102,0,0,1,2,1,33,0,0,3,36,0,0,0,0,1,3,6,10,7,43
2021S051648060140,141,934,0,0,0,0,0,0,0,0,0,0,0,0,0,0,1,3,2,5,2,5
2021S051648060141,323,4669,1,6,4,13,2,8,0,0,6,487,0,0,0,0,0,0,11,502,11,502
2021S051648060143,478,9655,3,26,5,57,5,37,0,0,2,16,1,2,0,0,0,0,13,102,14,117
2021S051648060144,104,452,0,0,0,0,0,0,0,0,0,0,0,0,0,0,0,0,2,2,2,2
2021S051648060145,140,720,0,0,1,2,0,0,0,0,0,0,0,0,0,0,0,0,4,11,4,11
2021S051648060147,292,2921,1,12,3,5,2,4,0,0,1,1,0,0,1,3,2,6,9,26,9,26
2021S051648060148,113,1250,0,0,0,0,0,0,0,0,0,0,0,0,0,0,1,7,2,9,2,9
2021S051648060149,98,784,0,0,1,2,0,0,0,0,0,0,0,0,0,0,0,0,1,2,1,2
2021S051648060150,189,1462,0,0,1,3,2,6,0,0,0,0,0,0,1,3,1,3,2,6,2,6
2021S051648060151,143,689,0,0,0,0,0,0,0,0,1,3,0,0,0,0,1,3,2,6,2,6
2021S051648060152,77,722,0,0,1,2,1,2,0,0,1,1,0,0,0,0,0,0,3,9,3,9
2021S051648060153,113,647,0,0,0,0,2,6,0,0,2,6,0,0,0,0,0,0,1,3,2,6
2021S051648060154,417,9245,0,0,1,2,0,0,0,0,2,3,0,0,0,0,0,0,9,57,9,57
2021S051648060155,131,549,0,0,0,0,0,0,0,0,1,1,0,0,0,0,0,0,1,1,1,1
2021S051648060158,176,796,0,0,1,2,1,2,0,0,2,2,0,0,0,0,0,0,3,4,3,4
2021S051648060160,219,1093,0,0,0,0,0,0,0,0,1,1,0,0,0,0,0,0,3,6,3,6
2021S051648060162,161,2051,0,0,1,7,1,7,0,0,1,1,0,0,0,0,1,7,5,15,5,15
2021S051648060163,135,828,0,0,0,0,0,0,0,0,0,0,0,0,0,0,0,0,0,0,0,0
2021S051648060168,96,1107,0,0,2,4,2,10,1,3,2,10,0,0,0,0,0,0,5,9,6,16
2021S051648060169,71,684,1,2,2,5,1,3,0,0,2,4,0,0,0,0,0,0,4,32,5,35
2021S051648060173,30,170,0,0,0,0,0,0,0,0,0,0,0,0,0,0,0,0,2,6,2,6
2021S051648060174,546,8044,2,5,5,42,3,47,1,30,5,51,1,3,1,34,2,37,35,257,36,271
2021S051648060175,0,0,0,0,0,0,0,0,0,0,0,0,0,0,0,0,0,0,0,0,0,0
2021S051648060211,630,6023,2,10,2,10,2,5,0,0,6,37,0,0,4,345,9,424,57,610,58,613
2021S051648060215,282,2642,0,0,2,17,3,63,0,0,5,11,0,0,0,0,0,0,29,152,29,152
2021S051648060217,231,1640,0,0,1,2,1,15,0,0,1,1,0,0,0,0,0,0,5,22,5,22
2021S051648060218,363,4029,0,0,2,2,0,0,0,0,2,2,0,0,1,7,1,7,7,18,7,18
2021S051648060219,362,5186,0,0,1,6,1,6,1,6,2,7,0,0,0,0,0,0,3,11,3,11
2021S051648060220,177,1138,1,8,1,8,1,2,0,0,1,1,0,0,1,3,1,3,5,16,5,16
2021S051648060221,812,14512,3,7,7,96,13,343,2,16,11,288,0,0,5,97,5,97,66,704,71,949
2021S051648060222,427,3303,0,0,3,36,4,25,1,13,4,35,0,0,2,18,3,21,38,154,39,157
2021S051648060223,564,5411,2,48,6,53,2,11,1,3,8,30,0,0,1,145,2,152,26,272,26,272
2021S051648060224,364,5099,3,41,5,60,4,58,1,13,3,19,0,0,1,325,1,325,9,397,9,397
2021S051648060225,783,8278,0,0,1,3,1,3,0,0,1,3,0,0,1,3,1,3,9,82,10,85
2021S051648060226,425,2529,0,0,0,0,0,0,0,0,0,0,0,0,0,0,0,0,1,1,1,1
2021S051648060227,120,536,0,0,0,0,0,0,0,0,0,0,0,0,0,0,0,0,2,3,2,3
2021S051648060228,320,1951,0,0,1,4,1,4,0,0,0,0,0,0,0,0,0,0,6,24,6,24
2021S051648060229,230,2619,0,0,0,0,0,0,0,0,0,0,0,0,0,0,0,0,4,31,4,31
2021S051648060230,168,947,1,3,1,3,1,3,0,0,0,0,0,0,0,0,0,0,2,9,2,9
2021S051648060231,4434,91885,22,432,58,1368,45,1391,7,199,29,559,2,5,11,441,22,975,170,4176,181,4451
2021S051648060232,190,1062,1,2,1,2,0,0,0,0,0,0,0,0,0,0,0,0,2,4,2,4
2021S051648060233,191,2306,0,0,0,0,1,2,0,0,1,7,0,0,0,0,0,0,2,9,2,9
2021S051648060234,226,1595,0,0,1,2,0,0,0,0,3,5,0,0,0,0,0,0,5,14,5,14
2021S051648060235,277,3391,0,0,3,17,2,10,1,3,3,11,0,0,0,0,0,0,5,27,6,34
2021S051648060236,227,1240,0,0,0,0,0,0,0,0,0,0,0,0,0,0,0,0,1,2,1,2
2021S051648060237,685,5108,0,0,0,0,1,2,0,0,3,6,0,0,0,0,0,0,8,21,8,21
2021S051648060238,226,1504,0,0,0,0,0,0,0,0,2,3,0,0,0,0,0,0,5,9,5,9
2021S051648060239,233,1254,0,0,0,0,0,0,0,0,0,0,0,0,0,0,1,7,2,10,2,10
2021S051648060240,474,8205,1,3,2,7,1,4,0,0,1,1,0,0,0,0,0,0,5,11,5,11
2021S051648060241,204,920,0,0,0,0,0,0,0,0,0,0,0,0,0,0,0,0,0,0,0,0
2021S051648060242,242,1038,0,0,0,0,0,0,0,0,0,0,0,0,0,0,0,0,0,0,0,0
2021S051648060243,177,1177,0,0,0,0,0,0,0,0,1,1,0,0,0,0,0,0,1,1,1,1
2021S051648060244,3860,131967,4,112,13,180,9,80,1,3,62,2995,0,0,0,0,0,0,116,3384,118,3414
2021S051648060245,284,1691,0,0,0,0,1,2,0,0,1,1,0,0,0,0,0,0,6,14,6,14
2021S051648060246,351,6230,0,0,2,6,0,0,0,0,4,12,0,0,0,0,0,0,8,69,8,69
2021S051648060247,579,6662,1,12,1,12,2,15,0,0,3,3,0,0,0,0,0,0,8,33,8,33
2021S051648060248,450,11909,1,40,1,40,1,3,0,0,2,3,0,0,0,0,0,0,9,67,9,67
2021S051648060249,127,1069,0,0,0,0,1,7,0,0,2,2,0,0,0,0,0,0,3,9,3,9
2021S051648060250,439,10565,0,0,0,0,0,0,0,0,1,1,0,0,0,0,0,0,10,443,10,443
2021S051648060251,405,2653,0,0,1,3,2,6,1,3,3,5,0,0,0,0,0,0,7,14,7,14
2021S051648060252,350,3032,1,7,4,11,4,153,2,10,5,151,0,0,1,34,2,37,17,90,19,233
2021S051648060253,302,2859,1,2,1,2,1,3,0,0,1,3,0,0,0,0,0,0,4,7,5,10
2021S051648060254,211,1946,0,0,1,3,1,3,0,0,1,1,0,0,0,0,0,0,2,4,2,4
2021S051648060255,184,1339,0,0,1,3,0,0,0,0,3,3,0,0,0,0,0,0,5,7,5,7
2021S051648060256,198,838,0,0,0,0,0,0,0,0,0,0,0,0,0,0,0,0,1,2,1,2
2021S051648060257,190,2729,0,0,0,0,0,0,0,0,0,0,0,0,0,0,1,7,1,7,1,7
2021S051648060258,215,1261,1,1,2,5,1,3,0,0,1,3,0,0,0,0,0,0,2,3,3,6
2021S051648060259,227,1161,1,2,1,2,1,2,0,0,0,0,0,0,0,0,0,0,3,5,3,5
2021S051648060260,186,1002,0,0,1,2,2,4,0,0,0,0,0,0,0,0,0,0,2,4,2,4
2021S051648060261,467,3558,1,2,3,6,2,4,0,0,2,3,0,0,0,0,0,0,7,13,7,13
2021S051648060262,839,7689,0,0,1,17,1,17,0,0,2,2,0,0,0,0,0,0,6,36,6,36
2021S051648060263,350,2598,1,3,2,6,2,6,1,3,3,6,0,0,0,0,0,0,6,13,6,13
2021S051648060264,668,8019,5,12,9,22,9,24,0,0,4,8,0,0,1,3,1,3,37,126,38,129
2021S051648060265,246,1482,1,1,2,2,0,0,0,0,0,0,0,0,0,0,1,3,6,9,6,9
2021S051648060266,313,4137,0,0,3,19,3,34,1,13,3,15,0,0,0,0,0,0,9,47,9,47
2021S051648070001,513,4202,0,0,2,17,2,18,0,0,2,4,0,0,0,0,2,6,64,266,64,266
2021S051648070002,154,978,0,0,1,1,0,0,0,0,2,16,0,0,0,0,0,0,24,75,24,75
2021S051648070004,387,5189,0,0,2,8,0,0,0,0,3,10,0,0,0,0,0,0,21,113,21,113
2021S051648070005,559,4785,1,24,2,27,3,32,1,3,6,23,0,0,0,0,0,0,57,192,57,192
2021S051648070006,431,4897,2,16,4,33,8,127,0,0,1,14,1,2,1,3,1,3,25,158,26,172
2021S051648070007,169,918,1,2,0,0,2,6,0,0,5,9,0,0,0,0,0,0,41,97,42,100
2021S051648080001,308,3006,1,4,4,17,3,16,2,12,4,28,0,0,0,0,0,0,24,74,24,74
2021S051648080002,0,0,0,0,0,0,0,0,0,0,0,0,0,0,0,0,0,0,0,0,0,0
2021S051648080003,475,4014,2,27,5,36,10,109,1,3,6,27,1,2,0,0,1,3,82,348,84,354
2021S051648080004,0,0,0,0,0,0,0,0,0,0,0,0,0,0,0,0,0,0,0,0,0,0
2021S051648080005,0,0,0,0,0,0,0,0,0,0,0,0,0,0,0,0,0,0,0,0,0,0
2021S051648080006,475,5796,1,3,7,28,7,170,1,3,7,186,0,0,1,7,2,10,42,184,45,339
2021S051648080007,682,10005,4,51,12,99,9,136,2,12,8,106,0,0,4,115,6,157,74,1023,74,1023
2021S051648080008,187,1376,0,0,1,6,1,6,1,6,2,7,0,0,0,0,0,0,32,135,32,135
2021S051648080010,496,5443,3,58,4,49,3,20,0,0,3,3,1,14,0,0,1,7,18,116,18,116
2021S051648080011,245,3343,2,26,4,104,7,182,1,3,2,6,0,0,0,0,2,50,21,442,22,445
2021S051648080012,333,2730,1,3,2,9,5,83,0,0,4,18,0,0,0,0,1,7,53,235,55,241
2021S051648080013,1033,21599,9,207,15,150,14,157,3,15,11,125,2,68,2,18,3,33,52,596,53,603
2021S051648080014,110,946,0,0,0,0,0,0,0,0,0,0,0,0,0,0,0,0,1,2,1,2
2021S051648080017,75,680,0,0,0,0,0,0,0,0,0,0,0,0,0,0,0,0,0,0,0,0
2021S051648080018,99,1838,0,0,0,0,0,0,0,0,0,0,0,0,0,0,0,0,1,3,1,3
2021S051648080019,273,4134,0,0,0,0,1,3,0,0,0,0,0,0,0,0,0,0,1,3,1,3
2021S051648080020,394,6439,0,0,0,0,0,0,0,0,1,1,0,0,0,0,0,0,3,29,3,29
2021S051648080021,107,693,0,0,0,0,0,0,0,0,0,0,0,0,0,0,0,0,0,0,0,0
2021S051648080025,39,249,0,0,0,0,0,0,0,0,0,0,0,0,0,0,0,0,1,1,1,1
2021S051648080026,281,4948,0,0,6,69,7,237,0,0,2,274,2,59,0,0,0,0,21,560,22,567
2021S051648080027,24,168,0,0,1,34,0,0,0,0,1,34,0,0,0,0,0,0,1,34,1,34
2021S051648080028,11,69,0,0,0,0,0,0,0,0,0,0,0,0,0,0,0,0,0,0,0,0
2021S051648080029,3,9,0,0,0,0,0,0,0,0,0,0,0,0,0,0,0,0,0,0,0,0
2021S051648080030,703,14098,0,0,2,5,0,0,0,0,2,9,0,0,0,0,0,0,20,115,20,115
2021S051648080031,199,1349,0,0,1,1,0,0,0,0,2,2,0,0,1,7,1,7,9,19,9,19
2021S051648080032,625,9911,5,34,13,103,15,155,3,33,6,62,0,0,0,0,0,0,48,287,52,327
2021S051648080033,226,1494,0,0,0,0,0,0,0,0,1,1,0,0,0,0,0,0,4,8,4,8
2021S051648080034,175,1592,0,0,0,0,1,14,0,0,2,15,0,0,0,0,0,0,1,1,2,15
2021S051648080035,144,908,0,0,0,0,0,0,0,0,1,1,0,0,0,0,0,0,2,7,2,7
2021S051648090001,226,1533,0,0,0,0,0,0,0,0,1,7,0,0,0,0,0,0,20,68,20,68
2021S051648090002,0,0,0,0,0,0,0,0,0,0,0,0,0,0,0,0,0,0,0,0,0,0
2021S051648090003,0,0,0,0,0,0,0,0,0,0,0,0,0,0,0,0,0,0,0,0,0,0
2021S051648090004,0,0,0,0,0,0,0,0,0,0,0,0,0,0,0,0,0,0,0,0,0,0
2021S051648090005,710,10117,1,3,3,8,5,25,2,6,8,98,0,0,3,17,7,28,32,299,32,299
2021S051648100001,278,2851,0,0,2,6,3,9,1,3,1,3,0,0,0,0,1,3,33,112,33,112
2021S051648100003,32,471,0,0,0,0,0,0,0,0,0,0,0,0,0,0,0,0,7,164,7,164
2021S051648100004,269,1810,0,0,0,0,4,24,0,0,5,26,0,0,0,0,0,0,31,59,34,80
2021S051648100006,278,3589,0,0,0,0,1,32,0,0,2,2,0,0,0,0,0,0,17,60,17,60
2021S051648100008,0,0,0,0,0,0,0,0,0,0,0,0,0,0,0,0,0,0,0,0,0,0
2021S051648100009,701,11169,1,3,2,16,5,192,1,13,6,54,0,0,0,0,1,3,29,273,30,276
2021S051648100010,160,1235,0,0,0,0,0,0,0,0,3,3,0,0,0,0,0,0,4,17,4,17
2021S051648100011,0,0,0,0,0,0,0,0,0,0,0,0,0,0,0,0,0,0,0,0,0,0
2021S051648100012,134,2113,1,55,2,12,2,18,0,0,1,1,0,0,0,0,0,0,9,115,9,115
2021S051648100013,328,3673,0,0,0,0,2,6,0,0,3,8,0,0,0,0,0,0,8,25,10,31
2021S051648100014,701,12853,3,8,7,32,5,76,2,6,9,106,0,0,0,0,0,0,24,228,25,239
2021S051648100015,298,1797,3,33,4,41,6,75,3,39,5,41,2,23,0,0,1,3,45,170,45,170
2021S051648100016,369,2219,2,4,5,80,3,77,0,0,2,74,1,2,0,0,0,0,66,162,67,235
2021S051648100017,650,5498,2,8,4,13,6,99,1,3,7,44,0,0,1,3,1,3,70,213,71,246
2021S051648110001,236,2251,1,34,2,18,4,35,0,0,4,33,1,34,2,5,3,18,22,108,25,140
2021S051648110002,174,1529,1,23,1,3,1,3,0,0,2,15,0,0,0,0,0,0,20,100,20,100
2021S051648110003,257,2097,0,0,1,7,2,39,0,0,2,9,0,0,1,32,1,32,14,201,15,208
2021S051648110004,9,59,0,0,0,0,0,0,0,0,0,0,0,0,0,0,0,0,5,11,5,11
2021S051648110005,318,4907,0,0,5,16,4,15,4,15,13,786,0,0,0,0,1,3,32,938,32,938
2021S051648110007,146,998,0,0,1,2,1,2,0,0,3,14,0,0,2,17,2,17,18,59,18,59
2021S051648110008,317,8361,2,65,1,56,4,207,0,0,1,140,1,9,2,6,3,9,13,96,14,236
2021S051648110009,400,5282,4,70,2,53,3,86,1,3,3,50,2,18,1,11,1,11,30,219,31,252
2021S051648110010,0,0,0,0,0,0,0,0,0,0,0,0,0,0,0,0,0,0,0,0,0,0
2021S051648110011,384,7884,4,60,5,52,6,350,2,26,5,56,1,34,4,393,6,556,33,807,34,810
2021S051648110012,5,19,0,0,0,0,0,0,0,0,0,0,0,0,0,0,0,0,1,2,1,2
2021S051648110013,241,1587,2,6,1,4,2,6,0,0,1,1,0,0,0,0,0,0,10,27,10,27
2021S051648110014,373,3059,0,0,6,15,3,9,1,3,3,15,0,0,0,0,1,7,34,142,35,153
2021S051648110015,154,1834,0,0,0,0,0,0,0,0,0,0,0,0,0,0,0,0,1,2,1,2
2021S051648110020,149,615,0,0,0,0,0,0,0,0,0,0,0,0,0,0,0,0,1,2,1,2
2021S051648110021,279,5272,0,0,0,0,1,7,0,0,12,896,0,0,1,7,1,7,24,1047,24,1047
2021S051648110022,482,7801,2,5,4,22,2,11,0,0,3,6,2,7,0,0,0,0,16,72,16,72
2021S051648110023,112,1115,0,0,0,0,0,0,0,0,0,0,0,0,0,0,0,0,0,0,0,0
2021S051648110024,445,8288,1,45,4,135,4,160,2,130,2,130,0,0,1,3,2,6,15,259,15,259
2021S051648110025,318,6093,2,7,4,12,3,18,1,3,1,3,1,3,0,0,1,3,13,57,13,57
2021S051648110027,487,5895,0,0,1,7,1,7,0,0,1,7,0,0,0,0,0,0,9,56,10,63
2021S051648110028,307,4805,1,7,3,6,5,30,2,10,4,21,0,0,1,15,1,15,11,42,13,59
2021S051648110035,127,1307,1,3,1,3,1,15,0,0,1,1,0,0,0,0,0,0,3,19,3,19
2021S051648110038,191,2499,0,0,0,0,0,0,0,0,0,0,0,0,0,0,0,0,1,2,1,2
2021S051648110042,77,950,1,1,0,0,0,0,0,0,0,0,0,0,0,0,0,0,2,4,2,4
2021S051648110043,133,1753,0,0,0,0,0,0,0,0,0,0,0,0,0,0,0,0,1,14,1,14
2021S051648110048,51,397,0,0,0,0,0,0,0,0,0,0,0,0,0,0,0,0,0,0,0,0
2021S051648110054,236,4195,0,0,1,3,2,10,0,0,1,7,0,0,0,0,0,0,4,45,6,55
2021S051648110056,107,641,0,0,0,0,0,0,0,0,0,0,0,0,0,0,1,3,2,4,2,4
2021S051648110058,383,8042,2,35,8,207,7,172,0,0,6,128,1,2,1,7,2,21,16,215,22,397
2021S051648110064,0,0,0,0,0,0,0,0,0,0,0,0,0,0,0,0,0,0,0,0,0,0
2021S051648110066,65,447,0,0,0,0,0,0,0,0,0,0,0,0,0,0,0,0,0,0,0,0
2021S051648110068,695,9560,3,9,3,15,5,19,2,9,10,172,0,0,3,374,4,666,21,868,22,871
2021S051648110069,120,2053,1,2,1,7,3,12,0,0,3,13,1,2,0,0,1,35,8,60,10,70
2021S051648110070,127,1361,1,2,1,2,1,2,0,0,0,0,0,0,0,0,0,0,2,4,2,4
2021S051648110071,482,2926,2,3,3,7,1,3,1,3,3,6,0,0,0,0,1,7,10,62,10,62
2021S051648110073,111,1335,0,0,0,0,0,0,0,0,1,3,0,0,0,0,0,0,2,5,2,5
2021S051648110074,150,818,0,0,1,6,1,6,1,6,1,6,0,0,0,0,0,0,1,6,1,6
2021S051648110075,124,2396,0,0,0,0,0,0,0,0,0,0,0,0,0,0,0,0,0,0,0,0
2021S051648110079,403,9616,0,0,1,3,1,3,1,3,1,3,0,0,0,0,0,0,3,6,3,6
2021S051648110080,166,3007,0,0,1,2,1,2,0,0,0,0,0,0,0,0,0,0,2,12,2,12
2021S051648110084,216,3925,0,0,0,0,0,0,0,0,0,0,0,0,0,0,0,0,1,1,1,1
2021S051648110085,105,874,0,0,0,0,0,0,0,0,0,0,0,0,1,3,1,3,3,6,3,6
2021S051648110086,1459,49212,0,0,2,5,1,3,0,0,5,49,0,0,1,14,1,14,23,124,23,124
2021S051648110087,250,1361,1,3,2,4,1,3,0,0,0,0,0,0,0,0,0,0,2,4,2,4
2021S051648110088,274,5096,0,0,2,14,2,14,0,0,0,0,0,0,0,0,0,0,4,258,4,258
2021S051648110089,113,1017,0,0,1,2,1,2,0,0,0,0,0,0,0,0,1,3,4,12,4,12
2021S051648110092,136,868,0,0,0,0,1,2,0,0,1,4,0,0,0,0,0,0,4,14,4,14
2021S051648110093,209,3856,0,0,1,1,0,0,0,0,2,2,0,0,0,0,0,0,4,8,4,8
2021S051648110094,818,24650,6,71,12,127,23,396,4,78,17,689,2,20,2,60,3,210,45,1049,52,1267
2021S051648110095,124,1574,0,0,0,0,0,0,0,0,0,0,0,0,0,0,1,3,1,3,1,3
2021S051648110100,475,5781,1,3,4,27,2,22,0,0,2,22,0,0,0,0,0,0,8,18,10,40
2021S051648110101,171,2047,0,0,0,0,1,2,0,0,0,0,1,2,0,0,0,0,1,2,1,2
2021S051648110103,366,3486,1,4,2,6,1,2,0,0,0,0,0,0,0,0,0,0,4,11,4,11
2021S051648110104,172,1383,1,2,0,0,0,0,0,0,0,0,1,2,0,0,1,3,3,11,3,11
2021S051648110107,160,1148,0,0,0,0,0,0,0,0,0,0,0,0,0,0,0,0,0,0,0,0
2021S051648110108,313,4031,0,0,5,12,3,14,1,6,5,38,0,0,0,0,0,0,11,341,12,344
2021S051648110110,219,2257,0,0,1,6,1,6,0,0,1,27,0,0,1,3,1,3,5,44,5,44
2021S051648110113,141,1238,0,0,0,0,0,0,0,0,0,0,0,0,0,0,0,0,2,2,2,2
2021S051648110114,133,1250,0,0,1,2,0,0,0,0,1,2,0,0,0,0,0,0,2,21,2,21
2021S051648110115,433,5427,1,19,1,19,0,0,0,0,1,6,0,0,0,0,1,3,9,181,9,181
2021S051648110116,184,2748,0,0,0,0,0,0,0,0,0,0,0,0,0,0,0,0,0,0,0,0
2021S051648110117,224,1280,0,0,0,0,0,0,0,0,0,0,0,0,1,3,1,3,3,5,3,5
2021S051648110118,149,1554,0,0,1,2,2,8,0,0,0,0,0,0,0,0,0,0,4,11,4,11
2021S051648110119,450,2541,1,2,1,3,5,25,1,3,5,24,0,0,0,0,0,0,24,49,26,66
2021S051648110121,101,503,0,0,0,0,0,0,0,0,0,0,0,0,0,0,0,0,0,0,0,0
2021S051648110125,170,1281,0,0,1,3,0,0,0,0,0,0,0,0,0,0,0,0,3,5,3,5
2021S051648110127,417,4293,1,2,2,75,2,75,0,0,1,73,0,0,0,0,2,10,20,74,21,147
2021S051648110133,162,2922,0,0,0,0,0,0,0,0,1,3,0,0,0,0,0,0,3,7,3,7
2021S051648110134,204,1662,0,0,0,0,0,0,0,0,0,0,0,0,0,0,0,0,1,40,1,40
2021S051648110138,106,786,0,0,1,3,0,0,0,0,1,3,0,0,0,0,0,0,1,3,1,3
2021S051648110140,173,8885,0,0,2,75,0,0,0,0,2,75,0,0,0,0,0,0,3,85,3,85
2021S051648110142,90,414,0,0,1,3,0,0,0,0,1,3,0,0,0,0,0,0,2,4,2,4
2021S051648110148,196,2146,0,0,2,37,2,37,1,3,3,38,0,0,0,0,0,0,4,36,5,70
2021S051648110149,390,2354,1,2,3,6,4,11,0,0,5,15,0,0,3,24,3,24,57,229,58,232
2021S051648110153,541,9337,2,4,5,10,3,29,0,0,3,17,0,0,0,0,1,3,13,59,14,62
2021S051648110154,491,11172,9,147,8,109,19,506,3,96,13,364,1,34,2,146,3,149,44,717,49,935
2021S051648110155,200,2109,0,0,1,2,2,6,0,0,2,6,0,0,1,3,1,3,7,18,8,21
2021S051648110156,0,0,0,0,0,0,0,0,0,0,0,0,0,0,0,0,0,0,0,0,0,0
2021S051648110157,523,8587,7,156,8,158,8,216,1,3,7,136,1,9,0,0,2,6,29,239,32,357
2021S051648110158,0,0,0,0,0,0,0,0,0,0,0,0,0,0,0,0,0,0,0,0,0,0
2021S051648110159,70,2405,0,0,0,0,0,0,0,0,1,4,0,0,0,0,0,0,12,39,12,39
2021S051648110160,143,2181,0,0,0,0,0,0,0,0,0,0,0,0,0,0,0,0,1,3,1,3
2021S051648110161,173,1063,0,0,1,3,0,0,0,0,0,0,0,0,0,0,0,0,2,4,2,4
2021S051648110162,103,988,0,0,0,0,0,0,0,0,0,0,0,0,0,0,0,0,1,2,1,2
2021S051648110163,175,1352,0,0,0,0,0,0,0,0,0,0,0,0,0,0,1,15,2,17,2,17
2021S051648110166,264,3892,0,0,0,0,0,0,0,0,0,0,0,0,0,0,0,0,2,4,2,4
2021S051648110167,217,1099,0,0,1,2,0,0,0,0,0,0,0,0,0,0,0,0,3,11,3,11
2021S051648110169,313,1819,0,0,0,0,0,0,1,3,0,0,0,0,0,0,0,0,4,56,4,56
2021S051648110170,264,2049,1,2,1,2,1,2,0,0,0,0,0,0,0,0,0,0,3,12,3,12
2021S051648110171,669,11279,4,70,5,120,3,90,0,0,3,79,0,0,0,0,0,0,12,156,14,223
2021S051648110172,3688,95256,51,1313,105,2323,125,4800,20,307,67,2125,7,385,5,112,24,305,274,5601,309,7116
2021S051648110173,302,5065,0,0,0,0,1,7,0,0,2,9,0,0,0,0,0,0,3,6,4,13
2021S051648110175,150,758,0,0,0,0,0,0,0,0,0,0,0,0,0,0,0,0,1,2,1,2
2021S051648110176,290,7648,1,5,1,5,1,5,0,0,0,0,0,0,0,0,0,0,2,6,2,6
2021S051648110178,484,6377,1,3,2,6,1,3,0,0,0,0,0,0,0,0,0,0,7,31,7,31
2021S051648110179,486,5196,3,30,9,123,6,115,2,12,4,88,0,0,1,7,3,16,16,135,18,211
2021S051648110180,228,3838,1,2,1,3,2,17,0,0,0,0,0,0,1,3,2,6,15,158,15,158
2021S051648110181,289,3824,0,0,2,33,2,33,1,30,1,30,0,0,0,0,0,0,6,58,6,58
2021S051648110182,135,2094,0,0,1,2,1,2,0,0,0,0,0,0,0,0,0,0,1,2,1,2
2021S051648110183,229,2749,1,6,1,6,0,0,0,0,0,0,0,0,0,0,2,18,7,37,7,37
2021S051648110185,56,240,1,5,1,5,1,5,0,0,0,0,0,0,0,0,0,0,1,5,1,5
2021S051648110186,121,895,1,2,1,2,2,5,0,0,0,0,0,0,1,7,1,7,3,12,3,12
2021S051648110189,111,1000,0,0,0,0,1,3,0,0,0,0,0,0,0,0,0,0,1,3,1,3
2021S051648110190,179,2252,0,0,0,0,0,0,0,0,0,0,0,0,0,0,0,0,3,10,3,10
2021S051648110191,283,7238,0,0,0,0,0,0,0,0,0,0,0,0,0,0,0,0,5,42,5,42
2021S051648110192,451,9405,0,0,5,73,3,65,1,3,2,37,0,0,0,0,0,0,16,190,17,224
2021S051648110193,336,1910,0,0,0,0,0,0,0,0,0,0,0,0,1,35,1,35,1,35,1,35
2021S051648110195,586,8695,0,0,4,11,2,9,0,0,0,0,0,0,1,3,1,3,7,19,7,19
2021S051648110196,345,4206,0,0,1,3,1,3,1,3,1,3,0,0,0,0,0,0,7,18,7,18
2021S051648110197,274,4683,0,0,5,39,4,50,1,30,4,49,0,0,0,0,0,0,9,62,11,79
2021S051648110198,437,6672,1,2,3,6,0,0,0,0,1,62,0,0,0,0,0,0,6,71,6,71
2021S051648110199,430,4322,1,7,1,7,1,7,0,0,0,0,0,0,1,3,1,3,6,25,6,25
2021S051648110200,378,8133,1,110,2,8,2,8,0,0,2,36,0,0,0,0,0,0,11,166,11,166
2021S051648110201,504,8824,0,0,2,36,4,54,2,36,5,155,0,0,2,6,2,6,19,447,19,447
2021S051648110202,261,3910,0,0,0,0,1,3,0,0,1,3,0,0,1,34,1,34,2,36,3,39
2021S051648110203,183,1025,0,0,1,1,0,0,0,0,1,1,0,0,0,0,0,0,2,4,2,4
2021S051648110204,304,4822,2,2,3,13,4,16,1,3,4,14,0,0,2,50,3,57,14,127,14,127
2021S051648110205,187,989,0,0,0,0,0,0,0,0,0,0,0,0,0,0,0,0,0,0,0,0
2021S051648110206,203,1304,0,0,0,0,1,3,0,0,0,0,0,0,1,3,1,3,1,3,1,3
2021S051648110207,461,8340,2,19,2,20,7,111,0,0,10,175,0,0,0,0,0,0,42,518,47,651
2021S051648110208,358,8059,0,0,1,30,1,30,1,30,2,32,0,0,0,0,0,0,10,175,10,175
2021S051648110209,403,3637,0,0,0,0,1,7,0,0,1,7,0,0,0,0,0,0,5,13,6,20
2021S051648110210,500,3370,0,0,1,6,1,6,1,6,2,7,0,0,0,0,0,0,5,22,5,22
2021S051648110211,769,25770,0,0,1,1,0,0,0,0,1,1,0,0,0,0,0,0,8,51,8,51
2021S051648110212,366,2679,0,0,0,0,0,0,0,0,0,0,0,0,0,0,0,0,4,23,4,23
2021S051648110213,161,1413,0,0,4,17,3,8,1,3,2,6,0,0,0,0,0,0,6,19,7,22
2021S051648110214,132,904,0,0,1,6,2,9,1,6,2,7,0,0,0,0,0,0,4,11,4,11
2021S051648110215,1736,13511,2,26,3,30,6,38,2,6,5,12,0,0,1,3,1,3,16,84,17,87
2021S051648110216,622,4652,1,3,2,5,1,2,0,0,0,0,0,0,0,0,0,0,3,7,3,7
2021S051648110217,365,3894,0,0,1,1,1,2,0,0,0,0,0,0,0,0,0,0,2,3,2,3
2021S051648110218,1025,5479,0,0,2,5,2,5,1,3,1,3,0,0,0,0,5,31,11,42,11,42
2021S051648110219,804,20141,12,203,25,432,47,1156,12,236,31,759,3,40,4,70,5,77,92,1416,104,1789
2021S051648110220,271,2874,0,0,3,14,5,32,2,12,4,30,0,0,0,0,0,0,7,38,8,41
2021S051648110221,198,1234,1,2,0,0,1,2,0,0,0,0,1,2,0,0,0,0,4,8,4,8
2021S051648110222,428,3278,0,0,1,2,2,21,0,0,3,81,0,0,0,0,1,3,5,68,7,89
2021S051648110223,604,4987,2,17,3,7,4,10,1,3,1,3,1,15,0,0,0,0,6,29,6,29
2021S051648110224,1069,18637,4,60,6,42,8,86,1,30,7,80,0,0,0,0,0,0,18,163,20,169
2021S051648110225,455,2988,0,0,0,0,0,0,0,0,0,0,0,0,1,6,1,6,3,9,3,9
2021S051648110226,3134,87218,29,825,61,1454,51,1771,5,57,40,1097,4,233,12,280,27,640,180,4246,199,5218
2021S051648110227,277,3848,0,0,2,9,1,7,0,0,0,0,0,0,0,0,0,0,2,9,2,9
2021S051648110228,241,1594,0,0,1,3,1,3,1,3,1,3,0,0,0,0,0,0,2,5,2,5
2021S051648110229,333,3246,0,0,1,3,1,3,1,3,1,3,0,0,0,0,1,3,4,10,4,10
2021S051648110230,213,3798,1,13,1,13,0,0,0,0,0,0,0,0,0,0,0,0,1,13,1,13
2021S051648120001,412,5211,0,0,0,0,1,14,0,0,2,16,0,0,1,33,3,98,17,131,18,145
2021S051648120002,0,0,0,0,0,0,0,0,0,0,0,0,0,0,0,0,0,0,0,0,0,0
2021S051648120003,0,0,0,0,0,0,0,0,0,0,0,0,0,0,0,0,0,0,0,0,0,0
2021S051648120004,186,2636,1,2,1,2,2,9,0,0,1,1,0,0,3,17,3,17,27,74,27,74
2021S051648120005,149,987,0,0,0,0,0,0,0,0,1,1,0,0,0,0,1,3,19,36,19,36
2021S051648120006,0,0,0,0,0,0,0,0,0,0,0,0,0,0,0,0,0,0,0,0,0,0
2021S051648120007,251,2995,1,5,2,12,4,78,0,0,4,74,0,0,0,0,0,0,37,80,40,153
2021S051648120008,0,0,0,0,0,0,0,0,0,0,0,0,0,0,0,0,0,0,0,0,0,0
2021S051648120009,552,8514,0,0,2,5,4,10,1,3,4,19,0,0,1,3,1,3,11,30,11,30
2021S051648120010,0,0,0,0,0,0,0,0,0,0,0,0,0,0,0,0,0,0,0,0,0,0
2021S051648120011,0,0,0,0,0,0,0,0,0,0,0,0,0,0,0,0,0,0,0,0,0,0
2021S051648120012,622,10883,0,0,0,0,0,0,0,0,3,84,0,0,0,0,2,14,15,149,15,149
2021S051648120013,0,0,0,0,0,0,0,0,0,0,0,0,0,0,0,0,0,0,0,0,0,0
2021S051648120014,7,571,0,0,0,0,0,0,0,0,0,0,0,0,0,0,0,0,0,0,0,0
2021S051648120015,439,6092,0,0,5,13,3,11,1,6,2,7,0,0,0,0,0,0,18,42,18,42
2021S051648120016,9,135,0,0,0,0,0,0,0,0,0,0,0,0,0,0,0,0,0,0,0,0
2021S051648120017,1,3,0,0,0,0,0,0,0,0,0,0,0,0,0,0,0,0,0,0,0,0
2021S051648130001,505,7012,1,2,3,17,3,48,1,13,7,68,0,0,1,3,1,3,37,430,38,463
2021S051648130002,557,6242,0,0,1,29,4,56,0,0,6,53,0,0,1,325,5,340,66,709,68,756
2021S051648130004,722,10214,0,0,1,2,2,4,0,0,7,29,1,2,2,328,6,352,24,740,24,740
2021S051648130005,479,3826,2,4,3,7,4,81,0,0,4,77,1,2,0,0,1,3,37,154,37,154
2021S051648130007,0,0,0,0,0,0,0,0,0,0,0,0,0,0,0,0,0,0,0,0,0,0
2021S051648130008,0,0,0,0,0,0,0,0,0,0,0,0,0,0,0,0,0,0,0,0,0,0
2021S051648130009,0,0,0,0,0,0,0,0,0,0,0,0,0,0,0,0,0,0,0,0,0,0
2021S051648130111,571,5542,1,5,5,109,6,141,1,13,5,105,0,0,0,0,2,18,58,228,60,316
2021S051648140001,439,2875,0,0,2,4,1,3,1,3,10,15,0,0,3,72,9,121,50,218,50,218
2021S051648140002,494,6190,1,3,4,10,3,8,0,0,7,9,1,2,1,325,3,334,17,551,17,551
2021S051648140003,611,8390,0,0,2,5,0,0,0,0,8,161,0,0,2,143,4,159,17,452,18,455
2021S051648150001,367,7715,2,5,1,3,1,3,0,0,2,116,0,0,0,0,0,0,13,388,13,388
2021S051648150002,410,11275,0,0,1,3,1,3,1,3,1,3,0,0,0,0,0,0,5,27,5,27
2021S051648150003,4,722,0,0,0,0,0,0,0,0,0,0,0,0,0,0,0,0,1,2,1,2
2021S051648150004,880,12413,2,4,4,8,2,16,0,0,0,0,0,0,1,14,2,29,25,175,25,175
2021S051648150005,234,2887,0,0,0,0,1,7,0,0,0,0,0,0,0,0,1,3,9,29,9,29
2021S051648150006,0,0,0,0,0,0,0,0,0,0,0,0,0,0,0,0,0,0,0,0,0,0
2021S051648160001,0,0,0,0,0,0,0,0,0,0,0,0,0,0,0,0,0,0,0,0,0,0
2021S051648160003,0,0,0,0,0,0,0,0,0,0,0,0,0,0,0,0,0,0,0,0,0,0
2021S051648160004,1,7,0,0,0,0,0,0,0,0,0,0,0,0,0,0,0,0,0,0,0,0
2021S051648160006,0,0,0,0,0,0,0,0,0,0,0,0,0,0,0,0,0,0,0,0,0,0
2021S051648160007,0,0,0,0,0,0,0,0,0,0,0,0,0,0,0,0,0,0,0,0,0,0
2021S051648160010,0,0,0,0,0,0,0,0,0,0,0,0,0,0,0,0,0,0,0,0,0,0
2021S051648160020,0,0,0,0,0,0,0,0,0,0,0,0,0,0,0,0,0,0,0,0,0,0
2021S051648160021,0,0,0,0,0,0,0,0,0,0,0,0,0,0,0,0,0,0,0,0,0,0
2021S051648160022,12,308,0,0,0,0,1,4,0,0,0,0,1,4,0,0,0,0,1,4,1,4
2021S051648160023,2,357,0,0,0,0,0,0,0,0,0,0,0,0,0,0,0,0,0,0,0,0
2021S051648162000,314,9456,1,2,3,24,1,2,0,0,3,18,1,2,0,0,0,0,10,81,10,81
2021S051648162001,550,20783,1,21,2,28,2,28,1,13,4,52,0,0,1,70,1,70,14,258,15,273
2021S051648162005,174,5106,0,0,0,0,0,0,0,0,0,0,0,0,0,0,0,0,1,2,1,2
2021S051648162006,124,1946,0,0,0,0,0,0,0,0,1,1,0,0,0,0,0,0,1,1,1,1
2021S051648162007,145,5242,0,0,0,0,1,140,0,0,1,140,0,0,0,0,0,0,1,4,2,144
2021S051648162008,118,1823,0,0,0,0,0,0,0,0,0,0,0,0,0,0,0,0,0,0,0,0
2021S051648162009,91,1100,0,0,0,0,0,0,0,0,0,0,0,0,0,0,0,0,1,8,1,8
2021S051648162010,191,2054,0,0,0,0,0,0,0,0,0,0,0,0,0,0,0,0,2,9,2,9
2021S051648170002,0,0,0,0,0,0,0,0,0,0,0,0,0,0,0,0,0,0,0,0,0,0
2021S051648170003,3,380,0,0,0,0,0,0,0,0,0,0,0,0,0,0,0,0,0,0,0,0
2021S051648170004,373,2944,0,0,1,13,2,15,1,13,5,19,1,2,3,216,3,216,44,319,44,319
2021S051648170006,0,0,0,0,0,0,0,0,0,0,0,0,0,0,0,0,0,0,0,0,0,0
2021S051648170007,0,0,0,0,0,0,0,0,0,0,0,0,0,0,0,0,0,0,0,0,0,0
2021S051648170008,0,0,0,0,0,0,0,0,0,0,0,0,0,0,0,0,0,0,0,0,0,0
2021S051648170009,2,425,0,0,0,0,0,0,0,0,0,0,0,0,0,0,0,0,0,0,0,0
2021S051648170010,0,0,0,0,0,0,0,0,0,0,0,0,0,0,0,0,0,0,0,0,0,0
2021S051648170011,0,0,0,0,0,0,0,0,0,0,0,0,0,0,0,0,0,0,0,0,0,0
2021S051648170012,3,53,0,0,0,0,0,0,0,0,0,0,0,0,0,0,0,0,0,0,0,0
2021S051648170013,0,0,0,0,0,0,0,0,0,0,0,0,0,0,0,0,0,0,0,0,0,0
2021S051648170014,0,0,0,0,0,0,0,0,0,0,0,0,0,0,0,0,0,0,0,0,0,0
2021S051648170015,0,0,0,0,0,0,0,0,0,0,0,0,0,0,0,0,0,0,0,0,0,0
2021S051648170016,153,2586,0,0,0,0,1,3,0,0,2,2,0,0,2,143,2,143,17,188,17,188
2021S051648170017,0,0,0,0,0,0,0,0,0,0,0,0,0,0,0,0,0,0,0,0,0,0
2021S051648170018,0,0,0,0,0,0,0,0,0,0,0,0,0,0,0,0,0,0,0,0,0,0
2021S051648170019,7,121,0,0,0,0,0,0,0,0,0,0,0,0,0,0,0,0,0,0,0,0
2021S051648170020,0,0,0,0,0,0,0,0,0,0,0,0,0,0,0,0,0,0,0,0,0,0
2021S051648170021,35,652,0,0,0,0,0,0,0,0,1,1,0,0,0,0,0,0,2,3,2,3
2021S051648170023,6,373,0,0,0,0,0,0,0,0,0,0,0,0,0,0,0,0,0,0,0,0
2021S051648170024,0,0,0,0,0,0,0,0,0,0,0,0,0,0,0,0,0,0,0,0,0,0
2021S051648170025,0,0,0,0,0,0,0,0,0,0,0,0,0,0,0,0,0,0,0,0,0,0
2021S051648170026,0,0,0,0,0,0,0,0,0,0,0,0,0,0,0,0,0,0,0,0,0,0
2021S051648170028,2,357,0,0,0,0,0,0,0,0,0,0,0,0,0,0,0,0,0,0,0,0
2021S051648170030,545,6956,0,0,2,4,1,14,0,0,6,56,0,0,2,154,4,160,19,636,19,636
2021S051648170031,0,0,0,0,0,0,0,0,0,0,0,0,0,0,0,0,0,0,0,0,0,0
2021S051648170032,8,136,0,0,0,0,0,0,0,0,0,0,0,0,0,0,0,0,0,0,0,0
2021S051648170033,0,0,0,0,0,0,0,0,0,0,0,0,0,0,0,0,0,0,0,0,0,0
2021S051648170034,1,15,0,0,0,0,0,0,0,0,0,0,0,0,0,0,0,0,0,0,0,0
2021S051648170035,3,13,0,0,0,0,0,0,0,0,0,0,0,0,0,0,0,0,0,0,0,0
2021S051648170036,0,0,0,0,0,0,0,0,0,0,0,0,0,0,0,0,0,0,0,0,0,0
2021S051648170037,0,0,0,0,0,0,0,0,0,0,0,0,0,0,0,0,0,0,0,0,0,0
2021S051648170038,0,0,0,0,0,0,0,0,0,0,0,0,0,0,0,0,0,0,0,0,0,0
2021S051648170039,15,49,0,0,0,0,0,0,0,0,0,0,0,0,0,0,0,0,1,2,1,2
2021S051648170040,1,15,0,0,0,0,0,0,0,0,0,0,0,0,0,0,0,0,0,0,0,0
2021S051648170041,8,40,0,0,0,0,0,0,0,0,0,0,0,0,0,0,0,0,0,0,0,0
2021S051648170042,0,0,0,0,0,0,0,0,0,0,0,0,0,0,0,0,0,0,0,0,0,0
2021S051648170043,0,0,0,0,0,0,0,0,0,0,0,0,0,0,0,0,0,0,0,0,0,0
2021S051648170044,0,0,0,0,0,0,0,0,0,0,0,0,0,0,0,0,0,0,0,0,0,0
2021S051648170045,0,0,0,0,0,0,0,0,0,0,0,0,0,0,0,0,0,0,0,0,0,0
2021S051648170111,859,12128,0,0,2,9,4,23,2,9,6,50,0,0,9,597,34,778,78,1187,79,1194
2021S051648170603,390,5719,0,0,0,0,0,0,0,0,5,12,0,0,1,140,4,186,22,500,22,500
2021S051648180002,0,0,0,0,0,0,0,0,0,0,0,0,0,0,0,0,0,0,0,0,0,0
2021S051648180003,6,78,0,0,0,0,0,0,0,0,0,0,0,0,0,0,0,0,0,0,0,0
2021S051648180004,598,6996,0,0,1,15,1,15,0,0,6,81,0,0,2,210,5,245,38,426,38,426
2021S051648190001,391,4045,0,0,0,0,0,0,0,0,4,30,0,0,1,7,2,13,32,113,32,113
2021S051648190002,747,10648,1,2,2,4,0,0,0,0,5,11,0,0,0,0,1,3,34,281,34,281
2021S051648190003,0,0,0,0,0,0,0,0,0,0,0,0,0,0,0,0,0,0,0,0,0,0
2021S051648190004,371,2778,0,0,0,0,0,0,0,0,1,8,0,0,0,0,0,0,47,114,47,114
2021S051648190006,1,3,0,0,0,0,0,0,0,0,0,0,0,0,0,0,0,0,0,0,0,0
2021S051648190007,60,832,0,0,0,0,1,52,0,0,1,3,0,0,0,0,1,30,5,89,5,89
2021S051648190008,236,2345,0,0,0,0,1,2,0,0,3,5,1,2,0,0,2,6,15,117,15,117
2021S051648190009,299,2881,0,0,1,3,2,10,1,3,3,48,0,0,0,0,0,0,11,76,11,76
2021S051648190010,461,3362,0,0,1,2,2,4,0,0,3,4,1,2,0,0,0,0,10,14,10,14
2021S051648190011,103,605,1,2,0,0,0,0,0,0,1,1,0,0,0,0,0,0,7,10,7,10
2021S051648190012,610,9483,2,23,4,87,5,146,1,64,8,85,1,9,0,0,0,0,35,229,36,236
2021S051648192000,1684,34615,2,10,7,113,10,186,0,0,13,297,1,2,4,528,10,854,48,1716,52,1820
2021S051648192001,280,1404,0,0,1,2,0,0,0,0,5,6,0,0,0,0,1,3,10,20,10,20
2021S051648192002,309,2350,0,0,2,6,2,6,2,6,7,13,0,0,0,0,1,3,11,19,11,19
2021S051648192003,106,817,0,0,2,5,1,3,1,3,2,4,0,0,0,0,0,0,4,7,4,7
2021S051648192004,226,1485,0,0,0,0,0,0,0,0,2,3,0,0,0,0,0,0,3,41,3,41
2021S051648192005,363,3028,0,0,1,3,1,3,1,3,4,7,0,0,0,0,0,0,5,8,5,8
2021S051659010001,633,7999,2,3,3,7,4,17,0,0,3,22,0,0,5,355,9,396,43,533,45,547
2021S051659010002,15,583,0,0,0,0,1,2,0,0,0,0,0,0,1,2,1,2,2,67,2,67
2021S051659010003,8,76,0,0,0,0,0,0,0,0,0,0,0,0,0,0,0,0,0,0,0,0
2021S051659010004,607,10194,1,20,4,18,3,12,0,0,3,36,0,0,3,273,7,320,23,378,25,413
2021S051659010005,194,1521,0,0,1,7,2,8,0,0,1,7,0,0,2,7,4,11,17,45,18,52
2021S051659010006,233,2964,0,0,2,6,0,0,0,0,1,3,0,0,0,0,0,0,6,23,6,23
2021S051659010007,0,0,0,0,0,0,0,0,0,0,0,0,0,0,0,0,0,0,0,0,0,0
2021S051659010008,0,0,0,0,0,0,0,0,0,0,0,0,0,0,0,0,0,0,0,0,0,0
2021S051659010009,475,9489,3,32,4,26,5,95,1,3,4,111,0,0,3,19,6,70,17,144,19,234
2021S051659010010,422,4823,0,0,2,10,0,0,0,0,2,2,0,0,0,0,0,0,13,118,13,118
2021S051659010011,0,0,0,0,0,0,0,0,0,0,0,0,0,0,0,0,0,0,0,0,0,0
2021S051659010012,0,0,0,0,0,0,0,0,0,0,0,0,0,0,0,0,0,0,0,0,0,0
2021S051659010013,11,73,0,0,0,0,0,0,0,0,0,0,0,0,1,6,1,6,2,8,2,8
2021S051659010014,7,899,0,0,0,0,0,0,0,0,0,0,0,0,0,0,0,0,0,0,0,0
2021S051659030002,286,4767,1,3,0,0,3,18,1,3,1,3,0,0,2,275,7,330,17,406,18,409
2021S051659030003,312,2863,0,0,4,28,4,24,0,0,2,5,1,9,4,92,7,109,30,200,31,203
2021S051659030004,321,2794,0,0,5,13,3,9,1,3,1,3,0,0,8,287,12,307,59,487,59,487
2021S051659030005,693,10672,1,12,8,53,4,25,0,0,1,7,0,0,1,3,4,28,29,142,30,149
2021S051659030006,322,5361,0,0,2,5,3,6,1,3,1,3,0,0,1,57,1,57,8,159,8,159
2021S051659030007,277,3626,0,0,2,59,0,0,0,0,0,0,0,0,1,34,2,36,18,162,18,162
2021S051659030008,2,110,0,0,0,0,0,0,0,0,0,0,0,0,0,0,0,0,0,0,0,0
2021S051659032000,191,1365,1,3,2,4,2,4,0,0,0,0,0,0,0,0,0,0,9,56,9,56
2021S051659050001,463,5839,3,37,6,86,7,121,1,11,4,157,0,0,6,166,8,173,44,382,46,452
2021S051659050003,351,6353,1,3,4,24,1,6,1,6,3,529,0,0,0,0,0,0,10,580,10,580
2021S051659050004,24,284,0,0,0,0,0,0,0,0,0,0,0,0,0,0,0,0,0,0,0,0
2021S051659050005,99,1105,0,0,0,0,0,0,0,0,0,0,0,0,1,3,1,3,4,77,4,77
2021S051659050006,213,2888,0,0,3,15,2,9,1,6,2,9,0,0,1,3,1,3,9,50,10,53
2021S051659070001,345,4282,1,32,1,32,0,0,0,0,0,0,0,0,1,113,4,162,83,630,83,630
2021S051659070003,90,726,0,0,1,28,0,0,0,0,0,0,0,0,0,0,0,0,21,113,21,113
2021S051659070004,500,4342,6,18,8,64,8,89,1,3,4,46,0,0,0,0,1,3,71,453,74,498
2021S051659070005,25,418,0,0,2,9,2,16,0,0,1,15,0,0,2,19,2,19,4,28,5,43
2021S051659070006,532,5339,1,2,4,37,2,5,0,0,0,0,0,0,0,0,0,0,36,228,36,228
2021S051659070007,3,41,0,0,0,0,0,0,0,0,0,0,0,0,0,0,0,0,1,2,1,2
2021S051659070008,337,6324,1,3,4,12,4,50,1,3,3,7,1,41,0,0,1,3,15,166,16,169
2021S051659070009,488,8207,2,4,3,44,3,106,0,0,2,42,0,0,1,294,2,329,24,574,26,616
2021S051659070010,265,3515,6,178,5,107,3,86,0,0,1,7,1,70,0,0,3,9,19,267,20,270
2021S051659070011,0,0,0,0,0,0,0,0,0,0,0,0,0,0,0,0,0,0,0,0,0,0
2021S051659070012,0,0,0,0,0,0,0,0,0,0,0,0,0,0,0,0,0,0,0,0,0,0
2021S051659070014,0,0,0,0,0,0,0,0,0,0,0,0,0,0,0,0,0,0,0,0,0,0
2021S051659070015,19,261,0,0,0,0,0,0,0,0,0,0,0,0,0,0,1,2,2,3,2,3
2021S051659070016,0,0,0,0,0,0,0,0,0,0,0,0,0,0,0,0,0,0,0,0,0,0
2021S051659070017,0,0,0,0,0,0,0,0,0,0,0,0,0,0,0,0,0,0,0,0,0,0
2021S051659070018,0,0,0,0,0,0,0,0,0,0,0,0,0,0,0,0,0,0,0,0,0,0
2021S051659070019,265,1954,2,75,4,90,3,18,0,0,0,0,0,0,0,0,2,16,36,169,36,169
2021S051659070111,781,10345,4,18,7,32,6,24,2,6,2,6,0,0,1,1,3,6,167,881,167,881
2021S051659090001,382,4963,1,3,3,18,1,3,1,3,1,2,0,0,0,0,2,2,62,311,62,311
2021S051659090002,0,0,0,0,0,0,0,0,0,0,0,0,0,0,0,0,0,0,0,0,0,0
2021S051659090003,0,0,0,0,0,0,0,0,0,0,0,0,0,0,0,0,0,0,0,0,0,0
2021S051659090004,0,0,0,0,0,0,0,0,0,0,0,0,0,0,0,0,0,0,0,0,0,0
2021S051659090005,0,0,0,0,0,0,0,0,0,0,0,0,0,0,0,0,0,0,0,0,0,0
2021S051659090006,0,0,0,0,0,0,0,0,0,0,0,0,0,0,0,0,0,0,0,0,0,0
2021S051659090007,0,0,0,0,0,0,0,0,0,0,0,0,0,0,0,0,0,0,0,0,0,0
2021S051659090008,0,0,0,0,0,0,0,0,0,0,0,0,0,0,0,0,0,0,0,0,0,0
2021S051659090009,0,0,0,0,0,0,0,0,0,0,0,0,0,0,0,0,0,0,0,0,0,0
2021S051659090010,0,0,0,0,0,0,0,0,0,0,0,0,0,0,0,0,0,0,0,0,0,0
2021S051659090011,1,7,0,0,0,0,0,0,0,0,0,0,0,0,0,0,0,0,0,0,0,0
2021S051659090012,0,0,0,0,0,0,0,0,0,0,0,0,0,0,0,0,0,0,0,0,0,0
2021S051659090013,0,0,0,0,0,0,0,0,0,0,0,0,0,0,0,0,0,0,0,0,0,0
2021S051659090014,2,38,0,0,0,0,0,0,0,0,0,0,0,0,0,0,0,0,0,0,0,0
2021S051659090015,0,0,0,0,0,0,0,0,0,0,0,0,0,0,0,0,0,0,0,0,0,0
2021S051659090017,1,7,0,0,0,0,0,0,0,0,0,0,0,0,0,0,0,0,0,0,0,0
2021S051659090018,0,0,0,0,0,0,0,0,0,0,0,0,0,0,0,0,0,0,0,0,0,0
2021S051659090019,0,0,0,0,0,0,0,0,0,0,0,0,0,0,0,0,0,0,0,0,0,0
2021S051659090020,0,0,0,0,0,0,0,0,0,0,0,0,0,0,0,0,0,0,0,0,0,0
2021S051659090023,0,0,0,0,0,0,0,0,0,0,0,0,0,0,0,0,0,0,0,0,0,0
2021S051659090024,2,153,0,0,0,0,0,0,0,0,0,0,0,0,0,0,0,0,0,0,0,0
2021S051659090025,214,2780,1,59,2,74,4,81,0,0,2,5,1,4,2,41,2,41,35,242,37,260
2021S051659090026,2,10,0,0,0,0,0,0,0,0,0,0,0,0,0,0,0,0,0,0,0,0
2021S051659090028,128,940,1,4,0,0,1,33,0,0,0,0,0,0,0,0,0,0,4,43,4,43
2021S051659090030,1,35,0,0,0,0,0,0,0,0,0,0,0,0,0,0,0,0,0,0,0,0
2021S051659090031,57,822,0,0,0,0,0,0,0,0,0,0,0,0,0,0,0,0,1,1,1,1
2021S051659090032,0,0,0,0,0,0,0,0,0,0,0,0,0,0,0,0,0,0,0,0,0,0
2021S051659090033,0,0,0,0,0,0,0,0,0,0,0,0,0,0,0,0,0,0,0,0,0,0
2021S051659090035,0,0,0,0,0,0,0,0,0,0,0,0,0,0,0,0,0,0,0,0,0,0
2021S051659090036,0,0,0,0,0,0,0,0,0,0,0,0,0,0,0,0,0,0,0,0,0,0
2021S051659090037,0,0,0,0,0,0,0,0,0,0,0,0,0,0,0,0,0,0,0,0,0,0
2021S051659090038,0,0,0,0,0,0,0,0,0,0,0,0,0,0,0,0,0,0,0,0,0,0
2021S051659090039,0,0,0,0,0,0,0,0,0,0,0,0,0,0,0,0,0,0,0,0,0,0
2021S051659090040,0,0,0,0,0,0,0,0,0,0,0,0,0,0,0,0,0,0,0,0,0,0
2021S051659090041,11,133,0,0,0,0,0,0,0,0,0,0,0,0,0,0,0,0,2,34,2,34
2021S051659090042,0,0,0,0,0,0,0,0,0,0,0,0,0,0,0,0,0,0,0,0,0,0
2021S051659090043,2,38,0,0,0,0,0,0,0,0,0,0,0,0,0,0,0,0,0,0,0,0
2021S051659090044,366,2090,0,0,1,7,0,0,0,0,0,0,0,0,0,0,0,0,20,112,20,112
2021S051659090045,425,4683,1,20,3,5,3,4,0,0,0,0,0,0,0,0,1,3,122,798,122,798
2021S051659090046,609,12741,8,106,17,469,16,352,2,14,5,118,1,10,4,65,9,239,56,930,59,1170
2021S051659090047,0,0,0,0,0,0,0,0,0,0,0,0,0,0,0,0,0,0,0,0,0,0
2021S051659090051,408,5955,2,156,7,131,6,120,0,0,2,5,0,0,4,238,4,238,82,1225,84,1263
2021S051659090052,136,944,0,0,0,0,0,0,0,0,0,0,0,0,0,0,1,3,9,32,9,32
2021S051659090053,203,1551,0,0,1,7,1,7,0,0,0,0,0,0,0,0,1,3,10,57,11,64
2021S051659090054,0,0,0,0,0,0,0,0,0,0,0,0,0,0,0,0,0,0,0,0,0,0
2021S051659090055,1,35,0,0,0,0,0,0,0,0,0,0,0,0,0,0,0,0,0,0,0,0
2021S051659090057,290,2708,1,1,1,7,2,8,0,0,1,7,0,0,0,0,1,35,9,52,10,59
2021S051659090058,0,0,0,0,0,0,0,0,0,0,0,0,0,0,0,0,0,0,0,0,0,0
2021S051659090061,357,5273,0,0,0,0,2,8,0,0,1,3,0,0,1,5,6,34,16,82,16,82
2021S051659090062,825,12657,0,0,2,2,2,2,0,0,0,0,0,0,0,0,1,3,14,137,14,137
2021S051659090063,2,153,0,0,0,0,0,0,0,0,0,0,0,0,0,0,0,0,0,0,0,0
2021S051659090064,1,7,0,0,0,0,0,0,0,0,0,0,0,0,0,0,0,0,0,0,0,0
2021S051659090066,184,2250,1,3,4,16,3,24,0,0,0,0,1,20,1,34,4,87,18,182,18,182
2021S051659090068,176,1084,0,0,2,6,0,0,0,0,0,0,0,0,0,0,1,3,7,45,7,45
2021S051659090069,260,3895,0,0,1,1,1,1,0,0,0,0,0,0,0,0,0,0,5,46,5,46
2021S051659090071,388,3499,1,3,2,18,2,4,0,0,0,0,0,0,2,4,2,4,7,29,7,29
2021S051659090072,0,0,0,0,0,0,0,0,0,0,0,0,0,0,0,0,0,0,0,0,0,0
2021S051659090073,0,0,0,0,0,0,0,0,0,0,0,0,0,0,0,0,0,0,0,0,0,0
2021S051659090074,373,6199,0,0,1,5,1,5,0,0,0,0,0,0,0,0,0,0,7,32,7,32
2021S051659090075,11,177,0,0,0,0,0,0,0,0,0,0,0,0,0,0,0,0,2,5,2,5
2021S051659090076,0,0,0,0,0,0,0,0,0,0,0,0,0,0,0,0,0,0,0,0,0,0
2021S051659090077,2,90,0,0,0,0,0,0,0,0,0,0,0,0,0,0,0,0,0,0,0,0
2021S051659090078,6,90,0,0,0,0,0,0,0,0,0,0,0,0,0,0,0,0,1,2,1,2
2021S051659090079,0,0,0,0,0,0,0,0,0,0,0,0,0,0,0,0,0,0,0,0,0,0
2021S051659090080,1,7,0,0,0,0,0,0,0,0,0,0,0,0,0,0,0,0,0,0,0,0
2021S051659090083,51,759,0,0,0,0,0,0,0,0,0,0,0,0,1,13,1,13,3,17,3,17
2021S051659090084,238,2412,0,0,1,9,0,0,0,0,0,0,0,0,0,0,0,0,4,20,4,20
2021S051659090085,191,2687,0,0,0,0,0,0,0,0,1,3,0,0,2,16,2,16,13,56,13,56
2021S051659090086,0,0,0,0,0,0,0,0,0,0,0,0,0,0,0,0,0,0,0,0,0,0
2021S051659090087,198,1366,2,2,1,7,0,0,0,0,0,0,1,1,0,0,1,15,11,120,11,120
2021S051659090089,211,3360,3,68,2,4,2,5,0,0,0,0,1,33,4,129,6,178,21,431,21,431
2021S051659090090,232,1628,0,0,2,9,2,9,1,6,2,7,0,0,0,0,1,3,11,60,11,60
2021S051659090091,1346,27184,10,228,23,806,32,952,7,21,20,649,3,75,14,204,26,840,272,4286,283,5056
2021S051659090093,549,6908,1,6,3,41,2,13,0,0,3,20,0,0,0,0,2,6,25,123,26,130
2021S051659090094,117,663,0,0,2,6,1,3,1,3,1,3,0,0,0,0,0,0,2,6,2,6
2021S051659090098,211,1389,0,0,2,6,2,6,1,3,2,6,0,0,1,3,4,9,10,66,11,69
2021S051659090101,520,8827,3,128,9,165,8,150,4,35,5,49,0,0,3,21,6,44,31,362,31,362
2021S051659090102,0,0,0,0,0,0,0,0,0,0,0,0,0,0,0,0,0,0,0,0,0,0
2021S051659090103,294,3036,0,0,1,3,1,3,0,0,0,0,0,0,1,3,2,6,13,29,14,32
2021S051659090104,305,2003,2,8,4,11,3,9,0,0,2,10,0,0,0,0,1,1,12,61,12,61
2021S051659090105,897,12128,2,23,11,152,14,222,0,0,6,173,0,0,5,50,6,53,181,1689,185,1781
2021S051659090106,146,1066,0,0,3,6,2,3,0,0,0,0,0,0,3,16,4,21,11,32,11,32
2021S051659090107,1,7,0,0,0,0,0,0,0,0,0,0,0,0,0,0,0,0,0,0,0,0
2021S051659090848,102,1109,1,3,1,3,1,3,0,0,0,0,0,0,0,0,0,0,3,6,3,6
2021S051659150002,204,1516,0,0,2,8,1,1,0,0,1,7,0,0,0,0,0,0,9,21,9,21
2021S051659150003,462,3280,0,0,1,2,1,1,0,0,0,0,0,0,1,1,1,1,6,14,6,14
2021S051659150004,289,1347,0,0,1,3,1,3,0,0,0,0,0,0,1,3,3,21,5,26,5,26
2021S051659150005,201,1944,0,0,0,0,0,0,0,0,0,0,0,0,0,0,0,0,6,16,6,16
2021S051659150006,310,1250,0,0,1,11,1,11,1,11,1,11,0,0,1,3,2,4,5,18,5,18
2021S051659150007,876,10212,1,3,5,11,2,3,0,0,2,3,0,0,1,3,3,21,13,48,13,48
2021S051659150008,184,956,0,0,0,0,0,0,0,0,0,0,0,0,0,0,1,1,2,3,2,3
2021S051659150009,186,1948,0,0,0,0,0,0,0,0,0,0,0,0,0,0,0,0,4,22,4,22
2021S051659150010,385,4536,3,10,8,66,5,23,1,11,2,14,1,5,1,15,3,24,21,115,22,118
2021S051659150011,269,2285,0,0,2,3,1,1,0,0,0,0,0,0,0,0,0,0,3,6,3,6
2021S051659150012,238,2064,0,0,0,0,0,0,0,0,0,0,0,0,0,0,1,1,2,6,2,6
2021S051659150013,332,3176,0,0,0,0,0,0,0,0,0,0,0,0,0,0,0,0,2,7,2,7
2021S051659150014,228,2396,0,0,1,3,1,3,0,0,1,3,0,0,0,0,2,22,5,29,5,29
2021S051659150015,221,1890,1,7,2,10,1,7,0,0,0,0,0,0,0,0,0,0,4,14,4,14
2021S051659150016,221,1749,0,0,0,0,0,0,0,0,0,0,0,0,0,0,1,2,1,2,1,2
2021S051659150017,218,5114,0,0,1,2,2,5,0,0,0,0,0,0,0,0,0,0,3,7,3,7
2021S051659150018,607,8179,1,2,6,40,6,45,1,3,6,41,0,0,1,5,4,19,25,158,27,188
2021S051659150019,505,7723,0,0,2,111,1,95,0,0,1,16,0,0,0,0,1,6,8,134,8,134
2021S051659150020,642,9857,1,7,10,125,3,17,1,11,4,69,0,0,0,0,2,10,26,216,26,216
2021S051659150024,352,3301,0,0,0,0,0,0,0,0,0,0,0,0,0,0,0,0,5,33,5,33
2021S051659150027,17,171,1,5,0,0,1,5,0,0,0,0,0,0,0,0,0,0,2,6,2,6
2021S051659150028,216,1938,0,0,1,6,0,0,0,0,0,0,0,0,1,7,1,7,4,19,4,19
2021S051659150030,316,4623,1,15,6,71,2,6,0,0,1,2,0,0,0,0,1,7,20,164,20,164
2021S051659150032,204,2825,0,0,0,0,0,0,0,0,0,0,0,0,0,0,0,0,1,2,1,2
2021S051659150033,323,2165,0,0,0,0,0,0,0,0,2,6,0,0,0,0,1,3,5,12,5,12
2021S051659150034,218,3175,0,0,0,0,1,1,0,0,0,0,0,0,1,1,1,1,3,7,3,7
2021S051659150036,4529,113935,14,241,30,373,12,160,1,6,23,78,0,0,4,29,7,51,114,992,119,1075
2021S051659150038,252,2578,0,0,0,0,0,0,0,0,0,0,0,0,0,0,1,2,2,13,2,13
2021S051659150040,278,5930,0,0,0,0,0,0,0,0,0,0,0,0,0,0,0,0,2,6,2,6
2021S051659150041,538,12632,3,84,8,139,5,86,0,0,3,22,0,0,1,5,3,31,32,724,32,724
2021S051659150042,119,1057,0,0,0,0,0,0,0,0,0,0,0,0,0,0,1,3,1,3,1,3
2021S051659150043,296,2546,2,6,3,8,1,3,1,3,2,6,0,0,0,0,0,0,6,14,6,14
2021S051659150044,463,3302,0,0,0,0,1,3,0,0,1,3,0,0,1,7,1,7,4,14,5,17
2021S051659150045,479,5217,0,0,0,0,0,0,0,0,0,0,0,0,0,0,1,1,5,11,5,11
2021S051659150046,504,4997,0,0,4,12,2,6,0,0,1,3,0,0,0,0,0,0,8,20,8,20
2021S051659150047,428,5976,0,0,5,32,5,25,1,6,1,6,1,9,0,0,0,0,16,64,16,64
2021S051659150049,30,534,0,0,1,6,1,6,1,6,1,6,0,0,0,0,0,0,4,55,4,55
2021S051659150050,661,10351,2,6,4,37,2,6,0,0,1,15,0,0,0,0,0,0,10,61,10,61
2021S051659150051,624,11433,3,77,17,235,7,33,2,14,7,56,0,0,0,0,2,16,44,626,46,636
2021S051659150052,345,6256,3,118,6,150,7,191,0,0,2,309,0,0,1,1,4,86,19,620,19,620
2021S051659150053,43,731,0,0,1,2,0,0,0,0,1,2,0,0,0,0,0,0,1,2,1,2
2021S051659150054,338,9211,3,21,10,108,5,39,0,0,1,3,0,0,1,3,2,10,26,232,26,232
2021S051659150055,370,3146,0,0,1,1,1,1,0,0,1,1,0,0,0,0,0,0,3,3,3,3
2021S051659150056,256,1479,0,0,0,0,0,0,0,0,1,1,0,0,0,0,0,0,1,1,1,1
2021S051659150057,487,7702,1,2,1,2,0,0,0,0,0,0,0,0,0,0,0,0,6,29,6,29
2021S051659150059,294,3819,0,0,1,3,2,5,0,0,1,3,0,0,1,2,2,9,12,52,13,55
2021S051659150060,52,527,0,0,0,0,0,0,0,0,1,3,0,0,0,0,0,0,2,4,2,4
2021S051659150061,394,2896,0,0,1,3,0,0,0,0,0,0,0,0,0,0,0,0,7,15,7,15
2021S051659150062,452,11038,0,0,2,14,2,3,0,0,1,6,1,2,1,7,1,7,19,126,19,126
2021S051659150063,443,7413,0,0,1,2,0,0,0,0,2,5,0,0,0,0,0,0,6,23,6,23
2021S051659150064,641,7411,0,0,3,7,2,4,1,3,1,3,0,0,0,0,0,0,8,26,8,26
2021S051659150065,481,5764,1,7,5,99,1,75,0,0,2,81,0,0,0,0,0,0,25,206,26,281
2021S051659150066,319,3107,0,0,0,0,0,0,0,0,0,0,0,0,0,0,0,0,1,2,1,2
2021S051659150067,223,4295,1,2,1,2,0,0,0,0,0,0,0,0,0,0,0,0,4,20,4,20
2021S051659150068,282,3103,0,0,2,2,3,5,0,0,2,11,0,0,0,0,0,0,7,20,7,20
2021S051659150069,186,1194,0,0,1,3,0,0,0,0,1,3,0,0,0,0,0,0,6,14,6,14
2021S051659150070,395,4857,0,0,2,7,2,7,0,0,0,0,0,0,0,0,1,1,8,20,8,20
2021S051659150071,473,3611,2,5,4,13,3,11,1,3,1,6,0,0,0,0,0,0,9,21,10,28
2021S051659150072,222,1758,0,0,0,0,0,0,0,0,1,3,0,0,0,0,0,0,3,16,3,16
2021S051659150073,488,6312,1,2,5,119,2,41,1,26,3,45,0,0,1,3,2,6,18,153,19,168
2021S051659150075,359,2907,0,0,2,5,0,0,0,0,1,2,0,0,0,0,0,0,5,12,5,12
2021S051659150076,118,1827,0,0,0,0,0,0,0,0,0,0,0,0,0,0,0,0,3,34,3,34
2021S051659150077,185,1410,0,0,0,0,0,0,0,0,0,0,0,0,0,0,0,0,4,7,4,7
2021S051659150078,425,3528,0,0,2,2,2,2,0,0,1,2,0,0,0,0,0,0,3,4,3,4
2021S051659150080,476,4803,0,0,0,0,0,0,0,0,0,0,0,0,0,0,0,0,3,10,3,10
2021S051659150081,138,1385,0,0,0,0,0,0,0,0,0,0,0,0,0,0,1,3,2,9,2,9
2021S051659150083,465,4932,2,4,5,9,4,37,1,3,1,32,0,0,2,9,2,9,10,76,10,76
2021S051659150084,151,3832,0,0,1,1,1,1,0,0,0,0,0,0,0,0,0,0,1,1,1,1
2021S051659150085,172,4083,0,0,2,5,1,2,0,0,0,0,0,0,0,0,0,0,5,52,5,52
2021S051659150086,792,17364,1,7,8,96,2,6,1,3,4,31,0,0,0,0,0,0,19,145,19,145
2021S051659150087,144,1087,0,0,1,2,1,2,0,0,0,0,0,0,0,0,1,3,4,7,4,7
2021S051659150088,168,1793,0,0,0,0,0,0,0,0,0,0,0,0,0,0,0,0,3,6,3,6
2021S051659150089,166,2096,0,0,0,0,0,0,0,0,0,0,0,0,0,0,1,3,1,3,1,3
2021S051659150090,464,12199,4,162,9,310,4,21,1,3,6,99,0,0,2,87,7,154,37,676,37,676
2021S051659150091,190,8019,1,7,1,7,0,0,0,0,0,0,0,0,0,0,1,3,4,15,4,15
2021S051659150092,174,1624,0,0,2,5,2,5,0,0,0,0,0,0,0,0,1,7,3,12,3,12
2021S051659150093,293,2497,0,0,0,0,0,0,0,0,1,2,0,0,0,0,1,3,6,15,6,15
2021S051659150094,327,2862,0,0,1,3,2,6,0,0,1,3,0,0,0,0,0,0,4,12,6,18
2021S051659150096,110,2205,0,0,2,69,1,35,0,0,1,35,0,0,0,0,0,0,3,41,4,76
2021S051659150098,128,980,0,0,0,0,0,0,0,0,0,0,0,0,0,0,0,0,0,0,0,0
2021S051659150099,529,20263,5,275,8,359,2,25,0,0,4,43,0,0,0,0,1,3,16,485,17,500
2021S051659150100,187,2360,0,0,2,10,2,6,0,0,0,0,0,0,0,0,0,0,6,35,6,35
2021S051659150101,108,632,0,0,1,2,0,0,0,0,0,0,0,0,0,0,0,0,5,13,5,13
2021S051659150102,177,1913,0,0,1,1,1,1,0,0,0,0,0,0,0,0,1,3,5,34,5,34
2021S051659150103,157,1354,0,0,1,3,0,0,0,0,1,3,0,0,0,0,0,0,1,3,1,3
2021S051659150105,519,17161,4,105,14,234,15,154,0,0,8,125,1,2,3,47,6,77,28,304,34,382
2021S051659150107,73,495,0,0,1,3,0,0,0,0,0,0,0,0,0,0,0,0,1,3,1,3
2021S051659150108,141,655,0,0,1,6,0,0,0,0,0,0,0,0,0,0,0,0,1,6,1,6
2021S051659150109,295,3674,0,0,1,1,2,4,0,0,1,3,0,0,0,0,0,0,1,1,2,4
2021S051659150110,427,7677,3,13,7,101,3,16,0,0,2,77,0,0,1,3,4,80,23,366,23,366
2021S051659150111,101,802,0,0,0,0,0,0,0,0,0,0,0,0,0,0,1,3,2,8,2,8
2021S051659150112,195,1213,0,0,0,0,0,0,0,0,0,0,0,0,0,0,0,0,2,5,2,5
2021S051659150113,461,7588,5,89,11,157,5,55,0,0,6,84,0,0,1,1,1,1,36,681,39,722
2021S051659150114,241,3379,0,0,2,5,1,2,0,0,0,0,0,0,0,0,0,0,4,11,4,11
2021S051659150115,132,1087,0,0,0,0,0,0,0,0,0,0,0,0,0,0,0,0,2,4,2,4
2021S051659150116,566,10845,2,16,11,77,4,28,0,0,2,19,0,0,6,186,7,189,41,715,42,730
2021S051659150117,321,4201,0,0,1,4,1,2,0,0,1,4,1,2,0,0,0,0,5,13,5,13
2021S051659150118,129,831,0,0,0,0,0,0,0,0,0,0,0,0,0,0,0,0,1,1,1,1
2021S051659150119,167,2485,0,0,0,0,0,0,0,0,1,3,0,0,0,0,0,0,2,4,2,4
2021S051659150120,92,935,0,0,0,0,0,0,0,0,0,0,0,0,0,0,0,0,0,0,0,0
2021S051659150121,153,887,0,0,0,0,0,0,0,0,0,0,0,0,1,7,1,7,4,17,4,17
2021S051659150122,224,4103,0,0,1,40,0,0,0,0,1,18,0,0,0,0,2,6,11,248,11,248
2021S051659150123,126,1488,0,0,0,0,0,0,0,0,0,0,0,0,0,0,1,3,1,3,1,3
2021S051659150124,154,1329,0,0,3,8,2,5,1,3,1,3,0,0,0,0,0,0,5,11,5,11
2021S051659150125,309,1907,3,6,3,6,1,1,0,0,1,8,0,0,0,0,1,3,12,70,12,70
2021S051659150127,104,728,0,0,0,0,0,0,0,0,0,0,0,0,0,0,0,0,2,5,2,5
2021S051659150128,188,1802,0,0,1,73,0,0,0,0,0,0,0,0,0,0,2,10,8,112,8,112
2021S051659150129,53,259,0,0,0,0,0,0,0,0,0,0,0,0,0,0,0,0,0,0,0,0
2021S051659150130,231,1665,0,0,0,0,0,0,0,0,0,0,0,0,0,0,0,0,2,3,2,3
2021S051659150131,227,2326,0,0,0,0,1,3,0,0,0,0,0,0,0,0,1,3,4,11,4,11
2021S051659150132,263,3521,1,2,2,14,2,3,0,0,0,0,0,0,1,3,2,6,10,74,10,74
2021S051659150137,949,16486,0,0,2,4,0,0,0,0,2,5,0,0,0,0,0,0,5,16,5,16
2021S051659150139,888,24054,11,398,31,1192,13,360,1,3,9,674,2,13,3,50,9,206,77,2673,82,2808
2021S051659150140,239,3082,0,0,1,2,1,2,0,0,0,0,0,0,0,0,0,0,3,5,3,5
2021S051659150142,109,747,0,0,0,0,0,0,0,0,0,0,0,0,0,0,0,0,0,0,0,0
2021S051659150143,127,1267,0,0,0,0,0,0,0,0,0,0,0,0,0,0,1,3,2,9,2,9
2021S051659150144,152,720,0,0,1,3,0,0,0,0,0,0,0,0,0,0,1,7,3,12,3,12
2021S051659150145,265,3142,0,0,1,7,0,0,0,0,0,0,0,0,0,0,1,1,6,13,6,13
2021S051659150146,133,1217,0,0,0,0,0,0,0,0,0,0,0,0,0,0,0,0,1,7,1,7
2021S051659150148,193,1543,1,2,3,15,2,13,0,0,2,9,0,0,0,0,0,0,7,44,8,47
2021S051659150149,481,7533,2,43,18,372,13,173,0,0,8,138,0,0,0,0,1,3,34,429,42,568
2021S051659150150,140,1512,0,0,0,0,0,0,0,0,0,0,0,0,1,34,1,34,2,40,2,40
2021S051659150151,441,4990,0,0,0,0,0,0,0,0,0,0,0,0,0,0,0,0,10,49,10,49
2021S051659150152,114,825,1,3,1,3,0,0,0,0,0,0,0,0,0,0,0,0,2,10,2,10
2021S051659150154,150,1445,0,0,1,11,1,11,1,11,1,11,0,0,0,0,2,22,5,36,5,36
2021S051659150155,188,2593,0,0,1,13,1,15,0,0,0,0,0,0,0,0,1,2,18,269,19,284
2021S051659150156,255,1805,1,2,1,2,1,2,0,0,0,0,0,0,1,2,1,2,7,12,7,12
2021S051659150157,186,1433,1,8,3,19,0,0,0,0,1,2,0,0,0,0,1,7,7,30,7,30
2021S051659150158,639,10302,0,0,1,3,0,0,0,0,0,0,0,0,0,0,0,0,3,10,3,10
2021S051659150163,204,1677,1,2,3,8,1,3,1,3,1,3,0,0,0,0,0,0,3,8,3,8
2021S051659150164,1326,42752,26,757,45,1588,43,1725,8,257,25,699,3,75,10,464,16,657,192,5788,206,6289
2021S051659150165,253,2832,0,0,0,0,0,0,0,0,0,0,0,0,0,0,0,0,3,6,3,6
2021S051659150166,208,2522,0,0,1,2,0,0,0,0,1,2,0,0,0,0,0,0,6,13,6,13
2021S051659150168,108,1755,0,0,0,0,0,0,0,0,0,0,0,0,0,0,1,7,1,7,1,7
2021S051659150169,244,2574,0,0,0,0,0,0,0,0,0,0,0,0,0,0,0,0,2,14,2,14
2021S051659150171,183,2022,0,0,0,0,0,0,0,0,0,0,0,0,0,0,0,0,3,29,3,29
2021S051659150173,197,1527,0,0,3,8,4,16,0,0,2,11,0,0,2,10,2,10,14,117,16,128
2021S051659150174,81,423,0,0,0,0,0,0,0,0,1,4,0,0,0,0,0,0,2,6,2,6
2021S051659150175,261,2969,1,2,2,77,1,75,0,0,1,75,0,0,1,3,1,3,5,19,6,94
2021S051659150176,355,5232,1,2,0,0,1,2,0,0,2,12,1,2,0,0,0,0,10,61,10,61
2021S051659150177,115,2445,1,1,1,3,2,4,1,3,2,5,0,0,0,0,0,0,5,82,5,82
2021S051659150178,307,5800,0,0,6,77,4,47,0,0,2,30,0,0,1,12,3,30,15,119,17,149
2021S051659150179,298,3324,3,73,12,170,7,132,0,0,2,4,0,0,0,0,1,3,22,173,23,208
2021S051659150180,105,483,0,0,2,4,1,2,0,0,1,2,0,0,0,0,1,7,4,12,4,12
2021S051659150183,815,19563,13,172,29,656,22,453,3,73,10,326,1,10,2,16,8,61,61,1223,69,1497
2021S051659150186,100,899,0,0,0,0,0,0,0,0,0,0,0,0,0,0,0,0,4,8,4,8
2021S051659150187,413,7805,0,0,0,0,0,0,0,0,0,0,0,0,0,0,1,10,9,47,9,47
2021S051659150188,423,6260,0,0,1,3,1,3,0,0,0,0,0,0,1,3,1,3,5,17,6,20
2021S051659150189,133,1262,1,1,0,0,1,1,0,0,0,0,0,0,0,0,0,0,3,3,3,3
2021S051659150191,139,1290,0,0,2,8,2,8,0,0,1,3,0,0,0,0,0,0,3,9,4,12
2021S051659150192,193,3622,0,0,1,5,1,5,0,0,0,0,0,0,0,0,1,10,3,18,3,18
2021S051659150194,333,5038,3,23,10,169,11,478,2,58,6,73,2,9,0,0,1,67,25,573,27,583
2021S051659150195,1,15,0,0,0,0,0,0,0,0,0,0,0,0,0,0,0,0,0,0,0,0
2021S051659150196,431,6689,5,104,7,195,15,320,2,29,9,231,0,0,8,167,9,182,32,463,41,720
2021S051659150198,397,5309,2,23,6,46,3,26,0,0,1,2,0,0,3,123,6,287,41,646,41,646
2021S051659150199,148,856,0,0,0,0,0,0,0,0,0,0,0,0,0,0,0,0,2,5,2,5
2021S051659150200,0,0,0,0,0,0,0,0,0,0,0,0,0,0,0,0,0,0,0,0,0,0
2021S051659150201,137,2096,0,0,1,3,0,0,0,0,0,0,0,0,0,0,0,0,3,26,3,26
2021S051659150202,220,1572,1,2,0,0,0,0,0,0,0,0,0,0,0,0,0,0,3,5,3,5
2021S051659150203,175,881,1,3,2,5,1,3,0,0,1,2,0,0,0,0,1,3,3,8,3,8
2021S051659150204,144,1003,1,3,2,5,1,3,0,0,1,2,0,0,1,57,2,60,8,70,8,70
2021S051659150205,184,1112,0,0,0,0,0,0,0,0,0,0,0,0,0,0,0,0,3,6,3,6
2021S051659150206,269,2305,0,0,1,3,1,3,0,0,0,0,0,0,0,0,1,3,2,4,3,7
2021S051659150207,143,953,0,0,0,0,1,2,0,0,0,0,0,0,1,2,1,2,1,2,1,2
2021S051659150208,240,2513,1,3,1,3,0,0,0,0,0,0,0,0,0,0,0,0,3,5,3,5
2021S051659150209,254,5325,0,0,1,3,0,0,0,0,0,0,0,0,0,0,0,0,3,8,3,8
2021S051659150212,215,1477,0,0,1,1,1,1,0,0,0,0,0,0,1,3,1,3,7,14,7,14
2021S051659150213,39,289,0,0,0,0,0,0,0,0,0,0,0,0,0,0,0,0,1,2,1,2
2021S051659150214,310,2849,0,0,0,0,0,0,0,0,0,0,0,0,0,0,0,0,4,11,4,11
2021S051659150215,158,758,1,1,0,0,0,0,0,0,0,0,0,0,0,0,1,3,3,5,3,5
2021S051659150216,187,1389,0,0,0,0,0,0,0,0,0,0,0,0,0,0,0,0,1,13,1,13
2021S051659150217,182,1861,1,3,1,3,3,7,1,3,0,0,1,2,1,2,1,2,5,11,5,11
2021S051659150218,775,16043,21,517,33,645,34,983,3,65,13,333,6,157,8,371,13,550,69,1494,82,1833
2021S051659150220,198,1306,1,2,1,2,1,2,0,0,0,0,0,0,0,0,1,2,10,86,10,86
2021S051659150221,529,7386,4,42,10,43,12,137,5,51,8,57,0,0,3,13,23,365,60,985,63,998
2021S051659150223,213,1915,1,3,2,6,1,3,0,0,0,0,0,0,0,0,0,0,4,9,4,9
2021S051659150224,265,3177,0,0,0,0,1,1,0,0,0,0,0,0,1,1,4,22,7,62,7,62
2021S051659150225,282,4349,0,0,0,0,0,0,0,0,2,29,0,0,0,0,0,0,5,39,5,39
2021S051659150226,138,682,0,0,2,4,1,1,0,0,0,0,0,0,0,0,0,0,7,15,7,15
2021S051659150227,163,3331,0,0,0,0,0,0,0,0,0,0,0,0,0,0,0,0,7,31,7,31
2021S051659150228,1,7,0,0,0,0,0,0,0,0,0,0,0,0,0,0,0,0,1,1,1,1
2021S051659150230,923,9145,7,115,20,183,17,206,3,15,16,157,1,20,3,80,17,318,62,807,71,901
2021S051659150231,0,0,0,0,0,0,0,0,0,0,0,0,0,0,0,0,0,0,0,0,0,0
2021S051659150234,74,610,0,0,0,0,0,0,0,0,0,0,0,0,1,3,1,3,2,4,2,4
2021S051659150236,272,2769,0,0,1,7,1,7,0,0,0,0,0,0,0,0,0,0,2,3,3,10
2021S051659150237,367,6480,4,75,13,240,13,227,3,62,7,109,0,0,0,0,9,87,37,580,39,598
2021S051659150238,217,1415,2,4,5,34,3,28,0,0,2,10,0,0,1,7,5,37,10,63,12,73
2021S051659150239,196,2339,0,0,1,4,0,0,0,0,0,0,0,0,0,0,0,0,3,125,3,125
2021S051659150240,246,1490,2,7,1,3,0,0,0,0,0,0,0,0,0,0,1,7,5,42,5,42
2021S051659150241,284,2570,0,0,1,3,0,0,0,0,0,0,0,0,0,0,1,3,4,15,4,15
2021S051659150242,1135,14296,5,27,20,314,19,393,2,14,8,157,1,5,8,98,18,335,76,914,83,1242
2021S051659150243,176,3871,0,0,0,0,0,0,0,0,0,0,0,0,0,0,0,0,2,3,2,3
2021S051659150244,168,1274,0,0,1,1,1,1,0,0,1,7,0,0,0,0,0,0,5,17,5,17
2021S051659150245,215,3917,0,0,3,8,2,6,1,3,1,3,0,0,0,0,0,0,5,13,5,13
2021S051659150247,153,910,0,0,0,0,0,0,0,0,0,0,0,0,0,0,0,0,0,0,0,0
2021S051659150248,257,1623,0,0,1,3,1,3,0,0,1,3,0,0,0,0,0,0,2,5,3,8
2021S051659150249,139,864,0,0,1,2,2,3,0,0,0,0,0,0,2,13,2,13,6,21,6,21
2021S051659150250,4,168,0,0,0,0,0,0,0,0,0,0,0,0,0,0,0,0,0,0,0,0
2021S051659150251,233,2854,4,16,4,10,2,5,0,0,1,1,1,7,0,0,2,6,18,86,18,86
2021S051659150252,237,2586,0,0,1,3,1,3,0,0,0,0,0,0,1,63,1,63,6,82,7,85
2021S051659150253,267,3765,0,0,2,6,1,3,1,3,1,3,0,0,0,0,0,0,5,14,5,14
2021S051659150254,257,2700,0,0,0,0,1,1,0,0,0,0,0,0,1,1,4,22,5,134,5,134
2021S051659150256,0,0,0,0,0,0,0,0,0,0,0,0,0,0,0,0,0,0,0,0,0,0
2021S051659150259,155,881,1,2,1,2,0,0,0,0,0,0,0,0,0,0,0,0,2,7,2,7
2021S051659150260,282,1874,0,0,1,7,1,7,0,0,2,10,0,0,0,0,1,7,7,23,8,30
2021S051659150261,424,9339,6,137,12,458,13,168,2,52,7,363,1,33,2,29,2,29,36,914,40,1002
2021S051659150262,214,1353,0,0,2,13,1,7,0,0,3,16,0,0,1,3,2,10,5,21,6,28
2021S051659150263,170,1915,0,0,0,0,0,0,0,0,0,0,0,0,0,0,0,0,3,5,3,5
2021S051659150264,0,0,0,0,0,0,0,0,0,0,0,0,0,0,0,0,0,0,0,0,0,0
2021S051659150265,222,2010,3,6,3,103,6,118,1,26,2,101,1,2,2,17,4,42,19,156,20,231
2021S051659150267,165,947,0,0,1,3,1,3,1,3,1,3,0,0,0,0,1,3,5,41,5,41
2021S051659150269,467,4405,1,2,3,16,3,15,0,0,1,2,1,2,0,0,0,0,7,26,7,26
2021S051659150270,198,2009,1,3,2,6,3,41,1,3,1,3,0,0,2,68,3,75,13,307,14,342
2021S051659150272,196,1782,0,0,2,9,1,7,0,0,2,9,0,0,0,0,0,0,2,4,3,11
2021S051659150274,842,15147,1,42,18,258,14,133,2,14,6,42,0,0,3,28,5,32,33,359,37,387
2021S051659150277,154,1093,0,0,0,0,0,0,0,0,0,0,0,0,0,0,0,0,2,4,2,4
2021S051659150278,710,13490,11,442,16,526,23,624,3,82,13,208,3,94,5,170,9,364,98,2346,103,2481
2021S051659150280,212,1484,0,0,1,2,1,2,0,0,1,6,0,0,0,0,0,0,4,16,4,16
2021S051659150281,0,0,0,0,0,0,0,0,0,0,0,0,0,0,0,0,0,0,0,0,0,0
2021S051659150282,242,2815,0,0,0,0,0,0,0,0,0,0,0,0,0,0,1,7,6,96,6,96
2021S051659150283,311,4322,2,152,7,228,5,78,1,26,2,61,1,4,0,0,2,14,14,222,15,257
2021S051659150286,403,5900,3,34,9,125,9,122,2,17,9,100,1,2,0,0,0,0,18,77,21,150
2021S051659150287,237,1423,1,3,2,5,2,5,0,0,1,1,0,0,0,0,0,0,4,7,4,7
2021S051659150288,526,6272,2,13,2,13,3,15,0,0,1,6,1,2,1,3,2,6,6,27,6,27
2021S051659150289,488,7657,4,21,9,82,5,8,0,0,1,3,1,14,3,50,4,53,35,407,36,410
2021S051659150291,470,8379,5,19,7,104,7,165,0,0,4,91,2,61,1,7,5,23,25,305,29,396
2021S051659150292,205,1386,2,17,2,17,1,3,0,0,1,12,0,0,0,0,1,3,7,37,7,37
2021S051659150293,477,7050,2,31,7,61,6,49,0,0,1,7,0,0,3,19,4,22,29,242,30,249
2021S051659150294,0,0,0,0,0,0,0,0,0,0,0,0,0,0,0,0,0,0,0,0,0,0
2021S051659150296,305,2952,0,0,1,2,1,5,0,0,1,2,0,0,1,5,1,5,5,12,5,12
2021S051659150297,115,944,0,0,0,0,0,0,0,0,0,0,0,0,0,0,0,0,2,2,2,2
2021S051659150299,341,3286,1,2,2,5,1,2,0,0,0,0,0,0,0,0,1,15,9,30,9,30
2021S051659150301,412,3008,1,4,3,12,4,19,0,0,2,8,0,0,0,0,2,13,26,71,27,78
2021S051659150302,182,1466,1,3,2,14,3,16,2,14,3,17,0,0,1,2,1,2,7,29,7,29
2021S051659150303,157,1766,0,0,0,0,0,0,0,0,1,3,0,0,0,0,0,0,3,5,3,5
2021S051659150304,106,681,1,7,2,9,2,9,0,0,0,0,0,0,0,0,1,3,6,19,6,19
2021S051659150305,293,3435,2,28,3,30,1,25,0,0,0,0,0,0,1,3,1,3,6,38,6,38
2021S051659150306,551,6688,2,4,5,23,8,63,1,3,3,25,0,0,1,2,3,24,84,505,86,527
2021S051659150307,12,96,0,0,0,0,0,0,0,0,0,0,0,0,0,0,0,0,0,0,0,0
2021S051659150308,404,5074,3,72,9,80,9,66,3,34,6,53,0,0,3,11,4,18,27,295,30,320
2021S051659150309,0,0,0,0,0,0,0,0,0,0,0,0,0,0,0,0,0,0,0,0,0,0
2021S051659150311,160,1143,0,0,0,0,0,0,0,0,1,3,0,0,0,0,1,3,4,13,4,13
2021S051659150312,433,7892,0,0,0,0,0,0,0,0,0,0,0,0,0,0,0,0,1,5,1,5
2021S051659150313,223,1577,0,0,3,6,3,6,0,0,1,2,0,0,0,0,1,3,10,42,10,42
2021S051659150314,120,644,0,0,1,1,1,1,0,0,0,0,0,0,0,0,1,3,4,13,4,13
2021S051659150315,121,2354,0,0,2,54,1,323,0,0,4,380,0,0,0,0,0,0,9,563,9,563
2021S051659150316,1837,40783,19,1247,36,1812,23,861,6,69,15,90,0,0,2,5,17,263,163,3673,168,4199
2021S051659150317,231,1512,0,0,1,2,1,2,0,0,0,0,0,0,0,0,0,0,3,4,3,4
2021S051659150318,96,560,0,0,1,2,0,0,0,0,1,2,0,0,0,0,0,0,2,3,2,3
2021S051659150321,294,2432,1,3,3,7,3,7,0,0,0,0,0,0,0,0,1,3,8,21,8,21
2021S051659150322,150,806,0,0,1,1,2,2,0,0,0,0,0,0,1,1,1,1,5,5,5,5
2021S051659150323,204,1340,0,0,1,4,0,0,0,0,1,4,0,0,0,0,1,3,5,11,5,11
2021S051659150324,712,12976,8,128,11,205,8,219,0,0,3,9,3,43,2,10,6,114,56,1037,56,1037
2021S051659150325,867,14924,6,118,20,367,17,239,3,116,12,188,0,0,9,435,20,659,92,1701,97,1748
2021S051659150327,246,1814,0,0,2,6,1,3,0,0,0,0,0,0,0,0,0,0,4,8,4,8
2021S051659150328,84,1102,0,0,0,0,0,0,0,0,0,0,0,0,0,0,0,0,1,5,1,5
2021S051659150329,99,820,0,0,1,1,1,1,0,0,0,0,0,0,0,0,0,0,2,3,2,3
2021S051659150330,154,898,0,0,1,2,1,2,0,0,0,0,0,0,0,0,0,0,1,2,1,2
2021S051659150331,602,8598,2,8,2,14,0,0,0,0,2,9,0,0,0,0,1,3,17,73,17,73
2021S051659150334,52,547,0,0,0,0,0,0,0,0,0,0,0,0,0,0,0,0,1,1,1,1
2021S051659150335,125,1438,0,0,0,0,0,0,0,0,0,0,0,0,0,0,0,0,0,0,0,0
2021S051659150336,516,8605,2,84,5,92,4,15,1,3,6,24,0,0,0,0,1,3,14,167,15,174
2021S051659150337,1017,18660,0,0,3,15,2,13,1,3,1,3,0,0,0,0,0,0,11,33,11,33
2021S051659150338,2842,75242,4,32,8,66,2,23,0,0,12,29,0,0,0,0,1,34,50,293,53,296
2021S051659150339,1026,19228,7,103,10,110,5,87,0,0,2,8,0,0,0,0,2,12,27,219,27,219
2021S051659150340,718,20960,0,0,1,3,0,0,0,0,0,0,0,0,0,0,0,0,7,46,7,46
2021S051659150341,2078,39770,5,40,15,181,8,55,1,3,5,40,1,2,2,20,2,20,64,740,64,740
2021S051659150342,464,4703,0,0,1,2,0,0,0,0,0,0,0,0,0,0,1,3,8,21,8,21
2021S051659150343,272,2056,0,0,0,0,0,0,0,0,0,0,0,0,0,0,0,0,1,1,1,1
2021S051659150344,146,946,0,0,2,8,1,5,0,0,0,0,0,0,1,3,2,6,7,26,7,26
2021S051659150345,274,2756,0,0,1,3,1,3,0,0,0,0,0,0,0,0,1,35,7,61,8,64
2021S051659150346,66,270,0,0,0,0,0,0,0,0,0,0,0,0,0,0,1,3,1,3,1,3
2021S051659150347,183,1229,0,0,0,0,0,0,0,0,1,2,0,0,0,0,0,0,4,10,4,10
2021S051659150348,144,2284,0,0,1,1,1,1,0,0,0,0,0,0,0,0,0,0,4,7,4,7
2021S051659150349,251,4844,0,0,4,90,3,7,0,0,0,0,0,0,2,6,2,6,12,418,12,418
2021S051659150350,241,3769,0,0,2,326,1,1,0,0,1,2,0,0,2,8,2,8,7,344,7,344
2021S051659150351,406,3488,0,0,1,3,2,4,0,0,1,3,0,0,3,23,4,30,5,32,6,35
2021S051659150352,355,6713,0,0,1,2,0,0,0,0,0,0,0,0,0,0,0,0,5,19,5,19
2021S051659150353,307,6208,0,0,0,0,0,0,0,0,0,0,0,0,0,0,1,1,2,6,2,6
2021S051659150354,278,1878,0,0,0,0,0,0,0,0,0,0,0,0,0,0,1,15,7,53,7,53
2021S051659150355,243,2390,1,9,0,0,2,6,0,0,1,3,0,0,0,0,1,3,9,160,9,160
2021S051659150356,260,2228,0,0,1,4,0,0,0,0,1,4,0,0,1,27,2,30,3,34,3,34
2021S051659150357,363,4727,0,0,1,2,1,2,0,0,1,1,0,0,1,34,2,39,6,99,6,99
2021S051659150358,247,1804,0,0,1,7,0,0,0,0,1,2,0,0,0,0,0,0,8,19,8,19
2021S051659150359,269,1495,0,0,0,0,0,0,0,0,0,0,0,0,1,7,1,7,4,17,4,17
2021S051659150360,406,2981,0,0,0,0,0,0,0,0,0,0,0,0,1,7,3,13,13,111,13,111
2021S051659150361,318,2876,0,0,0,0,1,5,0,0,0,0,0,0,4,24,7,33,13,126,13,126
2021S051659150362,427,10036,2,245,6,321,4,267,1,21,4,96,0,0,2,76,3,78,20,599,21,614
2021S051659150363,527,6772,3,16,6,48,2,2,0,0,0,0,0,0,2,18,6,50,25,420,25,420
2021S051659150364,185,1491,0,0,1,15,2,90,0,0,1,15,0,0,0,0,1,3,2,4,4,94
2021S051659150365,666,7584,1,2,2,15,1,2,0,0,2,4,0,0,0,0,0,0,12,86,12,86
2021S051659150366,382,4896,4,26,10,112,6,65,1,26,3,39,0,0,1,3,7,53,26,283,27,286
2021S051659150367,104,464,1,3,2,4,2,4,0,0,0,0,0,0,0,0,0,0,3,6,3,6
2021S051659150368,242,2099,0,0,2,5,0,0,0,0,0,0,0,0,0,0,0,0,2,5,2,5
2021S051659150369,494,6163,2,3,5,7,4,35,0,0,0,0,0,0,1,2,1,2,12,56,12,56
2021S051659150370,827,16135,7,319,23,1058,26,1430,1,35,15,350,2,249,0,0,3,183,71,1135,82,1987
2021S051659150371,301,3616,0,0,1,3,1,3,0,0,0,0,0,0,0,0,0,0,5,30,6,33
2021S051659150372,943,14154,5,208,4,43,7,94,0,0,4,57,2,150,2,28,7,87,80,1112,81,1147
2021S051659150373,291,2980,1,2,2,5,0,0,0,0,1,2,0,0,0,0,1,1,8,17,8,17
2021S051659150374,2476,42236,2,4,13,221,6,26,1,3,3,21,0,0,0,0,4,51,49,543,49,543
2021S051659150375,262,2388,2,4,3,5,2,3,0,0,1,2,1,2,0,0,0,0,5,14,5,14
2021S051659150376,770,9699,0,0,0,0,0,0,0,0,0,0,0,0,0,0,1,5,4,10,4,10
2021S051659150377,161,1290,1,1,2,2,1,1,0,0,0,0,0,0,0,0,0,0,3,3,3,3
2021S051659150378,114,558,0,0,0,0,0,0,0,0,0,0,0,0,0,0,1,7,2,10,2,10
2021S051659150379,345,2242,0,0,0,0,0,0,0,0,0,0,0,0,0,0,1,7,7,45,7,45
2021S051659150380,593,8361,0,0,4,9,1,1,0,0,0,0,0,0,2,10,2,10,14,62,14,62
2021S051659150381,604,14851,8,98,21,359,17,346,3,39,10,320,2,27,6,57,8,95,54,946,59,1194
2021S051659152000,194,2203,0,0,3,23,3,23,2,22,2,22,0,0,1,1,2,3,9,38,9,38
2021S051659152001,162,1030,1,14,0,0,0,0,0,0,0,0,1,14,0,0,1,3,5,22,5,22
2021S051659152002,200,4951,1,64,3,71,0,0,0,0,1,2,0,0,0,0,0,0,6,87,6,87
2021S051659170002,0,0,0,0,0,0,0,0,0,0,0,0,0,0,0,0,0,0,0,0,0,0
2021S051659170003,5,15,0,0,0,0,0,0,0,0,0,0,0,0,0,0,0,0,0,0,0,0
2021S051659170005,5,87,0,0,0,0,0,0,0,0,0,0,0,0,0,0,0,0,0,0,0,0
2021S051659170006,230,2187,1,7,3,15,2,22,0,0,2,17,0,0,0,0,1,7,18,66,19,81
2021S051659170007,0,0,0,0,0,0,0,0,0,0,0,0,0,0,0,0,0,0,0,0,0,0
2021S051659170008,160,2173,4,71,9,110,7,87,0,0,2,38,0,0,2,6,3,13,17,134,19,172
2021S051659170009,172,2166,0,0,3,311,1,11,1,11,1,11,0,0,0,0,0,0,8,321,8,321
2021S051659170010,120,848,0,0,2,6,1,3,1,3,3,7,0,0,0,0,1,1,8,17,8,17
2021S051659170011,373,5065,1,3,4,104,1,3,1,3,2,18,0,0,0,0,0,0,15,296,15,296
2021S051659170012,3,81,0,0,0,0,0,0,0,0,0,0,0,0,0,0,0,0,0,0,0,0
2021S051659170013,440,5838,2,128,6,190,6,248,2,17,5,63,0,0,1,5,2,8,33,287,34,322
2021S051659170014,14,277,0,0,1,3,1,3,1,3,1,3,0,0,0,0,0,0,1,3,1,3
2021S051659170015,282,6296,2,229,5,250,2,5,1,3,2,13,0,0,3,43,6,228,28,560,28,560
2021S051659170017,83,565,0,0,0,0,0,0,0,0,0,0,0,0,1,7,1,7,1,7,1,7
2021S051659170018,14,114,0,0,0,0,0,0,0,0,0,0,0,0,0,0,0,0,0,0,0,0
2021S051659170019,353,3525,0,0,0,0,0,0,0,0,0,0,0,0,0,0,3,7,13,35,13,35
2021S051659170020,305,4723,1,3,5,19,4,17,1,3,1,3,0,0,0,0,0,0,9,29,9,29
2021S051659170021,366,2983,1,6,1,6,1,6,0,0,0,0,0,0,0,0,0,0,5,20,5,20
2021S051659170022,216,2354,1,1,2,3,1,1,0,0,1,2,0,0,0,0,0,0,4,6,4,6
2021S051659170023,289,5009,0,0,1,40,3,40,0,0,2,47,0,0,0,0,0,0,6,78,7,85
2021S051659170024,223,2682,0,0,1,16,0,0,0,0,1,16,0,0,0,0,1,3,7,47,7,47
2021S051659170025,585,12731,2,63,8,107,4,63,1,6,3,11,0,0,0,0,4,64,21,297,21,297
2021S051659170026,206,1666,0,0,3,14,3,14,2,9,2,9,0,0,1,6,1,6,11,30,11,30
2021S051659170027,157,1298,0,0,0,0,1,2,0,0,0,0,0,0,1,2,1,2,7,18,7,18
2021S051659170028,1,3,0,0,0,0,0,0,0,0,0,0,0,0,0,0,0,0,0,0,0,0
2021S051659170029,171,1564,1,1,1,2,0,0,0,0,0,0,0,0,0,0,0,0,4,8,4,8
2021S051659170030,163,3321,1,7,2,12,0,0,0,0,0,0,0,0,0,0,0,0,9,22,9,22
2021S051659170031,165,1067,0,0,0,0,0,0,0,0,0,0,0,0,0,0,0,0,1,1,1,1
2021S051659170032,157,2505,0,0,0,0,0,0,0,0,0,0,0,0,0,0,1,3,6,35,6,35
2021S051659170033,190,3569,0,0,0,0,0,0,0,0,0,0,0,0,0,0,0,0,2,8,2,8
2021S051659170036,308,2143,2,3,2,3,1,1,0,0,0,0,0,0,0,0,0,0,11,32,11,32
2021S051659170037,454,7857,3,44,8,73,4,34,2,6,3,9,0,0,0,0,1,35,19,136,20,139
2021S051659170038,554,12404,2,19,3,30,2,22,1,11,1,11,0,0,0,0,1,35,8,89,8,89
2021S051659170039,116,1448,0,0,2,88,1,75,0,0,0,0,0,0,0,0,0,0,8,30,9,105
2021S051659170040,14,202,0,0,0,0,0,0,0,0,0,0,0,0,0,0,0,0,1,6,1,6
2021S051659170041,10,258,0,0,0,0,0,0,0,0,0,0,0,0,0,0,0,0,0,0,0,0
2021S051659170042,291,3649,0,0,1,1,2,2,0,0,0,0,0,0,1,1,2,4,9,41,9,41
2021S051659170044,225,3603,0,0,2,3,1,1,0,0,0,0,0,0,0,0,0,0,6,12,6,12
2021S051659170045,460,9266,5,42,15,201,8,51,3,22,8,87,0,0,2,20,7,63,40,343,41,358
2021S051659170047,215,1145,1,2,1,1,0,0,0,0,0,0,0,0,0,0,0,0,3,5,3,5
2021S051659170048,389,7402,1,2,3,37,1,1,0,0,0,0,0,0,1,3,1,3,7,55,7,55
2021S051659170049,344,4214,0,0,1,3,0,0,0,0,0,0,0,0,0,0,0,0,9,22,9,22
2021S051659170051,4,44,0,0,0,0,0,0,0,0,0,0,0,0,0,0,0,0,0,0,0,0
2021S051659170052,199,2260,2,33,3,35,0,0,0,0,0,0,0,0,0,0,1,3,11,77,11,77
2021S051659170053,162,3409,0,0,0,0,0,0,0,0,1,3,0,0,0,0,0,0,3,17,3,17
2021S051659170054,207,2282,0,0,1,3,1,3,0,0,1,3,0,0,0,0,0,0,2,2,3,5
2021S051659170055,188,1771,1,2,1,2,0,0,0,0,0,0,0,0,0,0,2,6,5,21,5,21
2021S051659170056,219,3276,0,0,0,0,0,0,0,0,0,0,0,0,0,0,0,0,4,7,4,7
2021S051659170057,208,2689,0,0,0,0,0,0,0,0,0,0,0,0,0,0,0,0,2,3,2,3
2021S051659170058,293,2959,0,0,2,2,2,2,0,0,1,4,0,0,0,0,0,0,4,8,4,8
2021S051659170059,266,2620,0,0,0,0,0,0,0,0,0,0,0,0,0,0,0,0,3,6,3,6
2021S051659170060,361,3245,0,0,2,19,0,0,0,0,1,1,0,0,0,0,0,0,16,61,16,61
2021S051659170061,204,1638,0,0,1,3,1,3,1,3,1,3,0,0,0,0,0,0,3,51,3,51
2021S051659170062,263,4881,2,8,3,26,4,50,0,0,3,58,1,5,0,0,2,17,16,203,18,245
2021S051659170063,1982,37469,0,0,12,113,6,35,0,0,4,27,0,0,1,7,2,19,37,306,40,327
2021S051659170111,721,7006,2,4,6,19,4,8,1,3,3,12,0,0,0,0,2,10,51,192,51,192
2021S051659170112,225,3663,1,3,4,35,0,0,0,0,2,13,0,0,0,0,0,0,10,62,10,62
2021S051659190002,0,0,0,0,0,0,0,0,0,0,0,0,0,0,0,0,0,0,0,0,0,0
2021S051659190003,12,447,0,0,0,0,0,0,0,0,0,0,0,0,0,0,0,0,1,2,1,2
2021S051659190004,1,35,0,0,0,0,0,0,0,0,0,0,0,0,0,0,0,0,0,0,0,0
2021S051659190005,205,3066,0,0,1,3,2,5,1,3,1,3,0,0,3,291,4,298,8,305,8,305
2021S051659190006,0,0,0,0,0,0,0,0,0,0,0,0,0,0,0,0,0,0,0,0,0,0
2021S051659190007,0,0,0,0,0,0,0,0,0,0,0,0,0,0,0,0,0,0,0,0,0,0
2021S051659190008,0,0,0,0,0,0,0,0,0,0,0,0,0,0,0,0,0,0,0,0,0,0
2021S051659190009,7,37,0,0,0,0,0,0,0,0,0,0,0,0,1,6,1,6,1,6,1,6
2021S051659190011,356,4500,1,3,4,127,2,150,1,109,3,135,1,41,4,86,5,121,47,501,47,501
2021S051659190012,0,0,0,0,0,0,0,0,0,0,0,0,0,0,0,0,0,0,0,0,0,0
2021S051659190014,12,88,0,0,0,0,0,0,0,0,0,0,0,0,0,0,0,0,3,31,3,31
2021S051659190015,0,0,0,0,0,0,0,0,0,0,0,0,0,0,0,0,0,0,0,0,0,0
2021S051659190016,0,0,0,0,0,0,0,0,0,0,0,0,0,0,0,0,0,0,0,0,0,0
2021S051659190018,68,2341,0,0,1,2,0,0,0,0,0,0,0,0,1,13,1,13,7,53,7,53
2021S051659190019,452,5619,0,0,1,7,1,35,0,0,1,35,0,0,0,0,1,16,10,48,11,83
2021S051659190020,258,2608,1,9,2,3,2,3,0,0,0,0,0,0,0,0,5,28,23,90,23,90
2021S051659190021,0,0,0,0,0,0,0,0,0,0,0,0,0,0,0,0,0,0,0,0,0,0
2021S051659190022,1,7,0,0,0,0,0,0,0,0,0,0,0,0,0,0,0,0,0,0,0,0
2021S051659190023,2,18,0,0,0,0,0,0,0,0,0,0,0,0,0,0,0,0,0,0,0,0
2021S051659190024,0,0,0,0,0,0,0,0,0,0,0,0,0,0,0,0,0,0,0,0,0,0
2021S051659190025,0,0,0,0,0,0,0,0,0,0,0,0,0,0,0,0,0,0,0,0,0,0
2021S051659190026,387,4015,2,4,3,24,5,41,1,11,2,14,0,0,5,127,11,174,44,288,44,288
2021S051659190027,0,0,0,0,0,0,0,0,0,0,0,0,0,0,0,0,0,0,0,0,0,0
2021S051659190028,1,75,0,0,0,0,0,0,0,0,0,0,0,0,0,0,0,0,0,0,0,0
2021S051659190035,168,3358,1,2,2,6,1,2,0,0,0,0,0,0,0,0,1,1,5,14,5,14
2021S051659190036,187,2530,0,0,0,0,2,2,0,0,0,0,0,0,2,2,2,2,9,23,9,23
2021S051659190037,156,1857,0,0,3,113,4,115,1,109,2,112,0,0,1,2,1,2,10,344,11,347
2021S051659190038,0,0,0,0,0,0,0,0,0,0,0,0,0,0,0,0,0,0,0,0,0,0
2021S051659190039,133,1331,0,0,1,6,1,6,1,6,1,6,0,0,1,12,2,17,7,41,7,41
2021S051659190040,146,1357,0,0,1,7,0,0,0,0,0,0,0,0,1,27,1,27,13,76,13,76
2021S051659190041,231,4088,6,19,3,9,5,82,0,0,3,79,0,0,7,221,14,253,33,347,35,425
2021S051659190042,124,1490,1,4,1,4,2,7,0,0,2,7,0,0,0,0,1,1,7,40,8,43
2021S051659190043,0,0,0,0,0,0,0,0,0,0,0,0,0,0,0,0,0,0,0,0,0,0
2021S051659210001,445,3952,4,22,7,30,6,26,1,3,2,4,2,5,3,94,8,101,55,443,56,446
2021S051659210002,181,1103,0,0,1,1,2,2,0,0,0,0,0,0,1,1,2,16,13,56,13,56
2021S051659210003,2,42,0,0,0,0,0,0,0,0,0,0,0,0,0,0,0,0,0,0,0,0
2021S051659210004,318,2725,0,0,1,1,1,1,0,0,0,0,0,0,0,0,0,0,9,37,9,37
2021S051659210005,342,2937,1,2,2,13,4,20,1,11,2,12,0,0,3,15,5,47,20,103,20,103
2021S051659210006,190,1222,0,0,3,16,2,3,0,0,0,0,0,0,0,0,0,0,14,46,14,46
2021S051659210007,494,7791,0,0,3,52,3,33,1,26,1,26,0,0,3,20,5,30,13,119,13,119
2021S051659210009,1,35,0,0,0,0,0,0,0,0,0,0,0,0,0,0,0,0,0,0,0,0
2021S051659210010,324,7009,0,0,0,0,1,3,0,0,1,3,0,0,0,0,1,3,4,31,5,34
2021S051659210011,375,5657,0,0,2,5,1,2,0,0,1,8,0,0,0,0,1,7,11,35,11,35
2021S051659210012,152,827,1,2,2,3,1,1,0,0,0,0,0,0,1,6,1,6,8,22,8,22
2021S051659210013,262,3684,0,0,0,0,0,0,0,0,1,8,0,0,0,0,3,13,4,21,4,21
2021S051659210014,154,762,2,8,0,0,1,5,0,0,0,0,1,3,0,0,0,0,4,13,4,13
2021S051659210015,327,4521,1,3,3,11,2,5,0,0,0,0,0,0,0,0,1,11,7,29,7,29
2021S051659210016,126,1232,0,0,0,0,0,0,0,0,0,0,0,0,0,0,0,0,0,0,0,0
2021S051659210017,554,8496,2,10,7,30,6,37,0,0,5,32,0,0,2,37,3,42,20,103,25,137
2021S051659210018,567,9785,1,2,1,2,0,0,0,0,0,0,0,0,0,0,2,183,10,196,10,196
2021S051659210019,115,2198,0,0,0,0,0,0,0,0,0,0,0,0,0,0,0,0,0,0,0,0
2021S051659210020,108,784,0,0,0,0,0,0,0,0,0,0,0,0,0,0,0,0,3,12,3,12
2021S051659210021,114,1324,0,0,0,0,0,0,0,0,0,0,0,0,0,0,1,1,5,83,5,83
2021S051659210022,196,3725,0,0,4,61,5,92,0,0,5,135,0,0,1,113,4,125,15,421,18,506
2021S051659210023,7,276,0,0,0,0,0,0,0,0,0,0,0,0,0,0,1,2,1,2,1,2
2021S051659210024,2,6,0,0,0,0,0,0,0,0,0,0,0,0,0,0,0,0,0,0,0,0
2021S051659210025,263,3652,1,111,3,37,5,51,0,0,2,10,0,0,0,0,2,6,24,223,26,265
2021S051659230001,381,5828,0,0,3,28,1,2,0,0,0,0,0,0,1,3,3,5,20,248,20,248
2021S051659230002,0,0,0,0,0,0,0,0,0,0,0,0,0,0,0,0,0,0,0,0,0,0
2021S051659230003,0,0,0,0,0,0,0,0,0,0,0,0,0,0,0,0,0,0,0,0,0,0
2021S051659230005,3,188,0,0,0,0,0,0,0,0,0,0,0,0,0,0,0,0,0,0,0,0
2021S051659230006,0,0,0,0,0,0,0,0,0,0,0,0,0,0,0,0,0,0,0,0,0,0
2021S051659230007,0,0,0,0,0,0,0,0,0,0,0,0,0,0,0,0,0,0,0,0,0,0
2021S051659230008,0,0,0,0,0,0,0,0,0,0,0,0,0,0,0,0,0,0,0,0,0,0
2021S051659230009,0,0,0,0,0,0,0,0,0,0,0,0,0,0,0,0,0,0,0,0,0,0
2021S051659230010,11,520,0,0,0,0,0,0,0,0,0,0,0,0,0,0,0,0,0,0,0,0
2021S051659230011,302,3831,1,3,4,25,1,3,0,0,0,0,0,0,3,195,3,195,12,235,12,235
2021S051659230012,1,35,0,0,0,0,0,0,0,0,0,0,0,0,0,0,0,0,0,0,0,0
2021S051659230013,0,0,0,0,0,0,0,0,0,0,0,0,0,0,0,0,0,0,0,0,0,0
2021S051659230014,261,6096,1,28,4,66,3,61,0,0,1,1,0,0,1,27,1,27,16,440,16,440
2021S051659230015,6,102,0,0,0,0,0,0,0,0,0,0,0,0,0,0,0,0,0,0,0,0
2021S051659230016,0,0,0,0,0,0,0,0,0,0,0,0,0,0,0,0,0,0,0,0,0,0
2021S051659230017,0,0,0,0,0,0,0,0,0,0,0,0,0,0,0,0,0,0,0,0,0,0
2021S051659230018,0,0,0,0,0,0,0,0,0,0,0,0,0,0,0,0,0,0,0,0,0,0
2021S051659230019,0,0,0,0,0,0,0,0,0,0,0,0,0,0,0,0,0,0,0,0,0,0
2021S051659230020,0,0,0,0,0,0,0,0,0,0,0,0,0,0,0,0,0,0,0,0,0,0
2021S051659230021,12,224,0,0,0,0,0,0,0,0,0,0,0,0,0,0,0,0,1,15,1,15
2021S051659230022,15,85,0,0,0,0,0,0,0,0,0,0,0,0,0,0,0,0,5,18,5,18
2021S051659230023,190,1362,1,2,2,4,2,3,0,0,0,0,0,0,3,7,6,12,14,35,14,35
2021S051659240001,208,3188,1,12,4,24,3,15,0,0,0,0,0,0,3,8,7,18,24,504,24,504
2021S051659240002,6,178,0,0,0,0,0,0,0,0,0,0,0,0,0,0,0,0,1,10,1,10
2021S051659240003,0,0,0,0,0,0,0,0,0,0,0,0,0,0,0,0,0,0,0,0,0,0
2021S051659240004,0,0,0,0,0,0,0,0,0,0,0,0,0,0,0,0,0,0,0,0,0,0
2021S051659240005,0,0,0,0,0,0,0,0,0,0,0,0,0,0,0,0,0,0,0,0,0,0
2021S051659240006,0,0,0,0,0,0,0,0,0,0,0,0,0,0,0,0,0,0,0,0,0,0
2021S051659240007,109,651,0,0,1,1,1,1,0,0,0,0,0,0,0,0,1,1,9,34,9,34
2021S051659240008,422,6743,1,15,4,44,4,76,2,41,4,49,1,20,0,0,4,27,27,210,29,226
2021S051659240009,0,0,0,0,0,0,0,0,0,0,0,0,0,0,0,0,0,0,0,0,0,0
2021S051659240010,0,0,0,0,0,0,0,0,0,0,0,0,0,0,0,0,0,0,0,0,0,0
2021S051659240011,33,701,0,0,0,0,0,0,0,0,0,0,0,0,0,0,0,0,2,16,2,16
2021S051659240012,16,220,0,0,0,0,0,0,0,0,0,0,0,0,0,0,0,0,3,7,3,7
2021S051659240013,453,8590,0,0,3,23,1,3,1,3,1,3,0,0,0,0,2,24,13,904,13,904
2021S051659240014,0,0,0,0,0,0,0,0,0,0,0,0,0,0,0,0,0,0,0,0,0,0
2021S051659240015,0,0,0,0,0,0,0,0,0,0,0,0,0,0,0,0,0,0,0,0,0,0
2021S051659240017,2,10,0,0,0,0,0,0,0,0,0,0,0,0,0,0,0,0,1,3,1,3
2021S051659240018,4,12,0,0,0,0,0,0,0,0,0,0,0,0,0,0,0,0,1,2,1,2
2021S051659240019,0,0,0,0,0,0,0,0,0,0,0,0,0,0,0,0,0,0,0,0,0,0
2021S051659240020,174,2105,0,0,0,0,0,0,0,0,1,1,0,0,0,0,3,4,10,20,10,20
2021S051659240021,0,0,0,0,0,0,0,0,0,0,0,0,0,0,0,0,0,0,0,0,0,0
2021S051659240022,0,0,0,0,0,0,0,0,0,0,0,0,0,0,0,0,0,0,0,0,0,0
2021S051659240023,0,0,0,0,0,0,0,0,0,0,0,0,0,0,0,0,0,0,0,0,0,0
2021S051659240024,6,110,0,0,0,0,0,0,0,0,0,0,0,0,0,0,0,0,0,0,0,0
2021S051659240025,0,0,0,0,0,0,0,0,0,0,0,0,0,0,0,0,0,0,0,0,0,0
2021S051659240026,306,2593,0,0,0,0,0,0,0,0,1,1,0,0,0,0,4,6,13,28,13,28
2021S051659242000,0,0,0,0,0,0,0,0,0,0,0,0,0,0,0,0,0,0,0,0,0,0
2021S051659242001,0,0,0,0,0,0,0,0,0,0,0,0,0,0,0,0,0,0,0,0,0,0
2021S051659260001,290,2110,1,3,2,4,4,8,0,0,0,0,0,0,3,10,9,33,43,166,43,166
2021S051659260002,246,1762,0,0,2,4,2,4,1,3,1,3,0,0,2,37,7,64,27,108,27,108
2021S051659260003,714,12836,1,7,3,35,1,1,0,0,0,0,0,0,1,1,3,9,18,84,18,84
2021S051659260004,0,0,0,0,0,0,0,0,0,0,0,0,0,0,0,0,0,0,0,0,0,0
2021S051659260005,410,5778,0,0,0,0,2,8,0,0,2,9,0,0,2,8,6,80,19,128,19,128
2021S051659260006,424,3862,0,0,4,25,1,3,0,0,0,0,0,0,0,0,1,1,15,77,16,80
2021S051659260007,342,3634,0,0,1,13,0,0,0,0,1,2,0,0,2,33,5,38,38,307,38,307
2021S051659260009,2,18,0,0,0,0,0,0,0,0,0,0,0,0,0,0,0,0,0,0,0,0
2021S051659260010,2,18,0,0,0,0,0,0,0,0,0,0,0,0,0,0,0,0,0,0,0,0
2021S051659270001,57,379,0,0,0,0,0,0,0,0,1,3,0,0,0,0,1,2,5,26,5,26
2021S051659270003,17,302,0,0,0,0,0,0,0,0,0,0,0,0,0,0,1,5,2,12,2,12
2021S051659270005,0,0,0,0,0,0,0,0,0,0,0,0,0,0,0,0,0,0,0,0,0,0
2021S051659270945,691,7538,0,0,3,20,2,7,0,0,0,0,0,0,1,12,9,43,35,160,35,160
2021S051659290001,346,2529,0,0,2,2,3,5,0,0,1,32,0,0,0,0,7,15,33,287,33,287
2021S051659290002,0,0,0,0,0,0,0,0,0,0,0,0,0,0,0,0,0,0,0,0,0,0
2021S051659290003,441,5260,1,6,6,44,3,15,2,9,3,13,0,0,1,3,5,14,25,196,25,196
2021S051659290005,0,0,0,0,0,0,0,0,0,0,0,0,0,0,0,0,0,0,0,0,0,0
2021S051659290602,490,5378,0,0,2,8,0,0,0,0,0,0,0,0,1,3,2,5,16,62,16,62
2021S051659310001,665,7316,0,0,4,20,1,3,0,0,2,5,0,0,2,6,6,33,31,122,32,125
2021S051659310002,0,0,0,0,0,0,0,0,0,0,0,0,0,0,0,0,0,0,0,0,0,0
2021S051659310003,1,3,0,0,0,0,0,0,0,0,0,0,0,0,0,0,0,0,0,0,0,0
2021S051659310004,0,0,0,0,0,0,0,0,0,0,0,0,0,0,0,0,0,0,0,0,0,0
2021S051659310005,5,159,0,0,0,0,0,0,0,0,0,0,0,0,0,0,0,0,0,0,0,0
2021S051659310006,0,0,0,0,0,0,0,0,0,0,0,0,0,0,0,0,0,0,0,0,0,0
2021S051659310007,0,0,0,0,0,0,0,0,0,0,0,0,0,0,0,0,0,0,0,0,0,0
2021S051659310008,0,0,0,0,0,0,0,0,0,0,0,0,0,0,0,0,0,0,0,0,0,0
2021S051659310009,12,124,0,0,0,0,0,0,0,0,0,0,0,0,0,0,0,0,0,0,0,0
2021S051659310010,0,0,0,0,0,0,0,0,0,0,0,0,0,0,0,0,0,0,0,0,0,0
2021S051659310011,0,0,0,0,0,0,0,0,0,0,0,0,0,0,0,0,0,0,0,0,0,0
2021S051659310012,0,0,0,0,0,0,0,0,0,0,0,0,0,0,0,0,0,0,0,0,0,0
2021S051659310013,0,0,0,0,0,0,0,0,0,0,0,0,0,0,0,0,0,0,0,0,0,0
2021S051659310014,0,0,0,0,0,0,0,0,0,0,0,0,0,0,0,0,0,0,0,0,0,0
2021S051659310015,0,0,0,0,0,0,0,0,0,0,0,0,0,0,0,0,0,0,0,0,0,0
2021S051659310016,0,0,0,0,0,0,0,0,0,0,0,0,0,0,0,0,0,0,0,0,0,0
2021S051659310017,0,0,0,0,0,0,0,0,0,0,0,0,0,0,0,0,0,0,0,0,0,0
2021S051659310018,0,0,0,0,0,0,0,0,0,0,0,0,0,0,0,0,0,0,0,0,0,0
2021S051659310019,0,0,0,0,0,0,0,0,0,0,0,0,0,0,0,0,0,0,0,0,0,0
2021S051659310020,0,0,0,0,0,0,0,0,0,0,0,0,0,0,0,0,0,0,0,0,0,0
2021S051659310021,0,0,0,0,0,0,0,0,0,0,0,0,0,0,0,0,0,0,0,0,0,0
2021S051659310022,0,0,0,0,0,0,0,0,0,0,0,0,0,0,0,0,0,0,0,0,0,0
2021S051659310023,3,21,0,0,0,0,0,0,0,0,0,0,0,0,0,0,0,0,1,1,1,1
2021S051659310024,870,15351,0,0,7,42,4,14,0,0,2,9,0,0,1,3,1,3,20,102,21,109
2021S051659310025,0,0,0,0,0,0,0,0,0,0,0,0,0,0,0,0,0,0,0,0,0,0
2021S051659310026,76,532,0,0,2,4,0,0,0,0,1,2,0,0,1,27,1,27,6,38,6,38
2021S051659310028,0,0,0,0,0,0,0,0,0,0,0,0,0,0,0,0,0,0,0,0,0,0
2021S051659310029,613,9070,4,20,11,111,6,68,2,57,3,60,0,0,1,30,6,67,31,215,31,215
2021S051659310030,6,98,0,0,0,0,0,0,0,0,0,0,0,0,0,0,0,0,0,0,0,0
2021S051659310031,0,0,0,0,0,0,0,0,0,0,0,0,0,0,0,0,0,0,0,0,0,0
2021S051659310032,0,0,0,0,0,0,0,0,0,0,0,0,0,0,0,0,0,0,0,0,0,0
2021S051659310033,0,0,0,0,0,0,0,0,0,0,0,0,0,0,0,0,0,0,0,0,0,0
2021S051659310034,0,0,0,0,0,0,0,0,0,0,0,0,0,0,0,0,0,0,0,0,0,0
2021S051659310035,0,0,0,0,0,0,0,0,0,0,0,0,0,0,0,0,0,0,0,0,0,0
2021S051659310036,110,974,0,0,0,0,0,0,0,0,0,0,0,0,0,0,2,11,2,11,2,11
2021S051659330002,2,10,0,0,0,0,0,0,0,0,0,0,0,0,0,0,0,0,1,3,1,3
2021S051659330003,0,0,0,0,0,0,0,0,0,0,0,0,0,0,0,0,0,0,0,0,0,0
2021S051659330004,0,0,0,0,0,0,0,0,0,0,0,0,0,0,0,0,0,0,0,0,0,0
2021S051659330005,77,1273,0,0,0,0,0,0,0,0,1,1,0,0,0,0,0,0,8,174,9,175
2021S051659330006,0,0,0,0,0,0,0,0,0,0,0,0,0,0,0,0,0,0,0,0,0,0
2021S051659330007,0,0,0,0,0,0,0,0,0,0,0,0,0,0,0,0,0,0,0,0,0,0
2021S051659330008,0,0,0,0,0,0,0,0,0,0,0,0,0,0,0,0,0,0,0,0,0,0
2021S051659330009,0,0,0,0,0,0,0,0,0,0,0,0,0,0,0,0,0,0,0,0,0,0
2021S051659330010,0,0,0,0,0,0,0,0,0,0,0,0,0,0,0,0,0,0,0,0,0,0
2021S051659330011,1,75,0,0,0,0,0,0,0,0,0,0,0,0,0,0,0,0,0,0,0,0
2021S051659330012,122,1523,0,0,0,0,0,0,0,0,0,0,0,0,0,0,1,1,8,22,8,22
2021S051659330013,5,15,0,0,0,0,0,0,0,0,0,0,0,0,0,0,0,0,1,3,1,3
2021S051659330014,0,0,0,0,0,0,0,0,0,0,0,0,0,0,0,0,0,0,0,0,0,0
2021S051659330015,0,0,0,0,0,0,0,0,0,0,0,0,0,0,0,0,0,0,0,0,0,0
2021S051659330016,0,0,0,0,0,0,0,0,0,0,0,0,0,0,0,0,0,0,0,0,0,0
2021S051659330017,10,50,0,0,0,0,0,0,0,0,0,0,0,0,0,0,0,0,0,0,0,0
2021S051659330018,2,38,0,0,0,0,0,0,0,0,0,0,0,0,0,0,0,0,0,0,0,0
2021S051659330019,0,0,0,0,0,0,0,0,0,0,0,0,0,0,0,0,0,0,0,0,0,0
2021S051659330020,0,0,0,0,0,0,0,0,0,0,0,0,0,0,0,0,0,0,0,0,0,0
2021S051659330021,0,0,0,0,0,0,0,0,0,0,0,0,0,0,0,0,0,0,0,0,0,0
2021S051659330022,0,0,0,0,0,0,0,0,0,0,0,0,0,0,0,0,0,0,0,0,0,0
2021S051659330023,0,0,0,0,0,0,0,0,0,0,0,0,0,0,0,0,0,0,0,0,0,0
2021S051659330024,0,0,0,0,0,0,0,0,0,0,0,0,0,0,0,0,0,0,0,0,0,0
2021S051659330025,0,0,0,0,0,0,0,0,0,0,0,0,0,0,0,0,0,0,0,0,0,0
2021S051659330026,0,0,0,0,0,0,0,0,0,0,0,0,0,0,0,0,0,0,0,0,0,0
2021S051659330027,44,1059,0,0,1,2,1,2,0,0,1,1,0,0,0,0,0,0,3,6,4,7
2021S051659330028,0,0,0,0,0,0,0,0,0,0,0,0,0,0,0,0,0,0,0,0,0,0
2021S051659330029,155,1950,0,0,0,0,2,14,0,0,1,4,0,0,1,10,2,20,5,25,6,29
2021S051659330030,0,0,0,0,0,0,0,0,0,0,0,0,0,0,0,0,0,0,0,0,0,0
2021S051659330031,0,0,0,0,0,0,0,0,0,0,0,0,0,0,0,0,0,0,0,0,0,0
2021S051659330032,111,1318,0,0,1,6,1,2,0,0,2,15,1,2,0,0,0,0,6,25,6,25
2021S051659330033,288,5806,1,16,2,13,4,50,0,0,2,33,1,20,3,40,4,45,17,228,17,228
2021S051659330034,0,0,0,0,0,0,0,0,0,0,0,0,0,0,0,0,0,0,0,0,0,0
2021S051659330035,0,0,0,0,0,0,0,0,0,0,0,0,0,0,0,0,0,0,0,0,0,0
2021S051659330036,96,1255,0,0,1,2,1,15,0,0,0,0,0,0,1,113,3,119,6,142,6,142
2021S051659330037,0,0,0,0,0,0,0,0,0,0,0,0,0,0,0,0,0,0,0,0,0,0
2021S051659330038,0,0,0,0,0,0,0,0,0,0,0,0,0,0,0,0,0,0,0,0,0,0
2021S051659330039,7,65,0,0,0,0,0,0,0,0,0,0,0,0,0,0,0,0,1,3,1,3
2021S051659330040,0,0,0,0,0,0,0,0,0,0,0,0,0,0,0,0,0,0,0,0,0,0
2021S051659330041,0,0,0,0,0,0,0,0,0,0,0,0,0,0,0,0,0,0,0,0,0,0
2021S051659330042,0,0,0,0,0,0,0,0,0,0,0,0,0,0,0,0,0,0,0,0,0,0
2021S051659330043,201,2981,0,0,1,3,1,1,0,0,0,0,0,0,1,1,1,1,7,37,7,37
2021S051659330044,302,4835,0,0,2,4,1,1,0,0,0,0,0,0,0,0,1,35,5,41,5,41
2021S051659330045,288,4146,2,16,2,78,2,78,0,0,2,78,1,14,0,0,2,16,10,48,12,126
2021S051659330046,0,0,0,0,0,0,0,0,0,0,0,0,0,0,0,0,0,0,0,0,0,0
2021S051659330047,0,0,0,0,0,0,0,0,0,0,0,0,0,0,0,0,0,0,0,0,0,0
2021S051659330048,846,12345,0,0,3,26,1,2,0,0,1,1,1,2,0,0,0,0,21,80,21,80
2021S051659330049,0,0,0,0,0,0,0,0,0,0,0,0,0,0,0,0,0,0,0,0,0,0
2021S051659330050,0,0,0,0,0,0,0,0,0,0,0,0,0,0,0,0,0,0,0,0,0,0
2021S051659330051,132,1084,0,0,0,0,0,0,0,0,0,0,0,0,0,0,0,0,0,0,0,0
2021S051659330052,317,4283,2,40,0,0,1,7,0,0,2,15,0,0,0,0,1,58,11,139,12,146
2021S051659330055,0,0,0,0,0,0,0,0,0,0,0,0,0,0,0,0,0,0,0,0,0,0
2021S051659330056,1,150,0,0,0,0,0,0,0,0,0,0,0,0,0,0,0,0,0,0,0,0
2021S051659330057,0,0,0,0,0,0,0,0,0,0,0,0,0,0,0,0,0,0,0,0,0,0
2021S051659330058,0,0,0,0,0,0,0,0,0,0,0,0,0,0,0,0,0,0,0,0,0,0
2021S051659330060,0,0,0,0,0,0,0,0,0,0,0,0,0,0,0,0,0,0,0,0,0,0
2021S051659330061,4,48,0,0,0,0,0,0,0,0,0,0,0,0,0,0,0,0,1,3,1,3
2021S051659330062,0,0,0,0,0,0,0,0,0,0,0,0,0,0,0,0,0,0,0,0,0,0
2021S051659330063,0,0,0,0,0,0,0,0,0,0,0,0,0,0,0,0,0,0,0,0,0,0
2021S051659330064,209,2734,1,2,1,3,5,179,1,3,5,76,0,0,2,83,2,83,21,399,23,437
2021S051659330065,0,0,0,0,0,0,0,0,0,0,0,0,0,0,0,0,0,0,0,0,0,0
2021S051659330066,0,0,0,0,0,0,0,0,0,0,0,0,0,0,0,0,0,0,0,0,0,0
2021S051659330067,0,0,0,0,0,0,0,0,0,0,0,0,0,0,0,0,0,0,0,0,0,0
2021S051659330068,2,6,0,0,0,0,0,0,0,0,0,0,0,0,0,0,0,0,0,0,0,0
2021S051659330069,0,0,0,0,0,0,0,0,0,0,0,0,0,0,0,0,0,0,0,0,0,0
2021S051659330070,0,0,0,0,0,0,0,0,0,0,0,0,0,0,0,0,0,0,0,0,0,0
2021S051659330071,0,0,0,0,0,0,0,0,0,0,0,0,0,0,0,0,0,0,0,0,0,0
2021S051659330072,0,0,0,0,0,0,0,0,0,0,0,0,0,0,0,0,0,0,0,0,0,0
2021S051659330073,0,0,0,0,0,0,0,0,0,0,0,0,0,0,0,0,0,0,0,0,0,0
2021S051659330074,0,0,0,0,0,0,0,0,0,0,0,0,0,0,0,0,0,0,0,0,0,0
2021S051659330075,0,0,0,0,0,0,0,0,0,0,0,0,0,0,0,0,0,0,0,0,0,0
2021S051659330076,0,0,0,0,0,0,0,0,0,0,0,0,0,0,0,0,0,0,0,0,0,0
2021S051659330077,0,0,0,0,0,0,0,0,0,0,0,0,0,0,0,0,0,0,0,0,0,0
2021S051659330078,0,0,0,0,0,0,0,0,0,0,0,0,0,0,0,0,0,0,0,0,0,0
2021S051659330079,1,15,0,0,0,0,0,0,0,0,0,0,0,0,0,0,0,0,0,0,0,0
2021S051659330080,0,0,0,0,0,0,0,0,0,0,0,0,0,0,0,0,0,0,0,0,0,0
2021S051659330081,5,210,0,0,0,0,0,0,0,0,0,0,0,0,0,0,0,0,0,0,0,0
2021S051659330082,0,0,0,0,0,0,0,0,0,0,0,0,0,0,0,0,0,0,0,0,0,0
2021S051659330083,4,28,0,0,0,0,0,0,0,0,0,0,0,0,0,0,0,0,1,10,1,10
2021S051659330084,0,0,0,0,0,0,0,0,0,0,0,0,0,0,0,0,0,0,0,0,0,0
2021S051659330085,0,0,0,0,0,0,0,0,0,0,0,0,0,0,0,0,0,0,0,0,0,0
2021S051659330086,5,27,0,0,0,0,0,0,0,0,0,0,0,0,0,0,0,0,0,0,0,0
2021S051659330087,0,0,0,0,0,0,0,0,0,0,0,0,0,0,0,0,0,0,0,0,0,0
2021S051659330088,0,0,0,0,0,0,0,0,0,0,0,0,0,0,0,0,0,0,0,0,0,0
2021S051659330089,0,0,0,0,0,0,0,0,0,0,0,0,0,0,0,0,0,0,0,0,0,0
2021S051659330090,0,0,0,0,0,0,0,0,0,0,0,0,0,0,0,0,0,0,0,0,0,0
2021S051659330607,743,13279,1,15,3,58,3,18,0,0,2,15,1,9,2,18,4,68,22,227,23,234
2021S051659330608,501,6782,2,6,1,1,3,7,0,0,1,7,1,5,4,102,13,197,41,318,41,318
2021S051659330609,417,6131,2,13,8,35,9,39,2,6,4,12,1,2,7,235,8,236,37,395,39,401
2021S051659332000,64,715,1,3,1,3,0,0,0,0,0,0,0,0,0,0,1,1,4,295,4,295
2021S051659350003,603,9227,3,39,7,42,6,84,2,17,3,52,1,23,3,67,3,67,75,1057,77,1099
2021S051659350004,442,4022,0,0,2,3,1,1,0,0,1,1,0,0,2,6,3,8,10,86,10,86
2021S051659350005,31,784,0,0,1,75,1,75,0,0,1,75,0,0,0,0,0,0,4,57,5,132
2021S051659350006,508,8526,3,44,13,111,9,195,2,46,10,209,0,0,4,28,10,253,52,1025,57,1168
2021S051659350009,51,588,0,0,0,0,0,0,0,0,1,2,0,0,0,0,0,0,1,2,1,2
2021S051659350010,969,16624,1,2,11,160,9,140,1,26,4,77,0,0,0,0,2,4,35,360,38,417
2021S051659350011,241,4013,0,0,0,0,0,0,0,0,0,0,0,0,0,0,1,15,8,59,8,59
2021S051659350013,235,4262,0,0,1,2,0,0,0,0,0,0,0,0,0,0,0,0,7,70,7,70
2021S051659350014,313,4625,5,36,10,68,10,87,3,23,6,70,1,10,0,0,2,36,24,189,26,228
2021S051659350015,515,6657,0,0,1,2,1,2,0,0,0,0,0,0,0,0,0,0,5,32,5,32
2021S051659350016,318,5169,0,0,2,15,1,2,0,0,0,0,0,0,0,0,1,5,9,28,9,28
2021S051659350017,167,1652,0,0,0,0,0,0,0,0,1,2,0,0,0,0,0,0,5,33,5,33
2021S051659350018,1272,23506,1,15,6,87,0,0,0,0,3,11,0,0,0,0,3,160,31,492,33,508
2021S051659350019,190,2760,0,0,0,0,0,0,0,0,1,1,0,0,0,0,0,0,4,20,4,20
2021S051659350020,250,3116,0,0,0,0,0,0,0,0,0,0,0,0,0,0,0,0,4,12,4,12
2021S051659350021,341,2654,0,0,1,13,0,0,0,0,0,0,0,0,1,3,1,3,8,30,8,30
2021S051659350022,294,1994,0,0,0,0,0,0,0,0,1,2,0,0,0,0,3,9,24,121,24,121
2021S051659350023,368,2383,0,0,2,9,1,3,1,3,1,3,0,0,0,0,0,0,17,122,17,122
2021S051659350024,514,4894,2,17,7,37,4,15,2,8,3,9,0,0,2,17,4,23,50,324,51,339
2021S051659350025,282,3155,0,0,1,13,0,0,0,0,0,0,0,0,0,0,1,1,13,96,13,96
2021S051659350026,64,324,0,0,0,0,0,0,0,0,0,0,0,0,0,0,0,0,2,3,2,3
2021S051659350027,422,5368,1,2,10,80,6,67,2,37,11,122,0,0,4,329,6,339,35,605,38,634
2021S051659350602,373,3193,1,3,2,4,2,16,0,0,1,15,0,0,1,15,4,20,19,74,20,89
2021S051659370001,281,2407,1,3,1,7,1,7,0,0,1,7,0,0,3,87,5,91,43,316,44,323
2021S051659370002,187,1755,1,2,1,1,1,35,0,0,1,35,0,0,2,13,6,25,21,116,22,151
2021S051659370003,448,6452,4,18,6,59,12,138,1,26,5,92,0,0,6,322,7,323,77,1239,80,1304
2021S051659370004,272,2526,0,0,2,5,3,7,0,0,0,0,0,0,1,1,5,85,24,213,24,213
2021S051659370005,7,177,0,0,0,0,0,0,0,0,0,0,0,0,0,0,1,10,1,10,1,10
2021S051659370006,27,336,0,0,0,0,1,1,0,0,0,0,0,0,1,1,1,1,3,10,3,10
2021S051659370007,0,0,0,0,0,0,0,0,0,0,0,0,0,0,0,0,0,0,0,0,0,0
2021S051659370008,204,2203,2,4,5,23,3,5,0,0,1,2,0,0,1,1,1,1,15,161,15,161
2021S051659370009,58,290,0,0,0,0,0,0,0,0,0,0,0,0,0,0,1,1,6,7,6,7
2021S051659370010,1073,14979,5,30,11,107,4,46,1,3,2,38,0,0,0,0,1,1,31,204,32,239
2021S051659370011,0,0,0,0,0,0,0,0,0,0,0,0,0,0,0,0,0,0,0,0,0,0
2021S051659370012,182,1441,1,64,2,65,1,1,0,0,0,0,0,0,1,3,2,6,8,96,8,96
2021S051659370013,1,3,0,0,0,0,0,0,0,0,0,0,0,0,0,0,0,0,0,0,0,0
2021S051659370014,431,7560,1,2,3,10,3,13,0,0,0,0,0,0,3,46,5,56,25,166,25,166
2021S051659370015,338,3807,0,0,0,0,2,22,0,0,0,0,0,0,5,361,5,361,21,491,21,491
2021S051659370016,0,0,0,0,0,0,0,0,0,0,0,0,0,0,0,0,0,0,0,0,0,0
2021S051659390001,681,8226,1,3,4,15,3,7,0,0,0,0,0,0,2,75,8,110,26,191,27,194
2021S051659390002,0,0,0,0,0,0,0,0,0,0,0,0,0,0,0,0,0,0,0,0,0,0
2021S051659390003,8,362,0,0,0,0,0,0,0,0,0,0,0,0,0,0,1,2,1,2,1,2
2021S051659390004,0,0,0,0,0,0,0,0,0,0,0,0,0,0,0,0,0,0,0,0,0,0
2021S051659390005,369,2659,1,7,3,10,3,5,0,0,2,4,1,7,2,2,7,12,36,100,37,103
2021S051659390006,3,33,0,0,0,0,0,0,0,0,0,0,0,0,0,0,0,0,1,15,1,15
2021S051659390007,2,22,0,0,0,0,0,0,0,0,0,0,0,0,1,6,1,6,1,6,1,6
2021S051659390008,445,6945,3,21,10,224,12,221,3,44,8,138,0,0,3,17,4,18,50,892,54,980
2021S051659390009,426,5580,0,0,3,8,2,5,1,3,2,4,0,0,0,0,3,3,11,28,11,28
2021S051659390010,7,69,0,0,0,0,0,0,0,0,0,0,0,0,0,0,0,0,0,0,0,0
2021S051659390011,410,4974,0,0,4,19,2,2,0,0,0,0,0,0,3,268,4,270,20,337,20,337
2021S051659390012,12,172,0,0,0,0,0,0,0,0,0,0,0,0,0,0,0,0,1,17,1,17
2021S051659390013,0,0,0,0,0,0,0,0,0,0,0,0,0,0,0,0,0,0,0,0,0,0
2021S051659390014,2,42,0,0,0,0,0,0,0,0,0,0,0,0,0,0,0,0,0,0,0,0
2021S051659410001,51,816,0,0,0,0,0,0,0,0,0,0,0,0,0,0,1,12,9,39,9,39
2021S051659410002,123,1219,0,0,0,0,2,13,0,0,1,3,0,0,3,288,6,303,13,334,14,337
2021S051659410005,0,0,0,0,0,0,0,0,0,0,0,0,0,0,0,0,0,0,0,0,0,0
2021S051659410006,0,0,0,0,0,0,0,0,0,0,0,0,0,0,0,0,0,0,0,0,0,0
2021S051659410008,0,0,0,0,0,0,0,0,0,0,0,0,0,0,0,0,0,0,0,0,0,0
2021S051659410010,0,0,0,0,0,0,0,0,0,0,0,0,0,0,0,0,0,0,0,0,0,0
2021S051659410013,0,0,0,0,0,0,0,0,0,0,0,0,0,0,0,0,0,0,0,0,0,0
2021S051659410014,0,0,0,0,0,0,0,0,0,0,0,0,0,0,0,0,0,0,0,0,0,0
2021S051659410015,0,0,0,0,0,0,0,0,0,0,0,0,0,0,0,0,0,0,0,0,0,0
2021S051659410016,0,0,0,0,0,0,0,0,0,0,0,0,0,0,0,0,0,0,0,0,0,0
2021S051659410017,17,151,0,0,0,0,0,0,0,0,0,0,0,0,0,0,0,0,3,6,3,6
2021S051659410018,0,0,0,0,0,0,0,0,0,0,0,0,0,0,0,0,0,0,0,0,0,0
2021S051659410020,0,0,0,0,0,0,0,0,0,0,0,0,0,0,0,0,0,0,0,0,0,0
2021S051659410021,0,0,0,0,0,0,0,0,0,0,0,0,0,0,0,0,0,0,0,0,0,0
2021S051659410022,1,3,0,0,0,0,0,0,0,0,0,0,0,0,0,0,0,0,0,0,0,0
2021S051659410023,0,0,0,0,0,0,0,0,0,0,0,0,0,0,0,0,0,0,0,0,0,0
2021S051659410024,0,0,0,0,0,0,0,0,0,0,0,0,0,0,0,0,0,0,0,0,0,0
2021S051659410025,0,0,0,0,0,0,0,0,0,0,0,0,0,0,0,0,0,0,0,0,0,0
2021S051659410026,459,8975,0,0,2,7,2,4,0,0,1,3,0,0,2,275,6,319,14,827,15,830
2021S051659410027,172,1196,0,0,1,19,0,0,0,0,0,0,0,0,0,0,4,12,15,61,15,61
2021S051659410028,0,0,0,0,0,0,0,0,0,0,0,0,0,0,0,0,0,0,0,0,0,0
2021S051659410031,0,0,0,0,0,0,0,0,0,0,0,0,0,0,0,0,0,0,0,0,0,0
2021S051659410032,0,0,0,0,0,0,0,0,0,0,0,0,0,0,0,0,0,0,0,0,0,0
2021S051659410036,0,0,0,0,0,0,0,0,0,0,0,0,0,0,0,0,0,0,0,0,0,0
2021S051659410038,0,0,0,0,0,0,0,0,0,0,0,0,0,0,0,0,0,0,0,0,0,0
2021S051659410039,0,0,0,0,0,0,0,0,0,0,0,0,0,0,0,0,0,0,0,0,0,0
2021S051659410040,0,0,0,0,0,0,0,0,0,0,0,0,0,0,0,0,0,0,0,0,0,0
2021S051659410041,0,0,0,0,0,0,0,0,0,0,0,0,0,0,0,0,0,0,0,0,0,0
2021S051659410042,0,0,0,0,0,0,0,0,0,0,0,0,0,0,0,0,0,0,0,0,0,0
2021S051659410043,2,42,0,0,0,0,0,0,0,0,0,0,0,0,0,0,0,0,0,0,0,0
2021S051659410044,170,2438,0,0,1,1,3,9,0,0,5,22,0,0,3,376,7,381,18,414,20,422
2021S051659410045,0,0,0,0,0,0,0,0,0,0,0,0,0,0,0,0,0,0,0,0,0,0
2021S051659410046,0,0,0,0,0,0,0,0,0,0,0,0,0,0,0,0,0,0,0,0,0,0
2021S051659410047,2,6,0,0,0,0,0,0,0,0,0,0,0,0,0,0,0,0,0,0,0,0
2021S051659410048,7,133,0,0,0,0,0,0,0,0,0,0,0,0,0,0,0,0,3,7,3,7
2021S051659410049,0,0,0,0,0,0,0,0,0,0,0,0,0,0,0,0,0,0,0,0,0,0
2021S051659410050,645,10613,1,27,7,63,4,58,1,3,4,12,0,0,6,215,11,229,31,671,32,674
2021S051659410051,0,0,0,0,0,0,0,0,0,0,0,0,0,0,0,0,0,0,0,0,0,0
2021S051659410052,0,0,0,0,0,0,0,0,0,0,0,0,0,0,0,0,0,0,0,0,0,0
2021S051659410053,5,99,0,0,0,0,0,0,0,0,0,0,0,0,0,0,0,0,1,1,1,1
2021S051659410054,0,0,0,0,0,0,0,0,0,0,0,0,0,0,0,0,0,0,0,0,0,0
2021S051659410055,0,0,0,0,0,0,0,0,0,0,0,0,0,0,0,0,0,0,0,0,0,0
2021S051659410056,1,75,0,0,0,0,0,0,0,0,0,0,0,0,0,0,0,0,0,0,0,0
2021S051659410057,0,0,0,0,0,0,0,0,0,0,0,0,0,0,0,0,0,0,0,0,0,0
2021S051659410058,6,86,0,0,0,0,1,10,0,0,0,0,0,0,1,10,1,10,2,13,2,13
2021S051659410059,0,0,0,0,0,0,0,0,0,0,0,0,0,0,0,0,0,0,0,0,0,0
2021S051659410060,418,4705,1,7,3,15,3,15,2,8,3,11,0,0,2,266,6,284,26,377,26,377
2021S051659410061,0,0,0,0,0,0,0,0,0,0,0,0,0,0,0,0,0,0,0,0,0,0
2021S051659410062,0,0,0,0,0,0,0,0,0,0,0,0,0,0,0,0,0,0,0,0,0,0
2021S051659410063,0,0,0,0,0,0,0,0,0,0,0,0,0,0,0,0,0,0,0,0,0,0
2021S051659410064,0,0,0,0,0,0,0,0,0,0,0,0,0,0,0,0,0,0,0,0,0,0
2021S051659410065,0,0,0,0,0,0,0,0,0,0,0,0,0,0,0,0,0,0,0,0,0,0
2021S051659410066,0,0,0,0,0,0,0,0,0,0,0,0,0,0,0,0,0,0,0,0,0,0
2021S051659410067,135,573,0,0,3,8,3,7,2,6,2,6,0,0,1,1,4,4,17,48,17,48
2021S051659410068,0,0,0,0,0,0,0,0,0,0,0,0,0,0,0,0,0,0,0,0,0,0
2021S051659410069,2,110,0,0,0,0,0,0,0,0,0,0,0,0,0,0,0,0,0,0,0,0
2021S051659410070,0,0,0,0,0,0,0,0,0,0,0,0,0,0,0,0,0,0,0,0,0,0
2021S051659410071,0,0,0,0,0,0,0,0,0,0,0,0,0,0,0,0,0,0,0,0,0,0
2021S051659410072,0,0,0,0,0,0,0,0,0,0,0,0,0,0,0,0,0,0,0,0,0,0
2021S051659410073,10,118,0,0,0,0,0,0,0,0,0,0,0,0,0,0,0,0,1,2,1,2
2021S051659410074,0,0,0,0,0,0,0,0,0,0,0,0,0,0,0,0,0,0,0,0,0,0
2021S051659410075,53,686,0,0,0,0,0,0,0,0,1,1,0,0,0,0,1,1,5,10,6,11
2021S051659410076,0,0,0,0,0,0,0,0,0,0,0,0,0,0,0,0,0,0,0,0,0,0
2021S051659410077,40,400,0,0,0,0,0,0,0,0,2,2,0,0,0,0,3,5,5,7,5,7
2021S051659430001,408,5878,0,0,2,8,1,1,0,0,1,7,0,0,1,3,9,55,28,263,28,263
2021S051659430002,0,0,0,0,0,0,0,0,0,0,0,0,0,0,0,0,0,0,0,0,0,0
2021S051659430003,0,0,0,0,0,0,0,0,0,0,0,0,0,0,0,0,0,0,0,0,0,0
2021S051659430004,2,90,0,0,0,0,0,0,0,0,0,0,0,0,0,0,0,0,1,12,1,12
2021S051659430005,0,0,0,0,0,0,0,0,0,0,0,0,0,0,0,0,0,0,0,0,0,0
2021S051659430006,0,0,0,0,0,0,0,0,0,0,0,0,0,0,0,0,0,0,0,0,0,0
2021S051659430007,0,0,0,0,0,0,0,0,0,0,0,0,0,0,0,0,0,0,0,0,0,0
2021S051659430008,3,160,0,0,0,0,0,0,0,0,0,0,0,0,0,0,0,0,0,0,0,0
2021S051659430009,1,35,0,0,0,0,0,0,0,0,0,0,0,0,0,0,0,0,0,0,0,0
2021S051659430010,0,0,0,0,0,0,0,0,0,0,0,0,0,0,0,0,0,0,0,0,0,0
2021S051659430011,0,0,0,0,0,0,0,0,0,0,0,0,0,0,0,0,0,0,0,0,0,0
2021S051659430012,2,10,0,0,0,0,0,0,0,0,0,0,0,0,0,0,0,0,0,0,0,0
2021S051659430013,0,0,0,0,0,0,0,0,0,0,0,0,0,0,0,0,0,0,0,0,0,0
2021S051659430014,0,0,0,0,0,0,0,0,0,0,0,0,0,0,0,0,0,0,0,0,0,0
2021S051659450001,3,33,0,0,0,0,0,0,0,0,0,0,0,0,0,0,0,0,0,0,0,0
2021S051659450002,14,401,0,0,0,0,0,0,0,0,0,0,0,0,0,0,0,0,1,8,1,8
2021S051659450003,49,1073,0,0,0,0,0,0,0,0,0,0,0,0,0,0,1,5,1,5,1,5
2021S051659450004,18,444,0,0,0,0,0,0,0,0,0,0,0,0,1,6,2,8,2,8,2,8
2021S051659450005,1,3,0,0,0,0,0,0,0,0,0,0,0,0,0,0,0,0,0,0,0,0
2021S051659470001,147,2258,0,0,0,0,0,0,0,0,1,3,0,0,0,0,4,21,11,58,11,58
2021S051659470002,0,0,0,0,0,0,0,0,0,0,0,0,0,0,0,0,0,0,0,0,0,0
2021S051659470003,3,49,0,0,0,0,0,0,0,0,0,0,0,0,0,0,0,0,0,0,0,0
2021S051659470004,2,225,0,0,0,0,0,0,0,0,0,0,0,0,0,0,0,0,1,36,1,36
2021S051659470005,0,0,0,0,0,0,0,0,0,0,0,0,0,0,0,0,0,0,0,0,0,0
2021S051659470006,466,8483,0,0,3,11,2,6,0,0,2,6,0,0,1,12,1,12,34,572,36,578
2021S051659470007,32,395,0,0,0,0,0,0,0,0,0,0,0,0,0,0,1,1,1,1,1,1
2021S051659470008,1,150,0,0,0,0,0,0,0,0,0,0,0,0,0,0,0,0,0,0,0,0
2021S051659470009,1,75,0,0,0,0,0,0,0,0,0,0,0,0,0,0,0,0,0,0,0,0
2021S051659470010,0,0,0,0,0,0,0,0,0,0,0,0,0,0,0,0,0,0,0,0,0,0
2021S051659470011,2,6,0,0,0,0,0,0,0,0,0,0,0,0,0,0,0,0,0,0,0,0
2021S051659490001,18,1200,0,0,0,0,1,2,0,0,1,6,1,2,0,0,0,0,2,8,2,8
2021S051659490002,0,0,0,0,0,0,0,0,0,0,0,0,0,0,0,0,0,0,0,0,0,0
2021S051659490003,0,0,0,0,0,0,0,0,0,0,0,0,0,0,0,0,0,0,0,0,0,0
2021S051659490004,0,0,0,0,0,0,0,0,0,0,0,0,0,0,0,0,0,0,0,0,0,0
2021S051659490005,4,96,0,0,0,0,0,0,0,0,0,0,0,0,0,0,0,0,0,0,0,0
2021S051659490006,0,0,0,0,0,0,0,0,0,0,0,0,0,0,0,0,0,0,0,0,0,0
2021S051659490008,3,97,0,0,0,0,0,0,0,0,0,0,0,0,0,0,0,0,0,0,0,0
2021S051659490010,16,761,0,0,0,0,0,0,0,0,0,0,0,0,0,0,2,3,3,8,3,8
2021S051659490011,4,88,0,0,0,0,0,0,0,0,0,0,0,0,0,0,0,0,0,0,0,0
2021S051659490012,6,174,0,0,0,0,0,0,0,0,0,0,0,0,0,0,0,0,0,0,0,0
2021S051659490013,3,73,0,0,0,0,0,0,0,0,0,0,0,0,0,0,0,0,0,0,0,0
2021S051659490014,6,126,0,0,0,0,0,0,0,0,0,0,0,0,0,0,0,0,0,0,0,0
2021S051659490015,0,0,0,0,0,0,0,0,0,0,0,0,0,0,0,0,0,0,0,0,0,0
2021S051659490016,0,0,0,0,0,0,0,0,0,0,0,0,0,0,0,0,0,0,0,0,0,0
2021S051659490017,4,88,0,0,0,0,0,0,0,0,0,0,0,0,0,0,0,0,0,0,0,0
2021S051659490018,0,0,0,0,0,0,0,0,0,0,0,0,0,0,0,0,0,0,0,0,0,0
2021S051659490019,5,19,0,0,0,0,0,0,0,0,0,0,0,0,0,0,0,0,2,6,2,6
2021S051659490020,3,57,0,0,0,0,0,0,0,0,0,0,0,0,0,0,0,0,1,15,1,15
2021S051659490021,0,0,0,0,0,0,0,0,0,0,0,0,0,0,0,0,0,0,0,0,0,0
2021S051659490022,1,35,0,0,0,0,0,0,0,0,0,0,0,0,0,0,0,0,0,0,0,0
2021S051659490023,6,341,0,0,0,0,0,0,0,0,0,0,0,0,0,0,0,0,0,0,0,0
2021S051659490025,0,0,0,0,0,0,0,0,0,0,0,0,0,0,0,0,0,0,0,0,0,0
2021S051659490027,8,164,0,0,0,0,0,0,0,0,0,0,0,0,0,0,0,0,0,0,0,0
2021S051659490028,226,4570,0,0,1,476,1,149,0,0,2,625,0,0,1,3,1,3,2,5,4,630
2021S051659490029,3,172,0,0,0,0,0,0,0,0,0,0,0,0,0,0,0,0,0,0,0,0
2021S051659490030,8,212,0,0,0,0,0,0,0,0,0,0,0,0,0,0,1,1,2,9,2,9
2021S051659490031,25,187,0,0,0,0,0,0,0,0,0,0,0,0,0,0,1,10,2,12,2,12
2021S051659490604,136,2537,0,0,0,0,0,0,0,0,0,0,0,0,3,62,5,65,6,68,6,68
2021S051659490965,769,11889,1,2,2,16,3,12,1,3,3,11,1,2,5,160,14,174,27,228,28,235
2021S051659510001,323,5710,0,0,2,9,3,43,0,0,1,1,0,0,11,547,19,557,31,588,32,589
2021S051659510002,365,4779,1,5,2,27,3,37,1,26,1,26,0,0,7,456,20,499,40,656,40,656
2021S051659510003,299,3326,0,0,0,0,0,0,0,0,0,0,0,0,0,0,4,9,23,73,23,73
2021S051659510004,0,0,0,0,0,0,0,0,0,0,0,0,0,0,0,0,0,0,0,0,0,0
2021S051659510005,2,6,0,0,0,0,0,0,0,0,0,0,0,0,0,0,0,0,1,3,1,3
2021S051659510006,0,0,0,0,0,0,0,0,0,0,0,0,0,0,0,0,0,0,0,0,0,0
2021S051659510007,0,0,0,0,0,0,0,0,0,0,0,0,0,0,0,0,0,0,0,0,0,0
2021S051659510008,424,6380,1,5,2,13,3,20,0,0,0,0,1,5,5,318,7,324,19,386,19,386
2021S051659510009,0,0,0,0,0,0,0,0,0,0,0,0,0,0,0,0,0,0,0,0,0,0
2021S051659510010,0,0,0,0,0,0,0,0,0,0,0,0,0,0,0,0,0,0,0,0,0,0
2021S051659510011,0,0,0,0,0,0,0,0,0,0,0,0,0,0,0,0,0,0,0,0,0,0
2021S051659510012,0,0,0,0,0,0,0,0,0,0,0,0,0,0,0,0,0,0,0,0,0,0
2021S051659510013,0,0,0,0,0,0,0,0,0,0,0,0,0,0,0,0,0,0,0,0,0,0
2021S051659510014,126,1344,0,0,0,0,1,5,0,0,0,0,0,0,3,121,6,126,9,133,9,133
2021S051659510016,0,0,0,0,0,0,0,0,0,0,0,0,0,0,0,0,0,0,0,0,0,0
2021S051659510017,0,0,0,0,0,0,0,0,0,0,0,0,0,0,0,0,0,0,0,0,0,0
2021S051659510018,0,0,0,0,0,0,0,0,0,0,0,0,0,0,0,0,0,0,0,0,0,0
2021S051659510019,0,0,0,0,0,0,0,0,0,0,0,0,0,0,0,0,0,0,0,0,0,0
2021S051659510020,0,0,0,0,0,0,0,0,0,0,0,0,0,0,0,0,0,0,0,0,0,0
2021S051659510021,0,0,0,0,0,0,0,0,0,0,0,0,0,0,0,0,0,0,0,0,0,0
2021S051659510022,0,0,0,0,0,0,0,0,0,0,0,0,0,0,0,0,0,0,0,0,0,0
2021S051659510023,0,0,0,0,0,0,0,0,0,0,0,0,0,0,0,0,0,0,0,0,0,0
2021S051659510024,0,0,0,0,0,0,0,0,0,0,0,0,0,0,0,0,0,0,0,0,0,0
2021S051659510025,0,0,0,0,0,0,0,0,0,0,0,0,0,0,0,0,0,0,0,0,0,0
2021S051659510026,4,48,0,0,0,0,0,0,0,0,0,0,0,0,0,0,0,0,0,0,0,0
2021S051659510027,0,0,0,0,0,0,0,0,0,0,0,0,0,0,0,0,0,0,0,0,0,0
2021S051659510028,0,0,0,0,0,0,0,0,0,0,0,0,0,0,0,0,0,0,0,0,0,0
2021S051659510029,0,0,0,0,0,0,0,0,0,0,0,0,0,0,0,0,0,0,0,0,0,0
2021S051659510030,0,0,0,0,0,0,0,0,0,0,0,0,0,0,0,0,0,0,0,0,0,0
2021S051659510031,0,0,0,0,0,0,0,0,0,0,0,0,0,0,0,0,0,0,0,0,0,0
2021S051659510032,9,79,0,0,0,0,0,0,0,0,0,0,0,0,0,0,1,2,1,2,1,2
2021S051659510033,0,0,0,0,0,0,0,0,0,0,0,0,0,0,0,0,0,0,0,0,0,0
2021S051659510034,0,0,0,0,0,0,0,0,0,0,0,0,0,0,0,0,0,0,0,0,0,0
2021S051659510035,41,730,0,0,1,3,1,3,1,3,1,3,0,0,1,263,2,266,5,273,5,273
2021S051659510036,0,0,0,0,0,0,0,0,0,0,0,0,0,0,0,0,0,0,0,0,0,0
2021S051659510037,0,0,0,0,0,0,0,0,0,0,0,0,0,0,0,0,0,0,0,0,0,0
2021S051659510038,6,118,0,0,0,0,0,0,0,0,0,0,0,0,0,0,0,0,0,0,0,0
2021S051659510039,0,0,0,0,0,0,0,0,0,0,0,0,0,0,0,0,0,0,0,0,0,0
2021S051659510040,0,0,0,0,0,0,0,0,0,0,0,0,0,0,0,0,0,0,0,0,0,0
2021S051659510041,0,0,0,0,0,0,0,0,0,0,0,0,0,0,0,0,0,0,0,0,0,0
2021S051659510042,0,0,0,0,0,0,0,0,0,0,0,0,0,0,0,0,0,0,0,0,0,0
2021S051659530001,106,2319,0,0,0,0,0,0,0,0,1,18,0,0,4,604,6,611,10,641,10,641
2021S051659530002,4,88,0,0,0,0,0,0,0,0,0,0,0,0,0,0,0,0,0,0,0,0
2021S051659530003,101,531,0,0,0,0,0,0,0,0,0,0,0,0,0,0,3,4,7,13,7,13
2021S051659530004,19,201,0,0,0,0,0,0,0,0,0,0,0,0,0,0,1,1,2,3,2,3
2021S051659530005,114,849,0,0,0,0,0,0,0,0,1,2,0,0,0,0,1,1,8,15,8,15
2021S051659530006,225,2433,0,0,3,31,4,34,1,11,3,33,0,0,1,1,3,4,11,44,13,66
2021S051659530007,441,8560,1,14,4,20,2,16,1,6,2,8,1,14,1,7,3,44,15,150,15,150
2021S051659530008,122,1361,0,0,2,2,1,1,0,0,0,0,0,0,0,0,0,0,2,2,2,2
2021S051659530009,0,0,0,0,0,0,0,0,0,0,0,0,0,0,0,0,0,0,0,0,0,0
2021S051659530010,1136,20969,4,15,10,117,9,73,4,46,8,104,0,0,7,722,15,814,53,1407,55,1429
2021S051659530011,70,462,0,0,0,0,0,0,0,0,0,0,0,0,0,0,0,0,0,0,0,0
2021S051659530012,158,2531,0,0,0,0,0,0,0,0,0,0,0,0,0,0,0,0,1,1,1,1
2021S051659530013,106,862,0,0,1,3,1,3,1,3,1,3,0,0,0,0,0,0,1,3,1,3
2021S051659530014,490,12000,3,27,3,132,8,173,1,26,6,88,1,5,2,17,4,123,16,327,19,356
2021S051659530015,120,1035,1,15,1,15,2,18,0,0,1,1,0,0,1,113,3,119,12,162,12,162
2021S051659530016,77,531,0,0,0,0,0,0,0,0,0,0,0,0,0,0,0,0,0,0,0,0
2021S051659530017,11,69,0,0,0,0,0,0,0,0,0,0,0,0,0,0,0,0,0,0,0,0
2021S051659530018,178,1725,0,0,1,6,2,10,0,0,0,0,0,0,2,10,5,16,13,38,13,38
2021S051659550001,286,2053,0,0,3,13,4,48,1,3,8,80,0,0,0,0,5,15,34,104,37,149
2021S051659550002,2,10,0,0,0,0,0,0,0,0,0,0,0,0,0,0,0,0,0,0,0,0
2021S051659550003,2,50,0,0,0,0,0,0,0,0,0,0,0,0,0,0,0,0,0,0,0,0
2021S051659550004,261,4800,0,0,0,0,1,10,0,0,4,33,0,0,4,390,5,391,16,424,18,448
2021S051659550005,0,0,0,0,0,0,0,0,0,0,0,0,0,0,0,0,0,0,0,0,0,0
2021S051659550006,0,0,0,0,0,0,0,0,0,0,0,0,0,0,0,0,0,0,0,0,0,0
2021S051659550007,0,0,0,0,0,0,0,0,0,0,0,0,0,0,0,0,0,0,0,0,0,0
2021S051659550008,307,2386,0,0,3,8,4,24,2,6,6,27,0,0,0,0,3,15,25,93,27,111
2021S051659550011,133,879,0,0,1,3,1,3,1,3,5,12,0,0,0,0,1,1,22,42,22,42
2021S051659550012,2,225,0,0,0,0,0,0,0,0,0,0,0,0,0,0,0,0,0,0,0,0
2021S051659550013,3,160,0,0,0,0,0,0,0,0,0,0,0,0,0,0,0,0,0,0,0,0
2021S051659550014,847,12308,0,0,1,7,1,7,0,0,11,107,0,0,1,263,2,268,33,454,33,454
2021S051659550015,0,0,0,0,0,0,0,0,0,0,0,0,0,0,0,0,0,0,0,0,0,0
2021S051659550016,1248,18296,1,6,4,17,5,47,1,6,12,136,0,0,0,0,1,1,36,457,38,495
2021S051659550017,254,4704,0,0,0,0,1,5,0,0,6,93,0,0,4,137,4,137,11,234,11,234
2021S051659550018,0,0,0,0,0,0,0,0,0,0,0,0,0,0,0,0,0,0,0,0,0,0
2021S051659570003,0,0,0,0,0,0,0,0,0,0,0,0,0,0,0,0,0,0,0,0,0,0
2021S051659570004,0,0,0,0,0,0,0,0,0,0,0,0,0,0,0,0,0,0,0,0,0,0
2021S051659570005,5,131,0,0,0,0,0,0,0,0,0,0,0,0,0,0,0,0,0,0,0,0
2021S051659570006,2,22,0,0,0,0,0,0,0,0,0,0,0,0,0,0,0,0,0,0,0,0
2021S051659570007,0,0,0,0,0,0,0,0,0,0,0,0,0,0,0,0,0,0,0,0,0,0
2021S051659570008,18,234,0,0,0,0,0,0,0,0,0,0,0,0,0,0,0,0,0,0,0,0
2021S051659570009,0,0,0,0,0,0,0,0,0,0,0,0,0,0,0,0,0,0,0,0,0,0
2021S051659590001,245,3994,0,0,0,0,0,0,0,0,1,6,0,0,1,3,1,3,8,470,8,470
2021S051659590002,3,13,0,0,0,0,0,0,0,0,0,0,0,0,0,0,0,0,0,0,0,0
2021S051659590003,0,0,0,0,0,0,0,0,0,0,0,0,0,0,0,0,0,0,0,0,0,0
2021S051659590004,0,0,0,0,0,0,0,0,0,0,0,0,0,0,0,0,0,0,0,0,0,0
2021S051659590005,0,0,0,0,0,0,0,0,0,0,0,0,0,0,0,0,0,0,0,0,0,0
2021S051660010002,7,224,0,0,0,0,0,0,0,0,0,0,0,0,0,0,0,0,0,0,0,0
2021S051660010003,0,0,0,0,0,0,0,0,0,0,0,0,0,0,0,0,0,0,0,0,0,0
2021S051660010004,9,103,0,0,0,0,0,0,0,0,0,0,0,0,0,0,0,0,0,0,0,0
2021S051660010005,0,0,0,0,0,0,0,0,0,0,0,0,0,0,0,0,0,0,0,0,0,0
2021S051660010006,0,0,0,0,0,0,0,0,0,0,0,0,0,0,0,0,0,0,0,0,0,0
2021S051660010007,18,345,0,0,0,0,0,0,0,0,2,6,0,0,0,0,0,0,2,6,2,6
2021S051660010008,10,421,0,0,0,0,0,0,0,0,0,0,0,0,0,0,0,0,0,0,0,0
2021S051660010009,0,0,0,0,0,0,0,0,0,0,0,0,0,0,0,0,0,0,0,0,0,0
2021S051660010010,11,276,0,0,0,0,0,0,0,0,0,0,0,0,0,0,0,0,0,0,0,0
2021S051660010011,13,538,0,0,0,0,0,0,0,0,0,0,0,0,0,0,0,0,0,0,0,0
2021S051660010012,0,0,0,0,0,0,0,0,0,0,0,0,0,0,0,0,0,0,0,0,0,0
2021S051660010013,33,622,0,0,0,0,0,0,0,0,0,0,0,0,0,0,0,0,0,0,0,0
2021S051660010014,8,116,0,0,0,0,0,0,0,0,0,0,0,0,0,0,0,0,0,0,0,0
2021S051660010015,2,38,0,0,0,0,0,0,0,0,0,0,0,0,0,0,0,0,0,0,0,0
2021S051660010016,0,0,0,0,0,0,0,0,0,0,0,0,0,0,0,0,0,0,0,0,0,0
2021S051660010018,8,160,0,0,0,0,0,0,0,0,0,0,0,0,0,0,0,0,0,0,0,0
2021S051660010019,0,0,0,0,0,0,0,0,0,0,0,0,0,0,0,0,0,0,0,0,0,0
2021S051660010021,192,2844,0,0,1,3,0,0,0,0,3,16,0,0,0,0,0,0,5,20,5,20
2021S051660010022,811,12381,1,2,2,9,0,0,0,0,7,350,0,0,1,29,1,29,12,396,12,396
2021S051660010023,13,318,0,0,0,0,0,0,0,0,0,0,0,0,0,0,0,0,0,0,0,0
2021S051660010024,11,41,0,0,0,0,0,0,0,0,0,0,0,0,0,0,0,0,0,0,0,0
2021S051660010025,0,0,0,0,0,0,0,0,0,0,0,0,0,0,0,0,0,0,0,0,0,0
2021S051660010026,15,272,0,0,0,0,0,0,0,0,0,0,0,0,0,0,0,0,0,0,0,0
2021S051660010027,0,0,0,0,0,0,0,0,0,0,0,0,0,0,0,0,0,0,0,0,0,0
2021S051660010028,0,0,0,0,0,0,0,0,0,0,0,0,0,0,0,0,0,0,0,0,0,0
2021S051660010029,0,0,0,0,0,0,0,0,0,0,0,0,0,0,0,0,0,0,0,0,0,0
2021S051660010030,0,0,0,0,0,0,0,0,0,0,0,0,0,0,0,0,0,0,0,0,0,0
2021S051660010031,0,0,0,0,0,0,0,0,0,0,0,0,0,0,0,0,0,0,0,0,0,0
2021S051660010033,47,680,0,0,0,0,0,0,0,0,0,0,0,0,0,0,0,0,1,8,1,8
2021S051660010034,418,4937,0,0,0,0,0,0,0,0,2,6,0,0,0,0,0,0,6,14,6,14
2021S051660010035,137,1941,0,0,0,0,0,0,0,0,20,230,0,0,0,0,0,0,20,230,20,230
2021S051661010001,0,0,0,0,0,0,0,0,0,0,0,0,0,0,0,0,0,0,0,0,0,0
2021S051661010002,7,97,0,0,0,0,0,0,0,0,0,0,0,0,0,0,0,0,0,0,0,0
2021S051661010003,21,335,0,0,0,0,0,0,0,0,0,0,0,0,0,0,0,0,0,0,0,0
2021S051661010004,17,235,0,0,0,0,0,0,0,0,0,0,0,0,0,0,0,0,0,0,0,0
2021S051661010005,99,2410,0,0,0,0,0,0,0,0,0,0,0,0,0,0,0,0,0,0,0,0
2021S051661010006,15,261,0,0,0,0,0,0,0,0,0,0,0,0,0,0,0,0,0,0,0,0
2021S051661010007,11,217,0,0,0,0,0,0,0,0,0,0,0,0,0,0,0,0,0,0,0,0
2021S051661010008,10,138,0,0,0,0,0,0,0,0,0,0,0,0,0,0,0,0,0,0,0,0
2021S051661010009,8,148,0,0,0,0,0,0,0,0,0,0,0,0,0,0,0,0,0,0,0,0
2021S051661020001,0,0,0,0,0,0,0,0,0,0,0,0,0,0,0,0,0,0,0,0,0,0
2021S051661020002,6,190,0,0,0,0,0,0,0,0,0,0,0,0,0,0,0,0,0,0,0,0
2021S051661020003,18,346,0,0,0,0,0,0,0,0,0,0,0,0,0,0,0,0,0,0,0,0
2021S051661020004,37,595,0,0,0,0,0,0,0,0,0,0,0,0,0,0,0,0,0,0,0,0
2021S051661020005,25,395,0,0,0,0,0,0,0,0,0,0,0,0,0,0,0,0,0,0,0,0
2021S051661020006,14,381,0,0,0,0,0,0,0,0,0,0,0,0,0,0,0,0,0,0,0,0
2021S051661030001,0,0,0,0,0,0,0,0,0,0,0,0,0,0,0,0,0,0,0,0,0,0
2021S051661030002,4,60,0,0,0,0,0,0,0,0,0,0,0,0,0,0,0,0,0,0,0,0
2021S051661030003,0,0,0,0,0,0,0,0,0,0,0,0,0,0,0,0,0,0,0,0,0,0
2021S051661030004,3,97,0,0,0,0,0,0,0,0,0,0,0,0,0,0,0,0,0,0,0,0
2021S051661030005,12,786,0,0,0,0,0,0,0,0,0,0,0,0,0,0,0,0,0,0,0,0
2021S051661040001,0,0,0,0,0,0,0,0,0,0,0,0,0,0,0,0,0,0,0,0,0,0
2021S051661040002,3,73,0,0,0,0,0,0,0,0,0,0,0,0,0,0,0,0,0,0,0,0
2021S051661040003,43,665,0,0,0,0,0,0,0,0,0,0,0,0,0,0,0,0,0,0,0,0
2021S051661040004,0,0,0,0,0,0,0,0,0,0,0,0,0,0,0,0,0,0,0,0,0,0
2021S051661040005,0,0,0,0,0,0,0,0,0,0,0,0,0,0,0,0,0,0,0,0,0,0
2021S051661040006,13,231,0,0,0,0,0,0,0,0,0,0,0,0,0,0,0,0,0,0,0,0
2021S051661040007,20,352,0,0,0,0,0,0,0,0,0,0,0,0,0,0,0,0,1,1,1,1
2021S051661040008,1,35,0,0,0,0,0,0,0,0,0,0,0,0,0,0,0,0,0,0,0,0
2021S051661040009,3,33,0,0,0,0,0,0,0,0,0,0,0,0,0,0,0,0,0,0,0,0
2021S051661040010,0,0,0,0,0,0,0,0,0,0,0,0,0,0,0,0,0,0,0,0,0,0
2021S051661050001,0,0,0,0,0,0,0,0,0,0,0,0,0,0,0,0,0,0,0,0,0,0
2021S051661050002,0,0,0,0,0,0,0,0,0,0,0,0,0,0,0,0,0,0,0,0,0,0
2021S051661050003,5,123,0,0,0,0,0,0,0,0,0,0,0,0,0,0,0,0,0,0,0,0
2021S051661050004,146,2420,0,0,0,0,0,0,0,0,0,0,0,0,0,0,0,0,0,0,0,0
2021S051661050005,11,153,0,0,0,0,0,0,0,0,0,0,0,0,0,0,0,0,0,0,0,0
2021S051661050006,8,72,0,0,0,0,0,0,0,0,0,0,0,0,0,0,0,0,0,0,0,0
2021S051661050007,0,0,0,0,0,0,0,0,0,0,0,0,0,0,0,0,0,0,0,0,0,0
2021S051661050008,63,1527,0,0,0,0,0,0,0,0,0,0,0,0,0,0,0,0,1,2,1,2
2021S051661060001,0,0,0,0,0,0,0,0,0,0,0,0,0,0,0,0,0,0,0,0,0,0
2021S051661060002,581,13375,0,0,0,0,0,0,0,0,2,13,0,0,0,0,0,0,2,13,2,13
2021S051661060003,232,4905,0,0,0,0,0,0,0,0,0,0,0,0,0,0,0,0,0,0,0,0
2021S051661060004,0,0,0,0,0,0,0,0,0,0,0,0,0,0,0,0,0,0,0,0,0,0
2021S051662040001,0,0,0,0,0,0,0,0,0,0,0,0,0,0,0,0,0,0,0,0,0,0
2021S051662040002,6,405,0,0,0,0,0,0,0,0,0,0,0,0,0,0,0,0,0,0,0,0
2021S051662040003,9,127,0,0,0,0,0,0,0,0,0,0,0,0,0,0,0,0,0,0,0,0
2021S051662040004,12,244,0,0,0,0,0,0,0,0,0,0,0,0,0,0,0,0,0,0,0,0
2021S051662040005,18,366,0,0,0,0,0,0,0,0,0,0,0,0,0,0,0,0,0,0,0,0
2021S051662040006,1,3,0,0,0,0,0,0,0,0,0,0,0,0,0,0,0,0,0,0,0,0
2021S051662040007,9,267,0,0,0,0,0,0,0,0,0,0,0,0,0,0,0,0,0,0,0,0
2021S051662040008,8,196,0,0,0,0,0,0,0,0,0,0,0,0,0,0,0,0,1,35,1,35
2021S051662040009,12,391,0,0,0,0,0,0,0,0,0,0,0,0,0,0,0,0,0,0,0,0
2021S051662040010,9,211,0,0,0,0,0,0,0,0,0,0,0,0,0,0,0,0,0,0,0,0
2021S051662040011,13,315,0,0,0,0,0,0,0,0,0,0,0,0,0,0,0,0,1,35,1,35
2021S051662040012,304,6292,0,0,0,0,0,0,0,0,0,0,0,0,0,0,0,0,3,490,3,490
2021S051662040013,13,279,0,0,0,0,0,0,0,0,0,0,0,0,0,0,0,0,0,0,0,0
2021S051662040014,11,253,0,0,0,0,0,0,0,0,0,0,0,0,0,0,0,0,0,0,0,0
2021S051662040015,7,141,0,0,0,0,0,0,0,0,0,0,0,0,0,0,0,0,0,0,0,0
2021S051662050001,0,0,0,0,0,0,0,0,0,0,0,0,0,0,0,0,0,0,0,0,0,0
2021S051662050002,7,241,0,0,0,0,0,0,0,0,0,0,0,0,0,0,0,0,0,0,0,0
2021S051662050003,11,360,0,0,0,0,0,0,0,0,0,0,0,0,0,0,0,0,0,0,0,0
2021S051662050004,21,1496,0,0,0,0,0,0,0,0,1,490,0,0,0,0,0,0,1,490,1,490
2021S051662050005,10,214,0,0,0,0,0,0,0,0,0,0,0,0,0,0,0,0,0,0,0,0
2021S051662050006,64,2235,0,0,0,0,0,0,0,0,1,490,0,0,0,0,0,0,2,505,2,505
2021S051662050007,6,118,0,0,0,0,0,0,0,0,0,0,0,0,0,0,0,0,0,0,0,0
2021S051662050008,22,625,0,0,0,0,0,0,0,0,0,0,0,0,0,0,0,0,0,0,0,0
2021S051662080001,0,0,0,0,0,0,0,0,0,0,0,0,0,0,0,0,0,0,0,0,0,0
2021S051662080002,44,967,0,0,0,0,0,0,0,0,0,0,0,0,0,0,0,0,1,15,1,15
2021S051662080003,11,265,0,0,0,0,0,0,0,0,0,0,0,0,0,0,0,0,0,0,0,0
2021S051662080004,11,356,0,0,0,0,0,0,0,0,0,0,0,0,0,0,0,0,0,0,0,0
2021S051662080005,13,414,0,0,0,0,0,0,0,0,0,0,0,0,0,0,0,0,0,0,0,0
2021S051662080006,8,295,0,0,0,0,0,0,0,0,0,0,0,0,0,0,0,0,0,0,0,0
2021S051662080007,0,0,0,0,0,0,0,0,0,0,0,0,0,0,0,0,0,0,0,0,0,0
2021S051662080008,0,0,0,0,0,0,0,0,0,0,0,0,0,0,0,0,0,0,0,0,0,0
