CSDDGUID,All_Businesses,All_Employees,LANDAREA,Auto_B,Auto_E,Alum_B,Alum_E,Steel_B,Steel_E,Cop_B,Cop_E,Lum_B,Lum_E,Ene_B,Ene_E,MHDV_B,MHDV_E,LumOld_B,LumOld_E,LumNew_B,LumNew_E,CUSMA_B,CUSMA_E,Total_B,Total_E
2021A00051001101,0,0,870.8928,0,0,0,0,0,0,0,0,0,0,0,0,0,0,0,0,0,0,0,0,0,0
2021A00051001105,1,7,1.077,0,0,0,0,0,0,0,0,0,0,0,0,0,0,0,0,0,0,0,0,0,0
2021A00051001113,17,171,54.213,1,24,1,24,1,24,0,0,0,0,0,0,0,0,0,0,0,0,1,24,1,24
2021A00051001120,1,3,1.0729,0,0,0,0,0,0,0,0,0,0,0,0,0,0,0,0,0,0,0,0,0,0
2021A00051001124,29,199,742.3781,0,0,0,0,0,0,0,0,0,0,0,0,0,0,0,0,0,0,1,3,1,3
2021A00051001126,18,114,10.0893,0,0,0,0,0,0,0,0,0,0,0,0,0,0,0,0,0,0,1,2,1,2
2021A00051001131,6,34,125.9269,0,0,0,0,0,0,0,0,0,0,0,0,0,0,0,0,0,0,1,3,1,3
2021A00051001136,9,51,38.3341,0,0,0,0,0,0,0,0,0,0,0,0,0,0,0,0,0,0,1,10,1,10
2021A00051001140,0,0,8.8374,0,0,0,0,0,0,0,0,0,0,0,0,0,0,0,0,0,0,0,0,0,0
2021A00051001144,3,81,6.8849,0,0,0,0,0,0,0,0,0,0,0,0,0,0,0,0,0,0,1,48,1,48
2021A00051001149,19,193,13.2186,0,0,0,0,0,0,0,0,0,0,0,0,0,0,0,0,0,0,0,0,0,0
2021A00051001155,20,112,821.9715,0,0,0,0,0,0,0,0,0,0,0,0,0,0,0,0,0,0,4,15,4,15
2021A00051001169,4,24,86.6198,0,0,0,0,0,0,0,0,0,0,0,0,0,0,0,0,0,0,0,0,0,0
2021A00051001174,0,0,23.2882,0,0,0,0,0,0,0,0,0,0,0,0,0,0,0,0,0,0,0,0,0,0
2021A00051001178,16,176,36.4069,0,0,0,0,0,0,0,0,0,0,0,0,0,0,0,0,0,0,0,0,0,0
2021A00051001181,0,0,101.8361,0,0,0,0,0,0,0,0,0,0,0,0,0,0,0,0,0,0,0,0,0,0
2021A00051001186,0,0,24.2028,0,0,0,0,0,0,0,0,0,0,0,0,0,0,0,0,0,0,0,0,0,0
2021A00051001192,0,0,29.2212,0,0,0,0,0,0,0,0,0,0,0,0,0,0,0,0,0,0,0,0,0,0
2021A00051001197,0,0,60.7612,0,0,0,0,0,0,0,0,0,0,0,0,0,0,0,0,0,0,0,0,0,0
2021A00051001203,1,35,567.6216,0,0,0,0,0,0,0,0,0,0,0,0,0,0,0,0,0,0,0,0,0,0
2021A00051001207,4,28,6.0117,0,0,0,0,0,0,0,0,0,0,0,0,0,0,0,0,0,0,0,0,0,0
2021A00051001214,0,0,815.6416,0,0,0,0,0,0,0,0,0,0,0,0,0,0,0,0,0,0,0,0,0,0
2021A00051001219,9,35,16.1849,0,0,0,0,0,0,0,0,0,0,0,0,0,0,0,0,0,0,2,6,2,6
2021A00051001225,0,0,28.2859,0,0,0,0,0,0,0,0,0,0,0,0,0,0,0,0,0,0,0,0,0,0
2021A00051001228,10,58,5.3782,0,0,0,0,0,0,0,0,0,0,0,0,0,0,0,0,0,0,2,4,2,4
2021A00051001234,3,13,454.3362,0,0,0,0,0,0,0,0,0,0,0,0,0,0,0,0,0,0,1,5,1,5
2021A00051001240,89,2439,57.8019,0,0,0,0,0,0,0,0,0,0,0,0,0,0,0,0,0,0,2,5,2,5
2021A00051001254,3,13,19.8078,0,0,0,0,0,0,0,0,0,0,0,0,0,0,0,0,0,0,1,3,1,3
2021A00051001259,11,37,772.3753,0,0,0,0,0,0,0,0,0,0,0,0,0,0,0,0,0,0,0,0,0,0
2021A00051001263,5,610,18.3301,0,0,0,0,0,0,0,0,0,0,1,207,0,0,0,0,0,0,1,207,1,207
2021A00051001267,2,14,5.3919,0,0,0,0,0,0,0,0,0,0,0,0,0,0,0,0,0,0,1,7,1,7
2021A00051001270,27,608,5.2462,0,0,0,0,0,0,0,0,0,0,0,0,0,0,0,0,0,0,2,223,2,223
2021A00051001274,13,770,39.5471,0,0,0,0,0,0,0,0,0,0,1,96,0,0,0,0,0,0,1,96,1,96
2021A00051001277,8,36,39.0221,0,0,0,0,0,0,0,0,0,0,0,0,0,0,0,0,0,0,0,0,0,0
2021A00051001281,6,54,18.141,0,0,0,0,0,0,0,0,0,0,0,0,0,0,0,0,0,0,0,0,0,0
2021A00051001285,19,89,20.1455,0,0,0,0,0,0,0,0,0,0,0,0,0,0,0,0,0,0,2,13,2,13
2021A00051001289,17,135,28.0771,0,0,0,0,0,0,0,0,0,0,0,0,0,0,0,0,0,0,1,1,1,1
2021A00051001293,7,73,190.7606,0,0,0,0,0,0,0,0,0,0,0,0,0,0,0,0,0,0,1,2,1,2
2021A00051001298,84,919,21.5122,0,0,0,0,1,3,0,0,0,0,0,0,0,0,1,3,2,18,4,28,4,28
2021A00051001304,87,813,218.8475,0,0,0,0,0,0,0,0,0,0,0,0,0,0,2,6,2,6,5,24,5,24
2021A00051001308,10,102,22.5278,0,0,0,0,0,0,0,0,0,0,0,0,0,0,0,0,1,7,1,7,1,7
2021A00051001312,11,53,26.9461,0,0,0,0,0,0,0,0,0,0,0,0,0,0,0,0,0,0,0,0,0,0
2021A00051001316,7,61,17.0189,0,0,0,0,0,0,0,0,0,0,0,0,0,0,0,0,0,0,0,0,0,0
2021A00051001321,4,16,173.0183,0,0,0,0,0,0,0,0,0,0,0,0,0,0,0,0,0,0,2,10,2,10
2021A00051001325,12,64,62.8709,0,0,0,0,0,0,0,0,0,0,0,0,0,0,0,0,0,0,0,0,0,0
2021A00051001328,2,10,24.4468,0,0,0,0,0,0,0,0,0,0,0,0,0,0,0,0,0,0,0,0,0,0
2021A00051001332,13,258,10.6054,0,0,0,0,0,0,0,0,0,0,0,0,0,0,0,0,0,0,1,95,1,95
2021A00051001335,5,19,31.8583,0,0,0,0,0,0,0,0,0,0,0,0,0,0,0,0,0,0,0,0,0,0
2021A00051001339,31,113,302.6908,0,0,0,0,0,0,0,0,0,0,0,0,0,0,0,0,0,0,2,6,2,6
2021A00051001343,20,779,14.1433,0,0,0,0,0,0,0,0,0,0,0,0,0,0,0,0,0,0,3,356,3,356
2021A00051001347,7,576,13.2372,0,0,0,0,0,0,0,0,0,0,0,0,0,0,0,0,0,0,1,346,1,346
2021A00051001352,10,46,23.1181,0,0,1,1,1,1,0,0,0,0,0,0,0,0,0,0,0,0,1,1,1,1
2021A00051001357,5,23,57.2012,0,0,0,0,0,0,0,0,0,0,0,0,0,0,0,0,0,0,0,0,0,0
2021A00051001361,4,28,4.2077,0,0,0,0,0,0,0,0,0,0,0,0,0,0,0,0,0,0,0,0,0,0
2021A00051001365,27,137,17.9583,0,0,1,1,1,1,0,0,0,0,0,0,0,0,0,0,0,0,1,1,1,1
2021A00051001370,167,3096,12.4424,0,0,0,0,0,0,0,0,0,0,0,0,0,0,1,35,1,35,3,40,3,40
2021A00051001374,13,51,64.1063,0,0,0,0,0,0,0,0,0,0,0,0,0,0,0,0,0,0,0,0,0,0
2021A00051001375,0,0,4.897,0,0,0,0,0,0,0,0,0,0,0,0,0,0,0,0,0,0,0,0,0,0
2021A00051001379,72,851,33.7139,0,0,0,0,0,0,0,0,0,0,0,0,0,0,3,7,3,7,5,13,5,13
2021A00051001385,24,148,7.8164,0,0,0,0,0,0,0,0,0,0,0,0,0,0,1,3,1,3,3,21,3,21
2021A00051001391,0,0,0.452,0,0,0,0,0,0,0,0,0,0,0,0,0,0,0,0,0,0,0,0,0,0
2021A00051001394,4,24,1.9029,0,0,0,0,0,0,0,0,0,0,0,0,0,0,0,0,0,0,0,0,0,0
2021A00051001396,51,377,66.0863,0,0,0,0,0,0,0,0,0,0,0,0,0,0,0,0,0,0,0,0,0,0
2021A00051001405,0,0,37.1251,0,0,0,0,0,0,0,0,0,0,0,0,0,0,0,0,0,0,0,0,0,0
2021A00051001409,245,3605,24.5092,0,0,0,0,0,0,0,0,0,0,0,0,0,0,0,0,0,0,10,249,10,249
2021A00051001415,0,0,8.1024,0,0,0,0,0,0,0,0,0,0,0,0,0,0,0,0,0,0,0,0,0,0
2021A00051001421,8,36,139.9815,0,0,0,0,0,0,0,0,0,0,0,0,0,0,0,0,0,0,0,0,0,0
2021A00051001426,2,10,4.2039,0,0,0,0,0,0,0,0,0,0,0,0,0,0,0,0,0,0,0,0,0,0
2021A00051001429,67,513,12.6442,0,0,0,0,0,0,0,0,0,0,0,0,0,0,0,0,0,0,5,87,5,87
2021A00051001434,18,106,5.965,0,0,0,0,0,0,0,0,0,0,0,0,0,0,0,0,0,0,0,0,0,0
2021A00051001437,11,89,10.8616,0,0,0,0,0,0,0,0,0,0,0,0,0,0,0,0,0,0,1,2,1,2
2021A00051001441,6,42,12.8506,0,0,0,0,0,0,0,0,0,0,0,0,0,0,0,0,0,0,1,3,1,3
2021A00051001446,0,0,11.4758,0,0,0,0,0,0,0,0,0,0,0,0,0,0,0,0,0,0,0,0,0,0
2021A00051001452,4,12,78.3758,0,0,0,0,0,0,0,0,0,0,0,0,0,0,0,0,0,0,0,0,0,0
2021A00051001456,4,12,26.2396,0,0,0,0,0,0,0,0,0,0,0,0,0,0,0,0,0,0,0,0,0,0
2021A00051001461,3,49,21.4668,0,0,0,0,0,0,0,0,0,0,0,0,0,0,0,0,0,0,0,0,0,0
2021A00051001464,12,76,29.6866,0,0,0,0,0,0,0,0,0,0,0,0,0,0,0,0,0,0,0,0,0,0
2021A00051001469,9,39,21.1868,0,0,0,0,0,0,0,0,0,0,0,0,0,0,0,0,0,0,0,0,0,0
2021A00051001472,98,1179,126.0157,0,0,0,0,0,0,0,0,0,0,0,0,0,0,0,0,0,0,1,54,1,54
2021A00051001485,597,5547,59.7238,0,0,0,0,2,10,0,0,0,0,0,0,0,0,3,13,4,85,5,91,5,91
2021A00051001490,1,15,16.8231,0,0,0,0,0,0,0,0,0,0,0,0,0,0,0,0,0,0,0,0,0,0
2021A00051001494,34,314,14.4896,0,0,0,0,0,0,0,0,0,0,0,0,0,0,0,0,0,0,0,0,0,0
2021A00051001504,201,1407,57.6063,0,0,1,2,0,0,0,0,0,0,2,2,0,0,0,0,1,34,6,47,6,47
2021A00051001505,26,182,58.2365,0,0,0,0,0,0,0,0,0,0,0,0,0,0,0,0,0,0,1,7,1,7
2021A00051001507,35,181,18.0999,0,0,0,0,0,0,0,0,0,0,0,0,0,0,0,0,0,0,1,3,1,3
2021A00051001509,170,1090,34.8944,2,5,1,3,1,3,0,0,0,0,0,0,0,0,0,0,2,29,5,35,5,35
2021A00051001511,57,311,16.9894,0,0,0,0,0,0,0,0,0,0,0,0,0,0,0,0,0,0,0,0,0,0
2021A00051001512,5,31,16.0501,0,0,0,0,0,0,0,0,0,0,0,0,0,0,0,0,0,0,0,0,0,0
2021A00051001517,516,6945,29.6685,1,16,3,27,3,18,0,0,0,0,1,1,0,0,1,15,3,71,12,223,12,223
2021A00051001519,4097,82510,446.0185,4,19,8,28,5,27,1,1,0,0,5,50,1,4,2,10,6,108,64,981,64,981
2021A00051001542,883,16434,15.6508,0,0,3,17,2,9,1,5,0,0,2,11,0,0,2,30,4,52,16,180,16,180
2021A00051001551,26,202,4.399,0,0,0,0,0,0,0,0,0,0,0,0,0,0,0,0,0,0,3,30,3,30
2021A00051001557,47,461,30.5999,0,0,1,25,1,25,0,0,0,0,0,0,0,0,0,0,0,0,2,26,2,26
2021A00051001559,39,784,17.6121,0,0,0,0,0,0,0,0,0,0,0,0,0,0,0,0,0,0,2,353,2,353
2021A00051001565,0,0,298.0624,0,0,0,0,0,0,0,0,0,0,0,0,0,0,0,0,0,0,0,0,0,0
2021A00051002001,0,0,136.5785,0,0,0,0,0,0,0,0,0,0,0,0,0,0,0,0,0,0,0,0,0,0
2021A00051002002,51,736,6.3291,0,0,0,0,0,0,0,0,0,0,0,0,0,0,0,0,0,0,0,0,0,0
2021A00051002005,36,240,34.4894,0,0,0,0,0,0,0,0,0,0,0,0,0,0,0,0,0,0,0,0,0,0
2021A00051002006,1,3,198.8912,0,0,0,0,0,0,0,0,0,0,0,0,0,0,0,0,0,0,0,0,0,0
2021A00051002008,22,908,34.863,0,0,0,0,0,0,0,0,0,0,0,0,0,0,0,0,0,0,1,220,1,220
2021A00051002009,0,0,366.98,0,0,0,0,0,0,0,0,0,0,0,0,0,0,0,0,0,0,0,0,0,0
2021A00051002011,14,54,3.5175,0,0,0,0,0,0,0,0,0,0,0,0,0,0,0,0,0,0,0,0,0,0
2021A00051002012,21,119,79.7493,0,0,0,0,0,0,0,0,0,0,0,0,0,0,0,0,0,0,0,0,0,0
2021A00051002013,0,0,29.9118,0,0,0,0,0,0,0,0,0,0,0,0,0,0,0,0,0,0,0,0,0,0
2021A00051002014,0,0,63.245,0,0,0,0,0,0,0,0,0,0,0,0,0,0,0,0,0,0,0,0,0,0
2021A00051002015,0,0,3.8932,0,0,0,0,0,0,0,0,0,0,0,0,0,0,0,0,0,0,0,0,0,0
2021A00051002016,0,0,269.3464,0,0,0,0,0,0,0,0,0,0,0,0,0,0,0,0,0,0,0,0,0,0
2021A00051002017,0,0,69.0665,0,0,0,0,0,0,0,0,0,0,0,0,0,0,0,0,0,0,0,0,0,0
2021A00051002018,51,612,54.7705,0,0,0,0,0,0,0,0,0,0,0,0,0,0,0,0,0,0,5,248,5,248
2021A00051002019,0,0,16.8236,0,0,0,0,0,0,0,0,0,0,0,0,0,0,0,0,0,0,0,0,0,0
2021A00051002021,11,65,39.1041,0,0,0,0,0,0,0,0,0,0,0,0,0,0,0,0,0,0,0,0,0,0
2021A00051002022,0,0,33.1672,0,0,0,0,0,0,0,0,0,0,0,0,0,0,0,0,0,0,0,0,0,0
2021A00051002023,9,47,54.4399,0,0,0,0,1,3,0,0,0,0,0,0,0,0,1,3,1,3,1,3,1,3
2021A00051002024,177,2141,62.226,0,0,1,2,0,0,0,0,0,0,0,0,0,0,0,0,0,0,6,132,6,132
2021A00051002025,5,35,25.3879,0,0,0,0,0,0,0,0,0,0,0,0,0,0,0,0,0,0,0,0,0,0
2021A00051002026,2,6,491.9819,0,0,0,0,0,0,0,0,0,0,0,0,0,0,0,0,0,0,0,0,0,0
2021A00051002027,15,113,3.7357,0,0,0,0,0,0,0,0,0,0,0,0,0,0,0,0,0,0,0,0,0,0
2021A00051002029,0,0,267.481,0,0,0,0,0,0,0,0,0,0,0,0,0,0,0,0,0,0,0,0,0,0
2021A00051002030,3,13,142.8052,0,0,0,0,0,0,0,0,0,0,0,0,0,0,0,0,0,0,0,0,0,0
2021A00051002031,8,52,1463.649,0,0,0,0,0,0,0,0,0,0,0,0,0,0,0,0,0,0,0,0,0,0
2021A00051002033,2,10,5.8867,0,0,0,0,0,0,0,0,0,0,0,0,0,0,0,0,0,0,0,0,0,0
2021A00051002034,6,18,4.7723,0,0,0,0,0,0,0,0,0,0,0,0,0,0,0,0,0,0,0,0,0,0
2021A00051002036,4,20,15.115,0,0,0,0,0,0,0,0,0,0,0,0,0,0,0,0,0,0,1,3,1,3
2021A00051002037,2,6,11.1942,0,0,0,0,0,0,0,0,0,0,0,0,0,0,0,0,0,0,0,0,0,0
2021A00051002039,2,10,2.8059,0,0,0,0,0,0,0,0,0,0,0,0,0,0,0,0,0,0,1,7,1,7
2021A00051002040,3,13,4.1488,0,0,0,0,0,0,0,0,0,0,0,0,0,0,0,0,0,0,0,0,0,0
2021A00051002041,4,28,16.0781,0,0,0,0,0,0,0,0,0,0,0,0,0,0,0,0,0,0,1,3,1,3
2021A00051002044,1,3,873.6169,0,0,0,0,0,0,0,0,0,0,0,0,0,0,0,0,0,0,0,0,0,0
2021A00051002048,5,31,1027.9582,0,0,0,0,0,0,0,0,0,0,0,0,0,0,0,0,0,0,1,1,1,1
2021A00051002055,2,6,1.5608,0,0,0,0,0,0,0,0,0,0,0,0,0,0,0,0,0,0,1,3,1,3
2021A00051003001,0,0,2940.1412,0,0,0,0,0,0,0,0,0,0,0,0,0,0,0,0,0,0,0,0,0,0
2021A00051003002,1,7,2.5616,0,0,0,0,0,0,0,0,0,0,0,0,0,0,0,0,0,0,0,0,0,0
2021A00051003003,13,99,81.889,0,0,0,0,0,0,0,0,0,0,0,0,0,0,1,3,1,3,1,3,1,3
2021A00051003004,12,44,2.1973,0,0,0,0,0,0,0,0,0,0,0,0,0,0,0,0,0,0,3,9,3,9
2021A00051003005,3,9,2.6451,0,0,0,0,0,0,0,0,0,0,0,0,0,0,0,0,0,0,0,0,0,0
2021A00051003006,2,90,253.3624,0,0,0,0,0,0,0,0,0,0,0,0,0,0,0,0,0,0,0,0,0,0
2021A00051003008,36,592,13.8184,0,0,0,0,0,0,0,0,0,0,0,0,0,0,0,0,0,0,1,48,1,48
2021A00051003009,0,0,711.6529,0,0,0,0,0,0,0,0,0,0,0,0,0,0,0,0,0,0,0,0,0,0
2021A00051003010,4,16,2.0273,0,0,0,0,0,0,0,0,0,0,0,0,0,0,0,0,0,0,0,0,0,0
2021A00051003011,11,149,29.1395,0,0,0,0,0,0,0,0,0,0,0,0,0,0,0,0,0,0,1,48,1,48
2021A00051003012,2,10,4.2258,0,0,0,0,0,0,0,0,0,0,0,0,0,0,0,0,0,0,0,0,0,0
2021A00051003014,3,9,6611.0746,0,0,0,0,0,0,0,0,0,0,0,0,0,0,0,0,0,0,0,0,0,0
2021A00051003018,18,234,24.9497,0,0,0,0,0,0,0,0,0,0,0,0,0,0,0,0,0,0,1,14,1,14
2021A00051003019,51,871,20.484,0,0,0,0,0,0,0,0,0,0,0,0,0,0,0,0,1,7,5,173,5,173
2021A00051003020,3,9,14.0926,0,0,0,0,0,0,0,0,0,0,0,0,0,0,0,0,0,0,0,0,0,0
2021A00051003021,2,6,2468.0974,0,0,0,0,0,0,0,0,0,0,0,0,0,0,0,0,0,0,0,0,0,0
2021A00051003024,13,59,2548.5941,0,0,0,0,0,0,0,0,0,0,0,0,0,0,0,0,0,0,1,3,1,3
2021A00051003026,15,85,1.8572,0,0,0,0,0,0,0,0,0,0,0,0,0,0,0,0,0,0,2,25,2,25
2021A00051003028,0,0,29.509,0,0,0,0,0,0,0,0,0,0,0,0,0,0,0,0,0,0,0,0,0,0
2021A00051003031,4,20,665.0644,0,0,0,0,0,0,0,0,0,0,0,0,0,0,0,0,0,0,0,0,0,0
2021A00051003032,7,33,7.7522,0,0,0,0,0,0,0,0,0,0,0,0,0,0,0,0,0,0,0,0,0,0
2021A00051003033,9,31,9.4812,0,0,0,0,0,0,0,0,0,0,0,0,0,0,0,0,0,0,1,3,1,3
2021A00051003034,127,1943,38.839,0,0,0,0,0,0,0,0,0,0,0,0,0,0,0,0,0,0,0,0,0,0
2021A00051003038,3,9,2121.156,0,0,0,0,0,0,0,0,0,0,0,0,0,0,0,0,0,0,0,0,0,0
2021A00051003042,0,0,646.3061,0,0,0,0,0,0,0,0,0,0,0,0,0,0,0,0,0,0,0,0,0,0
2021A00051003045,7,57,4.4866,0,0,0,0,0,0,0,0,0,0,0,0,0,0,0,0,0,0,0,0,0,0
2021A00051003801,0,0,16.7025,0,0,0,0,0,0,0,0,0,0,0,0,0,0,0,0,0,0,0,0,0,0
2021A00051004001,53,666,1204.4626,0,0,0,0,0,0,0,0,0,0,0,0,0,0,0,0,0,0,5,13,5,13
2021A00051004006,32,296,1809.3355,0,0,0,0,0,0,0,0,0,0,0,0,0,0,0,0,0,0,1,2,1,2
2021A00051004011,3,9,2365.4474,0,0,0,0,0,0,0,0,0,0,0,0,0,0,0,0,0,0,0,0,0,0
2021A00051004013,29,111,25.7133,0,0,0,0,0,0,0,0,0,0,0,0,0,0,0,0,0,0,2,6,2,6
2021A00051004016,2,6,1148.8142,0,0,0,0,0,0,0,0,0,0,0,0,0,0,0,0,0,0,0,0,0,0
2021A00051004017,2,10,6.3254,0,0,0,0,0,0,0,0,0,0,0,0,0,0,0,0,0,0,0,0,0,0
2021A00051004018,28,315,31.0663,0,0,0,0,0,0,0,0,0,0,0,0,0,0,0,0,0,0,0,0,0,0
2021A00051004019,242,4015,35.2662,0,0,0,0,0,0,0,0,0,0,0,0,0,0,0,0,0,0,5,163,5,163
2021A00051004020,30,174,14.235,0,0,0,0,0,0,0,0,0,0,0,0,0,0,0,0,0,0,0,0,0,0
2021A00051004021,40,383,25.055,0,0,0,0,0,0,0,0,0,0,0,0,0,0,1,3,2,6,12,252,12,252
2021A00051004022,9,39,295.4204,0,0,0,0,0,0,0,0,0,0,0,0,0,0,0,0,0,0,2,6,2,6
2021A00051004033,12,68,34.4745,0,0,0,0,0,0,0,0,0,0,0,0,0,0,0,0,0,0,1,7,1,7
2021A00051004037,22,94,7.3865,0,0,0,0,0,0,0,0,0,0,0,0,0,0,0,0,0,0,3,9,3,9
2021A00051004042,2,10,16.97,0,0,0,0,0,0,0,0,0,0,0,0,0,0,0,0,0,0,0,0,0,0
2021A00051005001,1,3,2412.9253,0,0,0,0,0,0,0,0,0,0,0,0,0,0,0,0,0,0,0,0,0,0
2021A00051005003,7,37,3409.2154,0,0,0,0,0,0,0,0,0,0,0,0,0,0,0,0,0,0,0,0,0,0
2021A00051005004,183,2209,73.258,0,0,0,0,0,0,0,0,0,0,0,0,0,0,2,38,2,38,3,45,3,45
2021A00051005005,8,28,7.0657,0,0,0,0,0,0,0,0,0,0,0,0,0,0,0,0,0,0,1,3,1,3
2021A00051005006,4,28,19.9092,0,0,0,0,0,0,0,0,0,0,0,0,0,0,0,0,0,0,0,0,0,0
2021A00051005007,1,3,1167.4981,0,0,0,0,0,0,0,0,0,0,0,0,0,0,0,0,0,0,0,0,0,0
2021A00051005008,12,124,32.9945,0,0,0,0,0,0,0,0,0,0,0,0,0,0,1,35,1,35,1,35,1,35
2021A00051005009,17,75,58.276,0,0,0,0,0,0,0,0,0,0,0,0,0,0,0,0,0,0,1,2,1,2
2021A00051005010,20,84,823.7189,0,0,0,0,0,0,0,0,0,0,0,0,0,0,0,0,0,0,0,0,0,0
2021A00051005011,17,135,1.2409,0,0,0,0,0,0,0,0,0,0,0,0,0,0,0,0,0,0,0,0,0,0
2021A00051005012,80,795,49.1661,0,0,0,0,0,0,0,0,0,0,1,1,0,0,0,0,0,0,3,39,3,39
2021A00051005014,20,244,133.6543,0,0,0,0,0,0,0,0,0,0,0,0,0,0,0,0,0,0,1,1,1,1
2021A00051005015,6,405,6.72,0,0,0,0,0,0,0,0,0,0,0,0,0,0,0,0,0,0,1,36,1,36
2021A00051005016,8,28,483.4966,0,0,0,0,0,0,0,0,0,0,0,0,0,0,0,0,0,0,0,0,0,0
2021A00051005017,19,89,2.4517,0,0,0,0,0,0,0,0,0,0,0,0,0,0,0,0,0,0,0,0,0,0
2021A00051005018,791,12925,147.8817,0,0,0,0,1,3,0,0,0,0,0,0,0,0,1,3,3,9,12,100,12,100
2021A00051005019,0,0,1320.1531,0,0,0,0,0,0,0,0,0,0,0,0,0,0,0,0,0,0,0,0,0,0
2021A00051005020,25,690,65.141,0,0,0,0,0,0,0,0,0,0,0,0,0,0,0,0,0,0,1,346,1,346
2021A00051005022,4,24,11.9716,0,0,0,0,0,0,0,0,0,0,0,0,0,0,0,0,0,0,0,0,0,0
2021A00051005023,9,87,7.2331,0,0,0,0,0,0,0,0,0,0,0,0,0,0,0,0,0,0,1,22,1,22
2021A00051005024,9,43,12.9364,0,0,0,0,0,0,0,0,0,0,0,0,0,0,0,0,0,0,0,0,0,0
2021A00051005025,6,94,3.822,0,0,0,0,0,0,0,0,0,0,0,0,0,0,0,0,0,0,0,0,0,0
2021A00051005028,5,19,1.5602,0,0,0,0,0,0,0,0,0,0,0,0,0,0,0,0,0,0,0,0,0,0
2021A00051005030,8,64,11.8819,0,0,0,0,0,0,0,0,0,0,0,0,0,0,0,0,0,0,0,0,0,0
2021A00051005033,17,63,15.712,0,0,0,0,0,0,0,0,0,0,0,0,0,0,0,0,0,0,0,0,0,0
2021A00051005035,11,37,13.8782,0,0,0,0,0,0,0,0,0,0,0,0,0,0,0,0,0,0,1,1,1,1
2021A00051006001,7,25,4180.7385,0,0,0,0,0,0,0,0,0,0,0,0,0,0,0,0,0,0,0,0,0,0
2021A00051006003,12,132,41.3546,0,0,0,0,0,0,0,0,0,0,0,0,0,0,0,0,0,0,0,0,0,0
2021A00051006008,2,78,2294.7377,0,0,0,0,0,0,0,0,0,0,0,0,0,0,0,0,0,0,0,0,0,0
2021A00051006009,453,6859,104.5281,0,0,1,37,0,0,0,0,0,0,0,0,0,0,1,3,1,3,3,43,3,43
2021A00051006011,5,39,6.3255,0,0,0,0,0,0,0,0,0,0,0,0,0,0,0,0,0,0,0,0,0,0
2021A00051006012,22,249,7.0788,0,0,0,0,0,0,0,0,0,0,0,0,0,0,0,0,0,0,0,0,0,0
2021A00051006014,23,245,4007.2402,0,0,0,0,0,0,0,0,0,0,0,0,0,0,0,0,0,0,0,0,0,0
2021A00051006015,0,0,24.9369,0,0,0,0,0,0,0,0,0,0,0,0,0,0,0,0,0,0,0,0,0,0
2021A00051006017,474,7536,54.8437,0,0,0,0,0,0,0,0,0,0,0,0,0,0,0,0,0,0,0,0,0,0
2021A00051006019,88,919,26.3766,0,0,1,5,0,0,0,0,0,0,0,0,0,0,0,0,0,0,6,41,6,41
2021A00051006021,8,28,6.3371,0,0,0,0,1,3,0,0,0,0,0,0,0,0,1,3,1,3,1,3,1,3
2021A00051006022,83,816,14.5615,0,0,0,0,0,0,0,0,0,0,0,0,0,0,0,0,0,0,1,7,1,7
2021A00051006026,0,0,1.8862,0,0,0,0,0,0,0,0,0,0,0,0,0,0,0,0,0,0,0,0,0,0
2021A00051006028,9,35,3.0793,0,0,0,0,0,0,0,0,0,0,0,0,0,0,0,0,0,0,0,0,0,0
2021A00051006029,1,3,5264.7269,0,0,0,0,0,0,0,0,0,0,0,0,0,0,0,0,0,0,1,1,1,1
2021A00051006031,19,217,4.6253,0,0,0,0,0,0,0,0,0,0,0,0,0,0,0,0,0,0,0,0,0,0
2021A00051007001,23,89,450.2545,0,0,0,0,0,0,0,0,0,0,0,0,0,0,0,0,0,0,3,8,3,8
2021A00051007006,26,521,242.8917,0,0,1,2,0,0,0,0,0,0,0,0,0,0,0,0,0,0,5,231,5,231
2021A00051007009,0,0,484.9577,0,0,0,0,0,0,0,0,0,0,0,0,0,0,0,0,0,0,0,0,0,0
2021A00051007013,319,5085,139.911,1,16,1,16,1,16,0,0,0,0,1,1,0,0,1,1,2,8,6,28,6,28
2021A00051007014,16,80,272.6065,0,0,0,0,0,0,0,0,0,0,0,0,0,0,0,0,0,0,2,6,2,6
2021A00051007015,12,188,12.9156,0,0,0,0,0,0,0,0,0,0,0,0,0,0,0,0,0,0,0,0,0,0
2021A00051007016,16,132,11.6378,0,0,0,0,0,0,0,0,0,0,0,0,0,0,0,0,0,0,1,3,1,3
2021A00051007018,2,10,170.7966,0,0,0,0,0,0,0,0,0,0,0,0,0,0,0,0,0,0,0,0,0,0
2021A00051007020,16,64,10.07,0,0,0,0,0,0,0,0,0,0,0,0,0,0,0,0,0,0,0,0,0,0
2021A00051007022,50,258,26.1851,0,0,0,0,0,0,0,0,0,0,0,0,0,0,0,0,0,0,1,2,1,2
2021A00051007023,120,2014,31.5628,0,0,0,0,0,0,0,0,0,0,0,0,0,0,0,0,0,0,6,381,6,381
2021A00051007024,9,55,144.3455,0,0,1,1,1,1,0,0,0,0,0,0,0,0,0,0,0,0,1,1,1,1
2021A00051007025,2,6,6.6655,0,0,0,0,0,0,0,0,0,0,0,0,0,0,0,0,0,0,0,0,0,0
2021A00051007026,2,6,17.6353,0,0,0,0,0,0,0,0,0,0,0,0,0,0,0,0,0,0,0,0,0,0
2021A00051007027,3,13,21.4447,0,0,0,0,0,0,0,0,0,0,0,0,0,0,0,0,0,0,0,0,0,0
2021A00051007028,23,113,296.9469,0,0,0,0,0,0,0,0,0,0,0,0,0,0,0,0,0,0,2,4,2,4
2021A00051007031,76,632,1631.5107,0,0,0,0,1,3,0,0,0,0,0,0,0,0,4,116,4,116,4,116,4,116
2021A00051007032,8,36,13.4866,0,0,0,0,0,0,0,0,0,0,0,0,0,0,0,0,0,0,0,0,0,0
2021A00051007036,18,194,50.9979,0,0,0,0,0,0,0,0,0,0,0,0,0,0,0,0,0,0,0,0,0,0
2021A00051007037,11,89,13.3042,0,0,0,0,0,0,0,0,0,0,0,0,0,0,0,0,0,0,0,0,0,0
2021A00051007038,5,31,2457.8483,0,0,0,0,0,0,0,0,0,0,0,0,0,0,1,3,1,3,1,3,1,3
2021A00051007039,11,125,8.9869,0,0,0,0,0,0,0,0,0,0,0,0,0,0,0,0,0,0,2,8,2,8
2021A00051007040,6,34,2.4354,0,0,0,0,0,0,0,0,0,0,0,0,0,0,0,0,0,0,0,0,0,0
2021A00051007041,10,134,9.6151,0,0,0,0,0,0,0,0,0,0,0,0,0,0,0,0,1,15,2,63,2,63
2021A00051007042,21,127,18.4758,0,0,0,0,0,0,0,0,0,0,0,0,0,0,0,0,0,0,0,0,0,0
2021A00051007043,5,27,9.571,0,0,0,0,0,0,0,0,0,0,0,0,0,0,0,0,0,0,0,0,0,0
2021A00051007044,59,848,69.8476,0,0,1,1,1,1,0,0,0,0,0,0,0,0,0,0,0,0,3,104,3,104
2021A00051007045,0,0,1402.0253,0,0,0,0,0,0,0,0,0,0,0,0,0,0,0,0,0,0,0,0,0,0
2021A00051007046,1,3,15.8542,0,0,0,0,0,0,0,0,0,0,0,0,0,0,0,0,0,0,0,0,0,0
2021A00051007047,55,457,93.029,0,0,0,0,0,0,0,0,0,0,0,0,0,0,0,0,0,0,2,9,2,9
2021A00051007048,2,6,9.7624,0,0,0,0,0,0,0,0,0,0,0,0,0,0,0,0,0,0,0,0,0,0
2021A00051007049,0,0,34.1079,0,0,0,0,0,0,0,0,0,0,0,0,0,0,0,0,0,0,0,0,0,0
2021A00051007050,27,161,37.0443,0,0,0,0,0,0,0,0,0,0,0,0,0,0,0,0,0,0,1,8,1,8
2021A00051007051,1,7,858.9366,0,0,0,0,0,0,0,0,0,0,0,0,0,0,0,0,0,0,0,0,0,0
2021A00051007054,13,219,2.7536,0,0,0,0,0,0,0,0,0,0,0,0,0,0,0,0,0,0,1,3,1,3
2021A00051007056,0,0,287.6379,0,0,0,0,0,0,0,0,0,0,0,0,0,0,0,0,0,0,0,0,0,0
2021A00051007057,53,342,11.1191,0,0,0,0,0,0,0,0,0,0,0,0,0,0,1,3,1,3,4,102,4,102
2021A00051007060,37,982,132.7027,0,0,0,0,0,0,0,0,0,0,0,0,0,0,0,0,0,0,5,362,5,362
2021A00051007067,6,34,86.4907,0,0,0,0,0,0,0,0,0,0,0,0,0,0,0,0,0,0,1,3,1,3
2021A00051008001,2,6,658.7045,0,0,0,0,0,0,0,0,0,0,0,0,0,0,0,0,0,0,0,0,0,0
2021A00051008004,16,116,19.2025,0,0,0,0,0,0,0,0,0,0,0,0,0,0,0,0,0,0,2,6,2,6
2021A00051008006,27,145,67.2961,0,0,0,0,0,0,0,0,0,0,0,0,0,0,0,0,0,0,3,9,3,9
2021A00051008008,52,272,1315.1186,0,0,0,0,0,0,0,0,0,0,0,0,0,0,1,3,1,3,2,25,2,25
2021A00051008011,35,364,42.6795,0,0,0,0,0,0,0,0,0,0,0,0,0,0,0,0,0,0,1,3,1,3
2021A00051008024,9,27,5.3648,0,0,0,0,0,0,0,0,0,0,0,0,0,0,0,0,0,0,1,3,1,3
2021A00051008026,1,3,8.971,0,0,0,0,0,0,0,0,0,0,0,0,0,0,0,0,0,0,0,0,0,0
2021A00051008029,21,227,3.0262,0,0,0,0,0,0,0,0,0,0,0,0,0,0,0,0,0,0,0,0,0,0
2021A00051008031,23,205,178.0141,0,0,0,0,0,0,0,0,0,0,0,0,0,0,0,0,0,0,0,0,0,0
2021A00051008032,6,26,11.1529,0,0,0,0,0,0,0,0,0,0,0,0,0,0,0,0,0,0,1,3,1,3
2021A00051008033,22,174,16.0424,0,0,0,0,0,0,0,0,0,0,0,0,0,0,1,75,1,75,2,78,2,78
2021A00051008035,63,715,25.6017,0,0,0,0,0,0,0,0,0,0,0,0,0,0,0,0,0,0,0,0,0,0
2021A00051008036,3,21,521.391,0,0,0,0,0,0,0,0,0,0,0,0,0,0,0,0,0,0,0,0,0,0
2021A00051008037,18,94,35.808,0,0,0,0,0,0,0,0,0,0,0,0,0,0,0,0,0,0,0,0,0,0
2021A00051008038,20,108,49.3309,0,0,0,0,0,0,0,0,0,0,0,0,0,0,0,0,0,0,0,0,0,0
2021A00051008039,10,429,29.9709,0,0,0,0,0,0,0,0,0,0,0,0,0,0,0,0,0,0,2,222,2,222
2021A00051008040,12,68,15.1537,0,0,0,0,0,0,0,0,0,0,0,0,0,0,0,0,0,0,0,0,0,0
2021A00051008042,2,6,106.3508,0,0,0,0,0,0,0,0,0,0,0,0,0,0,0,0,0,0,0,0,0,0
2021A00051008043,9,39,18.348,0,0,0,0,0,0,0,0,0,0,0,0,0,0,0,0,0,0,0,0,0,0
2021A00051008044,163,1756,36.0217,0,0,0,0,0,0,0,0,0,0,0,0,0,0,0,0,1,7,2,14,2,14
2021A00051008045,3,13,8.4612,0,0,0,0,0,0,0,0,0,0,0,0,0,0,0,0,0,0,0,0,0,0
2021A00051008046,2,6,707.9905,0,0,0,0,0,0,0,0,0,0,0,0,0,0,0,0,0,0,0,0,0,0
2021A00051008047,5,27,21.6204,0,0,0,0,0,0,0,0,0,0,0,0,0,0,0,0,0,0,0,0,0,0
2021A00051008048,9,43,26.5934,0,0,0,0,0,0,0,0,0,0,0,0,0,0,0,0,1,3,2,6,2,6
2021A00051008049,14,98,26.8021,0,0,0,0,0,0,0,0,0,0,0,0,0,0,0,0,0,0,1,15,1,15
2021A00051008052,0,0,20.1051,0,0,0,0,0,0,0,0,0,0,0,0,0,0,0,0,0,0,0,0,0,0
2021A00051008053,7,37,34.6525,0,0,0,0,0,0,0,0,0,0,0,0,0,0,0,0,0,0,0,0,0,0
2021A00051008054,35,768,7.5376,0,0,0,0,0,0,0,0,0,0,0,0,0,0,0,0,0,0,9,286,9,286
2021A00051008055,4,16,2.2581,0,0,0,0,0,0,0,0,0,0,0,0,0,0,0,0,0,0,0,0,0,0
2021A00051008056,4,16,34.5224,0,0,0,0,0,0,0,0,0,0,0,0,0,0,0,0,0,0,1,3,1,3
2021A00051008058,23,141,1213.8847,0,0,0,0,0,0,0,0,0,0,0,0,0,0,0,0,0,0,0,0,0,0
2021A00051008059,14,90,8.7245,0,0,0,0,0,0,0,0,0,0,0,0,0,0,0,0,0,0,1,3,1,3
2021A00051008060,0,0,36.0875,0,0,0,0,0,0,0,0,0,0,0,0,0,0,0,0,0,0,0,0,0,0
2021A00051008061,126,1557,17.4568,0,0,0,0,0,0,0,0,0,0,0,0,0,0,1,1,2,4,4,22,4,22
2021A00051008062,1,3,7.7155,0,0,0,0,0,0,0,0,0,0,0,0,0,0,0,0,0,0,0,0,0,0
2021A00051008063,4,16,1.6565,0,0,0,0,0,0,0,0,0,0,0,0,0,0,0,0,0,0,1,7,1,7
2021A00051008064,1,3,7.3394,0,0,0,0,0,0,0,0,0,0,0,0,0,0,0,0,0,0,0,0,0,0
2021A00051008065,2,18,379.1857,0,0,0,0,0,0,0,0,0,0,0,0,0,0,0,0,0,0,0,0,0,0
2021A00051008066,0,0,2.5842,0,0,0,0,0,0,0,0,0,0,0,0,0,0,0,0,0,0,0,0,0,0
2021A00051008067,1,3,409.6555,0,0,0,0,0,0,0,0,0,0,0,0,0,0,0,0,0,0,1,3,1,3
2021A00051008069,20,160,45.7211,0,0,0,0,0,0,0,0,0,0,0,0,0,0,0,0,0,0,2,26,2,26
2021A00051008070,2,6,1.9322,0,0,0,0,0,0,0,0,0,0,0,0,0,0,0,0,0,0,1,3,1,3
2021A00051008071,6,22,4.09,0,0,0,0,0,0,0,0,0,0,0,0,0,0,0,0,0,0,0,0,0,0
2021A00051008072,11,49,24.9254,0,0,0,0,0,0,0,0,0,0,0,0,0,0,0,0,0,0,0,0,0,0
2021A00051008073,0,0,3.0994,0,0,0,0,0,0,0,0,0,0,0,0,0,0,0,0,0,0,0,0,0,0
2021A00051008074,2,6,2270.17,0,0,0,0,0,0,0,0,0,0,0,0,0,0,0,0,0,0,0,0,0,0
2021A00051008075,9,35,39.5366,0,0,0,0,0,0,0,0,0,0,0,0,0,0,0,0,0,0,0,0,0,0
2021A00051008076,30,178,29.1588,0,0,0,0,0,0,0,0,0,0,0,0,0,0,0,0,0,0,3,17,3,17
2021A00051008077,4,12,1.0223,0,0,0,0,0,0,0,0,0,0,0,0,0,0,0,0,0,0,1,3,1,3
2021A00051008078,2,18,14.4411,0,0,0,0,0,0,0,0,0,0,0,0,0,0,0,0,0,0,0,0,0,0
2021A00051008079,60,855,371.366,0,0,0,0,0,0,0,0,0,0,0,0,0,0,0,0,0,0,1,7,1,7
2021A00051008091,4,16,10.7867,0,0,0,0,0,0,0,0,0,0,0,0,0,0,0,0,0,0,0,0,0,0
2021A00051008092,2,10,18.9884,0,0,0,0,0,0,0,0,0,0,0,0,0,0,0,0,0,0,0,0,0,0
2021A00051008093,7,29,5.2303,0,0,0,0,1,7,0,0,0,0,0,0,0,0,1,7,1,7,1,7,1,7
2021A00051008095,7,372,3.8051,0,0,0,0,0,0,0,0,0,0,0,0,0,0,0,0,0,0,0,0,0,0
2021A00051008096,3,17,10.0531,0,0,0,0,0,0,0,0,0,0,0,0,0,0,0,0,0,0,0,0,0,0
2021A00051008098,1,3,3.9841,0,0,0,0,0,0,0,0,0,0,0,0,0,0,0,0,0,0,0,0,0,0
2021A00051008099,65,1093,238.2479,0,0,0,0,0,0,0,0,0,0,0,0,0,0,0,0,0,0,6,174,6,174
2021A00051009001,1,3,4933.8227,0,0,0,0,0,0,0,0,0,0,0,0,0,0,0,0,0,0,0,0,0,0
2021A00051009004,26,114,28.8151,0,0,0,0,0,0,0,0,0,0,0,0,0,0,0,0,0,0,2,10,2,10
2021A00051009007,45,279,45.1412,0,0,0,0,0,0,0,0,0,0,0,0,0,0,0,0,0,0,1,3,1,3
2021A00051009008,6,165,10.0304,0,0,0,0,0,0,0,0,0,0,0,0,0,0,0,0,0,0,2,98,2,98
2021A00051009009,11,53,1726.942,0,0,0,0,0,0,0,0,0,0,0,0,0,0,0,0,0,0,0,0,0,0
2021A00051009010,13,55,5.8315,0,0,0,0,0,0,0,0,0,0,0,0,0,0,0,0,0,0,1,3,1,3
2021A00051009011,22,218,3.781,0,0,0,0,0,0,0,0,0,0,0,0,0,0,0,0,0,0,1,48,1,48
2021A00051009012,30,406,4.8404,0,0,0,0,0,0,0,0,0,0,0,0,0,0,0,0,0,0,0,0,0,0
2021A00051009013,56,679,12.0771,0,0,1,1,1,1,0,0,0,0,0,0,0,0,0,0,0,0,2,96,2,96
2021A00051009015,19,109,7.6846,0,0,0,0,0,0,0,0,0,0,0,0,0,0,0,0,0,0,2,4,2,4
2021A00051009016,12,140,17.2668,0,0,0,0,0,0,0,0,0,0,0,0,0,0,0,0,0,0,0,0,0,0
2021A00051009017,10,38,12.3416,0,0,0,0,0,0,0,0,0,0,0,0,0,0,0,0,0,0,0,0,0,0
2021A00051009018,13,111,46.4143,0,0,0,0,0,0,0,0,0,0,0,0,0,0,0,0,0,0,0,0,0,0
2021A00051009019,0,0,38.4972,0,0,0,0,0,0,0,0,0,0,0,0,0,0,0,0,0,0,0,0,0,0
2021A00051009020,5,51,6.342,0,0,0,0,0,0,0,0,0,0,0,0,0,0,0,0,0,0,1,3,1,3
2021A00051009021,48,384,1842.1375,0,0,0,0,0,0,0,0,0,0,0,0,0,0,0,0,0,0,6,37,6,37
2021A00051009022,0,0,35.556,0,0,0,0,0,0,0,0,0,0,0,0,0,0,0,0,0,0,0,0,0,0
2021A00051009023,11,196,2.2604,0,0,0,0,0,0,0,0,0,0,0,0,0,0,0,0,0,0,8,128,8,128
2021A00051009024,23,193,6.7726,0,0,0,0,0,0,0,0,0,0,0,0,0,0,0,0,0,0,3,17,3,17
2021A00051009026,6,30,7.6885,0,0,0,0,0,0,0,0,0,0,0,0,0,0,0,0,0,0,2,6,2,6
2021A00051009028,12,259,27.9965,0,0,0,0,0,0,0,0,0,0,0,0,0,0,0,0,0,0,2,23,2,23
2021A00051009029,93,1457,37.4565,0,0,0,0,0,0,0,0,0,0,0,0,0,0,0,0,0,0,3,112,3,112
2021A00051009030,0,0,6.5232,0,0,0,0,0,0,0,0,0,0,0,0,0,0,0,0,0,0,0,0,0,0
2021A00051009031,0,0,939.7442,0,0,0,0,0,0,0,0,0,0,0,0,0,0,0,0,0,0,0,0,0,0
2021A00051009032,25,187,17.2866,0,0,0,0,0,0,0,0,0,0,0,0,0,0,0,0,0,0,3,6,3,6
2021A00051009034,5,27,1.9358,0,0,0,0,0,0,0,0,0,0,0,0,0,0,0,0,0,0,2,18,2,18
2021A00051009035,6,22,11.2713,0,0,0,0,0,0,0,0,0,0,0,0,0,0,0,0,0,0,0,0,0,0
2021A00051009037,2,14,4.6104,0,0,0,0,0,0,0,0,0,0,0,0,0,0,0,0,0,0,0,0,0,0
2021A00051009039,0,0,2.7074,0,0,0,0,0,0,0,0,0,0,0,0,0,0,0,0,0,0,0,0,0,0
2021A00051009041,0,0,2096.2917,0,0,0,0,0,0,0,0,0,0,0,0,0,0,0,0,0,0,0,0,0,0
2021A00051009042,2,6,8.8337,0,0,0,0,0,0,0,0,0,0,0,0,0,0,0,0,0,0,0,0,0,0
2021A00051009047,0,0,1256.1198,0,0,0,0,0,0,0,0,0,0,0,0,0,0,0,0,0,0,0,0,0,0
2021A00051009048,8,76,4.4557,0,0,0,0,0,0,0,0,0,0,0,0,0,0,0,0,0,0,1,22,1,22
2021A00051010001,1,3,3673.4632,0,0,0,0,0,0,0,0,0,0,0,0,0,0,0,0,0,0,0,0,0,0
2021A00051010002,22,740,3.3942,0,0,0,0,0,0,0,0,0,0,0,0,0,0,0,0,0,0,6,331,6,331
2021A00051010003,8,28,2.3146,0,0,0,0,0,0,0,0,0,0,0,0,0,0,0,0,0,0,0,0,0,0
2021A00051010004,8,100,60.645,0,0,0,0,0,0,0,0,0,0,0,0,0,0,0,0,0,0,0,0,0,0
2021A00051010005,29,375,7.501,0,0,0,0,0,0,0,0,0,0,0,0,0,0,0,0,0,0,0,0,0,0
2021A00051010006,6,22,7.5997,0,0,0,0,0,0,0,0,0,0,0,0,0,0,0,0,0,0,0,0,0,0
2021A00051010007,0,0,4.084,0,0,0,0,0,0,0,0,0,0,0,0,0,0,0,0,0,0,0,0,0,0
2021A00051010008,3,9,35501.5594,0,0,0,0,0,0,0,0,0,0,0,0,0,0,0,0,0,0,0,0,0,0
2021A00051010009,12,60,32.0194,0,0,0,0,0,0,0,0,0,0,0,0,0,0,0,0,0,0,1,1,1,1
2021A00051010010,6,34,10.0355,0,0,0,0,0,0,0,0,0,0,0,0,0,0,0,0,0,0,1,3,1,3
2021A00051010011,15,189,34.2521,0,0,0,0,0,0,0,0,0,0,0,0,0,0,0,0,0,0,1,48,1,48
2021A00051010012,16,188,5.8667,0,0,0,0,0,0,0,0,0,0,0,0,0,0,0,0,0,0,1,48,1,48
2021A00051010013,11,45,26.4707,0,0,0,0,0,0,0,0,0,0,0,0,0,0,0,0,0,0,1,2,1,2
2021A00051010020,0,0,62096.9287,0,0,0,0,0,0,0,0,0,0,0,0,0,0,0,0,0,0,0,0,0,0
2021A00051010022,16,630,3.5463,0,0,0,0,0,0,0,0,0,0,0,0,0,0,0,0,0,0,0,0,0,0
2021A00051010025,267,5615,304.5246,0,0,1,2,0,0,0,0,0,0,0,0,0,0,0,0,0,0,5,82,5,82
2021A00051010029,6,393,64922.383,0,0,0,0,0,0,0,0,0,0,0,0,0,0,0,0,0,0,1,63,1,63
2021A00051010032,186,3826,34.1091,0,0,1,1,1,1,0,0,0,0,0,0,0,0,0,0,0,0,2,76,2,76
2021A00051010034,80,1654,42.4158,0,0,0,0,0,0,0,0,0,0,0,0,0,0,0,0,0,0,1,3,1,3
2021A00051010042,0,0,24865.4889,0,0,0,0,0,0,0,0,0,0,0,0,0,0,0,0,0,0,0,0,0,0
2021A00051010801,4,447,44.0062,0,0,0,0,0,0,0,0,0,0,0,0,0,0,0,0,0,0,0,0,0,0
2021A00051010802,0,0,8.4781,0,0,0,0,0,0,0,0,0,0,0,0,0,0,0,0,0,0,0,0,0,0
2021A00051011005,0,0,26193.246,0,0,0,0,0,0,0,0,0,0,0,0,0,0,0,0,0,0,0,0,0,0
2021A00051011010,5,67,5.2729,0,0,0,0,0,0,0,0,0,0,0,0,0,0,0,0,0,0,0,0,0,0
2021A00051011015,4,72,2.3888,0,0,0,0,0,0,0,0,0,0,0,0,0,0,0,0,0,0,0,0,0,0
2021A00051011020,10,74,2.9545,0,0,0,0,0,0,0,0,0,0,0,0,0,0,0,0,0,0,0,0,0,0
2021A00051011030,8,88,2.1777,0,0,0,0,0,0,0,0,0,0,0,0,0,0,0,0,0,0,0,0,0,0
2021A00051011035,21,446,93.5047,0,0,0,0,0,0,0,0,0,0,0,0,0,0,0,0,0,0,1,3,1,3
2021A00051011040,0,0,40487.588,0,0,0,0,0,0,0,0,0,0,0,0,0,0,0,0,0,0,0,0,0,0
2021A00051101002,16,80,3.9012,1,3,0,0,1,3,0,0,0,0,0,0,0,0,0,0,0,0,3,9,3,9
2021A00051101003,13,422,42.774,0,0,0,0,0,0,0,0,0,0,0,0,0,0,0,0,0,0,6,37,6,37
2021A00051101004,29,167,1.5425,0,0,0,0,0,0,0,0,0,0,0,0,0,0,0,0,0,0,10,66,10,66
2021A00051101005,26,130,174.7849,0,0,0,0,0,0,0,0,0,0,0,0,0,0,0,0,0,0,8,22,8,22
2021A00051101020,1,15,50.1763,0,0,0,0,0,0,0,0,0,0,0,0,0,0,0,0,0,0,0,0,0,0
2021A00051101025,2,10,33.0157,0,0,0,0,0,0,0,0,0,0,0,0,0,0,0,0,0,0,0,0,0,0
2021A00051101027,2,6,72.9442,0,0,0,0,0,0,0,0,0,0,0,0,0,0,0,0,0,0,2,6,2,6
2021A00051101030,8,40,31.8737,0,0,0,0,0,0,0,0,0,0,0,0,0,0,0,0,0,0,4,11,4,11
2021A00051101033,15,141,7.7283,0,0,0,0,0,0,0,0,0,0,0,0,0,0,0,0,0,0,5,11,5,11
2021A00051101035,62,550,272.5544,0,0,0,0,0,0,0,0,0,0,0,0,0,0,0,0,1,3,28,129,28,129
2021A00051101036,101,1358,3.6085,0,0,0,0,0,0,0,0,0,0,0,0,0,0,0,0,0,0,25,69,25,69
2021A00051101037,21,143,183.4379,0,0,0,0,0,0,0,0,0,0,0,0,0,0,0,0,0,0,4,11,4,11
2021A00051101040,49,231,141.1223,0,0,0,0,0,0,0,0,0,0,0,0,0,0,0,0,0,0,19,66,19,66
2021A00051101043,34,496,155.2897,0,0,0,0,0,0,0,0,0,0,0,0,0,0,0,0,0,0,14,83,14,83
2021A00051101044,28,176,4.4413,0,0,1,2,0,0,0,0,0,0,0,0,0,0,0,0,0,0,10,24,10,24
2021A00051101045,336,4346,431.4717,3,28,3,53,3,72,0,0,0,0,1,3,1,21,0,0,0,0,59,624,59,624
2021A00051101048,31,377,1.4917,0,0,0,0,0,0,0,0,0,0,0,0,0,0,0,0,1,15,5,59,5,59
2021A00051101050,0,0,0.7828,0,0,0,0,0,0,0,0,0,0,0,0,0,0,0,0,0,0,0,0,0,0
2021A00051101052,13,103,74.642,0,0,0,0,0,0,0,0,0,0,0,0,0,0,0,0,0,0,2,6,2,6
2021A00051102002,68,742,229.273,1,5,2,27,2,27,0,0,0,0,0,0,0,0,0,0,1,6,14,81,14,81
2021A00051102003,2,6,38.8725,0,0,0,0,0,0,0,0,0,0,0,0,0,0,0,0,0,0,1,2,1,2
2021A00051102005,0,0,30.2115,0,0,0,0,0,0,0,0,0,0,0,0,0,0,0,0,0,0,0,0,0,0
2021A00051102010,41,378,53.2972,0,0,1,1,1,1,0,0,0,0,0,0,0,0,0,0,1,1,5,11,5,11
2021A00051102011,8,44,8.0911,0,0,0,0,0,0,0,0,0,0,0,0,0,0,0,0,0,0,2,6,2,6
2021A00051102013,10,62,10.3542,0,0,0,0,0,0,0,0,0,0,0,0,0,0,0,0,0,0,0,0,0,0
2021A00051102015,3,21,9.4489,0,0,0,0,0,0,0,0,0,0,0,0,0,0,0,0,0,0,1,2,1,2
2021A00051102016,85,1142,221.943,1,35,1,1,0,0,0,0,0,0,0,0,1,35,0,0,0,0,12,119,12,119
2021A00051102017,139,1337,256.1345,0,0,0,0,0,0,0,0,0,0,0,0,0,0,0,0,0,0,10,27,10,27
2021A00051102018,27,197,152.4524,1,1,1,1,1,1,0,0,0,0,0,0,0,0,0,0,0,0,4,13,4,13
2021A00051102019,14,170,6.5585,0,0,0,0,0,0,0,0,0,0,0,0,0,0,0,0,0,0,0,0,0,0
2021A00051102020,7,69,12.4292,0,0,0,0,0,0,0,0,0,0,0,0,0,0,0,0,0,0,1,7,1,7
2021A00051102021,11,77,13.5168,0,0,0,0,0,0,0,0,0,0,0,0,0,0,0,0,0,0,2,10,2,10
2021A00051102022,21,87,48.3803,0,0,0,0,0,0,0,0,0,0,0,0,0,0,0,0,0,0,1,3,1,3
2021A00051102030,0,0,0.0424,0,0,0,0,0,0,0,0,0,0,0,0,0,0,0,0,0,0,0,0,0,0
2021A00051102032,7,49,1.4398,0,0,0,0,0,0,0,0,0,0,0,0,0,0,0,0,0,0,0,0,0,0
2021A00051102034,18,194,2.0951,0,0,0,0,0,0,0,0,0,0,0,0,0,0,0,0,0,0,0,0,0,0
2021A00051102035,2,6,7.7195,0,0,0,0,0,0,0,0,0,0,0,0,0,0,0,0,0,0,0,0,0,0
2021A00051102037,20,543,15.9334,0,0,0,0,0,0,0,0,0,0,0,0,0,0,0,0,1,3,1,3,1,3
2021A00051102040,33,350,35.1262,0,0,1,92,1,92,0,0,0,0,0,0,0,0,0,0,0,0,2,100,2,100
2021A00051102043,7,69,6.0437,0,0,0,0,0,0,0,0,0,0,0,0,0,0,0,0,0,0,0,0,0,0
2021A00051102045,56,1031,36.102,0,0,0,0,0,0,0,0,0,0,0,0,0,0,0,0,0,0,2,4,2,4
2021A00051102046,83,1100,2.6373,0,0,1,2,1,2,0,0,0,0,0,0,0,0,0,0,0,0,7,49,7,49
2021A00051102050,3,9,10.3251,0,0,0,0,0,0,0,0,0,0,0,0,0,0,0,0,0,0,0,0,0,0
2021A00051102051,2,6,12.6698,0,0,0,0,0,0,0,0,0,0,0,0,0,0,0,0,0,0,0,0,0,0
2021A00051102055,32,364,18.7459,0,0,0,0,0,0,0,0,0,0,0,0,0,0,0,0,0,0,0,0,0,0
2021A00051102057,4,56,1.4289,0,0,0,0,0,0,0,0,0,0,0,0,0,0,0,0,0,0,0,0,0,0
2021A00051102059,35,324,1.52,0,0,1,2,1,2,1,2,0,0,1,2,0,0,0,0,0,0,10,29,10,29
2021A00051102061,85,658,12.2739,1,11,1,11,2,14,0,0,0,0,0,0,0,0,1,3,1,3,18,66,18,66
2021A00051102064,41,303,211.1697,0,0,0,0,0,0,0,0,0,0,0,0,0,0,0,0,0,0,14,41,14,41
2021A00051102066,18,154,51.2689,0,0,0,0,0,0,0,0,0,0,0,0,0,0,0,0,0,0,2,5,2,5
2021A00051102067,0,0,71.1307,0,0,0,0,0,0,0,0,0,0,0,0,0,0,0,0,0,0,0,0,0,0
2021A00051102068,103,509,121.6175,2,2,4,5,1,2,1,2,0,0,1,2,0,0,0,0,0,0,7,12,7,12
2021A00051102069,5,31,11.5772,0,0,0,0,0,0,0,0,0,0,0,0,0,0,0,0,0,0,1,4,1,4
2021A00051102070,17,63,10.1634,0,0,0,0,0,0,0,0,0,0,0,0,0,0,0,0,0,0,2,4,2,4
2021A00051102071,50,565,94.7161,0,0,0,0,0,0,0,0,0,0,0,0,0,0,0,0,0,0,16,249,16,249
2021A00051102072,4,60,17.1888,0,0,0,0,0,0,0,0,0,0,0,0,0,0,0,0,0,0,1,4,1,4
2021A00051102073,42,426,48.273,0,0,0,0,0,0,0,0,0,0,0,0,0,0,0,0,0,0,5,14,5,14
2021A00051102075,2048,37947,44.2714,2,30,7,26,6,74,1,2,0,0,4,44,0,0,1,2,1,2,40,363,41,398
2021A00051102080,309,3393,22.6703,0,0,2,4,1,1,0,0,0,0,0,0,0,0,0,0,2,4,9,23,9,23
2021A00051102085,144,1279,28.2117,0,0,0,0,0,0,0,0,0,0,0,0,0,0,0,0,0,0,5,19,5,19
2021A00051103002,9,39,54.071,0,0,0,0,0,0,0,0,0,0,0,0,0,0,0,0,1,3,2,7,2,7
2021A00051103003,61,750,134.1307,1,9,0,0,1,9,0,0,0,0,0,0,1,9,0,0,0,0,9,51,9,51
2021A00051103004,15,133,51.6752,0,0,0,0,0,0,0,0,0,0,0,0,0,0,0,0,0,0,0,0,0,0
2021A00051103005,34,995,12.9374,0,0,0,0,0,0,0,0,0,0,0,0,0,0,0,0,0,0,5,364,5,364
2021A00051103007,45,407,98.968,0,0,0,0,0,0,0,0,0,0,0,0,0,0,0,0,0,0,8,38,8,38
2021A00051103008,16,148,3.9659,0,0,0,0,0,0,0,0,0,0,0,0,0,0,0,0,0,0,0,0,0,0
2021A00051103014,118,1345,3.17,1,1,1,1,1,1,0,0,0,0,0,0,0,0,0,0,0,0,15,53,15,53
2021A00051103015,20,188,2.262,0,0,2,82,0,0,0,0,0,0,0,0,0,0,0,0,0,0,3,83,3,83
2021A00051103018,3,41,8.9411,0,0,0,0,0,0,0,0,0,0,0,0,0,0,0,0,0,0,0,0,0,0
2021A00051103020,36,228,172.0952,0,0,0,0,0,0,0,0,0,0,0,0,0,0,0,0,1,3,5,24,5,24
2021A00051103021,21,195,87.6339,0,0,0,0,1,3,0,0,0,0,0,0,0,0,1,3,1,3,2,4,2,4
2021A00051103022,4,20,20.7301,0,0,0,0,0,0,0,0,0,0,0,0,0,0,0,0,0,0,0,0,0,0
2021A00051103023,6,98,7.8802,0,0,0,0,0,0,0,0,0,0,0,0,0,0,0,0,0,0,1,2,1,2
2021A00051103024,22,134,3.4918,0,0,0,0,0,0,0,0,0,0,0,0,0,0,0,0,0,0,0,0,0,0
2021A00051103025,529,9404,28.2118,1,7,0,0,1,35,0,0,0,0,1,35,0,0,0,0,2,38,14,140,15,175
2021A00051103027,55,1027,1.3599,0,0,0,0,0,0,0,0,0,0,0,0,0,0,0,0,1,3,4,107,4,107
2021A00051103029,14,341,1.6963,0,0,0,0,0,0,0,0,0,0,0,0,0,0,0,0,0,0,0,0,0,0
2021A00051103033,18,289,1.9393,0,0,0,0,0,0,0,0,0,0,0,0,0,0,0,0,0,0,1,3,1,3
2021A00051103035,17,403,5.5861,0,0,0,0,0,0,0,0,0,0,0,0,0,0,0,0,0,0,6,90,6,90
2021A00051103039,15,345,102.6102,0,0,0,0,0,0,0,0,0,0,0,0,0,0,0,0,0,0,8,61,8,61
2021A00051103040,38,793,85.5354,0,0,2,168,0,0,0,0,0,0,1,10,0,0,0,0,0,0,5,174,5,174
2021A00051103042,66,1124,1.829,1,5,1,5,1,5,0,0,0,0,0,0,0,0,0,0,0,0,7,27,7,27
2021A00051103043,11,93,133.7752,0,0,0,0,0,0,0,0,0,0,0,0,0,0,0,0,0,0,3,8,3,8
2021A00051103050,8,427,1.728,0,0,0,0,0,0,0,0,0,0,0,0,0,0,0,0,0,0,5,18,5,18
2021A00051103052,87,1379,4.6964,0,0,0,0,0,0,0,0,0,0,0,0,0,0,0,0,0,0,9,29,9,29
2021A00051103053,11,65,11.5435,0,0,0,0,0,0,0,0,0,0,0,0,0,0,0,0,0,0,3,16,3,16
2021A00051103055,9,43,26.0333,0,0,0,0,0,0,0,0,0,0,0,0,0,0,0,0,0,0,2,7,2,7
2021A00051103057,6,34,0.6846,0,0,0,0,0,0,0,0,0,0,0,0,0,0,0,0,0,0,1,7,1,7
2021A00051103059,56,1242,5.8743,0,0,0,0,0,0,0,0,0,0,0,0,0,0,0,0,0,0,10,28,10,28
2021A00051103060,0,0,1.6521,0,0,0,0,0,0,0,0,0,0,0,0,0,0,0,0,0,0,0,0,0,0
2021A00051103061,46,881,104.4293,0,0,1,3,2,17,1,3,0,0,1,3,0,0,1,14,1,14,19,450,19,450
2021A00051103062,5,19,1.8843,0,0,0,0,0,0,0,0,0,0,0,0,0,0,0,0,0,0,0,0,0,0
2021A00051103063,0,0,100.1684,0,0,0,0,0,0,0,0,0,0,0,0,0,0,0,0,0,0,0,0,0,0
2021A00051103064,78,586,157.2757,1,3,1,4,2,7,0,0,0,0,1,2,0,0,1,3,1,3,10,48,10,48
2021A00051103065,102,1399,375.4976,1,13,0,0,1,7,0,0,0,0,1,7,0,0,0,0,0,0,17,76,18,83
2021A00051103066,8,48,28.0812,0,0,0,0,0,0,0,0,0,0,0,0,0,0,0,0,0,0,1,3,1,3
2021A00051103067,103,1167,155.1579,0,0,1,3,1,3,1,3,0,0,1,3,0,0,0,0,0,0,8,60,8,60
2021A00051103068,7,137,7.0689,0,0,0,0,0,0,0,0,0,0,0,0,0,0,0,0,0,0,0,0,0,0
2021A00051201001,442,3952,631.9827,1,7,2,12,3,15,1,7,0,0,1,3,0,0,1,3,1,3,172,803,173,806
2021A00051201004,84,767,2.8179,1,35,0,0,1,35,1,35,0,0,0,0,0,0,0,0,0,0,35,265,35,265
2021A00051201006,99,1973,1816.7139,0,0,0,0,0,0,0,0,0,0,0,0,0,0,0,0,1,19,36,466,36,466
2021A00051201008,123,1141,8.7495,0,0,0,0,0,0,0,0,0,0,0,0,0,0,0,0,0,0,21,102,21,102
2021A00051201009,36,531,2.3177,0,0,3,14,1,2,1,2,0,0,3,14,0,0,0,0,0,0,11,133,11,133
2021A00051202001,397,3210,1526.0747,2,69,1,2,2,69,2,69,0,0,0,0,0,0,1,7,1,7,185,1147,185,1147
2021A00051202004,419,3263,584.686,0,0,0,0,0,0,0,0,0,0,0,0,0,0,1,15,2,17,113,419,113,419
2021A00051202006,427,7868,10.566,2,86,1,7,3,45,1,35,0,0,2,10,1,51,1,3,1,3,36,379,38,389
2021A00051202040,6,198,0.3126,0,0,0,0,0,0,0,0,0,0,0,0,0,0,0,0,0,0,1,21,1,21
2021A00051203001,312,4743,851.1376,0,0,0,0,2,4,0,0,0,0,0,0,0,0,0,0,4,12,78,981,78,981
2021A00051203004,220,2034,1654.586,1,2,2,5,2,4,0,0,0,0,0,0,1,2,1,43,3,50,64,325,64,325
2021A00051203006,128,2333,3.1563,0,0,2,28,2,32,0,0,0,0,2,21,0,0,0,0,0,0,16,171,17,186
2021A00051203009,4,307,3.3998,0,0,0,0,0,0,0,0,0,0,0,0,0,0,0,0,0,0,0,0,0,0
2021A00051204001,0,0,0.0627,0,0,0,0,0,0,0,0,0,0,0,0,0,0,0,0,0,0,0,0,0,0
2021A00051204009,0,0,1.1139,0,0,0,0,0,0,0,0,0,0,0,0,0,0,0,0,0,0,0,0,0,0
2021A00051204010,243,3798,2387.5232,1,3,1,5,1,3,1,3,0,0,0,0,0,0,4,149,4,149,29,392,29,392
2021A00051204015,0,0,4.7429,0,0,0,0,0,0,0,0,0,0,0,0,0,0,0,0,0,0,0,0,0,0
2021A00051205001,28,204,1976.2535,0,0,0,0,0,0,0,0,0,0,0,0,0,0,0,0,1,15,5,26,5,26
2021A00051205002,0,0,3.0973,0,0,0,0,0,0,0,0,0,0,0,0,0,0,0,0,0,0,0,0,0,0
2021A00051205004,152,1312,612.4404,0,0,1,5,0,0,0,0,0,0,0,0,0,0,0,0,2,5,26,138,26,138
2021A00051205006,0,0,0.2421,0,0,0,0,0,0,0,0,0,0,0,0,0,0,0,0,0,0,0,0,0,0
2021A00051205008,71,920,1.9754,0,0,0,0,0,0,0,0,0,0,0,0,0,0,0,0,0,0,3,20,3,20
2021A00051205009,152,1897,377.1612,0,0,2,7,1,4,0,0,0,0,0,0,0,0,1,2,1,2,15,109,15,109
2021A00051205014,64,476,206.5084,1,3,1,3,1,3,0,0,0,0,0,0,0,0,0,0,1,2,8,23,8,23
2021A00051205016,92,2013,5.5529,0,0,0,0,0,0,0,0,0,0,0,0,0,0,0,0,1,2,8,124,8,124
2021A00051206001,583,5242,1757.7926,2,3,4,33,3,31,1,2,0,0,4,33,0,0,7,73,18,109,63,273,65,302
2021A00051206004,345,8110,13.6297,4,544,4,40,2,26,0,0,0,0,0,0,0,0,0,0,0,0,10,748,10,748
2021A00051206006,143,3179,4.0382,0,0,2,268,1,33,0,0,0,0,1,3,0,0,0,0,0,0,10,683,10,683
2021A00051206008,100,872,3.1163,0,0,0,0,1,1,0,0,0,0,2,31,0,0,1,1,2,3,7,40,7,40
2021A00051206009,318,3363,1120.6146,1,22,1,4,3,27,0,0,0,0,0,0,1,22,2,8,5,14,27,186,27,186
2021A00051206011,1,35,2.7879,0,0,0,0,0,0,0,0,0,0,0,0,0,0,0,0,0,0,0,0,0,0
2021A00051206014,0,0,0.4443,0,0,0,0,0,0,0,0,0,0,0,0,0,0,0,0,0,0,0,0,0,0
2021A00051206016,0,0,4.0486,0,0,0,0,0,0,0,0,0,0,0,0,0,0,0,0,0,0,0,0,0,0
2021A00051207001,523,6796,1233.0536,2,530,3,11,4,12,1,4,0,0,1,4,0,0,3,5,7,26,59,1018,59,1018
2021A00051207002,7,448,0.6469,0,0,0,0,0,0,0,0,0,0,0,0,0,0,0,0,0,0,0,0,0,0
2021A00051207004,103,2346,6.5336,0,0,0,0,0,0,0,0,0,0,0,0,0,0,1,10,2,11,5,36,5,36
2021A00051207011,336,5879,243.9538,0,0,3,15,3,11,2,8,0,0,3,11,0,0,0,0,0,0,6,28,7,31
2021A00051207012,331,4371,17.081,0,0,1,3,0,0,0,0,0,0,0,0,0,0,0,0,2,3,9,358,9,358
2021A00051207016,345,4039,346.017,2,7,1,6,1,6,1,3,0,0,1,6,2,7,1,3,2,5,46,391,47,397
2021A00051207021,149,1796,264.8592,0,0,0,0,0,0,0,0,0,0,0,0,0,0,1,15,1,15,24,326,24,326
2021A00051207024,153,2518,6.4557,0,0,0,0,0,0,0,0,0,0,0,0,0,0,0,0,0,0,4,9,4,9
2021A00051207027,2,82,1.7114,0,0,0,0,0,0,0,0,0,0,0,0,0,0,0,0,0,0,0,0,0,0
2021A00051208003,532,6774,1250.4975,3,7,5,13,3,6,1,2,0,0,4,17,0,0,3,24,6,30,39,348,41,354
2021A00051208008,554,6496,1786.5318,1,2,6,248,6,55,1,2,0,0,5,45,0,0,3,83,6,103,40,459,41,494
2021A00051208014,27,428,12.1483,0,0,0,0,0,0,0,0,0,0,0,0,0,0,0,0,0,0,2,4,2,4
2021A00051209019,4,96,0.188,0,0,0,0,0,0,0,0,0,0,0,0,0,0,0,0,0,0,0,0,0,0
2021A00051209034,12639,233961,5475.5738,34,658,83,1734,50,1129,9,68,0,0,34,1090,0,0,17,291,38,579,359,5234,373,6017
2021A00051209037,0,0,0.8333,0,0,0,0,0,0,0,0,0,0,0,0,0,0,0,0,0,0,0,0,0,0
2021A00051209038,0,0,0.5007,0,0,0,0,0,0,0,0,0,0,0,0,0,0,0,0,0,0,0,0,0,0
2021A00051209800,1,3,0.4389,0,0,0,0,0,0,0,0,0,0,0,0,0,0,0,0,0,0,0,0,0,0
2021A00051210001,314,3302,1443.117,1,15,0,0,1,1,0,0,0,0,1,1,0,0,0,0,3,39,18,91,18,91
2021A00051210002,39,597,17.6169,0,0,0,0,0,0,0,0,0,0,0,0,0,0,0,0,0,0,1,2,1,2
2021A00051210003,26,860,3.6527,0,0,0,0,0,0,0,0,0,0,0,0,0,0,0,0,0,0,0,0,0,0
2021A00051210006,594,12565,37.5168,0,0,1,2,2,48,0,0,0,0,1,3,0,0,2,6,3,41,17,287,18,290
2021A00051210008,503,5935,1248.2412,3,67,5,61,4,54,1,2,0,0,2,14,0,0,4,162,6,169,47,405,48,417
2021A00051210012,88,1250,877.3542,0,0,0,0,1,2,0,0,0,0,0,0,0,0,1,2,5,14,18,330,18,330
2021A00051211001,118,1073,1135.5508,1,24,1,24,1,24,0,0,0,0,0,0,0,0,0,0,0,0,22,111,22,111
2021A00051211006,119,2128,1168.3667,3,117,2,23,2,23,0,0,0,0,0,0,0,0,1,1,2,6,28,240,28,240
2021A00051211009,86,841,896.217,0,0,2,15,1,1,0,0,0,0,1,6,0,0,1,1,2,3,12,39,12,39
2021A00051211011,311,5742,12.0662,1,58,5,273,4,172,1,39,0,0,3,55,0,0,0,0,2,40,16,496,17,569
2021A00051211012,49,954,10.6762,1,2,2,4,2,4,0,0,0,0,0,0,0,0,0,0,0,0,7,113,7,113
2021A00051211014,123,2192,1052.8953,0,0,0,0,1,7,0,0,0,0,2,35,0,0,0,0,0,0,26,263,27,270
2021A00051212001,228,1761,769.6431,1,3,1,3,2,4,0,0,0,0,0,0,0,0,3,146,4,149,71,391,71,391
2021A00051212004,122,1844,7.9933,1,5,1,148,2,40,0,0,0,0,1,35,0,0,1,7,1,7,21,299,22,334
2021A00051212006,73,671,770.5675,1,3,0,0,0,0,0,0,0,0,0,0,0,0,0,0,0,0,7,17,7,17
2021A00051212008,117,1250,14.2393,1,2,0,0,1,2,0,0,0,0,0,0,0,0,1,34,3,43,8,51,8,51
2021A00051212009,132,3561,8.9918,0,0,1,7,0,0,0,0,0,0,0,0,0,0,1,2,2,4,10,77,10,77
2021A00051212011,155,1344,1254.8741,0,0,1,77,2,78,1,77,0,0,1,77,0,0,3,36,7,48,26,205,26,205
2021A00051212014,409,8175,9.9557,2,542,2,22,2,20,0,0,0,0,0,0,0,0,0,0,1,7,8,571,8,571
2021A00051212016,46,486,6.0671,0,0,0,0,0,0,0,0,0,0,0,0,0,0,0,0,0,0,8,23,8,23
2021A00051212019,16,211,1.5408,0,0,0,0,0,0,0,0,0,0,0,0,0,0,0,0,0,0,6,15,6,15
2021A00051212023,0,0,0.2307,0,0,0,0,0,0,0,0,0,0,0,0,0,0,0,0,0,0,0,0,0,0
2021A00051213001,73,750,1904.0842,0,0,0,0,0,0,0,0,0,0,0,0,0,0,1,22,1,22,21,77,21,77
2021A00051213004,142,1306,2115.2512,1,3,1,3,1,3,0,0,0,0,0,0,0,0,0,0,3,11,32,150,32,150
2021A00051213008,20,463,17.8257,1,3,0,0,2,38,1,3,0,0,1,35,0,0,0,0,0,0,7,191,8,226
2021A00051214001,253,2683,926.4313,0,0,1,4,1,4,0,0,0,0,1,1,0,0,1,2,4,12,50,131,50,131
2021A00051214002,275,5307,4.9821,0,0,2,4,2,4,0,0,0,0,0,0,0,0,0,0,0,0,8,16,8,16
2021A00051214006,178,1453,522.2875,0,0,0,0,1,3,0,0,0,0,1,3,0,0,0,0,1,2,38,101,39,104
2021A00051214010,0,0,2.7144,0,0,0,0,0,0,0,0,0,0,0,0,0,0,0,0,0,0,0,0,0,0
2021A00051215001,80,480,1025.6477,0,0,0,0,0,0,0,0,0,0,0,0,0,0,0,0,0,0,10,27,10,27
2021A00051215002,144,3283,8.0998,0,0,1,3,0,0,0,0,0,0,0,0,0,0,0,0,0,0,4,7,4,7
2021A00051215005,0,0,6.6934,0,0,0,0,0,0,0,0,0,0,0,0,0,0,0,0,0,0,0,0,0,0
2021A00051215006,222,3631,751.902,0,0,0,0,0,0,0,0,0,0,1,3,0,0,0,0,2,7,38,103,38,103
2021A00051215008,0,0,7.4754,0,0,0,0,0,0,0,0,0,0,0,0,0,0,0,0,0,0,0,0,0,0
2021A00051215011,300,2777,2017.7917,0,0,3,24,6,30,1,18,0,0,1,18,0,0,3,6,5,11,79,417,79,417
2021A00051216001,104,1031,129.3205,0,0,2,7,2,7,1,4,0,0,2,7,0,0,0,0,0,0,21,157,22,160
2021A00051216006,114,2003,464.8798,0,0,4,18,4,18,2,4,0,0,3,16,0,0,0,0,0,0,18,156,19,168
2021A00051216011,39,388,646.2555,0,0,0,0,0,0,0,0,0,0,0,0,0,0,0,0,0,0,10,40,10,40
2021A00051216014,17,119,5.6194,0,0,0,0,0,0,0,0,0,0,0,0,0,0,0,0,0,0,2,6,2,6
2021A00051217008,21,1244,1.4792,0,0,0,0,0,0,0,0,0,0,0,0,0,0,0,0,0,0,0,0,0,0
2021A00051217020,22,1164,36.0315,0,0,0,0,0,0,0,0,0,0,0,0,0,0,0,0,0,0,1,43,1,43
2021A00051217030,2381,38684,2419.6959,0,0,9,69,5,114,2,20,0,0,5,98,0,0,2,5,9,86,243,1244,245,1334
2021A00051218001,216,2737,1228.6273,0,0,0,0,1,1,0,0,0,0,1,3,0,0,1,1,4,8,37,102,37,102
2021A00051218003,0,0,3.7199,0,0,0,0,0,0,0,0,0,0,0,0,0,0,0,0,0,0,0,0,0,0
2021A00051218006,203,1640,1603.8466,0,0,1,4,1,4,0,0,0,0,0,0,0,0,0,0,0,0,65,191,65,191
2021A00051301001,22,102,628.9981,0,0,0,0,0,0,0,0,0,0,0,0,0,0,0,0,2,6,5,18,5,18
2021A00051301002,21,211,2.351,0,0,0,0,0,0,0,0,0,0,0,0,0,0,0,0,1,7,2,10,2,10
2021A00051301004,37,179,281.0597,0,0,1,7,0,0,0,0,0,0,0,0,0,0,0,0,0,0,8,26,8,26
2021A00051301006,2193,52156,315.5893,5,153,12,364,11,1190,0,0,0,0,7,1086,1,15,4,305,9,823,68,2239,74,3266
2021A00051301016,34,202,233.0561,0,0,0,0,0,0,0,0,0,0,0,0,0,0,0,0,0,0,12,45,12,45
2021A00051302001,13,103,5.9575,0,0,0,0,0,0,0,0,0,0,0,0,0,0,0,0,0,0,9,74,9,74
2021A00051302004,42,366,39.5938,0,0,0,0,0,0,0,0,0,0,0,0,0,0,0,0,0,0,18,98,18,98
2021A00051302006,48,340,38.3192,0,0,0,0,0,0,0,0,0,0,0,0,0,0,0,0,1,3,26,135,26,135
2021A00051302008,21,710,209.5174,0,0,0,0,0,0,0,0,0,0,0,0,0,0,0,0,0,0,8,53,8,53
2021A00051302011,35,293,363.7459,0,0,0,0,0,0,0,0,0,0,0,0,0,0,0,0,0,0,7,57,7,57
2021A00051302012,20,1448,9.0198,0,0,1,75,1,75,0,0,0,0,0,0,0,0,0,0,0,0,4,779,5,854
2021A00051302014,1,3,492.1121,0,0,0,0,0,0,0,0,0,0,0,0,0,0,0,0,0,0,0,0,0,0
2021A00051302016,60,727,500.0524,0,0,0,0,0,0,0,0,0,0,0,0,0,0,0,0,0,0,12,181,12,181
2021A00051302018,53,1205,16.1655,0,0,0,0,0,0,0,0,0,0,0,0,0,0,0,0,0,0,9,339,9,339
2021A00051302021,11,73,236.5866,0,0,0,0,0,0,0,0,0,0,0,0,0,0,0,0,0,0,1,5,1,5
2021A00051302024,21,187,24.2718,0,0,1,15,0,0,0,0,0,0,0,0,0,0,0,0,0,0,2,16,2,16
2021A00051302026,94,1273,8.3502,0,0,1,7,1,7,0,0,0,0,0,0,0,0,0,0,0,0,3,19,3,19
2021A00051302028,16,152,78.5975,0,0,0,0,0,0,0,0,0,0,0,0,0,0,0,0,0,0,1,32,1,32
2021A00051302031,11,121,12.342,0,0,0,0,0,0,0,0,0,0,0,0,0,0,0,0,0,0,0,0,0,0
2021A00051302034,44,388,102.8296,0,0,1,3,1,3,0,0,0,0,1,12,0,0,0,0,0,0,2,14,3,17
2021A00051302037,164,3379,13.7212,0,0,2,10,0,0,0,0,0,0,1,12,0,0,0,0,0,0,10,233,10,233
2021A00051302039,13,83,552.9041,0,0,0,0,0,0,0,0,0,0,0,0,0,0,0,0,0,0,2,13,2,13
2021A00051302042,43,285,190.3914,0,0,0,0,0,0,0,0,0,0,0,0,0,0,0,0,1,15,2,17,2,17
2021A00051302044,4,12,373.1951,0,0,0,0,0,0,0,0,0,0,0,0,0,0,0,0,0,0,1,3,1,3
2021A00051302052,168,1643,150.5636,0,0,1,2,0,0,0,0,0,0,0,0,0,0,0,0,0,0,77,500,77,500
2021A00051303001,13,51,341.7369,0,0,0,0,0,0,0,0,0,0,0,0,0,0,0,0,2,6,2,6,2,6
2021A00051303004,8,443,362.0779,0,0,0,0,0,0,0,0,0,0,0,0,0,0,0,0,1,303,1,303,1,303
2021A00051303005,12,88,29.4354,0,0,0,0,0,0,0,0,0,0,0,0,0,0,0,0,0,0,1,6,1,6
2021A00051303006,19,233,23.8522,0,0,0,0,0,0,0,0,0,0,0,0,0,0,0,0,1,3,1,3,1,3
2021A00051303008,100,848,159.4404,0,0,0,0,0,0,0,0,0,0,0,0,0,0,0,0,0,0,2,9,2,9
2021A00051303011,46,250,258.3875,1,3,1,3,1,1,0,0,0,0,0,0,0,0,1,1,1,1,2,4,2,4
2021A00051303012,160,3715,22.3592,0,0,0,0,0,0,0,0,0,0,0,0,0,0,0,0,0,0,1,6,1,6
2021A00051303013,1,3,1.1818,0,0,0,0,0,0,0,0,0,0,0,0,0,0,0,0,0,0,0,0,0,0
2021A00051303014,21,103,271.2909,0,0,0,0,0,0,0,0,0,0,0,0,0,0,0,0,0,0,2,10,2,10
2021A00051303016,45,1013,919.937,0,0,0,0,1,1,0,0,0,0,0,0,0,0,1,1,2,4,9,22,9,22
2021A00051303018,15,65,303.2682,0,0,1,3,1,3,0,0,0,0,1,3,0,0,0,0,0,0,0,0,1,3
2021A00051304001,17,63,589.9536,0,0,0,0,0,0,0,0,0,0,1,7,0,0,0,0,0,0,2,9,2,9
2021A00051304004,8,68,234.5846,0,0,0,0,0,0,0,0,0,0,0,0,0,0,0,0,1,15,2,18,2,18
2021A00051304005,23,245,49.3243,0,0,0,0,0,0,0,0,0,0,0,0,0,0,0,0,0,0,6,24,6,24
2021A00051304006,7,29,212.3946,0,0,0,0,0,0,0,0,0,0,0,0,0,0,0,0,0,0,2,6,2,6
2021A00051304008,11,41,160.5415,0,0,0,0,0,0,0,0,0,0,0,0,0,0,0,0,0,0,3,10,3,10
2021A00051304011,16,259,113.1716,0,0,0,0,0,0,0,0,0,0,0,0,0,0,0,0,0,0,2,4,2,4
2021A00051304013,18,130,106.7922,0,0,0,0,0,0,0,0,0,0,0,0,0,0,0,0,0,0,0,0,0,0
2021A00051304014,13,83,360.8726,0,0,0,0,0,0,0,0,0,0,0,0,0,0,1,3,1,3,1,3,1,3
2021A00051304016,5,31,703.2012,0,0,0,0,0,0,0,0,0,0,0,0,0,0,0,0,0,0,2,10,2,10
2021A00051304018,13,75,443.1587,0,0,0,0,0,0,0,0,0,0,0,0,0,0,0,0,0,0,0,0,0,0
2021A00051304021,25,163,173.2503,0,0,0,0,0,0,0,0,0,0,0,0,0,0,0,0,0,0,3,10,3,10
2021A00051304022,65,1581,31.3562,1,3,0,0,0,0,0,0,0,0,0,0,0,0,0,0,1,3,2,6,2,6
2021A00051304024,26,214,483.4487,0,0,0,0,0,0,0,0,0,0,0,0,0,0,0,0,3,13,5,18,5,18
2021A00051304025,39,792,19.0033,0,0,0,0,0,0,0,0,0,0,0,0,0,0,1,347,1,347,1,347,1,347
2021A00051305001,6,62,244.2437,0,0,0,0,0,0,0,0,0,0,0,0,0,0,0,0,1,3,1,3,1,3
2021A00051305004,19,304,189.2068,0,0,0,0,0,0,0,0,0,0,0,0,0,0,0,0,1,3,2,6,2,6
2021A00051305006,44,256,121.2395,0,0,0,0,0,0,0,0,0,0,0,0,0,0,1,7,1,7,5,22,5,22
2021A00051305007,110,1301,20.9681,0,0,2,10,0,0,0,0,0,0,0,0,0,0,0,0,1,3,5,15,5,15
2021A00051305008,10,58,7.2574,0,0,0,0,0,0,0,0,0,0,0,0,0,0,0,0,0,0,0,0,0,0
2021A00051305011,29,215,295.3369,0,0,0,0,0,0,0,0,0,0,0,0,0,0,0,0,0,0,2,21,2,21
2021A00051305014,72,516,200.4094,0,0,0,0,0,0,0,0,0,0,0,0,0,0,0,0,0,0,2,5,2,5
2021A00051305015,68,736,59.8207,0,0,0,0,1,3,0,0,0,0,0,0,0,0,1,3,1,3,1,3,1,3
2021A00051305016,23,157,144.7702,0,0,1,4,1,4,1,4,0,0,1,4,0,0,0,0,0,0,2,7,2,7
2021A00051305018,38,358,75.3505,0,0,0,0,0,0,0,0,0,0,0,0,0,0,1,35,1,35,9,62,9,62
2021A00051305021,80,755,243.9915,1,122,1,122,1,122,0,0,0,0,0,0,0,0,0,0,1,7,17,217,17,217
2021A00051305022,255,4281,8.8997,0,0,3,32,2,19,1,18,0,0,2,46,0,0,1,1,1,1,12,313,12,313
2021A00051305023,38,378,9.3211,0,0,0,0,0,0,0,0,0,0,0,0,0,0,0,0,0,0,2,3,2,3
2021A00051305024,16,259,221.2679,0,0,0,0,0,0,0,0,0,0,0,0,0,0,1,1,1,1,5,15,5,15
2021A00051305026,40,384,311.8706,0,0,0,0,1,5,0,0,0,0,1,15,1,5,0,0,4,23,9,76,9,76
2021A00051305028,21,203,349.2182,0,0,0,0,0,0,0,0,0,0,0,0,0,0,2,6,2,6,9,103,9,103
2021A00051305031,106,882,448.9771,0,0,0,0,0,0,0,0,0,0,0,0,0,0,0,0,2,6,20,75,20,75
2021A00051305034,44,292,248.53,0,0,1,7,1,7,0,0,0,0,0,0,0,0,1,15,2,18,10,41,10,41
2021A00051305036,10,46,75.5409,0,0,0,0,0,0,0,0,0,0,0,0,0,0,0,0,0,0,3,7,3,7
2021A00051305038,10,46,114.5648,0,0,0,0,0,0,0,0,0,0,0,0,0,0,1,3,1,3,2,4,2,4
2021A00051305045,391,3696,34.5941,0,0,1,7,0,0,0,0,0,0,0,0,0,0,1,7,1,7,7,45,7,45
2021A00051305057,394,4214,56.9698,0,0,0,0,0,0,0,0,0,0,0,0,0,0,0,0,0,0,3,27,3,27
2021A00051306001,22,158,149.1445,0,0,0,0,0,0,0,0,0,0,0,0,0,0,0,0,1,3,2,9,2,9
2021A00051306003,8,259,3.3868,0,0,0,0,0,0,0,0,0,0,0,0,0,0,0,0,0,0,1,6,1,6
2021A00051306004,15,77,276.8485,0,0,0,0,0,0,0,0,0,0,0,0,0,0,0,0,0,0,4,13,4,13
2021A00051306006,28,340,47.6392,0,0,1,35,0,0,0,0,0,0,0,0,0,0,0,0,0,0,8,63,8,63
2021A00051306007,2,30,222.7418,0,0,0,0,0,0,0,0,0,0,0,0,0,0,0,0,0,0,0,0,0,0
2021A00051306008,17,95,519.5364,0,0,0,0,0,0,0,0,0,0,0,0,0,0,0,0,0,0,4,30,4,30
2021A00051306011,27,157,304.0278,0,0,0,0,0,0,0,0,0,0,0,0,0,0,1,15,1,15,3,19,3,19
2021A00051306014,80,452,235.9968,0,0,2,18,1,3,0,0,0,0,1,3,0,0,0,0,0,0,1,15,2,18
2021A00051306020,362,5172,34.098,1,1,1,3,0,0,0,0,0,0,0,0,0,0,0,0,2,6,8,26,8,26
2021A00051306025,29,211,12.8078,0,0,0,0,0,0,0,0,0,0,0,0,0,0,0,0,0,0,1,2,1,2
2021A00051307001,24,280,173.2708,0,0,0,0,0,0,0,0,0,0,0,0,0,0,0,0,1,3,3,9,3,9
2021A00051307002,17,518,2.646,0,0,0,0,0,0,0,0,0,0,0,0,0,0,0,0,0,0,2,7,2,7
2021A00051307004,43,428,304.6212,0,0,0,0,0,0,0,0,0,0,0,0,0,0,0,0,0,0,23,74,23,74
2021A00051307005,197,1957,291.0229,2,40,3,41,3,29,0,0,0,0,0,0,0,0,3,50,5,60,55,479,55,479
2021A00051307007,110,1920,22.9572,0,0,1,15,1,15,0,0,0,0,0,0,0,0,1,3,1,3,34,767,34,767
2021A00051307008,21,99,578.8983,0,0,0,0,0,0,0,0,0,0,0,0,0,0,0,0,0,0,4,9,4,9
2021A00051307009,186,2827,73.9079,0,0,2,15,1,12,0,0,0,0,0,0,0,0,0,0,1,3,12,91,12,91
2021A00051307011,11,49,90.1335,0,0,1,15,1,15,0,0,0,0,1,15,0,0,0,0,2,6,2,6,3,21
2021A00051307012,6,66,5.7099,0,0,0,0,0,0,0,0,0,0,0,0,0,0,0,0,0,0,1,3,1,3
2021A00051307013,121,1255,186.6373,1,24,2,76,3,100,0,0,0,0,1,75,1,24,1,7,2,10,12,67,13,142
2021A00051307014,2,42,0.5518,0,0,0,0,0,0,0,0,0,0,0,0,0,0,0,0,0,0,0,0,0,0
2021A00051307016,147,2034,178.7912,0,0,1,35,1,35,0,0,0,0,2,6,0,0,1,12,1,12,14,381,15,416
2021A00051307019,269,2468,564.1603,0,0,3,37,3,37,1,2,0,0,1,2,0,0,0,0,1,13,18,148,18,148
2021A00051307022,2784,58434,140.6736,9,173,16,222,17,259,2,85,0,0,9,89,0,0,5,431,8,615,79,1786,87,1882
2021A00051307024,86,590,874.0019,0,0,0,0,0,0,0,0,0,0,0,0,0,0,0,0,1,3,18,129,18,129
2021A00051307028,70,778,13.5573,0,0,1,2,2,4,1,2,0,0,1,35,0,0,1,2,1,2,6,54,6,54
2021A00051307029,51,529,17.1807,1,11,1,11,1,11,0,0,0,0,0,0,0,0,0,0,0,0,1,11,1,11
2021A00051307045,1023,18161,77.0172,4,118,11,397,7,244,1,18,0,0,5,289,1,71,0,0,2,149,38,1424,41,1615
2021A00051307052,271,3737,64.0031,0,0,2,16,1,1,0,0,0,0,0,0,0,0,0,0,1,146,14,429,14,429
2021A00051308001,134,1037,172.3244,2,31,1,15,3,43,0,0,0,0,1,15,2,31,3,37,6,102,31,210,32,225
2021A00051308002,87,713,69.2301,0,0,0,0,0,0,0,0,0,0,1,7,0,0,1,35,3,52,29,177,29,177
2021A00051308003,2,50,0.3789,0,0,0,0,0,0,0,0,0,0,0,0,0,0,0,0,0,0,0,0,0,0
2021A00051308004,97,1046,184.7982,1,33,2,5,3,38,2,37,0,0,1,4,0,0,0,0,0,0,33,466,33,466
2021A00051308005,129,2723,18.3332,1,334,1,334,0,0,0,0,0,0,0,0,0,0,0,0,0,0,9,380,9,380
2021A00051308006,57,263,238.3195,1,2,3,10,2,3,0,0,0,0,0,0,0,0,0,0,1,3,12,38,12,38
2021A00051308007,50,666,6.3157,0,0,0,0,0,0,0,0,0,0,0,0,0,0,0,0,2,18,4,40,4,40
2021A00051308008,14,150,228.4143,0,0,0,0,0,0,0,0,0,0,0,0,0,0,0,0,1,15,2,27,2,27
2021A00051308010,5,23,1169.2014,0,0,0,0,0,0,0,0,0,0,0,0,0,0,0,0,0,0,0,0,0,0
2021A00051308012,0,0,369.3116,0,0,0,0,0,0,0,0,0,0,0,0,0,0,0,0,0,0,0,0,0,0
2021A00051308014,27,328,607.5579,0,0,0,0,1,1,0,0,0,0,0,0,0,0,2,150,2,150,9,171,9,171
2021A00051308015,12,523,15.3805,0,0,0,0,0,0,0,0,0,0,0,0,0,0,0,0,1,3,3,9,3,9
2021A00051308016,77,1121,249.2091,0,0,0,0,0,0,0,0,0,0,1,74,0,0,0,0,3,9,36,460,36,460
2021A00051308017,43,517,6.2933,1,32,0,0,0,0,0,0,0,0,0,0,0,0,0,0,1,3,6,45,6,45
2021A00051308018,82,1512,11.8952,0,0,2,152,1,149,0,0,0,0,1,149,0,0,0,0,0,0,8,26,9,175
2021A00051308019,81,470,175.0717,0,0,0,0,0,0,0,0,0,0,0,0,0,0,0,0,1,7,46,161,46,161
2021A00051308020,0,0,0.4017,0,0,0,0,0,0,0,0,0,0,0,0,0,0,0,0,0,0,0,0,0,0
2021A00051308021,73,335,258.6496,0,0,0,0,0,0,0,0,0,0,0,0,0,0,0,0,1,7,48,153,48,153
2021A00051308022,32,448,1.9833,0,0,0,0,0,0,0,0,0,0,0,0,0,0,0,0,0,0,8,22,8,22
2021A00051308024,12,76,332.0779,0,0,0,0,0,0,0,0,0,0,0,0,0,0,1,3,1,3,4,11,4,11
2021A00051308026,70,1064,435.233,0,0,0,0,0,0,0,0,0,0,0,0,0,0,0,0,0,0,55,510,55,510
2021A00051309001,118,1136,275.9515,0,0,0,0,1,7,0,0,0,0,1,7,0,0,1,1,1,1,74,583,75,590
2021A00051309004,21,87,504.7808,0,0,0,0,0,0,0,0,0,0,0,0,0,0,0,0,0,0,1,3,1,3
2021A00051309006,38,417,22.7049,0,0,0,0,0,0,0,0,0,0,0,0,0,0,0,0,0,0,2,6,2,6
2021A00051309010,1,3,0.1564,0,0,0,0,0,0,0,0,0,0,0,0,0,0,0,0,0,0,0,0,0,0
2021A00051309011,19,161,61.003,0,0,0,0,0,0,0,0,0,0,0,0,0,0,0,0,0,0,0,0,0,0
2021A00051309014,11,69,353.6758,0,0,0,0,0,0,0,0,0,0,0,0,0,0,1,7,1,7,2,18,2,18
2021A00051309016,18,78,326.2678,0,0,0,0,0,0,0,0,0,0,0,0,0,0,0,0,1,3,3,7,3,7
2021A00051309017,37,463,7.1925,0,0,0,0,0,0,0,0,0,0,0,0,0,0,0,0,0,0,1,4,1,4
2021A00051309018,44,216,823.9308,0,0,0,0,0,0,0,0,0,0,0,0,0,0,0,0,2,6,3,9,3,9
2021A00051309019,30,294,20.9748,0,0,1,2,1,2,1,2,0,0,1,2,0,0,0,0,1,7,2,9,2,9
2021A00051309021,5,15,1235.5688,0,0,0,0,0,0,0,0,0,0,0,0,0,0,0,0,0,0,0,0,0,0
2021A00051309022,43,688,29.0934,0,0,0,0,0,0,0,0,0,0,0,0,0,0,1,149,1,149,1,149,1,149
2021A00051309023,4,407,16.0912,0,0,0,0,0,0,0,0,0,0,0,0,0,0,0,0,0,0,0,0,0,0
2021A00051309026,48,276,2462.5997,0,0,0,0,0,0,0,0,0,0,0,0,0,0,0,0,2,10,5,29,5,29
2021A00051309027,43,517,1832.966,0,0,1,12,1,12,0,0,0,0,0,0,0,0,0,0,0,0,2,13,2,13
2021A00051309028,41,247,3346.7559,0,0,1,8,1,8,1,8,0,0,1,8,0,0,0,0,3,13,6,54,6,54
2021A00051309031,20,132,578.7041,0,0,0,0,0,0,0,0,0,0,0,0,0,0,0,0,2,10,3,13,3,13
2021A00051309033,0,0,12.7213,0,0,0,0,0,0,0,0,0,0,0,0,0,0,0,0,0,0,0,0,0,0
2021A00051309034,0,0,15.1381,0,0,0,0,0,0,0,0,0,0,0,0,0,0,0,0,0,0,0,0,0,0
2021A00051309035,6,210,10.9046,0,0,0,0,0,0,0,0,0,0,0,0,0,0,0,0,0,0,0,0,0,0
2021A00051309036,96,708,668.8435,1,15,0,0,2,16,1,15,0,0,0,0,0,0,3,7,3,7,44,162,44,162
2021A00051309038,104,1487,26.715,0,0,0,0,0,0,0,0,0,0,0,0,0,0,0,0,0,0,25,315,25,315
2021A00051309044,37,526,9.5531,0,0,0,0,0,0,0,0,0,0,0,0,0,0,0,0,2,6,23,68,23,68
2021A00051309047,2,6,22.1128,0,0,0,0,0,0,0,0,0,0,0,0,0,0,0,0,0,0,0,0,0,0
2021A00051309050,645,10976,178.9807,2,6,5,42,4,511,0,0,0,0,3,571,1,11,1,15,3,21,27,353,29,850
2021A00051310001,44,224,375.0195,0,0,0,0,0,0,0,0,0,0,0,0,0,0,0,0,0,0,1,3,1,3
2021A00051310002,62,378,21.2495,0,0,0,0,0,0,0,0,0,0,0,0,0,0,0,0,0,0,1,3,1,3
2021A00051310004,38,246,524.7457,0,0,2,6,0,0,0,0,0,0,0,0,0,0,1,35,2,38,6,47,6,47
2021A00051310005,17,286,2.4584,0,0,0,0,0,0,0,0,0,0,0,0,0,0,0,0,0,0,0,0,0,0
2021A00051310006,27,476,14.1857,0,0,0,0,0,0,0,0,0,0,0,0,0,0,0,0,0,0,1,2,1,2
2021A00051310007,1,35,534.7699,0,0,0,0,0,0,0,0,0,0,0,0,0,0,0,0,0,0,0,0,0,0
2021A00051310008,4,20,439.5952,0,0,0,0,0,0,0,0,0,0,0,0,0,0,0,0,0,0,0,0,0,0
2021A00051310011,12,52,550.7035,0,0,1,1,1,1,0,0,0,0,0,0,0,0,0,0,1,3,3,5,3,5
2021A00051310012,4,16,5.3194,0,0,0,0,0,0,0,0,0,0,0,0,0,0,0,0,0,0,0,0,0,0
2021A00051310013,9,147,6.2623,0,0,1,25,2,30,0,0,0,0,0,0,1,5,0,0,0,0,2,30,2,30
2021A00051310014,6,26,298.5116,0,0,1,7,0,0,0,0,0,0,0,0,0,0,0,0,1,3,4,14,4,14
2021A00051310016,24,339,284.3934,0,0,0,0,0,0,0,0,0,0,0,0,0,0,0,0,1,3,3,12,3,12
2021A00051310017,170,2362,152.0572,2,38,3,41,1,3,0,0,0,0,0,0,0,0,1,7,2,14,7,65,7,65
2021A00051310018,64,492,150.1053,1,74,3,82,4,85,0,0,0,0,1,7,0,0,0,0,0,0,3,78,4,85
2021A00051310019,2,353,3.7924,0,0,0,0,0,0,0,0,0,0,0,0,0,0,0,0,0,0,0,0,0,0
2021A00051310021,30,166,294.3542,0,0,0,0,0,0,0,0,0,0,0,0,0,0,0,0,0,0,4,11,4,11
2021A00051310024,29,143,446.8535,0,0,0,0,0,0,0,0,0,0,0,0,0,0,1,3,1,3,3,20,3,20
2021A00051310025,6,34,12.1401,0,0,0,0,0,0,0,0,0,0,0,0,0,0,0,0,0,0,0,0,0,0
2021A00051310026,80,716,403.7341,0,0,0,0,0,0,0,0,0,0,0,0,0,0,1,15,1,15,7,61,7,61
2021A00051310028,126,858,1443.3145,1,3,1,3,2,4,0,0,0,0,0,0,0,0,1,1,2,36,10,157,10,157
2021A00051310031,130,926,751.9001,0,0,0,0,1,2,0,0,0,0,1,15,0,0,1,2,3,19,7,45,7,45
2021A00051310032,2352,45609,133.9262,5,57,17,225,6,166,0,0,0,0,8,160,1,33,2,50,7,80,63,739,68,898
2021A00051310034,7,319,2.7198,0,0,0,0,0,0,0,0,0,0,0,0,0,0,1,3,1,3,1,3,1,3
2021A00051310036,12,72,1218.3841,0,0,0,0,0,0,0,0,0,0,0,0,0,0,0,0,1,3,1,3,1,3
2021A00051310037,12,212,16.9274,0,0,0,0,0,0,0,0,0,0,0,0,0,0,0,0,0,0,1,1,1,1
2021A00051310054,34,836,7.6809,0,0,0,0,0,0,0,0,0,0,0,0,0,0,0,0,0,0,4,214,4,214
2021A00051311001,31,165,258.7972,0,0,0,0,1,15,0,0,0,0,0,0,0,0,0,0,0,0,7,30,7,30
2021A00051311004,75,856,194.8316,0,0,0,0,0,0,0,0,0,0,0,0,0,0,0,0,0,0,5,10,5,10
2021A00051311005,8,411,1.7962,0,0,0,0,0,0,0,0,0,0,0,0,0,0,0,0,1,3,2,6,2,6
2021A00051311006,286,4621,14.9633,1,24,0,0,1,24,0,0,0,0,0,0,1,24,1,35,1,35,3,62,3,62
2021A00051311008,42,653,243.313,0,0,1,4,1,4,1,4,0,0,1,4,0,0,0,0,0,0,6,55,6,55
2021A00051311011,45,223,509.2984,0,0,0,0,0,0,0,0,0,0,0,0,0,0,0,0,1,3,5,12,5,12
2021A00051311012,52,2255,9.5025,1,2,1,2,2,106,0,0,0,0,1,35,1,104,0,0,0,0,4,162,4,162
2021A00051311014,126,2318,196.3064,0,0,1,5,2,12,0,0,0,0,0,0,0,0,2,10,4,28,16,109,16,109
2021A00051311018,31,209,191.3954,0,0,0,0,0,0,0,0,0,0,0,0,0,0,0,0,0,0,3,17,3,17
2021A00051311019,21,466,2.6683,2,40,0,0,0,0,0,0,0,0,0,0,1,33,0,0,0,0,4,56,4,56
2021A00051311021,17,119,75.5714,0,0,0,0,0,0,0,0,0,0,0,0,0,0,0,0,0,0,1,2,1,2
2021A00051311024,25,207,112.737,0,0,1,1,1,1,0,0,0,0,0,0,0,0,0,0,1,3,6,15,6,15
2021A00051311026,24,224,444.8778,0,0,1,1,1,1,0,0,0,0,1,35,0,0,0,0,0,0,5,58,5,58
2021A00051311027,88,1734,15.7357,1,7,0,0,1,7,1,7,0,0,1,15,0,0,1,75,2,78,6,119,6,119
2021A00051311028,47,492,839.7632,0,0,0,0,0,0,0,0,0,0,0,0,0,0,0,0,2,17,8,37,8,37
2021A00051311030,18,242,1.9996,0,0,0,0,0,0,0,0,0,0,0,0,0,0,1,15,1,15,1,15,1,15
2021A00051311031,40,408,195.5022,1,2,1,2,1,2,0,0,0,0,0,0,0,0,0,0,1,7,7,17,7,17
2021A00051312001,17,107,123.4174,0,0,0,0,0,0,0,0,0,0,0,0,0,0,0,0,0,0,0,0,0,0
2021A00051312002,4,24,2.2326,0,0,0,0,0,0,0,0,0,0,0,0,0,0,0,0,0,0,0,0,0,0
2021A00051312004,25,91,318.0971,0,0,1,3,0,0,0,0,0,0,0,0,0,0,0,0,1,3,2,6,2,6
2021A00051312006,88,1164,8.9634,0,0,0,0,0,0,0,0,0,0,0,0,0,0,1,15,2,30,4,34,4,34
2021A00051312007,12,575,24.9809,0,0,0,0,0,0,0,0,0,0,0,0,0,0,0,0,0,0,1,1,1,1
2021A00051312008,41,331,1430.1866,0,0,0,0,0,0,0,0,0,0,0,0,0,0,1,15,7,41,9,59,9,59
2021A00051312009,32,950,3.0103,0,0,0,0,0,0,0,0,0,0,0,0,0,0,1,149,1,149,2,155,2,155
2021A00051312011,14,46,1632.2114,0,0,0,0,0,0,0,0,0,0,0,0,0,0,0,0,0,0,1,1,1,1
2021A00051312014,25,195,751.0828,0,0,0,0,0,0,0,0,0,0,0,0,0,0,0,0,2,6,4,8,4,8
2021A00051312016,51,760,158.0893,0,0,0,0,0,0,0,0,0,0,0,0,0,0,0,0,1,3,5,11,5,11
2021A00051312019,280,4181,18.0427,1,7,4,140,1,7,0,0,0,0,0,0,0,0,0,0,2,10,15,169,15,169
2021A00051312021,84,484,1013.6591,0,0,0,0,0,0,0,0,0,0,0,0,0,0,0,0,0,0,4,5,4,5
2021A00051312023,24,192,8.881,0,0,0,0,0,0,0,0,0,0,0,0,0,0,0,0,0,0,0,0,0,0
2021A00051313002,73,1196,136.1939,0,0,1,3,1,3,0,0,0,0,0,0,0,0,0,0,2,10,6,65,6,65
2021A00051313004,29,211,344.8476,0,0,0,0,0,0,0,0,0,0,0,0,0,0,1,3,1,3,2,10,2,10
2021A00051313006,31,277,5.3353,0,0,0,0,0,0,0,0,0,0,0,0,0,0,0,0,1,3,1,3,1,3
2021A00051313008,5,410,186.2986,0,0,0,0,0,0,0,0,0,0,0,0,0,0,1,347,1,347,2,348,2,348
2021A00051313011,17,79,368.7619,0,0,0,0,0,0,0,0,0,0,0,0,0,0,1,7,2,10,3,17,3,17
2021A00051313012,19,145,8.9654,0,0,0,0,0,0,0,0,0,0,0,0,0,0,0,0,1,3,2,4,2,4
2021A00051313014,8,96,6.9101,0,0,1,34,1,34,0,0,0,0,0,0,0,0,0,0,0,0,1,34,1,34
2021A00051313015,17,163,715.7222,0,0,0,0,0,0,0,0,0,0,1,3,0,0,0,0,0,0,2,4,2,4
2021A00051313018,14,62,129.96,0,0,0,0,0,0,0,0,0,0,0,0,0,0,0,0,0,0,2,4,2,4
2021A00051313020,16,464,3.065,0,0,0,0,0,0,0,0,0,0,0,0,0,0,0,0,0,0,1,13,1,13
2021A00051313022,43,305,321.4216,0,0,1,8,1,8,1,8,0,0,1,8,0,0,0,0,6,51,11,67,11,67
2021A00051313024,34,170,298.4424,0,0,0,0,0,0,0,0,0,0,0,0,0,0,0,0,0,0,1,1,1,1
2021A00051313027,597,9968,106.8388,5,97,4,82,4,83,1,8,0,0,2,43,1,33,2,165,8,227,29,852,30,887
2021A00051313028,1,3,173.4227,0,0,0,0,0,0,0,0,0,0,0,0,0,0,0,0,0,0,0,0,0,0
2021A00051313031,118,1867,611.5458,1,3,2,8,6,68,0,0,0,0,3,45,1,3,4,60,5,67,17,407,19,449
2021A00051313037,16,68,37.236,1,3,0,0,0,0,0,0,0,0,0,0,0,0,0,0,0,0,1,3,1,3
2021A00051314001,14,142,409.7809,0,0,0,0,0,0,0,0,0,0,0,0,0,0,0,0,0,0,0,0,0,0
2021A00051314003,2,18,753.3755,0,0,0,0,0,0,0,0,0,0,0,0,0,0,0,0,0,0,1,3,1,3
2021A00051314004,31,461,31.4493,0,0,1,2,1,2,1,2,0,0,1,2,0,0,0,0,0,0,4,11,4,11
2021A00051314005,12,120,1088.0139,0,0,0,0,0,0,0,0,0,0,0,0,0,0,0,0,0,0,0,0,0,0
2021A00051314006,49,958,43.328,0,0,0,0,0,0,0,0,0,0,0,0,0,0,1,3,2,6,4,69,4,69
2021A00051314008,20,112,62.6159,0,0,0,0,0,0,0,0,0,0,1,3,0,0,0,0,0,0,2,6,2,6
2021A00051314010,14,388,1.4497,0,0,0,0,0,0,0,0,0,0,0,0,0,0,0,0,0,0,6,18,6,18
2021A00051314011,37,403,65.2611,0,0,0,0,0,0,0,0,0,0,0,0,0,0,1,75,1,75,4,85,4,85
2021A00051314012,10,34,933.0016,0,0,0,0,0,0,0,0,0,0,0,0,0,0,0,0,2,6,2,6,2,6
2021A00051314013,108,1833,119.5809,0,0,1,4,0,0,0,0,0,0,0,0,0,0,1,7,5,19,12,233,12,233
2021A00051314014,235,4026,18.5708,0,0,2,14,0,0,0,0,0,0,0,0,0,0,0,0,0,0,2,14,2,14
2021A00051314015,20,84,19.3369,0,0,0,0,0,0,0,0,0,0,0,0,0,0,0,0,1,3,1,3,1,3
2021A00051314016,10,54,1688.5759,0,0,0,0,1,1,0,0,0,0,0,0,0,0,1,1,1,1,4,5,4,5
2021A00051314017,71,1179,15.1228,0,0,0,0,0,0,0,0,0,0,0,0,0,0,0,0,0,0,0,0,0,0
2021A00051314020,98,865,649.3557,0,0,0,0,0,0,0,0,0,0,0,0,0,0,2,152,12,221,15,226,15,226
2021A00051314021,79,824,2474.0053,0,0,0,0,0,0,0,0,0,0,0,0,0,0,1,347,2,350,11,381,11,381
2021A00051314022,111,1057,4.242,0,0,1,7,1,33,0,0,0,0,0,0,0,0,1,35,6,58,14,123,14,123
2021A00051314025,30,792,189.1758,0,0,0,0,1,15,0,0,0,0,2,9,0,0,2,362,2,362,9,385,9,385
2021A00051314026,4,44,0.577,0,0,0,0,0,0,0,0,0,0,0,0,0,0,0,0,0,0,1,3,1,3
2021A00051315002,510,6231,516.5546,1,29,6,88,3,87,0,0,0,0,0,0,0,0,0,0,4,55,120,640,120,640
2021A00051315006,28,304,654.6005,0,0,2,37,2,37,0,0,0,0,0,0,0,0,0,0,3,9,6,74,6,74
2021A00051315008,83,600,1502.7365,1,3,1,1,0,0,0,0,0,0,0,0,0,0,2,184,2,184,14,219,14,219
2021A00051315010,3,81,4.9235,0,0,0,0,0,0,0,0,0,0,0,0,0,0,0,0,0,0,2,6,2,6
2021A00051315011,528,8518,91.6156,2,18,5,47,1,35,0,0,0,0,1,35,0,0,1,15,1,15,20,140,21,175
2021A00051315012,115,784,455.6063,0,0,0,0,1,1,0,0,0,0,0,0,0,0,1,1,4,18,15,66,15,66
2021A00051315013,20,140,13.7625,0,0,0,0,0,0,0,0,0,0,0,0,0,0,0,0,0,0,8,24,8,24
2021A00051315014,64,764,4.5213,0,0,0,0,0,0,0,0,0,0,1,15,0,0,0,0,0,0,7,32,7,32
2021A00051315015,133,1395,19.2371,0,0,0,0,1,35,0,0,0,0,1,35,0,0,0,0,0,0,10,37,11,72
2021A00051315016,48,176,359.2779,0,0,0,0,0,0,0,0,0,0,0,0,0,0,0,0,0,0,31,100,31,100
2021A00051315017,4,28,19.7311,0,0,0,0,0,0,0,0,0,0,0,0,0,0,0,0,0,0,2,4,2,4
2021A00051315019,40,220,220.4208,0,0,0,0,1,3,0,0,0,0,1,3,0,0,0,0,1,3,11,34,12,37
2021A00051315020,42,430,9.2596,0,0,0,0,0,0,0,0,0,0,0,0,0,0,0,0,0,0,2,4,2,4
2021A00051315021,20,188,173.1417,0,0,1,2,1,2,1,2,0,0,1,2,0,0,0,0,0,0,4,10,4,10
2021A00051315022,39,496,22.944,0,0,0,0,0,0,0,0,0,0,0,0,0,0,0,0,1,69,4,87,4,87
2021A00051315024,68,1127,107.6251,0,0,0,0,0,0,0,0,0,0,1,279,0,0,0,0,0,0,19,351,19,351
2021A00051315026,29,255,109.3157,0,0,0,0,0,0,0,0,0,0,0,0,0,0,0,0,0,0,10,90,10,90
2021A00051315027,43,946,30.9301,0,0,0,0,0,0,0,0,0,0,0,0,0,0,1,3,1,3,18,515,18,515
2021A00051315028,250,4136,68.1308,0,0,1,11,2,38,0,0,0,0,0,0,0,0,1,35,1,35,37,590,38,625
2021A00051315029,255,1532,204.5224,0,0,1,2,1,2,1,2,0,0,1,2,0,0,0,0,1,3,166,705,166,705
2021A00051315030,48,204,5.4026,0,0,0,0,0,0,0,0,0,0,0,0,0,0,0,0,0,0,33,135,33,135
2021A00051315031,149,2121,9.9577,3,13,2,10,3,11,0,0,0,0,0,0,0,0,0,0,0,0,25,105,26,112
2021A00051315032,89,1193,12.4027,0,0,1,3,0,0,0,0,0,0,0,0,0,0,0,0,0,0,38,389,38,389
2021A00051315033,28,503,15.8439,0,0,0,0,0,0,0,0,0,0,0,0,0,0,0,0,0,0,15,290,15,290
2021A00051315036,34,250,57.0099,0,0,1,3,0,0,0,0,0,0,0,0,0,0,0,0,0,0,3,12,3,12
2021A00051315037,28,447,7.6459,0,0,0,0,0,0,0,0,0,0,0,0,0,0,1,3,1,3,5,12,5,12
2021A00051315038,20,479,24.2694,0,0,1,3,1,3,0,0,0,0,1,3,0,0,0,0,0,0,4,244,5,247
2021A00051315040,9,47,12.9081,0,0,0,0,0,0,0,0,0,0,0,0,0,0,0,0,0,0,1,3,1,3
2021A00052401023,822,8127,155.0558,1,2,7,34,5,11,1,2,0,0,6,20,0,0,0,0,0,0,324,1301,325,1304
2021A00052401042,111,899,32.2762,0,0,0,0,0,0,0,0,0,0,0,0,0,0,0,0,0,0,81,310,81,310
2021A00052402005,172,1935,432.8098,0,0,3,59,1,7,0,0,0,0,0,0,0,0,1,3,1,3,49,254,49,254
2021A00052402010,56,1250,34.453,0,0,1,2,0,0,0,0,0,0,0,0,0,0,0,0,1,3,30,903,30,903
2021A00052402015,127,1476,87.919,0,0,1,6,1,3,0,0,0,0,0,0,0,0,1,3,3,9,31,405,31,405
2021A00052402028,259,3398,418.4546,1,3,2,15,0,0,0,0,0,0,0,0,0,0,1,3,5,14,49,260,49,260
2021A00052402047,62,661,300.2902,0,0,0,0,0,0,0,0,0,0,0,0,0,0,0,0,1,3,21,218,21,218
2021A00052402902,0,0,1800.8731,0,0,0,0,0,0,0,0,0,0,0,0,0,0,0,0,0,0,0,0,0,0
2021A00052403005,561,8817,1118.7734,1,11,6,36,2,13,0,0,0,0,1,2,0,0,0,0,3,30,78,960,78,960
2021A00052403010,18,122,158.7396,0,0,0,0,0,0,0,0,0,0,0,0,0,0,0,0,0,0,4,42,4,42
2021A00052403015,9,111,39.9039,0,0,0,0,0,0,0,0,0,0,0,0,0,0,0,0,0,0,2,13,2,13
2021A00052403020,41,706,144.1581,0,0,0,0,0,0,0,0,0,0,0,0,0,0,2,39,4,44,4,44,4,44
2021A00052403025,16,216,60.8385,0,0,0,0,0,0,0,0,0,0,0,0,0,0,0,0,0,0,1,1,1,1
2021A00052403902,0,0,1748.1432,0,0,0,0,0,0,0,0,0,0,0,0,0,0,0,0,0,0,0,0,0,0
2021A00052403904,0,0,817.835,0,0,0,0,0,0,0,0,0,0,0,0,0,0,0,0,0,0,0,0,0,0
2021A00052404005,9,67,262.3481,0,0,0,0,0,0,0,0,0,0,0,0,0,0,0,0,0,0,1,3,1,3
2021A00052404010,38,302,232.6726,0,0,0,0,0,0,0,0,0,0,0,0,0,0,0,0,0,0,4,51,4,51
2021A00052404015,16,88,52.0728,0,0,0,0,0,0,0,0,0,0,0,0,0,0,0,0,0,0,0,0,0,0
2021A00052404020,4,12,155.9516,0,0,0,0,0,0,0,0,0,0,0,0,0,0,0,0,0,0,0,0,0,0
2021A00052404025,11,117,181.3976,0,0,0,0,0,0,0,0,0,0,0,0,0,0,1,32,1,32,2,38,2,38
2021A00052404030,5,23,175.2281,0,0,0,0,0,0,0,0,0,0,0,0,0,0,0,0,0,0,0,0,0,0
2021A00052404037,242,3441,263.5084,0,0,2,17,1,5,1,5,0,0,1,5,0,0,0,0,1,15,25,136,25,136
2021A00052404047,60,671,181.3051,0,0,0,0,1,6,0,0,0,0,0,0,0,0,2,40,2,40,8,60,8,60
2021A00052404902,0,0,3463.192,0,0,0,0,0,0,0,0,0,0,0,0,0,0,0,0,0,0,0,0,0,0
2021A00052404904,0,0,86.202,0,0,0,0,0,0,0,0,0,0,0,0,0,0,0,0,0,0,0,0,0,0
2021A00052405010,18,62,76.8203,0,0,0,0,0,0,0,0,0,0,1,3,0,0,0,0,1,3,12,34,12,34
2021A00052405015,15,81,63.5712,0,0,0,0,0,0,0,0,0,0,0,0,0,0,0,0,0,0,5,21,5,21
2021A00052405020,13,87,51.2567,0,0,0,0,0,0,0,0,0,0,0,0,0,0,0,0,0,0,7,33,7,33
2021A00052405025,7,57,70.5462,0,0,0,0,0,0,0,0,0,0,0,0,0,0,0,0,0,0,1,2,1,2
2021A00052405032,81,1526,94.9774,1,6,1,6,1,6,0,0,0,0,0,0,0,0,0,0,1,3,12,347,12,347
2021A00052405040,33,1029,67.9914,0,0,0,0,0,0,0,0,0,0,0,0,0,0,1,3,1,3,4,10,4,10
2021A00052405045,131,2926,104.5038,0,0,1,2,0,0,0,0,0,0,0,0,0,0,0,0,2,14,7,26,7,26
2021A00052405050,18,277,204.1624,0,0,0,0,0,0,0,0,0,0,0,0,0,0,1,136,1,136,1,136,1,136
2021A00052405055,23,185,56.7076,1,4,1,4,0,0,0,0,0,0,0,0,0,0,0,0,0,0,3,33,3,33
2021A00052405060,59,489,85.6864,0,0,0,0,0,0,0,0,0,0,0,0,0,0,0,0,0,0,4,8,4,8
2021A00052405065,25,267,112.0874,0,0,0,0,1,6,0,0,0,0,0,0,0,0,2,38,2,38,3,40,3,40
2021A00052405070,193,2418,172.4957,0,0,1,3,1,70,0,0,0,0,1,70,0,0,1,7,1,7,12,98,12,98
2021A00052405077,12,124,164.2892,0,0,1,17,1,17,0,0,0,0,1,8,0,0,0,0,0,0,5,29,5,29
2021A00052405902,2,38,3054.3668,0,0,0,0,0,0,0,0,0,0,0,0,0,0,0,0,0,0,0,0,0,0
2021A00052406005,106,2127,94.8758,0,0,1,3,0,0,0,0,0,0,1,3,0,0,0,0,1,7,4,14,4,14
2021A00052406013,181,2031,221.4834,0,0,1,43,0,0,0,0,0,0,0,0,0,0,1,7,2,10,18,131,18,131
2021A00052406020,52,619,234.6624,0,0,0,0,0,0,0,0,0,0,0,0,0,0,0,0,1,5,4,10,4,10
2021A00052406025,12,88,108.6963,0,0,0,0,0,0,0,0,0,0,0,0,0,0,1,14,2,17,3,21,3,21
2021A00052406030,39,513,390.7295,0,0,0,0,0,0,0,0,0,0,0,0,0,0,1,32,2,35,2,35,2,35
2021A00052406035,4,24,51.7581,0,0,0,0,0,0,0,0,0,0,0,0,0,0,0,0,0,0,0,0,0,0
2021A00052406040,4,28,143.3736,0,0,0,0,0,0,0,0,0,0,0,0,0,0,0,0,0,0,2,10,2,10
2021A00052406045,33,503,71.5877,0,0,0,0,0,0,0,0,0,0,0,0,0,0,0,0,1,5,4,11,4,11
2021A00052406050,22,130,84.9117,0,0,0,0,0,0,0,0,0,0,0,0,0,0,1,3,1,3,3,6,3,6
2021A00052406055,15,93,179.3403,0,0,0,0,0,0,0,0,0,0,0,0,0,0,0,0,0,0,1,2,1,2
2021A00052406060,7,77,95.9842,0,0,0,0,0,0,0,0,0,0,0,0,0,0,0,0,1,24,4,29,4,29
2021A00052406802,10,521,2.1982,0,0,0,0,0,0,0,0,0,0,0,0,0,0,0,0,0,0,1,14,1,14
2021A00052406804,20,771,44.231,0,0,0,0,0,0,0,0,0,0,0,0,0,0,0,0,3,8,3,8,3,8
2021A00052406902,0,0,1087.5991,0,0,0,0,0,0,0,0,0,0,0,0,0,0,0,0,0,0,0,0,0,0
2021A00052406904,0,0,675.9417,0,0,0,0,0,0,0,0,0,0,0,0,0,0,0,0,0,0,0,0,0,0
2021A00052407005,6,22,85.9722,0,0,0,0,0,0,0,0,0,0,0,0,0,0,0,0,0,0,0,0,0,0
2021A00052407010,22,206,103.4787,0,0,0,0,0,0,0,0,0,0,0,0,0,0,1,32,2,43,7,53,7,53
2021A00052407018,77,795,161.61,1,7,1,7,1,7,0,0,0,0,0,0,0,0,1,68,2,73,10,100,10,100
2021A00052407025,10,58,103.1296,0,0,0,0,0,0,0,0,0,0,0,0,0,0,0,0,0,0,2,4,2,4
2021A00052407030,23,137,128.2649,0,0,0,0,0,0,0,0,0,0,0,0,0,0,0,0,1,5,5,25,5,25
2021A00052407035,12,56,113.0942,0,0,0,0,0,0,0,0,0,0,0,0,0,0,0,0,3,9,6,26,6,26
2021A00052407040,16,112,135.0913,0,0,0,0,0,0,0,0,0,0,0,0,0,0,0,0,0,0,2,6,2,6
2021A00052407047,288,4731,121.0181,0,0,1,20,3,49,0,0,0,0,2,38,0,0,2,25,6,36,32,315,33,350
2021A00052407057,51,612,81.0495,0,0,1,2,3,33,0,0,0,0,0,0,0,0,2,31,5,41,17,71,17,71
2021A00052407065,6,30,89.8182,0,0,0,0,0,0,0,0,0,0,0,0,0,0,0,0,0,0,1,1,1,1
2021A00052407070,12,64,78.8394,0,0,0,0,0,0,0,0,0,0,0,0,0,0,0,0,0,0,3,8,3,8
2021A00052407075,17,91,145.5992,0,0,1,2,1,2,0,0,0,0,0,0,0,0,1,3,2,6,4,11,4,11
2021A00052407080,36,232,77.9034,0,0,0,0,0,0,0,0,0,0,0,0,0,0,0,0,0,0,15,58,15,58
2021A00052407085,68,1142,130.3101,1,26,2,30,2,7,0,0,0,0,0,0,0,0,1,3,2,6,15,353,15,353
2021A00052407090,8,36,97.2219,0,0,0,0,0,0,0,0,0,0,0,0,0,0,0,0,0,0,2,5,2,5
2021A00052407095,14,158,109.8015,0,0,0,0,0,0,0,0,0,0,0,0,0,0,0,0,0,0,2,10,2,10
2021A00052407100,8,52,45.802,0,0,0,0,0,0,0,0,0,0,0,0,0,0,0,0,0,0,0,0,0,0
2021A00052407105,17,215,116.4201,0,0,0,0,0,0,0,0,0,0,0,0,0,0,1,54,2,57,8,83,8,83
2021A00052407902,1,3,626.2637,0,0,0,0,0,0,0,0,0,0,0,0,0,0,0,0,0,0,0,0,0,0
2021A00052407904,0,0,275.2995,0,0,0,0,0,0,0,0,0,0,0,0,0,0,0,0,0,0,0,0,0,0
2021A00052407906,0,0,15.8453,0,0,0,0,0,0,0,0,0,0,0,0,0,0,0,0,0,0,0,0,0,0
2021A00052407908,0,0,1428.2088,0,0,0,0,0,0,0,0,0,0,0,0,0,0,0,0,0,0,0,0,0,0
2021A00052407910,0,0,935.9541,0,0,0,0,0,0,0,0,0,0,0,0,0,0,0,0,0,0,0,0,0,0
2021A00052407912,0,0,77.5308,0,0,0,0,0,0,0,0,0,0,0,0,0,0,0,0,0,0,0,0,0,0
2021A00052407914,0,0,71.0055,0,0,0,0,0,0,0,0,0,0,0,0,0,0,0,0,0,0,0,0,0,0
2021A00052408005,22,297,441.3879,0,0,0,0,0,0,0,0,0,0,0,0,0,0,0,0,0,0,2,74,2,74
2021A00052408010,3,29,113.9579,0,0,0,0,0,0,0,0,0,0,0,0,0,0,0,0,0,0,0,0,0,0
2021A00052408015,6,34,63.589,0,0,0,0,0,0,0,0,0,0,0,0,0,0,0,0,0,0,2,8,2,8
2021A00052408023,21,167,90.7315,0,0,0,0,0,0,0,0,0,0,0,0,0,0,0,0,1,3,3,13,3,13
2021A00052408030,9,59,100.5849,0,0,0,0,0,0,0,0,0,0,0,0,0,0,0,0,0,0,0,0,0,0
2021A00052408035,18,74,253.8935,0,0,0,0,0,0,0,0,0,0,0,0,0,0,0,0,2,8,4,14,4,14
2021A00052408040,3,21,83.362,0,0,0,0,0,0,0,0,0,0,0,0,0,0,0,0,0,0,0,0,0,0
2021A00052408053,485,8885,195.4886,1,11,5,36,4,46,2,10,0,0,3,25,1,21,1,70,5,130,37,704,38,719
2021A00052408065,14,66,104.72,0,0,0,0,0,0,0,0,0,0,0,0,0,0,0,0,0,0,6,18,6,18
2021A00052408073,38,350,120.4493,0,0,0,0,0,0,0,0,0,0,0,0,0,0,1,13,1,13,13,73,13,73
2021A00052408080,27,273,65.0716,0,0,0,0,0,0,0,0,0,0,0,0,0,0,0,0,0,0,10,38,10,38
2021A00052408902,0,0,1682.4992,0,0,0,0,0,0,0,0,0,0,0,0,0,0,0,0,0,0,0,0,0,0
2021A00052409005,10,82,116.6312,0,0,0,0,0,0,0,0,0,0,0,0,0,0,1,32,1,32,2,35,2,35
2021A00052409010,5,31,84.786,0,0,0,0,0,0,0,0,0,0,0,0,0,0,0,0,0,0,1,3,1,3
2021A00052409015,24,152,102.9209,0,0,0,0,0,0,0,0,0,0,0,0,0,0,0,0,0,0,9,25,9,25
2021A00052409020,6,18,110.3428,0,0,0,0,0,0,0,0,0,0,0,0,0,0,0,0,0,0,2,6,2,6
2021A00052409025,54,414,126.9847,0,0,0,0,0,0,0,0,0,0,0,0,0,0,1,3,2,6,19,54,19,54
2021A00052409030,20,224,95.7958,0,0,0,0,0,0,0,0,0,0,0,0,0,0,0,0,1,3,5,16,5,16
2021A00052409035,27,197,107.7753,0,0,0,0,0,0,0,0,0,0,0,0,0,0,0,0,0,0,7,19,7,19
2021A00052409040,9,47,66.6573,0,0,0,0,0,0,0,0,0,0,0,0,0,0,0,0,0,0,4,6,4,6
2021A00052409048,18,230,48.2153,0,0,0,0,2,37,0,0,0,0,0,0,0,0,3,63,3,63,5,67,5,67
2021A00052409055,20,132,75.1648,0,0,0,0,0,0,0,0,0,0,0,0,0,0,0,0,0,0,9,25,9,25
2021A00052409060,10,170,25.1231,0,0,0,0,0,0,0,0,0,0,0,0,0,0,0,0,0,0,3,7,3,7
2021A00052409065,25,311,2.5103,0,0,0,0,0,0,0,0,0,0,0,0,0,0,2,101,2,101,5,117,5,117
2021A00052409070,9,71,30.9835,0,0,0,0,0,0,0,0,0,0,0,0,0,0,0,0,0,0,1,1,1,1
2021A00052409077,223,5092,24.2416,0,0,3,25,3,231,0,0,0,0,1,8,0,0,1,140,2,175,13,450,13,450
2021A00052409085,38,550,38.2307,0,0,0,0,1,35,0,0,0,0,1,35,0,0,0,0,0,0,11,38,12,73
2021A00052409092,93,943,72.5891,0,0,0,0,0,0,0,0,0,0,0,0,0,0,1,68,1,68,18,134,18,134
2021A00052409902,0,0,923.2552,0,0,0,0,0,0,0,0,0,0,0,0,0,0,0,0,0,0,0,0,0,0
2021A00052409904,0,0,223.3528,0,0,0,0,0,0,0,0,0,0,0,0,0,0,0,0,0,0,0,0,0,0
2021A00052410005,21,119,168.9554,0,0,0,0,0,0,0,0,0,0,0,0,0,0,0,0,2,7,6,42,6,42
2021A00052410010,7,37,233.0704,0,0,0,0,0,0,0,0,0,0,0,0,0,0,0,0,0,0,1,2,1,2
2021A00052410015,30,378,162.4028,0,0,1,29,0,0,0,0,0,0,0,0,0,0,0,0,1,7,13,72,13,72
2021A00052410025,9,71,117.186,0,0,0,0,0,0,0,0,0,0,0,0,0,0,0,0,0,0,1,2,1,2
2021A00052410030,74,961,126.3718,0,0,0,0,0,0,0,0,0,0,0,0,0,0,1,3,2,353,17,417,17,417
2021A00052410043,1624,25421,339.1271,9,113,20,166,17,374,0,0,0,0,5,245,0,0,3,15,6,23,112,553,114,777
2021A00052410060,22,142,145.0237,0,0,0,0,0,0,0,0,0,0,0,0,0,0,0,0,0,0,5,14,5,14
2021A00052410070,65,583,119.9248,0,0,1,2,1,2,1,2,0,0,1,2,0,0,1,32,2,47,17,93,17,93
2021A00052410075,16,68,331.3631,0,0,0,0,0,0,0,0,0,0,0,0,0,0,0,0,1,3,8,20,8,20
2021A00052410902,0,0,960.569,0,0,0,0,0,0,0,0,0,0,0,0,0,0,0,0,0,0,0,0,0,0
2021A00052411005,34,286,86.7213,0,0,1,7,1,7,0,0,0,0,0,0,0,0,0,0,0,0,13,40,13,40
2021A00052411010,69,635,152.0388,1,1,0,0,1,1,0,0,0,0,0,0,0,0,0,0,4,10,23,91,23,91
2021A00052411015,12,60,129.5212,0,0,0,0,0,0,0,0,0,0,0,0,0,0,0,0,0,0,3,11,3,11
2021A00052411020,2,10,139.5353,0,0,0,0,0,0,0,0,0,0,0,0,0,0,0,0,1,3,2,5,2,5
2021A00052411025,11,49,75.2803,0,0,0,0,0,0,0,0,0,0,0,0,0,0,0,0,0,0,2,4,2,4
2021A00052411030,14,94,88.8307,0,0,0,0,0,0,0,0,0,0,1,19,0,0,0,0,0,0,6,34,6,34
2021A00052411035,23,137,65.7684,1,17,1,17,1,17,0,0,0,0,0,0,0,0,0,0,0,0,10,54,10,54
2021A00052411040,161,2711,7.6338,0,0,2,11,2,17,0,0,0,0,1,15,0,0,0,0,2,10,16,69,17,84
2021A00052411045,35,325,94.443,1,6,2,8,0,0,0,0,0,0,0,0,0,0,0,0,0,0,5,13,5,13
2021A00052411050,22,238,107.2669,0,0,0,0,0,0,0,0,0,0,0,0,0,0,0,0,0,0,2,4,2,4
2021A00052411055,21,151,74.8393,0,0,0,0,0,0,0,0,0,0,0,0,0,0,0,0,0,0,3,13,3,13
2021A00052411902,0,0,98.1528,0,0,0,0,0,0,0,0,0,0,0,0,0,0,0,0,0,0,0,0,0,0
2021A00052412005,73,943,138.4318,1,7,4,67,2,11,2,56,0,0,0,0,0,0,2,17,3,20,16,113,16,113
2021A00052412010,51,373,192.2024,0,0,0,0,0,0,0,0,0,0,0,0,0,0,1,3,2,6,15,49,15,49
2021A00052412015,137,1598,175.9277,2,19,4,25,5,28,1,2,0,0,1,2,0,0,1,3,2,10,14,74,15,87
2021A00052412020,35,524,109.7237,0,0,1,2,1,2,0,0,0,0,0,0,0,0,1,3,1,3,9,86,9,86
2021A00052412025,4,52,111.2683,0,0,0,0,0,0,0,0,0,0,0,0,0,0,0,0,0,0,1,15,1,15
2021A00052412030,28,204,82.8466,0,0,1,11,1,11,0,0,0,0,0,0,0,0,2,5,2,5,13,43,13,43
2021A00052412035,17,63,78.4185,0,0,0,0,0,0,0,0,0,0,0,0,0,0,0,0,2,7,6,14,6,14
2021A00052412043,73,807,119.1508,0,0,2,27,1,21,1,21,0,0,2,38,0,0,0,0,0,0,31,130,31,130
2021A00052412045,4,56,11.5294,0,0,0,0,0,0,0,0,0,0,0,0,0,0,0,0,0,0,0,0,0,0
2021A00052412057,57,427,62.7547,0,0,0,0,0,0,0,0,0,0,1,6,0,0,0,0,0,0,14,54,14,54
2021A00052412065,58,673,70.8104,0,0,0,0,0,0,0,0,0,0,1,12,0,0,0,0,0,0,28,92,28,92
2021A00052412072,820,15934,83.7425,4,177,7,36,4,37,0,0,0,0,1,27,0,0,2,320,4,338,41,1313,42,1319
2021A00052412080,42,489,40.0574,0,0,0,0,0,0,0,0,0,0,0,0,0,0,0,0,0,0,3,5,3,5
2021A00052413005,122,1900,556.784,0,0,1,2,1,26,0,0,0,0,0,0,0,0,1,26,5,49,16,71,16,71
2021A00052413010,10,54,107.0295,0,0,0,0,0,0,0,0,0,0,0,0,0,0,0,0,0,0,4,9,4,9
2021A00052413015,27,161,118.7456,0,0,0,0,0,0,0,0,0,0,0,0,0,0,1,3,2,6,6,20,6,20
2021A00052413020,12,216,148.6394,0,0,0,0,0,0,0,0,0,0,1,39,0,0,2,5,3,8,5,50,5,50
2021A00052413025,43,449,173.4242,0,0,0,0,0,0,0,0,0,0,0,0,0,0,1,32,4,41,9,56,9,56
2021A00052413030,21,191,129.5622,0,0,0,0,1,3,0,0,0,0,0,0,0,0,1,3,1,3,6,42,6,42
2021A00052413040,23,201,166.9419,0,0,0,0,0,0,0,0,0,0,0,0,0,0,2,75,4,85,8,99,8,99
2021A00052413045,40,252,105.7795,0,0,0,0,0,0,0,0,0,0,0,0,0,0,0,0,1,52,9,80,9,80
2021A00052413050,21,99,270.1293,0,0,0,0,0,0,0,0,0,0,0,0,0,0,0,0,0,0,6,22,6,22
2021A00052413055,31,229,187.1184,0,0,0,0,0,0,0,0,0,0,0,0,0,0,0,0,1,5,7,30,7,30
2021A00052413060,34,214,86.6288,0,0,0,0,0,0,0,0,0,0,0,0,0,0,0,0,1,3,5,15,5,15
2021A00052413065,44,332,361.2274,0,0,0,0,1,7,0,0,0,0,1,7,0,0,0,0,0,0,7,20,8,27
2021A00052413073,239,3534,218.8146,3,21,4,23,6,37,1,2,0,0,1,2,0,0,2,43,3,46,30,282,30,282
2021A00052413075,10,122,110.6295,0,0,0,0,0,0,0,0,0,0,0,0,0,0,1,65,1,65,4,78,4,78
2021A00052413080,51,349,112.233,0,0,0,0,1,3,0,0,0,0,0,0,0,0,1,7,2,10,10,33,10,33
2021A00052413085,7,25,151.1425,0,0,0,0,0,0,0,0,0,0,0,0,0,0,0,0,0,0,2,5,2,5
2021A00052413090,20,160,262.969,0,0,0,0,0,0,0,0,0,0,0,0,0,0,0,0,2,5,5,17,5,17
2021A00052413095,111,1500,339.9873,1,1,0,0,1,55,0,0,0,0,0,0,0,0,1,55,4,63,19,103,19,103
2021A00052413100,16,96,292.6301,0,0,0,0,0,0,0,0,0,0,0,0,0,0,0,0,1,3,4,19,4,19
2021A00052414005,36,292,428.2563,0,0,0,0,0,0,0,0,0,0,0,0,0,0,0,0,1,3,15,48,15,48
2021A00052414010,15,65,188.44,0,0,0,0,0,0,0,0,0,0,0,0,0,0,0,0,0,0,2,4,2,4
2021A00052414018,144,2765,59.6845,1,36,3,43,4,54,1,5,0,0,2,7,0,0,1,11,5,157,28,286,28,286
2021A00052414025,34,186,60.4558,0,0,0,0,0,0,0,0,0,0,0,0,0,0,0,0,0,0,18,58,18,58
2021A00052414030,19,121,84.964,0,0,1,1,0,0,0,0,0,0,0,0,0,0,0,0,1,3,12,42,12,42
2021A00052414035,80,1155,111.3977,0,0,1,34,2,37,0,0,0,0,1,34,0,0,2,35,2,35,28,168,29,202
2021A00052414040,34,318,71.0579,0,0,0,0,1,73,0,0,0,0,0,0,0,0,0,0,0,0,14,112,14,112
2021A00052414045,24,140,28.5282,0,0,0,0,0,0,0,0,0,0,0,0,0,0,0,0,0,0,12,36,12,36
2021A00052414050,68,504,44.0696,0,0,1,17,1,17,0,0,0,0,1,7,0,0,0,0,0,0,27,117,27,117
2021A00052414055,37,179,33.8363,0,0,0,0,0,0,0,0,0,0,0,0,0,0,0,0,0,0,14,48,14,48
2021A00052414060,29,295,32.6486,0,0,0,0,1,11,0,0,0,0,0,0,0,0,2,37,2,37,9,65,9,65
2021A00052414065,46,477,57.4962,0,0,0,0,0,0,0,0,0,0,0,0,0,0,0,0,0,0,23,110,23,110
2021A00052414070,36,404,29.0613,0,0,1,17,1,17,0,0,0,0,1,19,0,0,1,31,1,31,10,93,10,93
2021A00052414075,10,46,77.9212,0,0,0,0,0,0,0,0,0,0,0,0,0,0,0,0,0,0,4,11,4,11
2021A00052414080,17,87,102.7573,0,0,0,0,0,0,0,0,0,0,0,0,0,0,0,0,0,0,3,3,3,3
2021A00052414085,199,4572,21.1828,1,6,4,56,2,39,0,0,0,0,2,28,0,0,0,0,0,0,17,214,17,214
2021A00052414090,62,582,54.7769,0,0,0,0,0,0,0,0,0,0,0,0,0,0,0,0,0,0,18,112,18,112
2021A00052414902,0,0,568.1045,0,0,0,0,0,0,0,0,0,0,0,0,0,0,0,0,0,0,0,0,0,0
2021A00052414904,0,0,186.415,0,0,0,0,0,0,0,0,0,0,0,0,0,0,0,0,0,0,0,0,0,0
2021A00052415005,34,242,59.9168,0,0,0,0,0,0,0,0,0,0,0,0,0,0,0,0,0,0,11,29,11,29
2021A00052415013,352,4959,458.1945,0,0,0,0,0,0,0,0,0,0,2,6,0,0,3,9,5,19,22,68,22,68
2021A00052415025,24,156,57.927,0,0,1,3,1,3,0,0,0,0,0,0,0,0,0,0,1,3,3,5,3,5
2021A00052415030,32,232,91.6076,0,0,0,0,0,0,0,0,0,0,0,0,0,0,0,0,1,3,3,6,3,6
2021A00052415035,109,1836,51.5276,1,58,2,67,1,58,0,0,0,0,0,0,0,0,0,0,1,3,7,168,7,168
2021A00052415058,34,513,281.1358,0,0,0,0,0,0,0,0,0,0,0,0,0,0,0,0,0,0,1,2,1,2
2021A00052415065,7,113,232.8925,0,0,0,0,0,0,0,0,0,0,0,0,0,0,0,0,0,0,0,0,0,0
2021A00052415902,0,0,851.1798,0,0,0,0,0,0,0,0,0,0,0,0,0,0,0,0,0,0,0,0,0,0
2021A00052415904,0,0,204.588,0,0,0,0,0,0,0,0,0,0,0,0,0,0,0,0,0,0,0,0,0,0
2021A00052416005,32,914,133.8937,0,0,0,0,0,0,0,0,0,0,0,0,0,0,0,0,1,3,1,3,1,3
2021A00052416013,335,5502,545.8469,3,106,6,124,3,64,0,0,0,0,0,0,0,0,2,58,4,75,25,209,26,295
2021A00052416023,53,841,29.4649,0,0,0,0,0,0,0,0,0,0,0,0,0,0,0,0,1,7,5,71,5,71
2021A00052416048,64,416,156.1862,0,0,1,7,1,7,0,0,0,0,0,0,0,0,0,0,1,15,16,56,16,56
2021A00052416050,52,268,100.2951,0,0,0,0,0,0,0,0,0,0,0,0,0,0,1,13,2,16,13,52,13,52
2021A00052416055,55,541,330.5726,0,0,0,0,0,0,0,0,0,0,0,0,0,0,0,0,0,0,6,21,6,21
2021A00052416902,1,7,2440.5418,0,0,0,0,0,0,0,0,0,0,0,0,0,0,0,0,0,0,1,1,1,1
2021A00052417005,7,61,122.4356,0,0,0,0,0,0,0,0,0,0,0,0,0,0,1,32,1,32,2,35,2,35
2021A00052417010,106,2181,137.7795,1,3,1,3,1,3,0,0,0,0,0,0,0,0,5,661,8,691,21,928,21,928
2021A00052417015,19,109,216.1572,0,0,0,0,0,0,0,0,0,0,0,0,0,0,0,0,0,0,2,6,2,6
2021A00052417020,25,115,178.8272,0,0,0,0,0,0,0,0,0,0,0,0,0,0,0,0,1,5,8,25,8,25
2021A00052417025,11,93,94.8919,0,0,0,0,0,0,0,0,0,0,1,2,0,0,1,14,2,17,4,20,4,20
2021A00052417030,43,516,291.0444,0,0,0,0,0,0,0,0,0,0,0,0,0,0,1,68,3,87,8,94,8,94
2021A00052417035,15,153,164.3582,0,0,0,0,0,0,0,0,0,0,0,0,0,0,0,0,0,0,0,0,0,0
2021A00052417040,13,87,247.6381,0,0,0,0,0,0,0,0,0,0,0,0,0,0,0,0,0,0,3,7,3,7
2021A00052417045,16,152,230.5185,0,0,0,0,0,0,0,0,0,0,0,0,0,0,0,0,1,5,4,12,4,12
2021A00052417055,35,392,98.4525,0,0,1,2,0,0,1,15,0,0,1,15,0,0,0,0,0,0,10,36,10,36
2021A00052417060,25,115,76.5911,0,0,0,0,0,0,0,0,0,0,0,0,0,0,0,0,0,0,12,30,12,30
2021A00052417065,38,222,49.1357,0,0,0,0,0,0,0,0,0,0,0,0,0,0,0,0,0,0,12,68,12,68
2021A00052417070,180,2997,69.3139,0,0,1,20,0,0,0,0,0,0,1,3,0,0,3,97,6,445,33,586,33,586
2021A00052417078,124,2536,119.9467,1,252,2,255,4,681,0,0,0,0,0,0,0,0,3,19,7,41,36,1060,36,1060
2021A00052418005,19,356,132.5979,0,0,0,0,0,0,0,0,0,0,0,0,0,0,2,168,2,168,3,197,3,197
2021A00052418010,2,18,49.9612,0,0,0,0,0,0,0,0,0,0,0,0,0,0,0,0,0,0,1,1,1,1
2021A00052418015,28,651,187.011,0,0,0,0,0,0,0,0,0,0,0,0,0,0,1,3,1,3,3,6,3,6
2021A00052418020,12,88,82.1741,0,0,0,0,1,14,0,0,0,0,1,14,0,0,0,0,0,0,3,23,3,23
2021A00052418025,11,105,256.513,0,0,0,0,1,6,0,0,0,0,0,0,0,0,1,6,1,6,3,11,3,11
2021A00052418030,23,181,162.7706,0,0,1,5,1,5,1,5,0,0,1,5,0,0,0,0,1,3,5,15,5,15
2021A00052418035,4,24,92.4393,0,0,0,0,0,0,0,0,0,0,0,0,0,0,0,0,0,0,0,0,0,0
2021A00052418040,9,115,164.6337,0,0,0,0,0,0,0,0,0,0,0,0,0,0,0,0,0,0,1,1,1,1
2021A00052418045,83,1095,204.3157,1,7,4,112,3,15,1,75,0,0,0,0,0,0,2,146,3,149,25,397,25,397
2021A00052418050,448,10132,124.4449,5,176,7,947,12,689,1,23,0,0,2,109,1,12,9,541,13,952,54,1792,57,2014
2021A00052418055,26,278,91.0525,0,0,0,0,0,0,0,0,0,0,0,0,0,0,0,0,0,0,12,60,12,60
2021A00052418060,83,1347,96.3522,1,85,1,146,2,231,0,0,0,0,0,0,0,0,0,0,1,146,32,425,32,425
2021A00052418065,46,242,26.8512,1,6,1,6,1,6,0,0,0,0,0,0,0,0,0,0,0,0,2,13,2,13
2021A00052418070,11,200,23.9739,0,0,0,0,0,0,0,0,0,0,0,0,0,0,0,0,0,0,3,13,3,13
2021A00052419005,23,181,146.5097,0,0,0,0,0,0,0,0,0,0,0,0,0,0,0,0,1,3,6,25,6,25
2021A00052419010,31,205,94.7147,0,0,1,9,0,0,0,0,0,0,0,0,0,0,1,33,2,36,8,59,8,59
2021A00052419015,12,80,51.5572,0,0,0,0,0,0,0,0,0,0,0,0,0,0,0,0,0,0,3,6,3,6
2021A00052419020,41,319,136.8753,1,1,0,0,1,1,0,0,0,0,0,0,0,0,0,0,1,3,9,21,9,21
2021A00052419025,53,351,101.0699,0,0,0,0,1,3,0,0,0,0,1,3,0,0,0,0,0,0,16,35,16,35
2021A00052419030,59,1202,82.039,0,0,2,11,2,11,0,0,0,0,0,0,0,0,0,0,1,7,12,58,12,58
2021A00052419037,37,490,167.9879,0,0,0,0,0,0,0,0,0,0,0,0,0,0,0,0,0,0,6,17,6,17
2021A00052419045,20,148,75.7625,0,0,1,3,0,0,0,0,0,0,0,0,0,0,0,0,1,3,7,17,7,17
2021A00052419050,54,1184,85.9277,0,0,2,268,2,268,0,0,0,0,0,0,0,0,0,0,0,0,17,315,17,315
2021A00052419055,144,2452,88.1354,1,349,5,129,6,175,1,2,0,0,1,2,1,349,0,0,1,34,35,688,35,688
2021A00052419062,169,2910,74.2202,3,186,5,237,3,289,0,0,0,0,1,6,1,86,0,0,1,3,50,569,50,569
2021A00052419068,215,2876,122.606,1,2,6,123,5,211,4,118,0,0,6,148,0,0,1,3,2,78,49,700,49,700
2021A00052419070,57,507,50.6659,0,0,1,2,1,2,1,2,0,0,1,2,0,0,0,0,0,0,30,99,30,99
2021A00052419075,100,907,89.3308,0,0,0,0,0,0,0,0,0,0,0,0,0,0,0,0,0,0,41,143,41,143
2021A00052419082,60,624,121.6883,0,0,0,0,0,0,0,0,0,0,0,0,0,0,0,0,0,0,12,32,12,32
2021A00052419090,37,435,34.9894,0,0,1,7,3,82,0,0,0,0,1,3,0,0,1,7,1,7,15,129,15,129
2021A00052419097,98,1041,93.3012,0,0,3,24,2,22,0,0,0,0,2,6,0,0,0,0,2,12,42,206,43,221
2021A00052419105,96,656,44.5657,2,9,2,6,2,7,0,0,0,0,0,0,0,0,1,3,1,3,11,37,11,37
2021A00052419110,68,516,43.0808,0,0,0,0,1,3,0,0,0,0,0,0,0,0,1,3,1,3,27,84,27,84
2021A00052419117,39,448,44.8822,0,0,1,128,0,0,0,0,0,0,0,0,0,0,0,0,0,0,17,182,17,182
2021A00052420005,32,280,28.9623,0,0,0,0,0,0,0,0,0,0,0,0,0,0,0,0,0,0,7,70,7,70
2021A00052420010,54,458,50.5446,0,0,0,0,0,0,0,0,0,0,0,0,0,0,0,0,1,3,14,76,14,76
2021A00052420015,41,706,43.4803,0,0,1,2,1,2,0,0,0,0,0,0,0,0,1,32,1,32,11,326,11,326
2021A00052420020,65,1048,35.6412,0,0,0,0,0,0,0,0,0,0,0,0,0,0,0,0,0,0,8,369,8,369
2021A00052420025,80,1159,31.6369,1,17,3,48,2,19,1,2,0,0,1,2,0,0,0,0,0,0,11,135,11,135
2021A00052420030,35,420,4.3171,0,0,0,0,0,0,0,0,0,0,0,0,0,0,0,0,1,3,5,132,5,132
2021A00052421005,44,443,129.2974,0,0,0,0,0,0,0,0,0,0,0,0,0,0,1,7,2,157,3,160,3,160
2021A00052421010,113,835,83.1841,0,0,0,0,0,0,0,0,0,0,0,0,0,0,0,0,0,0,6,12,6,12
2021A00052421015,0,0,0.4215,0,0,0,0,0,0,0,0,0,0,0,0,0,0,0,0,0,0,0,0,0,0
2021A00052421020,29,187,42.3307,0,0,0,0,0,0,0,0,0,0,0,0,0,0,0,0,0,0,3,12,3,12
2021A00052421025,108,2302,22.97,1,2,1,2,1,2,0,0,0,0,1,4,0,0,0,0,1,3,8,60,8,60
2021A00052421030,121,1550,62.3817,1,2,2,12,1,3,0,0,0,0,0,0,0,0,2,10,2,10,7,27,7,27
2021A00052421035,106,1348,228.8439,0,0,1,2,2,9,0,0,0,0,1,7,0,0,1,140,2,151,9,186,9,186
2021A00052421040,114,1687,53.6095,1,3,3,206,3,161,0,0,0,0,2,158,0,0,0,0,0,0,12,107,14,265
2021A00052421045,204,2213,20.3589,0,0,2,56,2,56,0,0,0,0,0,0,0,0,2,36,3,39,9,102,9,102
2021A00052421902,0,0,70.1776,0,0,0,0,0,0,0,0,0,0,0,0,0,0,0,0,0,0,0,0,0,0
2021A00052421904,0,0,4131.6195,0,0,0,0,0,0,0,0,0,0,0,0,0,0,0,0,0,0,0,0,0,0
2021A00052422005,199,2817,120.7017,1,4,3,17,2,14,0,0,0,0,0,0,0,0,1,11,3,29,7,47,7,47
2021A00052422010,47,221,11.4864,0,0,0,0,1,3,0,0,0,0,0,0,0,0,1,3,2,8,3,9,3,9
2021A00052422015,11,53,33.6507,0,0,0,0,0,0,0,0,0,0,0,0,0,0,0,0,0,0,0,0,0,0
2021A00052422020,103,1053,63.5433,0,0,0,0,0,0,0,0,0,0,0,0,0,0,0,0,0,0,3,4,3,4
2021A00052422025,57,1336,432.6201,0,0,1,4,1,4,0,0,0,0,0,0,0,0,0,0,1,7,4,22,4,22
2021A00052422030,19,304,1.5836,0,0,0,0,0,0,0,0,0,0,0,0,0,0,0,0,0,0,0,0,0,0
2021A00052422035,234,2304,670.0266,1,1,3,28,1,2,1,2,0,0,1,2,1,1,0,0,1,3,11,45,11,45
2021A00052422040,311,2529,61.7339,1,1,1,9,0,0,0,0,0,0,0,0,0,0,0,0,1,7,4,19,4,19
2021A00052422045,154,1348,108.4203,0,0,0,0,0,0,0,0,0,0,0,0,0,0,0,0,3,13,6,19,6,19
2021A00052422902,0,0,1679.9881,0,0,0,0,0,0,0,0,0,0,0,0,0,0,0,0,0,0,0,0,0,0
2021A00052423015,3,388,0.0372,0,0,0,0,0,0,0,0,0,0,0,0,0,0,0,0,0,0,0,0,0,0
2021A00052423027,15478,327210,452.2999,85,2709,190,4947,136,3421,15,134,0,0,78,2153,12,337,11,106,55,933,577,9279,615,11239
2021A00052423057,363,7613,7.7242,0,0,1,2,0,0,0,0,0,0,1,2,0,0,0,0,0,0,6,74,6,74
2021A00052423072,652,13328,85.7955,8,167,18,589,19,863,4,285,0,0,18,474,3,57,3,343,8,433,81,2096,88,2355
2021A00052423802,97,1909,1.7433,0,0,2,16,1,3,0,0,0,0,0,0,0,0,1,70,2,73,6,103,6,103
2021A00052425213,3894,74410,448.0654,21,476,60,1557,55,1510,7,91,0,0,37,1432,3,316,7,86,19,256,232,3825,253,4907
2021A00052426005,46,430,151.2749,0,0,2,26,2,20,0,0,0,0,0,0,0,0,2,36,2,36,17,100,17,100
2021A00052426010,59,421,68.6543,0,0,0,0,1,14,0,0,0,0,1,14,0,0,2,84,2,84,20,148,20,148
2021A00052426015,100,1850,25.4478,1,3,3,39,3,52,0,0,0,0,2,50,1,3,0,0,0,0,13,113,15,163
2021A00052426022,131,1120,87.0656,1,3,2,5,1,3,0,0,0,0,0,0,0,0,2,73,3,76,35,295,35,295
2021A00052426030,603,10045,107.548,4,71,10,116,12,297,2,4,0,0,6,96,2,48,1,68,5,110,69,1444,71,1526
2021A00052426035,58,538,83.0508,0,0,1,73,1,73,0,0,0,0,0,0,0,0,1,7,2,80,24,174,24,174
2021A00052426040,78,546,51.534,1,2,2,14,4,20,0,0,0,0,2,6,0,0,1,3,1,3,27,107,28,110
2021A00052426048,114,1597,31.292,1,22,2,286,1,22,0,0,0,0,1,2,1,22,2,35,2,35,18,402,18,402
2021A00052426055,158,1470,90.0952,1,8,2,17,2,17,1,9,0,0,1,9,0,0,1,33,1,33,62,288,62,288
2021A00052426063,171,1843,102.6052,0,0,0,0,1,33,0,0,0,0,0,0,0,0,2,17,4,124,48,400,48,400
2021A00052426070,249,3000,106.7616,3,23,8,151,6,146,2,107,0,0,3,122,0,0,2,36,3,43,32,442,33,457
2021A00052427008,104,984,120.4531,2,36,4,42,3,39,0,0,0,0,0,0,0,0,1,7,1,7,33,130,34,160
2021A00052427015,17,131,43.4941,0,0,0,0,0,0,0,0,0,0,0,0,0,0,0,0,0,0,2,3,2,3
2021A00052427028,241,4742,164.5911,1,19,8,416,8,237,1,9,0,0,5,104,0,0,4,106,4,106,37,598,42,798
2021A00052427035,61,634,130.6086,0,0,1,2,3,28,1,2,0,0,2,4,2,26,2,143,3,173,24,299,24,299
2021A00052427043,232,3181,114.7026,1,115,3,123,4,157,0,0,0,0,1,8,0,0,3,459,8,658,48,962,48,962
2021A00052427050,25,91,51.425,0,0,0,0,1,3,0,0,0,0,0,0,0,0,1,3,1,3,13,33,13,33
2021A00052427055,28,200,55.7312,0,0,3,66,1,3,0,0,0,0,0,0,0,0,0,0,0,0,13,96,13,96
2021A00052427060,62,805,27.319,0,0,2,6,1,2,1,2,0,0,1,2,0,0,2,6,3,13,12,68,12,68
2021A00052427065,48,643,72.3515,1,43,0,0,0,0,0,0,0,0,0,0,0,0,0,0,0,0,13,148,13,148
2021A00052427070,16,84,58.9195,0,0,0,0,0,0,0,0,0,0,0,0,0,0,0,0,0,0,7,14,7,14
2021A00052428005,47,345,186.5573,0,0,1,3,1,3,1,3,0,0,0,0,0,0,1,32,1,32,9,49,9,49
2021A00052428015,33,354,78.2468,0,0,0,0,0,0,0,0,0,0,0,0,0,0,1,136,3,178,5,182,5,182
2021A00052428020,113,1537,133.7417,1,9,2,24,4,40,0,0,0,0,1,7,0,0,0,0,3,29,15,243,16,250
2021A00052428025,18,134,111.5283,0,0,0,0,0,0,0,0,0,0,0,0,0,0,0,0,0,0,5,9,5,9
2021A00052428030,23,185,115.1271,1,6,1,2,1,2,1,2,0,0,1,2,0,0,1,6,1,6,7,24,7,24
2021A00052428035,6,50,118.0058,0,0,0,0,0,0,0,0,0,0,0,0,0,0,0,0,0,0,1,1,1,1
2021A00052428040,5,27,93.4813,0,0,0,0,0,0,0,0,0,0,0,0,0,0,0,0,0,0,1,1,1,1
2021A00052428045,82,1292,126.28,1,212,1,3,2,233,0,0,0,0,0,0,2,233,0,0,1,3,9,261,9,261
2021A00052428053,164,2230,157.216,0,0,1,2,0,0,0,0,0,0,0,0,0,0,0,0,3,9,13,29,13,29
2021A00052428060,9,63,161.9883,0,0,0,0,0,0,0,0,0,0,0,0,0,0,0,0,0,0,1,1,1,1
2021A00052428065,17,131,66.8949,0,0,0,0,0,0,0,0,0,0,0,0,0,0,0,0,0,0,5,12,5,12
2021A00052428070,26,226,251.9298,0,0,0,0,1,26,0,0,0,0,0,0,0,0,1,26,3,52,10,71,10,71
2021A00052428075,21,167,208.6126,0,0,1,12,1,12,0,0,0,0,0,0,0,0,0,0,0,0,3,16,3,16
2021A00052429005,37,406,427.7776,0,0,0,0,0,0,0,0,0,0,0,0,0,0,1,32,3,39,9,177,9,177
2021A00052429013,56,1159,197.3652,0,0,1,2,2,545,1,2,0,0,2,545,0,0,0,0,3,13,11,38,12,581
2021A00052429020,5,15,186.7711,0,0,0,0,0,0,0,0,0,0,0,0,0,0,0,0,0,0,3,7,3,7
2021A00052429025,21,318,110.8506,1,12,0,0,0,0,0,0,0,0,0,0,0,0,0,0,0,0,7,45,7,45
2021A00052429030,90,1494,32.8374,3,96,5,138,5,158,2,28,0,0,2,77,0,0,0,0,1,6,12,160,13,232
2021A00052429038,103,961,133.9563,2,40,2,51,3,61,1,21,0,0,1,21,1,10,4,166,5,200,32,360,33,390
2021A00052429045,86,1327,117.997,0,0,2,38,4,242,0,0,0,0,0,0,1,43,3,196,4,199,21,438,21,438
2021A00052429050,26,146,61.5394,0,0,0,0,0,0,0,0,0,0,0,0,0,0,0,0,0,0,3,4,3,4
2021A00052429057,104,1238,150.4518,0,0,2,40,2,40,0,0,0,0,0,0,0,0,2,168,5,250,19,338,20,353
2021A00052429065,16,144,57.1622,0,0,0,0,0,0,0,0,0,0,0,0,0,0,0,0,0,0,2,4,2,4
2021A00052429073,1235,22489,199.0768,5,216,17,535,16,564,0,0,0,0,2,6,1,58,6,801,16,1233,104,2334,109,2747
2021A00052429095,8,68,0.8758,0,0,0,0,0,0,0,0,0,0,0,0,0,0,0,0,0,0,0,0,0,0
2021A00052429100,69,1128,85.65,0,0,0,0,3,56,0,0,0,0,2,50,0,0,4,105,6,152,15,184,17,234
2021A00052429112,124,1769,118.9016,3,167,7,186,6,183,3,16,0,0,5,32,0,0,1,136,2,143,34,416,36,557
2021A00052429120,53,531,24.0854,0,0,1,34,1,34,0,0,0,0,0,0,0,0,0,0,1,35,9,126,10,160
2021A00052429125,13,115,47.4347,0,0,2,5,0,0,0,0,0,0,0,0,0,0,0,0,1,5,5,15,5,15
2021A00052430005,31,277,281.0685,0,0,0,0,0,0,0,0,0,0,0,0,0,0,3,103,3,103,7,115,7,115
2021A00052430010,22,126,192.5086,0,0,0,0,0,0,0,0,0,0,0,0,0,0,0,0,0,0,1,2,1,2
2021A00052430015,7,33,116.0615,0,0,0,0,0,0,0,0,0,0,0,0,0,0,0,0,0,0,1,2,1,2
2021A00052430020,11,77,103.381,0,0,0,0,0,0,0,0,0,0,0,0,0,0,0,0,0,0,2,4,2,4
2021A00052430025,48,336,223.5982,0,0,0,0,1,7,0,0,0,0,1,2,0,0,3,41,4,44,10,60,10,60
2021A00052430030,264,5496,21.9797,0,0,4,37,4,54,1,9,0,0,4,38,0,0,5,60,6,75,21,780,21,780
2021A00052430035,25,119,71.8334,0,0,0,0,0,0,0,0,0,0,0,0,0,0,0,0,0,0,2,4,2,4
2021A00052430040,11,177,129.4449,0,0,0,0,0,0,0,0,0,0,0,0,0,0,0,0,0,0,4,68,4,68
2021A00052430045,49,395,119.1649,0,0,0,0,0,0,0,0,0,0,0,0,0,0,1,6,1,6,7,20,7,20
2021A00052430050,21,143,146.4621,0,0,1,2,0,0,0,0,0,0,0,0,0,0,0,0,0,0,8,29,8,29
2021A00052430055,26,110,134.9537,0,0,1,3,1,3,0,0,0,0,0,0,0,0,0,0,0,0,7,19,8,22
2021A00052430070,18,94,236.331,0,0,0,0,0,0,0,0,0,0,0,0,0,0,0,0,1,3,4,13,4,13
2021A00052430072,55,655,127.5791,1,72,2,77,3,112,0,0,0,0,1,35,0,0,1,32,1,32,20,160,21,195
2021A00052430080,45,626,124.3035,0,0,0,0,0,0,0,0,0,0,2,7,0,0,2,64,2,64,13,221,13,221
2021A00052430085,41,514,91.9546,0,0,0,0,1,3,0,0,0,0,3,115,0,0,1,3,1,3,15,146,15,146
2021A00052430090,30,458,90.3385,0,0,0,0,0,0,0,0,0,0,1,19,0,0,3,44,3,44,13,157,13,157
2021A00052430095,89,909,108.4528,1,2,2,9,2,18,0,0,0,0,2,14,0,0,2,43,2,43,19,227,19,227
2021A00052430100,37,367,112.1214,1,2,0,0,0,0,0,0,0,0,0,0,0,0,0,0,2,10,9,93,9,93
2021A00052430105,37,167,180.1458,0,0,0,0,0,0,0,0,0,0,0,0,0,0,0,0,2,5,9,26,9,26
2021A00052430110,36,240,119.8637,0,0,0,0,0,0,0,0,0,0,0,0,0,0,0,0,0,0,6,26,6,26
2021A00052431008,15,65,75.9611,0,0,0,0,0,0,0,0,0,0,0,0,0,0,0,0,0,0,3,6,3,6
2021A00052431015,86,1406,6.7988,1,2,2,9,3,11,2,9,0,0,2,9,1,2,0,0,1,3,8,25,8,25
2021A00052431020,27,125,92.5343,1,2,2,4,2,4,1,2,0,0,1,2,0,0,0,0,0,0,5,12,5,12
2021A00052431025,2,10,58.7141,0,0,0,0,0,0,0,0,0,0,0,0,0,0,0,0,0,0,2,8,2,8
2021A00052431030,18,102,76.0872,0,0,0,0,0,0,0,0,0,0,0,0,0,0,0,0,0,0,10,35,10,35
2021A00052431035,21,107,81.7019,0,0,1,3,1,3,0,0,0,0,0,0,0,0,0,0,0,0,9,29,9,29
2021A00052431040,24,160,109.8482,0,0,0,0,0,0,0,0,0,0,0,0,0,0,1,3,1,3,5,14,5,14
2021A00052431045,47,293,126.7627,0,0,2,7,2,7,0,0,0,0,0,0,0,0,0,0,0,0,4,11,4,11
2021A00052431050,16,76,136.1767,0,0,0,0,0,0,0,0,0,0,0,0,0,0,0,0,0,0,6,18,6,18
2021A00052431056,125,1432,290.0276,2,42,2,43,3,49,0,0,0,0,1,7,1,6,2,13,5,22,26,384,27,391
2021A00052431060,32,675,60.5459,1,65,3,92,2,82,0,0,0,0,0,0,0,0,0,0,0,0,10,66,11,131
2021A00052431084,881,15539,225.9736,4,319,15,427,16,931,5,113,0,0,10,503,1,91,6,56,11,224,80,1201,83,1680
2021A00052431095,16,56,53.1798,0,0,0,0,0,0,0,0,0,0,0,0,0,0,0,0,0,0,9,28,9,28
2021A00052431100,15,61,79.1488,0,0,0,0,0,0,0,0,0,0,0,0,0,0,0,0,0,0,8,18,8,18
2021A00052431105,19,77,93.6645,0,0,0,0,0,0,0,0,0,0,0,0,0,0,1,3,1,3,9,25,9,25
2021A00052431122,61,790,8.8556,1,6,1,6,1,6,0,0,0,0,1,31,0,0,0,0,0,0,6,53,7,59
2021A00052431130,24,116,104.7261,0,0,0,0,1,3,0,0,0,0,1,3,0,0,0,0,0,0,9,27,10,30
2021A00052431135,37,183,150.5574,0,0,1,2,1,2,1,2,0,0,1,2,0,0,0,0,0,0,18,62,18,62
2021A00052431140,41,335,80.5613,0,0,0,0,1,3,0,0,0,0,0,0,0,0,1,3,1,3,12,91,12,91
2021A00052432013,84,807,137.1571,0,0,1,34,1,34,0,0,0,0,1,34,0,0,2,45,3,56,22,121,23,155
2021A00052432023,31,141,92.1266,0,0,0,0,0,0,0,0,0,0,0,0,0,0,0,0,0,0,15,38,15,38
2021A00052432033,161,2940,195.0069,4,44,8,115,6,125,3,32,0,0,4,83,0,0,1,33,4,70,46,788,48,857
2021A00052432040,290,6734,4.9178,3,230,12,136,11,356,2,23,0,0,4,67,2,255,4,174,6,241,53,1174,54,1208
2021A00052432045,140,1531,141.1908,1,8,2,42,4,59,0,0,0,0,1,34,0,0,3,43,3,43,37,185,38,219
2021A00052432050,32,252,81.7669,1,22,0,0,1,22,0,0,0,0,0,0,1,22,0,0,0,0,11,76,11,76
2021A00052432058,45,231,176.1079,0,0,2,27,0,0,0,0,0,0,2,27,0,0,0,0,0,0,20,77,20,77
2021A00052432065,72,556,167.5546,0,0,0,0,0,0,0,0,0,0,0,0,0,0,0,0,0,0,22,87,22,87
2021A00052432072,63,429,107.9139,0,0,1,10,0,0,0,0,0,0,1,10,0,0,1,11,1,11,34,156,34,156
2021A00052432080,34,454,81.3904,1,1,1,15,1,15,0,0,0,0,0,0,0,0,0,0,0,0,9,71,10,86
2021A00052432085,17,139,101.8987,0,0,1,5,1,5,1,5,0,0,1,5,0,0,1,3,1,3,7,22,7,22
2021A00052433007,69,319,147.1476,0,0,0,0,0,0,0,0,0,0,0,0,0,0,0,0,0,0,21,65,21,65
2021A00052433017,58,382,166.9891,1,2,1,2,1,2,0,0,0,0,0,0,0,0,0,0,2,27,29,144,29,144
2021A00052433025,76,552,85.7254,0,0,1,7,1,7,0,0,0,0,1,7,0,0,0,0,0,0,26,89,27,96
2021A00052433030,72,468,62.0658,0,0,0,0,1,35,0,0,0,0,1,35,0,0,0,0,0,0,27,85,28,120
2021A00052433035,81,766,177.4275,1,2,3,15,2,5,1,2,0,0,0,0,0,0,1,3,2,10,19,72,19,72
2021A00052433040,31,157,65.0699,0,0,0,0,0,0,0,0,0,0,0,0,0,0,0,0,0,0,9,39,9,39
2021A00052433045,118,1302,65.4037,2,19,6,38,8,112,1,5,0,0,2,12,0,0,1,3,2,38,26,221,27,228
2021A00052433052,62,573,66.1639,0,0,0,0,0,0,0,0,0,0,0,0,0,0,0,0,1,6,16,55,16,55
2021A00052433060,112,2336,12.1601,2,63,4,113,2,5,0,0,0,0,2,55,0,0,1,65,2,140,9,424,10,427
2021A00052433065,35,277,109.88,1,2,1,2,1,2,0,0,0,0,0,0,0,0,1,7,1,7,9,36,9,36
2021A00052433070,31,337,102.5414,0,0,3,90,3,90,0,0,0,0,0,0,0,0,0,0,0,0,6,16,9,106
2021A00052433080,63,1059,98.4278,0,0,1,52,2,55,0,0,0,0,0,0,0,0,3,157,3,157,22,262,22,262
2021A00052433085,41,283,60.3168,1,5,1,7,2,12,0,0,0,0,0,0,1,5,0,0,0,0,16,55,16,55
2021A00052433090,215,2566,96.8279,0,0,4,85,5,99,0,0,0,0,3,51,0,0,3,39,5,77,27,192,30,275
2021A00052433095,46,804,59.9474,0,0,1,4,1,4,0,0,0,0,0,0,0,0,0,0,0,0,16,79,16,79
2021A00052433102,88,1917,69.6348,0,0,2,12,2,217,0,0,0,0,0,0,1,5,0,0,0,0,17,280,17,280
2021A00052433115,38,222,79.9123,0,0,0,0,0,0,0,0,0,0,0,0,0,0,0,0,0,0,19,68,19,68
2021A00052433123,22,114,136.6149,0,0,0,0,0,0,0,0,0,0,0,0,0,0,0,0,0,0,17,50,17,50
2021A00052434007,137,1047,71.9237,2,12,4,18,3,14,0,0,0,0,1,3,0,0,0,0,1,3,23,101,24,107
2021A00052434017,197,2673,121.115,0,0,3,10,4,62,1,5,0,0,1,5,1,9,1,7,2,10,31,392,31,392
2021A00052434025,184,3957,20.1957,1,1,7,48,4,165,0,0,0,0,1,149,1,9,0,0,1,7,19,86,20,235
2021A00052434030,86,946,54.4866,0,0,0,0,1,5,0,0,0,0,0,0,0,0,0,0,0,0,8,38,8,38
2021A00052434038,67,1179,98.8394,0,0,0,0,1,5,0,0,0,0,0,0,0,0,0,0,0,0,17,420,17,420
2021A00052434048,87,1582,109.0974,1,8,2,13,2,80,0,0,0,0,1,75,0,0,0,0,0,0,12,215,13,290
2021A00052434058,83,996,124.0221,0,0,2,59,1,44,1,44,0,0,3,76,0,0,0,0,0,0,13,90,14,105
2021A00052434060,10,114,37.4377,0,0,0,0,0,0,0,0,0,0,0,0,0,0,1,32,1,32,4,40,4,40
2021A00052434065,103,1909,17.2923,1,35,2,12,1,9,1,9,0,0,2,13,1,35,1,14,1,14,15,271,15,271
2021A00052434078,53,582,66.4999,0,0,1,9,0,0,0,0,0,0,0,0,0,0,0,0,0,0,17,137,17,137
2021A00052434085,12,56,51.0008,0,0,0,0,0,0,0,0,0,0,0,0,0,0,0,0,0,0,8,26,8,26
2021A00052434090,68,820,140.72,0,0,0,0,0,0,0,0,0,0,1,19,0,0,2,28,2,28,18,95,18,95
2021A00052434097,32,256,148.4659,1,22,0,0,1,22,0,0,0,0,0,0,1,22,1,7,1,7,10,48,10,48
2021A00052434105,13,139,143.5974,0,0,0,0,0,0,0,0,0,0,1,18,0,0,1,3,1,3,6,34,6,34
2021A00052434115,19,189,141.8048,0,0,1,2,1,2,1,2,0,0,1,2,0,0,0,0,1,5,4,15,4,15
2021A00052434120,17,103,3.7245,0,0,0,0,0,0,0,0,0,0,0,0,0,0,0,0,0,0,1,2,1,2
2021A00052434128,291,4372,666.2015,2,5,3,7,3,7,0,0,0,0,0,0,0,0,2,81,6,100,25,233,25,233
2021A00052434135,22,560,515.6214,0,0,0,0,0,0,0,0,0,0,2,57,0,0,1,32,1,32,6,106,6,106
2021A00052434902,0,0,549.5501,0,0,0,0,0,0,0,0,0,0,0,0,0,0,0,0,0,0,0,0,0,0
2021A00052434904,0,0,429.6207,0,0,0,0,0,0,0,0,0,0,0,0,0,0,0,0,0,0,0,0,0,0
2021A00052434906,0,0,376.6633,0,0,0,0,0,0,0,0,0,0,0,0,0,0,0,0,0,0,0,0,0,0
2021A00052435005,20,124,162.4048,0,0,0,0,0,0,0,0,0,0,0,0,0,0,0,0,0,0,2,8,2,8
2021A00052435010,39,377,269.6977,0,0,0,0,0,0,0,0,0,0,0,0,0,0,0,0,0,0,4,7,4,7
2021A00052435015,29,227,137.0826,1,2,1,2,1,2,0,0,0,0,0,0,0,0,2,63,3,66,13,92,13,92
2021A00052435020,24,296,61.645,0,0,0,0,0,0,0,0,0,0,0,0,0,0,1,70,3,115,12,142,12,142
2021A00052435027,153,2468,91.1012,3,82,2,92,1,72,0,0,0,0,0,0,0,0,1,3,2,6,28,212,28,212
2021A00052435035,40,212,54.7212,0,0,0,0,0,0,0,0,0,0,0,0,0,0,0,0,0,0,7,34,7,34
2021A00052435040,13,91,116.9679,0,0,0,0,0,0,0,0,0,0,0,0,0,0,0,0,0,0,0,0,0,0
2021A00052435045,17,278,144.5224,0,0,0,0,0,0,0,0,0,0,0,0,0,0,1,136,1,136,1,136,1,136
2021A00052435050,71,1115,212.4784,0,0,0,0,1,3,0,0,0,0,0,0,0,0,1,3,2,6,15,58,15,58
2021A00052435055,18,289,597.7625,0,0,0,0,0,0,0,0,0,0,0,0,0,0,0,0,1,3,2,6,2,6
2021A00052435902,0,0,211.5132,0,0,0,0,0,0,0,0,0,0,0,0,0,0,0,0,0,0,0,0,0,0
2021A00052435904,0,0,2016.3511,0,0,0,0,0,0,0,0,0,0,0,0,0,0,0,0,0,0,0,0,0,0
2021A00052435906,0,0,1087.0179,0,0,0,0,0,0,0,0,0,0,0,0,0,0,0,0,0,0,0,0,0,0
2021A00052435908,0,0,22.9529,0,0,0,0,0,0,0,0,0,0,0,0,0,0,0,0,0,0,0,0,0,0
2021A00052436033,1299,21617,729.9827,9,412,31,945,22,545,1,9,0,0,13,454,3,34,4,45,10,71,82,1603,89,1857
2021A00052437067,3714,69958,288.6548,18,484,48,1023,42,897,8,110,0,0,22,525,1,3,10,419,16,516,165,3235,176,3671
2021A00052437205,73,1166,109.284,0,0,2,14,2,15,0,0,0,0,0,0,0,0,0,0,0,0,19,95,19,95
2021A00052437210,28,236,43.2466,0,0,0,0,0,0,0,0,0,0,0,0,0,0,0,0,0,0,5,12,5,12
2021A00052437215,46,904,97.6493,0,0,0,0,1,2,0,0,0,0,0,0,0,0,0,0,0,0,8,42,8,42
2021A00052437220,42,410,58.1732,0,0,0,0,1,3,0,0,0,0,1,3,0,0,0,0,0,0,11,90,12,93
2021A00052437225,20,136,53.7842,1,2,0,0,0,0,0,0,0,0,0,0,0,0,0,0,0,0,6,19,6,19
2021A00052437230,126,918,91.3556,0,0,1,7,1,7,0,0,0,0,1,7,0,0,2,11,3,26,32,100,33,107
2021A00052437235,85,731,128.2904,0,0,0,0,0,0,0,0,0,0,1,17,0,0,1,33,1,33,8,61,8,61
2021A00052437240,60,1106,106.7424,1,3,0,0,1,3,0,0,0,0,1,6,0,0,1,3,1,3,13,178,14,181
2021A00052437245,48,440,89.3762,1,51,1,2,2,53,1,2,0,0,1,2,0,0,1,3,1,3,15,115,15,115
2021A00052437250,32,164,94.1111,0,0,0,0,0,0,0,0,0,0,0,0,0,0,0,0,0,0,9,18,9,18
2021A00052438005,29,151,86.2976,0,0,0,0,0,0,0,0,0,0,0,0,0,0,0,0,0,0,19,48,19,48
2021A00052438010,447,7609,439.5416,5,22,10,712,7,90,0,0,0,0,11,826,0,0,0,0,4,16,90,755,91,1276
2021A00052438015,14,102,69.3042,0,0,0,0,0,0,0,0,0,0,0,0,0,0,0,0,0,0,5,14,5,14
2021A00052438020,6,54,74.6008,0,0,0,0,0,0,0,0,0,0,0,0,0,0,0,0,0,0,4,28,4,28
2021A00052438028,30,314,104.4786,1,8,1,8,1,8,0,0,0,0,0,0,0,0,1,11,1,11,12,64,12,64
2021A00052438035,10,134,87.0228,0,0,0,0,0,0,0,0,0,0,0,0,0,0,0,0,2,5,6,46,6,46
2021A00052438040,26,178,84.0513,0,0,1,21,1,21,1,21,0,0,1,21,0,0,0,0,0,0,11,56,11,56
2021A00052438047,26,581,44.5455,0,0,0,0,2,38,0,0,0,0,2,38,0,0,0,0,0,0,9,38,11,76
2021A00052438055,23,189,35.5784,0,0,0,0,0,0,0,0,0,0,0,0,0,0,0,0,0,0,8,33,8,33
2021A00052438060,14,74,32.3173,0,0,0,0,0,0,0,0,0,0,0,0,0,0,0,0,0,0,8,26,8,26
2021A00052438065,37,323,48.141,0,0,0,0,0,0,0,0,0,0,0,0,0,0,2,68,2,68,8,86,8,86
2021A00052438070,22,457,36.5098,0,0,0,0,0,0,0,0,0,0,0,0,0,0,0,0,0,0,4,12,4,12
2021A00052438802,9,358,0.7381,0,0,0,0,0,0,0,0,0,0,1,2,0,0,0,0,0,0,1,2,1,2
2021A00052439005,8,64,111.402,0,0,0,0,0,0,0,0,0,0,0,0,0,0,0,0,0,0,0,0,0,0
2021A00052439010,47,947,103.983,1,65,2,85,1,65,0,0,0,0,0,0,0,0,0,0,2,26,21,153,21,153
2021A00052439015,7,49,31.0472,0,0,0,0,0,0,0,0,0,0,0,0,0,0,0,0,0,0,1,2,1,2
2021A00052439020,14,98,72.9731,0,0,0,0,0,0,0,0,0,0,0,0,0,0,0,0,0,0,7,40,7,40
2021A00052439025,47,484,169.482,0,0,2,23,1,21,1,21,0,0,1,21,0,0,0,0,2,30,23,172,23,172
2021A00052439030,46,401,116.7155,2,91,3,95,3,95,0,0,0,0,0,0,0,0,0,0,0,0,21,145,21,145
2021A00052439035,21,115,83.7212,1,2,3,11,3,11,2,9,0,0,2,9,0,0,0,0,0,0,9,28,9,28
2021A00052439043,53,335,102.9763,2,6,3,8,2,6,1,2,0,0,2,6,0,0,1,11,1,11,27,83,27,83
2021A00052439060,129,1182,68.9627,0,0,1,6,0,0,0,0,0,0,0,0,0,0,2,18,4,55,19,101,19,101
2021A00052439062,1600,29862,84.3255,14,285,31,633,33,978,3,32,0,0,12,246,5,342,5,76,21,466,124,2317,131,2397
2021A00052439077,208,3301,109.5959,4,99,11,74,8,133,1,9,0,0,5,61,1,46,0,0,0,0,63,891,66,936
2021A00052439085,69,583,69.4311,0,0,0,0,0,0,0,0,0,0,0,0,0,0,0,0,0,0,26,146,26,146
2021A00052439090,26,174,51.8672,0,0,0,0,0,0,0,0,0,0,0,0,0,0,0,0,0,0,18,78,18,78
2021A00052439097,73,2567,69.3614,0,0,1,2,1,2,1,2,0,0,1,2,0,0,1,7,1,7,26,695,26,695
2021A00052439105,29,155,75.861,0,0,0,0,0,0,0,0,0,0,0,0,0,0,0,0,0,0,16,61,16,61
2021A00052439117,43,269,114.655,0,0,0,0,1,10,0,0,0,0,0,0,0,0,0,0,1,3,13,41,13,41
2021A00052439130,28,220,43.2104,0,0,0,0,0,0,0,0,0,0,0,0,0,0,1,7,1,7,10,53,10,53
2021A00052439135,40,272,108.1005,1,12,0,0,0,0,0,0,0,0,0,0,0,0,1,3,1,3,16,64,16,64
2021A00052439145,36,412,109.5317,1,9,0,0,0,0,0,0,0,0,0,0,0,0,0,0,0,0,11,105,11,105
2021A00052439152,67,1402,61.7056,0,0,2,139,5,320,0,0,0,0,1,34,0,0,5,152,6,155,13,544,14,578
2021A00052439165,5,39,23.8183,0,0,0,0,0,0,0,0,0,0,0,0,0,0,1,11,1,11,1,11,1,11
2021A00052439170,43,748,104.3612,1,2,2,62,2,62,1,9,0,0,1,9,0,0,0,0,0,0,19,301,19,301
2021A00052440005,11,73,151.2109,0,0,0,0,0,0,0,0,0,0,0,0,0,0,0,0,0,0,2,6,2,6
2021A00052440010,22,166,98.5174,0,0,0,0,0,0,0,0,0,0,0,0,0,0,0,0,1,3,9,18,9,18
2021A00052440017,51,345,143.1516,0,0,0,0,0,0,0,0,0,0,0,0,0,0,1,14,2,17,21,79,21,79
2021A00052440025,25,203,83.095,0,0,0,0,0,0,0,0,0,0,0,0,0,0,0,0,0,0,9,30,9,30
2021A00052440032,33,191,127.4625,0,0,0,0,0,0,0,0,0,0,0,0,0,0,0,0,1,3,13,32,13,32
2021A00052440043,173,3035,30.2513,1,12,2,5,2,25,0,0,0,0,2,11,1,21,0,0,0,0,13,104,13,104
2021A00052440047,122,1485,151.7295,0,0,5,53,3,22,1,9,0,0,2,48,0,0,2,61,2,61,22,191,22,191
2021A00052441012,22,210,176.9408,0,0,0,0,0,0,0,0,0,0,0,0,0,0,2,82,3,85,7,93,7,93
2021A00052441020,11,117,141.9367,0,0,0,0,0,0,0,0,0,0,0,0,0,0,0,0,1,3,2,6,2,6
2021A00052441027,30,437,204.6123,0,0,0,0,0,0,0,0,0,0,0,0,0,0,0,0,0,0,8,25,8,25
2021A00052441037,0,0,270.628,0,0,0,0,0,0,0,0,0,0,0,0,0,0,0,0,0,0,0,0,0,0
2021A00052441038,232,2341,296.2498,0,0,5,34,4,32,1,5,0,0,2,8,0,0,3,54,6,167,45,327,46,330
2021A00052441055,108,1008,81.6433,2,5,4,14,4,15,1,5,0,0,1,5,0,0,1,3,3,25,17,95,17,95
2021A00052441060,101,2430,7.8394,0,0,2,113,2,52,0,0,0,0,0,0,0,0,3,81,3,81,7,349,7,349
2021A00052441065,36,304,55.61,0,0,1,3,0,0,0,0,0,0,0,0,0,0,0,0,2,8,8,24,8,24
2021A00052441070,29,251,234.1266,0,0,0,0,0,0,0,0,0,0,2,53,0,0,0,0,0,0,8,67,8,67
2021A00052441075,5,19,111.6778,1,6,1,6,1,6,0,0,0,0,0,0,0,0,0,0,0,0,2,9,2,9
2021A00052441080,11,173,11.4448,0,0,1,22,0,0,0,0,0,0,0,0,0,0,0,0,0,0,3,69,3,69
2021A00052441085,22,118,243.0124,0,0,1,1,0,0,0,0,0,0,0,0,0,0,0,0,0,0,6,16,6,16
2021A00052441098,80,1051,215.9455,0,0,1,9,0,0,0,0,0,0,0,0,0,0,3,97,3,97,14,153,14,153
2021A00052441117,39,269,218.0143,0,0,1,3,1,3,0,0,0,0,0,0,0,0,0,0,0,0,8,91,8,91
2021A00052442005,95,932,255.1217,0,0,0,0,1,24,0,0,0,0,1,24,0,0,0,0,0,0,14,115,14,115
2021A00052442020,60,527,97.712,1,72,2,74,2,74,1,2,0,0,1,2,0,0,0,0,0,0,12,118,12,118
2021A00052442025,145,1414,70.2866,3,20,5,32,6,103,0,0,0,0,1,75,1,2,1,32,2,35,12,84,13,159
2021A00052442032,45,315,105.6335,0,0,1,7,1,7,0,0,0,0,0,0,0,0,0,0,1,3,13,40,13,40
2021A00052442040,15,113,60.3623,1,9,1,2,2,11,0,0,0,0,0,0,0,0,0,0,1,3,6,20,6,20
2021A00052442045,18,162,16.7273,0,0,1,3,2,8,0,0,0,0,0,0,1,5,2,57,2,57,5,68,5,68
2021A00052442050,26,202,61.8591,0,0,0,0,0,0,0,0,0,0,0,0,0,0,0,0,0,0,7,27,7,27
2021A00052442055,58,2206,5.4126,0,0,2,54,1,3,1,3,0,0,0,0,0,0,0,0,0,0,4,60,4,60
2021A00052442060,54,848,80.3932,3,134,5,162,3,134,0,0,0,0,0,0,0,0,0,0,0,0,11,78,12,197
2021A00052442065,21,250,61.1013,0,0,1,52,0,0,0,0,0,0,1,52,0,0,0,0,0,0,7,63,7,63
2021A00052442070,3,21,6.107,0,0,0,0,0,0,0,0,0,0,0,0,0,0,0,0,0,0,0,0,0,0
2021A00052442075,29,598,173.9327,1,3,0,0,0,0,0,0,0,0,0,0,0,0,0,0,0,0,9,37,9,37
2021A00052442078,10,62,51.2733,0,0,0,0,0,0,0,0,0,0,0,0,0,0,0,0,0,0,3,10,3,10
2021A00052442088,152,3304,14.5328,3,80,5,160,2,78,0,0,0,0,1,11,0,0,1,54,2,59,16,994,18,1072
2021A00052442095,51,552,91.6864,1,13,1,13,1,13,0,0,0,0,0,0,0,0,0,0,1,3,11,61,11,61
2021A00052442098,104,1946,6.9815,6,405,4,362,4,382,0,0,0,0,1,12,0,0,0,0,1,3,17,260,18,560
2021A00052442100,21,111,118.8463,0,0,0,0,0,0,0,0,0,0,0,0,0,0,0,0,0,0,5,18,5,18
2021A00052442110,27,352,123.5897,1,1,0,0,1,3,0,0,0,0,0,0,0,0,1,3,1,3,13,36,13,36
2021A00052443027,4630,84994,353.3966,40,967,92,2646,80,2617,9,103,0,0,34,727,8,379,7,50,22,562,280,5056,295,5799
2021A00052444003,22,285,131.8306,0,0,0,0,0,0,0,0,0,0,0,0,0,0,1,136,2,139,13,167,13,167
2021A00052444005,5,35,58.7547,0,0,0,0,0,0,0,0,0,0,0,0,0,0,0,0,1,5,2,8,2,8
2021A00052444010,17,234,72.1021,0,0,0,0,0,0,0,0,0,0,0,0,0,0,1,136,1,136,8,167,8,167
2021A00052444015,24,108,166.1533,0,0,0,0,0,0,0,0,0,0,0,0,0,0,0,0,2,5,9,34,9,34
2021A00052444023,23,141,76.5616,0,0,1,2,1,2,0,0,0,0,0,0,0,0,1,14,1,14,10,55,10,55
2021A00052444037,394,7590,219.4496,4,111,6,43,3,20,0,0,0,0,1,15,0,0,2,40,7,780,83,1312,84,1327
2021A00052444045,34,222,99.356,0,0,0,0,0,0,0,0,0,0,0,0,0,0,0,0,0,0,15,50,15,50
2021A00052444050,10,54,114.5358,0,0,0,0,0,0,0,0,0,0,0,0,0,0,0,0,0,0,6,20,6,20
2021A00052444055,32,160,101.8446,1,6,0,0,0,0,0,0,0,0,0,0,0,0,0,0,0,0,14,45,14,45
2021A00052444060,15,97,47.6616,0,0,0,0,0,0,0,0,0,0,0,0,0,0,0,0,0,0,2,6,2,6
2021A00052444071,148,980,206.5839,0,0,1,1,1,3,0,0,0,0,1,6,0,0,1,3,1,3,64,258,64,258
2021A00052444080,72,1888,44.0289,3,265,2,133,4,142,0,0,0,0,1,7,1,2,1,32,2,67,18,402,19,531
2021A00052445008,122,1660,21.9454,0,0,2,9,3,12,0,0,0,0,7,161,0,0,2,10,2,10,24,228,24,228
2021A00052445020,19,169,74.6777,0,0,1,2,1,2,0,0,0,0,2,18,0,0,0,0,0,0,5,30,5,30
2021A00052445025,43,241,113.1965,0,0,1,3,1,3,0,0,0,0,1,4,0,0,0,0,1,3,11,54,11,54
2021A00052445030,82,980,260.7693,0,0,1,7,0,0,0,0,0,0,1,7,0,0,0,0,1,3,8,27,8,27
2021A00052445035,59,1243,5.5313,0,0,3,243,3,112,2,26,0,0,2,26,1,86,1,14,3,23,14,383,14,383
2021A00052445043,21,115,60.429,0,0,0,0,0,0,0,0,0,0,0,0,0,0,0,0,0,0,6,18,6,18
2021A00052445050,53,554,3.3501,0,0,0,0,0,0,0,0,0,0,0,0,0,0,0,0,0,0,3,24,3,24
2021A00052445055,58,730,71.5975,0,0,0,0,0,0,0,0,0,0,1,2,0,0,0,0,0,0,14,135,14,135
2021A00052445060,81,439,86.3434,0,0,0,0,0,0,0,0,0,0,0,0,0,0,0,0,0,0,7,14,7,14
2021A00052445072,959,14605,144.2618,5,14,19,193,14,220,2,11,0,0,8,89,0,0,7,46,12,100,74,896,75,899
2021A00052445080,2,50,2.1779,0,0,0,0,0,0,0,0,0,0,0,0,0,0,0,0,0,0,1,2,1,2
2021A00052445085,40,184,73.578,0,0,1,2,1,2,0,0,0,0,0,0,0,0,0,0,0,0,3,6,3,6
2021A00052445093,103,921,73.5701,0,0,1,15,1,15,0,0,0,0,0,0,0,0,0,0,2,22,4,34,4,34
2021A00052445095,38,254,79.3934,0,0,0,0,1,6,0,0,0,0,1,6,0,0,2,9,3,12,6,39,6,39
2021A00052445100,15,81,47.2668,0,0,0,0,0,0,0,0,0,0,0,0,0,0,0,0,0,0,2,3,2,3
2021A00052445105,27,189,63.1914,0,0,1,5,1,5,0,0,0,0,1,7,0,0,0,0,0,0,4,15,4,15
2021A00052445115,121,1484,136.1392,0,0,2,13,1,4,0,0,0,0,0,0,0,0,0,0,1,5,5,25,5,25
2021A00052446005,14,90,26.7192,0,0,0,0,0,0,0,0,0,0,0,0,0,0,0,0,0,0,1,11,1,11
2021A00052446010,58,625,123.3111,1,3,1,2,1,2,0,0,0,0,0,0,0,0,0,0,0,0,18,191,18,191
2021A00052446017,45,455,83.1598,0,0,0,0,0,0,0,0,0,0,0,0,0,0,1,32,1,32,20,126,20,126
2021A00052446025,32,176,40.7667,0,0,0,0,0,0,0,0,0,0,0,0,0,0,0,0,0,0,7,32,7,32
2021A00052446030,15,153,18.0687,0,0,0,0,0,0,0,0,0,0,0,0,0,0,0,0,0,0,7,19,7,19
2021A00052446035,104,1766,4.2328,2,243,4,17,6,39,1,9,0,0,2,16,0,0,2,17,2,17,22,442,23,449
2021A00052446040,32,515,31.9561,0,0,0,0,1,3,0,0,0,0,2,30,0,0,0,0,0,0,9,199,9,199
2021A00052446045,28,132,49.4129,0,0,0,0,0,0,0,0,0,0,0,0,0,0,0,0,0,0,7,18,7,18
2021A00052446050,142,1426,193.8622,1,8,1,6,0,0,0,0,0,0,0,0,0,0,0,0,1,15,34,285,34,285
2021A00052446058,176,1867,245.688,0,0,4,50,1,3,0,0,0,0,0,0,0,0,0,0,0,0,17,84,17,84
2021A00052446065,16,132,100.9441,0,0,0,0,0,0,0,0,0,0,0,0,0,0,0,0,1,3,3,6,3,6
2021A00052446070,17,115,11.5612,0,0,0,0,0,0,0,0,0,0,0,0,0,0,0,0,0,0,1,9,1,9
2021A00052446075,238,3195,206.899,0,0,0,0,0,0,0,0,0,0,0,0,0,0,2,35,2,35,17,579,17,579
2021A00052446078,506,8291,114.05,3,9,13,635,8,107,2,30,0,0,8,310,0,0,1,6,3,159,43,1038,45,1085
2021A00052446080,453,7835,46.8747,4,39,12,45,11,203,1,2,0,0,5,31,1,22,4,160,5,163,41,555,42,558
2021A00052446085,22,222,5.0197,1,6,0,0,0,0,0,0,0,0,0,0,0,0,0,0,0,0,5,14,5,14
2021A00052446090,54,258,86.917,0,0,0,0,0,0,0,0,0,0,0,0,0,0,1,3,1,3,10,28,10,28
2021A00052446095,35,169,69.4183,0,0,0,0,0,0,0,0,0,0,0,0,0,0,1,14,1,14,18,66,18,66
2021A00052446100,29,171,43.8894,0,0,1,2,1,2,1,2,0,0,1,2,0,0,0,0,0,0,10,36,10,36
2021A00052446105,51,440,55.3264,0,0,0,0,0,0,0,0,0,0,0,0,0,0,2,17,3,167,21,218,21,218
2021A00052446112,246,3787,92.1181,3,39,5,60,4,65,2,80,0,0,1,21,1,22,1,11,7,101,40,391,40,391
2021A00052447010,172,2095,50.1231,2,96,9,103,6,75,0,0,0,0,2,32,0,0,2,14,3,21,39,295,42,351
2021A00052447017,2052,35974,152.6858,19,405,56,1106,33,817,8,148,0,0,17,246,1,22,3,16,8,241,164,2812,169,2870
2021A00052447025,146,2196,12.2329,2,24,8,68,6,46,2,27,0,0,3,19,0,0,2,68,2,68,14,166,16,176
2021A00052447030,9,39,5.4607,0,0,0,0,0,0,0,0,0,0,0,0,0,0,0,0,0,0,1,2,1,2
2021A00052447035,208,1576,117.9909,1,1,1,9,1,22,0,0,0,0,0,0,0,0,0,0,1,3,11,65,11,65
2021A00052447040,41,211,126.913,0,0,0,0,0,0,0,0,0,0,0,0,0,0,0,0,2,6,13,32,13,32
2021A00052447047,137,1151,97.6365,0,0,2,5,3,10,0,0,0,0,1,3,0,0,1,26,2,29,26,127,27,130
2021A00052447055,76,720,72.9599,2,10,3,12,4,17,1,2,0,0,1,2,0,0,1,6,1,6,20,112,20,112
2021A00052448005,26,122,47.0121,0,0,1,3,1,3,1,3,0,0,0,0,0,0,0,0,0,0,11,29,11,29
2021A00052448010,91,892,4.9388,1,2,2,7,3,28,1,5,0,0,2,9,1,21,0,0,1,3,20,199,20,199
2021A00052448015,0,0,148.9338,0,0,0,0,0,0,0,0,0,0,0,0,0,0,0,0,0,0,0,0,0,0
2021A00052448020,29,171,92.1238,0,0,1,2,1,2,0,0,0,0,0,0,0,0,0,0,1,3,15,45,15,45
2021A00052448028,241,3808,91.0058,4,121,4,28,3,33,0,0,0,0,1,3,1,21,1,14,2,49,37,437,37,437
2021A00052448038,109,862,54.7702,0,0,1,2,0,0,0,0,0,0,2,8,0,0,0,0,0,0,40,189,40,189
2021A00052448045,50,306,82.8186,0,0,0,0,0,0,0,0,0,0,0,0,0,0,0,0,0,0,17,64,17,64
2021A00052448050,43,265,58.0381,0,0,1,7,1,7,0,0,0,0,0,0,0,0,0,0,0,0,13,36,13,36
2021A00052449005,52,596,126.2769,0,0,0,0,1,33,0,0,0,0,1,33,0,0,1,54,1,54,19,139,19,139
2021A00052449015,32,208,92.6403,0,0,0,0,0,0,0,0,0,0,0,0,0,0,1,3,1,3,10,26,10,26
2021A00052449020,40,184,66.1808,1,4,2,6,2,6,0,0,0,0,0,0,0,0,1,14,1,14,16,49,16,49
2021A00052449025,42,290,97.5854,0,0,1,2,1,2,1,2,0,0,1,2,0,0,0,0,0,0,10,34,10,34
2021A00052449030,40,260,110.9862,0,0,0,0,0,0,0,0,0,0,1,2,0,0,0,0,0,0,7,72,7,72
2021A00052449040,118,1884,98.6289,3,59,6,99,7,108,0,0,0,0,2,37,1,9,2,143,3,146,34,340,36,380
2021A00052449048,189,3815,87.4676,6,412,12,542,7,139,1,5,0,0,4,37,1,58,1,3,5,114,42,1123,45,1155
2021A00052449058,2321,44320,247.1081,29,1754,62,2245,41,1428,7,139,0,0,17,417,3,292,10,176,15,246,192,4769,197,5009
2021A00052449070,168,1476,110.2041,1,6,6,16,4,31,1,2,0,0,2,19,1,21,0,0,2,17,30,131,30,131
2021A00052449075,79,1196,4.2014,1,1,1,3,0,0,0,0,0,0,0,0,0,0,0,0,0,0,11,97,11,97
2021A00052449080,38,477,87.4894,0,0,1,5,1,5,0,0,0,0,0,0,0,0,0,0,0,0,9,163,9,163
2021A00052449085,48,344,70.7869,1,8,1,8,1,8,0,0,0,0,1,3,0,0,0,0,0,0,22,78,22,78
2021A00052449095,58,422,57.4973,2,44,5,57,3,40,1,5,0,0,1,5,0,0,0,0,0,0,13,72,13,72
2021A00052449100,49,283,48.2935,0,0,1,2,1,2,1,2,0,0,1,2,0,0,0,0,0,0,8,21,8,21
2021A00052449105,49,702,75.8409,0,0,1,2,1,2,0,0,0,0,0,0,0,0,2,59,3,62,12,249,12,249
2021A00052449113,60,759,87.9129,1,4,1,4,1,4,0,0,0,0,0,0,0,0,0,0,0,0,14,41,14,41
2021A00052449125,49,439,78.7206,0,0,1,11,1,11,0,0,0,0,1,56,0,0,1,7,1,7,20,126,20,126
2021A00052449130,18,162,51.2745,0,0,1,1,0,0,0,0,0,0,0,0,0,0,0,0,0,0,8,20,8,20
2021A00052450005,50,514,86.3016,0,0,3,7,3,7,2,4,0,0,2,4,0,0,0,0,0,0,12,38,13,41
2021A00052450013,9,55,26.2005,0,0,1,2,1,2,1,2,0,0,1,2,0,0,0,0,0,0,4,14,4,14
2021A00052450023,49,411,79.5667,0,0,1,47,0,0,0,0,0,0,0,0,0,0,0,0,0,0,18,117,18,117
2021A00052450030,23,388,1.4128,0,0,2,102,1,73,0,0,0,0,0,0,0,0,2,14,2,14,4,116,4,116
2021A00052450035,25,151,76.9924,0,0,0,0,0,0,0,0,0,0,0,0,0,0,1,7,2,14,15,51,15,51
2021A00052450042,90,1967,82.546,3,396,5,409,3,294,0,0,0,0,4,71,0,0,0,0,0,0,22,537,24,579
2021A00052450050,61,483,71.5103,0,0,1,2,0,0,0,0,0,0,1,2,0,0,0,0,0,0,26,68,26,68
2021A00052450057,23,181,58.1023,1,8,2,33,2,33,0,0,0,0,0,0,0,0,0,0,0,0,13,64,13,64
2021A00052450065,19,121,27.2189,0,0,1,9,2,16,1,9,0,0,1,9,0,0,0,0,0,0,7,36,8,43
2021A00052450072,278,5642,96.1132,2,39,5,58,1,36,0,0,0,0,1,2,0,0,1,70,1,70,34,330,34,330
2021A00052450085,22,90,42.6468,0,0,0,0,0,0,0,0,0,0,0,0,0,0,0,0,0,0,13,36,13,36
2021A00052450090,54,338,71.9423,0,0,0,0,0,0,0,0,0,0,0,0,0,0,0,0,1,11,28,103,28,103
2021A00052450095,22,90,40.5339,0,0,0,0,0,0,0,0,0,0,0,0,0,0,0,0,0,0,12,50,12,50
2021A00052450100,64,428,96.7761,0,0,0,0,0,0,0,0,0,0,1,6,0,0,0,0,0,0,30,135,30,135
2021A00052450113,65,1154,77.7065,2,76,2,11,2,11,1,9,0,0,1,9,1,35,0,0,1,3,15,116,15,116
2021A00052450128,55,612,63.8007,1,115,1,2,1,2,0,0,0,0,1,12,1,115,1,14,2,17,9,155,9,155
2021A00052450802,9,207,5.6083,0,0,0,0,0,0,0,0,0,0,0,0,0,0,0,0,0,0,0,0,0,0
2021A00052451008,73,495,73.3118,0,0,0,0,0,0,0,0,0,0,0,0,0,0,0,0,1,33,17,66,17,66
2021A00052451015,320,6213,62.589,3,14,12,526,9,238,0,0,0,0,3,33,1,2,4,112,7,184,45,968,49,1007
2021A00052451020,105,1477,106.3923,1,3,2,334,4,347,0,0,0,0,2,339,0,0,1,6,1,6,23,63,25,402
2021A00052451025,32,319,58.9367,0,0,1,120,1,7,0,0,0,0,1,7,0,0,0,0,0,0,8,158,9,165
2021A00052451030,18,106,31.8506,0,0,0,0,0,0,0,0,0,0,0,0,0,0,0,0,0,0,7,42,7,42
2021A00052451035,32,252,75.973,0,0,0,0,0,0,0,0,0,0,0,0,0,0,0,0,0,0,15,53,15,53
2021A00052451040,44,260,67.8295,0,0,0,0,0,0,0,0,0,0,0,0,0,0,0,0,0,0,14,55,14,55
2021A00052451045,23,145,78.9563,0,0,0,0,0,0,0,0,0,0,0,0,0,0,0,0,0,0,11,25,11,25
2021A00052451050,26,210,52.824,0,0,0,0,0,0,0,0,0,0,0,0,0,0,0,0,0,0,1,3,1,3
2021A00052451055,22,313,37.7345,0,0,1,4,1,4,0,0,0,0,0,0,0,0,0,0,0,0,6,74,6,74
2021A00052451060,55,979,95.4055,0,0,0,0,1,26,0,0,0,0,0,0,0,0,1,26,1,26,10,64,10,64
2021A00052451065,67,1218,1035.7369,0,0,1,20,0,0,0,0,0,0,0,0,0,0,0,0,1,11,7,50,7,50
2021A00052451070,37,307,218.8453,0,0,1,4,1,4,0,0,0,0,0,0,0,0,0,0,0,0,1,4,1,4
2021A00052451075,50,705,116.8406,0,0,1,7,1,7,0,0,0,0,0,0,0,0,1,7,1,7,6,26,6,26
2021A00052451080,34,326,41.9038,0,0,0,0,0,0,0,0,0,0,1,4,0,0,0,0,0,0,2,6,2,6
2021A00052451085,134,1221,107.415,4,12,2,5,1,2,0,0,0,0,0,0,0,0,1,14,1,14,20,195,20,195
2021A00052451090,127,1455,104.5372,1,2,3,16,1,11,0,0,0,0,0,0,0,0,1,33,1,33,12,76,12,76
2021A00052452007,430,5236,68.22,0,0,1,2,1,3,0,0,0,0,1,3,0,0,0,0,4,65,26,306,26,306
2021A00052452017,158,2007,102.7361,3,67,3,74,7,339,0,0,0,0,3,216,0,0,0,0,0,0,23,256,25,439
2021A00052452030,52,288,82.9957,0,0,1,5,1,5,0,0,0,0,1,12,0,0,0,0,0,0,23,73,23,73
2021A00052452035,281,5363,6.7711,2,25,7,117,7,94,1,5,0,0,2,11,0,0,1,6,4,87,35,540,35,540
2021A00052452040,0,0,67.0273,0,0,0,0,0,0,0,0,0,0,0,0,0,0,0,0,0,0,0,0,0,0
2021A00052452045,34,242,31.9011,0,0,0,0,0,0,0,0,0,0,0,0,0,0,1,26,1,26,4,33,4,33
2021A00052452050,11,49,28.146,0,0,0,0,0,0,0,0,0,0,0,0,0,0,0,0,0,0,5,9,5,9
2021A00052452055,67,617,105.3601,0,0,0,0,0,0,0,0,0,0,0,0,0,0,1,7,1,7,16,48,16,48
2021A00052452062,65,890,131.7194,0,0,0,0,0,0,0,0,0,0,0,0,0,0,0,0,0,0,29,235,29,235
2021A00052452070,34,286,74.6025,1,1,0,0,0,0,0,0,0,0,0,0,0,0,0,0,0,0,9,31,9,31
2021A00052452075,13,75,15.3417,0,0,0,0,0,0,0,0,0,0,0,0,0,0,0,0,0,0,4,9,4,9
2021A00052452080,0,0,2.8068,0,0,0,0,0,0,0,0,0,0,0,0,0,0,0,0,0,0,0,0,0,0
2021A00052452085,172,2135,99.2277,3,29,1,44,3,83,1,44,0,0,2,46,1,12,2,13,3,16,29,274,29,274
2021A00052452090,24,100,99.5995,0,0,0,0,0,0,0,0,0,0,0,0,0,0,0,0,0,0,5,11,5,11
2021A00052452095,61,439,318.2133,0,0,0,0,0,0,0,0,0,0,0,0,0,0,0,0,0,0,3,9,3,9
2021A00052453005,36,172,92.9735,0,0,1,2,1,2,1,2,0,0,1,2,0,0,0,0,0,0,19,56,19,56
2021A00052453010,25,203,1.5496,0,0,0,0,0,0,0,0,0,0,1,3,0,0,0,0,0,0,6,30,6,30
2021A00052453015,19,129,60.5343,0,0,0,0,0,0,0,0,0,0,0,0,0,0,0,0,0,0,9,24,9,24
2021A00052453020,52,500,64.9665,0,0,0,0,0,0,0,0,0,0,1,12,0,0,2,6,2,6,13,44,13,44
2021A00052453025,65,579,75.2632,0,0,0,0,0,0,0,0,0,0,0,0,0,0,1,7,1,7,8,23,8,23
2021A00052453032,65,662,59.2299,0,0,1,15,2,106,0,0,0,0,1,15,0,0,0,0,0,0,13,127,14,142
2021A00052453040,52,364,34.439,0,0,1,5,0,0,0,0,0,0,0,0,0,0,0,0,0,0,5,37,5,37
2021A00052453050,15,552,1.3577,0,0,1,34,2,346,0,0,0,0,2,346,0,0,0,0,0,0,1,312,2,346
2021A00052453052,877,17025,57.2759,2,28,7,61,7,134,2,30,0,0,8,352,1,27,1,33,3,119,34,663,37,748
2021A00052453065,41,327,36.4103,0,0,0,0,0,0,0,0,0,0,0,0,0,0,0,0,0,0,2,2,2,2
2021A00052453072,38,286,72.8169,0,0,2,4,2,4,1,2,0,0,1,2,0,0,0,0,0,0,10,23,10,23
2021A00052453085,12,108,38.3159,0,0,0,0,0,0,0,0,0,0,0,0,0,0,0,0,0,0,7,23,7,23
2021A00052454008,181,2038,107.4232,1,55,12,495,5,86,3,69,0,0,5,75,0,0,0,0,6,175,57,774,57,774
2021A00052454017,126,2229,79.6519,0,0,1,4,1,4,0,0,0,0,2,15,0,0,0,0,3,301,37,624,37,624
2021A00052454025,189,1683,5.363,1,1,0,0,1,14,0,0,0,0,1,14,1,1,0,0,3,13,28,108,28,108
2021A00052454030,0,0,50.0366,0,0,0,0,0,0,0,0,0,0,0,0,0,0,0,0,0,0,0,0,0,0
2021A00052454035,125,1349,94.3939,0,0,0,0,0,0,0,0,0,0,0,0,0,0,0,0,0,0,25,188,25,188
2021A00052454048,1846,39835,188.8511,13,393,34,977,34,805,3,111,0,0,13,289,1,46,7,77,17,175,173,2938,180,3234
2021A00052454060,115,1005,70.5252,0,0,2,4,3,39,0,0,0,0,1,35,0,0,1,70,1,70,29,197,30,232
2021A00052454065,110,914,106.9223,2,2,4,42,5,57,2,10,0,0,2,10,1,43,2,6,3,13,42,180,42,180
2021A00052454072,100,876,73.8236,1,1,1,2,1,11,0,0,0,0,0,0,0,0,1,11,1,11,20,73,20,73
2021A00052454090,58,550,69.0489,0,0,2,5,1,3,0,0,0,0,0,0,0,0,0,0,0,0,17,51,17,51
2021A00052454095,88,1211,72.4097,1,2,2,17,2,17,0,0,0,0,1,15,0,0,0,0,0,0,20,45,21,60
2021A00052454100,63,401,84.641,0,0,2,5,2,5,0,0,0,0,1,3,0,0,0,0,0,0,21,49,22,52
2021A00052454105,52,384,57.1977,1,8,2,10,2,10,0,0,0,0,0,0,0,0,1,3,1,3,18,66,18,66
2021A00052454110,53,626,77.3341,0,0,0,0,1,5,0,0,0,0,2,11,0,0,0,0,0,0,14,40,14,40
2021A00052454115,31,181,66.0502,0,0,0,0,0,0,0,0,0,0,0,0,0,0,2,6,2,6,9,27,9,27
2021A00052454120,33,259,47.2102,0,0,0,0,0,0,0,0,0,0,0,0,0,0,0,0,0,0,9,32,9,32
2021A00052454125,27,221,51.2721,0,0,0,0,0,0,0,0,0,0,0,0,0,0,0,0,0,0,9,30,9,30
2021A00052455008,125,1934,90.213,1,6,1,6,3,37,0,0,0,0,0,0,0,0,1,26,1,26,42,263,42,263
2021A00052455015,134,1836,79.6045,2,93,2,5,4,105,0,0,0,0,1,3,2,96,1,6,2,9,40,397,41,400
2021A00052455023,199,3408,83.062,3,17,4,57,4,90,1,2,0,0,1,35,0,0,0,0,0,0,35,402,37,440
2021A00052455030,51,425,44.7964,0,0,1,1,0,0,0,0,0,0,0,0,0,0,0,0,0,0,13,42,13,42
2021A00052455037,122,2628,43.9103,0,0,1,72,1,72,0,0,0,0,1,72,0,0,1,3,1,3,26,313,27,385
2021A00052455048,311,4491,63.2313,5,37,11,516,12,730,4,339,0,0,3,350,2,19,0,0,2,6,36,1026,36,1026
2021A00052455057,176,2889,30.9643,0,0,2,341,2,341,0,0,0,0,0,0,0,0,1,70,3,88,11,104,12,443
2021A00052455065,140,1023,47.0229,2,97,1,6,2,97,0,0,0,0,0,0,1,91,0,0,1,7,11,145,11,145
2021A00052456005,60,492,13.1275,0,0,0,0,0,0,0,0,0,0,0,0,0,0,0,0,0,0,2,7,2,7
2021A00052456010,23,109,63.0581,0,0,0,0,0,0,0,0,0,0,0,0,0,0,0,0,0,0,7,28,7,28
2021A00052456015,31,321,44.278,0,0,0,0,0,0,0,0,0,0,0,0,0,0,0,0,0,0,8,31,8,31
2021A00052456023,101,1305,49.411,2,133,3,148,3,148,0,0,0,0,0,0,0,0,0,0,1,15,13,170,13,170
2021A00052456030,19,97,39.2719,0,0,0,0,0,0,0,0,0,0,0,0,0,0,0,0,0,0,10,42,10,42
2021A00052456035,69,690,29.8486,0,0,0,0,0,0,0,0,0,0,0,0,0,0,0,0,1,3,7,27,7,27
2021A00052456042,63,780,64.824,0,0,0,0,0,0,0,0,0,0,2,15,0,0,0,0,0,0,20,99,20,99
2021A00052456050,34,190,63.2938,0,0,0,0,0,0,0,0,0,0,0,0,0,0,0,0,0,0,12,32,12,32
2021A00052456055,89,706,76.2689,1,10,0,0,1,10,1,10,0,0,0,0,0,0,0,0,0,0,30,103,30,103
2021A00052456060,62,378,44.6529,1,2,1,2,1,2,0,0,0,0,0,0,0,0,0,0,1,7,13,42,13,42
2021A00052456065,75,477,69.5351,0,0,0,0,0,0,0,0,0,0,1,12,0,0,0,0,0,0,17,72,17,72
2021A00052456083,2764,45887,226.9333,18,459,37,1411,31,1351,5,133,0,0,16,412,2,80,8,276,19,577,166,3472,171,3664
2021A00052456097,122,1468,79.8295,0,0,1,2,1,2,0,0,0,0,1,12,0,0,1,3,1,3,24,263,24,263
2021A00052456105,69,522,70.515,0,0,0,0,1,3,0,0,0,0,1,3,0,0,0,0,1,3,18,65,19,68
2021A00052457005,853,12212,25.0809,5,28,23,513,14,237,2,6,0,0,11,254,0,0,1,11,7,76,48,711,53,850
2021A00052457010,411,3400,62.0694,4,74,5,29,4,26,0,0,0,0,0,0,0,0,1,6,1,6,16,115,17,130
2021A00052457020,373,4036,35.8423,1,1,3,7,2,5,0,0,0,0,0,0,0,0,1,3,1,3,19,49,19,49
2021A00052457025,132,1203,3.1176,0,0,2,5,1,2,0,0,0,0,0,0,0,0,0,0,0,0,3,8,3,8
2021A00052457030,176,1028,5.3726,0,0,1,3,0,0,0,0,0,0,1,7,0,0,0,0,1,3,4,16,4,16
2021A00052457033,126,1616,72.3625,0,0,1,21,1,21,1,21,0,0,1,21,0,0,0,0,0,0,20,214,20,214
2021A00052457035,631,7651,44.0831,1,2,5,33,8,46,0,0,0,0,1,7,0,0,2,36,3,39,25,226,26,233
2021A00052457040,784,12389,24.3772,9,434,10,174,7,151,0,0,0,0,2,75,4,348,0,0,4,16,34,786,37,866
2021A00052457045,243,3201,39.3941,3,6,12,144,11,170,0,0,0,0,4,45,0,0,0,0,3,115,32,397,33,431
2021A00052457050,95,517,60.9211,0,0,0,0,0,0,0,0,0,0,0,0,0,0,0,0,2,5,12,48,12,48
2021A00052457057,90,594,64.9136,0,0,2,3,2,3,1,2,0,0,1,2,0,0,0,0,0,0,16,52,16,52
2021A00052457068,88,967,84.64,0,0,1,2,1,2,0,0,0,0,0,0,0,0,0,0,0,0,16,85,16,85
2021A00052457075,56,420,65.6656,1,5,1,5,0,0,0,0,0,0,0,0,0,0,0,0,0,0,10,45,10,45
2021A00052458007,2821,46539,45.1915,8,173,17,279,10,109,0,0,0,0,10,52,2,14,2,39,4,88,51,553,55,580
2021A00052458012,824,9134,7.5623,2,14,4,46,3,46,0,0,0,0,1,6,1,10,0,0,0,0,11,143,12,177
2021A00052458033,1732,42412,71.0215,20,895,56,1580,33,1102,6,163,0,0,16,604,1,22,3,24,14,309,132,3579,137,3878
2021A00052458037,989,22091,42.848,11,623,23,1319,13,881,1,21,0,0,6,201,0,0,3,36,4,182,46,1681,50,1896
2021A00052458227,5606,95931,115.7677,30,1037,89,3411,61,1991,6,62,0,0,36,899,4,127,2,6,14,169,225,5229,241,5930
2021A00052459010,877,13355,48.4919,8,185,19,529,17,429,4,23,0,0,5,65,1,21,0,0,4,186,42,732,46,960
2021A00052459015,277,2305,36.7712,3,11,3,12,3,12,0,0,0,0,1,4,1,5,0,0,0,0,19,82,19,82
2021A00052459020,643,13481,94.7985,4,80,15,375,12,298,2,41,0,0,16,685,0,0,1,3,2,6,46,1203,51,1355
2021A00052459025,168,1883,72.6326,3,10,5,18,3,10,0,0,0,0,0,0,0,0,1,14,2,21,25,115,25,115
2021A00052459030,31,185,32.2045,0,0,1,3,1,3,0,0,0,0,1,3,0,0,0,0,0,0,5,8,6,11
2021A00052459035,222,4254,62.1981,2,6,2,6,5,615,0,0,0,0,7,643,0,0,0,0,0,0,16,686,16,686
2021A00052460005,101,1652,2.1685,0,0,1,15,1,15,0,0,0,0,1,15,0,0,0,0,0,0,0,0,1,15
2021A00052460013,2123,28242,61.517,2,97,25,616,26,766,6,350,0,0,8,415,1,91,3,47,12,289,78,1057,81,1104
2021A00052460020,124,836,36.172,0,0,2,10,1,7,0,0,0,0,2,11,0,0,0,0,1,3,12,32,13,39
2021A00052460028,687,9175,98.7365,6,78,12,207,13,217,2,7,0,0,3,14,0,0,5,102,9,221,57,532,58,539
2021A00052460037,237,1986,56.5656,1,1,2,5,2,5,0,0,0,0,1,3,0,0,0,0,0,0,21,120,22,123
2021A00052461005,152,1631,49.1138,0,0,2,24,4,10,0,0,0,0,0,0,0,0,2,6,2,6,19,79,19,79
2021A00052461013,79,1316,25.0615,0,0,0,0,0,0,0,0,0,0,0,0,0,0,0,0,0,0,3,529,3,529
2021A00052461020,19,169,9.68,0,0,0,0,1,15,0,0,0,0,1,15,0,0,0,0,0,0,4,18,5,33
2021A00052461025,968,20908,22.9646,8,652,11,160,13,211,1,10,0,0,2,21,1,35,4,32,5,39,44,1235,45,1242
2021A00052461027,135,2312,94.5704,1,8,2,11,6,116,0,0,0,0,1,7,0,0,1,3,2,6,22,179,24,189
2021A00052461030,238,2957,18.103,0,0,3,27,3,26,1,21,0,0,1,21,1,2,1,3,2,6,10,54,10,54
2021A00052461035,370,5502,18.4831,1,3,3,9,3,9,0,0,0,0,1,3,0,0,0,0,1,35,6,70,8,76
2021A00052461040,152,1260,67.732,0,0,0,0,0,0,0,0,0,0,0,0,0,0,1,7,2,42,24,119,24,119
2021A00052461045,78,466,35.5944,0,0,3,6,4,12,2,4,0,0,3,6,0,0,1,6,1,6,8,17,8,17
2021A00052461050,101,994,76.1029,0,0,2,6,1,26,0,0,0,0,0,0,0,0,2,40,3,47,20,108,20,108
2021A00052462007,263,3290,88.3995,4,31,5,56,7,124,0,0,0,0,1,35,1,2,0,0,2,10,47,226,49,276
2021A00052462015,168,1897,109.4905,0,0,0,0,1,3,0,0,0,0,0,0,0,0,2,6,4,16,16,52,16,52
2021A00052462020,53,307,82.9647,0,0,0,0,0,0,0,0,0,0,0,0,0,0,0,0,0,0,3,15,3,15
2021A00052462025,81,639,97.5401,0,0,1,3,1,3,0,0,0,0,0,0,0,0,0,0,2,6,5,12,5,12
2021A00052462030,44,292,34.5245,0,0,0,0,0,0,0,0,0,0,0,0,0,0,1,3,1,3,4,10,4,10
2021A00052462037,354,4388,185.3816,0,0,4,40,2,36,1,21,0,0,1,21,0,0,1,7,3,13,34,118,35,133
2021A00052462047,89,823,286.0549,0,0,0,0,0,0,0,0,0,0,0,0,0,0,1,68,2,71,4,73,4,73
2021A00052462053,28,208,48.7107,0,0,0,0,0,0,0,0,0,0,0,0,0,0,0,0,0,0,1,1,1,1
2021A00052462055,29,255,248.5758,0,0,1,2,0,0,0,0,0,0,0,0,0,0,0,0,0,0,3,5,3,5
2021A00052462060,196,1967,350.1659,0,0,0,0,0,0,0,0,0,0,0,0,0,0,1,3,1,3,4,61,4,61
2021A00052462065,98,1132,164.8876,0,0,1,2,1,2,0,0,0,0,0,0,0,0,0,0,2,5,7,61,7,61
2021A00052462070,50,462,150.0817,0,0,1,3,1,3,0,0,0,0,1,3,0,0,2,35,2,35,4,38,5,41
2021A00052462075,60,524,252.275,0,0,1,4,1,2,0,0,0,0,0,0,0,0,0,0,1,3,8,27,8,27
2021A00052462080,51,429,460.405,0,0,0,0,0,0,0,0,0,0,0,0,0,0,0,0,2,6,2,6,2,6
2021A00052462085,128,1766,493.9209,0,0,1,3,1,3,0,0,0,0,0,0,0,0,1,136,1,136,5,144,5,144
2021A00052462802,11,588,8.0262,0,0,0,0,0,0,0,0,0,0,0,0,0,0,0,0,0,0,0,0,0,0
2021A00052462902,0,0,80.5914,0,0,0,0,0,0,0,0,0,0,0,0,0,0,0,0,0,0,0,0,0,0
2021A00052462904,0,0,100.7068,0,0,0,0,0,0,0,0,0,0,0,0,0,0,0,0,0,0,0,0,0,0
2021A00052462906,0,0,1938.1802,0,0,0,0,0,0,0,0,0,0,0,0,0,0,0,0,0,0,0,0,0,0
2021A00052462908,1,3,759.1217,0,0,0,0,0,0,0,0,0,0,0,0,0,0,0,0,0,0,0,0,0,0
2021A00052462910,0,0,693.5758,0,0,0,0,0,0,0,0,0,0,0,0,0,0,0,0,0,0,0,0,0,0
2021A00052462912,0,0,752.7845,0,0,0,0,0,0,0,0,0,0,0,0,0,0,0,0,0,0,0,0,0,0
2021A00052462914,0,0,224.7785,0,0,0,0,0,0,0,0,0,0,0,0,0,0,0,0,0,0,0,0,0,0
2021A00052462916,0,0,12.2082,0,0,0,0,0,0,0,0,0,0,0,0,0,0,0,0,0,0,0,0,0,0
2021A00052462918,0,0,1261.6557,0,0,0,0,0,0,0,0,0,0,0,0,0,0,0,0,0,0,0,0,0,0
2021A00052462919,0,0,4.7001,0,0,0,0,0,0,0,0,0,0,0,0,0,0,0,0,0,0,0,0,0,0
2021A00052462920,0,0,527.584,0,0,0,0,0,0,0,0,0,0,0,0,0,0,0,0,0,0,0,0,0,0
2021A00052462922,0,0,5.8621,0,0,0,0,0,0,0,0,0,0,0,0,0,0,0,0,0,0,0,0,0,0
2021A00052463005,40,256,33.7936,0,0,0,0,0,0,0,0,0,0,1,6,0,0,0,0,0,0,11,28,11,28
2021A00052463013,176,1942,67.1696,2,13,3,149,3,66,0,0,0,0,0,0,1,10,1,7,2,10,32,253,32,253
2021A00052463023,79,939,43.0085,1,8,2,10,2,10,0,0,0,0,0,0,0,0,1,26,1,26,25,84,25,84
2021A00052463030,121,2026,54.1881,1,14,1,2,1,2,0,0,0,0,0,0,0,0,0,0,0,0,30,200,30,200
2021A00052463035,273,3602,80.0608,0,0,9,96,8,79,1,5,0,0,8,67,0,0,3,62,7,130,47,392,52,449
2021A00052463040,16,124,20.1439,0,0,0,0,0,0,0,0,0,0,0,0,0,0,0,0,0,0,9,19,9,19
2021A00052463048,580,6096,118.2861,1,2,5,31,7,151,2,19,0,0,2,19,0,0,3,123,6,166,36,351,36,351
2021A00052463055,121,1105,142.626,1,3,0,0,0,0,0,0,0,0,0,0,0,0,0,0,1,150,2,153,2,153
2021A00052463060,277,2660,99.4201,0,0,3,32,3,16,0,0,0,0,2,10,0,0,1,6,2,21,18,83,20,93
2021A00052463065,66,741,50.8811,1,96,1,96,0,0,0,0,0,0,0,0,0,0,0,0,0,0,15,123,15,123
2021A00052464008,3384,48010,153.7581,22,386,64,1335,63,1931,8,95,0,0,29,1018,6,137,10,458,25,916,189,2698,207,3846
2021A00052464015,1397,16407,106.8932,3,8,17,87,14,72,1,2,0,0,5,18,1,5,4,46,8,62,49,276,54,299
2021A00052465005,12228,198284,246.1349,51,1395,158,5052,104,3204,13,141,0,0,58,1993,9,572,13,70,46,604,471,8483,495,10253
2021A00052466007,234,9084,12.1514,1,4,5,513,9,436,1,75,0,0,12,629,0,0,0,0,0,0,28,1240,32,1348
2021A00052466023,52873,1071934,364.7362,241,6895,687,17460,428,10096,50,685,0,0,253,4408,16,258,36,585,146,3337,2071,40621,2170,43157
2021A00052466032,1599,20525,4.0441,1,2,3,9,2,4,0,0,0,0,2,16,1,2,0,0,1,75,24,167,24,167
2021A00052466047,206,1573,1.3684,0,0,2,7,1,4,0,0,0,0,0,0,0,0,0,0,0,0,4,14,4,14
2021A00052466058,936,8756,7.0363,1,6,4,10,2,4,0,0,0,0,0,0,0,0,0,0,0,0,14,44,14,44
2021A00052466062,382,2116,1.7942,0,0,0,0,0,0,0,0,0,0,0,0,0,0,0,0,0,0,1,2,1,2
2021A00052466072,1613,23284,7.5459,6,137,18,232,8,99,0,0,0,0,4,38,0,0,0,0,0,0,50,1091,52,1095
2021A00052466087,1118,34654,20.9131,12,404,38,2662,21,948,3,333,0,0,7,363,0,0,4,67,11,175,92,3403,93,3437
2021A00052466092,0,0,0.1939,0,0,0,0,0,0,0,0,0,0,0,0,0,0,0,0,0,0,0,0,0,0
2021A00052466097,1442,33761,18.91,10,332,41,1969,22,967,5,255,0,0,22,848,0,0,0,0,3,325,93,4081,99,4363
2021A00052466102,752,14154,9.6485,3,59,13,573,7,99,3,62,0,0,6,92,0,0,0,0,2,22,24,940,24,940
2021A00052466107,474,3823,11.0309,2,14,4,20,3,16,1,2,0,0,0,0,0,0,0,0,0,0,9,39,9,39
2021A00052466112,205,7003,6.0333,6,207,11,630,14,657,4,67,0,0,9,307,1,2,1,7,2,41,30,1395,34,1670
2021A00052466117,145,3894,10.4558,3,197,5,267,3,25,0,0,0,0,1,8,0,0,0,0,0,0,9,279,9,279
2021A00052466127,33,678,7.4457,1,22,0,0,1,22,0,0,0,0,0,0,1,22,0,0,0,0,5,32,5,32
2021A00052466142,1234,14547,14.9843,5,58,15,115,7,45,2,24,0,0,3,29,0,0,0,0,0,0,34,459,34,459
2021A00052467005,75,592,31.4115,1,2,0,0,1,2,0,0,0,0,0,0,1,2,0,0,0,0,8,183,8,183
2021A00052467010,191,1755,61.9572,1,3,2,5,2,5,1,2,0,0,1,2,0,0,0,0,0,0,16,58,16,58
2021A00052467015,762,8927,43.4704,5,45,10,84,8,159,2,25,0,0,3,39,1,10,0,0,1,3,21,206,24,246
2021A00052467020,570,11894,17.2739,4,130,8,204,5,285,3,119,0,0,6,246,0,0,0,0,0,0,26,1587,27,1736
2021A00052467025,379,5519,7.6433,3,35,13,279,14,298,3,18,0,0,11,195,0,0,3,343,8,587,44,807,47,956
2021A00052467030,358,5554,9.3696,2,7,6,69,10,186,0,0,0,0,5,118,1,5,1,3,2,10,15,550,20,675
2021A00052467035,576,7458,57.0617,1,23,4,46,1,18,0,0,0,0,0,0,0,0,1,3,2,6,24,404,24,404
2021A00052467040,121,1581,52.2871,1,3,3,30,5,46,0,0,0,0,0,0,0,0,2,42,2,42,23,180,23,180
2021A00052467045,355,4158,45.9629,1,3,4,13,4,30,0,0,0,0,0,0,2,24,1,3,1,3,23,104,23,104
2021A00052467050,1041,16088,34.3061,1,22,12,328,14,388,3,228,0,0,6,285,2,24,1,7,5,23,38,599,41,656
2021A00052467055,78,746,10.3619,1,2,0,0,1,2,0,0,0,0,0,0,1,2,0,0,0,0,2,14,2,14
2021A00052467802,60,2559,49.3362,0,0,0,0,0,0,0,0,0,0,0,0,0,0,0,0,0,0,3,15,3,15
2021A00052468005,73,810,113.3562,0,0,0,0,1,6,0,0,0,0,0,0,0,0,2,114,2,114,22,159,22,159
2021A00052468010,37,447,1.0689,0,0,0,0,0,0,0,0,0,0,0,0,0,0,0,0,0,0,0,0,0,0
2021A00052468015,67,1023,157.2238,0,0,1,90,0,0,0,0,0,0,0,0,0,0,1,3,1,3,19,192,19,192
2021A00052468020,90,2278,78.2055,0,0,0,0,0,0,0,0,0,0,0,0,0,0,0,0,0,0,9,18,9,18
2021A00052468025,118,2338,92.5509,0,0,0,0,0,0,0,0,0,0,0,0,0,0,0,0,1,3,22,93,22,93
2021A00052468030,158,2533,4.5001,0,0,0,0,0,0,0,0,0,0,2,64,0,0,1,3,2,18,11,203,11,203
2021A00052468035,107,1188,97.7526,2,18,2,24,4,31,1,7,0,0,1,12,0,0,2,37,2,37,20,104,20,104
2021A00052468040,71,553,67.1845,0,0,0,0,0,0,0,0,0,0,1,27,0,0,0,0,0,0,14,52,14,52
2021A00052468045,70,562,52.6816,0,0,1,2,2,5,0,0,0,0,1,3,0,0,0,0,0,0,16,33,16,33
2021A00052468050,167,2127,59.8226,0,0,0,0,0,0,0,0,0,0,1,67,0,0,0,0,0,0,16,107,16,107
2021A00052468055,313,5861,78.1759,1,8,5,31,4,47,0,0,0,0,3,39,0,0,0,0,2,38,36,298,37,301
2021A00052469005,31,285,88.6954,0,0,0,0,0,0,0,0,0,0,0,0,0,0,0,0,0,0,8,121,8,121
2021A00052469010,62,944,112.3273,1,3,2,7,2,7,0,0,0,0,0,0,0,0,0,0,0,0,27,196,27,196
2021A00052469017,102,1507,100.198,0,0,1,2,2,13,0,0,0,0,1,12,0,0,1,11,2,46,23,117,23,117
2021A00052469025,57,295,0.9604,0,0,0,0,0,0,0,0,0,0,0,0,0,0,0,0,0,0,17,67,17,67
2021A00052469030,0,0,97.1638,0,0,0,0,0,0,0,0,0,0,0,0,0,0,0,0,0,0,0,0,0,0
2021A00052469037,135,1524,142.2364,0,0,0,0,0,0,0,0,0,0,1,2,0,0,2,10,2,10,21,75,21,75
2021A00052469045,48,440,148.359,1,3,1,3,1,3,0,0,0,0,0,0,0,0,0,0,0,0,16,93,16,93
2021A00052469050,17,75,69.3508,0,0,0,0,0,0,0,0,0,0,0,0,0,0,0,0,1,3,9,24,9,24
2021A00052469055,98,1336,2.7657,1,3,4,81,4,81,1,3,0,0,0,0,0,0,1,14,2,87,12,191,12,191
2021A00052469060,39,265,138.6553,0,0,1,2,0,0,0,0,0,0,0,0,0,0,0,0,0,0,18,56,18,56
2021A00052469065,61,319,40.137,0,0,0,0,0,0,0,0,0,0,1,6,0,0,0,0,0,0,7,22,7,22
2021A00052469070,85,763,135.0312,0,0,0,0,1,75,0,0,0,0,1,75,0,0,0,0,0,0,22,73,23,148
2021A00052469075,8,56,68.4072,1,6,1,6,1,6,0,0,0,0,0,0,0,0,0,0,0,0,6,21,6,21
2021A00052469802,7,767,23.7926,0,0,0,0,0,0,0,0,0,0,0,0,0,0,0,0,0,0,0,0,0,0
2021A00052470005,59,517,53.2803,0,0,0,0,0,0,0,0,0,0,1,3,0,0,0,0,2,38,20,79,20,79
2021A00052470012,198,2383,63.0572,0,0,2,9,2,9,1,2,0,0,1,2,0,0,0,0,3,17,30,200,31,207
2021A00052470022,306,4959,68.2196,3,27,5,44,2,7,1,5,0,0,5,198,1,3,1,11,1,11,23,282,23,282
2021A00052470030,43,233,40.6276,0,0,0,0,0,0,0,0,0,0,1,3,0,0,0,0,1,7,8,26,8,26
2021A00052470035,85,1066,77.0425,1,11,2,14,2,14,0,0,0,0,0,0,0,0,0,0,1,350,23,487,23,487
2021A00052470040,71,489,57.6943,0,0,1,3,1,3,0,0,0,0,0,0,0,0,0,0,1,3,11,34,11,34
2021A00052470052,1115,20397,108.5597,3,121,10,320,12,512,1,201,0,0,7,419,0,0,3,70,10,176,61,1300,64,1357
2021A00052471005,94,678,18.4812,0,0,1,7,0,0,0,0,0,0,0,0,0,0,0,0,1,32,5,57,5,57
2021A00052471015,28,160,60.095,0,0,0,0,0,0,0,0,0,0,0,0,0,0,0,0,0,0,7,25,7,25
2021A00052471020,92,1171,69.8793,0,0,1,4,0,0,0,0,0,0,1,12,0,0,0,0,0,0,19,121,19,121
2021A00052471025,182,1851,25.0446,0,0,0,0,0,0,0,0,0,0,0,0,0,0,0,0,1,3,5,19,5,19
2021A00052471033,137,1179,11.636,1,3,4,84,2,10,0,0,0,0,1,71,0,0,0,0,0,0,6,33,7,104
2021A00052471040,221,3513,46.8741,1,10,1,4,3,18,1,10,0,0,1,3,1,5,0,0,0,0,24,307,24,307
2021A00052471045,76,540,39.3178,0,0,0,0,1,35,0,0,0,0,2,41,0,0,0,0,0,0,13,27,14,62
2021A00052471050,209,2140,77.6283,1,2,3,37,2,30,0,0,0,0,1,15,0,0,1,26,2,61,19,121,21,151
2021A00052471055,18,122,2.7441,0,0,0,0,0,0,0,0,0,0,0,0,0,0,0,0,0,0,0,0,0,0
2021A00052471060,237,2939,5.4637,0,0,0,0,0,0,0,0,0,0,0,0,0,0,0,0,0,0,5,10,5,10
2021A00052471065,246,3268,28.0579,5,32,5,23,6,36,1,2,0,0,2,5,2,5,0,0,0,0,17,74,18,86
2021A00052471070,227,2572,7.0985,0,0,1,4,1,4,0,0,0,0,0,0,0,0,0,0,0,0,1,4,1,4
2021A00052471075,30,329,1.0587,0,0,0,0,0,0,0,0,0,0,0,0,0,0,0,0,0,0,1,6,1,6
2021A00052471083,1442,22113,72.654,7,73,27,666,14,154,2,11,0,0,7,208,1,2,2,37,4,87,66,1414,66,1414
2021A00052471090,35,205,1.3845,1,2,1,2,1,2,0,0,0,0,0,0,0,0,0,0,0,0,3,10,3,10
2021A00052471095,4,16,0.5859,0,0,0,0,0,0,0,0,0,0,0,0,0,0,0,0,0,0,0,0,0,0
2021A00052471100,199,1609,21.7864,0,0,1,2,1,2,0,0,0,0,0,0,0,0,0,0,0,0,6,20,6,20
2021A00052471105,627,4559,66.8615,1,2,6,24,4,12,1,2,0,0,2,6,0,0,2,20,6,36,28,145,28,145
2021A00052471110,59,513,79.5995,0,0,0,0,0,0,0,0,0,0,0,0,0,0,0,0,0,0,11,27,11,27
2021A00052471115,40,204,84.5866,0,0,2,14,1,9,1,9,0,0,1,9,0,0,1,3,1,3,11,49,11,49
2021A00052471125,25,127,26.0566,0,0,0,0,0,0,0,0,0,0,0,0,0,0,0,0,0,0,3,8,3,8
2021A00052471133,265,3938,99.2028,0,0,3,14,2,35,1,2,0,0,1,2,0,0,0,0,0,0,23,211,23,211
2021A00052471140,27,165,8.0908,0,0,0,0,0,0,0,0,0,0,0,0,0,0,0,0,0,0,2,4,2,4
2021A00052472005,1480,27294,70.514,9,723,25,272,18,180,3,11,0,0,12,155,1,548,7,125,10,182,102,2087,105,2171
2021A00052472010,257,2457,6.0774,0,0,1,2,1,2,0,0,0,0,0,0,0,0,0,0,2,6,6,18,6,18
2021A00052472015,317,2864,8.7312,0,0,2,7,3,42,0,0,0,0,1,35,0,0,0,0,1,3,6,15,7,50
2021A00052472020,112,1206,4.5923,0,0,0,0,0,0,0,0,0,0,0,0,0,0,0,0,0,0,2,5,2,5
2021A00052472025,280,2606,41.2187,2,5,5,16,4,14,0,0,0,0,0,0,0,0,1,3,3,17,38,428,38,428
2021A00052472032,173,2280,56.9904,0,0,0,0,0,0,0,0,0,0,0,0,0,0,0,0,0,0,23,207,23,207
2021A00052472043,60,523,42.8875,0,0,0,0,0,0,0,0,0,0,0,0,0,0,0,0,0,0,12,80,12,80
2021A00052472802,0,0,11.8635,0,0,0,0,0,0,0,0,0,0,0,0,0,0,0,0,0,0,0,0,0,0
2021A00052473005,1038,22132,27.6736,11,617,26,1587,14,913,2,8,0,0,6,123,2,96,2,10,5,174,87,2963,91,3351
2021A00052473010,766,13276,9.4799,1,548,7,25,3,20,0,0,0,0,0,0,1,548,2,25,6,64,31,997,31,997
2021A00052473015,1977,25961,54.9693,11,130,36,476,31,371,4,10,0,0,17,163,2,14,7,76,10,141,91,1144,97,1271
2021A00052473020,674,8799,10.6844,0,0,1,3,1,3,0,0,0,0,2,10,0,0,1,3,2,6,7,22,7,22
2021A00052473025,274,1890,5.9024,0,0,2,22,2,22,0,0,0,0,0,0,0,0,0,0,0,0,6,19,8,41
2021A00052473030,241,3716,4.3643,5,112,9,174,7,108,1,9,0,0,5,53,0,0,0,0,0,0,18,270,21,341
2021A00052473035,390,4513,93.4449,3,10,5,22,7,100,0,0,0,0,2,92,0,0,1,31,2,34,35,465,36,540
2021A00052474005,2090,33447,484.0947,7,154,39,2441,38,454,8,85,0,0,14,135,4,62,13,173,21,229,216,3987,218,4025
2021A00052475005,473,3098,92.705,0,0,4,14,3,8,1,2,0,0,1,2,0,0,0,0,2,24,9,45,9,45
2021A00052475017,2122,38087,90.18,14,900,28,775,25,864,5,131,0,0,13,160,3,449,9,353,20,983,96,2757,101,2853
2021A00052475028,473,3809,111.2001,1,3,6,30,6,30,2,4,0,0,3,5,0,0,1,14,4,23,26,100,27,115
2021A00052475040,406,3631,34.291,2,5,7,32,5,27,0,0,0,0,3,16,0,0,1,3,1,3,17,66,19,80
2021A00052475045,259,2143,119.5023,0,0,2,5,4,11,0,0,0,0,2,6,0,0,2,6,2,6,6,73,8,79
2021A00052476008,80,560,97.6893,0,0,0,0,0,0,0,0,0,0,0,0,0,0,0,0,0,0,13,38,13,38
2021A00052476020,435,7477,108.6579,0,0,6,128,4,104,0,0,0,0,2,61,0,0,3,49,7,250,23,582,25,650
2021A00052476025,40,184,90.0416,0,0,0,0,0,0,0,0,0,0,0,0,0,0,0,0,0,0,3,5,3,5
2021A00052476030,49,319,58.7292,0,0,0,0,1,6,0,0,0,0,0,0,0,0,1,6,1,6,4,17,4,17
2021A00052476035,21,115,85.0305,0,0,1,3,1,3,0,0,0,0,0,0,0,0,0,0,0,0,1,3,1,3
2021A00052476043,160,1722,244.4638,0,0,0,0,1,3,0,0,0,0,2,38,0,0,2,6,2,6,20,102,20,102
2021A00052476052,44,727,313.6059,0,0,0,0,0,0,0,0,0,0,0,0,0,0,0,0,1,7,5,49,5,49
2021A00052476055,45,690,2.8172,0,0,1,2,1,2,0,0,0,0,0,0,0,0,0,0,0,0,2,5,2,5
2021A00052476065,18,182,233.6532,0,0,0,0,0,0,0,0,0,0,0,0,0,0,0,0,0,0,2,10,2,10
2021A00052477011,15,260,12.6235,0,0,0,0,0,0,0,0,0,0,0,0,0,0,0,0,0,0,0,0,0,0
2021A00052477012,106,838,91.5561,0,0,1,3,2,5,0,0,0,0,1,3,1,2,0,0,0,0,2,6,3,9
2021A00052477022,438,4573,119.6712,0,0,0,0,0,0,0,0,0,0,0,0,0,0,0,0,4,38,9,50,9,50
2021A00052477030,148,1906,24.3614,0,0,1,7,0,0,0,0,0,0,1,7,0,0,0,0,0,0,5,16,5,16
2021A00052477035,127,969,24.6456,0,0,1,2,1,2,0,0,0,0,0,0,0,0,1,3,1,3,4,8,4,8
2021A00052477043,587,8155,47.6174,2,6,2,6,0,0,0,0,0,0,1,3,0,0,0,0,0,0,10,67,10,67
2021A00052477050,173,1657,55.9556,1,6,4,32,3,13,0,0,0,0,0,0,0,0,0,0,2,18,9,59,9,59
2021A00052477055,8,52,8.8842,0,0,0,0,0,0,0,0,0,0,0,0,0,0,0,0,0,0,1,1,1,1
2021A00052477060,24,216,152.8684,0,0,0,0,0,0,0,0,0,0,0,0,0,0,0,0,0,0,0,0,0,0
2021A00052477065,109,803,135.7993,0,0,0,0,1,3,0,0,0,0,0,0,0,0,1,3,2,8,3,9,3,9
2021A00052478005,102,928,39.1986,0,0,2,3,0,0,0,0,0,0,1,2,0,0,0,0,1,3,6,19,6,19
2021A00052478010,176,2046,42.6648,0,0,1,4,0,0,0,0,0,0,0,0,0,0,0,0,1,3,7,34,7,34
2021A00052478015,27,189,48.1853,0,0,0,0,0,0,0,0,0,0,0,0,0,0,0,0,0,0,0,0,0,0
2021A00052478020,44,244,108.9764,0,0,0,0,0,0,0,0,0,0,0,0,0,0,0,0,0,0,3,17,3,17
2021A00052478032,435,8224,129.1008,1,3,4,46,4,55,0,0,0,0,0,0,0,0,1,11,1,11,14,147,14,147
2021A00052478042,8,120,29.3002,0,0,1,17,1,17,0,0,0,0,0,0,0,0,0,0,0,0,1,17,1,17
2021A00052478047,135,1656,120.2147,0,0,1,2,0,0,0,0,0,0,0,0,0,0,1,68,3,74,13,151,13,151
2021A00052478050,2,18,17.7224,0,0,0,0,0,0,0,0,0,0,0,0,0,0,0,0,0,0,0,0,0,0
2021A00052478055,17,67,117.7123,0,0,1,6,0,0,0,0,0,0,0,0,0,0,0,0,0,0,1,6,1,6
2021A00052478060,23,205,63.4481,0,0,0,0,0,0,0,0,0,0,0,0,0,0,0,0,0,0,2,6,2,6
2021A00052478065,25,306,56.7235,0,0,0,0,0,0,0,0,0,0,0,0,0,0,0,0,0,0,0,0,0,0
2021A00052478070,38,286,227.8618,0,0,1,6,0,0,0,0,0,0,0,0,0,0,2,10,2,10,4,18,4,18
2021A00052478075,47,281,35.7827,0,0,0,0,0,0,0,0,0,0,0,0,0,0,0,0,1,3,8,23,8,23
2021A00052478095,52,356,365.9786,0,0,1,3,0,0,0,0,0,0,0,0,0,0,0,0,0,0,2,4,2,4
2021A00052478100,14,126,126.6983,0,0,0,0,0,0,0,0,0,0,0,0,0,0,0,0,0,0,0,0,0,0
2021A00052478102,659,9875,233.7483,0,0,2,48,1,3,0,0,0,0,1,3,0,0,0,0,5,14,21,103,21,103
2021A00052478115,58,374,127.3686,0,0,0,0,0,0,0,0,0,0,0,0,0,0,1,7,1,7,7,28,7,28
2021A00052478120,75,784,196.6871,0,0,0,0,0,0,0,0,0,0,0,0,0,0,0,0,1,3,6,44,6,44
2021A00052478127,5,19,20.6158,0,0,0,0,0,0,0,0,0,0,0,0,0,0,0,0,0,0,1,2,1,2
2021A00052478130,33,287,274.9229,0,0,0,0,0,0,0,0,0,0,0,0,0,0,0,0,1,3,4,6,4,6
2021A00052478802,0,0,74.6165,0,0,0,0,0,0,0,0,0,0,0,0,0,0,0,0,0,0,0,0,0,0
2021A00052479005,39,524,849.1017,0,0,0,0,0,0,0,0,0,0,1,2,0,0,0,0,0,0,1,2,1,2
2021A00052479010,18,182,259.895,0,0,0,0,1,3,0,0,0,0,0,0,0,0,2,35,2,35,2,35,2,35
2021A00052479015,16,120,71.7292,0,0,0,0,0,0,0,0,0,0,0,0,0,0,0,0,1,3,5,20,5,20
2021A00052479022,23,149,161.6065,0,0,0,0,0,0,0,0,0,0,1,31,0,0,0,0,2,6,5,41,5,41
2021A00052479025,30,174,337.5294,0,0,0,0,0,0,0,0,0,0,0,0,0,0,1,14,1,14,10,38,10,38
2021A00052479030,71,604,303.8917,0,0,0,0,0,0,0,0,0,0,0,0,0,0,0,0,1,3,4,9,4,9
2021A00052479037,143,2751,451.4285,0,0,1,2,1,2,0,0,0,0,0,0,0,0,4,69,8,113,14,136,14,136
2021A00052479047,22,198,161.4206,0,0,0,0,0,0,0,0,0,0,0,0,0,0,0,0,0,0,1,1,1,1
2021A00052479050,26,314,334.8214,0,0,0,0,0,0,0,0,0,0,0,0,0,0,0,0,0,0,3,72,3,72
2021A00052479060,15,101,171.8838,0,0,1,2,1,2,0,0,0,0,0,0,0,0,0,0,1,3,3,7,3,7
2021A00052479065,26,134,298.6398,0,0,0,0,0,0,0,0,0,0,0,0,0,0,0,0,1,5,3,8,3,8
2021A00052479078,76,751,144.3036,0,0,1,4,1,4,0,0,0,0,0,0,0,0,1,13,4,22,8,35,8,35
2021A00052479088,636,9639,587.4203,2,5,4,51,2,19,0,0,0,0,0,0,0,0,4,103,6,158,42,442,42,442
2021A00052479097,110,1193,786.1937,0,0,0,0,0,0,0,0,0,0,0,0,0,0,1,136,4,169,10,200,10,200
2021A00052479105,10,46,170.7236,0,0,0,0,0,0,0,0,0,0,0,0,0,0,0,0,0,0,1,3,1,3
2021A00052479110,12,96,138.1579,0,0,0,0,0,0,0,0,0,0,0,0,0,0,0,0,0,0,4,9,4,9
2021A00052479115,26,146,320.7324,0,0,0,0,0,0,0,0,0,0,0,0,0,0,0,0,0,0,1,2,1,2
2021A00052479902,0,0,50.2698,0,0,0,0,0,0,0,0,0,0,0,0,0,0,0,0,0,0,0,0,0,0
2021A00052479904,0,0,7.5427,0,0,0,0,0,0,0,0,0,0,0,0,0,0,0,0,0,0,0,0,0,0
2021A00052479906,0,0,4.1316,0,0,0,0,0,0,0,0,0,0,0,0,0,0,0,0,0,0,0,0,0,0
2021A00052479910,1,15,1536.2205,0,0,0,0,0,0,0,0,0,0,0,0,0,0,0,0,0,0,0,0,0,0
2021A00052479912,0,0,1530.4417,0,0,0,0,0,0,0,0,0,0,0,0,0,0,0,0,0,0,0,0,0,0
2021A00052479914,0,0,1667.8545,0,0,0,0,0,0,0,0,0,0,0,0,0,0,0,0,0,0,0,0,0,0
2021A00052479916,0,0,472.8843,0,0,0,0,0,0,0,0,0,0,0,0,0,0,0,0,0,0,0,0,0,0
2021A00052479920,0,0,890.1492,0,0,0,0,0,0,0,0,0,0,0,0,0,0,0,0,0,0,0,0,0,0
2021A00052479922,0,0,1957.992,0,0,0,0,0,0,0,0,0,0,0,0,0,0,0,0,0,0,0,0,0,0
2021A00052479924,0,0,339.2974,0,0,0,0,0,0,0,0,0,0,0,0,0,0,0,0,0,0,0,0,0,0
2021A00052479926,0,0,803.5891,0,0,0,0,0,0,0,0,0,0,0,0,0,0,0,0,0,0,0,0,0,0
2021A00052480005,16,104,12.5223,0,0,0,0,0,0,0,0,0,0,0,0,0,0,1,33,2,36,3,38,3,38
2021A00052480010,53,642,8.5961,0,0,0,0,0,0,0,0,0,0,0,0,0,0,0,0,0,0,3,7,3,7
2021A00052480015,7,49,258.3557,0,0,0,0,0,0,0,0,0,0,0,0,0,0,0,0,0,0,1,2,1,2
2021A00052480020,16,168,105.9594,0,0,0,0,0,0,0,0,0,0,0,0,0,0,0,0,0,0,3,11,3,11
2021A00052480027,134,1717,137.3352,2,59,2,61,2,59,0,0,0,0,0,0,0,0,0,0,0,0,15,95,15,95
2021A00052480037,85,1026,61.1298,0,0,0,0,1,26,0,0,0,0,0,0,0,0,2,166,2,166,7,173,7,173
2021A00052480045,35,265,36.2063,0,0,0,0,0,0,0,0,0,0,0,0,0,0,0,0,0,0,5,12,5,12
2021A00052480050,67,777,6.65,0,0,0,0,0,0,0,0,0,0,1,19,0,0,1,68,1,68,5,123,5,123
2021A00052480055,8,28,62.1417,0,0,0,0,0,0,0,0,0,0,0,0,0,0,0,0,0,0,4,15,4,15
2021A00052480060,26,150,57.392,0,0,0,0,0,0,0,0,0,0,0,0,0,0,0,0,1,3,5,9,5,9
2021A00052480065,15,81,72.5092,0,0,0,0,1,11,0,0,0,0,0,0,0,0,1,11,1,11,1,11,1,11
2021A00052480070,7,65,84.3352,0,0,0,0,0,0,0,0,0,0,0,0,0,0,0,0,0,0,3,4,3,4
2021A00052480078,40,260,129.9314,0,0,0,0,0,0,0,0,0,0,0,0,0,0,1,3,2,6,9,25,9,25
2021A00052480085,5,15,289.5161,0,0,0,0,0,0,0,0,0,0,0,0,0,0,0,0,0,0,0,0,0,0
2021A00052480090,22,110,246.1244,0,0,0,0,0,0,0,0,0,0,0,0,0,0,0,0,0,0,0,0,0,0
2021A00052480095,24,128,95.6519,0,0,0,0,0,0,0,0,0,0,0,0,0,0,0,0,0,0,0,0,0,0
2021A00052480103,44,694,65.8274,0,0,0,0,0,0,0,0,0,0,0,0,0,0,1,130,2,145,4,149,4,149
2021A00052480110,17,191,56.1683,0,0,0,0,0,0,0,0,0,0,0,0,0,0,1,32,2,43,2,43,2,43
2021A00052480115,2,18,134.0822,0,0,0,0,0,0,0,0,0,0,0,0,0,0,0,0,0,0,0,0,0,0
2021A00052480125,11,121,55.6753,0,0,0,0,0,0,0,0,0,0,0,0,0,0,0,0,0,0,1,2,1,2
2021A00052480130,18,98,150.9456,0,0,0,0,0,0,0,0,0,0,0,0,0,0,0,0,0,0,0,0,0,0
2021A00052480135,18,178,427.3178,0,0,0,0,0,0,0,0,0,0,0,0,0,0,0,0,0,0,1,2,1,2
2021A00052480140,22,246,222.674,0,0,0,0,0,0,0,0,0,0,0,0,0,0,0,0,0,0,1,3,1,3
2021A00052480145,18,154,126.3993,0,0,0,0,0,0,0,0,0,0,0,0,0,0,0,0,0,0,0,0,0,0
2021A00052481017,4892,89839,341.8414,8,37,34,326,21,235,2,7,0,0,14,519,0,0,8,89,25,379,132,2550,140,2699
2021A00052482005,170,1549,216.0507,0,0,0,0,1,15,0,0,0,0,1,15,0,0,2,34,2,34,10,67,11,82
2021A00052482010,18,158,113.3346,2,5,2,5,2,5,0,0,0,0,0,0,0,0,0,0,0,0,4,10,4,10
2021A00052482015,261,2543,434.7658,0,0,0,0,0,0,0,0,0,0,0,0,0,0,1,3,2,6,13,59,13,59
2021A00052482020,266,2520,126.1214,0,0,0,0,0,0,0,0,0,0,0,0,0,0,0,0,0,0,2,32,2,32
2021A00052482025,179,2907,112.6505,0,0,0,0,0,0,0,0,0,0,0,0,0,0,0,0,1,3,5,15,5,15
2021A00052482030,101,683,445.2693,0,0,1,2,1,2,0,0,0,0,0,0,0,0,2,6,2,6,9,20,9,20
2021A00052482035,201,2654,577.183,0,0,0,0,1,6,0,0,0,0,0,0,0,0,1,6,3,12,17,40,17,40
2021A00052483005,3,53,177.3312,0,0,0,0,0,0,0,0,0,0,0,0,0,0,0,0,0,0,0,0,0,0
2021A00052483010,22,178,257.7819,0,0,0,0,0,0,0,0,0,0,0,0,0,0,1,7,1,7,4,11,4,11
2021A00052483015,24,176,172.9119,0,0,0,0,0,0,0,0,0,0,0,0,0,0,1,14,2,17,3,20,3,20
2021A00052483020,17,187,205.7083,0,0,0,0,0,0,0,0,0,0,0,0,0,0,0,0,0,0,2,3,2,3
2021A00052483032,76,764,380.9417,0,0,1,3,1,3,0,0,0,0,1,3,0,0,0,0,0,0,2,3,3,6
2021A00052483040,10,257,382.4877,0,0,0,0,0,0,0,0,0,0,0,0,0,0,0,0,0,0,0,0,0,0
2021A00052483045,14,98,72.9707,0,0,0,0,0,0,0,0,0,0,0,0,0,0,0,0,0,0,1,2,1,2
2021A00052483050,23,113,122.0948,0,0,0,0,0,0,0,0,0,0,0,0,0,0,0,0,0,0,3,4,3,4
2021A00052483055,9,103,60.6814,0,0,0,0,1,11,0,0,0,0,0,0,0,0,2,43,2,43,2,43,2,43
2021A00052483060,45,359,110.1053,0,0,0,0,0,0,0,0,0,0,0,0,0,0,0,0,2,6,3,12,3,12
2021A00052483065,199,4685,5.6683,2,20,2,9,2,20,1,10,0,0,0,0,1,10,2,206,4,226,10,280,10,280
2021A00052483070,51,297,248.2622,0,0,0,0,0,0,0,0,0,0,0,0,0,0,0,0,4,13,6,17,6,17
2021A00052483075,32,443,49.8217,0,0,0,0,0,0,0,0,0,0,0,0,0,0,0,0,0,0,2,125,2,125
2021A00052483085,8,92,71.5604,0,0,0,0,0,0,0,0,0,0,0,0,0,0,0,0,1,5,1,5,1,5
2021A00052483088,22,253,354.6412,0,0,0,0,0,0,0,0,0,0,0,0,0,0,0,0,0,0,3,10,3,10
2021A00052483090,22,154,212.8173,0,0,0,0,0,0,0,0,0,0,0,0,0,0,0,0,1,3,4,11,4,11
2021A00052483095,52,356,351.6287,0,0,1,2,1,2,0,0,0,0,0,0,0,0,0,0,0,0,2,3,2,3
2021A00052483802,14,162,195.0643,0,0,1,3,0,0,0,0,0,0,0,0,0,0,0,0,0,0,1,3,1,3
2021A00052483804,0,0,0.3622,0,0,0,0,0,0,0,0,0,0,0,0,0,0,0,0,0,0,0,0,0,0
2021A00052483902,2,225,5061.5355,0,0,0,0,0,0,0,0,0,0,0,0,0,0,0,0,0,0,0,0,0,0
2021A00052483904,0,0,480.8823,0,0,0,0,0,0,0,0,0,0,0,0,0,0,0,0,0,0,0,0,0,0
2021A00052483906,0,0,1934.3065,0,0,0,0,0,0,0,0,0,0,0,0,0,0,0,0,0,0,0,0,0,0
2021A00052483908,0,0,1144.8052,0,0,0,0,0,0,0,0,0,0,0,0,0,0,0,0,0,0,0,0,0,0
2021A00052483912,0,0,308.1193,0,0,0,0,0,0,0,0,0,0,0,0,0,0,0,0,0,0,0,0,0,0
2021A00052484005,18,154,206.1901,0,0,0,0,0,0,0,0,0,0,0,0,0,0,1,7,1,7,6,47,6,47
2021A00052484010,109,1528,5.3781,0,0,0,0,0,0,0,0,0,0,0,0,0,0,0,0,0,0,14,55,14,55
2021A00052484015,0,0,330.4569,0,0,0,0,0,0,0,0,0,0,0,0,0,0,0,0,0,0,0,0,0,0
2021A00052484020,3,33,4.2199,0,0,0,0,0,0,0,0,0,0,0,0,0,0,0,0,0,0,0,0,0,0
2021A00052484025,16,88,3.5815,0,0,0,0,0,0,0,0,0,0,0,0,0,0,0,0,0,0,0,0,0,0
2021A00052484030,32,424,3.4218,0,0,1,9,0,0,0,0,0,0,0,0,0,0,0,0,1,7,2,16,2,16
2021A00052484035,9,47,130.5496,0,0,0,0,0,0,0,0,0,0,0,0,0,0,0,0,0,0,0,0,0,0
2021A00052484040,0,0,198.5684,0,0,0,0,0,0,0,0,0,0,0,0,0,0,0,0,0,0,0,0,0,0
2021A00052484045,7,57,173.0864,0,0,0,0,0,0,0,0,0,0,0,0,0,0,0,0,1,3,1,3,1,3
2021A00052484050,2,30,308.9149,0,0,0,0,0,0,0,0,0,0,0,0,0,0,0,0,0,0,0,0,0,0
2021A00052484055,16,112,454.7042,0,0,0,0,0,0,0,0,0,0,0,0,0,0,0,0,0,0,0,0,0,0
2021A00052484060,22,290,2.9558,0,0,0,0,0,0,0,0,0,0,0,0,0,0,0,0,0,0,0,0,0,0
2021A00052484065,53,929,466.6144,0,0,0,0,0,0,0,0,0,0,0,0,0,0,1,32,2,35,2,35,2,35
2021A00052484070,3,25,360.1923,0,0,0,0,0,0,0,0,0,0,0,0,0,0,0,0,0,0,0,0,0,0
2021A00052484082,23,161,185.9366,0,0,0,0,0,0,0,0,0,0,0,0,0,0,0,0,0,0,1,7,1,7
2021A00052484090,2,10,218.7397,0,0,0,0,0,0,0,0,0,0,0,0,0,0,0,0,0,0,0,0,0,0
2021A00052484095,2,22,565.4251,0,0,0,0,0,0,0,0,0,0,0,0,0,0,0,0,0,0,0,0,0,0
2021A00052484100,7,61,238.9036,0,0,0,0,0,0,0,0,0,0,0,0,0,0,0,0,0,0,0,0,0,0
2021A00052484902,0,0,8966.5255,0,0,0,0,0,0,0,0,0,0,0,0,0,0,0,0,0,0,0,0,0,0
2021A00052485005,69,2055,710.8368,0,0,0,0,0,0,0,0,0,0,0,0,0,0,1,498,2,509,6,982,6,982
2021A00052485010,9,127,35.5823,0,0,0,0,0,0,0,0,0,0,0,0,0,0,0,0,1,11,1,11,1,11
2021A00052485015,30,146,190.2907,0,0,0,0,0,0,0,0,0,0,0,0,0,0,0,0,4,10,11,32,11,32
2021A00052485020,22,138,496.2812,0,0,0,0,0,0,0,0,0,0,0,0,0,0,1,32,1,32,5,46,5,46
2021A00052485025,151,3196,5.8332,0,0,3,20,1,2,0,0,0,0,0,0,0,0,1,130,1,130,6,154,6,154
2021A00052485030,47,357,91.4888,0,0,0,0,0,0,0,0,0,0,0,0,0,0,0,0,1,3,5,17,5,17
2021A00052485037,52,444,87.9109,0,0,0,0,0,0,0,0,0,0,0,0,0,0,0,0,2,6,10,31,10,31
2021A00052485045,40,332,125.7672,0,0,0,0,1,6,0,0,0,0,0,0,0,0,1,6,1,6,11,38,11,38
2021A00052485052,26,258,400.8341,0,0,0,0,0,0,0,0,0,0,0,0,0,0,0,0,0,0,6,41,6,41
2021A00052485055,8,36,157.115,0,0,0,0,0,0,0,0,0,0,0,0,0,0,0,0,0,0,2,7,2,7
2021A00052485060,7,45,270.1134,0,0,0,0,0,0,0,0,0,0,0,0,0,0,0,0,0,0,2,5,2,5
2021A00052485065,5,31,544.4921,0,0,0,0,0,0,0,0,0,0,0,0,0,0,0,0,0,0,1,6,1,6
2021A00052485070,6,46,436.7838,0,0,0,0,0,0,0,0,0,0,0,0,0,0,0,0,0,0,1,1,1,1
2021A00052485075,6,26,340.3129,0,0,0,0,0,0,0,0,0,0,0,0,0,0,0,0,0,0,1,3,1,3
2021A00052485085,17,131,109.5249,0,0,0,0,0,0,0,0,0,0,0,0,0,0,0,0,0,0,9,38,9,38
2021A00052485090,47,839,74.3402,1,24,1,2,0,0,0,0,0,0,1,6,0,0,0,0,1,5,8,98,8,98
2021A00052485095,12,48,188.5192,0,0,0,0,0,0,0,0,0,0,0,0,0,0,0,0,1,3,7,24,7,24
2021A00052485100,17,79,371.4929,0,0,0,0,0,0,0,0,0,0,0,0,0,0,0,0,0,0,7,17,7,17
2021A00052485105,8,48,894.0519,0,0,0,0,0,0,0,0,0,0,0,0,0,0,0,0,1,3,4,11,4,11
2021A00052485802,5,59,0.5696,0,0,0,0,0,0,0,0,0,0,0,0,0,0,0,0,0,0,0,0,0,0
2021A00052485803,0,0,1.3021,0,0,0,0,0,0,0,0,0,0,0,0,0,0,0,0,0,0,0,0,0,0
2021A00052485804,8,211,0.3306,0,0,0,0,0,0,0,0,0,0,0,0,0,0,0,0,1,3,3,6,3,6
2021A00052485806,0,0,18.3922,0,0,0,0,0,0,0,0,0,0,0,0,0,0,0,0,0,0,0,0,0,0
2021A00052485905,2,10,408.2,0,0,0,0,0,0,0,0,0,0,0,0,0,0,0,0,0,0,0,0,0,0
2021A00052485907,0,0,10366.8902,0,0,0,0,0,0,0,0,0,0,0,0,0,0,0,0,0,0,0,0,0,0
2021A00052486042,1252,26772,5963.5671,3,78,10,149,14,158,0,0,0,0,10,983,1,2,3,37,10,78,51,1315,56,1415
2021A00052487005,17,167,121.1731,0,0,0,0,0,0,0,0,0,0,0,0,0,0,0,0,2,5,2,5,2,5
2021A00052487010,6,30,173.7323,0,0,0,0,0,0,0,0,0,0,0,0,0,0,0,0,0,0,0,0,0,0
2021A00052487015,6,54,120.0202,0,0,0,0,0,0,0,0,0,0,0,0,0,0,0,0,0,0,2,14,2,14
2021A00052487020,7,69,73.6053,0,0,0,0,0,0,0,0,0,0,0,0,0,0,0,0,0,0,2,5,2,5
2021A00052487025,42,410,117.8652,0,0,0,0,0,0,0,0,0,0,0,0,0,0,0,0,1,3,10,71,10,71
2021A00052487030,26,361,110.0363,0,0,0,0,0,0,0,0,0,0,0,0,0,0,0,0,0,0,8,20,8,20
2021A00052487035,14,118,168.1932,0,0,0,0,0,0,0,0,0,0,0,0,0,0,0,0,2,5,4,19,4,19
2021A00052487042,23,113,246.9699,0,0,0,0,0,0,0,0,0,0,0,0,0,0,0,0,0,0,1,3,1,3
2021A00052487050,8,76,142.2199,0,0,0,0,0,0,0,0,0,0,0,0,0,0,0,0,0,0,0,0,0,0
2021A00052487058,62,1045,202.0454,1,26,2,31,1,26,0,0,0,0,0,0,0,0,0,0,2,5,9,52,9,52
2021A00052487070,8,60,68.1498,0,0,0,0,0,0,0,0,0,0,0,0,0,0,0,0,0,0,1,2,1,2
2021A00052487075,8,52,99.174,0,0,0,0,0,0,0,0,0,0,0,0,0,0,0,0,0,0,2,9,2,9
2021A00052487080,9,111,97.6277,0,0,0,0,1,30,0,0,0,0,0,0,0,0,0,0,0,0,2,32,2,32
2021A00052487085,19,181,122.4316,0,0,1,3,1,21,0,0,0,0,0,0,1,21,0,0,2,10,6,39,6,39
2021A00052487090,316,6233,148.3591,0,0,3,130,2,108,0,0,0,0,1,311,0,0,4,385,9,431,23,1053,23,1053
2021A00052487095,7,33,133.5506,0,0,0,0,0,0,0,0,0,0,0,0,0,0,0,0,0,0,2,5,2,5
2021A00052487100,7,45,278.0526,0,0,0,0,0,0,0,0,0,0,0,0,0,0,0,0,1,5,1,5,1,5
2021A00052487105,2,18,109.393,0,0,0,0,0,0,0,0,0,0,0,0,0,0,0,0,0,0,0,0,0,0
2021A00052487110,6,38,156.6644,0,0,0,0,0,0,0,0,0,0,0,0,0,0,0,0,0,0,0,0,0,0
2021A00052487115,14,94,55.2524,0,0,0,0,0,0,0,0,0,0,0,0,0,0,0,0,0,0,2,27,2,27
2021A00052487120,0,0,99.8052,0,0,0,0,0,0,0,0,0,0,0,0,0,0,0,0,0,0,0,0,0,0
2021A00052487902,0,0,113.6576,0,0,0,0,0,0,0,0,0,0,0,0,0,0,0,0,0,0,0,0,0,0
2021A00052487904,0,0,354.4711,0,0,0,0,0,0,0,0,0,0,0,0,0,0,0,0,0,0,0,0,0,0
2021A00052488005,6,22,241.3186,0,0,0,0,0,0,0,0,0,0,0,0,0,0,0,0,0,0,0,0,0,0
2021A00052488010,7,37,183.6308,0,0,0,0,0,0,0,0,0,0,1,2,0,0,0,0,0,0,2,4,2,4
2021A00052488015,2,18,407.3513,0,0,0,0,0,0,0,0,0,0,0,0,0,0,0,0,0,0,0,0,0,0
2021A00052488022,56,596,493.0389,0,0,0,0,1,15,0,0,0,0,1,15,0,0,1,26,2,33,5,64,6,79
2021A00052488030,18,182,308.1339,0,0,0,0,0,0,0,0,0,0,1,65,0,0,0,0,0,0,1,65,1,65
2021A00052488035,25,534,275.9254,0,0,0,0,0,0,0,0,0,0,0,0,0,0,1,317,1,317,3,326,3,326
2021A00052488040,27,169,80.7915,0,0,0,0,0,0,0,0,0,0,0,0,0,0,0,0,0,0,2,4,2,4
2021A00052488045,13,95,175.4838,0,0,0,0,0,0,0,0,0,0,1,9,0,0,0,0,0,0,1,9,1,9
2021A00052488050,23,320,105.8617,0,0,0,0,0,0,0,0,0,0,0,0,0,0,0,0,1,3,2,77,2,77
2021A00052488055,534,11437,429.0405,3,25,6,50,7,43,1,5,0,0,2,8,3,27,2,149,4,157,30,421,30,421
2021A00052488060,33,251,113.1466,1,11,0,0,1,11,0,0,0,0,0,0,0,0,0,0,1,5,5,24,5,24
2021A00052488065,23,101,479.8911,0,0,0,0,0,0,0,0,0,0,0,0,0,0,0,0,3,9,3,9,3,9
2021A00052488070,25,139,575.0654,0,0,0,0,0,0,0,0,0,0,0,0,0,0,0,0,5,13,7,23,7,23
2021A00052488075,25,119,196.8942,0,0,0,0,0,0,0,0,0,0,0,0,0,0,0,0,1,7,1,7,1,7
2021A00052488080,7,77,257.7985,0,0,0,0,0,0,0,0,0,0,0,0,0,0,0,0,0,0,1,3,1,3
2021A00052488085,10,42,316.4598,0,0,0,0,0,0,0,0,0,0,0,0,0,0,0,0,0,0,2,6,2,6
2021A00052488090,21,494,422.1343,0,0,0,0,0,0,0,0,0,0,1,198,0,0,0,0,1,15,2,213,2,213
2021A00052488802,11,260,1.0048,0,0,0,0,0,0,0,0,0,0,0,0,0,0,0,0,1,3,1,3,1,3
2021A00052488902,0,0,1848.6523,0,0,0,0,0,0,0,0,0,0,0,0,0,0,0,0,0,0,0,0,0,0
2021A00052488904,5,103,716.008,0,0,0,0,0,0,0,0,0,0,0,0,0,0,0,0,0,0,1,8,1,8
2021A00052489008,1085,23210,3536.8359,5,153,11,205,12,131,2,14,0,0,9,346,0,0,5,126,15,172,56,1044,57,1051
2021A00052489010,26,226,423.2653,0,0,0,0,0,0,0,0,0,0,0,0,0,0,0,0,1,11,2,13,2,13
2021A00052489015,74,2701,147.4486,0,0,1,3,0,0,0,0,0,0,1,311,0,0,0,0,1,3,5,333,5,333
2021A00052489040,111,1627,14718.5104,0,0,0,0,0,0,0,0,0,0,0,0,0,0,1,136,5,268,7,292,7,292
2021A00052489045,27,157,567.0471,0,0,0,0,0,0,0,0,0,0,0,0,0,0,0,0,1,3,1,3,1,3
2021A00052489050,3,33,409.7369,0,0,0,0,0,0,0,0,0,0,0,0,0,0,0,0,0,0,1,2,1,2
2021A00052489802,0,0,1.5103,0,0,0,0,0,0,0,0,0,0,0,0,0,0,0,0,0,0,0,0,0,0
2021A00052489804,6,401,3.1405,0,0,0,0,0,0,0,0,0,0,0,0,0,0,0,0,0,0,0,0,0,0
2021A00052489902,0,0,164.7705,0,0,0,0,0,0,0,0,0,0,0,0,0,0,0,0,0,0,0,0,0,0
2021A00052489908,0,0,72.1191,0,0,0,0,0,0,0,0,0,0,0,0,0,0,0,0,0,0,0,0,0,0
2021A00052489910,0,0,3832.6835,0,0,0,0,0,0,0,0,0,0,0,0,0,0,0,0,0,0,0,0,0,0
2021A00052489912,0,0,217.7723,0,0,0,0,0,0,0,0,0,0,0,0,0,0,0,0,0,0,0,0,0,0
2021A00052490012,369,6798,24809.4025,0,0,2,7,2,144,0,0,0,0,1,35,0,0,5,330,21,640,30,1205,31,1240
2021A00052490017,17,83,284.3227,0,0,0,0,0,0,0,0,0,0,0,0,0,0,0,0,1,3,3,5,3,5
2021A00052490027,9,103,898.3161,0,0,0,0,0,0,0,0,0,0,0,0,0,0,0,0,0,0,1,3,1,3
2021A00052490802,16,655,31.5451,0,0,0,0,0,0,0,0,0,0,0,0,0,0,0,0,1,24,2,25,2,25
2021A00052490804,19,748,8.2577,0,0,0,0,0,0,0,0,0,0,0,0,0,0,1,68,1,68,1,68,1,68
2021A00052491005,31,305,904.2558,0,0,0,0,0,0,0,0,0,0,0,0,0,0,0,0,0,0,1,3,1,3
2021A00052491010,15,85,145.4272,0,0,0,0,0,0,0,0,0,0,0,0,0,0,0,0,2,8,3,10,3,10
2021A00052491015,15,81,197.2001,0,0,0,0,0,0,0,0,0,0,0,0,0,0,0,0,2,5,4,10,4,10
2021A00052491020,73,1001,120.8483,1,12,0,0,0,0,0,0,0,0,0,0,0,0,0,0,0,0,11,160,11,160
2021A00052491025,332,5962,151.3636,3,12,2,10,5,70,1,2,0,0,0,0,0,0,3,64,5,74,22,323,22,323
2021A00052491030,11,53,461.6708,0,0,0,0,0,0,0,0,0,0,0,0,0,0,0,0,0,0,1,3,1,3
2021A00052491035,90,1086,147.1575,0,0,3,46,4,113,0,0,0,0,0,0,0,0,2,120,4,149,24,251,25,285
2021A00052491042,396,7059,361.2717,2,22,5,30,6,69,1,2,0,0,1,2,2,7,3,224,10,393,53,919,54,920
2021A00052491050,72,1206,288.5455,0,0,0,0,0,0,0,0,0,0,0,0,0,0,2,348,6,474,14,492,14,492
2021A00052491802,74,1209,14.4293,0,0,1,7,2,13,0,0,0,0,1,4,0,0,1,6,3,14,7,27,7,27
2021A00052491902,0,0,14684.2768,0,0,0,0,0,0,0,0,0,0,0,0,0,0,0,0,0,0,0,0,0,0
2021A00052492005,25,167,104.2496,0,0,1,2,1,2,0,0,0,0,0,0,0,0,0,0,2,7,12,57,12,57
2021A00052492010,15,197,110.2968,1,5,0,0,1,5,1,5,0,0,0,0,0,0,0,0,0,0,1,5,1,5
2021A00052492015,25,207,267.2762,0,0,1,2,2,5,0,0,0,0,0,0,0,0,1,3,1,3,7,28,7,28
2021A00052492022,492,8397,293.4261,3,4,5,175,3,127,0,0,0,0,1,72,0,0,3,180,22,368,51,806,52,878
2021A00052492030,88,691,197.4474,1,4,2,25,2,25,1,21,0,0,2,25,0,0,0,0,3,13,22,99,22,99
2021A00052492040,158,2082,211.7931,0,0,2,62,3,65,1,9,0,0,2,12,0,0,1,68,5,80,41,372,41,372
2021A00052492045,16,323,333.2527,0,0,0,0,0,0,0,0,0,0,0,0,0,0,1,136,2,188,4,193,4,193
2021A00052492050,21,131,84.3906,0,0,0,0,0,0,0,0,0,0,0,0,0,0,0,0,2,6,9,25,9,25
2021A00052492055,59,1039,124.1066,0,0,0,0,0,0,0,0,0,0,0,0,0,0,1,136,7,481,13,499,13,499
2021A00052492060,3,17,325.7673,0,0,0,0,0,0,0,0,0,0,0,0,0,0,0,0,0,0,1,6,1,6
2021A00052492065,24,204,87.0522,0,0,0,0,0,0,0,0,0,0,0,0,0,0,0,0,0,0,4,13,4,13
2021A00052492070,14,90,153.5833,0,0,0,0,0,0,0,0,0,0,0,0,0,0,0,0,0,0,1,3,1,3
2021A00052492902,2,6,15579.1094,0,0,0,0,0,0,0,0,0,0,0,0,0,0,0,0,0,0,0,0,0,0
2021A00052492904,3,9,17629.7368,0,0,0,0,0,0,0,0,0,0,0,0,0,0,0,0,1,3,1,3,1,3
2021A00052493005,26,274,10.3923,0,0,0,0,0,0,0,0,0,0,0,0,0,0,0,0,0,0,5,22,5,22
2021A00052493012,134,2192,187.4935,0,0,1,244,1,244,0,0,0,0,1,3,0,0,2,27,5,44,33,376,33,376
2021A00052493020,70,722,260.7435,0,0,1,9,0,0,0,0,0,0,0,0,0,0,1,14,1,14,29,206,29,206
2021A00052493025,34,294,31.4984,0,0,0,0,0,0,0,0,0,0,1,19,0,0,0,0,0,0,9,62,9,62
2021A00052493030,112,1642,77.8648,1,3,1,2,1,2,0,0,0,0,0,0,1,3,3,48,4,83,33,243,33,243
2021A00052493035,68,604,63.382,0,0,2,45,1,2,0,0,0,0,1,4,0,0,0,0,0,0,13,109,13,109
2021A00052493042,992,19430,194.9231,2,30,15,704,13,189,5,61,0,0,9,666,0,0,4,110,13,256,95,1349,97,1945
2021A00052493045,46,829,144.7631,1,14,0,0,1,75,0,0,0,0,1,75,0,0,0,0,0,0,7,51,8,126
2021A00052493055,28,204,152.6698,0,0,0,0,0,0,0,0,0,0,0,0,0,0,0,0,0,0,3,8,3,8
2021A00052493060,8,64,81.4454,0,0,0,0,0,0,0,0,0,0,0,0,0,0,0,0,1,3,2,30,2,30
2021A00052493065,46,817,130.8444,0,0,0,0,0,0,0,0,0,0,0,0,0,0,1,317,1,317,5,334,5,334
2021A00052493070,21,183,61.7373,0,0,0,0,0,0,0,0,0,0,0,0,0,0,0,0,0,0,6,27,6,27
2021A00052493075,35,305,152.5308,0,0,0,0,1,10,0,0,0,0,0,0,0,0,2,75,2,75,5,91,5,91
2021A00052493080,38,772,107.4603,0,0,0,0,0,0,0,0,0,0,0,0,0,0,1,136,1,136,7,212,7,212
2021A00052493902,0,0,13.0152,0,0,0,0,0,0,0,0,0,0,0,0,0,0,0,0,0,0,0,0,0,0
2021A00052493904,0,0,262.7835,0,0,0,0,0,0,0,0,0,0,0,0,0,0,0,0,0,0,0,0,0,0
2021A00052493906,0,0,225.4935,0,0,0,0,0,0,0,0,0,0,0,0,0,0,0,0,0,0,0,0,0,0
2021A00052493908,0,0,608.4728,0,0,0,0,0,0,0,0,0,0,0,0,0,0,0,0,0,0,0,0,0,0
2021A00052494068,3994,77712,1124.6324,16,274,72,3736,50,1699,10,162,0,0,48,3023,2,20,13,455,34,728,284,4540,306,7008
2021A00052494205,23,313,329.6279,0,0,0,0,0,0,0,0,0,0,0,0,0,0,0,0,0,0,3,12,3,12
2021A00052494210,64,816,501.7947,0,0,1,20,0,0,0,0,0,0,0,0,0,0,0,0,1,3,5,30,5,30
2021A00052494215,10,94,473.1741,0,0,0,0,0,0,0,0,0,0,1,2,0,0,0,0,0,0,1,2,1,2
2021A00052494220,25,203,383.0936,0,0,0,0,0,0,0,0,0,0,0,0,0,0,0,0,3,18,5,21,5,21
2021A00052494225,23,265,233.1554,0,0,0,0,0,0,0,0,0,0,0,0,0,0,0,0,2,26,3,27,3,27
2021A00052494230,23,177,116.6111,0,0,0,0,0,0,0,0,0,0,0,0,0,0,0,0,0,0,3,5,3,5
2021A00052494235,58,442,351.9125,0,0,2,7,0,0,0,0,0,0,0,0,0,0,0,0,1,3,12,24,12,24
2021A00052494240,123,1955,189.3768,0,0,3,62,2,60,0,0,0,0,1,9,0,0,0,0,3,13,13,101,13,101
2021A00052494245,51,485,398.2471,0,0,0,0,0,0,0,0,0,0,0,0,0,0,1,32,2,35,4,43,4,43
2021A00052494250,16,136,189.6725,0,0,0,0,0,0,0,0,0,0,0,0,0,0,0,0,1,5,4,38,4,38
2021A00052494255,101,1327,149.3728,1,17,3,32,1,17,0,0,0,0,0,0,0,0,0,0,1,3,8,48,8,48
2021A00052494260,18,74,62.1254,0,0,1,3,1,3,0,0,0,0,0,0,0,0,0,0,1,3,3,8,3,8
2021A00052494265,34,398,84.7054,1,1,0,0,0,0,0,0,0,0,0,0,0,0,0,0,0,0,3,5,3,5
2021A00052494926,0,0,190.5698,0,0,0,0,0,0,0,0,0,0,0,0,0,0,0,0,0,0,0,0,0,0
2021A00052494928,1,15,1478.7852,0,0,0,0,0,0,0,0,0,0,0,0,0,0,0,0,0,0,0,0,0,0
2021A00052494930,0,0,33540.39,0,0,0,0,0,0,0,0,0,0,0,0,0,0,0,0,0,0,0,0,0,0
2021A00052495005,61,1310,52.7314,0,0,2,22,1,2,0,0,0,0,1,7,0,0,0,0,0,0,4,30,4,30
2021A00052495010,70,1067,303.1542,1,12,2,14,2,23,0,0,0,0,0,0,0,0,3,158,4,161,13,190,13,190
2021A00052495018,39,477,268.7734,0,0,0,0,0,0,0,0,0,0,0,0,0,0,1,32,1,32,2,34,2,34
2021A00052495025,68,923,265.8942,0,0,0,0,0,0,0,0,0,0,0,0,0,0,0,0,1,3,7,29,7,29
2021A00052495032,16,164,308.0574,0,0,0,0,0,0,0,0,0,0,0,0,0,0,0,0,0,0,2,13,2,13
2021A00052495040,21,203,181.9024,0,0,0,0,0,0,0,0,0,0,0,0,0,0,0,0,0,0,3,72,3,72
2021A00052495045,101,1510,192.6094,0,0,0,0,1,6,0,0,0,0,1,6,0,0,1,6,4,29,10,51,10,51
2021A00052495050,8,44,361.2299,0,0,0,0,0,0,0,0,0,0,0,0,0,0,0,0,0,0,2,4,2,4
2021A00052495802,12,487,1.1295,0,0,0,0,0,0,0,0,0,0,0,0,0,0,0,0,1,52,2,59,2,59
2021A00052495902,0,0,9360.3341,0,0,0,0,0,0,0,0,0,0,0,0,0,0,0,0,0,0,0,0,0,0
2021A00052496005,14,253,417.4809,0,0,0,0,0,0,0,0,0,0,0,0,0,0,0,0,0,0,2,129,2,129
2021A00052496010,6,98,159.1776,0,0,0,0,0,0,0,0,0,0,0,0,0,0,0,0,0,0,0,0,0,0
2021A00052496015,7,69,436.5545,0,0,0,0,0,0,0,0,0,0,0,0,0,0,0,0,0,0,0,0,0,0
2021A00052496020,631,12046,334.8274,0,0,5,551,3,14,1,5,0,0,3,534,0,0,1,136,4,177,19,267,20,788
2021A00052496025,33,191,85.536,0,0,0,0,0,0,0,0,0,0,0,0,0,0,0,0,1,3,4,22,4,22
2021A00052496030,33,291,75.1938,0,0,0,0,0,0,0,0,0,0,0,0,0,0,0,0,0,0,3,5,3,5
2021A00052496035,29,287,7.5052,0,0,0,0,0,0,0,0,0,0,0,0,0,0,0,0,0,0,2,19,2,19
2021A00052496040,18,230,179.8314,0,0,0,0,0,0,0,0,0,0,0,0,0,0,1,3,1,3,2,5,2,5
2021A00052496802,13,734,245.1908,0,0,0,0,0,0,0,0,0,0,0,0,0,0,0,0,0,0,0,0,0,0
2021A00052496902,1,3,32713.7464,0,0,0,0,0,0,0,0,0,0,0,0,0,0,0,0,0,0,0,0,0,0
2021A00052497007,759,14557,1742.883,1,17,4,538,5,152,2,14,0,0,4,610,0,0,0,0,2,14,42,249,44,845
2021A00052497022,123,3016,1092.7534,0,0,1,2,1,2,0,0,0,0,0,0,0,0,1,14,2,17,12,95,12,95
2021A00052497035,58,2099,451.1208,0,0,0,0,0,0,0,0,0,0,0,0,0,0,0,0,0,0,1,54,1,54
2021A00052497040,18,620,24.7632,0,0,0,0,0,0,0,0,0,0,0,0,0,0,0,0,0,0,1,8,1,8
2021A00052497802,43,1215,2.3584,0,0,0,0,0,0,0,0,0,0,0,0,0,0,0,0,0,0,5,106,5,106
2021A00052497804,26,466,5.1979,0,0,0,0,0,0,0,0,0,0,0,0,0,0,0,0,0,0,2,9,2,9
2021A00052497806,6,293,32.5086,0,0,0,0,0,0,0,0,0,0,0,0,0,0,0,0,0,0,0,0,0,0
2021A00052497808,3,65,0.6864,0,0,0,0,0,0,0,0,0,0,0,0,0,0,0,0,0,0,0,0,0,0
2021A00052497810,0,0,0.5047,0,0,0,0,0,0,0,0,0,0,0,0,0,0,0,0,0,0,0,0,0,0
2021A00052497902,0,0,9522.2832,0,0,0,0,0,0,0,0,0,0,0,0,0,0,0,0,0,0,0,0,0,0
2021A00052497904,0,0,17162.429,0,0,0,0,0,0,0,0,0,0,0,0,0,0,0,0,0,0,0,0,0,0
2021A00052497906,0,0,30999.0997,0,0,0,0,0,0,0,0,0,0,0,0,0,0,0,0,0,0,0,0,0,0
2021A00052497908,0,0,30108.2319,0,0,0,0,0,0,0,0,0,0,0,0,0,0,0,0,0,0,0,0,0,0
2021A00052497912,0,0,2865.4972,0,0,0,0,0,0,0,0,0,0,0,0,0,0,0,0,0,0,0,0,0,0
2021A00052497914,0,0,454.0296,0,0,0,0,0,0,0,0,0,0,0,0,0,0,0,0,0,0,0,0,0,0
2021A00052498005,49,729,234.9791,0,0,0,0,0,0,0,0,0,0,0,0,0,0,0,0,0,0,4,40,4,40
2021A00052498010,14,309,622.9853,0,0,0,0,0,0,0,0,0,0,0,0,0,0,0,0,0,0,4,162,4,162
2021A00052498012,0,0,1137.6768,0,0,0,0,0,0,0,0,0,0,0,0,0,0,0,0,0,0,0,0,0,0
2021A00052498014,16,196,742.1537,0,0,0,0,0,0,0,0,0,0,0,0,0,0,0,0,0,0,3,7,3,7
2021A00052498015,51,1031,2597.0548,0,0,0,0,0,0,0,0,0,0,0,0,0,0,0,0,0,0,11,98,11,98
2021A00052498020,11,260,7715.9917,0,0,0,0,0,0,0,0,0,0,0,0,0,0,0,0,0,0,0,0,0,0
2021A00052498025,24,503,667.9133,0,0,1,2,0,0,0,0,0,0,0,0,0,0,0,0,0,0,3,10,3,10
2021A00052498030,16,112,532.0416,0,0,0,0,0,0,0,0,0,0,0,0,0,0,0,0,0,0,4,21,4,21
2021A00052498035,3,65,327.4607,0,0,0,0,0,0,0,0,0,0,0,0,0,0,0,0,0,0,0,0,0,0
2021A00052498040,109,2175,2570.09,0,0,0,0,0,0,0,0,0,0,1,6,0,0,0,0,0,0,14,58,14,58
2021A00052498045,44,1088,370.034,0,0,0,0,0,0,0,0,0,0,0,0,0,0,0,0,0,0,6,208,6,208
2021A00052498050,4,88,513.3596,0,0,0,0,0,0,0,0,0,0,0,0,0,0,0,0,0,0,0,0,0,0
2021A00052498055,14,106,605.142,0,0,0,0,0,0,0,0,0,0,0,0,0,0,0,0,0,0,4,19,4,19
2021A00052498802,14,265,3.8713,0,0,0,0,0,0,0,0,0,0,0,0,0,0,0,0,0,0,2,10,2,10
2021A00052498804,0,0,0.8429,0,0,0,0,0,0,0,0,0,0,0,0,0,0,0,0,0,0,0,0,0,0
2021A00052498806,3,41,1.3486,0,0,0,0,0,0,0,0,0,0,0,0,0,0,0,0,0,0,0,0,0,0
2021A00052498808,0,0,17.2359,0,0,0,0,0,0,0,0,0,0,0,0,0,0,0,0,0,0,0,0,0,0
2021A00052498904,0,0,40019.6971,0,0,0,0,0,0,0,0,0,0,0,0,0,0,0,0,0,0,0,0,0,0
2021A00052498912,0,0,35347.1878,0,0,0,0,0,0,0,0,0,0,0,0,0,0,0,0,0,0,0,0,0,0
2021A00052499005,80,1435,44.4095,0,0,0,0,0,0,0,0,0,0,0,0,0,0,1,68,3,123,4,190,4,190
2021A00052499010,0,0,213.3539,0,0,0,0,0,0,0,0,0,0,0,0,0,0,0,0,0,0,0,0,0,0
2021A00052499015,54,1129,75.1235,0,0,0,0,1,2,0,0,0,0,0,0,1,2,1,32,1,32,2,34,2,34
2021A00052499020,57,976,62.3066,0,0,0,0,1,6,0,0,0,0,0,0,0,0,2,142,3,245,4,258,4,258
2021A00052499025,278,5071,694.8743,1,1,1,20,0,0,0,0,0,0,0,0,0,0,1,317,4,342,8,673,8,673
2021A00052499030,0,0,488.0346,0,0,0,0,0,0,0,0,0,0,0,0,0,0,0,0,0,0,0,0,0,0
2021A00052499035,0,0,274.2163,0,0,0,0,0,0,0,0,0,0,0,0,0,0,0,0,0,0,0,0,0,0
2021A00052499040,0,0,47.8926,0,0,0,0,0,0,0,0,0,0,0,0,0,0,0,0,0,0,0,0,0,0
2021A00052499045,0,0,317.7173,0,0,0,0,0,0,0,0,0,0,0,0,0,0,0,0,0,0,0,0,0,0
2021A00052499050,0,0,169.1227,0,0,0,0,0,0,0,0,0,0,0,0,0,0,0,0,0,0,0,0,0,0
2021A00052499055,0,0,480.2946,0,0,0,0,0,0,0,0,0,0,0,0,0,0,0,0,0,0,0,0,0,0
2021A00052499060,42,238,283123.4216,0,0,0,0,0,0,0,0,0,0,0,0,0,0,0,0,2,7,3,10,3,10
2021A00052499065,0,0,234.8006,0,0,0,0,0,0,0,0,0,0,0,0,0,0,0,0,0,0,0,0,0,0
2021A00052499070,0,0,120.8599,0,0,0,0,0,0,0,0,0,0,0,0,0,0,0,0,0,0,0,0,0,0
2021A00052499075,18,813,7.4501,0,0,0,0,0,0,0,0,0,0,0,0,0,0,0,0,0,0,0,0,0,0
2021A00052499080,8,204,28.3798,0,0,0,0,0,0,0,0,0,0,0,0,0,0,0,0,0,0,0,0,0,0
2021A00052499085,22,720,54.9231,0,0,0,0,0,0,0,0,0,0,0,0,0,0,0,0,0,0,0,0,0,0
2021A00052499090,9,302,34.3255,0,0,0,0,0,0,0,0,0,0,0,0,0,0,0,0,0,0,0,0,0,0
2021A00052499095,57,3162,289.968,0,0,0,0,0,0,0,0,0,0,0,0,0,0,0,0,0,0,0,0,0,0
2021A00052499100,9,207,65.5299,0,0,0,0,0,0,0,0,0,0,0,0,0,0,0,0,0,0,0,0,0,0
2021A00052499105,8,120,28.6777,0,0,0,0,0,0,0,0,0,0,0,0,0,0,0,0,0,0,0,0,0,0
2021A00052499110,11,261,57.1522,0,0,0,0,0,0,0,0,0,0,0,0,0,0,0,0,0,0,0,0,0,0
2021A00052499115,10,178,25.8177,0,0,0,0,0,0,0,0,0,0,0,0,0,0,0,0,0,0,0,0,0,0
2021A00052499120,14,952,81.6121,0,0,0,0,0,0,0,0,0,0,0,0,0,0,0,0,0,0,0,0,0,0
2021A00052499125,9,211,75.0223,0,0,0,0,0,0,0,0,0,0,0,0,0,0,0,0,0,0,0,0,0,0
2021A00052499130,15,412,12.4055,0,0,0,0,0,0,0,0,0,0,1,1,0,0,0,0,0,0,1,1,1,1
2021A00052499135,14,528,15.0771,0,0,0,0,0,0,0,0,0,0,0,0,0,0,0,0,0,0,0,0,0,0
2021A00052499140,8,359,35.1519,0,0,0,0,0,0,0,0,0,0,0,0,0,0,0,0,0,0,0,0,0,0
2021A00052499802,15,596,385.8272,0,0,0,0,0,0,0,0,0,0,0,0,0,0,0,0,0,0,0,0,0,0
2021A00052499804,49,1756,807.7495,0,0,0,0,0,0,0,0,0,0,0,0,0,0,0,0,2,14,2,14,2,14
2021A00052499806,17,829,496.9923,0,0,0,0,0,0,0,0,0,0,0,0,0,0,0,0,0,0,0,0,0,0
2021A00052499808,9,637,98.4196,0,0,0,0,0,0,0,0,0,0,0,0,0,0,0,0,0,0,0,0,0,0
2021A00052499810,10,389,148.9941,0,0,0,0,0,0,0,0,0,0,0,0,0,0,0,0,0,0,0,0,0,0
2021A00052499812,12,802,387.3661,0,0,0,0,0,0,0,0,0,0,0,0,0,0,0,0,0,0,0,0,0,0
2021A00052499814,25,1448,825.1127,0,0,0,0,0,0,0,0,0,0,0,0,0,0,0,0,0,0,0,0,0,0
2021A00052499816,0,0,190.8277,0,0,0,0,0,0,0,0,0,0,0,0,0,0,0,0,0,0,0,0,0,0
2021A00052499818,13,374,96.2223,0,0,0,0,0,0,0,0,0,0,0,0,0,0,0,0,1,24,1,24,1,24
2021A00052499877,0,0,289.9241,0,0,0,0,0,0,0,0,0,0,0,0,0,0,0,0,0,0,0,0,0,0
2021A00052499878,0,0,253.9476,0,0,0,0,0,0,0,0,0,0,0,0,0,0,0,0,0,0,0,0,0,0
2021A00052499879,0,0,420.6877,0,0,0,0,0,0,0,0,0,0,0,0,0,0,0,0,0,0,0,0,0,0
2021A00052499883,0,0,433.9248,0,0,0,0,0,0,0,0,0,0,0,0,0,0,0,0,0,0,0,0,0,0
2021A00052499885,0,0,438.0539,0,0,0,0,0,0,0,0,0,0,0,0,0,0,0,0,0,0,0,0,0,0
2021A00052499887,0,0,591.6762,0,0,0,0,0,0,0,0,0,0,0,0,0,0,0,0,0,0,0,0,0,0
2021A00052499888,0,0,561.3285,0,0,0,0,0,0,0,0,0,0,0,0,0,0,0,0,0,0,0,0,0,0
2021A00052499889,0,0,503.6457,0,0,0,0,0,0,0,0,0,0,0,0,0,0,0,0,0,0,0,0,0,0
2021A00052499890,0,0,512.4333,0,0,0,0,0,0,0,0,0,0,0,0,0,0,0,0,0,0,0,0,0,0
2021A00052499891,0,0,525.877,0,0,0,0,0,0,0,0,0,0,0,0,0,0,0,0,0,0,0,0,0,0
2021A00052499892,0,0,492.6929,0,0,0,0,0,0,0,0,0,0,0,0,0,0,0,0,0,0,0,0,0,0
2021A00052499893,0,0,315.4619,0,0,0,0,0,0,0,0,0,0,0,0,0,0,0,0,0,0,0,0,0,0
2021A00052499894,0,0,530.4816,0,0,0,0,0,0,0,0,0,0,0,0,0,0,0,0,0,0,0,0,0,0
2021A00052499902,0,0,290009.6071,0,0,0,0,0,0,0,0,0,0,0,0,0,0,0,0,0,0,0,0,0,0
2021A00052499904,0,0,120831.3444,0,0,0,0,0,0,0,0,0,0,0,0,0,0,0,0,0,0,0,0,0,0
2021A00053501005,341,3259,605.0159,1,2,3,17,4,31,2,15,0,0,4,29,0,0,2,77,4,87,71,327,71,327
2021A00053501007,9,494,11.8096,0,0,0,0,0,0,0,0,0,0,0,0,0,0,0,0,0,0,0,0,0,0
2021A00053501011,271,3426,447.7113,3,63,8,118,9,135,0,0,0,0,4,52,1,24,1,3,2,5,28,318,32,370
2021A00053501012,1162,25209,61.5044,1,3,15,290,7,54,0,0,0,0,5,203,0,0,3,69,3,69,44,688,46,710
2021A00053501020,299,3803,521.5418,3,200,5,259,5,87,1,60,0,0,3,81,1,5,2,39,2,39,38,664,38,664
2021A00053501030,405,4267,502.4055,0,0,2,11,2,21,0,0,0,0,4,32,0,0,1,14,2,17,78,449,78,449
2021A00053501042,216,2063,515.464,2,30,1,5,0,0,0,0,0,0,0,0,0,0,1,3,1,3,51,293,51,293
2021A00053501050,379,5157,643.4009,1,2,3,10,2,7,0,0,0,0,1,4,0,0,2,138,4,175,62,487,62,487
2021A00053502001,73,846,235.0642,1,13,1,13,1,13,0,0,0,0,0,0,0,0,0,0,2,9,32,308,32,308
2021A00053502008,384,7978,10.0965,3,14,8,197,5,123,1,28,0,0,2,58,0,0,0,0,0,0,20,664,21,679
2021A00053502010,219,3809,207.0178,0,0,2,65,4,590,1,6,0,0,4,553,1,50,0,0,2,9,33,791,33,791
2021A00053502023,272,2732,391.7865,0,0,2,8,0,0,0,0,0,0,1,7,0,0,0,0,2,75,33,173,33,173
2021A00053502025,254,2871,658.9268,2,14,1,4,2,19,0,0,0,0,2,80,0,0,0,0,0,0,40,236,41,251
2021A00053502036,593,7537,297.4659,0,0,4,47,3,15,0,0,0,0,1,7,0,0,2,36,5,76,31,177,32,184
2021A00053502044,206,2413,5.128,0,0,1,3,0,0,0,0,0,0,0,0,0,0,0,0,0,0,15,52,15,52
2021A00053502048,477,4923,198.7812,1,3,4,17,2,8,1,3,0,0,1,3,0,0,1,7,3,17,31,266,31,266
2021A00053506008,28356,506550,2788.1967,79,2518,232,5870,100,2695,19,280,0,0,75,2268,5,230,14,308,49,827,717,11886,742,13062
2021A00053507004,109,1377,309.914,0,0,1,5,1,5,0,0,0,0,0,0,0,0,1,15,1,15,16,183,16,183
2021A00053507006,94,773,313.7729,1,1,0,0,0,0,0,0,0,0,2,109,0,0,0,0,0,0,13,146,13,146
2021A00053507008,197,3141,4.937,2,23,4,53,2,5,2,440,0,0,2,115,0,0,0,0,0,0,19,639,19,639
2021A00053507014,230,2332,555.9599,2,6,4,30,4,33,0,0,0,0,2,4,1,5,0,0,1,7,26,174,27,177
2021A00053507015,717,14967,20.9072,4,370,11,810,6,160,2,132,0,0,2,103,0,0,1,30,1,30,27,1544,28,1613
2021A00053507017,112,1135,125.2542,0,0,1,3,1,3,1,3,0,0,1,3,0,0,0,0,0,0,10,68,10,68
2021A00053507021,187,2243,608.0873,1,2,2,7,2,7,0,0,0,0,0,0,0,0,0,0,2,6,20,53,20,53
2021A00053507024,207,2965,7.0051,0,0,2,41,2,62,1,29,0,0,0,0,0,0,2,36,2,36,7,274,7,274
2021A00053507033,63,637,2.1936,0,0,0,0,0,0,0,0,0,0,0,0,0,0,0,0,0,0,1,26,1,26
2021A00053507040,200,1554,711.808,0,0,3,24,1,21,0,0,0,0,0,0,0,0,0,0,0,0,23,120,23,120
2021A00053507042,76,747,129.5379,0,0,0,0,0,0,0,0,0,0,0,0,0,0,0,0,0,0,5,23,5,23
2021A00053507052,138,1129,214.3308,0,0,4,11,3,9,0,0,0,0,0,0,0,0,1,13,1,13,18,66,18,66
2021A00053507065,540,7009,351.8995,2,7,4,18,2,5,0,0,0,0,1,31,0,0,1,3,3,25,34,200,35,203
2021A00053509001,80,544,278.4703,0,0,0,0,0,0,0,0,0,0,0,0,0,0,1,7,1,7,2,12,2,12
2021A00053509004,351,6916,9.659,2,25,5,179,4,158,0,0,0,0,1,148,1,5,1,3,2,6,19,119,20,267
2021A00053509010,165,1243,365.6714,0,0,2,22,2,22,0,0,0,0,2,22,0,0,0,0,1,3,5,46,7,68
2021A00053509015,44,304,528.6749,0,0,0,0,0,0,0,0,0,0,0,0,0,0,1,3,1,3,1,3,1,3
2021A00053509021,423,7480,12.2102,1,9,7,75,5,85,2,6,0,0,4,83,0,0,1,3,1,3,27,497,27,497
2021A00053509024,38,298,239.3122,0,0,0,0,0,0,0,0,0,0,0,0,0,0,0,0,0,0,1,1,1,1
2021A00053509028,470,7213,9.9385,2,80,7,160,2,29,0,0,0,0,1,36,1,24,0,0,2,17,20,358,20,358
2021A00053509030,377,4173,511.2485,2,8,5,41,4,28,1,6,0,0,1,6,1,2,2,17,3,19,36,240,36,240
2021A00053509039,125,767,1031.5228,0,0,0,0,0,0,0,0,0,0,0,0,0,0,4,39,7,58,21,108,21,108
2021A00053510005,39,313,176.8162,0,0,0,0,0,0,0,0,0,0,0,0,0,0,0,0,0,0,6,20,6,20
2021A00053510010,4086,70565,451.5833,15,387,34,915,25,575,0,0,0,0,15,524,1,24,3,66,11,161,135,2179,143,2323
2021A00053510020,362,2717,948.0507,1,3,1,3,2,10,0,0,0,0,2,10,0,0,0,0,1,3,20,129,22,139
2021A00053510035,118,1121,991.4067,0,0,0,0,0,0,0,0,0,0,0,0,0,0,1,3,1,3,3,10,3,10
2021A00053510045,26,297,1157.9656,0,0,0,0,0,0,0,0,0,0,0,0,0,0,3,13,3,13,3,13,3,13
2021A00053511005,309,3674,342.7183,1,117,3,158,2,152,0,0,0,0,1,35,0,0,0,0,0,0,17,562,18,597
2021A00053511015,485,9027,462.3029,3,596,7,81,3,65,0,0,0,0,1,2,2,60,0,0,1,15,40,953,40,953
2021A00053511030,115,933,693.7087,0,0,1,3,2,10,0,0,0,0,1,3,0,0,1,7,3,11,9,22,10,25
2021A00053511035,96,970,1293.9905,0,0,0,0,0,0,0,0,0,0,0,0,0,0,1,3,2,6,3,8,3,8
2021A00053512001,61,579,312.422,0,0,1,6,2,9,1,6,0,0,1,6,0,0,1,3,1,3,5,31,5,31
2021A00053512002,60,934,2.5191,0,0,1,2,0,0,0,0,0,0,1,2,0,0,0,0,0,0,4,56,4,56
2021A00053512004,0,0,72.0182,0,0,0,0,0,0,0,0,0,0,0,0,0,0,0,0,0,0,0,0,0,0
2021A00053512005,1828,35379,247.1474,9,1221,20,561,19,624,4,25,0,0,9,213,0,0,1,63,1,63,83,2760,85,2869
2021A00053512015,816,13445,495.4493,0,0,12,174,10,165,7,568,0,0,6,130,0,0,2,17,5,28,69,1327,71,1408
2021A00053512020,230,1821,282.4797,1,4,1,4,0,0,0,0,0,0,0,0,0,0,0,0,4,104,31,195,31,195
2021A00053512026,127,1145,222.791,0,0,1,3,1,3,0,0,0,0,0,0,0,0,3,44,4,47,13,98,13,98
2021A00053512030,122,1373,918.6062,0,0,0,0,1,3,0,0,0,0,0,0,0,0,2,35,3,37,11,53,11,53
2021A00053512036,42,326,274.5829,1,4,1,4,1,4,0,0,0,0,0,0,0,0,2,22,2,22,6,65,6,65
2021A00053512046,82,717,538.2434,0,0,0,0,0,0,0,0,0,0,0,0,0,0,0,0,1,3,2,6,2,6
2021A00053512048,9,63,433.3073,0,0,0,0,0,0,0,0,0,0,0,0,0,0,0,0,0,0,0,0,0,0
2021A00053512051,7,41,201.0358,0,0,0,0,0,0,0,0,0,0,0,0,0,0,0,0,0,0,0,0,0,0
2021A00053512054,25,159,215.8709,0,0,1,5,0,0,0,0,0,0,0,0,0,0,0,0,0,0,2,12,2,12
2021A00053512058,38,358,217.4359,0,0,0,0,0,0,0,0,0,0,0,0,0,0,1,34,3,44,3,44,3,44
2021A00053512061,329,3939,227.5367,1,13,4,17,4,51,1,6,0,0,1,6,0,0,4,58,11,83,18,118,18,118
2021A00053512065,15,121,385.3241,0,0,0,0,0,0,0,0,0,0,0,0,0,0,0,0,1,6,1,6,1,6
2021A00053512076,48,312,966.5818,0,0,1,3,1,3,1,3,0,0,1,3,0,0,0,0,2,7,6,22,6,22
2021A00053513020,986,9996,1052.6069,2,15,16,169,7,20,1,3,0,0,3,8,1,2,0,0,3,20,116,915,117,918
2021A00053514004,303,2890,223.2437,3,29,2,16,2,5,0,0,0,0,0,0,1,2,2,10,2,10,26,165,26,165
2021A00053514014,150,2014,202.2244,1,5,2,11,4,120,0,0,0,0,3,215,0,0,1,13,1,13,13,349,15,458
2021A00053514019,108,712,256.0285,0,0,0,0,1,35,0,0,0,0,1,35,0,0,0,0,1,7,14,45,15,80
2021A00053514020,432,7709,278.8006,3,372,3,352,4,576,1,12,0,0,3,504,1,24,0,0,1,2,25,846,26,1183
2021A00053514021,886,14166,22.4082,7,71,14,235,15,210,5,181,0,0,7,89,1,50,2,166,5,187,56,1115,59,1172
2021A00053514024,126,1165,398.25,0,0,1,15,1,15,0,0,0,0,0,0,0,0,0,0,1,15,12,53,12,53
2021A00053514027,0,0,12.5932,0,0,0,0,0,0,0,0,0,0,0,0,0,0,0,0,0,0,0,0,0,0
2021A00053514045,329,4270,513.8469,1,3,7,39,5,45,0,0,0,0,1,2,1,3,3,151,3,151,45,313,45,313
2021A00053515003,180,1879,161.6153,1,3,1,3,2,6,0,0,0,0,0,0,0,0,4,16,4,16,19,70,19,70
2021A00053515005,255,3529,346.1528,1,232,1,5,4,255,0,0,0,0,2,18,1,232,0,0,0,0,29,334,30,349
2021A00053515008,3,428,8.9288,0,0,0,0,0,0,0,0,0,0,0,0,0,0,0,0,0,0,0,0,0,0
2021A00053515013,265,3264,306.3893,2,11,5,62,2,23,1,7,0,0,1,2,1,2,1,7,2,10,27,139,27,139
2021A00053515014,2397,45680,64.7565,10,873,31,1330,16,728,3,149,0,0,9,329,0,0,2,150,6,242,73,1542,77,2129
2021A00053515015,650,7051,316.117,1,50,8,144,7,197,2,125,0,0,3,143,1,50,2,44,3,47,37,420,37,420
2021A00053515019,9,202,6.6369,0,0,0,0,0,0,0,0,0,0,0,0,0,0,0,0,0,0,0,0,0,0
2021A00053515023,136,1338,459.4605,0,0,2,4,3,7,0,0,0,0,0,0,0,0,2,33,3,36,11,56,11,56
2021A00053515030,102,885,529.3526,1,4,2,7,1,3,1,3,0,0,2,20,0,0,0,0,0,0,5,159,5,159
2021A00053515037,87,760,746.3451,0,0,1,2,1,3,0,0,0,0,1,2,0,0,1,3,1,3,3,137,3,137
2021A00053515044,180,1504,833.7181,2,5,1,3,1,2,0,0,0,0,0,0,1,2,1,3,2,5,15,178,16,181
2021A00053516010,1976,23919,3033.6565,5,368,18,526,18,546,2,15,0,0,8,103,3,28,4,47,9,157,130,1079,133,1466
2021A00053518001,2685,37749,231.1049,14,169,50,1288,30,550,9,268,0,0,15,651,1,24,2,10,12,84,121,2742,128,2890
2021A00053518005,2686,34270,66.6437,17,556,39,1212,26,754,3,60,0,0,16,210,3,62,6,51,8,57,104,2037,109,2112
2021A00053518009,3373,51181,146.6948,19,787,45,1518,24,1620,2,119,0,0,16,815,2,26,5,160,9,196,106,2634,114,2956
2021A00053518013,3317,52882,145.7163,13,1000,23,359,22,470,1,3,0,0,9,100,6,719,1,14,6,84,77,1347,85,1619
2021A00053518017,2004,24342,610.8417,6,184,20,256,15,378,2,40,0,0,7,90,3,138,3,47,9,140,104,1940,105,1975
2021A00053518020,748,9110,474.3769,6,51,10,45,8,32,2,6,0,0,4,11,1,2,2,133,3,139,63,515,66,524
2021A00053518022,0,0,2.5714,0,0,0,0,0,0,0,0,0,0,0,0,0,0,0,0,0,0,0,0,0,0
2021A00053518029,841,10748,420.5191,6,115,11,165,13,362,2,18,0,0,5,114,1,50,4,105,8,125,74,730,79,904
2021A00053518039,360,3783,422.6386,2,110,3,12,7,140,0,0,0,0,2,46,1,50,1,3,1,3,39,287,41,305
2021A00053519028,17813,270956,272.4441,134,9179,343,15849,281,12000,37,578,0,0,131,3250,8,100,28,648,148,3655,865,21910,972,29620
2021A00053519036,14440,195616,210.9319,66,2316,172,4098,89,2062,13,169,0,0,47,1493,2,10,12,128,53,943,486,8206,501,8567
2021A00053519038,8497,87726,100.7897,35,1168,108,2118,56,1561,7,115,0,0,41,687,2,7,3,20,24,377,233,3891,242,4364
2021A00053519044,1712,20353,206.4178,8,70,29,249,20,180,5,45,0,0,18,142,1,10,1,126,5,149,81,719,88,820
2021A00053519046,2274,32319,50.0009,16,1510,38,1744,22,1309,5,63,0,0,9,104,1,24,2,6,7,75,88,1728,92,2661
2021A00053519048,3035,43237,38.501,30,2568,64,2894,44,2260,5,46,0,0,16,437,6,210,3,20,6,40,129,3691,141,4119
2021A00053519049,1060,10721,332.1164,2,6,4,12,3,9,0,0,0,0,0,0,0,0,2,10,4,26,40,247,40,247
2021A00053519054,1010,11166,244.9061,3,514,11,862,5,21,2,10,0,0,5,14,0,0,0,0,1,1,47,978,48,981
2021A00053519070,1060,9981,287.69,4,59,8,144,7,134,0,0,0,0,5,90,1,2,2,41,4,54,36,308,40,395
2021A00053519076,0,0,14.4724,0,0,0,0,0,0,0,0,0,0,0,0,0,0,0,0,0,0,0,0,0,0
2021A00053520005,95786,1659592,631.0983,298,8888,935,23283,594,13658,101,2573,0,0,331,6530,26,316,86,938,294,5743,2856,54270,2982,60536
2021A00053521005,28314,544497,292.7442,218,9214,470,16007,347,10972,53,847,0,0,156,3563,20,723,52,667,149,3450,1244,29678,1343,34464
2021A00053521010,27112,240936,265.8874,102,5031,231,7110,218,6895,36,900,0,0,109,3410,20,1468,20,240,89,1244,618,15334,679,19096
2021A00053521024,3659,41920,688.8179,12,93,50,495,47,803,6,88,0,0,26,478,3,6,11,203,22,413,184,2150,194,2446
2021A00053522001,94,1051,166.5014,1,74,2,95,2,95,0,0,0,0,0,0,0,0,0,0,0,0,10,112,10,112
2021A00053522008,152,1739,265.015,3,342,2,337,5,368,0,0,0,0,1,31,2,26,0,0,0,0,24,144,25,479
2021A00053522010,96,855,158.5956,0,0,0,0,0,0,0,0,0,0,0,0,0,0,0,0,0,0,7,17,7,17
2021A00053522012,380,3108,278.3715,2,5,8,45,11,106,2,16,0,0,3,8,1,2,0,0,2,6,38,217,39,220
2021A00053522014,912,14251,15.1629,2,21,11,134,6,93,3,128,0,0,6,88,0,0,1,14,2,17,45,426,46,441
2021A00053522016,104,1014,286.1696,1,3,1,3,0,0,0,0,0,0,1,2,0,0,0,0,0,0,13,53,13,53
2021A00053522019,116,888,310.3935,1,3,6,22,9,43,0,0,0,0,3,21,0,0,1,3,1,3,28,65,29,80
2021A00053522021,197,2121,6.5613,1,2,2,5,1,3,1,3,0,0,1,3,0,0,1,14,2,17,12,44,12,44
2021A00053523001,430,6917,214.8178,4,110,6,63,8,183,1,6,0,0,2,9,2,107,3,105,3,105,44,1088,45,1091
2021A00053523008,4274,84299,87.4266,68,9410,112,9033,79,4438,7,96,0,0,29,726,11,1139,6,29,22,480,257,12220,280,14256
2021A00053523009,412,4000,292.8398,2,4,4,44,3,42,0,0,0,0,1,35,0,0,2,102,3,107,32,206,33,241
2021A00053523017,369,3433,298.8125,2,9,8,124,9,179,0,0,0,0,5,126,0,0,2,6,6,22,41,258,46,384
2021A00053523025,923,12641,409.4126,9,737,14,709,12,641,2,314,0,0,6,48,1,33,5,40,10,71,89,1014,91,1556
2021A00053523033,345,3621,535.5585,6,55,10,76,16,119,1,12,0,0,3,34,3,12,1,7,5,109,90,653,91,668
2021A00053523043,308,4263,300.1856,1,530,3,544,5,555,1,12,0,0,2,15,0,0,3,21,4,28,53,221,54,751
2021A00053523050,445,6590,526.3075,5,882,4,880,6,303,0,0,0,0,3,135,1,231,3,20,3,20,69,1202,71,1766
2021A00053524001,8767,126613,138.9434,51,2295,116,3248,80,2256,8,184,0,0,39,645,11,637,2,14,9,86,259,5637,278,6115
2021A00053524002,6799,117000,186.1219,52,2314,116,3393,82,2734,12,254,0,0,46,1405,7,182,11,213,23,687,322,6693,335,7871
2021A00053524009,3743,46663,363.8308,25,1364,44,1534,31,1320,6,113,0,0,9,466,6,201,4,23,9,42,139,2559,144,3186
2021A00053524015,2063,27065,276.8103,10,522,32,821,25,594,3,12,0,0,13,274,1,2,3,31,9,245,106,2034,112,2163
2021A00053525005,15025,226753,1118.3101,82,2920,192,4987,169,5723,31,714,0,0,90,3784,18,548,18,394,51,697,665,11557,708,14055
2021A00053526003,735,10887,166.2419,4,173,17,813,10,185,4,88,0,0,3,75,0,0,0,0,0,0,41,1215,42,1218
2021A00053526011,454,7236,121.9886,1,2,5,118,6,194,0,0,0,0,6,289,0,0,1,68,3,86,28,530,31,614
2021A00053526014,130,1170,217.5264,2,15,2,17,2,17,0,0,0,0,1,3,0,0,0,0,0,0,21,56,21,56
2021A00053526021,523,5401,387.0155,2,107,6,36,5,92,0,0,0,0,2,6,1,2,7,161,12,180,69,929,70,932
2021A00053526028,550,6111,126.345,1,3,3,21,3,51,1,3,0,0,2,5,0,0,2,16,4,56,43,309,44,324
2021A00053526032,1201,19459,81.1574,3,37,11,128,15,676,2,12,0,0,14,694,0,0,0,0,0,0,45,1135,49,1215
2021A00053526037,511,9338,83.2949,2,9,5,60,4,51,0,0,0,0,5,88,0,0,0,0,1,34,20,171,22,213
2021A00053526043,2376,46163,210.2536,8,190,28,448,18,351,3,72,0,0,6,191,1,50,3,39,7,228,80,1748,84,1816
2021A00053526047,926,17893,131.3489,1,2,12,127,6,48,0,0,0,0,1,2,0,0,1,3,2,6,131,2010,131,2010
2021A00053526053,3843,62210,96.1956,12,1090,42,1455,32,909,3,38,0,0,12,150,1,10,6,176,13,244,159,2460,168,3503
2021A00053526057,928,16105,162.7382,11,316,23,497,16,376,1,3,0,0,6,120,1,2,3,20,5,42,156,2136,160,2255
2021A00053526065,714,10817,68.71,4,154,5,83,11,410,1,3,0,0,3,20,4,154,0,0,1,3,40,600,41,615
2021A00053528018,1422,18070,1250.4518,7,181,21,262,16,1079,3,40,0,0,11,1041,1,50,5,19,14,136,176,2268,181,2330
2021A00053528035,0,0,5.08,0,0,0,0,0,0,0,0,0,0,0,0,0,0,0,0,0,0,0,0,0,0
2021A00053528037,1,3,30.5884,0,0,0,0,0,0,0,0,0,0,0,0,0,0,0,0,0,0,0,0,0,0
2021A00053528052,1873,27871,1597.6839,7,729,22,796,22,964,5,439,0,0,15,286,1,50,3,39,8,57,297,2498,304,3146
2021A00053529005,1188,16641,817.6558,7,97,23,527,23,1389,4,197,0,0,13,448,3,726,3,74,7,369,159,2271,164,2405
2021A00053529006,2871,49712,98.6476,27,1072,64,2277,55,2548,15,186,0,0,25,620,4,272,7,99,20,868,203,5915,211,6289
2021A00053529020,54,2523,157.6959,0,0,0,0,0,0,0,0,0,0,0,0,0,0,0,0,0,0,2,124,2,124
2021A00053529021,5,178,20.1015,0,0,0,0,0,0,0,0,0,0,0,0,0,0,0,0,0,0,0,0,0,0
2021A00053530004,382,6627,188.0908,6,156,10,433,14,577,6,94,0,0,7,188,3,106,1,63,2,66,50,858,52,967
2021A00053530010,4227,81993,112.994,57,3655,124,6341,102,5205,11,560,0,0,36,1378,13,1164,5,121,17,275,281,10216,304,11137
2021A00053530013,6443,111712,136.8149,45,1906,84,3195,68,3292,15,364,0,0,26,601,6,287,10,149,31,845,248,7313,258,8548
2021A00053530016,3733,70834,64.056,27,1414,75,2762,39,1739,5,95,0,0,15,549,2,29,5,133,9,186,173,4018,177,4569
2021A00053530020,709,9190,263.8128,4,393,10,527,12,452,0,0,0,0,7,257,1,2,5,41,8,85,83,1070,86,1114
2021A00053530027,534,5196,277.7402,12,70,47,246,61,387,17,92,0,0,26,170,2,12,19,192,28,375,151,832,161,942
2021A00053530035,1043,18064,326.5574,18,612,42,721,41,916,7,58,0,0,18,216,5,203,4,20,8,87,118,1675,126,1829
2021A00053531011,1174,23865,30.021,17,4193,31,3523,29,3099,4,97,0,0,10,265,0,0,1,3,4,15,84,2959,94,5384
2021A00053531013,148,1407,391.876,1,74,1,74,1,74,0,0,0,0,0,0,0,0,2,33,2,33,35,240,35,240
2021A00053531016,354,6568,12.4384,3,404,7,418,6,412,1,3,0,0,3,8,1,2,1,3,1,3,67,981,69,1321
2021A00053531025,367,4615,578.8821,3,17,6,23,5,19,2,5,0,0,3,8,0,0,1,3,2,6,82,410,83,413
2021A00053531030,351,3162,711.9316,6,86,11,37,18,143,2,6,0,0,8,37,2,73,8,27,11,46,102,442,106,462
2021A00053531040,616,9432,493.0943,9,777,15,826,20,807,3,21,0,0,6,59,1,2,6,22,7,37,144,1133,148,1565
2021A00053532002,399,4390,424.0077,6,157,10,175,10,184,0,0,0,0,0,0,0,0,0,0,5,47,95,656,97,743
2021A00053532004,610,10557,22.1989,12,1978,21,1979,20,1714,3,99,0,0,9,234,0,0,5,161,8,204,59,1484,65,2745
2021A00053532012,172,1922,369.6061,1,74,1,74,1,74,0,0,0,0,0,0,0,0,0,0,0,0,60,292,60,292
2021A00053532018,386,7058,12.7336,7,704,10,296,6,287,2,31,0,0,5,216,1,514,0,0,1,3,36,1346,37,1419
2021A00053532027,335,3033,529.1875,1,2,3,7,3,7,2,5,0,0,2,5,0,0,0,0,1,3,114,721,114,721
2021A00053532038,275,3061,241.9577,2,4,4,27,4,27,0,0,0,0,1,4,0,0,0,0,0,0,52,303,52,303
2021A00053532042,1640,27655,56.4608,21,2974,25,2241,32,2785,5,124,0,0,9,344,7,1001,2,101,4,176,117,3390,125,4812
2021A00053532045,270,2400,382.0288,4,9,6,26,4,157,0,0,0,0,3,159,0,0,0,0,1,6,57,254,58,402
2021A00053534005,184,2328,244.6009,1,100,2,34,3,106,1,6,0,0,3,41,1,100,1,3,1,3,29,221,30,224
2021A00053534010,84,995,394.2655,1,33,1,3,3,48,0,0,0,0,3,41,2,43,1,13,1,13,21,157,23,195
2021A00053534011,540,7390,6.37,4,301,10,594,17,1123,3,115,0,0,7,240,2,104,2,40,7,82,77,1462,79,1543
2021A00053534020,358,3947,279.8739,0,0,2,9,2,9,1,6,0,0,1,6,0,0,0,0,1,7,47,200,48,203
2021A00053534021,1057,18229,35.6062,11,1394,19,1755,12,1706,0,0,0,0,2,17,0,0,2,14,5,125,71,1955,76,2719
2021A00053534024,98,1165,301.3777,1,2,0,0,0,0,0,0,0,0,0,0,0,0,1,7,1,7,15,57,15,57
2021A00053534030,135,1245,294.3827,0,0,0,0,0,0,0,0,0,0,0,0,0,0,1,3,2,5,21,50,21,50
2021A00053534042,137,1450,322.0882,3,303,3,303,0,0,0,0,0,0,0,0,1,3,1,69,1,69,25,451,25,451
2021A00053536020,3213,52216,2451.9038,25,2060,58,2341,53,2092,10,209,0,0,28,699,4,244,9,182,21,384,442,5304,455,6363
2021A00053536029,3,89,12.6213,0,0,0,0,0,0,0,0,0,0,0,0,0,0,0,0,0,0,0,0,0,0
2021A00053537001,12,92,41.0306,0,0,0,0,0,0,0,0,0,0,0,0,0,0,0,0,0,0,1,3,1,3
2021A00053537003,822,19331,261.2438,3,153,14,826,13,594,5,191,0,0,7,272,2,8,1,33,3,62,71,1063,73,1282
2021A00053537013,628,12771,246.0773,5,283,15,477,15,526,4,86,0,0,6,124,1,50,1,3,5,27,80,1359,85,1628
2021A00053537016,510,7794,277.5327,5,130,7,87,9,311,2,131,0,0,4,176,1,50,0,0,4,23,50,468,54,587
2021A00053537028,464,6858,183.7604,3,624,6,654,4,631,0,0,0,0,1,7,0,0,1,32,3,38,38,878,40,1030
2021A00053537034,696,7728,64.9553,4,167,10,619,6,176,0,0,0,0,2,10,0,0,1,3,2,37,18,629,22,784
2021A00053537039,5801,105288,146.0197,56,6609,101,6868,75,4988,10,289,0,0,27,549,9,613,2,71,10,167,230,6917,260,11589
2021A00053537048,903,16190,94.5916,19,397,43,973,36,926,8,209,0,0,12,431,1,24,2,28,5,57,102,2770,114,3263
2021A00053537064,1287,18697,528.9961,17,2395,34,3247,30,2937,5,39,0,0,12,703,2,105,0,0,1,3,104,3237,113,4368
2021A00053538003,296,6121,618.5651,0,0,5,98,4,222,2,6,0,0,12,954,0,0,0,0,1,3,41,1075,42,1149
2021A00053538004,0,0,137.4297,0,0,0,0,0,0,0,0,0,0,0,0,0,0,0,0,0,0,0,0,0,0
2021A00053538007,10,118,445.1361,0,0,0,0,0,0,0,0,0,0,0,0,0,0,0,0,1,3,4,6,4,6
2021A00053538015,65,531,311.4146,0,0,0,0,0,0,0,0,0,0,1,8,0,0,0,0,0,0,14,39,14,39
2021A00053538016,9,83,338.0538,0,0,0,0,0,0,0,0,0,0,0,0,0,0,0,0,0,0,2,2,2,2
2021A00053538018,17,127,8.1432,0,0,0,0,0,0,0,0,0,0,2,24,0,0,0,0,0,0,4,28,4,28
2021A00053538019,201,3585,12.4587,2,190,1,56,4,57,0,0,0,0,3,23,0,0,0,0,0,0,24,445,25,460
2021A00053538025,0,0,12.5788,0,0,0,0,0,0,0,0,0,0,0,0,0,0,0,0,0,0,0,0,0,0
2021A00053538030,1941,37672,163.8953,3,108,15,458,15,696,2,18,0,0,24,1254,0,0,0,0,3,40,70,1672,76,1868
2021A00053538031,113,1945,3.2994,0,0,2,38,2,35,1,28,0,0,2,35,0,0,1,13,1,13,7,102,8,109
2021A00053538035,170,2329,318.8578,0,0,2,76,0,0,0,0,0,0,1,2,0,0,0,0,0,0,27,162,27,162
2021A00053538040,476,5119,330.5658,2,18,8,50,4,24,1,3,0,0,2,9,0,0,2,6,3,9,65,362,66,377
2021A00053538043,122,1493,290.2073,0,0,0,0,0,0,0,0,0,0,0,0,0,0,2,140,4,146,38,252,38,252
2021A00053538056,17,346,9.322,0,0,0,0,0,0,0,0,0,0,0,0,0,0,0,0,0,0,0,0,0,0
2021A00053539002,19,308,1.7701,0,0,0,0,0,0,0,0,0,0,0,0,0,0,0,0,1,3,1,3,1,3
2021A00053539005,208,2352,427.8151,2,414,1,74,1,74,0,0,0,0,0,0,0,0,0,0,0,0,33,479,33,479
2021A00053539015,721,14211,270.8591,5,563,14,1099,9,488,2,604,0,0,3,88,1,74,3,49,7,72,82,2378,84,2428
2021A00053539017,0,0,42.4948,0,0,0,0,0,0,0,0,0,0,0,0,0,0,0,0,0,0,0,0,0,0
2021A00053539018,0,0,11.1904,0,0,0,0,0,0,0,0,0,0,0,0,0,0,0,0,0,0,0,0,0,0
2021A00053539021,3,428,22.1427,0,0,0,0,0,0,0,0,0,0,0,0,0,0,0,0,0,0,0,0,0,0
2021A00053539027,428,4880,433.9936,3,30,11,83,7,56,5,19,0,0,6,50,1,3,2,133,2,133,67,452,68,487
2021A00053539033,737,7503,588.158,1,4,8,27,5,14,0,0,0,0,1,3,0,0,5,80,6,95,76,458,77,461
2021A00053539036,11307,207887,420.4995,66,3150,147,5866,92,4304,14,480,0,0,41,1340,4,314,11,301,36,831,401,11466,420,12403
2021A00053539041,203,1556,598.6485,0,0,3,19,5,25,0,0,0,0,1,15,0,0,1,3,1,3,47,137,48,152
2021A00053539047,61,494,331.1133,0,0,0,0,0,0,0,0,0,0,0,0,0,0,0,0,0,0,22,76,22,76
2021A00053539060,184,1588,169.0773,1,5,5,21,5,23,1,3,0,0,3,17,0,0,0,0,0,0,32,112,34,126
2021A00053540005,407,6873,425.1176,2,95,7,180,7,351,0,0,0,0,1,148,3,58,2,21,4,38,63,633,65,784
2021A00053540010,307,3390,416.704,3,25,7,70,3,20,0,0,0,0,1,15,0,0,0,0,0,0,65,290,66,305
2021A00053540025,236,3045,449.4347,1,24,3,8,4,79,1,3,0,0,2,74,0,0,2,16,3,19,33,239,33,239
2021A00053540028,413,6096,8.5371,1,6,6,30,2,9,0,0,0,0,0,0,0,0,0,0,2,5,32,733,32,733
2021A00053540040,280,3712,669.1529,4,40,6,49,5,54,0,0,0,0,1,7,0,0,0,0,1,7,73,333,73,333
2021A00053540046,107,821,286.5534,0,0,3,11,3,11,2,9,0,0,2,9,0,0,0,0,1,15,34,148,34,148
2021A00053540050,110,1325,376.8892,1,8,2,15,4,28,0,0,0,0,2,14,0,0,2,36,2,36,29,459,31,473
2021A00053540055,222,3193,179.0142,0,0,3,125,3,186,0,0,0,0,1,4,0,0,0,0,2,18,36,407,36,407
2021A00053540063,43,281,586.877,0,0,0,0,0,0,0,0,0,0,0,0,0,0,0,0,0,0,10,44,10,44
2021A00053541004,181,1698,486.8643,0,0,1,7,3,12,0,0,0,0,0,0,1,2,2,36,5,48,42,242,42,242
2021A00053541015,185,1471,440.729,1,8,1,8,1,8,0,0,0,0,0,0,0,0,0,0,0,0,32,127,32,127
2021A00053541024,382,6555,537.795,0,0,2,27,1,21,0,0,0,0,1,17,0,0,0,0,2,5,32,654,32,654
2021A00053541032,379,5139,564.6422,2,146,3,149,1,30,0,0,0,0,0,0,0,0,3,64,9,96,56,513,57,520
2021A00053541043,212,2366,458.7569,1,13,3,9,4,44,2,5,0,0,4,71,0,0,1,15,1,15,36,158,37,193
2021A00053541045,469,5040,170.1938,2,5,4,20,2,6,1,3,0,0,1,3,0,0,0,0,2,5,20,85,20,85
2021A00053541055,330,3547,530.6122,2,6,3,34,1,28,1,28,0,0,1,28,0,0,2,22,2,22,24,199,25,202
2021A00053541056,0,0,5.7586,0,0,0,0,0,0,0,0,0,0,0,0,0,0,0,0,0,0,0,0,0,0
2021A00053541057,2,153,41.4158,0,0,0,0,0,0,0,0,0,0,0,0,0,0,0,0,0,0,0,0,0,0
2021A00053541060,3,200,63.7573,0,0,0,0,0,0,0,0,0,0,0,0,0,0,0,0,0,0,0,0,0,0
2021A00053541069,209,1866,775.696,0,0,2,34,0,0,0,0,0,0,0,0,0,0,0,0,0,0,6,45,6,45
2021A00053542004,115,932,875.2086,0,0,1,3,0,0,0,0,0,0,1,3,0,0,0,0,2,10,18,176,18,176
2021A00053542005,437,3939,643.0785,2,7,28,118,36,143,9,48,0,0,15,78,0,0,8,31,11,47,105,435,107,441
2021A00053542015,417,4780,879.0298,4,9,27,107,34,127,9,37,0,0,11,43,0,0,6,18,7,21,81,364,83,370
2021A00053542029,387,6128,9.7802,3,7,6,93,0,0,0,0,0,0,3,91,0,0,0,0,2,9,35,355,35,355
2021A00053542037,170,1153,594.4351,0,0,2,15,2,15,2,15,0,0,1,12,0,0,2,37,3,40,32,117,32,117
2021A00053542045,478,7000,284.6528,1,2,5,16,2,90,1,3,0,0,2,6,0,0,0,0,6,25,48,505,48,505
2021A00053542047,346,2751,587.5653,1,5,0,0,0,0,0,0,0,0,1,3,0,0,2,10,2,10,39,158,39,158
2021A00053542053,345,4746,599.9631,1,7,2,90,2,90,1,6,0,0,3,46,1,7,0,0,4,10,35,234,35,234
2021A00053542059,798,13438,24.2137,1,42,4,339,4,137,0,0,0,0,2,41,1,5,0,0,2,49,26,626,26,626
2021A00053543003,281,1782,371.5321,1,2,3,7,4,14,1,3,0,0,1,3,0,0,2,10,3,13,25,94,25,94
2021A00053543005,465,4602,556.3745,2,5,9,139,10,47,2,9,0,0,5,34,0,0,3,9,8,30,58,344,62,372
2021A00053543007,1422,18922,273.8681,9,1651,16,1169,18,641,2,6,0,0,12,207,1,514,6,95,10,123,87,1485,93,2306
2021A00053543009,771,8192,535.8534,1,64,7,89,6,26,1,6,0,0,3,17,0,0,5,84,5,84,38,274,39,281
2021A00053543014,1027,10838,200.6757,9,368,17,626,11,471,2,9,0,0,6,338,2,10,3,50,7,62,60,589,64,1029
2021A00053543015,512,4614,523.0626,0,0,4,41,4,48,2,31,0,0,3,34,0,0,2,18,4,23,28,327,28,327
2021A00053543017,1109,11527,262.3924,5,94,16,143,11,139,2,15,0,0,7,39,0,0,1,63,3,68,53,362,56,395
2021A00053543019,229,2114,414.9354,0,0,5,18,3,37,1,3,0,0,1,3,0,0,0,0,0,0,19,329,19,329
2021A00053543021,386,4715,279.9158,1,11,0,0,1,2,0,0,0,0,0,0,1,2,1,126,1,126,23,514,23,514
2021A00053543023,530,5829,585.4177,5,97,16,665,14,726,2,31,0,0,5,39,4,135,0,0,2,6,52,1002,53,1005
2021A00053543031,1116,15860,33.1545,3,250,10,259,4,290,0,0,0,0,4,53,0,0,0,0,3,79,45,875,46,882
2021A00053543042,4556,75980,99.0088,31,745,71,1632,58,1395,4,40,0,0,16,167,6,117,8,138,15,271,180,3265,194,3779
2021A00053543050,15,1610,11.1544,0,0,0,0,0,0,0,0,0,0,0,0,0,0,0,0,0,0,0,0,0,0
2021A00053543052,1046,15969,28.5294,2,41,14,332,9,352,3,21,0,0,8,47,0,0,2,28,4,94,40,948,42,954
2021A00053543064,438,4776,57.4219,0,0,3,8,4,11,0,0,0,0,0,0,0,0,0,0,1,2,10,23,10,23
2021A00053543068,291,2455,335.0513,1,2,3,19,2,21,0,0,0,0,1,7,0,0,1,14,2,21,17,71,18,78
2021A00053543069,0,0,51.9051,0,0,0,0,0,0,0,0,0,0,0,0,0,0,0,0,0,0,0,0,0,0
2021A00053543070,0,0,0.0707,0,0,0,0,0,0,0,0,0,0,0,0,0,0,0,0,0,0,0,0,0,0
2021A00053543071,182,1150,137.8564,2,7,2,6,3,9,1,3,0,0,0,0,0,0,1,3,3,7,15,50,15,50
2021A00053543072,229,4015,25.4227,4,362,6,394,5,53,0,0,0,0,1,2,1,2,1,3,1,3,11,406,12,440
2021A00053543074,618,12341,35.329,3,737,10,777,7,760,2,87,0,0,2,87,0,0,1,3,3,47,33,1422,33,1422
2021A00053544002,466,5503,489.1123,3,11,9,224,5,21,0,0,0,0,2,10,1,5,1,3,3,13,21,294,23,304
2021A00053544018,797,10700,615.1973,5,102,3,45,4,43,0,0,0,0,3,11,2,72,2,72,6,96,31,640,32,675
2021A00053544027,178,1809,667.4319,1,13,1,59,0,0,0,0,0,0,0,0,0,0,0,0,1,6,9,129,9,129
2021A00053544042,1041,12267,705.1844,1,125,6,156,4,142,0,0,0,0,3,28,0,0,5,61,11,75,39,598,40,605
2021A00053544053,314,3990,774.4616,0,0,1,3,2,6,0,0,0,0,0,0,0,0,2,6,2,6,11,94,11,94
2021A00053544065,176,1776,525.2865,0,0,2,6,2,6,0,0,0,0,2,6,0,0,0,0,1,6,2,10,4,16
2021A00053544071,0,0,59.6586,0,0,0,0,0,0,0,0,0,0,0,0,0,0,0,0,0,0,0,0,0,0
2021A00053544073,0,0,3.139,0,0,0,0,0,0,0,0,0,0,0,0,0,0,0,0,0,0,0,0,0,0
2021A00053546005,67,553,688.1824,0,0,0,0,1,14,0,0,0,0,0,0,0,0,3,36,3,36,6,70,6,70
2021A00053546015,245,2281,847.3722,2,6,2,6,3,41,0,0,0,0,1,35,0,0,0,0,1,15,8,30,9,65
2021A00053546018,42,358,999.6942,0,0,2,24,1,21,0,0,0,0,0,0,0,0,0,0,0,0,3,39,3,39
2021A00053546024,340,3514,1474.2204,0,0,1,6,1,15,0,0,0,0,1,15,0,0,1,34,4,44,9,86,10,101
2021A00053547002,299,5318,13.0382,2,24,6,237,4,139,1,15,0,0,4,38,0,0,0,0,1,2,17,402,19,420
2021A00053547003,146,906,255.2754,0,0,4,9,2,5,0,0,0,0,0,0,0,0,1,6,3,42,16,71,16,71
2021A00053547008,68,592,1018.1487,0,0,0,0,0,0,0,0,0,0,0,0,0,0,0,0,1,2,1,2,1,2
2021A00053547020,26,182,701.2927,1,2,2,7,3,10,0,0,0,0,0,0,0,0,4,54,4,54,6,61,6,61
2021A00053547030,161,2413,665.8288,0,0,0,0,1,7,0,0,0,0,0,0,0,0,2,14,7,35,9,85,9,85
2021A00053547033,76,468,391.6037,0,0,0,0,0,0,0,0,0,0,0,0,0,0,0,0,2,4,4,8,4,8
2021A00053547035,122,1022,588.3577,0,0,0,0,2,10,0,0,0,0,0,0,0,0,6,88,8,92,12,98,12,98
2021A00053547037,12,255,7.3822,0,0,0,0,0,0,0,0,0,0,0,0,0,0,0,0,0,0,1,2,1,2
2021A00053547043,28,152,519.5858,0,0,0,0,0,0,0,0,0,0,0,0,0,0,0,0,0,0,5,7,5,7
2021A00053547046,68,994,158.0226,0,0,0,0,0,0,0,0,0,0,0,0,0,0,0,0,0,0,2,4,2,4
2021A00053547048,343,6031,12.8111,0,0,3,45,2,42,0,0,0,0,3,50,0,0,2,14,5,169,23,303,25,345
2021A00053547056,201,2247,535.4753,0,0,5,395,3,18,1,6,0,0,4,344,0,0,0,0,2,6,33,471,34,478
2021A00053547064,487,9509,14.3232,1,26,2,164,1,26,0,0,0,0,0,0,0,0,1,3,1,3,8,222,8,222
2021A00053547070,22,337,369.2335,0,0,0,0,0,0,0,0,0,0,0,0,0,0,1,143,1,143,1,143,1,143
2021A00053547075,255,3989,539.0791,0,0,2,5,2,5,1,3,0,0,1,3,0,0,1,3,3,19,23,404,23,404
2021A00053547076,234,3450,164.6987,0,0,0,0,0,0,0,0,0,0,1,8,0,0,3,117,5,127,10,145,10,145
2021A00053547090,13,734,634.3101,0,0,0,0,1,3,0,0,0,0,0,0,0,0,1,3,1,3,1,3,1,3
2021A00053547096,90,1209,50.2714,0,0,0,0,0,0,0,0,0,0,0,0,0,0,0,0,2,8,2,8,2,8
2021A00053547098,4,28,719.1993,0,0,0,0,0,0,0,0,0,0,0,0,0,0,0,0,0,0,0,0,0,0
2021A00053548001,28,471,867.733,0,0,0,0,0,0,0,0,0,0,0,0,0,0,2,215,2,215,2,215,2,215
2021A00053548013,0,0,564.2333,0,0,0,0,0,0,0,0,0,0,0,0,0,0,0,0,0,0,0,0,0,0
2021A00053548019,5,19,200.12,0,0,0,0,0,0,0,0,0,0,0,0,0,0,0,0,0,0,0,0,0,0
2021A00053548021,93,1158,3.6659,1,70,0,0,0,0,0,0,0,0,0,0,1,70,0,0,1,2,4,77,4,77
2021A00053548022,0,0,140.1323,0,0,0,0,0,0,0,0,0,0,0,0,0,0,0,0,0,0,0,0,0,0
2021A00053548027,31,341,206.2199,0,0,0,0,1,21,0,0,0,0,0,0,0,0,0,0,0,0,4,146,4,146
2021A00053548031,17,123,205.7694,0,0,1,4,2,7,0,0,0,0,1,3,0,0,1,3,1,3,5,16,6,19
2021A00053548034,101,1193,151.944,0,0,0,0,1,2,0,0,0,0,0,0,0,0,0,0,1,7,4,12,4,12
2021A00053548044,1679,32371,315.529,6,123,24,160,26,376,4,20,0,0,12,167,1,24,1,34,5,89,58,754,63,880
2021A00053548055,314,3599,1956.2716,1,6,2,24,4,61,2,24,0,0,3,59,0,0,1,34,2,36,18,116,19,151
2021A00053548069,50,534,1878.1232,0,0,0,0,0,0,0,0,0,0,0,0,0,0,0,0,0,0,0,0,0,0
2021A00053548072,3,172,2.8821,0,0,0,0,0,0,0,0,0,0,0,0,0,0,0,0,0,0,0,0,0,0
2021A00053548073,2,353,60.8709,0,0,0,0,0,0,0,0,0,0,0,0,0,0,0,0,0,0,0,0,0,0
2021A00053548091,0,0,6711.5074,0,0,0,0,0,0,0,0,0,0,0,0,0,0,0,0,0,0,0,0,0,0
2021A00053548094,5,23,3721.1959,0,0,0,0,0,0,0,0,0,0,0,0,0,0,0,0,0,0,0,0,0,0
2021A00053549003,185,1794,586.9928,0,0,1,3,2,17,1,3,0,0,1,3,0,0,0,0,0,0,10,151,10,151
2021A00053549005,32,348,592.1393,0,0,0,0,1,15,0,0,0,0,1,15,0,0,0,0,0,0,0,0,1,15
2021A00053549012,17,139,275.2585,0,0,0,0,0,0,0,0,0,0,0,0,0,0,0,0,0,0,1,4,1,4
2021A00053549014,65,499,186.339,1,2,1,2,0,0,0,0,0,0,0,0,0,0,0,0,2,5,6,12,6,12
2021A00053549018,27,165,528.2109,0,0,0,0,0,0,0,0,0,0,0,0,0,0,0,0,0,0,0,0,0,0
2021A00053549019,8,24,163.5236,0,0,0,0,0,0,0,0,0,0,0,0,0,0,0,0,0,0,0,0,0,0
2021A00053549022,84,899,3.0871,2,33,2,33,3,173,0,0,0,0,1,140,0,0,0,0,1,3,6,180,6,180
2021A00053549024,16,112,185.9324,0,0,0,0,0,0,0,0,0,0,0,0,0,0,0,0,0,0,1,1,1,1
2021A00053549028,33,338,176.0717,0,0,1,2,1,3,0,0,0,0,0,0,0,0,1,3,1,3,3,7,3,7
2021A00053549031,133,1022,264.0218,2,10,2,67,2,63,2,63,0,0,1,60,0,0,0,0,0,0,6,85,7,92
2021A00053549032,344,5592,13.1049,0,0,2,62,0,0,0,0,0,0,0,0,0,0,0,0,2,6,10,157,10,157
2021A00053549036,0,0,244.3243,0,0,0,0,0,0,0,0,0,0,0,0,0,0,0,0,0,0,0,0,0,0
2021A00053549039,26,162,923.6973,0,0,0,0,0,0,0,0,0,0,0,0,0,0,0,0,0,0,0,0,0,0
2021A00053549043,47,472,526.3069,0,0,0,0,1,3,0,0,0,0,0,0,0,0,0,0,0,0,3,21,3,21
2021A00053549046,23,225,158.8803,0,0,0,0,0,0,0,0,0,0,0,0,0,0,0,0,1,6,2,7,2,7
2021A00053549048,53,579,2.2455,0,0,0,0,0,0,0,0,0,0,0,0,0,0,0,0,0,0,2,4,2,4
2021A00053549051,5,27,193.9518,0,0,0,0,0,0,0,0,0,0,0,0,0,0,0,0,0,0,2,18,2,18
2021A00053549054,0,0,182.6485,0,0,0,0,0,0,0,0,0,0,0,0,0,0,0,0,0,0,0,0,0,0
2021A00053549056,61,587,4.1076,0,0,1,5,1,5,0,0,0,0,0,0,0,0,2,17,3,18,7,66,7,66
2021A00053549060,102,1133,223.2601,0,0,0,0,1,3,0,0,0,0,0,0,0,0,1,3,3,8,7,25,7,25
2021A00053549066,111,745,102.9822,0,0,1,6,1,6,1,6,0,0,2,8,0,0,0,0,0,0,4,11,4,11
2021A00053549071,28,156,387.9514,0,0,0,0,0,0,0,0,0,0,0,0,0,0,0,0,1,3,4,8,4,8
2021A00053549072,11,109,32.2451,0,0,0,0,0,0,0,0,0,0,0,0,0,0,0,0,0,0,0,0,0,0
2021A00053549073,0,0,71.3055,0,0,0,0,0,0,0,0,0,0,0,0,0,0,0,0,0,0,0,0,0,0
2021A00053549075,0,0,84.5404,0,0,0,0,0,0,0,0,0,0,0,0,0,0,0,0,0,0,0,0,0,0
2021A00053549076,3,117,25.8481,0,0,0,0,0,0,0,0,0,0,0,0,0,0,0,0,0,0,0,0,0,0
2021A00053549077,4,243,150.1918,0,0,0,0,0,0,0,0,0,0,0,0,0,0,0,0,0,0,0,0,0,0
2021A00053549078,19,209,44.4125,0,0,0,0,0,0,0,0,0,0,0,0,0,0,0,0,0,0,1,3,1,3
2021A00053549093,0,0,10.0123,0,0,0,0,0,0,0,0,0,0,0,0,0,0,0,0,0,0,0,0,0,0
2021A00053549095,3,9,183.0397,0,0,0,0,0,0,0,0,0,0,0,0,0,0,0,0,0,0,0,0,0,0
2021A00053549096,47,249,2587.288,0,0,0,0,0,0,0,0,0,0,0,0,0,0,1,3,1,3,1,3,1,3
2021A00053551001,19,117,131.7029,0,0,0,0,0,0,0,0,0,0,0,0,0,0,0,0,0,0,0,0,0,0
2021A00053551006,100,1251,427.6145,0,0,0,0,0,0,0,0,0,0,0,0,0,0,0,0,1,7,5,17,5,17
2021A00053551011,28,184,224.886,0,0,2,6,1,5,0,0,0,0,0,0,0,0,0,0,0,0,4,11,4,11
2021A00053551017,110,1218,489.1931,0,0,1,6,0,0,0,0,0,0,0,0,0,0,1,3,1,3,6,44,6,44
2021A00053551021,19,125,208.8094,0,0,0,0,0,0,0,0,0,0,0,0,0,0,0,0,0,0,0,0,0,0
2021A00053551026,78,1743,5.1404,0,0,1,12,0,0,0,0,0,0,1,3,0,0,0,0,1,2,5,21,5,21
2021A00053551027,10,70,263.4434,0,0,0,0,0,0,0,0,0,0,0,0,0,0,0,0,0,0,0,0,0,0
2021A00053551028,6,38,217.3349,0,0,0,0,0,0,0,0,0,0,0,0,0,0,0,0,0,0,2,7,2,7
2021A00053551034,0,0,168.9012,0,0,0,0,0,0,0,0,0,0,0,0,0,0,0,0,0,0,0,0,0,0
2021A00053551040,6,98,39.7322,0,0,0,0,0,0,0,0,0,0,0,0,0,0,0,0,0,0,0,0,0,0
2021A00053551041,1,75,6.4667,0,0,0,0,0,0,0,0,0,0,0,0,0,0,0,0,0,0,0,0,0,0
2021A00053551042,0,0,20.648,0,0,0,0,0,0,0,0,0,0,0,0,0,0,0,0,0,0,0,0,0,0
2021A00053551043,20,1057,409.0412,0,0,0,0,0,0,0,0,0,0,0,0,0,0,0,0,0,0,1,8,1,8
2021A00053551044,4,84,20.0621,0,0,0,0,0,0,0,0,0,0,0,0,0,0,0,0,0,0,1,2,1,2
2021A00053551045,24,443,32.9924,0,0,0,0,0,0,0,0,0,0,0,0,0,0,0,0,0,0,1,2,1,2
2021A00053551094,5,27,402.2868,0,0,0,0,0,0,0,0,0,0,0,0,0,0,0,0,0,0,1,15,1,15
2021A00053551100,0,0,5.2834,0,0,0,0,0,0,0,0,0,0,0,0,0,0,0,0,0,0,0,0,0,0
2021A00053552001,110,1061,717.9088,0,0,1,28,2,37,1,28,0,0,1,28,0,0,4,109,6,130,10,191,10,191
2021A00053552004,24,152,314.4614,0,0,0,0,0,0,0,0,0,0,0,0,0,0,1,3,2,6,2,6,2,6
2021A00053552013,26,158,505.924,0,0,0,0,1,5,0,0,0,0,0,0,0,0,0,0,0,0,3,12,3,12
2021A00053552023,49,770,801.0359,0,0,0,0,0,0,0,0,0,0,0,0,0,0,0,0,2,4,5,11,5,11
2021A00053552026,138,2910,81.0034,0,0,1,13,0,0,0,0,0,0,0,0,0,0,0,0,2,4,5,112,5,112
2021A00053552028,9,51,82.4898,0,0,0,0,0,0,0,0,0,0,0,0,0,0,0,0,0,0,1,1,1,1
2021A00053552031,7,276,159.1769,0,0,1,6,1,6,1,6,0,0,1,6,0,0,1,72,2,74,3,80,3,80
2021A00053552036,16,216,1469.3967,0,0,0,0,0,0,0,0,0,0,0,0,0,0,0,0,0,0,1,35,1,35
2021A00053552037,0,0,138.5486,0,0,0,0,0,0,0,0,0,0,0,0,0,0,0,0,0,0,0,0,0,0
2021A00053552051,5,222,170.1611,0,0,0,0,0,0,0,0,0,0,0,0,0,0,0,0,0,0,0,0,0,0
2021A00053552052,2,14,46.4286,0,0,0,0,0,0,0,0,0,0,0,0,0,0,0,0,0,0,0,0,0,0
2021A00053552053,5,43,7.6093,0,0,0,0,0,0,0,0,0,0,0,0,0,0,0,0,0,0,0,0,0,0
2021A00053552054,0,0,1.8577,0,0,0,0,0,0,0,0,0,0,0,0,0,0,0,0,0,0,0,0,0,0
2021A00053552056,0,0,9.2464,0,0,0,0,0,0,0,0,0,0,0,0,0,0,0,0,0,0,0,0,0,0
2021A00053552058,0,0,1.1689,0,0,0,0,0,0,0,0,0,0,0,0,0,0,0,0,0,0,0,0,0,0
2021A00053552092,72,979,13.1977,0,0,0,0,0,0,0,0,0,0,1,13,0,0,1,143,4,150,6,166,6,166
2021A00053552093,26,402,35377.1733,0,0,0,0,0,0,0,0,0,0,0,0,0,0,1,15,1,15,1,15,1,15
2021A00053553005,4264,85366,3186.2598,21,236,38,623,49,1463,4,316,0,0,35,3952,7,153,4,24,11,72,163,2493,186,5683
2021A00053553040,1,7,10.5917,0,0,0,0,0,0,0,0,0,0,0,0,0,0,0,0,0,0,0,0,0,0
2021A00053554001,8,56,177.9517,0,0,0,0,0,0,0,0,0,0,0,0,0,0,0,0,1,2,1,2,1,2
2021A00053554006,5,27,152.255,0,0,0,0,0,0,0,0,0,0,0,0,0,0,0,0,0,0,0,0,0,0
2021A00053554008,18,130,2.0667,0,0,0,0,0,0,0,0,0,0,1,9,0,0,0,0,0,0,1,9,1,9
2021A00053554014,10,78,49.812,0,0,0,0,0,0,0,0,0,0,0,0,0,0,0,0,0,0,2,5,2,5
2021A00053554020,443,7486,176.6664,1,15,4,55,6,144,0,0,0,0,2,49,0,0,2,6,4,131,26,321,28,351
2021A00053554021,9,450,90.2845,0,0,0,0,0,0,0,0,0,0,0,0,0,0,0,0,0,0,0,0,0,0
2021A00053554024,5,95,90.6561,0,0,0,0,0,0,0,0,0,0,0,0,0,0,0,0,0,0,1,6,1,6
2021A00053554026,0,0,92.3393,0,0,0,0,0,0,0,0,0,0,0,0,0,0,0,0,0,0,0,0,0,0
2021A00053554029,5,27,80.8019,0,0,0,0,0,0,0,0,0,0,0,0,0,0,0,0,0,0,1,2,1,2
2021A00053554032,2,6,81.9726,0,0,0,0,0,0,0,0,0,0,0,0,0,0,0,0,0,0,0,0,0,0
2021A00053554034,2,14,91.2675,0,0,0,0,0,0,0,0,0,0,0,0,0,0,0,0,0,0,0,0,0,0
2021A00053554036,64,708,90.163,0,0,2,8,3,82,1,3,0,0,2,77,0,0,1,14,1,14,18,78,19,152
2021A00053554038,24,220,6.5898,0,0,1,21,0,0,0,0,0,0,0,0,0,0,0,0,0,0,7,48,7,48
2021A00053554042,11,141,85.3967,0,0,0,0,0,0,0,0,0,0,0,0,0,0,1,72,1,72,1,72,1,72
2021A00053554044,4,16,92.7354,0,0,0,0,0,0,0,0,0,0,0,0,0,0,0,0,0,0,1,2,1,2
2021A00053554049,11,101,89.2084,0,0,0,0,0,0,0,0,0,0,0,0,0,0,0,0,1,6,4,14,4,14
2021A00053554052,63,1148,2.9177,0,0,0,0,0,0,0,0,0,0,0,0,0,0,0,0,1,3,4,294,4,294
2021A00053554054,1,3,110.8065,0,0,0,0,0,0,0,0,0,0,0,0,0,0,0,0,0,0,0,0,0,0
2021A00053554056,8,739,539.5577,0,0,0,0,0,0,0,0,0,0,1,90,0,0,0,0,0,0,1,90,1,90
2021A00053554057,0,0,33.0948,0,0,0,0,0,0,0,0,0,0,0,0,0,0,0,0,0,0,0,0,0,0
2021A00053554058,4,52,85.621,0,0,0,0,0,0,0,0,0,0,0,0,0,0,0,0,0,0,0,0,0,0
2021A00053554062,7,89,227.6201,0,0,0,0,0,0,0,0,0,0,0,0,0,0,0,0,0,0,0,0,0,0
2021A00053554066,1,7,87.9755,0,0,0,0,0,0,0,0,0,0,0,0,0,0,0,0,0,0,0,0,0,0
2021A00053554068,183,3779,261.2877,0,0,1,6,2,90,0,0,0,0,2,93,0,0,1,69,2,70,7,194,7,194
2021A00053554091,0,0,248.5485,0,0,0,0,0,0,0,0,0,0,0,0,0,0,0,0,0,0,0,0,0,0
2021A00053554094,17,119,10199.8049,0,0,0,0,1,3,0,0,0,0,0,0,0,0,1,3,2,5,3,6,3,6
2021A00053556014,56,1007,1161.8871,0,0,0,0,0,0,0,0,0,0,1,60,0,0,0,0,1,2,2,62,2,62
2021A00053556027,1137,23892,2955.3264,2,26,4,24,6,135,1,15,0,0,9,331,0,0,3,52,8,96,38,607,42,681
2021A00053556031,82,1472,599.0313,0,0,0,0,0,0,0,0,0,0,0,0,0,0,0,0,0,0,1,3,1,3
2021A00053556033,2,50,78.2318,0,0,0,0,0,0,0,0,0,0,0,0,0,0,0,0,0,0,0,0,0,0
2021A00053556042,179,3527,537.9017,1,2,1,2,1,2,0,0,0,0,2,91,0,0,1,143,4,169,10,550,10,550
2021A00053556048,33,395,199.7263,0,0,0,0,0,0,0,0,0,0,0,0,0,0,0,0,0,0,1,2,1,2
2021A00053556052,11,53,1010.4496,0,0,0,0,0,0,0,0,0,0,0,0,0,0,0,0,0,0,0,0,0,0
2021A00053556056,37,307,234.4636,0,0,0,0,0,0,0,0,0,0,1,2,0,0,1,30,4,38,6,42,6,42
2021A00053556066,264,4196,83.9818,0,0,1,3,1,3,1,3,0,0,1,3,0,0,2,79,5,98,10,384,10,384
2021A00053556070,14,98,378.8892,0,0,0,0,0,0,0,0,0,0,0,0,0,0,0,0,2,5,2,5,2,5
2021A00053556073,5,39,327.0935,0,0,0,0,0,0,0,0,0,0,0,0,0,0,0,0,0,0,0,0,0,0
2021A00053556076,223,3684,98.0598,1,3,1,3,2,17,0,0,0,0,0,0,0,0,3,51,8,118,13,193,13,193
2021A00053556077,5,27,412.8052,0,0,0,0,0,0,0,0,0,0,0,0,0,0,0,0,0,0,0,0,0,0
2021A00053556091,0,0,552.1833,0,0,0,0,0,0,0,0,0,0,0,0,0,0,0,0,0,0,0,0,0,0
2021A00053556092,9,35,130291.6337,0,0,0,0,0,0,0,0,0,0,0,0,0,0,0,0,2,5,2,5,2,5
2021A00053556093,15,468,3.5187,0,0,0,0,0,0,0,0,0,0,0,0,0,0,0,0,0,0,0,0,0,0
2021A00053556094,32,1170,3.2477,0,0,0,0,0,0,0,0,0,0,0,0,0,0,0,0,0,0,0,0,0,0
2021A00053556095,6,420,25.6923,0,0,0,0,0,0,0,0,0,0,0,0,0,0,1,143,1,143,1,143,1,143
2021A00053556096,0,0,169.1581,0,0,0,0,0,0,0,0,0,0,0,0,0,0,0,0,0,0,0,0,0,0
2021A00053556098,0,0,53.4596,0,0,0,0,0,0,0,0,0,0,0,0,0,0,0,0,0,0,0,0,0,0
2021A00053556100,0,0,58.1746,0,0,0,0,0,0,0,0,0,0,0,0,0,0,0,0,0,0,0,0,0,0
2021A00053556102,0,0,1.2863,0,0,0,0,0,0,0,0,0,0,0,0,0,0,0,0,0,0,0,0,0,0
2021A00053556106,0,0,547.826,0,0,0,0,0,0,0,0,0,0,0,0,0,0,0,0,0,0,0,0,0,0
2021A00053557001,9,63,130.4344,0,0,0,0,0,0,0,0,0,0,0,0,0,0,0,0,1,2,2,3,2,3
2021A00053557004,4,16,114.7674,0,0,0,0,0,0,0,0,0,0,0,0,0,0,0,0,0,0,0,0,0,0
2021A00053557006,5,27,2.5183,0,0,0,0,0,0,0,0,0,0,0,0,0,0,0,0,0,0,0,0,0,0
2021A00053557008,53,379,127.6514,0,0,0,0,0,0,0,0,0,0,0,0,0,0,0,0,2,9,9,94,9,94
2021A00053557011,0,0,103.2549,0,0,0,0,0,0,0,0,0,0,0,0,0,0,0,0,0,0,0,0,0,0
2021A00053557014,11,77,52.7917,0,0,0,0,0,0,0,0,0,0,0,0,0,0,0,0,0,0,3,7,3,7
2021A00053557016,15,177,119.4744,0,0,0,0,0,0,0,0,0,0,0,0,0,0,0,0,0,0,1,2,1,2
2021A00053557019,15,185,219.2418,0,0,0,0,0,0,0,0,0,0,0,0,0,0,0,0,0,0,2,4,2,4
2021A00053557021,27,205,6.0867,0,0,0,0,0,0,0,0,0,0,0,0,0,0,0,0,0,0,2,5,2,5
2021A00053557026,2,78,9.574,0,0,0,0,0,0,0,0,0,0,0,0,0,0,0,0,0,0,0,0,0,0
2021A00053557028,46,939,4.3829,1,5,0,0,1,5,0,0,0,0,0,0,1,5,0,0,0,0,5,39,5,39
2021A00053557035,46,525,451.8745,0,0,1,3,0,0,0,0,0,0,0,0,0,0,1,72,3,76,8,126,8,126
2021A00053557038,105,1848,513.98,0,0,0,0,0,0,0,0,0,0,1,130,0,0,1,3,1,3,4,171,4,171
2021A00053557039,23,153,106.8961,0,0,0,0,1,9,0,0,0,0,0,0,0,0,0,0,0,0,1,9,1,9
2021A00053557040,15,101,230.1653,0,0,0,0,0,0,0,0,0,0,1,4,0,0,0,0,0,0,2,19,2,19
2021A00053557041,212,3132,696.0558,2,29,0,0,2,26,0,0,0,0,0,0,1,24,0,0,2,9,6,42,6,42
2021A00053557051,54,482,163.2557,0,0,1,3,1,3,0,0,0,0,1,3,0,0,0,0,0,0,2,5,3,8
2021A00053557061,1761,35595,221.9912,3,19,11,302,14,1226,4,52,0,0,12,1205,0,0,4,67,9,86,49,1729,53,1797
2021A00053557066,12,92,84.9786,0,0,0,0,0,0,0,0,0,0,0,0,0,0,0,0,0,0,0,0,0,0
2021A00053557071,6,42,96.8279,0,0,0,0,0,0,0,0,0,0,0,0,0,0,0,0,0,0,0,0,0,0
2021A00053557072,7,308,76.1413,0,0,0,0,0,0,0,0,0,0,0,0,0,0,0,0,0,0,1,2,1,2
2021A00053557073,0,0,18.2616,0,0,0,0,0,0,0,0,0,0,0,0,0,0,0,0,0,0,0,0,0,0
2021A00053557074,10,226,213.7053,0,0,0,0,0,0,0,0,0,0,0,0,0,0,1,63,1,63,1,63,1,63
2021A00053557075,14,780,15.3923,0,0,0,0,1,35,0,0,0,0,1,35,0,0,0,0,0,0,0,0,1,35
2021A00053557076,115,1616,411.8873,0,0,0,0,0,0,0,0,0,0,1,58,0,0,0,0,0,0,5,75,5,75
2021A00053557077,0,0,6.7056,0,0,0,0,0,0,0,0,0,0,0,0,0,0,0,0,0,0,0,0,0,0
2021A00053557078,1,15,34.1179,0,0,0,0,0,0,0,0,0,0,0,0,0,0,0,0,0,0,0,0,0,0
2021A00053557079,11,492,87.5281,0,0,0,0,0,0,0,0,0,0,1,58,0,0,0,0,1,2,2,60,2,60
2021A00053557091,33,825,95.5535,0,0,0,0,0,0,0,0,0,0,1,58,0,0,1,143,2,159,3,217,3,217
2021A00053557092,0,0,0.7079,0,0,0,0,0,0,0,0,0,0,0,0,0,0,0,0,0,0,0,0,0,0
2021A00053557094,0,0,43.1748,0,0,0,0,0,0,0,0,0,0,0,0,0,0,0,0,0,0,0,0,0,0
2021A00053557095,71,589,43618.9493,0,0,0,0,1,3,0,0,0,0,0,0,0,0,1,3,6,16,9,37,9,37
2021A00053557096,25,406,203.0363,0,0,0,0,0,0,0,0,0,0,0,0,0,0,1,143,1,143,2,146,2,146
2021A00053558001,37,203,873.7821,0,0,0,0,0,0,0,0,0,0,0,0,0,0,1,7,1,7,6,25,6,25
2021A00053558003,25,1247,58.4978,0,0,0,0,0,0,0,0,0,0,0,0,0,0,1,14,1,14,1,14,1,14
2021A00053558004,3111,60200,327.7716,6,20,29,296,15,300,1,60,0,0,19,403,0,0,3,436,16,521,98,1798,105,1990
2021A00053558011,231,2862,350.51,1,1,3,75,5,89,1,60,0,0,3,67,0,0,4,30,6,46,36,223,37,226
2021A00053558012,11,105,92.6764,0,0,0,0,0,0,0,0,0,0,0,0,0,0,0,0,0,0,1,1,1,1
2021A00053558016,0,0,108.5557,0,0,0,0,0,0,0,0,0,0,0,0,0,0,0,0,0,0,0,0,0,0
2021A00053558019,13,51,167.6493,0,0,0,0,0,0,0,0,0,0,0,0,0,0,0,0,1,4,2,5,2,5
2021A00053558028,74,605,571.3443,0,0,2,5,2,8,1,3,0,0,1,3,0,0,0,0,0,0,8,23,8,23
2021A00053558034,5,47,211.2519,0,0,0,0,0,0,0,0,0,0,0,0,0,0,1,3,1,3,2,5,2,5
2021A00053558041,7,65,62.102,0,0,0,0,0,0,0,0,0,0,0,0,0,0,0,0,0,0,0,0,0,0
2021A00053558044,55,905,107.9386,0,0,0,0,0,0,0,0,0,0,0,0,0,0,0,0,0,0,0,0,0,0
2021A00053558051,0,0,35.8058,0,0,0,0,0,0,0,0,0,0,0,0,0,0,0,0,0,0,0,0,0,0
2021A00053558054,32,1304,151.4953,0,0,0,0,0,0,0,0,0,0,0,0,0,0,0,0,0,0,1,350,1,350
2021A00053558059,90,1493,167.0282,0,0,0,0,1,9,0,0,0,0,0,0,0,0,0,0,1,3,4,16,4,16
2021A00053558060,0,0,1.672,0,0,0,0,0,0,0,0,0,0,0,0,0,0,0,0,0,0,0,0,0,0
2021A00053558061,5,183,0.3162,0,0,0,0,0,0,0,0,0,0,0,0,0,0,0,0,0,0,0,0,0,0
2021A00053558062,13,594,4.0299,0,0,0,0,0,0,0,0,0,0,1,58,0,0,0,0,0,0,1,58,1,58
2021A00053558063,1,35,2.028,0,0,0,0,0,0,0,0,0,0,0,0,0,0,0,0,0,0,0,0,0,0
2021A00053558064,5,127,0.8638,0,0,0,0,0,0,0,0,0,0,0,0,0,0,0,0,0,0,0,0,0,0
2021A00053558065,3,41,39.7735,0,0,0,0,0,0,0,0,0,0,0,0,0,0,0,0,0,0,0,0,0,0
2021A00053558066,42,877,352.1733,2,4,0,0,1,3,1,3,0,0,0,0,0,0,0,0,1,30,3,34,3,34
2021A00053558067,4,359,68.6538,0,0,0,0,0,0,0,0,0,0,0,0,0,0,0,0,0,0,1,1,1,1
2021A00053558068,0,0,2.7521,0,0,0,0,0,0,0,0,0,0,0,0,0,0,0,0,0,0,0,0,0,0
2021A00053558069,3,85,0.2598,0,0,0,0,0,0,0,0,0,0,0,0,0,0,1,7,1,7,1,7,1,7
2021A00053558074,0,0,10.7128,0,0,0,0,0,0,0,0,0,0,0,0,0,0,0,0,0,0,0,0,0,0
2021A00053558075,143,2126,2727.0352,0,0,0,0,0,0,0,0,0,0,2,15,0,0,1,34,2,36,4,51,4,51
2021A00053558076,2,78,3.3384,0,0,0,0,0,0,0,0,0,0,0,0,0,0,0,0,0,0,0,0,0,0
2021A00053558077,0,0,12.8859,0,0,0,0,0,0,0,0,0,0,0,0,0,0,0,0,0,0,0,0,0,0
2021A00053558080,0,0,57.0578,0,0,0,0,0,0,0,0,0,0,0,0,0,0,0,0,0,0,0,0,0,0
2021A00053558085,2,353,47.4792,0,0,0,0,0,0,0,0,0,0,0,0,0,0,0,0,0,0,0,0,0,0
2021A00053558090,76,628,96255.9194,0,0,0,0,0,0,0,0,0,0,1,3,0,0,0,0,2,8,6,15,6,15
2021A00053558092,0,0,2.2437,0,0,0,0,0,0,0,0,0,0,0,0,0,0,0,0,0,0,0,0,0,0
2021A00053558097,1,3,2.5556,0,0,0,0,0,0,0,0,0,0,0,0,0,0,0,0,0,0,0,0,0,0
2021A00053558100,0,0,17.3228,0,0,0,0,0,0,0,0,0,0,0,0,0,0,0,0,0,0,0,0,0,0
2021A00053559001,92,1377,313.6416,0,0,0,0,1,33,0,0,0,0,0,0,0,0,3,138,5,142,6,151,6,151
2021A00053559011,0,0,116.5966,0,0,0,0,0,0,0,0,0,0,0,0,0,0,0,0,0,0,0,0,0,0
2021A00053559012,334,6584,25.5508,0,0,1,3,0,0,0,0,0,0,0,0,0,0,1,15,6,40,9,54,9,54
2021A00053559016,25,366,237.1225,0,0,1,3,0,0,0,0,0,0,0,0,0,0,1,30,2,33,3,36,3,36
2021A00053559019,80,923,202.2797,0,0,0,0,0,0,0,0,0,0,0,0,0,0,1,3,3,17,10,70,10,70
2021A00053559024,34,573,558.1508,0,0,1,6,1,3,0,0,0,0,0,0,0,0,1,3,2,5,8,305,8,305
2021A00053559026,33,826,22.7254,0,0,0,0,0,0,0,0,0,0,2,93,0,0,0,0,0,0,4,96,4,96
2021A00053559031,11,93,388.3841,0,0,0,0,0,0,0,0,0,0,0,0,0,0,0,0,1,2,2,3,2,3
2021A00053559040,8,60,343.4159,0,0,0,0,0,0,0,0,0,0,0,0,0,0,0,0,0,0,2,3,2,3
2021A00053559042,0,0,3.1154,0,0,0,0,0,0,0,0,0,0,0,0,0,0,0,0,0,0,0,0,0,0
2021A00053559046,0,0,8.7056,0,0,0,0,0,0,0,0,0,0,0,0,0,0,0,0,0,0,0,0,0,0
2021A00053559047,2,10,746.2423,0,0,0,0,0,0,0,0,0,0,0,0,0,0,0,0,0,0,1,2,1,2
2021A00053559051,3,93,33.7279,0,0,0,0,0,0,0,0,0,0,0,0,0,0,0,0,0,0,0,0,0,0
2021A00053559052,0,0,0.4241,0,0,0,0,0,0,0,0,0,0,0,0,0,0,0,0,0,0,0,0,0,0
2021A00053559053,9,123,0.6771,0,0,0,0,0,0,0,0,0,0,0,0,0,0,0,0,0,0,1,2,1,2
2021A00053559060,4,32,62.7046,0,0,0,0,0,0,0,0,0,0,0,0,0,0,0,0,0,0,0,0,0,0
2021A00053559061,0,0,17.9287,0,0,0,0,0,0,0,0,0,0,0,0,0,0,0,0,0,0,0,0,0,0
2021A00053559062,0,0,0.4793,0,0,0,0,0,0,0,0,0,0,0,0,0,0,0,0,0,0,0,0,0,0
2021A00053559063,0,0,65.4663,0,0,0,0,0,0,0,0,0,0,0,0,0,0,0,0,0,0,0,0,0,0
2021A00053559064,0,0,24.1166,0,0,0,0,0,0,0,0,0,0,0,0,0,0,0,0,0,0,0,0,0,0
2021A00053559066,7,97,15.7154,0,0,0,0,1,3,0,0,0,0,0,0,0,0,1,3,1,3,1,3,1,3
2021A00053559068,0,0,14.2197,0,0,0,0,0,0,0,0,0,0,0,0,0,0,0,0,0,0,0,0,0,0
2021A00053559069,0,0,9.8066,0,0,0,0,0,0,0,0,0,0,0,0,0,0,0,0,0,0,0,0,0,0
2021A00053559089,0,0,26.4255,0,0,0,0,0,0,0,0,0,0,0,0,0,0,0,0,0,0,0,0,0,0
2021A00053559090,0,0,12163.3271,0,0,0,0,0,0,0,0,0,0,0,0,0,0,0,0,0,0,0,0,0,0
2021A00053560001,48,480,72.1277,0,0,0,0,0,0,0,0,0,0,0,0,0,0,1,34,1,34,1,34,1,34
2021A00053560004,0,0,18.3598,0,0,0,0,0,0,0,0,0,0,0,0,0,0,0,0,0,0,0,0,0,0
2021A00053560005,0,0,12.083,0,0,0,0,0,0,0,0,0,0,0,0,0,0,0,0,0,0,0,0,0,0
2021A00053560008,58,860,1215.8036,0,0,0,0,0,0,0,0,0,0,0,0,0,0,0,0,0,0,0,0,0,0
2021A00053560010,669,11624,211.6539,0,0,3,64,5,81,0,0,0,0,2,69,0,0,3,307,9,381,17,472,19,541
2021A00053560021,8,52,290.142,0,0,0,0,0,0,0,0,0,0,0,0,0,0,0,0,0,0,1,5,1,5
2021A00053560024,2,82,32.3787,0,0,0,0,0,0,0,0,0,0,0,0,0,0,0,0,0,0,0,0,0,0
2021A00053560027,313,5543,65.5818,0,0,1,3,2,17,0,0,0,0,0,0,1,10,1,7,1,7,8,391,8,391
2021A00053560032,46,406,336.6868,0,0,0,0,0,0,0,0,0,0,0,0,0,0,1,72,2,76,3,79,3,79
2021A00053560034,199,5387,378.0192,0,0,0,0,0,0,0,0,0,0,0,0,0,0,0,0,4,33,4,33,4,33
2021A00053560042,149,2604,602.9295,1,3,0,0,2,18,1,3,0,0,2,105,0,0,0,0,1,2,6,122,7,137
2021A00053560046,2,78,62.9511,0,0,0,0,0,0,0,0,0,0,0,0,0,0,0,0,0,0,0,0,0,0
2021A00053560049,16,559,247.2086,0,0,0,0,0,0,0,0,0,0,0,0,0,0,0,0,0,0,0,0,0,0
2021A00053560050,0,0,363.7914,0,0,0,0,0,0,0,0,0,0,0,0,0,0,0,0,0,0,0,0,0,0
2021A00053560051,14,740,1.7524,0,0,0,0,0,0,0,0,0,0,0,0,0,0,0,0,0,0,0,0,0,0
2021A00053560052,0,0,79.0041,0,0,0,0,0,0,0,0,0,0,0,0,0,0,0,0,0,0,0,0,0,0
2021A00053560053,3,460,239.2883,0,0,0,0,0,0,0,0,0,0,0,0,0,0,0,0,0,0,0,0,0,0
2021A00053560054,2,165,17.1065,0,0,0,0,0,0,0,0,0,0,0,0,0,0,0,0,0,0,0,0,0,0
2021A00053560055,3,93,125.3658,0,0,0,0,0,0,0,0,0,0,0,0,0,0,0,0,0,0,0,0,0,0
2021A00053560056,3,97,243.7303,0,0,0,0,0,0,0,0,0,0,0,0,0,0,0,0,0,0,0,0,0,0
2021A00053560057,0,0,42.6784,0,0,0,0,0,0,0,0,0,0,0,0,0,0,0,0,0,0,0,0,0,0
2021A00053560058,1,150,39.3005,0,0,0,0,0,0,0,0,0,0,0,0,0,0,0,0,0,0,0,0,0,0
2021A00053560059,5,198,89.8424,0,0,0,0,0,0,0,0,0,0,0,0,0,0,0,0,0,0,0,0,0,0
2021A00053560060,0,0,12.4065,0,0,0,0,0,0,0,0,0,0,0,0,0,0,0,0,0,0,0,0,0,0
2021A00053560061,3,185,76.0795,0,0,0,0,0,0,0,0,0,0,0,0,0,0,0,0,0,0,0,0,0,0
2021A00053560063,0,0,5.0073,0,0,0,0,0,0,0,0,0,0,0,0,0,0,0,0,0,0,0,0,0,0
2021A00053560064,0,0,1.8543,0,0,0,0,0,0,0,0,0,0,0,0,0,0,0,0,0,0,0,0,0,0
2021A00053560065,0,0,11.8959,0,0,0,0,0,0,0,0,0,0,0,0,0,0,0,0,0,0,0,0,0,0
2021A00053560066,0,0,19.445,0,0,0,0,0,0,0,0,0,0,0,0,0,0,0,0,0,0,0,0,0,0
2021A00053560067,3,117,6.8293,0,0,0,0,0,0,0,0,0,0,0,0,0,0,0,0,0,0,0,0,0,0
2021A00053560068,5,309,32.5522,0,0,0,0,0,0,0,0,0,0,0,0,0,0,0,0,0,0,0,0,0,0
2021A00053560069,4,24,29.6436,0,0,0,0,0,0,0,0,0,0,0,0,0,0,0,0,0,0,0,0,0,0
2021A00053560070,2,385,13.6526,0,0,0,0,0,0,0,0,0,0,0,0,0,0,0,0,0,0,0,0,0,0
2021A00053560071,6,425,44.3142,0,0,0,0,0,0,0,0,0,0,1,38,0,0,0,0,0,0,1,38,1,38
2021A00053560075,5,322,277.0135,0,0,0,0,0,0,0,0,0,0,0,0,0,0,0,0,0,0,0,0,0,0
2021A00053560076,2,90,30.0728,0,0,0,0,0,0,0,0,0,0,0,0,0,0,0,0,0,0,0,0,0,0
2021A00053560077,5,658,8.3858,0,0,0,0,0,0,0,0,0,0,0,0,0,0,0,0,0,0,0,0,0,0
2021A00053560078,2,153,42.64,0,0,0,0,0,0,0,0,0,0,0,0,0,0,0,0,0,0,0,0,0,0
2021A00053560079,2,365,320.3531,0,0,0,0,0,0,0,0,0,0,0,0,0,0,0,0,0,0,0,0,0,0
2021A00053560080,1,150,18.2061,0,0,0,0,0,0,0,0,0,0,0,0,0,0,0,0,0,0,0,0,0,0
2021A00053560081,2,90,1.1526,0,0,0,0,0,0,0,0,0,0,0,0,0,0,0,0,0,0,0,0,0,0
2021A00053560082,0,0,4.8659,0,0,0,0,0,0,0,0,0,0,0,0,0,0,0,0,0,0,0,0,0,0
2021A00053560083,0,0,5.5007,0,0,0,0,0,0,0,0,0,0,0,0,0,0,0,0,0,0,0,0,0,0
2021A00053560084,13,83,30.682,0,0,0,0,0,0,0,0,0,0,0,0,0,0,0,0,0,0,0,0,0,0
2021A00053560085,3,172,64.0005,0,0,0,0,0,0,0,0,0,0,0,0,0,0,0,0,0,0,0,0,0,0
2021A00053560086,1,7,15.3947,0,0,0,0,0,0,0,0,0,0,0,0,0,0,0,0,0,0,0,0,0,0
2021A00053560088,1,75,27.1955,0,0,0,0,0,0,0,0,0,0,0,0,0,0,0,0,0,0,0,0,0,0
2021A00053560089,1,35,33.6915,0,0,0,0,0,0,0,0,0,0,0,0,0,0,0,0,0,0,0,0,0,0
2021A00053560090,125,995,388982.1976,0,0,0,0,0,0,0,0,0,0,1,2,0,0,0,0,1,7,5,41,5,41
2021A00053560091,2,153,3.2214,0,0,0,0,0,0,0,0,0,0,0,0,0,0,0,0,0,0,0,0,0,0
2021A00053560093,0,0,10.0494,0,0,0,0,0,0,0,0,0,0,0,0,0,0,0,0,0,0,0,0,0,0
2021A00053560095,3,200,144.9326,0,0,0,0,0,0,0,0,0,0,0,0,0,0,0,0,0,0,0,0,0,0
2021A00053560096,0,0,101.7303,0,0,0,0,0,0,0,0,0,0,0,0,0,0,0,0,0,0,0,0,0,0
2021A00053560097,1,150,24.7125,0,0,0,0,0,0,0,0,0,0,0,0,0,0,0,0,0,0,0,0,0,0
2021A00053560098,5,214,9.1173,0,0,0,0,0,0,0,0,0,0,0,0,0,0,0,0,0,0,0,0,0,0
2021A00053560100,0,0,53.0382,0,0,0,0,0,0,0,0,0,0,0,0,0,0,0,0,0,0,0,0,0,0
2021A00053560104,2,165,182.4503,0,0,0,0,0,0,0,0,0,0,0,0,0,0,0,0,0,0,0,0,0,0
2021A00054601035,45,546,1161.4454,0,0,0,0,1,14,0,0,0,0,0,0,0,0,0,0,1,3,14,85,14,85
2021A00054601039,33,291,2430.3215,0,0,0,0,0,0,0,0,0,0,0,0,0,0,0,0,3,15,9,77,9,77
2021A00054601043,42,374,3559.6533,0,0,0,0,0,0,0,0,0,0,0,0,0,0,0,0,1,3,6,26,6,26
2021A00054601046,68,600,697.3511,0,0,0,0,1,28,0,0,0,0,0,0,0,0,0,0,2,36,15,107,15,107
2021A00054601051,35,540,126.5058,0,0,0,0,0,0,0,0,0,0,0,0,0,0,0,0,0,0,0,0,0,0
2021A00054601057,4,12,1097.6107,0,0,0,0,0,0,0,0,0,0,0,0,0,0,0,0,0,0,2,4,2,4
2021A00054601060,129,1662,2.2604,0,0,1,13,1,13,1,13,0,0,3,28,0,0,0,0,0,0,12,99,12,99
2021A00054601070,2,110,16.5972,0,0,0,0,0,0,0,0,0,0,0,0,0,0,0,0,0,0,0,0,0,0
2021A00054601071,94,1532,1560.0487,0,0,0,0,0,0,0,0,0,0,0,0,0,0,0,0,0,0,6,12,6,12
2021A00054601075,19,133,4.8215,0,0,0,0,0,0,0,0,0,0,0,0,0,0,0,0,0,0,1,1,1,1
2021A00054601078,0,0,20.7094,0,0,0,0,0,0,0,0,0,0,0,0,0,0,0,0,0,0,0,0,0,0
2021A00054601079,0,0,21.3465,0,0,0,0,0,0,0,0,0,0,0,0,0,0,0,0,0,0,0,0,0,0
2021A00054601094,44,596,4103.2798,0,0,0,0,0,0,0,0,0,0,0,0,0,0,0,0,0,0,0,0,0,0
2021A00054602024,85,683,970.1896,0,0,0,0,0,0,0,0,0,0,0,0,0,0,0,0,1,3,19,74,19,74
2021A00054602026,0,0,8.8985,0,0,0,0,0,0,0,0,0,0,0,0,0,0,0,0,0,0,0,0,0,0
2021A00054602027,18,281,22.184,0,0,0,0,0,0,0,0,0,0,0,0,0,0,0,0,0,0,4,11,4,11
2021A00054602032,79,968,667.5677,1,8,0,0,0,0,0,0,0,0,0,0,0,0,0,0,0,0,17,58,17,58
2021A00054602037,71,709,2.6076,0,0,0,0,1,3,0,0,0,0,0,0,0,0,1,3,1,3,7,32,7,32
2021A00054602041,472,5513,730.4439,4,22,5,87,4,84,2,78,0,0,2,78,0,0,2,86,7,113,82,666,82,666
2021A00054602044,1032,15826,37.5552,1,26,2,37,7,260,0,0,0,0,2,151,1,26,2,41,4,51,53,1268,56,1454
2021A00054602046,220,2413,8.6987,2,11,4,45,4,45,1,31,0,0,1,31,0,0,0,0,1,3,26,167,26,167
2021A00054602053,142,2041,578.9661,0,0,0,0,1,3,0,0,0,0,0,0,0,0,1,3,1,3,29,499,29,499
2021A00054602057,45,391,476.8094,0,0,0,0,0,0,0,0,0,0,0,0,0,0,0,0,1,15,10,49,10,49
2021A00054602061,103,1152,4.1361,0,0,0,0,0,0,0,0,0,0,0,0,0,0,0,0,0,0,5,7,5,7
2021A00054602069,280,3720,580.6431,1,3,3,11,3,20,1,3,0,0,3,19,0,0,2,37,3,40,37,354,38,369
2021A00054602075,256,2958,332.2342,2,5,5,20,4,18,1,7,0,0,2,8,1,4,0,0,0,0,27,184,27,184
2021A00054603030,61,531,468.2505,0,0,1,3,0,0,0,0,0,0,0,0,0,0,0,0,0,0,10,37,10,37
2021A00054603040,240,4617,9.352,1,72,5,466,3,92,1,13,0,0,1,13,0,0,1,7,1,7,35,660,35,660
2021A00054603041,101,699,958.4775,2,38,2,38,2,38,0,0,0,0,0,0,0,0,0,0,0,0,24,103,24,103
2021A00054603047,160,1104,835.176,2,10,2,10,2,10,0,0,0,0,0,0,0,0,0,0,1,3,23,83,23,83
2021A00054603050,721,13478,20.7293,10,837,21,627,21,1004,4,57,0,0,6,67,0,0,1,3,3,388,62,2209,67,2423
2021A00054603053,319,5364,16.287,4,262,11,305,6,231,1,13,0,0,2,20,0,0,0,0,2,565,27,1049,27,1049
2021A00054603058,31,181,531.2423,0,0,0,0,0,0,0,0,0,0,0,0,0,0,0,0,0,0,4,15,4,15
2021A00054603062,3,21,484.4713,0,0,0,0,0,0,0,0,0,0,0,0,0,0,0,0,0,0,0,0,0,0
2021A00054603065,116,1670,1035.3182,4,230,8,208,8,382,0,0,0,0,2,6,1,76,1,7,1,7,28,517,30,523
2021A00054603067,149,2535,5.9119,2,39,3,44,2,39,0,0,0,0,0,0,0,0,0,0,0,0,21,108,21,108
2021A00054603072,22,126,916.1148,1,4,1,4,2,7,0,0,0,0,1,3,0,0,0,0,0,0,7,14,8,17
2021A00054603074,248,3009,4.316,1,72,0,0,0,0,0,0,0,0,1,3,1,72,1,35,2,38,29,199,29,199
2021A00054604034,119,801,1130.5734,0,0,0,0,0,0,0,0,0,0,0,0,0,0,0,0,0,0,25,52,25,52
2021A00054604040,99,685,934.8059,1,36,2,38,2,38,0,0,0,0,0,0,0,0,0,0,0,0,16,65,16,65
2021A00054604052,52,380,705.2656,1,38,1,3,2,18,1,3,0,0,2,18,0,0,0,0,2,6,13,69,14,84
2021A00054604057,30,322,768.6261,0,0,0,0,0,0,0,0,0,0,0,0,0,0,0,0,0,0,5,10,5,10
2021A00054604064,189,2188,923.0255,2,15,2,15,3,50,0,0,0,0,1,35,0,0,0,0,0,0,48,178,49,213
2021A00054604068,0,0,26.9276,0,0,0,0,0,0,0,0,0,0,0,0,0,0,0,0,0,0,0,0,0,0
2021A00054605025,150,1680,930.015,0,0,0,0,0,0,0,0,0,0,0,0,0,0,0,0,0,0,15,47,15,47
2021A00054605032,131,1305,1102.3841,0,0,1,7,1,7,0,0,0,0,1,7,0,0,1,75,1,75,15,116,16,123
2021A00054605038,76,644,728.1278,0,0,0,0,0,0,0,0,0,0,1,1,0,0,0,0,0,0,11,20,11,20
2021A00054605044,47,317,775.6397,0,0,0,0,0,0,0,0,0,0,1,1,0,0,0,0,0,0,14,20,14,20
2021A00054605052,99,948,3.1898,0,0,0,0,0,0,0,0,0,0,1,1,0,0,0,0,0,0,10,20,10,20
2021A00054605056,30,222,2321.7326,1,2,1,2,1,2,0,0,0,0,1,1,0,0,0,0,0,0,8,14,8,14
2021A00054605062,73,559,1350.3361,0,0,0,0,0,0,0,0,0,0,0,0,0,0,0,0,0,0,16,46,16,46
2021A00054605071,41,279,1070.9535,0,0,1,7,1,7,0,0,0,0,2,8,0,0,0,0,0,0,13,21,14,28
2021A00054606016,45,714,839.4957,0,0,0,0,0,0,0,0,0,0,0,0,0,0,0,0,0,0,10,24,10,24
2021A00054606023,84,656,1149.8599,0,0,0,0,0,0,0,0,0,0,1,1,0,0,0,0,0,0,15,36,15,36
2021A00054606029,0,0,10.4611,0,0,0,0,0,0,0,0,0,0,0,0,0,0,0,0,0,0,0,0,0,0
2021A00054606031,99,684,1977.4286,0,0,1,3,1,3,1,3,0,0,2,5,0,0,0,0,0,0,22,57,22,57
2021A00054606034,266,3436,8.9638,0,0,0,0,0,0,0,0,0,0,5,31,0,0,0,0,0,0,16,57,16,57
2021A00054606040,1,3,37.939,0,0,0,0,0,0,0,0,0,0,0,0,0,0,0,0,0,0,1,1,1,1
2021A00054607039,55,441,1071.6442,1,17,1,17,1,17,0,0,0,0,0,0,0,0,0,0,0,0,8,36,8,36
2021A00054607040,0,0,26.6165,0,0,0,0,0,0,0,0,0,0,0,0,0,0,0,0,0,0,0,0,0,0
2021A00054607046,64,551,578.8235,2,5,1,2,1,2,0,0,0,0,0,0,1,3,0,0,0,0,13,26,13,26
2021A00054607052,108,1737,579.6888,0,0,0,0,2,9,0,0,0,0,1,7,0,0,0,0,0,0,12,47,13,54
2021A00054607057,0,0,577.5959,0,0,0,0,0,0,0,0,0,0,0,0,0,0,0,0,0,0,0,0,0,0
2021A00054607060,0,0,500.513,0,0,0,0,0,0,0,0,0,0,0,0,0,0,0,0,0,0,0,0,0,0
2021A00054607062,1720,31125,79.0393,4,120,11,249,14,509,0,0,0,0,8,519,0,0,4,52,4,52,77,1470,80,1523
2021A00054607066,24,224,1762.2986,0,0,0,0,0,0,0,0,0,0,0,0,0,0,0,0,0,0,4,10,4,10
2021A00054607068,102,1692,4.7959,0,0,1,13,1,13,1,13,0,0,1,13,0,0,0,0,0,0,8,55,8,55
2021A00054607071,45,199,576.1412,1,4,0,0,0,0,0,0,0,0,0,0,0,0,0,0,0,0,13,33,13,33
2021A00054607072,0,0,0.036,0,0,0,0,0,0,0,0,0,0,0,0,0,0,0,0,0,0,0,0,0,0
2021A00054607076,67,720,576.016,1,43,1,43,1,43,0,0,0,0,0,0,0,0,0,0,0,0,8,61,8,61
2021A00054608032,80,744,737.8962,1,4,1,4,1,4,0,0,0,0,0,0,0,0,0,0,0,0,8,25,8,25
2021A00054608042,69,387,703.544,1,4,2,7,1,4,0,0,0,0,0,0,0,0,0,0,0,0,16,40,16,40
2021A00054608046,197,1818,1158.2644,3,14,2,10,3,25,0,0,0,0,0,0,0,0,0,0,1,15,32,152,32,152
2021A00054608055,16,84,1274.7434,0,0,0,0,0,0,0,0,0,0,0,0,0,0,0,0,0,0,4,7,4,7
2021A00054608060,109,1286,1909.824,0,0,0,0,0,0,0,0,0,0,0,0,0,0,0,0,0,0,27,86,27,86
2021A00054608069,2,185,59.6013,0,0,0,0,0,0,0,0,0,0,0,0,0,0,0,0,0,0,0,0,0,0
2021A00054609018,107,1120,968.8984,0,0,1,2,2,5,0,0,0,0,0,0,0,0,1,3,2,6,32,232,32,232
2021A00054609024,124,1615,1973.4508,1,35,2,77,2,77,0,0,0,0,1,75,1,35,1,7,2,10,29,139,30,214
2021A00054609025,0,0,35.0861,0,0,0,0,0,0,0,0,0,0,0,0,0,0,0,0,0,0,0,0,0,0
2021A00054609026,0,0,5.4852,0,0,0,0,0,0,0,0,0,0,0,0,0,0,0,0,0,0,0,0,0,0
2021A00054609027,2,18,0.3742,0,0,0,0,0,0,0,0,0,0,0,0,0,0,0,0,0,0,0,0,0,0
2021A00054609029,501,10200,24.7199,1,72,1,72,2,75,0,0,0,0,0,0,0,0,1,15,3,25,35,364,35,364
2021A00054609030,0,0,1.1583,0,0,0,0,0,0,0,0,0,0,0,0,0,0,0,0,0,0,0,0,0,0
2021A00054610035,364,5695,1156.1124,3,87,4,204,3,201,0,0,0,0,4,201,0,0,2,69,4,79,50,360,51,509
2021A00054610043,110,1014,552.937,1,17,2,31,2,31,0,0,0,0,1,2,0,0,0,0,0,0,25,141,25,141
2021A00054610052,46,318,205.143,1,3,2,6,1,3,0,0,0,0,1,3,0,0,0,0,0,0,6,10,7,13
2021A00054611040,20842,403494,461.7807,90,4236,201,8771,141,5311,19,451,0,0,84,2362,12,1471,16,610,49,2415,615,19844,650,21530
2021A00054611042,223,4190,107.5274,1,2,3,16,3,18,1,7,0,0,3,29,1,4,1,75,1,75,12,117,13,124
2021A00054612047,722,10956,1096.1687,5,344,9,354,10,371,3,9,0,0,6,106,1,15,1,34,3,419,63,1096,66,1121
2021A00054612054,30,206,749.6858,0,0,0,0,0,0,0,0,0,0,0,0,0,0,0,0,0,0,5,10,5,10
2021A00054612056,202,2852,5.4247,0,0,1,3,0,0,0,0,0,0,1,2,0,0,0,0,0,0,14,35,14,35
2021A00054613032,323,2684,41.7906,2,58,3,8,4,63,1,3,0,0,1,3,1,55,0,0,1,3,6,67,6,67
2021A00054613037,276,3605,87.4933,0,0,2,18,3,21,0,0,0,0,4,30,0,0,1,3,2,38,7,56,10,77
2021A00054613043,325,3854,739.6127,1,4,2,24,1,3,0,0,0,0,4,17,0,0,1,3,1,3,29,96,29,96
2021A00054613047,391,8007,24.4677,0,0,4,16,9,623,2,10,0,0,4,556,3,54,1,7,1,7,18,617,19,652
2021A00054613049,8,104,2.7955,0,0,0,0,0,0,0,0,0,0,0,0,0,0,0,0,0,0,0,0,0,0
2021A00054613056,119,897,711.1733,0,0,0,0,0,0,0,0,0,0,0,0,0,0,0,0,0,0,3,3,3,3
2021A00054613062,8,434,54.945,0,0,0,0,0,0,0,0,0,0,0,0,0,0,0,0,0,0,0,0,0,0
2021A00054614015,50,657,441.74,0,0,0,0,0,0,0,0,0,0,0,0,0,0,0,0,0,0,9,64,9,64
2021A00054614031,60,819,1197.5854,1,168,1,168,1,168,0,0,0,0,0,0,0,0,0,0,0,0,15,243,15,243
2021A00054614036,99,1053,1184.8888,0,0,2,83,1,7,0,0,0,0,3,28,0,0,1,33,1,33,19,210,20,217
2021A00054614039,218,3091,5.962,0,0,2,90,2,90,0,0,0,0,2,18,0,0,1,35,2,109,15,145,17,235
2021A00054614042,78,933,3.2297,0,0,2,78,2,78,1,3,0,0,1,3,0,0,0,0,1,75,13,109,13,109
2021A00054615020,219,3362,17.0859,1,8,3,32,2,13,0,0,0,0,0,0,0,0,0,0,3,41,24,149,24,149
2021A00054615032,50,294,1141.9846,0,0,0,0,0,0,0,0,0,0,0,0,0,0,0,0,0,0,11,22,11,22
2021A00054615037,78,637,577.6839,1,2,2,5,2,5,1,3,0,0,1,3,0,0,0,0,0,0,14,63,14,63
2021A00054615042,0,0,27.8828,0,0,0,0,0,0,0,0,0,0,0,0,0,0,0,0,0,0,0,0,0,0
2021A00054615047,36,208,1153.136,0,0,2,16,1,13,1,13,0,0,1,13,0,0,0,0,0,0,10,36,10,36
2021A00054615049,0,0,2.5305,0,0,0,0,0,0,0,0,0,0,0,0,0,0,0,0,0,0,0,0,0,0
2021A00054615056,106,1305,1694.6854,0,0,1,2,1,2,0,0,0,0,0,0,0,0,0,0,0,0,27,76,27,76
2021A00054615063,87,637,1093.169,0,0,2,6,2,6,2,6,0,0,2,6,0,0,0,0,0,0,15,37,15,37
2021A00054615067,6,30,21.4233,0,0,0,0,0,0,0,0,0,0,0,0,0,0,0,0,0,0,3,3,3,3
2021A00054615070,76,732,964.5513,0,0,0,0,0,0,0,0,0,0,0,0,0,0,0,0,0,0,8,17,8,17
2021A00054615071,0,0,63.0702,0,0,0,0,0,0,0,0,0,0,0,0,0,0,0,0,0,0,0,0,0,0
2021A00054615072,0,0,3.3165,0,0,0,0,0,0,0,0,0,0,0,0,0,0,0,0,0,0,0,0,0,0
2021A00054615074,5,15,746.3053,0,0,0,0,0,0,0,0,0,0,0,0,0,0,0,0,0,0,3,7,3,7
2021A00054615075,145,1630,14.9468,1,2,2,5,3,8,1,3,0,0,3,11,0,0,0,0,0,0,17,50,17,50
2021A00054615078,30,226,864.6839,1,4,1,4,1,4,0,0,0,0,0,0,0,0,1,7,1,7,13,50,13,50
2021A00054615092,47,748,358.051,0,0,0,0,1,3,0,0,0,0,1,3,0,0,0,0,0,0,7,13,8,16
2021A00054616005,41,399,672.2921,0,0,0,0,0,0,0,0,0,0,0,0,0,0,0,0,0,0,8,14,8,14
2021A00054616017,2,365,96.635,0,0,0,0,0,0,0,0,0,0,0,0,0,0,0,0,0,0,0,0,0,0
2021A00054616020,47,305,1624.9861,0,0,0,0,0,0,0,0,0,0,0,0,0,0,0,0,0,0,10,17,10,17
2021A00054616025,0,0,2.0536,0,0,0,0,0,0,0,0,0,0,0,0,0,0,0,0,0,0,0,0,0,0
2021A00054616030,157,1467,569.703,1,2,1,2,1,2,0,0,0,0,2,2,0,0,0,0,0,0,24,80,24,80
2021A00054616046,1,3,46.2016,0,0,0,0,0,0,0,0,0,0,0,0,0,0,0,0,0,0,0,0,0,0
2021A00054616048,137,1259,1694.9542,0,0,0,0,1,7,0,0,0,0,1,7,0,0,0,0,3,70,15,111,16,118
2021A00054617026,21,131,3006.1652,0,0,0,0,0,0,0,0,0,0,0,0,0,0,0,0,0,0,8,51,8,51
2021A00054617029,1,350,45.6918,0,0,0,0,0,0,0,0,0,0,0,0,0,0,0,0,0,0,0,0,0,0
2021A00054617035,36,707,527.7696,0,0,0,0,0,0,0,0,0,0,0,0,0,0,0,0,0,0,4,14,4,14
2021A00054617041,102,893,630.0386,0,0,0,0,0,0,0,0,0,0,0,0,0,0,0,0,0,0,15,40,15,40
2021A00054617048,4,12,1512.7871,0,0,0,0,0,0,0,0,0,0,0,0,0,0,0,0,0,0,2,3,2,3
2021A00054617050,396,6251,12.6696,0,0,2,68,2,68,1,65,0,0,1,65,0,0,1,15,1,15,19,111,19,111
2021A00054617054,82,618,1050.1481,0,0,1,2,1,2,0,0,0,0,0,0,0,0,0,0,0,0,19,46,19,46
2021A00054617058,56,476,1147.9945,0,0,0,0,0,0,0,0,0,0,0,0,0,0,0,0,1,13,9,29,9,29
2021A00054617064,16,104,1134.5905,0,0,0,0,0,0,0,0,0,0,0,0,0,0,0,0,0,0,1,3,1,3
2021A00054617072,42,414,1119.9554,0,0,0,0,0,0,0,0,0,0,0,0,0,0,0,0,0,0,12,44,12,44
2021A00054617075,27,173,1295.6392,0,0,0,0,0,0,0,0,0,0,0,0,0,0,0,0,0,0,6,27,6,27
2021A00054617092,16,328,2147.0924,0,0,0,0,0,0,0,0,0,0,0,0,0,0,0,0,0,0,0,0,0,0
2021A00054618031,177,2738,318.0998,0,0,0,0,0,0,0,0,0,0,0,0,0,0,0,0,0,0,13,87,13,87
2021A00054618034,27,349,3.9137,0,0,0,0,0,0,0,0,0,0,0,0,0,0,0,0,0,0,2,9,2,9
2021A00054618037,25,131,1868.24,0,0,0,0,0,0,0,0,0,0,0,0,0,0,0,0,0,0,7,33,7,33
2021A00054618040,35,289,480.1532,0,0,0,0,0,0,0,0,0,0,0,0,0,0,0,0,0,0,3,7,3,7
2021A00054618044,46,908,891.8543,0,0,0,0,0,0,0,0,0,0,0,0,0,0,0,0,0,0,7,11,7,11
2021A00054618055,2,82,54.4762,0,0,0,0,0,0,0,0,0,0,0,0,0,0,0,0,0,0,0,0,0,0
2021A00054618056,91,1814,1643.7156,0,0,0,0,0,0,0,0,0,0,0,0,0,0,0,0,0,0,6,25,6,25
2021A00054618060,48,656,2365.9434,0,0,0,0,0,0,0,0,0,0,0,0,0,0,0,0,0,0,9,56,9,56
2021A00054618061,0,0,4.5813,0,0,0,0,0,0,0,0,0,0,0,0,0,0,0,0,0,0,0,0,0,0
2021A00054618063,0,0,29.1179,0,0,0,0,0,0,0,0,0,0,0,0,0,0,0,0,0,0,0,0,0,0
2021A00054618067,9,358,77.0792,0,0,0,0,0,0,0,0,0,0,0,0,0,0,0,0,0,0,1,2,1,2
2021A00054618068,63,653,1486.1704,1,6,0,0,1,6,0,0,0,0,0,0,1,6,0,0,0,0,11,38,11,38
2021A00054618074,163,2206,2.218,1,3,3,211,3,211,2,61,0,0,2,61,0,0,1,33,2,183,25,341,25,341
2021A00054618076,59,561,1643.1434,0,0,0,0,1,7,0,0,0,0,0,0,0,0,0,0,0,0,13,97,13,97
2021A00054618091,0,0,478.4669,0,0,0,0,0,0,0,0,0,0,0,0,0,0,0,0,0,0,0,0,0,0
2021A00054618093,0,0,15.2711,0,0,0,0,0,0,0,0,0,0,0,0,0,0,0,0,0,0,0,0,0,0
2021A00054619040,0,0,9.2457,0,0,0,0,0,0,0,0,0,0,0,0,0,0,0,0,0,0,0,0,0,0
2021A00054619045,31,611,59723.0359,0,0,0,0,0,0,0,0,0,0,1,114,0,0,0,0,0,0,5,206,5,206
2021A00054619050,10,401,87.953,0,0,0,0,0,0,0,0,0,0,0,0,0,0,0,0,0,0,0,0,0,0
2021A00054619051,3,240,22.5988,0,0,0,0,0,0,0,0,0,0,0,0,0,0,0,0,0,0,0,0,0,0
2021A00054619052,2,38,15.7277,0,0,0,0,0,0,0,0,0,0,0,0,0,0,0,0,0,0,1,3,1,3
2021A00054619053,77,459,16.3893,0,0,0,0,0,0,0,0,0,0,0,0,0,0,0,0,0,0,29,164,29,164
2021A00054619054,1,75,9.2344,0,0,0,0,0,0,0,0,0,0,0,0,0,0,0,0,0,0,0,0,0,0
2021A00054619056,14,500,55.1681,0,0,0,0,0,0,0,0,0,0,0,0,0,0,0,0,0,0,0,0,0,0
2021A00054619058,5,398,7.589,0,0,0,0,0,0,0,0,0,0,0,0,0,0,0,0,0,0,0,0,0,0
2021A00054619059,0,0,310.3103,0,0,0,0,0,0,0,0,0,0,0,0,0,0,0,0,0,0,0,0,0,0
2021A00054619061,0,0,12.1054,0,0,0,0,0,0,0,0,0,0,0,0,0,0,0,0,0,0,0,0,0,0
2021A00054619062,0,0,3.403,0,0,0,0,0,0,0,0,0,0,0,0,0,0,0,0,0,0,0,0,0,0
2021A00054619065,0,0,24.0889,0,0,0,0,0,0,0,0,0,0,0,0,0,0,0,0,0,0,0,0,0,0
2021A00054619068,0,0,35.9656,0,0,0,0,0,0,0,0,0,0,0,0,0,0,0,0,0,0,0,0,0,0
2021A00054619069,1,75,19.5358,0,0,0,0,0,0,0,0,0,0,0,0,0,0,0,0,0,0,0,0,0,0
2021A00054619070,0,0,77.9002,0,0,0,0,0,0,0,0,0,0,0,0,0,0,0,0,0,0,0,0,0,0
2021A00054619071,0,0,7.6937,0,0,0,0,0,0,0,0,0,0,0,0,0,0,0,0,0,0,0,0,0,0
2021A00054619072,4,243,3.7463,0,0,0,0,0,0,0,0,0,0,0,0,0,0,0,0,0,0,0,0,0,0
2021A00054619075,1,75,18.0478,0,0,0,0,0,0,0,0,0,0,0,0,0,0,0,0,0,0,0,0,0,0
2021A00054619077,9,298,26.1494,0,0,0,0,0,0,0,0,0,0,0,0,0,0,0,0,0,0,0,0,0,0
2021A00054619079,2,82,2.561,0,0,0,0,0,0,0,0,0,0,0,0,0,0,0,0,0,0,0,0,0,0
2021A00054619082,0,0,47.9846,0,0,0,0,0,0,0,0,0,0,0,0,0,0,0,0,0,0,0,0,0,0
2021A00054620032,7,176,1615.4212,0,0,1,7,1,7,1,7,0,0,1,7,0,0,1,3,1,3,3,12,3,12
2021A00054620042,45,299,1716.8372,1,17,1,17,1,17,0,0,0,0,0,0,0,0,0,0,0,0,13,39,13,39
2021A00054620048,285,3762,6.8056,0,0,0,0,2,7,0,0,0,0,0,0,1,4,2,142,3,145,19,208,19,208
2021A00054620051,79,744,1199.1731,0,0,0,0,0,0,0,0,0,0,0,0,0,0,1,323,2,326,22,368,22,368
2021A00054620055,24,224,988.0113,0,0,0,0,0,0,0,0,0,0,0,0,0,0,0,0,0,0,3,37,3,37
2021A00054620060,0,0,0.841,0,0,0,0,0,0,0,0,0,0,0,0,0,0,0,0,0,0,0,0,0,0
2021A00054620066,0,0,2553.9824,0,0,0,0,0,0,0,0,0,0,0,0,0,0,0,0,0,0,0,0,0,0
2021A00054620069,0,0,1744.7138,0,0,0,0,0,0,0,0,0,0,0,0,0,0,0,0,0,0,0,0,0,0
2021A00054621025,13,582,74.2732,0,0,0,0,0,0,0,0,0,0,0,0,0,0,0,0,0,0,1,63,1,63
2021A00054621027,2,78,18.9132,0,0,0,0,0,0,0,0,0,0,0,0,0,0,0,0,0,0,1,75,1,75
2021A00054621029,3,360,2.5108,0,0,0,0,0,0,0,0,0,0,0,0,0,0,0,0,0,0,0,0,0,0
2021A00054621033,0,0,5.7167,0,0,0,0,0,0,0,0,0,0,0,0,0,0,0,0,0,0,0,0,0,0
2021A00054621034,0,0,0.9757,0,0,0,0,0,0,0,0,0,0,0,0,0,0,0,0,0,0,0,0,0,0
2021A00054621035,0,0,1.2591,0,0,0,0,0,0,0,0,0,0,0,0,0,0,0,0,0,0,0,0,0,0
2021A00054621036,0,0,0.7312,0,0,0,0,0,0,0,0,0,0,0,0,0,0,0,0,0,0,0,0,0,0
2021A00054621039,0,0,1.1808,0,0,0,0,0,0,0,0,0,0,0,0,0,0,0,0,0,0,0,0,0,0
2021A00054621040,18,1151,1.8312,0,0,0,0,0,0,0,0,0,0,0,0,0,0,0,0,0,0,2,2,2,2
2021A00054621043,0,0,24.7256,0,0,0,0,0,0,0,0,0,0,0,0,0,0,0,0,0,0,0,0,0,0
2021A00054621045,208,4508,44.6901,0,0,0,0,0,0,0,0,0,0,0,0,0,0,0,0,0,0,5,277,5,277
2021A00054621052,18,253,850.4093,0,0,0,0,1,7,0,0,0,0,0,0,0,0,2,10,2,10,4,26,4,26
2021A00054621058,0,0,3.8654,0,0,0,0,0,0,0,0,0,0,0,0,0,0,0,0,0,0,0,0,0,0
2021A00054621060,0,0,10.9041,0,0,0,0,0,0,0,0,0,0,0,0,0,0,0,0,0,0,0,0,0,0
2021A00054621064,158,2768,13.1359,0,0,0,0,0,0,0,0,0,0,0,0,0,0,0,0,0,0,2,3,2,3
2021A00054621071,25,778,1166.639,0,0,0,0,0,0,0,0,0,0,0,0,0,0,0,0,0,0,0,0,0,0
2021A00054621078,13,429,40578.9735,0,0,0,0,0,0,0,0,0,0,0,0,0,0,0,0,0,0,2,7,2,7
2021A00054621080,0,0,0.4541,0,0,0,0,0,0,0,0,0,0,0,0,0,0,0,0,0,0,0,0,0,0
2021A00054622017,0,0,3351.3683,0,0,0,0,0,0,0,0,0,0,0,0,0,0,0,0,0,0,0,0,0,0
2021A00054622026,334,7827,16.6199,0,0,0,0,0,0,0,0,0,0,0,0,0,0,0,0,0,0,3,50,3,50
2021A00054622045,0,0,17.6406,0,0,0,0,0,0,0,0,0,0,0,0,0,0,0,0,0,0,0,0,0,0
2021A00054622046,46,2853,85723.9613,0,0,0,0,0,0,0,0,0,0,0,0,0,0,0,0,0,0,2,68,2,68
2021A00054622048,0,0,83.0539,0,0,0,0,0,0,0,0,0,0,0,0,0,0,0,0,0,0,0,0,0,0
2021A00054622049,0,0,36.658,0,0,0,0,0,0,0,0,0,0,0,0,0,0,0,0,0,0,0,0,0,0
2021A00054622050,4,582,49.3162,0,0,0,0,0,0,0,0,0,0,0,0,0,0,0,0,0,0,0,0,0,0
2021A00054622051,0,0,23.1821,0,0,0,0,0,0,0,0,0,0,0,0,0,0,0,0,0,0,0,0,0,0
2021A00054622052,0,0,6.048,0,0,0,0,0,0,0,0,0,0,0,0,0,0,0,0,0,0,0,0,0,0
2021A00054622055,2,165,2.3505,0,0,0,0,0,0,0,0,0,0,0,0,0,0,0,0,0,0,0,0,0,0
2021A00054622056,1,35,2.3445,0,0,0,0,0,0,0,0,0,0,0,0,0,0,0,0,0,0,0,0,0,0
2021A00054622058,0,0,82.1219,0,0,0,0,0,0,0,0,0,0,0,0,0,0,0,0,0,0,0,0,0,0
2021A00054622059,11,747,17.251,0,0,0,0,0,0,0,0,0,0,0,0,0,0,0,0,0,0,0,0,0,0
2021A00054622063,6,577,130.2326,0,0,0,0,0,0,0,0,0,0,0,0,0,0,0,0,0,0,0,0,0,0
2021A00054622064,3,228,14.0889,0,0,0,0,0,0,0,0,0,0,0,0,0,0,0,0,0,0,0,0,0,0
2021A00054622065,0,0,13.321,0,0,0,0,0,0,0,0,0,0,0,0,0,0,0,0,0,0,0,0,0,0
2021A00054622066,0,0,0.052,0,0,0,0,0,0,0,0,0,0,0,0,0,0,0,0,0,0,0,0,0,0
2021A00054622067,0,0,7.323,0,0,0,0,0,0,0,0,0,0,0,0,0,0,0,0,0,0,0,0,0,0
2021A00054622800,0,0,77.8959,0,0,0,0,0,0,0,0,0,0,0,0,0,0,0,0,0,0,0,0,0,0
2021A00054622801,2,50,147.9252,0,0,0,0,0,0,0,0,0,0,0,0,0,0,0,0,0,0,0,0,0,0
2021A00054622802,0,0,0.0648,0,0,0,0,0,0,0,0,0,0,0,0,0,0,0,0,0,0,0,0,0,0
2021A00054623022,22,2198,1994.4411,0,0,0,0,0,0,0,0,0,0,0,0,0,0,0,0,0,0,1,297,1,297
2021A00054623023,0,0,0.0226,0,0,0,0,0,0,0,0,0,0,0,0,0,0,0,0,0,0,0,0,0,0
2021A00054623027,0,0,0.4094,0,0,0,0,0,0,0,0,0,0,0,0,0,0,0,0,0,0,0,0,0,0
2021A00054623034,5,63,1237.6615,0,0,0,0,0,0,0,0,0,0,0,0,0,0,0,0,0,0,0,0,0,0
2021A00054623037,5,107,10.5388,0,0,0,0,0,0,0,0,0,0,0,0,0,0,0,0,0,0,1,3,1,3
2021A00054623039,0,0,2.5397,0,0,0,0,0,0,0,0,0,0,0,0,0,0,0,0,0,0,0,0,0,0
2021A00054623040,0,0,0.0169,0,0,0,0,0,0,0,0,0,0,0,0,0,0,0,0,0,0,0,0,0,0
2021A00054623047,16,375,867.5324,0,0,0,0,0,0,0,0,0,0,0,0,0,0,0,0,0,0,0,0,0,0
2021A00054623056,35,1110,50.8288,0,0,0,0,0,0,0,0,0,0,0,0,0,0,0,0,0,0,0,0,0,0
2021A00054623058,4,80,2.0906,0,0,0,0,0,0,0,0,0,0,0,0,0,0,0,0,0,0,0,0,0,0
2021A00054623062,0,0,229309.2455,0,0,0,0,0,0,0,0,0,0,0,0,0,0,0,0,0,0,0,0,0,0
2021A00054623064,5,445,15.5125,0,0,0,0,0,0,0,0,0,0,0,0,0,0,0,0,0,0,0,0,0,0
2021A00054623065,4,171,37.0767,0,0,0,0,0,0,0,0,0,0,0,0,0,0,0,0,0,0,0,0,0,0
2021A00054623067,4,263,4.4872,0,0,0,0,0,0,0,0,0,0,0,0,0,0,0,0,0,0,0,0,0,0
2021A00054623071,3,388,22.3984,0,0,0,0,0,0,0,0,0,0,0,0,0,0,0,0,0,0,0,0,0,0
2021A00054623800,0,0,23.8381,0,0,0,0,0,0,0,0,0,0,0,0,0,0,0,0,0,0,0,0,0,0
2021A00054701001,0,0,567.0497,0,0,0,0,0,0,0,0,0,0,0,0,0,0,0,0,0,0,0,0,0,0
2021A00054701002,26,230,0.9393,0,0,0,0,0,0,0,0,0,0,0,0,0,0,0,0,0,0,4,13,4,13
2021A00054701004,19,85,1.514,0,0,0,0,0,0,0,0,0,0,0,0,0,0,0,0,0,0,4,8,4,8
2021A00054701006,0,0,772.7091,0,0,0,0,0,0,0,0,0,0,0,0,0,0,0,0,0,0,0,0,0,0
2021A00054701008,88,872,2.6076,0,0,0,0,1,3,0,0,0,0,3,7,0,0,0,0,0,0,7,13,8,16
2021A00054701011,0,0,820.0372,0,0,0,0,0,0,0,0,0,0,0,0,0,0,0,0,0,0,0,0,0,0
2021A00054701012,7,37,2.5899,0,0,0,0,0,0,0,0,0,0,0,0,0,0,0,0,0,0,1,2,1,2
2021A00054701014,85,1560,3.3262,1,4,1,4,2,39,0,0,0,0,2,36,0,0,0,0,1,13,6,56,6,56
2021A00054701016,0,0,818.1598,0,0,0,0,0,0,0,0,0,0,0,0,0,0,0,0,0,0,0,0,0,0
2021A00054701017,12,64,1.4253,0,0,0,0,0,0,0,0,0,0,0,0,0,0,0,0,0,0,1,1,1,1
2021A00054701018,9,51,2.6469,0,0,0,0,0,0,0,0,0,0,0,0,0,0,0,0,0,0,1,1,1,1
2021A00054701019,0,0,2.8736,0,0,0,0,0,0,0,0,0,0,0,0,0,0,0,0,0,0,0,0,0,0
2021A00054701021,45,247,3.0542,0,0,0,0,1,3,0,0,0,0,0,0,0,0,0,0,0,0,9,22,9,22
2021A00054701022,0,0,772.0007,0,0,0,0,0,0,0,0,0,0,0,0,0,0,0,0,0,0,0,0,0,0
2021A00054701024,628,9303,18.3006,1,3,1,32,7,68,0,0,0,0,8,128,0,0,0,0,0,0,38,271,39,274
2021A00054701027,8,48,808.5256,0,0,0,0,0,0,0,0,0,0,0,0,0,0,0,0,0,0,4,5,4,5
2021A00054701031,5,91,797.0014,0,0,0,0,0,0,0,0,0,0,0,0,0,0,0,0,0,0,0,0,0,0
2021A00054701032,45,331,2.1253,1,3,1,3,1,3,0,0,0,0,1,3,0,0,0,0,0,0,5,13,6,16
2021A00054701036,0,0,828.737,0,0,0,0,0,0,0,0,0,0,0,0,0,0,0,0,0,0,0,0,0,0
2021A00054701037,29,235,2.5252,0,0,0,0,0,0,0,0,0,0,0,0,0,0,0,0,0,0,5,14,5,14
2021A00054701039,2,14,707.9452,0,0,0,0,0,0,0,0,0,0,0,0,0,0,0,0,0,0,0,0,0,0
2021A00054701041,29,590,0.3787,0,0,0,0,0,0,0,0,0,0,0,0,0,0,0,0,0,0,5,8,5,8
2021A00054701043,3,21,551.2081,0,0,0,0,0,0,0,0,0,0,0,0,0,0,0,0,0,0,2,4,2,4
2021A00054701044,11,53,0.4473,0,0,0,0,0,0,0,0,0,0,1,1,0,0,0,0,0,0,2,2,2,2
2021A00054701047,18,74,804.2849,0,0,0,0,0,0,0,0,0,0,0,0,0,0,0,0,0,0,7,12,7,12
2021A00054701049,80,668,2.8951,0,0,0,0,0,0,0,0,0,0,0,0,0,0,0,0,0,0,4,8,4,8
2021A00054701053,2,6,718.2291,0,0,0,0,0,0,0,0,0,0,0,0,0,0,0,0,0,0,1,1,1,1
2021A00054701054,37,143,2.578,0,0,0,0,0,0,0,0,0,0,0,0,0,0,0,0,0,0,8,17,8,17
2021A00054701056,111,1825,5.4058,0,0,0,0,2,10,0,0,0,0,3,79,0,0,0,0,2,16,8,115,9,118
2021A00054701058,0,0,784.6362,0,0,0,0,0,0,0,0,0,0,0,0,0,0,0,0,0,0,0,0,0,0
2021A00054701059,51,445,3.4596,0,0,0,0,0,0,0,0,0,0,1,2,0,0,0,0,0,0,4,10,4,10
2021A00054701061,18,138,2.6905,0,0,0,0,0,0,0,0,0,0,0,0,0,0,0,0,0,0,2,4,2,4
2021A00054701063,0,0,798.9218,0,0,0,0,0,0,0,0,0,0,0,0,0,0,0,0,0,0,0,0,0,0
2021A00054701064,3,17,1.3741,0,0,0,0,0,0,0,0,0,0,0,0,0,0,0,0,0,0,1,2,1,2
2021A00054701066,55,593,3.45,0,0,0,0,0,0,0,0,0,0,1,7,0,0,0,0,0,0,7,18,7,18
2021A00054701067,7,29,0.9249,0,0,0,0,0,0,0,0,0,0,0,0,0,0,0,0,0,0,2,5,2,5
2021A00054701069,21,127,781.5926,0,0,0,0,0,0,0,0,0,0,0,0,0,0,0,0,0,0,7,31,7,31
2021A00054701072,0,0,714.4135,0,0,0,0,0,0,0,0,0,0,0,0,0,0,0,0,0,0,0,0,0,0
2021A00054701076,14,429,743.5035,1,197,1,197,1,197,0,0,0,0,0,0,0,0,0,0,0,0,4,202,4,202
2021A00054701077,9,27,1.5718,0,0,0,0,0,0,0,0,0,0,0,0,0,0,0,0,0,0,4,7,4,7
2021A00054701078,37,219,1.2755,0,0,1,5,0,0,0,0,0,0,1,5,0,0,0,0,0,0,7,16,7,16
2021A00054701079,27,233,0.3979,0,0,0,0,0,0,0,0,0,0,0,0,0,0,0,0,0,0,5,11,5,11
2021A00054701091,0,0,832.3629,0,0,0,0,0,0,0,0,0,0,0,0,0,0,0,0,0,0,0,0,0,0
2021A00054701094,0,0,748.6689,0,0,0,0,0,0,0,0,0,0,0,0,0,0,0,0,0,0,0,0,0,0
2021A00054701096,11,77,2.5665,0,0,0,0,0,0,0,0,0,0,0,0,0,0,0,0,0,0,1,4,1,4
2021A00054701098,3,37,2.5821,0,0,0,0,0,0,0,0,0,0,0,0,0,0,0,0,0,0,1,6,1,6
2021A00054701808,14,58,92.4513,0,0,0,0,0,0,0,0,0,0,0,0,0,0,0,0,0,0,0,0,0,0
2021A00054701809,0,0,18.7813,0,0,0,0,0,0,0,0,0,0,0,0,0,0,0,0,0,0,0,0,0,0
2021A00054701810,0,0,2.6208,0,0,0,0,0,0,0,0,0,0,0,0,0,0,0,0,0,0,0,0,0,0
2021A00054701812,0,0,3.5633,0,0,0,0,0,0,0,0,0,0,0,0,0,0,0,0,0,0,0,0,0,0
2021A00054701813,0,0,3.8604,0,0,0,0,0,0,0,0,0,0,0,0,0,0,0,0,0,0,0,0,0,0
2021A00054701814,0,0,2.0592,0,0,0,0,0,0,0,0,0,0,0,0,0,0,0,0,0,0,0,0,0,0
2021A00054701815,0,0,0.6092,0,0,0,0,0,0,0,0,0,0,0,0,0,0,0,0,0,0,0,0,0,0
2021A00054701816,0,0,1.6159,0,0,0,0,0,0,0,0,0,0,0,0,0,0,0,0,0,0,0,0,0,0
2021A00054701817,0,0,6.1451,0,0,0,0,0,0,0,0,0,0,0,0,0,0,0,0,0,0,0,0,0,0
2021A00054701818,0,0,1.7375,0,0,0,0,0,0,0,0,0,0,0,0,0,0,0,0,0,0,0,0,0,0
2021A00054701819,0,0,74.9892,0,0,0,0,0,0,0,0,0,0,0,0,0,0,0,0,0,0,0,0,0,0
2021A00054702001,0,0,813.307,0,0,0,0,0,0,0,0,0,0,0,0,0,0,0,0,0,0,0,0,0,0
2021A00054702002,17,91,1.349,0,0,0,0,0,0,0,0,0,0,0,0,0,0,0,0,0,0,4,11,4,11
2021A00054702006,14,98,804.4831,0,0,0,0,0,0,0,0,0,0,0,0,0,0,0,0,0,0,3,4,3,4
2021A00054702008,3,9,1.6867,0,0,0,0,0,0,0,0,0,0,0,0,0,0,0,0,0,0,1,1,1,1
2021A00054702011,3,13,785.5027,0,0,0,0,0,0,0,0,0,0,0,0,0,0,0,0,0,0,1,1,1,1
2021A00054702014,8,32,802.6426,0,0,0,0,0,0,0,0,0,0,0,0,0,0,0,0,0,0,4,9,4,9
2021A00054702016,19,77,0.2491,0,0,0,0,0,0,0,0,0,0,1,1,0,0,0,0,0,0,6,13,6,13
2021A00054702018,6,26,806.9292,0,0,0,0,0,0,0,0,0,0,0,0,0,0,0,0,0,0,2,5,2,5
2021A00054702023,22,130,1.1227,0,0,0,0,0,0,0,0,0,0,0,0,0,0,0,0,0,0,3,7,3,7
2021A00054702024,2,78,1008.6413,0,0,0,0,0,0,0,0,0,0,0,0,0,0,0,0,0,0,0,0,0,0
2021A00054702026,0,0,795.7643,0,0,0,0,0,0,0,0,0,0,0,0,0,0,0,0,0,0,0,0,0,0
2021A00054702028,23,77,0.7625,0,0,0,0,0,0,0,0,0,0,0,0,0,0,0,0,0,0,6,13,6,13
2021A00054702029,8,28,816.2491,0,0,0,0,0,0,0,0,0,0,0,0,0,0,0,0,0,0,3,5,3,5
2021A00054702031,77,662,2.9503,0,0,1,3,1,3,1,3,0,0,1,3,0,0,0,0,0,0,7,17,7,17
2021A00054702033,8,36,825.6022,0,0,0,0,0,0,0,0,0,0,0,0,0,0,0,0,0,0,2,3,2,3
2021A00054702036,2,10,0.5627,0,0,0,0,0,0,0,0,0,0,0,0,0,0,0,0,0,0,0,0,0,0
2021A00054702037,2,38,816.3772,0,0,0,0,0,0,0,0,0,0,0,0,0,0,0,0,0,0,0,0,0,0
2021A00054702038,18,126,1.0997,0,0,0,0,0,0,0,0,0,0,0,0,0,0,0,0,0,0,6,18,6,18
2021A00054702039,49,475,1.6177,0,0,0,0,1,3,0,0,0,0,2,10,0,0,0,0,0,0,6,21,7,24
2021A00054702041,10,66,1.6958,0,0,0,0,0,0,0,0,0,0,0,0,0,0,0,0,0,0,1,1,1,1
2021A00054702042,18,82,801.2655,0,0,0,0,0,0,0,0,0,0,0,0,0,0,0,0,0,0,6,23,6,23
2021A00054702044,15,125,808.4987,0,0,0,0,0,0,0,0,0,0,0,0,0,0,0,0,0,0,4,13,4,13
2021A00054702047,466,8033,19.029,0,0,3,39,5,57,2,115,0,0,7,49,0,0,1,15,1,15,25,241,27,247
2021A00054702048,3,9,0.7491,0,0,0,0,0,0,0,0,0,0,0,0,0,0,0,0,0,0,1,1,1,1
2021A00054702051,1,7,845.9748,0,0,0,0,0,0,0,0,0,0,0,0,0,0,0,0,0,0,0,0,0,0
2021A00054702052,14,126,808.8118,0,0,0,0,0,0,0,0,0,0,0,0,0,0,0,0,0,0,1,6,1,6
2021A00054702054,16,112,0.7326,0,0,0,0,0,0,0,0,0,0,0,0,0,0,0,0,0,0,3,4,3,4
2021A00054702057,3,9,786.6466,0,0,0,0,0,0,0,0,0,0,0,0,0,0,0,0,0,0,1,1,1,1
2021A00054702058,18,86,1.3332,0,0,0,0,0,0,0,0,0,0,0,0,0,0,0,0,0,0,2,4,2,4
2021A00054702061,0,0,824.1461,0,0,0,0,0,0,0,0,0,0,0,0,0,0,0,0,0,0,0,0,0,0
2021A00054702062,31,289,1.3036,0,0,0,0,0,0,0,0,0,0,0,0,0,0,0,0,0,0,3,4,3,4
2021A00054702066,2,6,846.7596,0,0,0,0,0,0,0,0,0,0,0,0,0,0,0,0,0,0,1,1,1,1
2021A00054702067,40,176,2.1198,1,4,1,4,1,4,0,0,0,0,0,0,0,0,0,0,0,0,8,17,8,17
2021A00054702069,9,31,846.5824,0,0,0,0,0,0,0,0,0,0,0,0,0,0,0,0,0,0,3,6,3,6
2021A00054702071,21,79,0.6468,0,0,0,0,0,0,0,0,0,0,0,0,0,0,0,0,0,0,5,10,5,10
2021A00054702072,18,78,2.667,0,0,0,0,0,0,0,0,0,0,0,0,0,0,0,0,0,0,2,3,2,3
2021A00054702073,14,50,831.1552,0,0,0,0,0,0,0,0,0,0,0,0,0,0,0,0,0,0,4,10,4,10
2021A00054702076,1,3,815.5709,0,0,0,0,0,0,0,0,0,0,0,0,0,0,0,0,0,0,0,0,0,0
2021A00054702077,4,16,0.6171,0,0,0,0,0,0,0,0,0,0,0,0,0,0,0,0,0,0,1,3,1,3
2021A00054702078,22,126,1.3249,0,0,0,0,0,0,0,0,0,0,0,0,0,0,0,0,0,0,1,1,1,1
2021A00054702079,10,30,1.3466,0,0,0,0,0,0,0,0,0,0,0,0,0,0,0,0,0,0,3,4,3,4
2021A00054703001,0,0,839.2164,0,0,0,0,0,0,0,0,0,0,0,0,0,0,0,0,0,0,0,0,0,0
2021A00054703004,32,658,2.3387,0,0,0,0,0,0,0,0,0,0,0,0,0,0,0,0,0,0,3,11,3,11
2021A00054703006,14,134,765.28,0,0,0,0,0,0,0,0,0,0,0,0,0,0,0,0,0,0,0,0,0,0
2021A00054703009,19,201,2.65,0,0,0,0,0,0,0,0,0,0,0,0,0,0,0,0,0,0,5,11,5,11
2021A00054703011,4,12,1757.4955,0,0,0,0,0,0,0,0,0,0,0,0,0,0,0,0,0,0,4,6,4,6
2021A00054703012,10,50,0.6105,0,0,0,0,0,0,0,0,0,0,0,0,0,0,0,0,0,0,2,3,2,3
2021A00054703016,0,0,845.132,0,0,0,0,0,0,0,0,0,0,0,0,0,0,0,0,0,0,0,0,0,0
2021A00054703018,18,78,1693.1732,0,0,0,0,0,0,0,0,0,0,0,0,0,0,0,0,0,0,3,5,3,5
2021A00054703019,26,294,1.4974,0,0,0,0,0,0,0,0,0,0,1,3,0,0,0,0,0,0,7,45,7,45
2021A00054703022,20,84,1425.7781,0,0,0,0,0,0,0,0,0,0,0,0,0,0,0,0,0,0,6,20,6,20
2021A00054703026,11,41,1037.0367,0,0,0,0,0,0,0,0,0,0,0,0,0,0,0,0,0,0,4,7,4,7
2021A00054703028,16,160,0.9062,0,0,0,0,0,0,0,0,0,0,0,0,0,0,0,0,0,0,2,2,2,2
2021A00054703029,8,32,1093.3138,0,0,0,0,0,0,0,0,0,0,0,0,0,0,0,0,0,0,2,4,2,4
2021A00054703034,29,115,665.2616,0,0,0,0,0,0,0,0,0,0,0,0,0,0,0,0,0,0,5,12,5,12
2021A00054703036,131,1205,3.6819,0,0,0,0,0,0,0,0,0,0,0,0,0,0,0,0,0,0,10,20,10,20
2021A00054703038,7,29,956.4251,0,0,0,0,0,0,0,0,0,0,0,0,0,0,0,0,0,0,2,8,2,8
2021A00054703041,28,112,0.6098,0,0,0,0,1,14,0,0,0,0,0,0,0,0,0,0,0,0,5,22,5,22
2021A00054703042,4,16,824.836,0,0,0,0,0,0,0,0,0,0,0,0,0,0,0,0,0,0,0,0,0,0
2021A00054703044,41,387,1.4266,1,1,0,0,0,0,0,0,0,0,0,0,0,0,0,0,0,0,6,14,6,14
2021A00054703048,12,44,838.8216,0,0,0,0,0,0,0,0,0,0,0,0,0,0,0,0,0,0,3,6,3,6
2021A00054703051,19,157,0.5359,0,0,0,0,0,0,0,0,0,0,0,0,0,0,0,0,0,0,5,12,5,12
2021A00054703052,8,32,0.6845,0,0,0,0,0,0,0,0,0,0,0,0,0,0,0,0,0,0,0,0,0,0
2021A00054703054,6,18,846.8646,0,0,0,0,0,0,0,0,0,0,0,0,0,0,0,0,0,0,2,4,2,4
2021A00054703058,42,302,1.1891,0,0,1,3,1,3,0,0,0,0,0,0,0,0,0,0,0,0,5,10,5,10
2021A00054703059,19,181,845.6502,0,0,0,0,0,0,0,0,0,0,0,0,0,0,0,0,0,0,3,6,3,6
2021A00054703061,7,25,0.9582,0,0,0,0,0,0,0,0,0,0,0,0,0,0,0,0,0,0,0,0,0,0
2021A00054703062,15,212,1.8631,0,0,0,0,0,0,0,0,0,0,0,0,0,0,0,0,0,0,1,1,1,1
2021A00054703064,7,21,827.1734,0,0,0,0,0,0,0,0,0,0,0,0,0,0,0,0,0,0,1,2,1,2
2021A00054703068,80,743,824.4497,1,10,0,0,0,0,0,0,0,0,0,0,0,0,0,0,0,0,5,19,5,19
2021A00054703071,0,0,3.2106,0,0,0,0,0,0,0,0,0,0,0,0,0,0,0,0,0,0,0,0,0,0
2021A00054703074,22,98,792.2939,0,0,0,0,0,0,0,0,0,0,0,0,0,0,0,0,0,0,4,8,4,8
2021A00054703092,37,287,1.5559,0,0,0,0,0,0,0,0,0,0,0,0,0,0,0,0,0,0,6,22,6,22
2021A00054703093,38,354,555.7966,1,9,2,12,1,9,0,0,0,0,0,0,0,0,0,0,0,0,2,12,2,12
2021A00054703096,25,111,837.0398,0,0,0,0,0,0,0,0,0,0,0,0,0,0,0,0,0,0,5,13,5,13
2021A00054703801,0,0,24.3652,0,0,0,0,0,0,0,0,0,0,0,0,0,0,0,0,0,0,0,0,0,0
2021A00054704002,35,165,0.4343,0,0,0,0,0,0,0,0,0,0,0,0,0,0,0,0,0,0,8,22,8,22
2021A00054704003,4,12,3059.2211,0,0,0,0,0,0,0,0,0,0,0,0,0,0,0,0,0,0,3,4,3,4
2021A00054704006,0,0,821.4002,0,0,0,0,0,0,0,0,0,0,0,0,0,0,0,0,0,0,0,0,0,0
2021A00054704008,11,53,0.629,0,0,0,0,0,0,0,0,0,0,0,0,0,0,0,0,0,0,4,8,4,8
2021A00054704009,21,242,0.9418,0,0,0,0,0,0,0,0,0,0,0,0,0,0,0,0,0,0,3,6,3,6
2021A00054704011,17,51,1631.3888,0,0,0,0,0,0,0,0,0,0,0,0,0,0,0,0,0,0,4,9,4,9
2021A00054704012,24,311,1.0519,1,85,2,87,2,87,0,0,0,0,0,0,0,0,0,0,0,0,4,93,4,93
2021A00054704019,0,0,3424.7328,0,0,0,0,0,0,0,0,0,0,0,0,0,0,0,0,0,0,0,0,0,0
2021A00054704021,36,164,0.6985,0,0,0,0,0,0,0,0,0,0,0,0,0,0,0,0,0,0,7,19,7,19
2021A00054704024,0,0,2001.5632,0,0,0,0,0,0,0,0,0,0,0,0,0,0,0,0,0,0,0,0,0,0
2021A00054704026,60,455,2.6104,0,0,0,0,0,0,0,0,0,0,1,2,0,0,0,0,0,0,6,20,6,20
2021A00054704028,32,251,822.4856,0,0,0,0,0,0,0,0,0,0,0,0,0,0,0,0,0,0,6,14,6,14
2021A00054704029,13,55,1.1646,0,0,0,0,0,0,0,0,0,0,0,0,0,0,0,0,0,0,1,1,1,1
2021A00054704034,0,0,831.4543,0,0,0,0,0,0,0,0,0,0,0,0,0,0,0,0,0,0,0,0,0,0
2021A00054704036,117,923,4.7995,0,0,0,0,0,0,0,0,0,0,2,5,0,0,0,0,0,0,8,26,8,26
2021A00054704038,7,45,841.6168,0,0,0,0,0,0,0,0,0,0,0,0,0,0,0,0,0,0,1,2,1,2
2021A00054704045,0,0,3180.0962,0,0,0,0,0,0,0,0,0,0,0,0,0,0,0,0,0,0,0,0,0,0
2021A00054704048,0,0,4.3522,0,0,0,0,0,0,0,0,0,0,0,0,0,0,0,0,0,0,0,0,0,0
2021A00054704050,12,44,1942.8667,0,0,0,0,0,0,0,0,0,0,0,0,0,0,0,0,0,0,7,16,7,16
2021A00054704054,0,0,839.448,0,0,0,0,0,0,0,0,0,0,0,0,0,0,0,0,0,0,0,0,0,0
2021A00054704058,16,307,834.8075,0,0,0,0,0,0,0,0,0,0,0,0,0,0,0,0,0,0,0,0,0,0
2021A00054704061,6,18,841.3664,0,0,0,0,0,0,0,0,0,0,0,0,0,0,0,0,0,0,1,2,1,2
2021A00054704802,0,0,60.3167,0,0,0,0,0,0,0,0,0,0,0,0,0,0,0,0,0,0,0,0,0,0
2021A00054705001,14,70,545.7805,0,0,0,0,0,0,0,0,0,0,0,0,0,0,0,0,0,0,4,14,4,14
2021A00054705002,16,64,1.892,0,0,0,0,0,0,0,0,0,0,0,0,0,0,0,0,0,0,4,8,4,8
2021A00054705004,0,0,7.153,0,0,0,0,0,0,0,0,0,0,0,0,0,0,0,0,0,0,0,0,0,0
2021A00054705007,0,0,542.2696,0,0,0,0,0,0,0,0,0,0,0,0,0,0,0,0,0,0,0,0,0,0
2021A00054705009,21,135,2.6273,0,0,0,0,0,0,0,0,0,0,0,0,0,0,0,0,0,0,6,24,6,24
2021A00054705011,0,0,827.9627,0,0,0,0,0,0,0,0,0,0,0,0,0,0,0,0,0,0,0,0,0,0
2021A00054705014,0,0,828.7672,0,0,0,0,0,0,0,0,0,0,0,0,0,0,0,0,0,0,0,0,0,0
2021A00054705016,94,944,2.5503,0,0,0,0,0,0,0,0,0,0,0,0,0,0,0,0,0,0,9,33,9,33
2021A00054705018,7,57,817.6617,0,0,0,0,0,0,0,0,0,0,0,0,0,0,0,0,0,0,0,0,0,0
2021A00054705019,11,65,1.3396,0,0,0,0,0,0,0,0,0,0,0,0,0,0,0,0,0,0,1,1,1,1
2021A00054705021,29,103,1.2878,0,0,0,0,0,0,0,0,0,0,0,0,0,0,0,0,0,0,5,11,5,11
2021A00054705024,42,377,5.8358,0,0,0,0,0,0,0,0,0,0,0,0,0,0,0,0,0,0,4,9,4,9
2021A00054705027,1,3,758.4632,0,0,0,0,0,0,0,0,0,0,0,0,0,0,0,0,0,0,1,1,1,1
2021A00054705028,5,230,824.2956,0,0,0,0,0,0,0,0,0,0,0,0,0,0,0,0,0,0,0,0,0,0
2021A00054705029,73,543,3.1406,0,0,0,0,0,0,0,0,0,0,0,0,0,0,0,0,0,0,4,9,4,9
2021A00054705031,40,551,2.8245,0,0,0,0,0,0,0,0,0,0,0,0,0,0,0,0,0,0,4,10,4,10
2021A00054705033,0,0,594.0283,0,0,0,0,0,0,0,0,0,0,0,0,0,0,0,0,0,0,0,0,0,0
2021A00054705034,55,752,3.9254,0,0,0,0,0,0,0,0,0,0,0,0,0,0,0,0,0,0,3,5,3,5
2021A00054705037,0,0,748.0356,0,0,0,0,0,0,0,0,0,0,0,0,0,0,0,0,0,0,0,0,0,0
2021A00054705038,56,1103,2.3633,0,0,1,4,0,0,0,0,0,0,4,302,0,0,0,0,0,0,12,325,12,325
2021A00054705041,3,17,646.542,0,0,0,0,0,0,0,0,0,0,0,0,0,0,0,0,0,0,0,0,0,0
2021A00054705042,5,15,0.8431,0,0,0,0,0,0,0,0,0,0,0,0,0,0,0,0,0,0,1,1,1,1
2021A00054705043,16,100,1.1505,0,0,0,0,1,2,0,0,0,0,0,0,0,0,0,0,0,0,4,8,4,8
2021A00054705044,8,168,0.7414,1,43,1,43,1,43,0,0,0,0,1,4,0,0,0,0,0,0,4,55,4,55
2021A00054705047,0,0,656.415,0,0,0,0,0,0,0,0,0,0,0,0,0,0,0,0,0,0,0,0,0,0
2021A00054705048,74,854,3.3849,0,0,0,0,0,0,0,0,0,0,0,0,0,0,0,0,0,0,4,7,4,7
2021A00054705049,2,6,0.757,0,0,0,0,0,0,0,0,0,0,0,0,0,0,0,0,0,0,0,0,0,0
2021A00054705050,0,0,0.3673,0,0,0,0,0,0,0,0,0,0,0,0,0,0,0,0,0,0,0,0,0,0
2021A00054705051,0,0,1001.9312,0,0,0,0,0,0,0,0,0,0,0,0,0,0,0,0,0,0,0,0,0,0
2021A00054705052,110,3261,5.5618,0,0,0,0,1,28,0,0,0,0,3,614,0,0,0,0,0,0,7,632,8,660
2021A00054705053,14,102,1.8415,0,0,0,0,0,0,0,0,0,0,0,0,0,0,0,0,0,0,4,20,4,20
2021A00054705054,12,44,1.5657,0,0,0,0,0,0,0,0,0,0,0,0,0,0,0,0,0,0,5,10,5,10
2021A00054705055,0,0,0.5903,0,0,0,0,0,0,0,0,0,0,0,0,0,0,0,0,0,0,0,0,0,0
2021A00054705056,22,114,1.6263,0,0,0,0,0,0,0,0,0,0,0,0,0,0,0,0,0,0,5,12,5,12
2021A00054705057,0,0,862.8032,0,0,0,0,0,0,0,0,0,0,0,0,0,0,0,0,0,0,0,0,0,0
2021A00054705058,1,3,0.6064,0,0,0,0,0,0,0,0,0,0,0,0,0,0,0,0,0,0,0,0,0,0
2021A00054705059,13,75,1.7932,0,0,0,0,0,0,0,0,0,0,0,0,0,0,0,0,0,0,2,5,2,5
2021A00054705060,0,0,0.1082,0,0,0,0,0,0,0,0,0,0,0,0,0,0,0,0,0,0,0,0,0,0
2021A00054705061,11,49,1.3751,0,0,0,0,0,0,0,0,0,0,0,0,0,0,0,0,0,0,4,7,4,7
2021A00054705062,2,18,2.6448,0,0,0,0,0,0,0,0,0,0,0,0,0,0,0,0,0,0,0,0,0,0
2021A00054705063,0,0,872.5232,0,0,0,0,0,0,0,0,0,0,0,0,0,0,0,0,0,0,0,0,0,0
2021A00054705064,11,45,1.942,0,0,0,0,0,0,0,0,0,0,0,0,0,0,0,0,0,0,3,4,3,4
2021A00054705066,16,104,2.6717,1,9,1,9,1,9,0,0,0,0,0,0,0,0,0,0,0,0,3,12,3,12
2021A00054705067,0,0,824.9497,0,0,0,0,0,0,0,0,0,0,0,0,0,0,0,0,0,0,0,0,0,0
2021A00054705068,25,99,0.2684,0,0,0,0,0,0,0,0,0,0,0,0,0,0,0,0,0,0,6,19,6,19
2021A00054705069,3,13,2.3828,0,0,0,0,0,0,0,0,0,0,0,0,0,0,0,0,0,0,1,1,1,1
2021A00054705071,2,6,1.7446,0,0,0,0,0,0,0,0,0,0,0,0,0,0,0,0,0,0,1,1,1,1
2021A00054705073,0,0,813.4247,0,0,0,0,0,0,0,0,0,0,0,0,0,0,0,0,0,0,0,0,0,0
2021A00054705074,184,2416,14.7807,2,5,3,19,2,16,1,14,0,0,1,14,0,0,0,0,0,0,11,36,11,36
2021A00054705077,0,0,824.8484,0,0,0,0,0,0,0,0,0,0,0,0,0,0,0,0,0,0,0,0,0,0
2021A00054705078,30,258,1.3515,0,0,0,0,0,0,0,0,0,0,0,0,0,0,1,29,1,29,5,36,5,36
2021A00054705079,19,93,4.6109,0,0,0,0,0,0,0,0,0,0,0,0,0,0,0,0,0,0,3,8,3,8
2021A00054705093,3,9,899.1345,0,0,0,0,0,0,0,0,0,0,0,0,0,0,0,0,0,0,1,1,1,1
2021A00054705094,47,353,2.5704,0,0,0,0,0,0,0,0,0,0,0,0,0,0,0,0,0,0,5,22,5,22
2021A00054705096,12,52,0.9203,0,0,0,0,0,0,0,0,0,0,0,0,0,0,0,0,0,0,2,3,2,3
2021A00054705803,0,0,116.4779,0,0,0,0,0,0,0,0,0,0,0,0,0,0,0,0,0,0,0,0,0,0
2021A00054705804,0,0,79.9465,0,0,0,0,0,0,0,0,0,0,0,0,0,0,0,0,0,0,0,0,0,0
2021A00054705805,0,0,83.7729,0,0,0,0,0,0,0,0,0,0,0,0,0,0,0,0,0,0,0,0,0,0
2021A00054705806,0,0,151.3681,0,0,0,0,0,0,0,0,0,0,0,0,0,0,0,0,0,0,0,0,0,0
2021A00054705807,0,0,12.9242,0,0,0,0,0,0,0,0,0,0,0,0,0,0,0,0,0,0,0,0,0,0
2021A00054705808,0,0,1.7784,0,0,0,0,0,0,0,0,0,0,0,0,0,0,0,0,0,0,0,0,0,0
2021A00054705814,0,0,2.3267,0,0,0,0,0,0,0,0,0,0,0,0,0,0,0,0,0,0,0,0,0,0
2021A00054705815,0,0,1.4162,0,0,0,0,0,0,0,0,0,0,0,0,0,0,0,0,0,0,0,0,0,0
2021A00054705818,0,0,1.3948,0,0,0,0,0,0,0,0,0,0,0,0,0,0,0,0,0,0,0,0,0,0
2021A00054705823,0,0,1.8561,0,0,0,0,0,0,0,0,0,0,0,0,0,0,0,0,0,0,0,0,0,0
2021A00054705824,0,0,4.6735,0,0,0,0,0,0,0,0,0,0,0,0,0,0,0,0,0,0,0,0,0,0
2021A00054705828,0,0,0.7412,0,0,0,0,0,0,0,0,0,0,0,0,0,0,0,0,0,0,0,0,0,0
2021A00054706001,11,33,817.7509,0,0,0,0,0,0,0,0,0,0,0,0,0,0,0,0,0,0,4,7,4,7
2021A00054706002,28,176,1.6911,1,2,1,2,1,2,0,0,0,0,0,0,0,0,0,0,0,0,1,2,1,2
2021A00054706003,2,10,0.6201,0,0,0,0,0,0,0,0,0,0,0,0,0,0,0,0,0,0,0,0,0,0
2021A00054706004,8,56,1077.3574,0,0,0,0,1,6,0,0,0,0,1,6,0,0,0,0,0,0,0,0,1,6
2021A00054706006,23,89,1.0761,0,0,0,0,0,0,0,0,0,0,0,0,0,0,0,0,0,0,6,13,6,13
2021A00054706007,16,96,0.7109,0,0,0,0,0,0,0,0,0,0,0,0,0,0,0,0,0,0,2,8,2,8
2021A00054706008,18,126,1.3375,0,0,0,0,0,0,0,0,0,0,1,35,0,0,0,0,0,0,3,37,3,37
2021A00054706009,7,37,0.6166,0,0,0,0,0,0,0,0,0,0,0,0,0,0,0,0,0,0,0,0,0,0
2021A00054706011,35,448,945.1044,0,0,0,0,1,3,0,0,0,0,0,0,0,0,1,3,1,3,6,23,6,23
2021A00054706013,1,3,844.7142,0,0,0,0,0,0,0,0,0,0,0,0,0,0,0,0,0,0,1,1,1,1
2021A00054706014,11,117,1.4255,0,0,0,0,0,0,0,0,0,0,0,0,0,0,0,0,0,0,1,3,1,3
2021A00054706016,3,13,845.8918,0,0,0,0,0,0,0,0,0,0,0,0,0,0,0,0,0,0,1,1,1,1
2021A00054706017,20,188,1.5391,0,0,0,0,0,0,0,0,0,0,0,0,0,0,0,0,0,0,4,6,4,6
2021A00054706018,8,36,0.685,0,0,1,14,1,14,1,14,0,0,1,14,0,0,0,0,0,0,1,14,1,14
2021A00054706019,21,79,2.6394,0,0,0,0,0,0,0,0,0,0,0,0,0,0,0,0,0,0,5,12,5,12
2021A00054706021,17,282,840.177,0,0,0,0,0,0,0,0,0,0,0,0,0,0,0,0,0,0,4,12,4,12
2021A00054706022,10,1088,1.3483,0,0,0,0,0,0,0,0,0,0,4,676,0,0,0,0,0,0,5,711,5,711
2021A00054706023,29,163,1.3234,0,0,1,7,1,7,1,7,0,0,1,7,0,0,0,0,0,0,6,19,6,19
2021A00054706026,58,2016,656.6601,1,30,1,30,2,365,0,0,0,0,1,350,0,0,0,0,0,0,3,395,3,395
2021A00054706027,7193,120141,178.81,10,817,43,1228,25,978,4,76,0,0,35,555,0,0,3,83,16,196,172,2419,183,2512
2021A00054706028,1,15,1.7409,0,0,0,0,0,0,0,0,0,0,0,0,0,0,0,0,0,0,0,0,0,0
2021A00054706029,176,3073,848.8417,3,147,4,153,4,153,0,0,0,0,1,6,0,0,1,26,1,26,9,214,10,220
2021A00054706030,122,1046,7.5596,0,0,0,0,1,60,0,0,0,0,2,73,0,0,0,0,1,15,6,36,7,96
2021A00054706031,81,1349,5.7058,3,89,1,85,2,100,0,0,0,0,1,15,0,0,1,62,1,62,7,170,7,170
2021A00054706032,0,0,4.7567,0,0,0,0,0,0,0,0,0,0,0,0,0,0,0,0,0,0,0,0,0,0
2021A00054706033,16,148,0.693,0,0,0,0,0,0,0,0,0,0,0,0,0,0,0,0,0,0,2,4,2,4
2021A00054706034,5,15,877.7467,0,0,0,0,0,0,0,0,0,0,0,0,0,0,0,0,0,0,3,5,3,5
2021A00054706036,22,118,3.8832,0,0,1,3,1,3,1,3,0,0,1,3,0,0,0,0,0,0,3,7,3,7
2021A00054706037,14,425,1.3246,0,0,0,0,0,0,0,0,0,0,1,101,0,0,0,0,0,0,2,9,3,110
2021A00054706038,0,0,745.3768,0,0,0,0,0,0,0,0,0,0,0,0,0,0,0,0,0,0,0,0,0,0
2021A00054706039,86,922,3.0792,1,46,1,3,1,46,0,0,0,0,0,0,1,46,0,0,1,7,10,71,10,71
2021A00054706041,3,156,2.6685,0,0,0,0,0,0,0,0,0,0,0,0,0,0,0,0,0,0,0,0,0,0
2021A00054706042,0,0,763.1122,0,0,0,0,0,0,0,0,0,0,0,0,0,0,0,0,0,0,0,0,0,0
2021A00054706045,0,0,2.5508,0,0,0,0,0,0,0,0,0,0,0,0,0,0,0,0,0,0,0,0,0,0
2021A00054706046,18,74,0.9811,0,0,0,0,0,0,0,0,0,0,0,0,0,0,0,0,0,0,3,7,3,7
2021A00054706047,42,613,1.6155,0,0,1,3,1,3,0,0,0,0,0,0,0,0,0,0,0,0,3,6,3,6
2021A00054706048,0,0,489.5251,0,0,0,0,0,0,0,0,0,0,0,0,0,0,0,0,0,0,0,0,0,0
2021A00054706049,4,16,1.2403,0,0,0,0,0,0,0,0,0,0,0,0,0,0,0,0,0,0,0,0,0,0
2021A00054706050,0,0,4.4873,0,0,0,0,0,0,0,0,0,0,0,0,0,0,0,0,0,0,0,0,0,0
2021A00054706051,129,2088,5.0929,0,0,0,0,0,0,0,0,0,0,0,0,0,0,0,0,0,0,6,19,6,19
2021A00054706052,0,0,1.0168,0,0,0,0,0,0,0,0,0,0,0,0,0,0,0,0,0,0,0,0,0,0
2021A00054706053,10,150,816.169,0,0,0,0,0,0,0,0,0,0,0,0,0,0,0,0,0,0,1,1,1,1
2021A00054706054,5,95,0.6523,0,0,0,0,0,0,0,0,0,0,0,0,0,0,0,0,0,0,0,0,0,0
2021A00054706055,9,39,3.6349,0,0,0,0,0,0,0,0,0,0,0,0,0,0,1,7,1,7,1,7,1,7
2021A00054706056,96,832,4.9174,1,4,1,4,1,4,0,0,0,0,0,0,0,0,0,0,0,0,6,22,6,22
2021A00054706057,0,0,0.4648,0,0,0,0,0,0,0,0,0,0,0,0,0,0,0,0,0,0,0,0,0,0
2021A00054706058,0,0,3.8828,0,0,0,0,0,0,0,0,0,0,0,0,0,0,0,0,0,0,0,0,0,0
2021A00054706059,0,0,949.8771,0,0,0,0,0,0,0,0,0,0,0,0,0,0,0,0,0,0,0,0,0,0
2021A00054706060,0,0,0.168,0,0,0,0,0,0,0,0,0,0,0,0,0,0,0,0,0,0,0,0,0,0
2021A00054706061,19,444,2.3759,0,0,0,0,0,0,0,0,0,0,1,187,0,0,0,0,0,0,5,196,5,196
2021A00054706062,2,6,1.1995,0,0,0,0,0,0,0,0,0,0,0,0,0,0,0,0,0,0,0,0,0,0
2021A00054706063,3,9,863.8868,0,0,0,0,0,0,0,0,0,0,0,0,0,0,0,0,0,0,2,2,2,2
2021A00054706064,9,59,0.675,0,0,0,0,0,0,0,0,0,0,0,0,0,0,0,0,0,0,1,1,1,1
2021A00054706065,0,0,0.7149,0,0,0,0,0,0,0,0,0,0,0,0,0,0,0,0,0,0,0,0,0,0
2021A00054706067,21,107,1.322,0,0,0,0,0,0,0,0,0,0,0,0,0,0,0,0,0,0,5,11,5,11
2021A00054706068,6,22,1.281,1,5,0,0,0,0,0,0,0,0,0,0,0,0,0,0,0,0,2,6,2,6
2021A00054706069,0,0,0.2535,0,0,0,0,0,0,0,0,0,0,0,0,0,0,0,0,0,0,0,0,0,0
2021A00054706070,0,0,1022.451,0,0,0,0,0,0,0,0,0,0,0,0,0,0,0,0,0,0,0,0,0,0
2021A00054706071,3,9,663.9044,0,0,0,0,0,0,0,0,0,0,0,0,0,0,0,0,0,0,0,0,0,0
2021A00054706072,0,0,1.5692,0,0,0,0,0,0,0,0,0,0,0,0,0,0,0,0,0,0,0,0,0,0
2021A00054706073,43,185,1.2637,0,0,0,0,0,0,0,0,0,0,0,0,0,0,0,0,0,0,8,23,8,23
2021A00054706074,50,402,5.8142,0,0,0,0,1,3,0,0,0,0,0,0,1,3,0,0,1,7,6,19,6,19
2021A00054706075,0,0,0.6329,0,0,0,0,0,0,0,0,0,0,0,0,0,0,0,0,0,0,0,0,0,0
2021A00054706076,0,0,0.1719,0,0,0,0,0,0,0,0,0,0,0,0,0,0,0,0,0,0,0,0,0,0
2021A00054706077,16,80,1.0641,0,0,0,0,0,0,0,0,0,0,0,0,0,0,0,0,0,0,0,0,0,0
2021A00054706078,38,314,1.2213,0,0,0,0,0,0,0,0,0,0,0,0,0,0,0,0,0,0,7,11,7,11
2021A00054706079,16,76,1.3493,0,0,0,0,0,0,0,0,0,0,0,0,0,0,0,0,0,0,2,3,2,3
2021A00054706080,1,3,0.3487,0,0,0,0,0,0,0,0,0,0,0,0,0,0,0,0,0,0,0,0,0,0
2021A00054706081,0,0,3.7163,0,0,0,0,0,0,0,0,0,0,0,0,0,0,0,0,0,0,0,0,0,0
2021A00054706082,0,0,0.1206,0,0,0,0,0,0,0,0,0,0,0,0,0,0,0,0,0,0,0,0,0,0
2021A00054706085,2,6,0.4482,0,0,0,0,0,0,0,0,0,0,0,0,0,0,0,0,0,0,0,0,0,0
2021A00054706091,4,36,905.525,0,0,0,0,0,0,0,0,0,0,0,0,0,0,0,0,0,0,0,0,0,0
2021A00054706092,42,298,1.5614,0,0,0,0,0,0,0,0,0,0,0,0,0,0,0,0,0,0,5,12,5,12
2021A00054706093,2,10,0.6753,0,0,0,0,0,0,0,0,0,0,0,0,0,0,0,0,0,0,0,0,0,0
2021A00054706094,40,280,0.8616,0,0,0,0,0,0,0,0,0,0,0,0,0,0,0,0,0,0,4,8,4,8
2021A00054706096,0,0,805.346,0,0,0,0,0,0,0,0,0,0,0,0,0,0,0,0,0,0,0,0,0,0
2021A00054706097,14,50,1.1932,0,0,0,0,0,0,0,0,0,0,0,0,0,0,0,0,0,0,3,5,3,5
2021A00054706098,12,100,0.7003,0,0,0,0,0,0,0,0,0,0,0,0,0,0,0,0,0,0,2,2,2,2
2021A00054706099,0,0,555.6177,0,0,0,0,0,0,0,0,0,0,0,0,0,0,0,0,0,0,0,0,0,0
2021A00054706809,0,0,112.1228,0,0,0,0,0,0,0,0,0,0,0,0,0,0,0,0,0,0,0,0,0,0
2021A00054706810,0,0,158.1089,0,0,0,0,0,0,0,0,0,0,0,0,0,0,0,0,0,0,0,0,0,0
2021A00054706811,0,0,22.8865,0,0,0,0,0,0,0,0,0,0,0,0,0,0,0,0,0,0,0,0,0,0
2021A00054706812,0,0,89.5431,0,0,0,0,0,0,0,0,0,0,0,0,0,0,0,0,0,0,0,0,0,0
2021A00054706813,0,0,77.5492,0,0,0,0,0,0,0,0,0,0,0,0,0,0,0,0,0,0,0,0,0,0
2021A00054706814,0,0,65.6822,0,0,0,0,0,0,0,0,0,0,0,0,0,0,0,0,0,0,0,0,0,0
2021A00054706815,0,0,52.8881,0,0,0,0,0,0,0,0,0,0,0,0,0,0,0,0,0,0,0,0,0,0
2021A00054706816,0,0,100.8305,0,0,0,0,0,0,0,0,0,0,0,0,0,0,0,0,0,0,0,0,0,0
2021A00054706818,0,0,53.1698,0,0,0,0,0,0,0,0,0,0,0,0,0,0,0,0,0,0,0,0,0,0
2021A00054706820,0,0,0.2369,0,0,0,0,0,0,0,0,0,0,0,0,0,0,0,0,0,0,0,0,0,0
2021A00054706828,0,0,3.0013,0,0,0,0,0,0,0,0,0,0,0,0,0,0,0,0,0,0,0,0,0,0
2021A00054706829,0,0,0.3982,0,0,0,0,0,0,0,0,0,0,0,0,0,0,0,0,0,0,0,0,0,0
2021A00054706830,0,0,2.535,0,0,0,0,0,0,0,0,0,0,0,0,0,0,0,0,0,0,0,0,0,0
2021A00054706831,0,0,2.5802,0,0,0,0,0,0,0,0,0,0,0,0,0,0,0,0,0,0,0,0,0,0
2021A00054707001,0,0,829.5567,0,0,0,0,0,0,0,0,0,0,0,0,0,0,0,0,0,0,0,0,0,0
2021A00054707004,0,0,434.1821,0,0,0,0,0,0,0,0,0,0,0,0,0,0,0,0,0,0,0,0,0,0
2021A00054707006,3,13,697.183,0,0,0,0,0,0,0,0,0,0,0,0,0,0,0,0,0,0,2,8,2,8
2021A00054707008,6,34,0.8478,0,0,0,0,0,0,0,0,0,0,0,0,0,0,0,0,0,0,1,1,1,1
2021A00054707011,6,22,761.8643,0,0,0,0,0,0,0,0,0,0,0,0,0,0,0,0,0,0,3,6,3,6
2021A00054707012,11,53,0.787,0,0,0,0,0,0,0,0,0,0,0,0,0,0,0,0,0,0,2,2,2,2
2021A00054707014,1,3,843.2367,0,0,0,0,0,0,0,0,0,0,0,0,0,0,0,0,0,0,0,0,0,0
2021A00054707016,24,80,1.2377,0,0,0,0,0,0,0,0,0,0,0,0,0,0,0,0,0,0,5,11,5,11
2021A00054707018,0,0,840.5421,0,0,0,0,0,0,0,0,0,0,0,0,0,0,0,0,0,0,0,0,0,0
2021A00054707020,0,0,0.8937,0,0,0,0,0,0,0,0,0,0,0,0,0,0,0,0,0,0,0,0,0,0
2021A00054707021,0,0,1196.4795,0,0,0,0,0,0,0,0,0,0,0,0,0,0,0,0,0,0,0,0,0,0
2021A00054707022,9,27,1.993,0,0,0,0,0,0,0,0,0,0,1,1,0,0,0,0,0,0,4,5,4,5
2021A00054707023,7,53,0.6955,0,0,0,0,0,0,0,0,0,0,0,0,0,0,0,0,0,0,1,2,1,2
2021A00054707024,1,3,1232.6474,0,0,0,0,0,0,0,0,0,0,0,0,0,0,0,0,0,0,0,0,0,0
2021A00054707026,28,176,3.6905,0,0,0,0,0,0,0,0,0,0,0,0,0,0,0,0,0,0,3,4,3,4
2021A00054707027,20,108,1.5397,0,0,0,0,0,0,0,0,0,0,0,0,0,0,0,0,0,0,2,2,2,2
2021A00054707028,7,21,1.2911,0,0,0,0,0,0,0,0,0,0,0,0,0,0,0,0,0,0,4,7,4,7
2021A00054707029,0,0,837.9642,0,0,0,0,0,0,0,0,0,0,0,0,0,0,0,0,0,0,0,0,0,0
2021A00054707031,12,156,1.1526,0,0,0,0,0,0,0,0,0,0,1,35,0,0,0,0,0,0,5,41,5,41
2021A00054707032,0,0,818.6268,0,0,0,0,0,0,0,0,0,0,0,0,0,0,0,0,0,0,0,0,0,0
2021A00054707034,20,84,2.8675,0,0,0,0,0,0,0,0,0,0,0,0,0,0,0,0,0,0,4,8,4,8
2021A00054707036,0,0,566.7421,0,0,0,0,0,0,0,0,0,0,0,0,0,0,0,0,0,0,0,0,0,0
2021A00054707037,31,384,1.8241,0,0,0,0,0,0,0,0,0,0,0,0,0,0,0,0,0,0,4,49,4,49
2021A00054707038,16,100,777.6213,0,0,0,0,0,0,0,0,0,0,0,0,0,0,0,0,0,0,1,3,1,3
2021A00054707039,1102,16325,65.8125,4,52,4,26,1,13,0,0,0,0,1,22,1,3,1,13,6,38,48,395,48,395
2021A00054707042,3,13,781.4794,0,0,0,0,0,0,0,0,0,0,0,0,0,0,0,0,0,0,2,2,2,2
2021A00054707043,6,102,0.6761,0,0,0,0,0,0,0,0,0,0,1,7,0,0,0,0,0,0,3,10,3,10
2021A00054707044,8,40,0.6292,0,0,0,0,0,0,0,0,0,0,0,0,0,0,0,0,0,0,2,8,2,8
2021A00054707045,1,3,2.0343,0,0,0,0,0,0,0,0,0,0,0,0,0,0,0,0,0,0,0,0,0,0
2021A00054707047,0,0,830.7255,0,0,0,0,0,0,0,0,0,0,0,0,0,0,0,0,0,0,0,0,0,0
2021A00054707048,28,140,2.5735,0,0,0,0,0,0,0,0,0,0,0,0,0,0,0,0,0,0,8,21,8,21
2021A00054707049,7,25,2.5188,0,0,0,0,0,0,0,0,0,0,0,0,0,0,0,0,0,0,1,1,1,1
2021A00054707051,0,0,4.9492,0,0,0,0,0,0,0,0,0,0,0,0,0,0,0,0,0,0,0,0,0,0
2021A00054707053,0,0,1003.926,0,0,0,0,0,0,0,0,0,0,0,0,0,0,0,0,0,0,0,0,0,0
2021A00054707054,38,374,2.1038,0,0,0,0,0,0,0,0,0,0,0,0,0,0,0,0,0,0,4,7,4,7
2021A00054707058,3,9,549.9478,0,0,0,0,0,0,0,0,0,0,0,0,0,0,0,0,0,0,2,2,2,2
2021A00054707059,30,162,0.8167,0,0,0,0,0,0,0,0,0,0,0,0,0,0,0,0,0,0,4,7,4,7
2021A00054707062,37,155,1.0881,2,3,1,2,1,2,0,0,0,0,0,0,0,0,0,0,0,0,9,21,9,21
2021A00054707063,18,270,1360.618,0,0,0,0,0,0,0,0,0,0,0,0,0,0,0,0,0,0,1,35,1,35
2021A00054707066,0,0,820.3155,0,0,0,0,0,0,0,0,0,0,0,0,0,0,0,0,0,0,0,0,0,0
2021A00054707067,15,57,895.7172,0,0,0,0,0,0,0,0,0,0,0,0,0,0,0,0,0,0,3,5,3,5
2021A00054707068,0,0,0.697,0,0,0,0,0,0,0,0,0,0,0,0,0,0,0,0,0,0,0,0,0,0
2021A00054707071,3,13,818.0493,0,0,0,0,0,0,0,0,0,0,0,0,0,0,0,0,0,0,0,0,0,0
2021A00054707072,19,133,1.0088,0,0,0,0,0,0,0,0,0,0,0,0,0,0,0,0,0,0,3,7,3,7
2021A00054707074,0,0,1.9171,0,0,0,0,0,0,0,0,0,0,0,0,0,0,0,0,0,0,0,0,0,0
2021A00054707076,0,0,830.6826,0,0,0,0,0,0,0,0,0,0,0,0,0,0,0,0,0,0,0,0,0,0
2021A00054707077,4,20,0.751,0,0,0,0,0,0,0,0,0,0,0,0,0,0,0,0,0,0,0,0,0,0
2021A00054707091,1,3,868.4834,0,0,0,0,0,0,0,0,0,0,0,0,0,0,0,0,0,0,0,0,0,0
2021A00054707092,29,307,3.0777,1,9,1,9,1,9,0,0,0,0,1,8,0,0,0,0,0,0,6,25,6,25
2021A00054707093,1,7,1.3073,0,0,0,0,0,0,0,0,0,0,0,0,0,0,0,0,0,0,0,0,0,0
2021A00054708001,46,670,1100.4747,0,0,0,0,0,0,0,0,0,0,0,0,0,0,0,0,0,0,3,10,3,10
2021A00054708004,897,11250,29.3012,4,126,4,97,5,116,1,7,0,0,4,12,0,0,0,0,0,0,48,263,49,269
2021A00054708006,0,0,1101.9222,0,0,0,0,0,0,0,0,0,0,0,0,0,0,0,0,0,0,0,0,0,0
2021A00054708008,7,29,1.2313,0,0,0,0,0,0,0,0,0,0,0,0,0,0,0,0,0,0,0,0,0,0
2021A00054708009,0,0,828.4785,0,0,0,0,0,0,0,0,0,0,0,0,0,0,0,0,0,0,0,0,0,0
2021A00054708011,91,769,2.3987,0,0,0,0,0,0,0,0,0,0,0,0,0,0,0,0,0,0,6,12,6,12
2021A00054708012,12,56,2.6773,0,0,0,0,0,0,0,0,0,0,0,0,0,0,0,0,0,0,4,12,4,12
2021A00054708016,0,0,831.8731,0,0,0,0,0,0,0,0,0,0,0,0,0,0,0,0,0,0,0,0,0,0
2021A00054708018,8,24,0.4834,0,0,0,0,0,0,0,0,0,0,0,0,0,0,0,0,0,0,2,2,2,2
2021A00054708021,0,0,998.4743,0,0,0,0,0,0,0,0,0,0,0,0,0,0,0,0,0,0,0,0,0,0
2021A00054708022,24,96,0.4762,0,0,0,0,0,0,0,0,0,0,1,2,0,0,0,0,0,0,4,9,4,9
2021A00054708024,1,3,1253.4003,0,0,0,0,0,0,0,0,0,0,0,0,0,0,0,0,0,0,0,0,0,0
2021A00054708026,32,124,0.7006,0,0,0,0,0,0,0,0,0,0,1,1,0,0,0,0,0,0,6,10,6,10
2021A00054708028,0,0,1256.4209,0,0,0,0,0,0,0,0,0,0,0,0,0,0,0,0,0,0,0,0,0,0
2021A00054708029,14,70,0.5499,0,0,0,0,0,0,0,0,0,0,1,1,0,0,0,0,0,0,3,5,3,5
2021A00054708031,3,77,1307.4622,0,0,0,0,0,0,0,0,0,0,0,0,0,0,0,0,0,0,0,0,0,0
2021A00054708032,55,372,1.3599,0,0,0,0,0,0,0,0,0,0,1,1,0,0,0,0,0,0,7,14,7,14
2021A00054708034,7,180,0.6524,0,0,0,0,0,0,0,0,0,0,1,28,0,0,0,0,0,0,1,28,1,28
2021A00054708036,5,15,1.3638,0,0,0,0,0,0,0,0,0,0,0,0,0,0,0,0,0,0,0,0,0,0
2021A00054708038,1,3,792.7278,0,0,0,0,0,0,0,0,0,0,0,0,0,0,0,0,0,0,1,1,1,1
2021A00054708039,22,110,0.8559,0,0,0,0,0,0,0,0,0,0,0,0,0,0,0,0,0,0,3,7,3,7
2021A00054708042,15,85,1896.9167,0,0,0,0,0,0,0,0,0,0,0,0,0,0,0,0,0,0,3,6,3,6
2021A00054708044,44,212,1.1596,0,0,0,0,0,0,0,0,0,0,0,0,0,0,0,0,0,0,6,15,6,15
2021A00054708046,0,0,1227.7168,0,0,0,0,0,0,0,0,0,0,0,0,0,0,0,0,0,0,0,0,0,0
2021A00054708048,23,73,0.7269,0,0,0,0,0,0,0,0,0,0,0,0,0,0,0,0,0,0,4,7,4,7
2021A00054708049,13,39,1.3222,0,0,0,0,0,0,0,0,0,0,0,0,0,0,0,0,0,0,4,7,4,7
2021A00054708053,1,3,1436.3349,0,0,0,0,0,0,0,0,0,0,0,0,0,0,0,0,0,0,1,2,1,2
2021A00054708054,17,75,1.333,0,0,0,0,0,0,0,0,0,0,0,0,0,0,0,0,0,0,5,12,5,12
2021A00054708056,8,28,1269.1778,0,0,0,0,0,0,0,0,0,0,0,0,0,0,0,0,0,0,2,3,2,3
2021A00054708057,11,37,0.8178,0,0,0,0,0,0,0,0,0,0,0,0,0,0,0,0,0,0,3,4,3,4
2021A00054708058,0,0,1.6778,0,0,0,0,0,0,0,0,0,0,0,0,0,0,0,0,0,0,0,0,0,0
2021A00054708059,2,6,0.5904,0,0,0,0,0,0,0,0,0,0,0,0,0,0,0,0,0,0,0,0,0,0
2021A00054708061,77,610,736.8703,0,0,0,0,0,0,0,0,0,0,0,0,0,0,0,0,0,0,4,9,4,9
2021A00054708062,19,81,1.0897,0,0,0,0,0,0,0,0,0,0,0,0,0,0,0,0,0,0,2,3,2,3
2021A00054708065,9,31,1962.2062,0,0,0,0,0,0,0,0,0,0,0,0,0,0,0,0,0,0,2,2,2,2
2021A00054708068,59,357,1.5982,0,0,0,0,0,0,0,0,0,0,0,0,0,0,0,0,0,0,9,24,9,24
2021A00054708071,11,41,1094.6415,0,0,0,0,0,0,0,0,0,0,0,0,0,0,0,0,0,0,1,2,1,2
2021A00054708074,10,189,1615.9074,0,0,0,0,0,0,0,0,0,0,0,0,0,0,0,0,0,0,4,6,4,6
2021A00054708076,110,738,2.6542,0,0,0,0,1,14,0,0,0,0,0,0,0,0,0,0,0,0,11,42,11,42
2021A00054708092,3,25,1587.9938,0,0,0,0,0,0,0,0,0,0,0,0,0,0,0,0,0,0,0,0,0,0
2021A00054708094,60,376,2.8862,1,9,1,9,1,9,0,0,0,0,0,0,0,0,0,0,0,0,9,29,9,29
2021A00054709001,8,48,790.9306,0,0,0,0,0,0,0,0,0,0,0,0,0,0,0,0,0,0,2,4,2,4
2021A00054709002,3,9,0.7497,0,0,0,0,0,0,0,0,0,0,0,0,0,0,0,0,0,0,2,2,2,2
2021A00054709006,8,28,814.6873,0,0,0,0,0,0,0,0,0,0,0,0,0,0,0,0,0,0,2,3,2,3
2021A00054709009,9,43,1.0799,0,0,0,0,0,0,0,0,0,0,0,0,0,0,0,0,0,0,3,11,3,11
2021A00054709011,8,36,770.0514,0,0,0,0,0,0,0,0,0,0,0,0,0,0,0,0,0,0,3,7,3,7
2021A00054709012,729,11950,36.1941,2,33,4,54,4,39,1,3,0,0,2,6,1,22,0,0,0,0,33,450,34,453
2021A00054709014,12,52,0.6015,0,0,0,0,0,0,0,0,0,0,0,0,0,0,0,0,0,0,3,9,3,9
2021A00054709016,19,125,0.7037,0,0,0,0,0,0,0,0,0,0,0,0,0,0,0,0,0,0,5,15,5,15
2021A00054709019,6,34,790.2023,0,0,0,0,0,0,0,0,0,0,0,0,0,0,0,0,0,0,2,3,2,3
2021A00054709023,6,30,808.5493,0,0,0,0,0,0,0,0,0,0,0,0,0,0,0,0,0,0,2,3,2,3
2021A00054709024,6,18,1.8763,0,0,0,0,0,0,0,0,0,0,0,0,0,0,0,0,0,0,1,1,1,1
2021A00054709028,18,226,1.5114,0,0,0,0,0,0,0,0,0,0,0,0,0,0,0,0,0,0,4,9,4,9
2021A00054709029,3,21,773.5351,0,0,0,0,0,0,0,0,0,0,0,0,0,0,0,0,0,0,0,0,0,0
2021A00054709032,107,1177,7.3482,2,6,3,9,2,6,0,0,0,0,0,0,0,0,0,0,0,0,11,22,11,22
2021A00054709033,6,34,820.6999,0,0,0,0,0,0,0,0,0,0,0,0,0,0,0,0,0,0,2,2,2,2
2021A00054709037,2,10,871.0206,0,0,0,0,0,0,0,0,0,0,0,0,0,0,0,0,0,0,2,4,2,4
2021A00054709038,11,37,1.4379,0,0,0,0,0,0,0,0,0,0,0,0,0,0,0,0,0,0,3,9,3,9
2021A00054709039,81,1273,5.6749,0,0,0,0,0,0,0,0,0,0,1,1,0,0,0,0,0,0,5,13,5,13
2021A00054709042,4,28,647.8003,0,0,0,0,0,0,0,0,0,0,0,0,0,0,0,0,0,0,0,0,0,0
2021A00054709044,7,33,0.9579,0,0,0,0,0,0,0,0,0,0,0,0,0,0,0,0,0,0,2,2,2,2
2021A00054709046,1,3,656.4879,0,0,0,0,0,0,0,0,0,0,0,0,0,0,0,0,0,0,0,0,0,0
2021A00054709049,7,37,708.2748,0,0,0,0,0,0,0,0,0,0,0,0,0,0,0,0,0,0,0,0,0,0
2021A00054709053,19,65,1.1316,0,0,0,0,0,0,0,0,0,0,0,0,0,0,0,0,0,0,4,6,4,6
2021A00054709054,2,78,694.1441,0,0,0,0,0,0,0,0,0,0,0,0,0,0,0,0,0,0,0,0,0,0
2021A00054709056,2,10,0.6662,0,0,0,0,0,0,0,0,0,0,0,0,0,0,0,0,0,0,0,0,0,0
2021A00054709058,12,68,1.2047,0,0,0,0,0,0,0,0,0,0,0,0,0,0,0,0,0,0,2,4,2,4
2021A00054709060,4,16,1358.4511,0,0,0,0,0,0,0,0,0,0,0,0,0,0,0,0,0,0,1,1,1,1
2021A00054709061,15,57,1.2407,0,0,0,0,1,3,0,0,0,0,1,3,0,0,0,0,0,0,4,9,4,9
2021A00054709062,1,3,1368.9188,0,0,0,0,0,0,0,0,0,0,0,0,0,0,0,0,0,0,0,0,0,0
2021A00054709064,73,763,2.856,0,0,0,0,0,0,0,0,0,0,0,0,0,0,0,0,1,3,9,19,9,19
2021A00054709065,21,127,1.0034,0,0,0,0,0,0,0,0,0,0,0,0,0,0,0,0,1,3,5,14,5,14
2021A00054709066,21,167,3.1491,0,0,0,0,0,0,0,0,0,0,0,0,0,0,0,0,0,0,4,5,4,5
2021A00054709067,14,74,1380.6779,0,0,0,0,0,0,0,0,0,0,0,0,0,0,0,0,0,0,3,9,3,9
2021A00054709069,7,65,0.7064,0,0,0,0,0,0,0,0,0,0,0,0,0,0,0,0,0,0,1,1,1,1
2021A00054709071,7,65,0.413,0,0,0,0,0,0,0,0,0,0,0,0,0,0,0,0,0,0,3,8,3,8
2021A00054709072,44,492,1.6242,0,0,0,0,0,0,0,0,0,0,0,0,0,0,0,0,0,0,6,14,6,14
2021A00054709075,0,0,1326.237,0,0,0,0,0,0,0,0,0,0,0,0,0,0,0,0,0,0,0,0,0,0
2021A00054709076,16,60,0.7164,0,0,0,0,0,0,0,0,0,0,0,0,0,0,0,0,0,0,5,8,5,8
2021A00054709819,0,0,83.9197,0,0,0,0,0,0,0,0,0,0,0,0,0,0,0,0,0,0,0,0,0,0
2021A00054709820,0,0,41.1325,0,0,0,0,0,0,0,0,0,0,0,0,0,0,0,0,0,0,0,0,0,0
2021A00054709821,0,0,58.5942,0,0,0,0,0,0,0,0,0,0,0,0,0,0,0,0,0,0,0,0,0,0
2021A00054709822,0,0,0.0391,0,0,0,0,0,0,0,0,0,0,0,0,0,0,0,0,0,0,0,0,0,0
2021A00054709824,0,0,2.866,0,0,0,0,0,0,0,0,0,0,0,0,0,0,0,0,0,0,0,0,0,0
2021A00054709826,0,0,3.9437,0,0,0,0,0,0,0,0,0,0,0,0,0,0,0,0,0,0,0,0,0,0
2021A00054709828,0,0,3.3656,0,0,0,0,0,0,0,0,0,0,0,0,0,0,0,0,0,0,0,0,0,0
2021A00054709830,0,0,1.4412,0,0,0,0,0,0,0,0,0,0,0,0,0,0,0,0,0,0,0,0,0,0
2021A00054709832,0,0,2.4432,0,0,0,0,0,0,0,0,0,0,0,0,0,0,0,0,0,0,0,0,0,0
2021A00054710002,4,12,1.0664,0,0,0,0,0,0,0,0,0,0,0,0,0,0,0,0,0,0,2,3,2,3
2021A00054710003,4,36,788.7336,0,0,0,0,0,0,0,0,0,0,0,0,0,0,0,0,0,0,0,0,0,0
2021A00054710004,36,308,1.4652,0,0,0,0,0,0,0,0,0,0,0,0,0,0,0,0,0,0,3,6,3,6
2021A00054710008,15,264,809.2163,0,0,0,0,0,0,0,0,0,0,0,0,0,0,0,0,0,0,4,7,4,7
2021A00054710009,13,103,2.5703,0,0,0,0,0,0,0,0,0,0,0,0,0,0,0,0,0,0,0,0,0,0
2021A00054710011,10,70,1.2833,0,0,0,0,0,0,0,0,0,0,0,0,0,0,0,0,0,0,3,18,3,18
2021A00054710014,0,0,684.5733,0,0,0,0,0,0,0,0,0,0,0,0,0,0,0,0,0,0,0,0,0,0
2021A00054710022,15,101,1.0784,0,0,0,0,0,0,0,0,0,0,0,0,0,0,0,0,0,0,2,4,2,4
2021A00054710024,0,0,1624.5704,0,0,0,0,0,0,0,0,0,0,0,0,0,0,0,0,0,0,0,0,0,0
2021A00054710027,63,680,2.7377,0,0,0,0,0,0,0,0,0,0,0,0,0,0,0,0,1,3,8,15,8,15
2021A00054710028,2,6,0.9719,0,0,0,0,0,0,0,0,0,0,0,0,0,0,0,0,0,0,0,0,0,0
2021A00054710029,12,328,0.6834,0,0,0,0,0,0,0,0,0,0,0,0,0,0,0,0,0,0,0,0,0,0
2021A00054710031,7,33,807.182,0,0,0,0,0,0,0,0,0,0,0,0,0,0,0,0,0,0,2,2,2,2
2021A00054710034,2,6,0.2276,0,0,0,0,0,0,0,0,0,0,0,0,0,0,0,0,0,0,0,0,0,0
2021A00054710035,0,0,0.6641,0,0,0,0,0,0,0,0,0,0,0,0,0,0,0,0,0,0,0,0,0,0
2021A00054710036,3,21,1284.4113,0,0,0,0,0,0,0,0,0,0,0,0,0,0,0,0,0,0,1,1,1,1
2021A00054710038,87,745,6.0371,0,0,0,0,0,0,0,0,0,0,0,0,0,0,0,0,0,0,8,21,8,21
2021A00054710041,4,16,687.5626,0,0,0,0,0,0,0,0,0,0,0,0,0,0,0,0,0,0,1,2,1,2
2021A00054710043,6,34,2.4844,0,0,0,0,0,0,0,0,0,0,0,0,0,0,0,0,0,0,1,1,1,1
2021A00054710046,0,0,730.3406,0,0,0,0,0,0,0,0,0,0,0,0,0,0,0,0,0,0,0,0,0,0
2021A00054710047,89,1085,5.323,0,0,0,0,0,0,0,0,0,0,2,20,0,0,0,0,0,0,7,41,7,41
2021A00054710052,0,0,837.6574,0,0,0,0,0,0,0,0,0,0,0,0,0,0,0,0,0,0,0,0,0,0
2021A00054710054,17,99,0.8708,0,0,0,0,0,0,0,0,0,0,0,0,0,0,0,0,0,0,4,6,4,6
2021A00054710056,0,0,831.5391,0,0,0,0,0,0,0,0,0,0,0,0,0,0,0,0,0,0,0,0,0,0
2021A00054710058,29,279,2.1123,0,0,0,0,0,0,0,0,0,0,0,0,0,0,0,0,0,0,5,38,5,38
2021A00054710061,0,0,653.881,0,0,0,0,0,0,0,0,0,0,0,0,0,0,0,0,0,0,0,0,0,0
2021A00054710062,56,611,2.9575,0,0,0,0,1,15,0,0,0,0,0,0,0,0,0,0,0,0,7,30,7,30
2021A00054710064,29,322,1.3195,1,4,1,4,1,4,0,0,0,0,0,0,0,0,0,0,0,0,7,19,7,19
2021A00054710066,15,89,709.0986,0,0,0,0,0,0,0,0,0,0,0,0,0,0,0,0,0,0,4,11,4,11
2021A00054710068,98,1642,2.9945,0,0,0,0,0,0,0,0,0,0,0,0,0,0,0,0,0,0,6,12,6,12
2021A00054710071,12,56,984.2602,0,0,0,0,0,0,0,0,0,0,0,0,0,0,0,0,0,0,2,4,2,4
2021A00054710072,9,35,0.7131,0,0,0,0,0,0,0,0,0,0,0,0,0,0,0,0,0,0,2,4,2,4
2021A00054710801,0,0,1.8417,0,0,0,0,0,0,0,0,0,0,0,0,0,0,0,0,0,0,0,0,0,0
2021A00054710822,0,0,63.7953,0,0,0,0,0,0,0,0,0,0,0,0,0,0,0,0,0,0,0,0,0,0
2021A00054710823,0,0,125.0065,0,0,0,0,0,0,0,0,0,0,0,0,0,0,0,0,0,0,0,0,0,0
2021A00054710824,0,0,56.0796,0,0,0,0,0,0,0,0,0,0,0,0,0,0,0,0,0,0,0,0,0,0
2021A00054710825,0,0,96.5108,0,0,0,0,0,0,0,0,0,0,0,0,0,0,0,0,0,0,0,0,0,0
2021A00054710826,0,0,33.1652,0,0,0,0,0,0,0,0,0,0,0,0,0,0,0,0,0,0,0,0,0,0
2021A00054710828,0,0,44.8573,0,0,0,0,0,0,0,0,0,0,0,0,0,0,0,0,0,0,0,0,0,0
2021A00054710832,0,0,2.3854,0,0,0,0,0,0,0,0,0,0,0,0,0,0,0,0,0,0,0,0,0,0
2021A00054710834,0,0,1.2466,0,0,0,0,0,0,0,0,0,0,0,0,0,0,0,0,0,0,0,0,0,0
2021A00054710836,0,0,0.649,0,0,0,0,0,0,0,0,0,0,0,0,0,0,0,0,0,0,0,0,0,0
2021A00054710838,0,0,3.6252,0,0,0,0,0,0,0,0,0,0,0,0,0,0,0,0,0,0,0,0,0,0
2021A00054710840,0,0,2.0306,0,0,0,0,0,0,0,0,0,0,0,0,0,0,0,0,0,0,0,0,0,0
2021A00054710842,0,0,0.7008,0,0,0,0,0,0,0,0,0,0,0,0,0,0,0,0,0,0,0,0,0,0
2021A00054710843,0,0,2.6809,0,0,0,0,0,0,0,0,0,0,0,0,0,0,0,0,0,0,0,0,0,0
2021A00054710845,0,0,0.7433,0,0,0,0,0,0,0,0,0,0,0,0,0,0,0,0,0,0,0,0,0,0
2021A00054710846,0,0,1.8431,0,0,0,0,0,0,0,0,0,0,0,0,0,0,0,0,0,0,0,0,0,0
2021A00054710847,0,0,5.2638,0,0,0,0,0,0,0,0,0,0,0,0,0,0,0,0,0,0,0,0,0,0
2021A00054710848,0,0,1.3975,0,0,0,0,0,0,0,0,0,0,0,0,0,0,0,0,0,0,0,0,0,0
2021A00054710849,0,0,0.5165,0,0,0,0,0,0,0,0,0,0,0,0,0,0,0,0,0,0,0,0,0,0
2021A00054710850,0,0,3.7896,0,0,0,0,0,0,0,0,0,0,0,0,0,0,0,0,0,0,0,0,0,0
2021A00054710851,0,0,0.5487,0,0,0,0,0,0,0,0,0,0,0,0,0,0,0,0,0,0,0,0,0,0
2021A00054710852,0,0,3.0706,0,0,0,0,0,0,0,0,0,0,0,0,0,0,0,0,0,0,0,0,0,0
2021A00054711002,15,85,0.6694,0,0,0,0,0,0,0,0,0,0,0,0,0,0,0,0,0,0,4,7,4,7
2021A00054711003,16,68,858.9559,0,0,0,0,0,0,0,0,0,0,0,0,0,0,0,0,0,0,4,6,4,6
2021A00054711004,12,84,1.2733,0,0,0,0,0,0,0,0,0,0,0,0,0,0,0,0,0,0,2,4,2,4
2021A00054711006,0,0,689.3545,0,0,0,0,0,0,0,0,0,0,0,0,0,0,0,0,0,0,0,0,0,0
2021A00054711007,0,0,0.2602,0,0,0,0,0,0,0,0,0,0,0,0,0,0,0,0,0,0,0,0,0,0
2021A00054711008,48,343,1.2049,1,85,1,85,1,85,0,0,0,0,0,0,0,0,0,0,0,0,7,96,7,96
2021A00054711009,4,12,1.4241,0,0,0,0,0,0,0,0,0,0,0,0,0,0,0,0,0,0,1,1,1,1
2021A00054711011,0,0,721.5772,0,0,0,0,0,0,0,0,0,0,0,0,0,0,0,0,0,0,0,0,0,0
2021A00054711014,102,750,4.0517,0,0,1,3,0,0,0,0,0,0,0,0,0,0,1,6,1,6,14,35,14,35
2021A00054711016,0,0,836.2087,0,0,0,0,0,0,0,0,0,0,0,0,0,0,0,0,0,0,0,0,0,0
2021A00054711018,0,0,958.4202,0,0,0,0,0,0,0,0,0,0,0,0,0,0,0,0,0,0,0,0,0,0
2021A00054711019,22,150,3.9595,0,0,1,7,0,0,0,0,0,0,1,7,0,0,0,0,0,0,3,10,3,10
2021A00054711021,25,123,0.5611,0,0,0,0,0,0,0,0,0,0,0,0,0,0,0,0,0,0,7,20,7,20
2021A00054711022,3,13,0.6455,0,0,0,0,0,0,0,0,0,0,0,0,0,0,0,0,0,0,0,0,0,0
2021A00054711024,5,15,1.121,0,0,0,0,0,0,0,0,0,0,0,0,0,0,0,0,0,0,1,1,1,1
2021A00054711026,8,28,807.3139,0,0,0,0,0,0,0,0,0,0,0,0,0,0,0,0,0,0,1,1,1,1
2021A00054711027,120,1152,8.3442,0,0,0,0,0,0,0,0,0,0,0,0,0,0,0,0,0,0,5,28,5,28
2021A00054711028,24,236,0.7657,0,0,0,0,0,0,0,0,0,0,0,0,0,0,0,0,0,0,8,26,8,26
2021A00054711029,4,12,0.7761,0,0,0,0,0,0,0,0,0,0,0,0,0,0,0,0,0,0,1,1,1,1
2021A00054711031,2,6,923.8707,0,0,0,0,0,0,0,0,0,0,0,0,0,0,0,0,0,0,0,0,0,0
2021A00054711032,22,122,2.6626,0,0,0,0,0,0,0,0,0,0,0,0,0,0,0,0,0,0,4,7,4,7
2021A00054711034,0,0,944.4672,0,0,0,0,0,0,0,0,0,0,0,0,0,0,0,0,0,0,0,0,0,0
2021A00054711036,20,88,1.1364,1,2,1,2,1,2,0,0,0,0,0,0,0,0,0,0,0,0,4,6,4,6
2021A00054711038,9,31,0.8742,0,0,0,0,0,0,0,0,0,0,0,0,0,0,0,0,0,0,2,3,2,3
2021A00054711039,0,0,829.7763,0,0,0,0,0,0,0,0,0,0,0,0,0,0,0,0,0,0,0,0,0,0
2021A00054711041,10,38,1.574,0,0,0,0,0,0,0,0,0,0,0,0,0,0,0,0,0,0,2,3,2,3
2021A00054711042,0,0,793.295,0,0,0,0,0,0,0,0,0,0,0,0,0,0,0,0,0,0,0,0,0,0
2021A00054711044,30,297,2.5454,0,0,1,3,0,0,0,0,0,0,0,0,0,0,0,0,0,0,6,11,6,11
2021A00054711046,10,34,806.1109,0,0,0,0,0,0,0,0,0,0,0,0,0,0,0,0,0,0,3,4,3,4
2021A00054711048,10,106,0.6411,0,0,0,0,0,0,0,0,0,0,0,0,0,0,0,0,0,0,4,41,4,41
2021A00054711049,43,1183,8.1375,0,0,0,0,0,0,0,0,0,0,1,293,0,0,0,0,0,0,3,309,3,309
2021A00054711052,105,1446,842.6206,0,0,0,0,0,0,0,0,0,0,0,0,0,0,0,0,0,0,9,22,9,22
2021A00054711053,0,0,11.2908,0,0,0,0,0,0,0,0,0,0,0,0,0,0,0,0,0,0,0,0,0,0
2021A00054711054,14,82,2.2769,0,0,0,0,0,0,0,0,0,0,0,0,0,0,0,0,0,0,3,5,3,5
2021A00054711056,12,56,2.5383,0,0,0,0,0,0,0,0,0,0,0,0,0,0,0,0,0,0,2,2,2,2
2021A00054711058,0,0,0.712,0,0,0,0,0,0,0,0,0,0,0,0,0,0,0,0,0,0,0,0,0,0
2021A00054711059,13,59,549.9566,0,0,0,0,0,0,0,0,0,0,0,0,0,0,0,0,0,0,0,0,0,0
2021A00054711060,3,13,0.7212,0,0,0,0,0,0,0,0,0,0,0,0,0,0,0,0,0,0,0,0,0,0
2021A00054711061,7,141,799.971,0,0,0,0,0,0,0,0,0,0,0,0,0,0,0,0,0,0,0,0,0,0
2021A00054711063,26,293,1.4779,0,0,0,0,0,0,0,0,0,0,1,3,0,0,0,0,0,0,5,14,5,14
2021A00054711064,4,16,0.7464,0,0,0,0,0,0,0,0,0,0,0,0,0,0,0,0,0,0,0,0,0,0
2021A00054711065,175,2589,1893.2432,0,0,1,6,2,66,0,0,0,0,2,66,0,0,0,0,0,0,10,84,12,150
2021A00054711066,8991,153278,226.5642,40,1676,78,1543,73,1719,8,159,0,0,54,1745,8,433,5,80,20,245,314,5141,338,5954
2021A00054711067,49,359,4.2748,0,0,0,0,0,0,0,0,0,0,0,0,0,0,0,0,0,0,10,26,10,26
2021A00054711068,327,3635,13.0956,2,13,4,28,4,28,0,0,0,0,2,15,0,0,1,62,3,100,14,143,16,158
2021A00054711069,3,9,789.3981,0,0,0,0,0,0,0,0,0,0,0,0,0,0,0,0,0,0,0,0,0,0
2021A00054711070,233,2608,13.56,1,144,0,0,2,49,0,0,0,0,1,15,0,0,2,63,2,63,9,262,9,262
2021A00054711071,0,0,0.416,0,0,0,0,0,0,0,0,0,0,0,0,0,0,0,0,0,0,0,0,0,0
2021A00054711072,28,815,1.797,0,0,0,0,0,0,0,0,0,0,1,293,0,0,0,0,0,0,4,301,4,301
2021A00054711073,0,0,3.284,0,0,0,0,0,0,0,0,0,0,0,0,0,0,0,0,0,0,0,0,0,0
2021A00054711075,0,0,1.621,0,0,0,0,0,0,0,0,0,0,0,0,0,0,0,0,0,0,0,0,0,0
2021A00054711076,0,0,548.4594,0,0,0,0,0,0,0,0,0,0,0,0,0,0,0,0,0,0,0,0,0,0
2021A00054711077,2,10,0.8598,0,0,0,0,0,0,0,0,0,0,0,0,0,0,0,0,0,0,0,0,0,0
2021A00054711078,10,54,1.2624,0,0,0,0,0,0,0,0,0,0,0,0,0,0,0,0,0,0,0,0,0,0
2021A00054711079,22,545,2.3987,0,0,0,0,0,0,0,0,0,0,1,187,0,0,0,0,0,0,5,202,5,202
2021A00054711091,0,0,828.5488,0,0,0,0,0,0,0,0,0,0,0,0,0,0,0,0,0,0,0,0,0,0
2021A00054711092,23,93,1.4854,0,0,0,0,0,0,0,0,0,0,0,0,0,0,0,0,0,0,3,6,3,6
2021A00054711094,3,9,0.6748,0,0,0,0,0,0,0,0,0,0,0,0,0,0,0,0,0,0,1,2,1,2
2021A00054711096,20,76,828.0592,0,0,0,0,0,0,0,0,0,0,0,0,0,0,0,0,0,0,5,13,5,13
2021A00054711828,9,840,19.2877,0,0,0,0,0,0,0,0,0,0,0,0,0,0,0,0,0,0,0,0,0,0
2021A00054712001,19,105,822.469,0,0,0,0,1,14,0,0,0,0,0,0,0,0,0,0,0,0,5,23,5,23
2021A00054712004,4,20,807.8186,0,0,0,0,0,0,0,0,0,0,1,7,0,0,0,0,0,0,2,9,2,9
2021A00054712006,187,2366,11.5888,0,0,1,3,1,3,1,3,0,0,2,4,0,0,0,0,0,0,13,34,13,34
2021A00054712008,2,6,1.2898,0,0,0,0,0,0,0,0,0,0,0,0,0,0,0,0,0,0,0,0,0,0
2021A00054712011,2,14,732.9463,0,0,0,0,0,0,0,0,0,0,0,0,0,0,0,0,0,0,0,0,0,0
2021A00054712012,21,99,0.9628,0,0,0,0,0,0,0,0,0,0,0,0,0,0,0,0,0,0,3,6,3,6
2021A00054712014,18,62,0.7122,1,3,0,0,0,0,0,0,0,0,0,0,1,3,0,0,0,0,4,8,4,8
2021A00054712016,16,116,2.5535,0,0,0,0,0,0,0,0,0,0,0,0,0,0,0,0,1,3,5,14,5,14
2021A00054712019,8,28,0.716,0,0,0,0,0,0,0,0,0,0,0,0,0,0,0,0,0,0,2,3,2,3
2021A00054712020,9,27,1010.191,0,0,0,0,0,0,0,0,0,0,0,0,0,0,0,0,0,0,3,5,3,5
2021A00054712022,9,43,1.0018,0,0,0,0,0,0,0,0,0,0,0,0,0,0,0,0,0,0,2,3,2,3
2021A00054712026,8,64,897.569,0,0,0,0,0,0,0,0,0,0,0,0,0,0,0,0,0,0,0,0,0,0
2021A00054712029,0,0,807.3396,0,0,0,0,0,0,0,0,0,0,0,0,0,0,0,0,0,0,0,0,0,0
2021A00054712031,3,9,1.0046,0,0,0,0,0,0,0,0,0,0,0,0,0,0,0,0,0,0,2,3,2,3
2021A00054712032,7,37,0.8929,0,0,0,0,0,0,0,0,0,0,0,0,0,0,0,0,0,0,0,0,0,0
2021A00054712034,7,85,832.5352,0,0,0,0,0,0,0,0,0,0,0,0,0,0,0,0,0,0,1,1,1,1
2021A00054712038,8,36,847.024,0,0,0,0,0,0,0,0,0,0,0,0,0,0,0,0,0,0,1,2,1,2
2021A00054712042,5,15,1576.0931,0,0,0,0,0,0,0,0,0,0,0,0,0,0,0,0,0,0,3,5,3,5
2021A00054712046,114,1150,15.3669,1,9,2,22,3,86,0,0,0,0,1,3,0,0,0,0,0,0,13,117,13,117
2021A00054712050,4,16,818.4933,0,0,0,0,0,0,0,0,0,0,0,0,0,0,0,0,0,0,2,5,2,5
2021A00054712051,28,176,1.0301,0,0,0,0,0,0,0,0,0,0,0,0,0,0,0,0,0,0,3,8,3,8
2021A00054712052,4,12,1.1774,0,0,0,0,0,0,0,0,0,0,0,0,0,0,0,0,0,0,0,0,0,0
2021A00054712054,0,0,861.0954,0,0,0,0,0,0,0,0,0,0,0,0,0,0,0,0,0,0,0,0,0,0
2021A00054712056,69,566,3.3297,0,0,0,0,0,0,0,0,0,0,0,0,0,0,0,0,0,0,9,26,9,26
2021A00054712058,35,988,2.468,0,0,1,3,1,3,1,3,0,0,4,335,0,0,0,0,0,0,10,353,10,353
2021A00054712059,52,324,1.3684,0,0,0,0,0,0,0,0,0,0,0,0,0,0,0,0,1,7,11,35,11,35
2021A00054712064,5,19,822.287,0,0,0,0,0,0,0,0,0,0,0,0,0,0,0,0,0,0,1,3,1,3
2021A00054712069,0,0,883.9556,0,0,0,0,0,0,0,0,0,0,0,0,0,0,0,0,0,0,0,0,0,0
2021A00054712072,10,138,561.28,0,0,0,0,0,0,0,0,0,0,0,0,0,0,0,0,0,0,3,7,3,7
2021A00054712078,11,45,1056.7653,1,7,1,7,0,0,0,0,0,0,0,0,0,0,0,0,0,0,3,11,3,11
2021A00054712079,141,1362,23.2589,0,0,1,6,2,41,0,0,0,0,1,2,0,0,0,0,0,0,13,59,13,59
2021A00054712829,0,0,94.5866,0,0,0,0,0,0,0,0,0,0,0,0,0,0,0,0,0,0,0,0,0,0
2021A00054712830,0,0,90.8053,0,0,0,0,0,0,0,0,0,0,0,0,0,0,0,0,0,0,0,0,0,0
2021A00054712832,0,0,33.9086,0,0,0,0,0,0,0,0,0,0,0,0,0,0,0,0,0,0,0,0,0,0
2021A00054712833,0,0,158.6372,0,0,0,0,0,0,0,0,0,0,0,0,0,0,0,0,0,0,0,0,0,0
2021A00054712837,0,0,2.8507,0,0,0,0,0,0,0,0,0,0,0,0,0,0,0,0,0,0,0,0,0,0
2021A00054712870,0,0,0.852,0,0,0,0,0,0,0,0,0,0,0,0,0,0,0,0,0,0,0,0,0,0
2021A00054713002,17,63,0.6993,0,0,0,0,0,0,0,0,0,0,0,0,0,0,0,0,0,0,4,9,4,9
2021A00054713004,6,22,0.7676,0,0,0,0,0,0,0,0,0,0,0,0,0,0,0,0,0,0,2,3,2,3
2021A00054713006,8,24,2164.5336,0,0,0,0,0,0,0,0,0,0,0,0,0,0,0,0,0,0,2,3,2,3
2021A00054713008,451,3991,12.9135,0,0,1,3,1,3,1,3,0,0,6,11,0,0,0,0,0,0,16,29,16,29
2021A00054713009,37,191,1.4506,0,0,0,0,1,3,0,0,0,0,0,0,0,0,0,0,0,0,5,23,5,23
2021A00054713011,9,35,672.1666,0,0,0,0,0,0,0,0,0,0,0,0,0,0,0,0,0,0,1,1,1,1
2021A00054713014,10,78,0.8897,0,0,0,0,0,0,0,0,0,0,0,0,0,0,0,0,0,0,1,2,1,2
2021A00054713016,4,16,609.5167,0,0,0,0,0,0,0,0,0,0,0,0,0,0,0,0,0,0,2,2,2,2
2021A00054713019,4,12,556.1991,0,0,0,0,0,0,0,0,0,0,0,0,0,0,0,0,0,0,1,1,1,1
2021A00054713021,11,49,2.5952,0,0,0,0,0,0,0,0,0,0,0,0,0,0,0,0,0,0,2,3,2,3
2021A00054713022,12,68,0.6231,0,0,0,0,0,0,0,0,0,0,0,0,0,0,0,0,0,0,3,4,3,4
2021A00054713024,3,105,826.7913,0,0,0,0,0,0,0,0,0,0,0,0,0,0,0,0,0,0,0,0,0,0
2021A00054713026,45,267,1.6589,0,0,0,0,0,0,0,0,0,0,1,3,0,0,0,0,0,0,3,10,3,10
2021A00054713028,1,15,814.3509,0,0,0,0,0,0,0,0,0,0,0,0,0,0,0,0,0,0,0,0,0,0
2021A00054713029,43,201,2.8566,0,0,0,0,0,0,0,0,0,0,1,1,0,0,0,0,0,0,6,11,6,11
2021A00054713031,26,170,0.6114,0,0,0,0,0,0,0,0,0,0,0,0,0,0,0,0,0,0,1,3,1,3
2021A00054713032,25,79,709.4855,0,0,0,0,0,0,0,0,0,0,0,0,0,0,0,0,0,0,6,11,6,11
2021A00054713038,0,0,635.1598,0,0,0,0,0,0,0,0,0,0,0,0,0,0,0,0,0,0,0,0,0,0
2021A00054713039,11,49,1.265,0,0,0,0,0,0,0,0,0,0,0,0,0,0,0,0,0,0,3,11,3,11
2021A00054713041,1,3,788.4468,0,0,0,0,0,0,0,0,0,0,0,0,0,0,0,0,0,0,0,0,0,0
2021A00054713042,61,578,8.4686,0,0,0,0,0,0,0,0,0,0,1,2,0,0,0,0,0,0,3,4,3,4
2021A00054713044,55,285,1.5911,0,0,0,0,0,0,0,0,0,0,0,0,0,0,0,0,0,0,7,13,7,13
2021A00054713046,11,49,826.0134,0,0,0,0,0,0,0,0,0,0,0,0,0,0,0,0,0,0,4,9,4,9
2021A00054713049,1,3,775.8514,0,0,0,0,0,0,0,0,0,0,0,0,0,0,0,0,0,0,0,0,0,0
2021A00054713051,106,786,3.0475,1,3,0,0,1,3,1,3,0,0,1,1,0,0,0,0,0,0,6,12,6,12
2021A00054713053,0,0,0.8583,0,0,0,0,0,0,0,0,0,0,0,0,0,0,0,0,0,0,0,0,0,0
2021A00054713054,32,120,0.6098,0,0,0,0,0,0,0,0,0,0,0,0,0,0,0,0,0,0,5,13,5,13
2021A00054713056,3,21,772.9039,0,0,0,0,0,0,0,0,0,0,0,0,0,0,0,0,0,0,1,1,1,1
2021A00054713059,0,0,605.123,0,0,0,0,0,0,0,0,0,0,0,0,0,0,0,0,0,0,0,0,0,0
2021A00054713062,16,56,4.173,0,0,0,0,0,0,0,0,0,0,0,0,0,0,0,0,0,0,3,5,3,5
2021A00054713064,27,81,695.8488,0,0,0,0,0,0,0,0,0,0,0,0,0,0,0,0,0,0,5,12,5,12
2021A00054713067,32,124,0.8419,0,0,0,0,1,3,0,0,0,0,1,3,0,0,0,0,0,0,6,13,6,13
2021A00054713068,0,0,1204.9677,0,0,0,0,0,0,0,0,0,0,0,0,0,0,0,0,0,0,0,0,0,0
2021A00054713069,54,502,9.2249,0,0,0,0,0,0,0,0,0,0,0,0,0,0,0,0,0,0,5,9,5,9
2021A00054713072,0,0,795.7195,0,0,0,0,0,0,0,0,0,0,0,0,0,0,0,0,0,0,0,0,0,0
2021A00054713074,185,1511,9.7023,0,0,1,3,0,0,0,0,0,0,2,12,0,0,0,0,0,0,12,68,12,68
2021A00054713076,0,0,1007.2967,0,0,0,0,0,0,0,0,0,0,0,0,0,0,0,0,0,0,0,0,0,0
2021A00054713078,21,67,0.6598,0,0,0,0,0,0,0,0,0,0,0,0,0,0,0,0,0,0,6,14,6,14
2021A00054713079,4,36,839.2885,0,0,0,0,1,7,0,0,0,0,0,0,0,0,0,0,0,0,1,7,1,7
2021A00054713091,17,115,0.7934,0,0,0,0,0,0,0,0,0,0,1,1,0,0,0,0,0,0,2,2,2,2
2021A00054713092,17,67,1014.7666,0,0,0,0,0,0,0,0,0,0,0,0,0,0,0,0,0,0,7,18,7,18
2021A00054713094,49,283,1.2398,0,0,1,3,1,3,1,3,0,0,2,4,0,0,0,0,0,0,7,14,7,14
2021A00054713096,23,236,651.3255,0,0,0,0,0,0,0,0,0,0,0,0,0,0,0,0,0,0,4,9,4,9
2021A00054713098,35,405,1.8823,0,0,0,0,0,0,0,0,0,0,0,0,0,0,0,0,0,0,2,4,2,4
2021A00054713835,0,0,81.1384,0,0,0,0,0,0,0,0,0,0,0,0,0,0,0,0,0,0,0,0,0,0
2021A00054713836,0,0,65.8062,0,0,0,0,0,0,0,0,0,0,0,0,0,0,0,0,0,0,0,0,0,0
2021A00054714001,0,0,12399.1233,0,0,0,0,0,0,0,0,0,0,0,0,0,0,0,0,0,0,0,0,0,0
2021A00054714004,111,1119,17.3758,1,2,0,0,0,0,0,0,0,0,0,0,0,0,0,0,3,130,12,270,12,270
2021A00054714006,16,88,2316.3772,0,0,0,0,0,0,0,0,0,0,0,0,0,0,0,0,0,0,7,13,7,13
2021A00054714007,80,684,2.1244,0,0,0,0,0,0,0,0,0,0,0,0,0,0,0,0,0,0,5,25,5,25
2021A00054714009,9,35,0.5322,0,0,0,0,0,0,0,0,0,0,0,0,0,0,0,0,1,6,3,8,3,8
2021A00054714021,2,153,853.1323,0,0,0,0,0,0,0,0,0,0,0,0,0,0,0,0,0,0,0,0,0,0
2021A00054714022,71,593,3.8686,0,0,0,0,0,0,0,0,0,0,0,0,0,0,0,0,0,0,6,13,6,13
2021A00054714023,1,3,795.5569,0,0,0,0,0,0,0,0,0,0,0,0,0,0,0,0,0,0,1,1,1,1
2021A00054714024,27,261,1.0462,0,0,0,0,0,0,0,0,0,0,0,0,0,0,0,0,0,0,4,14,4,14
2021A00054714025,4,16,0.5355,0,0,0,0,0,0,0,0,0,0,0,0,0,0,0,0,0,0,1,1,1,1
2021A00054714026,14,46,811.1498,0,0,0,0,0,0,0,0,0,0,0,0,0,0,0,0,0,0,6,12,6,12
2021A00054714028,8,187,1.1947,0,0,0,0,0,0,0,0,0,0,0,0,0,0,0,0,0,0,1,2,1,2
2021A00054714030,8,48,0.5254,0,0,0,0,0,0,0,0,0,0,0,0,0,0,1,3,1,3,3,16,3,16
2021A00054714032,49,503,1.5564,0,0,0,0,0,0,0,0,0,0,0,0,0,0,0,0,0,0,5,9,5,9
2021A00054714034,28,112,817.9251,0,0,0,0,0,0,0,0,0,0,0,0,0,0,0,0,0,0,5,15,5,15
2021A00054714035,13,139,755.6008,0,0,0,0,0,0,0,0,0,0,0,0,0,0,0,0,0,0,1,1,1,1
2021A00054714036,40,252,0.8204,0,0,0,0,0,0,0,0,0,0,0,0,0,0,0,0,0,0,4,9,4,9
2021A00054714038,3,25,1438.6622,0,0,0,0,0,0,0,0,0,0,0,0,0,0,0,0,0,0,2,6,2,6
2021A00054714039,5,51,0.5129,0,0,0,0,0,0,0,0,0,0,0,0,0,0,0,0,0,0,1,5,1,5
2021A00054714041,21,115,1.3602,0,0,0,0,0,0,0,0,0,0,0,0,0,0,0,0,0,0,4,7,4,7
2021A00054714043,0,0,843.018,0,0,0,0,0,0,0,0,0,0,0,0,0,0,0,0,0,0,0,0,0,0
2021A00054714044,225,2327,6.5551,1,2,3,34,5,64,0,0,0,0,1,1,0,0,0,0,0,0,12,77,12,77
2021A00054714047,1,15,822.811,0,0,0,0,0,0,0,0,0,0,0,0,0,0,0,0,0,0,0,0,0,0
2021A00054714048,0,0,0.7419,0,0,0,0,0,0,0,0,0,0,0,0,0,0,0,0,0,0,0,0,0,0
2021A00054714049,34,158,0.7013,0,0,0,0,0,0,0,0,0,0,0,0,0,0,0,0,0,0,4,12,4,12
2021A00054714051,318,3906,14.7326,0,0,2,9,4,63,0,0,0,0,3,49,0,0,0,0,0,0,20,85,22,119
2021A00054714053,28,220,838.8594,0,0,0,0,0,0,0,0,0,0,0,0,0,0,0,0,0,0,4,18,4,18
2021A00054714056,1,3,848.8153,0,0,0,0,0,0,0,0,0,0,0,0,0,0,0,0,0,0,0,0,0,0
2021A00054714058,8,52,0.6525,0,0,0,0,0,0,0,0,0,0,0,0,0,0,0,0,0,0,3,9,3,9
2021A00054714059,0,0,1403.7719,0,0,0,0,0,0,0,0,0,0,0,0,0,0,0,0,0,0,0,0,0,0
2021A00054714061,22,82,0.531,0,0,0,0,0,0,0,0,0,0,0,0,0,0,1,6,1,6,5,14,5,14
2021A00054714062,99,533,0.8738,0,0,0,0,0,0,0,0,0,0,0,0,0,0,0,0,1,3,17,84,17,84
2021A00054714067,0,0,2423.9847,0,0,0,0,0,0,0,0,0,0,0,0,0,0,0,0,0,0,0,0,0,0
2021A00054714068,20,316,2.2871,0,0,0,0,0,0,0,0,0,0,0,0,0,0,0,0,0,0,1,11,1,11
2021A00054714069,90,809,1.7473,1,2,1,2,1,2,0,0,0,0,0,0,0,0,1,150,1,150,12,185,12,185
2021A00054714072,0,0,879.6314,0,0,0,0,0,0,0,0,0,0,0,0,0,0,0,0,0,0,0,0,0,0
2021A00054714073,6,62,0.5341,0,0,0,0,0,0,0,0,0,0,0,0,0,0,0,0,0,0,2,3,2,3
2021A00054714074,36,188,0.4057,0,0,0,0,0,0,0,0,0,0,0,0,0,0,0,0,0,0,5,13,5,13
2021A00054714076,210,2269,8.9265,0,0,0,0,0,0,0,0,0,0,0,0,0,0,0,0,1,3,13,43,13,43
2021A00054714077,7,25,5145.7456,0,0,0,0,0,0,0,0,0,0,0,0,0,0,0,0,0,0,3,5,3,5
2021A00054714079,21,115,0.9945,0,0,0,0,0,0,0,0,0,0,0,0,0,0,0,0,1,3,6,11,6,11
2021A00054714091,8,52,0.4008,0,0,0,0,0,0,0,0,0,0,0,0,0,0,0,0,0,0,1,1,1,1
2021A00054714092,49,211,1.056,0,0,0,0,0,0,0,0,0,0,0,0,0,0,0,0,0,0,8,17,8,17
2021A00054714093,15,177,1.4633,0,0,0,0,0,0,0,0,0,0,0,0,0,0,0,0,0,0,2,3,2,3
2021A00054714839,1,3,14.1295,0,0,0,0,0,0,0,0,0,0,0,0,0,0,0,0,0,0,0,0,0,0
2021A00054714840,0,0,14.1473,0,0,0,0,0,0,0,0,0,0,0,0,0,0,0,0,0,0,0,0,0,0
2021A00054714841,0,0,58.5672,0,0,0,0,0,0,0,0,0,0,0,0,0,0,0,0,0,0,0,0,0,0
2021A00054714842,0,0,35.3798,0,0,0,0,0,0,0,0,0,0,0,0,0,0,0,0,0,0,0,0,0,0
2021A00054714843,0,0,64.8108,0,0,0,0,0,0,0,0,0,0,0,0,0,0,0,0,0,0,0,0,0,0
2021A00054714845,2,385,7.5114,0,0,0,0,0,0,0,0,0,0,0,0,0,0,0,0,0,0,0,0,0,0
2021A00054714846,0,0,13.2936,0,0,0,0,0,0,0,0,0,0,0,0,0,0,0,0,0,0,0,0,0,0
2021A00054715001,0,0,827.3865,0,0,0,0,0,0,0,0,0,0,0,0,0,0,0,0,0,0,0,0,0,0
2021A00054715002,22,253,0.6565,1,85,1,85,1,85,0,0,0,0,0,0,0,0,0,0,0,0,5,94,5,94
2021A00054715003,18,194,0.8409,1,4,1,4,1,4,0,0,0,0,0,0,0,0,0,0,0,0,4,23,4,23
2021A00054715004,19,133,1.364,2,4,2,4,2,4,0,0,0,0,0,0,0,0,0,0,0,0,4,6,4,6
2021A00054715005,31,316,0.7043,1,20,0,0,0,0,0,0,0,0,0,0,0,0,1,13,1,13,5,46,5,46
2021A00054715006,23,141,0.9663,0,0,0,0,0,0,0,0,0,0,0,0,0,0,0,0,0,0,3,3,3,3
2021A00054715007,55,644,780.2783,0,0,2,33,2,100,0,0,0,0,0,0,0,0,0,0,0,0,13,169,13,169
2021A00054715008,309,4737,13.3031,2,40,3,15,5,24,1,7,0,0,2,13,1,35,0,0,1,3,16,238,18,247
2021A00054715011,1,3,788.9485,0,0,0,0,0,0,0,0,0,0,0,0,0,0,0,0,0,0,0,0,0,0
2021A00054715012,35,193,0.9394,0,0,0,0,0,0,0,0,0,0,0,0,0,0,0,0,0,0,4,10,4,10
2021A00054715014,11,49,659.686,0,0,0,0,0,0,0,0,0,0,0,0,0,0,0,0,0,0,2,2,2,2
2021A00054715016,9,43,0.7935,0,0,0,0,0,0,0,0,0,0,0,0,0,0,0,0,0,0,3,3,3,3
2021A00054715017,15,161,2.7473,1,43,1,43,1,43,0,0,0,0,0,0,0,0,0,0,0,0,3,45,3,45
2021A00054715018,5,19,671.8183,0,0,0,0,0,0,0,0,0,0,0,0,0,0,0,0,0,0,0,0,0,0
2021A00054715019,34,262,1.964,0,0,0,0,0,0,0,0,0,0,0,0,0,0,0,0,0,0,4,7,4,7
2021A00054715026,0,0,725.4193,0,0,0,0,0,0,0,0,0,0,0,0,0,0,0,0,0,0,0,0,0,0
2021A00054715027,48,416,1.1372,0,0,0,0,1,6,0,0,0,0,1,6,0,0,0,0,0,0,5,10,6,16
2021A00054715028,61,479,1.9694,0,0,0,0,0,0,0,0,0,0,0,0,0,0,0,0,0,0,4,11,4,11
2021A00054715029,23,101,1.229,0,0,0,0,0,0,0,0,0,0,0,0,0,0,0,0,0,0,4,12,4,12
2021A00054715031,0,0,944.2756,0,0,0,0,0,0,0,0,0,0,0,0,0,0,0,0,0,0,0,0,0,0
2021A00054715032,99,1652,4.1405,0,0,0,0,0,0,0,0,0,0,0,0,0,0,0,0,0,0,7,20,7,20
2021A00054715034,113,1055,1.2659,0,0,0,0,0,0,0,0,0,0,0,0,0,0,0,0,0,0,32,267,32,267
2021A00054715036,1,3,583.9538,0,0,0,0,0,0,0,0,0,0,0,0,0,0,0,0,0,0,0,0,0,0
2021A00054715038,7,33,0.433,0,0,0,0,0,0,0,0,0,0,0,0,0,0,0,0,0,0,1,2,1,2
2021A00054715039,0,0,786.6902,0,0,0,0,0,0,0,0,0,0,0,0,0,0,0,0,0,0,0,0,0,0
2021A00054715041,46,470,2.1165,0,0,0,0,0,0,0,0,0,0,1,1,0,0,0,0,0,0,5,15,5,15
2021A00054715042,65,686,3.0886,0,0,0,0,0,0,0,0,0,0,0,0,0,0,0,0,1,3,7,11,7,11
2021A00054715043,0,0,0.6056,0,0,0,0,0,0,0,0,0,0,0,0,0,0,0,0,0,0,0,0,0,0
2021A00054715044,9,43,770.7571,0,0,0,0,0,0,0,0,0,0,0,0,0,0,0,0,0,0,4,5,4,5
2021A00054715045,5,15,0.4864,0,0,0,0,0,0,0,0,0,0,0,0,0,0,0,0,0,0,2,3,2,3
2021A00054715046,7,21,0.551,0,0,0,0,0,0,0,0,0,0,0,0,0,0,0,0,0,0,3,3,3,3
2021A00054715047,20,192,1.0244,0,0,0,0,1,7,0,0,0,0,0,0,0,0,0,0,0,0,3,9,3,9
2021A00054715048,8,36,714.1705,0,0,0,0,0,0,0,0,0,0,0,0,0,0,0,0,0,0,0,0,0,0
2021A00054715049,33,1002,2.5555,3,410,4,421,3,410,0,0,0,0,0,0,0,0,0,0,0,0,11,442,11,442
2021A00054715051,9,27,838.98,0,0,0,0,0,0,0,0,0,0,0,0,0,0,0,0,0,0,3,3,3,3
2021A00054715052,14,58,0.8227,0,0,0,0,0,0,0,0,0,0,0,0,0,0,0,0,0,0,4,8,4,8
2021A00054715054,5,27,844.7147,0,0,0,0,0,0,0,0,0,0,0,0,0,0,0,0,0,0,2,2,2,2
2021A00054715057,38,341,777.5107,0,0,0,0,0,0,0,0,0,0,1,3,0,0,0,0,0,0,7,20,7,20
2021A00054715059,16,68,0.9701,0,0,0,0,0,0,0,0,0,0,0,0,0,0,0,0,0,0,2,2,2,2
2021A00054715061,12,36,1034.521,0,0,0,0,0,0,0,0,0,0,0,0,0,0,0,0,0,0,3,4,3,4
2021A00054715062,21,753,2.3799,0,0,0,0,0,0,0,0,0,0,0,0,0,0,0,0,0,0,4,10,4,10
2021A00054715064,0,0,1010.1008,0,0,0,0,0,0,0,0,0,0,0,0,0,0,0,0,0,0,0,0,0,0
2021A00054715066,1248,22079,67.1735,2,31,5,40,3,8,0,0,0,0,1,7,0,0,2,10,7,137,40,282,40,282
2021A00054715067,0,0,547.0832,0,0,0,0,0,0,0,0,0,0,0,0,0,0,0,0,0,0,0,0,0,0
2021A00054715068,0,0,2.3871,0,0,0,0,0,0,0,0,0,0,0,0,0,0,0,0,0,0,0,0,0,0
2021A00054715070,20,204,62.9282,0,0,0,0,0,0,0,0,0,0,0,0,0,0,0,0,0,0,0,0,0,0
2021A00054715071,0,0,921.6944,0,0,0,0,0,0,0,0,0,0,0,0,0,0,0,0,0,0,0,0,0,0
2021A00054715072,6,38,1.0,0,0,0,0,0,0,0,0,0,0,0,0,0,0,0,0,0,0,0,0,0,0
2021A00054715074,41,495,1.575,0,0,0,0,1,12,0,0,0,0,1,12,0,0,0,0,0,0,4,9,5,21
2021A00054715075,0,0,488.6465,0,0,0,0,0,0,0,0,0,0,0,0,0,0,0,0,0,0,0,0,0,0
2021A00054715076,46,554,4.5889,0,0,0,0,0,0,0,0,0,0,0,0,0,0,0,0,0,0,0,0,0,0
2021A00054715079,0,0,656.6042,0,0,0,0,0,0,0,0,0,0,0,0,0,0,0,0,0,0,0,0,0,0
2021A00054715085,6,22,1.1252,0,0,1,6,1,6,0,0,0,0,0,0,0,0,0,0,0,0,1,6,1,6
2021A00054715091,6,22,1.2043,0,0,0,0,0,0,0,0,0,0,0,0,0,0,0,0,0,0,3,4,3,4
2021A00054715092,10,74,0.5313,0,0,0,0,0,0,0,0,0,0,0,0,0,0,0,0,0,0,0,0,0,0
2021A00054715094,14,102,787.3477,0,0,0,0,0,0,0,0,0,0,0,0,0,0,0,0,2,48,5,51,5,51
2021A00054715098,10,66,0.6542,0,0,0,0,0,0,0,0,0,0,0,0,0,0,0,0,0,0,1,2,1,2
2021A00054715099,0,0,2450.9365,0,0,0,0,0,0,0,0,0,0,0,0,0,0,0,0,0,0,0,0,0,0
2021A00054715820,0,0,1.4841,0,0,0,0,0,0,0,0,0,0,0,0,0,0,0,0,0,0,0,0,0,0
2021A00054715844,0,0,54.0911,0,0,0,0,0,0,0,0,0,0,0,0,0,0,0,0,0,0,0,0,0,0
2021A00054715845,0,0,108.8755,0,0,0,0,0,0,0,0,0,0,0,0,0,0,0,0,0,0,0,0,0,0
2021A00054715847,2,157,96.2819,0,0,0,0,0,0,0,0,0,0,0,0,0,0,0,0,0,0,1,1,1,1
2021A00054715848,0,0,14.7946,0,0,0,0,0,0,0,0,0,0,0,0,0,0,0,0,0,0,0,0,0,0
2021A00054715849,0,0,70.0648,0,0,0,0,0,0,0,0,0,0,0,0,0,0,0,0,0,0,0,0,0,0
2021A00054715850,0,0,83.5278,0,0,0,0,0,0,0,0,0,0,0,0,0,0,0,0,0,0,0,0,0,0
2021A00054715851,0,0,125.7675,0,0,0,0,0,0,0,0,0,0,0,0,0,0,0,0,0,0,0,0,0,0
2021A00054715853,0,0,23.4445,0,0,0,0,0,0,0,0,0,0,0,0,0,0,0,0,0,0,0,0,0,0
2021A00054715857,0,0,2.1093,0,0,0,0,0,0,0,0,0,0,0,0,0,0,0,0,0,0,0,0,0,0
2021A00054715859,0,0,9.6261,0,0,0,0,0,0,0,0,0,0,0,0,0,0,0,0,0,0,0,0,0,0
2021A00054715860,0,0,2.2351,0,0,0,0,0,0,0,0,0,0,0,0,0,0,0,0,0,0,0,0,0,0
2021A00054715861,0,0,1.8268,0,0,0,0,0,0,0,0,0,0,0,0,0,0,0,0,0,0,0,0,0,0
2021A00054715862,0,0,1.1537,0,0,0,0,0,0,0,0,0,0,0,0,0,0,0,0,0,0,0,0,0,0
2021A00054716002,1,3,0.3488,0,0,0,0,0,0,0,0,0,0,0,0,0,0,0,0,0,0,0,0,0,0
2021A00054716003,1,3,0.472,0,0,0,0,0,0,0,0,0,0,0,0,0,0,0,0,0,0,0,0,0,0
2021A00054716004,9,35,0.5421,0,0,0,0,0,0,0,0,0,0,0,0,0,0,0,0,0,0,1,1,1,1
2021A00054716005,0,0,780.5406,0,0,0,0,0,0,0,0,0,0,0,0,0,0,0,0,0,0,0,0,0,0
2021A00054716008,1,3,825.904,0,0,0,0,0,0,0,0,0,0,0,0,0,0,0,0,0,0,0,0,0,0
2021A00054716009,33,155,2.0658,0,0,0,0,0,0,0,0,0,0,0,0,0,0,0,0,0,0,4,10,4,10
2021A00054716011,32,287,0.7305,0,0,0,0,0,0,0,0,0,0,0,0,0,0,0,0,0,0,4,10,4,10
2021A00054716013,0,0,771.8584,0,0,0,0,0,0,0,0,0,0,0,0,0,0,0,0,0,0,0,0,0,0
2021A00054716014,6,98,1.2901,0,0,0,0,0,0,0,0,0,0,0,0,0,0,0,0,0,0,2,3,2,3
2021A00054716016,40,380,1.8649,0,0,0,0,0,0,0,0,0,0,0,0,0,0,0,0,0,0,6,12,6,12
2021A00054716018,0,0,1003.0945,0,0,0,0,0,0,0,0,0,0,0,0,0,0,0,0,0,0,0,0,0,0
2021A00054716019,4,32,0.9435,0,0,0,0,0,0,0,0,0,0,0,0,0,0,0,0,0,0,1,1,1,1
2021A00054716022,23,201,1.1325,0,0,0,0,0,0,0,0,0,0,0,0,0,0,0,0,0,0,3,5,3,5
2021A00054716023,2,38,814.3675,0,0,0,0,0,0,0,0,0,0,0,0,0,0,0,0,0,0,2,3,2,3
2021A00054716024,6,26,0.6774,0,0,0,0,0,0,0,0,0,0,0,0,0,0,0,0,0,0,1,3,1,3
2021A00054716026,8,24,0.7158,0,0,0,0,0,0,0,0,0,0,0,0,0,0,0,0,0,0,3,5,3,5
2021A00054716027,1,75,1.2682,0,0,0,0,0,0,0,0,0,0,0,0,0,0,0,0,0,0,0,0,0,0
2021A00054716028,0,0,792.1817,0,0,0,0,0,0,0,0,0,0,0,0,0,0,0,0,0,0,0,0,0,0
2021A00054716029,662,10775,33.55,0,0,6,63,5,77,3,42,0,0,3,42,0,0,0,0,1,7,36,163,36,163
2021A00054716033,27,93,809.5076,0,0,0,0,0,0,0,0,0,0,1,1,0,0,0,0,0,0,9,17,9,17
2021A00054716038,0,0,1043.3427,0,0,0,0,0,0,0,0,0,0,0,0,0,0,0,0,0,0,0,0,0,0
2021A00054716041,0,0,1195.5418,0,0,0,0,0,0,0,0,0,0,0,0,0,0,0,0,0,0,0,0,0,0
2021A00054716042,33,522,0.7336,0,0,0,0,0,0,0,0,0,0,0,0,0,0,0,0,0,0,6,19,6,19
2021A00054716043,0,0,0.6818,0,0,0,0,0,0,0,0,0,0,0,0,0,0,0,0,0,0,0,0,0,0
2021A00054716044,12,68,0.7162,0,0,0,0,0,0,0,0,0,0,0,0,0,0,0,0,0,0,2,2,2,2
2021A00054716046,10,42,1213.9639,0,0,0,0,0,0,0,0,0,0,0,0,0,0,0,0,0,0,3,5,3,5
2021A00054716047,82,961,3.9306,0,0,0,0,0,0,0,0,0,0,0,0,0,0,0,0,1,6,3,11,3,11
2021A00054716051,6,22,1919.3899,0,0,0,0,0,0,0,0,0,0,0,0,0,0,0,0,1,3,4,7,4,7
2021A00054716052,42,509,2.4198,0,0,0,0,0,0,0,0,0,0,0,0,0,0,0,0,0,0,8,27,8,27
2021A00054716053,22,286,3482.2179,0,0,0,0,0,0,0,0,0,0,0,0,0,0,0,0,0,0,0,0,0,0
2021A00054716054,27,624,1.3447,0,0,0,0,0,0,0,0,0,0,0,0,0,0,0,0,0,0,2,5,2,5
2021A00054716056,1,7,2371.0369,0,0,0,0,0,0,0,0,0,0,0,0,0,0,0,0,0,0,0,0,0,0
2021A00054716057,22,174,1.387,0,0,0,0,0,0,0,0,0,0,0,0,0,0,0,0,0,0,5,7,5,7
2021A00054716058,68,904,2.9052,0,0,0,0,0,0,0,0,0,0,0,0,0,0,0,0,1,3,8,16,8,16
2021A00054716059,0,0,0.9315,0,0,0,0,0,0,0,0,0,0,0,0,0,0,0,0,0,0,0,0,0,0
2021A00054716060,0,0,0.7447,0,0,0,0,0,0,0,0,0,0,0,0,0,0,0,0,0,0,0,0,0,0
2021A00054716061,27,368,1.138,0,0,0,0,0,0,0,0,0,0,0,0,0,0,0,0,0,0,5,8,5,8
2021A00054716062,0,0,1195.1441,0,0,0,0,0,0,0,0,0,0,0,0,0,0,0,0,0,0,0,0,0,0
2021A00054716063,11,41,0.6513,0,0,0,0,0,0,0,0,0,0,0,0,0,0,0,0,0,0,2,2,2,2
2021A00054716072,67,824,2.6846,0,0,0,0,1,15,0,0,0,0,0,0,0,0,2,165,3,178,7,185,7,185
2021A00054716075,0,0,2484.1283,0,0,0,0,0,0,0,0,0,0,0,0,0,0,0,0,0,0,0,0,0,0
2021A00054716077,7,81,2.5663,0,0,0,0,0,0,0,0,0,0,0,0,0,0,0,0,0,0,0,0,0,0
2021A00054716840,0,0,26.6317,0,0,0,0,0,0,0,0,0,0,0,0,0,0,0,0,0,0,0,0,0,0
2021A00054716854,0,0,60.1312,0,0,0,0,0,0,0,0,0,0,0,0,0,0,0,0,0,0,0,0,0,0
2021A00054716855,0,0,118.0279,0,0,0,0,0,0,0,0,0,0,0,0,0,0,0,0,0,0,0,0,0,0
2021A00054716856,2,110,81.5039,0,0,0,0,0,0,0,0,0,0,0,0,0,0,0,0,0,0,0,0,0,0
2021A00054716857,0,0,23.8583,0,0,0,0,0,0,0,0,0,0,0,0,0,0,0,0,0,0,0,0,0,0
2021A00054716858,0,0,103.7586,0,0,0,0,0,0,0,0,0,0,0,0,0,0,0,0,0,0,0,0,0,0
2021A00054716859,0,0,4.0097,0,0,0,0,0,0,0,0,0,0,0,0,0,0,0,0,0,0,0,0,0,0
2021A00054716860,1,3,173.7541,0,0,0,0,0,0,0,0,0,0,0,0,0,0,0,0,0,0,0,0,0,0
2021A00054716861,0,0,21.3005,0,0,0,0,0,0,0,0,0,0,0,0,0,0,0,0,0,0,0,0,0,0
2021A00054716862,0,0,67.9246,0,0,0,0,0,0,0,0,0,0,0,0,0,0,0,0,0,0,0,0,0,0
2021A00054716863,0,0,34.8252,0,0,0,0,0,0,0,0,0,0,0,0,0,0,0,0,0,0,0,0,0,0
2021A00054716870,0,0,31.0281,0,0,0,0,0,0,0,0,0,0,0,0,0,0,0,0,0,0,0,0,0,0
2021A00054716872,0,0,10.017,0,0,0,0,0,0,0,0,0,0,0,0,0,0,0,0,0,0,0,0,0,0
2021A00054716880,0,0,35.3625,0,0,0,0,0,0,0,0,0,0,0,0,0,0,0,0,0,0,0,0,0,0
2021A00054716882,0,0,13.6209,0,0,0,0,0,0,0,0,0,0,0,0,0,0,0,0,0,0,0,0,0,0
2021A00054716886,0,0,1.4027,0,0,0,0,0,0,0,0,0,0,0,0,0,0,0,0,0,0,0,0,0,0
2021A00054716888,0,0,0.1487,0,0,0,0,0,0,0,0,0,0,0,0,0,0,0,0,0,0,0,0,0,0
2021A00054716891,0,0,1.645,0,0,0,0,0,0,0,0,0,0,0,0,0,0,0,0,0,0,0,0,0,0
2021A00054716894,0,0,27.8119,0,0,0,0,0,0,0,0,0,0,0,0,0,0,0,0,0,0,0,0,0,0
2021A00054717001,0,0,642.1085,0,0,0,0,0,0,0,0,0,0,0,0,0,0,0,0,0,0,0,0,0,0
2021A00054717002,18,313,1.3218,0,0,0,0,0,0,0,0,0,0,0,0,0,0,0,0,0,0,4,8,4,8
2021A00054717004,2,10,0.4579,0,0,0,0,0,0,0,0,0,0,0,0,0,0,0,0,0,0,1,2,1,2
2021A00054717005,0,0,0.7011,0,0,0,0,0,0,0,0,0,0,0,0,0,0,0,0,0,0,0,0,0,0
2021A00054717006,29,199,1.6064,0,0,0,0,1,7,0,0,0,0,0,0,0,0,0,0,0,0,5,12,5,12
2021A00054717008,5,119,655.7158,0,0,0,0,0,0,0,0,0,0,0,0,0,0,0,0,0,0,0,0,0,0
2021A00054717011,49,211,1.1385,0,0,0,0,0,0,0,0,0,0,0,0,0,0,0,0,0,0,6,14,6,14
2021A00054717013,4,40,588.6164,0,0,0,0,0,0,0,0,0,0,0,0,0,0,0,0,0,0,0,0,0,0
2021A00054717014,16,172,0.8176,0,0,0,0,0,0,0,0,0,0,0,0,0,0,0,0,0,0,2,6,2,6
2021A00054717017,0,0,991.1468,0,0,0,0,0,0,0,0,0,0,0,0,0,0,0,0,0,0,0,0,0,0
2021A00054717018,90,817,4.3947,0,0,0,0,0,0,0,0,0,0,1,2,0,0,0,0,0,0,8,17,8,17
2021A00054717019,8,24,0.6473,0,0,0,0,0,0,0,0,0,0,0,0,0,0,0,0,0,0,3,3,3,3
2021A00054717022,13,55,1022.8988,0,0,0,0,0,0,0,0,0,0,0,0,0,0,0,0,0,0,4,8,4,8
2021A00054717024,52,427,3.0519,0,0,0,0,0,0,0,0,0,0,1,2,0,0,0,0,0,0,4,7,4,7
2021A00054717026,22,178,1.1498,0,0,0,0,0,0,0,0,0,0,0,0,0,0,0,0,0,0,4,5,4,5
2021A00054717028,11,33,915.1055,0,0,0,0,0,0,0,0,0,0,0,0,0,0,0,0,0,0,5,11,5,11
2021A00054717029,561,5884,18.0578,1,3,0,0,2,40,0,0,0,0,4,43,0,0,0,0,0,0,35,167,35,167
2021A00054717032,0,0,1902.1474,0,0,0,0,0,0,0,0,0,0,0,0,0,0,0,0,0,0,0,0,0,0
2021A00054717034,49,339,2.276,0,0,0,0,0,0,0,0,0,0,0,0,0,0,0,0,0,0,5,12,5,12
2021A00054717036,63,569,2.0185,0,0,0,0,0,0,0,0,0,0,0,0,0,0,0,0,0,0,6,12,6,12
2021A00054717039,8,56,0.6877,0,0,0,0,0,0,0,0,0,0,0,0,0,0,0,0,0,0,1,2,1,2
2021A00054717041,58,642,1.6644,0,0,1,3,1,3,1,3,0,0,2,5,0,0,0,0,0,0,5,12,5,12
2021A00054717042,0,0,0.5728,0,0,0,0,0,0,0,0,0,0,0,0,0,0,0,0,0,0,0,0,0,0
2021A00054717045,22,90,1581.6585,0,0,0,0,0,0,0,0,0,0,1,15,0,0,0,0,1,3,8,30,8,30
2021A00054717047,13,67,1375.6219,0,0,0,0,0,0,0,0,0,0,0,0,0,0,0,0,0,0,0,0,0,0
2021A00054717048,28,276,1.9064,0,0,0,0,0,0,0,0,0,0,0,0,0,0,1,35,2,42,7,50,7,50
2021A00054717052,274,4828,12.3705,0,0,0,0,1,12,0,0,0,0,2,15,0,0,1,150,1,150,14,296,15,308
2021A00054717053,0,0,0.1011,0,0,0,0,0,0,0,0,0,0,0,0,0,0,0,0,0,0,0,0,0,0
2021A00054717054,0,0,6231.267,0,0,0,0,0,0,0,0,0,0,0,0,0,0,0,0,0,0,0,0,0,0
2021A00054717055,16,56,0.2845,0,0,0,0,0,0,0,0,0,0,0,0,0,0,0,0,0,0,3,7,3,7
2021A00054717056,7,53,3148.0641,0,0,1,3,1,3,0,0,0,0,0,0,0,0,0,0,0,0,2,4,2,4
2021A00054717057,5,23,0.5829,0,0,0,0,0,0,0,0,0,0,0,0,0,0,0,0,0,0,1,1,1,1
2021A00054717058,20,355,0.738,0,0,0,0,0,0,0,0,0,0,0,0,0,0,0,0,0,0,1,3,1,3
2021A00054717062,0,0,2356.3238,0,0,0,0,0,0,0,0,0,0,0,0,0,0,0,0,0,0,0,0,0,0
2021A00054717066,29,183,1.7799,0,0,0,0,0,0,0,0,0,0,0,0,0,0,0,0,0,0,3,9,3,9
2021A00054717067,33,482,2.7404,0,0,0,0,0,0,0,0,0,0,0,0,0,0,0,0,0,0,1,2,1,2
2021A00054717801,0,0,144.0571,0,0,0,0,0,0,0,0,0,0,0,0,0,0,0,0,0,0,0,0,0,0
2021A00054717802,16,1178,19.6114,0,0,0,0,0,0,0,0,0,0,0,0,0,0,0,0,0,0,0,0,0,0
2021A00054717803,0,0,58.3276,0,0,0,0,0,0,0,0,0,0,0,0,0,0,0,0,0,0,0,0,0,0
2021A00054717804,0,0,7.7624,0,0,0,0,0,0,0,0,0,0,0,0,0,0,0,0,0,0,0,0,0,0
2021A00054717805,11,237,36.0892,0,0,0,0,0,0,0,0,0,0,0,0,0,0,0,0,0,0,0,0,0,0
2021A00054717806,4,195,78.1114,0,0,0,0,0,0,0,0,0,0,0,0,0,0,0,0,1,30,1,30,1,30
2021A00054717807,0,0,36.7455,0,0,0,0,0,0,0,0,0,0,0,0,0,0,0,0,0,0,0,0,0,0
2021A00054717808,0,0,17.6595,0,0,0,0,0,0,0,0,0,0,0,0,0,0,0,0,0,0,0,0,0,0
2021A00054717809,1,150,86.5779,0,0,0,0,0,0,0,0,0,0,0,0,0,0,0,0,0,0,0,0,0,0
2021A00054717810,0,0,29.3807,0,0,0,0,0,0,0,0,0,0,0,0,0,0,0,0,0,0,0,0,0,0
2021A00054717811,0,0,47.2348,0,0,0,0,0,0,0,0,0,0,0,0,0,0,0,0,0,0,0,0,0,0
2021A00054717812,0,0,69.3642,0,0,0,0,0,0,0,0,0,0,0,0,0,0,0,0,0,0,0,0,0,0
2021A00054717813,2,18,38.95,0,0,0,0,0,0,0,0,0,0,0,0,0,0,0,0,0,0,0,0,0,0
2021A00054717815,0,0,1.9907,0,0,0,0,0,0,0,0,0,0,0,0,0,0,0,0,0,0,0,0,0,0
2021A00054717816,0,0,35.8256,0,0,0,0,0,0,0,0,0,0,0,0,0,0,0,0,0,0,0,0,0,0
2021A00054717817,0,0,0.8759,0,0,0,0,0,0,0,0,0,0,0,0,0,0,0,0,0,0,0,0,0,0
2021A00054717819,0,0,2.6695,0,0,0,0,0,0,0,0,0,0,0,0,0,0,0,0,0,0,0,0,0,0
2021A00054717830,0,0,22.3213,0,0,0,0,0,0,0,0,0,0,0,0,0,0,0,0,0,0,0,0,0,0
2021A00054717831,0,0,4.135,0,0,0,0,0,0,0,0,0,0,0,0,0,0,0,0,0,0,0,0,0,0
2021A00054717832,0,0,13.2351,0,0,0,0,0,0,0,0,0,0,0,0,0,0,0,0,0,0,0,0,0,0
2021A00054718005,16,491,16.111,0,0,0,0,0,0,0,0,0,0,0,0,0,0,0,0,0,0,0,0,0,0
2021A00054718012,0,0,5.9881,0,0,0,0,0,0,0,0,0,0,0,0,0,0,0,0,0,0,0,0,0,0
2021A00054718015,2,18,5.27,0,0,0,0,0,0,0,0,0,0,0,0,0,0,0,0,0,0,0,0,0,0
2021A00054718021,7,65,121.1765,0,0,0,0,0,0,0,0,0,0,0,0,0,0,0,0,0,0,1,2,1,2
2021A00054718023,0,0,7.9384,0,0,0,0,0,0,0,0,0,0,0,0,0,0,0,0,0,0,0,0,0,0
2021A00054718028,2,18,4.8617,0,0,0,0,0,0,0,0,0,0,0,0,0,0,0,0,0,0,0,0,0,0
2021A00054718030,0,0,6.0945,0,0,0,0,0,0,0,0,0,0,0,0,0,0,0,0,0,0,0,0,0,0
2021A00054718033,20,220,14.7167,0,0,0,0,0,0,0,0,0,0,0,0,0,0,0,0,0,0,1,2,1,2
2021A00054718041,0,0,16.709,0,0,0,0,0,0,0,0,0,0,0,0,0,0,0,0,0,0,0,0,0,0
2021A00054718042,26,242,5.9989,0,0,0,0,1,7,0,0,0,0,0,0,0,0,1,7,1,7,2,9,2,9
2021A00054718049,13,95,6.4023,0,0,0,0,0,0,0,0,0,0,0,0,0,0,0,0,0,0,2,8,2,8
2021A00054718051,42,670,12.9249,0,0,0,0,0,0,0,0,0,0,0,0,0,0,0,0,0,0,0,0,0,0
2021A00054718052,4,100,2.0054,0,0,0,0,0,0,0,0,0,0,0,0,0,0,0,0,0,0,0,0,0,0
2021A00054718055,5,194,2.3974,0,0,0,0,0,0,0,0,0,0,0,0,0,0,0,0,0,0,0,0,0,0
2021A00054718058,7,65,11.4247,0,0,0,0,0,0,0,0,0,0,0,0,0,0,0,0,0,0,1,7,1,7
2021A00054718065,12,502,6.7711,0,0,0,0,0,0,0,0,0,0,1,87,0,0,0,0,0,0,0,0,1,87
2021A00054718067,0,0,23.2958,0,0,0,0,0,0,0,0,0,0,0,0,0,0,0,0,0,0,0,0,0,0
2021A00054718069,5,210,1.0862,0,0,0,0,0,0,0,0,0,0,0,0,0,0,0,0,0,0,0,0,0,0
2021A00054718070,24,296,68.0425,0,0,0,0,0,0,0,0,0,0,0,0,0,0,0,0,0,0,0,0,0,0
2021A00054718071,0,0,1.682,0,0,0,0,0,0,0,0,0,0,0,0,0,0,0,0,0,0,0,0,0,0
2021A00054718072,4,207,3.8122,0,0,0,0,0,0,0,0,0,0,0,0,0,0,0,0,0,0,0,0,0,0
2021A00054718074,18,254,15.4718,0,0,0,0,0,0,0,0,0,0,0,0,0,0,0,0,0,0,0,0,0,0
2021A00054718075,2,10,5.0743,0,0,0,0,0,0,0,0,0,0,0,0,0,0,0,0,0,0,0,0,0,0
2021A00054718089,0,0,0.6917,0,0,0,0,0,0,0,0,0,0,0,0,0,0,0,0,0,0,0,0,0,0
2021A00054718090,10,162,260794.9829,0,0,0,0,0,0,0,0,0,0,0,0,0,0,0,0,0,0,0,0,0,0
2021A00054718100,13,446,4.2416,0,0,0,0,0,0,0,0,0,0,0,0,0,0,0,0,0,0,0,0,0,0
2021A00054718801,0,0,15.3514,0,0,0,0,0,0,0,0,0,0,0,0,0,0,0,0,0,0,0,0,0,0
2021A00054718802,3,660,57.8074,0,0,0,0,0,0,0,0,0,0,0,0,0,0,0,0,0,0,0,0,0,0
2021A00054718803,0,0,2.4063,0,0,0,0,0,0,0,0,0,0,0,0,0,0,0,0,0,0,0,0,0,0
2021A00054718806,0,0,0.6507,0,0,0,0,0,0,0,0,0,0,0,0,0,0,0,0,0,0,0,0,0,0
2021A00054718807,0,0,89.9603,0,0,0,0,0,0,0,0,0,0,0,0,0,0,0,0,0,0,0,0,0,0
2021A00054718808,0,0,97.9803,0,0,0,0,0,0,0,0,0,0,0,0,0,0,0,0,0,0,0,0,0,0
2021A00054718809,0,0,5.8545,0,0,0,0,0,0,0,0,0,0,0,0,0,0,0,0,0,0,0,0,0,0
2021A00054718811,120,3511,0.5811,0,0,0,0,0,0,0,0,0,0,1,1,0,0,0,0,0,0,1,1,2,2
2021A00054718812,0,0,0.9936,0,0,0,0,0,0,0,0,0,0,0,0,0,0,0,0,0,0,0,0,0,0
2021A00054718813,0,0,0.029,0,0,0,0,0,0,0,0,0,0,0,0,0,0,0,0,0,0,0,0,0,0
2021A00054718814,0,0,19.6944,0,0,0,0,0,0,0,0,0,0,0,0,0,0,0,0,0,0,0,0,0,0
2021A00054718815,0,0,0.3054,0,0,0,0,0,0,0,0,0,0,0,0,0,0,0,0,0,0,0,0,0,0
2021A00054718817,0,0,24.3487,0,0,0,0,0,0,0,0,0,0,0,0,0,0,0,0,0,0,0,0,0,0
2021A00054718818,0,0,83.6275,0,0,0,0,0,0,0,0,0,0,0,0,0,0,0,0,0,0,0,0,0,0
2021A00054718819,0,0,3.1315,0,0,0,0,0,0,0,0,0,0,0,0,0,0,0,0,0,0,0,0,0,0
2021A00054718820,0,0,5.2651,0,0,0,0,0,0,0,0,0,0,0,0,0,0,0,0,0,0,0,0,0,0
2021A00054718821,0,0,24.1652,0,0,0,0,0,0,0,0,0,0,0,0,0,0,0,0,0,0,0,0,0,0
2021A00054718822,2,22,40.2497,0,0,0,0,0,0,0,0,0,0,0,0,0,0,0,0,0,0,0,0,0,0
2021A00054718823,0,0,20.8519,0,0,0,0,0,0,0,0,0,0,0,0,0,0,0,0,0,0,0,0,0,0
2021A00054718824,8,156,125.4498,0,0,0,0,0,0,0,0,0,0,0,0,0,0,0,0,0,0,0,0,0,0
2021A00054718825,0,0,0.6528,0,0,0,0,0,0,0,0,0,0,0,0,0,0,0,0,0,0,0,0,0,0
2021A00054718826,0,0,3.2953,0,0,0,0,0,0,0,0,0,0,0,0,0,0,0,0,0,0,0,0,0,0
2021A00054718827,0,0,0.8032,0,0,0,0,0,0,0,0,0,0,0,0,0,0,0,0,0,0,0,0,0,0
2021A00054718828,0,0,241.7924,0,0,0,0,0,0,0,0,0,0,0,0,0,0,0,0,0,0,0,0,0,0
2021A00054718829,0,0,8.7552,0,0,0,0,0,0,0,0,0,0,0,0,0,0,0,0,0,0,0,0,0,0
2021A00054718831,0,0,43.957,0,0,0,0,0,0,0,0,0,0,0,0,0,0,0,0,0,0,0,0,0,0
2021A00054718832,6,353,106.977,0,0,0,0,0,0,0,0,0,0,1,44,0,0,0,0,0,0,0,0,1,44
2021A00054718839,4,72,28.8712,0,0,0,0,0,0,0,0,0,0,0,0,0,0,0,0,0,0,0,0,0,0
2021A00054718844,0,0,5.5214,0,0,0,0,0,0,0,0,0,0,0,0,0,0,0,0,0,0,0,0,0,0
2021A00054718849,0,0,1.8994,0,0,0,0,0,0,0,0,0,0,0,0,0,0,0,0,0,0,0,0,0,0
2021A00054718852,0,0,9.0973,0,0,0,0,0,0,0,0,0,0,0,0,0,0,0,0,0,0,0,0,0,0
2021A00054718854,0,0,0.0313,0,0,0,0,0,0,0,0,0,0,0,0,0,0,0,0,0,0,0,0,0,0
2021A00054718855,0,0,4.0241,0,0,0,0,0,0,0,0,0,0,0,0,0,0,0,0,0,0,0,0,0,0
2021A00054718860,0,0,41.3874,0,0,0,0,0,0,0,0,0,0,0,0,0,0,0,0,0,0,0,0,0,0
2021A00054801003,284,3115,12977.9903,0,0,0,0,1,14,0,0,0,0,4,5,0,0,1,14,1,14,46,130,46,130
2021A00054801006,2263,31671,111.9659,3,94,10,111,11,200,1,30,0,0,17,374,0,0,3,43,4,50,73,1080,76,1197
2021A00054801008,36,112,7163.6085,0,0,0,0,0,0,0,0,0,0,1,1,0,0,0,0,0,0,13,23,13,23
2021A00054801009,89,455,2.1261,0,0,0,0,0,0,0,0,0,0,0,0,0,0,0,0,0,0,10,37,10,37
2021A00054801014,147,1688,5.6793,0,0,0,0,1,11,0,0,0,0,1,27,0,0,0,0,0,0,12,90,12,90
2021A00054801018,224,3809,16.1533,0,0,2,4,3,40,0,0,0,0,2,20,0,0,1,26,2,29,12,72,13,86
2021A00054802001,41,215,4462.1983,0,0,0,0,0,0,0,0,0,0,0,0,0,0,0,0,0,0,7,12,7,12
2021A00054802002,16,104,1.1763,0,0,0,0,0,0,0,0,0,0,0,0,0,0,0,0,0,0,2,2,2,2
2021A00054802004,73,945,2.4169,0,0,0,0,0,0,0,0,0,0,0,0,0,0,0,0,0,0,8,22,8,22
2021A00054802006,28,228,1.1602,0,0,1,3,1,3,1,3,0,0,1,3,0,0,0,0,0,0,6,30,6,30
2021A00054802008,0,0,7.6312,0,0,0,0,0,0,0,0,0,0,0,0,0,0,0,0,0,0,0,0,0,0
2021A00054802009,31,209,2.6955,0,0,0,0,0,0,0,0,0,0,0,0,0,0,0,0,0,0,4,21,4,21
2021A00054802011,338,3730,2815.6567,3,17,2,12,3,45,0,0,0,0,2,34,0,0,0,0,0,0,66,390,67,423
2021A00054802012,3494,56148,121.1211,7,143,25,687,28,1040,3,9,0,0,16,294,0,0,2,37,10,129,117,1368,124,1905
2021A00054802013,66,1228,3.0808,0,0,0,0,0,0,0,0,0,0,0,0,0,0,0,0,1,7,6,53,6,53
2021A00054802014,60,420,1.6945,0,0,0,0,0,0,0,0,0,0,0,0,0,0,0,0,0,0,9,25,9,25
2021A00054802016,8,40,0.8071,0,0,0,0,0,0,0,0,0,0,0,0,0,0,0,0,1,3,3,6,3,6
2021A00054802018,208,2702,3.0169,2,9,3,11,3,39,0,0,0,0,0,0,0,0,0,0,1,35,44,536,44,536
2021A00054802019,286,3609,13.5786,1,142,1,1,1,7,0,0,0,0,2,8,1,142,0,0,1,74,29,354,30,361
2021A00054802021,188,1787,4160.4691,0,0,1,13,1,13,1,13,0,0,3,76,0,0,0,0,0,0,36,192,36,192
2021A00054802022,427,6791,19.3226,1,7,0,0,1,24,0,0,0,0,3,15,1,7,0,0,0,0,27,301,27,301
2021A00054802023,81,679,1.5014,0,0,0,0,0,0,0,0,0,0,0,0,0,0,0,0,0,0,14,80,14,80
2021A00054802029,115,837,2.7089,0,0,1,3,2,10,0,0,0,0,2,4,0,0,1,7,1,7,15,74,16,77
2021A00054802031,126,662,5810.1457,1,5,1,2,0,0,0,0,0,0,0,0,0,0,0,0,0,0,32,109,32,109
2021A00054802034,672,9703,18.2051,0,0,3,20,6,67,1,13,0,0,7,30,0,0,0,0,0,0,30,358,31,361
2021A00054802036,72,456,1.9289,0,0,0,0,0,0,0,0,0,0,0,0,0,0,0,0,0,0,16,44,16,44
2021A00054802038,32,164,0.587,0,0,0,0,0,0,0,0,0,0,0,0,0,0,0,0,0,0,6,13,6,13
2021A00054802039,78,677,5.231,1,42,2,72,1,30,1,30,0,0,1,30,0,0,0,0,0,0,9,88,9,88
2021A00054803001,38,210,3358.3898,0,0,1,3,1,3,0,0,0,0,1,3,0,0,0,0,0,0,13,30,14,33
2021A00054803002,79,1039,5.8788,0,0,2,47,2,47,0,0,0,0,1,15,0,0,0,0,1,3,10,66,11,81
2021A00054803003,21,470,482.5378,0,0,0,0,0,0,0,0,0,0,0,0,0,0,0,0,0,0,1,1,1,1
2021A00054803004,162,2563,8.5778,0,0,0,0,0,0,0,0,0,0,0,0,0,0,1,15,1,15,10,67,10,67
2021A00054803006,12,64,1.3747,0,0,0,0,0,0,0,0,0,0,0,0,0,0,0,0,0,0,2,7,2,7
2021A00054803008,8,32,0.9609,0,0,0,0,0,0,0,0,0,0,0,0,0,0,0,0,0,0,2,8,2,8
2021A00054803011,34,198,3455.7538,0,0,1,1,0,0,0,0,0,0,0,0,0,0,0,0,0,0,6,16,6,16
2021A00054803014,297,3219,9.8664,0,0,3,7,3,8,1,3,0,0,4,18,0,0,1,3,1,3,28,80,28,80
2021A00054803016,16,92,1.3571,0,0,1,3,1,3,1,3,0,0,1,3,0,0,1,3,1,3,5,13,5,13
2021A00054803018,182,2829,4485.0488,0,0,0,0,0,0,0,0,0,0,2,34,0,0,0,0,0,0,28,129,28,129
2021A00054803019,237,3375,22.5441,1,2,2,99,2,99,0,0,0,0,1,73,0,0,2,179,2,179,32,388,33,461
2021A00054803022,34,841,10.5059,0,0,0,0,0,0,0,0,0,0,0,0,0,0,0,0,0,0,4,7,4,7
2021A00054803024,38,226,1.7819,0,0,0,0,0,0,0,0,0,0,0,0,0,0,0,0,1,35,8,49,8,49
2021A00054803026,132,1240,5.1115,0,0,1,73,1,73,0,0,0,0,1,73,0,0,0,0,0,0,10,62,11,135
2021A00054803801,12,359,424.0907,0,0,0,0,0,0,0,0,0,0,0,0,0,0,0,0,0,0,0,0,0,0
2021A00054803802,18,1275,1403.3523,0,0,0,0,0,0,0,0,0,0,0,0,0,0,0,0,0,0,1,6,1,6
2021A00054803803,0,0,17.8327,0,0,0,0,0,0,0,0,0,0,0,0,0,0,0,0,0,0,0,0,0,0
2021A00054803805,0,0,30.1068,0,0,0,0,0,0,0,0,0,0,0,0,0,0,0,0,0,0,0,0,0,0
2021A00054804001,31,177,1070.9245,0,0,0,0,0,0,0,0,0,0,0,0,0,0,0,0,0,0,4,8,4,8
2021A00054804004,45,271,9195.057,0,0,0,0,0,0,0,0,0,0,1,7,0,0,0,0,0,0,17,60,17,60
2021A00054804006,3,25,1.5832,0,0,0,0,0,0,0,0,0,0,0,0,0,0,0,0,0,0,1,3,1,3
2021A00054804011,134,1911,8.3973,0,0,0,0,1,2,0,0,0,0,2,107,0,0,0,0,0,0,14,34,15,140
2021A00054804012,29,103,6469.3299,0,0,0,0,0,0,0,0,0,0,1,2,0,0,0,0,0,0,11,22,11,22
2021A00054804014,92,1143,5.1478,0,0,0,0,0,0,0,0,0,0,0,0,0,0,0,0,0,0,7,12,7,12
2021A00054804019,24,92,1.1056,0,0,0,0,0,0,0,0,0,0,0,0,0,0,0,0,0,0,5,13,5,13
2021A00054804020,33,231,4299.8002,0,0,0,0,0,0,0,0,0,0,0,0,0,0,0,0,0,0,6,27,6,27
2021A00054804021,27,209,0.8372,0,0,0,0,1,2,0,0,0,0,1,1,0,0,0,0,0,0,7,24,7,24
2021A00054804022,103,801,3.023,2,31,0,0,0,0,0,0,0,0,1,1,0,0,0,0,0,0,18,69,18,69
2021A00054805001,17,167,5356.6487,0,0,0,0,0,0,0,0,0,0,0,0,0,0,0,0,0,0,6,28,6,28
2021A00054805002,16,68,1.798,0,0,0,0,0,0,0,0,0,0,0,0,0,0,0,0,0,0,4,7,4,7
2021A00054805004,27,133,0.876,0,0,0,0,0,0,0,0,0,0,0,0,0,0,0,0,0,0,4,9,4,9
2021A00054805006,133,1664,6.2779,0,0,1,2,0,0,0,0,0,0,0,0,0,0,0,0,0,0,9,43,9,43
2021A00054805008,30,114,1.1919,0,0,0,0,0,0,0,0,0,0,0,0,0,0,0,0,0,0,6,15,6,15
2021A00054805009,34,202,0.9625,0,0,0,0,0,0,0,0,0,0,1,1,0,0,0,0,0,0,8,15,8,15
2021A00054805011,29,127,0.7497,0,0,0,0,0,0,0,0,0,0,0,0,0,0,0,0,0,0,4,8,4,8
2021A00054805012,219,2171,4505.0479,2,4,4,10,5,15,2,6,0,0,4,321,0,0,1,15,3,97,39,503,39,503
2021A00054805018,500,7126,26.976,3,25,5,16,7,52,1,3,0,0,3,11,3,26,0,0,0,0,33,198,35,219
2021A00054805019,38,130,0.6973,0,0,0,0,0,0,0,0,0,0,1,3,0,0,0,0,0,0,8,16,8,16
2021A00054805021,54,442,2.3389,0,0,0,0,0,0,0,0,0,0,2,14,0,0,0,0,0,0,12,39,12,39
2021A00054805022,41,263,1.0376,0,0,0,0,0,0,0,0,0,0,1,1,0,0,0,0,0,0,6,22,6,22
2021A00054805026,261,3494,107.5599,0,0,1,3,3,9,0,0,0,0,4,4,0,0,1,3,1,3,22,41,22,41
2021A00054805031,14,86,2540.8509,0,0,0,0,0,0,0,0,0,0,0,0,0,0,0,0,0,0,3,5,3,5
2021A00054805034,38,214,1.3291,0,0,0,0,0,0,0,0,0,0,0,0,0,0,0,0,0,0,8,19,8,19
2021A00054805036,5,15,2.5647,0,0,0,0,0,0,0,0,0,0,0,0,0,0,0,0,0,0,1,1,1,1
2021A00054805038,21,167,0.6718,0,0,0,0,0,0,0,0,0,0,1,1,0,0,0,0,0,0,3,4,3,4
2021A00054805041,22,82,3373.3994,0,0,0,0,1,2,0,0,0,0,1,1,0,0,0,0,0,0,11,20,11,20
2021A00054805042,46,230,1.9937,1,26,1,26,1,26,0,0,0,0,0,0,0,0,0,0,0,0,7,36,7,36
2021A00054805044,49,1060,2.4864,0,0,1,3,1,3,0,0,0,0,0,0,0,0,0,0,0,0,11,162,12,165
2021A00054805046,87,809,2.5517,1,4,1,4,2,36,0,0,0,0,0,0,0,0,0,0,0,0,10,68,10,68
2021A00054805048,188,1966,6.7424,0,0,2,3,1,7,0,0,0,0,2,2,0,0,1,7,1,7,13,30,13,30
2021A00054805049,69,742,2.7763,1,2,0,0,1,2,0,0,0,0,0,0,1,2,0,0,0,0,7,44,7,44
2021A00054805802,10,1219,703.6991,0,0,0,0,0,0,0,0,0,0,0,0,0,0,0,0,0,0,1,2,1,2
2021A00054806001,777,6335,3604.7597,1,7,7,47,8,178,3,23,0,0,9,186,0,0,3,52,5,58,55,244,58,390
2021A00054806006,546,8044,22.1945,2,5,5,42,3,47,1,30,0,0,5,51,1,3,1,34,2,37,35,257,36,271
2021A00054806008,30,170,1.1015,0,0,0,0,0,0,0,0,0,0,0,0,0,0,0,0,0,0,2,6,2,6
2021A00054806009,71,684,5.7546,1,2,2,5,1,3,0,0,0,0,2,4,0,0,0,0,0,0,4,32,5,35
2021A00054806011,96,1107,6.8179,0,0,2,4,2,10,1,3,0,0,2,10,0,0,0,0,0,0,5,9,6,16
2021A00054806012,1227,13638,38.5484,6,13,14,43,12,58,1,13,0,0,7,23,0,0,1,3,2,6,52,182,53,185
2021A00054806014,2471,35579,3828.8454,12,377,25,209,30,989,6,33,0,0,23,290,2,86,5,155,7,161,156,1775,164,2179
2021A00054806016,48577,754010,820.6174,129,3859,318,6267,287,6763,41,814,0,0,343,7747,12,204,45,1208,119,2974,1307,22282,1377,24803
2021A00054806017,707,5512,32.8336,1,2,2,5,3,9,1,3,0,0,4,8,0,0,0,0,0,0,11,21,12,24
2021A00054806019,928,10510,31.5816,5,89,11,113,6,69,2,16,0,0,11,49,0,0,2,470,3,477,35,669,35,669
2021A00054806021,1741,23139,84.3868,7,261,12,115,9,94,1,6,0,0,10,32,0,0,3,36,4,50,44,419,47,471
2021A00054806022,0,0,3.2335,0,0,0,0,0,0,0,0,0,0,0,0,0,0,0,0,0,0,0,0,0,0
2021A00054806024,0,0,2.8532,0,0,0,0,0,0,0,0,0,0,0,0,0,0,0,0,0,0,0,0,0,0
2021A00054806026,190,2456,11.8904,1,2,2,37,7,223,0,0,0,0,4,182,0,0,2,18,2,18,22,83,26,294
2021A00054806028,59,560,3763.4163,0,0,0,0,0,0,0,0,0,0,1,1,0,0,0,0,0,0,9,29,9,29
2021A00054806029,196,1717,11.7679,0,0,0,0,1,3,0,0,0,0,2,30,0,0,0,0,0,0,15,52,16,55
2021A00054806031,58,434,1.9342,0,0,0,0,0,0,0,0,0,0,1,1,0,0,1,3,1,3,11,54,11,54
2021A00054806032,282,2642,16.1185,0,0,2,17,3,63,0,0,0,0,5,11,0,0,0,0,0,0,29,152,29,152
2021A00054806034,554,6935,14.9182,1,2,4,36,5,147,2,33,0,0,7,46,1,79,0,0,2,9,38,306,38,306
2021A00054806036,317,3312,10.844,2,10,2,10,1,2,0,0,0,0,2,5,0,0,3,342,8,421,22,475,22,475
2021A00054806803,0,0,17.3188,0,0,0,0,0,0,0,0,0,0,0,0,0,0,0,0,0,0,0,0,0,0
2021A00054806804,56,1871,282.4387,0,0,0,0,1,6,0,0,0,0,0,0,0,0,0,0,0,0,2,8,2,8
2021A00054807001,45,199,3571.1246,0,0,0,0,0,0,0,0,0,0,0,0,0,0,0,0,0,0,7,13,7,13
2021A00054807002,252,2331,4.7483,0,0,0,0,0,0,0,0,0,0,4,19,0,0,0,0,0,0,16,58,16,58
2021A00054807004,31,149,1.1214,0,0,0,0,0,0,0,0,0,0,0,0,0,0,0,0,0,0,6,29,6,29
2021A00054807006,27,109,0.7816,0,0,0,0,0,0,0,0,0,0,0,0,0,0,0,0,0,0,2,6,2,6
2021A00054807008,20,76,0.7603,0,0,0,0,0,0,0,0,0,0,0,0,0,0,0,0,0,0,4,7,4,7
2021A00054807011,8,24,3239.5814,0,0,0,0,0,0,0,0,0,0,0,0,0,0,0,0,0,0,2,4,2,4
2021A00054807012,105,1141,3.571,0,0,1,3,1,3,1,3,0,0,2,4,0,0,0,0,0,0,11,29,11,29
2021A00054807014,61,686,2.6082,0,0,0,0,0,0,0,0,0,0,0,0,0,0,0,0,0,0,4,10,4,10
2021A00054807016,10,70,0.6057,1,24,1,24,2,29,0,0,0,0,0,0,0,0,0,0,0,0,5,36,5,36
2021A00054807019,95,441,3969.6481,1,2,0,0,2,6,0,0,0,0,4,8,0,0,0,0,0,0,28,64,29,67
2021A00054807021,31,300,1.8646,0,0,0,0,0,0,0,0,0,0,1,1,0,0,0,0,0,0,5,6,5,6
2021A00054807026,431,4897,13.1856,2,16,4,33,8,127,0,0,0,0,1,14,1,2,1,3,1,3,25,158,26,172
2021A00054807027,1,3,1.609,0,0,0,0,0,0,0,0,0,0,0,0,0,0,0,0,0,0,1,1,1,1
2021A00054807028,3,9,2.0316,0,0,0,0,0,0,0,0,0,0,0,0,0,0,0,0,0,0,0,0,0,0
2021A00054807029,39,165,0.9673,0,0,0,0,0,0,0,0,0,0,0,0,0,0,0,0,0,0,7,26,7,26
2021A00054807031,36,168,3959.7805,0,0,0,0,1,3,0,0,0,0,1,3,0,0,0,0,0,0,9,21,9,21
2021A00054807032,45,175,0.6185,0,0,0,0,0,0,0,0,0,0,1,1,0,0,0,0,0,0,10,21,10,21
2021A00054807036,59,484,4.0367,0,0,1,15,1,15,0,0,0,0,0,0,0,0,0,0,0,0,9,145,9,145
2021A00054807038,14,58,0.6296,0,0,0,0,0,0,0,0,0,0,0,0,0,0,0,0,0,0,4,12,4,12
2021A00054807039,88,540,1.7722,0,0,0,0,0,0,0,0,0,0,0,0,0,0,0,0,0,0,6,11,6,11
2021A00054807042,91,716,6.3959,0,0,1,2,0,0,0,0,0,0,0,0,0,0,0,0,1,3,9,21,9,21
2021A00054807044,78,1057,2.7107,0,0,0,0,0,0,0,0,0,0,0,0,0,0,0,0,0,0,5,11,5,11
2021A00054807046,33,151,1.9999,0,0,0,0,0,0,0,0,0,0,0,0,0,0,0,0,0,0,4,6,4,6
2021A00054807048,69,853,4.5017,0,0,0,0,0,0,0,0,0,0,0,0,0,0,0,0,1,3,8,18,8,18
2021A00054807049,5,91,4095.2876,0,0,0,0,0,0,0,0,0,0,0,0,0,0,0,0,0,0,1,15,1,15
2021A00054807051,47,373,2.2201,0,0,0,0,0,0,0,0,0,0,1,14,0,0,0,0,0,0,8,30,8,30
2021A00054807052,45,199,2.0128,0,0,1,1,0,0,0,0,0,0,0,0,0,0,0,0,0,0,5,11,5,11
2021A00054807054,387,5189,12.1656,0,0,2,8,0,0,0,0,0,0,3,10,0,0,0,0,0,0,21,113,21,113
2021A00054807056,57,315,1.3186,0,0,0,0,0,0,0,0,0,0,1,2,0,0,0,0,0,0,10,19,10,19
2021A00054808001,1145,14017,3919.2534,6,37,16,118,21,244,4,39,0,0,12,87,0,0,0,0,1,7,133,657,139,703
2021A00054808002,3,9,1.5049,0,0,0,0,0,0,0,0,0,0,0,0,0,0,0,0,0,0,0,0,0,0
2021A00054808004,24,168,3.7851,0,0,1,34,0,0,0,0,0,0,1,34,0,0,0,0,0,0,1,34,1,34
2021A00054808005,5,47,0.5452,0,0,0,0,1,15,0,0,0,0,0,0,0,0,0,0,0,0,1,15,1,15
2021A00054808006,11,69,3.4575,0,0,0,0,0,0,0,0,0,0,0,0,0,0,0,0,0,0,0,0,0,0
2021A00054808008,281,4948,19.3937,0,0,6,69,7,237,0,0,0,0,2,274,2,59,0,0,0,0,21,560,22,567
2021A00054808009,39,249,11.201,0,0,0,0,0,0,0,0,0,0,0,0,0,0,0,0,0,0,1,1,1,1
2021A00054808011,3538,55770,104.344,9,207,18,156,16,174,3,15,0,0,20,154,2,68,3,25,4,40,94,783,96,804
2021A00054808012,475,5320,23.0865,3,58,4,49,2,5,0,0,0,0,3,3,1,14,0,0,1,7,17,101,17,101
2021A00054808013,16,76,0.6235,0,0,0,0,0,0,0,0,0,0,0,0,0,0,0,0,0,0,0,0,0,0
2021A00054808022,110,1216,2759.123,0,0,0,0,3,68,0,0,0,0,1,1,1,2,0,0,0,0,26,121,26,121
2021A00054808023,12,60,0.9742,0,0,0,0,0,0,0,0,0,0,0,0,0,0,0,0,0,0,0,0,0,0
2021A00054808024,140,1235,1.6109,1,2,3,8,4,11,1,3,0,0,4,23,0,0,0,0,0,0,12,39,13,42
2021A00054808025,0,0,0.1176,0,0,0,0,0,0,0,0,0,0,0,0,0,0,0,0,0,0,0,0,0,0
2021A00054808026,147,1113,2.2438,0,0,0,0,1,2,0,0,0,0,0,0,0,0,0,0,1,3,34,139,34,139
2021A00054808027,0,0,0.4666,0,0,0,0,0,0,0,0,0,0,0,0,0,0,0,0,0,0,0,0,0,0
2021A00054808028,0,0,0.6991,0,0,0,0,0,0,0,0,0,0,0,0,0,0,0,0,0,0,0,0,0,0
2021A00054808029,245,3343,16.5819,2,26,4,104,7,182,1,3,0,0,2,6,0,0,0,0,2,50,21,442,22,445
2021A00054808031,682,10005,20.5853,4,51,12,99,9,136,2,12,0,0,8,106,0,0,4,115,6,157,74,1023,74,1023
2021A00054808032,66,390,2.1695,1,25,2,28,2,28,0,0,0,0,1,3,0,0,0,0,0,0,10,49,11,52
2021A00054808034,0,0,3.1099,0,0,0,0,0,0,0,0,0,0,0,0,0,0,0,0,0,0,0,0,0,0
2021A00054808038,60,356,2807.9857,0,0,0,0,0,0,0,0,0,0,1,1,0,0,0,0,0,0,10,24,10,24
2021A00054808039,475,5796,17.2186,1,3,7,28,7,170,1,3,0,0,7,186,0,0,1,7,2,10,42,184,45,339
2021A00054808042,1,3,0.9364,0,0,0,0,0,0,0,0,0,0,0,0,0,0,0,0,0,0,0,0,0,0
2021A00054808044,247,2647,11.3764,1,4,4,17,3,16,2,12,0,0,3,27,0,0,0,0,0,0,14,50,14,50
2021A00054808811,0,0,128.4932,0,0,0,0,0,0,0,0,0,0,0,0,0,0,0,0,0,0,0,0,0,0
2021A00054808812,0,0,1.3398,0,0,0,0,0,0,0,0,0,0,0,0,0,0,0,0,0,0,0,0,0,0
2021A00054808813,0,0,27.828,0,0,0,0,0,0,0,0,0,0,0,0,0,0,0,0,0,0,0,0,0,0
2021A00054809002,137,906,18605.7062,0,0,0,0,0,0,0,0,0,0,0,0,0,0,0,0,0,0,17,45,17,45
2021A00054809005,0,0,0.1804,0,0,0,0,0,0,0,0,0,0,0,0,0,0,0,0,0,0,0,0,0,0
2021A00054809010,89,627,2.0444,0,0,0,0,0,0,0,0,0,0,1,7,0,0,0,0,0,0,3,23,3,23
2021A00054809015,710,10117,13.0534,1,3,3,8,5,25,2,6,0,0,8,98,0,0,3,17,7,28,32,299,32,299
2021A00054809806,0,0,138.8322,0,0,0,0,0,0,0,0,0,0,0,0,0,0,0,0,0,0,0,0,0,0
2021A00054809809,0,0,52.5039,0,0,0,0,0,0,0,0,0,0,0,0,0,0,0,0,0,0,0,0,0,0
2021A00054809810,0,0,22.6044,0,0,0,0,0,0,0,0,0,0,0,0,0,0,0,0,0,0,0,0,0,0
2021A00054810001,210,1066,3291.7518,1,2,2,4,1,2,0,0,0,0,1,1,0,0,0,0,0,0,42,101,42,101
2021A00054810002,71,537,2.7189,0,0,0,0,0,0,0,0,0,0,0,0,0,0,0,0,0,0,7,23,7,23
2021A00054810003,18,82,0.6204,0,0,1,1,0,0,0,0,0,0,0,0,0,0,0,0,0,0,5,6,5,6
2021A00054810006,26,146,0.3538,1,2,0,0,1,2,0,0,0,0,0,0,1,2,0,0,0,0,7,15,7,15
2021A00054810009,5,55,0.89,0,0,0,0,0,0,0,0,0,0,0,0,0,0,0,0,0,0,0,0,0,0
2021A00054810011,861,12404,41.668,1,3,2,16,5,192,1,13,0,0,9,57,0,0,0,0,1,3,33,290,34,293
2021A00054810012,14,130,6.5737,0,0,1,73,1,73,0,0,0,0,1,73,0,0,0,0,0,0,2,7,3,80
2021A00054810014,25,203,0.591,0,0,1,2,0,0,0,0,0,0,0,0,0,0,0,0,0,0,3,10,3,10
2021A00054810016,78,350,3219.7358,0,0,0,0,1,7,0,0,0,0,1,7,0,0,0,0,0,0,9,12,10,19
2021A00054810018,0,0,8.2065,0,0,0,0,0,0,0,0,0,0,0,0,0,0,0,0,0,0,0,0,0,0
2021A00054810019,34,421,2.5265,0,0,0,0,1,11,0,0,0,0,1,11,0,0,0,0,0,0,6,18,7,29
2021A00054810021,30,142,1.5525,0,0,0,0,0,0,0,0,0,0,0,0,0,0,0,0,0,0,5,10,5,10
2021A00054810022,127,897,3.4484,0,0,0,0,2,6,0,0,0,0,3,8,0,0,0,0,0,0,11,19,12,22
2021A00054810026,23,109,2850.3717,0,0,0,0,0,0,0,0,0,0,0,0,0,0,0,0,0,0,4,7,4,7
2021A00054810028,278,3589,14.0813,0,0,0,0,1,32,0,0,0,0,2,2,0,0,0,0,0,0,17,60,17,60
2021A00054810031,33,211,0.9987,0,0,1,30,1,30,1,30,0,0,2,31,0,0,0,0,0,0,6,39,6,39
2021A00054810034,70,434,1.6407,0,0,0,0,0,0,0,0,0,0,0,0,0,0,0,0,0,0,5,11,5,11
2021A00054810036,170,914,5420.1268,1,2,2,5,3,38,1,3,0,0,3,37,0,0,0,0,0,0,32,62,33,95
2021A00054810038,30,166,0.6282,0,0,0,0,0,0,0,0,0,0,0,0,0,0,0,0,0,0,7,17,7,17
2021A00054810039,1163,18639,23.9806,4,63,9,44,9,100,2,6,0,0,13,115,0,0,0,0,0,0,41,368,44,385
2021A00054810041,77,630,1.5099,0,0,0,0,0,0,0,0,0,0,1,3,0,0,0,0,0,0,7,17,7,17
2021A00054810042,324,3565,12.7195,1,6,2,8,2,58,0,0,0,0,2,3,0,0,1,3,1,3,19,108,19,108
2021A00054810044,49,223,1.6002,0,0,0,0,1,3,0,0,0,0,1,1,0,0,0,0,0,0,5,9,5,9
2021A00054810048,57,239,2600.1532,0,0,1,3,1,3,1,3,0,0,1,3,0,0,0,0,1,3,15,42,15,42
2021A00054810051,29,147,2.7452,0,0,1,2,1,2,0,0,0,0,0,0,0,0,0,0,0,0,4,6,4,6
2021A00054810052,86,657,3.1138,3,33,1,6,3,40,1,6,0,0,2,7,2,23,0,0,0,0,11,65,11,65
2021A00054810058,18,158,2385.5782,0,0,0,0,0,0,0,0,0,0,0,0,0,0,0,0,0,0,7,44,7,44
2021A00054810059,21,99,1.1802,0,0,0,0,0,0,0,0,0,0,0,0,0,0,0,0,0,0,4,7,4,7
2021A00054810061,43,401,4.1178,0,0,0,0,0,0,0,0,0,0,0,0,0,0,0,0,0,0,5,23,5,23
2021A00054810062,12,56,9.5965,0,0,0,0,0,0,0,0,0,0,0,0,0,0,0,0,0,0,1,2,1,2
2021A00054810064,70,896,9.1356,0,0,0,0,0,0,0,0,0,0,0,0,0,0,0,0,1,3,4,7,4,7
2021A00054810066,32,471,9.2781,0,0,0,0,0,0,0,0,0,0,0,0,0,0,0,0,0,0,7,164,7,164
2021A00054810068,114,1241,165.0003,0,0,2,6,3,9,1,3,0,0,1,3,0,0,0,0,0,0,12,29,12,29
2021A00054810805,0,0,35.9311,0,0,0,0,0,0,0,0,0,0,0,0,0,0,0,0,0,0,0,0,0,0
2021A00054811001,209,1271,3121.9765,0,0,1,1,0,0,0,0,0,0,2,2,0,0,1,14,1,14,31,139,31,139
2021A00054811002,523,8587,18.7528,7,156,8,158,8,216,1,3,0,0,7,136,1,9,0,0,2,6,29,239,32,357
2021A00054811003,17,95,0.6162,0,0,0,0,0,0,0,0,0,0,0,0,0,0,0,0,0,0,0,0,0,0
2021A00054811004,0,0,0.4516,0,0,0,0,0,0,0,0,0,0,0,0,0,0,0,0,0,0,0,0,0,0
2021A00054811005,0,0,0.7143,0,0,0,0,0,0,0,0,0,0,0,0,0,0,0,0,0,0,0,0,0,0
2021A00054811006,1,3,0.4528,0,0,0,0,0,0,0,0,0,0,0,0,0,0,0,0,0,0,0,0,0,0
2021A00054811007,0,0,0.192,0,0,0,0,0,0,0,0,0,0,0,0,0,0,0,0,0,0,0,0,0,0
2021A00054811008,6,66,0.5616,0,0,0,0,0,0,0,0,0,0,0,0,0,0,0,0,0,0,0,0,0,0
2021A00054811009,0,0,0.6077,0,0,0,0,0,0,0,0,0,0,0,0,0,0,0,0,0,0,0,0,0,0
2021A00054811011,157,919,6.6243,1,2,2,5,4,11,0,0,0,0,3,13,0,0,2,10,2,10,26,90,27,93
2021A00054811012,899,23799,2502.5902,12,203,25,432,48,1170,12,236,0,0,32,773,3,40,4,70,5,77,93,1489,106,1876
2021A00054811013,469,4108,24.7019,1,2,3,14,6,34,2,12,0,0,4,30,1,2,0,0,0,0,11,46,12,49
2021A00054811016,1232,22618,42.2532,11,151,14,121,24,541,3,96,0,0,18,387,1,34,3,149,5,155,64,794,71,1018
2021A00054811018,196,2146,14.2554,0,0,2,37,2,37,1,3,0,0,3,38,0,0,0,0,0,0,4,36,5,70
2021A00054811019,118,722,4.6686,1,2,0,0,0,0,0,0,0,0,1,2,0,0,0,0,0,0,14,47,14,47
2021A00054811020,7,61,0.4271,1,17,1,17,1,17,0,0,0,0,0,0,0,0,0,0,0,0,3,21,3,21
2021A00054811021,120,1314,3.798,0,0,0,0,2,38,0,0,0,0,3,40,0,0,0,0,0,0,7,60,8,63
2021A00054811022,0,0,0.2645,0,0,0,0,0,0,0,0,0,0,0,0,0,0,0,0,0,0,0,0,0,0
2021A00054811023,0,0,2.1256,0,0,0,0,0,0,0,0,0,0,0,0,0,0,0,0,0,0,0,0,0,0
2021A00054811024,68,986,2.5559,0,0,0,0,0,0,0,0,0,0,3,109,0,0,0,0,0,0,9,269,10,375
2021A00054811026,63,489,1.7187,0,0,0,0,0,0,0,0,0,0,1,12,0,0,1,3,1,3,8,25,8,25
2021A00054811031,695,9560,30.8965,3,9,3,15,5,19,2,9,0,0,10,172,0,0,3,374,4,666,21,868,22,871
2021A00054811032,83,509,3000.1399,0,0,1,2,1,2,0,0,0,0,2,2,0,0,1,14,1,14,10,34,10,34
2021A00054811034,1295,21137,2375.6664,6,125,13,130,15,605,3,29,0,0,11,220,2,43,7,431,11,604,93,1232,97,1393
2021A00054811038,19,193,0.5345,0,0,0,0,0,0,0,0,0,0,0,0,0,0,0,0,0,0,1,14,1,14
2021A00054811039,0,0,0.2278,0,0,0,0,0,0,0,0,0,0,0,0,0,0,0,0,0,0,0,0,0,0
2021A00054811041,0,0,0.1922,0,0,0,0,0,0,0,0,0,0,0,0,0,0,0,0,0,0,0,0,0,0
2021A00054811042,0,0,0.3195,0,0,0,0,0,0,0,0,0,0,0,0,0,0,0,0,0,0,0,0,0,0
2021A00054811044,1,3,0.3255,0,0,0,0,0,0,0,0,0,0,0,0,0,0,0,0,0,0,0,0,0,0
2021A00054811046,16,68,2.2769,0,0,0,0,0,0,0,0,0,0,0,0,0,0,0,0,0,0,0,0,0,0
2021A00054811048,609,9108,35.4464,3,8,5,25,3,26,0,0,0,0,4,7,2,7,0,0,0,0,19,91,19,91
2021A00054811049,1056,17915,37.52,4,54,10,154,13,206,5,143,0,0,10,165,0,0,4,68,6,78,40,428,42,445
2021A00054811052,3548,51846,1170.6506,13,164,26,307,40,607,8,93,0,0,32,857,4,38,3,71,7,234,147,1639,159,1983
2021A00054811056,657,13405,56.4993,1,110,2,8,3,15,0,0,0,0,14,932,0,0,1,7,1,7,35,1213,35,1213
2021A00054811059,703,6042,2084.2409,4,63,5,31,8,50,2,9,0,0,12,149,1,34,2,5,3,18,53,340,56,372
2021A00054811061,34147,560203,765.6076,115,2437,274,4768,274,7537,46,553,0,0,191,4261,16,641,33,529,87,1232,870,13587,952,16535
2021A00054811062,2087,26546,47.8355,4,16,9,32,5,32,1,3,0,0,3,72,1,3,1,3,2,6,36,213,37,220
2021A00054811064,84,1649,9.462,0,0,3,7,2,6,2,6,0,0,5,201,0,0,0,0,0,0,9,207,9,207
2021A00054811065,109,1713,19.929,0,0,0,0,0,0,0,0,0,0,3,485,0,0,0,0,1,3,9,569,9,569
2021A00054811066,40,427,3.9876,0,0,0,0,0,0,0,0,0,0,0,0,0,0,0,0,0,0,8,33,8,33
2021A00054811068,274,4683,11.1548,0,0,5,39,4,50,1,30,0,0,4,49,0,0,0,0,0,0,9,62,11,79
2021A00054811069,33,443,3.1764,0,0,1,3,1,3,0,0,0,0,0,0,0,0,0,0,0,0,5,24,5,24
2021A00054811801,70,2405,104.3159,0,0,0,0,0,0,0,0,0,0,1,4,0,0,0,0,0,0,12,39,12,39
2021A00054811802,0,0,19.8092,0,0,0,0,0,0,0,0,0,0,0,0,0,0,0,0,0,0,0,0,0,0
2021A00054811803,0,0,31.6782,0,0,0,0,0,0,0,0,0,0,0,0,0,0,0,0,0,0,0,0,0,0
2021A00054811804,0,0,51.5338,0,0,0,0,0,0,0,0,0,0,0,0,0,0,0,0,0,0,0,0,0,0
2021A00054811805,9,59,68.3867,0,0,0,0,0,0,0,0,0,0,0,0,0,0,0,0,0,0,5,11,5,11
2021A00054811806,5,19,62.3341,0,0,0,0,0,0,0,0,0,0,0,0,0,0,0,0,0,0,1,2,1,2
2021A00054811807,0,0,1.9593,0,0,0,0,0,0,0,0,0,0,0,0,0,0,0,0,0,0,0,0,0,0
2021A00054812002,552,8514,66.6054,0,0,2,5,4,10,1,3,0,0,4,19,0,0,1,3,1,3,11,30,11,30
2021A00054812004,95,705,6005.3036,0,0,0,0,0,0,0,0,0,0,1,1,0,0,0,0,1,3,15,30,15,30
2021A00054812009,622,10883,14.1653,0,0,0,0,0,0,0,0,0,0,3,84,0,0,0,0,2,14,15,149,15,149
2021A00054812011,0,0,0.2348,0,0,0,0,0,0,0,0,0,0,0,0,0,0,0,0,0,0,0,0,0,0
2021A00054812012,54,282,1.9937,0,0,0,0,0,0,0,0,0,0,0,0,0,0,0,0,0,0,4,6,4,6
2021A00054812013,0,0,0.735,0,0,0,0,0,0,0,0,0,0,0,0,0,0,0,0,0,0,0,0,0,0
2021A00054812014,115,1748,3280.3952,1,5,1,5,2,38,0,0,0,0,2,34,0,0,0,0,0,0,27,61,28,94
2021A00054812016,136,1247,4.9131,0,0,1,7,2,40,0,0,0,0,2,40,0,0,0,0,0,0,10,19,12,59
2021A00054812018,439,6092,8.6389,0,0,5,13,3,11,1,6,0,0,2,7,0,0,0,0,0,0,18,42,18,42
2021A00054812020,0,0,0.975,0,0,0,0,0,0,0,0,0,0,0,0,0,0,0,0,0,0,0,0,0,0
2021A00054812022,44,987,3396.2917,0,0,0,0,0,0,0,0,0,0,0,0,0,0,0,0,0,0,8,13,8,13
2021A00054812024,18,190,0.9641,0,0,0,0,0,0,0,0,0,0,0,0,0,0,0,0,0,0,2,16,2,16
2021A00054812026,33,191,0.5866,0,0,0,0,0,0,0,0,0,0,0,0,0,0,1,7,1,7,5,15,5,15
2021A00054812029,91,1268,4.2626,1,2,1,2,2,9,0,0,0,0,1,1,0,0,2,10,2,10,12,30,12,30
2021A00054812037,409,5154,12528.2525,0,0,0,0,1,14,0,0,0,0,2,16,0,0,1,33,3,98,17,131,18,145
2021A00054812038,3,57,5626.5692,0,0,0,0,0,0,0,0,0,0,0,0,0,0,0,0,0,0,0,0,0,0
2021A00054812802,1,3,88.5513,0,0,0,0,0,0,0,0,0,0,0,0,0,0,0,0,0,0,0,0,0,0
2021A00054812804,9,135,100.0303,0,0,0,0,0,0,0,0,0,0,0,0,0,0,0,0,0,0,0,0,0,0
2021A00054812806,0,0,270.2855,0,0,0,0,0,0,0,0,0,0,0,0,0,0,0,0,0,0,0,0,0,0
2021A00054812808,0,0,52.1145,0,0,0,0,0,0,0,0,0,0,0,0,0,0,0,0,0,0,0,0,0,0
2021A00054812810,0,0,139.8347,0,0,0,0,0,0,0,0,0,0,0,0,0,0,0,0,0,0,0,0,0,0
2021A00054812811,7,571,79.6426,0,0,0,0,0,0,0,0,0,0,0,0,0,0,0,0,0,0,0,0,0,0
2021A00054812813,0,0,0.6598,0,0,0,0,0,0,0,0,0,0,0,0,0,0,0,0,0,0,0,0,0,0
2021A00054812815,0,0,41.5669,0,0,0,0,0,0,0,0,0,0,0,0,0,0,0,0,0,0,0,0,0,0
2021A00054812828,0,0,55.8757,0,0,0,0,0,0,0,0,0,0,0,0,0,0,0,0,0,0,0,0,0,0
2021A00054812840,0,0,47.4096,0,0,0,0,0,0,0,0,0,0,0,0,0,0,0,0,0,0,0,0,0,0
2021A00054813001,122,1088,2845.8357,1,2,0,0,1,2,0,0,0,0,1,1,1,2,0,0,0,0,14,27,14,27
2021A00054813002,132,1251,4.3926,0,0,0,0,0,0,0,0,0,0,1,1,0,0,0,0,0,0,10,20,10,20
2021A00054813003,1,3,0.4294,0,0,0,0,0,0,0,0,0,0,0,0,0,0,0,0,0,0,0,0,0,0
2021A00054813005,0,0,0.2851,0,0,0,0,0,0,0,0,0,0,0,0,0,0,0,0,0,0,0,0,0,0
2021A00054813006,2,10,1.2971,0,0,0,0,0,0,0,0,0,0,0,0,0,0,0,0,0,0,0,0,0,0
2021A00054813007,33,151,0.2759,0,0,0,0,0,0,0,0,0,0,1,1,0,0,0,0,0,0,3,5,3,5
2021A00054813008,0,0,0.7004,0,0,0,0,0,0,0,0,0,0,0,0,0,0,0,0,0,0,0,0,0,0
2021A00054813009,0,0,0.0538,0,0,0,0,0,0,0,0,0,0,0,0,0,0,0,0,0,0,0,0,0,0
2021A00054813010,0,0,2.5131,0,0,0,0,0,0,0,0,0,0,0,0,0,0,0,0,0,0,0,0,0,0
2021A00054813011,12,96,1.1683,0,0,0,0,0,0,0,0,0,0,0,0,0,0,0,0,0,0,0,0,0,0
2021A00054813012,21,139,2.02,0,0,0,0,0,0,0,0,0,0,0,0,0,0,0,0,0,0,0,0,0,0
2021A00054813013,1,7,0.2886,0,0,0,0,0,0,0,0,0,0,0,0,0,0,0,0,0,0,0,0,0,0
2021A00054813014,153,1071,3.3069,1,2,3,7,3,79,0,0,0,0,1,74,0,0,0,0,1,3,10,102,10,102
2021A00054813015,2,10,0.4433,0,0,0,0,0,0,0,0,0,0,0,0,0,0,0,0,0,0,0,0,0,0
2021A00054813016,0,0,2.4094,0,0,0,0,0,0,0,0,0,0,0,0,0,0,0,0,0,0,0,0,0,0
2021A00054813017,0,0,1.6624,0,0,0,0,0,0,0,0,0,0,0,0,0,0,0,0,0,0,0,0,0,0
2021A00054813018,144,919,2385.2823,0,0,0,0,0,0,0,0,0,0,0,0,0,0,0,0,2,9,30,89,30,89
2021A00054813019,391,4715,8.1965,0,0,1,29,3,23,0,0,0,0,5,20,0,0,0,0,2,6,30,165,31,179
2021A00054813028,156,888,3169.6612,0,0,0,0,0,0,0,0,0,0,1,1,0,0,0,0,1,3,30,71,30,71
2021A00054813029,22,608,7599.5193,0,0,0,0,1,33,0,0,0,0,1,33,0,0,1,325,1,325,6,455,7,488
2021A00054813030,722,10214,29.5125,0,0,1,2,2,4,0,0,0,0,7,29,1,2,2,328,6,352,24,740,24,740
2021A00054813031,306,3760,13.3714,0,0,3,101,4,133,1,13,0,0,3,101,0,0,0,0,1,15,14,104,16,192
2021A00054813032,38,306,1.2775,0,0,0,0,0,0,0,0,0,0,0,0,0,0,0,0,0,0,8,36,8,36
2021A00054813033,0,0,0.2568,0,0,0,0,0,0,0,0,0,0,0,0,0,0,0,0,0,0,0,0,0,0
2021A00054813036,71,588,1997.1679,1,5,2,8,2,8,0,0,0,0,1,3,0,0,0,0,0,0,6,17,6,17
2021A00054813044,110,726,6111.2968,0,0,0,0,0,0,0,0,0,0,1,6,0,0,1,3,1,3,19,59,19,59
2021A00054813045,1,7,0.7933,0,0,0,0,0,0,0,0,0,0,0,0,0,0,0,0,0,0,0,0,0,0
2021A00054813046,75,1340,7.1171,0,0,1,13,1,13,1,13,0,0,2,14,0,0,0,0,0,0,4,322,4,322
2021A00054813047,4,16,0.866,0,0,0,0,0,0,0,0,0,0,0,0,0,0,0,0,0,0,1,2,1,2
2021A00054813048,296,4627,17.7852,1,2,2,4,2,35,0,0,0,0,4,48,0,0,0,0,0,0,12,44,13,77
2021A00054813049,7,101,1.5487,0,0,0,0,0,0,0,0,0,0,0,0,0,0,0,0,0,0,1,3,1,3
2021A00054813051,0,0,0.4764,0,0,0,0,0,0,0,0,0,0,0,0,0,0,0,0,0,0,0,0,0,0
2021A00054813053,9,182,1.1753,0,0,0,0,0,0,0,0,0,0,0,0,0,0,0,0,0,0,0,0,0,0
2021A00054813055,0,0,0.9086,0,0,0,0,0,0,0,0,0,0,0,0,0,0,0,0,0,0,0,0,0,0
2021A00054813057,0,0,0.5405,0,0,0,0,0,0,0,0,0,0,0,0,0,0,0,0,0,0,0,0,0,0
2021A00054813061,3,13,1.6374,0,0,0,0,0,0,0,0,0,0,0,0,0,0,0,0,0,0,0,0,0,0
2021A00054813811,0,0,56.6033,0,0,0,0,0,0,0,0,0,0,0,0,0,0,0,0,0,0,0,0,0,0
2021A00054813829,0,0,0.0804,0,0,0,0,0,0,0,0,0,0,0,0,0,0,0,0,0,0,0,0,0,0
2021A00054813830,0,0,36.5842,0,0,0,0,0,0,0,0,0,0,0,0,0,0,0,0,0,0,0,0,0,0
2021A00054814003,439,2875,22238.5585,0,0,2,4,1,3,1,3,0,0,10,15,0,0,3,72,9,121,50,218,50,218
2021A00054814019,494,6190,33.3221,1,3,4,10,3,8,0,0,0,0,7,9,1,2,1,325,3,334,17,551,17,551
2021A00054814024,611,8390,29.4338,0,0,2,5,0,0,0,0,0,0,8,161,0,0,2,143,4,159,17,452,18,455
2021A00054814028,0,0,4601.5162,0,0,0,0,0,0,0,0,0,0,0,0,0,0,0,0,0,0,0,0,0,0
2021A00054815007,234,2887,370.1465,0,0,0,0,1,7,0,0,0,0,0,0,0,0,0,0,1,3,9,29,9,29
2021A00054815013,11,1074,4203.2397,0,0,0,0,0,0,0,0,0,0,0,0,0,0,0,0,0,0,0,0,0,0
2021A00054815015,60,758,2678.8018,2,5,1,3,1,3,0,0,0,0,1,115,0,0,0,0,0,0,10,378,10,378
2021A00054815023,880,12413,68.4695,2,4,4,8,2,16,0,0,0,0,0,0,0,0,1,14,2,29,25,175,25,175
2021A00054815027,0,0,0.6185,0,0,0,0,0,0,0,0,0,0,0,0,0,0,0,0,0,0,0,0,0,0
2021A00054815030,0,0,0.4054,0,0,0,0,0,0,0,0,0,0,0,0,0,0,0,0,0,0,0,0,0,0
2021A00054815032,47,1694,6751.0859,0,0,0,0,0,0,0,0,0,0,0,0,0,0,0,0,0,0,0,0,0,0
2021A00054815033,248,4174,921.8991,0,0,0,0,0,0,0,0,0,0,1,1,0,0,0,0,0,0,2,3,2,3
2021A00054815035,410,11275,4.0834,0,0,1,3,1,3,1,3,0,0,1,3,0,0,0,0,0,0,5,27,5,27
2021A00054815037,0,0,10118.5498,0,0,0,0,0,0,0,0,0,0,0,0,0,0,0,0,0,0,0,0,0,0
2021A00054815045,1,15,2636.7501,0,0,0,0,0,0,0,0,0,0,0,0,0,0,0,0,0,0,1,7,1,7
2021A00054815802,4,722,444.6645,0,0,0,0,0,0,0,0,0,0,0,0,0,0,0,0,0,0,1,2,1,2
2021A00054815815,0,0,71.4298,0,0,0,0,0,0,0,0,0,0,0,0,0,0,0,0,0,0,0,0,0,0
2021A00054816037,1707,47510,60843.8778,2,23,5,52,4,170,1,13,0,0,9,211,1,2,1,70,1,70,30,363,32,518
2021A00054816051,0,0,33053.7819,0,0,0,0,0,0,0,0,0,0,0,0,0,0,0,0,0,0,0,0,0,0
2021A00054816810,2,357,30.0095,0,0,0,0,0,0,0,0,0,0,0,0,0,0,0,0,0,0,0,0,0,0
2021A00054816817,12,308,26.0493,0,0,0,0,1,4,0,0,0,0,0,0,1,4,0,0,0,0,1,4,1,4
2021A00054816821,0,0,22.6667,0,0,0,0,0,0,0,0,0,0,0,0,0,0,0,0,0,0,0,0,0,0
2021A00054816822,0,0,0.8095,0,0,0,0,0,0,0,0,0,0,0,0,0,0,0,0,0,0,0,0,0,0
2021A00054816849,0,0,13.8662,0,0,0,0,0,0,0,0,0,0,0,0,0,0,0,0,0,0,0,0,0,0
2021A00054816850,0,0,17.0871,0,0,0,0,0,0,0,0,0,0,0,0,0,0,0,0,0,0,0,0,0,0
2021A00054816852,0,0,0.3828,0,0,0,0,0,0,0,0,0,0,0,0,0,0,0,0,0,0,0,0,0,0
2021A00054816860,1,7,61.325,0,0,0,0,0,0,0,0,0,0,0,0,0,0,0,0,0,0,0,0,0,0
2021A00054816861,0,0,2.4576,0,0,0,0,0,0,0,0,0,0,0,0,0,0,0,0,0,0,0,0,0,0
2021A00054817021,248,3879,7.0102,0,0,0,0,0,0,0,0,0,0,2,3,0,0,1,140,2,143,16,446,16,446
2021A00054817024,68,847,25.8741,0,0,0,0,0,0,0,0,0,0,0,0,0,0,0,0,0,0,0,0,0,0
2021A00054817026,34,346,20915.1751,0,0,0,0,0,0,0,0,0,0,1,1,0,0,0,0,0,0,10,36,10,36
2021A00054817027,74,993,13827.5809,0,0,0,0,0,0,0,0,0,0,3,9,0,0,0,0,2,43,6,54,6,54
2021A00054817029,501,6744,14.3102,0,0,2,4,1,14,0,0,0,0,5,55,0,0,2,154,3,157,17,632,17,632
2021A00054817031,65,1823,28857.8781,0,0,0,0,0,0,0,0,0,0,0,0,0,0,0,0,0,0,0,0,0,0
2021A00054817033,44,212,10041.7946,0,0,0,0,0,0,0,0,0,0,1,1,0,0,0,0,1,3,2,4,2,4
2021A00054817039,54,417,1.6874,0,0,0,0,1,3,0,0,0,0,1,1,0,0,2,143,2,143,7,152,7,152
2021A00054817062,93,587,15025.5401,0,0,0,0,0,0,0,0,0,0,1,3,0,0,0,0,0,0,9,31,9,31
2021A00054817064,53,323,4.8794,0,0,0,0,0,0,0,0,0,0,1,1,0,0,1,70,1,70,7,86,7,86
2021A00054817076,68,360,20627.0183,0,0,0,0,1,2,0,0,0,0,0,0,1,2,0,0,0,0,15,26,15,26
2021A00054817078,159,1674,3.7148,0,0,1,13,1,13,1,13,0,0,3,15,0,0,2,146,2,146,13,176,13,176
2021A00054817093,234,4585,28.6996,0,0,0,0,0,0,0,0,0,0,0,0,0,0,1,325,3,344,9,613,9,613
2021A00054817095,590,6979,79629.2632,0,0,2,9,4,23,2,9,0,0,5,21,0,0,8,272,31,434,67,534,68,541
2021A00054817097,35,564,10.7606,0,0,0,0,0,0,0,0,0,0,1,29,0,0,0,0,0,0,2,40,2,40
2021A00054817817,8,40,1.9918,0,0,0,0,0,0,0,0,0,0,0,0,0,0,0,0,0,0,0,0,0,0
2021A00054817818,0,0,84.637,0,0,0,0,0,0,0,0,0,0,0,0,0,0,0,0,0,0,0,0,0,0
2021A00054817819,1,15,6.6434,0,0,0,0,0,0,0,0,0,0,0,0,0,0,0,0,0,0,0,0,0,0
2021A00054817821,0,0,24.9464,0,0,0,0,0,0,0,0,0,0,0,0,0,0,0,0,0,0,0,0,0,0
2021A00054817822,0,0,32.6506,0,0,0,0,0,0,0,0,0,0,0,0,0,0,0,0,0,0,0,0,0,0
2021A00054817823,0,0,58.1541,0,0,0,0,0,0,0,0,0,0,0,0,0,0,0,0,0,0,0,0,0,0
2021A00054817824,6,373,64.6677,0,0,0,0,0,0,0,0,0,0,0,0,0,0,0,0,0,0,0,0,0,0
2021A00054817825,0,0,16.5323,0,0,0,0,0,0,0,0,0,0,0,0,0,0,0,0,0,0,0,0,0,0
2021A00054817826,0,0,0.5047,0,0,0,0,0,0,0,0,0,0,0,0,0,0,0,0,0,0,0,0,0,0
2021A00054817827,0,0,10.2758,0,0,0,0,0,0,0,0,0,0,0,0,0,0,0,0,0,0,0,0,0,0
2021A00054817828,0,0,64.9472,0,0,0,0,0,0,0,0,0,0,0,0,0,0,0,0,0,0,0,0,0,0
2021A00054817829,8,136,60.6979,0,0,0,0,0,0,0,0,0,0,0,0,0,0,0,0,0,0,0,0,0,0
2021A00054817830,0,0,3.8956,0,0,0,0,0,0,0,0,0,0,0,0,0,0,0,0,0,0,0,0,0,0
2021A00054817831,0,0,39.4687,0,0,0,0,0,0,0,0,0,0,0,0,0,0,0,0,0,0,0,0,0,0
2021A00054817832,1,15,9.4036,0,0,0,0,0,0,0,0,0,0,0,0,0,0,0,0,0,0,0,0,0,0
2021A00054817833,15,49,11.9946,0,0,0,0,0,0,0,0,0,0,0,0,0,0,0,0,0,0,1,2,1,2
2021A00054817834,0,0,37.3605,0,0,0,0,0,0,0,0,0,0,0,0,0,0,0,0,0,0,0,0,0,0
2021A00054817835,3,53,98.0276,0,0,0,0,0,0,0,0,0,0,0,0,0,0,0,0,0,0,0,0,0,0
2021A00054817836,2,357,0.2895,0,0,0,0,0,0,0,0,0,0,0,0,0,0,0,0,0,0,0,0,0,0
2021A00054817837,2,425,140.0418,0,0,0,0,0,0,0,0,0,0,0,0,0,0,0,0,0,0,0,0,0,0
2021A00054817838,0,0,37.0934,0,0,0,0,0,0,0,0,0,0,0,0,0,0,0,0,0,0,0,0,0,0
2021A00054817840,0,0,53.6561,0,0,0,0,0,0,0,0,0,0,0,0,0,0,0,0,0,0,0,0,0,0
2021A00054817841,0,0,9.1793,0,0,0,0,0,0,0,0,0,0,0,0,0,0,0,0,0,0,0,0,0,0
2021A00054817842,0,0,40.8937,0,0,0,0,0,0,0,0,0,0,0,0,0,0,0,0,0,0,0,0,0,0
2021A00054817843,0,0,26.9539,0,0,0,0,0,0,0,0,0,0,0,0,0,0,0,0,0,0,0,0,0,0
2021A00054817845,3,380,99.2895,0,0,0,0,0,0,0,0,0,0,0,0,0,0,0,0,0,0,0,0,0,0
2021A00054817848,0,0,114.4531,0,0,0,0,0,0,0,0,0,0,0,0,0,0,0,0,0,0,0,0,0,0
2021A00054817849,0,0,14.4908,0,0,0,0,0,0,0,0,0,0,0,0,0,0,0,0,0,0,0,0,0,0
2021A00054817850,0,0,6.5541,0,0,0,0,0,0,0,0,0,0,0,0,0,0,0,0,0,0,0,0,0,0
2021A00054817853,0,0,12.8629,0,0,0,0,0,0,0,0,0,0,0,0,0,0,0,0,0,0,0,0,0,0
2021A00054817854,0,0,0.5309,0,0,0,0,0,0,0,0,0,0,0,0,0,0,0,0,0,0,0,0,0,0
2021A00054817855,3,13,1.537,0,0,0,0,0,0,0,0,0,0,0,0,0,0,0,0,0,0,0,0,0,0
2021A00054817856,0,0,118.7033,0,0,0,0,0,0,0,0,0,0,0,0,0,0,0,0,0,0,0,0,0,0
2021A00054817857,7,121,36.5196,0,0,0,0,0,0,0,0,0,0,0,0,0,0,0,0,0,0,0,0,0,0
2021A00054817859,0,0,0.6221,0,0,0,0,0,0,0,0,0,0,0,0,0,0,0,0,0,0,0,0,0,0
2021A00054817860,35,652,70.9393,0,0,0,0,0,0,0,0,0,0,1,1,0,0,0,0,0,0,2,3,2,3
2021A00054817865,0,0,1.2323,0,0,0,0,0,0,0,0,0,0,0,0,0,0,0,0,0,0,0,0,0,0
2021A00054818002,120,1551,12.2649,0,0,0,0,0,0,0,0,0,0,3,65,0,0,1,70,1,70,5,138,5,138
2021A00054818015,289,2641,32925.5319,0,0,1,15,1,15,0,0,0,0,2,2,0,0,1,140,4,175,26,232,26,232
2021A00054818018,189,2804,9.1699,0,0,0,0,0,0,0,0,0,0,1,14,0,0,0,0,0,0,7,56,7,56
2021A00054818816,6,78,148.7177,0,0,0,0,0,0,0,0,0,0,0,0,0,0,0,0,0,0,0,0,0,0
2021A00054818818,0,0,8.7687,0,0,0,0,0,0,0,0,0,0,0,0,0,0,0,0,0,0,0,0,0,0
2021A00054819006,1071,12845,5790.5897,2,23,5,89,7,150,1,64,0,0,11,89,2,11,0,0,0,0,45,243,46,250
2021A00054819008,60,832,4.0295,0,0,0,0,1,52,0,0,0,0,1,3,0,0,0,0,1,30,5,89,5,89
2021A00054819009,236,2345,5.3828,0,0,0,0,1,2,0,0,0,0,3,5,1,2,0,0,2,6,15,117,15,117
2021A00054819011,103,605,4.7398,1,2,0,0,0,0,0,0,0,0,1,1,0,0,0,0,0,0,7,10,7,10
2021A00054819012,2968,43699,132.7068,2,10,13,129,14,198,4,12,0,0,33,330,1,2,4,528,12,860,81,1811,85,1915
2021A00054819014,299,2881,13.0129,0,0,1,3,2,10,1,3,0,0,3,48,0,0,0,0,0,0,11,76,11,76
2021A00054819038,529,8117,25.3423,1,2,2,4,0,0,0,0,0,0,4,10,0,0,0,0,0,0,19,228,19,228
2021A00054819041,31,149,2834.1835,0,0,0,0,0,0,0,0,0,0,0,0,0,0,0,0,0,0,8,17,8,17
2021A00054819042,23,324,3.5768,0,0,0,0,0,0,0,0,0,0,0,0,0,0,0,0,0,0,3,13,3,13
2021A00054819044,29,115,1.2564,0,0,0,0,0,0,0,0,0,0,0,0,0,0,0,0,0,0,4,7,4,7
2021A00054819046,0,0,2.8266,0,0,0,0,0,0,0,0,0,0,0,0,0,0,0,0,0,0,0,0,0,0
2021A00054819048,40,156,0.6581,0,0,0,0,0,0,0,0,0,0,0,0,0,0,0,0,0,0,6,12,6,12
2021A00054819049,54,278,2848.7465,0,0,0,0,0,0,0,0,0,0,0,0,0,0,0,0,0,0,9,15,9,15
2021A00054819054,0,0,679.8649,0,0,0,0,0,0,0,0,0,0,0,0,0,0,0,0,0,0,0,0,0,0
2021A00054819056,67,648,1.8514,0,0,0,0,0,0,0,0,0,0,0,0,0,0,0,0,0,0,6,11,6,11
2021A00054819058,127,1108,3.1123,0,0,0,0,0,0,0,0,0,0,1,8,0,0,0,0,0,0,11,39,11,39
2021A00054819059,110,753,5827.704,0,0,0,0,0,0,0,0,0,0,2,28,0,0,0,0,1,6,15,71,15,71
2021A00054819066,20,92,1373.6573,0,0,0,0,0,0,0,0,0,0,0,0,0,0,0,0,0,0,3,4,3,4
2021A00054819068,261,3200,10.6738,0,0,0,0,0,0,0,0,0,0,2,2,0,0,1,7,1,7,14,38,14,38
2021A00054819071,6,82,847.2169,0,0,0,0,0,0,0,0,0,0,0,0,0,0,0,0,0,0,0,0,0,0
2021A00054819072,30,146,1.5738,0,0,0,0,0,0,0,0,0,0,0,0,0,0,0,0,0,0,5,8,5,8
2021A00054819074,182,2303,7.0841,0,0,0,0,0,0,0,0,0,0,1,1,0,0,0,0,1,3,10,45,10,45
2021A00054819815,1,3,14.4673,0,0,0,0,0,0,0,0,0,0,0,0,0,0,0,0,0,0,0,0,0,0
2021A00054819826,0,0,20.1246,0,0,0,0,0,0,0,0,0,0,0,0,0,0,0,0,0,0,0,0,0,0
2021A00055901003,53,1953,108.121,0,0,0,0,0,0,0,0,0,0,1,23,0,0,0,0,0,0,0,0,1,23
2021A00055901006,108,2373,191.2959,1,20,0,0,0,0,0,0,0,0,2,13,0,0,0,0,0,0,2,21,3,33
2021A00055901012,340,4168,15.1082,0,0,3,17,2,7,0,0,0,0,0,0,0,0,1,5,2,6,9,28,9,28
2021A00055901017,57,862,4598.8762,0,0,1,1,0,0,0,0,0,0,0,0,0,0,0,0,1,2,2,3,2,3
2021A00055901019,49,838,2781.1528,0,0,0,0,1,5,0,0,0,0,0,0,0,0,2,268,4,312,10,326,10,326
2021A00055901022,897,14312,31.9707,3,32,6,36,5,95,1,3,0,0,6,113,0,0,3,19,6,70,30,262,32,352
2021A00055901028,233,2964,60.5082,0,0,2,6,0,0,0,0,0,0,1,3,0,0,0,0,0,0,6,23,6,23
2021A00055901035,194,1521,4528.6525,0,0,1,7,2,8,0,0,0,0,1,7,0,0,2,7,4,11,17,45,18,52
2021A00055901037,50,358,4254.4425,0,0,0,0,0,0,0,0,0,0,0,0,0,0,0,0,0,0,6,38,6,38
2021A00055901039,290,3607,10.7482,0,0,1,3,1,7,0,0,0,0,1,7,0,0,1,13,2,18,15,56,16,63
2021A00055901040,59,1195,6.3379,0,0,1,3,0,0,0,0,0,0,1,8,0,0,1,263,1,263,6,298,6,298
2021A00055901043,26,282,11.0663,0,0,0,0,0,0,0,0,0,0,0,0,0,0,1,63,2,64,2,64,2,64
2021A00055901046,158,2203,6091.9125,1,1,1,1,2,8,0,0,0,0,1,7,0,0,0,0,0,0,5,14,6,21
2021A00055901048,50,354,4656.389,1,2,0,0,1,2,0,0,0,0,0,0,0,0,2,16,4,51,9,63,9,63
2021A00055901801,11,73,41.7374,0,0,0,0,0,0,0,0,0,0,0,0,0,0,1,6,1,6,2,8,2,8
2021A00055901802,0,0,2.6275,0,0,0,0,0,0,0,0,0,0,0,0,0,0,0,0,0,0,0,0,0,0
2021A00055901803,0,0,74.0194,0,0,0,0,0,0,0,0,0,0,0,0,0,0,0,0,0,0,0,0,0,0
2021A00055901804,8,76,36.0165,0,0,0,0,0,0,0,0,0,0,0,0,0,0,0,0,0,0,0,0,0,0
2021A00055901805,0,0,0.6179,0,0,0,0,0,0,0,0,0,0,0,0,0,0,0,0,0,0,0,0,0,0
2021A00055901806,15,583,11.1407,0,0,0,0,1,2,0,0,0,0,0,0,0,0,1,2,1,2,2,67,2,67
2021A00055901808,7,899,1.3567,0,0,0,0,0,0,0,0,0,0,0,0,0,0,0,0,0,0,0,0,0,0
2021A00055903004,277,3626,8.4055,0,0,2,59,0,0,0,0,0,0,0,0,0,0,1,34,2,36,18,162,18,162
2021A00055903010,74,681,1689.1173,0,0,1,1,1,1,0,0,0,0,0,0,0,0,2,116,3,117,11,128,11,128
2021A00055903011,61,819,2.4442,0,0,2,4,0,0,0,0,0,0,0,0,0,0,2,83,2,83,6,89,6,89
2021A00055903013,135,877,1615.0993,0,0,1,5,1,5,0,0,0,0,0,0,0,0,3,85,6,104,28,199,28,199
2021A00055903015,693,10672,11.9338,1,12,8,53,4,25,0,0,0,0,1,7,0,0,1,3,4,28,29,142,30,149
2021A00055903017,39,321,740.2522,0,0,1,3,1,3,1,3,0,0,1,3,0,0,0,0,0,0,12,67,12,67
2021A00055903019,14,94,0.7757,0,0,0,0,0,0,0,0,0,0,0,0,0,0,0,0,0,0,1,1,1,1
2021A00055903023,84,784,3.0079,0,0,3,25,2,12,0,0,0,0,0,0,0,0,0,0,1,5,7,53,7,53
2021A00055903027,23,105,0.3541,0,0,0,0,0,0,0,0,0,0,0,0,0,0,0,0,1,7,1,7,1,7
2021A00055903032,34,446,0.8702,0,0,0,0,0,0,0,0,0,0,0,0,0,0,0,0,0,0,0,0,0,0
2021A00055903039,22,294,5781.1125,0,0,0,0,0,0,0,0,0,0,0,0,0,0,1,6,1,6,4,10,4,10
2021A00055903041,101,791,807.9861,1,3,2,4,2,4,0,0,0,0,0,0,0,0,0,0,0,0,8,51,8,51
2021A00055903043,90,574,404.3806,0,0,0,0,0,0,0,0,0,0,0,0,0,0,0,0,0,0,1,5,1,5
2021A00055903045,322,5361,19.8709,0,0,2,5,3,6,1,3,0,0,1,3,0,0,1,57,1,57,8,159,8,159
2021A00055903047,12,96,1509.144,0,0,0,0,0,0,0,0,0,0,0,0,0,0,1,3,1,3,2,4,2,4
2021A00055903050,149,2619,8.0376,0,0,0,0,1,12,0,0,0,0,0,0,0,0,1,12,3,62,6,66,6,66
2021A00055903052,135,1140,3288.2027,0,0,1,3,2,12,0,0,0,0,2,5,1,9,3,86,4,91,17,129,18,132
2021A00055903056,56,723,109.4822,0,0,0,0,0,0,0,0,0,0,0,0,0,0,1,263,3,267,5,269,5,269
2021A00055903058,58,1232,1693.0669,1,3,0,0,2,6,1,3,0,0,1,3,0,0,0,0,1,1,3,67,4,70
2021A00055903060,23,193,4377.0096,0,0,0,0,0,0,0,0,0,0,0,0,0,0,0,0,0,0,3,4,3,4
2021A00055903807,2,110,7.5454,0,0,0,0,0,0,0,0,0,0,0,0,0,0,0,0,0,0,0,0,0,0
2021A00055905005,49,583,2.7019,0,0,0,0,0,0,0,0,0,0,0,0,0,0,0,0,0,0,1,62,1,62
2021A00055905009,16,116,1.4616,0,0,0,0,0,0,0,0,0,0,0,0,0,0,0,0,0,0,1,9,1,9
2021A00055905014,351,6353,34.9039,1,3,4,24,1,6,1,6,0,0,3,529,0,0,0,0,0,0,10,580,10,580
2021A00055905018,24,284,1.8863,0,0,0,0,0,0,0,0,0,0,0,0,0,0,0,0,0,0,0,0,0,0
2021A00055905023,177,2400,59.7186,0,0,2,12,1,6,1,6,0,0,1,6,0,0,1,3,1,3,7,30,7,30
2021A00055905026,34,406,238.1809,0,0,0,0,0,0,0,0,0,0,0,0,0,0,1,3,1,3,2,6,2,6
2021A00055905030,36,488,776.3125,0,0,1,3,1,3,0,0,0,0,1,3,0,0,0,0,0,0,2,20,3,23
2021A00055905032,188,3519,10.3741,2,34,3,69,4,104,0,0,0,0,3,146,0,0,3,103,3,103,10,221,12,291
2021A00055905037,25,475,12.2311,0,0,0,0,0,0,0,0,0,0,0,0,0,0,1,57,1,57,2,60,2,60
2021A00055905042,20,204,2.419,0,0,0,0,0,0,0,0,0,0,0,0,0,0,0,0,1,2,1,2,1,2
2021A00055905050,70,422,529.5747,1,3,3,17,1,11,1,11,0,0,1,11,0,0,0,0,0,0,8,26,8,26
2021A00055905052,83,632,2117.8515,0,0,0,0,1,1,0,0,0,0,0,0,0,0,1,1,1,1,10,45,10,45
2021A00055905054,77,587,4293.1423,0,0,0,0,1,5,0,0,0,0,0,0,0,0,1,5,2,10,13,28,13,28
2021A00055907005,245,3667,8.4088,1,1,1,3,1,1,0,0,0,0,0,0,0,0,1,1,2,3,32,126,32,126
2021A00055907009,62,614,2.093,0,0,0,0,0,0,0,0,0,0,0,0,0,0,0,0,0,0,10,62,10,62
2021A00055907014,230,3451,5.4899,1,12,3,21,2,15,1,3,0,0,1,3,0,0,0,0,0,0,31,223,31,223
2021A00055907022,107,605,258.0377,1,2,1,2,1,2,0,0,0,0,0,0,0,0,0,0,0,0,34,140,34,140
2021A00055907024,103,1635,59.2806,0,0,0,0,0,0,0,0,0,0,0,0,0,0,0,0,1,34,8,47,8,47
2021A00055907026,79,992,238.7832,1,32,1,32,0,0,0,0,0,0,0,0,0,0,0,0,1,5,37,280,37,280
2021A00055907028,199,2622,444.7466,1,3,2,6,2,6,1,3,0,0,1,3,0,0,0,0,1,3,70,392,70,392
2021A00055907035,500,4342,74.0408,6,18,8,64,8,89,1,3,0,0,4,46,0,0,0,0,1,3,71,453,74,498
2021A00055907041,1622,23385,43.0259,10,187,16,200,12,247,1,3,0,0,6,56,2,111,1,294,6,341,94,1235,98,1283
2021A00055907047,136,1207,583.9268,2,75,4,90,3,18,0,0,0,0,0,0,0,0,0,0,2,16,26,139,26,139
2021A00055907048,67,417,344.3611,0,0,0,0,0,0,0,0,0,0,0,0,0,0,0,0,0,0,6,14,6,14
2021A00055907049,90,726,491.9045,0,0,1,28,0,0,0,0,0,0,0,0,0,0,0,0,0,0,21,113,21,113
2021A00055907051,62,330,568.8617,0,0,0,0,0,0,0,0,0,0,0,0,0,0,0,0,0,0,4,16,4,16
2021A00055907053,64,520,2110.6768,0,0,0,0,0,0,0,0,0,0,0,0,0,0,0,0,0,0,24,113,24,113
2021A00055907055,37,521,4757.2169,0,0,0,0,0,0,0,0,0,0,0,0,0,0,1,113,2,123,4,128,4,128
2021A00055907801,0,0,12.9762,0,0,0,0,0,0,0,0,0,0,0,0,0,0,0,0,0,0,0,0,0,0
2021A00055907802,19,261,130.3378,0,0,0,0,0,0,0,0,0,0,0,0,0,0,0,0,1,2,2,3,2,3
2021A00055907803,25,418,194.5453,0,0,2,9,2,16,0,0,0,0,1,15,0,0,2,19,2,19,4,28,5,43
2021A00055907805,0,0,16.9791,0,0,0,0,0,0,0,0,0,0,0,0,0,0,0,0,0,0,0,0,0,0
2021A00055907806,0,0,1.5793,0,0,0,0,0,0,0,0,0,0,0,0,0,0,0,0,0,0,0,0,0,0
2021A00055907807,3,41,21.3765,0,0,0,0,0,0,0,0,0,0,0,0,0,0,0,0,0,0,1,2,1,2
2021A00055907808,0,0,1.8797,0,0,0,0,0,0,0,0,0,0,0,0,0,0,0,0,0,0,0,0,0,0
2021A00055907809,0,0,35.9074,0,0,0,0,0,0,0,0,0,0,0,0,0,0,0,0,0,0,0,0,0,0
2021A00055907850,0,0,0.2051,0,0,0,0,0,0,0,0,0,0,0,0,0,0,0,0,0,0,0,0,0,0
2021A00055909009,202,3472,40.8706,0,0,3,18,0,0,0,0,0,0,1,2,0,0,0,0,1,1,9,86,9,86
2021A00055909014,18,126,2325.0643,0,0,0,0,0,0,0,0,0,0,0,0,0,0,0,0,0,0,0,0,0,0
2021A00055909016,14,90,3085.2173,0,0,0,0,0,0,0,0,0,0,0,0,0,0,0,0,1,1,3,11,3,11
2021A00055909020,3137,43569,261.3431,15,296,38,649,35,525,2,14,0,0,10,136,2,30,10,342,26,605,329,3368,334,3646
2021A00055909027,57,822,5.485,0,0,0,0,0,0,0,0,0,0,0,0,0,0,0,0,0,0,1,1,1,1
2021A00055909032,214,2780,168.5891,1,59,2,74,4,81,0,0,0,0,2,5,1,4,2,41,2,41,35,242,37,260
2021A00055909034,56,508,219.3788,0,0,0,0,0,0,0,0,0,0,0,0,0,0,1,3,1,3,3,10,3,10
2021A00055909035,103,1907,109.0123,0,0,0,0,0,0,0,0,0,0,1,3,0,0,1,13,1,13,9,41,9,41
2021A00055909036,32,272,640.2882,0,0,0,0,0,0,0,0,0,0,0,0,0,0,0,0,0,0,1,5,1,5
2021A00055909048,20,188,3662.7339,0,0,0,0,0,0,0,0,0,0,0,0,0,0,0,0,0,0,0,0,0,0
2021A00055909052,6352,83757,375.3312,20,331,55,1076,62,1229,9,30,0,0,33,859,5,109,26,390,50,1149,608,7222,627,8108
2021A00055909056,1005,12222,226.9838,4,132,14,177,13,192,5,38,0,0,7,55,0,0,7,40,14,74,56,503,57,506
2021A00055909060,56,344,2015.0612,0,0,0,0,0,0,0,0,0,0,0,0,0,0,0,0,0,0,13,29,13,29
2021A00055909062,72,743,96.8102,1,3,0,0,1,3,1,3,0,0,0,0,0,0,0,0,0,0,37,185,37,185
2021A00055909804,0,0,5.4369,0,0,0,0,0,0,0,0,0,0,0,0,0,0,0,0,0,0,0,0,0,0
2021A00055909805,0,0,2.0191,0,0,0,0,0,0,0,0,0,0,0,0,0,0,0,0,0,0,0,0,0,0
2021A00055909806,0,0,1.4834,0,0,0,0,0,0,0,0,0,0,0,0,0,0,0,0,0,0,0,0,0,0
2021A00055909807,0,0,1.7282,0,0,0,0,0,0,0,0,0,0,0,0,0,0,0,0,0,0,0,0,0,0
2021A00055909808,2,10,2.371,0,0,0,0,0,0,0,0,0,0,0,0,0,0,0,0,0,0,0,0,0,0
2021A00055909809,0,0,0.3722,0,0,0,0,0,0,0,0,0,0,0,0,0,0,0,0,0,0,0,0,0,0
2021A00055909810,0,0,0.6501,0,0,0,0,0,0,0,0,0,0,0,0,0,0,0,0,0,0,0,0,0,0
2021A00055909812,0,0,0.8834,0,0,0,0,0,0,0,0,0,0,0,0,0,0,0,0,0,0,0,0,0,0
2021A00055909814,0,0,0.4998,0,0,0,0,0,0,0,0,0,0,0,0,0,0,0,0,0,0,0,0,0,0
2021A00055909815,1,7,1.6665,0,0,0,0,0,0,0,0,0,0,0,0,0,0,0,0,0,0,0,0,0,0
2021A00055909816,1,7,1.3358,0,0,0,0,0,0,0,0,0,0,0,0,0,0,0,0,0,0,0,0,0,0
2021A00055909817,2,38,0.3975,0,0,0,0,0,0,0,0,0,0,0,0,0,0,0,0,0,0,0,0,0,0
2021A00055909818,0,0,0.1006,0,0,0,0,0,0,0,0,0,0,0,0,0,0,0,0,0,0,0,0,0,0
2021A00055909819,0,0,0.2161,0,0,0,0,0,0,0,0,0,0,0,0,0,0,0,0,0,0,0,0,0,0
2021A00055909821,1,7,0.7164,0,0,0,0,0,0,0,0,0,0,0,0,0,0,0,0,0,0,0,0,0,0
2021A00055909824,0,0,1.1607,0,0,0,0,0,0,0,0,0,0,0,0,0,0,0,0,0,0,0,0,0,0
2021A00055909825,0,0,1.3548,0,0,0,0,0,0,0,0,0,0,0,0,0,0,0,0,0,0,0,0,0,0
2021A00055909826,1,35,2.5866,0,0,0,0,0,0,0,0,0,0,0,0,0,0,0,0,0,0,0,0,0,0
2021A00055909827,0,0,4.5657,0,0,0,0,0,0,0,0,0,0,0,0,0,0,0,0,0,0,0,0,0,0
2021A00055909830,51,759,2.6434,0,0,0,0,0,0,0,0,0,0,0,0,0,0,1,13,1,13,3,17,3,17
2021A00055909831,1,7,0.2074,0,0,0,0,0,0,0,0,0,0,0,0,0,0,0,0,0,0,0,0,0,0
2021A00055909832,0,0,16.6077,0,0,0,0,0,0,0,0,0,0,0,0,0,0,0,0,0,0,0,0,0,0
2021A00055909833,0,0,0.8664,0,0,0,0,0,0,0,0,0,0,0,0,0,0,0,0,0,0,0,0,0,0
2021A00055909834,0,0,1.0395,0,0,0,0,0,0,0,0,0,0,0,0,0,0,0,0,0,0,0,0,0,0
2021A00055909835,0,0,0.2088,0,0,0,0,0,0,0,0,0,0,0,0,0,0,0,0,0,0,0,0,0,0
2021A00055909836,0,0,0.3978,0,0,0,0,0,0,0,0,0,0,0,0,0,0,0,0,0,0,0,0,0,0
2021A00055909837,2,90,3.4982,0,0,0,0,0,0,0,0,0,0,0,0,0,0,0,0,0,0,0,0,0,0
2021A00055909838,0,0,0.9632,0,0,0,0,0,0,0,0,0,0,0,0,0,0,0,0,0,0,0,0,0,0
2021A00055909839,2,153,8.4971,0,0,0,0,0,0,0,0,0,0,0,0,0,0,0,0,0,0,0,0,0,0
2021A00055909841,0,0,0.511,0,0,0,0,0,0,0,0,0,0,0,0,0,0,0,0,0,0,0,0,0,0
2021A00055909842,0,0,3.8068,0,0,0,0,0,0,0,0,0,0,0,0,0,0,0,0,0,0,0,0,0,0
2021A00055909843,0,0,1.1475,0,0,0,0,0,0,0,0,0,0,0,0,0,0,0,0,0,0,0,0,0,0
2021A00055909844,0,0,1.4458,0,0,0,0,0,0,0,0,0,0,0,0,0,0,0,0,0,0,0,0,0,0
2021A00055909845,0,0,2.1601,0,0,0,0,0,0,0,0,0,0,0,0,0,0,0,0,0,0,0,0,0,0
2021A00055909847,0,0,0.3806,0,0,0,0,0,0,0,0,0,0,0,0,0,0,0,0,0,0,0,0,0,0
2021A00055909848,0,0,0.0034,0,0,0,0,0,0,0,0,0,0,0,0,0,0,0,0,0,0,0,0,0,0
2021A00055909850,0,0,0.8594,0,0,0,0,0,0,0,0,0,0,0,0,0,0,0,0,0,0,0,0,0,0
2021A00055909851,1,7,0.1792,0,0,0,0,0,0,0,0,0,0,0,0,0,0,0,0,0,0,0,0,0,0
2021A00055909852,0,0,0.2459,0,0,0,0,0,0,0,0,0,0,0,0,0,0,0,0,0,0,0,0,0,0
2021A00055909856,0,0,0.4799,0,0,0,0,0,0,0,0,0,0,0,0,0,0,0,0,0,0,0,0,0,0
2021A00055909875,0,0,0.3086,0,0,0,0,0,0,0,0,0,0,0,0,0,0,0,0,0,0,0,0,0,0
2021A00055909876,0,0,0.8186,0,0,0,0,0,0,0,0,0,0,0,0,0,0,0,0,0,0,0,0,0,0
2021A00055909877,11,177,2.564,0,0,0,0,0,0,0,0,0,0,0,0,0,0,0,0,0,0,2,5,2,5
2021A00055909878,0,0,1.3578,0,0,0,0,0,0,0,0,0,0,0,0,0,0,0,0,0,0,0,0,0,0
2021A00055909879,0,0,1.3058,0,0,0,0,0,0,0,0,0,0,0,0,0,0,0,0,0,0,0,0,0,0
2021A00055909880,11,133,0.4049,0,0,0,0,0,0,0,0,0,0,0,0,0,0,0,0,0,0,2,34,2,34
2021A00055909881,2,38,0.7203,0,0,0,0,0,0,0,0,0,0,0,0,0,0,0,0,0,0,0,0,0,0
2021A00055909882,1,35,1.5822,0,0,0,0,0,0,0,0,0,0,0,0,0,0,0,0,0,0,0,0,0,0
2021A00055909883,0,0,0.3545,0,0,0,0,0,0,0,0,0,0,0,0,0,0,0,0,0,0,0,0,0,0
2021A00055909884,6,90,0.7156,0,0,0,0,0,0,0,0,0,0,0,0,0,0,0,0,0,0,1,2,1,2
2021A00055909885,2,153,1.3487,0,0,0,0,0,0,0,0,0,0,0,0,0,0,0,0,0,0,0,0,0,0
2021A00055915001,5417,82348,307.2193,32,972,82,1789,84,1366,14,220,0,0,48,822,5,141,20,368,33,613,383,5620,404,5943
2021A00055915002,1062,16373,10.1796,7,50,14,165,13,214,0,0,0,0,5,98,2,61,4,26,9,45,56,549,61,647
2021A00055915004,19943,230393,316.1071,89,1647,204,3208,197,4096,23,287,0,0,112,1674,17,598,59,1005,164,2543,798,9524,867,11686
2021A00055915007,634,6721,5.1736,3,30,5,35,2,27,0,0,0,0,0,0,0,0,1,3,2,18,15,68,15,68
2021A00055915011,4176,69248,179.6628,30,774,63,1643,58,1771,8,257,0,0,32,724,4,77,11,521,22,729,264,6315,280,6826
2021A00055915015,9526,142335,128.8718,38,1505,99,2699,66,1690,10,188,0,0,42,700,3,43,15,485,55,1174,444,7793,455,8369
2021A00055915020,342,7096,815.2061,2,84,4,89,2,5,0,0,0,0,3,12,0,0,0,0,0,0,12,160,12,160
2021A00055915022,32572,556446,115.1756,56,666,188,2009,96,885,10,44,0,0,87,600,4,15,23,282,58,545,754,6776,772,7016
2021A00055915025,8962,165618,90.5678,36,1154,123,2866,67,838,5,23,0,0,60,1251,3,15,9,185,34,503,335,5865,359,6276
2021A00055915029,2051,33314,15.6194,1,1,16,505,13,68,0,0,0,0,4,35,0,0,6,29,9,57,58,964,62,1000
2021A00055915034,4265,56617,122.1535,21,187,45,706,31,470,5,79,0,0,15,352,2,12,4,21,15,87,133,1553,141,1827
2021A00055915036,21,99,5.5027,0,0,0,0,0,0,0,0,0,0,0,0,0,0,0,0,0,0,0,0,0,0
2021A00055915038,105,1070,27.5283,0,0,1,3,2,10,1,3,0,0,3,12,0,0,0,0,1,3,3,8,4,15
2021A00055915039,2081,33234,29.164,15,196,46,780,37,1036,5,97,0,0,19,472,4,36,7,60,12,178,113,1748,122,2116
2021A00055915043,1053,11472,25.8503,1,2,7,126,4,45,1,26,0,0,4,48,0,0,1,3,2,6,21,161,23,179
2021A00055915046,3473,36338,160.6647,8,137,25,286,21,280,3,25,0,0,12,378,1,5,5,31,19,166,94,1013,97,1046
2021A00055915051,2592,35165,11.8298,6,34,21,215,7,26,1,11,0,0,8,82,1,2,0,0,5,25,72,477,72,477
2021A00055915055,2097,19068,87.18,1,3,9,19,5,8,0,0,0,0,2,3,0,0,3,7,7,43,33,110,33,110
2021A00055915062,204,1516,50.1235,0,0,2,8,1,1,0,0,0,0,1,7,0,0,0,0,0,0,9,21,9,21
2021A00055915065,49,347,2.532,0,0,0,0,0,0,0,0,0,0,0,0,0,0,0,0,0,0,0,0,0,0
2021A00055915070,585,7902,86.3411,2,23,7,59,4,41,0,0,0,0,1,2,0,0,3,123,7,289,59,915,60,930
2021A00055915075,2420,29453,267.8161,10,100,32,399,33,434,8,116,0,0,15,249,2,16,10,109,25,235,128,1385,134,1524
2021A00055915801,12,96,1.3222,0,0,0,0,0,0,0,0,0,0,0,0,0,0,0,0,0,0,0,0,0,0
2021A00055915802,176,3871,6.5719,0,0,0,0,0,0,0,0,0,0,0,0,0,0,0,0,0,0,2,3,2,3
2021A00055915803,43,731,1.8398,0,0,1,2,0,0,0,0,0,0,1,2,0,0,0,0,0,0,1,2,1,2
2021A00055915804,1,15,0.8096,0,0,0,0,0,0,0,0,0,0,0,0,0,0,0,0,0,0,0,0,0,0
2021A00055915805,0,0,0.031,0,0,0,0,0,0,0,0,0,0,0,0,0,0,0,0,0,0,0,0,0,0
2021A00055915806,52,527,1.1176,0,0,0,0,0,0,0,0,0,0,1,3,0,0,0,0,0,0,2,4,2,4
2021A00055915807,17,171,0.2767,1,5,0,0,1,5,0,0,0,0,0,0,0,0,0,0,0,0,2,6,2,6
2021A00055915808,218,5114,1.7163,0,0,1,2,2,5,0,0,0,0,0,0,0,0,0,0,0,0,3,7,3,7
2021A00055915809,0,0,0.5841,0,0,0,0,0,0,0,0,0,0,0,0,0,0,0,0,0,0,0,0,0,0
2021A00055915810,0,0,0.5331,0,0,0,0,0,0,0,0,0,0,0,0,0,0,0,0,0,0,0,0,0,0
2021A00055915811,30,534,0.4861,0,0,1,6,1,6,1,6,0,0,1,6,0,0,0,0,0,0,4,55,4,55
2021A00055915813,0,0,0.3074,0,0,0,0,0,0,0,0,0,0,0,0,0,0,0,0,0,0,0,0,0,0
2021A00055915816,0,0,1.7796,0,0,0,0,0,0,0,0,0,0,0,0,0,0,0,0,0,0,0,0,0,0
2021A00055915825,0,0,0.2756,0,0,0,0,0,0,0,0,0,0,0,0,0,0,0,0,0,0,0,0,0,0
2021A00055915830,4,168,0.4241,0,0,0,0,0,0,0,0,0,0,0,0,0,0,0,0,0,0,0,0,0,0
2021A00055915840,0,0,0.3862,0,0,0,0,0,0,0,0,0,0,0,0,0,0,0,0,0,0,0,0,0,0
2021A00055917005,402,4353,37.1604,1,7,6,326,3,33,1,11,0,0,3,28,0,0,0,0,1,7,26,387,27,402
2021A00055917010,533,7238,5.1052,5,74,13,214,8,90,1,3,0,0,4,56,0,0,2,6,3,13,32,430,34,468
2021A00055917015,722,12134,41.2047,4,357,11,440,8,253,3,20,0,0,7,76,0,0,4,48,8,236,61,847,62,882
2021A00055917021,3475,48093,103.5861,10,80,22,147,12,67,3,17,0,0,6,38,0,0,1,1,9,87,98,476,99,479
2021A00055917027,517,5155,182.9422,1,3,5,15,4,8,1,3,0,0,3,12,0,0,0,0,1,3,42,164,42,164
2021A00055917029,204,1851,191.0754,1,1,1,4,0,0,0,0,0,0,0,0,0,0,0,0,1,7,9,28,9,28
2021A00055917030,669,5536,10.5199,2,4,2,3,0,0,0,0,0,0,0,0,0,0,0,0,2,6,11,32,11,32
2021A00055917034,4726,80107,19.4539,10,85,40,420,22,142,3,22,0,0,18,182,1,5,4,30,13,105,135,1043,142,1124
2021A00055917040,341,5111,7.0792,1,3,6,123,1,75,0,0,0,0,2,13,0,0,0,0,0,0,18,92,19,167
2021A00055917041,394,5207,17.6604,0,0,1,3,1,3,1,3,0,0,1,3,0,0,0,0,0,0,5,59,5,59
2021A00055917042,206,1666,69.5677,0,0,3,14,3,14,2,9,0,0,2,9,0,0,1,6,1,6,11,30,11,30
2021A00055917044,1218,20316,41.4315,4,67,14,128,9,82,2,9,0,0,4,14,0,0,1,2,5,66,41,352,41,352
2021A00055917047,289,5009,14.3326,0,0,1,40,3,40,0,0,0,0,2,47,0,0,0,0,0,0,6,78,7,85
2021A00055917049,83,565,38.0106,0,0,0,0,0,0,0,0,0,0,0,0,0,0,1,7,1,7,1,7,1,7
2021A00055917052,361,3245,56.5959,0,0,2,19,0,0,0,0,0,0,1,1,0,0,0,0,0,0,16,61,16,61
2021A00055917054,120,848,221.4759,0,0,2,6,1,3,1,3,0,0,3,7,0,0,0,0,1,1,8,17,8,17
2021A00055917056,5,15,1267.7202,0,0,0,0,0,0,0,0,0,0,0,0,0,0,0,0,0,0,0,0,0,0
2021A00055917801,3,81,2.8179,0,0,0,0,0,0,0,0,0,0,0,0,0,0,0,0,0,0,0,0,0,0
2021A00055917802,0,0,0.2894,0,0,0,0,0,0,0,0,0,0,0,0,0,0,0,0,0,0,0,0,0,0
2021A00055917803,14,114,2.6038,0,0,0,0,0,0,0,0,0,0,0,0,0,0,0,0,0,0,0,0,0,0
2021A00055917804,14,277,2.0887,0,0,1,3,1,3,1,3,0,0,1,3,0,0,0,0,0,0,1,3,1,3
2021A00055917805,0,0,0.2418,0,0,0,0,0,0,0,0,0,0,0,0,0,0,0,0,0,0,0,0,0,0
2021A00055917809,4,44,2.6356,0,0,0,0,0,0,0,0,0,0,0,0,0,0,0,0,0,0,0,0,0,0
2021A00055917811,10,258,0.2165,0,0,0,0,0,0,0,0,0,0,0,0,0,0,0,0,0,0,0,0,0,0
2021A00055917812,14,202,0.71,0,0,0,0,0,0,0,0,0,0,0,0,0,0,0,0,0,0,1,6,1,6
2021A00055917815,5,87,0.9504,0,0,0,0,0,0,0,0,0,0,0,0,0,0,0,0,0,0,0,0,0,0
2021A00055917819,1,3,0.7472,0,0,0,0,0,0,0,0,0,0,0,0,0,0,0,0,0,0,0,0,0,0
2021A00055919008,869,13348,195.4118,8,25,9,132,14,208,1,109,0,0,7,198,0,0,10,225,19,259,64,768,68,852
2021A00055919012,452,5619,2.0646,0,0,1,7,1,35,0,0,0,0,1,35,0,0,0,0,1,16,10,48,11,83
2021A00055919013,115,1273,15.5296,0,0,2,15,0,0,0,0,0,0,0,0,0,0,1,57,1,57,8,93,8,93
2021A00055919015,55,301,286.9032,0,0,0,0,0,0,0,0,0,0,0,0,0,0,0,0,0,0,1,10,1,10
2021A00055919016,99,1089,8.2412,0,0,0,0,0,0,0,0,0,0,0,0,0,0,1,12,2,17,6,35,6,35
2021A00055919017,91,1056,83.0168,0,0,1,7,0,0,0,0,0,0,0,0,0,0,1,27,1,27,12,66,12,66
2021A00055919021,205,3066,12.0423,0,0,1,3,2,5,1,3,0,0,1,3,0,0,3,291,4,298,8,305,8,305
2021A00055919033,22,166,1791.8779,0,0,0,0,0,0,0,0,0,0,0,0,0,0,0,0,0,0,0,0,0,0
2021A00055919035,12,76,505.5063,0,0,1,6,1,6,1,6,0,0,1,6,0,0,0,0,0,0,1,6,1,6
2021A00055919043,191,2079,49.2065,1,1,0,0,0,0,0,0,0,0,1,3,0,0,1,3,2,6,18,38,18,38
2021A00055919046,258,2608,306.078,1,9,2,3,2,3,0,0,0,0,0,0,0,0,0,0,5,28,23,90,23,90
2021A00055919049,196,1936,22.5668,1,3,3,24,5,41,1,11,0,0,1,11,0,0,4,124,9,168,26,250,26,250
2021A00055919051,241,3227,134.7764,1,3,2,112,2,150,1,109,0,0,3,135,1,41,3,29,4,64,39,408,39,408
2021A00055919801,12,88,1.1994,0,0,0,0,0,0,0,0,0,0,0,0,0,0,0,0,0,0,3,31,3,31
2021A00055919802,0,0,0.3291,0,0,0,0,0,0,0,0,0,0,0,0,0,0,0,0,0,0,0,0,0,0
2021A00055919803,0,0,0.1257,0,0,0,0,0,0,0,0,0,0,0,0,0,0,0,0,0,0,0,0,0,0
2021A00055919804,1,35,11.7156,0,0,0,0,0,0,0,0,0,0,0,0,0,0,0,0,0,0,0,0,0,0
2021A00055919808,0,0,0.2179,0,0,0,0,0,0,0,0,0,0,0,0,0,0,0,0,0,0,0,0,0,0
2021A00055919809,0,0,9.1202,0,0,0,0,0,0,0,0,0,0,0,0,0,0,0,0,0,0,0,0,0,0
2021A00055919811,0,0,0.4011,0,0,0,0,0,0,0,0,0,0,0,0,0,0,0,0,0,0,0,0,0,0
2021A00055919812,7,37,0.4253,0,0,0,0,0,0,0,0,0,0,0,0,0,0,1,6,1,6,1,6,1,6
2021A00055919813,0,0,7.5658,0,0,0,0,0,0,0,0,0,0,0,0,0,0,0,0,0,0,0,0,0,0
2021A00055919814,0,0,0.5704,0,0,0,0,0,0,0,0,0,0,0,0,0,0,0,0,0,0,0,0,0,0
2021A00055919815,1,75,2.4529,0,0,0,0,0,0,0,0,0,0,0,0,0,0,0,0,0,0,0,0,0,0
2021A00055919816,12,447,1.2282,0,0,0,0,0,0,0,0,0,0,0,0,0,0,0,0,0,0,1,2,1,2
2021A00055919817,0,0,0.0195,0,0,0,0,0,0,0,0,0,0,0,0,0,0,0,0,0,0,0,0,0,0
2021A00055919818,0,0,0.3388,0,0,0,0,0,0,0,0,0,0,0,0,0,0,0,0,0,0,0,0,0,0
2021A00055919820,0,0,0.3247,0,0,0,0,0,0,0,0,0,0,0,0,0,0,0,0,0,0,0,0,0,0
2021A00055919821,0,0,0.0745,0,0,0,0,0,0,0,0,0,0,0,0,0,0,0,0,0,0,0,0,0,0
2021A00055919822,68,2341,23.1509,0,0,1,2,0,0,0,0,0,0,0,0,0,0,1,13,1,13,7,53,7,53
2021A00055921007,3266,49220,90.4488,7,25,19,112,17,145,0,0,0,0,13,186,1,3,4,156,17,391,88,954,97,1076
2021A00055921008,188,1591,27.6768,1,2,1,2,2,2,0,0,0,0,0,0,0,0,3,15,4,25,10,40,10,40
2021A00055921010,263,3652,60.1814,1,111,3,37,5,51,0,0,0,0,2,10,0,0,0,0,2,6,24,223,26,265
2021A00055921014,108,784,58.0159,0,0,0,0,0,0,0,0,0,0,0,0,0,0,0,0,0,0,3,12,3,12
2021A00055921016,154,1346,1097.7703,0,0,1,11,2,18,1,11,0,0,2,12,0,0,0,0,1,22,10,63,10,63
2021A00055921018,494,7791,14.5205,0,0,3,52,3,33,1,26,0,0,1,26,0,0,3,20,5,30,13,119,13,119
2021A00055921023,318,2725,17.9785,0,0,1,1,1,1,0,0,0,0,0,0,0,0,0,0,0,0,9,37,9,37
2021A00055921030,190,1222,74.8329,0,0,3,16,2,3,0,0,0,0,0,0,0,0,0,0,0,0,14,46,14,46
2021A00055921032,331,3302,264.109,4,22,6,29,5,25,1,3,0,0,2,4,2,5,2,91,7,98,45,386,46,389
2021A00055921034,181,1103,49.3111,0,0,1,1,2,2,0,0,0,0,0,0,0,0,1,1,2,16,13,56,13,56
2021A00055921036,114,650,277.1381,0,0,1,1,1,1,0,0,0,0,0,0,0,0,1,3,1,3,10,57,10,57
2021A00055921804,7,276,0.2019,0,0,0,0,0,0,0,0,0,0,0,0,0,0,0,0,1,2,1,2,1,2
2021A00055921805,1,35,0.7052,0,0,0,0,0,0,0,0,0,0,0,0,0,0,0,0,0,0,0,0,0,0
2021A00055921806,2,42,0.7434,0,0,0,0,0,0,0,0,0,0,0,0,0,0,0,0,0,0,0,0,0,0
2021A00055921807,2,6,2.2927,0,0,0,0,0,0,0,0,0,0,0,0,0,0,0,0,0,0,0,0,0,0
2021A00055923008,563,9927,19.657,2,31,8,91,4,64,0,0,0,0,1,1,0,0,4,222,4,222,28,675,28,675
2021A00055923019,150,1915,6.4798,0,0,1,13,0,0,0,0,0,0,0,0,0,0,0,0,0,0,5,100,5,100
2021A00055923025,191,3381,10.557,0,0,2,15,0,0,0,0,0,0,0,0,0,0,0,0,1,1,10,140,10,140
2021A00055923033,15,85,92.2182,0,0,0,0,0,0,0,0,0,0,0,0,0,0,0,0,0,0,5,18,5,18
2021A00055923035,66,482,1398.8909,1,2,1,2,1,1,0,0,0,0,0,0,0,0,1,1,1,1,6,20,6,20
2021A00055923037,67,361,21.9129,0,0,1,2,1,2,0,0,0,0,0,0,0,0,1,3,3,7,4,9,4,9
2021A00055923039,57,519,186.53,0,0,0,0,0,0,0,0,0,0,0,0,0,0,1,3,2,4,4,6,4,6
2021A00055923047,2,150,1619.7727,0,0,0,0,0,0,0,0,0,0,0,0,0,0,0,0,0,0,0,0,0,0
2021A00055923049,38,382,3199.2695,0,0,0,0,1,2,0,0,0,0,0,0,0,0,1,3,2,4,5,8,5,8
2021A00055923801,1,35,0.4076,0,0,0,0,0,0,0,0,0,0,0,0,0,0,0,0,0,0,0,0,0,0
2021A00055923802,0,0,0.546,0,0,0,0,0,0,0,0,0,0,0,0,0,0,0,0,0,0,0,0,0,0
2021A00055923803,12,224,0.9276,0,0,0,0,0,0,0,0,0,0,0,0,0,0,0,0,0,0,1,15,1,15
2021A00055923804,0,0,0.0971,0,0,0,0,0,0,0,0,0,0,0,0,0,0,0,0,0,0,0,0,0,0
2021A00055923805,0,0,2.2965,0,0,0,0,0,0,0,0,0,0,0,0,0,0,0,0,0,0,0,0,0,0
2021A00055923806,0,0,1.5514,0,0,0,0,0,0,0,0,0,0,0,0,0,0,0,0,0,0,0,0,0,0
2021A00055923807,6,102,0.6761,0,0,0,0,0,0,0,0,0,0,0,0,0,0,0,0,0,0,0,0,0,0
2021A00055923808,3,188,1.7966,0,0,0,0,0,0,0,0,0,0,0,0,0,0,0,0,0,0,0,0,0,0
2021A00055923809,0,0,6.6918,0,0,0,0,0,0,0,0,0,0,0,0,0,0,0,0,0,0,0,0,0,0
2021A00055923810,0,0,0.4317,0,0,0,0,0,0,0,0,0,0,0,0,0,0,0,0,0,0,0,0,0,0
2021A00055923813,0,0,0.7205,0,0,0,0,0,0,0,0,0,0,0,0,0,0,0,0,0,0,0,0,0,0
2021A00055923814,0,0,0.069,0,0,0,0,0,0,0,0,0,0,0,0,0,0,0,0,0,0,0,0,0,0
2021A00055923816,11,520,4.0102,0,0,0,0,0,0,0,0,0,0,0,0,0,0,0,0,0,0,0,0,0,0
2021A00055923822,0,0,1.1738,0,0,0,0,0,0,0,0,0,0,0,0,0,0,0,0,0,0,0,0,0,0
2021A00055923823,0,0,0.0961,0,0,0,0,0,0,0,0,0,0,0,0,0,0,0,0,0,0,0,0,0,0
2021A00055923824,0,0,0.1668,0,0,0,0,0,0,0,0,0,0,0,0,0,0,0,0,0,0,0,0,0,0
2021A00055923825,0,0,0.1383,0,0,0,0,0,0,0,0,0,0,0,0,0,0,0,0,0,0,0,0,0,0
2021A00055924025,38,940,10.9152,0,0,1,2,1,2,0,0,0,0,0,0,0,0,0,0,2,2,4,331,4,331
2021A00055924029,8,120,1.5488,0,0,0,0,0,0,0,0,0,0,0,0,0,0,0,0,0,0,0,0,0,0
2021A00055924030,9,203,5.2617,0,0,0,0,0,0,0,0,0,0,0,0,0,0,0,0,0,0,1,4,1,4
2021A00055924034,1355,20031,144.3782,1,15,7,67,5,79,3,44,0,0,7,54,1,20,0,0,13,61,63,1162,65,1178
2021A00055924039,22,222,4.4408,0,0,1,1,1,1,0,0,0,0,0,0,0,0,1,3,2,5,3,6,3,6
2021A00055924042,109,651,1584.0722,0,0,1,1,1,1,0,0,0,0,0,0,0,0,0,0,1,1,9,34,9,34
2021A00055924048,13,171,7111.0117,0,0,1,9,0,0,0,0,0,0,0,0,0,0,0,0,0,0,3,46,3,46
2021A00055924052,31,441,135.553,0,0,0,0,0,0,0,0,0,0,0,0,0,0,0,0,0,0,2,4,2,4
2021A00055924054,87,1091,9229.0323,1,12,1,12,1,12,0,0,0,0,0,0,0,0,2,5,3,11,11,113,11,113
2021A00055924803,0,0,0.1848,0,0,0,0,0,0,0,0,0,0,0,0,0,0,0,0,0,0,0,0,0,0
2021A00055924804,33,701,1.0156,0,0,0,0,0,0,0,0,0,0,0,0,0,0,0,0,0,0,2,16,2,16
2021A00055924805,0,0,0.2376,0,0,0,0,0,0,0,0,0,0,0,0,0,0,0,0,0,0,0,0,0,0
2021A00055924806,6,178,0.1354,0,0,0,0,0,0,0,0,0,0,0,0,0,0,0,0,0,0,1,10,1,10
2021A00055924812,16,220,1.4067,0,0,0,0,0,0,0,0,0,0,0,0,0,0,0,0,0,0,3,7,3,7
2021A00055924813,0,0,0.5478,0,0,0,0,0,0,0,0,0,0,0,0,0,0,0,0,0,0,0,0,0,0
2021A00055924814,0,0,0.8145,0,0,0,0,0,0,0,0,0,0,0,0,0,0,0,0,0,0,0,0,0,0
2021A00055924817,4,12,4.9423,0,0,0,0,0,0,0,0,0,0,0,0,0,0,0,0,0,0,1,2,1,2
2021A00055924818,0,0,0.1706,0,0,0,0,0,0,0,0,0,0,0,0,0,0,0,0,0,0,0,0,0,0
2021A00055924820,2,10,2.6262,0,0,0,0,0,0,0,0,0,0,0,0,0,0,0,0,0,0,1,3,1,3
2021A00055924833,0,0,0.1236,0,0,0,0,0,0,0,0,0,0,0,0,0,0,0,0,0,0,0,0,0,0
2021A00055924835,0,0,1.8301,0,0,0,0,0,0,0,0,0,0,0,0,0,0,0,0,0,0,0,0,0,0
2021A00055924836,0,0,0.2311,0,0,0,0,0,0,0,0,0,0,0,0,0,0,0,0,0,0,0,0,0,0
2021A00055924840,6,110,0.7768,0,0,0,0,0,0,0,0,0,0,0,0,0,0,0,0,0,0,0,0,0,0
2021A00055924843,0,0,2.401,0,0,0,0,0,0,0,0,0,0,0,0,0,0,0,0,0,0,0,0,0,0
2021A00055926005,424,3862,16.8686,0,0,4,25,1,3,0,0,0,0,0,0,0,0,0,0,1,1,15,77,16,80
2021A00055926010,1126,18632,32.4176,1,7,3,35,3,9,0,0,0,0,2,9,0,0,3,9,9,89,37,212,37,212
2021A00055926014,130,1780,29.0385,0,0,1,13,0,0,0,0,0,0,1,2,0,0,2,33,2,33,8,69,8,69
2021A00055926021,212,1854,491.3426,0,0,0,0,0,0,0,0,0,0,0,0,0,0,0,0,3,5,30,238,30,238
2021A00055926022,246,1762,54.0836,0,0,2,4,2,4,1,3,0,0,1,3,0,0,2,37,7,64,27,108,27,108
2021A00055926024,290,2110,1071.8604,1,3,2,4,4,8,0,0,0,0,0,0,0,0,3,10,9,33,43,166,43,166
2021A00055926801,2,18,0.5821,0,0,0,0,0,0,0,0,0,0,0,0,0,0,0,0,0,0,0,0,0,0
2021A00055926802,0,0,0.834,0,0,0,0,0,0,0,0,0,0,0,0,0,0,0,0,0,0,0,0,0,0
2021A00055927008,688,7489,28.905,0,0,3,20,2,7,0,0,0,0,0,0,0,0,1,12,9,43,35,160,35,160
2021A00055927010,17,159,3886.8915,0,0,0,0,0,0,0,0,0,0,0,0,0,0,0,0,0,0,0,0,0,0
2021A00055927012,3,49,128.6053,0,0,0,0,0,0,0,0,0,0,0,0,0,0,0,0,0,0,0,0,0,0
2021A00055927016,0,0,642.0461,0,0,0,0,0,0,0,0,0,0,0,0,0,0,0,0,0,0,0,0,0,0
2021A00055927018,26,166,299.7457,0,0,0,0,0,0,0,0,0,0,1,3,0,0,0,0,1,2,3,20,3,20
2021A00055927020,14,54,73.3176,0,0,0,0,0,0,0,0,0,0,0,0,0,0,0,0,0,0,2,6,2,6
2021A00055927802,17,302,8.1364,0,0,0,0,0,0,0,0,0,0,0,0,0,0,0,0,1,5,2,12,2,12
2021A00055927806,0,0,0.2426,0,0,0,0,0,0,0,0,0,0,0,0,0,0,0,0,0,0,0,0,0,0
2021A00055929005,281,3785,4.313,1,6,3,25,2,12,1,6,0,0,2,10,0,0,1,3,3,6,15,84,15,84
2021A00055929011,490,5378,39.018,0,0,2,8,0,0,0,0,0,0,0,0,0,0,1,3,2,5,16,62,16,62
2021A00055929018,109,1027,1898.0179,0,0,1,1,1,1,0,0,0,0,0,0,0,0,0,0,2,2,11,65,11,65
2021A00055929022,108,735,1269.4489,0,0,0,0,0,0,0,0,0,0,1,32,0,0,0,0,3,5,7,187,7,187
2021A00055929024,129,767,143.3591,0,0,1,1,2,4,0,0,0,0,0,0,0,0,0,0,2,8,15,35,15,35
2021A00055929026,94,586,21.6023,0,0,1,3,0,0,0,0,0,0,0,0,0,0,0,0,1,1,5,26,5,26
2021A00055929028,66,889,380.7496,0,0,2,16,1,3,1,3,0,0,1,3,0,0,0,0,1,7,5,86,5,86
2021A00055929801,0,0,0.1299,0,0,0,0,0,0,0,0,0,0,0,0,0,0,0,0,0,0,0,0,0,0
2021A00055929803,0,0,10.7924,0,0,0,0,0,0,0,0,0,0,0,0,0,0,0,0,0,0,0,0,0,0
2021A00055931006,723,10044,104.7075,4,20,11,111,6,68,2,57,0,0,3,60,0,0,1,30,8,78,33,226,33,226
2021A00055931012,284,2847,61.3552,0,0,3,14,0,0,0,0,0,0,0,0,0,0,1,3,2,4,15,56,15,56
2021A00055931017,34,649,5513.216,0,0,0,0,0,0,0,0,0,0,0,0,0,0,0,0,2,25,4,31,4,31
2021A00055931020,870,15351,239.9956,0,0,7,42,4,14,0,0,0,0,2,9,0,0,1,3,1,3,20,102,21,109
2021A00055931021,205,1715,3040.2017,0,0,0,0,1,3,0,0,0,0,1,2,0,0,0,0,0,0,3,7,4,10
2021A00055931026,129,2014,27.6331,0,0,1,6,0,0,0,0,0,0,1,3,0,0,1,3,1,3,8,27,8,27
2021A00055931032,13,91,3712.3797,0,0,0,0,0,0,0,0,0,0,0,0,0,0,0,0,1,1,1,1,1,1
2021A00055931034,0,0,3463.8807,0,0,0,0,0,0,0,0,0,0,0,0,0,0,0,0,0,0,0,0,0,0
2021A00055931801,76,532,18.8149,0,0,2,4,0,0,0,0,0,0,1,2,0,0,1,27,1,27,6,38,6,38
2021A00055931802,0,0,0.2408,0,0,0,0,0,0,0,0,0,0,0,0,0,0,0,0,0,0,0,0,0,0
2021A00055931806,6,98,0.0286,0,0,0,0,0,0,0,0,0,0,0,0,0,0,0,0,0,0,0,0,0,0
2021A00055931807,0,0,0.2568,0,0,0,0,0,0,0,0,0,0,0,0,0,0,0,0,0,0,0,0,0,0
2021A00055931808,0,0,0.1718,0,0,0,0,0,0,0,0,0,0,0,0,0,0,0,0,0,0,0,0,0,0
2021A00055931809,0,0,0.0244,0,0,0,0,0,0,0,0,0,0,0,0,0,0,0,0,0,0,0,0,0,0
2021A00055931812,0,0,4.7443,0,0,0,0,0,0,0,0,0,0,0,0,0,0,0,0,0,0,0,0,0,0
2021A00055931813,0,0,39.0196,0,0,0,0,0,0,0,0,0,0,0,0,0,0,0,0,0,0,0,0,0,0
2021A00055931814,0,0,1.5757,0,0,0,0,0,0,0,0,0,0,0,0,0,0,0,0,0,0,0,0,0,0
2021A00055931815,0,0,2.5423,0,0,0,0,0,0,0,0,0,0,0,0,0,0,0,0,0,0,0,0,0,0
2021A00055931816,0,0,1.3777,0,0,0,0,0,0,0,0,0,0,0,0,0,0,0,0,0,0,0,0,0,0
2021A00055931817,0,0,2.8387,0,0,0,0,0,0,0,0,0,0,0,0,0,0,0,0,0,0,0,0,0,0
2021A00055931818,0,0,0.972,0,0,0,0,0,0,0,0,0,0,0,0,0,0,0,0,0,0,0,0,0,0
2021A00055931819,0,0,0.2238,0,0,0,0,0,0,0,0,0,0,0,0,0,0,0,0,0,0,0,0,0,0
2021A00055931820,0,0,0.2966,0,0,0,0,0,0,0,0,0,0,0,0,0,0,0,0,0,0,0,0,0,0
2021A00055931821,0,0,3.782,0,0,0,0,0,0,0,0,0,0,0,0,0,0,0,0,0,0,0,0,0,0
2021A00055931822,0,0,0.2265,0,0,0,0,0,0,0,0,0,0,0,0,0,0,0,0,0,0,0,0,0,0
2021A00055931823,0,0,1.8137,0,0,0,0,0,0,0,0,0,0,0,0,0,0,0,0,0,0,0,0,0,0
2021A00055931824,0,0,0.0164,0,0,0,0,0,0,0,0,0,0,0,0,0,0,0,0,0,0,0,0,0,0
2021A00055931825,0,0,0.2515,0,0,0,0,0,0,0,0,0,0,0,0,0,0,0,0,0,0,0,0,0,0
2021A00055931826,5,159,0.3699,0,0,0,0,0,0,0,0,0,0,0,0,0,0,0,0,0,0,0,0,0,0
2021A00055931827,0,0,5.6004,0,0,0,0,0,0,0,0,0,0,0,0,0,0,0,0,0,0,0,0,0,0
2021A00055931828,0,0,3.1299,0,0,0,0,0,0,0,0,0,0,0,0,0,0,0,0,0,0,0,0,0,0
2021A00055931829,1,3,9.4154,0,0,0,0,0,0,0,0,0,0,0,0,0,0,0,0,0,0,0,0,0,0
2021A00055931831,0,0,7.0049,0,0,0,0,0,0,0,0,0,0,0,0,0,0,0,0,0,0,0,0,0,0
2021A00055931832,3,21,0.8795,0,0,0,0,0,0,0,0,0,0,0,0,0,0,0,0,0,0,1,1,1,1
2021A00055931833,0,0,0.26,0,0,0,0,0,0,0,0,0,0,0,0,0,0,0,0,0,0,0,0,0,0
2021A00055931834,0,0,0.2315,0,0,0,0,0,0,0,0,0,0,0,0,0,0,0,0,0,0,0,0,0,0
2021A00055931842,0,0,0.8513,0,0,0,0,0,0,0,0,0,0,0,0,0,0,0,0,0,0,0,0,0,0
2021A00055931843,0,0,24.0461,0,0,0,0,0,0,0,0,0,0,0,0,0,0,0,0,0,0,0,0,0,0
2021A00055931844,12,124,1.9665,0,0,0,0,0,0,0,0,0,0,0,0,0,0,0,0,0,0,0,0,0,0
2021A00055933006,265,5072,26.043,2,13,6,29,7,33,1,3,0,0,2,6,1,2,7,235,7,235,19,281,20,284
2021A00055933008,45,490,3845.2978,0,0,0,0,0,0,0,0,0,0,0,0,0,0,0,0,0,0,3,68,3,68
2021A00055933012,6,30,2341.5791,0,0,0,0,0,0,0,0,0,0,0,0,0,0,0,0,0,0,1,1,1,1
2021A00055933015,36,887,6.729,0,0,0,0,0,0,0,0,0,0,0,0,0,0,0,0,0,0,1,1,1,1
2021A00055933019,64,1375,50.863,1,1,0,0,1,1,0,0,0,0,0,0,0,0,0,0,1,72,7,122,7,122
2021A00055933024,52,460,10.3976,0,0,0,0,0,0,0,0,0,0,1,7,0,0,0,0,0,0,4,18,4,18
2021A00055933028,41,323,8.1435,0,0,0,0,0,0,0,0,0,0,0,0,0,0,1,6,2,7,4,11,4,11
2021A00055933032,13,75,6625.5023,0,0,0,0,0,0,0,0,0,0,0,0,0,0,0,0,0,0,1,2,1,2
2021A00055933035,44,1059,324.2761,0,0,1,2,1,2,0,0,0,0,1,1,0,0,0,0,0,0,3,6,4,7
2021A00055933037,13,87,5736.5261,0,0,0,0,0,0,0,0,0,0,0,0,0,0,0,0,0,0,1,1,1,1
2021A00055933039,77,1273,3285.5569,0,0,0,0,0,0,0,0,0,0,1,1,0,0,0,0,0,0,8,174,9,175
2021A00055933042,3368,49670,297.9262,7,76,14,181,17,302,1,3,0,0,15,204,4,27,6,112,14,282,112,1316,119,1450
2021A00055933044,60,419,1546.5565,0,0,0,0,0,0,0,0,0,0,0,0,0,0,0,0,0,0,5,16,5,16
2021A00055933045,62,1104,40.8525,0,0,0,0,0,0,0,0,0,0,0,0,0,0,0,0,1,1,3,6,3,6
2021A00055933054,96,1255,3.7528,0,0,1,2,1,15,0,0,0,0,0,0,0,0,1,113,3,119,6,142,6,142
2021A00055933060,101,539,1912.9404,0,0,2,6,2,6,1,3,0,0,2,6,0,0,0,0,1,1,14,45,15,48
2021A00055933067,112,1739,55.6508,1,5,1,1,2,6,0,0,0,0,0,0,1,5,1,12,3,22,8,33,8,33
2021A00055933068,54,222,7085.6577,0,0,0,0,0,0,0,0,0,0,0,0,0,0,0,0,4,11,6,15,6,15
2021A00055933070,13,306,5126.199,0,0,0,0,0,0,0,0,0,0,0,0,0,0,0,0,0,0,0,0,0,0
2021A00055933072,26,170,5381.161,0,0,0,0,0,0,0,0,0,0,0,0,0,0,0,0,0,0,5,14,5,14
2021A00055933074,77,1138,10.7272,0,0,0,0,0,0,0,0,0,0,0,0,0,0,2,84,3,85,4,101,4,101
2021A00055933801,5,27,18.349,0,0,0,0,0,0,0,0,0,0,0,0,0,0,0,0,0,0,0,0,0,0
2021A00055933802,0,0,94.502,0,0,0,0,0,0,0,0,0,0,0,0,0,0,0,0,0,0,0,0,0,0
2021A00055933803,0,0,0.8083,0,0,0,0,0,0,0,0,0,0,0,0,0,0,0,0,0,0,0,0,0,0
2021A00055933805,0,0,1.3022,0,0,0,0,0,0,0,0,0,0,0,0,0,0,0,0,0,0,0,0,0,0
2021A00055933806,4,28,11.3223,0,0,0,0,0,0,0,0,0,0,0,0,0,0,0,0,0,0,1,10,1,10
2021A00055933807,5,210,45.9744,0,0,0,0,0,0,0,0,0,0,0,0,0,0,0,0,0,0,0,0,0,0
2021A00055933808,1,15,7.3045,0,0,0,0,0,0,0,0,0,0,0,0,0,0,0,0,0,0,0,0,0,0
2021A00055933809,0,0,5.6464,0,0,0,0,0,0,0,0,0,0,0,0,0,0,0,0,0,0,0,0,0,0
2021A00055933810,0,0,0.1759,0,0,0,0,0,0,0,0,0,0,0,0,0,0,0,0,0,0,0,0,0,0
2021A00055933811,0,0,2.1068,0,0,0,0,0,0,0,0,0,0,0,0,0,0,0,0,0,0,0,0,0,0
2021A00055933812,1,75,7.0606,0,0,0,0,0,0,0,0,0,0,0,0,0,0,0,0,0,0,0,0,0,0
2021A00055933813,0,0,1.6589,0,0,0,0,0,0,0,0,0,0,0,0,0,0,0,0,0,0,0,0,0,0
2021A00055933814,2,10,0.7046,0,0,0,0,0,0,0,0,0,0,0,0,0,0,0,0,0,0,1,3,1,3
2021A00055933817,5,15,79.918,0,0,0,0,0,0,0,0,0,0,0,0,0,0,0,0,0,0,1,3,1,3
2021A00055933819,0,0,13.4522,0,0,0,0,0,0,0,0,0,0,0,0,0,0,0,0,0,0,0,0,0,0
2021A00055933821,0,0,15.7573,0,0,0,0,0,0,0,0,0,0,0,0,0,0,0,0,0,0,0,0,0,0
2021A00055933823,0,0,0.1221,0,0,0,0,0,0,0,0,0,0,0,0,0,0,0,0,0,0,0,0,0,0
2021A00055933824,0,0,0.1865,0,0,0,0,0,0,0,0,0,0,0,0,0,0,0,0,0,0,0,0,0,0
2021A00055933825,0,0,0.6894,0,0,0,0,0,0,0,0,0,0,0,0,0,0,0,0,0,0,0,0,0,0
2021A00055933828,0,0,4.2932,0,0,0,0,0,0,0,0,0,0,0,0,0,0,0,0,0,0,0,0,0,0
2021A00055933829,0,0,0.1187,0,0,0,0,0,0,0,0,0,0,0,0,0,0,0,0,0,0,0,0,0,0
2021A00055933831,0,0,1.2055,0,0,0,0,0,0,0,0,0,0,0,0,0,0,0,0,0,0,0,0,0,0
2021A00055933832,0,0,0.2272,0,0,0,0,0,0,0,0,0,0,0,0,0,0,0,0,0,0,0,0,0,0
2021A00055933833,0,0,4.325,0,0,0,0,0,0,0,0,0,0,0,0,0,0,0,0,0,0,0,0,0,0
2021A00055933834,0,0,0.1538,0,0,0,0,0,0,0,0,0,0,0,0,0,0,0,0,0,0,0,0,0,0
2021A00055933836,0,0,8.3774,0,0,0,0,0,0,0,0,0,0,0,0,0,0,0,0,0,0,0,0,0,0
2021A00055933837,0,0,1.932,0,0,0,0,0,0,0,0,0,0,0,0,0,0,0,0,0,0,0,0,0,0
2021A00055933839,0,0,1.6226,0,0,0,0,0,0,0,0,0,0,0,0,0,0,0,0,0,0,0,0,0,0
2021A00055933840,0,0,1.2544,0,0,0,0,0,0,0,0,0,0,0,0,0,0,0,0,0,0,0,0,0,0
2021A00055933841,0,0,1.5156,0,0,0,0,0,0,0,0,0,0,0,0,0,0,0,0,0,0,0,0,0,0
2021A00055933842,0,0,0.7336,0,0,0,0,0,0,0,0,0,0,0,0,0,0,0,0,0,0,0,0,0,0
2021A00055933844,0,0,1.3995,0,0,0,0,0,0,0,0,0,0,0,0,0,0,0,0,0,0,0,0,0,0
2021A00055933845,0,0,13.6516,0,0,0,0,0,0,0,0,0,0,0,0,0,0,0,0,0,0,0,0,0,0
2021A00055933846,0,0,4.3539,0,0,0,0,0,0,0,0,0,0,0,0,0,0,0,0,0,0,0,0,0,0
2021A00055933848,0,0,0.6078,0,0,0,0,0,0,0,0,0,0,0,0,0,0,0,0,0,0,0,0,0,0
2021A00055933849,0,0,0.6216,0,0,0,0,0,0,0,0,0,0,0,0,0,0,0,0,0,0,0,0,0,0
2021A00055933850,0,0,1.0487,0,0,0,0,0,0,0,0,0,0,0,0,0,0,0,0,0,0,0,0,0,0
2021A00055933851,0,0,0.6747,0,0,0,0,0,0,0,0,0,0,0,0,0,0,0,0,0,0,0,0,0,0
2021A00055933852,0,0,0.1489,0,0,0,0,0,0,0,0,0,0,0,0,0,0,0,0,0,0,0,0,0,0
2021A00055933853,0,0,1.841,0,0,0,0,0,0,0,0,0,0,0,0,0,0,0,0,0,0,0,0,0,0
2021A00055933854,0,0,0.5535,0,0,0,0,0,0,0,0,0,0,0,0,0,0,0,0,0,0,0,0,0,0
2021A00055933855,0,0,0.4721,0,0,0,0,0,0,0,0,0,0,0,0,0,0,0,0,0,0,0,0,0,0
2021A00055933857,0,0,19.0032,0,0,0,0,0,0,0,0,0,0,0,0,0,0,0,0,0,0,0,0,0,0
2021A00055933858,0,0,1.5972,0,0,0,0,0,0,0,0,0,0,0,0,0,0,0,0,0,0,0,0,0,0
2021A00055933859,2,6,25.5218,0,0,0,0,0,0,0,0,0,0,0,0,0,0,0,0,0,0,0,0,0,0
2021A00055933861,0,0,0.8131,0,0,0,0,0,0,0,0,0,0,0,0,0,0,0,0,0,0,0,0,0,0
2021A00055933865,0,0,0.1289,0,0,0,0,0,0,0,0,0,0,0,0,0,0,0,0,0,0,0,0,0,0
2021A00055933866,0,0,0.9798,0,0,0,0,0,0,0,0,0,0,0,0,0,0,0,0,0,0,0,0,0,0
2021A00055933868,0,0,1.775,0,0,0,0,0,0,0,0,0,0,0,0,0,0,0,0,0,0,0,0,0,0
2021A00055933870,0,0,1.1597,0,0,0,0,0,0,0,0,0,0,0,0,0,0,0,0,0,0,0,0,0,0
2021A00055933872,0,0,2.842,0,0,0,0,0,0,0,0,0,0,0,0,0,0,0,0,0,0,0,0,0,0
2021A00055933873,0,0,2.5262,0,0,0,0,0,0,0,0,0,0,0,0,0,0,0,0,0,0,0,0,0,0
2021A00055933874,0,0,0.5578,0,0,0,0,0,0,0,0,0,0,0,0,0,0,0,0,0,0,0,0,0,0
2021A00055933875,0,0,9.0119,0,0,0,0,0,0,0,0,0,0,0,0,0,0,0,0,0,0,0,0,0,0
2021A00055933876,2,38,2.8977,0,0,0,0,0,0,0,0,0,0,0,0,0,0,0,0,0,0,0,0,0,0
2021A00055933877,10,50,5.0267,0,0,0,0,0,0,0,0,0,0,0,0,0,0,0,0,0,0,0,0,0,0
2021A00055933878,0,0,1.1565,0,0,0,0,0,0,0,0,0,0,0,0,0,0,0,0,0,0,0,0,0,0
2021A00055933879,0,0,0.2511,0,0,0,0,0,0,0,0,0,0,0,0,0,0,0,0,0,0,0,0,0,0
2021A00055933880,288,5806,136.7272,1,16,2,13,4,50,0,0,0,0,2,33,1,20,3,40,4,45,17,228,17,228
2021A00055933881,7,65,0.2259,0,0,0,0,0,0,0,0,0,0,0,0,0,0,0,0,0,0,1,3,1,3
2021A00055933882,0,0,1.159,0,0,0,0,0,0,0,0,0,0,0,0,0,0,0,0,0,0,0,0,0,0
2021A00055933884,1,150,13.4068,0,0,0,0,0,0,0,0,0,0,0,0,0,0,0,0,0,0,0,0,0,0
2021A00055933886,0,0,0.0218,0,0,0,0,0,0,0,0,0,0,0,0,0,0,0,0,0,0,0,0,0,0
2021A00055933887,0,0,12.7986,0,0,0,0,0,0,0,0,0,0,0,0,0,0,0,0,0,0,0,0,0,0
2021A00055933888,0,0,0.0322,0,0,0,0,0,0,0,0,0,0,0,0,0,0,0,0,0,0,0,0,0,0
2021A00055933889,0,0,0.3132,0,0,0,0,0,0,0,0,0,0,0,0,0,0,0,0,0,0,0,0,0,0
2021A00055933892,0,0,0.9914,0,0,0,0,0,0,0,0,0,0,0,0,0,0,0,0,0,0,0,0,0,0
2021A00055933893,0,0,0.1083,0,0,0,0,0,0,0,0,0,0,0,0,0,0,0,0,0,0,0,0,0,0
2021A00055933895,0,0,0.0357,0,0,0,0,0,0,0,0,0,0,0,0,0,0,0,0,0,0,0,0,0,0
2021A00055933896,0,0,0.1396,0,0,0,0,0,0,0,0,0,0,0,0,0,0,0,0,0,0,0,0,0,0
2021A00055933897,0,0,0.031,0,0,0,0,0,0,0,0,0,0,0,0,0,0,0,0,0,0,0,0,0,0
2021A00055933898,4,48,24.7251,0,0,0,0,0,0,0,0,0,0,0,0,0,0,0,0,0,0,1,3,1,3
2021A00055933899,0,0,0.758,0,0,0,0,0,0,0,0,0,0,0,0,0,0,0,0,0,0,0,0,0,0
2021A00055935010,6491,93392,211.8491,13,136,54,508,37,512,9,115,0,0,30,426,2,33,9,101,28,557,291,3310,305,3607
2021A00055935012,133,1884,1245.0801,0,0,1,2,1,2,0,0,0,0,0,0,0,0,1,3,1,3,15,323,15,323
2021A00055935016,514,4894,122.1632,2,17,7,37,4,15,2,8,0,0,3,9,0,0,2,17,4,23,50,324,51,339
2021A00055935018,167,1652,16.0986,0,0,0,0,0,0,0,0,0,0,1,2,0,0,0,0,0,0,5,33,5,33
2021A00055935020,64,324,1173.0978,0,0,0,0,0,0,0,0,0,0,0,0,0,0,0,0,0,0,2,3,2,3
2021A00055935029,1077,11716,122.0886,2,5,13,97,8,83,2,37,0,0,12,137,0,0,5,344,11,360,67,775,71,819
2021A00055935801,31,784,2.0103,0,0,1,75,1,75,0,0,0,0,1,75,0,0,0,0,0,0,4,57,5,132
2021A00055935802,235,4262,6.7576,0,0,1,2,0,0,0,0,0,0,0,0,0,0,0,0,0,0,7,70,7,70
2021A00055935803,51,588,3.3078,0,0,0,0,0,0,0,0,0,0,1,2,0,0,0,0,0,0,1,2,1,2
2021A00055937005,86,1156,5.9334,1,2,0,0,1,35,0,0,0,0,1,35,0,0,0,0,1,1,7,15,8,50
2021A00055937010,338,3807,66.5735,0,0,0,0,2,22,0,0,0,0,0,0,0,0,5,361,5,361,21,491,21,491
2021A00055937014,1948,26473,96.4285,9,100,21,205,11,65,1,3,0,0,3,40,0,0,5,50,10,65,85,634,86,669
2021A00055937017,121,1689,487.7976,0,0,1,2,3,7,0,0,0,0,0,0,0,0,1,1,4,84,13,168,13,168
2021A00055937021,151,837,300.1383,0,0,1,3,0,0,0,0,0,0,0,0,0,0,0,0,1,1,11,45,11,45
2021A00055937022,79,473,1790.9785,0,0,0,0,0,0,0,0,0,0,0,0,0,0,2,13,4,20,12,96,12,96
2021A00055937023,22,126,2604.0488,0,0,1,1,0,0,0,0,0,0,0,0,0,0,0,0,1,4,2,5,2,5
2021A00055937024,254,3909,254.9172,2,6,5,50,10,124,1,26,0,0,4,91,0,0,5,317,6,318,64,1178,67,1243
2021A00055937028,194,2543,5.2185,2,12,1,9,2,14,0,0,0,0,1,1,0,0,1,5,1,5,13,61,13,61
2021A00055937033,136,1300,4.2626,1,3,0,0,0,0,0,0,0,0,0,0,0,0,0,0,1,3,14,62,14,62
2021A00055937041,145,1107,1767.2854,0,0,1,7,1,7,0,0,0,0,1,7,0,0,3,87,4,88,29,254,30,261
2021A00055937801,27,336,89.7919,0,0,0,0,1,1,0,0,0,0,0,0,0,0,1,1,1,1,3,10,3,10
2021A00055937802,7,177,22.9906,0,0,0,0,0,0,0,0,0,0,0,0,0,0,0,0,1,10,1,10,1,10
2021A00055937803,1,3,0.3581,0,0,0,0,0,0,0,0,0,0,0,0,0,0,0,0,0,0,0,0,0,0
2021A00055937805,0,0,0.5087,0,0,0,0,0,0,0,0,0,0,0,0,0,0,0,0,0,0,0,0,0,0
2021A00055939007,275,3886,11.3255,0,0,1,6,0,0,0,0,0,0,0,0,0,0,0,0,0,0,2,9,2,9
2021A00055939011,105,1046,13434.8558,0,0,0,0,0,0,0,0,0,0,0,0,0,0,1,63,2,64,6,84,6,84
2021A00055939019,410,4974,41.28,0,0,4,19,2,2,0,0,0,0,0,0,0,0,3,268,4,270,20,337,20,337
2021A00055939023,83,1256,9763.8005,0,0,1,1,1,1,0,0,0,0,0,0,0,0,0,0,1,3,3,6,3,6
2021A00055939032,871,12525,155.1886,3,21,13,232,14,226,4,47,0,0,10,142,0,0,3,17,7,21,61,920,65,1008
2021A00055939037,266,1998,506.1015,1,7,1,2,1,1,0,0,0,0,1,1,1,7,1,1,2,2,21,62,21,62
2021A00055939039,103,661,693.6727,0,0,2,8,2,4,0,0,0,0,1,3,0,0,1,1,5,10,15,38,16,41
2021A00055939043,32,256,1530.0291,0,0,1,5,1,5,0,0,0,0,0,0,0,0,1,12,3,35,7,53,7,53
2021A00055939044,74,506,2652.0547,0,0,0,0,0,0,0,0,0,0,0,0,0,0,0,0,1,7,3,11,3,11
2021A00055939045,112,1276,12.7964,1,3,1,3,1,1,0,0,0,0,0,0,0,0,0,0,1,1,5,28,6,31
2021A00055939801,3,33,2.7737,0,0,0,0,0,0,0,0,0,0,0,0,0,0,0,0,0,0,1,15,1,15
2021A00055939802,0,0,9.1409,0,0,0,0,0,0,0,0,0,0,0,0,0,0,0,0,0,0,0,0,0,0
2021A00055939803,2,22,3.6578,0,0,0,0,0,0,0,0,0,0,0,0,0,0,1,6,1,6,1,6,1,6
2021A00055939804,2,42,17.7374,0,0,0,0,0,0,0,0,0,0,0,0,0,0,0,0,0,0,0,0,0,0
2021A00055939805,8,362,17.0962,0,0,0,0,0,0,0,0,0,0,0,0,0,0,0,0,1,2,1,2,1,2
2021A00055939806,0,0,16.1316,0,0,0,0,0,0,0,0,0,0,0,0,0,0,0,0,0,0,0,0,0,0
2021A00055939807,0,0,7.9427,0,0,0,0,0,0,0,0,0,0,0,0,0,0,0,0,0,0,0,0,0,0
2021A00055939808,12,172,5.4415,0,0,0,0,0,0,0,0,0,0,0,0,0,0,0,0,0,0,1,17,1,17
2021A00055939811,7,69,4.7927,0,0,0,0,0,0,0,0,0,0,0,0,0,0,0,0,0,0,0,0,0,0
2021A00055941005,20,180,53.0116,0,0,0,0,0,0,0,0,0,0,0,0,0,0,0,0,0,0,0,0,0,0
2021A00055941009,645,10613,33.1202,1,27,7,63,4,58,1,3,0,0,4,12,0,0,6,215,11,229,31,671,32,674
2021A00055941010,90,1982,849.5374,0,0,1,1,3,9,0,0,0,0,5,22,0,0,3,376,6,380,15,409,17,417
2021A00055941012,80,456,1745.1848,0,0,0,0,0,0,0,0,0,0,0,0,0,0,0,0,1,1,3,5,3,5
2021A00055941013,459,8975,35.3483,0,0,2,7,2,4,0,0,0,0,1,3,0,0,2,275,6,319,14,827,15,830
2021A00055941014,53,686,9740.2016,0,0,0,0,0,0,0,0,0,0,1,1,0,0,0,0,1,1,5,10,6,11
2021A00055941015,398,4525,2646.0347,1,7,3,15,3,15,2,8,0,0,3,11,0,0,2,266,6,284,26,377,26,377
2021A00055941016,12,48,2593.6782,0,0,0,0,0,0,0,0,0,0,0,0,0,0,0,0,0,0,1,1,1,1
2021A00055941017,123,525,1263.6899,0,0,3,8,3,7,2,6,0,0,2,6,0,0,1,1,4,4,16,47,16,47
2021A00055941019,172,1196,778.1176,0,0,1,19,0,0,0,0,0,0,0,0,0,0,0,0,4,12,15,61,15,61
2021A00055941021,102,985,1413.4709,0,0,0,0,2,13,0,0,0,0,1,3,0,0,3,288,6,303,11,330,12,333
2021A00055941025,12,76,158.0903,0,0,0,0,0,0,0,0,0,0,0,0,0,0,0,0,0,0,0,0,0,0
2021A00055941026,28,324,7377.4895,0,0,0,0,0,0,0,0,0,0,2,2,0,0,0,0,3,5,5,7,5,7
2021A00055941027,21,234,11915.9914,0,0,0,0,0,0,0,0,0,0,0,0,0,0,0,0,0,0,2,4,2,4
2021A00055941039,32,280,25880.0796,0,0,0,0,0,0,0,0,0,0,0,0,0,0,0,0,0,0,5,15,5,15
2021A00055941041,19,536,13629.5899,0,0,0,0,0,0,0,0,0,0,0,0,0,0,0,0,1,12,4,24,4,24
2021A00055941801,0,0,2.5878,0,0,0,0,0,0,0,0,0,0,0,0,0,0,0,0,0,0,0,0,0,0
2021A00055941802,10,118,17.2965,0,0,0,0,0,0,0,0,0,0,0,0,0,0,0,0,0,0,1,2,1,2
2021A00055941803,0,0,0.1286,0,0,0,0,0,0,0,0,0,0,0,0,0,0,0,0,0,0,0,0,0,0
2021A00055941804,0,0,28.032,0,0,0,0,0,0,0,0,0,0,0,0,0,0,0,0,0,0,0,0,0,0
2021A00055941805,0,0,15.6672,0,0,0,0,0,0,0,0,0,0,0,0,0,0,0,0,0,0,0,0,0,0
2021A00055941806,2,110,1.3618,0,0,0,0,0,0,0,0,0,0,0,0,0,0,0,0,0,0,0,0,0,0
2021A00055941807,0,0,2.1937,0,0,0,0,0,0,0,0,0,0,0,0,0,0,0,0,0,0,0,0,0,0
2021A00055941808,1,75,2.2813,0,0,0,0,0,0,0,0,0,0,0,0,0,0,0,0,0,0,0,0,0,0
2021A00055941809,0,0,5.4506,0,0,0,0,0,0,0,0,0,0,0,0,0,0,0,0,0,0,0,0,0,0
2021A00055941810,2,6,4.027,0,0,0,0,0,0,0,0,0,0,0,0,0,0,0,0,0,0,0,0,0,0
2021A00055941811,0,0,3.0652,0,0,0,0,0,0,0,0,0,0,0,0,0,0,0,0,0,0,0,0,0,0
2021A00055941812,5,99,16.5462,0,0,0,0,0,0,0,0,0,0,0,0,0,0,0,0,0,0,1,1,1,1
2021A00055941813,0,0,0.5642,0,0,0,0,0,0,0,0,0,0,0,0,0,0,0,0,0,0,0,0,0,0
2021A00055941817,0,0,1.642,0,0,0,0,0,0,0,0,0,0,0,0,0,0,0,0,0,0,0,0,0,0
2021A00055941818,0,0,0.3823,0,0,0,0,0,0,0,0,0,0,0,0,0,0,0,0,0,0,0,0,0,0
2021A00055941821,0,0,38.5898,0,0,0,0,0,0,0,0,0,0,0,0,0,0,0,0,0,0,0,0,0,0
2021A00055941827,0,0,4.6821,0,0,0,0,0,0,0,0,0,0,0,0,0,0,0,0,0,0,0,0,0,0
2021A00055941828,0,0,1.0049,0,0,0,0,0,0,0,0,0,0,0,0,0,0,0,0,0,0,0,0,0,0
2021A00055941829,0,0,6.788,0,0,0,0,0,0,0,0,0,0,0,0,0,0,0,0,0,0,0,0,0,0
2021A00055941831,0,0,2.0993,0,0,0,0,0,0,0,0,0,0,0,0,0,0,0,0,0,0,0,0,0,0
2021A00055941833,0,0,4.3962,0,0,0,0,0,0,0,0,0,0,0,0,0,0,0,0,0,0,0,0,0,0
2021A00055941835,0,0,0.6193,0,0,0,0,0,0,0,0,0,0,0,0,0,0,0,0,0,0,0,0,0,0
2021A00055941837,0,0,4.6594,0,0,0,0,0,0,0,0,0,0,0,0,0,0,0,0,0,0,0,0,0,0
2021A00055941838,0,0,0.2319,0,0,0,0,0,0,0,0,0,0,0,0,0,0,0,0,0,0,0,0,0,0
2021A00055941839,0,0,3.4471,0,0,0,0,0,0,0,0,0,0,0,0,0,0,0,0,0,0,0,0,0,0
2021A00055941840,17,151,4.1566,0,0,0,0,0,0,0,0,0,0,0,0,0,0,0,0,0,0,3,6,3,6
2021A00055941841,7,133,15.4751,0,0,0,0,0,0,0,0,0,0,0,0,0,0,0,0,0,0,3,7,3,7
2021A00055941844,0,0,1.1971,0,0,0,0,0,0,0,0,0,0,0,0,0,0,0,0,0,0,0,0,0,0
2021A00055941845,0,0,2.5562,0,0,0,0,0,0,0,0,0,0,0,0,0,0,0,0,0,0,0,0,0,0
2021A00055941848,0,0,3.6105,0,0,0,0,0,0,0,0,0,0,0,0,0,0,0,0,0,0,0,0,0,0
2021A00055941849,0,0,2.0648,0,0,0,0,0,0,0,0,0,0,0,0,0,0,0,0,0,0,0,0,0,0
2021A00055941850,6,86,22.4328,0,0,0,0,1,10,0,0,0,0,0,0,0,0,1,10,1,10,2,13,2,13
2021A00055941851,0,0,2.6355,0,0,0,0,0,0,0,0,0,0,0,0,0,0,0,0,0,0,0,0,0,0
2021A00055941852,0,0,0.9427,0,0,0,0,0,0,0,0,0,0,0,0,0,0,0,0,0,0,0,0,0,0
2021A00055941854,0,0,2.0129,0,0,0,0,0,0,0,0,0,0,0,0,0,0,0,0,0,0,0,0,0,0
2021A00055941855,0,0,0.0337,0,0,0,0,0,0,0,0,0,0,0,0,0,0,0,0,0,0,0,0,0,0
2021A00055941856,0,0,1.3155,0,0,0,0,0,0,0,0,0,0,0,0,0,0,0,0,0,0,0,0,0,0
2021A00055941861,0,0,1.2889,0,0,0,0,0,0,0,0,0,0,0,0,0,0,0,0,0,0,0,0,0,0
2021A00055941862,0,0,0.93,0,0,0,0,0,0,0,0,0,0,0,0,0,0,0,0,0,0,0,0,0,0
2021A00055941864,0,0,0.4883,0,0,0,0,0,0,0,0,0,0,0,0,0,0,0,0,0,0,0,0,0,0
2021A00055941866,0,0,3.8715,0,0,0,0,0,0,0,0,0,0,0,0,0,0,0,0,0,0,0,0,0,0
2021A00055941868,0,0,1.6815,0,0,0,0,0,0,0,0,0,0,0,0,0,0,0,0,0,0,0,0,0,0
2021A00055941871,1,3,0.2773,0,0,0,0,0,0,0,0,0,0,0,0,0,0,0,0,0,0,0,0,0,0
2021A00055941872,0,0,0.9644,0,0,0,0,0,0,0,0,0,0,0,0,0,0,0,0,0,0,0,0,0,0
2021A00055941873,0,0,1.2947,0,0,0,0,0,0,0,0,0,0,0,0,0,0,0,0,0,0,0,0,0,0
2021A00055941876,0,0,0.8935,0,0,0,0,0,0,0,0,0,0,0,0,0,0,0,0,0,0,0,0,0,0
2021A00055941879,0,0,0.0414,0,0,0,0,0,0,0,0,0,0,0,0,0,0,0,0,0,0,0,0,0,0
2021A00055941880,0,0,2.6351,0,0,0,0,0,0,0,0,0,0,0,0,0,0,0,0,0,0,0,0,0,0
2021A00055941881,0,0,0.2159,0,0,0,0,0,0,0,0,0,0,0,0,0,0,0,0,0,0,0,0,0,0
2021A00055941882,2,42,9.3074,0,0,0,0,0,0,0,0,0,0,0,0,0,0,0,0,0,0,0,0,0,0
2021A00055941883,0,0,4.188,0,0,0,0,0,0,0,0,0,0,0,0,0,0,0,0,0,0,0,0,0,0
2021A00055941884,0,0,2.0364,0,0,0,0,0,0,0,0,0,0,0,0,0,0,0,0,0,0,0,0,0,0
2021A00055941885,0,0,4.7069,0,0,0,0,0,0,0,0,0,0,0,0,0,0,0,0,0,0,0,0,0,0
2021A00055941886,0,0,0.1595,0,0,0,0,0,0,0,0,0,0,0,0,0,0,0,0,0,0,0,0,0,0
2021A00055943008,25,319,1.6923,0,0,1,1,1,1,0,0,0,0,0,0,0,0,0,0,0,0,3,5,3,5
2021A00055943012,97,1266,13.7675,0,0,0,0,0,0,0,0,0,0,0,0,0,0,1,3,2,5,3,7,3,7
2021A00055943017,16,331,7.0301,0,0,0,0,0,0,0,0,0,0,0,0,0,0,0,0,1,42,1,42,1,42
2021A00055943023,188,3356,38.5522,0,0,0,0,0,0,0,0,0,0,1,7,0,0,0,0,3,5,14,191,14,191
2021A00055943027,6,18,2579.5976,0,0,0,0,0,0,0,0,0,0,0,0,0,0,0,0,1,1,1,1,1,1
2021A00055943031,45,295,1505.0291,0,0,1,7,0,0,0,0,0,0,0,0,0,0,0,0,1,1,2,8,2,8
2021A00055943033,5,107,3331.0538,0,0,0,0,0,0,0,0,0,0,0,0,0,0,0,0,0,0,0,0,0,0
2021A00055943037,26,186,12666.4099,0,0,0,0,0,0,0,0,0,0,0,0,0,0,0,0,1,1,4,9,4,9
2021A00055943804,0,0,0.0481,0,0,0,0,0,0,0,0,0,0,0,0,0,0,0,0,0,0,0,0,0,0
2021A00055943806,0,0,0.5989,0,0,0,0,0,0,0,0,0,0,0,0,0,0,0,0,0,0,0,0,0,0
2021A00055943807,0,0,0.4177,0,0,0,0,0,0,0,0,0,0,0,0,0,0,0,0,0,0,0,0,0,0
2021A00055943808,2,10,0.3181,0,0,0,0,0,0,0,0,0,0,0,0,0,0,0,0,0,0,0,0,0,0
2021A00055943809,0,0,0.031,0,0,0,0,0,0,0,0,0,0,0,0,0,0,0,0,0,0,0,0,0,0
2021A00055943813,1,35,2.0478,0,0,0,0,0,0,0,0,0,0,0,0,0,0,0,0,0,0,0,0,0,0
2021A00055943815,2,90,0.1394,0,0,0,0,0,0,0,0,0,0,0,0,0,0,0,0,0,0,1,12,1,12
2021A00055943816,3,160,0.2416,0,0,0,0,0,0,0,0,0,0,0,0,0,0,0,0,0,0,0,0,0,0
2021A00055943817,0,0,0.1895,0,0,0,0,0,0,0,0,0,0,0,0,0,0,0,0,0,0,0,0,0,0
2021A00055943826,0,0,0.1299,0,0,0,0,0,0,0,0,0,0,0,0,0,0,0,0,0,0,0,0,0,0
2021A00055943835,0,0,0.0304,0,0,0,0,0,0,0,0,0,0,0,0,0,0,0,0,0,0,0,0,0,0
2021A00055943836,0,0,36.6499,0,0,0,0,0,0,0,0,0,0,0,0,0,0,0,0,0,0,0,0,0,0
2021A00055943837,0,0,2.4955,0,0,0,0,0,0,0,0,0,0,0,0,0,0,0,0,0,0,0,0,0,0
2021A00055945006,3,33,19779.2509,0,0,0,0,0,0,0,0,0,0,0,0,0,0,0,0,0,0,0,0,0,0
2021A00055945010,29,270,3963.651,0,0,0,0,0,0,0,0,0,0,0,0,0,0,0,0,1,5,1,5,1,5
2021A00055945012,5,63,304.2109,0,0,0,0,0,0,0,0,0,0,0,0,0,0,0,0,0,0,0,0,0,0
2021A00055945014,15,740,359.5281,0,0,0,0,0,0,0,0,0,0,0,0,0,0,0,0,0,0,0,0,0,0
2021A00055945801,14,401,5.8328,0,0,0,0,0,0,0,0,0,0,0,0,0,0,0,0,0,0,1,8,1,8
2021A00055945802,18,444,15.2153,0,0,0,0,0,0,0,0,0,0,0,0,0,0,1,6,2,8,2,8,2,8
2021A00055945803,1,3,6.0439,0,0,0,0,0,0,0,0,0,0,0,0,0,0,0,0,0,0,0,0,0,0
2021A00055947007,11,161,167.1555,0,0,0,0,0,0,0,0,0,0,0,0,0,0,0,0,0,0,2,38,2,38
2021A00055947012,455,8322,66.0033,0,0,3,11,2,6,0,0,0,0,2,6,0,0,1,12,1,12,32,534,34,540
2021A00055947016,0,0,2928.1639,0,0,0,0,0,0,0,0,0,0,0,0,0,0,0,0,0,0,0,0,0,0
2021A00055947021,2,6,6484.7797,0,0,0,0,0,0,0,0,0,0,0,0,0,0,0,0,1,1,1,1,1,1
2021A00055947023,39,1023,20.6897,0,0,0,0,0,0,0,0,0,0,0,0,0,0,0,0,0,0,3,21,3,21
2021A00055947026,0,0,35.5824,0,0,0,0,0,0,0,0,0,0,0,0,0,0,0,0,0,0,0,0,0,0
2021A00055947027,71,816,6418.0354,0,0,0,0,0,0,0,0,0,0,1,3,0,0,0,0,1,3,4,9,4,9
2021A00055947030,0,0,13.0738,0,0,0,0,0,0,0,0,0,0,0,0,0,0,0,0,0,0,0,0,0,0
2021A00055947032,35,413,3408.8451,0,0,0,0,0,0,0,0,0,0,0,0,0,0,0,0,2,17,3,27,3,27
2021A00055947802,0,0,0.5091,0,0,0,0,0,0,0,0,0,0,0,0,0,0,0,0,0,0,0,0,0,0
2021A00055947803,3,49,3.1581,0,0,0,0,0,0,0,0,0,0,0,0,0,0,0,0,0,0,0,0,0,0
2021A00055947804,32,395,5.1234,0,0,0,0,0,0,0,0,0,0,0,0,0,0,0,0,1,1,1,1,1,1
2021A00055947806,1,75,1.1383,0,0,0,0,0,0,0,0,0,0,0,0,0,0,0,0,0,0,0,0,0,0
2021A00055947807,1,150,15.0942,0,0,0,0,0,0,0,0,0,0,0,0,0,0,0,0,0,0,0,0,0,0
2021A00055947809,2,225,108.8369,0,0,0,0,0,0,0,0,0,0,0,0,0,0,0,0,0,0,1,36,1,36
2021A00055947810,0,0,33.4741,0,0,0,0,0,0,0,0,0,0,0,0,0,0,0,0,0,0,0,0,0,0
2021A00055947823,2,6,0.6406,0,0,0,0,0,0,0,0,0,0,0,0,0,0,0,0,0,0,0,0,0,0
2021A00055949005,226,4570,239.28,0,0,1,476,1,149,0,0,0,0,2,625,0,0,1,3,1,3,2,5,4,630
2021A00055949011,634,10684,57.3268,1,2,2,16,2,5,1,3,0,0,1,3,1,2,5,160,10,168,19,205,19,205
2021A00055949013,25,187,9635.7713,0,0,0,0,0,0,0,0,0,0,0,0,0,0,0,0,1,10,2,12,2,12
2021A00055949018,135,1205,16.4866,0,0,0,0,1,7,0,0,0,0,2,8,0,0,0,0,4,6,8,23,9,30
2021A00055949020,0,0,17986.6624,0,0,0,0,0,0,0,0,0,0,0,0,0,0,0,0,0,0,0,0,0,0
2021A00055949022,28,954,2.8855,0,0,0,0,0,0,0,0,0,0,0,0,0,0,0,0,0,0,0,0,0,0
2021A00055949024,28,268,24.3426,0,0,0,0,0,0,0,0,0,0,0,0,0,0,0,0,0,0,0,0,0,0
2021A00055949028,44,480,7382.1691,0,0,0,0,0,0,0,0,0,0,0,0,0,0,3,62,4,64,5,67,5,67
2021A00055949032,32,687,551.5683,0,0,0,0,0,0,0,0,0,0,0,0,0,0,0,0,1,1,1,1,1,1
2021A00055949035,16,761,2001.2492,0,0,0,0,0,0,0,0,0,0,0,0,0,0,0,0,2,3,3,8,3,8
2021A00055949038,18,1200,12956.4124,0,0,0,0,1,2,0,0,0,0,1,6,1,2,0,0,0,0,2,8,2,8
2021A00055949039,4,148,25253.6721,0,0,0,0,0,0,0,0,0,0,0,0,0,0,0,0,0,0,0,0,0,0
2021A00055949041,0,0,28105.9945,0,0,0,0,0,0,0,0,0,0,0,0,0,0,0,0,0,0,0,0,0,0
2021A00055949802,8,212,3.0861,0,0,0,0,0,0,0,0,0,0,0,0,0,0,0,0,1,1,2,9,2,9
2021A00055949803,3,172,1.5121,0,0,0,0,0,0,0,0,0,0,0,0,0,0,0,0,0,0,0,0,0,0
2021A00055949804,3,57,4.8565,0,0,0,0,0,0,0,0,0,0,0,0,0,0,0,0,0,0,1,15,1,15
2021A00055949805,0,0,2.5886,0,0,0,0,0,0,0,0,0,0,0,0,0,0,0,0,0,0,0,0,0,0
2021A00055949807,8,164,0.0714,0,0,0,0,0,0,0,0,0,0,0,0,0,0,0,0,0,0,0,0,0,0
2021A00055949810,0,0,1.4333,0,0,0,0,0,0,0,0,0,0,0,0,0,0,0,0,0,0,0,0,0,0
2021A00055949811,0,0,1.2648,0,0,0,0,0,0,0,0,0,0,0,0,0,0,0,0,0,0,0,0,0,0
2021A00055949812,6,126,10.4789,0,0,0,0,0,0,0,0,0,0,0,0,0,0,0,0,0,0,0,0,0,0
2021A00055949813,6,174,12.3069,0,0,0,0,0,0,0,0,0,0,0,0,0,0,0,0,0,0,0,0,0,0
2021A00055949814,4,88,10.98,0,0,0,0,0,0,0,0,0,0,0,0,0,0,0,0,0,0,0,0,0,0
2021A00055949815,4,88,5.0112,0,0,0,0,0,0,0,0,0,0,0,0,0,0,0,0,0,0,0,0,0,0
2021A00055949816,0,0,17.6239,0,0,0,0,0,0,0,0,0,0,0,0,0,0,0,0,0,0,0,0,0,0
2021A00055949817,6,341,5.7307,0,0,0,0,0,0,0,0,0,0,0,0,0,0,0,0,0,0,0,0,0,0
2021A00055949818,3,73,4.3981,0,0,0,0,0,0,0,0,0,0,0,0,0,0,0,0,0,0,0,0,0,0
2021A00055949819,5,19,1.1381,0,0,0,0,0,0,0,0,0,0,0,0,0,0,0,0,0,0,2,6,2,6
2021A00055949820,0,0,2.2288,0,0,0,0,0,0,0,0,0,0,0,0,0,0,0,0,0,0,0,0,0,0
2021A00055949832,3,97,0.5813,0,0,0,0,0,0,0,0,0,0,0,0,0,0,0,0,0,0,0,0,0,0
2021A00055949843,0,0,0.3101,0,0,0,0,0,0,0,0,0,0,0,0,0,0,0,0,0,0,0,0,0,0
2021A00055949844,1,35,4.7367,0,0,0,0,0,0,0,0,0,0,0,0,0,0,0,0,0,0,0,0,0,0
2021A00055949845,0,0,1.0541,0,0,0,0,0,0,0,0,0,0,0,0,0,0,0,0,0,0,0,0,0,0
2021A00055949846,0,0,1.5452,0,0,0,0,0,0,0,0,0,0,0,0,0,0,0,0,0,0,0,0,0,0
2021A00055949847,4,96,0.4914,0,0,0,0,0,0,0,0,0,0,0,0,0,0,0,0,0,0,0,0,0,0
2021A00055951007,288,3941,53.9276,1,5,1,26,2,36,1,26,0,0,1,26,0,0,4,187,12,216,25,321,25,321
2021A00055951009,0,0,4.0645,0,0,0,0,0,0,0,0,0,0,0,0,0,0,0,0,0,0,0,0,0,0
2021A00055951013,0,0,23.4524,0,0,0,0,0,0,0,0,0,0,0,0,0,0,0,0,0,0,0,0,0,0
2021A00055951015,0,0,25527.9887,0,0,0,0,0,0,0,0,0,0,0,0,0,0,0,0,0,0,0,0,0,0
2021A00055951017,17,139,4389.7479,0,0,0,0,0,0,0,0,0,0,0,0,0,0,1,3,2,4,2,4,2,4
2021A00055951019,77,838,5386.2588,0,0,1,1,1,1,0,0,0,0,0,0,0,0,3,269,8,283,15,335,15,335
2021A00055951022,90,2465,6.5402,0,0,1,2,0,0,0,0,0,0,0,0,0,0,1,27,2,28,4,34,4,34
2021A00055951028,52,464,3624.7225,0,0,0,0,1,21,0,0,0,0,0,0,0,0,2,78,5,82,7,87,7,87
2021A00055951031,109,1205,15856.1082,0,0,0,0,1,5,0,0,0,0,0,0,0,0,2,118,4,122,7,129,7,129
2021A00055951032,2,38,39.8477,0,0,0,0,0,0,0,0,0,0,0,0,0,0,0,0,0,0,0,0,0,0
2021A00055951034,166,2644,72.8761,0,0,1,7,2,22,0,0,0,0,1,1,0,0,8,442,11,446,18,464,19,465
2021A00055951038,62,594,7.0363,0,0,0,0,0,0,0,0,0,0,0,0,0,0,0,0,1,2,7,20,7,20
2021A00055951043,424,6380,15.259,1,5,2,13,3,20,0,0,0,0,0,0,1,5,5,318,7,324,19,386,19,386
2021A00055951051,237,2732,3674.4277,0,0,0,0,0,0,0,0,0,0,0,0,0,0,0,0,3,7,16,53,16,53
2021A00055951053,13,99,14417.3803,0,0,0,0,0,0,0,0,0,0,0,0,0,0,0,0,1,1,2,3,2,3
2021A00055951801,0,0,1.9939,0,0,0,0,0,0,0,0,0,0,0,0,0,0,0,0,0,0,0,0,0,0
2021A00055951802,0,0,5.0663,0,0,0,0,0,0,0,0,0,0,0,0,0,0,0,0,0,0,0,0,0,0
2021A00055951803,9,79,3.0892,0,0,0,0,0,0,0,0,0,0,0,0,0,0,0,0,1,2,1,2,1,2
2021A00055951804,0,0,1.0016,0,0,0,0,0,0,0,0,0,0,0,0,0,0,0,0,0,0,0,0,0,0
2021A00055951805,0,0,4.634,0,0,0,0,0,0,0,0,0,0,0,0,0,0,0,0,0,0,0,0,0,0
2021A00055951806,0,0,2.3885,0,0,0,0,0,0,0,0,0,0,0,0,0,0,0,0,0,0,0,0,0,0
2021A00055951807,41,730,8.3101,0,0,1,3,1,3,1,3,0,0,1,3,0,0,1,263,2,266,5,273,5,273
2021A00055951809,6,118,26.3698,0,0,0,0,0,0,0,0,0,0,0,0,0,0,0,0,0,0,0,0,0,0
2021A00055951810,0,0,8.9817,0,0,0,0,0,0,0,0,0,0,0,0,0,0,0,0,0,0,0,0,0,0
2021A00055951811,0,0,0.7247,0,0,0,0,0,0,0,0,0,0,0,0,0,0,0,0,0,0,0,0,0,0
2021A00055951813,0,0,2.4374,0,0,0,0,0,0,0,0,0,0,0,0,0,0,0,0,0,0,0,0,0,0
2021A00055951814,0,0,5.4422,0,0,0,0,0,0,0,0,0,0,0,0,0,0,0,0,0,0,0,0,0,0
2021A00055951815,0,0,0.5555,0,0,0,0,0,0,0,0,0,0,0,0,0,0,0,0,0,0,0,0,0,0
2021A00055951818,4,48,10.8075,0,0,0,0,0,0,0,0,0,0,0,0,0,0,0,0,0,0,0,0,0,0
2021A00055951819,0,0,0.5697,0,0,0,0,0,0,0,0,0,0,0,0,0,0,0,0,0,0,0,0,0,0
2021A00055951820,0,0,0.734,0,0,0,0,0,0,0,0,0,0,0,0,0,0,0,0,0,0,0,0,0,0
2021A00055951821,0,0,0.6663,0,0,0,0,0,0,0,0,0,0,0,0,0,0,0,0,0,0,0,0,0,0
2021A00055951822,0,0,1.3794,0,0,0,0,0,0,0,0,0,0,0,0,0,0,0,0,0,0,0,0,0,0
2021A00055951823,0,0,0.6726,0,0,0,0,0,0,0,0,0,0,0,0,0,0,0,0,0,0,0,0,0,0
2021A00055951824,0,0,0.6256,0,0,0,0,0,0,0,0,0,0,0,0,0,0,0,0,0,0,0,0,0,0
2021A00055951825,0,0,0.4522,0,0,0,0,0,0,0,0,0,0,0,0,0,0,0,0,0,0,0,0,0,0
2021A00055951826,0,0,0.3756,0,0,0,0,0,0,0,0,0,0,0,0,0,0,0,0,0,0,0,0,0,0
2021A00055951827,0,0,0.146,0,0,0,0,0,0,0,0,0,0,0,0,0,0,0,0,0,0,0,0,0,0
2021A00055951828,0,0,1.8218,0,0,0,0,0,0,0,0,0,0,0,0,0,0,0,0,0,0,0,0,0,0
2021A00055951829,0,0,0.4845,0,0,0,0,0,0,0,0,0,0,0,0,0,0,0,0,0,0,0,0,0,0
2021A00055951830,0,0,1.4153,0,0,0,0,0,0,0,0,0,0,0,0,0,0,0,0,0,0,0,0,0,0
2021A00055951831,0,0,2.802,0,0,0,0,0,0,0,0,0,0,0,0,0,0,0,0,0,0,0,0,0,0
2021A00055951832,0,0,0.7471,0,0,0,0,0,0,0,0,0,0,0,0,0,0,0,0,0,0,0,0,0,0
2021A00055951833,0,0,0.7006,0,0,0,0,0,0,0,0,0,0,0,0,0,0,0,0,0,0,0,0,0,0
2021A00055951840,0,0,0.6788,0,0,0,0,0,0,0,0,0,0,0,0,0,0,0,0,0,0,0,0,0,0
2021A00055951844,0,0,0.2193,0,0,0,0,0,0,0,0,0,0,0,0,0,0,0,0,0,0,0,0,0,0
2021A00055951845,0,0,1.8156,0,0,0,0,0,0,0,0,0,0,0,0,0,0,0,0,0,0,0,0,0,0
2021A00055951846,0,0,3.9981,0,0,0,0,0,0,0,0,0,0,0,0,0,0,0,0,0,0,0,0,0,0
2021A00055951847,0,0,0.0248,0,0,0,0,0,0,0,0,0,0,0,0,0,0,0,0,0,0,0,0,0,0
2021A00055951848,2,6,0.9797,0,0,0,0,0,0,0,0,0,0,0,0,0,0,0,0,0,0,1,3,1,3
2021A00055951849,0,0,0.4754,0,0,0,0,0,0,0,0,0,0,0,0,0,0,0,0,0,0,0,0,0,0
2021A00055953007,94,734,5.1629,0,0,1,6,1,5,0,0,0,0,0,0,0,0,1,5,3,10,5,20,5,20
2021A00055953012,75,928,4.6166,0,0,0,0,1,5,0,0,0,0,0,0,0,0,1,5,1,5,5,13,5,13
2021A00055953019,9,63,14926.7328,0,0,0,0,0,0,0,0,0,0,0,0,0,0,0,0,1,1,3,5,3,5
2021A00055953023,2825,49709,316.7408,8,56,23,305,25,300,8,92,0,0,20,236,2,19,11,747,25,985,99,1934,106,2007
2021A00055953033,104,1962,154.1856,0,0,0,0,0,0,0,0,0,0,1,18,0,0,3,341,5,348,9,378,9,378
2021A00055953038,101,531,1371.7853,0,0,0,0,0,0,0,0,0,0,0,0,0,0,0,0,3,4,7,13,7,13
2021A00055953042,114,849,2802.3279,0,0,0,0,0,0,0,0,0,0,1,2,0,0,0,0,1,1,8,15,8,15
2021A00055953044,120,1035,667.6134,1,15,1,15,2,18,0,0,0,0,1,1,0,0,1,113,3,119,12,162,12,162
2021A00055953046,11,69,614.2031,0,0,0,0,0,0,0,0,0,0,0,0,0,0,0,0,0,0,0,0,0,0
2021A00055953048,19,201,12487.289,0,0,0,0,0,0,0,0,0,0,0,0,0,0,0,0,1,1,2,3,2,3
2021A00055953050,2,357,17214.5966,0,0,0,0,0,0,0,0,0,0,0,0,0,0,1,263,1,263,1,263,1,263
2021A00055953801,0,0,5.234,0,0,0,0,0,0,0,0,0,0,0,0,0,0,0,0,0,0,0,0,0,0
2021A00055953802,4,88,10.2313,0,0,0,0,0,0,0,0,0,0,0,0,0,0,0,0,0,0,0,0,0,0
2021A00055955003,56,1776,1557.4142,0,0,0,0,0,0,0,0,0,0,2,24,0,0,0,0,0,0,0,0,2,24
2021A00055955005,70,546,2.0577,0,0,1,3,1,3,1,3,0,0,2,4,0,0,0,0,0,0,6,14,6,14
2021A00055955010,176,2777,63.5491,0,0,0,0,1,10,0,0,0,0,2,9,0,0,4,390,4,390,11,413,11,413
2021A00055955014,847,12308,26.7247,0,0,1,7,1,7,0,0,0,0,11,107,0,0,1,263,2,268,33,454,33,454
2021A00055955021,63,333,11688.0134,0,0,0,0,0,0,0,0,0,0,3,8,0,0,0,0,1,1,16,28,16,28
2021A00055955023,29,247,16336.9057,0,0,0,0,0,0,0,0,0,0,0,0,0,0,0,0,1,1,5,11,5,11
2021A00055955025,46,362,826.6963,0,0,0,0,0,0,0,0,0,0,0,0,0,0,0,0,1,1,4,7,4,7
2021A00055955030,59,492,16.9208,0,0,1,3,1,3,1,3,0,0,1,3,0,0,0,0,2,4,7,47,7,47
2021A00055955034,1502,23000,32.6746,1,6,4,17,6,52,1,6,0,0,18,229,0,0,4,137,5,138,47,691,49,729
2021A00055955040,240,1691,85959.7938,0,0,3,13,4,48,1,3,0,0,8,80,0,0,0,0,4,14,30,97,33,142
2021A00055955042,248,1894,568.1374,0,0,2,5,3,21,1,3,0,0,5,24,0,0,0,0,1,11,18,46,20,64
2021A00055955801,3,160,31.0826,0,0,0,0,0,0,0,0,0,0,0,0,0,0,0,0,0,0,0,0,0,0
2021A00055955802,2,225,19.0853,0,0,0,0,0,0,0,0,0,0,0,0,0,0,0,0,0,0,0,0,0,0
2021A00055955803,0,0,13.1292,0,0,0,0,0,0,0,0,0,0,0,0,0,0,0,0,0,0,0,0,0,0
2021A00055955804,0,0,11.3521,0,0,0,0,0,0,0,0,0,0,0,0,0,0,0,0,0,0,0,0,0,0
2021A00055955807,2,10,3.6167,0,0,0,0,0,0,0,0,0,0,0,0,0,0,0,0,0,0,0,0,0,0
2021A00055955808,0,0,40.2668,0,0,0,0,0,0,0,0,0,0,0,0,0,0,0,0,0,0,0,0,0,0
2021A00055955812,2,50,5.5604,0,0,0,0,0,0,0,0,0,0,0,0,0,0,0,0,0,0,0,0,0,0
2021A00055955840,0,0,9.4942,0,0,0,0,0,0,0,0,0,0,0,0,0,0,0,0,0,0,0,0,0,0
2021A00055955850,0,0,4.2687,0,0,0,0,0,0,0,0,0,0,0,0,0,0,0,0,0,0,0,0,0,0
2021A00055957022,18,234,118395.8868,0,0,0,0,0,0,0,0,0,0,0,0,0,0,0,0,0,0,0,0,0,0
2021A00055957802,0,0,0.0266,0,0,0,0,0,0,0,0,0,0,0,0,0,0,0,0,0,0,0,0,0,0
2021A00055957803,0,0,7.8598,0,0,0,0,0,0,0,0,0,0,0,0,0,0,0,0,0,0,0,0,0,0
2021A00055957804,2,22,0.4691,0,0,0,0,0,0,0,0,0,0,0,0,0,0,0,0,0,0,0,0,0,0
2021A00055957813,5,131,0.1506,0,0,0,0,0,0,0,0,0,0,0,0,0,0,0,0,0,0,0,0,0,0
2021A00055957814,0,0,2.8828,0,0,0,0,0,0,0,0,0,0,0,0,0,0,0,0,0,0,0,0,0,0
2021A00055957820,0,0,1.4821,0,0,0,0,0,0,0,0,0,0,0,0,0,0,0,0,0,0,0,0,0,0
2021A00055959007,245,3994,84759.3073,0,0,0,0,0,0,0,0,0,0,1,6,0,0,1,3,1,3,8,470,8,470
2021A00055959805,0,0,0.1287,0,0,0,0,0,0,0,0,0,0,0,0,0,0,0,0,0,0,0,0,0,0
2021A00055959806,3,13,95.5757,0,0,0,0,0,0,0,0,0,0,0,0,0,0,0,0,0,0,0,0,0,0
2021A00055959809,0,0,0.0825,0,0,0,0,0,0,0,0,0,0,0,0,0,0,0,0,0,0,0,0,0,0
2021A00055959810,0,0,3.7905,0,0,0,0,0,0,0,0,0,0,0,0,0,0,0,0,0,0,0,0,0,0
2021A00056001003,47,680,109.7659,0,0,0,0,0,0,0,0,0,0,0,0,0,0,0,0,0,0,1,8,1,8
2021A00056001004,8,116,199.8869,0,0,0,0,0,0,0,0,0,0,0,0,0,0,0,0,0,0,0,0,0,0
2021A00056001006,0,0,3.7741,0,0,0,0,0,0,0,0,0,0,0,0,0,0,0,0,0,0,0,0,0,0
2021A00056001007,0,0,1.1738,0,0,0,0,0,0,0,0,0,0,0,0,0,0,0,0,0,0,0,0,0,0
2021A00056001008,0,0,0.5774,0,0,0,0,0,0,0,0,0,0,0,0,0,0,0,0,0,0,0,0,0,0
2021A00056001009,1421,20162,413.9359,1,2,3,12,0,0,0,0,0,0,12,372,0,0,1,29,1,29,23,430,23,430
2021A00056001010,0,0,1.174,0,0,0,0,0,0,0,0,0,0,0,0,0,0,0,0,0,0,0,0,0,0
2021A00056001012,13,538,36.8718,0,0,0,0,0,0,0,0,0,0,0,0,0,0,0,0,0,0,0,0,0,0
2021A00056001018,33,622,34.3039,0,0,0,0,0,0,0,0,0,0,0,0,0,0,0,0,0,0,0,0,0,0
2021A00056001019,0,0,33.4516,0,0,0,0,0,0,0,0,0,0,0,0,0,0,0,0,0,0,0,0,0,0
2021A00056001022,18,345,0.982,0,0,0,0,0,0,0,0,0,0,2,6,0,0,0,0,0,0,2,6,2,6
2021A00056001029,136,1791,30.9054,0,0,0,0,0,0,0,0,0,0,20,230,0,0,0,0,0,0,20,230,20,230
2021A00056001031,0,0,8.5001,0,0,0,0,0,0,0,0,0,0,0,0,0,0,0,0,0,0,0,0,0,0
2021A00056001032,0,0,5.5596,0,0,0,0,0,0,0,0,0,0,0,0,0,0,0,0,0,0,0,0,0,0
2021A00056001036,11,41,45.258,0,0,0,0,0,0,0,0,0,0,0,0,0,0,0,0,0,0,0,0,0,0
2021A00056001037,8,160,20.4808,0,0,0,0,0,0,0,0,0,0,0,0,0,0,0,0,0,0,0,0,0,0
2021A00056001038,0,0,4.8168,0,0,0,0,0,0,0,0,0,0,0,0,0,0,0,0,0,0,0,0,0,0
2021A00056001039,0,0,30.4418,0,0,0,0,0,0,0,0,0,0,0,0,0,0,0,0,0,0,0,0,0,0
2021A00056001041,10,421,32.2768,0,0,0,0,0,0,0,0,0,0,0,0,0,0,0,0,0,0,0,0,0,0
2021A00056001042,9,103,26.6607,0,0,0,0,0,0,0,0,0,0,0,0,0,0,0,0,0,0,0,0,0,0
2021A00056001043,7,224,13.5097,0,0,0,0,0,0,0,0,0,0,0,0,0,0,0,0,0,0,0,0,0,0
2021A00056001044,0,0,159.2286,0,0,0,0,0,0,0,0,0,0,0,0,0,0,0,0,0,0,0,0,0,0
2021A00056001045,1,150,445269.8101,0,0,0,0,0,0,0,0,0,0,0,0,0,0,0,0,0,0,0,0,0,0
2021A00056001046,0,0,22.8773,0,0,0,0,0,0,0,0,0,0,0,0,0,0,0,0,0,0,0,0,0,0
2021A00056001047,15,272,21.9758,0,0,0,0,0,0,0,0,0,0,0,0,0,0,0,0,0,0,0,0,0,0
2021A00056001048,13,318,15.5613,0,0,0,0,0,0,0,0,0,0,0,0,0,0,0,0,0,0,0,0,0,0
2021A00056001049,11,276,13.9003,0,0,0,0,0,0,0,0,0,0,0,0,0,0,0,0,0,0,0,0,0,0
2021A00056001050,0,0,28.6789,0,0,0,0,0,0,0,0,0,0,0,0,0,0,0,0,0,0,0,0,0,0
2021A00056001052,0,0,53.884,0,0,0,0,0,0,0,0,0,0,0,0,0,0,0,0,0,0,0,0,0,0
2021A00056001055,1,3,207.1282,0,0,0,0,0,0,0,0,0,0,0,0,0,0,0,0,0,0,0,0,0,0
2021A00056001057,0,0,25.9349,0,0,0,0,0,0,0,0,0,0,0,0,0,0,0,0,0,0,0,0,0,0
2021A00056001058,0,0,817.1125,0,0,0,0,0,0,0,0,0,0,0,0,0,0,0,0,0,0,0,0,0,0
2021A00056001059,1,35,1834.2781,0,0,0,0,0,0,0,0,0,0,0,0,0,0,0,0,0,0,0,0,0,0
2021A00056001060,0,0,5032.3511,0,0,0,0,0,0,0,0,0,0,0,0,0,0,0,0,0,0,0,0,0,0
2021A00056001065,0,0,17788.407,0,0,0,0,0,0,0,0,0,0,0,0,0,0,0,0,0,0,0,0,0,0
2021A00056101010,10,138,47.8945,0,0,0,0,0,0,0,0,0,0,0,0,0,0,0,0,0,0,0,0,0,0
2021A00056101014,8,148,63.5834,0,0,0,0,0,0,0,0,0,0,0,0,0,0,0,0,0,0,0,0,0,0
2021A00056101015,15,261,53.8286,0,0,0,0,0,0,0,0,0,0,0,0,0,0,0,0,0,0,0,0,0,0
2021A00056101017,99,2410,62.6847,0,0,0,0,0,0,0,0,0,0,0,0,0,0,0,0,0,0,0,0,0,0
2021A00056101025,17,235,12.2912,0,0,0,0,0,0,0,0,0,0,0,0,0,0,0,0,0,0,0,0,0,0
2021A00056101036,21,335,12.6569,0,0,0,0,0,0,0,0,0,0,0,0,0,0,0,0,0,0,0,0,0,0
2021A00056101041,7,97,272.2209,0,0,0,0,0,0,0,0,0,0,0,0,0,0,0,0,0,0,0,0,0,0
2021A00056101063,0,0,356369.2587,0,0,0,0,0,0,0,0,0,0,0,0,0,0,0,0,0,0,0,0,0,0
2021A00056101095,11,217,120.7109,0,0,0,0,0,0,0,0,0,0,0,0,0,0,0,0,0,0,0,0,0,0
2021A00056102003,14,381,79.3881,0,0,0,0,0,0,0,0,0,0,0,0,0,0,0,0,0,0,0,0,0,0
2021A00056102005,25,395,52.2791,0,0,0,0,0,0,0,0,0,0,0,0,0,0,0,0,0,0,0,0,0,0
2021A00056102007,37,595,82.0912,0,0,0,0,0,0,0,0,0,0,0,0,0,0,0,0,0,0,0,0,0,0
2021A00056102009,18,346,47.249,0,0,0,0,0,0,0,0,0,0,0,0,0,0,0,0,0,0,0,0,0,0
2021A00056102012,6,190,126.1412,0,0,0,0,0,0,0,0,0,0,0,0,0,0,0,0,0,0,0,0,0,0
2021A00056102063,0,0,217909.7928,0,0,0,0,0,0,0,0,0,0,0,0,0,0,0,0,0,0,0,0,0,0
2021A00056103031,12,786,74.9589,0,0,0,0,0,0,0,0,0,0,0,0,0,0,0,0,0,0,0,0,0,0
2021A00056103034,3,97,58.3306,0,0,0,0,0,0,0,0,0,0,0,0,0,0,0,0,0,0,0,0,0,0
2021A00056103049,4,60,9.0426,0,0,0,0,0,0,0,0,0,0,0,0,0,0,0,0,0,0,0,0,0,0
2021A00056103052,0,0,14.7139,0,0,0,0,0,0,0,0,0,0,0,0,0,0,0,0,0,0,0,0,0,0
2021A00056103097,0,0,24639.9039,0,0,0,0,0,0,0,0,0,0,0,0,0,0,0,0,0,0,0,0,0,0
2021A00056104005,3,33,95.1432,0,0,0,0,0,0,0,0,0,0,0,0,0,0,0,0,0,0,0,0,0,0
2021A00056104006,1,35,118.0091,0,0,0,0,0,0,0,0,0,0,0,0,0,0,0,0,0,0,0,0,0,0
2021A00056104009,13,231,67.6131,0,0,0,0,0,0,0,0,0,0,0,0,0,0,0,0,0,0,0,0,0,0
2021A00056104010,0,0,79.423,0,0,0,0,0,0,0,0,0,0,0,0,0,0,0,0,0,0,0,0,0,0
2021A00056104013,0,0,37.5008,0,0,0,0,0,0,0,0,0,0,0,0,0,0,0,0,0,0,0,0,0,0
2021A00056104014,20,352,255.494,0,0,0,0,0,0,0,0,0,0,0,0,0,0,0,0,0,0,1,1,1,1
2021A00056104017,0,0,134.0044,0,0,0,0,0,0,0,0,0,0,0,0,0,0,0,0,0,0,0,0,0,0
2021A00056104038,43,665,77.885,0,0,0,0,0,0,0,0,0,0,0,0,0,0,0,0,0,0,0,0,0,0
2021A00056104044,3,73,53.9342,0,0,0,0,0,0,0,0,0,0,0,0,0,0,0,0,0,0,0,0,0,0
2021A00056104097,0,0,192346.4652,0,0,0,0,0,0,0,0,0,0,0,0,0,0,0,0,0,0,0,0,0,0
2021A00056105001,63,1527,91.2147,0,0,0,0,0,0,0,0,0,0,0,0,0,0,0,0,0,0,1,2,1,2
2021A00056105003,8,72,305.578,0,0,0,0,0,0,0,0,0,0,0,0,0,0,0,0,0,0,0,0,0,0
2021A00056105004,0,0,0.3494,0,0,0,0,0,0,0,0,0,0,0,0,0,0,0,0,0,0,0,0,0,0
2021A00056105016,146,2420,122.3976,0,0,0,0,0,0,0,0,0,0,0,0,0,0,0,0,0,0,0,0,0,0
2021A00056105018,11,153,452.8689,0,0,0,0,0,0,0,0,0,0,0,0,0,0,0,0,0,0,0,0,0,0
2021A00056105020,5,123,42.9646,0,0,0,0,0,0,0,0,0,0,0,0,0,0,0,0,0,0,0,0,0,0
2021A00056105026,0,0,20.9971,0,0,0,0,0,0,0,0,0,0,0,0,0,0,0,0,0,0,0,0,0,0
2021A00056105097,0,0,151099.552,0,0,0,0,0,0,0,0,0,0,0,0,0,0,0,0,0,0,0,0,0,0
2021A00056106021,0,0,1.1168,0,0,0,0,0,0,0,0,0,0,0,0,0,0,0,0,0,0,0,0,0,0
2021A00056106023,813,18280,103.3723,0,0,0,0,0,0,0,0,0,0,2,13,0,0,0,0,0,0,2,13,2,13
2021A00056106097,0,0,182097.013,0,0,0,0,0,0,0,0,0,0,0,0,0,0,0,0,0,0,0,0,0,0
2021A00056204001,7,141,109.6769,0,0,0,0,0,0,0,0,0,0,0,0,0,0,0,0,0,0,0,0,0,0
2021A00056204003,304,6292,51.5805,0,0,0,0,0,0,0,0,0,0,0,0,0,0,0,0,0,0,3,490,3,490
2021A00056204005,11,253,2.3038,0,0,0,0,0,0,0,0,0,0,0,0,0,0,0,0,0,0,0,0,0,0
2021A00056204007,13,279,9.8875,0,0,0,0,0,0,0,0,0,0,0,0,0,0,0,0,0,0,0,0,0,0
2021A00056204009,13,315,7.9779,0,0,0,0,0,0,0,0,0,0,0,0,0,0,0,0,0,0,1,35,1,35
2021A00056204010,8,196,130.8044,0,0,0,0,0,0,0,0,0,0,0,0,0,0,0,0,0,0,1,35,1,35
2021A00056204011,9,211,16.3635,0,0,0,0,0,0,0,0,0,0,0,0,0,0,0,0,0,0,0,0,0,0
2021A00056204012,12,391,104.8608,0,0,0,0,0,0,0,0,0,0,0,0,0,0,0,0,0,0,0,0,0,0
2021A00056204015,9,267,103.3775,0,0,0,0,0,0,0,0,0,0,0,0,0,0,0,0,0,0,0,0,0,0
2021A00056204018,12,244,245.159,0,0,0,0,0,0,0,0,0,0,0,0,0,0,0,0,0,0,0,0,0,0
2021A00056204019,1,3,165.4902,0,0,0,0,0,0,0,0,0,0,0,0,0,0,0,0,0,0,0,0,0,0
2021A00056204020,18,366,170.8263,0,0,0,0,0,0,0,0,0,0,0,0,0,0,0,0,0,0,0,0,0,0
2021A00056204022,9,127,115.016,0,0,0,0,0,0,0,0,0,0,0,0,0,0,0,0,0,0,0,0,0,0
2021A00056204025,6,405,332.9037,0,0,0,0,0,0,0,0,0,0,0,0,0,0,0,0,0,0,0,0,0,0
2021A00056204030,0,0,968988.3833,0,0,0,0,0,0,0,0,0,0,0,0,0,0,0,0,0,0,0,0,0,0
2021A00056205014,11,360,126.3904,0,0,0,0,0,0,0,0,0,0,0,0,0,0,0,0,0,0,0,0,0,0
2021A00056205015,22,625,126.1413,0,0,0,0,0,0,0,0,0,0,0,0,0,0,0,0,0,0,0,0,0,0
2021A00056205016,6,118,273.8941,0,0,0,0,0,0,0,0,0,0,0,0,0,0,0,0,0,0,0,0,0,0
2021A00056205017,64,2235,20.0328,0,0,0,0,0,0,0,0,0,0,1,490,0,0,0,0,0,0,2,505,2,505
2021A00056205019,10,214,139.4933,0,0,0,0,0,0,0,0,0,0,0,0,0,0,0,0,0,0,0,0,0,0
2021A00056205023,21,1496,179.5396,0,0,0,0,0,0,0,0,0,0,1,490,0,0,0,0,0,0,1,490,1,490
2021A00056205027,7,241,406.1928,0,0,0,0,0,0,0,0,0,0,0,0,0,0,0,0,0,0,0,0,0,0
2021A00056205033,0,0,433059.477,0,0,0,0,0,0,0,0,0,0,0,0,0,0,0,0,0,0,0,0,0,0
2021A00056208047,8,295,5.0588,0,0,0,0,0,0,0,0,0,0,0,0,0,0,0,0,0,0,0,0,0,0
2021A00056208059,11,356,538.9922,0,0,0,0,0,0,0,0,0,0,0,0,0,0,0,0,0,0,0,0,0,0
2021A00056208065,0,0,13.8444,0,0,0,0,0,0,0,0,0,0,0,0,0,0,0,0,0,0,0,0,0,0
2021A00056208068,0,0,99.945,0,0,0,0,0,0,0,0,0,0,0,0,0,0,0,0,0,0,0,0,0,0
2021A00056208073,44,967,195.7789,0,0,0,0,0,0,0,0,0,0,0,0,0,0,0,0,0,0,1,15,1,15
2021A00056208081,13,414,28.5462,0,0,0,0,0,0,0,0,0,0,0,0,0,0,0,0,0,0,0,0,0,0
2021A00056208087,11,265,35.3819,0,0,0,0,0,0,0,0,0,0,0,0,0,0,0,0,0,0,0,0,0,0
2021A00056208098,0,0,431190.4566,0,0,0,0,0,0,0,0,0,0,0,0,0,0,0,0,0,0,0,0,0,0
